24772000000	10232500000	24738800000	23987000000	10929700000	8915400000	20927900000	8448670000	11439900000	16892000000	11246000000	19095200000	11838000000	14953400000	13877500000	21139900000	9728130000	6998520000	17508800000	24207600000	9391410000	19388000000	18283800000	11395800000	17973200000
8525960000	9428480000	11559900000	10765500000	7517570000	8915400000	8849300000	8448670000	9009380000	13027900000	11246000000	2193990000	2969890000	4138320000	7340060000	17211000000	4752270000	6998520000	7601370000	10855200000	9391410000	10340800000	9889180000	4879220000	8225390000
7354600000	9428480000	8650730000	8467610000	5674570000	5382290000	8363240000	6685520000	9009380000	8584410000	7744860000	2193990000	2969890000	4138320000	4775230000	9054840000	4065980000	3847230000	6901900000	6906510000	8798750000	9424270000	8319510000	1452770000	6205080000
3175110000	5431930000	4088520000	4834770000	4546160000	3731290000	1913970000	4592800000	3508730000	5501480000	4759550000	2193990000	2969890000	3289790000	2982190000	9054840000	4065980000	3847230000	4827610000	6906510000	3090540000	8406370000	7137320000	1452770000	4934080000
2117280000	2952250000	1179280000	4834770000	3838060000	2290750000	1913970000	1359760000	3508730000	4621580000	1196690000	2073760000	2969890000	3289790000	2592990000	4016320000	2752560000	3847230000	3620280000	4765900000	3090540000	6799660000	4981780000	1452770000	3031960000
1646120000	1962360000	1098180000	2635990000	3061740000	1339500000	1913970000	1359760000	2477740000	1530020000	1196690000	2073760000	2969890000	1308790000	2592990000	4016320000	2752560000	3051130000	3129740000	4607960000	2717880000	3857620000	3170440000	1452770000	3031960000
1646120000	1962360000	1098180000	2214040000	2684950000	1287100000	1913970000	1359760000	2113860000	1530020000	1196690000	1746380000	1772860000	1308790000	714414000	3952670000	2250680000	2779090000	2226430000	2084270000	2384910000	3620800000	3170440000	1452770000	2781320000
1646120000	1826220000	1098180000	684699000	614065000	1287100000	1092690000	1359760000	1881300000	1530020000	1196690000	1746380000	1772860000	1308790000	714414000	1667720000	2250680000	1605630000	1808430000	1838400000	2053070000	2874880000	2920400000	1452770000	2028880000
1071900000	514438000	1047130000	684699000	614065000	1172860000	1092690000	1359760000	1881300000	1530020000	1196690000	850633000	1772860000	1308790000	714414000	908414000	1604360000	518471000	923118000	1063060000	1663770000	1696300000	1375930000	1254280000	469191000
1071900000	514438000	1047130000	684699000	614065000	1172860000	1056130000	1359760000	1490610000	1530020000	826370000	850633000	890638000	1308790000	714414000	908414000	1604360000	518471000	923118000	1063060000	755536000	1132120000	1266980000	1175240000	469191000
937984000	514438000	784585000	684699000	614065000	799920000	934086000	1359760000	753602000	1119590000	418595000	850633000	677565000	861822000	714414000	908414000	1326870000	518471000	923118000	904350000	687082000	934228000	963532000	682365000	469191000
524320000	514438000	524659000	684699000	614065000	799920000	616563000	1032470000	615605000	527205000	418595000	470042000	677565000	472276000	710664000	908414000	1126440000	518471000	923118000	904350000	563052000	747248000	872689000	672058000	469191000
392338000	412700000	524659000	462780000	614065000	240524000	616563000	749049000	341583000	527205000	418595000	368579000	677565000	446393000	394245000	653389000	541228000	518471000	715871000	569091000	563052000	623043000	665484000	230539000	469191000
392338000	412700000	524659000	314318000	283934000	240524000	401271000	556167000	334659000	527205000	418595000	368579000	404357000	438927000	307372000	358665000	411111000	487181000	453926000	461149000	364643000	604614000	364939000	230539000	469191000
392338000	74442500	279250000	311428000	283934000	240524000	222442000	455021000	228201000	527205000	418595000	348050000	274479000	438927000	307372000	358665000	411111000	256604000	339060000	389828000	364643000	477142000	308861000	230539000	469191000
274735000	74442500	279250000	283547000	267724000	240524000	222442000	350672000	228201000	474382000	278694000	252147000	274479000	438927000	307372000	358665000	283556000	256604000	339060000	389828000	364643000	355225000	308861000	230539000	451481000
274735000	74442500	199397000	212375000	203650000	240524000	135328000	323056000	225281000	474382000	278694000	252147000	274479000	249464000	307372000	302604000	283556000	191602000	339060000	173284000	305428000	355225000	106269000	212786000	218297000
172553000	74442500	199397000	211269000	203650000	240524000	58161600	85814300	80327200	264326000	236499000	66708500	183948000	249464000	163479000	210105000	77744200	118294000	167808000	173284000	197172000	236677000	106269000	212786000	162240000
172553000	74442500	157519000	195202000	203650000	240524000	58161600	85814300	80327200	181218000	236499000	66708500	100976000	173351000	137642000	179687000	77744200	69262100	167808000	173284000	61342500	172523000	106269000	112971000	162240000
98395000	74442500	157519000	133582000	125545000	213812000	58161600	85814300	80327200	181218000	136599000	66708500	100976000	146181000	137642000	130413000	77744200	69262100	156832000	167465000	61342500	148005000	106269000	112971000	136311000
98395000	58051700	110527000	111365000	95070600	145986000	58161600	85814300	80327200	147830000	136599000	66708500	100976000	146181000	86025600	64279000	77744200	69262100	144920000	99024900	61342500	148005000	64532800	87606000	110718000
49246500	58051700	110527000	101039000	73693000	62063800	58161600	49059800	58540700	147830000	45188200	66708500	46481200	101679000	70744900	64279000	66654900	69262100	144439000	99024900	61342500	107400000	64532800	72498300	99083800
49246500	41213600	90159700	82977300	51684600	18495800	30741900	49059800	44114300	110644000	45188200	55950700	46481200	55310700	70744900	32915400	42668400	69262100	106478000	50254000	61342500	107118000	55511200	54513800	99083800
49246500	41213600	90159700	33396000	18673000	18495800	30741900	49059800	40245900	58916900	45188200	35181500	46481200	42985900	56064300	32915400	42668400	52054100	76110800	50254000	38792400	63993900	55511200	37972100	81938300
31917500	31219600	49243600	33396000	18673000	18495800	30741900	49059800	23987000	58916900	29020700	26253000	46481200	42985900	41495100	32915400	42668400	27815400	55882900	43081000	38792400	59206400	55511200	15331400	61843200
31917500	16207500	49243600	33396000	18673000	18495800	28886900	49059800	23987000	44881300	29020700	26253000	22748900	42985900	36530500	22425000	28434400	27815400	51544700	37650900	17820400	56980100	38308600	15331400	59326000
24171000	16207500	42574500	20428000	18673000	18495800	25577500	49059800	16030100	37581600	29020700	24568100	22748900	22753100	36530500	22425000	28344500	27815400	49472500	37650900	17820400	35525900	38308600	15331400	44288900
24171000	16207500	35930400	20428000	18673000	18495800	18599500	21535600	16030100	31136700	15501000	24568100	22748900	22753100	22160700	22425000	21083400	27815400	15228000	15982700	17820400	35525900	29847000	15331400	36025700
10717200	16207500	22920200	20428000	9236530	18495800	18599500	15016500	10419800	24829000	15501000	12656800	15452000	22753100	22160700	18462600	21083400	24783800	15228000	15982700	17820400	26815900	20380700	15331400	27524800
10717200	10555700	19409200	20428000	5409970	15248800	18599500	10401700	10419800	9525840	15501000	12656800	14430700	13539400	19262100	18462600	14190600	22169900	15228000	15982700	16769300	18874500	20051800	15331400	9814160
10717200	10555700	15540500	20428000	5409970	14311400	8609370	10401700	6370530	9525840	13751200	12656800	14430700	13539400	13303700	8318340	13452100	15908900	15228000	15982700	16769300	16661700	12018000	14428600	9814160
10717200	5611130	15540500	7561500	5409970	14311400	8609370	10103400	6370530	9525840	13751200	9039820	13736900	8909360	8567290	8318340	8510650	14285500	15228000	8328840	16769300	16661700	12018000	11640900	9814160
10717200	5611130	8095910	7561500	5409970	12987500	8609370	10103400	5218800	6903610	11763300	6665330	6787290	8909360	7086040	5577250	8510650	10751800	15228000	4881170	7054160	8371310	10811100	11640900	5239220
8369120	5018780	8095910	7561500	5409970	5034710	8559770	10103400	5218800	4635790	5598670	6665330	3030660	5739920	5753440	5577250	8510650	7726010	10828200	4881170	7054160	8371310	10811100	8703730	5239220
8369120	5018780	8095910	6263670	5409970	5034710	3324140	9174960	4866780	4635790	5598670	6665330	3030660	4589920	5753440	5577250	8388170	7726010	5011640	4881170	5313630	7706910	4881590	6301930	5232830
7995930	4067290	4866690	1943050	4686420	5034710	3324140	6359130	2480260	4635790	3291280	6665330	3030660	4130220	5753440	5472270	3989610	4278070	5011640	4752210	5313630	6200620	1890470	5208510	5232830
4739620	4067290	4866690	1943050	4686420	2994800	3324140	5757540	2179680	4635790	3291280	3046850	3030660	4130220	3008810	5472270	3989610	4278070	4677490	4752210	5313630	6200620	1890470	4478270	4999250
4251730	2950160	4866690	1943050	4591710	2994800	2926360	3046040	2179680	4444850	3291280	3031640	2780050	1212550	3008810	2529900	3989610	4278070	4225160	1223030	5313630	4492750	1884790	3198390	3157680
4251730	1649210	4852710	1943050	4325570	2994800	2574950	3046040	2064500	4444850	3291280	2310370	2780050	1212550	3008810	2529900	3745580	4278070	2951490	1223030	4043680	3194390	1884790	2818630	3157680
1883340	1649210	3044570	1943050	2232320	2994800	2574950	3046040	1511620	2912830	3278140	2310370	1220700	1141380	1113120	1929640	2157610	2841600	2951490	1223030	3092250	2620930	758758	2704560	2381370
1883340	1649210	2184570	1870580	1856790	1466090	874444	3046040	1511620	1921390	3278140	1615100	1220700	1141380	1113120	1929640	2157610	1872430	1939350	1223030	2907690	2473770	758758	2150200	2381370
1576160	738184	2184570	1427270	891349	1466090	874444	2053680	1331120	1543530	1803360	1615100	1220700	1141380	1049980	1929640	2157610	1717070	1649290	1223030	1269520	2473770	758758	1266290	1812370
1576160	738184	1758910	1427270	891349	1303730	874444	1881220	1118340	724397	1045970	1016470	1136520	1060390	1049980	1745150	2157610	1717070	1649290	1223030	1269520	1866060	758758	1198240	1378500
1340080	606110	1261040	1176600	891349	1303730	763570	1497030	819474	724397	1045970	1016470	486001	582709	1026270	1392540	1072960	1195100	961415	1223030	1269520	1141850	758758	1016780	984813
803760	250561	532445	836994	891349	1303730	763570	938259	518915	724397	1045970	979463	486001	582709	972175	1081320	1072960	814183	961415	916205	1053180	1141850	514266	891105	694419
803760	250561	532445	682710	891349	1146540	763570	938259	484426	525499	524095	979463	486001	533090	417480	1081320	1072960	464341	590740	735401	1053180	1141850	514266	576268	694419
506978	250561	465361	543516	286334	1031880	639753	825862	484426	525499	494732	258833	486001	533090	270267	1007520	915528	464341	586749	715194	1053180	791703	514266	576268	621995
428052	250561	465361	249250	286334	471578	552261	457469	347469	525499	494732	258833	347124	448216	270267	624260	671720	464341	586749	347934	799049	791703	514266	526551	426861
428052	250561	465361	249250	286334	413901	405357	457469	347469	410770	301301	258833	347124	407087	270267	467563	504214	464341	578952	347934	508137	159595	408763	526551	426861
428052	250561	450262	249250	286334	413901	218061	457469	286657	383432	301301	258833	347124	361656	270267	339592	504214	464341	347258	347934	508137	159595	408763	373583	312719
328976	223879	450262	249250	286334	413901	218061	457469	286657	383432	289461	131318	331509	361656	270267	276452	483930	193230	347258	288731	508137	159595	204744	373583	312719
301091	223879	450262	249250	264951	275426	218061	263291	157689	293776	233072	131318	226607	246914	234658	276452	383542	193230	347258	279912	381301	159595	204744	336543	312719
158337	223879	422536	249250	264951	275426	218061	222991	157689	121888	230664	131318	169626	215970	234658	276452	290307	193230	273700	202074	381301	159595	204744	202450	305159
158337	186184	392421	247814	240018	275426	218061	222991	50954.6	121888	222450	56981.4	169626	215970	171018	180668	287592	172076	273700	202074	165359	159595	204744	202450	204954
158337	186184	300267	247814	131108	186524	130991	222991	50954.6	121888	222450	56981.4	42915	183064	156790	180668	221143	172076	273700	157452	165359	159595	103051	159385	204954
158337	146253	148076	243055	131108	109369	82653.8	203595	50954.6	116693	185924	56981.4	42915	122676	139651	180668	143953	163472	185653	95160.2	165359	102829	103051	146044	183981
158337	118310	80085.1	154545	131108	109369	82653.8	203595	50954.6	103222	109616	56981.4	42915	122676	119105	67090	143953	134731	135014	70242.2	131607	102829	103051	146044	69073.1
127380	77101.9	80085.1	131412	131108	100954	78894.5	191188	50954.6	103222	109616	56981.4	42915	91300.4	112667	67090	122736	108479	135014	70242.2	131607	100169	93488.8	96479.4	69073.1
121146	68613.5	80085.1	111490	87081.5	100954	78199.5	154410	46293.1	103222	109616	56981.4	42915	76538.6	101561	67090	122736	108479	124484	70242.2	97312.6	100169	82730.9	95901.3	69073.1
103253	65566.8	80085.1	75863.2	87081.5	91349.3	65243.2	61641.5	46293.1	72130	109616	36767.7	42915	66322.3	71587.6	67090	96022.6	94209.3	115392	70242.2	97312.6	100169	82730.9	95901.3	69073.1
98914.4	65566.8	72925.6	75863.2	87081.5	90159.4	48950.5	61641.5	40210.6	72130	65895.2	36767.7	42915	66322.3	71587.6	55813.2	83803.8	76043.9	80918.8	58228.9	61416.2	65672.9	59008.8	60478.7	69073.1
73785	45391.9	64751.8	31386.5	71769	87713	48950.5	61641.5	40210.6	72130	65895.2	36767.7	42915	66322.3	71587.6	55813.2	83385.8	76043.9	75455.7	55441.3	61416.2	65672.9	59008.8	60478.7	69073.1
61300.6	34628.1	60776.5	31386.5	64132.4	69070.8	41075.9	61641.5	29022.2	55123.7	48086.7	33275.7	42915	57251.9	40941.7	55813.2	78893.6	63055.2	65240.4	43846.5	61416.2	65672.9	44097.5	26734	62701.4
35862.9	34628.1	42120	31386.5	60193.5	53470.8	30691.9	60464.3	20901.9	51208.1	48086.7	33275.7	41108	52601	40941.7	55813.2	51532.3	41930.5	65240.4	30750.2	50682.6	65672.9	44097.5	26734	47935.3
35862.9	15680.5	42120	31386.5	42538.4	48328.6	30691.9	60464.3	20901.9	51184.2	48086.7	32404.6	25205.5	33368.5	29996.3	55813.2	51532.3	26201.9	34277.7	30750.2	50682.6	44719.4	36058.2	26734	47935.3
35862.9	15680.5	35791.7	31386.5	42538.4	42718.5	22043.8	42257.3	20647.5	37320.6	48086.7	32404.6	25138.7	33368.5	29192.9	55813.2	35812.9	26201.9	34277.7	30277.1	43851.7	38883.8	36058.2	26734	32797.1
35862.9	15680.5	21669.4	31386.5	36389	28349.4	22043.8	42257.3	20647.5	37320.6	46390	20731	25138.7	28308.5	14728.5	47635.9	35812.9	26201.9	34277.7	30277.1	31297.3	38095.3	36058.2	26734	26144.8
32952.8	15680.5	21669.4	31386.5	32512.1	20134.8	17792	42257.3	20538.5	22846.9	15942	20731	25110.9	28308.5	14728.5	32444.1	35812.9	26201.9	34277.7	17828.3	31297.3	16488.7	26369.1	26734	26144.8
32952.8	15680.5	21669.4	30582	18619.5	20134.8	17792	39803.3	18240	22152.4	15942	20731	12654.3	24393.4	14728.5	32273	29343.4	26201.9	25324	17828.3	21096.7	16488.7	22251.3	18091.6	24275.5
30084.5	15220.5	21664.9	30408.9	18619.5	20134.8	17792	19360.6	16781.3	22152.4	15942	17456.6	11483	15825.9	14728.5	18120.4	29343.4	23626.6	25324	12170.7	19593.6	16488.7	17314.3	18091.6	24275.5
29944.7	15220.5	19662.3	20518.3	18619.5	17376.8	14325.3	11904	14534	16416.4	15942	14454.9	11483	15825.9	14728.5	18120.4	25979.9	23626.6	23402.2	12170.7	15364.6	16488.7	17314.3	16749.1	24275.5
18018.3	13359.5	16000.1	19282	18619.5	17376.8	14325.3	11904	7632.89	16416.4	15942	14454.9	11483	14147.9	14504.5	18120.4	17830	23626.6	23402.2	6504.58	15364.6	16486.6	13225.9	14368.6	24275.5
14874.3	7730.47	16000.1	19282	18619.5	17376.8	12682	11904	7632.89	16416.4	15942	14454.9	8213.09	11685.3	14504.5	18120.4	17830	19485.6	23402.2	6504.58	15364.6	16486.6	13225.9	14368.6	22436.2
14874.3	7730.47	12064.6	13468.6	17053.6	12707.2	12682	11904	7632.89	16416.4	15942	12228.4	8213.09	9129.59	11081.2	18120.4	17830	10953.2	18531.7	6504.58	15364.6	15974.3	13225.9	12118.3	15980.1
14874.3	7730.47	10914	10147.5	10769.3	11674	12319.2	11904	7632.89	16416.4	14449.5	9657.52	8213.09	9129.59	11081.2	15672.3	17830	10953.2	15636.7	6504.58	14600.2	15974.3	13225.9	12118.3	6656.19
11211.4	7730.47	10914	10147.5	10769.3	11674	8632.49	11904	7632.89	16416.4	9729.67	9657.52	8213.09	9129.59	10844	15672.3	14161.5	10953.2	15636.7	6504.58	14600.2	14382.6	12146.6	9271.35	6656.19
11211.4	7730.47	10571.3	10147.5	10769.3	11095.7	8352.09	11904	7632.89	13325.8	9729.67	9657.52	8213.09	9129.59	10844	15141.9	8908.26	10953.2	12639.6	6504.58	11221.6	14382.6	8012.64	9044.03	6656.19
11211.4	7658.87	10571.3	10147.5	10297	11095.7	8352.09	11904	7316.74	11098.3	9729.67	7648.22	5517.86	8280.37	7986.01	15141.9	8908.26	10953.2	12639.6	6504.58	11221.6	10289.7	8012.64	9044.03	6656.19
9376.89	7658.87	8809.46	10147.5	9101.52	10463.5	8352.09	10932.5	7316.74	8480.75	9729.67	7648.22	5517.86	5888.12	6878.39	13702.1	8908.26	10953.2	9211.26	6504.58	5552.71	10289.7	6656.34	9044.03	6656.19
8622	5685.9	6830.84	10147.5	9073.71	10053.5	6092.94	9191.23	4897.03	8480.75	8434.8	5676.83	5517.86	5888.12	6878.39	8830.84	8908.26	8641.39	9211.26	6504.58	5552.71	10053.1	6656.34	7781.91	6656.19
7420.19	5685.9	6830.84	8303.5	9073.71	10053.5	6092.94	9191.23	4897.03	8480.75	8303.37	5676.83	5120.7	5888.12	6878.39	6511.94	8908.26	6010.88	8378.3	6504.58	5552.71	6502.35	6602.23	7781.91	6656.19
4580.99	5685.9	6175.16	6470.52	9073.71	8383.17	5643.23	5448.03	4897.03	8480.75	7752.2	5676.83	5120.7	5888.12	6856.21	6511.94	8908.26	5595.43	8028.97	4605.03	5552.71	6502.35	6602.23	7154.24	6630.56
4580.99	5685.9	5396.95	5309.85	5405.04	6332.45	4563.76	5448.03	4897.03	7923.19	6989.09	5206.53	5120.7	5578.91	6856.21	6511.94	8908.26	5092.04	6855.08	4492.37	5552.71	6502.35	6602.23	6247.67	6630.56
4580.99	5179.9	5396.95	5309.85	5405.04	6332.45	4544.49	5448.03	4897.03	5964.59	5713.66	4850.74	4191.56	4797.84	5718.45	6511.94	6544.02	5092.04	6855.08	4492.37	5552.71	6241.55	6602.23	6247.67	6630.56
4580.99	4588.13	5396.95	5309.85	5405.04	4857.05	3329.66	5448.03	4897.03	5718.9	2724.91	4850.74	3337.12	3672.41	4179.25	6511.94	6025.25	5092.04	6855.08	4492.37	5552.71	4785.99	6342.53	5324.73	6163.71
4580.99	3937.01	5396.95	4575.04	5323.41	4857.05	3329.66	5081.38	4564.03	4524.93	2724.91	4833.76	3337.12	3398.87	4179.25	6511.94	6025.25	3620.38	5031.93	4492.37	4552.51	4526.57	6342.53	4659.74	6100.36
4580.99	3903.09	5392.68	4575.04	5323.41	4273.43	3196.63	5081.38	4564.03	4524.93	2724.91	4584.2	3337.12	3398.87	2539.22	5044	5697.5	3620.38	5031.93	3347.65	4184.4	4526.57	4793.45	4659.74	5951.02
3389.78	3416.51	5087.85	4575.04	5323.41	4273.43	3016.39	5081.38	3538.57	4524.93	2724.91	3150.27	3337.12	3398.87	2539.22	4924.7	5697.5	3620.38	5031.93	3347.65	4184.4	4526.57	3717.99	3746.3	5951.02
3389.78	3416.51	4650.47	4575.04	5323.41	4273.43	2572.4	4704.69	3538.57	3183.22	2724.91	2187.91	3337.12	2991.45	2539.22	4108.36	5589.55	3620.38	4737.64	2448.94	4184.4	4526.57	3708.56	3746.3	3515.15
2910.03	2863.49	2926.24	4458.68	4620.26	4098.6	2393.7	4387.54	3070.57	2883.8	2724.91	2187.91	3337.12	2658.72	2539.22	4108.36	5027.06	3620.38	4063.66	2448.94	3470.87	3840.36	3438.65	3746.3	3515.15
2252.78	2072.24	2419.73	4458.68	4518.42	4023.11	2393.7	2636.11	2792.77	2883.8	2724.91	2187.91	3337.12	2658.72	2539.22	3126.83	3904.21	3512.19	4063.66	2321.21	3470.87	3262.33	3438.65	3746.3	3515.15
2252.78	2072.24	2419.73	4458.68	4518.42	3748.11	2186.07	2636.11	2792.77	2583.89	2724.91	2187.91	3337.12	2658.72	2539.22	2968.61	3270.39	2926.75	3825.26	2180.9	3470.87	2975.29	3400.58	3746.3	3515.15
2252.78	2072.24	2419.73	4150.39	3559.8	2754.44	2186.07	2482.45	1907.96	2583.89	2724.91	2187.91	2429.95	2519.63	2539.22	2968.61	3270.39	2926.75	3371.46	2180.9	3127.83	2760.62	3400.58	3099.16	3515.15
2252.78	2072.24	2419.73	3395.87	3405	2644.66	1889.44	2482.45	1826.82	2583.89	2717.51	1802.28	2429.95	2519.63	2400.18	2538.22	3270.39	2926.75	3371.46	1732.76	3127.83	2760.62	2737.84	3049.59	2749.61
1813.41	1782.88	2419.73	3395.87	2940.61	2644.66	1889.44	2482.45	1826.82	2583.89	2573.72	1802.28	2429.95	2519.63	2400.18	2472.62	3004.18	2280.34	2762.29	1732.76	3127.83	2205.66	2658.74	3049.59	2749.61
1813.41	1461.79	2419.73	2774.84	2467.1	2535.83	1726.42	2482.45	1646.91	2583.89	2451.19	1802.28	2294.84	1956.19	2250.16	2472.62	3004.18	2280.34	2762.29	1732.76	3127.83	1751.15	2284.32	2177.71	2488.97
1813.41	1461.79	1758.83	2774.84	2467.1	2535.83	1356.84	2482.45	1646.91	2583.89	1964.24	1796.34	2134.87	1956.19	1683.97	2406.31	2701.61	2280.34	2590.92	1716.26	2577.43	1751.15	2284.32	2177.71	2488.97
1796.96	1461.79	1758.83	2764.75	2467.1	1904.34	1326.44	2207.32	1646.91	1914.49	1964.24	1796.34	1719.27	1956.19	1683.97	2206.98	2088.14	2280.34	2561.63	1716.26	2402.28	1751.15	2284.32	1818.69	2015.93
1796.96	1461.79	1758.83	2303.19	2418.46	1761.01	1323.85	1868.45	1646.91	1914.49	1432.62	1478.54	1719.27	1747.2	1531.3	1934.26	2088.14	2150.33	1918.63	1684.32	2371.79	1677.72	2050.68	1818.69	2015.93
1796.96	1461.79	1758.83	2190.97	2310.71	1761.01	1323.85	1868.45	1401.63	1554.6	1432.62	1478.54	1714.68	1229.84	1531.3	1891.64	1689.65	2149.44	1918.63	1547.93	2321.84	1677.72	2024.28	1818.69	2015.93
1671.13	1433.52	1459.38	2190.97	2310.71	1737.05	1268.11	1868.45	1401.63	1554.6	1432.62	1276.28	1714.68	1025.81	1531.3	1891.64	1689.65	2107.14	1328.38	1031.65	1927.65	1677.72	1759.6	1818.69	1943.55
1264.66	1377.4	1437.76	2091.24	1601.24	1737.05	1124.02	1868.45	1012.54	1554.6	1432.62	1276.28	1396.8	1025.81	1531.3	1891.64	1632.82	1926.27	1328.38	1031.65	1757.3	1677.72	1759.6	1672.11	1943.55
1264.66	950.683	1437.76	2017.72	1293.59	1737.05	1124.02	1787	1012.54	1255.35	1432.62	1173.43	1396.8	1025.81	1072.96	1891.64	1404.11	1926.27	1328.38	1031.65	1459.4	1376.06	1718.97	1672.11	1847.53
1264.66	950.683	1437.76	1618.36	1293.59	1275.46	1033.93	1588.69	1012.54	1255.35	1432.62	884.314	1324.5	995.001	1072.96	1610.09	1404.11	1627.55	1328.38	1031.65	1459.4	1302.66	1718.97	1672.11	1359.13
1264.66	950.683	1389.3	1618.36	1293.59	1275.46	1033.93	1588.69	1012.54	1255.35	1402.09	884.314	1062.91	995.001	1072.96	1403.04	1265.1	1627.55	1198.25	1006.99	1411.6	1292.46	1507.48	1292.95	1338.18
1109.47	950.683	1129.26	1618.36	1293.59	1275.46	1033.93	1128.17	1012.54	1208.5	1402.09	884.314	1062.91	995.001	1072.96	1350.48	1161.48	1627.55	1198.25	948.383	1121.21	1292.46	1398.63	1292.95	1325.38
1109.47	918.631	930.463	1618.36	1293.59	1275.46	864.265	1128.17	978.938	1063.82	1400.38	884.314	935.589	995.001	1072.96	1347.5	1101.9	1627.55	1198.25	839.925	1121.21	1292.46	1328.02	1292.95	1325.38
1109.47	918.631	656.406	1476.24	1293.59	970.849	864.265	911.453	922.58	1047.08	1323.94	741.533	935.589	995.001	1036.01	1003.9	977.75	1283.13	1198.25	839.925	1121.21	1292.46	1183.33	1230.91	1078.63
989.051	918.631	656.406	1455.64	1224.98	970.849	864.265	911.453	922.58	832.169	1242.61	741.533	935.589	821.239	1036.01	1003.9	894.175	1283.13	1035.1	699.643	1120.29	924.219	1113.72	722.726	1078.63
989.051	918.631	656.406	1059.03	1028.56	970.849	852.638	911.453	858.659	832.169	1054.68	741.533	935.589	790.341	1036.01	1003.9	894.175	1234.63	1035.1	699.643	1120.29	924.219	1113.72	722.726	1078.63
989.051	792.795	656.406	1059.03	1028.56	892.127	821.629	911.453	771.122	832.169	885.371	741.533	765.564	790.341	1013.89	917.558	894.175	1234.63	694.955	684.06	1120.29	924.219	1036.37	722.726	944.503
989.051	533.919	656.406	1059.03	1028.56	758.15	730.66	911.453	737.403	832.169	885.371	709.918	765.564	781.813	689.672	917.558	894.175	1150.12	694.955	617.377	1113.73	924.219	890.029	722.726	944.503
705.556	533.919	656.406	726.191	945.204	758.15	591.451	768.916	631.962	832.169	885.371	709.918	765.564	749.611	689.672	737.159	798.151	1059.2	694.955	505.218	957.767	924.219	830.73	722.726	944.503
705.556	533.919	656.406	726.191	945.204	758.15	591.451	768.916	631.962	832.169	803.015	631.333	651.611	749.611	689.672	737.159	750.514	1059.2	694.955	505.218	910.159	841.654	790.23	722.726	944.503
649.127	533.919	656.406	726.191	945.204	758.15	591.451	768.916	631.962	708.06	665.53	618.834	651.611	730.172	689.672	737.159	750.514	982.628	694.955	505.218	849.082	841.654	694.036	722.726	732.416
636.425	475.409	561.503	569.012	945.204	719.976	522.196	648.87	474.181	708.06	665.53	589.123	512.412	619.927	689.672	722.793	633.95	982.628	694.955	505.218	727.543	751.793	594.401	722.726	732.416
618.648	475.409	561.503	569.012	719.123	715.987	522.196	648.87	474.181	597.146	665.53	578.007	512.412	619.927	611.812	701.845	633.95	865.502	657.813	505.218	727.543	669.397	557.37	722.726	732.416
499.205	475.409	561.503	569.012	719.123	652.838	522.196	623.527	474.181	597.146	665.53	578.007	512.412	619.927	611.812	701.845	633.95	853.243	657.813	422.256	727.543	626.904	557.37	704.981	714.657
499.205	449.96	510.294	569.012	719.123	652.838	482.648	623.527	459.217	597.146	579.491	510.437	511.088	619.927	611.812	622.096	546.392	700.238	657.813	395.002	612.441	498.965	524.72	516.113	711.967
499.205	449.96	507.055	569.012	684.426	652.838	452.848	623.527	430.005	597.146	543.329	495.791	433.533	451.61	566.398	565.899	546.392	700.238	593.312	366.742	612.441	498.965	524.72	516.113	582.416
489.582	441.346	507.055	567.11	684.426	652.838	452.848	623.527	430.005	527.363	543.329	380.41	433.533	428.092	472.007	534.124	546.392	700.238	569.17	366.742	580.157	466.723	524.72	516.113	526.29
462.048	342.864	485.734	567.11	684.426	569.049	430.704	623.527	423.396	512.951	543.329	380.41	317.864	428.092	472.007	534.124	544.567	572.883	495.01	366.742	580.157	466.723	474.87	516.113	526.29
422.161	342.864	439.275	553.515	659.439	569.049	430.704	623.527	423.396	512.951	516.955	380.41	317.864	347.5	472.007	534.124	513.787	523.584	439.132	366.742	495.566	466.723	474.87	516.113	509.213
422.161	342.864	439.275	553.515	578.497	510.109	430.704	530.803	331.809	490.624	482.854	380.41	317.864	347.5	413.816	382.655	513.787	416.207	439.132	366.742	495.566	466.723	359.146	516.113	509.213
422.161	342.864	387.653	553.515	516.464	429.033	413.054	485.322	331.809	490.409	472.019	270.766	317.864	347.5	413.816	382.655	435.037	416.207	439.132	366.742	495.566	466.723	359.146	415.882	439.692
378.901	342.864	387.653	553.515	507.546	396.698	413.054	485.322	331.809	436.445	432.499	270.766	317.864	347.5	413.816	382.655	424.298	416.207	439.132	366.742	495.566	466.723	359.146	415.882	439.692
377.978	342.864	380.307	530.468	462.458	396.698	340.588	467.992	331.809	425.483	368.816	270.766	317.864	347.5	380.35	382.655	424.298	416.207	408.195	352.012	407.19	450.323	318.545	415.882	439.692
356.845	342.864	380.307	392.042	462.458	396.698	340.588	419.499	299.727	425.483	368.816	270.766	317.864	347.5	380.35	361.919	424.298	416.207	360.174	343.349	407.19	420.949	313.452	415.882	439.692
356.845	301.757	380.307	392.042	443.173	360.202	340.588	405.659	299.727	410.704	362.586	270.766	317.864	342.346	380.35	361.919	419.339	416.207	360.174	337.337	407.19	420.949	313.452	404.048	326.508
327.771	301.757	380.307	392.042	427.842	360.202	306.169	380.445	296.008	410.704	331.623	270.766	295.554	309.761	360.076	361.919	366.602	416.207	360.174	337.337	377.333	414.374	313.452	404.048	326.508
327.771	301.757	380.307	392.042	409.622	360.202	306.169	380.445	296.008	346.494	331.623	270.766	274.817	309.761	349.16	351.329	302.779	416.207	248.491	276.445	373.493	265.185	306.46	338.91	326.508
292.059	278.762	363.859	392.042	370.067	360.202	284.932	380.445	296.008	309.593	331.623	270.766	274.817	246.116	349.16	312.846	302.779	406.369	248.491	276.445	373.493	265.185	306.46	338.91	326.508
291.365	278.762	344.016	392.042	370.067	326.099	284.932	380.445	275.628	309.593	309.702	270.766	215.945	246.116	272.286	280.786	302.779	406.369	248.491	256.093	355.179	265.185	270.911	338.91	326.508
252.249	236.119	311.92	377.048	335.858	326.099	269.065	340.534	275.628	309.593	309.702	255.587	215.945	246.116	272.286	273.427	302.779	406.369	248.491	256.093	355.179	265.185	270.911	335.628	326.508
252.249	236.119	267.107	370.481	335.858	321.673	269.065	340.534	275.628	309.593	309.702	255.587	215.945	246.116	272.286	263.875	285.527	404.051	248.491	256.093	306.165	265.185	270.911	335.628	326.508
252.249	236.119	267.107	359.903	335.858	282.429	269.065	274.381	270.79	301.213	301.996	255.587	215.945	246.116	264.17	263.875	285.527	392.478	248.491	229.048	306.165	265.185	268.327	291.281	321.673
248.666	236.119	267.107	304.757	335.858	276.145	269.065	274.381	247.606	269.793	279.147	255.587	215.945	228.461	264.17	238.696	285.527	380.04	248.491	229.048	301.146	265.185	251.414	291.281	311.1
248.666	203.747	267.107	304.757	294.533	261.405	233.019	274.381	241.135	269.793	269.022	251.405	215.945	228.461	264.17	238.696	276.028	343.419	248.491	229.048	278.19	265.185	251.414	291.281	256.541
204.571	203.747	267.107	304.757	294.533	261.405	233.019	273.906	238.35	269.793	266.358	210.792	215.945	228.461	241.516	238.696	276.028	305.117	248.491	217.016	278.19	265.185	251.414	291.281	256.541
204.571	203.747	267.107	304.757	294.533	261.405	229.462	265.129	238.35	263.686	237.618	210.792	215.945	228.461	241.516	238.696	259.006	305.117	248.491	217.016	265.351	242.159	235.174	291.281	236.774
200.362	203.747	267.107	304.757	294.533	200.528	229.462	265.129	232.139	263.686	237.618	210.792	215.945	211.422	219.833	238.696	228.28	290.593	234.146	217.016	265.351	242.159	231.652	291.281	236.774
200.362	203.747	203.107	304.757	265.909	200.528	215.67	265.129	229.539	263.686	237.618	210.792	215.945	211.422	219.833	238.696	228.28	290.593	234.146	217.016	252.85	242.159	231.652	274.43	229.812
200.362	180.046	203.107	269.511	265.909	200.528	215.67	246.228	188.674	241.386	222.994	210.792	215.945	211.422	219.833	238.696	228.28	290.593	228.294	217.016	252.85	209.33	193.048	232.228	229.812
195.08	180.046	203.107	269.511	257.142	200.528	214.846	246.228	188.674	241.386	208.878	199.544	215.945	211.422	190.149	183.937	203.085	240.545	224.801	210.163	252.85	209.33	193.048	232.228	213.715
178.279	180.046	203.107	269.511	237.343	200.528	206.329	246.228	188.674	241.386	199.542	199.544	213.032	176.247	190.149	183.937	203.085	240.545	191.743	210.163	225.411	209.33	193.048	172.218	213.715
178.279	180.046	203.107	269.511	237.343	200.528	195.491	246.228	188.674	221.653	183.283	199.544	196.134	176.247	183.876	183.937	203.085	240.545	191.743	197.416	225.411	209.33	193.048	172.218	197.035
178.279	180.046	203.107	261.526	233.086	200.528	195.491	246.228	184.965	221.653	183.283	198.117	184.246	176.247	183.876	183.937	201.892	240.545	191.743	197.416	225.411	209.33	193.048	172.218	197.035
153.751	180.046	179.489	259.722	233.086	195.076	187.829	240.812	184.965	173.092	183.283	172.077	184.246	163.012	183.876	183.937	191.354	236.631	176.027	184.627	207.451	149.298	188.043	172.218	197.035
153.751	172.938	179.489	259.722	209.67	173.333	187.829	230.016	184.965	173.092	182.401	172.077	166.834	151.742	183.876	183.937	191.354	232.292	176.027	184.627	199.053	149.298	188.043	172.218	197.035
153.751	172.938	179.489	225.71	209.67	173.333	187.773	230.016	184.965	173.092	182.401	158.889	166.834	151.742	183.876	183.937	183.647	222.027	176.027	171.661	199.053	149.298	173.333	172.218	170.176
153.751	145.822	179.489	221.177	198.956	173.333	187.773	201.912	174.85	173.092	182.401	158.889	166.834	151.742	150.82	183.937	183.647	222.027	173.091	171.661	199.053	149.298	158.493	172.218	170.176
153.751	145.822	144.11	212.848	198.956	173.333	185.984	201.912	170.615	173.092	163.868	158.889	166.834	149.228	150.82	183.937	173.388	222.027	173.091	142.698	196.018	149.298	157.236	172.218	170.176
150.136	145.822	144.11	202.21	198.956	158.081	175.342	201.912	170.615	173.092	160.016	158.889	165.853	149.228	150.82	172.603	173.388	199.964	173.091	142.698	178.361	149.298	157.236	172.218	170.176
150.136	116.451	144.11	202.21	175.586	158.081	175.342	170.903	170.615	173.092	160.016	145.057	159.593	149.228	142.353	168.884	173.388	199.964	173.091	142.698	178.361	149.298	157.236	172.218	170.176
150.136	116.451	144.11	202.21	175.586	158.081	154.926	170.903	155.715	173.092	160.016	142.809	159.593	149.228	142.353	153.358	168.199	199.964	173.091	142.698	148.063	149.298	151.87	172.218	170.176
150.136	116.451	144.11	202.21	175.586	148.811	154.926	170.903	141.334	169.306	158.881	142.809	159.593	149.228	142.353	153.358	168.199	193.376	156.985	142.698	148.063	149.298	146.191	172.218	170.176
150.136	116.451	143.34	202.21	175.586	148.811	154.926	170.903	141.334	144.391	156.939	142.809	159.593	126.168	142.353	153.358	168.199	174.056	156.985	142.698	148.063	149.298	142.181	172.218	165.307
150.136	116.451	143.34	201.435	170.364	142.871	138.465	170.903	141.334	144.391	156.939	142.809	147.826	126.168	142.353	138.113	168.199	172.327	152.938	142.698	148.063	149.298	142.181	172.218	165.307
147.238	116.451	143.34	149.874	170.364	142.871	138.465	170.903	141.334	128.428	156.939	142.809	147.826	126.168	142.353	138.113	168.199	163.554	152.938	142.698	148.063	149.298	142.181	172.218	165.307
135.87	116.451	142.955	149.874	167.57	142.871	138.465	170.903	134.383	128.428	156.939	139.981	143.281	126.168	142.353	138.113	141.918	163.554	147.676	142.698	148.063	149.298	142.181	172.218	162.003
135.87	116.451	142.955	149.874	162.222	142.871	138.465	170.903	134.383	128.428	150.83	129.553	143.281	126.168	124.246	138.113	141.918	163.554	147.676	142.698	146.129	149.298	139.687	170.582	155.873
135.87	116.451	142.955	149.874	162.222	142.871	138.465	167.419	114.915	128.428	144.324	129.553	143.281	126.168	124.246	129.687	141.918	152.426	122.884	142.698	146.129	149.298	139.687	163.033	155.873
135.87	116.451	142.955	132.828	162.222	142.871	122.438	145.986	114.915	128.428	137.148	129.553	141.859	114.672	112.268	122.643	141.918	152.426	122.884	142.698	146.129	149.298	138.759	152.948	151.153
135.87	116.451	142.955	132.828	162.222	142.871	122.438	145.986	114.915	128.428	137.148	127.854	141.859	114.672	112.268	122.643	141.773	152.426	122.884	142.698	146.129	135.77	132.1	144.149	151.153
124.443	116.451	140.165	132.828	154.978	139.019	122.438	145.986	114.915	128.428	137.148	127.854	141.859	114.672	112.268	122.643	141.773	152.426	122.884	142.698	146.129	135.77	132.1	144.149	139.53
124.443	116.451	117.898	132.828	100.319	139.019	121.336	128.324	114.915	128.428	134.817	122.745	135.108	114.672	112.268	122.643	141.773	152.426	122.884	133.469	125.405	135.77	120.7	144.149	139.53
113.775	116.451	117.898	132.828	100.319	139.019	121.336	128.324	114.915	128.428	134.817	122.745	135.108	114.672	112.268	111.931	130.681	150.622	122.884	133.469	125.405	122.776	120.7	125.409	112.848
113.775	113.836	117.898	132.828	100.319	136.484	121.336	128.324	114.915	128.428	134.817	122.745	123.396	113.577	112.268	111.931	115.975	150.622	122.884	133.469	125.405	122.776	120.7	125.409	112.848
113.775	113.836	100.08	132.828	100.319	136.484	121.336	128.324	114.915	116.617	134.817	122.745	123.396	113.577	112.268	111.931	115.975	146.884	122.884	107.642	125.405	122.776	120.7	125.409	112.848
113.775	113.836	100.08	132.828	100.319	136.484	121.336	128.324	114.915	116.617	134.817	122.745	123.396	113.577	112.268	111.931	115.975	127.981	118.128	107.642	125.405	122.084	120.7	125.409	112.848
113.775	113.836	100.08	132.828	100.319	136.484	121.336	128.324	114.915	116.617	110.072	122.745	123.396	113.577	112.268	111.931	115.975	127.981	118.128	107.642	125.405	112.007	120.7	125.409	112.848
113.775	113.836	100.08	132.828	100.319	125.834	120.753	128.324	114.915	116.617	110.072	122.745	123.396	113.577	112.268	111.931	115.975	127.981	108.757	107.642	125.405	112.007	120.7	102.761	112.848
113.775	113.836	100.08	132.828	100.319	125.834	92.0308	125.352	114.915	116.617	110.072	122.745	123.396	113.015	112.268	111.931	115.975	127.981	108.757	107.642	125.405	112.007	120.7	102.761	110.807
113.775	113.836	100.08	132.828	100.319	125.834	92.0308	125.352	114.915	98.6032	110.072	122.745	123.396	113.015	100.378	111.931	115.975	127.981	108.757	107.642	122.699	112.007	112.075	102.761	109.397
113.775	113.836	100.08	132.828	100.319	125.834	92.0308	121.765	114.915	98.6032	110.072	119.979	123.396	110.111	100.378	111.931	108.263	124.228	108.757	107.642	122.699	112.007	112.075	102.761	109.397
113.775	113.836	100.08	132.828	100.319	98.4455	92.0308	121.765	114.915	98.6032	110.072	119.979	123.396	110.111	100.378	98.8557	108.263	124.228	108.757	107.642	122.699	112.007	101.273	99.8126	109.397
112.049	106.314	100.08	119.331	100.319	98.4455	92.0308	121.765	114.915	98.6032	110.072	112.815	121.773	89.908	100.378	98.8557	108.263	114.184	108.757	107.642	112.155	112.007	76.2227	99.8126	83.5596
94.5554	106.314	100.08	97.2685	100.319	98.4455	92.0308	121.765	114.915	98.6032	110.072	112.815	121.773	89.908	100.378	98.8557	108.263	114.184	108.757	107.642	112.155	112.007	76.2227	99.8126	83.5596
94.5554	106.314	100.08	97.2685	100.319	98.4455	92.0308	114.061	111.123	98.6032	110.072	112.815	121.773	89.908	100.378	98.8557	96.0458	104.058	108.757	107.642	111.319	112.007	76.2227	99.8126	83.5596
94.5554	106.314	100.08	97.2685	100.319	98.4455	92.0308	114.061	107.783	98.6032	110.072	112.815	111.685	89.908	100.378	98.8557	96.0458	104.058	108.757	107.642	111.319	112.007	76.2227	99.8126	83.5596
94.5554	106.314	100.08	97.2685	100.319	98.4455	75.8273	92.9678	107.783	98.6032	110.072	101.125	111.685	89.908	100.378	98.8557	96.0458	104.058	108.182	107.642	111.319	112.007	75.7286	99.8126	83.5596
94.5554	106.314	87.5992	97.2685	100.319	98.4455	75.8273	92.9678	107.783	98.6032	110.072	101.125	111.685	89.908	100.378	98.8557	96.0458	104.058	108.182	107.642	111.319	95.3952	75.7286	99.8126	83.5596
94.5554	106.314	87.5992	97.2685	100.319	98.4455	75.8273	92.9678	107.783	98.6032	110.072	100.941	111.685	89.908	100.378	98.8557	96.0458	104.058	108.182	107.642	98.9668	95.3952	75.7286	99.8126	83.5596
94.5554	106.314	87.5992	97.2685	77.4685	98.4455	75.8273	92.9678	107.783	98.6032	110.072	100.941	111.685	89.908	100.378	98.8557	96.0458	104.058	101.266	107.642	98.9668	95.3952	75.7286	99.8126	83.5596
94.5554	103.492	87.5992	97.2685	77.4685	98.4455	75.8273	92.9678	107.783	81.9553	105.16	100.941	111.685	89.908	100.378	98.8557	96.0458	95.5049	92.94	107.642	98.9668	95.3952	75.4323	95.6647	83.5596
94.5554	103.492	87.5992	97.2685	77.4685	98.4455	75.8273	92.9678	107.783	81.9553	105.16	100.941	111.685	89.908	100.378	98.8557	93.8494	95.5049	91.8994	107.642	98.9668	95.3952	75.4323	95.6647	83.5596
94.5554	103.492	87.5992	97.2685	77.4685	98.4455	75.8273	92.9678	89.885	81.9553	105.16	100.941	111.685	89.908	100.378	98.8557	93.8494	95.5049	78.4769	107.642	98.9668	95.3952	75.4323	95.6647	83.5596
94.5554	103.492	87.5992	89.9955	77.4685	98.4455	75.8273	92.9678	89.885	81.9553	105.16	100.941	111.685	89.908	100.378	98.8557	93.8494	95.5049	78.4769	107.642	94.9095	95.3952	75.4323	95.6647	83.5596
94.5554	103.492	87.5992	89.9955	77.4685	98.4455	75.8273	92.9678	89.885	81.9553	105.16	90.5957	111.685	89.908	100.378	96.6774	93.8494	93.1154	78.4769	107.642	94.9095	95.3952	75.4323	95.6647	83.5596
94.5554	103.492	87.5992	89.9955	77.4685	98.4455	75.8273	92.9678	89.885	81.9553	99.809	90.5957	97.0799	82.4888	100.378	91.7383	93.8494	93.1154	78.4769	107.642	94.9095	95.3952	75.4323	95.6647	83.5596
94.5554	103.492	87.5992	89.9955	77.4685	98.4455	75.8273	92.9678	86.542	81.9553	99.809	90.5957	97.0799	82.4888	100.378	91.7383	93.8494	93.1154	78.4769	107.642	94.9095	95.3952	75.4323	95.6647	83.5596
94.5554	103.492	87.5992	89.9955	77.4685	98.4455	75.8273	92.9678	86.542	81.9553	99.809	90.5957	94.7085	82.4888	100.378	91.7383	93.8494	93.1154	78.4769	94.0792	94.9095	95.3952	75.4323	95.6647	83.5596
94.5554	103.492	87.5992	84.4029	77.4685	98.4455	75.8273	92.9678	86.542	81.9553	99.809	90.5957	94.7085	82.4888	100.378	91.7383	93.8494	88.9065	78.4769	94.0792	94.9095	95.3952	75.4323	95.6647	83.5596
94.5554	101.283	87.5992	84.4029	77.4685	98.4455	75.8273	92.9678	86.542	81.9553	99.809	90.5957	94.7085	82.4888	100.378	91.7383	93.8494	88.9065	78.4769	94.0792	94.9095	95.3952	75.4323	95.6647	83.5596
94.5554	97.6523	87.5992	84.4029	77.4685	98.4455	75.8273	92.9678	86.542	81.9553	99.809	90.5957	94.7085	77.0853	100.378	91.7383	93.8494	88.9065	78.4769	94.0792	94.9095	95.3952	75.4323	95.6647	83.5596
94.5554	97.6523	87.5992	84.4029	77.4685	98.4455	74.1017	92.9678	86.542	81.9553	99.809	90.5957	94.7085	66.1326	100.378	91.7383	93.8494	88.9065	78.4769	94.0792	94.9095	95.3952	75.4323	95.6647	83.5596
94.5554	97.2373	87.5992	84.4029	77.4685	98.4455	74.1017	92.9678	82.3187	81.9553	99.809	90.5957	94.7085	66.1326	89.7878	91.7383	93.8494	88.9065	78.4769	94.0792	94.9095	95.3952	75.4323	95.6647	83.5596
94.5554	97.2373	87.5992	84.4029	77.4685	98.4455	74.1017	92.9678	70.4796	81.9553	99.809	90.5957	94.7085	66.1326	82.9641	91.7383	85.3109	88.7123	78.4769	94.0792	93.7258	95.3952	75.4323	95.6647	83.5596
94.5554	97.2373	87.5992	84.4029	77.4685	98.4455	74.1017	92.9678	70.4796	77.1731	99.809	90.5957	94.7085	66.1326	82.9641	91.7383	85.3109	88.7123	78.4769	94.0792	93.7258	95.3952	75.4323	95.6647	83.5596
94.5554	97.2373	74.3041	84.4029	77.4685	88.137	74.0544	92.9678	70.4796	77.1731	99.809	90.5957	94.7085	66.1326	82.9641	91.7383	85.3109	88.7123	78.4769	92.5641	92.6293	80.7868	75.4323	95.6647	83.5596
89.3208	97.2373	74.3041	84.4029	77.4685	88.137	74.0544	92.9678	70.4796	77.1731	99.809	90.5957	94.7085	66.1326	82.9641	91.7383	85.3109	88.7123	78.4769	92.5641	92.6293	80.7868	68.7986	95.6647	83.5596
89.3208	97.2373	74.3041	84.4029	77.4685	88.137	74.0544	92.9678	70.4796	77.1731	99.809	90.5957	86.0074	66.1326	82.9641	91.7383	85.3109	88.7123	76.014	92.5641	92.6293	80.7868	68.7986	95.6647	83.5596
89.3208	94.7539	74.3041	84.4029	77.4685	88.137	74.0544	92.9678	70.4796	77.1731	99.809	90.5957	86.0074	66.1326	82.9641	91.7383	85.3109	88.7123	76.014	92.5641	92.6293	80.7868	68.7986	95.6647	80.0471
70.4825	94.7539	74.3041	84.4029	77.4685	88.137	74.0544	92.0212	70.4796	77.1731	99.809	79.9287	86.0074	66.1326	82.9641	91.7383	85.3109	88.7123	76.014	92.5641	92.6293	80.7868	68.7986	95.6647	80.0471
70.4825	94.7539	74.3041	84.4029	77.4685	88.137	74.0544	92.0212	70.4796	77.1731	99.809	79.9287	86.0074	66.1326	82.9641	71.1753	85.1438	88.7123	76.014	92.5641	91.0044	80.7868	68.7986	95.6647	76.8704
70.4825	94.7539	74.3041	79.5439	77.4685	88.137	74.0544	92.0212	70.4796	77.1731	99.809	79.9287	84.8014	66.1326	82.9641	71.1753	85.1438	88.7123	76.014	92.5641	84.7968	80.7868	68.7986	94.4136	74.4587
70.4825	94.7539	74.3041	79.5439	77.4685	88.137	74.0544	92.0212	69.237	77.1731	99.809	79.9287	84.8014	66.1326	82.9641	71.1753	85.1438	71.4965	76.014	92.5641	84.7968	80.7868	68.7986	94.4136	74.4587
70.4825	94.7539	74.3041	79.5439	77.4685	88.137	74.0544	92.0212	69.237	77.1731	99.809	79.9287	84.8014	66.1326	78.2775	71.1753	85.1438	71.4965	76.014	92.5641	84.7968	80.7868	68.7986	94.4136	74.4587
70.4825	94.7539	74.3041	79.5439	77.4685	88.137	74.0544	92.0212	69.237	77.1731	99.809	79.9287	84.8014	66.1326	78.2775	71.1753	85.1438	71.4965	76.014	86.4077	78.4276	80.7868	68.7986	94.4136	74.4587
70.4825	94.7539	74.3041	79.5439	77.4685	88.137	69.8084	92.0212	69.237	77.1731	92.1792	79.9287	84.8014	66.1326	78.2775	71.0715	85.1438	71.4965	76.014	86.4077	78.4276	80.7868	68.7986	94.4136	74.4587
70.4825	94.7539	74.3041	79.5439	77.4685	88.137	69.8084	92.0212	69.237	77.1731	92.1792	72.0588	84.8014	66.1326	78.2775	71.0715	85.1438	71.4965	76.014	75.7778	76.1619	80.7868	68.7986	94.4136	74.4587
70.4825	94.7539	74.3041	79.5439	77.4685	88.137	69.8084	92.0212	69.237	77.1731	92.1792	72.0588	84.8014	66.1326	78.2775	71.0715	85.115	71.4965	76.014	75.7778	76.1619	80.7868	68.7986	94.4136	74.4587
70.4825	94.7539	74.3041	79.5439	77.4685	88.137	69.8084	92.0212	69.237	76.5278	92.1792	72.0588	84.8014	66.1326	78.2775	71.0715	85.115	71.4965	76.014	75.7778	76.1619	71.1835	68.7986	94.4136	74.4587
70.4825	93.4762	74.3041	79.5439	77.4685	88.137	69.8084	92.0212	69.237	76.5278	92.1792	72.0588	84.8014	66.1326	78.2775	71.0715	85.115	71.4965	76.014	75.7778	76.1619	71.1835	68.7986	94.4136	74.4587
70.4825	93.4762	74.3041	79.5439	77.4685	88.137	69.8084	92.0212	69.237	76.5278	92.1792	72.0588	84.8014	66.1326	78.2775	71.0715	85.115	71.4965	76.014	75.7778	76.1619	71.1835	68.7986	94.4136	72.0196
70.4825	93.4762	74.3041	74.9648	77.4685	88.137	69.8084	92.0212	63.6555	68.4583	92.1792	72.0588	84.8014	66.1326	78.2775	71.0715	85.115	71.4965	76.014	75.7778	76.1619	71.1835	68.7986	92.1747	72.0196
70.4825	85.3307	74.3041	74.9648	77.4685	88.137	69.8084	85.115	63.6555	68.4583	92.1792	72.0588	84.8014	66.1326	78.2775	71.0715	85.115	71.4965	76.014	71.0027	76.1619	71.1835	68.7986	82.564	72.0196
70.4825	85.3307	74.3041	74.9648	77.4685	88.137	66.6523	85.115	63.6555	68.4583	92.1792	72.0588	84.8014	66.1326	78.2775	71.0715	85.115	71.4965	53.5036	71.0027	76.1619	71.1835	68.7986	82.564	72.0196
70.4825	85.3307	74.3041	74.9648	77.4685	88.137	66.6523	85.115	63.6555	68.4583	92.1792	72.0588	84.8014	66.1326	78.2775	71.0715	85.115	71.4965	53.5036	71.0027	76.1619	71.1835	68.7986	82.564	72.0196
70.4825	85.3307	74.3041	74.9648	77.4685	88.137	66.6523	85.115	63.6555	68.4583	92.1792	72.0588	80.3692	66.1326	78.2775	71.0715	85.115	71.4965	53.5036	71.0027	62.2398	71.1835	68.7986	82.564	72.0196
70.4825	85.3307	74.3041	74.9648	77.4685	88.137	66.6523	85.115	63.6555	68.4583	92.1792	72.0588	80.3692	66.1326	78.2775	71.0715	67.4614	71.4965	53.5036	71.0027	62.2398	71.1835	62.4236	82.564	72.0196
70.4825	83.0751	74.3041	74.9648	77.4685	88.137	66.6523	85.115	63.6555	68.4583	92.1792	72.0588	80.3692	66.1326	78.2775	71.0715	67.4614	71.4965	53.5036	71.0027	62.2398	71.1835	62.4236	78.6483	72.0196
70.4825	83.0751	74.3041	74.9648	77.4685	88.137	66.6523	85.115	63.6555	68.4583	83.458	72.0588	78.4572	66.1326	78.2775	71.0715	67.4614	71.4965	53.5036	71.0027	62.2398	71.1835	62.4236	78.6483	66.5521
70.4825	83.0751	74.3041	74.9648	75.3184	88.137	66.6523	65.2896	63.6555	68.4583	83.458	72.0588	78.4572	66.1326	78.2775	71.0715	67.4614	71.4965	53.5036	71.0027	62.2398	71.1835	62.4236	78.6483	66.5521
70.4825	83.0751	67.8293	71.7498	75.3184	88.137	66.6523	65.2896	63.6555	68.4583	83.458	72.0588	75.857	66.1326	78.2775	71.0715	67.4614	71.4965	53.5036	71.0027	62.2398	71.1835	62.4236	78.6483	66.5521
70.4825	83.0751	67.608	71.7498	75.3184	88.137	66.6523	65.2896	63.6555	68.4583	83.458	72.0588	75.857	66.1326	78.2775	71.0715	67.4614	71.4965	53.5036	71.0027	62.2398	71.1835	62.4236	76.8356	66.5521
70.4825	83.0751	67.608	71.7498	75.3184	88.137	66.6523	65.2896	63.6555	68.4583	83.458	72.0588	75.857	66.1326	78.2775	71.0715	67.4614	71.4965	53.5036	71.0027	62.2398	71.1835	62.4236	76.8356	66.5521
70.4825	83.0751	67.608	71.7498	75.3184	88.137	66.6523	65.2896	63.6555	68.4583	83.458	72.0588	75.857	66.1326	68.1119	71.0715	67.4614	71.4965	53.5036	71.0027	62.2398	71.1835	62.4236	76.8356	66.5521
70.4825	82.7107	67.608	71.7498	75.3184	88.137	63.9385	65.2896	63.6555	68.4583	83.458	72.0588	75.857	66.1326	68.1119	71.0715	67.4614	71.4965	53.5036	71.0027	62.2398	71.1835	62.4236	76.8356	66.5521
70.4825	82.7107	67.608	71.7498	75.3184	88.137	63.9385	65.2896	63.6555	68.4583	80.7602	72.0588	75.857	66.1326	68.1119	71.0715	67.4614	71.4965	53.5036	71.0027	62.2398	71.1835	62.4236	76.8356	66.5521
70.4825	82.7107	67.608	71.7498	75.3184	88.137	63.9385	65.2896	63.6555	68.4583	80.7602	72.0588	75.857	66.1326	68.1119	69.5593	67.4614	71.4965	53.5036	71.0027	62.2398	71.1835	62.4236	76.8356	66.5521
70.4825	82.7107	67.608	71.7498	75.3184	88.137	63.9385	65.2896	63.6555	68.4583	80.7602	72.0588	75.857	66.1326	68.1119	69.5593	67.4614	71.4965	53.5036	71.0027	62.2398	71.1835	62.4236	76.8356	66.5521
70.4825	82.7107	67.608	69.0791	75.3184	87.5735	63.9385	65.2896	63.6555	68.4583	80.7602	72.0588	75.857	61.437	68.1119	69.5593	67.4614	71.4965	53.5036	71.0027	62.2398	71.1835	62.4236	76.8356	66.5521
70.4825	82.7107	67.608	69.0791	75.3184	87.5735	63.9385	65.2896	63.6555	68.4583	80.7602	72.0588	75.857	61.437	68.1119	69.5593	67.4614	71.4965	53.5036	71.0027	62.2398	71.1835	62.4236	76.8356	66.5521
70.4825	82.7107	63.8537	55.5517	75.3184	87.5735	63.9385	65.2896	63.6555	66.8085	79.9379	72.0588	75.857	61.437	68.1119	69.5593	67.4614	71.4965	53.5036	71.0027	48.4345	71.1835	62.4236	76.8356	66.5521
70.4825	82.7107	63.8537	55.5517	75.3184	87.5735	63.9385	65.2896	63.6555	66.8085	79.9379	72.0588	75.857	61.437	68.1119	69.5593	67.4614	71.4965	53.5036	71.0027	48.4345	71.1835	43.9496	76.8356	66.5521
70.4825	82.7107	63.8537	55.5517	75.3184	75.7105	56.2942	65.2896	63.6555	66.8085	79.9379	72.0588	75.857	61.437	68.1119	69.5593	67.4614	71.4965	53.5036	58.1902	48.4345	71.1835	43.9496	76.8356	66.5521
70.4825	82.7107	63.8537	55.5517	75.3184	75.7105	56.2942	65.2896	63.6555	66.8085	79.9379	72.0588	75.857	61.437	68.1119	69.5593	67.4614	71.4965	53.5036	58.1902	48.4345	71.1835	43.9496	76.8356	66.5521
70.4825	82.7107	63.8537	55.5517	75.3184	75.7105	56.2942	65.2896	63.6555	66.8085	79.9379	72.0588	75.857	61.437	68.1119	69.5593	67.4614	71.4965	53.5036	58.1902	48.4345	71.1835	43.9496	76.8356	66.5521
70.4825	82.7107	63.8537	55.5517	75.3184	75.7105	56.2942	65.2896	63.6555	66.8085	79.9379	71.9736	75.857	61.437	68.1119	69.5593	67.4614	71.4965	53.5036	58.1902	48.4345	71.1835	43.9496	76.8356	66.5521
70.4825	82.7107	63.8537	55.5517	62.7857	75.7105	56.2942	65.2896	63.6555	66.8085	79.9379	71.9736	75.857	61.437	68.1119	69.5593	67.4614	71.4965	53.5036	58.1902	48.4345	71.1835	43.9496	76.8356	66.5521
70.4825	82.3615	63.8537	55.5517	62.7857	75.7105	56.2942	65.2896	63.6555	45.2816	79.9379	71.9736	69.4726	61.437	68.1119	69.5593	67.4614	71.4965	53.5036	58.1902	48.4345	71.1835	43.9496	76.8356	66.5521
70.4825	82.3615	63.8537	55.5517	62.7857	75.7105	56.2942	65.2896	63.6555	45.2816	79.9379	71.9736	69.4726	61.437	68.1119	69.5593	67.4614	71.4965	53.5036	58.1902	48.4345	71.1835	43.9496	76.8356	61.4219
59.5098	82.3615	63.8537	55.5517	62.7857	75.7105	56.2942	65.2896	63.6555	45.2816	79.9379	71.9736	69.4726	61.437	68.1119	69.5593	67.4614	71.4965	53.5036	58.1902	48.4345	69.4181	43.9496	76.8356	61.4219
59.5098	82.3615	63.8537	55.5517	62.7857	75.7105	56.2942	65.2896	63.6555	45.2816	79.9379	71.9736	69.4726	61.437	68.1119	69.5593	67.4614	71.4965	53.5036	58.1902	48.4345	69.4181	43.9496	76.8356	61.4219
59.5098	82.3472	63.8537	55.5517	62.7857	75.7105	56.2942	65.2896	63.6555	45.2816	79.9379	66.5468	69.4726	61.437	68.1119	69.5593	67.4614	71.4965	53.5036	58.1902	48.4345	69.4181	43.9496	76.8356	61.4219
59.5098	82.3472	63.8537	55.5517	62.7857	75.7105	51.057	65.2896	50.6829	45.2816	79.9379	66.5468	69.4726	61.437	68.1119	69.5593	67.4614	71.4965	53.5036	58.1902	48.4345	69.4181	43.9496	76.8356	61.4219
59.5098	82.3472	63.8537	55.5517	62.7857	75.7105	51.057	65.2896	50.6829	45.2816	79.9379	66.4946	69.4726	61.437	68.1119	69.5593	67.4614	71.4965	53.5036	58.1902	48.4345	69.4181	43.9496	76.8356	58.8464
59.5098	82.3472	63.8537	55.5517	62.7857	75.7105	51.057	65.2896	50.6829	45.2816	79.9379	66.4946	69.4726	61.437	68.1119	69.5593	67.4614	71.4965	53.5036	58.1902	48.4345	69.4181	43.9496	76.6778	58.8464
59.5098	82.3472	63.8537	55.5517	62.7857	75.7105	51.057	65.2896	50.6829	45.2816	79.9379	66.4946	69.4726	61.437	68.1119	69.5593	67.4614	71.4965	53.5036	58.1902	48.4345	69.4181	43.9496	76.6778	58.8464
59.5098	82.3472	63.8537	55.5517	62.7857	75.7105	51.057	65.2896	50.6829	45.2816	79.9379	66.4946	69.4726	61.437	68.1119	69.5593	67.4614	71.4965	53.5036	58.1902	48.4345	69.4181	43.9496	76.6778	58.8464
59.5098	61.5785	63.8537	55.5517	62.7857	75.7105	51.057	55.164	50.6829	45.2816	79.9379	66.4946	69.4726	61.437	68.1119	69.5593	67.4614	71.4965	53.5036	58.1902	48.4345	69.4181	43.9496	76.6778	58.8464
59.5098	61.5785	63.8537	55.5517	62.7857	75.7105	51.057	55.164	50.6829	45.2816	79.9379	66.4946	69.4726	61.437	68.1119	69.5593	67.4614	71.4965	53.5036	58.1902	48.4345	69.4181	43.9496	75.8924	58.8464
59.5098	61.5785	63.8537	55.5517	62.7857	75.7105	51.057	55.164	50.6829	45.2816	79.9379	66.4946	69.4726	61.437	68.1119	69.5593	67.4614	71.4965	53.5036	58.1902	48.4345	69.4181	43.9496	67.1394	58.8464
59.5098	61.5785	63.8537	55.5517	62.7857	75.7105	51.057	55.164	50.6829	45.2816	71.4523	66.4946	69.4726	61.437	68.1119	69.5593	67.4614	71.4965	53.5036	58.1902	48.4345	69.4181	43.9496	67.1394	58.8464
59.5098	61.5785	63.8537	55.5517	62.7857	75.7105	51.057	55.164	42.2312	45.2816	71.4523	57.2575	66.8555	61.437	68.1119	69.5593	67.4614	71.4965	53.5036	58.1902	48.4345	69.4181	43.9496	67.1394	58.8464
59.5098	61.5785	63.8537	55.5517	62.7857	75.7105	51.057	55.164	42.2312	45.2816	71.4523	57.2575	66.8555	61.437	68.1119	69.5593	67.4614	71.4965	53.5036	58.1902	48.4345	69.4181	43.9496	67.1394	58.448
59.5098	61.5785	63.8537	55.5517	62.7857	75.7105	51.057	55.164	42.2312	45.2816	71.4523	57.2575	66.8555	61.437	68.1119	69.5593	67.4614	71.4965	53.5036	58.1902	48.4345	69.4181	43.9496	67.1394	58.448
59.5098	61.5785	63.8537	55.5517	62.7857	75.7105	51.057	55.164	42.2312	45.2816	71.4523	57.2575	66.8555	61.437	68.1119	69.5593	67.4614	71.4965	53.5036	58.1902	48.4345	69.4181	43.9496	67.1394	56.5524
59.5098	61.5785	63.8537	55.5517	62.7857	75.7105	51.057	55.164	42.2312	45.2816	71.4523	57.2575	66.8555	61.437	68.1119	69.5593	67.4614	71.4965	53.5036	58.1902	48.4345	69.4181	43.9496	67.1394	56.5524
59.5098	61.5785	63.8537	55.5517	62.7857	75.7105	51.057	55.164	42.2312	45.2816	71.4523	57.2575	63.5815	61.437	68.1119	69.5593	58.4912	71.4965	53.5036	58.1902	48.4345	69.4181	43.9496	67.1394	56.5524
59.5098	61.5785	63.8537	55.5517	62.7857	75.7105	51.057	55.164	42.2312	45.2816	71.4523	57.2575	63.5815	61.437	68.1119	69.5593	58.4912	71.4965	53.5036	58.1902	48.4345	69.4181	43.9496	67.1394	56.5524
59.5098	61.5785	63.8537	55.5517	62.7857	75.7105	51.057	55.164	42.2312	45.2816	71.4523	57.2575	63.5815	60.8844	68.1119	69.5593	58.4912	71.4965	53.5036	58.1902	48.4345	69.2203	43.9496	67.1394	56.5524
59.5098	61.5785	63.8537	55.5517	62.7857	75.7105	51.057	55.164	42.2312	45.2816	71.4523	57.2575	63.5815	60.8844	68.1119	69.5593	58.4912	71.4965	53.5036	58.1902	48.4345	69.2203	43.9496	67.1394	47.7864
59.5098	61.5785	63.8537	55.5517	62.7857	75.7105	51.057	55.164	42.2312	45.2816	71.4523	57.2575	63.5162	60.8844	68.1119	69.5593	58.4912	71.4965	53.5036	58.1902	48.4345	69.2203	43.9496	67.1394	47.7864
59.5098	61.5785	54.9842	55.5517	62.7857	75.7105	51.057	55.164	42.2312	45.2816	71.4523	57.2575	63.5162	60.8844	68.1119	69.5593	58.4912	71.4965	53.5036	58.1902	48.4345	69.2203	43.9496	67.1394	47.7864
59.5098	61.5785	54.9842	55.5517	62.7857	75.7105	51.057	55.164	42.2312	45.2816	71.4523	57.2575	63.5162	60.8844	68.1119	69.5593	58.4912	71.4965	53.5036	58.1902	48.4345	69.2203	43.9496	67.1394	47.7864
59.5098	61.5785	54.9842	55.5517	62.7857	75.7105	51.057	55.164	42.2312	45.2816	71.4523	57.2575	63.5162	60.8844	68.1119	69.5593	58.4912	68.7814	53.5036	58.1902	48.4345	69.2203	43.9496	67.1394	47.7864
59.5098	61.5785	54.9842	55.5517	62.7857	75.7105	51.057	55.164	42.2312	45.2816	71.4523	57.2575	63.5162	60.8844	67.9671	69.5593	58.4912	68.7814	53.5036	58.1902	48.4345	69.2203	43.9496	67.1394	47.7864
59.5098	61.5785	54.9842	55.5517	62.7857	75.7105	51.057	55.164	42.2312	45.2816	71.4523	57.2575	63.5162	60.8844	67.9671	69.5593	58.4912	68.7814	53.5036	58.1902	48.4345	69.2203	43.9496	67.1394	47.7864
59.5098	61.5785	54.9842	55.5517	62.7857	75.7105	51.057	53.3814	42.2312	45.2816	71.4523	57.2575	63.5162	60.8844	67.9671	69.5593	58.4912	68.7814	53.5036	58.1902	48.4345	69.2203	43.9496	67.1394	47.7864
59.5098	61.5785	54.9842	55.5517	62.7857	75.7105	51.057	53.3814	42.2312	45.2816	71.4523	57.2575	63.5162	60.8844	67.9671	69.5593	58.4912	65.4444	53.5036	58.1902	48.4345	69.2203	43.9496	67.1394	47.7864
59.5098	61.5785	54.9842	47.7137	62.7857	75.7105	51.057	53.3814	42.2312	45.2816	71.4523	57.2575	63.5162	58.6727	67.9671	69.5593	58.4912	65.4444	53.5036	58.1902	48.4345	69.2203	43.9496	67.1394	47.7864
59.5098	61.5785	54.9842	47.7137	62.7857	75.7105	50.4866	53.3814	42.2312	45.2816	71.4523	57.2575	63.5162	43.2925	67.9671	69.5593	58.4912	65.4444	53.5036	58.1902	48.4345	69.2203	43.9496	67.1394	47.7864
59.5098	61.5785	54.9842	47.7137	62.7857	75.7105	50.4866	53.3814	42.2312	45.2816	71.4523	57.2575	63.5162	43.2925	67.9671	69.5593	58.4912	65.4444	53.5036	58.1902	48.4345	69.2203	43.9496	67.1394	47.7864
59.5098	61.5785	54.9842	47.7137	62.7857	75.7105	50.4866	53.3814	42.2312	45.2816	71.4523	57.2575	63.5162	43.2925	63.2931	69.5593	58.4912	65.4444	53.5036	58.1902	48.4345	69.2203	43.9496	67.1394	47.7864
59.5098	61.5785	54.9842	47.7137	62.7857	75.7105	50.4866	53.3814	42.2312	45.2816	71.4523	57.2575	63.5162	43.2925	63.2931	69.5593	58.4912	65.4444	53.5036	58.1902	48.4345	69.2203	43.9496	67.1394	47.7864
59.5098	61.5785	54.9842	47.7137	62.7857	74.2484	50.4866	53.3814	42.2312	45.2816	71.4523	57.2575	63.5162	43.2925	63.2931	69.5593	58.4912	65.4444	53.5036	58.1902	48.4345	64.2159	43.9496	67.1394	47.7864
59.5098	61.5785	44.8407	47.7137	62.7857	66.8636	50.4866	53.3814	42.2312	45.2816	71.4523	57.2575	63.5162	43.2925	63.2931	69.5593	58.4912	65.4444	53.5036	58.1902	48.4345	64.2159	43.9496	67.1394	47.7864
59.5098	61.5785	44.8407	47.7137	62.7857	66.8636	50.4866	53.3814	42.2312	45.2816	71.4523	57.2575	63.5162	43.2925	63.2931	69.5593	58.4912	65.4444	53.5036	58.1902	48.4345	64.2159	43.9496	67.1394	47.7864
59.5098	61.5785	44.8407	47.7137	62.7857	66.8636	50.4866	53.3814	42.2312	45.2816	71.4523	57.2575	63.5162	43.2925	63.2931	69.5593	58.4912	65.4444	53.5036	58.1902	48.4345	64.2159	43.9496	67.1394	47.7864
59.5098	61.5785	44.8407	47.7137	62.7857	66.8636	50.4866	53.3814	42.2312	45.2816	71.4523	57.2575	61.2508	43.2925	63.2931	69.5593	58.4912	65.4444	53.5036	58.1902	39.4698	64.2159	43.9496	67.1394	47.7864
47.2223	61.5785	44.8407	47.7137	62.7857	66.8636	50.4866	53.3814	42.2312	45.2816	71.4523	57.2575	61.2508	43.2925	63.2931	69.5593	58.4912	65.4444	53.5036	58.1902	39.4698	54.812	43.9496	67.1394	47.7864
47.2223	61.5785	44.8407	47.7137	62.7857	66.8636	50.4866	53.3814	42.2312	45.2816	71.4523	57.2575	61.2508	43.2925	63.2931	69.5593	58.4912	65.4444	53.5036	58.1902	39.4698	54.0671	43.9496	67.1394	47.7864
47.2223	61.5785	44.8407	47.7137	62.7857	66.8636	50.4866	53.3814	42.2312	45.2816	71.4523	57.2575	61.2508	43.2925	63.2931	69.5593	58.4912	65.4444	53.5036	58.1902	39.4698	54.0671	43.9496	67.1394	47.7864
47.2223	61.5785	44.8407	47.7137	62.7857	66.8636	50.4866	53.3814	42.2312	45.2816	71.4523	57.2575	61.2508	43.2925	63.2931	69.5593	58.4912	65.4444	53.5036	58.1902	39.4698	54.0671	43.9496	67.1394	47.7864
47.2223	60.6435	44.8407	47.7137	62.7857	66.8636	50.4866	53.3814	42.2312	45.2816	71.4523	57.2575	61.2508	43.2925	63.2931	62.6105	58.4912	65.4444	53.5036	58.1902	39.4698	54.0671	43.9496	67.1394	47.7864
47.2223	60.6435	44.8407	47.7137	62.7857	66.8636	50.4866	53.3814	42.2312	45.2816	71.4523	57.2575	61.2508	43.2925	63.2931	62.6105	58.4912	65.4444	53.5036	58.1902	39.4698	54.0671	43.9496	67.1394	47.7864
47.2223	60.6435	44.8407	47.7137	62.7857	66.8636	50.4866	53.3814	42.2312	45.2816	71.4523	57.2575	61.2508	43.2925	63.2931	62.6105	58.4912	65.4444	53.5036	58.1902	39.4698	49.549	43.9496	67.1394	47.7864
47.2223	59.6982	44.8407	47.7137	62.7857	66.8636	50.4866	53.3814	42.2312	45.2816	71.4523	57.2575	61.2508	43.2925	63.2931	62.6105	58.4912	63.2077	53.5036	58.1902	39.4698	49.549	43.9496	67.1394	47.7864
47.2223	59.6982	44.8407	47.7137	62.7857	66.8636	50.4866	53.3814	42.2312	45.2816	71.4523	49.597	61.2508	43.2925	63.2931	62.6105	58.4912	63.2077	53.5036	58.1902	39.4698	49.549	43.9496	67.1394	47.7864
47.2223	59.6982	44.8407	47.7137	62.7857	66.8636	50.4866	53.3814	42.2312	45.2816	71.4523	49.597	61.2508	43.2925	63.2931	62.6105	58.4912	63.2077	53.5036	58.1902	39.4698	49.549	43.9496	67.1394	47.7864
47.2223	59.6982	44.8407	46.5382	62.7857	66.8636	50.4866	53.3814	42.2312	45.2816	71.4523	49.597	61.2508	43.2925	63.2931	62.6105	58.4912	63.2077	53.5036	58.1902	39.4698	49.549	43.9496	67.1394	47.7864
47.2223	59.6982	44.8407	46.5382	62.7857	66.8636	50.4866	53.3814	42.2312	45.2816	71.4523	49.597	61.2508	43.2925	63.2931	62.6105	58.4912	63.2077	53.5036	58.1902	39.4698	49.549	43.9496	67.1394	47.7864
47.2223	59.6982	44.8407	46.5382	62.7857	66.8636	50.4866	53.3814	42.2312	45.2816	71.4523	49.597	61.2508	43.2925	63.2931	62.6105	58.4912	63.2077	53.5036	58.1902	39.4698	49.549	43.9496	67.1394	47.7864
47.2223	59.6982	44.8407	46.5382	62.7857	66.8636	50.4866	53.3814	42.2312	45.2816	71.4523	49.597	61.2508	43.2925	63.2931	62.6105	47.5134	63.2077	53.5036	58.1902	39.4698	49.549	43.9496	67.1394	47.7864
47.2223	59.6982	44.8407	46.5382	62.7857	66.8636	50.4866	53.3814	42.2312	45.2816	71.4523	49.597	61.2508	43.2925	63.2931	62.6105	47.5134	63.2077	53.5036	58.1902	39.4698	49.549	43.9496	67.1394	47.7864
47.2223	59.6982	44.8407	35.0737	62.7857	66.8636	50.4866	53.3814	42.2312	45.2816	71.4523	49.597	61.2508	43.2925	63.2931	62.6105	47.5134	63.2077	53.5036	58.1902	39.4698	49.549	43.9496	67.1394	47.7864
47.2223	59.6982	44.8407	35.0737	62.7857	66.8636	50.4866	53.3814	42.2312	45.2816	71.4523	49.597	61.2508	43.2925	63.2931	62.6105	47.5134	63.2077	53.5036	56.9263	39.4698	49.549	43.9496	67.1394	47.7864
47.2223	59.6982	44.8407	35.0737	62.7857	66.8636	50.4866	53.3814	42.2312	45.2816	71.4523	49.597	61.2508	43.2925	63.2931	62.6105	47.5134	63.2077	53.5036	56.9263	39.4698	49.549	43.9496	67.1394	47.7864
47.2223	59.6982	44.8407	35.0737	62.7857	62.2595	50.4866	53.3814	42.2312	45.2816	71.4523	49.597	61.2508	43.2925	63.2931	62.6105	47.5134	63.2077	50.5379	56.9263	39.4698	49.549	43.9496	67.1394	47.7864
47.2223	59.6982	44.8407	35.0737	62.7857	62.2595	50.4866	53.3814	42.2312	45.2816	71.4523	49.597	61.2508	43.2925	63.2931	59.3537	47.5134	63.2077	50.5379	56.9263	39.4698	49.549	43.9496	67.1394	47.7864
47.2223	59.6982	44.8407	35.0737	62.7857	62.2595	50.4866	53.3814	42.2312	45.2816	71.4523	49.597	61.2508	43.2925	63.2931	59.3537	47.5134	63.2077	50.5379	56.9263	39.4698	49.549	43.9496	67.1394	47.7864
47.2223	59.6982	44.8407	35.0737	62.7857	62.2595	50.4866	53.3814	42.2312	45.2816	71.4523	49.597	61.2508	43.2925	63.2931	59.3537	47.5134	63.2077	50.5379	56.9263	39.4698	49.549	43.9496	67.1394	47.7864
47.2223	59.6982	38.9872	35.0737	62.7857	62.2595	50.4866	53.3814	42.2312	45.2816	71.4523	49.597	61.2508	43.2925	63.2931	59.3537	47.5134	63.2077	50.5379	56.9263	39.4698	49.549	43.9496	67.1394	47.7864
47.2223	59.6982	38.9872	35.0737	62.7857	62.2595	50.4866	53.3814	42.2312	45.2816	71.4523	49.597	61.2508	43.2925	63.2931	59.3537	47.5134	63.2077	50.5379	56.9263	39.4698	49.549	43.9496	67.1394	47.7864
47.2223	59.6982	38.9872	35.0737	62.7857	62.2595	50.4866	53.3814	42.2312	45.2816	65.1858	49.597	61.2508	43.2925	63.2931	59.3537	47.5134	63.2077	50.5379	56.9263	39.4698	49.549	43.9496	67.1394	47.7864
47.2223	59.6982	38.9872	35.0737	62.7857	62.2595	50.4866	53.3814	42.2312	45.2816	65.1858	49.597	61.2508	43.2925	63.2931	59.3537	47.5134	63.2077	50.5379	56.9263	39.4698	49.549	43.9496	67.1394	47.7864
47.2223	59.6982	38.9872	35.0737	62.7857	62.2595	50.4866	53.3814	42.2312	45.2816	65.1858	49.597	61.2508	43.2925	63.2931	59.3537	47.5134	63.2077	50.5379	56.9263	39.4698	49.549	43.9496	67.1394	47.7864
47.2223	59.6982	38.9872	35.0737	62.7857	62.2595	47.8947	53.3814	42.2312	45.2816	65.1858	49.597	61.2508	43.2925	63.2931	59.3537	47.5134	63.2077	50.5379	56.9263	39.4698	47.4467	43.9496	67.1394	47.7864
47.2223	59.6982	38.9872	35.0737	62.7857	62.2595	47.8947	53.3814	42.2312	45.2816	65.1858	49.597	61.2508	43.2925	63.2931	59.3537	47.5134	63.2077	50.5379	56.9263	39.4698	47.4467	43.9496	67.1394	47.7864
47.2223	59.6982	38.9872	35.0737	62.7857	62.2595	47.8947	53.3814	42.2312	45.2816	65.1858	49.597	61.2508	43.2925	63.2931	59.3537	47.5134	63.2077	50.5379	56.9263	39.4698	47.4467	43.9496	67.1394	47.7864
47.2223	59.6982	38.9872	35.0737	62.7857	62.2595	47.8947	53.3814	42.2312	45.2816	65.1858	49.597	61.2508	43.2925	63.2931	59.3537	47.5134	63.2077	50.5379	56.9263	39.4698	47.4467	43.9496	67.1394	47.7864
47.2223	59.6982	38.9872	35.0737	62.7857	62.2595	47.8947	53.3814	42.2312	45.2816	65.1858	49.597	61.2508	43.2925	63.2931	59.3537	47.5134	63.2077	50.5379	56.9263	39.4698	47.4467	43.9496	67.1394	47.7864
47.2223	59.6982	38.9872	35.0737	62.7857	62.2595	47.8947	53.3814	42.2312	45.2816	65.1858	49.597	61.2508	43.2925	63.2931	59.3537	47.5134	63.2077	50.5379	56.9263	39.4698	47.4467	43.9496	67.1394	47.7864
47.2223	59.6982	38.9872	35.0737	62.7857	62.2595	47.8947	53.3814	42.2312	45.2816	65.1858	49.597	61.2508	43.2925	63.2931	59.3537	47.5134	63.2077	50.5379	53.0056	39.4698	47.4467	43.9496	67.1394	47.7864
47.2223	59.6982	38.9872	35.0737	62.7857	62.2595	44.2924	53.3814	42.2312	45.2816	65.1858	49.597	61.2508	43.2925	63.2931	59.3537	47.5134	63.2077	50.5379	53.0056	39.4698	47.4467	43.9496	67.1394	47.7864
47.2223	59.6982	38.9872	35.0737	62.7857	62.2595	44.2924	53.3814	42.2312	45.2816	50.089	49.597	61.2508	43.2925	63.2931	59.3537	47.5134	63.2077	50.5379	53.0056	39.4698	47.4467	43.9496	67.1394	47.7864
47.2223	59.6982	38.9872	35.0737	62.7857	62.2595	44.2924	53.3814	42.2312	45.2816	50.089	49.597	61.2508	43.2925	63.2931	59.3537	47.5134	63.2077	50.5379	53.0056	39.4698	47.4467	43.9496	67.1394	47.7864
47.2223	51.3353	38.9872	35.0737	62.7857	62.2595	44.2924	53.3814	42.2312	45.2816	50.089	49.597	61.2508	43.2925	63.2931	59.3537	47.5134	63.2077	48.9842	53.0056	39.4698	47.4467	43.9496	67.1394	47.7864
47.2223	51.3353	38.9872	35.0737	62.7857	62.2595	44.2924	53.3814	42.2312	45.2816	50.089	49.597	61.2508	43.2925	63.2931	59.3537	47.5134	63.2077	48.9842	53.0056	39.4698	47.4467	43.9496	67.1394	47.7864
47.2223	51.3353	38.9872	35.0737	62.7857	62.2595	44.2924	53.3814	42.2312	45.2816	50.089	49.597	51.2913	43.2925	63.2931	59.3537	47.5134	63.2077	39.6629	46.5299	39.4698	47.4467	42.4671	67.1394	47.7864
47.2223	51.3353	38.9872	35.0737	62.7857	62.2595	44.2924	53.3814	42.2312	45.2816	50.089	49.597	51.2913	43.2925	63.2931	59.3537	47.5134	63.2077	39.6629	46.5299	39.4698	47.4467	42.4671	67.1394	47.7864
47.2223	51.3353	38.9872	35.0737	62.7857	62.2595	44.2924	53.3814	42.2312	45.2816	50.089	49.597	51.2913	43.2925	63.2931	59.3537	47.5134	63.2077	39.6629	46.5299	39.4698	47.4467	42.4671	67.1394	47.7864
47.2223	51.3353	38.9872	35.0737	62.7857	62.2595	44.2924	53.3814	42.2312	45.2816	50.089	49.597	51.2913	43.2925	63.2931	59.3537	47.5134	63.2077	39.6629	46.5299	39.4698	47.4467	42.4671	67.1394	47.7864
47.2223	51.3353	38.9872	35.0737	62.7857	62.2595	44.2924	53.3814	42.2312	45.2816	50.089	49.597	51.2913	43.2925	63.2931	59.3537	47.5134	63.2077	39.6629	46.5299	39.4698	47.4467	42.4671	67.1394	45.7921
47.2223	51.3353	38.9872	35.0737	62.7857	62.2595	44.2924	53.3814	42.2312	45.2816	50.089	49.597	51.2913	43.2925	63.2931	59.3537	47.5134	63.2077	39.6629	46.5299	39.4698	47.4467	42.4671	67.1394	45.7921
47.2223	51.3353	38.9872	35.0737	62.7857	62.2595	44.2924	53.3814	42.2312	44.1992	50.089	49.597	51.2913	43.2925	63.2931	59.3537	47.5134	63.2077	39.6629	46.5299	39.4698	47.4467	42.4671	67.1394	45.7921
47.2223	51.3353	38.9872	35.0737	62.7857	62.2595	44.2924	53.3814	42.2312	44.1992	50.089	49.597	51.2913	43.2925	63.2931	59.3537	47.5134	63.2077	39.6629	46.5299	39.4698	47.4467	42.4671	67.1394	42.2933
47.2223	51.3353	38.9872	35.0737	62.7857	62.2595	44.2924	53.3814	42.2312	44.1992	50.089	49.597	51.2913	43.2925	63.2931	59.3537	47.5134	63.2077	39.6629	46.5299	39.4698	47.4467	42.4671	67.1394	42.2933
47.2223	51.3353	38.9872	35.0737	62.7857	62.2595	44.2924	53.3814	42.2312	44.1992	50.089	49.597	51.2913	43.2925	63.2931	59.3537	47.5134	63.2077	39.6629	46.5299	39.4698	47.4467	42.4671	67.1394	42.2933
47.2223	51.3353	38.9872	35.0737	62.7857	62.2595	44.2924	53.3814	42.2312	44.1992	50.089	49.597	51.2913	43.2925	63.2931	59.3537	47.5134	63.2077	39.6629	46.5299	39.4698	47.4467	42.4671	67.1394	42.2933
47.2223	51.3353	38.9872	35.0737	62.7857	62.2595	44.2924	53.3814	42.2312	44.1992	50.089	49.597	51.2913	43.2925	63.2931	59.3537	47.5134	63.2077	39.6629	46.5299	39.4698	47.4467	42.4671	67.1394	42.2933
47.2223	51.3353	38.9872	35.0737	62.7857	62.2595	44.2924	53.3814	42.2312	44.1992	50.089	49.597	51.2913	43.2925	63.2931	59.3537	47.5134	63.2077	39.6629	46.5299	39.4698	47.4467	42.4671	67.1394	42.2933
47.2223	51.3353	38.9872	35.0737	62.7857	62.2595	44.2924	53.3814	42.2312	44.1992	50.089	49.597	51.2913	43.2925	63.2931	59.3537	47.5134	63.2077	39.6629	46.5299	39.4698	47.4467	42.4671	67.1394	42.2933
47.2223	51.3353	38.9872	35.0737	60.5904	62.2595	44.2924	53.3814	42.2312	44.1992	50.089	49.597	51.2913	43.2925	63.2931	59.3537	47.5134	55.2214	39.6629	46.5299	39.4698	47.4467	42.4671	67.1394	42.2933
47.2223	51.3353	38.9872	35.0737	60.5904	62.2595	44.2924	53.3814	42.2312	44.1992	50.089	49.597	51.2913	43.2925	57.8473	59.3537	47.5134	55.2214	39.6629	46.5299	39.4698	47.4467	42.4671	67.1394	42.2933
47.2223	51.3353	38.9872	35.0737	60.5904	62.2595	44.2924	53.3814	42.2312	44.1992	50.089	49.597	51.2913	43.2925	57.8473	59.3537	40.8729	55.2214	39.6629	46.5299	39.4698	47.4467	42.4671	67.1394	42.2933
47.2223	51.3353	38.9872	35.0737	60.5904	62.2595	44.2924	53.3814	40.0301	44.1992	50.089	49.597	51.2913	43.2925	57.8473	59.3537	40.8729	55.2214	39.6629	46.5299	39.4698	47.4467	42.4671	67.1394	42.2933
47.2223	51.3353	38.9872	35.0737	60.5904	62.2595	44.2924	53.3814	40.0301	44.1992	50.089	49.597	51.2913	43.2925	57.8473	59.3537	40.8729	55.2214	39.6629	46.5299	39.4698	47.4467	42.4671	67.1394	42.2933
47.2223	51.3353	38.8842	35.0737	60.5904	62.2595	44.2924	53.3814	40.0301	44.1992	50.089	49.597	51.2913	43.2925	57.8473	59.3537	40.8729	53.8909	39.6629	46.5299	39.4698	47.4467	42.4671	66.2218	42.2933
47.2223	51.3353	38.8842	35.0737	60.5904	62.2595	44.2924	53.3814	40.0301	44.1992	50.089	49.597	51.2913	43.2925	57.8473	59.3537	40.8729	53.8909	39.6629	46.5299	39.4698	47.4467	42.4671	66.2218	42.2933
47.2223	51.3353	38.8842	35.0737	60.5904	62.2595	44.2924	53.3814	40.0301	44.1992	50.089	49.597	51.2913	43.2925	57.8473	59.3537	40.8729	53.8909	39.6629	46.5299	39.4698	47.4467	42.4671	66.2218	42.2933
47.2223	51.3353	38.8842	35.0737	60.5904	62.2595	44.2924	53.3814	40.0301	44.1992	50.089	49.597	51.2913	43.2925	57.8473	59.3537	40.8729	53.8909	39.6629	46.5299	39.4698	47.4467	42.4671	66.2218	42.2933
47.2223	51.3353	38.8842	35.0737	60.5904	62.2595	44.2924	53.3814	40.0301	44.1992	50.089	49.597	51.1153	43.2925	57.8473	59.3537	40.8729	53.8909	39.6629	46.5299	39.4698	47.4467	42.4671	66.2218	42.2933
47.2223	51.3353	37.7722	35.0737	60.5904	62.2595	44.2924	53.3814	40.0301	44.1992	50.089	49.597	51.1153	43.2925	57.8473	59.3537	40.8729	53.8909	39.6629	46.5299	39.4698	40.7201	42.4671	66.2218	42.2933
47.2223	51.3353	37.7722	35.0737	60.5904	62.2595	44.2924	53.3814	40.0301	44.1992	50.089	49.597	51.1153	43.2925	57.8473	59.3537	40.8729	53.8909	39.6629	46.5299	39.4698	40.7201	42.4671	66.2218	42.2933
47.2223	51.3353	37.7722	35.0737	60.5904	62.2595	44.2924	53.3814	40.0301	44.1992	50.089	49.597	51.1153	43.2925	57.8473	59.3537	40.8729	53.8909	39.6629	46.5299	39.4698	40.7201	42.4671	66.2218	37.3597
47.2223	51.3353	37.7722	35.0737	60.5904	62.2595	44.2924	53.3814	40.0301	44.1992	50.089	49.597	51.1153	43.2925	57.8473	59.3537	40.8729	53.8909	39.6629	46.5299	39.4698	40.7201	42.4671	66.2218	37.3597
47.2223	51.3353	37.7722	35.0737	60.5904	62.2595	44.2924	53.3814	40.0301	44.1992	50.089	49.597	51.1153	43.2925	57.8473	59.3537	40.8729	53.8909	39.6629	46.5299	34.7497	40.7201	42.4671	66.2218	37.3597
47.2223	51.3353	37.7722	35.0737	60.5904	62.2595	44.2924	53.3814	40.0301	44.1992	50.089	49.597	51.1153	43.2925	57.8473	59.3537	40.8729	53.8909	39.6629	46.5299	34.7497	40.7201	42.4671	66.2218	37.3597
47.2223	51.3353	32.8228	35.0737	60.5904	62.2595	44.2924	53.3814	40.0301	44.1992	50.089	49.597	51.1153	43.2925	57.8473	59.3537	40.8729	53.8909	34.8609	46.5299	34.7497	40.7201	42.4671	66.2218	37.3597
47.2223	51.3353	32.8228	35.0737	60.5904	62.2595	43.7092	53.3814	40.0301	44.1992	50.089	49.597	51.1153	43.2925	57.8473	59.3537	40.8729	53.8909	34.8609	46.5299	34.7497	40.7201	42.4671	66.2218	37.3597
47.2223	51.3353	32.8228	35.0737	60.5904	62.2595	43.7092	53.3814	40.0301	44.1992	50.089	49.597	51.1153	43.2925	57.8473	59.3537	40.8729	53.8909	34.8609	46.5299	34.7497	40.7201	42.4671	66.2218	37.3597
47.2223	51.3353	32.8228	35.0737	60.5904	62.2595	43.7092	53.3814	40.0301	44.1992	50.089	49.597	51.1153	43.2925	57.8473	59.3537	40.8729	53.8909	34.8609	46.5299	34.7497	40.7201	42.4671	66.2218	37.3597
47.2223	51.3353	32.8228	35.0737	60.5904	62.2595	43.7092	53.3814	40.0301	44.1992	50.089	49.597	51.1153	43.2925	57.8473	59.3537	40.8729	53.8909	34.8609	46.5299	34.7497	40.7201	42.4671	66.2218	37.3597
47.2223	51.3353	32.8228	32.3958	60.5904	62.2595	43.7092	53.3814	40.0301	44.1992	50.089	49.597	51.1153	43.2925	57.8473	59.3537	40.8729	53.8909	34.8609	46.5299	34.7497	40.7201	42.4671	66.2218	37.3597
47.2223	51.3353	32.8228	32.3958	60.5904	62.2595	43.7092	53.3814	40.0301	44.1992	50.089	49.597	51.1153	43.2925	57.8473	59.3537	40.8729	53.8909	34.8609	46.5299	34.7497	40.7201	42.4671	66.2218	37.3597
47.2223	51.3353	32.8228	32.3958	60.5904	62.2595	43.7092	53.3814	40.0301	44.1992	50.089	49.597	51.1153	43.2925	57.8473	59.3537	40.8729	53.8909	34.8609	46.5299	34.7497	40.7201	42.4671	66.2218	37.3597
47.2223	51.3353	32.8228	32.3958	60.5904	62.2595	43.7092	53.3814	40.0301	44.1992	50.089	49.597	51.1153	43.2925	57.8473	59.3537	40.8729	53.8909	34.8609	46.5299	34.7497	40.7201	41.7236	66.2218	37.3597
47.2223	51.3353	30.8029	32.3958	60.5904	62.2595	43.7092	53.3814	40.0301	44.1992	50.089	49.597	51.1153	43.2925	57.8473	59.3537	40.8729	53.8909	34.8609	41.1325	34.7497	40.7201	41.7236	66.2218	37.3597
47.2223	51.3353	30.8029	32.3958	60.5904	52.2784	43.7092	53.3814	40.0301	44.1992	50.089	49.597	51.1153	43.2925	54.1343	59.3537	40.8729	53.8909	34.8609	41.1325	33.0926	40.7201	41.7236	52.7774	37.3597
47.2223	51.3353	27.5717	32.3958	60.5904	52.2784	43.7092	53.3814	40.0301	44.1992	50.089	48.8039	51.1153	43.2925	54.1343	56.1069	40.8729	53.8909	34.8609	35.9761	33.0926	40.7201	41.7236	52.7774	37.3597
47.2223	51.3353	27.5717	32.3958	60.5904	52.2784	43.7092	53.3814	40.0301	44.1992	50.089	48.8039	51.1153	43.2925	54.1343	56.1069	40.8729	53.8909	34.8609	35.9761	33.0926	40.7201	41.7236	52.7774	37.3597
47.2223	51.3353	27.5717	32.3958	60.5904	52.2784	43.7092	53.3814	40.0301	44.1992	50.089	48.8039	51.1153	43.1022	54.1343	56.1069	40.8729	53.8909	34.8609	35.9761	33.0926	40.7201	41.7236	52.7774	37.3597
47.2223	51.3353	20.7387	32.3958	60.5904	52.2784	43.7092	53.3814	40.0301	44.1992	50.089	48.8039	51.1153	43.1022	54.1343	56.1069	40.8729	53.8909	34.8609	35.9761	33.0926	40.7201	41.7236	52.7774	37.3597
47.2223	51.3353	20.7387	32.3958	60.5904	52.2784	43.7092	53.3814	40.0301	44.1992	50.089	48.8039	51.1153	43.1022	54.1343	56.1069	40.8729	53.8909	30.9726	35.9761	33.0926	40.7201	41.7236	52.7774	35.705
47.2223	51.3353	20.7387	32.3958	60.5904	52.2784	43.7092	53.3814	40.0301	44.1992	50.089	48.8039	51.1153	43.1022	54.1343	56.1069	40.8729	53.8909	30.9726	35.9761	33.0926	40.7201	41.7236	52.7774	35.705
47.2223	51.3353	20.7387	32.3958	60.5904	52.2784	43.7092	53.3814	40.0301	44.1992	50.089	48.8039	51.1153	43.1022	54.1343	56.1069	40.8729	53.8909	30.9726	35.9761	33.0926	40.7201	41.7236	52.7774	35.705
47.2223	51.3353	20.7387	32.3958	60.5904	52.2784	43.7092	53.3814	40.0301	44.1992	50.089	48.8039	51.1153	43.1022	54.1343	56.1069	40.8729	53.8909	30.9726	35.9761	33.0926	40.7201	41.7236	52.7774	35.705
47.2223	51.3353	20.7387	32.3958	60.5904	52.2784	43.7092	53.3814	40.0301	44.1992	50.089	48.8039	51.1153	42.385	54.1343	56.1069	40.8729	53.8909	30.9726	35.9761	33.0926	40.7201	41.7236	52.7774	35.705
47.2223	51.3353	20.7387	30.7716	60.5904	52.2784	38.9657	53.3814	40.0301	44.1992	50.089	48.8039	51.1153	42.385	54.1343	56.1069	40.8729	53.8909	30.9726	35.9761	33.0926	40.7201	41.7236	52.7774	35.705
47.2223	51.3353	20.7387	30.4901	60.5904	52.2784	38.9657	53.3814	40.0301	44.1992	50.089	48.8039	51.1153	42.385	54.1343	56.1069	40.8729	53.8909	30.9726	35.9761	33.0926	40.7201	41.7236	52.7774	35.705
47.2223	51.3353	20.7387	30.4901	60.5904	52.2784	38.9657	53.3814	40.0301	44.1992	50.089	48.8039	51.1153	42.385	54.1343	56.1069	40.8729	53.8909	30.9726	35.9761	33.0926	40.7201	41.7236	52.7774	35.705
47.2223	51.3353	20.4286	13.1497	60.5904	52.2784	38.9657	53.3814	40.0301	44.1992	50.089	48.8039	51.1153	42.385	54.1343	51.1662	40.8729	53.8909	30.9726	35.9761	33.0926	40.7201	41.7236	52.7774	35.705
47.2223	51.3353	20.4286	13.1497	60.5904	47.6448	38.9657	53.3814	40.0301	42.4676	50.089	48.8039	51.1153	42.385	54.1343	46.6955	40.8729	53.8909	30.9726	35.9761	33.0926	40.7201	41.7236	52.7774	35.705
38.0377	51.3353	20.4286	13.1497	60.5904	47.6448	38.9657	53.3814	40.0301	42.4676	50.089	48.8039	51.1153	42.385	54.1343	46.6955	40.8729	53.8909	30.9726	35.9761	29.614	40.7201	41.0864	52.7774	35.705
38.0377	51.3353	20.4286	13.1497	60.5904	47.6448	38.9657	53.3814	40.0301	42.4676	50.089	48.8039	51.1153	42.385	54.1343	46.6955	40.8729	53.8909	30.9726	27.4068	29.614	40.7201	41.0864	52.7774	35.705
38.0377	51.3353	20.4286	13.1497	60.5904	47.6448	38.9657	53.3814	40.0301	42.4676	50.089	48.8039	51.1153	42.385	54.1343	46.6955	40.8729	53.8909	30.9726	27.4068	29.614	40.7201	41.0864	52.7774	35.705
38.0377	51.3353	19.2678	13.1497	57.8935	47.6448	38.9657	53.3814	40.0301	42.4676	50.089	48.8039	51.1153	41.4475	54.1343	46.6955	40.8729	53.8909	30.9726	27.4068	29.614	38.6449	41.0864	52.7774	35.705
38.0377	51.3353	19.2678	13.1497	57.8935	47.6448	38.9657	53.3814	40.0301	42.4676	50.089	48.8039	51.1153	41.4475	54.1343	46.6955	40.8729	53.8909	30.9726	27.4068	29.614	38.6449	40.5862	52.7774	35.705
38.0377	51.3353	17.0124	13.1497	57.8935	47.6448	38.9657	53.3814	40.0301	42.4676	50.089	48.8039	51.1153	41.4475	54.1343	46.6955	40.8729	53.8909	30.9726	27.4068	29.614	38.4668	37.2285	52.7774	35.705
38.0377	51.3353	17.0124	13.1497	57.8935	47.6448	38.9657	53.3814	40.0301	42.4676	50.089	48.8039	51.1153	41.4475	54.1343	46.6955	40.8729	53.8909	30.9726	27.4068	29.2113	38.4668	37.2285	52.7774	35.705
38.0377	51.3353	17.0124	13.1497	57.8935	47.6448	38.9657	53.3814	40.0301	42.4676	50.089	48.8039	51.1153	41.4475	54.1343	46.6955	40.8729	53.8909	30.9726	22.4686	28.0869	30.2681	37.2285	52.7774	35.705
38.0377	51.3353	12.5836	13.1497	57.8935	47.6448	38.9657	53.3814	40.0301	42.4676	50.089	48.8039	51.1153	41.4475	54.1343	46.6955	40.8729	53.8909	30.9726	22.4686	26.0611	30.2681	37.2285	52.7774	35.705
38.0377	51.3353	12.5836	12.5893	57.8935	47.6448	38.9657	53.3814	40.0301	42.4676	50.089	48.8039	51.1153	33.3413	54.1343	46.6955	40.8729	53.8909	30.9726	20.9928	24.155	30.2681	37.2285	52.7774	35.705
38.0377	51.3353	12.5836	12.1462	57.8935	47.6448	38.9657	53.3814	40.0301	42.4676	50.089	46.4585	51.1153	33.3413	54.1343	46.6955	40.8729	53.8909	30.9726	20.9928	24.155	30.2681	37.2285	52.7774	35.705
38.0377	51.3353	12.5836	10.72	57.8935	47.6448	38.9657	53.3814	40.0301	42.4676	50.089	46.4585	51.1153	33.3413	54.1343	46.6955	40.8729	53.8909	30.9726	20.9928	24.155	30.2681	37.2285	52.7774	35.705
38.0377	51.3353	12.5836	10.72	57.8935	47.6448	38.9657	53.3814	40.0301	42.4676	50.089	46.4585	51.1153	33.3413	54.1343	46.6955	29.6919	53.8909	30.9726	20.4601	23.5751	29.8882	37.2285	52.7774	35.705
38.0377	51.3353	12.5836	8.11647	57.8935	47.6448	38.9657	53.3814	38.9679	42.4676	50.089	44.6098	51.1153	33.3413	54.1343	46.6955	29.6919	53.8909	30.9726	17.0279	23.5751	29.8882	37.2285	52.7774	35.705
38.0377	51.3353	11.3649	6.25623	57.8935	47.6448	38.9657	53.3814	38.9025	42.4676	50.089	44.6098	51.1153	33.3413	54.1343	46.6955	29.6919	53.8909	30.9726	17.0279	23.5751	29.8882	37.2285	52.7774	35.705
38.0377	51.3353	11.3649	4.26269	48.9006	47.6448	38.9657	53.3814	38.9025	42.4676	50.089	44.6098	51.1153	33.3413	54.1343	46.6955	29.6919	53.8909	30.9726	17.0279	17.8967	29.8882	37.2285	52.7774	35.705
38.0377	51.3353	11.2233	4.26269	48.9006	47.6448	38.9657	53.3814	38.9025	42.4676	50.089	43.7243	51.1153	33.3413	54.1343	46.6955	29.6919	53.8909	30.9726	17.0279	17.8967	19.9304	37.2285	52.7774	35.705
38.0377	51.3353	11.2233	4.14671	48.9006	47.6448	38.9657	53.3814	38.9025	41.6003	50.089	43.7243	51.1153	33.3413	54.1343	46.6955	29.6919	53.8909	19.8677	17.0279	17.746	19.9304	37.2285	52.7774	35.705
38.0377	51.3353	11.1838	4.00832	48.9006	47.6448	38.9657	53.3814	38.9025	41.6003	50.089	43.7243	51.1153	33.3413	54.1343	46.6955	29.6919	53.8909	19.8677	14.2278	17.746	19.9304	37.2285	52.7774	35.705
38.0377	51.3353	10.881	3.73248	48.9006	47.6448	38.9657	53.3814	38.9025	41.6003	50.089	43.7243	51.1153	33.3413	54.1343	46.6955	29.6919	53.8909	19.8677	14.2278	17.746	19.9304	37.2285	52.7774	29.8662
38.0377	51.3353	9.56566	2.46335	48.9006	47.6448	38.9657	53.3814	38.9025	41.6003	50.089	43.7243	51.1153	33.3413	54.1343	46.6955	29.6919	53.8909	19.8677	12.4755	16.9007	19.9304	37.2285	52.7774	29.8662
38.0377	51.3353	9.56566	2.16531	48.9006	47.6448	38.9657	53.3814	38.9025	41.6003	50.089	43.7243	51.1153	33.3413	50.6664	46.6955	29.6919	53.8909	19.8677	11.3109	16.4973	19.9304	33.3866	52.7774	29.8662
38.0377	51.3353	9.56566	2.10883	48.9006	47.6448	36.5889	53.3814	38.9025	41.6003	50.089	43.7243	51.1153	33.3413	50.6664	46.6955	29.6919	53.8909	19.8677	11.3109	16.4973	19.9304	33.3866	52.7774	29.8662
38.0377	51.3353	9.56566	1.39075	48.9006	47.6448	31.181	53.3814	38.9025	41.6003	50.089	38.264	51.1153	33.3413	50.6664	46.6955	29.6919	53.8909	19.8677	11.3109	16.4973	19.9304	33.3866	52.7774	29.8662
38.0377	51.3353	8.16164	1.39075	48.9006	47.6448	31.181	53.3814	38.9025	41.6003	50.089	38.264	51.1153	33.3413	50.6664	46.6955	29.6919	53.8909	19.8677	11.3109	11.7015	17.3724	33.3866	52.7774	29.8662
38.0377	51.3353	8.16164	1.39075	48.9006	47.6448	31.181	53.3814	38.9025	41.6003	50.089	38.264	51.1153	33.3413	50.6664	46.6955	29.6919	53.8909	19.8677	10.072	11.0714	17.3724	33.3866	52.7774	29.8662
38.0377	51.3353	8.16164	1.23853	48.9006	47.6448	31.181	53.3814	38.9025	40.0769	50.089	38.264	51.1153	33.3413	50.6664	46.6955	29.6919	53.8909	19.8677	10.072	11.0714	15.2653	33.3866	52.7774	29.8662
38.0377	51.3353	7.58534	1.19224	48.9006	47.6448	31.181	53.3814	38.9025	34.5353	50.089	38.264	51.1153	33.3413	50.6664	46.6955	29.6919	53.8909	19.8677	9.68943	11.0714	15.2653	29.9534	52.7774	29.8662
38.0377	51.3353	7.58534	1.19224	48.9006	47.6448	31.181	53.3814	38.4307	34.5353	50.089	36.4296	51.1153	33.3413	50.6664	46.6955	29.6919	53.8909	14.4672	9.55821	9.23952	15.2313	29.9534	52.7774	29.8662
38.0377	51.3353	7.49622	1.1576	48.9006	47.6448	27.0627	53.3814	38.4307	34.5353	50.089	29.5323	51.1153	33.3413	50.6664	46.6955	29.6919	53.8909	8.34901	8.72674	9.23952	15.2313	29.9534	52.7774	29.8662
38.0377	51.3353	7.25857	0.947465	48.9006	47.6448	25.7933	53.3814	38.4307	34.5353	50.089	28.224	51.1153	33.3413	50.6664	46.6955	29.6919	50.3616	8.34901	8.2849	9.23952	13.3334	27.9925	52.7774	29.8662
38.0377	51.3353	7.02769	0.947465	48.9006	47.6448	25.7933	53.3814	38.4307	34.5353	50.089	28.224	51.1153	28.6185	50.6664	46.6955	29.6919	50.3616	8.34901	7.9966	8.69579	11.9874	27.9925	52.7774	29.8662
38.0377	51.3353	6.98529	0.679203	48.9006	47.6448	25.7933	53.3814	29.7307	32.5291	50.089	28.224	51.1153	28.6185	50.6664	46.6955	29.6919	50.3616	8.34901	7.90579	7.79817	11.9874	24.2978	52.7774	29.8662
38.0377	51.3353	6.67952	0.679203	48.9006	47.6448	23.1359	53.3814	29.7307	32.3253	50.089	28.224	51.1153	19.9565	50.6664	46.6955	29.6919	50.3616	8.34901	7.41543	7.48063	10.2969	24.2978	52.7774	29.8662
38.0377	51.3353	6.67952	0.679203	48.9006	47.6448	23.1359	53.3814	29.7307	32.3253	50.089	27.9553	51.1153	19.9565	50.6664	46.6955	29.6919	50.3616	8.34901	6.8557	7.13348	9.02413	24.2978	52.7774	29.8662
38.0377	51.3353	6.14931	0.67012	48.9006	47.6448	23.1359	53.3814	29.7307	32.3253	50.089	27.5217	51.1153	19.9565	50.6664	46.6955	29.6919	50.3616	7.41457	6.8557	6.87553	9.02413	24.2978	52.7774	29.8662
38.0377	51.3353	5.77624	0.608213	48.9006	47.6448	23.1359	53.3814	29.7307	29.3667	50.089	27.1454	51.1153	19.9565	50.6664	46.6955	29.6919	50.3616	7.41457	6.8557	6.58501	9.02413	21.8648	52.7774	29.8662
38.0377	51.3353	5.35819	0.561941	48.9006	47.6448	23.1359	53.3814	29.7307	28.7196	50.089	27.1454	51.1153	19.9565	50.6664	46.6955	29.6919	50.3616	6.0055	6.8557	6.58501	8.29272	21.8648	52.7774	29.8662
38.0377	51.3353	4.71678	0.561941	48.9006	47.6448	18.3455	53.3814	29.7307	21.0603	50.089	23.7028	51.1153	16.8649	50.6664	46.6955	29.3068	50.3616	6.0055	6.8557	6.37152	7.33861	21.8648	52.7774	22.8923
38.0377	51.3353	4.71678	0.545992	48.9006	47.6448	18.3455	53.3814	29.7307	21.0603	50.089	23.7028	51.1153	16.8649	50.6664	46.6955	29.3068	50.3616	6.0055	6.49129	6.3475	7.33861	21.8648	52.7774	22.8923
38.0377	51.3353	4.66819	0.480542	48.9006	47.6448	16.036	53.3814	29.7307	20.9879	50.089	23.7028	51.1153	16.8649	50.6664	46.6955	26.3838	50.3616	4.67393	6.31929	5.92403	6.48668	21.8648	52.7774	22.8923
38.0377	51.3353	4.54858	0.480542	48.9006	47.6448	16.036	53.3814	29.7307	20.9879	50.089	23.7028	51.1153	8.89177	35.298	46.6955	26.3838	50.3616	4.67393	5.92993	5.86151	5.44949	21.8648	52.7774	22.8923
38.0377	51.3353	4.44063	0.468462	48.9006	47.6448	16.036	53.3814	29.7307	16.8119	50.089	23.1362	51.1153	8.89177	35.298	46.6955	26.3838	50.3616	4.67393	5.78012	5.76119	5.16736	21.8648	52.7774	22.8923
38.0377	51.3353	4.15451	0.440092	48.9006	47.6448	16.036	53.3814	29.7307	16.8119	50.089	22.9618	51.1153	8.89177	35.298	46.6955	23.6097	50.3616	4.67393	5.64105	5.6171	5.16736	21.8648	52.7774	22.8923
38.0377	51.3353	4.00473	0.408414	48.9006	47.6448	16.036	53.3814	29.7307	16.4652	50.089	21.095	51.1153	8.89177	35.298	46.6955	22.1565	50.3616	4.45096	5.51441	5.59385	4.53578	21.8648	52.7774	22.8923
38.0377	51.3353	3.92357	0.387042	48.9006	47.6448	16.036	53.3814	29.7307	12.1249	50.089	20.8421	51.1153	7.86677	35.298	46.6955	20.5709	50.3616	4.3262	5.32573	5.32975	4.11159	21.8648	52.7774	22.8923
38.0377	51.3353	3.92357	0.339979	48.9006	47.6448	16.036	53.3814	29.7307	12.1249	50.089	20.3359	51.1153	6.77712	35.298	46.6955	20.5709	50.3616	4.29532	5.17408	5.3053	4.05597	21.8648	52.7774	22.8923
38.0377	51.3353	3.8231	0.339979	48.9006	47.6448	16.036	53.3814	29.7307	11.091	50.089	20.1689	51.1153	6.00926	35.298	46.6955	17.1277	50.3616	4.01428	5.09629	5.28598	3.72775	21.5755	52.7774	22.8923
38.0377	51.3353	3.78981	0.339979	48.9006	47.6448	13.0173	53.3814	29.7307	11.091	50.089	20.0383	51.1153	6.00926	35.298	46.6955	15.607	50.3616	3.63692	5.00074	5.22085	3.72775	18.7947	52.7774	22.8923
38.0377	51.3353	3.7322	0.322861	48.9006	47.6448	13.0173	53.3814	29.7307	10.1761	50.089	19.872	51.1153	5.11879	35.298	46.6955	10.9728	50.3616	3.56015	4.8538	5.14675	3.72775	18.7947	52.7774	22.8923
38.0377	51.3353	3.7322	0.290748	48.9006	47.6448	13.0173	53.3814	29.7307	8.48559	50.089	19.4092	51.1153	5.11879	35.298	46.6955	10.9728	50.3616	3.08365	4.6418	4.89936	3.62333	18.7947	52.7774	22.8923
38.0377	51.3353	3.64614	0.289188	48.9006	47.6448	12.3894	53.3814	28.3113	8.48559	50.089	18.925	51.1153	4.93205	35.298	46.6955	10.9728	50.3616	3.08365	4.5441	4.81354	3.33809	14.3716	52.7774	22.8923
38.0377	51.3353	3.626	0.265836	48.9006	47.6448	10.9473	53.3814	22.7198	8.48559	50.089	18.7241	51.1153	4.93205	35.298	46.6955	10.9728	48.4409	2.82771	4.48487	4.71072	3.18789	14.3716	52.7774	17.8928
38.0377	47.3643	3.54386	0.248687	48.9006	46.3391	10.9473	53.3814	21.2207	8.48559	50.089	18.5855	51.1153	4.288	35.298	46.6955	10.9728	48.4409	2.76487	4.40773	4.46827	3.05496	14.3716	52.7774	17.8928
38.0377	47.3643	3.49346	0.241195	48.9006	46.3391	10.9473	53.3814	21.2207	8.21683	50.089	18.1162	51.1153	4.00942	35.298	46.6955	10.9728	48.4409	2.76487	4.35404	4.42361	2.81835	14.3716	52.7774	17.8928
38.0377	47.3643	3.37333	0.227732	48.9006	46.3391	9.75509	53.3814	17.6675	7.86426	50.089	17.9465	51.1153	4.00942	35.298	46.6955	10.9728	48.4409	2.66878	4.35404	4.26583	2.81835	14.3716	52.7774	17.8928
33.9451	47.3643	3.37333	0.216816	48.9006	46.3391	9.40611	53.3814	17.6675	7.34871	50.089	17.8183	51.1153	3.75557	35.298	46.6955	10.9728	48.4409	2.59618	4.22597	4.24472	2.54861	13.9665	52.7774	17.8928
28.9684	47.3643	3.36694	0.2127	48.9006	46.3391	8.95571	53.3814	10.6444	7.22147	50.089	17.6264	51.1153	3.44309	35.298	46.6955	10.9728	48.4409	2.40116	4.22597	4.15804	2.54861	13.3351	52.7774	17.8928
28.9684	47.3643	3.30917	0.206785	48.9006	46.3391	8.82919	53.3814	10.6444	6.51661	50.089	17.238	51.1153	3.44309	35.298	46.6955	10.9728	48.4409	2.40116	4.17031	4.14361	2.48935	13.3351	52.7774	17.8928
28.9684	47.3643	3.27918	0.193563	48.9006	42.2599	7.72396	53.3814	10.6444	6.51661	50.089	17.238	51.1153	3.41206	35.298	46.6955	10.9728	48.4409	2.24758	4.10834	4.05608	2.48935	12.4171	52.7774	14.1484
28.9684	47.3643	3.22285	0.185549	48.9006	42.2599	7.08072	53.3814	7.81883	5.82619	50.089	16.9515	51.1153	3.22402	35.298	46.6955	10.9728	48.4409	2.2273	3.95163	4.02866	2.44037	12.4171	46.5235	14.1484
28.9684	47.3643	3.18364	0.185549	48.9006	42.2599	6.6706	53.3814	7.81883	5.82619	50.089	16.7932	51.1153	2.58451	35.298	46.6955	9.85282	48.4409	2.17559	3.92313	4.00583	2.38436	8.13964	46.5235	14.0277
28.9684	47.3643	3.1728	0.178767	47.1489	42.2599	6.6706	53.3814	6.69652	5.74323	50.089	16.7932	51.1153	2.58451	35.298	46.6955	9.32933	48.4409	2.1647	3.89479	3.94406	2.34289	8.13964	46.5235	14.0277
28.9684	47.3643	3.15233	0.177257	47.1489	42.1829	6.6706	53.3814	4.45056	5.74323	50.089	16.6045	51.1153	2.58451	35.298	46.6955	7.78436	48.4409	2.11803	3.85072	3.91104	2.27196	7.81988	46.5235	13.1674
28.9684	47.3643	3.09497	0.169779	47.1489	34.435	6.28453	53.3814	3.69965	5.60045	50.089	16.6045	51.1153	2.44666	35.298	46.6955	7.70354	48.4409	2.06032	3.7916	3.89938	2.23378	7.81988	46.5235	10.8349
28.9684	47.3643	3.04853	0.162774	47.1489	34.435	6.03625	53.3814	3.69965	5.52036	50.089	16.5666	51.1153	2.32012	35.298	46.6955	7.70354	48.4409	1.99331	3.69861	3.83503	2.22634	7.81988	46.5235	9.56153
28.9684	47.3643	2.97549	0.155438	47.1489	34.435	6.03625	53.3814	3.69965	5.41417	50.089	16.5004	51.1153	2.221	35.298	46.6955	6.84991	48.4409	1.9656	3.60941	3.80086	2.19511	7.81988	46.5235	9.56153
28.9684	47.3643	2.93094	0.15071	47.1489	34.1798	5.92127	53.3814	3.69965	5.25241	48.7327	16.4539	51.1153	2.11817	35.298	46.6955	6.84991	48.4409	1.88631	3.57767	3.74171	2.18835	5.80929	46.5235	8.59532
28.9684	47.3643	2.87074	0.146011	47.1489	30.0602	5.74423	53.3814	3.69965	5.25241	48.7327	16.3499	51.1153	2.11645	35.298	46.6955	6.84991	48.4409	1.87567	3.49934	3.71591	2.14089	5.26784	46.5235	5.69408
28.9684	47.3643	2.81974	0.140459	47.1489	30.0602	5.49831	53.3814	3.21247	5.13702	48.7327	16.3241	51.1153	1.97824	35.298	46.6955	6.7022	48.4409	1.82246	3.41561	3.61561	2.11534	5.26784	46.5235	5.69408
28.9684	47.3643	2.78199	0.130547	47.1489	26.4841	5.49831	53.3814	3.21247	4.95392	48.7327	16.1849	51.1153	1.92427	35.298	46.6955	6.48032	48.4409	1.78208	3.38783	3.6019	2.10763	4.54439	46.5235	5.69408
28.9684	47.3643	2.76437	0.125265	44.6383	26.4841	5.30086	53.3814	2.4481	4.93618	45.0498	16.1849	51.1153	1.89674	35.298	46.6955	6.27035	48.4409	1.73849	3.32136	3.53716	2.10163	4.2883	46.5235	4.12243
28.9684	47.3643	2.70394	0.117433	44.6383	26.4841	5.21173	53.3814	2.4481	4.89321	45.0498	16.1849	51.1153	1.80487	35.298	46.6955	6.18547	48.4409	1.7164	3.24613	3.47174	2.09593	4.2883	46.5235	3.89665
28.9684	47.0088	2.66625	0.114039	44.6383	23.063	5.21173	53.3814	2.4481	4.82905	45.0498	16.1434	51.1153	1.71839	35.298	46.6955	5.76264	48.4409	1.67603	3.19936	3.43884	2.0749	3.7308	46.5235	3.89665
28.9684	47.0088	2.59759	0.112515	43.4098	23.063	5.17229	53.3814	2.4481	4.82905	45.0498	16.1147	51.1153	1.70603	35.298	46.6955	5.63196	48.4409	1.65505	3.13719	3.41584	2.06611	3.129	46.5235	3.89665
28.9684	47.0088	2.56265	0.106002	43.0466	22.962	5.0463	53.3814	2.4481	4.81515	39.8954	16.0995	51.1153	1.66267	35.298	46.6955	5.32923	48.4409	1.62341	3.08113	3.39476	2.06611	2.76109	46.5235	3.00702
28.9684	47.0088	2.55191	0.104153	41.2115	22.962	4.99357	53.3814	2.31928	4.78198	36.652	16.0699	51.1153	1.65004	35.298	46.6955	5.23986	48.4409	1.5755	3.02506	3.39024	2.05097	2.76109	46.5235	3.00702
28.9684	47.0088	2.51931	0.0968683	41.2115	22.4126	4.89973	53.3814	2.22695	4.704	36.652	16.0353	51.1153	1.62749	35.298	46.6955	5.00001	48.4409	1.52831	2.9787	3.36009	2.04293	2.76109	46.5235	3.00702
25.9474	47.0088	2.49009	0.0961057	40.4312	21.4716	4.81254	49.4739	2.20276	4.66629	36.652	15.9976	51.1153	1.62525	35.298	46.6955	4.76529	48.4409	1.49249	2.92927	3.33981	2.04293	2.43199	46.5235	2.99062
24.8633	44.3667	2.47249	0.0907862	40.4312	20.934	4.79794	49.4739	2.16779	4.66139	36.0438	15.9493	51.1153	1.57704	35.298	46.6955	4.64027	48.4409	1.4676	2.871	3.31862	2.02679	2.43199	46.5235	2.28452
23.5786	44.3667	2.44014	0.0881633	40.4312	20.6925	4.67377	49.4739	2.08418	4.63934	36.0438	15.9258	51.1153	1.57355	35.298	46.6955	4.50193	48.4409	1.44568	2.80327	3.29287	2.02546	2.019	46.5235	2.25304
22.2672	44.3667	2.42291	0.0835995	40.4312	20.4027	4.60814	49.4739	2.02511	4.63749	36.0438	15.8972	51.1153	1.53593	35.298	46.6955	4.31897	48.4409	1.39323	2.71223	3.27681	2.02049	2.019	46.5235	2.25304
22.2672	44.3667	2.40878	0.0801424	40.4312	19.3627	4.59951	49.4739	1.93198	4.61287	36.0438	15.8589	51.1153	1.52383	35.298	46.6955	4.23895	48.4409	1.32161	2.64396	3.26207	2.01851	1.93295	46.5235	2.07436
22.2672	36.336	2.3966	0.0777024	40.4312	19.3627	4.5539	49.4739	1.92122	4.57948	33.1416	15.8391	51.1153	1.50276	35.298	46.6955	4.21956	48.4409	1.29203	2.62035	3.2406	2.01694	1.8008	46.5235	2.0066
20.3514	36.336	2.38277	0.0724803	37.4961	19.3627	4.48145	49.4739	1.89051	4.54577	33.1416	15.8195	51.1153	1.47437	35.298	46.6955	4.16035	48.4409	1.24431	2.53196	3.23309	2.01452	1.6376	46.5235	1.96781
19.7539	36.336	2.36911	0.0683568	37.4961	19.132	4.4333	49.4739	1.79254	4.51522	33.1416	15.7809	51.1153	1.46173	35.298	46.6955	4.05847	48.4409	1.20397	2.49424	3.21439	2.01076	1.63386	46.5235	1.77227
15.6937	36.336	2.36629	0.0648171	37.4961	18.932	4.3663	49.4739	1.75996	4.47658	31.1968	15.7668	51.1153	1.43802	35.298	46.6955	4.02117	48.4409	1.14258	2.46286	3.20696	2.01076	1.57302	46.5235	1.73895
15.6937	34.8604	2.35497	0.0648171	37.4961	18.525	4.21634	49.4739	1.71546	4.4638	31.1968	15.7332	51.1153	1.42846	35.298	46.6955	3.93417	48.4409	1.11335	2.43731	3.19396	2.00904	1.53121	46.5235	1.66732
15.0897	34.8604	2.34495	0.0608462	37.4961	18.4721	4.08075	49.4739	1.65884	4.43493	31.1968	15.7082	51.1153	1.40552	35.298	46.6955	3.91015	48.4409	1.05605	2.38187	3.17538	2.00891	1.45416	46.5235	1.56153
15.0897	34.8604	2.33015	0.0601423	37.4961	18.3252	3.99901	49.4739	1.65884	4.43397	30.3654	15.6973	51.1153	1.38877	35.298	46.6955	3.91015	48.4409	0.998747	2.36434	3.16919	2.00684	1.36748	46.5235	1.52102
13.464	32.4291	2.31827	0.057481	37.4961	18.2482	3.92997	49.4739	1.58944	4.39899	29.3583	15.671	51.1153	1.37985	35.298	46.6955	3.8706	48.4409	0.987742	2.2937	3.16169	2.00613	1.30358	46.5235	1.52102
13.464	30.1885	2.31264	0.0545457	33.2198	18.1373	3.78858	49.4739	1.56058	4.37333	29.3583	15.6447	51.1153	1.36593	35.298	46.6955	3.87017	48.4409	0.944297	2.27317	3.14985	2.00613	1.25527	46.5235	1.44011
13.4564	27.9134	2.29819	0.0524254	33.2198	18.0447	3.59445	49.4739	1.50497	4.3513	25.6939	15.6147	51.1153	1.33668	35.298	46.6955	3.801	48.4409	0.91768	2.23958	3.13838	2.00509	1.22832	46.5235	1.32325
13.4564	23.1297	2.29144	0.0499208	33.2198	17.8853	3.58654	49.4739	1.47933	4.31522	25.6939	15.5836	51.1153	1.32545	35.298	46.6955	3.801	48.4409	0.871741	2.19825	3.13285	2.00497	1.14025	46.5235	1.32325
13.4564	23.1297	2.27932	0.0476376	29.0366	17.7476	3.52958	49.4739	1.4555	4.29107	25.6939	15.5642	51.1153	1.31009	35.298	46.6955	3.78488	48.4409	0.852798	2.16473	3.12379	2.00331	1.12657	46.5235	1.27739
11.7861	22.6102	2.26192	0.04562	29.0366	17.6431	3.43746	49.4739	1.43254	4.2549	25.6939	15.5278	51.1153	1.29208	35.298	46.6955	3.73865	48.4409	0.820343	2.15236	3.11589	2.0028	1.08738	46.5235	1.27739
9.99783	20.5368	2.25672	0.0439498	23.3723	17.6427	3.33757	49.4739	1.3975	4.22881	25.5033	15.5108	51.1153	1.28088	33.739	46.6955	3.72343	48.4409	0.79405	2.13675	3.11093	2.00193	1.0778	46.5235	1.26956
9.99783	20.5368	2.23664	0.0424638	23.3723	17.587	3.24492	49.4739	1.37199	4.19225	25.5033	15.4706	51.1153	1.26915	33.739	46.6955	3.67861	48.4409	0.777077	2.11333	3.1071	2.00157	1.05127	46.5235	1.24016
9.99783	20.5329	2.22987	0.0397749	23.3723	17.5771	3.24492	49.4739	1.37199	4.1542	25.5033	15.4311	51.1153	1.26252	30.3676	46.6955	3.63069	48.4409	0.75524	2.08553	3.10099	2.00106	1.03687	46.5235	1.23368
9.27731	20.5329	2.21115	0.0379351	23.337	17.5465	3.15867	49.4739	1.34721	4.11865	24.4289	15.3937	51.1153	1.25287	28.0989	46.6955	3.56378	48.4409	0.717556	2.0576	3.09496	2.00001	1.02712	46.5235	1.20605
8.08726	19.853	2.20448	0.036473	22.881	17.4855	3.14049	49.4739	1.31907	4.08463	24.4289	15.3414	38.2115	1.23942	25.1916	46.6955	3.54918	48.4409	0.700844	2.04073	3.08837	1.9998	0.973141	46.5235	1.19152
7.65914	18.5394	2.19624	0.0354932	21.2677	17.4855	3.09193	44.6185	1.29564	4.07243	24.4289	15.3061	38.2115	1.2282	25.1916	46.6955	3.50091	48.4409	0.684021	2.00936	3.0831	1.99903	0.966315	46.5235	1.17815
7.01871	18.3591	2.17893	0.0340326	21.2677	17.4515	3.03549	44.6185	1.28207	4.02007	24.4289	15.2507	38.2115	1.21503	24.6215	46.6955	3.46478	48.4409	0.66837	1.98735	3.07439	1.9986	0.908971	44.4611	1.17127
6.22946	18.0303	2.16802	0.0335514	20.0647	17.3981	3.00034	44.6185	1.26488	3.97476	23.9044	15.2086	38.2115	1.20893	24.6215	46.6955	3.43415	48.4409	0.657656	1.98012	3.06829	1.99842	0.899353	44.4611	1.14791
5.87863	18.0303	2.16261	0.0315861	19.2845	17.3767	2.94805	44.6185	1.24815	3.9503	23.6678	15.192	38.2115	1.20316	23.1005	46.6955	3.39974	48.4409	0.644772	1.97241	3.06544	1.99774	0.846807	44.4611	1.14791
5.32337	17.6719	2.15847	0.0294342	19.1959	17.2747	2.92083	44.6185	1.24727	3.91193	23.5268	15.1588	38.2115	1.19878	21.1339	46.6955	3.36192	48.4409	0.623779	1.95449	3.05882	1.99734	0.815347	44.4611	1.14791
5.09146	17.3854	2.15399	0.0276573	19.1959	17.2023	2.89824	44.6185	1.21622	3.88282	23.4439	15.0865	38.2115	1.19783	21.1339	46.6955	3.32293	48.4409	0.613352	1.93724	3.05794	1.99697	0.785696	44.4611	1.1469
4.81378	16.9975	2.14704	0.0246073	18.956	17.1573	2.87071	44.6185	1.17591	3.85968	23.2214	15.067	38.2115	1.19649	19.3136	46.6955	3.29284	48.4409	0.594093	1.90938	3.052	1.99644	0.756691	44.4611	1.14453
4.1639	16.6348	2.13609	0.0225144	18.5847	17.065	2.84315	44.6185	1.15437	3.84301	23.0315	15.0078	38.2115	1.19141	18.0714	46.6955	3.24113	48.4409	0.585243	1.87995	3.04695	1.99603	0.726579	44.4611	1.13958
4.04963	16.4699	2.12793	0.0208344	18.3792	17.0324	2.83142	44.6185	1.14057	3.81234	23.0315	14.8944	38.2115	1.18916	18.0714	46.6955	3.22415	48.4409	0.559468	1.84716	3.04216	1.99543	0.699603	44.4611	1.13299
3.90322	16.251	2.12151	0.0194528	17.683	16.9641	2.81309	44.6185	1.13094	3.79902	22.6405	14.8698	37.221	1.18579	18.0714	46.6955	3.19816	48.4409	0.547007	1.83465	3.03968	1.99509	0.6677	44.4611	1.12809
3.39578	16.1285	2.11023	0.0174613	17.3563	16.8378	2.79124	44.6185	1.10222	3.7618	22.6196	14.8375	37.221	1.18071	18.0555	46.6955	3.16391	48.4409	0.525722	1.81136	3.0381	1.9947	0.666083	44.4611	1.12531
3.39578	15.6532	2.10357	0.0162112	17.0263	16.8378	2.76864	44.6185	1.08886	3.74133	22.5543	14.7722	37.221	1.17847	18.0555	46.6955	3.11735	48.4409	0.507636	1.78907	3.03468	1.99421	0.626773	44.4611	1.12261
3.35577	15.6532	2.09633	0.0152281	16.8075	16.761	2.74137	44.6185	1.08033	3.72392	22.3895	14.7152	37.221	1.17137	17.5062	46.6955	3.08946	48.4409	0.494975	1.77935	3.0336	1.99408	0.600262	44.4611	1.12191
3.25177	15.4028	2.08501	0.0137391	16.4196	16.6449	2.72775	44.6185	1.05792	3.69075	22.1681	14.6764	35.9508	1.16831	17.0241	46.6955	3.04791	48.4409	0.484189	1.7564	3.02523	1.99369	0.572287	44.4611	1.11779
3.18393	15.2851	2.07869	0.0125538	16.2548	16.6205	2.70014	44.6185	1.0395	3.67669	22.1681	14.6653	29.2672	1.16656	17.0212	46.6955	3.03936	48.4409	0.462181	1.7472	3.02109	1.99348	0.541655	44.4611	1.11389
3.10278	15.2595	2.07677	0.0110302	16.2401	16.5993	2.67412	44.6185	1.00673	3.65396	21.9993	14.6406	29.2672	1.16447	16.7871	46.6955	3.0178	46.9931	0.454835	1.72671	3.01828	1.99325	0.522796	44.4611	1.11033
2.99994	15.1384	2.07083	0.0100322	16.1254	16.5423	2.66604	44.6185	0.996489	3.62796	21.8928	14.6237	23.7177	1.15807	16.7777	46.6955	2.99728	46.9931	0.442075	1.7007	3.01501	1.99304	0.494316	44.4611	1.10466
2.91288	15.0683	2.06752	0.00879377	16.0585	16.4977	2.64538	44.6185	0.986354	3.60472	21.7351	14.5915	23.7177	1.15547	16.7595	46.3707	2.96909	46.9931	0.430829	1.68595	3.01258	1.9928	0.485497	44.4611	1.10171
2.7964	14.9379	2.0666	0.00787648	15.8534	16.4586	2.64391	44.6185	0.963095	3.59273	21.4029	14.5651	23.7177	1.15295	16.5932	46.3707	2.94582	46.9931	0.423356	1.67009	3.00964	1.9923	0.463789	44.4611	1.09982
2.67251	14.9147	2.06463	0.0069099	15.8534	16.3664	2.62324	44.6185	0.937415	3.57873	21.085	14.5456	23.7177	1.14958	16.548	46.3707	2.92677	46.9931	0.404056	1.65891	3.00759	1.99199	0.452269	44.4611	1.09599
2.58224	14.8661	2.06268	0.00648141	15.7435	16.3105	2.60535	44.6185	0.923027	3.56996	20.6476	14.527	21.7144	1.14619	16.472	46.3707	2.90779	46.9931	0.382036	1.6482	3.00692	1.99183	0.42907	44.4611	1.09313
2.51948	14.7894	2.05937	0.00578849	15.7343	16.2846	2.58832	44.6185	0.902403	3.56237	20.5152	14.5002	20.6563	1.1403	16.472	46.3707	2.87956	46.9931	0.366031	1.63332	3.00556	1.99157	0.4101	44.4611	1.08847
2.40407	14.782	2.05526	0.00517066	15.5914	16.2569	2.57543	44.6185	0.889525	3.55051	20.2156	14.4665	19.8867	1.13476	16.4546	46.3707	2.86424	46.9931	0.350177	1.62204	3.00464	1.99138	0.394412	44.4611	1.08726
2.40407	14.7621	2.05387	0.0047649	15.5681	16.2458	2.56582	31.7403	0.881703	3.54483	20.1021	14.4464	19.5804	1.13247	16.2924	46.3707	2.8419	46.9931	0.339695	1.61717	3.00324	1.99123	0.382389	44.4611	1.08551
2.34046	14.7443	2.04922	0.00416618	15.5518	16.2017	2.5571	31.7403	0.861666	3.52249	19.7097	14.436	18.423	1.13091	16.279	46.3707	2.81527	46.9931	0.331853	1.6087	3.0007	1.99107	0.370649	42.2436	1.08226
2.22485	14.7202	2.04604	0.00363322	15.4789	16.1541	2.54166	31.7403	0.856862	3.50306	19.391	14.413	18.1879	1.12872	16.2474	46.3707	2.79515	46.9931	0.327751	1.58988	2.99867	1.99101	0.354818	42.2436	1.07977
2.20977	14.6926	2.04403	0.00308569	15.4529	16.0892	2.52685	31.7403	0.846296	3.48591	19.2942	14.3837	18.09	1.12447	16.1373	46.3707	2.7328	46.9931	0.31887	1.57209	2.99706	1.99077	0.346041	42.2436	1.07768
2.07011	14.6825	2.0419	0.00263908	15.4025	16.0518	2.513	31.7403	0.816787	3.46667	19.1341	14.353	17.6486	1.1184	16.0622	46.3707	2.71383	46.9931	0.313982	1.54977	2.99614	1.99073	0.330472	41.7027	1.07383
2.0327	14.6545	2.03918	0.00224045	15.3208	16.0052	2.50252	31.7403	0.813959	3.45123	19.123	14.3232	17.1154	1.11692	15.9904	46.3707	2.69004	46.9931	0.306683	1.52327	2.9952	1.99064	0.319402	41.7027	1.07261
1.99942	14.6303	2.03731	0.00208323	15.2639	15.9428	2.48833	31.7403	0.79678	3.43031	18.9614	14.305	17.1141	1.1128	15.9388	46.3707	2.65134	46.9931	0.296837	1.48313	2.99422	1.99047	0.307815	41.7027	1.0702
1.94906	14.6078	2.03447	0.00186349	15.243	15.8877	2.47592	31.7403	0.783141	3.41594	18.7105	14.2807	16.591	1.11029	15.9388	46.3707	2.63445	46.9931	0.292925	1.46554	2.99326	1.9904	0.287643	41.7027	1.06961
1.92068	14.598	2.03186	0.00155279	15.2256	15.8602	2.46922	31.7403	0.767325	3.405	18.6164	14.2641	16.591	1.1044	15.9115	46.3707	2.61569	46.9931	0.286951	1.44316	2.99285	1.99035	0.280464	41.7027	1.06879
1.86671	14.5781	2.02836	0.00122478	15.1531	15.8296	2.44976	31.7403	0.746529	3.36785	18.5528	14.2503	16.271	1.09709	15.8911	46.3707	2.59855	46.9931	0.268061	1.42307	2.99191	1.99026	0.263188	40.1566	1.06696
1.81934	14.5644	2.02708	0.00078448	15.1187	15.7964	2.44202	31.7403	0.732436	3.36387	18.4685	14.2342	16.1639	1.08785	15.8605	46.3707	2.58815	46.9931	0.258166	1.41503	2.99101	1.99024	0.246661	34.1835	1.06481
1.78139	14.5514	2.02428	0.000661096	15.0973	15.7667	2.43016	31.7403	0.719688	3.33227	18.4424	14.2183	16.1639	1.08409	15.8306	46.3707	2.57397	46.9931	0.247792	1.39111	2.99034	1.99021	0.230681	28.8583	1.0631
1.70594	14.5458	2.02246	0.000642294	15.0724	15.7412	2.42365	31.7403	0.706064	3.31796	18.397	14.198	16.037	1.07896	15.7855	46.3707	2.55998	46.9931	0.24307	1.3701	2.98977	1.99017	0.21337	28.8583	1.06211
1.62623	14.5339	2.02096	0.000533885	15.0575	15.7314	2.41673	31.7403	0.690478	3.29331	18.3774	14.1868	15.9339	1.07667	15.7463	46.3707	2.55282	46.9931	0.236788	1.35502	2.98935	1.99011	0.204741	28.8583	1.06076
1.54051	14.5272	2.01775	0.000459423	15.0186	15.7153	2.39687	31.7403	0.674774	3.26562	18.3434	14.1696	15.9325	1.07289	15.7001	46.3707	2.5313	46.9931	0.231736	1.33495	2.9889	1.99007	0.180288	28.8583	1.059
1.52265	14.5178	2.01709	0.000409156	14.997	15.6963	2.38927	31.3029	0.662434	3.24788	18.3122	14.1581	15.8274	1.07046	15.6782	46.3707	2.51561	46.9931	0.223876	1.31171	2.98861	1.99006	0.162819	28.8583	1.05782
1.444	14.5105	2.0146	0.000350726	14.9671	15.6794	2.37452	31.3029	0.648752	3.21329	18.2907	14.138	15.8101	1.06913	15.6434	46.3707	2.49728	46.9931	0.218013	1.29428	2.98849	1.99003	0.150657	28.8583	1.0556
1.40273	14.5014	2.01315	0.00034986	14.943	15.6696	2.37023	27.107	0.639665	3.18718	18.2409	14.1261	15.7464	1.06602	15.6386	46.3707	2.48649	46.9931	0.211329	1.29027	2.98822	1.99	0.141772	28.8583	1.0549
1.36607	14.4869	2.01217	0.000286967	14.9418	15.6479	2.35823	27.107	0.626061	3.15959	18.1936	14.1222	15.7083	1.06427	15.5999	46.3707	2.47785	46.9931	0.20499	1.2773	2.9881	1.98998	0.138356	28.8583	1.05403
1.31443	14.4729	2.01033	0.000262303	14.908	15.6416	2.3549	25.4618	0.617985	3.13114	18.1615	14.0937	15.7024	1.0613	15.586	46.3707	2.46781	46.9931	0.198977	1.26586	2.98783	1.98998	0.128974	28.8583	1.05247
1.26676	14.466	2.00948	0.000221563	14.8964	15.6264	2.34755	24.7699	0.608544	3.1137	18.1349	14.0797	15.6722	1.05918	15.5407	46.3707	2.46463	46.9931	0.195031	1.25525	2.98778	1.98997	0.120459	28.8583	1.05155
1.2318	14.462	2.00817	0.000160524	14.8627	15.6178	2.3381	23.7168	0.598601	3.09564	18.1082	14.0626	15.6543	1.05664	15.4932	46.3707	2.45305	46.9931	0.190452	1.25219	2.98768	1.98997	0.118307	28.3843	1.05029
1.21515	14.4556	2.00736	0.00015086	14.845	15.611	2.3299	23.2282	0.594505	3.07868	18.0979	14.052	15.6365	1.05309	15.4431	46.3707	2.44339	46.9931	0.186809	1.24798	2.98758	1.98996	0.117401	28.3843	1.04985
1.18641	14.4413	2.00686	0.000147113	14.8251	15.5992	2.31925	21.0294	0.585318	3.03945	18.0884	14.038	15.6014	1.05166	15.4023	46.3707	2.43246	46.9931	0.184858	1.24261	2.98753	1.98996	0.114794	26.1585	1.04672
1.17157	14.4413	2.00603	0.000112341	14.8039	15.5845	2.31208	20.7159	0.578048	3.01204	18.0748	14.0248	15.5877	1.05127	15.3369	46.3707	2.42341	46.9931	0.178862	1.23981	2.98732	1.98996	0.111706	26.1585	1.04475
1.13873	14.4367	2.00547	8.99681e-05	14.7809	15.5716	2.30482	20.6423	0.559438	2.98797	18.055	14.0172	15.5619	1.04957	15.2939	46.3707	2.40015	36.0191	0.174054	1.23628	2.98673	1.98996	0.108711	24.4959	1.04259
1.11546	14.4301	2.00458	8.15554e-05	14.7574	15.5596	2.29625	19.9047	0.549941	2.96897	18.0436	14.006	15.5229	1.04737	15.2756	46.3707	2.39022	36.0191	0.170939	1.23067	2.98661	1.98996	0.105393	24.4959	1.03949
1.07925	14.4253	2.00378	6.97656e-05	14.7476	15.5525	2.2937	18.8102	0.540679	2.95345	18.0301	13.9986	15.5176	1.0459	15.2532	46.3707	2.38327	36.0191	0.167922	1.2216	2.9865	1.98995	0.101291	24.4959	1.0377
1.06283	14.423	2.00245	6.94724e-05	14.7264	15.5318	2.28842	18.6745	0.507659	2.92718	18.0183	13.9898	15.5039	1.04357	15.2289	46.3707	2.36971	36.0191	0.160582	1.21319	2.98628	1.98995	0.0972787	24.4213	1.03539
1.02474	14.4175	2.00145	5.40314e-05	14.7174	15.5163	2.28122	18.3299	0.506902	2.91997	18.0039	13.977	15.4891	1.0423	15.2013	46.3707	2.365	36.0191	0.156362	1.20776	2.9861	1.98995	0.093346	23.6585	1.03273
1.0036	14.4101	2.00078	5.03782e-05	14.7036	15.5033	2.27144	18.0597	0.491644	2.90248	17.9812	13.9682	15.464	1.04062	15.1729	46.3707	2.34916	36.0191	0.153288	1.20089	2.9859	1.98994	0.0875598	22.1173	1.02972
0.98221	14.4086	2.00016	4.31391e-05	14.6909	15.4948	2.26485	17.4047	0.484484	2.89296	17.9789	13.9553	15.441	1.03935	15.1226	46.3707	2.33536	36.0191	0.148352	1.19887	2.98582	1.98994	0.0859875	22.1005	1.02885
0.954918	14.4039	1.99979	3.45138e-05	14.68	15.4784	2.25903	17.2211	0.476716	2.87834	17.9664	13.9419	15.4107	1.038	15.1054	46.3707	2.32047	36.0191	0.142347	1.19399	2.9857	1.98993	0.0794758	22.1005	1.02641
0.926302	14.4026	1.99895	3.45138e-05	14.665	15.4616	2.25188	17.0072	0.456641	2.8436	17.966	13.9322	15.3787	1.03691	15.0709	46.3707	2.30117	36.0191	0.138013	1.192	2.98566	1.98993	0.0748244	22.1005	1.02462
0.902487	14.4013	1.99814	3.05344e-05	14.6425	15.4516	2.24885	16.7375	0.444767	2.82477	17.9525	13.9238	15.3535	1.03586	15.0552	45.9005	2.27573	36.0191	0.133442	1.19068	2.98554	1.98993	0.0682001	21.9784	1.02324
0.881513	14.399	1.99776	2.92993e-05	14.6272	15.4378	2.2423	16.5398	0.428781	2.79809	17.941	13.917	15.3067	1.03435	15.0335	45.9005	2.25824	36.0191	0.128294	1.18589	2.98547	1.98993	0.0665513	21.571	1.02235
0.8687	14.3953	1.99698	2.72883e-05	14.6026	15.4269	2.23676	16.4183	0.415657	2.768	17.9321	13.9042	15.2759	1.03277	15.0077	45.9005	2.24361	36.0191	0.1255	1.18221	2.98545	1.98993	0.0635098	21.571	1.02098
0.84703	14.3914	1.99636	2.51376e-05	14.5804	15.4185	2.23288	16.1848	0.399491	2.75014	17.9155	13.8869	15.2619	1.03161	14.9823	45.9005	2.2264	36.0191	0.120496	1.17937	2.98536	1.98993	0.0601478	21.474	1.02012
0.835251	14.3861	1.9959	1.93581e-05	14.5475	15.4107	2.2284	16.1848	0.387614	2.73044	17.9062	13.8762	15.2306	1.02965	14.9544	45.9005	2.21164	36.0191	0.117317	1.17593	2.98528	1.98993	0.0569089	21.1644	1.01936
0.824505	14.385	1.99559	1.87551e-05	14.5268	15.4024	2.2212	16.159	0.377662	2.71042	17.8916	13.8712	15.2021	1.02889	14.9283	45.9005	2.19189	36.0191	0.113975	1.1718	2.98524	1.98993	0.0533818	20.9821	1.01866
0.803542	14.3828	1.99497	1.30161e-05	14.5025	15.396	2.21528	16.1228	0.367602	2.67871	17.88	13.8668	15.1827	1.02585	14.8917	45.9005	2.18437	36.0191	0.111797	1.16702	2.9852	1.98992	0.0511931	20.7405	1.01795
0.790216	14.3761	1.99435	1.17281e-05	14.4841	15.3871	2.21279	15.9717	0.355994	2.66168	17.86	13.8595	15.1621	1.02449	14.8721	45.9005	2.16553	36.0191	0.10894	1.1643	2.98518	1.98992	0.0428095	20.7405	1.0171
0.776884	14.3727	1.99401	1.03139e-05	14.4768	15.381	2.20342	15.928	0.34795	2.6392	17.837	13.8525	15.1414	1.02234	14.8562	43.0341	2.16151	36.0191	0.101456	1.15719	2.98517	1.98992	0.0410377	20.6787	1.0161
0.76094	14.3671	1.99323	9.27669e-06	14.4658	15.374	2.19495	15.8415	0.342244	2.6163	17.8149	13.8429	15.1115	1.02044	14.8379	43.0341	2.15062	36.0191	0.0974032	1.15311	2.98513	1.98992	0.0398666	20.4694	1.01364
0.75522	14.3644	1.99299	7.40619e-06	14.4518	15.3687	2.18676	15.7969	0.339273	2.59655	17.7855	13.8361	15.0848	1.01884	14.8241	38.2921	2.1432	36.0191	0.0944962	1.14645	2.98512	1.98992	0.0384266	20.4543	1.01185
0.737517	14.3598	1.99257	7.22283e-06	14.4387	15.3602	2.18095	15.7413	0.33511	2.58081	17.761	13.8276	15.0631	1.01733	14.807	35.9384	2.13522	36.0191	0.0924351	1.14004	2.98511	1.98992	0.0367299	20.4382	1.01062
0.721291	14.3562	1.99248	6.18552e-06	14.4294	15.3479	2.17681	15.7005	0.331415	2.56429	17.7319	13.8234	15.0458	1.01626	14.8004	35.9384	2.12695	36.0191	0.090007	1.13441	2.98508	1.98992	0.0345994	20.3363	1.00916
0.70459	14.3543	1.99207	5.36344e-06	14.417	15.3427	2.17056	15.6297	0.30659	2.54542	17.7141	13.8121	15.0251	1.0144	14.7867	35.9384	2.11956	36.0191	0.0857196	1.12998	2.98505	1.98992	0.0325971	20.3189	1.00781
0.683641	14.3525	1.99179	4.32001e-06	14.4081	15.339	2.16231	15.6178	0.304511	2.53044	17.6966	13.7994	15.0007	1.01342	14.7757	33.8748	2.11415	36.0191	0.0815669	1.12451	2.98504	1.98992	0.0305502	20.2529	1.00608
0.65986	14.3507	1.99165	3.53364e-06	14.4012	15.333	2.15378	15.6086	0.295831	2.51935	17.6647	13.787	14.9796	1.01184	14.7686	32.8103	2.10802	36.0191	0.07853	1.11939	2.98502	1.98992	0.0260826	20.1956	1.0046
0.625021	14.3486	1.99138	3.03547e-06	14.3916	15.33	2.14519	15.5784	0.288131	2.50253	17.627	13.7796	14.9638	1.01096	14.7631	26.1998	2.09733	36.0191	0.0758576	1.11592	2.985	1.98992	0.024228	19.9677	1.00377
0.59791	14.3462	1.9912	2.22041e-06	14.3778	15.3251	2.14097	15.5784	0.282523	2.49444	17.6102	13.7687	14.955	1.01005	14.7532	24.5292	2.09246	36.0191	0.0745199	1.11294	2.985	1.98992	0.0223843	19.8199	1.00232
0.572883	14.3425	1.99106	1.93551e-06	14.3727	15.3228	2.13633	15.5724	0.274996	2.47682	17.5911	13.7598	14.9425	1.00928	14.7414	24.5292	2.08593	30.8883	0.0718151	1.10892	2.98499	1.98992	0.021341	19.668	1.00124
0.545383	14.3407	1.99097	1.60337e-06	14.3674	15.3176	2.13293	15.5456	0.269157	2.46216	17.5716	13.7307	14.9361	1.00861	14.7359	24.5292	2.07982	30.8883	0.0691553	1.10654	2.98498	1.98992	0.0208499	19.5252	1.00091
0.531091	14.3376	1.99092	1.35357e-06	14.3578	15.314	2.12574	15.5424	0.262796	2.44522	17.5538	13.724	14.9258	1.00775	14.7229	24.5292	2.07378	30.8883	0.0669848	1.10252	2.98497	1.98992	0.0191085	19.4372	1.00052
0.51892	14.3362	1.99077	1.05197e-06	14.3436	15.3105	2.12222	15.5295	0.256252	2.43216	17.536	13.7118	14.9108	1.00743	14.7101	20.6826	2.06488	29.3829	0.065624	1.10094	2.98496	1.98992	0.0182958	19.3204	1.00024
0.498712	14.3333	1.99065	9.58335e-07	14.3368	15.3067	2.11525	15.5196	0.245563	2.42016	17.5179	13.6994	14.8965	1.00667	14.6995	20.6826	2.05879	29.011	0.062594	1.09685	2.98494	1.98992	0.0145252	19.1521	0.999927
0.483421	14.3268	1.99055	8.16525e-07	14.3268	15.3013	2.10923	15.5084	0.239867	2.40944	17.4841	13.6869	14.881	1.0061	14.6869	20.6826	2.05563	29.011	0.0603783	1.09476	2.98492	1.98992	0.013546	19.0784	0.999691
0.466564	14.3256	1.99047	7.52767e-07	14.3206	15.297	2.10235	15.4998	0.232036	2.3994	17.4455	13.6791	14.8682	1.00577	14.6738	19.6432	2.05387	29.011	0.0573342	1.09333	2.98492	1.98992	0.0120812	18.9111	0.999284
0.442787	14.3221	1.99043	7.39383e-07	14.3161	15.2911	2.09866	15.4983	0.224246	2.38599	17.432	13.6735	14.8643	1.00447	14.6605	18.9143	2.05257	23.1497	0.0558891	1.09145	2.98492	1.98992	0.0115113	18.853	0.99827
0.425857	14.3182	1.99036	5.63558e-07	14.3084	15.2877	2.0941	15.4927	0.218902	2.36769	17.3991	13.6709	14.8514	1.00252	14.6467	18.9143	2.04882	21.231	0.0545549	1.08842	2.98491	1.98992	0.00952311	18.7543	0.997696
0.411277	14.3141	1.99034	4.77247e-07	14.3014	15.2825	2.0914	15.4851	0.212156	2.36149	17.378	13.6668	14.8434	1.0021	14.6324	18.55	2.04708	21.231	0.051473	1.08376	2.98491	1.98992	0.0087564	18.7027	0.997379
0.390796	14.3105	1.9903	4.12769e-07	14.2954	15.2781	2.08745	15.4789	0.210112	2.35387	17.3405	13.6622	14.8295	1.00129	14.6149	18.4646	2.04459	21.231	0.0492212	1.07869	2.9849	1.98992	0.00828005	18.6369	0.997142
0.381377	14.3086	1.99025	3.66605e-07	14.288	15.2722	2.08014	15.4717	0.206405	2.34465	17.3044	13.6556	14.8165	1.00105	14.6021	17.6545	2.04187	21.231	0.0464643	1.07522	2.9849	1.98992	0.0074693	18.5623	0.996894
0.362458	14.3069	1.99021	3.00541e-07	14.2833	15.2666	2.07801	15.4669	0.202879	2.33613	17.2813	13.6526	14.807	1.00039	14.5941	17.6545	2.0409	18.29	0.044357	1.07115	2.9849	1.98992	0.00697716	18.51	0.99664
0.337391	14.3044	1.99017	2.51975e-07	14.2759	15.2592	2.07364	15.4546	0.199498	2.33163	17.2542	13.6487	14.7921	0.999867	14.5776	17.4745	2.03863	18.29	0.042097	1.06769	2.9849	1.98992	0.00636367	18.4168	0.996479
0.322077	14.3031	1.99016	2.20693e-07	14.2709	15.2566	2.07001	15.4472	0.198583	2.32686	17.2333	13.6447	14.7848	0.999253	14.5705	17.2566	2.03622	18.29	0.0411014	1.06676	2.9849	1.98992	0.00568965	18.3725	0.996306
0.304589	14.3016	1.99013	2.03906e-07	14.2555	15.2537	2.06834	15.4401	0.19545	2.3219	17.1982	13.642	14.7723	0.998682	14.5621	17.1088	2.03283	17.7612	0.0395681	1.06432	2.98489	1.98992	0.0052406	18.2929	0.996229
0.296481	14.3007	1.9901	1.85856e-07	14.2532	15.2461	2.06562	15.4341	0.193339	2.31677	17.1703	13.6383	14.7638	0.998491	14.5558	17.0822	2.03026	17.6589	0.0383342	1.06273	2.98489	1.98992	0.00498846	18.2507	0.996112
0.28779	14.3	1.99008	1.58366e-07	14.247	15.2414	2.06361	15.4302	0.191472	2.30925	17.1323	13.634	14.753	0.998088	14.549	16.9378	2.02837	17.3165	0.0365873	1.06022	2.98489	1.98992	0.00458911	18.2154	0.995973
0.275626	14.2995	1.99005	1.40792e-07	14.242	15.2361	2.06242	15.4261	0.187332	2.30293	17.1017	13.6298	14.7234	0.997822	14.5402	16.8207	2.02662	17.1218	0.0350928	1.05634	2.98489	1.98992	0.00421194	18.1605	0.995846
0.267827	14.2988	1.99001	1.31981e-07	14.2374	15.2301	2.06056	15.4199	0.185033	2.2988	17.0874	13.6224	14.7123	0.997653	14.5359	16.5773	2.0249	16.9579	0.0341253	1.05361	2.98489	1.98992	0.00378727	18.1109	0.995777
0.250162	14.2977	1.98999	1.0748e-07	14.2325	15.228	2.05884	15.4127	0.178295	2.29292	17.0607	13.6157	14.6929	0.997349	14.5292	16.5159	2.02404	16.6068	0.0334139	1.0519	2.98488	1.98992	0.00355889	18.0483	0.995731
0.243863	14.2972	1.98998	1.02732e-07	14.2269	15.225	2.05682	15.4102	0.176164	2.28904	17.0446	13.6113	14.6765	0.997212	14.5245	16.4709	2.02333	16.4795	0.0325327	1.05069	2.98488	1.98992	0.00326206	18.0324	0.995708
0.227849	14.2964	1.98997	9.72391e-08	14.2204	15.2235	2.05461	15.4065	0.172352	2.28232	17.0226	13.6078	14.665	0.997107	14.5199	16.3821	2.0226	16.3044	0.031529	1.04962	2.98488	1.98992	0.00311659	18.0025	0.99566
0.217924	14.296	1.98996	9.21073e-08	14.2145	15.2194	2.05236	15.4018	0.167317	2.27696	16.995	13.5981	14.6425	0.997015	14.5151	16.3586	2.02211	16.0559	0.0306143	1.04864	2.98488	1.98992	0.00285929	17.9768	0.995642
0.207711	14.2957	1.98996	7.97725e-08	14.2074	15.2181	2.04963	15.3991	0.162766	2.27391	16.9746	13.5927	14.635	0.996764	14.5104	16.2835	2.02123	15.9292	0.0297533	1.04767	2.98488	1.98992	0.00262728	17.9304	0.995468
0.193433	14.2952	1.98995	7.50836e-08	14.2019	15.2146	2.04745	15.3934	0.157457	2.27035	16.9435	13.5895	14.6118	0.996586	14.5064	16.2551	2.02062	15.8812	0.0287658	1.04668	2.98488	1.98992	0.00245884	17.9106	0.995438
0.185167	14.2949	1.98995	6.40907e-08	14.1991	15.2127	2.04587	15.3839	0.153828	2.2671	16.9176	13.5858	14.6014	0.996459	14.504	16.2423	2.02015	15.7134	0.0281701	1.04547	2.98488	1.98992	0.00218462	17.883	0.995382
0.177209	14.2945	1.98994	5.81354e-08	14.1953	15.2113	2.04416	15.38	0.150464	2.2614	16.8981	13.5857	14.5913	0.996316	14.497	16.2119	2.01966	15.6144	0.0276501	1.04489	2.98488	1.98992	0.00207442	17.8422	0.995336
0.172016	14.2941	1.98994	4.8999e-08	14.1912	15.2095	2.04225	15.3719	0.147047	2.25594	16.8771	13.5833	14.5812	0.996258	14.4932	16.2102	2.01859	15.5018	0.0267956	1.04385	2.98488	1.98992	0.00189558	17.8159	0.995322
0.169487	14.2938	1.98994	4.4093e-08	14.1894	15.2079	2.04141	15.3684	0.144755	2.25011	16.8326	13.5814	14.5704	0.996123	14.4884	16.1791	2.01817	15.4943	0.0265191	1.04228	2.98488	1.98992	0.00178496	17.7895	0.995289
0.163523	14.2936	1.98993	3.78536e-08	14.1849	15.205	2.04018	15.3644	0.142264	2.24454	16.7802	13.5778	14.5599	0.996028	14.4854	16.1693	2.01759	15.4629	0.0259799	1.04116	2.98488	1.98992	0.00166471	17.7674	0.99526
0.158287	14.2925	1.98993	3.3918e-08	14.18	15.2027	2.0393	15.3628	0.138555	2.24198	16.7286	13.5766	14.5373	0.995909	14.4822	16.1438	2.01713	15.3913	0.0257315	1.0391	2.98488	1.98992	0.00158409	17.7301	0.995241
0.15285	14.2921	1.98993	2.97696e-08	14.1789	15.2016	2.03795	15.3597	0.136272	2.23614	16.7029	13.5745	14.5292	0.995749	14.4787	16.135	2.01602	15.3571	0.0254388	1.03767	2.98488	1.98992	0.00136909	17.7108	0.995234
0.1415	14.2917	1.98993	2.76837e-08	14.177	15.2004	2.03672	15.3556	0.131224	2.22991	16.6556	13.5714	14.5192	0.995649	14.4762	16.1146	2.01537	15.2934	0.025074	1.0357	2.98488	1.98992	0.001231	17.6921	0.995217
0.138305	14.2916	1.98993	2.37064e-08	14.1752	15.1995	2.03476	15.3398	0.127434	2.2245	16.6257	13.5703	14.5145	0.995581	14.4745	16.0912	2.01491	15.2291	0.0246671	1.03416	2.98488	1.98992	0.00114366	17.6692	0.995208
0.131503	14.2914	1.98993	2.2022e-08	14.1735	15.1983	2.03336	15.3311	0.125443	2.22022	16.6109	13.5688	14.5072	0.995528	14.4706	16.081	2.01443	15.2035	0.0245265	1.03357	2.98488	1.98992	0.00102288	17.6543	0.995197
0.125285	14.2912	1.98993	1.79652e-08	14.1701	15.1971	2.03208	15.3246	0.121865	2.21685	16.5732	13.5678	14.5012	0.995454	14.4664	16.0621	2.01396	15.0337	0.0242858	1.03318	2.98488	1.98992	0.000909143	17.6408	0.995176
0.117206	14.2911	1.98993	1.69464e-08	14.167	15.1967	2.03076	15.3173	0.118166	2.21367	16.5392	13.5663	14.4989	0.995403	14.4635	16.049	2.01326	14.9819	0.024096	1.03251	2.98488	1.98992	0.00089349	17.6338	0.995169
0.109339	14.2911	1.98993	1.45076e-08	14.1636	15.1956	2.03019	15.3113	0.115118	2.21148	16.5178	13.5647	14.4927	0.99535	14.4607	16.0409	2.01282	14.9387	0.0238485	1.0321	2.98488	1.98992	0.000872994	17.6123	0.995154
0.104989	14.291	1.98992	1.29705e-08	14.161	15.1948	2.0285	15.3057	0.110549	2.20941	16.4928	13.5632	14.4881	0.995313	14.4576	16.0249	2.01232	14.8968	0.0234763	1.03104	2.98488	1.98992	0.000714708	17.5948	0.995137
0.102272	14.2909	1.98992	1.03832e-08	14.1592	15.1939	2.02774	15.3001	0.10799	2.20743	16.4446	13.5622	14.4814	0.995268	14.4552	16.0167	2.01181	14.8801	0.0233454	1.02889	2.98488	1.98992	0.000643087	17.5786	0.995133
0.0981773	14.2909	1.98992	1.03412e-08	14.1558	15.1935	2.02739	15.2967	0.103402	2.20583	16.4248	13.5609	14.4783	0.995236	14.4525	15.9951	2.0114	14.8718	0.0231114	1.02835	2.98488	1.98992	0.000609531	17.565	0.99512
0.0958008	14.2908	1.98992	0	14.1532	15.193	2.02653	15.2924	0.0990342	2.19791	16.4032	13.5594	14.4714	0.995185	14.4482	15.9773	2.01057	14.8588	0.022687	1.0272	2.98488	1.98992	0.000535489	17.5353	0.995107
0.0927073	14.2908	1.98992	0	14.1484	15.1923	2.02604	15.2904	0.0955782	2.19523	16.3606	13.558	14.4658	0.995162	14.4439	15.964	2.00967	14.8565	0.0225079	1.02657	2.98488	1.98992	0.000522332	17.5201	0.995101
0.0907401	14.2908	1.98992	0	14.1474	15.192	2.02529	15.2885	0.0914207	2.19236	16.3404	13.5572	14.4598	0.995138	14.4414	15.944	2.00889	14.8319	0.0222374	1.02566	2.98488	1.98992	0.000508933	17.5092	0.995093
0.0879322	14.2907	1.98992	0	14.1458	15.1916	2.02481	15.2853	0.0886276	2.18896	16.2896	13.5552	14.4501	0.995124	14.4381	15.9267	2.00813	14.8157	0.02209	1.02462	2.98488	1.98992	0.00046734	17.4716	0.995088
0.0830183	14.2907	1.98992	0	14.1441	15.1912	2.02437	15.2833	0.0861502	2.18274	16.2419	13.5522	14.4431	0.995116	14.4363	15.9059	2.00754	14.7961	0.0218999	1.02396	2.98488	1.98992	0.000446764	17.4485	0.995082
0.0808128	14.2907	1.98992	0	14.142	15.1909	2.02382	15.2819	0.0833113	2.17684	16.2268	13.5506	14.4394	0.995106	14.4324	15.8928	2.00698	14.7792	0.0218041	1.02307	2.98488	1.98992	0.000409807	17.4318	0.995077
0.0775402	14.2906	1.98992	0	14.1418	15.1902	2.02189	15.2804	0.0789534	2.17366	16.1888	13.5479	14.4351	0.995096	14.429	15.8804	2.00641	14.7643	0.0216099	1.02206	2.98488	1.98992	0.000374881	17.4077	0.99507
0.0759072	14.2906	1.98992	0	14.1402	15.1898	2.02122	15.2785	0.0744832	2.17024	16.1548	13.547	14.4303	0.995081	14.4239	15.8645	2.00622	14.7508	0.0212645	1.02116	2.98488	1.98992	0.000338891	17.3721	0.995061
0.0732927	14.2906	1.98992	0	14.1395	15.1897	2.02053	15.2761	0.0721488	2.1666	16.1342	13.5462	14.4242	0.995074	14.4216	15.8527	2.00587	14.7395	0.0211371	1.01978	2.98488	1.98992	0.000325318	17.357	0.995056
0.0723559	14.2905	1.98992	0	14.138	15.1896	2.0199	15.2744	0.0695086	2.16546	16.1051	13.545	14.4214	0.995068	14.4199	15.8426	2.00551	14.7226	0.0210192	1.0187	2.98488	1.98992	0.000309111	17.3442	0.99505
0.0690577	14.2905	1.98992	0	14.1368	15.1893	2.01864	15.272	0.067684	2.16245	16.0766	13.5442	14.4165	0.995061	14.4184	15.8374	2.00513	14.7162	0.0208744	1.01699	2.98488	1.98992	0.000301415	17.3394	0.995047
0.0675004	14.2905	1.98992	0	14.1362	15.1892	2.01787	15.2705	0.0665597	2.15994	16.0534	13.5435	14.4093	0.995051	14.4156	15.8282	2.00425	14.7018	0.0207017	1.01559	2.98488	1.98992	0.000285136	17.3334	0.995046
0.0661682	14.2905	1.98992	0	14.1353	15.1891	2.0169	15.2684	0.0614681	2.1577	16.0176	13.5421	14.4071	0.995048	14.4139	15.8154	2.00378	14.698	0.0206809	1.01487	2.98488	1.98992	0.000273605	17.3226	0.995043
0.0641156	14.2905	1.98992	0	14.134	15.1889	2.01651	15.2643	0.0589954	2.15047	15.9928	13.5419	14.3997	0.995045	14.413	15.8015	2.00274	14.6943	0.0206138	1.01406	2.98488	1.98992	0.000244196	17.3077	0.99504
0.0622916	14.2905	1.98992	0	14.1333	15.1888	2.01607	15.2625	0.0574235	2.1429	15.9542	13.5408	14.3962	0.995042	14.4107	15.7926	2.00236	14.6896	0.020527	1.01333	2.98488	1.98992	0.000226086	17.3009	0.995037
0.0600006	14.2905	1.98992	0	14.1326	15.1887	2.01581	15.2598	0.053332	2.14095	15.9254	13.5405	14.3935	0.995035	14.4073	15.7753	2.00202	14.6808	0.0204136	1.01293	2.98488	1.98992	0.00022213	17.2798	0.995032
0.0573741	14.2905	1.98992	0	14.1325	15.1887	2.01501	15.2586	0.0500894	2.13493	15.8644	13.5403	14.3905	0.99503	14.4039	15.7715	2.00161	14.6694	0.0203171	1.0122	2.98488	1.98992	0.000204703	17.2547	0.995028
0.0542853	14.2905	1.98992	0	14.1309	15.1885	2.01473	15.2545	0.0458519	2.13331	15.842	13.5399	14.3832	0.995027	14.396	15.7538	2.00114	14.6644	0.0201775	1.01147	2.98488	1.98992	0.000191039	17.2358	0.995026
0.049306	14.2904	1.98992	0	14.1304	15.1884	2.01452	15.2532	0.0420532	2.12736	15.7871	13.5397	14.3797	0.995024	14.3925	15.7392	2.00026	14.6617	0.0201173	1.01008	2.98488	1.98992	0.000168716	17.2211	0.995022
0.049306	14.2904	1.98992	0	14.1297	15.1883	2.01333	15.2499	0.0402263	2.12736	15.7695	13.5396	14.373	0.995017	14.3869	15.7392	2.00006	14.6584	0.0201099	1.00914	2.98488	1.98992	0.000153168	17.2019	0.99502
0.0481663	14.2904	1.98992	0	14.1295	15.1882	2.01307	15.2488	0.0402263	2.12287	15.7371	13.5395	14.3725	0.995017	14.3821	15.7223	1.99974	14.6574	0.0200276	1.0085	2.98488	1.98992	0.000149672	17.1847	0.995017
0.047011	14.2904	1.98992	0	14.1293	15.1882	2.01214	15.2486	0.0359367	2.11872	15.6736	13.5391	14.3694	0.995012	14.3802	15.7075	1.99943	14.6539	0.0199408	1.00785	2.98488	1.98992	0.000135915	17.1665	0.995016
0.043702	14.2904	1.98992	0	14.1288	15.188	2.01123	15.2468	0.0354215	2.11547	15.6488	13.5391	14.3694	0.995008	14.3627	15.7023	1.99914	14.6486	0.019889	1.00661	2.98488	1.98992	0.000131685	17.1621	0.995015
0.0424232	14.2904	1.98992	0	14.1284	15.1879	2.01012	15.2448	0.0322655	2.10849	15.6226	13.5389	14.3644	0.995005	14.3559	15.6884	1.99895	14.6458	0.0197708	1.00561	2.98488	1.98992	0.000123773	17.138	0.995012
0.0401892	14.2904	1.98992	0	14.1276	15.1879	2.00829	15.2415	0.0322655	2.10448	15.5959	13.5387	14.3592	0.995003	14.3456	15.6684	1.9987	14.6447	0.01973	1.00488	2.98488	1.98992	0.000115857	17.1276	0.995011
0.0393579	14.2904	1.98992	0	14.1273	15.1877	2.00791	15.2396	0.0306863	2.0948	15.5707	13.5385	14.3565	0.995001	14.343	15.6546	1.99817	14.6431	0.0196668	1.00396	2.98488	1.98992	0.000114255	17.1169	0.99501
0.0367872	14.2904	1.98992	0	14.1263	15.1876	2.00732	15.2368	0.0291662	2.09058	15.5418	13.5383	14.3517	0.995	14.34	15.6473	1.99794	14.6411	0.0195453	1.00366	2.98488	1.98992	0.000102418	17.1159	0.995008
0.0351737	14.2904	1.98992	0	14.1262	15.1875	2.00675	15.2346	0.0271393	2.08626	15.5255	13.5381	14.3465	0.994999	14.3309	15.6281	1.9978	14.637	0.0194894	1.00318	2.98488	1.98992	9.69013e-05	17.108	0.995006
0.0340174	14.2904	1.98992	0	14.1259	15.1875	2.00664	15.2335	0.0249601	2.08368	15.4681	13.5376	14.345	0.994998	14.3232	15.6227	1.9977	14.6354	0.0194311	1.00259	2.98488	1.98992	9.08753e-05	17.0998	0.995004
0.0321505	14.2904	1.98992	0	14.1256	15.1874	2.00635	15.2325	0.0235229	2.08226	15.455	13.5375	14.3415	0.994996	14.3182	15.6148	1.99745	14.6336	0.019348	1.00139	2.98488	1.98992	8.73079e-05	17.0983	0.995002
0.0306233	14.2904	1.98992	0	14.1253	15.1873	2.00579	15.2311	0.0226084	2.07887	15.4345	13.5375	14.3402	0.994994	14.3115	15.6141	1.99739	14.6325	0.0193219	1.00113	2.98488	1.98992	8.45217e-05	17.0914	0.995
0.0290135	14.2903	1.98992	0	14.125	15.1871	2.00453	15.2297	0.0206926	2.07614	15.4073	13.5372	14.3382	0.99499	14.3033	15.6018	1.99726	14.6307	0.0192242	1.00112	2.98488	1.98992	7.67726e-05	17.079	0.995
0.0281375	14.2903	1.98992	0	14.1248	15.187	2.00425	15.2279	0.0194765	2.07272	15.3652	13.5372	14.336	0.994985	14.2993	15.5901	1.99708	14.6292	0.0192152	1.00072	2.98488	1.98992	7.24652e-05	17.071	0.994998
0.0268147	14.2903	1.98992	0	14.1246	15.1868	2.00413	15.2264	0.0181655	2.07052	15.3432	13.5369	14.3324	0.994981	14.2918	15.5751	1.9969	14.6292	0.0191875	1.00025	2.98488	1.98992	6.64968e-05	17.0596	0.994996
0.02554	14.2903	1.98992	0	14.1246	15.1867	2.00383	15.2245	0.0164608	2.06987	15.3432	13.5367	14.3288	0.99498	14.2891	15.5719	1.99665	14.6287	0.0190951	0.999866	2.98488	1.98992	6.55606e-05	17.0462	0.994995
0.023594	14.2903	1.98992	0	14.1245	15.1865	2.00349	15.2215	0.015876	2.06775	15.332	13.5367	14.3278	0.994976	14.269	15.5642	1.99635	14.628	0.019041	0.999648	2.98488	1.98992	6.31395e-05	17.03	0.994993
0.0225008	14.2903	1.98992	0	14.1243	15.1863	2.0032	15.2177	0.0148684	2.06502	15.3283	13.5366	14.3247	0.994974	14.2512	15.5541	1.99621	14.6277	0.0190164	0.999413	2.98488	1.98992	5.90495e-05	17.0209	0.994991
0.02044	14.2903	1.98992	0	14.1242	15.1861	2.00263	15.2168	0.013736	2.05894	15.3113	13.5364	14.3242	0.994972	14.2397	15.5452	1.99609	14.6273	0.0189413	0.999109	2.98488	1.98992	5.32605e-05	17.0175	0.99499
0.0195339	14.2903	1.98992	0	14.1241	15.186	2.00199	15.2159	0.0129088	2.0559	15.2924	13.5363	14.3216	0.99497	14.2321	15.5331	1.9959	14.6271	0.0188453	0.998793	2.98488	1.98992	5.15063e-05	17.0096	0.994989
0.0172242	14.2903	1.98992	0	14.1241	15.1857	2.00155	15.2142	0.0118567	2.05508	15.2623	13.5362	14.3211	0.994969	14.2277	15.5204	1.99568	14.6266	0.0188284	0.998725	2.98488	1.98992	4.65178e-05	16.9996	0.994988
0.0165895	14.2903	1.98992	0	14.124	15.1853	2.00132	15.2132	0.0114992	2.05257	15.2497	13.5361	14.3207	0.994968	14.2122	15.5172	1.99554	14.6263	0.0186202	0.998586	2.98488	1.98992	4.43059e-05	16.9943	0.994987
0.0155094	14.2903	1.98992	0	14.1239	15.1851	2.00011	15.2121	0.010606	2.05015	15.2293	13.5358	14.3192	0.994968	14.2122	15.5011	1.9954	14.6258	0.0184777	0.998324	2.98488	1.98992	4.16145e-05	16.9846	0.994986
0.0147871	14.2903	1.98992	0	14.1238	15.1849	1.99983	15.2115	0.0104488	2.04944	15.1981	13.5357	14.3184	0.994967	14.2081	15.4782	1.99534	14.6255	0.0184141	0.998211	2.98488	1.98992	3.81095e-05	16.9846	0.994984
0.0134729	14.2903	1.98992	0	14.1237	15.1846	1.99949	15.2106	0.0103318	2.04692	15.1759	13.5355	14.3175	0.994965	14.1996	15.4636	1.99515	14.6252	0.0183364	0.998024	2.98488	1.98992	3.60607e-05	16.9792	0.994981
0.0131586	14.2903	1.98992	0	14.1236	15.1843	1.99937	15.2105	0.00956581	2.04565	15.1759	13.5353	14.3168	0.994965	14.1921	15.4564	1.99488	14.6248	0.0182308	0.997851	2.98488	1.98992	3.43021e-05	16.9686	0.99498
0.0124906	14.2903	1.98992	0	14.1235	15.1839	1.99894	15.209	0.00920667	2.04398	15.1703	13.535	14.3157	0.994964	14.1775	15.448	1.99459	14.6244	0.0181501	0.997703	2.98488	1.98992	3.15253e-05	16.9612	0.994978
0.0118993	14.2903	1.98992	0	14.1234	15.1834	1.99873	15.2077	0.0086741	2.04293	15.1609	13.535	14.3135	0.994964	14.176	15.44	1.99459	14.6242	0.018065	0.997489	2.98488	1.98992	2.87981e-05	16.9572	0.994976
0.0116208	14.2903	1.98992	0	14.1234	15.1831	1.99854	15.2061	0.00821366	2.04204	15.1489	13.5345	14.3124	0.994964	14.1574	15.433	1.99438	14.6238	0.017968	0.997371	2.98488	1.98992	2.87247e-05	16.9442	0.994975
0.0111075	14.2903	1.98992	0	14.1234	15.1828	1.99805	15.2043	0.00717444	2.04052	15.1417	13.5343	14.3116	0.994963	14.1481	15.4201	1.99422	14.6234	0.0177693	0.997275	2.98488	1.98992	2.78498e-05	16.9342	0.994974
0.0102165	14.2903	1.98992	0	14.1233	15.1825	1.99749	15.2037	0.00697094	2.0392	15.1229	13.5341	14.3102	0.994963	14.1411	15.4009	1.99401	14.6231	0.0176532	0.997083	2.98488	1.98992	2.50598e-05	16.9209	0.994974
0.00970585	14.2903	1.98992	0	14.1232	15.182	1.99733	15.202	0.00630989	2.03597	15.1222	13.5336	14.3093	0.994963	14.1352	15.3934	1.99394	14.6229	0.017584	0.996898	2.98488	1.98992	2.13602e-05	16.9145	0.994972
0.00923607	14.2903	1.98992	0	14.1232	15.1817	1.99706	15.1995	0.00610868	2.03507	15.1167	13.5336	14.3086	0.994963	14.1241	15.3881	1.99377	14.6226	0.0175008	0.996738	2.98488	1.98992	1.9632e-05	16.9052	0.994971
0.00870217	14.2903	1.98992	0	14.1232	15.1815	1.99694	15.1986	0.00552216	2.03435	15.108	13.5335	14.3072	0.994962	14.1211	15.3812	1.99362	14.6224	0.0172746	0.996643	2.98488	1.98992	1.76605e-05	16.8835	0.994971
0.00845861	14.2903	1.98992	0	14.1232	15.1814	1.99664	15.1982	0.00517663	2.03375	15.1015	13.5333	14.306	0.994962	14.1162	15.3716	1.9935	14.6223	0.0172479	0.99651	2.98488	1.98992	1.63309e-05	16.8762	0.99497
0.0077656	14.2903	1.98992	0	14.1232	15.1813	1.99638	15.1971	0.00481336	2.03274	15.0871	13.5331	14.3054	0.994962	14.1051	15.362	1.99343	14.6221	0.0170615	0.996464	2.98488	1.98992	1.436e-05	16.8608	0.99497
0.00740216	14.2903	1.98992	0	14.1231	15.1812	1.99614	15.1963	0.00433208	2.03148	15.0735	13.5329	14.3042	0.994962	14.0987	15.3563	1.99331	14.6219	0.0170191	0.996432	2.98488	1.98992	1.20579e-05	16.849	0.994969
0.00677319	14.2903	1.98992	0	14.1231	15.1811	1.99593	15.1956	0.00421983	2.03089	15.0635	13.5328	14.3036	0.994961	14.0878	15.3382	1.99325	14.6216	0.0167639	0.996356	2.98488	1.98992	1.15383e-05	16.8262	0.994968
0.00650475	14.2903	1.98992	0	14.1231	15.1811	1.99559	15.1953	0.00412189	2.02944	15.0485	13.5327	14.3033	0.994961	14.0822	15.3268	1.99325	14.6214	0.0165988	0.996288	2.98488	1.98992	1.08352e-05	16.8058	0.994968
0.0062055	14.2903	1.98992	0	14.1231	15.1809	1.99484	15.1932	0.0038957	2.02877	15.0427	13.5325	14.3027	0.994961	14.0752	15.316	1.99315	14.6212	0.0163316	0.996168	2.98488	1.98992	1.07155e-05	16.8058	0.994968
0.00595325	14.2903	1.98992	0	14.1231	15.1808	1.99459	15.1926	0.00358475	2.0279	15.0359	13.5324	14.3018	0.994961	14.0745	15.3	1.99301	14.6208	0.0161998	0.996113	2.98488	1.98992	1.02566e-05	16.7985	0.994967
0.00550122	14.2903	1.98992	0	14.123	15.1808	1.99443	15.1916	0.00351858	2.02601	15.0301	13.5321	14.3014	0.994961	14.0699	15.2976	1.99294	14.6206	0.0159492	0.996075	2.98488	1.98992	9.71388e-06	16.7897	0.994967
0.00542664	14.2903	1.98992	0	14.123	15.1806	1.99415	15.1911	0.00317735	2.02513	15.0284	13.5319	14.3006	0.994961	14.0691	15.2916	1.99276	14.6204	0.0158257	0.995995	2.98488	1.98992	8.73015e-06	16.7875	0.994966
0.0051286	14.2903	1.98992	0	14.123	15.1804	1.99392	15.1901	0.00316573	2.02362	15.0246	13.5318	14.3004	0.994961	14.0638	15.2826	1.99264	14.6202	0.0156003	0.995936	2.98488	1.98992	8.36986e-06	16.7797	0.994966
0.00460871	14.2903	1.98992	0	14.123	15.1803	1.99366	15.1892	0.00298061	2.02115	15.0122	13.5317	14.3001	0.994961	14.0608	15.2688	1.9925	14.6199	0.0152295	0.995905	2.98488	1.98992	7.7654e-06	16.775	0.994965
0.00444956	14.2903	1.98992	0	14.123	15.1802	1.9935	15.1886	0.00276704	2.01999	15.0065	13.5316	14.2994	0.99496	14.0581	15.2586	1.99246	14.6196	0.0149103	0.995855	2.98488	1.98992	7.00822e-06	16.7687	0.994965
0.0040748	14.2903	1.98992	0	14.123	15.1802	1.99342	15.1884	0.00268441	2.01821	15.0013	13.5314	14.2992	0.99496	14.0562	15.2459	1.99243	14.6193	0.0145963	0.995806	2.98488	1.98992	5.98299e-06	16.7624	0.994964
0.00369548	14.2903	1.98992	0	14.1229	15.1802	1.99314	15.1879	0.00248198	2.01737	14.9976	13.5313	14.299	0.99496	14.0519	15.2365	1.99237	14.6188	0.0144109	0.995766	2.98488	1.98992	5.49082e-06	16.7536	0.994964
0.0034104	14.2903	1.98992	0	14.1229	15.1801	1.99286	15.1876	0.00219216	2.01627	14.9958	13.5312	14.2988	0.99496	14.0472	15.232	1.99225	14.6183	0.0142676	0.995725	2.98488	1.98992	4.73565e-06	16.7518	0.994964
0.00321155	14.2903	1.98992	0	14.1229	15.18	1.99264	15.1875	0.00211025	2.01525	14.9904	13.5312	14.2982	0.99496	14.0416	15.2186	1.99203	14.618	0.014056	0.995596	2.98488	1.98992	4.34515e-06	16.7435	0.994963
0.00296904	14.2903	1.98992	0	14.1229	15.1799	1.99238	15.1871	0.00186664	2.0148	14.9892	13.531	14.2981	0.99496	14.0403	15.2162	1.99188	14.6171	0.0137949	0.995562	2.98488	1.98992	3.95437e-06	16.7384	0.994963
0.00294377	14.2903	1.98992	0	14.1229	15.1798	1.99219	15.1866	0.00169467	2.01333	14.984	13.5309	14.2977	0.99496	14.0379	15.2061	1.99175	14.6165	0.0133639	0.995515	2.98488	1.98992	3.7865e-06	16.7307	0.994963
0.00278049	14.2903	1.98992	0	14.1229	15.1798	1.99213	15.1864	0.00157928	2.01238	14.9801	13.5309	14.2975	0.99496	14.0369	15.2037	1.99173	14.6161	0.0126078	0.995497	2.98488	1.98992	3.40016e-06	16.7256	0.994962
0.00260204	14.2903	1.98992	0	14.1229	15.1798	1.99199	15.1859	0.00154688	2.01094	14.9751	13.5308	14.2972	0.99496	14.0345	15.2037	1.99163	14.6154	0.012105	0.995495	2.98488	1.98992	3.08561e-06	16.7143	0.994962
0.00247427	14.2903	1.98992	0	14.1229	15.1797	1.99191	15.1855	0.00148373	2.01003	14.9743	13.5308	14.297	0.99496	14.0336	15.1978	1.99154	14.615	0.011684	0.995469	2.98488	1.98992	2.6967e-06	16.7072	0.994962
0.0023686	14.2903	1.98992	0	14.1228	15.1797	1.99173	15.1852	0.00139212	2.00909	14.9694	13.5307	14.2968	0.994959	14.0321	15.188	1.99143	14.6148	0.011684	0.995444	2.98488	1.98992	2.34001e-06	16.6966	0.994962
0.00223327	14.2903	1.98992	0	14.1228	15.1797	1.99167	15.1849	0.00134903	2.00759	14.9685	13.5307	14.2966	0.994959	14.0314	15.1827	1.9914	14.6141	0.0114091	0.995417	2.98488	1.98992	2.0642e-06	16.6919	0.994962
0.00213829	14.2903	1.98992	0	14.1228	15.1797	1.99142	15.1848	0.00129238	2.00738	14.9672	13.5307	14.2964	0.994959	14.0305	15.1804	1.99133	14.6139	0.0111592	0.995407	2.98488	1.98992	1.80813e-06	16.6825	0.994962
0.00212176	14.2903	1.98992	0	14.1228	15.1797	1.99131	15.1839	0.00112578	2.00615	14.9646	13.5306	14.296	0.994959	14.0287	15.1752	1.99128	14.6132	0.0109367	0.995371	2.98488	1.98992	1.70823e-06	16.6671	0.994962
0.00200889	14.2903	1.98992	0	14.1228	15.1797	1.99125	15.1838	0.00103427	2.00597	14.9634	13.5305	14.296	0.994959	14.0269	15.1699	1.99116	14.6123	0.0107996	0.995361	2.98488	1.98992	1.64326e-06	16.664	0.994961
0.00187335	14.2903	1.98992	0	14.1228	15.1797	1.99114	15.1834	0.000999538	2.00531	14.96	13.5304	14.2957	0.994959	14.0247	15.166	1.9911	14.6113	0.0104785	0.995354	2.98488	1.98992	1.58182e-06	16.6529	0.994961
0.0016753	14.2903	1.98992	0	14.1228	15.1797	1.99111	15.1833	0.000963645	2.00424	14.9576	13.5304	14.2955	0.994959	14.0241	15.1602	1.99099	14.6107	0.0103429	0.99534	2.98488	1.98992	1.42959e-06	16.6499	0.994961
0.00145332	14.2903	1.98992	0	14.1228	15.1796	1.9911	15.1831	0.000925853	2.00346	14.9561	13.5304	14.2954	0.994959	14.0226	15.1528	1.99094	14.6094	0.0101812	0.995322	2.98488	1.98992	1.35965e-06	16.6416	0.994961
0.0014017	14.2903	1.98992	0	14.1228	15.1796	1.99102	15.183	0.00080445	2.00228	14.9532	13.5303	14.2953	0.994959	14.0211	15.147	1.99084	14.608	0.0100764	0.995306	2.98488	1.98992	1.20292e-06	16.6355	0.994961
0.00132407	14.2903	1.98992	0	14.1228	15.1796	1.99088	15.1829	0.000726198	2.00152	14.9506	13.5303	14.2952	0.994959	14.0183	15.1462	1.99077	14.6074	0.00934791	0.995286	2.98488	1.98992	1.12923e-06	16.628	0.994961
0.00123317	14.2903	1.98992	0	14.1228	15.1796	1.99084	15.1828	0.000629719	2.001	14.9486	13.5303	14.295	0.994959	14.0183	15.1426	1.99067	14.6062	0.00914001	0.995263	2.98488	1.98992	9.96631e-07	16.6213	0.99496
0.00123317	14.2903	1.98992	0	14.1228	15.1796	1.99076	15.1825	0.000615224	1.99955	14.9442	13.5302	14.2949	0.994959	14.017	15.1401	1.99063	14.6052	0.00873497	0.995236	2.98488	1.98992	8.43935e-07	16.611	0.99496
0.00115792	14.2903	1.98992	0	14.1228	15.1796	1.99074	15.1822	0.00054882	1.9995	14.9424	13.5302	14.2948	0.994959	14.0161	15.1369	1.99054	14.6051	0.00858981	0.995206	2.98488	1.98992	8.12766e-07	16.605	0.99496
0.00113708	14.2903	1.98992	0	14.1228	15.1796	1.9907	15.1819	0.00051042	1.99795	14.9409	13.5302	14.2946	0.994959	14.0149	15.1316	1.99045	14.6045	0.00827632	0.995177	2.98488	1.98992	7.26443e-07	16.5985	0.99496
0.00103316	14.2903	1.98992	0	14.1228	15.1796	1.99062	15.1817	0.000457532	1.99768	14.9389	13.5302	14.2945	0.994959	14.0147	15.1254	1.9904	14.6038	0.00809189	0.995157	2.98488	1.98992	6.61932e-07	16.5934	0.99496
0.00103073	14.2903	1.98992	0	14.1228	15.1796	1.99062	15.1815	0.000426962	1.99635	14.9374	13.5302	14.2944	0.994959	14.0137	15.1158	1.99034	14.6028	0.00798091	0.995134	2.98488	1.98992	6.20524e-07	16.59	0.99496
0.000974337	14.2903	1.98992	0	14.1228	15.1796	1.99055	15.1813	0.00042276	1.99569	14.9364	13.5301	14.2943	0.994959	14.0131	15.1158	1.99028	14.6024	0.00783731	0.995119	2.98488	1.98992	5.23017e-07	16.5853	0.99496
0.000949139	14.2903	1.98992	0	14.1228	15.1796	1.99047	15.1812	0.000385236	1.9951	14.9358	13.5301	14.2943	0.994959	14.0126	15.1108	1.99025	14.6013	0.00716324	0.995111	2.98488	1.98992	4.83232e-07	16.5766	0.99496
0.000890362	14.2903	1.98992	0	14.1228	15.1796	1.99043	15.181	0.000355894	1.99471	14.9315	13.5301	14.2942	0.994959	14.0116	15.11	1.99021	14.601	0.00654712	0.995091	2.98488	1.98992	4.13349e-07	16.5744	0.99496
0.000849955	14.2903	1.98992	0	14.1227	15.1796	1.99036	15.1808	0.000323277	1.99406	14.9306	13.5301	14.2941	0.994959	14.0106	15.1084	1.99019	14.6003	0.00592072	0.995082	2.98488	1.98992	3.92762e-07	16.5718	0.99496
0.000770364	14.2903	1.98992	0	14.1227	15.1796	1.99033	15.1806	0.000313324	1.99357	14.929	13.5301	14.2941	0.994959	14.0101	15.1056	1.99016	14.5995	0.0055709	0.995079	2.98488	1.98992	3.66331e-07	16.5668	0.99496
0.000697772	14.2903	1.98992	0	14.1227	15.1796	1.99031	15.1805	0.000291064	1.99357	14.9268	13.5301	14.2939	0.994959	14.0095	15.1048	1.99011	14.5986	0.00539333	0.995072	2.98488	1.98992	3.37782e-07	16.5598	0.99496
0.000665352	14.2903	1.98992	0	14.1227	15.1796	1.99029	15.1804	0.000268602	1.99347	14.9232	13.53	14.2939	0.994959	14.0093	15.1031	1.99009	14.598	0.00486783	0.995058	2.98488	1.98992	3.37721e-07	16.5526	0.99496
0.000627861	14.2903	1.98992	0	14.1227	15.1796	1.99027	15.1801	0.000260317	1.99338	14.922	13.53	14.2938	0.994959	14.0088	15.1017	1.99007	14.597	0.00451342	0.995055	2.98488	1.98992	3.15456e-07	16.5494	0.99496
0.000615891	14.2903	1.98992	0	14.1227	15.1796	1.99025	15.1801	0.000246266	1.9931	14.9203	13.53	14.2938	0.994959	14.0086	15.0972	1.99005	14.5964	0.00403491	0.995047	2.98488	1.98992	2.8666e-07	16.5408	0.99496
0.000588608	14.2903	1.98992	0	14.1227	15.1796	1.99024	15.18	0.000228795	1.9929	14.9181	13.53	14.2937	0.994959	14.0073	15.0933	1.99005	14.5956	0.00399471	0.995043	2.98488	1.98992	2.79349e-07	16.5328	0.99496
0.000560357	14.2903	1.98992	0	14.1227	15.1796	1.99018	15.18	0.000207144	1.99249	14.9172	13.53	14.2936	0.994959	14.0067	15.0889	1.99003	14.5949	0.00394172	0.99504	2.98488	1.98992	2.70954e-07	16.5286	0.99496
0.000506967	14.2903	1.98992	0	14.1227	15.1796	1.99016	15.1799	0.000198568	1.99232	14.9161	13.53	14.2934	0.994959	14.0051	15.0877	1.99001	14.5946	0.00378166	0.995032	2.98488	1.98992	2.49413e-07	16.5171	0.994959
0.000498233	14.2903	1.98992	0	14.1227	15.1796	1.99014	15.1799	0.000188035	1.99213	14.9159	13.53	14.2932	0.994959	14.0046	15.0847	1.98999	14.594	0.00358802	0.995026	2.98488	1.98992	2.29473e-07	16.515	0.994959
0.000468148	14.2903	1.98992	0	14.1227	15.1795	1.99012	15.1799	0.00018192	1.99186	14.914	13.53	14.2931	0.994959	14.0041	15.0831	1.98999	14.5937	0.00336893	0.99502	2.98488	1.98992	2.22916e-07	16.5065	0.994959
0.000446111	14.2903	1.98992	0	14.1227	15.1795	1.99009	15.1798	0.000170499	1.9918	14.9128	13.53	14.293	0.994959	14.0039	15.0804	1.98998	14.5934	0.00320548	0.995014	2.98488	1.98992	2.1133e-07	16.5036	0.994959
0.000415363	14.2903	1.98992	0	14.1227	15.1795	1.99007	15.1798	0.000166027	1.99158	14.9121	13.53	14.2928	0.994959	14.0031	15.0792	1.98997	14.5932	0.00301989	0.995011	2.98488	1.98992	1.94806e-07	16.5027	0.994959
0.000400854	14.2903	1.98992	0	14.1227	15.1795	1.99006	15.1797	0.000151541	1.9913	14.9117	13.53	14.2928	0.994959	14.0026	15.0775	1.98997	14.593	0.00289713	0.995003	2.98488	1.98992	1.79872e-07	16.4958	0.994959
0.000377283	14.2903	1.98992	0	14.1227	15.1795	1.99005	15.1796	0.0001393	1.99126	14.9111	13.53	14.2928	0.994959	14.0023	15.0769	1.98997	14.5927	0.00255935	0.994997	2.98488	1.98992	1.71045e-07	16.4949	0.994959
0.000370773	14.2903	1.98992	0	14.1227	15.1795	1.99004	15.1796	0.000128515	1.99108	14.91	13.53	14.2927	0.994959	14.0019	15.0757	1.98996	14.5924	0.00244442	0.994995	2.98488	1.98992	1.62932e-07	16.4917	0.994959
0.000359356	14.2903	1.98992	0	14.1227	15.1795	1.99003	15.1796	0.000120708	1.99094	14.9087	13.53	14.2926	0.994959	14.0015	15.0747	1.98996	14.5919	0.00226998	0.994995	2.98488	1.98992	1.54177e-07	16.4907	0.994959
0.000341002	14.2903	1.98992	0	14.1227	15.1795	1.99002	15.1796	0.000115629	1.99087	14.9075	13.53	14.2925	0.994959	14.0012	15.0738	1.98995	14.5917	0.00214304	0.994994	2.98488	1.98992	1.46678e-07	16.4881	0.994959
0.000333447	14.2903	1.98992	0	14.1227	15.1795	1.99	15.1796	0.000106576	1.99076	14.9061	13.53	14.2923	0.994959	14.0007	15.0728	1.98995	14.5914	0.00197716	0.994993	2.98488	1.98992	1.44142e-07	16.4868	0.994959
0.000310015	14.2903	1.98992	0	14.1227	15.1795	1.99	15.1795	0.000103172	1.9907	14.903	13.53	14.2922	0.994959	14.0004	15.0725	1.98995	14.5912	0.00167971	0.994991	2.98488	1.98992	1.35247e-07	16.4843	0.994959
0.00029425	14.2903	1.98992	0	14.1227	15.1795	1.98999	15.1795	9.45596e-05	1.9907	14.9027	13.53	14.2921	0.994959	14.0002	15.0718	1.98994	14.5909	0.00150257	0.994988	2.98488	1.98992	1.21395e-07	16.4793	0.994959
0.000284559	14.2903	1.98992	0	14.1227	15.1795	1.98999	15.1795	9.16636e-05	1.99061	14.9009	13.53	14.2919	0.994959	13.9998	15.071	1.98994	14.5908	0.00140439	0.994987	2.98488	1.98992	8.06194e-08	16.4739	0.994959
0.000269913	14.2903	1.98992	0	14.1227	15.1795	1.98998	15.1795	8.87525e-05	1.99054	14.8985	13.53	14.2918	0.994959	13.9995	15.0693	1.98994	14.5905	0.00127939	0.994984	2.98488	1.98992	6.59329e-08	16.4739	0.994959
0.00024433	14.2903	1.98992	0	14.1227	15.1795	1.98998	15.1794	8.35581e-05	1.99046	14.8982	13.53	14.2917	0.994959	13.9993	15.0688	1.98994	14.5904	0.00118711	0.994982	2.98488	1.98992	6.59329e-08	16.4724	0.994959
0.000232418	14.2903	1.98992	0	14.1227	15.1795	1.98997	15.1794	8.07123e-05	1.9904	14.8973	13.53	14.2916	0.994959	13.999	15.068	1.98994	14.5903	0.00118061	0.994982	2.98488	1.98992	6.26771e-08	16.4683	0.994959
0.00022702	14.2903	1.98992	0	14.1227	15.1795	1.98997	15.1794	7.34538e-05	1.99034	14.897	13.53	14.2915	0.994959	13.9987	15.0673	1.98993	14.59	0.0010923	0.99498	2.98488	1.98992	5.67468e-08	16.4665	0.994959
0.000213544	14.2903	1.98992	0	14.1227	15.1795	1.98996	15.1794	6.8241e-05	1.99025	14.8968	13.53	14.2914	0.994959	13.9981	15.0671	1.98993	14.5899	0.00102817	0.994979	2.98488	1.98992	5.29492e-08	16.4662	0.994959
0.000196905	14.2903	1.98992	0	14.1227	15.1795	1.98996	15.1794	5.23753e-05	1.99023	14.8952	13.53	14.2913	0.994959	13.9977	15.0668	1.98993	14.5896	0.000892359	0.994979	2.98488	1.98992	4.71609e-08	16.464	0.994959
0.000185897	14.2903	1.98992	0	14.1227	15.1795	1.98995	15.1794	5.12021e-05	1.99021	14.8952	13.53	14.2912	0.994959	13.9972	15.0665	1.98993	14.5895	0.000892359	0.994978	2.98488	1.98992	4.37883e-08	16.4574	0.994959
0.000171214	14.2903	1.98992	0	14.1227	15.1795	1.98995	15.1794	4.55446e-05	1.99018	14.8947	13.53	14.2912	0.994959	13.9969	15.066	1.98993	14.5893	0.000824797	0.994978	2.98488	1.98992	3.90789e-08	16.4566	0.994959
0.000162674	14.2903	1.98992	0	14.1227	15.1795	1.98995	15.1794	4.16429e-05	1.99017	14.8937	13.5299	14.291	0.994959	13.9965	15.0659	1.98993	14.5892	0.000744602	0.994977	2.98488	1.98992	3.51699e-08	16.4544	0.994959
0.000157305	14.2903	1.98992	0	14.1227	15.1795	1.98995	15.1794	3.81232e-05	1.99016	14.8932	13.5299	14.291	0.994959	13.9965	15.0656	1.98992	14.589	0.000713887	0.994977	2.98488	1.98992	3.10879e-08	16.4511	0.994959
0.00014156	14.2903	1.98992	0	14.1227	15.1795	1.98994	15.1794	3.35012e-05	1.99013	14.8924	13.5299	14.2909	0.994959	13.9963	15.0655	1.98992	14.5889	0.000653956	0.994976	2.98488	1.98992	2.85243e-08	16.4498	0.994959
0.00012775	14.2903	1.98992	0	14.1227	15.1795	1.98994	15.1794	2.77882e-05	1.99012	14.8919	13.5299	14.2908	0.994959	13.9959	15.065	1.98992	14.5887	0.000608269	0.994976	2.98488	1.98992	2.69515e-08	16.4467	0.994959
0.000124565	14.2903	1.98992	0	14.1227	15.1794	1.98994	15.1794	2.47619e-05	1.99011	14.8914	13.5299	14.2908	0.994959	13.9957	15.0644	1.98992	14.5886	0.000586659	0.994975	2.98488	1.98992	2.57658e-08	16.445	0.994959
0.000121295	14.2903	1.98992	0	14.1227	15.1794	1.98994	15.1794	2.11141e-05	1.9901	14.8908	13.5299	14.2908	0.994959	13.9955	15.0643	1.98992	14.5885	0.000556361	0.994974	2.98488	1.98992	2.43463e-08	16.4435	0.994959
0.000111278	14.2903	1.98992	0	14.1227	15.1794	1.98994	15.1794	1.94846e-05	1.99009	14.8905	13.5299	14.2907	0.994959	13.9954	15.0639	1.98992	14.5885	0.000532292	0.994973	2.98488	1.98992	2.23099e-08	16.4428	0.994959
0.000105112	14.2903	1.98992	0	14.1227	15.1794	1.98994	15.1794	1.78843e-05	1.99009	14.8899	13.5299	14.2907	0.994959	13.9953	15.0635	1.98992	14.5885	0.000511116	0.994972	2.98488	1.98992	1.87242e-08	16.4419	0.994959
0.000102214	14.2903	1.98992	0	14.1227	15.1794	1.98994	15.1794	1.60044e-05	1.99009	14.8892	13.5299	14.2907	0.994959	13.9951	15.0634	1.98992	14.5884	0.000501125	0.994972	2.98488	1.98992	1.87242e-08	16.4398	0.994959
9.56429e-05	14.2903	1.98992	0	14.1227	15.1794	1.98994	15.1793	1.48549e-05	1.99008	14.889	13.5299	14.2906	0.994959	13.995	15.0631	1.98992	14.5883	0.000468148	0.994972	2.98488	1.98992	1.78236e-08	16.4391	0.994959
9.16499e-05	14.2903	1.98992	0	14.1227	15.1794	1.98993	15.1793	1.26879e-05	1.99008	14.8886	13.5299	14.2906	0.994959	13.9948	15.0628	1.98992	14.5882	0.000454451	0.994971	2.98488	1.98992	1.63734e-08	16.4378	0.994959
8.78296e-05	14.2903	1.98992	0	14.1227	15.1794	1.98993	15.1793	1.16861e-05	1.99007	14.8882	13.5299	14.2905	0.994959	13.9948	15.0624	1.98992	14.5881	0.000432655	0.99497	2.98488	1.98992	1.59307e-08	16.4359	0.994959
8.73642e-05	14.2903	1.98992	0	14.1227	15.1794	1.98993	15.1793	1.08852e-05	1.99007	14.8878	13.5299	14.2905	0.994959	13.9947	15.0622	1.98992	14.588	0.000410249	0.99497	2.98488	1.98992	1.51538e-08	16.434	0.994959
8.43152e-05	14.2903	1.98992	0	14.1227	15.1794	1.98993	15.1793	9.99499e-06	1.99006	14.8871	13.5299	14.2905	0.994959	13.9946	15.0619	1.98992	14.5879	0.000400378	0.994969	2.98488	1.98992	1.45196e-08	16.4338	0.994959
8.35042e-05	14.2903	1.98992	0	14.1227	15.1794	1.98993	15.1793	8.2314e-06	1.99006	14.8871	13.5299	14.2905	0.994959	13.9945	15.0615	1.98992	14.5878	0.00039043	0.994968	2.98488	1.98992	1.37052e-08	16.4323	0.994959
8.05247e-05	14.2903	1.98992	0	14.1227	15.1794	1.98993	15.1793	7.14813e-06	1.99005	14.8869	13.5299	14.2905	0.994959	13.9945	15.0613	1.98992	14.5876	0.000379561	0.994968	2.98488	1.98992	1.30451e-08	16.4314	0.994959
7.72335e-05	14.2903	1.98992	0	14.1227	15.1794	1.98993	15.1793	6.53562e-06	1.99005	14.8868	13.5299	14.2905	0.994959	13.9944	15.0612	1.98992	14.5875	0.000377813	0.994967	2.98488	1.98992	1.25285e-08	16.4303	0.994959
7.45195e-05	14.2903	1.98992	0	14.1227	15.1794	1.98993	15.1793	6.39947e-06	1.99005	14.8864	13.5299	14.2905	0.994959	13.9944	15.0604	1.98992	14.5875	0.000369695	0.994967	2.98488	1.98992	1.16308e-08	16.4298	0.994959
7.15261e-05	14.2903	1.98992	0	14.1227	15.1794	1.98993	15.1793	5.97086e-06	1.99005	14.8861	13.5299	14.2905	0.994959	13.9944	15.0604	1.98992	14.5874	0.000367717	0.994967	2.98488	1.98992	1.10622e-08	16.4289	0.994959
6.90704e-05	14.2903	1.98992	0	14.1227	15.1794	1.98993	15.1793	5.41288e-06	1.99004	14.886	13.5299	14.2904	0.994959	13.9943	15.0599	1.98992	14.5873	0.000360989	0.994967	2.98488	1.98992	1.04747e-08	16.4284	0.994959
6.6441e-05	14.2903	1.98992	0	14.1227	15.1794	1.98993	15.1793	5.41288e-06	1.99004	14.8859	13.5299	14.2904	0.994959	13.9943	15.0597	1.98992	14.5873	0.000356841	0.994966	2.98488	1.98992	0	16.4271	0.994959
6.14386e-05	14.2903	1.98992	0	14.1227	15.1794	1.98993	15.1793	5.20372e-06	1.99004	14.8857	13.5299	14.2904	0.994959	13.9943	15.0595	1.98992	14.5872	0.000348642	0.994966	2.98488	1.98992	0	16.4259	0.994959
5.90919e-05	14.2903	1.98992	0	14.1227	15.1794	1.98993	15.1793	4.70656e-06	1.99004	14.8854	13.5299	14.2904	0.994959	13.9943	15.0593	1.98992	14.5872	0.000344839	0.994966	2.98488	1.98992	0	16.4245	0.994959
5.62708e-05	14.2903	1.98992	0	14.1227	15.1794	1.98993	15.1793	4.45039e-06	1.99004	14.8854	13.5299	14.2904	0.994959	13.9942	15.0591	1.98992	14.5872	0.000341927	0.994966	2.98488	1.98992	0	16.4239	0.994959
5.27713e-05	14.2903	1.98992	0	14.1227	15.1794	1.98993	15.1793	3.89282e-06	1.99003	14.885	13.5299	14.2904	0.994959	13.9942	15.0589	1.98992	14.5871	0.000338045	0.994965	2.98488	1.98992	0	16.4225	0.994959
5.0851e-05	14.2903	1.98992	0	14.1227	15.1794	1.98993	15.1793	3.44625e-06	1.99003	14.8847	13.5299	14.2904	0.994959	13.9942	15.0587	1.98992	14.5871	0.000332371	0.994965	2.98488	1.98992	0	16.4213	0.994959
4.97771e-05	14.2903	1.98992	0	14.1227	15.1794	1.98993	15.1793	3.14571e-06	1.99003	14.8846	13.5299	14.2904	0.994959	13.9941	15.0584	1.98992	14.5871	0.00032866	0.994965	2.98488	1.98992	0	16.4203	0.994959
4.54132e-05	14.2903	1.98992	0	14.1227	15.1794	1.98993	15.1793	2.6616e-06	1.99003	14.8846	13.5299	14.2904	0.994959	13.9941	15.0583	1.98992	14.587	0.000327729	0.994965	2.98488	1.98992	0	16.4194	0.994959
4.33381e-05	14.2903	1.98992	0	14.1227	15.1794	1.98993	15.1793	2.58937e-06	1.99003	14.8843	13.5299	14.2904	0.994959	13.9941	15.0583	1.98992	14.587	0.000324927	0.994965	2.98488	1.98992	0	16.4185	0.994959
3.90991e-05	14.2903	1.98992	0	14.1227	15.1794	1.98993	15.1793	2.38786e-06	1.99003	14.8843	13.5299	14.2904	0.994959	13.9941	15.0581	1.98992	14.587	0.000321873	0.994964	2.98488	1.98992	0	16.4175	0.994959
3.59402e-05	14.2903	1.98992	0	14.1227	15.1794	1.98993	15.1793	2.24743e-06	1.99003	14.8842	13.5299	14.2903	0.994959	13.9941	15.0579	1.98992	14.5869	0.000314642	0.994964	2.98488	1.98992	0	16.4166	0.994959
2.98567e-05	14.2903	1.98992	0	14.1227	15.1794	1.98993	15.1793	2.03642e-06	1.99003	14.8841	13.5299	14.2903	0.994959	13.9941	15.0577	1.98992	14.5869	0.0003122	0.994964	2.98488	1.98992	0	16.4157	0.994959
2.78969e-05	14.2903	1.98992	0	14.1227	15.1794	1.98993	15.1793	2.03401e-06	1.99003	14.884	13.5299	14.2903	0.994959	13.9941	15.0575	1.98992	14.5869	0.000311442	0.994964	2.98488	1.98992	0	16.4148	0.994959
2.55138e-05	14.2903	1.98992	0	14.1227	15.1794	1.98992	15.1793	2.00353e-06	1.99003	14.8839	13.5299	14.2903	0.994959	13.994	15.0574	1.98992	14.5869	0.000310131	0.994964	2.98488	1.98992	0	16.4147	0.994959
2.08972e-05	14.2903	1.98992	0	14.1227	15.1794	1.98992	15.1793	1.90616e-06	1.99003	14.8838	13.5299	14.2903	0.994959	13.994	15.0573	1.98992	14.5869	0.000308741	0.994964	2.98488	1.98992	0	16.4143	0.994959
1.75401e-05	14.2903	1.98992	0	14.1227	15.1794	1.98992	15.1793	1.8651e-06	1.99003	14.8838	13.5299	14.2903	0.994959	13.994	15.0573	1.98992	14.5869	0.00030596	0.994964	2.98488	1.98992	0	16.414	0.994959
1.64435e-05	14.2903	1.98992	0	14.1227	15.1794	1.98992	15.1793	1.76224e-06	1.99003	14.8837	13.5299	14.2903	0.994959	13.994	15.0571	1.98992	14.5869	0.000301776	0.994963	2.98488	1.98992	0	16.4133	0.994959
1.52818e-05	14.2903	1.98992	0	14.1227	15.1794	1.98992	15.1793	1.73188e-06	1.99003	14.8837	13.5299	14.2903	0.994959	13.994	15.057	1.98992	14.5869	0.000299851	0.994963	2.98488	1.98992	0	16.4128	0.994959
1.46206e-05	14.2903	1.98992	0	14.1227	15.1794	1.98992	15.1793	1.71579e-06	1.99003	14.8836	13.5299	14.2903	0.994959	13.994	15.0569	1.98992	14.5869	0.000296115	0.994963	2.98488	1.98992	0	16.4126	0.994959
1.30865e-05	14.2903	1.98992	0	14.1227	15.1794	1.98992	15.1793	1.67319e-06	1.99003	14.8836	13.5299	14.2903	0.994959	13.994	15.0567	1.98992	14.5868	0.000292364	0.994963	2.98488	1.98992	0	16.4121	0.994959
1.15508e-05	14.2903	1.98992	0	14.1227	15.1794	1.98992	15.1793	1.67297e-06	1.99003	14.8835	13.5299	14.2903	0.994959	13.994	15.0564	1.98992	14.5868	0.000284143	0.994963	2.98488	1.98992	0	16.4117	0.994959
1.06958e-05	14.2903	1.98992	0	14.1227	15.1793	1.98992	15.1793	1.65817e-06	1.99002	14.8835	13.5299	14.2903	0.994959	13.994	15.0563	1.98992	14.5868	0.000282646	0.994963	2.98488	1.98992	0	16.4114	0.994959
1.00816e-05	14.2903	1.98992	0	14.1227	15.1793	1.98992	15.1793	1.61818e-06	1.99002	14.8834	13.5299	14.2903	0.994959	13.994	15.0561	1.98992	14.5868	0.000279746	0.994963	2.98488	1.98992	0	16.4111	0.994959
9.81437e-06	14.2903	1.98992	0	14.1227	15.1793	1.98992	15.1793	1.60091e-06	1.99002	14.8834	13.5299	14.2903	0.994959	13.994	15.0559	1.98992	14.5868	0.00027575	0.994962	2.98488	1.98992	0	16.4107	0.994959
9.49451e-06	14.2903	1.98992	0	14.1227	15.1793	1.98992	15.1793	1.59351e-06	1.99002	14.8834	13.5299	14.2903	0.994959	13.994	15.0557	1.98992	14.5868	0.000270636	0.994962	2.98488	1.98992	0	16.4106	0.994959
8.84502e-06	14.2903	1.98992	0	14.1227	15.1793	1.98992	15.1793	1.57743e-06	1.99002	14.8833	13.5299	14.2903	0.994959	13.994	15.0555	1.98992	14.5868	0.000264713	0.994962	2.98488	1.98992	0	16.4103	0.994959
8.31731e-06	14.2903	1.98992	0	14.1227	15.1793	1.98992	15.1793	1.56719e-06	1.99002	14.8833	13.5299	14.2903	0.994959	13.994	15.0554	1.98992	14.5868	0.000261572	0.994962	2.98488	1.98992	0	16.4102	0.994959
7.72056e-06	14.2903	1.98992	0	14.1227	15.1793	1.98992	15.1793	1.4857e-06	1.99002	14.8833	13.5299	14.2903	0.994959	13.994	15.0553	1.98992	14.5867	0.000257569	0.994962	2.98488	1.98992	0	16.4097	0.994959
6.98186e-06	14.2903	1.98992	0	14.1227	15.1793	1.98992	15.1793	1.4651e-06	1.99002	14.8833	13.5299	14.2903	0.994959	13.994	15.0552	1.98992	14.5867	0.000255055	0.994962	2.98488	1.98992	0	16.4094	0.994959
6.60417e-06	14.2903	1.98992	0	14.1227	15.1793	1.98992	15.1793	1.44428e-06	1.99002	14.8833	13.5299	14.2903	0.994959	13.994	15.055	1.98992	14.5867	0.000249289	0.994962	2.98488	1.98992	0	16.4087	0.994959
6.18726e-06	14.2903	1.98992	0	14.1227	15.1793	1.98992	15.1793	1.43208e-06	1.99002	14.8833	13.5299	14.2903	0.994959	13.994	15.0549	1.98992	14.5867	0.000242657	0.994961	2.98488	1.98992	0	16.4085	0.994959
5.81548e-06	14.2903	1.98992	0	14.1227	15.1793	1.98992	15.1793	1.42038e-06	1.99002	14.8833	13.5299	14.2903	0.994959	13.994	15.0549	1.98992	14.5867	0.000239818	0.994961	2.98488	1.98992	0	16.4083	0.994959
5.34072e-06	14.2903	1.98992	0	14.1227	15.1793	1.98992	15.1793	1.4144e-06	1.99002	14.8832	13.5299	14.2903	0.994959	13.994	15.0548	1.98992	14.5867	0.00023405	0.994961	2.98488	1.98992	0	16.4081	0.994959
5.12357e-06	14.2903	1.98992	0	14.1227	15.1793	1.98992	15.1793	1.40696e-06	1.99001	14.8832	13.5299	14.2903	0.994959	13.994	15.0546	1.98992	14.5867	0.000230281	0.994961	2.98488	1.98992	0	16.4079	0.994959
5.00372e-06	14.2903	1.98992	0	14.1227	15.1793	1.98992	15.1793	1.39804e-06	1.99001	14.8832	13.5299	14.2903	0.994959	13.994	15.0545	1.98992	14.5867	0.000225069	0.994961	2.98488	1.98992	0	16.4078	0.994959
4.81617e-06	14.2903	1.98992	0	14.1227	15.1793	1.98992	15.1793	1.38408e-06	1.99001	14.8832	13.5299	14.2903	0.994959	13.994	15.0543	1.98992	14.5867	0.000213835	0.994961	2.98488	1.98992	0	16.4076	0.994959
4.65291e-06	14.2903	1.98992	0	14.1227	15.1793	1.98992	15.1793	1.34954e-06	1.99001	14.8832	13.5299	14.2903	0.994959	13.994	15.0543	1.98992	14.5867	0.000210212	0.99496	2.98488	1.98992	0	16.4076	0.994959
4.53147e-06	14.2903	1.98992	0	14.1227	15.1793	1.98992	15.1793	1.30833e-06	1.99001	14.8832	13.5299	14.2903	0.994959	13.994	15.0541	1.98992	14.5867	0.000199594	0.99496	2.98488	1.98992	0	16.4075	0.994959
4.47262e-06	14.2903	1.98992	0	14.1227	15.1793	1.98992	15.1793	1.29213e-06	1.99001	14.8831	13.5299	14.2903	0.994959	13.994	15.054	1.98992	14.5867	0.000191257	0.99496	2.98488	1.98992	0	16.4075	0.994959
4.3525e-06	14.2903	1.98992	0	14.1227	15.1793	1.98992	15.1793	1.2661e-06	1.99001	14.8831	13.5299	14.2903	0.994959	13.994	15.0539	1.98992	14.5867	0.000177237	0.99496	2.98488	1.98992	0	16.4074	0.994959
4.26194e-06	14.2903	1.98992	0	14.1227	15.1793	1.98992	15.1793	1.2597e-06	1.99001	14.8831	13.5299	14.2903	0.994959	13.994	15.0539	1.98992	14.5867	0.000163496	0.99496	2.98488	1.98992	0	16.4074	0.994959
4.19567e-06	14.2903	1.98992	0	14.1227	15.1793	1.98992	15.1793	1.24389e-06	1.99	14.8831	13.5299	14.2903	0.994959	13.994	15.0538	1.98992	14.5867	0.000154634	0.99496	2.98488	1.98992	0	16.4072	0.994959
4.13605e-06	14.2903	1.98992	0	14.1227	15.1793	1.98992	15.1793	1.22783e-06	1.99	14.8831	13.5299	14.2903	0.994959	13.994	15.0537	1.98992	14.5867	0.000141277	0.99496	2.98488	1.98992	0	16.4071	0.994959
4.08183e-06	14.2903	1.98992	0	14.1227	15.1793	1.98992	15.1793	1.19377e-06	1.99	14.8831	13.5299	14.2903	0.994959	13.994	15.0534	1.98992	14.5867	0.000139283	0.99496	2.98488	1.98992	0	16.407	0.994959
3.9939e-06	14.2903	1.98992	0	14.1227	15.1793	1.98992	15.1793	1.14328e-06	1.99	14.8831	13.5299	14.2903	0.994959	13.994	15.0532	1.98992	14.5867	0.000134302	0.99496	2.98488	1.98992	0	16.407	0.994959
3.93848e-06	14.2903	1.98992	0	14.1227	15.1793	1.98992	15.1793	1.10128e-06	1.98999	14.8831	13.5299	14.2903	0.994959	13.994	15.0532	1.98992	14.5867	0.00011639	0.99496	2.98488	1.98992	0	16.4069	0.994959
3.81848e-06	14.2903	1.98992	0	14.1227	15.1793	1.98992	15.1793	1.08903e-06	1.98999	14.8831	13.5299	14.2903	0.994959	13.994	15.0531	1.98992	14.5867	0.00011061	0.99496	2.98488	1.98992	0	16.4068	0.994959
3.77699e-06	14.2903	1.98992	0	14.1227	15.1793	1.98992	15.1793	1.08196e-06	1.98999	14.8831	13.5299	14.2903	0.994959	13.994	15.0531	1.98992	14.5867	0.000104866	0.99496	2.98488	1.98992	0	16.4068	0.994959
3.72663e-06	14.2903	1.98992	0	14.1227	15.1793	1.98992	15.1793	1.05748e-06	1.98999	14.883	13.5299	14.2903	0.994959	13.994	15.053	1.98992	14.5867	0.000101415	0.99496	2.98488	1.98992	0	16.4067	0.994959
3.62904e-06	14.2903	1.98992	0	14.1227	15.1793	1.98992	15.1793	1.01672e-06	1.98999	14.883	13.5299	14.2903	0.994959	13.994	15.053	1.98992	14.5867	9.56172e-05	0.99496	2.98488	1.98992	0	16.4067	0.994959
3.51388e-06	14.2903	1.98992	0	14.1227	15.1793	1.98992	15.1793	9.88762e-07	1.98998	14.883	13.5299	14.2903	0.994959	13.994	15.053	1.98992	14.5867	9.0314e-05	0.99496	2.98488	1.98992	0	16.4066	0.994959
3.43369e-06	14.2903	1.98992	0	14.1227	15.1793	1.98992	15.1793	9.86376e-07	1.98998	14.883	13.5299	14.2903	0.994959	13.994	15.053	1.98992	14.5866	8.88839e-05	0.994959	2.98488	1.98992	0	16.4066	0.994959
3.35096e-06	14.2903	1.98992	0	14.1227	15.1793	1.98992	15.1793	9.70775e-07	1.98998	14.883	13.5299	14.2903	0.994959	13.994	15.0529	1.98992	14.5866	8.50399e-05	0.994959	2.98488	1.98992	0	16.4065	0.994959
3.26326e-06	14.2903	1.98992	0	14.1227	15.1793	1.98992	15.1793	9.62799e-07	1.98998	14.883	13.5299	14.2903	0.994959	13.994	15.0529	1.98992	14.5866	8.36895e-05	0.994959	2.98488	1.98992	0	16.4065	0.994959
3.22616e-06	14.2903	1.98992	0	14.1227	15.1793	1.98992	15.1793	9.51856e-07	1.98998	14.883	13.5299	14.2903	0.994959	13.994	15.0528	1.98992	14.5866	8.10433e-05	0.994959	2.98488	1.98992	0	16.4064	0.994959
3.17039e-06	14.2903	1.98992	0	14.1227	15.1793	1.98992	15.1793	9.43025e-07	1.98997	14.883	13.5299	14.2903	0.994959	13.994	15.0528	1.98992	14.5866	7.86368e-05	0.994959	2.98488	1.98992	0	16.4063	0.994959
3.11094e-06	14.2903	1.98992	0	14.1227	15.1793	1.98992	15.1793	9.28295e-07	1.98997	14.883	13.5299	14.2903	0.994959	13.994	15.0528	1.98992	14.5866	7.65738e-05	0.994959	2.98488	1.98992	0	16.4063	0.994959
3.07384e-06	14.2903	1.98992	0	14.1227	15.1793	1.98992	15.1793	9.08182e-07	1.98997	14.883	13.5299	14.2903	0.994959	13.994	15.0527	1.98992	14.5866	7.40192e-05	0.994959	2.98488	1.98992	0	16.4062	0.994959
3.03052e-06	14.2903	1.98992	0	14.1227	15.1793	1.98992	15.1793	8.96285e-07	1.98997	14.883	13.5299	14.2903	0.994959	13.994	15.0526	1.98992	14.5866	7.264e-05	0.994959	2.98488	1.98992	0	16.4061	0.994959
2.97243e-06	14.2903	1.98992	0	14.1227	15.1793	1.98992	15.1793	8.88269e-07	1.98997	14.883	13.5299	14.2903	0.994959	13.994	15.0526	1.98992	14.5866	7.12886e-05	0.994959	2.98488	1.98992	0	16.4061	0.994959
2.84324e-06	14.2903	1.98992	0	14.1227	15.1793	1.98992	15.1793	8.81027e-07	1.98996	14.883	13.5299	14.2903	0.994959	13.994	15.0526	1.98992	14.5866	7.02324e-05	0.994959	2.98488	1.98992	0	16.406	0.994959
2.81468e-06	14.2903	1.98992	0	14.1227	15.1793	1.98992	15.1793	8.73054e-07	1.98996	14.883	13.5299	14.2903	0.994959	13.994	15.0525	1.98992	14.5866	6.87476e-05	0.994959	2.98488	1.98992	0	16.406	0.994959
2.79824e-06	14.2903	1.98992	0	14.1227	15.1793	1.98992	15.1793	8.65477e-07	1.98996	14.883	13.5299	14.2903	0.994959	13.994	15.0525	1.98992	14.5866	6.64771e-05	0.994959	2.98488	1.98992	0	16.4059	0.994959
2.76013e-06	14.2903	1.98992	0	14.1227	15.1793	1.98992	15.1793	8.60472e-07	1.98996	14.883	13.5299	14.2903	0.994959	13.994	15.0525	1.98992	14.5866	6.49016e-05	0.994959	2.98488	1.98992	0	16.4058	0.994959
2.7294e-06	14.2903	1.98992	0	14.1227	15.1793	1.98992	15.1793	8.57485e-07	1.98996	14.883	13.5299	14.2903	0.994959	13.994	15.0525	1.98992	14.5866	6.36833e-05	0.994959	2.98488	1.98992	0	16.4057	0.994959
2.60972e-06	14.2903	1.98992	0	14.1227	15.1793	1.98992	15.1793	8.53882e-07	1.98995	14.883	13.5299	14.2903	0.994959	13.994	15.0525	1.98992	14.5866	6.21679e-05	0.994959	2.98488	1.98992	0	16.4057	0.994959
2.50449e-06	14.2903	1.98992	0	14.1227	15.1793	1.98992	15.1793	8.47889e-07	1.98995	14.883	13.5299	14.2903	0.994959	13.994	15.0524	1.98992	14.5866	6.14609e-05	0.994959	2.98488	1.98992	0	16.4056	0.994959
2.34854e-06	14.2903	1.98992	0	14.1227	15.1793	1.98992	15.1793	8.29287e-07	1.98994	14.883	13.5299	14.2903	0.994959	13.994	15.0524	1.98992	14.5866	6.00979e-05	0.994959	2.98488	1.98992	0	16.4056	0.994959
2.25844e-06	14.2903	1.98992	0	14.1227	15.1793	1.98992	15.1793	8.20964e-07	1.98994	14.883	13.5299	14.2903	0.994959	13.994	15.0524	1.98992	14.5866	5.92364e-05	0.994959	2.98488	1.98992	0	16.4055	0.994959
2.20484e-06	14.2903	1.98992	0	14.1227	15.1793	1.98992	15.1793	8.10354e-07	1.98994	14.883	13.5299	14.2903	0.994959	13.994	15.0524	1.98992	14.5866	5.84231e-05	0.994959	2.98488	1.98992	0	16.4055	0.994959
2.0964e-06	14.2903	1.98992	0	14.1227	15.1793	1.98992	15.1793	8.02894e-07	1.98994	14.883	13.5299	14.2903	0.994959	13.994	15.0524	1.98992	14.5866	5.80391e-05	0.994959	2.98488	1.98992	0	16.4054	0.994959
1.91852e-06	14.2903	1.98992	0	14.1227	15.1793	1.98992	15.1793	7.95588e-07	1.98994	14.883	13.5299	14.2903	0.994959	13.994	15.0524	1.98992	14.5866	5.74785e-05	0.994959	2.98488	1.98992	0	16.4054	0.994959
1.77808e-06	14.2903	1.98992	0	14.1227	15.1793	1.98992	15.1793	7.89026e-07	1.98994	14.883	13.5299	14.2903	0.994959	13.994	15.0523	1.98992	14.5866	5.68802e-05	0.994959	2.98488	1.98992	0	16.4054	0.994959
1.62722e-06	14.2903	1.98992	0	14.1227	15.1793	1.98992	15.1793	7.85322e-07	1.98993	14.883	13.5299	14.2903	0.994959	13.994	15.0523	1.98992	14.5866	5.67421e-05	0.994959	2.98488	1.98992	0	16.4054	0.994959
1.54981e-06	14.2903	1.98992	0	14.1227	15.1793	1.98992	15.1793	7.77001e-07	1.98993	14.883	13.5299	14.2903	0.994959	13.994	15.0523	1.98992	14.5866	5.59021e-05	0.994959	2.98488	1.98992	0	16.4054	0.994959
1.37736e-06	14.2903	1.98992	0	14.1227	15.1793	1.98992	15.1793	7.6319e-07	1.98993	14.883	13.5299	14.2903	0.994959	13.994	15.0523	1.98992	14.5866	5.53564e-05	0.994959	2.98488	1.98992	0	16.4053	0.994959
1.27164e-06	14.2903	1.98992	0	14.1227	15.1793	1.98992	15.1793	7.60042e-07	1.98993	14.883	13.5299	14.2903	0.994959	13.994	15.0523	1.98992	14.5866	5.49328e-05	0.994959	2.98488	1.98992	0	16.4053	0.994959
1.19053e-06	14.2903	1.98992	0	14.1227	15.1793	1.98992	15.1793	7.52812e-07	1.98993	14.883	13.5299	14.2903	0.994959	13.994	15.0523	1.98992	14.5866	5.45195e-05	0.994959	2.98488	1.98992	0	16.4053	0.994959
1.03974e-06	14.2903	1.98992	0	14.1227	15.1793	1.98992	15.1793	7.49558e-07	1.98993	14.883	13.5299	14.2903	0.994959	13.994	15.0523	1.98992	14.5866	5.36311e-05	0.994959	2.98488	1.98992	0	16.4053	0.994959
9.35215e-07	14.2903	1.98992	0	14.1227	15.1793	1.98992	15.1793	7.42627e-07	1.98993	14.883	13.5299	14.2903	0.994959	13.994	15.0523	1.98992	14.5866	5.34106e-05	0.994959	2.98488	1.98992	0	16.4052	0.994959
8.97971e-07	14.2903	1.98992	0	14.1227	15.1793	1.98992	15.1793	7.39416e-07	1.98993	14.883	13.5299	14.2903	0.994959	13.994	15.0522	1.98992	14.5866	5.31039e-05	0.994959	2.98488	1.98992	0	16.4052	0.994959
8.6466e-07	14.2903	1.98992	0	14.1227	15.1793	1.98992	15.1793	7.36999e-07	1.98993	14.883	13.5299	14.2903	0.994959	13.9939	15.0522	1.98992	14.5866	5.29008e-05	0.994959	2.98488	1.98992	0	16.4052	0.994959
8.45169e-07	14.2903	1.98992	0	14.1227	15.1793	1.98992	15.1793	7.34614e-07	1.98993	14.883	13.5299	14.2903	0.994959	13.9939	15.0522	1.98992	14.5866	5.25157e-05	0.994959	2.98488	1.98992	0	16.4052	0.994959
7.97328e-07	14.2903	1.98992	0	14.1227	15.1793	1.98992	15.1793	7.30489e-07	1.98993	14.883	13.5299	14.2903	0.994959	13.9939	15.0522	1.98992	14.5866	5.22982e-05	0.994959	2.98488	1.98992	0	16.4052	0.994959
7.37687e-07	14.2903	1.98992	0	14.1227	15.1793	1.98992	15.1793	7.27235e-07	1.98993	14.883	13.5299	14.2903	0.994959	13.9939	15.0522	1.98992	14.5866	5.20703e-05	0.994959	2.98488	1.98992	0	16.4051	0.994959
6.86687e-07	14.2903	1.98992	0	14.1227	15.1793	1.98992	15.1793	7.25334e-07	1.98993	14.883	13.5299	14.2903	0.994959	13.9939	15.0522	1.98992	14.5866	5.15263e-05	0.994959	2.98488	1.98992	0	16.4051	0.994959
6.02423e-07	14.2903	1.98992	0	14.1227	15.1793	1.98992	15.1793	7.21049e-07	1.98993	14.883	13.5299	14.2903	0.994959	13.9939	15.0522	1.98992	14.5866	5.12052e-05	0.994959	2.98488	1.98992	0	16.4051	0.994959
5.35807e-07	14.2903	1.98992	0	14.1227	15.1793	1.98992	15.1793	7.15915e-07	1.98992	14.883	13.5299	14.2903	0.994959	13.9939	15.0522	1.98992	14.5866	5.06058e-05	0.994959	2.98488	1.98992	0	16.405	0.994959
4.93586e-07	14.2903	1.98992	0	14.1227	15.1793	1.98992	15.1793	7.12281e-07	1.98992	14.883	13.5299	14.2903	0.994959	13.9939	15.0522	1.98992	14.5866	5.04411e-05	0.994959	2.98488	1.98992	0	16.405	0.994959
4.58349e-07	14.2903	1.98992	0	14.1227	15.1793	1.98992	15.1793	7.09521e-07	1.98992	14.883	13.5299	14.2903	0.994959	13.9939	15.0522	1.98992	14.5866	5.02736e-05	0.994959	2.98488	1.98992	0	16.405	0.994959
4.20065e-07	14.2903	1.98992	0	14.1227	15.1793	1.98992	15.1793	7.08246e-07	1.98992	14.883	13.5299	14.2903	0.994959	13.9939	15.0522	1.98992	14.5866	4.99193e-05	0.994959	2.98488	1.98992	0	16.405	0.994959
3.66086e-07	14.2903	1.98992	0	14.1227	15.1793	1.98992	15.1793	7.07447e-07	1.98992	14.883	13.5299	14.2903	0.994959	13.9939	15.0522	1.98992	14.5866	4.95295e-05	0.994959	2.98488	1.98992	0	16.405	0.994959
3.52233e-07	14.2903	1.98992	0	14.1227	15.1793	1.98992	15.1793	7.04297e-07	1.98992	14.883	13.5299	14.2903	0.994959	13.9939	15.0522	1.98992	14.5866	4.93937e-05	0.994959	2.98488	1.98992	0	16.4049	0.994959
3.41686e-07	14.2903	1.98992	0	14.1227	15.1793	1.98992	15.1793	7.01778e-07	1.98992	14.883	13.5299	14.2903	0.994959	13.9939	15.0522	1.98992	14.5866	4.92798e-05	0.994959	2.98488	1.98992	0	16.4049	0.994959
3.22971e-07	14.2903	1.98992	0	14.1227	15.1793	1.98992	15.1793	7.00004e-07	1.98992	14.883	13.5299	14.2903	0.994959	13.9939	15.0522	1.98992	14.5866	4.91516e-05	0.994959	2.98488	1.98992	0	16.4049	0.994959
2.83751e-07	14.2903	1.98992	0	14.1227	15.1793	1.98992	15.1793	6.97864e-07	1.98992	14.883	13.5299	14.2903	0.994959	13.9939	15.0522	1.98992	14.5866	4.8947e-05	0.994959	2.98488	1.98992	0	16.4049	0.994959
2.67164e-07	14.2903	1.98992	0	14.1227	15.1793	1.98992	15.1793	6.9657e-07	1.98992	14.883	13.5299	14.2903	0.994959	13.9939	15.0522	1.98992	14.5866	4.87163e-05	0.994959	2.98488	1.98992	0	16.4049	0.994959
2.50355e-07	14.2903	1.98992	0	14.1227	15.1793	1.98992	15.1793	6.95712e-07	1.98992	14.883	13.5299	14.2903	0.994959	13.9939	15.0521	1.98992	14.5866	4.85888e-05	0.994959	2.98488	1.98992	0	16.4049	0.994959
2.3084e-07	14.2903	1.98992	0	14.1227	15.1793	1.98992	15.1793	6.92913e-07	1.98992	14.883	13.5299	14.2903	0.994959	13.9939	15.0521	1.98992	14.5866	4.84139e-05	0.994959	2.98488	1.98992	0	16.4049	0.994959
2.16517e-07	14.2903	1.98992	0	14.1227	15.1793	1.98992	15.1793	6.85283e-07	1.98992	14.883	13.5299	14.2903	0.994959	13.9939	15.0521	1.98992	14.5866	4.83643e-05	0.994959	2.98488	1.98992	0	16.4049	0.994959
1.97379e-07	14.2903	1.98992	0	14.1227	15.1793	1.98992	15.1793	6.82287e-07	1.98992	14.883	13.5299	14.2903	0.994959	13.9939	15.0521	1.98992	14.5866	4.82565e-05	0.994959	2.98488	1.98992	0	16.4049	0.994959
1.82341e-07	14.2903	1.98992	0	14.1227	15.1793	1.98992	15.1793	6.80465e-07	1.98992	14.883	13.5299	14.2903	0.994959	13.9939	15.0521	1.98992	14.5866	4.81989e-05	0.994959	2.98488	1.98992	0	16.4049	0.994959
1.69815e-07	14.2903	1.98992	0	14.1227	15.1793	1.98992	15.1793	6.79388e-07	1.98992	14.883	13.5299	14.2903	0.994959	13.9939	15.0521	1.98992	14.5866	4.81007e-05	0.994959	2.98488	1.98992	0	16.4048	0.994959
1.4109e-07	14.2903	1.98992	0	14.1227	15.1793	1.98992	15.1793	6.77526e-07	1.98992	14.883	13.5299	14.2903	0.994959	13.9939	15.0521	1.98992	14.5866	4.80806e-05	0.994959	2.98488	1.98992	0	16.4048	0.994959
1.22272e-07	14.2903	1.98992	0	14.1227	15.1793	1.98992	15.1793	6.74412e-07	1.98992	14.883	13.5299	14.2903	0.994959	13.9939	15.0521	1.98992	14.5866	4.80567e-05	0.994959	2.98488	1.98992	0	16.4048	0.994959
1.12689e-07	14.2903	1.98992	0	14.1227	15.1793	1.98992	15.1793	6.69552e-07	1.98992	14.883	13.5299	14.2903	0.994959	13.9939	15.0521	1.98992	14.5866	4.80061e-05	0.994959	2.98488	1.98992	0	16.4048	0.994959
1.09478e-07	14.2903	1.98992	0	14.1227	15.1793	1.98992	15.1793	6.65501e-07	1.98992	14.883	13.5299	14.2903	0.994959	13.9939	15.0521	1.98992	14.5866	4.79511e-05	0.994959	2.98488	1.98992	0	16.4048	0.994959
1.05748e-07	14.2903	1.98992	0	14.1227	15.1793	1.98992	15.1793	6.62749e-07	1.98992	14.883	13.5299	14.2903	0.994959	13.9939	15.0521	1.98992	14.5866	4.7927e-05	0.994959	2.98488	1.98992	0	16.4048	0.994959
9.37227e-08	14.2903	1.98992	0	14.1227	15.1793	1.98992	15.1793	6.59733e-07	1.98992	14.883	13.5299	14.2903	0.994959	13.9939	15.052	1.98992	14.5866	4.78811e-05	0.994959	2.98488	1.98992	0	16.4048	0.994959
8.75484e-08	14.2903	1.98992	0	14.1227	15.1793	1.98992	15.1793	6.5695e-07	1.98992	14.883	13.5299	14.2903	0.994959	13.9939	15.052	1.98992	14.5866	4.78647e-05	0.994959	2.98488	1.98992	0	16.4048	0.994959
8.6714e-08	14.2903	1.98992	0	14.1227	15.1793	1.98992	15.1793	6.55255e-07	1.98992	14.883	13.5299	14.2903	0.994959	13.9939	15.052	1.98992	14.5866	4.78311e-05	0.994959	2.98488	1.98992	0	16.4048	0.994959
8.30985e-08	14.2903	1.98992	0	14.1227	15.1793	1.98992	15.1793	6.50348e-07	1.98992	14.883	13.5299	14.2903	0.994959	13.9939	15.052	1.98992	14.5866	4.78127e-05	0.994959	2.98488	1.98992	0	16.4048	0.994959
8.15942e-08	14.2903	1.98992	0	14.1227	15.1793	1.98992	15.1793	6.4546e-07	1.98992	14.883	13.5299	14.2903	0.994959	13.9939	15.052	1.98992	14.5866	4.77991e-05	0.994959	2.98488	1.98992	0	16.4048	0.994959
7.8023e-08	14.2903	1.98992	0	14.1227	15.1793	1.98992	15.1793	6.41929e-07	1.98992	14.883	13.5299	14.2903	0.994959	13.9939	15.052	1.98992	14.5866	4.77675e-05	0.994959	2.98488	1.98992	0	16.4048	0.994959
7.66943e-08	14.2903	1.98992	0	14.1227	15.1793	1.98992	15.1793	6.37393e-07	1.98992	14.883	13.5299	14.2903	0.994959	13.9939	15.052	1.98992	14.5866	4.77568e-05	0.994959	2.98488	1.98992	0	16.4047	0.994959
7.60099e-08	14.2903	1.98992	0	14.1227	15.1793	1.98992	15.1793	6.32361e-07	1.98992	14.883	13.5299	14.2903	0.994959	13.9939	15.052	1.98992	14.5866	4.7751e-05	0.994959	2.98488	1.98992	0	16.4047	0.994959
7.53503e-08	14.2903	1.98992	0	14.1227	15.1793	1.98992	15.1793	6.25339e-07	1.98992	14.883	13.5299	14.2903	0.994959	13.9939	15.052	1.98992	14.5866	4.77438e-05	0.994959	2.98488	1.98992	0	16.4047	0.994959
7.46156e-08	14.2903	1.98992	0	14.1227	15.1793	1.98992	15.1793	6.20663e-07	1.98992	14.883	13.5299	14.2903	0.994959	13.9939	15.052	1.98992	14.5866	4.77337e-05	0.994959	2.98488	1.98992	0	16.4047	0.994959
7.34281e-08	14.2903	1.98992	0	14.1227	15.1793	1.98992	15.1793	6.17063e-07	1.98992	14.883	13.5299	14.2903	0.994959	13.9939	15.052	1.98992	14.5866	4.77294e-05	0.994959	2.98488	1.98992	0	16.4047	0.994959
7.15324e-08	14.2903	1.98992	0	14.1227	15.1793	1.98992	15.1793	6.13452e-07	1.98992	14.883	13.5299	14.2903	0.994959	13.9939	15.052	1.98992	14.5866	4.77191e-05	0.994959	2.98488	1.98992	0	16.4047	0.994959
7.11602e-08	14.2903	1.98992	0	14.1227	15.1793	1.98992	15.1793	6.0608e-07	1.98992	14.883	13.5299	14.2903	0.994959	13.9939	15.0519	1.98992	14.5866	4.77182e-05	0.994959	2.98488	1.98992	0	16.4047	0.994959
7.05529e-08	14.2903	1.98992	0	14.1227	15.1793	1.98992	15.1793	6.00279e-07	1.98992	14.883	13.5299	14.2903	0.994959	13.9939	15.0519	1.98992	14.5866	4.77146e-05	0.994959	2.98488	1.98992	0	16.4046	0.994959
7.01468e-08	14.2903	1.98992	0	14.1227	15.1793	1.98992	15.1793	5.94985e-07	1.98992	14.883	13.5299	14.2903	0.994959	13.9939	15.0519	1.98992	14.5866	4.77121e-05	0.994959	2.98488	1.98992	0	16.4046	0.994959
7.00379e-08	14.2903	1.98992	0	14.1227	15.1793	1.98992	15.1793	5.88171e-07	1.98992	14.883	13.5299	14.2903	0.994959	13.9939	15.0519	1.98992	14.5866	4.7709e-05	0.994959	2.98488	1.98992	0	16.4046	0.994959
6.98794e-08	14.2903	1.98992	0	14.1227	15.1793	1.98992	15.1793	5.85476e-07	1.98992	14.883	13.5299	14.2903	0.994959	13.9939	15.0519	1.98992	14.5866	4.77062e-05	0.994959	2.98488	1.98992	0	16.4046	0.994959
6.94156e-08	14.2903	1.98992	0	14.1227	15.1793	1.98992	15.1793	5.82783e-07	1.98992	14.883	13.5299	14.2903	0.994959	13.9939	15.0519	1.98992	14.5866	4.77041e-05	0.994959	2.98488	1.98992	0	16.4046	0.994959
6.92319e-08	14.2903	1.98992	0	14.1227	15.1793	1.98992	15.1793	5.7758e-07	1.98992	14.883	13.5299	14.2903	0.994959	13.9939	15.0519	1.98992	14.5866	4.77018e-05	0.994959	2.98488	1.98992	0	16.4045	0.994959
6.8909e-08	14.2903	1.98992	0	14.1227	15.1793	1.98992	15.1793	5.71761e-07	1.98992	14.883	13.5299	14.2903	0.994959	13.9939	15.0518	1.98992	14.5866	4.76984e-05	0.994959	2.98488	1.98992	0	16.4045	0.994959
6.86869e-08	14.2903	1.98992	0	14.1227	15.1793	1.98992	15.1793	5.68412e-07	1.98992	14.883	13.5299	14.2903	0.994959	13.9939	15.0518	1.98992	14.5866	4.76964e-05	0.994959	2.98488	1.98992	0	16.4045	0.994959
6.80725e-08	14.2903	1.98992	0	14.1227	15.1793	1.98992	15.1793	5.6509e-07	1.98992	14.883	13.5299	14.2903	0.994959	13.9939	15.0518	1.98992	14.5866	4.76947e-05	0.994959	2.98488	1.98992	0	16.4045	0.994959
6.78165e-08	14.2903	1.98992	0	14.1227	15.1793	1.98992	15.1793	5.63735e-07	1.98992	14.883	13.5299	14.2903	0.994959	13.9939	15.0518	1.98992	14.5866	4.76941e-05	0.994959	2.98488	1.98992	0	16.4044	0.994959
6.7316e-08	14.2903	1.98992	0	14.1227	15.1793	1.98992	15.1793	5.62906e-07	1.98992	14.883	13.5299	14.2903	0.994959	13.9939	15.0518	1.98992	14.5866	4.76927e-05	0.994959	2.98488	1.98992	0	16.4044	0.994959
6.70532e-08	14.2903	1.98992	0	14.1227	15.1793	1.98992	15.1793	5.6132e-07	1.98992	14.883	13.5299	14.2903	0.994959	13.9939	15.0518	1.98992	14.5866	4.76919e-05	0.994959	2.98488	1.98992	0	16.4044	0.994959
6.67637e-08	14.2903	1.98992	0	14.1227	15.1793	1.98992	15.1793	5.586e-07	1.98992	14.883	13.5299	14.2903	0.994959	13.9939	15.0517	1.98992	14.5866	4.76911e-05	0.994959	2.98488	1.98992	0	16.4044	0.994959
6.65409e-08	14.2903	1.98992	0	14.1227	15.1793	1.98992	15.1793	5.57518e-07	1.98992	14.883	13.5299	14.2903	0.994959	13.9939	15.0517	1.98992	14.5866	4.76904e-05	0.994959	2.98488	1.98992	0	16.4043	0.994959
6.63892e-08	14.2903	1.98992	0	14.1227	15.1793	1.98992	15.1793	5.56339e-07	1.98992	14.883	13.5299	14.2903	0.994959	13.9939	15.0517	1.98992	14.5866	4.76894e-05	0.994959	2.98488	1.98992	0	16.4043	0.994959
6.63458e-08	14.2903	1.98992	0	14.1227	15.1793	1.98992	15.1793	5.55045e-07	1.98992	14.883	13.5299	14.2903	0.994959	13.9939	15.0517	1.98992	14.5866	4.76885e-05	0.994959	2.98488	1.98992	0	16.4043	0.994959
6.62355e-08	14.2903	1.98992	0	14.1227	15.1793	1.98992	15.1793	5.53555e-07	1.98992	14.883	13.5299	14.2903	0.994959	13.9939	15.0517	1.98992	14.5866	4.76878e-05	0.994959	2.98488	1.98992	0	16.4043	0.994959
6.61817e-08	14.2903	1.98992	0	14.1227	15.1793	1.98992	15.1793	5.52294e-07	1.98992	14.883	13.5299	14.2903	0.994959	13.9939	15.0516	1.98992	14.5866	4.76873e-05	0.994959	2.98488	1.98992	0	16.4042	0.994959
6.61134e-08	14.2903	1.98992	0	14.1227	15.1793	1.98992	15.1793	5.51863e-07	1.98992	14.883	13.5299	14.2903	0.994959	13.9939	15.0516	1.98992	14.5866	4.7687e-05	0.994959	2.98488	1.98992	0	16.4042	0.994959
6.6073e-08	14.2903	1.98992	0	14.1227	15.1793	1.98992	15.1793	5.51295e-07	1.98992	14.883	13.5299	14.2903	0.994959	13.9939	15.0516	1.98992	14.5866	4.76867e-05	0.994959	2.98488	1.98992	0	16.4042	0.994959
6.60293e-08	14.2903	1.98992	0	14.1227	15.1793	1.98992	15.1793	5.50207e-07	1.98992	14.883	13.5299	14.2903	0.994959	13.9939	15.0516	1.98992	14.5866	4.76864e-05	0.994959	2.98488	1.98992	0	16.4042	0.994959
6.59202e-08	14.2903	1.98992	0	14.1227	15.1793	1.98992	15.1793	5.49543e-07	1.98992	14.883	13.5299	14.2903	0.994959	13.9939	15.0516	1.98992	14.5866	4.7686e-05	0.994959	2.98488	1.98992	0	16.4041	0.994959
6.58697e-08	14.2903	1.98992	0	14.1227	15.1793	1.98992	15.1793	5.47997e-07	1.98992	14.883	13.5299	14.2903	0.994959	13.9939	15.0516	1.98992	14.5866	4.76858e-05	0.994959	2.98488	1.98992	0	16.4041	0.994959
6.58035e-08	14.2903	1.98992	0	14.1227	15.1793	1.98992	15.1793	5.47117e-07	1.98992	14.883	13.5299	14.2903	0.994959	13.9939	15.0515	1.98992	14.5866	4.76856e-05	0.994959	2.98488	1.98992	0	16.4041	0.994959
6.57731e-08	14.2903	1.98992	0	14.1227	15.1793	1.98992	15.1793	5.46377e-07	1.98992	14.883	13.5299	14.2903	0.994959	13.9939	15.0515	1.98992	14.5866	4.76854e-05	0.994959	2.98488	1.98992	0	16.4041	0.994959
6.57546e-08	14.2903	1.98992	0	14.1227	15.1793	1.98992	15.1793	5.45136e-07	1.98992	14.883	13.5299	14.2903	0.994959	13.9939	15.0515	1.98992	14.5866	4.76852e-05	0.994959	2.98488	1.98992	0	16.404	0.994959
6.57105e-08	14.2903	1.98992	0	14.1227	15.1793	1.98992	15.1793	5.44697e-07	1.98992	14.883	13.5299	14.2903	0.994959	13.9939	15.0515	1.98992	14.5866	4.7685e-05	0.994959	2.98488	1.98992	0	16.404	0.994959
6.56335e-08	14.2903	1.98992	0	14.1227	15.1793	1.98992	15.1793	5.44394e-07	1.98992	14.883	13.5299	14.2903	0.994959	13.9939	15.0515	1.98992	14.5866	4.76848e-05	0.994959	2.98488	1.98992	0	16.404	0.994959
6.55803e-08	14.2903	1.98992	0	14.1227	15.1793	1.98992	15.1793	5.43804e-07	1.98992	14.883	13.5299	14.2903	0.994959	13.9939	15.0515	1.98992	14.5866	4.76845e-05	0.994959	2.98488	1.98992	0	16.404	0.994959
6.55348e-08	14.2903	1.98992	0	14.1227	15.1793	1.98992	15.1793	5.43478e-07	1.98992	14.883	13.5299	14.2903	0.994959	13.9939	15.0515	1.98992	14.5866	4.76844e-05	0.994959	2.98488	1.98992	0	16.404	0.994959
6.55025e-08	14.2903	1.98992	0	14.1227	15.1793	1.98992	15.1793	5.43072e-07	1.98992	14.883	13.5299	14.2903	0.994959	13.9939	15.0515	1.98992	14.5866	4.76842e-05	0.994959	2.98488	1.98992	0	16.4039	0.994959
6.54641e-08	14.2903	1.98992	0	14.1227	15.1793	1.98992	15.1793	5.42766e-07	1.98992	14.883	13.5299	14.2903	0.994959	13.9939	15.0515	1.98992	14.5866	4.76839e-05	0.994959	2.98488	1.98992	0	16.4039	0.994959
6.54163e-08	14.2903	1.98992	0	14.1227	15.1793	1.98992	15.1793	5.42122e-07	1.98992	14.883	13.5299	14.2903	0.994959	13.9939	15.0515	1.98992	14.5866	4.76835e-05	0.994959	2.98488	1.98992	0	16.4039	0.994959
6.53833e-08	14.2903	1.98992	0	14.1227	15.1793	1.98992	15.1793	5.41198e-07	1.98992	14.883	13.5299	14.2903	0.994959	13.9939	15.0515	1.98992	14.5866	4.76832e-05	0.994959	2.98488	1.98992	0	16.4039	0.994959
6.53265e-08	14.2903	1.98992	0	14.1227	15.1793	1.98992	15.1793	5.40479e-07	1.98992	14.883	13.5299	14.2903	0.994959	13.9939	15.0515	1.98992	14.5866	4.76828e-05	0.994959	2.98488	1.98992	0	16.4039	0.994959
6.52578e-08	14.2903	1.98992	0	14.1227	15.1793	1.98992	15.1793	5.39264e-07	1.98992	14.883	13.5299	14.2903	0.994959	13.9939	15.0515	1.98992	14.5866	4.76825e-05	0.994959	2.98488	1.98992	0	16.4038	0.994959
6.5208e-08	14.2903	1.98992	0	14.1227	15.1793	1.98992	15.1793	5.36903e-07	1.98992	14.883	13.5299	14.2903	0.994959	13.9939	15.0515	1.98992	14.5866	4.76824e-05	0.994959	2.98488	1.98992	0	16.4038	0.994959
6.51783e-08	14.2903	1.98992	0	14.1227	15.1793	1.98992	15.1793	5.33869e-07	1.98992	14.883	13.5299	14.2903	0.994959	13.9939	15.0515	1.98992	14.5866	4.7682e-05	0.994959	2.98488	1.98992	0	16.4038	0.994959
6.51339e-08	14.2903	1.98992	0	14.1227	15.1793	1.98992	15.1793	5.31073e-07	1.98992	14.883	13.5299	14.2903	0.994959	13.9939	15.0515	1.98992	14.5866	4.76817e-05	0.994959	2.98488	1.98992	0	16.4038	0.994959
6.51023e-08	14.2903	1.98992	0	14.1227	15.1793	1.98992	15.1793	5.28876e-07	1.98992	14.883	13.5299	14.2903	0.994959	13.9939	15.0515	1.98992	14.5866	4.76815e-05	0.994959	2.98488	1.98992	0	16.4038	0.994959
6.50218e-08	14.2903	1.98992	0	14.1227	15.1793	1.98992	15.1793	5.24439e-07	1.98992	14.883	13.5299	14.2903	0.994959	13.9939	15.0514	1.98992	14.5866	4.76811e-05	0.994959	2.98488	1.98992	0	16.4038	0.994959
6.49738e-08	14.2903	1.98992	0	14.1227	15.1793	1.98992	15.1793	5.20603e-07	1.98992	14.883	13.5299	14.2903	0.994959	13.9939	15.0514	1.98992	14.5866	4.76807e-05	0.994959	2.98488	1.98992	0	16.4038	0.994959
6.49227e-08	14.2903	1.98992	0	14.1227	15.1793	1.98992	15.1793	5.18388e-07	1.98992	14.883	13.5299	14.2903	0.994959	13.9939	15.0514	1.98992	14.5866	4.76804e-05	0.994959	2.98488	1.98992	0	16.4038	0.994959
6.48668e-08	14.2903	1.98992	0	14.1227	15.1793	1.98992	15.1793	5.17477e-07	1.98992	14.883	13.5299	14.2903	0.994959	13.9939	15.0514	1.98992	14.5866	4.76801e-05	0.994959	2.98488	1.98992	0	16.4038	0.994959
6.48067e-08	14.2903	1.98992	0	14.1227	15.1793	1.98992	15.1793	5.16555e-07	1.98992	14.883	13.5299	14.2903	0.994959	13.9939	15.0514	1.98992	14.5866	4.76799e-05	0.994959	2.98488	1.98992	0	16.4038	0.994959
6.47599e-08	14.2903	1.98992	0	14.1227	15.1793	1.98992	15.1793	5.15782e-07	1.98992	14.883	13.5299	14.2903	0.994959	13.9939	15.0514	1.98992	14.5866	4.76795e-05	0.994959	2.98488	1.98992	0	16.4037	0.994959
6.46676e-08	14.2903	1.98992	0	14.1227	15.1793	1.98992	15.1793	5.14043e-07	1.98992	14.883	13.5299	14.2903	0.994959	13.9939	15.0514	1.98992	14.5866	4.76792e-05	0.994959	2.98488	1.98992	0	16.4037	0.994959
6.45907e-08	14.2903	1.98992	0	14.1227	15.1793	1.98992	15.1793	5.11506e-07	1.98992	14.883	13.5299	14.2903	0.994959	13.9939	15.0514	1.98992	14.5866	4.76789e-05	0.994959	2.98488	1.98992	0	16.4037	0.994959
6.43763e-08	14.2903	1.98992	0	14.1227	15.1793	1.98992	15.1793	5.10091e-07	1.98992	14.883	13.5299	14.2903	0.994959	13.9939	15.0514	1.98992	14.5866	4.76786e-05	0.994959	2.98488	1.98992	0	16.4037	0.994959
6.41674e-08	14.2903	1.98992	0	14.1227	15.1793	1.98992	15.1793	5.08853e-07	1.98992	14.883	13.5299	14.2903	0.994959	13.9939	15.0514	1.98992	14.5866	4.76782e-05	0.994959	2.98488	1.98992	0	16.4037	0.994959
6.38729e-08	14.2903	1.98992	0	14.1227	15.1793	1.98992	15.1793	5.06996e-07	1.98992	14.883	13.5299	14.2903	0.994959	13.9939	15.0514	1.98992	14.5866	4.76779e-05	0.994959	2.98488	1.98992	0	16.4037	0.994959
6.344e-08	14.2903	1.98992	0	14.1227	15.1793	1.98992	15.1793	5.04944e-07	1.98992	14.883	13.5299	14.2903	0.994959	13.9939	15.0514	1.98992	14.5866	4.76778e-05	0.994959	2.98488	1.98992	0	16.4037	0.994959
6.30318e-08	14.2903	1.98992	0	14.1227	15.1793	1.98992	15.1793	5.03405e-07	1.98992	14.883	13.5299	14.2903	0.994959	13.9939	15.0514	1.98992	14.5866	4.76775e-05	0.994959	2.98488	1.98992	0	16.4037	0.994959
6.27319e-08	14.2903	1.98992	0	14.1227	15.1793	1.98992	15.1793	5.02444e-07	1.98992	14.883	13.5299	14.2903	0.994959	13.9939	15.0514	1.98992	14.5866	4.76773e-05	0.994959	2.98488	1.98992	0	16.4037	0.994959
6.25701e-08	14.2903	1.98992	0	14.1227	15.1793	1.98992	15.1793	5.00823e-07	1.98992	14.883	13.5299	14.2903	0.994959	13.9939	15.0514	1.98992	14.5866	4.76771e-05	0.994959	2.98488	1.98992	0	16.4037	0.994959
6.24732e-08	14.2903	1.98992	0	14.1227	15.1793	1.98992	15.1793	4.99295e-07	1.98992	14.883	13.5299	14.2903	0.994959	13.9939	15.0514	1.98992	14.5866	4.7677e-05	0.994959	2.98488	1.98992	0	16.4037	0.994959
6.23286e-08	14.2903	1.98992	0	14.1227	15.1793	1.98992	15.1793	4.97961e-07	1.98992	14.883	13.5299	14.2903	0.994959	13.9939	15.0514	1.98992	14.5866	4.76768e-05	0.994959	2.98488	1.98992	0	16.4037	0.994959
6.22085e-08	14.2903	1.98992	0	14.1227	15.1793	1.98992	15.1793	4.97495e-07	1.98992	14.883	13.5299	14.2903	0.994959	13.9939	15.0514	1.98992	14.5866	4.76767e-05	0.994959	2.98488	1.98992	0	16.4037	0.994959
6.21367e-08	14.2903	1.98992	0	14.1227	15.1793	1.98992	15.1793	4.96481e-07	1.98992	14.883	13.5299	14.2903	0.994959	13.9939	15.0514	1.98992	14.5866	4.76764e-05	0.994959	2.98488	1.98992	0	16.4037	0.994959
6.20857e-08	14.2903	1.98992	0	14.1227	15.1793	1.98992	15.1793	4.96044e-07	1.98992	14.883	13.5299	14.2903	0.994959	13.9939	15.0514	1.98992	14.5866	4.76763e-05	0.994959	2.98488	1.98992	0	16.4037	0.994959
6.20498e-08	14.2903	1.98992	0	14.1227	15.1793	1.98992	15.1793	4.95084e-07	1.98992	14.883	13.5299	14.2903	0.994959	13.9939	15.0514	1.98992	14.5866	4.76761e-05	0.994959	2.98488	1.98992	0	16.4037	0.994959
6.20073e-08	14.2903	1.98992	0	14.1227	15.1793	1.98992	15.1793	4.9446e-07	1.98992	14.883	13.5299	14.2903	0.994959	13.9939	15.0514	1.98992	14.5866	4.76758e-05	0.994959	2.98488	1.98992	0	16.4037	0.994959
6.19577e-08	14.2903	1.98992	0	14.1227	15.1793	1.98992	15.1793	4.93561e-07	1.98992	14.883	13.5299	14.2903	0.994959	13.9939	15.0514	1.98992	14.5866	4.76757e-05	0.994959	2.98488	1.98992	0	16.4037	0.994959
6.18718e-08	14.2903	1.98992	0	14.1227	15.1793	1.98992	15.1793	4.92454e-07	1.98992	14.883	13.5299	14.2903	0.994959	13.9939	15.0514	1.98992	14.5866	4.76755e-05	0.994959	2.98488	1.98992	0	16.4037	0.994959
6.17742e-08	14.2903	1.98992	0	14.1227	15.1793	1.98992	15.1793	4.91493e-07	1.98992	14.883	13.5299	14.2903	0.994959	13.9939	15.0514	1.98992	14.5866	4.76753e-05	0.994959	2.98488	1.98992	0	16.4037	0.994959
6.17065e-08	14.2903	1.98992	0	14.1227	15.1793	1.98992	15.1793	4.89244e-07	1.98992	14.883	13.5299	14.2903	0.994959	13.9939	15.0514	1.98992	14.5866	4.76752e-05	0.994959	2.98488	1.98992	0	16.4037	0.994959
6.1628e-08	14.2903	1.98992	0	14.1227	15.1793	1.98992	15.1793	4.88096e-07	1.98992	14.883	13.5299	14.2903	0.994959	13.9939	15.0514	1.98992	14.5866	4.7675e-05	0.994959	2.98488	1.98992	0	16.4037	0.994959
6.1536e-08	14.2903	1.98992	0	14.1227	15.1793	1.98992	15.1793	4.87302e-07	1.98992	14.883	13.5299	14.2903	0.994959	13.9939	15.0514	1.98992	14.5866	4.7675e-05	0.994959	2.98488	1.98992	0	16.4037	0.994959
6.1443e-08	14.2903	1.98992	0	14.1227	15.1793	1.98992	15.1793	4.86349e-07	1.98992	14.883	13.5299	14.2903	0.994959	13.9939	15.0514	1.98992	14.5866	4.76749e-05	0.994959	2.98488	1.98992	0	16.4037	0.994959
6.1352e-08	14.2903	1.98992	0	14.1227	15.1793	1.98992	15.1793	4.85464e-07	1.98992	14.883	13.5299	14.2903	0.994959	13.9939	15.0514	1.98992	14.5866	4.76748e-05	0.994959	2.98488	1.98992	0	16.4037	0.994959
6.12688e-08	14.2903	1.98992	0	14.1227	15.1793	1.98992	15.1793	4.84371e-07	1.98992	14.883	13.5299	14.2903	0.994959	13.9939	15.0514	1.98992	14.5866	4.76748e-05	0.994959	2.98488	1.98992	0	16.4037	0.994959
6.11853e-08	14.2903	1.98992	0	14.1227	15.1793	1.98992	15.1793	4.8396e-07	1.98992	14.883	13.5299	14.2903	0.994959	13.9939	15.0514	1.98992	14.5866	4.76747e-05	0.994959	2.98488	1.98992	0	16.4037	0.994959
6.11035e-08	14.2903	1.98992	0	14.1227	15.1793	1.98992	15.1793	4.83191e-07	1.98992	14.883	13.5299	14.2903	0.994959	13.9939	15.0514	1.98992	14.5866	4.76747e-05	0.994959	2.98488	1.98992	0	16.4037	0.994959
6.10264e-08	14.2903	1.98992	0	14.1227	15.1793	1.98992	15.1793	4.82798e-07	1.98992	14.883	13.5299	14.2903	0.994959	13.9939	15.0514	1.98992	14.5866	4.76745e-05	0.994959	2.98488	1.98992	0	16.4037	0.994959
6.09557e-08	14.2903	1.98992	0	14.1227	15.1793	1.98992	15.1793	4.82382e-07	1.98992	14.883	13.5299	14.2903	0.994959	13.9939	15.0514	1.98992	14.5866	4.76743e-05	0.994959	2.98488	1.98992	0	16.4037	0.994959
6.08916e-08	14.2903	1.98992	0	14.1227	15.1793	1.98992	15.1793	4.81746e-07	1.98992	14.883	13.5299	14.2903	0.994959	13.9939	15.0514	1.98992	14.5866	4.76741e-05	0.994959	2.98488	1.98992	0	16.4037	0.994959
6.08331e-08	14.2903	1.98992	0	14.1227	15.1793	1.98992	15.1793	4.80294e-07	1.98992	14.883	13.5299	14.2903	0.994959	13.9939	15.0514	1.98992	14.5866	4.7674e-05	0.994959	2.98488	1.98992	0	16.4037	0.994959
6.07722e-08	14.2903	1.98992	0	14.1227	15.1793	1.98992	15.1793	4.7878e-07	1.98992	14.883	13.5299	14.2903	0.994959	13.9939	15.0514	1.98992	14.5866	4.76736e-05	0.994959	2.98488	1.98992	0	16.4037	0.994959
6.07138e-08	14.2903	1.98992	0	14.1227	15.1793	1.98992	15.1793	4.78151e-07	1.98992	14.883	13.5299	14.2903	0.994959	13.9939	15.0514	1.98992	14.5866	4.76732e-05	0.994959	2.98488	1.98992	0	16.4037	0.994959
6.0629e-08	14.2903	1.98992	0	14.1227	15.1793	1.98992	15.1793	4.77396e-07	1.98992	14.883	13.5299	14.2903	0.994959	13.9939	15.0514	1.98992	14.5866	4.76729e-05	0.994959	2.98488	1.98992	0	16.4037	0.994959
6.05937e-08	14.2903	1.98992	0	14.1227	15.1793	1.98992	15.1793	4.7653e-07	1.98992	14.883	13.5299	14.2903	0.994959	13.9939	15.0514	1.98992	14.5866	4.76725e-05	0.994959	2.98488	1.98992	0	16.4037	0.994959
6.0551e-08	14.2903	1.98992	0	14.1227	15.1793	1.98992	15.1793	4.76041e-07	1.98992	14.883	13.5299	14.2903	0.994959	13.9939	15.0514	1.98992	14.5866	4.76717e-05	0.994959	2.98488	1.98992	0	16.4037	0.994959
6.05201e-08	14.2903	1.98992	0	14.1227	15.1793	1.98992	15.1793	4.75743e-07	1.98992	14.883	13.5299	14.2903	0.994959	13.9939	15.0514	1.98992	14.5866	4.76714e-05	0.994959	2.98488	1.98992	0	16.4037	0.994959
6.0495e-08	14.2903	1.98992	0	14.1227	15.1793	1.98992	15.1793	4.75409e-07	1.98992	14.883	13.5299	14.2903	0.994959	13.9939	15.0514	1.98992	14.5866	4.76712e-05	0.994959	2.98488	1.98992	0	16.4037	0.994959
6.04596e-08	14.2903	1.98992	0	14.1227	15.1793	1.98992	15.1793	4.74686e-07	1.98992	14.883	13.5299	14.2903	0.994959	13.9939	15.0514	1.98992	14.5866	4.7671e-05	0.994959	2.98488	1.98992	0	16.4037	0.994959
6.04143e-08	14.2903	1.98992	0	14.1227	15.1793	1.98992	15.1793	4.73817e-07	1.98992	14.883	13.5299	14.2903	0.994959	13.9939	15.0514	1.98992	14.5866	4.76709e-05	0.994959	2.98488	1.98992	0	16.4037	0.994959
6.03643e-08	14.2903	1.98992	0	14.1227	15.1793	1.98992	15.1793	4.72902e-07	1.98992	14.883	13.5299	14.2903	0.994959	13.9939	15.0514	1.98992	14.5866	4.76707e-05	0.994959	2.98488	1.98992	0	16.4037	0.994959
6.03407e-08	14.2903	1.98992	0	14.1227	15.1793	1.98992	15.1793	4.71837e-07	1.98992	14.883	13.5299	14.2903	0.994959	13.9939	15.0514	1.98992	14.5866	4.76706e-05	0.994959	2.98488	1.98992	0	16.4037	0.994959
6.03086e-08	14.2903	1.98992	0	14.1227	15.1793	1.98992	15.1793	4.70163e-07	1.98992	14.883	13.5299	14.2903	0.994959	13.9939	15.0514	1.98992	14.5866	4.76705e-05	0.994959	2.98488	1.98992	0	16.4037	0.994959
6.02843e-08	14.2903	1.98992	0	14.1227	15.1793	1.98992	15.1793	4.68984e-07	1.98992	14.883	13.5299	14.2903	0.994959	13.9939	15.0514	1.98992	14.5866	4.76701e-05	0.994959	2.98488	1.98992	0	16.4037	0.994959
6.02329e-08	14.2903	1.98992	0	14.1227	15.1793	1.98992	15.1793	4.68033e-07	1.98992	14.883	13.5299	14.2903	0.994959	13.9939	15.0514	1.98992	14.5866	4.76699e-05	0.994959	2.98488	1.98992	0	16.4037	0.994959
6.01669e-08	14.2903	1.98992	0	14.1227	15.1793	1.98992	15.1793	4.6743e-07	1.98992	14.883	13.5299	14.2903	0.994959	13.9939	15.0514	1.98992	14.5866	4.76698e-05	0.994959	2.98488	1.98992	0	16.4037	0.994959
6.00992e-08	14.2903	1.98992	0	14.1227	15.1793	1.98992	15.1793	4.66884e-07	1.98992	14.883	13.5299	14.2903	0.994959	13.9939	15.0514	1.98992	14.5866	4.76697e-05	0.994959	2.98488	1.98992	0	16.4037	0.994959
6.00728e-08	14.2903	1.98992	0	14.1227	15.1793	1.98992	15.1793	4.66462e-07	1.98992	14.883	13.5299	14.2903	0.994959	13.9939	15.0514	1.98992	14.5866	4.76697e-05	0.994959	2.98488	1.98992	0	16.4037	0.994959
6.0033e-08	14.2903	1.98992	0	14.1227	15.1793	1.98992	15.1793	4.65988e-07	1.98992	14.883	13.5299	14.2903	0.994959	13.9939	15.0514	1.98992	14.5866	4.76697e-05	0.994959	2.98488	1.98992	0	16.4037	0.994959
5.99937e-08	14.2903	1.98992	0	14.1227	15.1793	1.98992	15.1793	4.6491e-07	1.98992	14.883	13.5299	14.2903	0.994959	13.9939	15.0514	1.98992	14.5866	4.76696e-05	0.994959	2.98488	1.98992	0	16.4037	0.994959
5.99205e-08	14.2903	1.98992	0	14.1227	15.1793	1.98992	15.1793	4.64324e-07	1.98992	14.883	13.5299	14.2903	0.994959	13.9939	15.0514	1.98992	14.5866	4.76696e-05	0.994959	2.98488	1.98992	0	16.4037	0.994959
5.9882e-08	14.2903	1.98992	0	14.1227	15.1793	1.98992	15.1793	4.64144e-07	1.98992	14.883	13.5299	14.2903	0.994959	13.9939	15.0514	1.98992	14.5866	4.76696e-05	0.994959	2.98488	1.98992	0	16.4037	0.994959
5.98602e-08	14.2903	1.98992	0	14.1227	15.1793	1.98992	15.1793	4.63985e-07	1.98992	14.883	13.5299	14.2903	0.994959	13.9939	15.0514	1.98992	14.5866	4.76695e-05	0.994959	2.98488	1.98992	0	16.4037	0.994959
5.98377e-08	14.2903	1.98992	0	14.1227	15.1793	1.98992	15.1793	4.63725e-07	1.98992	14.883	13.5299	14.2903	0.994959	13.9939	15.0514	1.98992	14.5866	4.76695e-05	0.994959	2.98488	1.98992	0	16.4037	0.994959
5.97875e-08	14.2903	1.98992	0	14.1227	15.1793	1.98992	15.1793	4.63438e-07	1.98992	14.883	13.5299	14.2903	0.994959	13.9939	15.0514	1.98992	14.5866	4.76695e-05	0.994959	2.98488	1.98992	0	16.4037	0.994959
5.97367e-08	14.2903	1.98992	0	14.1227	15.1793	1.98992	15.1793	4.63235e-07	1.98992	14.883	13.5299	14.2903	0.994959	13.9939	15.0514	1.98992	14.5866	4.76695e-05	0.994959	2.98488	1.98992	0	16.4037	0.994959
5.96954e-08	14.2903	1.98992	0	14.1227	15.1793	1.98992	15.1793	4.63036e-07	1.98992	14.883	13.5299	14.2903	0.994959	13.9939	15.0514	1.98992	14.5866	4.76695e-05	0.994959	2.98488	1.98992	0	16.4037	0.994959
5.96376e-08	14.2903	1.98992	0	14.1227	15.1793	1.98992	15.1793	4.62947e-07	1.98992	14.883	13.5299	14.2903	0.994959	13.9939	15.0514	1.98992	14.5866	4.76694e-05	0.994959	2.98488	1.98992	0	16.4037	0.994959
5.95899e-08	14.2903	1.98992	0	14.1227	15.1793	1.98992	15.1793	4.62893e-07	1.98992	14.883	13.5299	14.2903	0.994959	13.9939	15.0514	1.98992	14.5866	4.76694e-05	0.994959	2.98488	1.98992	0	16.4037	0.994959
5.95653e-08	14.2903	1.98992	0	14.1227	15.1793	1.98992	15.1793	4.62736e-07	1.98992	14.883	13.5299	14.2903	0.994959	13.9939	15.0514	1.98992	14.5866	4.76694e-05	0.994959	2.98488	1.98992	0	16.4037	0.994959
5.95464e-08	14.2903	1.98992	0	14.1227	15.1793	1.98992	15.1793	4.62545e-07	1.98992	14.883	13.5299	14.2903	0.994959	13.9939	15.0514	1.98992	14.5866	4.76694e-05	0.994959	2.98488	1.98992	0	16.4037	0.994959
5.95312e-08	14.2903	1.98992	0	14.1227	15.1793	1.98992	15.1793	4.62269e-07	1.98992	14.883	13.5299	14.2903	0.994959	13.9939	15.0514	1.98992	14.5866	4.76694e-05	0.994959	2.98488	1.98992	0	16.4037	0.994959
5.95162e-08	14.2903	1.98992	0	14.1227	15.1793	1.98992	15.1793	4.62144e-07	1.98992	14.883	13.5299	14.2903	0.994959	13.9939	15.0514	1.98992	14.5866	4.76693e-05	0.994959	2.98488	1.98992	0	16.4037	0.994959
5.95103e-08	14.2903	1.98992	0	14.1227	15.1793	1.98992	15.1793	4.61929e-07	1.98992	14.883	13.5299	14.2903	0.994959	13.9939	15.0514	1.98992	14.5866	4.76693e-05	0.994959	2.98488	1.98992	0	16.4037	0.994959
5.95076e-08	14.2903	1.98992	0	14.1227	15.1793	1.98992	15.1793	4.61691e-07	1.98992	14.883	13.5299	14.2903	0.994959	13.9939	15.0514	1.98992	14.5866	4.76693e-05	0.994959	2.98488	1.98992	0	16.4037	0.994959
5.95007e-08	14.2903	1.98992	0	14.1227	15.1793	1.98992	15.1793	4.61614e-07	1.98992	14.883	13.5299	14.2903	0.994959	13.9939	15.0514	1.98992	14.5866	4.76693e-05	0.994959	2.98488	1.98992	0	16.4037	0.994959
5.94807e-08	14.2903	1.98992	0	14.1227	15.1793	1.98992	15.1793	4.61381e-07	1.98992	14.883	13.5299	14.2903	0.994959	13.9939	15.0514	1.98992	14.5866	4.76692e-05	0.994959	2.98488	1.98992	0	16.4037	0.994959
5.94657e-08	14.2903	1.98992	0	14.1227	15.1793	1.98992	15.1793	4.61203e-07	1.98992	14.883	13.5299	14.2903	0.994959	13.9939	15.0514	1.98992	14.5866	4.76691e-05	0.994959	2.98488	1.98992	0	16.4037	0.994959
5.94573e-08	14.2903	1.98992	0	14.1227	15.1793	1.98992	15.1793	4.61138e-07	1.98992	14.883	13.5299	14.2903	0.994959	13.9939	15.0514	1.98992	14.5866	4.7669e-05	0.994959	2.98488	1.98992	0	16.4037	0.994959
5.94459e-08	14.2903	1.98992	0	14.1227	15.1793	1.98992	15.1793	4.61094e-07	1.98992	14.883	13.5299	14.2903	0.994959	13.9939	15.0514	1.98992	14.5866	4.76689e-05	0.994959	2.98488	1.98992	0	16.4037	0.994959
5.94207e-08	14.2903	1.98992	0	14.1227	15.1793	1.98992	15.1793	4.61069e-07	1.98992	14.883	13.5299	14.2903	0.994959	13.9939	15.0514	1.98992	14.5866	4.76688e-05	0.994959	2.98488	1.98992	0	16.4037	0.994959
5.93971e-08	14.2903	1.98992	0	14.1227	15.1793	1.98992	15.1793	4.61061e-07	1.98992	14.883	13.5299	14.2903	0.994959	13.9939	15.0514	1.98992	14.5866	4.76688e-05	0.994959	2.98488	1.98992	0	16.4037	0.994959
5.93652e-08	14.2903	1.98992	0	14.1227	15.1793	1.98992	15.1793	4.61034e-07	1.98992	14.883	13.5299	14.2903	0.994959	13.9939	15.0514	1.98992	14.5866	4.76688e-05	0.994959	2.98488	1.98992	0	16.4037	0.994959
5.93461e-08	14.2903	1.98992	0	14.1227	15.1793	1.98992	15.1793	4.61002e-07	1.98992	14.883	13.5299	14.2903	0.994959	13.9939	15.0514	1.98992	14.5866	4.76687e-05	0.994959	2.98488	1.98992	0	16.4037	0.994959
5.9327e-08	14.2903	1.98992	0	14.1227	15.1793	1.98992	15.1793	4.60959e-07	1.98992	14.883	13.5299	14.2903	0.994959	13.9939	15.0514	1.98992	14.5866	4.76686e-05	0.994959	2.98488	1.98992	0	16.4037	0.994959
5.92861e-08	14.2903	1.98992	0	14.1227	15.1793	1.98992	15.1793	4.60949e-07	1.98992	14.883	13.5299	14.2903	0.994959	13.9939	15.0514	1.98992	14.5866	4.76686e-05	0.994959	2.98488	1.98992	0	16.4037	0.994959
5.92406e-08	14.2903	1.98992	0	14.1227	15.1793	1.98992	15.1793	4.60943e-07	1.98992	14.883	13.5299	14.2903	0.994959	13.9939	15.0514	1.98992	14.5866	4.76685e-05	0.994959	2.98488	1.98992	0	16.4037	0.994959
5.92058e-08	14.2903	1.98992	0	14.1227	15.1793	1.98992	15.1793	4.60926e-07	1.98992	14.883	13.5299	14.2903	0.994959	13.9939	15.0514	1.98992	14.5866	4.76685e-05	0.994959	2.98488	1.98992	0	16.4037	0.994959
5.91924e-08	14.2903	1.98992	0	14.1227	15.1793	1.98992	15.1793	4.60906e-07	1.98992	14.883	13.5299	14.2903	0.994959	13.9939	15.0514	1.98992	14.5866	4.76685e-05	0.994959	2.98488	1.98992	0	16.4037	0.994959
5.91708e-08	14.2903	1.98992	0	14.1227	15.1793	1.98992	15.1793	4.60834e-07	1.98992	14.883	13.5299	14.2903	0.994959	13.9939	15.0514	1.98992	14.5866	4.76685e-05	0.994959	2.98488	1.98992	0	16.4037	0.994959
5.91408e-08	14.2903	1.98992	0	14.1227	15.1793	1.98992	15.1793	4.60733e-07	1.98992	14.883	13.5299	14.2903	0.994959	13.9939	15.0514	1.98992	14.5866	4.76684e-05	0.994959	2.98488	1.98992	0	16.4037	0.994959
5.9106e-08	14.2903	1.98992	0	14.1227	15.1793	1.98992	15.1793	4.60443e-07	1.98992	14.883	13.5299	14.2903	0.994959	13.9939	15.0514	1.98992	14.5866	4.76684e-05	0.994959	2.98488	1.98992	0	16.4037	0.994959
5.90746e-08	14.2903	1.98992	0	14.1227	15.1793	1.98992	15.1793	4.60366e-07	1.98992	14.883	13.5299	14.2903	0.994959	13.9939	15.0514	1.98992	14.5866	4.76684e-05	0.994959	2.98488	1.98992	0	16.4037	0.994959
5.90469e-08	14.2903	1.98992	0	14.1227	15.1793	1.98992	15.1793	4.603e-07	1.98992	14.883	13.5299	14.2903	0.994959	13.9939	15.0514	1.98992	14.5866	4.76684e-05	0.994959	2.98488	1.98992	0	16.4037	0.994959
5.9043e-08	14.2903	1.98992	0	14.1227	15.1793	1.98992	15.1793	4.60241e-07	1.98992	14.883	13.5299	14.2903	0.994959	13.9939	15.0514	1.98992	14.5866	4.76684e-05	0.994959	2.98488	1.98992	0	16.4037	0.994959
5.90419e-08	14.2903	1.98992	0	14.1227	15.1793	1.98992	15.1793	4.60229e-07	1.98992	14.883	13.5299	14.2903	0.994959	13.9939	15.0514	1.98992	14.5866	4.76684e-05	0.994959	2.98488	1.98992	0	16.4037	0.994959
5.90419e-08	14.2903	1.98992	0	14.1227	15.1793	1.98992	15.1793	4.60216e-07	1.98992	14.883	13.5299	14.2903	0.994959	13.9939	15.0514	1.98992	14.5866	4.76684e-05	0.994959	2.98488	1.98992	0	16.4037	0.994959
5.90419e-08	14.2903	1.98992	0	14.1227	15.1793	1.98992	15.1793	4.60165e-07	1.98992	14.883	13.5299	14.2903	0.994959	13.9939	15.0514	1.98992	14.5866	4.76683e-05	0.994959	2.98488	1.98992	0	16.4037	0.994959
5.90419e-08	14.2903	1.98992	0	14.1227	15.1793	1.98992	15.1793	4.6014e-07	1.98992	14.883	13.5299	14.2903	0.994959	13.9939	15.0514	1.98992	14.5866	4.76683e-05	0.994959	2.98488	1.98992	0	16.4037	0.994959
5.90419e-08	14.2903	1.98992	0	14.1227	15.1793	1.98992	15.1793	4.6014e-07	1.98992	14.883	13.5299	14.2903	0.994959	13.9939	15.0514	1.98992	14.5866	4.76683e-05	0.994959	2.98488	1.98992	0	16.4037	0.994959
5.90419e-08	14.2903	1.98992	0	14.1227	15.1793	1.98992	15.1793	4.60136e-07	1.98992	14.883	13.5299	14.2903	0.994959	13.9939	15.0514	1.98992	14.5866	4.76683e-05	0.994959	2.98488	1.98992	0	16.4037	0.994959
5.90419e-08	14.2903	1.98992	0	14.1227	15.1793	1.98992	15.1793	4.60136e-07	1.98992	14.883	13.5299	14.2903	0.994959	13.9939	15.0514	1.98992	14.5866	4.76683e-05	0.994959	2.98488	1.98992	0	16.4037	0.994959
5.90419e-08	14.2903	1.98992	0	14.1227	15.1793	1.98992	15.1793	4.60136e-07	1.98992	14.883	13.5299	14.2903	0.994959	13.9939	15.0514	1.98992	14.5866	4.76683e-05	0.994959	2.98488	1.98992	0	16.4037	0.994959
5.90419e-08	14.2903	1.98992	0	14.1227	15.1793	1.98992	15.1793	4.60136e-07	1.98992	14.883	13.5299	14.2903	0.994959	13.9939	15.0514	1.98992	14.5866	4.76683e-05	0.994959	2.98488	1.98992	0	16.4037	0.994959
5.90419e-08	14.2903	1.98992	0	14.1227	15.1793	1.98992	15.1793	4.60136e-07	1.98992	14.883	13.5299	14.2903	0.994959	13.9939	15.0514	1.98992	14.5866	4.76683e-05	0.994959	2.98488	1.98992	0	16.4037	0.994959
5.90419e-08	14.2903	1.98992	0	14.1227	15.1793	1.98992	15.1793	4.60136e-07	1.98992	14.883	13.5299	14.2903	0.994959	13.9939	15.0514	1.98992	14.5866	4.76683e-05	0.994959	2.98488	1.98992	0	16.4037	0.994959
