algorithm,comparison_index,local_relative_path,sha256,official_archive_path,official_container_path,match_status,duplicate_count,notes
RDE26,1,data/RDE26/RDE26_CEC26_SOP_F1.txt,4055d132e082fe3b2614fa75173dbaa90a56f09a3e889b3f0008ead584c06395,archives/official/CEC2026-SOP竞赛.zip,CEC2026-SOP竞赛/Submission results IEEE UCOPs CEC 2026/Submission results IEEE UCOPs CEC 2026/Compared algorithms/RDE26(陶)/RDE26_CEC26_SOP_F1.txt,exact_sha256_match,4,
RDE26,2,data/RDE26/RDE26_CEC26_SOP_F2.txt,6fcad2e398ebbfdaaa059a763bfd5b09c7137896f4d0ac80e9ee07dd69539228,archives/official/CEC2026-SOP竞赛.zip,CEC2026-SOP竞赛/Submission results IEEE UCOPs CEC 2026/Submission results IEEE UCOPs CEC 2026/Compared algorithms/RDE26(陶)/RDE26_CEC26_SOP_F2.txt,exact_sha256_match,4,
RDE26,3,data/RDE26/RDE26_CEC26_SOP_F3.txt,ceb926d44a81f10a9b23cec572f4d8fa40b5cad69fcabb1138ce4d30561f3ae6,archives/official/CEC2026-SOP竞赛.zip,CEC2026-SOP竞赛/Submission results IEEE UCOPs CEC 2026/Submission results IEEE UCOPs CEC 2026/Compared algorithms/RDE26(陶)/RDE26_CEC26_SOP_F3.txt,exact_sha256_match,4,
RDE26,4,data/RDE26/RDE26_CEC26_SOP_F4.txt,046280bf7bdbf6148dd032689927d1db08d600839a84989f8fbfc205d0a74de4,archives/official/CEC2026-SOP竞赛.zip,CEC2026-SOP竞赛/Submission results IEEE UCOPs CEC 2026/Submission results IEEE UCOPs CEC 2026/Compared algorithms/RDE26(陶)/RDE26_CEC26_SOP_F4.txt,exact_sha256_match,4,
RDE26,5,data/RDE26/RDE26_CEC26_SOP_F5.txt,8904be75a11fc6a667c1f961068452bb358669d846ef3fc554041b2426f8303a,archives/official/CEC2026-SOP竞赛.zip,CEC2026-SOP竞赛/Submission results IEEE UCOPs CEC 2026/Submission results IEEE UCOPs CEC 2026/Compared algorithms/RDE26(陶)/RDE26_CEC26_SOP_F5.txt,exact_sha256_match,4,
RDE26,6,data/RDE26/RDE26_CEC26_SOP_F6.txt,667e563d276baed7ff708dc5c4833525c969a91401671fe49386e9f39bece9bb,archives/official/CEC2026-SOP竞赛.zip,CEC2026-SOP竞赛/Submission results IEEE UCOPs CEC 2026/Submission results IEEE UCOPs CEC 2026/Compared algorithms/RDE26(陶)/RDE26_CEC26_SOP_F6.txt,exact_sha256_match,4,
RDE26,7,data/RDE26/RDE26_CEC26_SOP_F7.txt,b8a29696de0d1547488413df049b21000755c8039fe3b91194250166f7c84876,archives/official/CEC2026-SOP竞赛.zip,CEC2026-SOP竞赛/Submission results IEEE UCOPs CEC 2026/Submission results IEEE UCOPs CEC 2026/Compared algorithms/RDE26(陶)/RDE26_CEC26_SOP_F7.txt,exact_sha256_match,4,
RDE26,8,data/RDE26/RDE26_CEC26_SOP_F8.txt,1bcaa26e66a97a89e8196eeeeb8edcc5e8aff4efd58a12f3a3027f025f25a1bb,archives/official/CEC2026-SOP竞赛.zip,CEC2026-SOP竞赛/Submission results IEEE UCOPs CEC 2026/Submission results IEEE UCOPs CEC 2026/Compared algorithms/RDE26(陶)/RDE26_CEC26_SOP_F8.txt,exact_sha256_match,4,
RDE26,9,data/RDE26/RDE26_CEC26_SOP_F9.txt,64d71567996ac13b834f14adc2e1637b593785f97784f36e6ed5277c874ebef1,archives/official/CEC2026-SOP竞赛.zip,CEC2026-SOP竞赛/Submission results IEEE UCOPs CEC 2026/Submission results IEEE UCOPs CEC 2026/Compared algorithms/RDE26(陶)/RDE26_CEC26_SOP_F9.txt,exact_sha256_match,4,
RDE26,10,data/RDE26/RDE26_CEC26_SOP_F10.txt,e076eb9f8057bf68ece287101631de78dba95c81bd67dc6f500828e9ece14105,archives/official/CEC2026-SOP竞赛.zip,CEC2026-SOP竞赛/Submission results IEEE UCOPs CEC 2026/Submission results IEEE UCOPs CEC 2026/Compared algorithms/RDE26(陶)/RDE26_CEC26_SOP_F10.txt,exact_sha256_match,4,
RDE26,11,data/RDE26/RDE26_CEC26_SOP_F11.txt,0ab51708f0660c40904289cbf76ebaef4cfdaee8dbc2ab1b974b475561574dc8,archives/official/CEC2026-SOP竞赛.zip,CEC2026-SOP竞赛/Submission results IEEE UCOPs CEC 2026/Submission results IEEE UCOPs CEC 2026/Compared algorithms/RDE26(陶)/RDE26_CEC26_SOP_F11.txt,exact_sha256_match,4,
RDE26,12,data/RDE26/RDE26_CEC26_SOP_F12.txt,1a288a7e0907af46b3d8855f31a232770ffbc2138321cfb0ab6bcd1b9099b8b6,archives/official/CEC2026-SOP竞赛.zip,CEC2026-SOP竞赛/Submission results IEEE UCOPs CEC 2026/Submission results IEEE UCOPs CEC 2026/Compared algorithms/RDE26(陶)/RDE26_CEC26_SOP_F12.txt,exact_sha256_match,4,
RDE26,13,data/RDE26/RDE26_CEC26_SOP_F13.txt,c1a62982e83e855d847b652e32f84929ffec0e5c42d4e48816cbd09f9f288c7e,archives/official/CEC2026-SOP竞赛.zip,CEC2026-SOP竞赛/Submission results IEEE UCOPs CEC 2026/Submission results IEEE UCOPs CEC 2026/Compared algorithms/RDE26(陶)/RDE26_CEC26_SOP_F13.txt,exact_sha256_match,4,
RDE26,14,data/RDE26/RDE26_CEC26_SOP_F14.txt,d79a5a60a0c6bc3bd68c19b625a85b2be53dc1c05bb3822b6d3261d4036eca6d,archives/official/CEC2026-SOP竞赛.zip,CEC2026-SOP竞赛/Submission results IEEE UCOPs CEC 2026/Submission results IEEE UCOPs CEC 2026/Compared algorithms/RDE26(陶)/RDE26_CEC26_SOP_F14.txt,exact_sha256_match,4,
RDE26,15,data/RDE26/RDE26_CEC26_SOP_F15.txt,b243f4b061602a654005b9f5f2d73e134d190445f39b941ff267e1b72cd453da,archives/official/CEC2026-SOP竞赛.zip,CEC2026-SOP竞赛/Submission results IEEE UCOPs CEC 2026/Submission results IEEE UCOPs CEC 2026/Compared algorithms/RDE26(陶)/RDE26_CEC26_SOP_F15.txt,exact_sha256_match,4,
RDE26,16,data/RDE26/RDE26_CEC26_SOP_F16.txt,9903df1ac69c0d2a93a7e630a217618b29c8b62e9cfd4f3781b0d91cc3341fa9,archives/official/CEC2026-SOP竞赛.zip,CEC2026-SOP竞赛/Submission results IEEE UCOPs CEC 2026/Submission results IEEE UCOPs CEC 2026/Compared algorithms/RDE26(陶)/RDE26_CEC26_SOP_F16.txt,exact_sha256_match,4,
RDE26,17,data/RDE26/RDE26_CEC26_SOP_F17.txt,4884b32b1c7e48cb0442de695fb7fc505835f36cd77effa9a97089791b44782d,archives/official/CEC2026-SOP竞赛.zip,CEC2026-SOP竞赛/Submission results IEEE UCOPs CEC 2026/Submission results IEEE UCOPs CEC 2026/Compared algorithms/RDE26(陶)/RDE26_CEC26_SOP_F17.txt,exact_sha256_match,4,
RDE26,18,data/RDE26/RDE26_CEC26_SOP_F18.txt,c7fc7697d9c0564dc7e87e5bc27c5b06cbdbd35ff478cda4dfedbb7ee39474b0,archives/official/CEC2026-SOP竞赛.zip,CEC2026-SOP竞赛/Submission results IEEE UCOPs CEC 2026/Submission results IEEE UCOPs CEC 2026/Compared algorithms/RDE26(陶)/RDE26_CEC26_SOP_F18.txt,exact_sha256_match,4,
RDE26,19,data/RDE26/RDE26_CEC26_SOP_F19.txt,8142bc2d4a7591541b925b2a7d361226f95660cb3c1faa84be516896590f0641,archives/official/CEC2026-SOP竞赛.zip,CEC2026-SOP竞赛/Submission results IEEE UCOPs CEC 2026/Submission results IEEE UCOPs CEC 2026/Compared algorithms/RDE26(陶)/RDE26_CEC26_SOP_F19.txt,exact_sha256_match,4,
RDE26,20,data/RDE26/RDE26_CEC26_SOP_F20.txt,0ec52ce21acc580dbffefa9ef0745f86a269cba79cd1a4bad0151b6d3bdac3aa,archives/official/CEC2026-SOP竞赛.zip,CEC2026-SOP竞赛/Submission results IEEE UCOPs CEC 2026/Submission results IEEE UCOPs CEC 2026/Compared algorithms/RDE26(陶)/RDE26_CEC26_SOP_F20.txt,exact_sha256_match,4,
RDE26,21,data/RDE26/RDE26_CEC26_SOP_F21.txt,e9afe742bb6d9da72a80d88e91f23d182ab66290e7c9ae7ebd48ab360530f8b6,archives/official/CEC2026-SOP竞赛.zip,CEC2026-SOP竞赛/Submission results IEEE UCOPs CEC 2026/Submission results IEEE UCOPs CEC 2026/Compared algorithms/RDE26(陶)/RDE26_CEC26_SOP_F21.txt,exact_sha256_match,4,
RDE26,22,data/RDE26/RDE26_CEC26_SOP_F22.txt,0e2e45b5aa867145c011bc2942ce36070525121f104aa260a4f80e961c60bf60,archives/official/CEC2026-SOP竞赛.zip,CEC2026-SOP竞赛/Submission results IEEE UCOPs CEC 2026/Submission results IEEE UCOPs CEC 2026/Compared algorithms/RDE26(陶)/RDE26_CEC26_SOP_F22.txt,exact_sha256_match,4,
RDE26,23,data/RDE26/RDE26_CEC26_SOP_F23.txt,a975fced3d090aa25f73505140e6be55b9b5028237e9923eee6b61b40dedac7d,archives/official/CEC2026-SOP竞赛.zip,CEC2026-SOP竞赛/Submission results IEEE UCOPs CEC 2026/Submission results IEEE UCOPs CEC 2026/Compared algorithms/RDE26(陶)/RDE26_CEC26_SOP_F23.txt,exact_sha256_match,4,
RDE26,24,data/RDE26/RDE26_CEC26_SOP_F24.txt,1fe28e322eff2979452120ec6e7c8099fc4a0b59ce3c533cb52a2773fd68ca47,archives/official/CEC2026-SOP竞赛.zip,CEC2026-SOP竞赛/Submission results IEEE UCOPs CEC 2026/Submission results IEEE UCOPs CEC 2026/Compared algorithms/RDE26(陶)/RDE26_CEC26_SOP_F24.txt,exact_sha256_match,4,
RDE26,25,data/RDE26/RDE26_CEC26_SOP_F25.txt,df42f5c6f1a43801d65b98b39da8f5e78fd9e4dfc0e5e4825162c6d787468e6b,archives/official/CEC2026-SOP竞赛.zip,CEC2026-SOP竞赛/Submission results IEEE UCOPs CEC 2026/Submission results IEEE UCOPs CEC 2026/Compared algorithms/RDE26(陶)/RDE26_CEC26_SOP_F25.txt,exact_sha256_match,4,
RDE26,26,data/RDE26/RDE26_CEC26_SOP_F26.txt,a0de96d0b95f47749ead3c1b57d5e75730051e4fb2f9679b675585d2f769ea5a,archives/official/CEC2026-SOP竞赛.zip,CEC2026-SOP竞赛/Submission results IEEE UCOPs CEC 2026/Submission results IEEE UCOPs CEC 2026/Compared algorithms/RDE26(陶)/RDE26_CEC26_SOP_F26.txt,exact_sha256_match,4,
RDE26,27,data/RDE26/RDE26_CEC26_SOP_F27.txt,86d418b9348da56d3c14d63bd86ad7d5ccd7a30c2cc337a1b35bc342005a60d6,archives/official/CEC2026-SOP竞赛.zip,CEC2026-SOP竞赛/Submission results IEEE UCOPs CEC 2026/Submission results IEEE UCOPs CEC 2026/Compared algorithms/RDE26(陶)/RDE26_CEC26_SOP_F27.txt,exact_sha256_match,4,
RDE26,28,data/RDE26/RDE26_CEC26_SOP_F28.txt,978adb817edf90af66aeac081e2af039279d52f995546e782703d7a38f02c178,archives/official/CEC2026-SOP竞赛.zip,CEC2026-SOP竞赛/Submission results IEEE UCOPs CEC 2026/Submission results IEEE UCOPs CEC 2026/Compared algorithms/RDE26(陶)/RDE26_CEC26_SOP_F28.txt,exact_sha256_match,4,
RDE26,29,data/RDE26/RDE26_CEC26_SOP_F29.txt,2b9975cb0ea102b6bd44d6d76910c46d1e031e77550b97c8bd0f69535198bc85,archives/official/CEC2026-SOP竞赛.zip,CEC2026-SOP竞赛/Submission results IEEE UCOPs CEC 2026/Submission results IEEE UCOPs CEC 2026/Compared algorithms/RDE26(陶)/RDE26_CEC26_SOP_F29.txt,exact_sha256_match,4,
DE-2LS,1,data/DE-2LS/DE-2LS_D30_F1.txt,0b55dc6767c16f2bbf7903a932990b0a5a99461efcdc6a473b1d5e6a6a52f607,archives/official/CEC2026-SOP竞赛.zip,CEC2026-SOP竞赛/Submission results IEEE UCOPs CEC 2026/Submission results IEEE UCOPs CEC 2026/Compared algorithms/DE-2LS_results/DE-2LS_D30_F1.txt,exact_sha256_match,1,
DE-2LS,2,data/DE-2LS/DE-2LS_D30_F2.txt,e158c2c9ed4d7318d4e73cfa11519fe3bf1c526bd83c9770972ee3b1ca7ee71b,archives/official/CEC2026-SOP竞赛.zip,CEC2026-SOP竞赛/Submission results IEEE UCOPs CEC 2026/Submission results IEEE UCOPs CEC 2026/Compared algorithms/DE-2LS_results/DE-2LS_D30_F2.txt,exact_sha256_match,1,
DE-2LS,3,data/DE-2LS/DE-2LS_D30_F3.txt,28fea4375f34ddd550e01ea59c8e9af75bf0a820fc9c49f29f4a15b65404bc3c,archives/official/CEC2026-SOP竞赛.zip,CEC2026-SOP竞赛/Submission results IEEE UCOPs CEC 2026/Submission results IEEE UCOPs CEC 2026/Compared algorithms/DE-2LS_results/DE-2LS_D30_F3.txt,exact_sha256_match,1,
DE-2LS,4,data/DE-2LS/DE-2LS_D30_F4.txt,e2852919615df1a2deb095f3b4eb7df29b586f6fbea7668a0ad93af2b08a19bc,archives/official/CEC2026-SOP竞赛.zip,CEC2026-SOP竞赛/Submission results IEEE UCOPs CEC 2026/Submission results IEEE UCOPs CEC 2026/Compared algorithms/DE-2LS_results/DE-2LS_D30_F4.txt,exact_sha256_match,1,
DE-2LS,5,data/DE-2LS/DE-2LS_D30_F5.txt,3ab23a68a28bdd82077e743d35e8df629e73d31c82f01c6acf31cdfc9173ce4e,archives/official/CEC2026-SOP竞赛.zip,CEC2026-SOP竞赛/Submission results IEEE UCOPs CEC 2026/Submission results IEEE UCOPs CEC 2026/Compared algorithms/DE-2LS_results/DE-2LS_D30_F5.txt,exact_sha256_match,1,
DE-2LS,6,data/DE-2LS/DE-2LS_D30_F6.txt,9442e02a914c37ba678d4e00ca55c59872fffb1f20bc9b01c5b2a7fe1f6ed09d,archives/official/CEC2026-SOP竞赛.zip,CEC2026-SOP竞赛/Submission results IEEE UCOPs CEC 2026/Submission results IEEE UCOPs CEC 2026/Compared algorithms/DE-2LS_results/DE-2LS_D30_F6.txt,exact_sha256_match,1,
DE-2LS,7,data/DE-2LS/DE-2LS_D30_F7.txt,3a1fb1309c65a46aa30e545939fe8a3f736a76de8b083b98cafa3156c59582f4,archives/official/CEC2026-SOP竞赛.zip,CEC2026-SOP竞赛/Submission results IEEE UCOPs CEC 2026/Submission results IEEE UCOPs CEC 2026/Compared algorithms/DE-2LS_results/DE-2LS_D30_F7.txt,exact_sha256_match,1,
DE-2LS,8,data/DE-2LS/DE-2LS_D30_F8.txt,2a7daa0fcedfa18333570c06473bd50c179bc279f9c0ab68f7ec5ee776854011,archives/official/CEC2026-SOP竞赛.zip,CEC2026-SOP竞赛/Submission results IEEE UCOPs CEC 2026/Submission results IEEE UCOPs CEC 2026/Compared algorithms/DE-2LS_results/DE-2LS_D30_F8.txt,exact_sha256_match,1,
DE-2LS,9,data/DE-2LS/DE-2LS_D30_F9.txt,bd09f9619213cd5a0797dacbb2b75a0b366f23f231b9e354f39839887eeb8322,archives/official/CEC2026-SOP竞赛.zip,CEC2026-SOP竞赛/Submission results IEEE UCOPs CEC 2026/Submission results IEEE UCOPs CEC 2026/Compared algorithms/DE-2LS_results/DE-2LS_D30_F9.txt,exact_sha256_match,1,
DE-2LS,10,data/DE-2LS/DE-2LS_D30_F10.txt,ee8fd7dc1e1e2db4a43d13320a368f7e2239f4dbb7b20448614ac7d8f089a1e9,archives/official/CEC2026-SOP竞赛.zip,CEC2026-SOP竞赛/Submission results IEEE UCOPs CEC 2026/Submission results IEEE UCOPs CEC 2026/Compared algorithms/DE-2LS_results/DE-2LS_D30_F10.txt,exact_sha256_match,1,
DE-2LS,11,data/DE-2LS/DE-2LS_D30_F11.txt,dc400ecb7af3c4fdc0f2a9369e7e9be19e266965290e3bdc36b77e628f2a2d67,archives/official/CEC2026-SOP竞赛.zip,CEC2026-SOP竞赛/Submission results IEEE UCOPs CEC 2026/Submission results IEEE UCOPs CEC 2026/Compared algorithms/DE-2LS_results/DE-2LS_D30_F11.txt,exact_sha256_match,1,
DE-2LS,12,data/DE-2LS/DE-2LS_D30_F12.txt,73e7041b20416a19ef9a59d6e2ca74b43b24b511e9d9d6e8c4b5c4cca3dbf608,archives/official/CEC2026-SOP竞赛.zip,CEC2026-SOP竞赛/Submission results IEEE UCOPs CEC 2026/Submission results IEEE UCOPs CEC 2026/Compared algorithms/DE-2LS_results/DE-2LS_D30_F12.txt,exact_sha256_match,1,
DE-2LS,13,data/DE-2LS/DE-2LS_D30_F13.txt,c76eb641c919d12fc2bdca07637cdee5186b7b91074f497f334edb4666adce85,archives/official/CEC2026-SOP竞赛.zip,CEC2026-SOP竞赛/Submission results IEEE UCOPs CEC 2026/Submission results IEEE UCOPs CEC 2026/Compared algorithms/DE-2LS_results/DE-2LS_D30_F13.txt,exact_sha256_match,1,
DE-2LS,14,data/DE-2LS/DE-2LS_D30_F14.txt,8a0b2730e0b3d389ba5bb0c6854738139d1981d11f63b61bf29d3bd36f5d68f7,archives/official/CEC2026-SOP竞赛.zip,CEC2026-SOP竞赛/Submission results IEEE UCOPs CEC 2026/Submission results IEEE UCOPs CEC 2026/Compared algorithms/DE-2LS_results/DE-2LS_D30_F14.txt,exact_sha256_match,1,
DE-2LS,15,data/DE-2LS/DE-2LS_D30_F15.txt,59e9d8d16b58b6bd55a382af095aa22d266a667ff40c158c2434127b04956821,archives/official/CEC2026-SOP竞赛.zip,CEC2026-SOP竞赛/Submission results IEEE UCOPs CEC 2026/Submission results IEEE UCOPs CEC 2026/Compared algorithms/DE-2LS_results/DE-2LS_D30_F15.txt,exact_sha256_match,1,
DE-2LS,16,data/DE-2LS/DE-2LS_D30_F16.txt,3c29eb2d430c2ebe5c96727f862944d15936ff3d327bb89ec8016964625780a6,archives/official/CEC2026-SOP竞赛.zip,CEC2026-SOP竞赛/Submission results IEEE UCOPs CEC 2026/Submission results IEEE UCOPs CEC 2026/Compared algorithms/DE-2LS_results/DE-2LS_D30_F16.txt,exact_sha256_match,1,
DE-2LS,17,data/DE-2LS/DE-2LS_D30_F17.txt,a3f11765d50c56dc0e67f0b6db9bfd0470f317a2467a2aa7c39ec3fc8ec787bc,archives/official/CEC2026-SOP竞赛.zip,CEC2026-SOP竞赛/Submission results IEEE UCOPs CEC 2026/Submission results IEEE UCOPs CEC 2026/Compared algorithms/DE-2LS_results/DE-2LS_D30_F17.txt,exact_sha256_match,1,
DE-2LS,18,data/DE-2LS/DE-2LS_D30_F18.txt,a6115ef11dccd59385b94116f8440367fdd2e42866138685ffb7f94356181f00,archives/official/CEC2026-SOP竞赛.zip,CEC2026-SOP竞赛/Submission results IEEE UCOPs CEC 2026/Submission results IEEE UCOPs CEC 2026/Compared algorithms/DE-2LS_results/DE-2LS_D30_F18.txt,exact_sha256_match,1,
DE-2LS,19,data/DE-2LS/DE-2LS_D30_F19.txt,00ee1e3c574b75f9bc6d52a4b9bf18e904afc25b00e0eee2fadc8fcba550f9b0,archives/official/CEC2026-SOP竞赛.zip,CEC2026-SOP竞赛/Submission results IEEE UCOPs CEC 2026/Submission results IEEE UCOPs CEC 2026/Compared algorithms/DE-2LS_results/DE-2LS_D30_F19.txt,exact_sha256_match,1,
DE-2LS,20,data/DE-2LS/DE-2LS_D30_F20.txt,481a52716ffc3392cf32801a25ac8057db082d0e34a8190845845244fa153d46,archives/official/CEC2026-SOP竞赛.zip,CEC2026-SOP竞赛/Submission results IEEE UCOPs CEC 2026/Submission results IEEE UCOPs CEC 2026/Compared algorithms/DE-2LS_results/DE-2LS_D30_F20.txt,exact_sha256_match,1,
DE-2LS,21,data/DE-2LS/DE-2LS_D30_F21.txt,fe5ff726f19d52fad335ceeb748eec802c91ab9f4e74fcf7dce8a59335105a2f,archives/official/CEC2026-SOP竞赛.zip,CEC2026-SOP竞赛/Submission results IEEE UCOPs CEC 2026/Submission results IEEE UCOPs CEC 2026/Compared algorithms/DE-2LS_results/DE-2LS_D30_F21.txt,exact_sha256_match,1,
DE-2LS,22,data/DE-2LS/DE-2LS_D30_F22.txt,49323e8e0b97645d28e3f0b206901c846d2223aecb304a4da7c29a3405f62fb3,archives/official/CEC2026-SOP竞赛.zip,CEC2026-SOP竞赛/Submission results IEEE UCOPs CEC 2026/Submission results IEEE UCOPs CEC 2026/Compared algorithms/DE-2LS_results/DE-2LS_D30_F22.txt,exact_sha256_match,1,
DE-2LS,23,data/DE-2LS/DE-2LS_D30_F23.txt,9df4d47610443ac092d86719c222cb642a36833bf42ecb50e17a640cabefb497,archives/official/CEC2026-SOP竞赛.zip,CEC2026-SOP竞赛/Submission results IEEE UCOPs CEC 2026/Submission results IEEE UCOPs CEC 2026/Compared algorithms/DE-2LS_results/DE-2LS_D30_F23.txt,exact_sha256_match,1,
DE-2LS,24,data/DE-2LS/DE-2LS_D30_F24.txt,764bf464f07a3980e29dc11e4a476089fd3f51277e41c0588099f3786bd59ad2,archives/official/CEC2026-SOP竞赛.zip,CEC2026-SOP竞赛/Submission results IEEE UCOPs CEC 2026/Submission results IEEE UCOPs CEC 2026/Compared algorithms/DE-2LS_results/DE-2LS_D30_F24.txt,exact_sha256_match,1,
DE-2LS,25,data/DE-2LS/DE-2LS_D30_F25.txt,7cf710ea8a96772c4a4d5ad0c24ad9d68a5438adcdbe5125ee23aeb00db10004,archives/official/CEC2026-SOP竞赛.zip,CEC2026-SOP竞赛/Submission results IEEE UCOPs CEC 2026/Submission results IEEE UCOPs CEC 2026/Compared algorithms/DE-2LS_results/DE-2LS_D30_F25.txt,exact_sha256_match,1,
DE-2LS,26,data/DE-2LS/DE-2LS_D30_F26.txt,e180c75ef79c500c0f21efb8a35d16a2e1117cfd079a578fadc9912a7780862d,archives/official/CEC2026-SOP竞赛.zip,CEC2026-SOP竞赛/Submission results IEEE UCOPs CEC 2026/Submission results IEEE UCOPs CEC 2026/Compared algorithms/DE-2LS_results/DE-2LS_D30_F26.txt,exact_sha256_match,1,
DE-2LS,27,data/DE-2LS/DE-2LS_D30_F27.txt,b35d32f9fbecb85f79d69f6cf8eb2475827ff426f33ea7543abaf0446ca3144a,archives/official/CEC2026-SOP竞赛.zip,CEC2026-SOP竞赛/Submission results IEEE UCOPs CEC 2026/Submission results IEEE UCOPs CEC 2026/Compared algorithms/DE-2LS_results/DE-2LS_D30_F27.txt,exact_sha256_match,1,
DE-2LS,28,data/DE-2LS/DE-2LS_D30_F28.txt,df821830cd4703c8a5b10dfff6bc9f7f430b9e7a3dce2df3fbae4e0e4556e19c,archives/official/CEC2026-SOP竞赛.zip,CEC2026-SOP竞赛/Submission results IEEE UCOPs CEC 2026/Submission results IEEE UCOPs CEC 2026/Compared algorithms/DE-2LS_results/DE-2LS_D30_F28.txt,exact_sha256_match,1,
DE-2LS,29,data/DE-2LS/DE-2LS_D30_F29.txt,0baf9fbfae16885de59726e4998c0b06b78b95d03e69577b185f711f48e67e7a,archives/official/CEC2026-SOP竞赛.zip,CEC2026-SOP竞赛/Submission results IEEE UCOPs CEC 2026/Submission results IEEE UCOPs CEC 2026/Compared algorithms/DE-2LS_results/DE-2LS_D30_F29.txt,exact_sha256_match,1,
RDEx,1,data/RDEx/RDEx_D30_F1.txt,83c69a9527ce2a9aa9a38e9419a0fc5791870680923c5ba95f4b581f89845fcd,archives/official/CEC2026-SOP竞赛.zip,CEC2026-SOP竞赛/Submission results IEEE UCOPs CEC 2026/Submission results IEEE UCOPs CEC 2026/Compared algorithms/RDEx/RDEx_D30_F1.txt,exact_sha256_match,1,
RDEx,2,data/RDEx/RDEx_D30_F2.txt,d0798ae66866ce2ac1ee55bd431b84122082f6a6ffb22ce305a54ba7a7772390,archives/official/CEC2026-SOP竞赛.zip,CEC2026-SOP竞赛/Submission results IEEE UCOPs CEC 2026/Submission results IEEE UCOPs CEC 2026/Compared algorithms/RDEx/RDEx_D30_F2.txt,exact_sha256_match,1,
RDEx,3,data/RDEx/RDEx_D30_F3.txt,2f55faa2fb68cd02c948ff2cd3fe0d38829c1508e95ba673ae220ff0824e6e5a,archives/official/CEC2026-SOP竞赛.zip,CEC2026-SOP竞赛/Submission results IEEE UCOPs CEC 2026/Submission results IEEE UCOPs CEC 2026/Compared algorithms/RDEx/RDEx_D30_F3.txt,exact_sha256_match,1,
RDEx,4,data/RDEx/RDEx_D30_F4.txt,13c7e0e9bb22ed885d383fc20caef890ea0b9bb548051c5de602cc674a3f8893,archives/official/CEC2026-SOP竞赛.zip,CEC2026-SOP竞赛/Submission results IEEE UCOPs CEC 2026/Submission results IEEE UCOPs CEC 2026/Compared algorithms/RDEx/RDEx_D30_F4.txt,exact_sha256_match,1,
RDEx,5,data/RDEx/RDEx_D30_F5.txt,d58b0571e610b5e184ca2beb2aab6600c86f1c54b62edf45d9c29669ade40d3c,archives/official/CEC2026-SOP竞赛.zip,CEC2026-SOP竞赛/Submission results IEEE UCOPs CEC 2026/Submission results IEEE UCOPs CEC 2026/Compared algorithms/RDEx/RDEx_D30_F5.txt,exact_sha256_match,1,
RDEx,6,data/RDEx/RDEx_D30_F6.txt,cc81a9f7e305ef693b7dfed10985cc4fa3869addd72b9f78c73cf60511ff6d24,archives/official/CEC2026-SOP竞赛.zip,CEC2026-SOP竞赛/Submission results IEEE UCOPs CEC 2026/Submission results IEEE UCOPs CEC 2026/Compared algorithms/RDEx/RDEx_D30_F6.txt,exact_sha256_match,1,
RDEx,7,data/RDEx/RDEx_D30_F7.txt,f2ffa9f6e6751bf8543ba5b627bd376b509d60ec42541b4cdc4c4dc2c2ecd037,archives/official/CEC2026-SOP竞赛.zip,CEC2026-SOP竞赛/Submission results IEEE UCOPs CEC 2026/Submission results IEEE UCOPs CEC 2026/Compared algorithms/RDEx/RDEx_D30_F7.txt,exact_sha256_match,1,
RDEx,8,data/RDEx/RDEx_D30_F8.txt,438c9b7370d464f22a241636737a5e692de83167f7116ade49cd5ef7d79d0c06,archives/official/CEC2026-SOP竞赛.zip,CEC2026-SOP竞赛/Submission results IEEE UCOPs CEC 2026/Submission results IEEE UCOPs CEC 2026/Compared algorithms/RDEx/RDEx_D30_F8.txt,exact_sha256_match,1,
RDEx,9,data/RDEx/RDEx_D30_F9.txt,3f34791b9410caed3bfb566be604116561bf6e33d0b66d98ae6b6e898e61d540,archives/official/CEC2026-SOP竞赛.zip,CEC2026-SOP竞赛/Submission results IEEE UCOPs CEC 2026/Submission results IEEE UCOPs CEC 2026/Compared algorithms/RDEx/RDEx_D30_F9.txt,exact_sha256_match,1,
RDEx,10,data/RDEx/RDEx_D30_F10.txt,0a402c0e44c7b4107f0d09df9a4efe042a104a9a7d8c4ea820fff0c8c73aea89,archives/official/CEC2026-SOP竞赛.zip,CEC2026-SOP竞赛/Submission results IEEE UCOPs CEC 2026/Submission results IEEE UCOPs CEC 2026/Compared algorithms/RDEx/RDEx_D30_F10.txt,exact_sha256_match,1,
RDEx,11,data/RDEx/RDEx_D30_F11.txt,76ff06b269c75fb21d39cb8c6694a8ef4855c31855e5561d2e464256a224e242,archives/official/CEC2026-SOP竞赛.zip,CEC2026-SOP竞赛/Submission results IEEE UCOPs CEC 2026/Submission results IEEE UCOPs CEC 2026/Compared algorithms/RDEx/RDEx_D30_F11.txt,exact_sha256_match,1,
RDEx,12,data/RDEx/RDEx_D30_F12.txt,a1300e06e149088256e3ec6043d81fa36ae059accb6f4e7323c034bf16bd48cf,archives/official/CEC2026-SOP竞赛.zip,CEC2026-SOP竞赛/Submission results IEEE UCOPs CEC 2026/Submission results IEEE UCOPs CEC 2026/Compared algorithms/RDEx/RDEx_D30_F12.txt,exact_sha256_match,1,
RDEx,13,data/RDEx/RDEx_D30_F13.txt,3e9bbdc013113a12426dee5daca42a83745efa255aa5228ebece80daf0cd499b,archives/official/CEC2026-SOP竞赛.zip,CEC2026-SOP竞赛/Submission results IEEE UCOPs CEC 2026/Submission results IEEE UCOPs CEC 2026/Compared algorithms/RDEx/RDEx_D30_F13.txt,exact_sha256_match,1,
RDEx,14,data/RDEx/RDEx_D30_F14.txt,928574cc4f6ac428f05a9feee68a0cab1db483a3cf5afdeda32c6539cf6300c5,archives/official/CEC2026-SOP竞赛.zip,CEC2026-SOP竞赛/Submission results IEEE UCOPs CEC 2026/Submission results IEEE UCOPs CEC 2026/Compared algorithms/RDEx/RDEx_D30_F14.txt,exact_sha256_match,1,
RDEx,15,data/RDEx/RDEx_D30_F15.txt,179c051bfbedba99dd93ab85680028849c2cbd7b34167f5b798c7e8508e1c55c,archives/official/CEC2026-SOP竞赛.zip,CEC2026-SOP竞赛/Submission results IEEE UCOPs CEC 2026/Submission results IEEE UCOPs CEC 2026/Compared algorithms/RDEx/RDEx_D30_F15.txt,exact_sha256_match,1,
RDEx,16,data/RDEx/RDEx_D30_F16.txt,efef4e1765ffa9876cdc1523c3fd296855f2bca0b3e1b4187effbe4c640852ec,archives/official/CEC2026-SOP竞赛.zip,CEC2026-SOP竞赛/Submission results IEEE UCOPs CEC 2026/Submission results IEEE UCOPs CEC 2026/Compared algorithms/RDEx/RDEx_D30_F16.txt,exact_sha256_match,1,
RDEx,17,data/RDEx/RDEx_D30_F17.txt,f7b48e19f14b1d3fdd52a8eb3ddb34f0981be2c6f23dfa412b806e1ae37a20dd,archives/official/CEC2026-SOP竞赛.zip,CEC2026-SOP竞赛/Submission results IEEE UCOPs CEC 2026/Submission results IEEE UCOPs CEC 2026/Compared algorithms/RDEx/RDEx_D30_F17.txt,exact_sha256_match,1,
RDEx,18,data/RDEx/RDEx_D30_F18.txt,40e20a2cd444100db03b57a135aab958c8b1977ab45c7a5f558c1647fc7a42ef,archives/official/CEC2026-SOP竞赛.zip,CEC2026-SOP竞赛/Submission results IEEE UCOPs CEC 2026/Submission results IEEE UCOPs CEC 2026/Compared algorithms/RDEx/RDEx_D30_F18.txt,exact_sha256_match,1,
RDEx,19,data/RDEx/RDEx_D30_F19.txt,6b50b15cc10e78c6d8816a8d33185efcfc1495e05cb91577e9c60c61a47dbc5a,archives/official/CEC2026-SOP竞赛.zip,CEC2026-SOP竞赛/Submission results IEEE UCOPs CEC 2026/Submission results IEEE UCOPs CEC 2026/Compared algorithms/RDEx/RDEx_D30_F19.txt,exact_sha256_match,1,
RDEx,20,data/RDEx/RDEx_D30_F20.txt,ad4306914887622230d438a904016193c72a5fdc4b6dc3ac5cdfb7720677d37e,archives/official/CEC2026-SOP竞赛.zip,CEC2026-SOP竞赛/Submission results IEEE UCOPs CEC 2026/Submission results IEEE UCOPs CEC 2026/Compared algorithms/RDEx/RDEx_D30_F20.txt,exact_sha256_match,1,
RDEx,21,data/RDEx/RDEx_D30_F21.txt,6a63a8db525eaebf0d4b5c5b8be388651dd8dabdad91ffb944d70f2ecbd16338,archives/official/CEC2026-SOP竞赛.zip,CEC2026-SOP竞赛/Submission results IEEE UCOPs CEC 2026/Submission results IEEE UCOPs CEC 2026/Compared algorithms/RDEx/RDEx_D30_F21.txt,exact_sha256_match,1,
RDEx,22,data/RDEx/RDEx_D30_F22.txt,4023478b614fafcdeae578d78a14440538bc4e9303f0b0ea14ae3e2b13578c82,archives/official/CEC2026-SOP竞赛.zip,CEC2026-SOP竞赛/Submission results IEEE UCOPs CEC 2026/Submission results IEEE UCOPs CEC 2026/Compared algorithms/RDEx/RDEx_D30_F22.txt,exact_sha256_match,1,
RDEx,23,data/RDEx/RDEx_D30_F23.txt,3ee61dc191c170dec43175e1a9ef2ea8a58f05059bec924ef082d7e31123581d,archives/official/CEC2026-SOP竞赛.zip,CEC2026-SOP竞赛/Submission results IEEE UCOPs CEC 2026/Submission results IEEE UCOPs CEC 2026/Compared algorithms/RDEx/RDEx_D30_F23.txt,exact_sha256_match,1,
RDEx,24,data/RDEx/RDEx_D30_F24.txt,6ab615e64176f04fb4944b15d24c6bd6cd15cf1897a739bb669472267cbf0f9d,archives/official/CEC2026-SOP竞赛.zip,CEC2026-SOP竞赛/Submission results IEEE UCOPs CEC 2026/Submission results IEEE UCOPs CEC 2026/Compared algorithms/RDEx/RDEx_D30_F24.txt,exact_sha256_match,1,
RDEx,25,data/RDEx/RDEx_D30_F25.txt,426474c438ace96a9d5caf5d118f10a48b49c99cafc08c294b459b9bb051e25a,archives/official/CEC2026-SOP竞赛.zip,CEC2026-SOP竞赛/Submission results IEEE UCOPs CEC 2026/Submission results IEEE UCOPs CEC 2026/Compared algorithms/RDEx/RDEx_D30_F25.txt,exact_sha256_match,1,
RDEx,26,data/RDEx/RDEx_D30_F26.txt,124d70619cf5aee9370459b06c0612f5244afb727d5b29594bc003a343165dbf,archives/official/CEC2026-SOP竞赛.zip,CEC2026-SOP竞赛/Submission results IEEE UCOPs CEC 2026/Submission results IEEE UCOPs CEC 2026/Compared algorithms/RDEx/RDEx_D30_F26.txt,exact_sha256_match,1,
RDEx,27,data/RDEx/RDEx_D30_F27.txt,5b92e9d348f99725eb6aaa977f66c0d4fbedde800be4110fbc7a40d58e8d95ea,archives/official/CEC2026-SOP竞赛.zip,CEC2026-SOP竞赛/Submission results IEEE UCOPs CEC 2026/Submission results IEEE UCOPs CEC 2026/Compared algorithms/RDEx/RDEx_D30_F27.txt,exact_sha256_match,1,
RDEx,28,data/RDEx/RDEx_D30_F28.txt,1985c716c6501fae6f2c867ca9538c1c7120d06bf39ba8966e41948f03ed48e8,archives/official/CEC2026-SOP竞赛.zip,CEC2026-SOP竞赛/Submission results IEEE UCOPs CEC 2026/Submission results IEEE UCOPs CEC 2026/Compared algorithms/RDEx/RDEx_D30_F28.txt,exact_sha256_match,1,
RDEx,29,data/RDEx/RDEx_D30_F29.txt,116f1f9711a7d017e279247a7e34c0aeaad1b95285f0a5d591099b8fcf4bacc2,archives/official/CEC2026-SOP竞赛.zip,CEC2026-SOP竞赛/Submission results IEEE UCOPs CEC 2026/Submission results IEEE UCOPs CEC 2026/Compared algorithms/RDEx/RDEx_D30_F29.txt,exact_sha256_match,1,
L-SRTDE,1,data/L-SRTDE/L-SRTDE_F1_D30.txt,e55e50cfecfeb9ae858e3846ab6d20ff56812fff6735e55006d85dc480bb5412,archives/official/CEC2026-SOP竞赛.zip,CEC2026-SOP竞赛/Submission results IEEE UCOPs CEC 2026/Submission results IEEE UCOPs CEC 2026/Compared algorithms/L-SRTDE/L-SRTDE_F1_D30.txt,exact_sha256_match,1,
L-SRTDE,2,data/L-SRTDE/L-SRTDE_F2_D30.txt,0df6e2d8b6f610201d1666487e409d5b43d5c06deee0b6c07f4e9e00b2e7a161,archives/official/CEC2026-SOP竞赛.zip,CEC2026-SOP竞赛/Submission results IEEE UCOPs CEC 2026/Submission results IEEE UCOPs CEC 2026/Compared algorithms/L-SRTDE/L-SRTDE_F2_D30.txt,exact_sha256_match,1,
L-SRTDE,3,data/L-SRTDE/L-SRTDE_F3_D30.txt,b5877fee1f3fad993bf7885648b235af7a6c1a5152ab4788155921fcd09a33a2,archives/official/CEC2026-SOP竞赛.zip,CEC2026-SOP竞赛/Submission results IEEE UCOPs CEC 2026/Submission results IEEE UCOPs CEC 2026/Compared algorithms/L-SRTDE/L-SRTDE_F3_D30.txt,exact_sha256_match,1,
L-SRTDE,4,data/L-SRTDE/L-SRTDE_F4_D30.txt,8d2caac2a56a6e2c57b78f275fad60f8d6aefbc26a3be93eb3162ab945dc8399,archives/official/CEC2026-SOP竞赛.zip,CEC2026-SOP竞赛/Submission results IEEE UCOPs CEC 2026/Submission results IEEE UCOPs CEC 2026/Compared algorithms/L-SRTDE/L-SRTDE_F4_D30.txt,exact_sha256_match,1,
L-SRTDE,5,data/L-SRTDE/L-SRTDE_F5_D30.txt,7fc3f3ea6f6b2914c8dfbef66bda7adb0e7195c5a83ef52804e0a740a1ceb0ed,archives/official/CEC2026-SOP竞赛.zip,CEC2026-SOP竞赛/Submission results IEEE UCOPs CEC 2026/Submission results IEEE UCOPs CEC 2026/Compared algorithms/L-SRTDE/L-SRTDE_F5_D30.txt,exact_sha256_match,1,
L-SRTDE,6,data/L-SRTDE/L-SRTDE_F6_D30.txt,7063f749b8db410ec969090807c816695955494365020c406073747d4ca2c55a,archives/official/CEC2026-SOP竞赛.zip,CEC2026-SOP竞赛/Submission results IEEE UCOPs CEC 2026/Submission results IEEE UCOPs CEC 2026/Compared algorithms/L-SRTDE/L-SRTDE_F6_D30.txt,exact_sha256_match,1,
L-SRTDE,7,data/L-SRTDE/L-SRTDE_F7_D30.txt,7b45867b4cc1306b868ca19c50092d55dae83aedfb30e4a526256f0ef3e9f6af,archives/official/CEC2026-SOP竞赛.zip,CEC2026-SOP竞赛/Submission results IEEE UCOPs CEC 2026/Submission results IEEE UCOPs CEC 2026/Compared algorithms/L-SRTDE/L-SRTDE_F7_D30.txt,exact_sha256_match,1,
L-SRTDE,8,data/L-SRTDE/L-SRTDE_F8_D30.txt,f1a41a5e3141ea5176466d8924dc954e2df97fa6bab0bc2f5febc08060825e6f,archives/official/CEC2026-SOP竞赛.zip,CEC2026-SOP竞赛/Submission results IEEE UCOPs CEC 2026/Submission results IEEE UCOPs CEC 2026/Compared algorithms/L-SRTDE/L-SRTDE_F8_D30.txt,exact_sha256_match,1,
L-SRTDE,9,data/L-SRTDE/L-SRTDE_F9_D30.txt,0d755a3f6d2384cde013adbb98a3cad7f4b8997ee64c170e32aade4019839db0,archives/official/CEC2026-SOP竞赛.zip,CEC2026-SOP竞赛/Submission results IEEE UCOPs CEC 2026/Submission results IEEE UCOPs CEC 2026/Compared algorithms/L-SRTDE/L-SRTDE_F9_D30.txt,exact_sha256_match,1,
L-SRTDE,10,data/L-SRTDE/L-SRTDE_F10_D30.txt,c3d7e09a2c7c9edfa161fb04217a9f5df03bcc8a4ca3bf443742eff147bec858,archives/official/CEC2026-SOP竞赛.zip,CEC2026-SOP竞赛/Submission results IEEE UCOPs CEC 2026/Submission results IEEE UCOPs CEC 2026/Compared algorithms/L-SRTDE/L-SRTDE_F10_D30.txt,exact_sha256_match,1,
L-SRTDE,11,data/L-SRTDE/L-SRTDE_F11_D30.txt,284b40d704a5d4d4c722d487505f7c928c8049d28bbe7182871df1ed8c4cb1f3,archives/official/CEC2026-SOP竞赛.zip,CEC2026-SOP竞赛/Submission results IEEE UCOPs CEC 2026/Submission results IEEE UCOPs CEC 2026/Compared algorithms/L-SRTDE/L-SRTDE_F11_D30.txt,exact_sha256_match,1,
L-SRTDE,12,data/L-SRTDE/L-SRTDE_F12_D30.txt,32d7ffd49b1825992625a57baef7ebb86f3a234e2ddedc407590a220dc9fd975,archives/official/CEC2026-SOP竞赛.zip,CEC2026-SOP竞赛/Submission results IEEE UCOPs CEC 2026/Submission results IEEE UCOPs CEC 2026/Compared algorithms/L-SRTDE/L-SRTDE_F12_D30.txt,exact_sha256_match,1,
L-SRTDE,13,data/L-SRTDE/L-SRTDE_F13_D30.txt,5a89fec0456575d8fef732de384dfb842fe2ca78a214f3271f28ac5b0337bdb2,archives/official/CEC2026-SOP竞赛.zip,CEC2026-SOP竞赛/Submission results IEEE UCOPs CEC 2026/Submission results IEEE UCOPs CEC 2026/Compared algorithms/L-SRTDE/L-SRTDE_F13_D30.txt,exact_sha256_match,1,
L-SRTDE,14,data/L-SRTDE/L-SRTDE_F14_D30.txt,5260dc3f062f31a8b3f8aa9591811e7c997fdc36ec2a4767acefda0eec9e8c03,archives/official/CEC2026-SOP竞赛.zip,CEC2026-SOP竞赛/Submission results IEEE UCOPs CEC 2026/Submission results IEEE UCOPs CEC 2026/Compared algorithms/L-SRTDE/L-SRTDE_F14_D30.txt,exact_sha256_match,1,
L-SRTDE,15,data/L-SRTDE/L-SRTDE_F15_D30.txt,40f73865662a7f39f5fa80f8f7000c4f6c0ae4b0d6e839f1db033b0f7bb61973,archives/official/CEC2026-SOP竞赛.zip,CEC2026-SOP竞赛/Submission results IEEE UCOPs CEC 2026/Submission results IEEE UCOPs CEC 2026/Compared algorithms/L-SRTDE/L-SRTDE_F15_D30.txt,exact_sha256_match,1,
L-SRTDE,16,data/L-SRTDE/L-SRTDE_F16_D30.txt,1a833ce0d862729baccfcd0c984eb1b00058c293d098b3485d07588bbe6506cb,archives/official/CEC2026-SOP竞赛.zip,CEC2026-SOP竞赛/Submission results IEEE UCOPs CEC 2026/Submission results IEEE UCOPs CEC 2026/Compared algorithms/L-SRTDE/L-SRTDE_F16_D30.txt,exact_sha256_match,1,
L-SRTDE,17,data/L-SRTDE/L-SRTDE_F17_D30.txt,200bfe6bb1ad96c396585f6a735111e4cae0bb53fd5c232eb6228dc74ed6db14,archives/official/CEC2026-SOP竞赛.zip,CEC2026-SOP竞赛/Submission results IEEE UCOPs CEC 2026/Submission results IEEE UCOPs CEC 2026/Compared algorithms/L-SRTDE/L-SRTDE_F17_D30.txt,exact_sha256_match,1,
L-SRTDE,18,data/L-SRTDE/L-SRTDE_F18_D30.txt,119d60e6238fb12fede488957cd5c29b1c4a1eebf15d689c655ffe5fcb5bcba9,archives/official/CEC2026-SOP竞赛.zip,CEC2026-SOP竞赛/Submission results IEEE UCOPs CEC 2026/Submission results IEEE UCOPs CEC 2026/Compared algorithms/L-SRTDE/L-SRTDE_F18_D30.txt,exact_sha256_match,1,
L-SRTDE,19,data/L-SRTDE/L-SRTDE_F19_D30.txt,bd8d772b33e4dd376ee2d4e5e410c8bab07353ff416e7f96ff10029fcef08a8d,archives/official/CEC2026-SOP竞赛.zip,CEC2026-SOP竞赛/Submission results IEEE UCOPs CEC 2026/Submission results IEEE UCOPs CEC 2026/Compared algorithms/L-SRTDE/L-SRTDE_F19_D30.txt,exact_sha256_match,1,
L-SRTDE,20,data/L-SRTDE/L-SRTDE_F20_D30.txt,32f9a9e5788074ac67d2775ceae0f8f485bf1c400519160b3ebabf32c154782f,archives/official/CEC2026-SOP竞赛.zip,CEC2026-SOP竞赛/Submission results IEEE UCOPs CEC 2026/Submission results IEEE UCOPs CEC 2026/Compared algorithms/L-SRTDE/L-SRTDE_F20_D30.txt,exact_sha256_match,1,
L-SRTDE,21,data/L-SRTDE/L-SRTDE_F21_D30.txt,946076bd069a9d5880b0c768a43d5264a36149da51ca2335bfc37645da153439,archives/official/CEC2026-SOP竞赛.zip,CEC2026-SOP竞赛/Submission results IEEE UCOPs CEC 2026/Submission results IEEE UCOPs CEC 2026/Compared algorithms/L-SRTDE/L-SRTDE_F21_D30.txt,exact_sha256_match,1,
L-SRTDE,22,data/L-SRTDE/L-SRTDE_F22_D30.txt,bdbef99cea14604ec00ca12e7391b2f513f3c17a8649805717989253bac3b297,archives/official/CEC2026-SOP竞赛.zip,CEC2026-SOP竞赛/Submission results IEEE UCOPs CEC 2026/Submission results IEEE UCOPs CEC 2026/Compared algorithms/L-SRTDE/L-SRTDE_F22_D30.txt,exact_sha256_match,1,
L-SRTDE,23,data/L-SRTDE/L-SRTDE_F23_D30.txt,575c57c1afc4754f67332c94faa474055e65238c658f08a3bac9f7d192caaeac,archives/official/CEC2026-SOP竞赛.zip,CEC2026-SOP竞赛/Submission results IEEE UCOPs CEC 2026/Submission results IEEE UCOPs CEC 2026/Compared algorithms/L-SRTDE/L-SRTDE_F23_D30.txt,exact_sha256_match,1,
L-SRTDE,24,data/L-SRTDE/L-SRTDE_F24_D30.txt,a719a2ae0ecb26c03dabe78fd4764e90e863c04171b7d1ae509defabc166fe56,archives/official/CEC2026-SOP竞赛.zip,CEC2026-SOP竞赛/Submission results IEEE UCOPs CEC 2026/Submission results IEEE UCOPs CEC 2026/Compared algorithms/L-SRTDE/L-SRTDE_F24_D30.txt,exact_sha256_match,1,
L-SRTDE,25,data/L-SRTDE/L-SRTDE_F25_D30.txt,da42375f1edf0959b4489d8590cc33212873c2c8a9aca1540c9924c73c98e380,archives/official/CEC2026-SOP竞赛.zip,CEC2026-SOP竞赛/Submission results IEEE UCOPs CEC 2026/Submission results IEEE UCOPs CEC 2026/Compared algorithms/L-SRTDE/L-SRTDE_F25_D30.txt,exact_sha256_match,1,
L-SRTDE,26,data/L-SRTDE/L-SRTDE_F26_D30.txt,39f9eb7d4da386cacb3ebd6d171073fffc0a944a5b9e73a350e3474a9f935261,archives/official/CEC2026-SOP竞赛.zip,CEC2026-SOP竞赛/Submission results IEEE UCOPs CEC 2026/Submission results IEEE UCOPs CEC 2026/Compared algorithms/L-SRTDE/L-SRTDE_F26_D30.txt,exact_sha256_match,1,
L-SRTDE,27,data/L-SRTDE/L-SRTDE_F27_D30.txt,75d8161870243e233eab958a998100f8414279c295f4b0cd1d567534e6d40baa,archives/official/CEC2026-SOP竞赛.zip,CEC2026-SOP竞赛/Submission results IEEE UCOPs CEC 2026/Submission results IEEE UCOPs CEC 2026/Compared algorithms/L-SRTDE/L-SRTDE_F27_D30.txt,exact_sha256_match,1,
L-SRTDE,28,data/L-SRTDE/L-SRTDE_F28_D30.txt,932d29e14bbc505ce97254add41bd7a1cb07fa4000e6b39fe330a500ac26e1a9,archives/official/CEC2026-SOP竞赛.zip,CEC2026-SOP竞赛/Submission results IEEE UCOPs CEC 2026/Submission results IEEE UCOPs CEC 2026/Compared algorithms/L-SRTDE/L-SRTDE_F28_D30.txt,exact_sha256_match,1,
L-SRTDE,29,data/L-SRTDE/L-SRTDE_F29_D30.txt,f7c5966c9c733bd3bfa113d68f76879f9d190a3d852f515cc402758d8d5a8ef2,archives/official/CEC2026-SOP竞赛.zip,CEC2026-SOP竞赛/Submission results IEEE UCOPs CEC 2026/Submission results IEEE UCOPs CEC 2026/Compared algorithms/L-SRTDE/L-SRTDE_F29_D30.txt,exact_sha256_match,1,
rcmaes,1,data/rcmaes/cec_pap488_F1_Min_EV.txt,6ed1df558d31ae3931116f18ad5a1b5735a23410cc84c9026241cf84ba708bb3,archives/official/CEC2026-SOP竞赛.zip,CEC2026-SOP竞赛/Submission results IEEE UCOPs CEC 2026/Submission results IEEE UCOPs CEC 2026/Compared algorithms/rcmaes(Khoirul Faiq Muzakka)/rcmaes/results/cec_pap488_F1_Min_EV.txt,exact_sha256_match,2,
rcmaes,2,data/rcmaes/cec_pap488_F2_Min_EV.txt,ca41e2ac0a1a0f6bb5c25f9b422f1dae440d3e09739563d90c5b6acd17a45018,archives/official/CEC2026-SOP竞赛.zip,CEC2026-SOP竞赛/Submission results IEEE UCOPs CEC 2026/Submission results IEEE UCOPs CEC 2026/Compared algorithms/rcmaes(Khoirul Faiq Muzakka)/rcmaes/results/cec_pap488_F2_Min_EV.txt,exact_sha256_match,2,
rcmaes,3,data/rcmaes/cec_pap488_F3_Min_EV.txt,b0a68aa11916ddaca1ed00b80a9c031c60923ac604ed63fc54216a5392b1a9af,archives/official/CEC2026-SOP竞赛.zip,CEC2026-SOP竞赛/Submission results IEEE UCOPs CEC 2026/Submission results IEEE UCOPs CEC 2026/Compared algorithms/rcmaes(Khoirul Faiq Muzakka)/rcmaes/results/cec_pap488_F3_Min_EV.txt,exact_sha256_match,2,
rcmaes,4,data/rcmaes/cec_pap488_F4_Min_EV.txt,1fc8faa58f120aa7bfcc02dca3885a84e675a3a2b15d6a19e12e23629b467a51,archives/official/CEC2026-SOP竞赛.zip,CEC2026-SOP竞赛/Submission results IEEE UCOPs CEC 2026/Submission results IEEE UCOPs CEC 2026/Compared algorithms/rcmaes(Khoirul Faiq Muzakka)/rcmaes/results/cec_pap488_F4_Min_EV.txt,exact_sha256_match,2,
rcmaes,5,data/rcmaes/cec_pap488_F5_Min_EV.txt,2c5272ac097a0ab41bd94acb5e0111017dd9e1870494f3653e589302038fcb5f,archives/official/CEC2026-SOP竞赛.zip,CEC2026-SOP竞赛/Submission results IEEE UCOPs CEC 2026/Submission results IEEE UCOPs CEC 2026/Compared algorithms/rcmaes(Khoirul Faiq Muzakka)/rcmaes/results/cec_pap488_F5_Min_EV.txt,exact_sha256_match,2,
rcmaes,6,data/rcmaes/cec_pap488_F6_Min_EV.txt,4b824e94e3f4ca7dde4926bc72f8d071a96ae628220ed24705d769e4f5cb5435,archives/official/CEC2026-SOP竞赛.zip,CEC2026-SOP竞赛/Submission results IEEE UCOPs CEC 2026/Submission results IEEE UCOPs CEC 2026/Compared algorithms/rcmaes(Khoirul Faiq Muzakka)/rcmaes/results/cec_pap488_F6_Min_EV.txt,exact_sha256_match,2,
rcmaes,7,data/rcmaes/cec_pap488_F7_Min_EV.txt,5801fcb4245575374607ad60c81d87e3bcbe9458c59fd6abb02ad8ce7d6c8c53,archives/official/CEC2026-SOP竞赛.zip,CEC2026-SOP竞赛/Submission results IEEE UCOPs CEC 2026/Submission results IEEE UCOPs CEC 2026/Compared algorithms/rcmaes(Khoirul Faiq Muzakka)/rcmaes/results/cec_pap488_F7_Min_EV.txt,exact_sha256_match,2,
rcmaes,8,data/rcmaes/cec_pap488_F8_Min_EV.txt,6abd653c8bcfa1ec8e9d1a7ee3f93f855cfaa07ad4e11e5ec43fd43800a79d52,archives/official/CEC2026-SOP竞赛.zip,CEC2026-SOP竞赛/Submission results IEEE UCOPs CEC 2026/Submission results IEEE UCOPs CEC 2026/Compared algorithms/rcmaes(Khoirul Faiq Muzakka)/rcmaes/results/cec_pap488_F8_Min_EV.txt,exact_sha256_match,2,
rcmaes,9,data/rcmaes/cec_pap488_F9_Min_EV.txt,b1dc61384fdf2e81496f59e4ac9f19e179bfe5a2b8210bb990ea3f943d403426,archives/official/CEC2026-SOP竞赛.zip,CEC2026-SOP竞赛/Submission results IEEE UCOPs CEC 2026/Submission results IEEE UCOPs CEC 2026/Compared algorithms/rcmaes(Khoirul Faiq Muzakka)/rcmaes/results/cec_pap488_F9_Min_EV.txt,exact_sha256_match,2,
rcmaes,10,data/rcmaes/cec_pap488_F10_Min_EV.txt,c3979d95408f781dfcac3d536d8d1e72deb10668595cc4944def9de5cd498cc5,archives/official/CEC2026-SOP竞赛.zip,CEC2026-SOP竞赛/Submission results IEEE UCOPs CEC 2026/Submission results IEEE UCOPs CEC 2026/Compared algorithms/rcmaes(Khoirul Faiq Muzakka)/rcmaes/results/cec_pap488_F10_Min_EV.txt,exact_sha256_match,2,
rcmaes,11,data/rcmaes/cec_pap488_F11_Min_EV.txt,526f09d2ac0dde167b344a2bafa7f14757ca5b526e27f656cc9e6f6928c125f0,archives/official/CEC2026-SOP竞赛.zip,CEC2026-SOP竞赛/Submission results IEEE UCOPs CEC 2026/Submission results IEEE UCOPs CEC 2026/Compared algorithms/rcmaes(Khoirul Faiq Muzakka)/rcmaes/results/cec_pap488_F11_Min_EV.txt,exact_sha256_match,2,
rcmaes,12,data/rcmaes/cec_pap488_F12_Min_EV.txt,d1600d24633f25286293c71aea0a67f27bd4af27c5164a2172281a91a8359baf,archives/official/CEC2026-SOP竞赛.zip,CEC2026-SOP竞赛/Submission results IEEE UCOPs CEC 2026/Submission results IEEE UCOPs CEC 2026/Compared algorithms/rcmaes(Khoirul Faiq Muzakka)/rcmaes/results/cec_pap488_F12_Min_EV.txt,exact_sha256_match,2,
rcmaes,13,data/rcmaes/cec_pap488_F13_Min_EV.txt,7e3da148c063d12e006171b7a8c6cca5843439e84d97e9bf5425b383c3ad6220,archives/official/CEC2026-SOP竞赛.zip,CEC2026-SOP竞赛/Submission results IEEE UCOPs CEC 2026/Submission results IEEE UCOPs CEC 2026/Compared algorithms/rcmaes(Khoirul Faiq Muzakka)/rcmaes/results/cec_pap488_F13_Min_EV.txt,exact_sha256_match,2,
rcmaes,14,data/rcmaes/cec_pap488_F14_Min_EV.txt,86f3c5ac48397a2be1daedef048ddfceac3c8dfb54ebba7b009f1ec27c799517,archives/official/CEC2026-SOP竞赛.zip,CEC2026-SOP竞赛/Submission results IEEE UCOPs CEC 2026/Submission results IEEE UCOPs CEC 2026/Compared algorithms/rcmaes(Khoirul Faiq Muzakka)/rcmaes/results/cec_pap488_F14_Min_EV.txt,exact_sha256_match,2,
rcmaes,15,data/rcmaes/cec_pap488_F15_Min_EV.txt,d16bf2b34ad47382caaa1744b458d33a0ebacf171f9f3d206c77a4de14471fc0,archives/official/CEC2026-SOP竞赛.zip,CEC2026-SOP竞赛/Submission results IEEE UCOPs CEC 2026/Submission results IEEE UCOPs CEC 2026/Compared algorithms/rcmaes(Khoirul Faiq Muzakka)/rcmaes/results/cec_pap488_F15_Min_EV.txt,exact_sha256_match,2,
rcmaes,16,data/rcmaes/cec_pap488_F16_Min_EV.txt,591423c81c873942513fb645c40c03aa8a4b6c31c2d898ae6b45b0c9b07e9c65,archives/official/CEC2026-SOP竞赛.zip,CEC2026-SOP竞赛/Submission results IEEE UCOPs CEC 2026/Submission results IEEE UCOPs CEC 2026/Compared algorithms/rcmaes(Khoirul Faiq Muzakka)/rcmaes/results/cec_pap488_F16_Min_EV.txt,exact_sha256_match,2,
rcmaes,17,data/rcmaes/cec_pap488_F17_Min_EV.txt,457ab0a0679f777a561654ddd166d018a3d34057462384fe3d495629634c07cf,archives/official/CEC2026-SOP竞赛.zip,CEC2026-SOP竞赛/Submission results IEEE UCOPs CEC 2026/Submission results IEEE UCOPs CEC 2026/Compared algorithms/rcmaes(Khoirul Faiq Muzakka)/rcmaes/results/cec_pap488_F17_Min_EV.txt,exact_sha256_match,2,
rcmaes,18,data/rcmaes/cec_pap488_F18_Min_EV.txt,b1c8492e041bb12741a710e9075c087f6eb3eee352e2a720e3715940e383cc55,archives/official/CEC2026-SOP竞赛.zip,CEC2026-SOP竞赛/Submission results IEEE UCOPs CEC 2026/Submission results IEEE UCOPs CEC 2026/Compared algorithms/rcmaes(Khoirul Faiq Muzakka)/rcmaes/results/cec_pap488_F18_Min_EV.txt,exact_sha256_match,2,
rcmaes,19,data/rcmaes/cec_pap488_F19_Min_EV.txt,ff73d5e6c63686a09f6cf0b1ca491b7a710eeeb322928cb94e620a9ac2f8c620,archives/official/CEC2026-SOP竞赛.zip,CEC2026-SOP竞赛/Submission results IEEE UCOPs CEC 2026/Submission results IEEE UCOPs CEC 2026/Compared algorithms/rcmaes(Khoirul Faiq Muzakka)/rcmaes/results/cec_pap488_F19_Min_EV.txt,exact_sha256_match,2,
rcmaes,20,data/rcmaes/cec_pap488_F20_Min_EV.txt,7c6b0c545e4b1b13999d63986c1d385a53770dd14b50f022a8df62cad70c0a45,archives/official/CEC2026-SOP竞赛.zip,CEC2026-SOP竞赛/Submission results IEEE UCOPs CEC 2026/Submission results IEEE UCOPs CEC 2026/Compared algorithms/rcmaes(Khoirul Faiq Muzakka)/rcmaes/results/cec_pap488_F20_Min_EV.txt,exact_sha256_match,2,
rcmaes,21,data/rcmaes/cec_pap488_F21_Min_EV.txt,9ce9dbfb2b4fa485616c67c685a90ea08838bd1cce90c558559877c5419a540e,archives/official/CEC2026-SOP竞赛.zip,CEC2026-SOP竞赛/Submission results IEEE UCOPs CEC 2026/Submission results IEEE UCOPs CEC 2026/Compared algorithms/rcmaes(Khoirul Faiq Muzakka)/rcmaes/results/cec_pap488_F21_Min_EV.txt,exact_sha256_match,2,
rcmaes,22,data/rcmaes/cec_pap488_F22_Min_EV.txt,f38faf35e5200c17de72397a22e8308213ecb3fcb83369fb28ae888adbc5b91f,archives/official/CEC2026-SOP竞赛.zip,CEC2026-SOP竞赛/Submission results IEEE UCOPs CEC 2026/Submission results IEEE UCOPs CEC 2026/Compared algorithms/rcmaes(Khoirul Faiq Muzakka)/rcmaes/results/cec_pap488_F22_Min_EV.txt,exact_sha256_match,2,
rcmaes,23,data/rcmaes/cec_pap488_F23_Min_EV.txt,8f7db1ca159f2dbe9cc2e380359c1a8c82a06c5c761048123f03092068fa9d6e,archives/official/CEC2026-SOP竞赛.zip,CEC2026-SOP竞赛/Submission results IEEE UCOPs CEC 2026/Submission results IEEE UCOPs CEC 2026/Compared algorithms/rcmaes(Khoirul Faiq Muzakka)/rcmaes/results/cec_pap488_F23_Min_EV.txt,exact_sha256_match,2,
rcmaes,24,data/rcmaes/cec_pap488_F24_Min_EV.txt,652034c9d3b93d5d3acbf136a35ce7b525f1916e397aa9a79e8a0ce5601a600a,archives/official/CEC2026-SOP竞赛.zip,CEC2026-SOP竞赛/Submission results IEEE UCOPs CEC 2026/Submission results IEEE UCOPs CEC 2026/Compared algorithms/rcmaes(Khoirul Faiq Muzakka)/rcmaes/results/cec_pap488_F24_Min_EV.txt,exact_sha256_match,2,
rcmaes,25,data/rcmaes/cec_pap488_F25_Min_EV.txt,d5fcef675a43694b62a8e47c84020e0657a5e4c709f3e48e1ac4ac6d5fb9fe49,archives/official/CEC2026-SOP竞赛.zip,CEC2026-SOP竞赛/Submission results IEEE UCOPs CEC 2026/Submission results IEEE UCOPs CEC 2026/Compared algorithms/rcmaes(Khoirul Faiq Muzakka)/rcmaes/results/cec_pap488_F25_Min_EV.txt,exact_sha256_match,2,
rcmaes,26,data/rcmaes/cec_pap488_F26_Min_EV.txt,2e23ccf9837daa22d1824d2e23b883ba2ad5e0e2d395fdeeb6abf71726cd97a0,archives/official/CEC2026-SOP竞赛.zip,CEC2026-SOP竞赛/Submission results IEEE UCOPs CEC 2026/Submission results IEEE UCOPs CEC 2026/Compared algorithms/rcmaes(Khoirul Faiq Muzakka)/rcmaes/results/cec_pap488_F26_Min_EV.txt,exact_sha256_match,2,
rcmaes,27,data/rcmaes/cec_pap488_F27_Min_EV.txt,c9a27d9dc326b6bc4edea4acb8ef588b94a607cadcceca1548aa4004a567ea3f,archives/official/CEC2026-SOP竞赛.zip,CEC2026-SOP竞赛/Submission results IEEE UCOPs CEC 2026/Submission results IEEE UCOPs CEC 2026/Compared algorithms/rcmaes(Khoirul Faiq Muzakka)/rcmaes/results/cec_pap488_F27_Min_EV.txt,exact_sha256_match,2,
rcmaes,28,data/rcmaes/cec_pap488_F28_Min_EV.txt,cdabc3c912b121b3a5020a3bbeab1f9c944b68c29ad4c6f13500b64a9f930e30,archives/official/CEC2026-SOP竞赛.zip,CEC2026-SOP竞赛/Submission results IEEE UCOPs CEC 2026/Submission results IEEE UCOPs CEC 2026/Compared algorithms/rcmaes(Khoirul Faiq Muzakka)/rcmaes/results/cec_pap488_F28_Min_EV.txt,exact_sha256_match,2,
rcmaes,29,data/rcmaes/cec_pap488_F29_Min_EV.txt,b76e318afac9864953acf97bae6465301b8a49cb49f7af7dbca376035bae2299,archives/official/CEC2026-SOP竞赛.zip,CEC2026-SOP竞赛/Submission results IEEE UCOPs CEC 2026/Submission results IEEE UCOPs CEC 2026/Compared algorithms/rcmaes(Khoirul Faiq Muzakka)/rcmaes/results/cec_pap488_F29_Min_EV.txt,exact_sha256_match,2,
R-CMA-ES,1,data/R-CMA-ES/R-CMA-ES_F1_Min_EV.mat,f1f3c2d268d489e02db991ac0bf103391e4aecce560c05a56029419eb12177db,archives/official/CEC2026-SOP竞赛.zip,CEC2026-SOP竞赛/Submission results IEEE UCOPs CEC 2026/Submission results IEEE UCOPs CEC 2026/Compared algorithms/R-CMA-ES(Adam Stelmaszczyk-Warsaw University of Technology)/R-CMA-ES/R-CMA-ES_F1_Min_EV.mat,exact_sha256_match,2,
R-CMA-ES,2,data/R-CMA-ES/R-CMA-ES_F2_Min_EV.mat,53e1c82bd8ccc6ffc102bb8e5dff055302da9e831da82abb0c77a1bdbeab5b99,archives/official/CEC2026-SOP竞赛.zip,CEC2026-SOP竞赛/Submission results IEEE UCOPs CEC 2026/Submission results IEEE UCOPs CEC 2026/Compared algorithms/R-CMA-ES(Adam Stelmaszczyk-Warsaw University of Technology)/R-CMA-ES/R-CMA-ES_F2_Min_EV.mat,exact_sha256_match,2,
R-CMA-ES,3,data/R-CMA-ES/R-CMA-ES_F3_Min_EV.mat,1364ffccd527c24a92b3af7fd6c8aaef4c37af0a872093ba1a19e5f66a533e5e,archives/official/CEC2026-SOP竞赛.zip,CEC2026-SOP竞赛/Submission results IEEE UCOPs CEC 2026/Submission results IEEE UCOPs CEC 2026/Compared algorithms/R-CMA-ES(Adam Stelmaszczyk-Warsaw University of Technology)/R-CMA-ES/R-CMA-ES_F3_Min_EV.mat,exact_sha256_match,2,
R-CMA-ES,4,data/R-CMA-ES/R-CMA-ES_F4_Min_EV.mat,1395a80e1ade0eb3104d13c7117369dedb7f4f367a6404357c0f4a985aa4c752,archives/official/CEC2026-SOP竞赛.zip,CEC2026-SOP竞赛/Submission results IEEE UCOPs CEC 2026/Submission results IEEE UCOPs CEC 2026/Compared algorithms/R-CMA-ES(Adam Stelmaszczyk-Warsaw University of Technology)/R-CMA-ES/R-CMA-ES_F4_Min_EV.mat,exact_sha256_match,2,
R-CMA-ES,5,data/R-CMA-ES/R-CMA-ES_F5_Min_EV.mat,e10014f99daa07417df1f6c263fd657daabfab5c8636e859e251a09d201f7294,archives/official/CEC2026-SOP竞赛.zip,CEC2026-SOP竞赛/Submission results IEEE UCOPs CEC 2026/Submission results IEEE UCOPs CEC 2026/Compared algorithms/R-CMA-ES(Adam Stelmaszczyk-Warsaw University of Technology)/R-CMA-ES/R-CMA-ES_F5_Min_EV.mat,exact_sha256_match,2,
R-CMA-ES,6,data/R-CMA-ES/R-CMA-ES_F6_Min_EV.mat,c66f9fc513c5fc8232d422fba24956366f0e1d7c3bf19239fbcde44f3a20d5ba,archives/official/CEC2026-SOP竞赛.zip,CEC2026-SOP竞赛/Submission results IEEE UCOPs CEC 2026/Submission results IEEE UCOPs CEC 2026/Compared algorithms/R-CMA-ES(Adam Stelmaszczyk-Warsaw University of Technology)/R-CMA-ES/R-CMA-ES_F6_Min_EV.mat,exact_sha256_match,2,
R-CMA-ES,7,data/R-CMA-ES/R-CMA-ES_F7_Min_EV.mat,4e2897f494d662e0f684cb837f42a8baa278b647f8380efe1e4c6282d2a41d7d,archives/official/CEC2026-SOP竞赛.zip,CEC2026-SOP竞赛/Submission results IEEE UCOPs CEC 2026/Submission results IEEE UCOPs CEC 2026/Compared algorithms/R-CMA-ES(Adam Stelmaszczyk-Warsaw University of Technology)/R-CMA-ES/R-CMA-ES_F7_Min_EV.mat,exact_sha256_match,2,
R-CMA-ES,8,data/R-CMA-ES/R-CMA-ES_F8_Min_EV.mat,28abcaa2b9a33dc31448fdeee730558738683b09e52d489f57093a16542c72e9,archives/official/CEC2026-SOP竞赛.zip,CEC2026-SOP竞赛/Submission results IEEE UCOPs CEC 2026/Submission results IEEE UCOPs CEC 2026/Compared algorithms/R-CMA-ES(Adam Stelmaszczyk-Warsaw University of Technology)/R-CMA-ES/R-CMA-ES_F8_Min_EV.mat,exact_sha256_match,2,
R-CMA-ES,9,data/R-CMA-ES/R-CMA-ES_F9_Min_EV.mat,aafb6338ca8577147710473a3a024553d14d61a8889bb6d606aecb6cdef0b4df,archives/official/CEC2026-SOP竞赛.zip,CEC2026-SOP竞赛/Submission results IEEE UCOPs CEC 2026/Submission results IEEE UCOPs CEC 2026/Compared algorithms/R-CMA-ES(Adam Stelmaszczyk-Warsaw University of Technology)/R-CMA-ES/R-CMA-ES_F9_Min_EV.mat,exact_sha256_match,2,
R-CMA-ES,10,data/R-CMA-ES/R-CMA-ES_F10_Min_EV.mat,ba868b102af40c71c0ff4bd775854e7764437be45645ea6914ff5c22682a21d5,archives/official/CEC2026-SOP竞赛.zip,CEC2026-SOP竞赛/Submission results IEEE UCOPs CEC 2026/Submission results IEEE UCOPs CEC 2026/Compared algorithms/R-CMA-ES(Adam Stelmaszczyk-Warsaw University of Technology)/R-CMA-ES/R-CMA-ES_F10_Min_EV.mat,exact_sha256_match,2,
R-CMA-ES,11,data/R-CMA-ES/R-CMA-ES_F11_Min_EV.mat,1669a0069af1b29737a2b42fa249ef51a2d0a328de2e9309f4a9a77641441e7e,archives/official/CEC2026-SOP竞赛.zip,CEC2026-SOP竞赛/Submission results IEEE UCOPs CEC 2026/Submission results IEEE UCOPs CEC 2026/Compared algorithms/R-CMA-ES(Adam Stelmaszczyk-Warsaw University of Technology)/R-CMA-ES/R-CMA-ES_F11_Min_EV.mat,exact_sha256_match,2,
R-CMA-ES,12,data/R-CMA-ES/R-CMA-ES_F12_Min_EV.mat,8828e83bf8bfc260b227bd410d7c589af8121ef4885dcaa916ef1a004885c994,archives/official/CEC2026-SOP竞赛.zip,CEC2026-SOP竞赛/Submission results IEEE UCOPs CEC 2026/Submission results IEEE UCOPs CEC 2026/Compared algorithms/R-CMA-ES(Adam Stelmaszczyk-Warsaw University of Technology)/R-CMA-ES/R-CMA-ES_F12_Min_EV.mat,exact_sha256_match,2,
R-CMA-ES,13,data/R-CMA-ES/R-CMA-ES_F13_Min_EV.mat,591b46265ec1a0aeb8047f041c7be3b29a729859a3970e4b1ae5be1ab9c9508e,archives/official/CEC2026-SOP竞赛.zip,CEC2026-SOP竞赛/Submission results IEEE UCOPs CEC 2026/Submission results IEEE UCOPs CEC 2026/Compared algorithms/R-CMA-ES(Adam Stelmaszczyk-Warsaw University of Technology)/R-CMA-ES/R-CMA-ES_F13_Min_EV.mat,exact_sha256_match,2,
R-CMA-ES,14,data/R-CMA-ES/R-CMA-ES_F14_Min_EV.mat,2460db15cf6e49ffe8663cf9dc8ddc4ca9207ceb46ddf7fcaa46805ae1c225e2,archives/official/CEC2026-SOP竞赛.zip,CEC2026-SOP竞赛/Submission results IEEE UCOPs CEC 2026/Submission results IEEE UCOPs CEC 2026/Compared algorithms/R-CMA-ES(Adam Stelmaszczyk-Warsaw University of Technology)/R-CMA-ES/R-CMA-ES_F14_Min_EV.mat,exact_sha256_match,2,
R-CMA-ES,15,data/R-CMA-ES/R-CMA-ES_F15_Min_EV.mat,62827ed94ad25fb411372d9ce2d483af5ad4e19f9b6a2ec45990c2b1bf6dd620,archives/official/CEC2026-SOP竞赛.zip,CEC2026-SOP竞赛/Submission results IEEE UCOPs CEC 2026/Submission results IEEE UCOPs CEC 2026/Compared algorithms/R-CMA-ES(Adam Stelmaszczyk-Warsaw University of Technology)/R-CMA-ES/R-CMA-ES_F15_Min_EV.mat,exact_sha256_match,2,
R-CMA-ES,16,data/R-CMA-ES/R-CMA-ES_F16_Min_EV.mat,4fdb7c94ffefd39269f9d2a072011987ab6d1ca523dc2f08d15a318b348343ca,archives/official/CEC2026-SOP竞赛.zip,CEC2026-SOP竞赛/Submission results IEEE UCOPs CEC 2026/Submission results IEEE UCOPs CEC 2026/Compared algorithms/R-CMA-ES(Adam Stelmaszczyk-Warsaw University of Technology)/R-CMA-ES/R-CMA-ES_F16_Min_EV.mat,exact_sha256_match,2,
R-CMA-ES,17,data/R-CMA-ES/R-CMA-ES_F17_Min_EV.mat,e819c956aa80cf79892f6c255e72e4945e9a411d0db6d73b3344d176afff9b52,archives/official/CEC2026-SOP竞赛.zip,CEC2026-SOP竞赛/Submission results IEEE UCOPs CEC 2026/Submission results IEEE UCOPs CEC 2026/Compared algorithms/R-CMA-ES(Adam Stelmaszczyk-Warsaw University of Technology)/R-CMA-ES/R-CMA-ES_F17_Min_EV.mat,exact_sha256_match,2,
R-CMA-ES,18,data/R-CMA-ES/R-CMA-ES_F18_Min_EV.mat,50df9f191975ee8772c4540e390886fba00ffea0f570275dd06da8f97eea8202,archives/official/CEC2026-SOP竞赛.zip,CEC2026-SOP竞赛/Submission results IEEE UCOPs CEC 2026/Submission results IEEE UCOPs CEC 2026/Compared algorithms/R-CMA-ES(Adam Stelmaszczyk-Warsaw University of Technology)/R-CMA-ES/R-CMA-ES_F18_Min_EV.mat,exact_sha256_match,2,
R-CMA-ES,19,data/R-CMA-ES/R-CMA-ES_F19_Min_EV.mat,9d87931600a43334217f7a8a17b59aa6ee5c7022406aa3b8b985b3a2fd0f78aa,archives/official/CEC2026-SOP竞赛.zip,CEC2026-SOP竞赛/Submission results IEEE UCOPs CEC 2026/Submission results IEEE UCOPs CEC 2026/Compared algorithms/R-CMA-ES(Adam Stelmaszczyk-Warsaw University of Technology)/R-CMA-ES/R-CMA-ES_F19_Min_EV.mat,exact_sha256_match,2,
R-CMA-ES,20,data/R-CMA-ES/R-CMA-ES_F20_Min_EV.mat,7f2d1a1db3d2cddd0e1794551517c2088bbd976119ed1ed8d5d60980bb44d976,archives/official/CEC2026-SOP竞赛.zip,CEC2026-SOP竞赛/Submission results IEEE UCOPs CEC 2026/Submission results IEEE UCOPs CEC 2026/Compared algorithms/R-CMA-ES(Adam Stelmaszczyk-Warsaw University of Technology)/R-CMA-ES/R-CMA-ES_F20_Min_EV.mat,exact_sha256_match,2,
R-CMA-ES,21,data/R-CMA-ES/R-CMA-ES_F21_Min_EV.mat,ec494e8753fba3b0b031d5aeed96e60ab68406d4e0219b665d950effa6bdfd45,archives/official/CEC2026-SOP竞赛.zip,CEC2026-SOP竞赛/Submission results IEEE UCOPs CEC 2026/Submission results IEEE UCOPs CEC 2026/Compared algorithms/R-CMA-ES(Adam Stelmaszczyk-Warsaw University of Technology)/R-CMA-ES/R-CMA-ES_F21_Min_EV.mat,exact_sha256_match,2,
R-CMA-ES,22,data/R-CMA-ES/R-CMA-ES_F22_Min_EV.mat,93374ef0f6592ea332be570dedbedcc0c49b5b16fe28d2dcbcf240200d9b0b40,archives/official/CEC2026-SOP竞赛.zip,CEC2026-SOP竞赛/Submission results IEEE UCOPs CEC 2026/Submission results IEEE UCOPs CEC 2026/Compared algorithms/R-CMA-ES(Adam Stelmaszczyk-Warsaw University of Technology)/R-CMA-ES/R-CMA-ES_F22_Min_EV.mat,exact_sha256_match,2,
R-CMA-ES,23,data/R-CMA-ES/R-CMA-ES_F23_Min_EV.mat,84f2fa8ca69870b4ed103e71a3ac95f95d7d9a16852c29b0c596a3f134659270,archives/official/CEC2026-SOP竞赛.zip,CEC2026-SOP竞赛/Submission results IEEE UCOPs CEC 2026/Submission results IEEE UCOPs CEC 2026/Compared algorithms/R-CMA-ES(Adam Stelmaszczyk-Warsaw University of Technology)/R-CMA-ES/R-CMA-ES_F23_Min_EV.mat,exact_sha256_match,2,
R-CMA-ES,24,data/R-CMA-ES/R-CMA-ES_F24_Min_EV.mat,e0ae5c14276eebd552b0f762f86b1f011f49b7bc30ccb7c1c66794679349cdaa,archives/official/CEC2026-SOP竞赛.zip,CEC2026-SOP竞赛/Submission results IEEE UCOPs CEC 2026/Submission results IEEE UCOPs CEC 2026/Compared algorithms/R-CMA-ES(Adam Stelmaszczyk-Warsaw University of Technology)/R-CMA-ES/R-CMA-ES_F24_Min_EV.mat,exact_sha256_match,2,
R-CMA-ES,25,data/R-CMA-ES/R-CMA-ES_F25_Min_EV.mat,9c8f9ee17653c589de192a3876b8e253091e941b8f23e76485f8c9d468b397a6,archives/official/CEC2026-SOP竞赛.zip,CEC2026-SOP竞赛/Submission results IEEE UCOPs CEC 2026/Submission results IEEE UCOPs CEC 2026/Compared algorithms/R-CMA-ES(Adam Stelmaszczyk-Warsaw University of Technology)/R-CMA-ES/R-CMA-ES_F25_Min_EV.mat,exact_sha256_match,2,
R-CMA-ES,26,data/R-CMA-ES/R-CMA-ES_F26_Min_EV.mat,7cdc4c3f36c3aac0968b25cc8b75d567105465ab27804d4c938820b469eb35bf,archives/official/CEC2026-SOP竞赛.zip,CEC2026-SOP竞赛/Submission results IEEE UCOPs CEC 2026/Submission results IEEE UCOPs CEC 2026/Compared algorithms/R-CMA-ES(Adam Stelmaszczyk-Warsaw University of Technology)/R-CMA-ES/R-CMA-ES_F26_Min_EV.mat,exact_sha256_match,2,
R-CMA-ES,27,data/R-CMA-ES/R-CMA-ES_F27_Min_EV.mat,f6928119936ee37586075fc86ee256a99bc16b167bfc0fcbc0f63d2d4c5b7a22,archives/official/CEC2026-SOP竞赛.zip,CEC2026-SOP竞赛/Submission results IEEE UCOPs CEC 2026/Submission results IEEE UCOPs CEC 2026/Compared algorithms/R-CMA-ES(Adam Stelmaszczyk-Warsaw University of Technology)/R-CMA-ES/R-CMA-ES_F27_Min_EV.mat,exact_sha256_match,2,
R-CMA-ES,28,data/R-CMA-ES/R-CMA-ES_F28_Min_EV.mat,cc7df1e7a3516278f32af833326f736f05a8d04dcf6264e665b7815559f48324,archives/official/CEC2026-SOP竞赛.zip,CEC2026-SOP竞赛/Submission results IEEE UCOPs CEC 2026/Submission results IEEE UCOPs CEC 2026/Compared algorithms/R-CMA-ES(Adam Stelmaszczyk-Warsaw University of Technology)/R-CMA-ES/R-CMA-ES_F28_Min_EV.mat,exact_sha256_match,2,
R-CMA-ES,29,data/R-CMA-ES/R-CMA-ES_F29_Min_EV.mat,46a1d57c61f700d97c95972613582f5c1f7e7f7577bc7eb040f02d0fc36c9774,archives/official/CEC2026-SOP竞赛.zip,CEC2026-SOP竞赛/Submission results IEEE UCOPs CEC 2026/Submission results IEEE UCOPs CEC 2026/Compared algorithms/R-CMA-ES(Adam Stelmaszczyk-Warsaw University of Technology)/R-CMA-ES/R-CMA-ES_F29_Min_EV.mat,exact_sha256_match,2,
mLSHADE_LR,1,data/mLSHADE_LR/mLSAHDE_LR_F#1_D#30.mat,954a0a485297dac598880bb710aa7626c38c85a7a435215ac797d40385885eca,archives/official/CEC2026-SOP竞赛.zip,CEC2026-SOP竞赛/Submission results IEEE UCOPs CEC 2026/Submission results IEEE UCOPs CEC 2026/Compared algorithms/mLSHADE_LR/mLSAHDE_LR_F#1_D#30.mat,exact_sha256_match,2,
mLSHADE_LR,2,data/mLSHADE_LR/mLSAHDE_LR_F#3_D#30.mat,b863b8fa29a06a9fbeaec1454c595f4c572fd504a84be2430f0699a51c5c5fd9,archives/official/CEC2026-SOP竞赛.zip,CEC2026-SOP竞赛/Submission results IEEE UCOPs CEC 2026/Submission results IEEE UCOPs CEC 2026/Compared algorithms/mLSHADE_LR/mLSAHDE_LR_F#3_D#30.mat,exact_sha256_match,2,
mLSHADE_LR,3,data/mLSHADE_LR/mLSAHDE_LR_F#4_D#30.mat,b6d02f4221656acc7830b1fd7e5554c2e20051e272fded2831ffdd04cd79e88f,archives/official/CEC2026-SOP竞赛.zip,CEC2026-SOP竞赛/Submission results IEEE UCOPs CEC 2026/Submission results IEEE UCOPs CEC 2026/Compared algorithms/mLSHADE_LR/mLSAHDE_LR_F#4_D#30.mat,exact_sha256_match,2,
mLSHADE_LR,4,data/mLSHADE_LR/mLSAHDE_LR_F#5_D#30.mat,f177a43963fd0b927f40488980674d67f61be4864f94d4c194691d8e1a836cc5,archives/official/CEC2026-SOP竞赛.zip,CEC2026-SOP竞赛/Submission results IEEE UCOPs CEC 2026/Submission results IEEE UCOPs CEC 2026/Compared algorithms/mLSHADE_LR/mLSAHDE_LR_F#5_D#30.mat,exact_sha256_match,2,
mLSHADE_LR,5,data/mLSHADE_LR/mLSAHDE_LR_F#6_D#30.mat,fbddb56eb92a2da279560715b202ebd76e5e1de9900501b90c118cc4b824092f,archives/official/CEC2026-SOP竞赛.zip,CEC2026-SOP竞赛/Submission results IEEE UCOPs CEC 2026/Submission results IEEE UCOPs CEC 2026/Compared algorithms/mLSHADE_LR/mLSAHDE_LR_F#6_D#30.mat,exact_sha256_match,2,
mLSHADE_LR,6,data/mLSHADE_LR/mLSAHDE_LR_F#7_D#30.mat,104167c346a861b2db21d041cdb31ef6b7b413fc4548f52cfa905fd6629f1234,archives/official/CEC2026-SOP竞赛.zip,CEC2026-SOP竞赛/Submission results IEEE UCOPs CEC 2026/Submission results IEEE UCOPs CEC 2026/Compared algorithms/mLSHADE_LR/mLSAHDE_LR_F#7_D#30.mat,exact_sha256_match,2,
mLSHADE_LR,7,data/mLSHADE_LR/mLSAHDE_LR_F#8_D#30.mat,a4e1bf8509f49c4f31e006088a047a0837ef959d1574bca219d76835c388e4c3,archives/official/CEC2026-SOP竞赛.zip,CEC2026-SOP竞赛/Submission results IEEE UCOPs CEC 2026/Submission results IEEE UCOPs CEC 2026/Compared algorithms/mLSHADE_LR/mLSAHDE_LR_F#8_D#30.mat,exact_sha256_match,2,
mLSHADE_LR,8,data/mLSHADE_LR/mLSAHDE_LR_F#9_D#30.mat,6d3cd4efaea56c428a39c8e220404662ff3f4fda9b366c73d51502368acca6b2,archives/official/CEC2026-SOP竞赛.zip,CEC2026-SOP竞赛/Submission results IEEE UCOPs CEC 2026/Submission results IEEE UCOPs CEC 2026/Compared algorithms/mLSHADE_LR/mLSAHDE_LR_F#9_D#30.mat,exact_sha256_match,2,
mLSHADE_LR,9,data/mLSHADE_LR/mLSAHDE_LR_F#10_D#30.mat,b74fe5b17eeaca7efad961cab1f141823c8b279e87f4c557a5e6828d1d8b4222,archives/official/CEC2026-SOP竞赛.zip,CEC2026-SOP竞赛/Submission results IEEE UCOPs CEC 2026/Submission results IEEE UCOPs CEC 2026/Compared algorithms/mLSHADE_LR/mLSAHDE_LR_F#10_D#30.mat,exact_sha256_match,2,
mLSHADE_LR,10,data/mLSHADE_LR/mLSAHDE_LR_F#11_D#30.mat,e3a8d54033d0ef0f8932b1d3cfec3bbbedcf203ddd8ea3dd171ad2c3595aa742,archives/official/CEC2026-SOP竞赛.zip,CEC2026-SOP竞赛/Submission results IEEE UCOPs CEC 2026/Submission results IEEE UCOPs CEC 2026/Compared algorithms/mLSHADE_LR/mLSAHDE_LR_F#11_D#30.mat,exact_sha256_match,2,
mLSHADE_LR,11,data/mLSHADE_LR/mLSAHDE_LR_F#12_D#30.mat,fb1c6c7402942157fa83ae75697849ad89fed3266b7d0b69279f8967ad633134,archives/official/CEC2026-SOP竞赛.zip,CEC2026-SOP竞赛/Submission results IEEE UCOPs CEC 2026/Submission results IEEE UCOPs CEC 2026/Compared algorithms/mLSHADE_LR/mLSAHDE_LR_F#12_D#30.mat,exact_sha256_match,2,
mLSHADE_LR,12,data/mLSHADE_LR/mLSAHDE_LR_F#13_D#30.mat,c2fc75f7ff5ad0df200e8f1e7c548a10d2a52264c6ec372f66f53b074a5f42ab,archives/official/CEC2026-SOP竞赛.zip,CEC2026-SOP竞赛/Submission results IEEE UCOPs CEC 2026/Submission results IEEE UCOPs CEC 2026/Compared algorithms/mLSHADE_LR/mLSAHDE_LR_F#13_D#30.mat,exact_sha256_match,2,
mLSHADE_LR,13,data/mLSHADE_LR/mLSAHDE_LR_F#14_D#30.mat,63e9a825ee20f0eafacd7666159eba4ff1deeecda4a9e5f7e64c2b2f918e7778,archives/official/CEC2026-SOP竞赛.zip,CEC2026-SOP竞赛/Submission results IEEE UCOPs CEC 2026/Submission results IEEE UCOPs CEC 2026/Compared algorithms/mLSHADE_LR/mLSAHDE_LR_F#14_D#30.mat,exact_sha256_match,2,
mLSHADE_LR,14,data/mLSHADE_LR/mLSAHDE_LR_F#15_D#30.mat,99221002358db968c4a9d8519cdef8f3679a5205a4ce13ffba80418cc6adbd27,archives/official/CEC2026-SOP竞赛.zip,CEC2026-SOP竞赛/Submission results IEEE UCOPs CEC 2026/Submission results IEEE UCOPs CEC 2026/Compared algorithms/mLSHADE_LR/mLSAHDE_LR_F#15_D#30.mat,exact_sha256_match,2,
mLSHADE_LR,15,data/mLSHADE_LR/mLSAHDE_LR_F#16_D#30.mat,e573ad8d6c097aa35f57eabbcffa89cbdd592fb0cd4b9c994c29d2d57ee91534,archives/official/CEC2026-SOP竞赛.zip,CEC2026-SOP竞赛/Submission results IEEE UCOPs CEC 2026/Submission results IEEE UCOPs CEC 2026/Compared algorithms/mLSHADE_LR/mLSAHDE_LR_F#16_D#30.mat,exact_sha256_match,2,
mLSHADE_LR,16,data/mLSHADE_LR/mLSAHDE_LR_F#17_D#30.mat,b65997b1110ba39fb17a0faf16f9d176257cce95afaab42d79a67a2d6e7856a0,archives/official/CEC2026-SOP竞赛.zip,CEC2026-SOP竞赛/Submission results IEEE UCOPs CEC 2026/Submission results IEEE UCOPs CEC 2026/Compared algorithms/mLSHADE_LR/mLSAHDE_LR_F#17_D#30.mat,exact_sha256_match,2,
mLSHADE_LR,17,data/mLSHADE_LR/mLSAHDE_LR_F#18_D#30.mat,05149d57693d983c044109f0e76b7b988985fe50a1184c443cdda78bf1b1fb21,archives/official/CEC2026-SOP竞赛.zip,CEC2026-SOP竞赛/Submission results IEEE UCOPs CEC 2026/Submission results IEEE UCOPs CEC 2026/Compared algorithms/mLSHADE_LR/mLSAHDE_LR_F#18_D#30.mat,exact_sha256_match,2,
mLSHADE_LR,18,data/mLSHADE_LR/mLSAHDE_LR_F#19_D#30.mat,d867ec92703d9bb55d239de9c195e1ffdd09cf1c2a2372c4936df980cdac217f,archives/official/CEC2026-SOP竞赛.zip,CEC2026-SOP竞赛/Submission results IEEE UCOPs CEC 2026/Submission results IEEE UCOPs CEC 2026/Compared algorithms/mLSHADE_LR/mLSAHDE_LR_F#19_D#30.mat,exact_sha256_match,2,
mLSHADE_LR,19,data/mLSHADE_LR/mLSAHDE_LR_F#20_D#30.mat,94385c07a3006e54139bde1031e316310b1192f7ab30a9ad5113053a05c6a0cd,archives/official/CEC2026-SOP竞赛.zip,CEC2026-SOP竞赛/Submission results IEEE UCOPs CEC 2026/Submission results IEEE UCOPs CEC 2026/Compared algorithms/mLSHADE_LR/mLSAHDE_LR_F#20_D#30.mat,exact_sha256_match,2,
mLSHADE_LR,20,data/mLSHADE_LR/mLSAHDE_LR_F#21_D#30.mat,887ad18f98ed4865106e8d59b5ade60fe939aa8d275e6c941aac3820e6eb0e14,archives/official/CEC2026-SOP竞赛.zip,CEC2026-SOP竞赛/Submission results IEEE UCOPs CEC 2026/Submission results IEEE UCOPs CEC 2026/Compared algorithms/mLSHADE_LR/mLSAHDE_LR_F#21_D#30.mat,exact_sha256_match,2,
mLSHADE_LR,21,data/mLSHADE_LR/mLSAHDE_LR_F#22_D#30.mat,47cb517ee50b38236e4c59b66a7efe951f72d087ad06828a0a12b86afc886bbd,archives/official/CEC2026-SOP竞赛.zip,CEC2026-SOP竞赛/Submission results IEEE UCOPs CEC 2026/Submission results IEEE UCOPs CEC 2026/Compared algorithms/mLSHADE_LR/mLSAHDE_LR_F#22_D#30.mat,exact_sha256_match,2,
mLSHADE_LR,22,data/mLSHADE_LR/mLSAHDE_LR_F#23_D#30.mat,1b096ccb3afb9fb80aef70aaff82543f88e3db706aab7ac32918d51be4f40ef9,archives/official/CEC2026-SOP竞赛.zip,CEC2026-SOP竞赛/Submission results IEEE UCOPs CEC 2026/Submission results IEEE UCOPs CEC 2026/Compared algorithms/mLSHADE_LR/mLSAHDE_LR_F#23_D#30.mat,exact_sha256_match,2,
mLSHADE_LR,23,data/mLSHADE_LR/mLSAHDE_LR_F#24_D#30.mat,c4de64123af4fb957c47cde481616f8b213089264d2d98126e299ae0e90e4109,archives/official/CEC2026-SOP竞赛.zip,CEC2026-SOP竞赛/Submission results IEEE UCOPs CEC 2026/Submission results IEEE UCOPs CEC 2026/Compared algorithms/mLSHADE_LR/mLSAHDE_LR_F#24_D#30.mat,exact_sha256_match,2,
mLSHADE_LR,24,data/mLSHADE_LR/mLSAHDE_LR_F#25_D#30.mat,19b4b220bf264d5ee3247c8fe9a1b74e47143719c3f38ba8b62dc1e303a364d9,archives/official/CEC2026-SOP竞赛.zip,CEC2026-SOP竞赛/Submission results IEEE UCOPs CEC 2026/Submission results IEEE UCOPs CEC 2026/Compared algorithms/mLSHADE_LR/mLSAHDE_LR_F#25_D#30.mat,exact_sha256_match,2,
mLSHADE_LR,25,data/mLSHADE_LR/mLSAHDE_LR_F#26_D#30.mat,9edc8e66994e840171fac1388ba21998676bacc712a50040734bd763b2f4787c,archives/official/CEC2026-SOP竞赛.zip,CEC2026-SOP竞赛/Submission results IEEE UCOPs CEC 2026/Submission results IEEE UCOPs CEC 2026/Compared algorithms/mLSHADE_LR/mLSAHDE_LR_F#26_D#30.mat,exact_sha256_match,2,
mLSHADE_LR,26,data/mLSHADE_LR/mLSAHDE_LR_F#27_D#30.mat,7fbcf032dda57bcf251b7a251383c6c73e165df994b4830d3f918d143881e80a,archives/official/CEC2026-SOP竞赛.zip,CEC2026-SOP竞赛/Submission results IEEE UCOPs CEC 2026/Submission results IEEE UCOPs CEC 2026/Compared algorithms/mLSHADE_LR/mLSAHDE_LR_F#27_D#30.mat,exact_sha256_match,2,
mLSHADE_LR,27,data/mLSHADE_LR/mLSAHDE_LR_F#28_D#30.mat,fbbc84cbd0656495d966fd383cd55f81dbeb046175455ad2fdf89b91765ea80b,archives/official/CEC2026-SOP竞赛.zip,CEC2026-SOP竞赛/Submission results IEEE UCOPs CEC 2026/Submission results IEEE UCOPs CEC 2026/Compared algorithms/mLSHADE_LR/mLSAHDE_LR_F#28_D#30.mat,exact_sha256_match,2,
mLSHADE_LR,28,data/mLSHADE_LR/mLSAHDE_LR_F#29_D#30.mat,202f6f3592bc84b3bc239e08c368143de58b70929c9e11c26634e9b5b89f065e,archives/official/CEC2026-SOP竞赛.zip,CEC2026-SOP竞赛/Submission results IEEE UCOPs CEC 2026/Submission results IEEE UCOPs CEC 2026/Compared algorithms/mLSHADE_LR/mLSAHDE_LR_F#29_D#30.mat,exact_sha256_match,2,
mLSHADE_LR,29,data/mLSHADE_LR/mLSAHDE_LR_F#30_D#30.mat,3c4e2edbb60bf3b5dd3a420cc9b148435fc3e0712066bd521810ff88ef7929f0,archives/official/CEC2026-SOP竞赛.zip,CEC2026-SOP竞赛/Submission results IEEE UCOPs CEC 2026/Submission results IEEE UCOPs CEC 2026/Compared algorithms/mLSHADE_LR/mLSAHDE_LR_F#30_D#30.mat,exact_sha256_match,2,
BlockEA,1,data/BlockEA/BlockEA_F1_Min_EV.mat,e97b677d784cf3bed149992ab681fc2e7751db4d083c70efebbceb6de1a710db,archives/official/CEC2026-SOP竞赛.zip,CEC2026-SOP竞赛/Submission results IEEE UCOPs CEC 2026/Submission results IEEE UCOPs CEC 2026/Compared algorithms/BlockEA/BlockEA_F1_Min_EV.mat,exact_sha256_match,1,
BlockEA,2,data/BlockEA/BlockEA_F2_Min_EV.mat,dc30505938df40bb6a91e6ad2865edb0895772a255238df1c81d118c9bfc94d5,archives/official/CEC2026-SOP竞赛.zip,CEC2026-SOP竞赛/Submission results IEEE UCOPs CEC 2026/Submission results IEEE UCOPs CEC 2026/Compared algorithms/BlockEA/BlockEA_F2_Min_EV.mat,exact_sha256_match,1,
BlockEA,3,data/BlockEA/BlockEA_F3_Min_EV.mat,b4c4cc112f1af8fb3e7a60aa5dbab3ac87101ab8c7299e560dd8de2bba6801e8,archives/official/CEC2026-SOP竞赛.zip,CEC2026-SOP竞赛/Submission results IEEE UCOPs CEC 2026/Submission results IEEE UCOPs CEC 2026/Compared algorithms/BlockEA/BlockEA_F3_Min_EV.mat,exact_sha256_match,1,
BlockEA,4,data/BlockEA/BlockEA_F4_Min_EV.mat,c0dc9c40996ceffcf4b024e8765aa3227762f158855fc7af1b6770a6f165b086,archives/official/CEC2026-SOP竞赛.zip,CEC2026-SOP竞赛/Submission results IEEE UCOPs CEC 2026/Submission results IEEE UCOPs CEC 2026/Compared algorithms/BlockEA/BlockEA_F4_Min_EV.mat,exact_sha256_match,1,
BlockEA,5,data/BlockEA/BlockEA_F5_Min_EV.mat,b8696196c11688cb818272dd37312a2722a870d9fddc6b062abff130d79cd3aa,archives/official/CEC2026-SOP竞赛.zip,CEC2026-SOP竞赛/Submission results IEEE UCOPs CEC 2026/Submission results IEEE UCOPs CEC 2026/Compared algorithms/BlockEA/BlockEA_F5_Min_EV.mat,exact_sha256_match,1,
BlockEA,6,data/BlockEA/BlockEA_F6_Min_EV.mat,f798e3870d011c55aff94b5fa30cffc03350e0a06e079045cb44acdbc6e5ba28,archives/official/CEC2026-SOP竞赛.zip,CEC2026-SOP竞赛/Submission results IEEE UCOPs CEC 2026/Submission results IEEE UCOPs CEC 2026/Compared algorithms/BlockEA/BlockEA_F6_Min_EV.mat,exact_sha256_match,1,
BlockEA,7,data/BlockEA/BlockEA_F7_Min_EV.mat,8082b14524fa8d5529588c02cc32275d5d65ace947f2d20598cdf040ddc248c6,archives/official/CEC2026-SOP竞赛.zip,CEC2026-SOP竞赛/Submission results IEEE UCOPs CEC 2026/Submission results IEEE UCOPs CEC 2026/Compared algorithms/BlockEA/BlockEA_F7_Min_EV.mat,exact_sha256_match,1,
BlockEA,8,data/BlockEA/BlockEA_F8_Min_EV.mat,684d7edfdb1da409a30045833a1fa0578b042d8edfc22098fe2bffb43e84a75c,archives/official/CEC2026-SOP竞赛.zip,CEC2026-SOP竞赛/Submission results IEEE UCOPs CEC 2026/Submission results IEEE UCOPs CEC 2026/Compared algorithms/BlockEA/BlockEA_F8_Min_EV.mat,exact_sha256_match,1,
BlockEA,9,data/BlockEA/BlockEA_F9_Min_EV.mat,9e8049fdbeb1db4d900242c1cc6c4450ede962777d2baffe76813e8dc6200709,archives/official/CEC2026-SOP竞赛.zip,CEC2026-SOP竞赛/Submission results IEEE UCOPs CEC 2026/Submission results IEEE UCOPs CEC 2026/Compared algorithms/BlockEA/BlockEA_F9_Min_EV.mat,exact_sha256_match,1,
BlockEA,10,data/BlockEA/BlockEA_F10_Min_EV.mat,dde636afeb51d97329d57d15d75b03f7c2befc4b5d4c58c06b8c9bb42736aea8,archives/official/CEC2026-SOP竞赛.zip,CEC2026-SOP竞赛/Submission results IEEE UCOPs CEC 2026/Submission results IEEE UCOPs CEC 2026/Compared algorithms/BlockEA/BlockEA_F10_Min_EV.mat,exact_sha256_match,1,
BlockEA,11,data/BlockEA/BlockEA_F11_Min_EV.mat,7ab05053d982f0dc68b00e2976573fdab7c28cb5a2753d1fca75b883d3bb46ee,archives/official/CEC2026-SOP竞赛.zip,CEC2026-SOP竞赛/Submission results IEEE UCOPs CEC 2026/Submission results IEEE UCOPs CEC 2026/Compared algorithms/BlockEA/BlockEA_F11_Min_EV.mat,exact_sha256_match,1,
BlockEA,12,data/BlockEA/BlockEA_F12_Min_EV.mat,5bbf2075264f0f410e59a2e7da4c56be1e428e2898022a22a6470dfd7127659e,archives/official/CEC2026-SOP竞赛.zip,CEC2026-SOP竞赛/Submission results IEEE UCOPs CEC 2026/Submission results IEEE UCOPs CEC 2026/Compared algorithms/BlockEA/BlockEA_F12_Min_EV.mat,exact_sha256_match,1,
BlockEA,13,data/BlockEA/BlockEA_F13_Min_EV.mat,e733df4ac52d0a58977a0efefbecddbd8902068b00bca5903a221e055409ab3b,archives/official/CEC2026-SOP竞赛.zip,CEC2026-SOP竞赛/Submission results IEEE UCOPs CEC 2026/Submission results IEEE UCOPs CEC 2026/Compared algorithms/BlockEA/BlockEA_F13_Min_EV.mat,exact_sha256_match,1,
BlockEA,14,data/BlockEA/BlockEA_F14_Min_EV.mat,b8926fdef7d99a532109a633a156f233e977beec24a11d0d7887fac0864537bb,archives/official/CEC2026-SOP竞赛.zip,CEC2026-SOP竞赛/Submission results IEEE UCOPs CEC 2026/Submission results IEEE UCOPs CEC 2026/Compared algorithms/BlockEA/BlockEA_F14_Min_EV.mat,exact_sha256_match,1,
BlockEA,15,data/BlockEA/BlockEA_F15_Min_EV.mat,9d3885fb0f32f08342fba1cecf063bc3b970370129eca27214e064113ea4e624,archives/official/CEC2026-SOP竞赛.zip,CEC2026-SOP竞赛/Submission results IEEE UCOPs CEC 2026/Submission results IEEE UCOPs CEC 2026/Compared algorithms/BlockEA/BlockEA_F15_Min_EV.mat,exact_sha256_match,1,
BlockEA,16,data/BlockEA/BlockEA_F16_Min_EV.mat,d357ea27f0afadf0b4677f8b49c04c68e351b1464771262ffa4ec025509ab31a,archives/official/CEC2026-SOP竞赛.zip,CEC2026-SOP竞赛/Submission results IEEE UCOPs CEC 2026/Submission results IEEE UCOPs CEC 2026/Compared algorithms/BlockEA/BlockEA_F16_Min_EV.mat,exact_sha256_match,1,
BlockEA,17,data/BlockEA/BlockEA_F17_Min_EV.mat,bcd70a39000fd95c2d2fc25dcf0a16785b0f83f9a2637976e44507e3b5052e47,archives/official/CEC2026-SOP竞赛.zip,CEC2026-SOP竞赛/Submission results IEEE UCOPs CEC 2026/Submission results IEEE UCOPs CEC 2026/Compared algorithms/BlockEA/BlockEA_F17_Min_EV.mat,exact_sha256_match,1,
BlockEA,18,data/BlockEA/BlockEA_F18_Min_EV.mat,24bd4698bf69acbd63952544433345847873392e1ae519b330c08058adf44075,archives/official/CEC2026-SOP竞赛.zip,CEC2026-SOP竞赛/Submission results IEEE UCOPs CEC 2026/Submission results IEEE UCOPs CEC 2026/Compared algorithms/BlockEA/BlockEA_F18_Min_EV.mat,exact_sha256_match,1,
BlockEA,19,data/BlockEA/BlockEA_F19_Min_EV.mat,0a4381e082e7ecd9750621c92294d94ad043cf9249e4b942a1f7853982cb1122,archives/official/CEC2026-SOP竞赛.zip,CEC2026-SOP竞赛/Submission results IEEE UCOPs CEC 2026/Submission results IEEE UCOPs CEC 2026/Compared algorithms/BlockEA/BlockEA_F19_Min_EV.mat,exact_sha256_match,1,
BlockEA,20,data/BlockEA/BlockEA_F20_Min_EV.mat,1206a5132a76819bd8323995d3389e5d98e8895004c7b405380a5013b1546a3b,archives/official/CEC2026-SOP竞赛.zip,CEC2026-SOP竞赛/Submission results IEEE UCOPs CEC 2026/Submission results IEEE UCOPs CEC 2026/Compared algorithms/BlockEA/BlockEA_F20_Min_EV.mat,exact_sha256_match,1,
BlockEA,21,data/BlockEA/BlockEA_F21_Min_EV.mat,e8cd5ad78a7bf7faa90e03d0de30dc34b4c2adf68df7762d9d7961ee0c8c8b88,archives/official/CEC2026-SOP竞赛.zip,CEC2026-SOP竞赛/Submission results IEEE UCOPs CEC 2026/Submission results IEEE UCOPs CEC 2026/Compared algorithms/BlockEA/BlockEA_F21_Min_EV.mat,exact_sha256_match,1,
BlockEA,22,data/BlockEA/BlockEA_F22_Min_EV.mat,0a2ea1669d8e1fdb1694c2ef946be24bbca95b17c23580d324889b62ea1d0531,archives/official/CEC2026-SOP竞赛.zip,CEC2026-SOP竞赛/Submission results IEEE UCOPs CEC 2026/Submission results IEEE UCOPs CEC 2026/Compared algorithms/BlockEA/BlockEA_F22_Min_EV.mat,exact_sha256_match,1,
BlockEA,23,data/BlockEA/BlockEA_F23_Min_EV.mat,260a267872325d11f585cee7dc47ddc40aee83fa0f317edfcbfedc9045938a94,archives/official/CEC2026-SOP竞赛.zip,CEC2026-SOP竞赛/Submission results IEEE UCOPs CEC 2026/Submission results IEEE UCOPs CEC 2026/Compared algorithms/BlockEA/BlockEA_F23_Min_EV.mat,exact_sha256_match,1,
BlockEA,24,data/BlockEA/BlockEA_F24_Min_EV.mat,6e400cabcffb3f929d7e440d6940e4cd61062f6adafbf45138ad9e1c6b3e450b,archives/official/CEC2026-SOP竞赛.zip,CEC2026-SOP竞赛/Submission results IEEE UCOPs CEC 2026/Submission results IEEE UCOPs CEC 2026/Compared algorithms/BlockEA/BlockEA_F24_Min_EV.mat,exact_sha256_match,1,
BlockEA,25,data/BlockEA/BlockEA_F25_Min_EV.mat,1952384346c519e85a258ebb96a98949d8a44168bf977b31d28012c1cb1130ef,archives/official/CEC2026-SOP竞赛.zip,CEC2026-SOP竞赛/Submission results IEEE UCOPs CEC 2026/Submission results IEEE UCOPs CEC 2026/Compared algorithms/BlockEA/BlockEA_F25_Min_EV.mat,exact_sha256_match,1,
BlockEA,26,data/BlockEA/BlockEA_F26_Min_EV.mat,731f7857e71a8e2d5b52bb90071a59a4ac479a5ffc90ba09def42bef1e4c2679,archives/official/CEC2026-SOP竞赛.zip,CEC2026-SOP竞赛/Submission results IEEE UCOPs CEC 2026/Submission results IEEE UCOPs CEC 2026/Compared algorithms/BlockEA/BlockEA_F26_Min_EV.mat,exact_sha256_match,1,
BlockEA,27,data/BlockEA/BlockEA_F27_Min_EV.mat,8b8b7cbb3f9d7e0796685a6582eaf8e089aa51121c16a6347ce0914e9fbfebd9,archives/official/CEC2026-SOP竞赛.zip,CEC2026-SOP竞赛/Submission results IEEE UCOPs CEC 2026/Submission results IEEE UCOPs CEC 2026/Compared algorithms/BlockEA/BlockEA_F27_Min_EV.mat,exact_sha256_match,1,
BlockEA,28,data/BlockEA/BlockEA_F28_Min_EV.mat,01a0d56809ee602df81702120f20a78a7cbdced3a84c3c685a1a0386c52a6f83,archives/official/CEC2026-SOP竞赛.zip,CEC2026-SOP竞赛/Submission results IEEE UCOPs CEC 2026/Submission results IEEE UCOPs CEC 2026/Compared algorithms/BlockEA/BlockEA_F28_Min_EV.mat,exact_sha256_match,1,
BlockEA,29,data/BlockEA/BlockEA_F29_Min_EV.mat,6d6566ee6ed8dc18cfd9ff28752fac0616588d5e2f201c17666ed1cdb31b920b,archives/official/CEC2026-SOP竞赛.zip,CEC2026-SOP竞赛/Submission results IEEE UCOPs CEC 2026/Submission results IEEE UCOPs CEC 2026/Compared algorithms/BlockEA/BlockEA_F29_Min_EV.mat,exact_sha256_match,1,
jSOa,1,data/jSOa/jSOa_D30_S1.txt,d719bbe5fbe63ef1eb5c47c8d3ebb367f40e2f1bdeedf343a226afb5a4c1875d,archives/official/CEC2026-SOP竞赛.zip,CEC2026-SOP竞赛/Submission results IEEE UCOPs CEC 2026/Submission results IEEE UCOPs CEC 2026/Compared algorithms/jSOa/jSOa_D30_S1.txt,exact_sha256_match,2,
jSOa,2,data/jSOa/jSOa_D30_S3.txt,20c34a6920c3260fee611ef1f0dddadc7006a460fd0d1a389a138cc34631e752,archives/official/CEC2026-SOP竞赛.zip,CEC2026-SOP竞赛/Submission results IEEE UCOPs CEC 2026/Submission results IEEE UCOPs CEC 2026/Compared algorithms/jSOa/jSOa_D30_S3.txt,exact_sha256_match,2,
jSOa,3,data/jSOa/jSOa_D30_S4.txt,6503f6f75c1a661744f90697f2b7b9c436a2ed602798660506bcf0066a4ccbbb,archives/official/CEC2026-SOP竞赛.zip,CEC2026-SOP竞赛/Submission results IEEE UCOPs CEC 2026/Submission results IEEE UCOPs CEC 2026/Compared algorithms/jSOa/jSOa_D30_S4.txt,exact_sha256_match,2,
jSOa,4,data/jSOa/jSOa_D30_S5.txt,651582f1bd73126c3f43cd3e91a8d58b53e0481e1f4a80359317176517e2a136,archives/official/CEC2026-SOP竞赛.zip,CEC2026-SOP竞赛/Submission results IEEE UCOPs CEC 2026/Submission results IEEE UCOPs CEC 2026/Compared algorithms/jSOa/jSOa_D30_S5.txt,exact_sha256_match,2,
jSOa,5,data/jSOa/jSOa_D30_S6.txt,312ef41298484b56aa8ac78b6bc7dd6dd2e5bc7105a75df74b6ec5089533b667,archives/official/CEC2026-SOP竞赛.zip,CEC2026-SOP竞赛/Submission results IEEE UCOPs CEC 2026/Submission results IEEE UCOPs CEC 2026/Compared algorithms/jSOa/jSOa_D30_S6.txt,exact_sha256_match,2,
jSOa,6,data/jSOa/jSOa_D30_S7.txt,99e2e0866ae22b69dabf33c1f02ccec693717082de1860f217d9cca03733cf11,archives/official/CEC2026-SOP竞赛.zip,CEC2026-SOP竞赛/Submission results IEEE UCOPs CEC 2026/Submission results IEEE UCOPs CEC 2026/Compared algorithms/jSOa/jSOa_D30_S7.txt,exact_sha256_match,2,
jSOa,7,data/jSOa/jSOa_D30_S8.txt,2fb7353cccbba9a2e8b947a8dcf265a1c1d6e0ba8aa2b904b86018d731be9136,archives/official/CEC2026-SOP竞赛.zip,CEC2026-SOP竞赛/Submission results IEEE UCOPs CEC 2026/Submission results IEEE UCOPs CEC 2026/Compared algorithms/jSOa/jSOa_D30_S8.txt,exact_sha256_match,2,
jSOa,8,data/jSOa/jSOa_D30_S9.txt,c1af7c896157a7b27455de0af8f92ab972cdbeb4bca834914bf56a223a256eef,archives/official/CEC2026-SOP竞赛.zip,CEC2026-SOP竞赛/Submission results IEEE UCOPs CEC 2026/Submission results IEEE UCOPs CEC 2026/Compared algorithms/jSOa/jSOa_D30_S9.txt,exact_sha256_match,2,
jSOa,9,data/jSOa/jSOa_D30_S10.txt,d8c7381e59fafa0fd510c470e0ac43acfcaec6023b559a9795e53f8c2622b85e,archives/official/CEC2026-SOP竞赛.zip,CEC2026-SOP竞赛/Submission results IEEE UCOPs CEC 2026/Submission results IEEE UCOPs CEC 2026/Compared algorithms/jSOa/jSOa_D30_S10.txt,exact_sha256_match,2,
jSOa,10,data/jSOa/jSOa_D30_S11.txt,ec03819a8b4c1fd2d9548b7928a83c960395d37f90e4faa57485733e07fd1b4e,archives/official/CEC2026-SOP竞赛.zip,CEC2026-SOP竞赛/Submission results IEEE UCOPs CEC 2026/Submission results IEEE UCOPs CEC 2026/Compared algorithms/jSOa/jSOa_D30_S11.txt,exact_sha256_match,2,
jSOa,11,data/jSOa/jSOa_D30_S12.txt,c13fc7c8240fcfdc13d320ce9d1635192c9bada3b9e47f8fea693d883749b57f,archives/official/CEC2026-SOP竞赛.zip,CEC2026-SOP竞赛/Submission results IEEE UCOPs CEC 2026/Submission results IEEE UCOPs CEC 2026/Compared algorithms/jSOa/jSOa_D30_S12.txt,exact_sha256_match,2,
jSOa,12,data/jSOa/jSOa_D30_S13.txt,64b26a0915b40bb70e87921cb96c484a9f7d7aa49b2de71c4297402dd6498216,archives/official/CEC2026-SOP竞赛.zip,CEC2026-SOP竞赛/Submission results IEEE UCOPs CEC 2026/Submission results IEEE UCOPs CEC 2026/Compared algorithms/jSOa/jSOa_D30_S13.txt,exact_sha256_match,2,
jSOa,13,data/jSOa/jSOa_D30_S14.txt,1c3759db5e172583538e57bac51ac836848aa3b5046afaeafb8ad358a92685f4,archives/official/CEC2026-SOP竞赛.zip,CEC2026-SOP竞赛/Submission results IEEE UCOPs CEC 2026/Submission results IEEE UCOPs CEC 2026/Compared algorithms/jSOa/jSOa_D30_S14.txt,exact_sha256_match,2,
jSOa,14,data/jSOa/jSOa_D30_S15.txt,ef4208102e20567e652abc285c4c7c70cc36acffc5e05a6298495da128415092,archives/official/CEC2026-SOP竞赛.zip,CEC2026-SOP竞赛/Submission results IEEE UCOPs CEC 2026/Submission results IEEE UCOPs CEC 2026/Compared algorithms/jSOa/jSOa_D30_S15.txt,exact_sha256_match,2,
jSOa,15,data/jSOa/jSOa_D30_S16.txt,df864eacaeaddadda9b84e0160c9846e854b07bf548407a9ccc5784b53b8bc4c,archives/official/CEC2026-SOP竞赛.zip,CEC2026-SOP竞赛/Submission results IEEE UCOPs CEC 2026/Submission results IEEE UCOPs CEC 2026/Compared algorithms/jSOa/jSOa_D30_S16.txt,exact_sha256_match,2,
jSOa,16,data/jSOa/jSOa_D30_S17.txt,5f470ca4d95a39ab0d40df988b9ff5d5476b0604536494abd06f90879e724bc6,archives/official/CEC2026-SOP竞赛.zip,CEC2026-SOP竞赛/Submission results IEEE UCOPs CEC 2026/Submission results IEEE UCOPs CEC 2026/Compared algorithms/jSOa/jSOa_D30_S17.txt,exact_sha256_match,2,
jSOa,17,data/jSOa/jSOa_D30_S18.txt,409986cb5985bec2ea4fdd53603c1ae474e972eb58c487a5655ff3ef42335a87,archives/official/CEC2026-SOP竞赛.zip,CEC2026-SOP竞赛/Submission results IEEE UCOPs CEC 2026/Submission results IEEE UCOPs CEC 2026/Compared algorithms/jSOa/jSOa_D30_S18.txt,exact_sha256_match,2,
jSOa,18,data/jSOa/jSOa_D30_S19.txt,01841a5bf9c24fec352ae921053bd978145875aa60fa6dc456facb57bae56e3e,archives/official/CEC2026-SOP竞赛.zip,CEC2026-SOP竞赛/Submission results IEEE UCOPs CEC 2026/Submission results IEEE UCOPs CEC 2026/Compared algorithms/jSOa/jSOa_D30_S19.txt,exact_sha256_match,2,
jSOa,19,data/jSOa/jSOa_D30_S20.txt,7f81b7bc37c57cca48508fe57f6342bdb7ed62cbe1a0e15ab601d3799125b6ff,archives/official/CEC2026-SOP竞赛.zip,CEC2026-SOP竞赛/Submission results IEEE UCOPs CEC 2026/Submission results IEEE UCOPs CEC 2026/Compared algorithms/jSOa/jSOa_D30_S20.txt,exact_sha256_match,2,
jSOa,20,data/jSOa/jSOa_D30_S21.txt,28d1b045a599f1e9d1a7596112aa1a7b22a1f299e856c9e300dd7c63c00c813c,archives/official/CEC2026-SOP竞赛.zip,CEC2026-SOP竞赛/Submission results IEEE UCOPs CEC 2026/Submission results IEEE UCOPs CEC 2026/Compared algorithms/jSOa/jSOa_D30_S21.txt,exact_sha256_match,2,
jSOa,21,data/jSOa/jSOa_D30_S22.txt,62798a94248675f7c401755b1536b8891012fe40590bfbccc2ad756ef5811fbc,archives/official/CEC2026-SOP竞赛.zip,CEC2026-SOP竞赛/Submission results IEEE UCOPs CEC 2026/Submission results IEEE UCOPs CEC 2026/Compared algorithms/jSOa/jSOa_D30_S22.txt,exact_sha256_match,2,
jSOa,22,data/jSOa/jSOa_D30_S23.txt,d84096eeb601fd3906de91b026fd4b812ec44175a25bd8cede90f7bfb661d04b,archives/official/CEC2026-SOP竞赛.zip,CEC2026-SOP竞赛/Submission results IEEE UCOPs CEC 2026/Submission results IEEE UCOPs CEC 2026/Compared algorithms/jSOa/jSOa_D30_S23.txt,exact_sha256_match,2,
jSOa,23,data/jSOa/jSOa_D30_S24.txt,8fc164bad1fda33044ef77efcbf252b65804aa425fb5ba27d02f03ca22437808,archives/official/CEC2026-SOP竞赛.zip,CEC2026-SOP竞赛/Submission results IEEE UCOPs CEC 2026/Submission results IEEE UCOPs CEC 2026/Compared algorithms/jSOa/jSOa_D30_S24.txt,exact_sha256_match,2,
jSOa,24,data/jSOa/jSOa_D30_S25.txt,26d1fb7dd4c32f8c5562a6894a15069c1795069e509ae8618373800ede356e1d,archives/official/CEC2026-SOP竞赛.zip,CEC2026-SOP竞赛/Submission results IEEE UCOPs CEC 2026/Submission results IEEE UCOPs CEC 2026/Compared algorithms/jSOa/jSOa_D30_S25.txt,exact_sha256_match,2,
jSOa,25,data/jSOa/jSOa_D30_S26.txt,cf5d576f155264d9331ab92e7515aa2e3a9fa0e26a605b42d82078a2eee7ca5d,archives/official/CEC2026-SOP竞赛.zip,CEC2026-SOP竞赛/Submission results IEEE UCOPs CEC 2026/Submission results IEEE UCOPs CEC 2026/Compared algorithms/jSOa/jSOa_D30_S26.txt,exact_sha256_match,2,
jSOa,26,data/jSOa/jSOa_D30_S27.txt,b0d58750be6fc0461672ce859b4df12b6a0c1b502dd6e4e201e31064545290b2,archives/official/CEC2026-SOP竞赛.zip,CEC2026-SOP竞赛/Submission results IEEE UCOPs CEC 2026/Submission results IEEE UCOPs CEC 2026/Compared algorithms/jSOa/jSOa_D30_S27.txt,exact_sha256_match,2,
jSOa,27,data/jSOa/jSOa_D30_S28.txt,fdcb2b1d201e1b6270cd54b44cf72bf4767566a2bfbc77c0b0e324a06eb09e7c,archives/official/CEC2026-SOP竞赛.zip,CEC2026-SOP竞赛/Submission results IEEE UCOPs CEC 2026/Submission results IEEE UCOPs CEC 2026/Compared algorithms/jSOa/jSOa_D30_S28.txt,exact_sha256_match,2,
jSOa,28,data/jSOa/jSOa_D30_S29.txt,8475ef2e1ebc155b72e49ecc4bbc8d0d54aa4a6fabee724bf196146cff110422,archives/official/CEC2026-SOP竞赛.zip,CEC2026-SOP竞赛/Submission results IEEE UCOPs CEC 2026/Submission results IEEE UCOPs CEC 2026/Compared algorithms/jSOa/jSOa_D30_S29.txt,exact_sha256_match,2,
jSOa,29,data/jSOa/jSOa_D30_S30.txt,5a42e0ea32c0b2f46b9ae5b0d0ed75597afbfdb16dbe675d23edec52c64072a9,archives/official/CEC2026-SOP竞赛.zip,CEC2026-SOP竞赛/Submission results IEEE UCOPs CEC 2026/Submission results IEEE UCOPs CEC 2026/Compared algorithms/jSOa/jSOa_D30_S30.txt,exact_sha256_match,2,
IEACOP,1,data/IEACOP/#1570992402_F1_Min_EV.mat,23becaff2151089d73088ba1df48b72a590f497c9645664e18815c9d8521d6e7,archives/official/CEC2026-SOP竞赛.zip,CEC2026-SOP竞赛/Submission results IEEE UCOPs CEC 2026/Submission results IEEE UCOPs CEC 2026/Compared algorithms/IEACOP/#1570992402_F1_Min_EV.mat,exact_sha256_match,1,
IEACOP,2,data/IEACOP/#1570992402_F2_Min_EV.mat,fa97ad58cea962291b2c2e76e545ac8492f937e3e57ffdacc82bed444ebddf2f,archives/official/CEC2026-SOP竞赛.zip,CEC2026-SOP竞赛/Submission results IEEE UCOPs CEC 2026/Submission results IEEE UCOPs CEC 2026/Compared algorithms/IEACOP/#1570992402_F2_Min_EV.mat,exact_sha256_match,1,
IEACOP,3,data/IEACOP/#1570992402_F3_Min_EV.mat,e57d8b379d488b45f41163336728bd9e0dc25851ffe823a2a17c83ca4fdc9086,archives/official/CEC2026-SOP竞赛.zip,CEC2026-SOP竞赛/Submission results IEEE UCOPs CEC 2026/Submission results IEEE UCOPs CEC 2026/Compared algorithms/IEACOP/#1570992402_F3_Min_EV.mat,exact_sha256_match,1,
IEACOP,4,data/IEACOP/#1570992402_F4_Min_EV.mat,8669aed429a3201ed682083a1f341a7153d24f794d3aea70c4f0b56381797352,archives/official/CEC2026-SOP竞赛.zip,CEC2026-SOP竞赛/Submission results IEEE UCOPs CEC 2026/Submission results IEEE UCOPs CEC 2026/Compared algorithms/IEACOP/#1570992402_F4_Min_EV.mat,exact_sha256_match,1,
IEACOP,5,data/IEACOP/#1570992402_F5_Min_EV.mat,c682932353b504b4a6804dfa032bcd1101f0df29af4fa3bf4545ca35e35eda71,archives/official/CEC2026-SOP竞赛.zip,CEC2026-SOP竞赛/Submission results IEEE UCOPs CEC 2026/Submission results IEEE UCOPs CEC 2026/Compared algorithms/IEACOP/#1570992402_F5_Min_EV.mat,exact_sha256_match,1,
IEACOP,6,data/IEACOP/#1570992402_F6_Min_EV.mat,b1241c3ef9d263053b0d6d83b68d5536f51ad71dba56315e5f2ee2c0ec976c6b,archives/official/CEC2026-SOP竞赛.zip,CEC2026-SOP竞赛/Submission results IEEE UCOPs CEC 2026/Submission results IEEE UCOPs CEC 2026/Compared algorithms/IEACOP/#1570992402_F6_Min_EV.mat,exact_sha256_match,1,
IEACOP,7,data/IEACOP/#1570992402_F7_Min_EV.mat,c7363bb03cb5a2328bf9736e407c8822c668dec8430cd4092ce7030939d7c0e0,archives/official/CEC2026-SOP竞赛.zip,CEC2026-SOP竞赛/Submission results IEEE UCOPs CEC 2026/Submission results IEEE UCOPs CEC 2026/Compared algorithms/IEACOP/#1570992402_F7_Min_EV.mat,exact_sha256_match,1,
IEACOP,8,data/IEACOP/#1570992402_F8_Min_EV.mat,e4d65a4d0223b6edd2693542890fe60aeebefb321c85ea1d4ec0b446d602d444,archives/official/CEC2026-SOP竞赛.zip,CEC2026-SOP竞赛/Submission results IEEE UCOPs CEC 2026/Submission results IEEE UCOPs CEC 2026/Compared algorithms/IEACOP/#1570992402_F8_Min_EV.mat,exact_sha256_match,1,
IEACOP,9,data/IEACOP/#1570992402_F9_Min_EV.mat,b288c2a74c441454d26e54843fa8e04841a6b1bfa43aa914a151a453ae598c07,archives/official/CEC2026-SOP竞赛.zip,CEC2026-SOP竞赛/Submission results IEEE UCOPs CEC 2026/Submission results IEEE UCOPs CEC 2026/Compared algorithms/IEACOP/#1570992402_F9_Min_EV.mat,exact_sha256_match,1,
IEACOP,10,data/IEACOP/#1570992402_F10_Min_EV.mat,f408742d15878dbe7df96e215d3b7adee988f817240ffe1af743231650eacdbf,archives/official/CEC2026-SOP竞赛.zip,CEC2026-SOP竞赛/Submission results IEEE UCOPs CEC 2026/Submission results IEEE UCOPs CEC 2026/Compared algorithms/IEACOP/#1570992402_F10_Min_EV.mat,exact_sha256_match,1,
IEACOP,11,data/IEACOP/#1570992402_F11_Min_EV.mat,2da80742c2a5620d170a88f26542f229fe1247e2aeb7e89caea700a0fc0838a6,archives/official/CEC2026-SOP竞赛.zip,CEC2026-SOP竞赛/Submission results IEEE UCOPs CEC 2026/Submission results IEEE UCOPs CEC 2026/Compared algorithms/IEACOP/#1570992402_F11_Min_EV.mat,exact_sha256_match,1,
IEACOP,12,data/IEACOP/#1570992402_F12_Min_EV.mat,628937ebb6ccf1d17f6706d87fcd23ce51f0af78e47403ea2b4086d78d54ae2b,archives/official/CEC2026-SOP竞赛.zip,CEC2026-SOP竞赛/Submission results IEEE UCOPs CEC 2026/Submission results IEEE UCOPs CEC 2026/Compared algorithms/IEACOP/#1570992402_F12_Min_EV.mat,exact_sha256_match,1,
IEACOP,13,data/IEACOP/#1570992402_F13_Min_EV.mat,254b5b5977cc808e4c0cdb8a3abfdb848a7c4419a71a6d92fcb5852e816f74fe,archives/official/CEC2026-SOP竞赛.zip,CEC2026-SOP竞赛/Submission results IEEE UCOPs CEC 2026/Submission results IEEE UCOPs CEC 2026/Compared algorithms/IEACOP/#1570992402_F13_Min_EV.mat,exact_sha256_match,1,
IEACOP,14,data/IEACOP/#1570992402_F14_Min_EV.mat,bbc7fc5a39def0383f928b7481ddb8e272aa1d54940c8937b651cdce9cb46e41,archives/official/CEC2026-SOP竞赛.zip,CEC2026-SOP竞赛/Submission results IEEE UCOPs CEC 2026/Submission results IEEE UCOPs CEC 2026/Compared algorithms/IEACOP/#1570992402_F14_Min_EV.mat,exact_sha256_match,1,
IEACOP,15,data/IEACOP/#1570992402_F15_Min_EV.mat,a96cc4ea7238663183384dde93ea169d401a7084fc4ddd24c2e7881aee952230,archives/official/CEC2026-SOP竞赛.zip,CEC2026-SOP竞赛/Submission results IEEE UCOPs CEC 2026/Submission results IEEE UCOPs CEC 2026/Compared algorithms/IEACOP/#1570992402_F15_Min_EV.mat,exact_sha256_match,1,
IEACOP,16,data/IEACOP/#1570992402_F16_Min_EV.mat,841e3c9f56d787ed001930928c97dc1b193eeceb99f836d2c8f313c10bcda0da,archives/official/CEC2026-SOP竞赛.zip,CEC2026-SOP竞赛/Submission results IEEE UCOPs CEC 2026/Submission results IEEE UCOPs CEC 2026/Compared algorithms/IEACOP/#1570992402_F16_Min_EV.mat,exact_sha256_match,1,
IEACOP,17,data/IEACOP/#1570992402_F17_Min_EV.mat,922bb096f44ae91e3f3553626047d743f2573cc3ced2039dc8269c98fd97980c,archives/official/CEC2026-SOP竞赛.zip,CEC2026-SOP竞赛/Submission results IEEE UCOPs CEC 2026/Submission results IEEE UCOPs CEC 2026/Compared algorithms/IEACOP/#1570992402_F17_Min_EV.mat,exact_sha256_match,1,
IEACOP,18,data/IEACOP/#1570992402_F18_Min_EV.mat,1bfde1d3ba22a48197ab0a0448a27b430acc7c79d95fbfbce2732454ff63424d,archives/official/CEC2026-SOP竞赛.zip,CEC2026-SOP竞赛/Submission results IEEE UCOPs CEC 2026/Submission results IEEE UCOPs CEC 2026/Compared algorithms/IEACOP/#1570992402_F18_Min_EV.mat,exact_sha256_match,1,
IEACOP,19,data/IEACOP/#1570992402_F19_Min_EV.mat,d303cf57a03bcd1256e99c1118ac33deffbf772361f9f3e2f55fc65d9c41a4b6,archives/official/CEC2026-SOP竞赛.zip,CEC2026-SOP竞赛/Submission results IEEE UCOPs CEC 2026/Submission results IEEE UCOPs CEC 2026/Compared algorithms/IEACOP/#1570992402_F19_Min_EV.mat,exact_sha256_match,1,
IEACOP,20,data/IEACOP/#1570992402_F20_Min_EV.mat,e2b5913ca10ae84969b3bf9b605fa226f8b0bde2836a15016f506bac94a98c4b,archives/official/CEC2026-SOP竞赛.zip,CEC2026-SOP竞赛/Submission results IEEE UCOPs CEC 2026/Submission results IEEE UCOPs CEC 2026/Compared algorithms/IEACOP/#1570992402_F20_Min_EV.mat,exact_sha256_match,1,
IEACOP,21,data/IEACOP/#1570992402_F21_Min_EV.mat,fd36a2f0307f3d1c465dd72768947ae010468c414973238ed90d88464cca835c,archives/official/CEC2026-SOP竞赛.zip,CEC2026-SOP竞赛/Submission results IEEE UCOPs CEC 2026/Submission results IEEE UCOPs CEC 2026/Compared algorithms/IEACOP/#1570992402_F21_Min_EV.mat,exact_sha256_match,1,
IEACOP,22,data/IEACOP/#1570992402_F22_Min_EV.mat,c40cbdb4fdf2b0b91fbbe7eb95bc8ad0f442c67f43bfabcf6f5be7a59a501586,archives/official/CEC2026-SOP竞赛.zip,CEC2026-SOP竞赛/Submission results IEEE UCOPs CEC 2026/Submission results IEEE UCOPs CEC 2026/Compared algorithms/IEACOP/#1570992402_F22_Min_EV.mat,exact_sha256_match,1,
IEACOP,23,data/IEACOP/#1570992402_F23_Min_EV.mat,6801cb81126bbd1ab3f8244e9caa31c5080488e785bd9f6edeeeae44bfaff304,archives/official/CEC2026-SOP竞赛.zip,CEC2026-SOP竞赛/Submission results IEEE UCOPs CEC 2026/Submission results IEEE UCOPs CEC 2026/Compared algorithms/IEACOP/#1570992402_F23_Min_EV.mat,exact_sha256_match,1,
IEACOP,24,data/IEACOP/#1570992402_F24_Min_EV.mat,2a7c2d116c2d33f9507a3d9776b160f4cbb4c937636f8ae6767e7e588af80516,archives/official/CEC2026-SOP竞赛.zip,CEC2026-SOP竞赛/Submission results IEEE UCOPs CEC 2026/Submission results IEEE UCOPs CEC 2026/Compared algorithms/IEACOP/#1570992402_F24_Min_EV.mat,exact_sha256_match,1,
IEACOP,25,data/IEACOP/#1570992402_F25_Min_EV.mat,f04996a7d92d855fa6243e3602e1d5a62e2b336c7da2136a15c52097a1b61e11,archives/official/CEC2026-SOP竞赛.zip,CEC2026-SOP竞赛/Submission results IEEE UCOPs CEC 2026/Submission results IEEE UCOPs CEC 2026/Compared algorithms/IEACOP/#1570992402_F25_Min_EV.mat,exact_sha256_match,1,
IEACOP,26,data/IEACOP/#1570992402_F26_Min_EV.mat,ed7cbe9b0b69c63a9ad6a20d9c5bd556e19df44522413321e18e109ecde621f8,archives/official/CEC2026-SOP竞赛.zip,CEC2026-SOP竞赛/Submission results IEEE UCOPs CEC 2026/Submission results IEEE UCOPs CEC 2026/Compared algorithms/IEACOP/#1570992402_F26_Min_EV.mat,exact_sha256_match,1,
IEACOP,27,data/IEACOP/#1570992402_F27_Min_EV.mat,665e6249972340b8c83f9630dcb6eb277f65f5c27148de36fa5357bec4ba9232,archives/official/CEC2026-SOP竞赛.zip,CEC2026-SOP竞赛/Submission results IEEE UCOPs CEC 2026/Submission results IEEE UCOPs CEC 2026/Compared algorithms/IEACOP/#1570992402_F27_Min_EV.mat,exact_sha256_match,1,
IEACOP,28,data/IEACOP/#1570992402_F28_Min_EV.mat,45ca2a2844e35c6570093cdfb20ca17f566dab82969a2346a8c3f842e0f65196,archives/official/CEC2026-SOP竞赛.zip,CEC2026-SOP竞赛/Submission results IEEE UCOPs CEC 2026/Submission results IEEE UCOPs CEC 2026/Compared algorithms/IEACOP/#1570992402_F28_Min_EV.mat,exact_sha256_match,1,
IEACOP,29,data/IEACOP/#1570992402_F29_Min_EV.mat,b620b89db07ccad5a94d9cc88c1970eb38ab3db590b0a35de897ece145ab3fa4,archives/official/CEC2026-SOP竞赛.zip,CEC2026-SOP竞赛/Submission results IEEE UCOPs CEC 2026/Submission results IEEE UCOPs CEC 2026/Compared algorithms/IEACOP/#1570992402_F29_Min_EV.mat,exact_sha256_match,1,
ADSDE,1,data/ADSDE/ADSDE_CEC26_SOP_F1.txt,8b1295b61c1aedd3dea960a744e036dfe728217584713458834148135c9dd5f8,archives/official/CEC2026-SOP竞赛.zip,CEC2026-SOP竞赛/Submission results IEEE UCOPs CEC 2026/Submission results IEEE UCOPs CEC 2026/Compared algorithms/ADSDE(杨佳瑞王明静-温州理工学院)/ADSDE_CEC2026_SOP_Submission.zip::ADSDE/ADSDE_CEC26_SOP_F1.txt,exact_sha256_match,2,
ADSDE,2,data/ADSDE/ADSDE_CEC26_SOP_F3.txt,ae52d25444e0706554adbf0a826c5a6e915961509644d7ee1f7daa315ab66a1a,archives/official/CEC2026-SOP竞赛.zip,CEC2026-SOP竞赛/Submission results IEEE UCOPs CEC 2026/Submission results IEEE UCOPs CEC 2026/Compared algorithms/ADSDE(杨佳瑞王明静-温州理工学院)/ADSDE_CEC2026_SOP_Submission.zip::ADSDE/ADSDE_CEC26_SOP_F3.txt,exact_sha256_match,2,
ADSDE,3,data/ADSDE/ADSDE_CEC26_SOP_F4.txt,f39a8e5720eefd347f51272f554fe5b48a480255f7717cab98fa9a6caf70e0ea,archives/official/CEC2026-SOP竞赛.zip,CEC2026-SOP竞赛/Submission results IEEE UCOPs CEC 2026/Submission results IEEE UCOPs CEC 2026/Compared algorithms/ADSDE(杨佳瑞王明静-温州理工学院)/ADSDE_CEC2026_SOP_Submission.zip::ADSDE/ADSDE_CEC26_SOP_F4.txt,exact_sha256_match,2,
ADSDE,4,data/ADSDE/ADSDE_CEC26_SOP_F5.txt,c2fcc437006873e7948375c93cbbe6eba3a5581236d030cc32fc8d5591e21e1b,archives/official/CEC2026-SOP竞赛.zip,CEC2026-SOP竞赛/Submission results IEEE UCOPs CEC 2026/Submission results IEEE UCOPs CEC 2026/Compared algorithms/ADSDE(杨佳瑞王明静-温州理工学院)/ADSDE_CEC2026_SOP_Submission.zip::ADSDE/ADSDE_CEC26_SOP_F5.txt,exact_sha256_match,2,
ADSDE,5,data/ADSDE/ADSDE_CEC26_SOP_F6.txt,b48555f11a62971d298aecfe4166e3236207736dd5b375ac47c5ca9174eb9759,archives/official/CEC2026-SOP竞赛.zip,CEC2026-SOP竞赛/Submission results IEEE UCOPs CEC 2026/Submission results IEEE UCOPs CEC 2026/Compared algorithms/ADSDE(杨佳瑞王明静-温州理工学院)/ADSDE_CEC2026_SOP_Submission.zip::ADSDE/ADSDE_CEC26_SOP_F6.txt,exact_sha256_match,2,
ADSDE,6,data/ADSDE/ADSDE_CEC26_SOP_F7.txt,6d21de12977c9bfdbce89c0db4c4cc6ab8239d7d70e62e1d19b6f2b3732f4207,archives/official/CEC2026-SOP竞赛.zip,CEC2026-SOP竞赛/Submission results IEEE UCOPs CEC 2026/Submission results IEEE UCOPs CEC 2026/Compared algorithms/ADSDE(杨佳瑞王明静-温州理工学院)/ADSDE_CEC2026_SOP_Submission.zip::ADSDE/ADSDE_CEC26_SOP_F7.txt,exact_sha256_match,2,
ADSDE,7,data/ADSDE/ADSDE_CEC26_SOP_F8.txt,992463c612042693fba388d6684abb5f5495bb0a7c6cd242103326bd671b596e,archives/official/CEC2026-SOP竞赛.zip,CEC2026-SOP竞赛/Submission results IEEE UCOPs CEC 2026/Submission results IEEE UCOPs CEC 2026/Compared algorithms/ADSDE(杨佳瑞王明静-温州理工学院)/ADSDE_CEC2026_SOP_Submission.zip::ADSDE/ADSDE_CEC26_SOP_F8.txt,exact_sha256_match,2,
ADSDE,8,data/ADSDE/ADSDE_CEC26_SOP_F9.txt,1659c703937cc97ac88728b643c38d5f6c08404da12cc7f622bd84351e258e71,archives/official/CEC2026-SOP竞赛.zip,CEC2026-SOP竞赛/Submission results IEEE UCOPs CEC 2026/Submission results IEEE UCOPs CEC 2026/Compared algorithms/ADSDE(杨佳瑞王明静-温州理工学院)/ADSDE_CEC2026_SOP_Submission.zip::ADSDE/ADSDE_CEC26_SOP_F9.txt,exact_sha256_match,2,
ADSDE,9,data/ADSDE/ADSDE_CEC26_SOP_F10.txt,bb1bc8aa3f01c8b8826e52ba12dd2aa2e7ab219b48f1be3d97fd581840a88988,archives/official/CEC2026-SOP竞赛.zip,CEC2026-SOP竞赛/Submission results IEEE UCOPs CEC 2026/Submission results IEEE UCOPs CEC 2026/Compared algorithms/ADSDE(杨佳瑞王明静-温州理工学院)/ADSDE_CEC2026_SOP_Submission.zip::ADSDE/ADSDE_CEC26_SOP_F10.txt,exact_sha256_match,2,
ADSDE,10,data/ADSDE/ADSDE_CEC26_SOP_F11.txt,532b58d4a52b7f8716fec2ae1fa2cb7a8f2093b7a608d3397ffa5c656ffd1aa6,archives/official/CEC2026-SOP竞赛.zip,CEC2026-SOP竞赛/Submission results IEEE UCOPs CEC 2026/Submission results IEEE UCOPs CEC 2026/Compared algorithms/ADSDE(杨佳瑞王明静-温州理工学院)/ADSDE_CEC2026_SOP_Submission.zip::ADSDE/ADSDE_CEC26_SOP_F11.txt,exact_sha256_match,2,
ADSDE,11,data/ADSDE/ADSDE_CEC26_SOP_F12.txt,8ee80c1b311cc817b383c993f5e8df6d9c12db4d46a97116591bbc77815fab93,archives/official/CEC2026-SOP竞赛.zip,CEC2026-SOP竞赛/Submission results IEEE UCOPs CEC 2026/Submission results IEEE UCOPs CEC 2026/Compared algorithms/ADSDE(杨佳瑞王明静-温州理工学院)/ADSDE_CEC2026_SOP_Submission.zip::ADSDE/ADSDE_CEC26_SOP_F12.txt,exact_sha256_match,2,
ADSDE,12,data/ADSDE/ADSDE_CEC26_SOP_F13.txt,a849d0235672d16b061f590610b62daa740cf12441beeea6c822672187c3d68c,archives/official/CEC2026-SOP竞赛.zip,CEC2026-SOP竞赛/Submission results IEEE UCOPs CEC 2026/Submission results IEEE UCOPs CEC 2026/Compared algorithms/ADSDE(杨佳瑞王明静-温州理工学院)/ADSDE_CEC2026_SOP_Submission.zip::ADSDE/ADSDE_CEC26_SOP_F13.txt,exact_sha256_match,2,
ADSDE,13,data/ADSDE/ADSDE_CEC26_SOP_F14.txt,ccb0298066d53a08d65d1148802369db46af19e0a77c43df1b573670b4155a33,archives/official/CEC2026-SOP竞赛.zip,CEC2026-SOP竞赛/Submission results IEEE UCOPs CEC 2026/Submission results IEEE UCOPs CEC 2026/Compared algorithms/ADSDE(杨佳瑞王明静-温州理工学院)/ADSDE_CEC2026_SOP_Submission.zip::ADSDE/ADSDE_CEC26_SOP_F14.txt,exact_sha256_match,2,
ADSDE,14,data/ADSDE/ADSDE_CEC26_SOP_F15.txt,d7eb4dbad8a8c2262033290c245d7f6c221a0c78fa98b597323d75b0a617704f,archives/official/CEC2026-SOP竞赛.zip,CEC2026-SOP竞赛/Submission results IEEE UCOPs CEC 2026/Submission results IEEE UCOPs CEC 2026/Compared algorithms/ADSDE(杨佳瑞王明静-温州理工学院)/ADSDE_CEC2026_SOP_Submission.zip::ADSDE/ADSDE_CEC26_SOP_F15.txt,exact_sha256_match,2,
ADSDE,15,data/ADSDE/ADSDE_CEC26_SOP_F16.txt,4dbde82e745ad53b6e8faed63c530f753fad96131f2ef42cc55cf242c64a2fb1,archives/official/CEC2026-SOP竞赛.zip,CEC2026-SOP竞赛/Submission results IEEE UCOPs CEC 2026/Submission results IEEE UCOPs CEC 2026/Compared algorithms/ADSDE(杨佳瑞王明静-温州理工学院)/ADSDE_CEC2026_SOP_Submission.zip::ADSDE/ADSDE_CEC26_SOP_F16.txt,exact_sha256_match,2,
ADSDE,16,data/ADSDE/ADSDE_CEC26_SOP_F17.txt,fe49dcabb4016e274d8aed2c4816a963cf5ecec234d223569859e643f9768f69,archives/official/CEC2026-SOP竞赛.zip,CEC2026-SOP竞赛/Submission results IEEE UCOPs CEC 2026/Submission results IEEE UCOPs CEC 2026/Compared algorithms/ADSDE(杨佳瑞王明静-温州理工学院)/ADSDE_CEC2026_SOP_Submission.zip::ADSDE/ADSDE_CEC26_SOP_F17.txt,exact_sha256_match,2,
ADSDE,17,data/ADSDE/ADSDE_CEC26_SOP_F18.txt,2bd4312d0c0a461227682e47c80eb9155195b8356f22c080ba18b8280712b537,archives/official/CEC2026-SOP竞赛.zip,CEC2026-SOP竞赛/Submission results IEEE UCOPs CEC 2026/Submission results IEEE UCOPs CEC 2026/Compared algorithms/ADSDE(杨佳瑞王明静-温州理工学院)/ADSDE_CEC2026_SOP_Submission.zip::ADSDE/ADSDE_CEC26_SOP_F18.txt,exact_sha256_match,2,
ADSDE,18,data/ADSDE/ADSDE_CEC26_SOP_F19.txt,80fc730ced4006a210038f9fe7bb4203fbf293c41bac0e0ff7bf50fb4b0e86b6,archives/official/CEC2026-SOP竞赛.zip,CEC2026-SOP竞赛/Submission results IEEE UCOPs CEC 2026/Submission results IEEE UCOPs CEC 2026/Compared algorithms/ADSDE(杨佳瑞王明静-温州理工学院)/ADSDE_CEC2026_SOP_Submission.zip::ADSDE/ADSDE_CEC26_SOP_F19.txt,exact_sha256_match,2,
ADSDE,19,data/ADSDE/ADSDE_CEC26_SOP_F20.txt,83d63c49be4d854e8f3e3c1a47b54f1d131230b293246f04f194e1efe3661071,archives/official/CEC2026-SOP竞赛.zip,CEC2026-SOP竞赛/Submission results IEEE UCOPs CEC 2026/Submission results IEEE UCOPs CEC 2026/Compared algorithms/ADSDE(杨佳瑞王明静-温州理工学院)/ADSDE_CEC2026_SOP_Submission.zip::ADSDE/ADSDE_CEC26_SOP_F20.txt,exact_sha256_match,2,
ADSDE,20,data/ADSDE/ADSDE_CEC26_SOP_F21.txt,51c756b6056e82ccc403f4f418e0a7be5ec065d14397dfc757b6342d0e88e75b,archives/official/CEC2026-SOP竞赛.zip,CEC2026-SOP竞赛/Submission results IEEE UCOPs CEC 2026/Submission results IEEE UCOPs CEC 2026/Compared algorithms/ADSDE(杨佳瑞王明静-温州理工学院)/ADSDE_CEC2026_SOP_Submission.zip::ADSDE/ADSDE_CEC26_SOP_F21.txt,exact_sha256_match,2,
ADSDE,21,data/ADSDE/ADSDE_CEC26_SOP_F22.txt,5ce4124068ef60f43ec99036bf0cfd465747a29432262d5f6738755a9cad3987,archives/official/CEC2026-SOP竞赛.zip,CEC2026-SOP竞赛/Submission results IEEE UCOPs CEC 2026/Submission results IEEE UCOPs CEC 2026/Compared algorithms/ADSDE(杨佳瑞王明静-温州理工学院)/ADSDE_CEC2026_SOP_Submission.zip::ADSDE/ADSDE_CEC26_SOP_F22.txt,exact_sha256_match,2,
ADSDE,22,data/ADSDE/ADSDE_CEC26_SOP_F23.txt,41dec98d39c7023d0c2714146180cd40a0ed3b1282b17d5dfff573af8d8968ee,archives/official/CEC2026-SOP竞赛.zip,CEC2026-SOP竞赛/Submission results IEEE UCOPs CEC 2026/Submission results IEEE UCOPs CEC 2026/Compared algorithms/ADSDE(杨佳瑞王明静-温州理工学院)/ADSDE_CEC2026_SOP_Submission.zip::ADSDE/ADSDE_CEC26_SOP_F23.txt,exact_sha256_match,2,
ADSDE,23,data/ADSDE/ADSDE_CEC26_SOP_F24.txt,6ada27ae543ac38a08a08532383eb91599af699b4facb570202b4d26207994c0,archives/official/CEC2026-SOP竞赛.zip,CEC2026-SOP竞赛/Submission results IEEE UCOPs CEC 2026/Submission results IEEE UCOPs CEC 2026/Compared algorithms/ADSDE(杨佳瑞王明静-温州理工学院)/ADSDE_CEC2026_SOP_Submission.zip::ADSDE/ADSDE_CEC26_SOP_F24.txt,exact_sha256_match,2,
ADSDE,24,data/ADSDE/ADSDE_CEC26_SOP_F25.txt,55a8214a2130cf1ad448eba8a4782579dfa6c994658d262b2e01826558fe9234,archives/official/CEC2026-SOP竞赛.zip,CEC2026-SOP竞赛/Submission results IEEE UCOPs CEC 2026/Submission results IEEE UCOPs CEC 2026/Compared algorithms/ADSDE(杨佳瑞王明静-温州理工学院)/ADSDE_CEC2026_SOP_Submission.zip::ADSDE/ADSDE_CEC26_SOP_F25.txt,exact_sha256_match,2,
ADSDE,25,data/ADSDE/ADSDE_CEC26_SOP_F26.txt,3a11526c2117ec0cfc90135b0d72d1263361238f5a8cdaec0e4c428071ea5cd5,archives/official/CEC2026-SOP竞赛.zip,CEC2026-SOP竞赛/Submission results IEEE UCOPs CEC 2026/Submission results IEEE UCOPs CEC 2026/Compared algorithms/ADSDE(杨佳瑞王明静-温州理工学院)/ADSDE_CEC2026_SOP_Submission.zip::ADSDE/ADSDE_CEC26_SOP_F26.txt,exact_sha256_match,2,
ADSDE,26,data/ADSDE/ADSDE_CEC26_SOP_F27.txt,340ff3dbf5cd8d344174018af7b4e6ecf842cbee8e09eecbfedebb25435a9cca,archives/official/CEC2026-SOP竞赛.zip,CEC2026-SOP竞赛/Submission results IEEE UCOPs CEC 2026/Submission results IEEE UCOPs CEC 2026/Compared algorithms/ADSDE(杨佳瑞王明静-温州理工学院)/ADSDE_CEC2026_SOP_Submission.zip::ADSDE/ADSDE_CEC26_SOP_F27.txt,exact_sha256_match,2,
ADSDE,27,data/ADSDE/ADSDE_CEC26_SOP_F28.txt,f550700465ea67e5fdd8be4671e4e5783b74aa6a75f29e9f8ba2c00e5492d477,archives/official/CEC2026-SOP竞赛.zip,CEC2026-SOP竞赛/Submission results IEEE UCOPs CEC 2026/Submission results IEEE UCOPs CEC 2026/Compared algorithms/ADSDE(杨佳瑞王明静-温州理工学院)/ADSDE_CEC2026_SOP_Submission.zip::ADSDE/ADSDE_CEC26_SOP_F28.txt,exact_sha256_match,2,
ADSDE,28,data/ADSDE/ADSDE_CEC26_SOP_F29.txt,4da40f5ea4b5c5339743d7aedf38e2d10182df0454462051e0f281ac83fdfa04,archives/official/CEC2026-SOP竞赛.zip,CEC2026-SOP竞赛/Submission results IEEE UCOPs CEC 2026/Submission results IEEE UCOPs CEC 2026/Compared algorithms/ADSDE(杨佳瑞王明静-温州理工学院)/ADSDE_CEC2026_SOP_Submission.zip::ADSDE/ADSDE_CEC26_SOP_F29.txt,exact_sha256_match,2,
ADSDE,29,data/ADSDE/ADSDE_CEC26_SOP_F30.txt,6637ff4bcba608114fa1c374ce5034549a06c29276e8fd186f62667e45de44fd,archives/official/CEC2026-SOP竞赛.zip,CEC2026-SOP竞赛/Submission results IEEE UCOPs CEC 2026/Submission results IEEE UCOPs CEC 2026/Compared algorithms/ADSDE(杨佳瑞王明静-温州理工学院)/ADSDE_CEC2026_SOP_Submission.zip::ADSDE/ADSDE_CEC26_SOP_F30.txt,exact_sha256_match,2,
