2.5825606e+09	1.7450311e+09	1.1934401e+09	4.6134623e+09	1.4402663e+10	1.3947495e+10	4.1441138e+09	1.9386374e+09	7.8359522e+09	1.3910532e+09	3.1584988e+08	2.2104253e+07	1.8384901e+09	9.1938955e+08	2.7408959e+09	9.8324580e+08	1.8602903e+09	1.4726157e+09	1.3488441e+10	1.0878949e+09	1.3396995e+09	4.0796326e+09	8.4084423e+09	1.3512321e+10	1.0649454e+10
4.0950053e+06	1.0145413e+08	1.1352219e+07	1.4988196e+07	1.9647133e+07	3.1738534e+08	6.6715567e+06	8.7391031e+06	2.8535001e+08	1.4030005e+08	2.9375995e+07	1.5384269e+07	1.6254008e+08	4.5938532e+06	8.0442106e+06	1.8915562e+07	6.2526404e+07	8.1573162e+08	7.7481268e+07	4.3723012e+07	2.0759097e+07	2.6456512e+08	1.2199768e+07	9.1993335e+08	3.2838958e+07
4.0950053e+06	1.0145413e+08	1.1352219e+07	1.4988196e+07	1.9647133e+07	1.1036172e+08	6.6715567e+06	8.7391031e+06	1.4886159e+07	1.0545115e+08	2.9375995e+07	1.4680866e+07	1.1054948e+08	4.5938532e+06	8.0442106e+06	1.7883292e+07	3.1505411e+07	8.1573162e+08	8.0975299e+06	1.8064044e+07	1.7715236e+07	2.6456512e+08	8.2108114e+06	1.3723580e+08	1.4718948e+07
4.0950053e+06	3.3729995e+07	1.1352219e+07	9.6589729e+06	1.9647133e+07	4.3208140e+07	6.6715567e+06	4.0733747e+06	3.9606860e+06	1.6130684e+07	1.7253523e+07	1.4680866e+07	2.7492858e+06	4.5938532e+06	2.4645454e+06	1.7883292e+07	1.6601368e+07	4.0147728e+06	8.0975299e+06	1.2690780e+07	9.7800301e+06	1.8768522e+07	8.2108114e+06	3.6620212e+07	1.4718948e+07
4.0950053e+06	2.5767644e+07	4.7494661e+06	9.6589729e+06	1.2611896e+07	4.3208140e+07	5.5685062e+06	4.0733747e+06	3.9606860e+06	1.6130684e+07	8.4148407e+06	1.4680866e+07	2.7492858e+06	4.5938532e+06	2.4645454e+06	1.1089737e+07	7.3329984e+06	4.0147728e+06	8.0975299e+06	1.1705175e+07	9.7800301e+06	1.6037018e+07	8.2108114e+06	2.8185870e+07	1.4718948e+07
4.0950053e+06	1.9655785e+07	4.7494661e+06	8.4054801e+06	1.2611896e+07	1.1339880e+07	5.5685062e+06	4.0733747e+06	3.9606860e+06	1.6130684e+07	8.4148407e+06	1.4680866e+07	2.7492858e+06	4.5938532e+06	2.4645454e+06	1.1089737e+07	7.3329984e+06	4.0147728e+06	8.0975299e+06	1.1705175e+07	9.7800301e+06	8.2912599e+06	8.2108114e+06	2.8185870e+07	1.4718948e+07
4.0950053e+06	1.4654888e+07	4.7494661e+06	3.1580071e+06	1.0765373e+07	8.9596735e+06	5.5685062e+06	4.0733747e+06	3.9606860e+06	1.6130684e+07	8.4148407e+06	1.4680866e+07	2.7492858e+06	4.5938532e+06	2.4645454e+06	9.1727297e+06	7.3329984e+06	4.0147728e+06	8.0975299e+06	1.1705175e+07	9.7800301e+06	8.2912599e+06	8.2108114e+06	2.8185870e+07	1.4718948e+07
4.0950053e+06	1.4654888e+07	4.7494661e+06	3.1580071e+06	1.0765373e+07	8.9596735e+06	2.0281525e+06	4.0733747e+06	3.9606860e+06	1.2420936e+07	8.4148407e+06	1.4680866e+07	2.7492858e+06	4.5938532e+06	2.4645454e+06	3.9482068e+06	1.9794660e+06	4.0147728e+06	8.0975299e+06	3.8282403e+06	2.4949193e+06	8.2912599e+06	8.2108114e+06	2.8185870e+07	8.4667068e+06
4.0950053e+06	8.1724065e+06	4.7494661e+06	3.1580071e+06	1.0765373e+07	8.9596735e+06	2.0281525e+06	4.0733747e+06	3.9606860e+06	1.2420936e+07	8.4148407e+06	1.4680866e+07	2.7492858e+06	1.4758551e+06	2.4645454e+06	3.9482068e+06	1.9794660e+06	4.0147728e+06	5.4598410e+06	3.8282403e+06	2.4949193e+06	8.2912599e+06	8.2108114e+06	1.0262241e+07	8.4667068e+06
4.0950053e+06	4.2064262e+06	4.7494661e+06	3.1580071e+06	1.0765373e+07	8.9596735e+06	2.0281525e+06	4.0733747e+06	3.9606860e+06	1.2420936e+07	8.4148407e+06	1.4680866e+07	2.7492858e+06	1.4758551e+06	2.4645454e+06	3.9482068e+06	1.9794660e+06	4.0147728e+06	5.4598410e+06	3.8282403e+06	2.4949193e+06	8.2912599e+06	8.2108114e+06	1.0262241e+07	8.4667068e+06
4.0950053e+06	4.2064262e+06	4.7494661e+06	3.1580071e+06	1.0765373e+07	7.1522969e+06	2.0281525e+06	4.0733747e+06	3.9606860e+06	1.2420936e+07	8.4148407e+06	1.2563437e+07	2.7492858e+06	1.4758551e+06	2.4645454e+06	3.9482068e+06	1.9794660e+06	4.0147728e+06	5.4598410e+06	3.8282403e+06	2.4949193e+06	8.2912599e+06	8.2108114e+06	2.8094664e+06	8.4667068e+06
4.0950053e+06	4.2064262e+06	4.7494661e+06	3.1580071e+06	1.0765373e+07	7.1522969e+06	2.0281525e+06	4.0733747e+06	3.9606860e+06	1.2420936e+07	8.4148407e+06	1.2563437e+07	2.7492858e+06	1.4758551e+06	2.4645454e+06	3.9482068e+06	1.9794660e+06	4.0147728e+06	5.4598410e+06	3.8282403e+06	2.4949193e+06	8.2912599e+06	8.2108114e+06	2.8094664e+06	4.3406062e+06
4.0950053e+06	4.2064262e+06	4.7494661e+06	3.1580071e+06	3.5398261e+06	7.1522969e+06	2.0281525e+06	4.0733747e+06	3.9606860e+06	6.0227021e+06	8.4148407e+06	1.2563437e+07	2.7492858e+06	1.4758551e+06	2.4645454e+06	3.9482068e+06	1.9794660e+06	1.4861136e+06	5.4598410e+06	3.8282403e+06	2.4949193e+06	8.2912599e+06	8.2108114e+06	2.8094664e+06	4.3406062e+06
4.0950053e+06	4.2064262e+06	4.7494661e+06	3.1580071e+06	3.5398261e+06	7.1522969e+06	2.0281525e+06	4.0733747e+06	3.9606860e+06	6.0227021e+06	8.4148407e+06	1.2563437e+07	2.7492858e+06	1.4758551e+06	2.4645454e+06	3.9482068e+06	1.9794660e+06	1.4861136e+06	5.4598410e+06	3.8282403e+06	2.4949193e+06	8.2912599e+06	4.0549199e+06	2.8094664e+06	4.3406062e+06
4.0950053e+06	4.2064262e+06	4.7494661e+06	3.1580071e+06	3.5398261e+06	7.1522969e+06	2.0281525e+06	4.0733747e+06	3.9606860e+06	6.0227021e+06	5.9000637e+06	8.2645494e+06	2.7492858e+06	1.4758551e+06	2.4645454e+06	3.9482068e+06	1.9794660e+06	1.4861136e+06	5.4598410e+06	3.8282403e+06	2.4949193e+06	8.2912599e+06	4.0549199e+06	2.8094664e+06	4.3406062e+06
3.7160030e+06	4.2064262e+06	4.7494661e+06	3.1580071e+06	3.5398261e+06	7.1522969e+06	2.0281525e+06	3.8305275e+06	3.9606860e+06	6.0227021e+06	5.9000637e+06	8.2645494e+06	2.7492858e+06	1.4758551e+06	2.4645454e+06	3.9482068e+06	1.9794660e+06	1.4861136e+06	5.4598410e+06	3.8282403e+06	2.4949193e+06	8.2912599e+06	4.0549199e+06	2.8094664e+06	4.3406062e+06
3.7160030e+06	4.2064262e+06	4.7494661e+06	3.1580071e+06	3.5398261e+06	7.1522969e+06	2.0281525e+06	3.8305275e+06	3.9606860e+06	6.0227021e+06	5.9000637e+06	7.9020919e+06	2.7492858e+06	1.4758551e+06	2.4645454e+06	3.9482068e+06	1.9794660e+06	1.4861136e+06	5.4598410e+06	3.8282403e+06	2.4949193e+06	8.2912599e+06	4.0549199e+06	2.8094664e+06	4.3406062e+06
3.7160030e+06	1.4155434e+06	4.7494661e+06	3.1580071e+06	3.5398261e+06	7.1522969e+06	2.0281525e+06	2.3720103e+06	3.9606860e+06	6.0227021e+06	4.8535405e+06	7.9020919e+06	2.7492858e+06	1.4758551e+06	2.4645454e+06	3.9482068e+06	1.9794660e+06	1.4861136e+06	5.4598410e+06	3.8282403e+06	2.4949193e+06	8.2912599e+06	4.0549199e+06	2.8094664e+06	3.7808637e+06
3.7160030e+06	1.4155434e+06	4.0754608e+06	3.1580071e+06	3.5398261e+06	7.1522969e+06	2.0281525e+06	2.3720103e+06	3.9606860e+06	6.0227021e+06	1.2762686e+06	6.4169257e+06	2.7492858e+06	1.4758551e+06	2.4645454e+06	3.9482068e+06	1.9794660e+06	1.4861136e+06	5.4598410e+06	3.8282403e+06	1.7687159e+06	2.9279647e+06	4.0549199e+06	2.8094664e+06	3.7808637e+06
3.7160030e+06	1.4155434e+06	4.0754608e+06	3.1580071e+06	3.5398261e+06	7.1522969e+06	2.0281525e+06	2.3720103e+06	3.9606860e+06	3.7529724e+06	1.2762686e+06	6.4169257e+06	2.7492858e+06	1.4758551e+06	1.4696136e+06	3.9482068e+06	1.9794660e+06	1.4861136e+06	5.4598410e+06	2.1588489e+06	1.7687159e+06	2.3237851e+06	2.3006647e+06	2.8094664e+06	3.7808637e+06
3.7027079e+06	1.4155434e+06	3.8733190e+06	3.1580071e+06	3.5398261e+06	9.1967281e+05	2.0281525e+06	2.3720103e+06	3.9606860e+06	3.7529724e+06	1.2762686e+06	3.9031409e+06	2.7492858e+06	1.4758551e+06	1.4696136e+06	3.9482068e+06	1.9794660e+06	1.4861136e+06	3.5589573e+06	5.5867553e+05	1.7687159e+06	2.3237851e+06	2.3006647e+06	2.8094664e+06	3.7808637e+06
3.7027079e+06	1.4155434e+06	2.2970211e+06	3.1580071e+06	3.5398261e+06	9.1967281e+05	1.8134944e+06	2.3720103e+06	3.9606860e+06	3.7529724e+06	1.2762686e+06	2.6815940e+06	2.7492858e+06	1.4758551e+06	1.4696136e+06	3.9482068e+06	1.9794660e+06	1.4861136e+06	3.5589573e+06	5.5867553e+05	1.7687159e+06	2.3237851e+06	2.3006647e+06	2.8094664e+06	3.7808637e+06
3.7027079e+06	1.4155434e+06	2.2970211e+06	3.1580071e+06	3.5398261e+06	9.1967281e+05	1.8134944e+06	2.3720103e+06	3.9606860e+06	3.7529724e+06	1.2762686e+06	2.6815940e+06	2.7492858e+06	1.4758551e+06	1.4696136e+06	2.9243089e+06	1.8389981e+06	1.4861136e+06	1.1741981e+06	5.5867553e+05	1.4799352e+06	2.3237851e+06	2.3006647e+06	2.8094664e+06	3.7808637e+06
3.7027079e+06	1.4155434e+06	2.2970211e+06	4.0424089e+05	3.5398261e+06	9.1967281e+05	1.8134944e+06	2.3720103e+06	1.0788683e+06	3.7529724e+06	1.2762686e+06	1.8514457e+06	2.7492858e+06	1.4758551e+06	1.4696136e+06	2.9243089e+06	1.8389981e+06	1.4861136e+06	1.1741981e+06	5.5867553e+05	1.4799352e+06	2.3237851e+06	2.3006647e+06	2.8094664e+06	3.7808637e+06
3.5774471e+06	1.4155434e+06	2.2970211e+06	4.0424089e+05	3.5398261e+06	9.1967281e+05	1.8134944e+06	2.3720103e+06	1.0788683e+06	3.7529724e+06	1.2762686e+06	1.8514457e+06	2.7492858e+06	1.4758551e+06	1.4696136e+06	2.9243089e+06	1.8389981e+06	1.4861136e+06	1.1741981e+06	5.5867553e+05	1.4799352e+06	2.3237851e+06	2.3006647e+06	2.8094664e+06	3.4825472e+06
3.5774471e+06	1.4155434e+06	2.2970211e+06	4.0424089e+05	3.5398261e+06	9.1967281e+05	1.8134944e+06	2.3720103e+06	1.0788683e+06	3.7529724e+06	1.2762686e+06	1.8514457e+06	1.6679879e+06	1.4758551e+06	1.4696136e+06	1.3827467e+06	1.4140358e+06	1.4861136e+06	1.1741981e+06	5.5867553e+05	1.4799352e+06	2.3237851e+06	2.3006647e+06	2.8094664e+06	3.4825472e+06
3.5774471e+06	1.4155434e+06	1.2618532e+06	4.0424089e+05	3.5398261e+06	9.1967281e+05	1.1447575e+06	2.3720103e+06	1.0788683e+06	2.9628894e+06	1.2762686e+06	1.8514457e+06	1.6679879e+06	1.1021423e+06	1.4696136e+06	1.3827467e+06	1.4140358e+06	1.3385645e+06	1.1741981e+06	5.5867553e+05	1.4799352e+06	2.0490984e+06	2.3006647e+06	2.8094664e+06	3.4825472e+06
2.6210916e+06	1.4155434e+06	1.2618532e+06	4.0424089e+05	3.5398261e+06	9.1967281e+05	1.1447575e+06	2.3720103e+06	1.0788683e+06	2.9628894e+06	1.2762686e+06	1.8514457e+06	1.6679879e+06	1.1021423e+06	1.4696136e+06	1.3827467e+06	1.3993909e+06	1.3385645e+06	1.1741981e+06	5.5867553e+05	1.4799352e+06	2.0490984e+06	2.3006647e+06	2.8094664e+06	2.1782105e+06
2.6210916e+06	1.4155434e+06	1.2618532e+06	4.0424089e+05	1.5406022e+06	9.1967281e+05	1.1447575e+06	2.3720103e+06	1.0788683e+06	2.9628894e+06	1.2762686e+06	4.9678163e+05	1.6679879e+06	1.1021423e+06	1.4696136e+06	1.3827467e+06	1.3993909e+06	1.3385645e+06	1.1741981e+06	5.5867553e+05	1.4799352e+06	2.0490984e+06	2.3006647e+06	2.8094664e+06	2.1782105e+06
1.1971765e+06	1.4155434e+06	4.8655832e+05	4.0424089e+05	1.5406022e+06	9.1967281e+05	9.4866982e+05	7.7857990e+05	1.0788683e+06	1.6092278e+06	1.2762686e+06	4.9678163e+05	1.6679879e+06	1.1021423e+06	1.1758651e+06	1.3827467e+06	1.3210533e+06	1.3385645e+06	1.1741981e+06	5.5867553e+05	1.4799352e+06	1.9985278e+06	2.3006647e+06	2.8094664e+06	2.1782105e+06
8.6873746e+05	1.4155434e+06	4.8655832e+05	4.0424089e+05	1.3201834e+06	9.1967281e+05	9.4866982e+05	7.7857990e+05	1.0788683e+06	1.6092278e+06	1.2762686e+06	4.9678163e+05	1.6679879e+06	1.1021423e+06	9.3212793e+05	1.3827467e+06	1.3210533e+06	1.3385645e+06	1.1741981e+06	5.5867553e+05	1.4799352e+06	1.9985278e+06	2.3006647e+06	1.4372090e+06	2.1782105e+06
6.4381293e+05	1.4155434e+06	4.8655832e+05	4.0424089e+05	1.3201834e+06	9.1967281e+05	8.8599610e+05	6.6232647e+05	1.0788683e+06	1.6092278e+06	1.2762686e+06	2.3886316e+05	1.6679879e+06	1.1021423e+06	9.3212793e+05	1.3827467e+06	4.5525520e+05	1.3385645e+06	1.1741981e+06	5.5867553e+05	1.4799352e+06	1.9985278e+06	1.8259864e+06	1.4372090e+06	2.1587752e+06
6.4381293e+05	1.0084263e+06	4.8655832e+05	4.0424089e+05	1.3201834e+06	9.1967281e+05	8.7942822e+05	6.6232647e+05	1.0788683e+06	1.2393280e+06	1.2762686e+06	2.3886316e+05	1.6679879e+06	1.1021423e+06	9.3212793e+05	1.3827467e+06	4.5525520e+05	1.3385645e+06	1.1741981e+06	5.5867553e+05	1.4799352e+06	1.9985278e+06	8.8125492e+05	7.2854556e+05	2.1587752e+06
6.4381293e+05	1.0084263e+06	4.7153146e+05	4.0424089e+05	1.3201834e+06	9.1967281e+05	4.3183552e+05	6.6232647e+05	1.0788683e+06	1.0369798e+06	8.4494689e+05	2.3886316e+05	1.0764744e+06	3.7049987e+05	9.3212793e+05	1.3827467e+06	4.5525520e+05	1.3385645e+06	2.6384922e+05	5.5867553e+05	1.4799352e+06	1.9985278e+06	8.8125492e+05	7.2854556e+05	2.1587752e+06
6.4381293e+05	1.0084263e+06	4.7153146e+05	4.0424089e+05	1.3201834e+06	6.1254402e+05	4.3183552e+05	6.6232647e+05	1.0788683e+06	1.0060839e+06	8.4494689e+05	2.3886316e+05	1.0764744e+06	3.7049987e+05	9.3212793e+05	6.9013893e+05	4.5525520e+05	1.3385645e+06	2.6384922e+05	5.5867553e+05	3.9840618e+05	1.9985278e+06	8.8125492e+05	7.2854556e+05	1.1018126e+06
2.0936034e+05	1.0084263e+06	4.7153146e+05	4.0424089e+05	1.3201834e+06	6.1254402e+05	4.3183552e+05	6.6232647e+05	8.1628430e+05	1.0060839e+06	5.0672757e+05	2.3886316e+05	1.9382648e+05	3.7049987e+05	9.3212793e+05	6.9013893e+05	4.5525520e+05	1.3385645e+06	2.6384922e+05	5.5867553e+05	3.9840618e+05	6.7377595e+05	8.8125492e+05	7.2854556e+05	1.1018126e+06
2.0936034e+05	1.0084263e+06	4.7153146e+05	4.0424089e+05	1.3201834e+06	6.1254402e+05	4.3183552e+05	6.6232647e+05	8.1628430e+05	2.8283155e+05	3.5878774e+05	2.3886316e+05	1.9382648e+05	3.7049987e+05	9.3212793e+05	6.9013893e+05	4.5525520e+05	1.3385645e+06	2.6384922e+05	5.5867553e+05	3.9840618e+05	4.4189859e+05	5.1661107e+05	7.2854556e+05	7.6218480e+05
2.0936034e+05	1.0084263e+06	4.7153146e+05	4.0424089e+05	1.3201834e+06	6.1254402e+05	4.3183552e+05	6.6232647e+05	8.1628430e+05	2.8283155e+05	1.0464791e+05	2.3886316e+05	1.9382648e+05	3.7049987e+05	9.3212793e+05	6.9013893e+05	4.5525520e+05	3.2060563e+05	2.6384922e+05	5.5867553e+05	3.9840618e+05	4.4189859e+05	5.1661107e+05	7.2854556e+05	7.6218480e+05
2.0936034e+05	7.8767974e+05	4.7153146e+05	4.0424089e+05	1.3201834e+06	6.1254402e+05	4.3183552e+05	3.7521460e+05	8.1628430e+05	2.8283155e+05	1.0464791e+05	2.3886316e+05	1.9382648e+05	3.7049987e+05	9.3212793e+05	6.9013893e+05	4.5525520e+05	3.2060563e+05	2.4626240e+05	5.5867553e+05	3.9840618e+05	4.4189859e+05	5.1661107e+05	7.2854556e+05	7.6218480e+05
2.0936034e+05	7.8767974e+05	2.4166505e+05	4.0424089e+05	1.3201834e+06	6.1254402e+05	4.3183552e+05	3.7521460e+05	8.1628430e+05	2.8283155e+05	1.0464791e+05	2.3886316e+05	1.9382648e+05	3.7049987e+05	1.6246227e+05	5.1814448e+05	4.5525520e+05	3.2060563e+05	2.4626240e+05	5.5867553e+05	3.9840618e+05	4.4189859e+05	5.1661107e+05	7.2854556e+05	4.2838299e+05
2.0936034e+05	5.3357129e+05	2.4166505e+05	4.0424089e+05	1.3201834e+06	6.1254402e+05	1.8297458e+05	3.7521460e+05	2.0875570e+05	2.8283155e+05	1.0464791e+05	2.3886316e+05	1.9382648e+05	3.7049987e+05	1.6246227e+05	5.1814448e+05	4.5525520e+05	3.2060563e+05	2.4626240e+05	5.5867553e+05	3.9840618e+05	4.4189859e+05	5.1661107e+05	7.2854556e+05	4.2838299e+05
2.0936034e+05	5.3357129e+05	2.4166505e+05	4.0424089e+05	6.5475240e+05	6.1254402e+05	1.8297458e+05	3.7521460e+05	2.0875570e+05	2.8283155e+05	1.0464791e+05	2.3886316e+05	1.9382648e+05	3.7049987e+05	1.6246227e+05	1.2972181e+05	4.5525520e+05	3.2060563e+05	2.4626240e+05	3.5250246e+05	3.9840618e+05	4.4189859e+05	5.1661107e+05	4.4814180e+05	4.2838299e+05
2.0936034e+05	5.3357129e+05	2.4166505e+05	4.0424089e+05	2.8997233e+05	6.1254402e+05	1.8297458e+05	1.8148002e+05	2.0875570e+05	2.8283155e+05	1.0464791e+05	2.3886316e+05	1.9382648e+05	3.7049987e+05	1.6246227e+05	1.2972181e+05	4.5525520e+05	3.2060563e+05	2.4626240e+05	2.6573224e+05	3.9840618e+05	3.2722129e+05	5.1661107e+05	4.4814180e+05	4.2838299e+05
2.0936034e+05	5.3357129e+05	2.4166505e+05	4.0424089e+05	2.8997233e+05	5.2931385e+05	1.8297458e+05	1.8148002e+05	2.0875570e+05	2.8283155e+05	1.0464791e+05	2.3886316e+05	1.9382648e+05	3.7049987e+05	1.6246227e+05	5.6257342e+04	2.6576180e+05	3.2060563e+05	2.4626240e+05	2.6573224e+05	3.9840618e+05	3.2722129e+05	5.1661107e+05	4.4814180e+05	4.2838299e+05
2.0936034e+05	5.3357129e+05	2.4166505e+05	1.4957660e+05	2.8997233e+05	5.2931385e+05	1.8297458e+05	1.2996571e+05	2.0875570e+05	2.8283155e+05	1.0464791e+05	2.3886316e+05	1.9382648e+05	6.7684902e+04	1.6246227e+05	5.6257342e+04	2.6576180e+05	3.2060563e+05	2.4626240e+05	2.6573224e+05	3.1042633e+05	3.2722129e+05	5.1661107e+05	4.4814180e+05	4.2838299e+05
2.0936034e+05	2.3887450e+05	2.4166505e+05	1.4957660e+05	2.8997233e+05	5.2931385e+05	1.5602318e+05	1.0875405e+05	2.0875570e+05	2.8283155e+05	1.0464791e+05	2.3269373e+05	1.1806862e+05	6.7684902e+04	1.0788825e+05	5.6257342e+04	2.6576180e+05	3.2060563e+05	2.4626240e+05	2.6573224e+05	3.1042633e+05	3.2722129e+05	2.3452429e+05	4.4814180e+05	4.2838299e+05
2.0936034e+05	2.3887450e+05	1.8954802e+05	1.4957660e+05	2.8997233e+05	5.2055525e+05	1.5602318e+05	1.0875405e+05	2.0875570e+05	2.8283155e+05	1.0464791e+05	2.3269373e+05	1.1806862e+05	6.7684902e+04	8.2989105e+04	5.6257342e+04	2.6576180e+05	3.2060563e+05	2.4626240e+05	2.6573224e+05	3.1042633e+05	3.2722129e+05	2.2135593e+05	4.4814180e+05	4.2838299e+05
2.0936034e+05	2.3887450e+05	1.8954802e+05	1.4957660e+05	2.8997233e+05	5.2055525e+05	1.5602318e+05	1.0875405e+05	2.0875570e+05	2.8283155e+05	1.0464791e+05	2.3269373e+05	1.1806862e+05	6.7684902e+04	8.2989105e+04	5.6257342e+04	1.0877023e+05	2.5251186e+05	2.4626240e+05	2.6573224e+05	1.5808991e+05	3.2722129e+05	1.2731215e+05	3.9113024e+05	4.2838299e+05
1.8974796e+05	2.3887450e+05	1.8954802e+05	1.4957660e+05	2.8997233e+05	3.4380733e+05	1.5602318e+05	1.0875405e+05	2.0875570e+05	2.6358224e+05	1.0464791e+05	2.3269373e+05	1.1806862e+05	6.7684902e+04	8.2989105e+04	5.6257342e+04	1.0877023e+05	2.5251186e+05	2.4626240e+05	2.2640633e+05	1.5808991e+05	2.7415637e+05	1.2731215e+05	3.9113024e+05	4.2838299e+05
9.3211423e+04	2.3887450e+05	8.8826897e+04	1.4957660e+05	2.8997233e+05	3.4380733e+05	1.5602318e+05	1.0875405e+05	2.0875570e+05	5.6272086e+04	1.0464791e+05	2.1426793e+05	1.1806862e+05	6.7684902e+04	8.2989105e+04	5.6257342e+04	1.0877023e+05	2.5251186e+05	2.4626240e+05	2.2640633e+05	1.5808991e+05	1.6641315e+05	6.1510230e+04	3.9113024e+05	4.2838299e+05
9.3211423e+04	2.3887450e+05	8.8826897e+04	1.4957660e+05	2.8997233e+05	1.3319565e+05	1.4366432e+05	1.0875405e+05	2.0875570e+05	5.6272086e+04	1.0464791e+05	2.1426793e+05	1.1806862e+05	6.7684902e+04	8.2989105e+04	5.6257342e+04	1.0877023e+05	2.5251186e+05	2.4626240e+05	2.2640633e+05	1.4326706e+05	1.0010724e+05	6.1510230e+04	3.9113024e+05	3.4633120e+05
9.3211423e+04	2.3887450e+05	8.8826897e+04	1.4957660e+05	2.8997233e+05	1.3319565e+05	2.6050724e+04	1.0875405e+05	2.0875570e+05	5.6272086e+04	1.0464791e+05	9.9701096e+04	1.1806862e+05	6.7684902e+04	8.2989105e+04	5.6257342e+04	1.0877023e+05	1.9080895e+05	2.4626240e+05	2.2640633e+05	6.3656504e+04	1.0010724e+05	6.1510230e+04	3.9113024e+05	7.5697082e+04
9.3211423e+04	2.3887450e+05	8.8826897e+04	1.4957660e+05	2.0599541e+05	1.3319565e+05	2.6050724e+04	1.0875405e+05	2.0875570e+05	5.6272086e+04	1.0464791e+05	9.9701096e+04	5.8174051e+04	6.7684902e+04	8.2989105e+04	5.6257342e+04	1.0877023e+05	1.7732621e+05	2.4626240e+05	2.2640633e+05	6.3656504e+04	1.0010724e+05	6.1510230e+04	3.9113024e+05	7.5697082e+04
9.3211423e+04	2.3887450e+05	4.3786781e+04	1.1726264e+05	7.1118135e+04	1.3319565e+05	2.6050724e+04	9.5538923e+04	2.0875570e+05	5.6272086e+04	1.0464791e+05	9.9701096e+04	5.8174051e+04	6.7684902e+04	8.2989105e+04	5.6257342e+04	1.0877023e+05	1.7732621e+05	2.3687563e+05	1.8344781e+05	6.3656504e+04	1.0010724e+05	6.1510230e+04	1.1429997e+05	7.5697082e+04
9.3211423e+04	1.6841952e+05	4.3786781e+04	1.1726264e+05	7.1118135e+04	1.3319565e+05	2.6050724e+04	8.8170791e+04	1.8550615e+05	5.6272086e+04	1.0464791e+05	9.9701096e+04	5.8174051e+04	6.7684902e+04	8.2989105e+04	5.6257342e+04	1.0877023e+05	1.7732621e+05	1.4085928e+05	1.8344781e+05	6.3656504e+04	1.0010724e+05	6.1510230e+04	1.1429997e+05	7.5697082e+04
7.9397480e+04	1.4721016e+05	4.3786781e+04	1.1726264e+05	7.1118135e+04	1.3319565e+05	2.6050724e+04	8.8170791e+04	1.8550615e+05	5.6272086e+04	1.0464791e+05	6.9960535e+04	5.8174051e+04	6.7684902e+04	3.0253080e+04	5.6257342e+04	3.7276064e+04	1.2575394e+05	1.1508124e+05	1.3131976e+05	6.3656504e+04	1.0010724e+05	6.1510230e+04	1.1429997e+05	7.5697082e+04
7.9397480e+04	1.4587669e+05	4.3786781e+04	1.1726264e+05	7.1118135e+04	1.3319565e+05	2.6050724e+04	8.7230211e+04	1.8550615e+05	5.6272086e+04	3.2189551e+04	6.9960535e+04	5.8174051e+04	6.0979078e+04	2.5375817e+04	5.6257342e+04	3.7276064e+04	1.1830406e+05	1.1508124e+05	1.3131976e+05	5.5668040e+04	1.0010724e+05	6.1510230e+04	8.5199557e+04	5.1740134e+04
5.0661578e+04	1.4587669e+05	4.3786781e+04	4.1027643e+04	7.1118135e+04	1.1002049e+05	2.6050724e+04	8.7230211e+04	1.8550615e+05	5.6272086e+04	3.2189551e+04	6.9960535e+04	5.8174051e+04	3.2798814e+04	2.5375817e+04	5.6257342e+04	3.7276064e+04	1.0543202e+05	5.3938529e+04	1.2850567e+05	5.5668040e+04	1.0010724e+05	6.1510230e+04	8.5199557e+04	5.1740134e+04
5.0661578e+04	1.4574243e+05	4.3786781e+04	4.1027643e+04	7.1118135e+04	1.1002049e+05	2.6050724e+04	8.7230211e+04	1.2488686e+05	2.6374467e+04	3.2189551e+04	6.9960535e+04	5.8174051e+04	3.2798814e+04	2.5375817e+04	5.6257342e+04	3.7276064e+04	1.0543202e+05	5.3938529e+04	6.5037750e+04	5.5668040e+04	9.2971747e+04	5.4153302e+04	8.5199557e+04	5.1740134e+04
5.0661578e+04	9.4257100e+04	4.3786781e+04	4.1027643e+04	7.1118135e+04	1.1002049e+05	2.6050724e+04	3.3989574e+04	1.2488686e+05	2.6374467e+04	3.2189551e+04	6.9960535e+04	5.8174051e+04	3.2798814e+04	2.5375817e+04	5.6257342e+04	3.7276064e+04	6.0817116e+04	2.2242738e+04	2.7881438e+04	5.5668040e+04	9.2971747e+04	5.4153302e+04	6.9483038e+04	5.1740134e+04
5.0661578e+04	8.6908965e+04	4.3786781e+04	4.1027643e+04	7.1118135e+04	9.5198036e+04	1.9831385e+04	3.3989574e+04	1.2488686e+05	1.7887182e+04	3.2189551e+04	6.9960535e+04	5.8174051e+04	3.2798814e+04	2.5375817e+04	5.6257342e+04	3.7276064e+04	6.0817116e+04	2.2242738e+04	2.7881438e+04	5.5668040e+04	9.2971747e+04	5.4153302e+04	6.9483038e+04	5.1740134e+04
3.5052843e+04	8.6908965e+04	4.3786781e+04	4.1027643e+04	7.1118135e+04	9.5198036e+04	1.9831385e+04	3.3989574e+04	1.2488686e+05	1.7887182e+04	3.2189551e+04	6.9960535e+04	5.8174051e+04	3.2798814e+04	2.5375817e+04	5.6257342e+04	3.7276064e+04	6.0817116e+04	2.2242738e+04	2.7881438e+04	5.5668040e+04	6.7221604e+04	5.4153302e+04	3.1706323e+04	5.1740134e+04
3.5052843e+04	8.6908965e+04	3.9613068e+04	2.5882960e+04	7.1118135e+04	8.8639843e+04	1.9831385e+04	3.3989574e+04	6.6553343e+04	1.7887182e+04	3.2189551e+04	6.7538438e+04	5.8174051e+04	3.2798814e+04	1.8784831e+04	4.1113731e+04	3.7276064e+04	6.0817116e+04	2.2242738e+04	2.7881438e+04	5.5668040e+04	4.9243960e+04	3.4907967e+04	3.1706323e+04	5.1740134e+04
3.5052843e+04	8.6908965e+04	3.9613068e+04	2.5882960e+04	7.1118135e+04	5.5698352e+04	1.9831385e+04	3.3989574e+04	6.6553343e+04	1.7887182e+04	2.2531566e+04	6.1135134e+04	3.5320591e+04	3.2798814e+04	1.8784831e+04	4.1113731e+04	3.7276064e+04	6.0817116e+04	2.2242738e+04	2.7881438e+04	5.5668040e+04	4.9243960e+04	3.4907967e+04	3.1706323e+04	5.1740134e+04
3.4114548e+04	8.6908965e+04	3.6322270e+04	2.5882960e+04	7.1118135e+04	5.5698352e+04	1.9831385e+04	3.3989574e+04	6.6553343e+04	1.7887182e+04	2.2531566e+04	2.4468240e+04	3.5320591e+04	3.2798814e+04	1.8784831e+04	3.2056845e+04	3.7276064e+04	4.9916996e+04	2.2242738e+04	2.7881438e+04	5.5668040e+04	4.9243960e+04	3.2942891e+04	3.1706323e+04	5.1740134e+04
2.7967503e+04	3.6301930e+04	3.6322270e+04	2.1265636e+04	5.9010199e+04	5.5698352e+04	1.9831385e+04	3.3989574e+04	3.2584429e+04	1.7887182e+04	7.1700753e+03	2.4468240e+04	3.5320591e+04	2.6723632e+04	1.8784831e+04	3.2056845e+04	3.7276064e+04	4.2381991e+04	1.5876542e+04	2.7881438e+04	4.7182808e+04	4.9243960e+04	2.1363212e+04	3.1706323e+04	1.5635494e+04
2.7967503e+04	3.6301930e+04	9.0798448e+03	2.1265636e+04	4.2531076e+04	4.1613420e+04	1.9831385e+04	2.9533128e+04	3.2584429e+04	1.7887182e+04	7.1700753e+03	1.4940390e+04	2.7577204e+04	2.6723632e+04	1.8784831e+04	3.2056845e+04	2.6669724e+04	4.2381991e+04	1.5876542e+04	2.7881438e+04	2.6614791e+04	4.9243960e+04	2.1363212e+04	3.1706323e+04	1.5635494e+04
2.6041599e+04	3.6301930e+04	9.0798448e+03	2.1265636e+04	4.2531076e+04	2.8120754e+04	1.9831385e+04	2.1409445e+04	3.2584429e+04	1.7887182e+04	7.1700753e+03	1.4940390e+04	2.7577204e+04	2.6723632e+04	1.8059824e+04	1.2348282e+04	2.6669724e+04	3.6856887e+04	1.5876542e+04	2.7881438e+04	2.6614791e+04	4.9243960e+04	2.1363212e+04	3.1706323e+04	1.5635494e+04
2.1731484e+03	3.6301930e+04	9.0798448e+03	2.1265636e+04	2.9517817e+04	2.8120754e+04	1.5665894e+04	2.1409445e+04	3.2584429e+04	5.3042240e+03	7.1700753e+03	1.4940390e+04	2.7577204e+04	2.6723632e+04	1.6457000e+04	1.2348282e+04	2.6229631e+04	3.6856887e+04	1.5876542e+04	2.3377811e+04	2.6614791e+04	3.7854017e+04	2.1363212e+04	3.1706323e+04	1.5635494e+04
2.1731484e+03	2.4145658e+04	9.0798448e+03	2.1265636e+04	2.9517817e+04	3.8337165e+03	1.5665894e+04	2.1409445e+04	3.2584429e+04	5.3042240e+03	7.1700753e+03	1.4940390e+04	2.7577204e+04	2.6723632e+04	1.6457000e+04	1.2348282e+04	2.6229631e+04	3.6856887e+04	1.5876542e+04	2.3377811e+04	2.6614791e+04	3.7854017e+04	8.6747875e+03	3.1706323e+04	1.5635494e+04
2.1731484e+03	8.7280319e+03	9.0798448e+03	2.1265636e+04	4.9643686e+03	3.8337165e+03	1.5665894e+04	1.9950712e+04	3.2584429e+04	5.3042240e+03	7.1700753e+03	1.3942195e+04	2.7577204e+04	2.6723632e+04	1.6068650e+04	1.2348282e+04	1.4223925e+04	2.7307816e+04	1.5876542e+04	9.7153087e+03	1.7408343e+04	3.7854017e+04	8.6747875e+03	3.1706323e+04	1.5635494e+04
2.1731484e+03	8.7280319e+03	9.0798448e+03	5.9682489e+03	4.9643686e+03	3.8337165e+03	1.5665894e+04	1.7930627e+04	3.2584429e+04	5.3042240e+03	7.1700753e+03	1.3942195e+04	1.2611115e+04	1.5190424e+04	1.6068650e+04	1.2348282e+04	1.4223925e+04	1.5389550e+04	1.5876542e+04	9.7153087e+03	1.7408343e+04	1.9654393e+04	8.6747875e+03	3.1706323e+04	1.5635494e+04
2.1731484e+03	8.7280319e+03	8.5653679e+03	5.9682489e+03	4.9643686e+03	3.8337165e+03	1.5665894e+04	4.6688680e+03	2.3234537e+04	5.3042240e+03	7.1700753e+03	1.3942195e+04	1.2611115e+04	7.6474492e+03	1.3259717e+04	1.2348282e+04	1.4223925e+04	1.5389550e+04	1.5876542e+04	9.7153087e+03	9.5977670e+03	1.9654393e+04	8.6747875e+03	1.0099642e+04	1.5187407e+04
2.1731484e+03	8.7280319e+03	8.5653679e+03	5.9682489e+03	4.9643686e+03	3.8337165e+03	1.5665894e+04	4.6688680e+03	2.3234537e+04	5.3042240e+03	7.1700753e+03	1.3942195e+04	1.2611115e+04	7.6474492e+03	1.3259717e+04	1.2348282e+04	1.0763914e+04	1.5389550e+04	1.4483840e+04	9.7153087e+03	9.5977670e+03	8.3818636e+03	8.6747875e+03	1.0099642e+04	1.5187407e+04
2.1731484e+03	8.7280319e+03	8.5653679e+03	5.9682489e+03	4.9643686e+03	3.8337165e+03	2.8813819e+03	4.6688680e+03	2.3234537e+04	5.3042240e+03	7.1700753e+03	1.3942195e+04	1.2611115e+04	7.6474492e+03	9.2373538e+03	5.5648224e+03	1.0763914e+04	1.5389550e+04	2.7973809e+03	6.8664719e+03	9.5977670e+03	8.3818636e+03	8.6747875e+03	1.0099642e+04	1.5187407e+04
2.1731484e+03	3.1434483e+03	2.3259378e+03	5.9682489e+03	4.9643686e+03	3.8337165e+03	2.8813819e+03	4.6688680e+03	2.3234537e+04	5.3042240e+03	7.1700753e+03	1.3093274e+04	1.2611115e+04	7.6474492e+03	9.2373538e+03	5.5648224e+03	1.0763914e+04	1.5389550e+04	2.7973809e+03	6.8664719e+03	9.5977670e+03	8.3818636e+03	7.7230355e+03	1.0099642e+04	1.5187407e+04
2.1731484e+03	3.1434483e+03	2.3259378e+03	5.9682489e+03	4.9643686e+03	3.8337165e+03	2.8813819e+03	4.6688680e+03	2.3234537e+04	5.3042240e+03	7.1700753e+03	1.3093274e+04	1.2611115e+04	7.6474492e+03	4.9379335e+03	5.5648224e+03	1.0763914e+04	1.5389550e+04	2.7973809e+03	6.8664719e+03	9.5977670e+03	8.3818636e+03	7.7230355e+03	1.0099642e+04	1.3502050e+04
2.1731484e+03	3.1434483e+03	2.3259378e+03	5.9682489e+03	4.9643686e+03	3.8337165e+03	2.8813819e+03	4.6688680e+03	1.4431869e+04	5.3042240e+03	5.8179395e+03	1.1380209e+04	1.2611115e+04	7.6474492e+03	4.9379335e+03	5.5648224e+03	1.0763914e+04	1.5389550e+04	2.7973809e+03	6.8664719e+03	9.5082867e+03	8.3818636e+03	6.4936401e+03	1.0099642e+04	1.2984244e+04
2.1731484e+03	3.1434483e+03	2.3259378e+03	5.9682489e+03	4.9643686e+03	3.8337165e+03	2.8813819e+03	4.6688680e+03	1.4431869e+04	5.3042240e+03	5.8179395e+03	8.8118261e+03	5.8415305e+03	7.0939100e+03	4.9379335e+03	5.5648224e+03	1.0763914e+04	6.4493866e+03	2.7973809e+03	6.8664719e+03	9.5082867e+03	2.4552057e+03	6.4936401e+03	1.0099642e+04	1.2984244e+04
2.1731484e+03	3.1434483e+03	2.3259378e+03	5.9682489e+03	4.9643686e+03	3.8337165e+03	2.4867578e+03	4.6688680e+03	1.4431869e+04	5.3042240e+03	5.8179395e+03	5.7553605e+03	2.1368071e+03	7.0939100e+03	4.9379335e+03	2.5970766e+03	5.0765553e+03	6.4493866e+03	2.7973809e+03	6.8664719e+03	2.2590630e+03	2.4552057e+03	6.4936401e+03	1.0099642e+04	1.2984244e+04
2.1731484e+03	3.1434483e+03	2.3259378e+03	5.2659645e+03	4.9643686e+03	3.8337165e+03	2.4867578e+03	4.6688680e+03	1.3224775e+04	2.8973370e+03	5.8179395e+03	5.7553605e+03	2.1368071e+03	7.0939100e+03	4.9379335e+03	2.5970766e+03	5.0765553e+03	6.4493866e+03	2.7973809e+03	6.8664719e+03	2.2590630e+03	2.4552057e+03	6.4936401e+03	1.0099642e+04	1.2984244e+04
2.1731484e+03	3.1434483e+03	2.3259378e+03	5.2659645e+03	4.5685315e+03	3.8337165e+03	2.4867578e+03	4.6688680e+03	1.2089953e+04	2.8973370e+03	5.8179395e+03	5.7553605e+03	2.1368071e+03	7.0939100e+03	4.5444622e+03	2.5970766e+03	5.0765553e+03	6.4493866e+03	2.7973809e+03	4.7987598e+03	2.2590630e+03	2.4552057e+03	6.4936401e+03	1.0099642e+04	1.2984244e+04
2.0676947e+03	3.1434483e+03	2.3259378e+03	5.2659645e+03	4.5685315e+03	3.8337165e+03	2.4867578e+03	4.6573193e+03	1.0528765e+04	2.8973370e+03	5.2858642e+03	5.7553605e+03	2.1368071e+03	6.8605998e+03	4.5444622e+03	2.5970766e+03	5.0765553e+03	6.4493866e+03	2.7973809e+03	4.0698332e+03	2.2590630e+03	2.4552057e+03	5.0851405e+03	4.2599620e+03	9.6850425e+03
2.0676947e+03	3.1434483e+03	2.3259378e+03	5.2659645e+03	4.5685315e+03	3.8337165e+03	2.4867578e+03	3.9161942e+03	1.0528765e+04	2.8973370e+03	4.9888834e+03	5.7553605e+03	2.1368071e+03	3.2137115e+03	4.5444622e+03	2.5970766e+03	5.0765553e+03	6.4493866e+03	2.7973809e+03	4.0698332e+03	2.2590630e+03	2.4552057e+03	5.0851405e+03	4.2599620e+03	8.0640576e+03
2.0676947e+03	3.1434483e+03	2.3259378e+03	1.7368231e+03	4.5427903e+03	3.8337165e+03	2.4867578e+03	3.9161942e+03	6.4399701e+03	2.6313704e+03	4.4581068e+03	5.7553605e+03	2.1368071e+03	6.8254950e+02	4.1737491e+03	2.5970766e+03	5.0765553e+03	4.7640592e+03	2.7973809e+03	3.8467194e+03	2.2590630e+03	2.4552057e+03	3.5298940e+03	4.2599620e+03	7.0885742e+03
2.0676947e+03	3.1434483e+03	2.3259378e+03	1.7368231e+03	4.5427903e+03	3.5045994e+03	2.4867578e+03	3.9161942e+03	1.4063084e+03	2.6313704e+03	4.4581068e+03	4.5056191e+03	2.1368071e+03	6.8254950e+02	3.6623887e+03	2.5970766e+03	3.5792787e+03	4.2886921e+03	2.7973809e+03	3.8467194e+03	2.2590630e+03	2.4552057e+03	3.5298940e+03	4.2599620e+03	4.7320115e+03
2.0676947e+03	3.1434483e+03	2.3259378e+03	1.7368231e+03	4.5427903e+03	3.5045994e+03	1.1695619e+03	3.6547109e+03	1.4063084e+03	2.6313704e+03	2.8536949e+03	4.2922184e+03	2.1368071e+03	6.8254950e+02	1.9410103e+03	2.5970766e+03	3.2976767e+03	4.2886921e+03	2.7973809e+03	3.8467194e+03	2.2590630e+03	2.4552057e+03	3.5298940e+03	4.2599620e+03	4.7320115e+03
4.5824086e+02	3.1434483e+03	2.3259378e+03	1.7368231e+03	4.5427903e+03	1.4212796e+03	1.1695619e+03	3.6547109e+03	1.4063084e+03	2.6313704e+03	2.8536949e+03	1.2471215e+03	2.1368071e+03	6.8254950e+02	1.9410103e+03	2.5970766e+03	2.4026118e+03	4.2886921e+03	2.7973809e+03	2.3176263e+03	2.2590630e+03	2.4552057e+03	3.5298940e+03	4.2599620e+03	4.2250171e+03
4.5824086e+02	3.1434483e+03	1.9460761e+03	1.7368231e+03	4.5427903e+03	1.4212796e+03	1.1029402e+03	3.6547109e+03	1.4063084e+03	2.6313704e+03	2.3984163e+03	1.2471215e+03	2.1368071e+03	6.8254950e+02	1.9410103e+03	1.4916417e+03	2.4026118e+03	4.2886921e+03	2.7973809e+03	2.3176263e+03	2.2590630e+03	2.4552057e+03	1.4370406e+03	4.2599620e+03	1.9972118e+03
4.5824086e+02	3.1434483e+03	1.9460761e+03	1.7368231e+03	4.5427903e+03	1.4212796e+03	1.1029402e+03	2.2126641e+03	1.4063084e+03	2.6313704e+03	2.3984163e+03	1.2471215e+03	1.7957829e+03	6.8254950e+02	1.9410103e+03	1.4916417e+03	2.4026118e+03	2.9376202e+03	2.7973809e+03	2.3176263e+03	2.2590630e+03	2.4537312e+03	1.4370406e+03	2.8379513e+03	1.9972118e+03
4.5824086e+02	3.1313730e+03	1.9095916e+03	1.7368231e+03	4.5427903e+03	1.4212796e+03	1.1029402e+03	2.2126641e+03	1.4063084e+03	2.6313704e+03	2.3984163e+03	1.2471215e+03	9.9724520e+02	6.8254950e+02	1.9410103e+03	1.4916417e+03	2.4026118e+03	1.3676868e+03	2.3866087e+03	2.3176263e+03	2.2590630e+03	2.4537312e+03	1.4370406e+03	2.8379513e+03	1.9484308e+03
4.5824086e+02	3.1313730e+03	1.9095916e+03	1.3900125e+03	4.5427903e+03	1.4212796e+03	1.1029402e+03	2.2126641e+03	1.4063084e+03	2.5217533e+03	2.3984163e+03	1.2471215e+03	9.9724520e+02	6.8254950e+02	1.4619925e+03	1.4916417e+03	1.7114205e+03	1.3676868e+03	2.2237383e+03	1.0374268e+03	2.2590630e+03	1.6644794e+03	1.4370406e+03	2.8379513e+03	1.9484308e+03
4.5824086e+02	3.1313730e+03	1.8848555e+03	1.3900125e+03	2.8940027e+03	1.4212796e+03	1.1029402e+03	2.2126641e+03	1.4063084e+03	2.3382773e+03	2.3984163e+03	1.2028842e+03	9.9724520e+02	6.8254950e+02	1.4619925e+03	4.4346287e+02	1.7114205e+03	1.3676868e+03	2.2237383e+03	1.0374268e+03	2.2590630e+03	1.6644794e+03	1.4370406e+03	2.8379513e+03	1.9484308e+03
4.5824086e+02	3.1313730e+03	1.8848555e+03	1.3900125e+03	2.8940027e+03	1.4212796e+03	1.1029402e+03	1.3575364e+03	1.4063084e+03	2.3334966e+03	1.3293381e+03	9.3602787e+02	9.9724520e+02	6.8254950e+02	1.1334403e+03	4.4346287e+02	1.7114205e+03	1.3676868e+03	2.2237383e+03	1.0374268e+03	2.1084638e+03	1.6644794e+03	1.3561509e+03	9.9807963e+02	1.9484308e+03
4.5824086e+02	3.1313730e+03	1.8848555e+03	1.3900125e+03	2.8940027e+03	1.4212796e+03	1.1029402e+03	1.3575364e+03	1.4063084e+03	2.0694640e+03	1.3293381e+03	9.3602787e+02	9.9724520e+02	6.8254950e+02	1.1334403e+03	4.4346287e+02	1.1490516e+03	1.3676868e+03	2.2237383e+03	7.4704247e+02	1.3776515e+03	1.6644794e+03	1.3561509e+03	9.9807963e+02	1.6022957e+03
4.5824086e+02	3.1264670e+03	1.2476234e+03	1.2650790e+03	1.5531155e+03	1.4212796e+03	1.0042280e+03	9.0955564e+02	1.4063084e+03	1.4417009e+03	1.1080573e+03	9.3602787e+02	9.9724520e+02	6.8254950e+02	1.1334403e+03	4.4346287e+02	1.1490516e+03	1.3676868e+03	2.1898039e+03	7.4704247e+02	1.3776515e+03	1.6644794e+03	1.3561509e+03	9.9807963e+02	1.6022957e+03
4.5824086e+02	2.8480971e+03	9.7624989e+02	1.0978271e+03	1.5531155e+03	1.4212796e+03	1.0042280e+03	9.0955564e+02	1.4063084e+03	1.4417009e+03	1.1080573e+03	9.3602787e+02	9.9724520e+02	6.8254950e+02	1.1334403e+03	4.4346287e+02	1.1490516e+03	1.3676868e+03	2.1898039e+03	7.4704247e+02	1.3776515e+03	3.6664780e+02	1.1008925e+03	9.9807963e+02	1.6022957e+03
4.5824086e+02	1.7694952e+03	9.7624989e+02	1.0978271e+03	1.0581178e+03	1.3022663e+03	9.7719311e+02	9.0955564e+02	1.4063084e+03	1.4417009e+03	1.1080573e+03	9.3602787e+02	9.9724520e+02	6.8254950e+02	1.1334403e+03	4.4346287e+02	1.1490516e+03	4.9926566e+02	1.4398561e+03	7.4704247e+02	1.3776515e+03	3.6664780e+02	1.1008925e+03	9.9807963e+02	1.5950554e+03
4.5824086e+02	1.3939473e+03	9.7624989e+02	1.0978271e+03	1.0581178e+03	1.3022663e+03	9.0704201e+02	9.0955564e+02	1.4063084e+03	1.4417009e+03	9.4908228e+02	9.2250036e+02	9.9724520e+02	6.8254950e+02	9.3789286e+02	4.4346287e+02	1.1490516e+03	4.9926566e+02	7.8295519e+02	7.4704247e+02	1.0394390e+03	3.6664780e+02	1.1008925e+03	9.9807963e+02	1.2515725e+03
4.5824086e+02	1.3939473e+03	9.7624989e+02	1.0978271e+03	1.0581178e+03	8.6516967e+02	8.7464644e+02	9.0955564e+02	1.4063084e+03	1.4287581e+03	9.4908228e+02	9.2250036e+02	9.9724520e+02	6.8254950e+02	7.6376748e+02	4.4346287e+02	7.7256600e+02	4.9926566e+02	7.8295519e+02	7.4704247e+02	1.0394390e+03	3.6664780e+02	1.1008925e+03	9.9807963e+02	1.0808255e+03
4.5824086e+02	1.3939473e+03	9.7624989e+02	1.0978271e+03	1.0581178e+03	8.6516967e+02	6.2173754e+02	9.0955564e+02	1.4063084e+03	1.2344385e+03	9.4908228e+02	9.2250036e+02	9.9724520e+02	4.9959219e+02	7.6376748e+02	4.4346287e+02	7.7256600e+02	4.9926566e+02	7.8295519e+02	7.4704247e+02	5.1449495e+02	3.6664780e+02	9.9367291e+02	9.9807963e+02	1.0808255e+03
4.5824086e+02	6.1192062e+02	9.7624989e+02	1.0978271e+03	1.0581178e+03	8.6516967e+02	4.5372296e+02	9.0955564e+02	1.4063084e+03	1.2062806e+03	9.4908228e+02	9.2250036e+02	9.9724520e+02	4.9959219e+02	7.6376748e+02	4.4346287e+02	7.7256600e+02	4.9926566e+02	7.8295519e+02	7.4704247e+02	5.1449495e+02	3.6664780e+02	9.9367291e+02	9.9807963e+02	9.0434931e+02
4.5824086e+02	6.1192062e+02	9.7624989e+02	8.5431967e+02	1.0581178e+03	7.8404526e+02	4.5372296e+02	9.0955564e+02	1.4063084e+03	9.9397904e+02	9.1752039e+02	9.2250036e+02	8.8044173e+02	4.9959219e+02	7.0918867e+02	4.4346287e+02	7.7256600e+02	4.9926566e+02	7.8295519e+02	7.4704247e+02	5.1449495e+02	3.6664780e+02	6.5912710e+02	9.9807963e+02	3.0050253e+02
4.5824086e+02	6.1192062e+02	9.7624989e+02	5.2457420e+02	9.5148554e+02	7.8404526e+02	4.5372296e+02	4.5267403e+02	6.2860158e+02	9.9397904e+02	6.0697645e+02	9.2250036e+02	8.8044173e+02	4.9353060e+02	7.0918867e+02	4.4346287e+02	7.7256600e+02	4.9926566e+02	7.8030208e+02	6.1061579e+02	5.1449495e+02	3.6664780e+02	6.2723403e+02	9.9807963e+02	3.0050253e+02
4.5824086e+02	6.1192062e+02	9.7566091e+02	5.2457420e+02	9.3716559e+02	4.7284069e+02	4.5372296e+02	4.5267403e+02	6.2860158e+02	8.8916515e+02	6.0697645e+02	9.2250036e+02	8.8044173e+02	4.9353060e+02	4.2350235e+02	4.4346287e+02	7.7256600e+02	4.9926566e+02	7.8030208e+02	6.1061579e+02	5.1449495e+02	3.6664780e+02	6.2723403e+02	9.9807963e+02	3.0050253e+02
4.5824086e+02	6.1192062e+02	6.0010346e+02	5.2457420e+02	9.3716559e+02	4.7284069e+02	3.5025413e+02	4.5267403e+02	6.2860158e+02	8.8916515e+02	6.0697645e+02	6.2848787e+02	4.8183001e+02	4.9353060e+02	3.8523209e+02	4.4346287e+02	7.7256600e+02	4.9926566e+02	7.6189749e+02	6.1061579e+02	5.1449495e+02	3.6664780e+02	6.2723403e+02	9.9807963e+02	3.0050253e+02
4.5824086e+02	6.1192062e+02	6.0010346e+02	5.2457420e+02	9.3716559e+02	4.7284069e+02	3.5025413e+02	4.5267403e+02	6.2860158e+02	7.5554317e+02	5.7286738e+02	6.2848787e+02	4.8183001e+02	4.9353060e+02	3.8523209e+02	4.4346287e+02	7.7256600e+02	4.9926566e+02	6.7494656e+02	6.1061579e+02	5.1449495e+02	3.6664780e+02	6.2723403e+02	8.4464973e+02	3.0050253e+02
4.5824086e+02	6.1192062e+02	5.5953274e+02	4.9754411e+02	7.6752126e+02	4.7284069e+02	3.2995417e+02	4.5267403e+02	6.2860158e+02	4.6659186e+02	5.7286738e+02	6.2848787e+02	4.8183001e+02	4.9353060e+02	3.8523209e+02	4.4346287e+02	4.4852171e+02	4.9926566e+02	6.4377391e+02	6.1061579e+02	5.1449495e+02	3.6664780e+02	4.3366260e+02	7.5008168e+02	3.0050253e+02
4.5824086e+02	6.1192062e+02	5.5953274e+02	4.7631163e+02	7.6752126e+02	4.7284069e+02	3.2995417e+02	4.5267403e+02	6.2860158e+02	4.6659186e+02	5.7286738e+02	6.2848787e+02	4.8183001e+02	4.5484602e+02	3.1118867e+02	4.4346287e+02	4.4852171e+02	4.9926566e+02	5.7211635e+02	6.1061579e+02	5.1449495e+02	3.6664780e+02	4.3366260e+02	7.5008168e+02	3.0050253e+02
4.5824086e+02	6.1192062e+02	5.5953274e+02	4.7631163e+02	5.5912979e+02	4.7284069e+02	3.2995417e+02	4.5267403e+02	6.2860158e+02	4.6659186e+02	5.0157972e+02	6.2848787e+02	4.0541942e+02	4.5484602e+02	3.1118867e+02	4.4346287e+02	4.4852171e+02	4.9926566e+02	4.1831607e+02	5.5380358e+02	5.0617693e+02	3.6664780e+02	4.3366260e+02	7.5008168e+02	3.0050253e+02
4.5824086e+02	6.1192062e+02	5.2946820e+02	4.1153678e+02	5.5912979e+02	4.7284069e+02	3.2995417e+02	4.5267403e+02	6.2860158e+02	4.6659186e+02	5.0157972e+02	5.9997203e+02	4.0541942e+02	4.1484585e+02	3.1118867e+02	4.3346651e+02	4.4852171e+02	4.3419445e+02	4.1831607e+02	5.5380358e+02	5.0617693e+02	3.6664780e+02	4.3366260e+02	7.5008168e+02	3.0050253e+02
4.5824086e+02	6.0367175e+02	4.5098188e+02	4.1153678e+02	5.5912979e+02	4.1276239e+02	3.2995417e+02	4.5267403e+02	6.2860158e+02	4.6659186e+02	5.0157972e+02	5.6244235e+02	4.0541942e+02	4.1484585e+02	3.1118867e+02	4.3346651e+02	4.4852171e+02	4.3419445e+02	4.0492786e+02	5.1356100e+02	3.9438218e+02	3.6664780e+02	2.9503823e+02	4.7579571e+02	3.0050253e+02
4.5824086e+02	4.6029897e+02	4.3531324e+02	4.1153678e+02	5.5912979e+02	4.1276239e+02	2.6263911e+02	4.3179938e+02	6.0537060e+02	4.1567241e+02	5.0157972e+02	5.6244235e+02	4.0541942e+02	3.7598178e+02	3.1118867e+02	3.5525492e+02	4.4852171e+02	4.3419445e+02	4.0492786e+02	5.1356100e+02	3.9438218e+02	3.6664780e+02	2.9503823e+02	4.7579571e+02	3.0050253e+02
3.4296149e+02	4.6029897e+02	4.3531324e+02	4.1153678e+02	4.5212722e+02	4.1276239e+02	2.6263911e+02	4.3179938e+02	3.9506742e+02	3.9896622e+02	3.3127946e+02	4.3199411e+02	3.9124231e+02	3.7598178e+02	3.1118867e+02	3.5525492e+02	4.4852171e+02	4.3419445e+02	4.0492786e+02	4.8020867e+02	3.9438218e+02	3.6664780e+02	2.9503823e+02	4.7579571e+02	3.0050253e+02
3.4296149e+02	4.6029897e+02	4.3531324e+02	3.5048763e+02	4.5212722e+02	3.7275231e+02	2.4965233e+02	3.2466251e+02	3.9506742e+02	3.9896622e+02	3.3127946e+02	4.1961289e+02	3.9124231e+02	3.2870615e+02	2.6310860e+02	3.5525492e+02	4.4852171e+02	4.3419445e+02	4.0492786e+02	3.6254346e+02	3.4473487e+02	3.6664780e+02	2.9503823e+02	4.7579571e+02	3.0050253e+02
3.4296149e+02	4.3236158e+02	3.7921188e+02	2.6824447e+02	4.5212722e+02	3.7275231e+02	2.4965233e+02	3.2466251e+02	3.9506742e+02	2.8220419e+02	3.3127946e+02	3.8563708e+02	3.0409459e+02	3.2870615e+02	2.6310860e+02	3.5525492e+02	4.4852171e+02	4.3419445e+02	4.0492786e+02	3.6254346e+02	3.4473487e+02	3.6664780e+02	2.9503823e+02	4.7579571e+02	3.0050253e+02
3.4296149e+02	4.3236158e+02	3.7921188e+02	2.6824447e+02	4.3660970e+02	3.7275231e+02	2.4965233e+02	3.2466251e+02	3.9506742e+02	2.8220419e+02	3.3127946e+02	3.8563708e+02	2.8417840e+02	3.2870615e+02	2.6310860e+02	3.5525492e+02	3.4814774e+02	4.3419445e+02	3.6787864e+02	3.2523056e+02	3.4473487e+02	3.6664780e+02	2.9503823e+02	4.2627367e+02	3.0050253e+02
3.3684935e+02	4.3236158e+02	3.3628916e+02	2.6824447e+02	3.6640555e+02	3.7275231e+02	2.4965233e+02	3.2466251e+02	3.8185531e+02	2.8220419e+02	3.2662797e+02	3.4714630e+02	2.7198593e+02	2.3058864e+02	2.6228606e+02	3.5525492e+02	3.4814774e+02	4.3419445e+02	3.6787864e+02	2.2410826e+02	2.2067195e+02	3.0456556e+02	2.9503823e+02	4.1274160e+02	2.7246432e+02
3.3684935e+02	4.1508438e+02	3.3628916e+02	2.6824447e+02	3.0026464e+02	3.5191728e+02	2.4965233e+02	3.2466251e+02	3.3557577e+02	2.4957428e+02	2.8885219e+02	3.3601438e+02	2.7198593e+02	2.3058864e+02	2.6228606e+02	2.8670812e+02	3.4814774e+02	4.3419445e+02	3.2622505e+02	2.2410826e+02	2.2067195e+02	3.0456556e+02	2.9503823e+02	4.0255329e+02	2.7246432e+02
2.7084498e+02	4.1445294e+02	3.3628916e+02	2.6824447e+02	3.0026464e+02	3.3951606e+02	2.4965233e+02	2.8750107e+02	3.3557577e+02	2.4957428e+02	2.3479511e+02	3.3601438e+02	2.7198593e+02	2.3058864e+02	2.4129410e+02	2.8670812e+02	3.4814774e+02	4.3419445e+02	3.2622505e+02	2.2410826e+02	2.2067195e+02	3.0456556e+02	2.9503823e+02	4.0255329e+02	2.5592855e+02
2.7084498e+02	3.5714560e+02	3.2359925e+02	1.9808912e+02	3.0026464e+02	3.3951606e+02	2.3249962e+02	2.5901740e+02	3.3557577e+02	2.4957428e+02	2.3479511e+02	2.8840892e+02	2.7198593e+02	2.3058864e+02	2.4129410e+02	2.6948057e+02	3.4814774e+02	4.3419445e+02	2.8391887e+02	2.2410826e+02	2.2067195e+02	3.0456556e+02	2.9503823e+02	3.4056530e+02	2.5592855e+02
2.7084498e+02	3.5714560e+02	2.8960800e+02	1.9808912e+02	3.0026464e+02	2.6077756e+02	2.3249962e+02	2.5901740e+02	3.3557577e+02	2.4957428e+02	2.3479511e+02	2.8840892e+02	2.3870915e+02	2.3058864e+02	2.4129410e+02	2.6948057e+02	3.2025526e+02	4.2155161e+02	2.8391887e+02	2.2410826e+02	2.0948426e+02	2.9190718e+02	2.9503823e+02	3.4056530e+02	2.5592855e+02
2.6540009e+02	3.0623694e+02	2.7350355e+02	1.9808912e+02	3.0026464e+02	2.6077756e+02	2.3249962e+02	2.5901740e+02	3.3557577e+02	2.4957428e+02	2.3479511e+02	2.8840892e+02	2.3870915e+02	1.9681180e+02	2.4129410e+02	2.6948057e+02	3.1211297e+02	4.2155161e+02	2.8391887e+02	2.2410826e+02	2.0948426e+02	2.9190718e+02	2.5202604e+02	3.4056530e+02	2.5592855e+02
2.6540009e+02	3.0623694e+02	2.7350355e+02	1.9808912e+02	3.0026464e+02	2.6077756e+02	2.1399792e+02	2.4025567e+02	3.3557577e+02	2.4957428e+02	2.3479511e+02	2.7214216e+02	2.3537584e+02	1.9681180e+02	2.4129410e+02	2.6948057e+02	2.9954683e+02	4.1857778e+02	2.8391887e+02	2.2410826e+02	2.0948426e+02	2.9190718e+02	2.5202604e+02	3.4056530e+02	2.3621898e+02
2.3565262e+02	3.0623694e+02	2.6729471e+02	1.9808912e+02	2.9026063e+02	2.6077756e+02	2.1399792e+02	2.4025567e+02	3.3557577e+02	2.4957428e+02	2.3363036e+02	2.7214216e+02	2.3537584e+02	1.9681180e+02	2.3486363e+02	2.6948057e+02	2.9954683e+02	4.1857778e+02	2.3097115e+02	2.2379754e+02	2.0948426e+02	2.9190718e+02	2.5202604e+02	3.4056530e+02	2.3621898e+02
2.3565262e+02	3.0623694e+02	2.5818355e+02	1.9808912e+02	2.9026063e+02	2.6077756e+02	2.1399792e+02	2.2200580e+02	3.0498341e+02	2.4957428e+02	2.3363036e+02	2.5028230e+02	2.2499068e+02	1.9681180e+02	2.3486363e+02	2.2958316e+02	2.4963534e+02	3.1835453e+02	2.3097115e+02	2.2379754e+02	2.0948426e+02	2.9190718e+02	2.4932850e+02	2.7427351e+02	2.3621898e+02
2.3565262e+02	3.0623694e+02	2.4983569e+02	1.9808912e+02	2.9026063e+02	2.6077756e+02	2.1399792e+02	2.2200580e+02	3.0498341e+02	2.3676791e+02	2.3363036e+02	2.5028230e+02	2.2499068e+02	1.9681180e+02	2.2070152e+02	2.2958316e+02	1.9478097e+02	3.1835453e+02	2.3097115e+02	2.2379754e+02	2.0948426e+02	2.9190718e+02	2.4932850e+02	2.6024241e+02	2.3430444e+02
2.3565262e+02	3.0623694e+02	2.3510619e+02	1.9808912e+02	2.9026063e+02	2.6077756e+02	2.1399792e+02	2.2200580e+02	3.0498341e+02	2.3676791e+02	2.3363036e+02	2.5028230e+02	2.0742769e+02	1.9681180e+02	2.2070152e+02	2.2958316e+02	1.9478097e+02	3.1835453e+02	2.3097115e+02	2.2379754e+02	2.0948426e+02	2.9190718e+02	2.4932850e+02	2.1653327e+02	2.0370671e+02
2.3565262e+02	2.6977563e+02	2.3510619e+02	1.9808912e+02	2.9026063e+02	2.4873952e+02	2.0636192e+02	2.2200580e+02	3.0498341e+02	2.3676791e+02	2.0946281e+02	2.5028230e+02	2.0742769e+02	1.9551122e+02	2.1677266e+02	2.2958316e+02	1.9478097e+02	3.1835453e+02	2.2985694e+02	2.2379754e+02	2.0948426e+02	2.8107686e+02	2.4932850e+02	2.1653327e+02	2.0370671e+02
2.2163430e+02	2.6977563e+02	2.2777734e+02	1.9808912e+02	2.8760247e+02	2.4873952e+02	1.8952850e+02	2.2200580e+02	2.4777647e+02	2.0779425e+02	2.0946281e+02	2.5028230e+02	1.8488096e+02	1.9551122e+02	2.1677266e+02	2.2958316e+02	1.9478097e+02	3.1835453e+02	2.2985694e+02	2.2379754e+02	2.0948426e+02	2.6248382e+02	2.4932850e+02	2.1653327e+02	2.0370671e+02
1.7917142e+02	2.6977563e+02	2.2777734e+02	1.9808912e+02	2.5396396e+02	2.4873952e+02	1.8952850e+02	2.2200580e+02	2.4777647e+02	2.0779425e+02	2.0946281e+02	2.2689212e+02	1.6976166e+02	1.9551122e+02	2.1677266e+02	2.2958316e+02	1.9478097e+02	3.1041787e+02	2.2985694e+02	2.2379754e+02	2.0948426e+02	2.6248382e+02	2.4932850e+02	2.1653327e+02	2.0370671e+02
1.7917142e+02	2.6977563e+02	2.2777734e+02	1.9808912e+02	2.3576159e+02	2.4873952e+02	1.8952850e+02	2.2200580e+02	2.2126831e+02	2.0779425e+02	1.9981755e+02	2.2689212e+02	1.6976166e+02	1.8956536e+02	2.0707423e+02	2.0937209e+02	1.9115933e+02	2.5261327e+02	2.2985694e+02	2.0079457e+02	2.0764355e+02	2.6248382e+02	2.4932850e+02	2.1653327e+02	2.0370671e+02
1.7917142e+02	2.6977563e+02	2.0471922e+02	1.9808912e+02	2.3576159e+02	2.2111845e+02	1.8188422e+02	2.1527126e+02	2.2126831e+02	1.9980900e+02	1.9981755e+02	2.2689212e+02	1.6976166e+02	1.8956536e+02	1.7930138e+02	2.0937209e+02	1.9115933e+02	1.9971876e+02	2.2985694e+02	2.0079457e+02	2.0764355e+02	2.6248382e+02	2.4090785e+02	2.1653327e+02	2.0370671e+02
1.7917142e+02	2.3268305e+02	1.8758366e+02	1.9808912e+02	2.3576159e+02	2.2111845e+02	1.8188422e+02	2.0443781e+02	2.2126831e+02	1.9980900e+02	1.9981755e+02	2.2397134e+02	1.5963292e+02	1.8956536e+02	1.7930138e+02	2.0937209e+02	1.9115933e+02	1.9971876e+02	1.9531428e+02	2.0079457e+02	2.0764355e+02	2.6248382e+02	2.4090785e+02	2.1653327e+02	2.0370671e+02
1.7917142e+02	2.3268305e+02	1.8758366e+02	1.7105887e+02	2.3104117e+02	2.2111845e+02	1.8188422e+02	1.7956346e+02	2.2126831e+02	1.8205868e+02	1.9981755e+02	2.2397134e+02	1.5963292e+02	1.8853227e+02	1.7930138e+02	1.9951248e+02	1.7428549e+02	1.9971876e+02	1.9531428e+02	2.0079457e+02	1.7480342e+02	2.5653774e+02	1.9905622e+02	2.1351306e+02	1.8106342e+02
1.7917142e+02	2.3268305e+02	1.8758366e+02	1.7105887e+02	2.0499264e+02	2.2110238e+02	1.8188422e+02	1.7956346e+02	2.2126831e+02	1.8205868e+02	1.9981755e+02	1.8264606e+02	1.5963292e+02	1.8181261e+02	1.7930138e+02	1.5338227e+02	1.7428549e+02	1.9971876e+02	1.8616322e+02	2.0079457e+02	1.7480342e+02	2.5653774e+02	1.9905622e+02	2.1351306e+02	1.7393098e+02
1.7917142e+02	2.3268305e+02	1.7337275e+02	1.7105887e+02	2.0499264e+02	2.2110238e+02	1.6738019e+02	1.7956346e+02	2.2032863e+02	1.7507335e+02	1.8666891e+02	1.8264606e+02	1.5963292e+02	1.6985675e+02	1.7930138e+02	1.5338227e+02	1.7428549e+02	1.9971876e+02	1.8616322e+02	2.0079457e+02	1.7480342e+02	2.2549719e+02	1.9905622e+02	2.1351306e+02	1.7393098e+02
1.7917142e+02	2.3268305e+02	1.7337275e+02	1.7105887e+02	2.0499264e+02	1.8685466e+02	1.6738019e+02	1.5907577e+02	2.2032863e+02	1.7507335e+02	1.8666891e+02	1.8264606e+02	1.5963292e+02	1.6904416e+02	1.7930138e+02	1.5338227e+02	1.7327834e+02	1.9971876e+02	1.8254001e+02	1.8369460e+02	1.7480342e+02	2.2549719e+02	1.9905622e+02	2.1210978e+02	1.7393098e+02
1.7917142e+02	2.3268305e+02	1.7337275e+02	1.7105887e+02	2.0499264e+02	1.8685466e+02	1.6738019e+02	1.5907577e+02	2.1758502e+02	1.7507335e+02	1.8012478e+02	1.8264606e+02	1.5963292e+02	1.6904416e+02	1.6980372e+02	1.5338227e+02	1.7327834e+02	1.9971876e+02	1.8254001e+02	1.8369460e+02	1.7178225e+02	2.2549719e+02	1.9905622e+02	2.1210978e+02	1.7393098e+02
1.7917142e+02	2.3268305e+02	1.7337275e+02	1.7105887e+02	2.0499264e+02	1.8685466e+02	1.6738019e+02	1.5907577e+02	1.9457337e+02	1.7507335e+02	1.6452965e+02	1.8264606e+02	1.5963292e+02	1.6904416e+02	1.6980372e+02	1.5338227e+02	1.7327834e+02	1.9971876e+02	1.7985940e+02	1.8369460e+02	1.6843400e+02	2.2549719e+02	1.9905622e+02	2.0893912e+02	1.7393098e+02
1.7912420e+02	2.2134091e+02	1.6898691e+02	1.7105887e+02	2.0499264e+02	1.8685466e+02	1.6634868e+02	1.5907577e+02	1.7760685e+02	1.7507335e+02	1.6452965e+02	1.8264606e+02	1.4616231e+02	1.5375614e+02	1.6980372e+02	1.5338227e+02	1.7327834e+02	1.9971876e+02	1.7985940e+02	1.7098053e+02	1.6843400e+02	2.2549719e+02	1.9905622e+02	1.9982204e+02	1.7378066e+02
1.7912420e+02	2.2134091e+02	1.5159086e+02	1.7105887e+02	1.8063137e+02	1.8685466e+02	1.6634868e+02	1.5907577e+02	1.7760685e+02	1.7507335e+02	1.6452965e+02	1.8264606e+02	1.4616231e+02	1.4921843e+02	1.6980372e+02	1.5338227e+02	1.7327834e+02	1.9971876e+02	1.7985940e+02	1.7098053e+02	1.6843400e+02	2.2549719e+02	1.9791721e+02	1.4068789e+02	1.7378066e+02
1.7912420e+02	2.2134091e+02	1.2843083e+02	1.7105887e+02	1.8063137e+02	1.8685466e+02	1.6634868e+02	1.5907577e+02	1.7760685e+02	1.7507335e+02	1.4290706e+02	1.8264606e+02	1.4616231e+02	1.4921843e+02	1.6598438e+02	1.5338227e+02	1.6952283e+02	1.9971876e+02	1.7985940e+02	1.7098053e+02	1.6843400e+02	2.0114683e+02	1.8949983e+02	1.4068789e+02	1.6757091e+02
1.7171986e+02	2.0219439e+02	1.2843083e+02	1.7105887e+02	1.8063137e+02	1.6695198e+02	1.5217817e+02	1.4555792e+02	1.7760685e+02	1.4643981e+02	1.4290706e+02	1.8264606e+02	1.4616231e+02	1.4921843e+02	1.4600081e+02	1.5338227e+02	1.6952283e+02	1.8828529e+02	1.7985940e+02	1.7098053e+02	1.6460475e+02	2.0114683e+02	1.7745190e+02	1.4068789e+02	1.5268796e+02
1.7171986e+02	2.0219439e+02	1.2843083e+02	1.6874385e+02	1.8063137e+02	1.6695198e+02	1.5217817e+02	1.4200689e+02	1.7760685e+02	1.4643981e+02	1.4290706e+02	1.4221996e+02	1.2874728e+02	1.4921843e+02	1.4600081e+02	1.3889588e+02	1.6952283e+02	1.5264842e+02	1.7985940e+02	1.7098053e+02	1.6460475e+02	1.8450816e+02	1.7745190e+02	1.4068789e+02	1.5268796e+02
1.7171986e+02	2.0219439e+02	1.2843083e+02	1.5391604e+02	1.7023122e+02	1.6695198e+02	1.5217817e+02	1.4200689e+02	1.7760685e+02	1.4643981e+02	1.2586287e+02	1.4221996e+02	1.2874728e+02	1.4921843e+02	1.4600081e+02	1.3889588e+02	1.5142841e+02	1.5264842e+02	1.7985940e+02	1.5209362e+02	1.3153522e+02	1.7694296e+02	1.7599048e+02	1.4068789e+02	1.5268796e+02
1.5582887e+02	1.8633051e+02	1.2843083e+02	1.5391604e+02	1.5439753e+02	1.2906693e+02	1.5217817e+02	1.4200689e+02	1.7760685e+02	1.4643981e+02	1.2586287e+02	1.4221996e+02	1.2874728e+02	1.4921843e+02	1.4055618e+02	1.3889588e+02	1.5142841e+02	1.5264842e+02	1.7985940e+02	1.5209362e+02	1.3153522e+02	1.7694296e+02	1.7599048e+02	1.4068789e+02	1.5268796e+02
1.5158394e+02	1.8633051e+02	1.2843083e+02	1.5391604e+02	1.5439753e+02	1.2906693e+02	1.5217817e+02	1.4200689e+02	1.5623407e+02	1.4643981e+02	1.2586287e+02	1.4221996e+02	1.2874728e+02	1.3707042e+02	1.4055618e+02	1.3889588e+02	1.5142841e+02	1.5264842e+02	1.7985940e+02	1.4602503e+02	1.3153522e+02	1.7694296e+02	1.7103947e+02	1.4068789e+02	1.4233932e+02
1.5158394e+02	1.8633051e+02	1.2843083e+02	1.5391604e+02	1.5439753e+02	1.2906693e+02	1.5217817e+02	1.4200689e+02	1.5623407e+02	1.4643981e+02	1.2586287e+02	1.4221996e+02	1.2874728e+02	1.3707042e+02	1.4055618e+02	1.3889588e+02	1.5142841e+02	1.5264842e+02	1.7985940e+02	1.4602503e+02	1.3153522e+02	1.7694296e+02	1.7103947e+02	1.4068789e+02	1.4233932e+02
1.2222569e+02	1.7571437e+02	1.2843083e+02	9.8746731e+01	1.5439753e+02	1.2906693e+02	1.3969020e+02	1.4200689e+02	1.5331921e+02	1.4643981e+02	1.2586287e+02	1.4221996e+02	1.2874728e+02	1.3707042e+02	1.3852649e+02	1.3889588e+02	1.5142841e+02	1.5264842e+02	1.7540912e+02	1.4602503e+02	1.3153522e+02	1.7694296e+02	1.4355207e+02	1.4068789e+02	1.4233932e+02
1.2222569e+02	1.7571437e+02	1.2843083e+02	9.8746731e+01	1.5439753e+02	1.2906693e+02	1.3416571e+02	1.4200689e+02	1.5331921e+02	1.4643981e+02	1.2586287e+02	1.4221996e+02	1.2874728e+02	1.3707042e+02	1.2540541e+02	1.3889588e+02	1.5142841e+02	1.5264842e+02	1.6752729e+02	1.4602503e+02	1.3153522e+02	1.7694296e+02	1.4355207e+02	1.4068789e+02	1.4117992e+02
1.2222569e+02	1.7571437e+02	1.2843083e+02	9.8746731e+01	1.5439753e+02	1.2906693e+02	1.2366506e+02	1.3799335e+02	1.4497793e+02	1.4643981e+02	1.2586287e+02	1.4221996e+02	1.2874728e+02	1.3700898e+02	1.2540541e+02	1.3889588e+02	1.3756290e+02	1.5264842e+02	1.5199123e+02	1.4602503e+02	1.3153522e+02	1.6054983e+02	1.3847799e+02	1.4068789e+02	1.4117992e+02
1.2222569e+02	1.7571437e+02	1.2843083e+02	9.8746731e+01	1.5439753e+02	1.2906693e+02	1.2366506e+02	1.3799335e+02	1.3579770e+02	1.4643981e+02	1.2586287e+02	1.4221996e+02	1.2874728e+02	1.3700898e+02	1.2540541e+02	1.3889588e+02	1.3756290e+02	1.4688669e+02	1.2063643e+02	1.4602503e+02	1.3153522e+02	1.4545839e+02	1.3847799e+02	1.4068789e+02	1.4117992e+02
1.2222569e+02	1.6849549e+02	1.2843083e+02	9.8746731e+01	1.5139984e+02	1.2906693e+02	1.2366506e+02	1.3115926e+02	1.3579770e+02	1.4643981e+02	1.2586287e+02	1.4221996e+02	1.2874728e+02	1.2702119e+02	1.1554691e+02	1.3021316e+02	1.3756290e+02	1.3439930e+02	1.2063643e+02	1.1326357e+02	1.3153522e+02	1.4545839e+02	1.3847799e+02	1.4068789e+02	1.1347233e+02
1.2222569e+02	1.6849549e+02	1.2843083e+02	9.8746731e+01	1.5139984e+02	1.2906693e+02	1.2366506e+02	1.3115926e+02	1.3579770e+02	1.4643981e+02	1.2541212e+02	1.4221996e+02	1.2874728e+02	1.2702119e+02	1.1554691e+02	1.1434501e+02	1.3756290e+02	1.3439930e+02	1.2063643e+02	1.1326357e+02	1.3153522e+02	1.4545839e+02	1.3847799e+02	1.4068789e+02	1.1347233e+02
1.2222569e+02	1.6849549e+02	1.2843083e+02	9.8746731e+01	1.5139984e+02	1.2906693e+02	1.2366506e+02	1.3115926e+02	1.3579770e+02	1.4643981e+02	1.2220214e+02	1.4221996e+02	1.2874728e+02	1.2702119e+02	1.1554691e+02	1.1434501e+02	1.3017807e+02	1.3222376e+02	1.2063643e+02	1.1326357e+02	1.3153522e+02	1.4545839e+02	1.3847799e+02	1.4068789e+02	1.1347233e+02
1.2222569e+02	1.6849549e+02	1.2843083e+02	9.8746731e+01	1.5139984e+02	1.2906693e+02	1.2366506e+02	1.3115926e+02	1.3579770e+02	1.0565021e+02	1.2220214e+02	1.2102232e+02	1.2874728e+02	1.2702119e+02	1.1554691e+02	1.1434501e+02	1.3017807e+02	1.3222376e+02	1.2063643e+02	1.1326357e+02	1.3153522e+02	1.4545839e+02	1.1618800e+02	1.4068789e+02	1.1347233e+02
1.2222569e+02	1.3898385e+02	1.2843083e+02	9.8746731e+01	1.5139984e+02	1.2906693e+02	1.2366506e+02	1.3115926e+02	1.3579770e+02	1.0565021e+02	1.2220214e+02	1.2102232e+02	1.2874728e+02	1.2702119e+02	1.1554691e+02	1.1434501e+02	1.3017807e+02	1.3222376e+02	1.1562652e+02	1.1326357e+02	1.3153522e+02	1.4545839e+02	1.1618800e+02	1.4068789e+02	1.1347233e+02
1.2222569e+02	1.1461078e+02	1.2016534e+02	9.8746731e+01	1.4864543e+02	1.2906693e+02	1.0595145e+02	1.3115926e+02	1.2494478e+02	1.0565021e+02	1.2220214e+02	1.2102232e+02	1.2735489e+02	1.2485146e+02	1.1192220e+02	1.1434501e+02	1.3017807e+02	1.3222376e+02	1.1498583e+02	1.1326357e+02	1.0341351e+02	1.4545839e+02	1.1618800e+02	1.4068789e+02	1.1347233e+02
1.1957138e+02	1.1461078e+02	1.1184123e+02	9.8746731e+01	1.4864543e+02	1.2906693e+02	1.0595145e+02	1.2222762e+02	1.2494478e+02	1.0565021e+02	1.1645873e+02	1.2102232e+02	1.2735489e+02	1.0405259e+02	1.1192220e+02	1.1434501e+02	1.2731122e+02	1.3222376e+02	1.1498583e+02	1.1326357e+02	1.0341351e+02	1.4545839e+02	1.1618800e+02	1.4068789e+02	1.0786978e+02
1.1957138e+02	1.1461078e+02	1.1184123e+02	9.8746731e+01	1.3052591e+02	1.2906693e+02	1.0595145e+02	1.2222762e+02	1.1682038e+02	1.0565021e+02	9.7139637e+01	1.2102232e+02	1.1419953e+02	1.0405259e+02	1.1192220e+02	1.0395595e+02	1.2731122e+02	1.3222376e+02	1.1498583e+02	1.1326357e+02	1.0341351e+02	1.4472435e+02	1.1618800e+02	1.4068789e+02	1.0786978e+02
1.1957138e+02	1.1461078e+02	1.1184123e+02	9.8746731e+01	1.3052591e+02	1.2906693e+02	1.0595145e+02	1.1270149e+02	1.0187304e+02	1.0565021e+02	9.7139637e+01	1.2102232e+02	1.1419953e+02	1.0358074e+02	1.0408271e+02	1.0395595e+02	1.2574355e+02	1.3222376e+02	1.1498583e+02	1.1326357e+02	1.0341351e+02	1.4472435e+02	1.1618800e+02	1.3355232e+02	1.0786978e+02
1.1957138e+02	1.1461078e+02	1.1184123e+02	9.8746731e+01	1.3052591e+02	1.2906693e+02	1.0595145e+02	1.1270149e+02	1.0187304e+02	1.0565021e+02	9.7139637e+01	9.0001099e+01	1.1419953e+02	1.0358074e+02	1.0408271e+02	1.0395595e+02	1.0920663e+02	1.2794171e+02	1.1498583e+02	1.1326357e+02	1.0341351e+02	1.3376591e+02	1.1618800e+02	1.3355232e+02	1.0786978e+02
9.2178190e+01	1.1461078e+02	1.0769828e+02	9.8746731e+01	1.3052591e+02	1.2906693e+02	1.0595145e+02	1.1270149e+02	1.0187304e+02	1.0565021e+02	9.7139637e+01	9.0001099e+01	1.0886328e+02	1.0358074e+02	1.0408271e+02	1.0395595e+02	1.0920663e+02	1.2794171e+02	1.1498583e+02	1.1326357e+02	1.0341351e+02	1.3376591e+02	1.1618800e+02	1.3355232e+02	1.0073818e+02
9.2178190e+01	1.1461078e+02	1.0769828e+02	9.8746731e+01	1.3052591e+02	1.2906693e+02	1.0305856e+02	1.1270149e+02	1.0187304e+02	1.0565021e+02	9.7139637e+01	9.0001099e+01	1.0886328e+02	1.0358074e+02	1.0408271e+02	1.0395595e+02	1.0390334e+02	1.2794171e+02	1.1498583e+02	1.1326357e+02	1.0341351e+02	1.3376591e+02	1.1618800e+02	1.3355232e+02	1.0073818e+02
9.2178190e+01	1.1461078e+02	1.0769828e+02	9.8746731e+01	1.3052591e+02	1.2906693e+02	1.0305856e+02	1.1270149e+02	1.0187304e+02	1.0565021e+02	9.7139637e+01	9.0001099e+01	1.0886328e+02	1.0120598e+02	1.0408271e+02	1.0395595e+02	1.0390334e+02	1.2158904e+02	1.1498583e+02	1.1326357e+02	1.0341351e+02	1.1613821e+02	1.1618800e+02	1.3355232e+02	1.0073818e+02
9.2178190e+01	1.0783660e+02	1.0769828e+02	9.8746731e+01	1.2369786e+02	1.2906693e+02	8.2874938e+01	1.1270149e+02	1.0187304e+02	1.0565021e+02	9.7139637e+01	9.0001099e+01	1.0886328e+02	1.0120598e+02	9.9722105e+01	1.0395595e+02	1.0390334e+02	1.2158904e+02	9.2879174e+01	1.1326357e+02	1.0341351e+02	1.1613821e+02	1.1618800e+02	1.3355232e+02	1.0073818e+02
9.2178190e+01	1.0783660e+02	1.0769828e+02	9.8746731e+01	1.1359265e+02	1.2906693e+02	8.2874938e+01	8.7717831e+01	1.0187304e+02	1.0565021e+02	9.7139637e+01	9.0001099e+01	1.0886328e+02	1.0120598e+02	5.0670959e+01	1.0395595e+02	1.0390334e+02	1.2158904e+02	9.2879174e+01	1.1326357e+02	1.0341351e+02	1.1613821e+02	1.1618800e+02	1.1923089e+02	1.0073818e+02
9.2178190e+01	1.0783660e+02	1.0769828e+02	9.8746731e+01	1.1359265e+02	1.2906693e+02	8.2874938e+01	8.7717831e+01	1.0187304e+02	1.0565021e+02	9.7139637e+01	9.0001099e+01	1.0886328e+02	1.0120598e+02	5.0670959e+01	1.0395595e+02	1.0390334e+02	1.1760349e+02	9.2879174e+01	1.1326357e+02	1.0341351e+02	1.1613821e+02	1.1316915e+02	1.1923089e+02	1.0073818e+02
9.2178190e+01	1.0783660e+02	1.0368410e+02	9.8746731e+01	1.1359265e+02	1.2906693e+02	8.2874938e+01	8.7717831e+01	1.0187304e+02	8.6246738e+01	9.7139637e+01	9.0001099e+01	1.0886328e+02	1.0120598e+02	5.0670959e+01	1.0395595e+02	1.0390334e+02	1.1408283e+02	9.2879174e+01	1.1326357e+02	1.0341351e+02	1.1613821e+02	1.1316915e+02	1.1923089e+02	1.0073818e+02
9.1511887e+01	1.0783660e+02	1.0108925e+02	9.8746731e+01	1.1359265e+02	1.2906693e+02	8.2874938e+01	8.7717831e+01	1.0187304e+02	8.6246738e+01	9.1415452e+01	9.0001099e+01	1.0330678e+02	9.9100905e+01	5.0670959e+01	1.0395595e+02	7.9184046e+01	1.1228989e+02	9.2879174e+01	1.0956851e+02	1.0341351e+02	1.1613821e+02	1.0331231e+02	1.1923089e+02	1.0073818e+02
9.1511887e+01	1.0783660e+02	9.8253427e+01	9.7386537e+01	1.1359265e+02	1.2056866e+02	8.2737292e+01	8.7717831e+01	1.0187304e+02	8.6246738e+01	9.1415452e+01	9.0001099e+01	1.0330678e+02	9.9100905e+01	5.0670959e+01	1.0395595e+02	7.9184046e+01	1.1228989e+02	9.2879174e+01	1.0956851e+02	1.0341351e+02	1.1613821e+02	1.0331231e+02	1.1923089e+02	1.0073818e+02
9.1511887e+01	1.0783660e+02	9.8253427e+01	9.7386537e+01	1.1359265e+02	1.2052948e+02	8.2737292e+01	8.7717831e+01	1.0187304e+02	8.6246738e+01	9.1415452e+01	9.0001099e+01	1.0330678e+02	9.9100905e+01	5.0670959e+01	1.0395595e+02	7.9184046e+01	1.0728822e+02	9.2879174e+01	1.0956851e+02	9.1063653e+01	1.0139877e+02	1.0331231e+02	1.1923089e+02	9.1990394e+01
9.0367529e+01	1.0783660e+02	9.6427936e+01	9.7386537e+01	1.1359265e+02	1.1599308e+02	8.2737292e+01	8.7717831e+01	1.0187304e+02	8.6246738e+01	8.9268573e+01	9.0001099e+01	1.0330678e+02	9.9100905e+01	5.0670959e+01	1.0395595e+02	7.9184046e+01	9.4824680e+01	9.2879174e+01	1.0956851e+02	9.1063653e+01	1.0139877e+02	1.0331231e+02	1.1923089e+02	9.1990394e+01
9.0367529e+01	9.1754748e+01	9.0499657e+01	9.3317629e+01	1.1359265e+02	1.1599308e+02	8.2737292e+01	8.7717831e+01	1.0187304e+02	8.6246738e+01	7.2192021e+01	9.0001099e+01	1.0330678e+02	9.9100905e+01	5.0670959e+01	8.5692102e+01	7.9184046e+01	9.4824680e+01	9.2879174e+01	1.0073867e+02	9.1063653e+01	1.0139877e+02	1.0331231e+02	1.1480692e+02	9.1990394e+01
9.0367529e+01	9.1754748e+01	9.0499657e+01	9.3317629e+01	1.1359265e+02	9.0080515e+01	8.2737292e+01	8.7717831e+01	1.0187304e+02	8.6246738e+01	7.2192021e+01	9.0001099e+01	1.0173833e+02	9.9100905e+01	5.0670959e+01	8.5692102e+01	7.9184046e+01	9.4824680e+01	9.1552498e+01	1.0073867e+02	9.1063653e+01	1.0139877e+02	1.0331231e+02	1.0196826e+02	9.1990394e+01
9.0367529e+01	9.1754748e+01	9.0499657e+01	9.3317629e+01	1.1359265e+02	9.0080515e+01	8.2737292e+01	8.7717831e+01	9.4619160e+01	8.6246738e+01	7.2192021e+01	8.3996106e+01	9.9835157e+01	9.9100905e+01	5.0670959e+01	8.5692102e+01	7.9184046e+01	9.4824680e+01	9.1552498e+01	1.0073867e+02	9.1063653e+01	9.2679120e+01	1.0331231e+02	9.8960949e+01	9.1990394e+01
9.0367529e+01	9.1754748e+01	9.0499657e+01	9.3317629e+01	9.9185707e+01	9.0080515e+01	8.2737292e+01	8.7717831e+01	9.4619160e+01	8.6246738e+01	7.2192021e+01	8.3996106e+01	9.9835157e+01	9.9100905e+01	5.0670959e+01	8.5692102e+01	7.9184046e+01	9.4824680e+01	9.1552498e+01	1.0073867e+02	8.6724937e+01	9.2679120e+01	9.6863620e+01	9.8960949e+01	9.1990394e+01
9.0367529e+01	9.1754748e+01	9.0499657e+01	9.1063761e+01	9.9185707e+01	9.0080515e+01	8.2737292e+01	8.7717831e+01	9.4619160e+01	8.6246738e+01	7.2192021e+01	8.3996106e+01	8.8083349e+01	9.9100905e+01	5.0670959e+01	8.5692102e+01	7.9184046e+01	9.4824680e+01	9.1552498e+01	9.8452564e+01	8.6724937e+01	9.2679120e+01	8.3108081e+01	9.8960949e+01	9.1990394e+01
9.0367529e+01	9.0722599e+01	8.6161522e+01	8.6811471e+01	9.9185707e+01	9.0080515e+01	8.2737292e+01	8.7717831e+01	9.4619160e+01	8.4870788e+01	7.2192021e+01	8.3996106e+01	8.0391482e+01	8.2166531e+01	5.0670959e+01	8.5692102e+01	7.9184046e+01	8.7388629e+01	9.1552498e+01	9.8452564e+01	8.6724937e+01	6.9117967e+01	8.3108081e+01	9.8960949e+01	9.1990394e+01
7.8477340e+01	9.0722599e+01	8.6161522e+01	8.2961959e+01	9.5923395e+01	9.0080515e+01	8.2737292e+01	8.7717831e+01	9.4619160e+01	8.4870788e+01	7.2192021e+01	8.3996106e+01	8.0391482e+01	8.2166531e+01	5.0670959e+01	8.5692102e+01	7.9184046e+01	8.7388629e+01	9.1552498e+01	9.8331702e+01	8.6724937e+01	6.9117967e+01	8.3108081e+01	9.8960949e+01	9.1990394e+01
7.8477340e+01	9.0722599e+01	8.6161522e+01	8.2961959e+01	9.5923395e+01	9.0080515e+01	8.2737292e+01	8.7717831e+01	9.4619160e+01	8.4870788e+01	7.0642240e+01	8.3996106e+01	8.0391482e+01	8.2166531e+01	5.0670959e+01	8.5692102e+01	7.9184046e+01	8.7388629e+01	9.1552498e+01	9.8331702e+01	8.6724937e+01	6.9117967e+01	8.3108081e+01	9.8960949e+01	8.9474696e+01
7.8477340e+01	9.0722599e+01	8.6161522e+01	8.2961959e+01	9.5923395e+01	9.0080515e+01	8.2737292e+01	8.7717831e+01	9.0336145e+01	8.4870788e+01	7.0642240e+01	8.3996106e+01	8.0391482e+01	8.2166531e+01	5.0670959e+01	8.5692102e+01	7.9184046e+01	8.7388629e+01	9.1552498e+01	9.8331702e+01	8.6724937e+01	6.9117967e+01	8.3108081e+01	9.8960949e+01	8.9474696e+01
7.8477340e+01	9.0722599e+01	8.6161522e+01	8.2961959e+01	9.5923395e+01	9.0080515e+01	8.2737292e+01	8.7717831e+01	9.0296072e+01	8.4870788e+01	7.0642240e+01	8.3996106e+01	8.0391482e+01	8.2166531e+01	5.0670959e+01	8.5692102e+01	7.9184046e+01	8.3716090e+01	9.1552498e+01	9.7522242e+01	8.6724937e+01	6.9117967e+01	8.3108081e+01	9.8960949e+01	8.9474696e+01
7.8477340e+01	9.0722599e+01	8.6161522e+01	8.2961959e+01	9.5923395e+01	9.0080515e+01	8.2737292e+01	8.7717831e+01	9.0296072e+01	8.4870788e+01	7.0642240e+01	8.3996106e+01	8.0391482e+01	8.2166531e+01	5.0670959e+01	8.3224589e+01	7.9184046e+01	8.3716090e+01	9.1552498e+01	9.7522242e+01	8.6724937e+01	6.9117967e+01	8.3108081e+01	9.8960949e+01	8.9474696e+01
7.8477340e+01	8.2528271e+01	8.6161522e+01	8.2961959e+01	9.5852417e+01	9.0080515e+01	8.2737292e+01	8.7717831e+01	9.0296072e+01	8.1788135e+01	7.0642240e+01	8.3996106e+01	8.0391482e+01	8.2166531e+01	5.0670959e+01	7.2391975e+01	7.9184046e+01	8.3716090e+01	9.1552498e+01	9.7522242e+01	8.6724937e+01	6.9117967e+01	8.3108081e+01	9.8960949e+01	8.9474696e+01
7.8477340e+01	8.2528271e+01	8.6161522e+01	8.2961959e+01	9.5852417e+01	9.0080515e+01	7.3814252e+01	8.7717831e+01	9.0296072e+01	8.1788135e+01	7.0642240e+01	8.3996106e+01	8.0391482e+01	8.2166531e+01	5.0670959e+01	7.2391975e+01	7.9184046e+01	8.3716090e+01	9.1552498e+01	9.7522242e+01	8.6724937e+01	6.9117967e+01	8.3108081e+01	9.4384912e+01	8.9474696e+01
7.8477340e+01	8.2528271e+01	8.6161522e+01	8.2961959e+01	8.6835827e+01	9.0080515e+01	7.3814252e+01	8.1516421e+01	9.0296072e+01	8.1788135e+01	7.0642240e+01	8.3996106e+01	8.0391482e+01	8.2166531e+01	5.0670959e+01	7.2391975e+01	7.9184046e+01	8.2289416e+01	9.1552498e+01	9.5419947e+01	8.6724937e+01	6.9117967e+01	8.0896548e+01	9.4384912e+01	8.9474696e+01
7.8477340e+01	8.2528271e+01	8.6161522e+01	8.2961959e+01	8.6835827e+01	9.0080515e+01	7.3814252e+01	8.1516421e+01	9.0296072e+01	8.1788135e+01	7.0642240e+01	8.3996106e+01	8.0391482e+01	8.2166531e+01	5.0670959e+01	7.2391975e+01	7.9184046e+01	8.2289416e+01	8.3846634e+01	8.9406075e+01	8.6724937e+01	6.9117967e+01	8.0896548e+01	8.3163619e+01	8.9474696e+01
7.8334699e+01	8.2528271e+01	8.6161522e+01	8.2961959e+01	8.6835827e+01	9.0080515e+01	7.3814252e+01	8.1516421e+01	7.2285339e+01	8.1788135e+01	7.0642240e+01	8.3996106e+01	7.6712623e+01	8.2166531e+01	5.0670959e+01	7.2391975e+01	7.9184046e+01	8.2289416e+01	8.2445394e+01	8.9406075e+01	8.6724937e+01	6.9117967e+01	8.0896548e+01	7.8205134e+01	8.9474696e+01
7.8334699e+01	8.2528271e+01	7.6495429e+01	8.2961959e+01	8.6835827e+01	9.0080515e+01	7.3814252e+01	8.1516421e+01	7.2285339e+01	8.1788135e+01	7.0642240e+01	8.3996106e+01	6.4252065e+01	8.2166531e+01	5.0670959e+01	7.2391975e+01	7.9184046e+01	8.2289416e+01	8.2445394e+01	8.9406075e+01	8.6724937e+01	6.9117967e+01	8.0896548e+01	7.8205134e+01	8.5235907e+01
7.0884039e+01	8.2528271e+01	7.6495429e+01	8.2961959e+01	8.6835827e+01	9.0080515e+01	7.3814252e+01	8.1516421e+01	7.2285339e+01	6.7927078e+01	7.0642240e+01	8.3996106e+01	6.4252065e+01	8.2166531e+01	5.0670959e+01	7.2391975e+01	7.9184046e+01	8.2289416e+01	8.2445394e+01	8.0428176e+01	8.0680120e+01	6.9117967e+01	8.0896548e+01	7.8205134e+01	8.5235907e+01
7.0884039e+01	8.2528271e+01	7.6495429e+01	8.2961959e+01	8.6835827e+01	9.0080515e+01	7.3814252e+01	8.1516421e+01	7.2285339e+01	6.7927078e+01	7.0642240e+01	8.3996106e+01	6.4252065e+01	8.2166531e+01	5.0670959e+01	7.2391975e+01	7.9184046e+01	8.2289416e+01	8.2445394e+01	8.0428176e+01	8.0680120e+01	6.9117967e+01	8.0896548e+01	7.8205134e+01	8.5235907e+01
7.0884039e+01	8.2528271e+01	7.6495429e+01	8.0036944e+01	8.6835827e+01	9.0080515e+01	7.3814252e+01	8.1516421e+01	7.2285339e+01	6.7927078e+01	7.0642240e+01	8.3996106e+01	6.4252065e+01	8.2166531e+01	5.0670959e+01	7.2391975e+01	7.9184046e+01	8.2289416e+01	8.2445394e+01	8.0428176e+01	8.0680120e+01	6.9117967e+01	8.0896548e+01	7.8205134e+01	8.5235907e+01
6.8250864e+01	8.2528271e+01	7.6495429e+01	8.0036944e+01	8.6835827e+01	8.6174194e+01	7.3814252e+01	8.1516421e+01	7.2285339e+01	6.7927078e+01	7.0642240e+01	8.3996106e+01	6.4252065e+01	8.2166531e+01	5.0670959e+01	6.8128735e+01	7.9184046e+01	8.2289416e+01	8.2445394e+01	8.0428176e+01	6.6119390e+01	6.9117967e+01	8.0896548e+01	7.8205134e+01	7.9153408e+01
6.8250864e+01	8.2528271e+01	7.6495429e+01	8.0036944e+01	7.9391054e+01	8.6174194e+01	7.3814252e+01	8.1516421e+01	7.2285339e+01	6.7927078e+01	7.0642240e+01	8.3996106e+01	6.4252065e+01	8.2166531e+01	5.0670959e+01	6.8128735e+01	7.9184046e+01	8.2289416e+01	8.2445394e+01	8.0428176e+01	6.6119390e+01	6.9117967e+01	8.0896548e+01	7.8205134e+01	7.9153408e+01
6.8250864e+01	8.2528271e+01	7.6495429e+01	8.0036944e+01	7.9391054e+01	8.6174194e+01	7.3814252e+01	8.1516421e+01	6.4738056e+01	6.7927078e+01	7.0642240e+01	8.3996106e+01	6.4252065e+01	8.2166531e+01	5.0670959e+01	6.8128735e+01	7.9184046e+01	8.2289416e+01	8.2445394e+01	8.0428176e+01	6.6119390e+01	6.9117967e+01	8.0896548e+01	7.8205134e+01	7.9153408e+01
6.8250864e+01	8.2528271e+01	7.6495429e+01	8.0036944e+01	7.9391054e+01	8.6174194e+01	7.3814252e+01	8.1516421e+01	6.4738056e+01	6.7927078e+01	7.0642240e+01	8.3996106e+01	6.4252065e+01	7.3751539e+01	5.0670959e+01	6.8128735e+01	7.9184046e+01	8.2289416e+01	7.5078035e+01	8.0428176e+01	6.6119390e+01	6.9117967e+01	8.0896548e+01	7.8205134e+01	7.9153408e+01
6.8250864e+01	8.2528271e+01	7.6495429e+01	8.0036944e+01	7.9391054e+01	8.6174194e+01	7.3814252e+01	8.1516421e+01	6.4738056e+01	6.7927078e+01	7.0642240e+01	8.3996106e+01	6.4252065e+01	7.3751539e+01	5.0670959e+01	6.8128735e+01	7.9184046e+01	8.2289416e+01	7.5078035e+01	8.0428176e+01	6.6119390e+01	6.9117967e+01	8.0896548e+01	7.7310335e+01	7.9153408e+01
6.8250864e+01	8.2528271e+01	7.6495429e+01	8.0036944e+01	7.9391054e+01	8.6174194e+01	7.3814252e+01	8.1516421e+01	6.4738056e+01	6.7927078e+01	7.0642240e+01	8.3996106e+01	6.4252065e+01	7.3751539e+01	5.0670959e+01	6.8128735e+01	7.9184046e+01	8.0375238e+01	7.5078035e+01	8.0428176e+01	6.6119390e+01	6.9117967e+01	8.0896548e+01	6.9770124e+01	7.9153408e+01
6.8250864e+01	8.2528271e+01	7.6495429e+01	8.0036944e+01	7.9391054e+01	8.4606648e+01	7.3814252e+01	8.1516421e+01	6.4738056e+01	6.7927078e+01	7.0642240e+01	8.3996106e+01	6.4252065e+01	6.8411431e+01	5.0670959e+01	6.8128735e+01	7.9184046e+01	8.0375238e+01	7.5078035e+01	8.0428176e+01	6.6119390e+01	6.9117967e+01	8.0896548e+01	6.9770124e+01	7.9153408e+01
6.8250864e+01	8.2528271e+01	7.6495429e+01	8.0036944e+01	7.9391054e+01	8.4606648e+01	7.3814252e+01	8.1516421e+01	6.4738056e+01	6.7927078e+01	7.0642240e+01	8.3996106e+01	6.4252065e+01	5.7668870e+01	5.0670959e+01	6.8128735e+01	7.9184046e+01	8.0375238e+01	7.5078035e+01	8.0428176e+01	6.6119390e+01	6.9117967e+01	8.0896548e+01	6.9770124e+01	7.9153408e+01
6.8250864e+01	8.2528271e+01	7.6495429e+01	8.0036944e+01	7.9391054e+01	8.4606648e+01	7.3814252e+01	8.1516421e+01	6.4738056e+01	6.7927078e+01	7.0642240e+01	8.3996106e+01	6.4252065e+01	5.7668870e+01	5.0670959e+01	6.8128735e+01	7.9184046e+01	8.0375238e+01	7.5078035e+01	8.0428176e+01	6.6119390e+01	6.9117967e+01	7.9896657e+01	6.9770124e+01	7.9153408e+01
6.8250864e+01	6.5986922e+01	7.6495429e+01	8.0036944e+01	7.9391054e+01	8.1852998e+01	7.3814252e+01	8.1516421e+01	6.4738056e+01	6.7927078e+01	7.0642240e+01	8.3996106e+01	6.4252065e+01	5.7668870e+01	5.0670959e+01	6.8128735e+01	7.9184046e+01	8.0375238e+01	7.5078035e+01	8.0428176e+01	6.6119390e+01	6.9117967e+01	7.9896657e+01	6.9770124e+01	7.9153408e+01
6.8250864e+01	6.5986922e+01	7.5267028e+01	8.0036944e+01	7.9391054e+01	8.1852998e+01	7.3814252e+01	8.1516421e+01	6.4738056e+01	6.7927078e+01	7.0642240e+01	8.3996106e+01	6.4252065e+01	5.7668870e+01	5.0670959e+01	6.8128735e+01	7.9184046e+01	8.0375238e+01	7.5078035e+01	8.0428176e+01	6.6119390e+01	6.9117967e+01	7.9896657e+01	6.9770124e+01	7.9153408e+01
6.8250864e+01	6.5986922e+01	7.5267028e+01	8.0036944e+01	7.9391054e+01	8.1852998e+01	7.3814252e+01	8.1516421e+01	6.4738056e+01	6.7927078e+01	7.0642240e+01	6.4654712e+01	6.4252065e+01	5.7668870e+01	5.0670959e+01	6.8128735e+01	7.9184046e+01	8.0375238e+01	7.5078035e+01	6.9995955e+01	6.6119390e+01	6.9117967e+01	7.9896657e+01	6.9770124e+01	7.9153408e+01
6.8250864e+01	6.5986922e+01	7.5267028e+01	8.0036944e+01	7.9391054e+01	8.1852998e+01	7.3814252e+01	8.1516421e+01	6.4738056e+01	6.7927078e+01	7.0642240e+01	6.4654712e+01	6.4252065e+01	5.7668870e+01	5.0670959e+01	6.8128735e+01	7.9184046e+01	8.0375238e+01	7.5078035e+01	6.9995955e+01	6.6119390e+01	6.9117967e+01	7.9896657e+01	6.9770124e+01	7.6011364e+01
6.8250864e+01	6.5986922e+01	7.5267028e+01	8.0036944e+01	7.9391054e+01	8.1852998e+01	7.3814252e+01	8.1516421e+01	6.4738056e+01	6.7927078e+01	7.0642240e+01	6.4654712e+01	6.4252065e+01	5.7668870e+01	5.0670959e+01	6.1804553e+01	7.9184046e+01	7.7840623e+01	7.5078035e+01	6.9995955e+01	6.6119390e+01	6.9117967e+01	7.9539324e+01	6.9770124e+01	7.6011364e+01
6.8250864e+01	6.5986922e+01	7.5267028e+01	7.7199212e+01	6.5309479e+01	8.0955288e+01	7.3814252e+01	7.1099776e+01	6.4738056e+01	6.7927078e+01	6.8815577e+01	6.4654712e+01	6.4252065e+01	5.7668870e+01	5.0670959e+01	6.1804553e+01	6.4527028e+01	7.7840623e+01	7.5078035e+01	6.9995955e+01	6.6119390e+01	6.9117967e+01	7.9539324e+01	6.9770124e+01	7.6011364e+01
6.8250864e+01	6.5986922e+01	7.5267028e+01	7.7199212e+01	6.5309479e+01	8.0955288e+01	7.3814252e+01	7.1099776e+01	6.4738056e+01	6.7927078e+01	6.8815577e+01	6.4654712e+01	6.4252065e+01	5.7668870e+01	5.0670959e+01	6.1137900e+01	6.4527028e+01	7.7840623e+01	6.7084418e+01	6.9995955e+01	6.6119390e+01	6.9117967e+01	6.1439840e+01	6.2169432e+01	7.6011364e+01
6.8250864e+01	6.5986922e+01	7.3127641e+01	7.4695042e+01	6.5309479e+01	7.6257385e+01	7.3814252e+01	7.1099776e+01	6.4738056e+01	6.7927078e+01	6.8815577e+01	6.4654712e+01	6.4252065e+01	5.7668870e+01	5.0670959e+01	6.1137900e+01	6.4527028e+01	7.7840623e+01	6.7084418e+01	6.9995955e+01	6.6119390e+01	6.9117967e+01	6.1439840e+01	6.2169432e+01	7.6011364e+01
6.8250864e+01	6.5986922e+01	6.7938034e+01	7.4695042e+01	6.5309479e+01	7.6257385e+01	7.3814252e+01	7.1099776e+01	6.4738056e+01	5.8531282e+01	6.8815577e+01	6.4654712e+01	6.4252065e+01	5.7668870e+01	5.0670959e+01	6.1137900e+01	6.4527028e+01	7.7840623e+01	6.7084418e+01	6.9995955e+01	6.6119390e+01	6.9117967e+01	6.1439840e+01	6.2169432e+01	7.6011364e+01
6.8250864e+01	6.5986922e+01	6.7938034e+01	7.4695042e+01	6.5309479e+01	7.6257385e+01	7.3814252e+01	7.1099776e+01	6.4738056e+01	5.8531282e+01	6.8815577e+01	6.4654712e+01	6.4252065e+01	5.7668870e+01	5.0670959e+01	6.1137900e+01	6.4527028e+01	7.7840623e+01	6.7084418e+01	6.9995955e+01	6.6119390e+01	6.9117967e+01	6.1439840e+01	6.2169432e+01	7.6011364e+01
6.8250864e+01	6.5986922e+01	6.7938034e+01	7.3427486e+01	6.5309479e+01	7.6257385e+01	7.3814252e+01	7.1099776e+01	6.4738056e+01	5.8531282e+01	6.8815577e+01	6.4654712e+01	6.4252065e+01	5.7668870e+01	5.0670959e+01	6.1137900e+01	6.4527028e+01	7.7840623e+01	6.7084418e+01	6.9995955e+01	6.6119390e+01	6.9117967e+01	6.1439840e+01	6.2169432e+01	7.6011364e+01
6.8250864e+01	6.5986922e+01	6.7938034e+01	7.3427486e+01	6.5309479e+01	7.6257385e+01	7.3253709e+01	7.1099776e+01	6.4738056e+01	5.8531282e+01	6.8815577e+01	6.4654712e+01	6.4252065e+01	5.7668870e+01	5.0670959e+01	6.1137900e+01	6.4527028e+01	7.7840623e+01	6.7084418e+01	6.9995955e+01	6.6119390e+01	6.9117967e+01	6.1439840e+01	6.2169432e+01	7.5836547e+01
6.1328192e+01	6.5986922e+01	6.7938034e+01	7.3427486e+01	6.5309479e+01	7.6257385e+01	7.3253709e+01	7.1099776e+01	6.4738056e+01	5.8531282e+01	5.9571396e+01	6.4654712e+01	6.4252065e+01	5.7668870e+01	5.0670959e+01	6.1137900e+01	6.4527028e+01	7.7840623e+01	6.7084418e+01	6.9995955e+01	6.6119390e+01	6.9117967e+01	6.1439840e+01	6.2169432e+01	7.5836547e+01
6.1328192e+01	6.5986922e+01	6.7938034e+01	7.0892504e+01	6.5309479e+01	7.2315410e+01	7.3253709e+01	6.6396862e+01	6.4738056e+01	5.8531282e+01	5.9571396e+01	6.4654712e+01	6.4252065e+01	5.7668870e+01	5.0670959e+01	6.1137900e+01	6.4527028e+01	7.7840623e+01	6.7084418e+01	6.9995955e+01	6.6119390e+01	6.9117967e+01	6.1439840e+01	6.2169432e+01	7.5836547e+01
6.1328192e+01	6.5986922e+01	6.7938034e+01	7.0892504e+01	6.5309479e+01	7.2315410e+01	7.3253709e+01	6.6396862e+01	6.4738056e+01	5.8531282e+01	5.9571396e+01	6.4654712e+01	6.4252065e+01	5.7668870e+01	5.0670959e+01	6.1137900e+01	6.4527028e+01	7.7840623e+01	6.7084418e+01	6.9995955e+01	6.6119390e+01	6.9117967e+01	6.1439840e+01	6.2169432e+01	7.5171756e+01
6.1328192e+01	6.5986922e+01	6.7938034e+01	7.0892504e+01	6.5309479e+01	7.2315410e+01	7.3253709e+01	6.6396862e+01	6.4738056e+01	5.8531282e+01	5.9571396e+01	6.4654712e+01	6.4252065e+01	5.7668870e+01	5.0670959e+01	6.1137900e+01	6.4527028e+01	7.7840623e+01	6.7084418e+01	6.9995955e+01	6.6119390e+01	6.9117967e+01	5.3481969e+01	6.2169432e+01	6.9973704e+01
6.1328192e+01	6.5986922e+01	6.7938034e+01	7.0892504e+01	6.5309479e+01	7.2315410e+01	7.3253709e+01	6.6396862e+01	6.4738056e+01	5.8531282e+01	5.9571396e+01	6.4654712e+01	6.4252065e+01	5.7668870e+01	5.0670959e+01	6.1137900e+01	6.3664894e+01	7.7840623e+01	6.7084418e+01	6.9995955e+01	6.6119390e+01	6.9117967e+01	5.3481969e+01	6.2169432e+01	6.9973704e+01
6.1328192e+01	6.5986922e+01	6.7938034e+01	7.0892504e+01	6.5309479e+01	7.2315410e+01	7.3253709e+01	6.6396862e+01	6.4738056e+01	5.8531282e+01	5.9571396e+01	6.4654712e+01	6.4252065e+01	5.7668870e+01	5.0670959e+01	6.1137900e+01	6.3664894e+01	7.7840623e+01	6.7084418e+01	6.9995955e+01	6.6119390e+01	6.9117967e+01	5.3481969e+01	6.2169432e+01	6.9973704e+01
6.1328192e+01	6.5986922e+01	6.7938034e+01	7.0892504e+01	6.5309479e+01	7.2315410e+01	7.3253709e+01	6.6396862e+01	6.4738056e+01	5.8531282e+01	5.9571396e+01	6.4654712e+01	6.4252065e+01	5.7668870e+01	5.0670959e+01	6.1137900e+01	6.3664894e+01	7.7840623e+01	6.7084418e+01	6.9995955e+01	6.6119390e+01	6.9117967e+01	5.3481969e+01	6.2169432e+01	6.9973704e+01
6.1328192e+01	6.5986922e+01	6.7938034e+01	7.0892504e+01	6.5309479e+01	7.2315410e+01	7.3253709e+01	6.6396862e+01	6.4738056e+01	5.8531282e+01	5.9571396e+01	6.4654712e+01	6.4252065e+01	5.7668870e+01	5.0670959e+01	6.1137900e+01	6.3664894e+01	7.5398652e+01	6.7084418e+01	6.9995955e+01	6.6119390e+01	6.9117967e+01	5.3481969e+01	6.2169432e+01	6.9973704e+01
6.1328192e+01	6.5986922e+01	6.7938034e+01	7.0892504e+01	6.5309479e+01	7.2315410e+01	7.3253709e+01	6.6396862e+01	6.4738056e+01	5.8531282e+01	5.9571396e+01	6.4654712e+01	6.4252065e+01	5.7668870e+01	5.0670959e+01	6.1137900e+01	6.3664894e+01	7.5398652e+01	6.7084418e+01	6.9995955e+01	6.6119390e+01	6.9117967e+01	5.3481969e+01	6.2169432e+01	6.4507525e+01
6.1328192e+01	6.5986922e+01	6.7938034e+01	7.0892504e+01	6.5309479e+01	7.2315410e+01	7.3253709e+01	6.6396862e+01	6.4738056e+01	5.8531282e+01	5.9571396e+01	6.4654712e+01	6.4252065e+01	5.7668870e+01	5.0670959e+01	6.1137900e+01	6.3664894e+01	7.5398652e+01	6.7084418e+01	6.8881742e+01	6.6119390e+01	6.9117967e+01	5.3481969e+01	6.2169432e+01	6.4507525e+01
6.1328192e+01	6.5986922e+01	6.7938034e+01	7.0892504e+01	6.5309479e+01	7.2315410e+01	7.3253709e+01	6.6119199e+01	6.4738056e+01	5.8531282e+01	5.9571396e+01	6.4654712e+01	6.4252065e+01	5.7668870e+01	5.0670959e+01	6.1137900e+01	6.3664894e+01	7.5398652e+01	6.7084418e+01	6.8881742e+01	6.2754461e+01	6.9117967e+01	5.3481969e+01	6.2169432e+01	6.4507525e+01
6.1328192e+01	6.5986922e+01	6.7938034e+01	6.8253004e+01	6.5309479e+01	7.2315410e+01	7.3253709e+01	6.6119199e+01	6.4738056e+01	5.8531282e+01	5.9571396e+01	6.4654712e+01	6.4252065e+01	5.7668870e+01	5.0670959e+01	6.1137900e+01	6.3664894e+01	6.2863507e+01	6.7084418e+01	6.8881742e+01	6.2754461e+01	6.9117967e+01	5.3481969e+01	6.2169432e+01	6.4507525e+01
6.1328192e+01	6.5986922e+01	6.7938034e+01	6.8253004e+01	6.5309479e+01	7.2315410e+01	7.3253709e+01	6.6119199e+01	6.4738056e+01	5.8531282e+01	5.9571396e+01	6.4654712e+01	6.4252065e+01	5.7668870e+01	5.0670959e+01	6.1137900e+01	6.3664894e+01	6.2863507e+01	6.7084418e+01	6.8881742e+01	6.2754461e+01	6.9117967e+01	5.3481969e+01	6.2169432e+01	6.4507525e+01
6.1328192e+01	6.5986922e+01	6.7938034e+01	6.8253004e+01	6.5309479e+01	7.2315410e+01	7.1710950e+01	6.6119199e+01	6.4738056e+01	5.8531282e+01	5.9571396e+01	6.4654712e+01	6.4252065e+01	5.7668870e+01	5.0670959e+01	6.1137900e+01	6.3664894e+01	6.2863507e+01	6.7084418e+01	6.8881742e+01	6.2754461e+01	6.9117967e+01	5.3481969e+01	6.2169432e+01	6.4507525e+01
6.1328192e+01	6.5986922e+01	6.7938034e+01	6.8253004e+01	6.5309479e+01	7.2315410e+01	7.1710950e+01	6.6119199e+01	6.4738056e+01	5.8531282e+01	5.9571396e+01	6.4654712e+01	6.4252065e+01	5.7668870e+01	5.0670959e+01	6.1137900e+01	6.3664894e+01	6.2863507e+01	6.7084418e+01	6.8881742e+01	6.2754461e+01	6.9117967e+01	5.3481969e+01	6.2169432e+01	6.4507525e+01
6.1328192e+01	6.5986922e+01	6.7938034e+01	6.8253004e+01	6.5309479e+01	7.2315410e+01	7.1710950e+01	6.6119199e+01	6.4738056e+01	5.8531282e+01	5.9571396e+01	6.4654712e+01	6.4252065e+01	5.7668870e+01	5.0670959e+01	6.1137900e+01	6.3664894e+01	6.2863507e+01	6.7084418e+01	6.8881742e+01	6.2754461e+01	6.9117967e+01	5.3481969e+01	6.2169432e+01	6.4507525e+01
6.1328192e+01	6.5986922e+01	6.7938034e+01	6.8253004e+01	6.5309479e+01	7.2315410e+01	7.1710950e+01	6.6119199e+01	6.4738056e+01	5.8531282e+01	5.9571396e+01	6.4654712e+01	6.4252065e+01	5.7668870e+01	5.0670959e+01	6.1137900e+01	6.3664894e+01	6.2863507e+01	6.7084418e+01	6.8881742e+01	6.2754461e+01	6.9117967e+01	5.3481969e+01	6.2169432e+01	6.4507525e+01
6.1328192e+01	6.5986922e+01	6.7938034e+01	6.8253004e+01	6.5309479e+01	7.2315410e+01	6.8853085e+01	6.6119199e+01	6.4738056e+01	5.8531282e+01	5.9571396e+01	6.4654712e+01	6.4252065e+01	5.7668870e+01	5.0670959e+01	6.1137900e+01	6.3664894e+01	6.2863507e+01	6.7084418e+01	6.8881742e+01	6.2754461e+01	6.9117967e+01	5.3481969e+01	6.2169432e+01	6.4507525e+01
6.1328192e+01	6.5986922e+01	6.7938034e+01	6.8253004e+01	6.5309479e+01	7.2315410e+01	6.8853085e+01	6.6119199e+01	6.4738056e+01	5.8531282e+01	5.9571396e+01	6.4654712e+01	6.4252065e+01	5.7668870e+01	5.0670959e+01	6.1137900e+01	6.3664894e+01	6.2863507e+01	6.7084418e+01	6.6733922e+01	6.2754461e+01	6.9117967e+01	5.3481969e+01	6.2169432e+01	6.4507525e+01
6.1328192e+01	6.5986922e+01	6.7938034e+01	6.8253004e+01	6.5309479e+01	7.2315410e+01	6.8853085e+01	6.1846912e+01	6.0929396e+01	5.8531282e+01	5.9571396e+01	6.4654712e+01	6.4252065e+01	5.7668870e+01	5.0670959e+01	6.1137900e+01	6.3664894e+01	6.2863507e+01	6.7084418e+01	6.6733922e+01	6.2754461e+01	6.9117967e+01	5.3481969e+01	6.2169432e+01	6.4507525e+01
6.1328192e+01	6.5986922e+01	6.7938034e+01	6.8253004e+01	6.5309479e+01	7.2315410e+01	6.8853085e+01	6.1846912e+01	6.0929396e+01	5.8531282e+01	5.9571396e+01	6.4654712e+01	6.4252065e+01	5.7668870e+01	5.0670959e+01	6.1137900e+01	6.3664894e+01	6.2863507e+01	6.7084418e+01	6.6733922e+01	6.2754461e+01	6.9117967e+01	5.3481969e+01	6.2169432e+01	6.4507525e+01
6.1328192e+01	6.5986922e+01	6.7938034e+01	6.8253004e+01	6.5309479e+01	7.2315410e+01	6.8853085e+01	6.1846912e+01	6.0929396e+01	5.8531282e+01	5.9571396e+01	6.4654712e+01	6.4252065e+01	5.7668870e+01	5.0670959e+01	6.1137900e+01	6.3664894e+01	6.2863507e+01	6.7084418e+01	6.6733922e+01	6.2754461e+01	6.9117967e+01	5.3481969e+01	6.2169432e+01	6.4507525e+01
6.1328192e+01	6.5986922e+01	6.7938034e+01	6.8253004e+01	6.3494820e+01	7.2315410e+01	6.8853085e+01	6.1846912e+01	6.0929396e+01	5.8531282e+01	5.9571396e+01	6.4654712e+01	6.4252065e+01	5.7668870e+01	5.0670959e+01	6.1137900e+01	6.2680030e+01	6.2863507e+01	6.7084418e+01	6.6733922e+01	6.2754461e+01	6.9117967e+01	5.3481969e+01	6.2169432e+01	5.3244040e+01
6.1328192e+01	6.5986922e+01	6.7938034e+01	6.8253004e+01	6.3494820e+01	7.2315410e+01	6.8853085e+01	6.1846912e+01	6.0929396e+01	5.8531282e+01	5.9571396e+01	6.4654712e+01	6.4252065e+01	5.7668870e+01	5.0670959e+01	6.1137900e+01	6.2680030e+01	6.2863507e+01	6.7084418e+01	6.6733922e+01	6.2754461e+01	6.9117967e+01	5.3481969e+01	6.2169432e+01	5.3244040e+01
6.1328192e+01	6.5986922e+01	6.7938034e+01	6.8253004e+01	6.3494820e+01	7.2315410e+01	6.8853085e+01	6.1846912e+01	6.0929396e+01	5.8531282e+01	5.9571396e+01	6.4654712e+01	6.4252065e+01	5.7668870e+01	5.0670959e+01	6.1137900e+01	6.1155918e+01	6.2863507e+01	6.7084418e+01	6.0660838e+01	6.2754461e+01	6.9117967e+01	5.3481969e+01	6.2169432e+01	5.3244040e+01
6.1328192e+01	6.5986922e+01	6.7938034e+01	6.8253004e+01	6.3494820e+01	7.2315410e+01	6.8853085e+01	6.1846912e+01	6.0929396e+01	5.8531282e+01	5.9571396e+01	6.4654712e+01	6.4252065e+01	5.7668870e+01	5.0670959e+01	6.1137900e+01	6.1155918e+01	6.2863507e+01	6.7084418e+01	6.0660838e+01	6.2754461e+01	6.9117967e+01	5.3481969e+01	6.2169432e+01	5.3244040e+01
6.1328192e+01	6.5986922e+01	6.7938034e+01	6.8253004e+01	6.3494820e+01	7.2315410e+01	6.8853085e+01	6.1846912e+01	6.0929396e+01	5.8531282e+01	5.9571396e+01	6.4654712e+01	6.4252065e+01	5.7668870e+01	5.0670959e+01	6.1137900e+01	6.1155918e+01	6.2863507e+01	6.7084418e+01	6.0660838e+01	6.2754461e+01	6.9117967e+01	5.3481969e+01	6.2169432e+01	5.2242700e+01
6.1328192e+01	6.5986922e+01	6.7938034e+01	6.8253004e+01	6.3494820e+01	7.2315410e+01	6.8853085e+01	6.1846912e+01	6.0929396e+01	5.8531282e+01	5.9571396e+01	6.4654712e+01	6.4252065e+01	5.7668870e+01	5.0670959e+01	6.1137900e+01	6.1155918e+01	6.2863507e+01	6.7084418e+01	6.0660838e+01	6.2754461e+01	6.9117967e+01	5.3481969e+01	6.2169432e+01	5.2242700e+01
6.1328192e+01	5.9091920e+01	6.7938034e+01	6.8253004e+01	6.3494820e+01	7.2315410e+01	6.8853085e+01	6.1846912e+01	6.0929396e+01	5.8531282e+01	5.9571396e+01	6.4654712e+01	6.4252065e+01	5.7668870e+01	5.0670959e+01	6.1137900e+01	6.1155918e+01	6.2863507e+01	6.7084418e+01	6.0660838e+01	6.2754461e+01	6.9117967e+01	5.3481969e+01	6.2169432e+01	5.2242700e+01
6.1328192e+01	5.9091920e+01	6.7938034e+01	6.8253004e+01	6.3494820e+01	7.2315410e+01	6.8853085e+01	6.1846912e+01	6.0929396e+01	5.8531282e+01	5.9571396e+01	6.4654712e+01	6.4252065e+01	5.7668870e+01	5.0670959e+01	6.1137900e+01	6.1155918e+01	6.2863507e+01	6.7084418e+01	6.0660838e+01	6.2754461e+01	6.9117967e+01	5.3481969e+01	6.2169432e+01	5.2242700e+01
6.1328192e+01	5.9091920e+01	6.7938034e+01	6.8253004e+01	6.3494820e+01	7.2315410e+01	6.8853085e+01	6.1846912e+01	6.0929396e+01	5.8531282e+01	5.9571396e+01	6.4654712e+01	5.8313000e+01	5.7668870e+01	5.0670959e+01	6.1137900e+01	6.1155918e+01	6.2863507e+01	6.7084418e+01	5.7310690e+01	6.2754461e+01	6.9117967e+01	5.3481969e+01	6.2169432e+01	5.2242700e+01
6.1328192e+01	5.9091920e+01	6.7938034e+01	6.8253004e+01	6.3494820e+01	7.2315410e+01	6.8853085e+01	6.1846912e+01	6.0929396e+01	5.8531282e+01	5.9571396e+01	6.4654712e+01	5.8313000e+01	5.7668870e+01	5.0670959e+01	6.1137900e+01	6.1155918e+01	6.2863507e+01	6.7084418e+01	5.7310690e+01	6.2754461e+01	6.9117967e+01	5.3481969e+01	6.2169432e+01	4.9489899e+01
6.1328192e+01	5.9091920e+01	6.7938034e+01	6.8253004e+01	6.3494820e+01	7.2315410e+01	6.8853085e+01	6.1846912e+01	6.0929396e+01	5.8531282e+01	5.9571396e+01	6.4654712e+01	5.8313000e+01	5.7668870e+01	5.0670959e+01	6.1137900e+01	6.1155918e+01	6.2863507e+01	6.7084418e+01	5.7310690e+01	6.2754461e+01	6.9117967e+01	5.3481969e+01	6.2169432e+01	4.9489899e+01
6.1328192e+01	5.9091920e+01	6.7938034e+01	6.8253004e+01	6.3494820e+01	7.2315410e+01	6.8853085e+01	6.1846912e+01	6.0929396e+01	5.8531282e+01	5.9571396e+01	6.4654712e+01	5.8313000e+01	5.7668870e+01	5.0670959e+01	6.1137900e+01	6.1155918e+01	6.0898773e+01	6.7084418e+01	5.7310690e+01	6.2754461e+01	6.9117967e+01	5.3481969e+01	6.2169432e+01	4.9489899e+01
6.1328192e+01	5.9091920e+01	6.7938034e+01	6.8253004e+01	6.3494820e+01	7.2315410e+01	6.8853085e+01	6.1846912e+01	6.0929396e+01	5.8531282e+01	5.9571396e+01	6.4654712e+01	5.8313000e+01	5.7215942e+01	5.0670959e+01	6.1137900e+01	6.1155918e+01	6.0898773e+01	6.6832473e+01	5.7310690e+01	6.2754461e+01	6.1005671e+01	5.3481969e+01	6.2169432e+01	4.9489899e+01
6.1328192e+01	5.9091920e+01	6.7938034e+01	6.7079758e+01	6.0282850e+01	7.2315410e+01	6.8853085e+01	6.1846912e+01	6.0929396e+01	5.8531282e+01	5.9571396e+01	6.4654712e+01	5.8313000e+01	5.7215942e+01	5.0670959e+01	6.1137900e+01	6.1155918e+01	6.0898773e+01	6.6832473e+01	5.7310690e+01	6.2754461e+01	6.1005671e+01	5.3481969e+01	6.2169432e+01	4.9489899e+01
6.1328192e+01	5.9091920e+01	6.7938034e+01	6.7079758e+01	6.0282850e+01	7.2315410e+01	6.8853085e+01	6.1846912e+01	5.3296304e+01	5.8531282e+01	5.9571396e+01	6.4654712e+01	5.8313000e+01	5.7215942e+01	5.0670959e+01	6.1137900e+01	6.1155918e+01	6.0898773e+01	6.6832473e+01	5.7310690e+01	6.2754461e+01	6.1005671e+01	5.3481969e+01	5.2474759e+01	4.9489899e+01
6.1328192e+01	5.9091920e+01	6.7938034e+01	6.7079758e+01	6.0282850e+01	7.2315410e+01	6.8853085e+01	6.1846912e+01	5.3296304e+01	5.8531282e+01	5.9571396e+01	6.4654712e+01	5.8313000e+01	5.7215942e+01	5.0670959e+01	6.1137900e+01	6.1155918e+01	6.0898773e+01	6.6832473e+01	5.7310690e+01	6.2754461e+01	6.0393560e+01	5.3481969e+01	5.2474759e+01	4.9489899e+01
6.1328192e+01	5.9091920e+01	6.7938034e+01	6.7079758e+01	6.0282850e+01	7.2315410e+01	6.8853085e+01	6.1846912e+01	5.3296304e+01	5.8531282e+01	5.9571396e+01	6.4654712e+01	5.8313000e+01	5.7215942e+01	5.0670959e+01	6.1137900e+01	6.1155918e+01	6.0898773e+01	6.6832473e+01	5.7310690e+01	6.2754461e+01	6.0393560e+01	5.3481969e+01	5.2474759e+01	4.9489899e+01
6.1328192e+01	5.9091920e+01	6.7938034e+01	6.7079758e+01	6.0282850e+01	7.2315410e+01	6.8853085e+01	6.1846912e+01	5.3296304e+01	5.8531282e+01	5.9571396e+01	6.4654712e+01	5.8313000e+01	5.7215942e+01	5.0670959e+01	6.1137900e+01	6.1155918e+01	6.0898773e+01	6.6832473e+01	5.7310690e+01	6.2754461e+01	6.0393560e+01	5.3481969e+01	5.2474759e+01	4.9489899e+01
6.1328192e+01	5.9091920e+01	6.7938034e+01	6.7079758e+01	6.0282850e+01	7.2315410e+01	6.8853085e+01	6.1846912e+01	5.3296304e+01	5.8531282e+01	5.9571396e+01	6.4654712e+01	5.8313000e+01	5.7215942e+01	5.0670959e+01	6.1137900e+01	6.1155918e+01	6.0898773e+01	6.6832473e+01	5.7310690e+01	6.2754461e+01	6.0393560e+01	5.3481969e+01	5.2474759e+01	4.9489899e+01
6.1328192e+01	5.9091920e+01	6.7938034e+01	6.7079758e+01	6.0282850e+01	7.2315410e+01	6.8853085e+01	6.1457868e+01	5.3296304e+01	5.8531282e+01	5.9571396e+01	6.4654712e+01	5.8313000e+01	5.7215942e+01	5.0670959e+01	6.1137900e+01	6.1155918e+01	6.0898773e+01	6.6832473e+01	5.7310690e+01	6.2754461e+01	6.0393560e+01	5.3481969e+01	5.2474759e+01	4.9489899e+01
6.1328192e+01	5.9091920e+01	6.7938034e+01	6.7079758e+01	5.7387719e+01	7.2315410e+01	6.8853085e+01	6.0179732e+01	5.3296304e+01	5.8531282e+01	5.9571396e+01	6.4654712e+01	5.8313000e+01	5.7215942e+01	5.0670959e+01	6.1137900e+01	6.1155918e+01	6.0035152e+01	6.6832473e+01	5.7310690e+01	6.2754461e+01	6.0393560e+01	5.3481969e+01	5.2474759e+01	4.9489899e+01
6.1328192e+01	5.9091920e+01	6.7938034e+01	6.7079758e+01	5.7387719e+01	7.2315410e+01	6.8853085e+01	5.8226699e+01	5.3296304e+01	5.8531282e+01	5.9571396e+01	6.4654712e+01	5.8313000e+01	5.7215942e+01	5.0670959e+01	6.1137900e+01	6.1155918e+01	6.0035152e+01	6.6832473e+01	5.7310690e+01	6.2754461e+01	6.0393560e+01	5.3481969e+01	5.2474759e+01	4.9489899e+01
6.1328192e+01	5.9091920e+01	6.1232417e+01	6.7079758e+01	5.7387719e+01	7.2315410e+01	6.8853085e+01	5.8226699e+01	5.3296304e+01	5.8531282e+01	5.9571396e+01	6.4654712e+01	5.8313000e+01	5.7215942e+01	5.0670959e+01	6.1137900e+01	5.6687571e+01	6.0035152e+01	6.6832473e+01	4.9843319e+01	6.2754461e+01	6.0393560e+01	5.3481969e+01	5.2474759e+01	4.9489899e+01
6.1328192e+01	5.9091920e+01	6.1232417e+01	6.7079758e+01	5.7387719e+01	7.2315410e+01	6.8853085e+01	5.8226699e+01	5.3296304e+01	5.8531282e+01	5.9571396e+01	6.4654712e+01	5.8313000e+01	5.7215942e+01	5.0670959e+01	6.1137900e+01	5.6687571e+01	5.5200611e+01	6.6832473e+01	4.9843319e+01	6.2754461e+01	6.0393560e+01	5.3481969e+01	5.2474759e+01	4.9489899e+01
6.1328192e+01	5.9091920e+01	6.1232417e+01	6.7079758e+01	5.7387719e+01	7.2315410e+01	6.8853085e+01	5.8226699e+01	5.3296304e+01	5.8531282e+01	5.9571396e+01	6.4654712e+01	5.8313000e+01	5.7215942e+01	5.0670959e+01	6.1137900e+01	5.6687571e+01	5.5200611e+01	6.6832473e+01	4.9843319e+01	6.2754461e+01	6.0393560e+01	4.9714500e+01	5.2474759e+01	4.9489899e+01
6.1328192e+01	5.9091920e+01	6.1232417e+01	6.7079758e+01	5.7387719e+01	7.2315410e+01	6.8853085e+01	5.8226699e+01	5.3296304e+01	5.8531282e+01	5.9571396e+01	6.4654712e+01	5.8313000e+01	5.7215942e+01	5.0670959e+01	6.1137900e+01	5.6687571e+01	5.5200611e+01	6.6832473e+01	4.9843319e+01	6.2754461e+01	6.0393560e+01	4.9714500e+01	5.2474759e+01	4.9489899e+01
6.1328192e+01	5.9091920e+01	6.1232417e+01	6.7079758e+01	5.7387719e+01	7.2315410e+01	6.8853085e+01	5.8226699e+01	5.3296304e+01	5.8531282e+01	5.9571396e+01	6.4654712e+01	5.8313000e+01	5.7215942e+01	5.0670959e+01	6.1137900e+01	5.6687571e+01	5.5200611e+01	6.6832473e+01	4.9843319e+01	6.2754461e+01	6.0393560e+01	4.7727083e+01	5.2474759e+01	4.9489899e+01
6.1328192e+01	5.9091920e+01	6.1232417e+01	6.7079758e+01	5.7387719e+01	7.2315410e+01	6.8853085e+01	5.8226699e+01	5.3296304e+01	5.8531282e+01	5.9571396e+01	6.4654712e+01	5.8313000e+01	5.7215942e+01	5.0670959e+01	6.1137900e+01	5.6687571e+01	4.9340396e+01	6.6832473e+01	4.7903809e+01	6.2754461e+01	6.0393560e+01	3.6846586e+01	5.2474759e+01	4.9489899e+01
6.1328192e+01	5.7567854e+01	6.1232417e+01	6.7079758e+01	5.7387719e+01	7.2315410e+01	6.0924023e+01	5.8226699e+01	5.3296304e+01	5.8531282e+01	5.9571396e+01	6.4654712e+01	5.8313000e+01	5.7215942e+01	5.0670959e+01	6.1137900e+01	5.6687571e+01	4.8877849e+01	6.6832473e+01	4.7903809e+01	6.2754461e+01	5.5951685e+01	3.6846586e+01	5.2474759e+01	4.9489899e+01
6.1328192e+01	5.7567854e+01	6.1232417e+01	6.7079758e+01	5.7387719e+01	7.2315410e+01	6.0924023e+01	5.8226699e+01	5.1460453e+01	5.8531282e+01	5.9571396e+01	6.4654712e+01	5.8313000e+01	5.7215942e+01	5.0670959e+01	6.1137900e+01	5.6687571e+01	4.7874501e+01	6.6832473e+01	4.7903809e+01	6.2754461e+01	5.5951685e+01	3.6846586e+01	5.2474759e+01	4.9489899e+01
6.1328192e+01	5.7567854e+01	6.1232417e+01	6.7079758e+01	5.2647818e+01	7.2315410e+01	6.0924023e+01	5.8226699e+01	5.1460453e+01	5.8531282e+01	5.9571396e+01	6.4654712e+01	5.8313000e+01	5.7215942e+01	5.0670959e+01	6.1137900e+01	5.6687571e+01	4.7874501e+01	6.6832473e+01	4.7903809e+01	6.2754461e+01	5.5951685e+01	3.6846586e+01	5.2474759e+01	4.9489899e+01
6.1328192e+01	5.4296539e+01	6.1232417e+01	6.7079758e+01	5.2647818e+01	7.2315410e+01	6.0912286e+01	5.8226699e+01	5.1460453e+01	5.8531282e+01	5.9571396e+01	6.4654712e+01	5.8313000e+01	5.7215942e+01	5.0670959e+01	6.1137900e+01	5.6687571e+01	4.7874501e+01	6.6832473e+01	4.7903809e+01	6.2754461e+01	5.5951685e+01	3.6846586e+01	5.2474759e+01	4.2506388e+01
6.1328192e+01	5.4296539e+01	6.1232417e+01	6.7079758e+01	4.8916237e+01	7.2315410e+01	6.0912286e+01	5.4939635e+01	5.1460453e+01	5.8531282e+01	5.9571396e+01	6.4654712e+01	5.8313000e+01	5.7215942e+01	5.0670959e+01	6.1137900e+01	5.6687571e+01	4.7874501e+01	6.6832473e+01	4.7903809e+01	6.2754461e+01	5.5951685e+01	3.6846586e+01	5.2474759e+01	4.2506388e+01
6.1328192e+01	5.4296539e+01	6.1232417e+01	6.7079758e+01	4.8916237e+01	7.2315410e+01	6.0912286e+01	5.3486295e+01	5.1460453e+01	5.8531282e+01	5.9571396e+01	6.4654712e+01	5.8313000e+01	5.7215942e+01	5.0670959e+01	6.1137900e+01	5.6687571e+01	4.7874501e+01	6.6832473e+01	3.7407131e+01	6.2754461e+01	5.4572110e+01	3.6846586e+01	5.2474759e+01	4.2506388e+01
6.1328192e+01	5.4296539e+01	6.1232417e+01	6.5253293e+01	4.8916237e+01	7.2315410e+01	6.0912286e+01	5.3486295e+01	4.6063724e+01	5.8531282e+01	5.9571396e+01	6.4654712e+01	5.8313000e+01	5.7215942e+01	5.0670959e+01	6.1137900e+01	5.6687571e+01	4.7874501e+01	6.6832473e+01	3.7407131e+01	6.2754461e+01	5.4572110e+01	3.6846586e+01	5.2474759e+01	4.0209656e+01
6.1328192e+01	5.4296539e+01	6.1232417e+01	6.5253293e+01	4.8916237e+01	7.2315410e+01	6.0912286e+01	5.3486295e+01	4.6063724e+01	5.8531282e+01	5.9571396e+01	6.4654712e+01	5.8313000e+01	5.7215942e+01	5.0670959e+01	6.1137900e+01	5.6687571e+01	4.6460520e+01	6.6832473e+01	3.7407131e+01	6.2754461e+01	5.4572110e+01	3.4718301e+01	5.2474759e+01	4.0209656e+01
6.1328192e+01	5.4296539e+01	6.1232417e+01	6.4410540e+01	4.1516284e+01	7.1935240e+01	6.0912286e+01	5.3486295e+01	4.6063724e+01	5.8531282e+01	5.9571396e+01	6.4654712e+01	5.8313000e+01	5.7215942e+01	5.0670959e+01	6.1137900e+01	5.6687571e+01	4.6460520e+01	6.6832473e+01	3.4817347e+01	6.2754461e+01	5.4572110e+01	3.2096643e+01	5.2474759e+01	4.0209656e+01
6.1328192e+01	5.4296539e+01	6.1232417e+01	6.4410540e+01	4.1516284e+01	7.1935240e+01	6.0912286e+01	5.3486295e+01	4.6063724e+01	5.8531282e+01	5.9571396e+01	6.4654712e+01	5.8313000e+01	5.7215942e+01	5.0670959e+01	6.1137900e+01	5.6687571e+01	4.6448252e+01	6.6832473e+01	3.4817347e+01	6.2754461e+01	5.2690642e+01	3.2096643e+01	5.2474759e+01	4.0209656e+01
6.1328192e+01	5.4296539e+01	6.1232417e+01	6.4410540e+01	4.1516284e+01	7.1935240e+01	6.0912286e+01	5.3486295e+01	4.6063724e+01	5.8531282e+01	5.9571396e+01	6.4654712e+01	5.8313000e+01	5.7215942e+01	5.0670959e+01	6.1137900e+01	5.6687571e+01	4.6448252e+01	6.6832473e+01	3.4677046e+01	6.2754461e+01	4.9609141e+01	2.9763595e+01	5.2474759e+01	3.6104536e+01
6.1328192e+01	5.4296539e+01	6.1232417e+01	6.4410540e+01	4.1516284e+01	7.1935240e+01	5.7865506e+01	5.3486295e+01	4.6063724e+01	5.8531282e+01	5.9326240e+01	6.4654712e+01	5.8313000e+01	5.7215942e+01	5.0670959e+01	6.1137900e+01	5.6687571e+01	4.3989060e+01	6.5619455e+01	3.2886385e+01	6.2754461e+01	3.6908915e+01	2.9763595e+01	5.2474759e+01	3.6104536e+01
6.1328192e+01	5.4296539e+01	6.1232417e+01	6.4410540e+01	4.1516284e+01	7.1935240e+01	5.7865506e+01	5.3486295e+01	4.6063724e+01	5.8531282e+01	5.9326240e+01	6.4654712e+01	5.8313000e+01	5.7215942e+01	5.0670959e+01	6.1137900e+01	5.6687571e+01	3.5153777e+01	6.5619455e+01	3.2886385e+01	6.2754461e+01	3.6908915e+01	2.9124220e+01	5.2474759e+01	3.5901062e+01
6.1328192e+01	5.2688951e+01	6.1232417e+01	6.4410540e+01	3.9893480e+01	5.6317831e+01	5.7865506e+01	4.4798928e+01	4.6063724e+01	5.8531282e+01	5.9326240e+01	6.4654712e+01	5.8313000e+01	5.7215942e+01	5.0670959e+01	6.1137900e+01	5.6687571e+01	3.5153777e+01	6.5619455e+01	3.1449865e+01	6.2754461e+01	3.6908915e+01	2.9050306e+01	5.2474759e+01	3.5901062e+01
6.1328192e+01	5.2688951e+01	6.1232417e+01	6.4410540e+01	3.9893480e+01	5.6317831e+01	5.7865506e+01	4.2003807e+01	4.6063724e+01	5.8531282e+01	5.9326240e+01	5.9124937e+01	5.8313000e+01	5.7215942e+01	5.0670959e+01	6.1137900e+01	5.6687571e+01	3.5153777e+01	6.4705853e+01	3.1449865e+01	6.2754461e+01	3.6908915e+01	2.9050306e+01	5.2474759e+01	3.5901062e+01
6.1328192e+01	4.5953909e+01	6.1232417e+01	6.4410540e+01	3.9893480e+01	5.6317831e+01	5.7865506e+01	4.2003807e+01	4.6063724e+01	5.8531282e+01	5.9326240e+01	5.9124937e+01	5.8313000e+01	5.7215942e+01	5.0670959e+01	6.1137900e+01	5.6687571e+01	3.5153777e+01	6.4705853e+01	3.1293958e+01	6.2754461e+01	3.6908915e+01	2.9050306e+01	5.2474759e+01	3.5901062e+01
6.1328192e+01	4.5953909e+01	6.1232417e+01	6.4410540e+01	3.7101877e+01	5.6317831e+01	5.7865506e+01	3.3429635e+01	4.6063724e+01	5.8531282e+01	5.9326240e+01	5.9124937e+01	5.8313000e+01	5.7215942e+01	5.0670959e+01	6.1137900e+01	5.6687571e+01	3.5153777e+01	6.4705853e+01	2.8594560e+01	6.2754461e+01	3.6413227e+01	2.6209812e+01	5.2474759e+01	3.5901062e+01
6.1328192e+01	4.5953909e+01	6.1232417e+01	6.4410540e+01	3.7101877e+01	5.6317831e+01	5.7865506e+01	3.3429635e+01	4.6063724e+01	5.8531282e+01	5.9326240e+01	5.9124937e+01	5.8313000e+01	5.7215942e+01	5.0670959e+01	6.1137900e+01	5.6687571e+01	3.5153777e+01	6.4705853e+01	2.6764215e+01	6.2754461e+01	3.6413227e+01	2.6209812e+01	5.2474759e+01	3.5901062e+01
6.1328192e+01	4.5953909e+01	6.1232417e+01	6.4410540e+01	3.7101877e+01	5.6317831e+01	5.7865506e+01	3.3429635e+01	4.6063724e+01	5.8531282e+01	5.9326240e+01	5.9124937e+01	5.8313000e+01	5.7215942e+01	5.0670959e+01	6.1137900e+01	5.6687571e+01	3.1220329e+01	6.4705853e+01	2.6764215e+01	6.2754461e+01	3.6413227e+01	2.6209812e+01	5.2474759e+01	3.1883646e+01
6.1328192e+01	4.5953909e+01	6.1232417e+01	6.4410540e+01	3.4192014e+01	5.6317831e+01	5.7865506e+01	3.3429635e+01	4.6063724e+01	5.8531282e+01	5.9326240e+01	5.9124937e+01	5.8313000e+01	5.7215942e+01	5.0670959e+01	6.1137900e+01	5.6687571e+01	3.1034847e+01	6.4705853e+01	2.5847658e+01	6.2754461e+01	3.3848710e+01	2.5253098e+01	5.2474759e+01	3.1883646e+01
6.1328192e+01	4.5953909e+01	6.1232417e+01	5.6909273e+01	3.4192014e+01	5.6317831e+01	5.7865506e+01	3.3429635e+01	3.4409917e+01	5.8531282e+01	5.9326240e+01	5.9124937e+01	5.8313000e+01	5.7215942e+01	5.0670959e+01	6.1137900e+01	5.6687571e+01	3.1034847e+01	6.4705853e+01	2.5847658e+01	6.2754461e+01	3.0501578e+01	2.3937601e+01	5.2474759e+01	3.1883646e+01
6.1328192e+01	4.5953909e+01	6.1232417e+01	5.6909273e+01	3.1133353e+01	5.6317831e+01	5.7865506e+01	3.2490149e+01	3.4409917e+01	5.8531282e+01	5.9326240e+01	5.9124937e+01	5.8313000e+01	5.7215942e+01	5.0670959e+01	6.1137900e+01	5.6687571e+01	2.9950410e+01	6.4705853e+01	2.5847658e+01	6.2754461e+01	3.0501578e+01	2.3937601e+01	5.2474759e+01	3.1883646e+01
6.1328192e+01	4.1205045e+01	6.1232417e+01	5.6909273e+01	3.0862191e+01	5.6317831e+01	5.7865506e+01	2.7725517e+01	3.4409917e+01	5.8531282e+01	5.9326240e+01	5.9124937e+01	5.8313000e+01	5.7215942e+01	5.0670959e+01	6.1137900e+01	5.6687571e+01	2.9131393e+01	6.4705853e+01	2.5677472e+01	6.2754461e+01	2.8113508e+01	2.3937601e+01	5.2474759e+01	3.0327106e+01
6.1328192e+01	3.7432273e+01	6.1232417e+01	5.6909273e+01	3.0832379e+01	5.6317831e+01	5.7865506e+01	2.7725517e+01	3.4409917e+01	5.8531282e+01	5.9326240e+01	5.9124937e+01	5.8313000e+01	5.7215942e+01	5.0670959e+01	6.1137900e+01	5.6687571e+01	2.9131393e+01	6.4705853e+01	2.5108728e+01	6.2754461e+01	2.8113508e+01	2.3937601e+01	5.2474759e+01	2.9049567e+01
6.1328192e+01	3.7432273e+01	5.6714814e+01	5.6909273e+01	2.8852099e+01	5.6317831e+01	5.7865506e+01	2.7725517e+01	3.4409917e+01	5.8531282e+01	5.9326240e+01	5.9124937e+01	5.8313000e+01	5.7215942e+01	5.0670959e+01	6.1137900e+01	5.0727449e+01	2.9131393e+01	6.4705853e+01	2.5108728e+01	6.2754461e+01	2.7230078e+01	2.3937601e+01	5.2474759e+01	2.9049567e+01
6.1328192e+01	3.5701400e+01	5.6714814e+01	5.6909273e+01	2.8852099e+01	5.6317831e+01	5.7865506e+01	2.7020167e+01	3.4409917e+01	5.8531282e+01	5.9326240e+01	5.9124937e+01	5.1046085e+01	4.9606130e+01	5.0670959e+01	4.6258063e+01	4.8879129e+01	2.7749697e+01	6.4705853e+01	2.5108728e+01	6.2754461e+01	2.7230078e+01	2.3937601e+01	5.2474759e+01	2.9049567e+01
6.1328192e+01	3.5268297e+01	5.6325087e+01	5.6909273e+01	2.8852099e+01	5.6317831e+01	5.7865506e+01	2.5006462e+01	3.4409917e+01	5.8531282e+01	5.9326240e+01	5.9124937e+01	5.1046085e+01	4.9606130e+01	5.0670959e+01	4.6258063e+01	3.6884284e+01	2.5288057e+01	6.4705853e+01	2.4075496e+01	6.2754461e+01	2.5595755e+01	2.3937601e+01	5.2474759e+01	2.8604479e+01
6.1328192e+01	3.4739625e+01	4.7501598e+01	5.6909273e+01	2.7757358e+01	5.6317831e+01	5.7865506e+01	2.5006462e+01	3.1643106e+01	5.8531282e+01	5.9326240e+01	5.9124937e+01	5.1046085e+01	4.7062321e+01	5.0670959e+01	4.6258063e+01	3.6884284e+01	2.5288057e+01	6.4705853e+01	2.4075496e+01	6.2754461e+01	2.5595755e+01	2.3937601e+01	5.2474759e+01	2.6682871e+01
6.1328192e+01	2.8427516e+01	4.6564380e+01	5.6909273e+01	2.7513642e+01	5.6317831e+01	5.1206137e+01	2.5006462e+01	3.1643106e+01	5.8531282e+01	5.9326240e+01	5.9124937e+01	5.1046085e+01	4.7062321e+01	5.0670959e+01	4.6258063e+01	3.6884284e+01	2.4237355e+01	6.4705853e+01	2.3889661e+01	6.2754461e+01	2.5595755e+01	2.3053932e+01	5.2474759e+01	2.6682871e+01
6.1328192e+01	2.8427516e+01	4.6564380e+01	5.6909273e+01	2.6856264e+01	5.6317831e+01	5.1206137e+01	2.5006462e+01	3.1643106e+01	5.8531282e+01	5.9326240e+01	5.9124937e+01	5.1046085e+01	4.7062321e+01	5.0670959e+01	4.6258063e+01	3.6884284e+01	2.4237355e+01	6.4705853e+01	2.3889661e+01	6.2754461e+01	2.5595755e+01	2.3053932e+01	4.7887633e+01	2.5619149e+01
6.1328192e+01	2.8427516e+01	4.6564380e+01	5.6909273e+01	2.6856264e+01	5.6317831e+01	5.1206137e+01	2.5006462e+01	3.1643106e+01	5.8531282e+01	5.9326240e+01	5.9124937e+01	5.1046085e+01	4.7062321e+01	5.0670959e+01	4.6258063e+01	3.6884284e+01	2.4237355e+01	6.4705853e+01	2.3601802e+01	5.5818517e+01	2.5595755e+01	2.3053932e+01	4.7887633e+01	2.5619149e+01
6.1328192e+01	2.6933151e+01	4.1902350e+01	5.4873850e+01	2.4978395e+01	5.6317831e+01	5.1206137e+01	2.5006462e+01	3.1643106e+01	5.8531282e+01	5.9326240e+01	5.9124937e+01	5.1046085e+01	4.7062321e+01	5.0670959e+01	4.6258063e+01	3.1151322e+01	2.4237355e+01	6.4705853e+01	2.3469021e+01	5.5818517e+01	2.5595755e+01	2.3053932e+01	4.7887633e+01	2.5332690e+01
6.1328192e+01	2.6933151e+01	4.1902350e+01	5.4873850e+01	2.4978395e+01	5.6317831e+01	5.1206137e+01	2.5006462e+01	3.1643106e+01	5.8531282e+01	5.9326240e+01	5.9124937e+01	5.1046085e+01	4.7062321e+01	5.0670959e+01	4.6258063e+01	3.1151322e+01	2.4166620e+01	6.4705853e+01	2.3295052e+01	5.5818517e+01	2.5595755e+01	2.2739590e+01	4.7887633e+01	2.4490193e+01
5.7930149e+01	2.6933151e+01	4.1902350e+01	5.4873850e+01	2.4978395e+01	5.6317831e+01	3.7159161e+01	2.4957646e+01	3.0084778e+01	5.8531282e+01	5.9326240e+01	5.9124937e+01	5.1046085e+01	4.7062321e+01	5.0670959e+01	4.6258063e+01	3.1151322e+01	2.3206717e+01	6.4705853e+01	2.2059891e+01	5.5818517e+01	2.3932331e+01	2.2549748e+01	4.7887633e+01	2.4490193e+01
5.7930149e+01	2.6933151e+01	4.1902350e+01	5.4873850e+01	2.3981172e+01	5.6317831e+01	3.7159161e+01	2.3193511e+01	3.0084778e+01	5.8531282e+01	5.7054821e+01	5.9124937e+01	5.1046085e+01	3.8829257e+01	5.0670959e+01	4.1039060e+01	3.1026359e+01	2.3206717e+01	6.4705853e+01	2.2059891e+01	5.5818517e+01	2.3932331e+01	2.2549748e+01	4.7887633e+01	2.4032284e+01
5.7930149e+01	2.6438083e+01	4.0490488e+01	4.7347358e+01	2.3981172e+01	5.6317831e+01	3.7159161e+01	2.3193511e+01	3.0084778e+01	5.8531282e+01	5.7054821e+01	5.5994262e+01	5.1046085e+01	3.8829257e+01	5.0670959e+01	4.1039060e+01	3.1026359e+01	2.3206717e+01	6.4705853e+01	2.2059891e+01	5.5818517e+01	2.3932331e+01	2.2254845e+01	4.7887633e+01	2.3664426e+01
5.7930149e+01	2.6438083e+01	3.7873362e+01	4.7347358e+01	2.3981172e+01	5.6317831e+01	3.7159161e+01	2.3193511e+01	3.0084778e+01	5.8531282e+01	5.7054821e+01	5.5994262e+01	4.8646737e+01	3.8829257e+01	5.0670959e+01	4.1039060e+01	3.1026359e+01	2.3206717e+01	6.4705853e+01	2.2002339e+01	5.5818517e+01	2.3235825e+01	2.2254845e+01	4.7887633e+01	2.3664426e+01
5.7930149e+01	2.6438083e+01	3.5284991e+01	4.7347358e+01	2.3981172e+01	5.6317831e+01	3.7159161e+01	2.3193511e+01	3.0084778e+01	5.8531282e+01	5.4170103e+01	5.5994262e+01	4.8646737e+01	3.5461716e+01	5.0670959e+01	4.1039060e+01	3.1026359e+01	2.3206717e+01	6.4705853e+01	2.2002339e+01	5.5818517e+01	2.3235825e+01	2.2254845e+01	4.7887633e+01	2.3061496e+01
5.7930149e+01	2.6011896e+01	3.5284991e+01	4.7347358e+01	2.3981172e+01	5.6317831e+01	3.7159161e+01	2.3193511e+01	3.0084778e+01	5.8531282e+01	5.4170103e+01	5.5994262e+01	4.8646737e+01	3.5461716e+01	5.0670959e+01	3.6789932e+01	3.1026359e+01	2.3206717e+01	5.8523366e+01	2.2002339e+01	5.5818517e+01	2.3235825e+01	2.1740524e+01	4.7887633e+01	2.3061496e+01
5.7930149e+01	2.5373505e+01	3.5284991e+01	4.7347358e+01	2.3981172e+01	5.6317831e+01	3.7159161e+01	2.3193511e+01	3.0084778e+01	5.8531282e+01	5.4170103e+01	5.5994262e+01	4.8646737e+01	3.5461716e+01	5.0670959e+01	3.1465567e+01	3.0833421e+01	2.3206717e+01	5.8523366e+01	2.2002339e+01	5.5818517e+01	2.3166606e+01	2.1740524e+01	4.1752376e+01	2.3061496e+01
5.7930149e+01	2.5373505e+01	3.3492539e+01	4.4188583e+01	2.3091911e+01	5.6317831e+01	3.7159161e+01	2.3193511e+01	3.0084778e+01	5.8531282e+01	5.4170103e+01	5.5994262e+01	4.8646737e+01	3.5461716e+01	5.0670959e+01	3.1465567e+01	3.0833421e+01	2.3161399e+01	5.8523366e+01	2.2002339e+01	5.4866926e+01	2.3166606e+01	2.1740432e+01	4.1752376e+01	2.3061496e+01
5.7930149e+01	2.4705279e+01	3.0208823e+01	4.3568789e+01	2.3091911e+01	5.6317831e+01	3.7159161e+01	2.2734935e+01	2.9969884e+01	5.8531282e+01	5.4170103e+01	5.5994262e+01	4.8646737e+01	3.5461716e+01	5.0670959e+01	3.1465567e+01	2.9058320e+01	2.2772612e+01	5.8523366e+01	2.1865753e+01	5.4866926e+01	2.2832720e+01	2.1740432e+01	4.1752376e+01	2.3061496e+01
5.7930149e+01	2.4705279e+01	3.0208823e+01	3.7323265e+01	2.3091911e+01	5.6317831e+01	3.7159161e+01	2.2733910e+01	2.9969884e+01	5.8531282e+01	5.4170103e+01	5.5994262e+01	4.8646737e+01	3.3920776e+01	5.0670959e+01	3.1465567e+01	2.9058320e+01	2.2772612e+01	5.8523366e+01	2.1575878e+01	5.4717343e+01	2.2832720e+01	2.1740432e+01	4.1752376e+01	2.2644676e+01
5.7930149e+01	2.4705279e+01	3.0208823e+01	3.4567089e+01	2.3091911e+01	5.6317831e+01	3.6287349e+01	2.2733910e+01	2.9696295e+01	5.8531282e+01	5.4170103e+01	5.5994262e+01	4.8646737e+01	3.3920776e+01	5.0670959e+01	3.1465567e+01	2.8746179e+01	2.2772612e+01	5.8523366e+01	2.1575878e+01	5.4717343e+01	2.2797785e+01	2.1740432e+01	4.1752376e+01	2.1922743e+01
5.7930149e+01	2.3104291e+01	3.0208823e+01	3.4567089e+01	2.2938975e+01	5.6317831e+01	3.3829262e+01	2.2476404e+01	2.9437139e+01	5.8531282e+01	4.1173905e+01	5.5994262e+01	4.8646737e+01	3.3920776e+01	5.0670959e+01	3.1465567e+01	2.8169881e+01	2.2429711e+01	5.8523366e+01	2.1575878e+01	5.1063709e+01	2.2543128e+01	2.1589928e+01	4.1752376e+01	2.1922743e+01
5.0878965e+01	2.3104291e+01	2.9502039e+01	3.4567089e+01	2.2412124e+01	5.6317831e+01	3.3829262e+01	2.2476404e+01	2.9437139e+01	5.8531282e+01	4.1173905e+01	5.5994262e+01	4.8646737e+01	3.3920776e+01	5.0670959e+01	2.8841445e+01	2.8108960e+01	2.2247094e+01	5.8523366e+01	2.1397380e+01	4.9733479e+01	2.1896686e+01	2.1589928e+01	4.1752376e+01	2.1922743e+01
5.0878965e+01	2.3003474e+01	2.8831676e+01	3.4023380e+01	2.2412124e+01	5.6317831e+01	2.7141595e+01	2.2476404e+01	2.9430946e+01	5.8531282e+01	4.1173905e+01	5.5994262e+01	4.8646737e+01	3.3920776e+01	5.0670959e+01	2.8841445e+01	2.6888560e+01	2.2247094e+01	5.8523366e+01	2.1095907e+01	4.9733479e+01	2.1896686e+01	2.1303380e+01	4.1752376e+01	2.1922743e+01
5.0878965e+01	2.3003474e+01	2.7679476e+01	3.4023380e+01	2.2412124e+01	5.6317831e+01	2.7141595e+01	2.2415786e+01	2.8627061e+01	5.8531282e+01	4.1173905e+01	5.5994262e+01	4.8646737e+01	3.0314305e+01	5.0670959e+01	2.6427660e+01	2.6379199e+01	2.2049460e+01	5.8523366e+01	2.1095907e+01	4.9733479e+01	2.1749259e+01	2.1303380e+01	3.6600499e+01	2.1922743e+01
4.8419030e+01	2.2466994e+01	2.7679476e+01	3.3575925e+01	2.2412124e+01	5.6317831e+01	2.7141595e+01	2.1941909e+01	2.5869188e+01	5.8531282e+01	4.1173905e+01	5.5994262e+01	4.8646737e+01	3.0314305e+01	5.0670959e+01	2.6427660e+01	2.6379199e+01	2.2049460e+01	5.8523366e+01	2.1095907e+01	4.9465805e+01	2.1451171e+01	2.1303380e+01	3.6600499e+01	2.1922743e+01
4.8419030e+01	2.2431342e+01	2.7254670e+01	3.1935078e+01	2.2412124e+01	5.6317831e+01	2.7141595e+01	2.1941909e+01	2.5061453e+01	5.8531282e+01	4.1173905e+01	5.5994262e+01	4.0815667e+01	3.0314305e+01	5.0670959e+01	2.5166890e+01	2.5075955e+01	2.1464519e+01	5.8523366e+01	2.1095907e+01	3.9187203e+01	2.1451171e+01	2.1181671e+01	3.6600499e+01	2.1602236e+01
4.8419030e+01	2.2431342e+01	2.7254670e+01	3.1935078e+01	2.2412124e+01	5.6317831e+01	2.7141595e+01	2.1915712e+01	2.5061453e+01	5.8531282e+01	3.9313206e+01	5.5994262e+01	3.9476974e+01	3.0314305e+01	5.0670959e+01	2.5166890e+01	2.4615640e+01	2.1464519e+01	5.8523366e+01	2.1095907e+01	3.9187203e+01	2.1451171e+01	2.1181671e+01	3.4883263e+01	2.1602236e+01
4.8419030e+01	2.2164366e+01	2.5860801e+01	3.1151251e+01	2.2338469e+01	5.6317831e+01	2.6290775e+01	2.1915712e+01	2.5061453e+01	5.8531282e+01	3.9313206e+01	5.5994262e+01	3.9476974e+01	2.8427361e+01	5.0670959e+01	2.5166890e+01	2.3755292e+01	2.1464519e+01	5.8523366e+01	2.1095907e+01	3.9187203e+01	2.1451171e+01	2.0836864e+01	3.4883263e+01	2.1602236e+01
4.8419030e+01	2.2164366e+01	2.5534621e+01	3.0291714e+01	2.1913741e+01	5.6317831e+01	2.6290775e+01	2.1580145e+01	2.5061453e+01	5.8531282e+01	3.3060506e+01	5.2651199e+01	3.0784111e+01	2.8427361e+01	5.0670959e+01	2.5166890e+01	2.3755292e+01	2.1464519e+01	5.8523366e+01	2.1095907e+01	3.4953008e+01	2.1451171e+01	2.0836864e+01	2.8655966e+01	2.1602236e+01
4.6692053e+01	2.2164366e+01	2.4041542e+01	2.9548087e+01	2.1913741e+01	5.6317831e+01	2.6290775e+01	2.1580145e+01	2.4535764e+01	5.8531282e+01	3.0771677e+01	5.2651199e+01	3.0784111e+01	2.7704181e+01	5.0670959e+01	2.5166890e+01	2.3755292e+01	2.1464519e+01	5.8523366e+01	2.1081781e+01	3.4953008e+01	2.1181020e+01	2.0836864e+01	2.8655966e+01	2.1602236e+01
4.4933682e+01	2.2164366e+01	2.4041542e+01	2.5764392e+01	2.1913741e+01	5.6317831e+01	2.4410405e+01	2.1580145e+01	2.4535764e+01	5.8531282e+01	3.0771677e+01	5.0186951e+01	3.0784111e+01	2.6850366e+01	5.0670959e+01	2.5166890e+01	2.3755292e+01	2.1464519e+01	5.8181706e+01	2.1081781e+01	3.2628428e+01	2.1181020e+01	2.0836864e+01	2.8655966e+01	2.1602236e+01
4.4933682e+01	2.1825577e+01	2.4041542e+01	2.5764392e+01	2.1729861e+01	5.6317831e+01	2.4410405e+01	2.1045721e+01	2.4037757e+01	5.8531282e+01	3.0771677e+01	5.0186951e+01	3.0784111e+01	2.6060306e+01	5.0670959e+01	2.5166890e+01	2.2868654e+01	2.1464519e+01	5.8181706e+01	2.0707401e+01	3.2628428e+01	2.1181020e+01	2.0836864e+01	2.8655966e+01	2.1602236e+01
4.4933682e+01	2.1525332e+01	2.4041542e+01	2.5764392e+01	2.1586867e+01	5.6317831e+01	2.4410405e+01	2.1045721e+01	2.4037757e+01	5.8531282e+01	3.0771677e+01	4.7398737e+01	3.0784111e+01	2.4706036e+01	5.0670959e+01	2.5166890e+01	2.2868654e+01	2.1464519e+01	5.8181706e+01	2.0707401e+01	3.2628428e+01	2.1181020e+01	2.0739078e+01	2.8655966e+01	2.1163887e+01
4.4933682e+01	2.1433485e+01	2.4041542e+01	2.5764392e+01	2.1586867e+01	5.6317831e+01	2.4410405e+01	2.1045721e+01	2.4037757e+01	4.8955458e+01	3.0045524e+01	4.5638912e+01	3.0784111e+01	2.4706036e+01	5.0670959e+01	2.4942902e+01	2.2868654e+01	2.1464519e+01	5.7955924e+01	2.0707401e+01	3.2628428e+01	2.1181020e+01	2.0739078e+01	2.8655966e+01	2.1163887e+01
4.4933682e+01	2.1433485e+01	2.4041542e+01	2.5764392e+01	2.1586867e+01	5.6317831e+01	2.4001720e+01	2.1045721e+01	2.3857812e+01	4.8955458e+01	3.0045524e+01	4.1737558e+01	3.0784111e+01	2.4485967e+01	5.0670959e+01	2.3643889e+01	2.2731126e+01	2.1464519e+01	5.7955924e+01	2.0707401e+01	2.8769117e+01	2.1181020e+01	2.0739078e+01	2.7778597e+01	2.1163887e+01
3.6368852e+01	2.1433485e+01	2.4041542e+01	2.4176712e+01	2.1524103e+01	5.6317831e+01	2.3959238e+01	2.1045721e+01	2.3747544e+01	4.8955458e+01	2.7157051e+01	3.7293917e+01	3.0784111e+01	2.4485967e+01	4.3312122e+01	2.3594295e+01	2.2218449e+01	2.1464519e+01	5.7955924e+01	2.0707401e+01	2.8769117e+01	2.0967634e+01	2.0739078e+01	2.7652128e+01	2.1163887e+01
3.6368852e+01	2.1433485e+01	2.3554339e+01	2.4176712e+01	2.1524103e+01	5.6317831e+01	2.3572425e+01	2.1045721e+01	2.3571290e+01	4.8955458e+01	2.7157051e+01	3.7293917e+01	3.0784111e+01	2.3787110e+01	4.3312122e+01	2.3538637e+01	2.2218449e+01	2.1464519e+01	3.7582918e+01	2.0707401e+01	2.8624629e+01	2.0967634e+01	2.0733945e+01	2.7127167e+01	2.1163887e+01
3.6368852e+01	2.0908401e+01	2.3047731e+01	2.4176712e+01	2.1481978e+01	5.6317831e+01	2.3572425e+01	2.0755231e+01	2.2995511e+01	4.8955458e+01	2.7157051e+01	3.7293917e+01	3.0784111e+01	2.3130507e+01	4.3312122e+01	2.3316463e+01	2.2218449e+01	2.1167538e+01	3.7582918e+01	2.0707401e+01	2.7321350e+01	2.0967634e+01	2.0733945e+01	2.7127167e+01	2.1163887e+01
3.4484509e+01	2.0908401e+01	2.2987489e+01	2.3484318e+01	2.1481978e+01	5.6317831e+01	2.3533604e+01	2.0755231e+01	2.2995511e+01	4.8955458e+01	2.7157051e+01	3.6149083e+01	3.0604303e+01	2.3130507e+01	4.3312122e+01	2.3174817e+01	2.1646349e+01	2.1087933e+01	3.7582918e+01	2.0707401e+01	2.7062910e+01	2.0967634e+01	2.0552451e+01	2.7127167e+01	2.0989855e+01
3.4484509e+01	2.0908401e+01	2.2917193e+01	2.3484318e+01	2.1316476e+01	5.6317831e+01	2.2973550e+01	2.0755231e+01	2.2995511e+01	4.8955458e+01	2.7157051e+01	3.3834886e+01	3.0604303e+01	2.3130507e+01	4.3312122e+01	2.2196697e+01	2.1646349e+01	2.1087933e+01	3.7582918e+01	2.0707401e+01	2.7062910e+01	2.0967634e+01	2.0552451e+01	2.7127167e+01	2.0989855e+01
3.4484509e+01	2.0908401e+01	2.2917193e+01	2.2976320e+01	2.1316476e+01	5.6317831e+01	2.2585331e+01	2.0755231e+01	2.2995511e+01	4.8955458e+01	2.5545637e+01	3.1048087e+01	3.0604303e+01	2.3130507e+01	4.3312122e+01	2.2196697e+01	2.1646349e+01	2.1087933e+01	3.7582918e+01	2.0707401e+01	2.6892652e+01	2.0967634e+01	2.0552451e+01	2.6371587e+01	2.0989855e+01
3.4484509e+01	2.0908401e+01	2.2552335e+01	2.2976320e+01	2.1316476e+01	5.6317831e+01	2.2585331e+01	2.0755231e+01	2.2650443e+01	4.8955458e+01	2.5479572e+01	3.0002010e+01	2.9995124e+01	2.2918583e+01	4.3312122e+01	2.2196697e+01	2.1646349e+01	2.0991639e+01	3.7582918e+01	2.0707401e+01	2.3714469e+01	2.0849446e+01	2.0552451e+01	2.6371587e+01	2.0989855e+01
3.4484509e+01	2.0908401e+01	2.1983738e+01	2.2976320e+01	2.1233835e+01	5.6317831e+01	2.2585331e+01	2.0755231e+01	2.2286983e+01	4.8955458e+01	2.5479572e+01	3.0002010e+01	2.9995124e+01	2.2789506e+01	4.3312122e+01	2.1837536e+01	2.1646349e+01	2.0783714e+01	3.6605232e+01	2.0707401e+01	2.3714469e+01	2.0640307e+01	2.0545753e+01	2.6371587e+01	2.0799285e+01
3.4484509e+01	2.0908401e+01	2.1983738e+01	2.2976320e+01	2.1190855e+01	5.6317831e+01	2.2203862e+01	2.0755231e+01	2.2286983e+01	4.8955458e+01	2.5479572e+01	3.0002010e+01	2.9904291e+01	2.2547676e+01	4.3312122e+01	2.1837536e+01	2.1646349e+01	2.0783714e+01	3.6605232e+01	2.0707401e+01	2.3714469e+01	2.0640307e+01	2.0545753e+01	2.4714181e+01	2.0799285e+01
2.9409779e+01	2.0908401e+01	2.1983738e+01	2.2976320e+01	2.1190855e+01	5.6317831e+01	2.2203862e+01	2.0755231e+01	2.2286983e+01	4.8955458e+01	2.5099279e+01	3.0002010e+01	2.9292094e+01	2.1988401e+01	4.3312122e+01	2.1837536e+01	2.1313924e+01	2.0783714e+01	3.6605232e+01	2.0707401e+01	2.3714469e+01	2.0640307e+01	2.0545753e+01	2.4243129e+01	2.0799285e+01
2.9409779e+01	2.0577602e+01	2.1709784e+01	2.2831605e+01	2.1190855e+01	5.6317831e+01	2.1805896e+01	2.0755231e+01	2.2168108e+01	4.8955458e+01	2.5093665e+01	3.0002010e+01	2.8737010e+01	2.1988401e+01	4.3312122e+01	2.1837536e+01	2.1313924e+01	2.0783714e+01	3.0106349e+01	2.0707401e+01	2.3714469e+01	2.0640307e+01	2.0545753e+01	2.4243129e+01	2.0799285e+01
2.6375108e+01	2.0577602e+01	2.1709784e+01	2.2831605e+01	2.1064263e+01	5.6317831e+01	2.1805896e+01	2.0640043e+01	2.1945180e+01	4.8955458e+01	2.4992844e+01	2.9380812e+01	2.6964351e+01	2.1980382e+01	3.9994903e+01	2.1837536e+01	2.1313924e+01	2.0783714e+01	3.0106349e+01	2.0707401e+01	2.3714469e+01	2.0640307e+01	2.0545753e+01	2.3764549e+01	2.0799285e+01
2.6375108e+01	2.0577602e+01	2.1709784e+01	2.2535369e+01	2.1064263e+01	5.6317831e+01	2.1736681e+01	2.0640043e+01	2.1597493e+01	4.7346773e+01	2.4818806e+01	2.6694406e+01	2.6964351e+01	2.1980382e+01	3.9994903e+01	2.1815754e+01	2.0897521e+01	2.0783714e+01	3.0106349e+01	2.0707401e+01	2.3714469e+01	2.0625226e+01	2.0545753e+01	2.3719798e+01	2.0799285e+01
2.6375108e+01	2.0577602e+01	2.1709784e+01	2.2535369e+01	2.1064263e+01	5.6317831e+01	2.1507903e+01	2.0640043e+01	2.1551678e+01	4.7346773e+01	2.4818806e+01	2.6694406e+01	2.5803424e+01	2.1980382e+01	3.9994903e+01	2.1423402e+01	2.0897521e+01	2.0783714e+01	3.0106349e+01	2.0707401e+01	2.3714469e+01	2.0625226e+01	2.0545753e+01	2.3552246e+01	2.0799285e+01
2.6375108e+01	2.0577602e+01	2.1709784e+01	2.2239013e+01	2.1061903e+01	5.6317831e+01	2.1507903e+01	2.0640043e+01	2.1551678e+01	4.7346773e+01	2.4647517e+01	2.6694406e+01	2.5189568e+01	2.1839112e+01	3.8658703e+01	2.1423402e+01	2.0897521e+01	2.0783714e+01	3.0106349e+01	2.0707401e+01	2.3714469e+01	2.0625226e+01	2.0545753e+01	2.3255542e+01	2.0799285e+01
2.6375108e+01	2.0577602e+01	2.1634263e+01	2.2239013e+01	2.1061903e+01	5.6317831e+01	2.1472606e+01	2.0640043e+01	2.1551678e+01	4.7346773e+01	2.4647517e+01	2.6694406e+01	2.5189568e+01	2.1288309e+01	3.6262549e+01	2.1423402e+01	2.0897521e+01	2.0783714e+01	3.0106349e+01	2.0707401e+01	2.3714469e+01	2.0625226e+01	2.0545753e+01	2.2787283e+01	2.0799285e+01
2.6019448e+01	2.0577602e+01	2.1634263e+01	2.2239013e+01	2.1061903e+01	5.6317831e+01	2.1090309e+01	2.0640043e+01	2.1089443e+01	4.7346773e+01	2.4182466e+01	2.6694406e+01	2.4892501e+01	2.1288309e+01	3.6262549e+01	2.1423402e+01	2.0897521e+01	2.0783714e+01	2.9025835e+01	2.0707401e+01	2.3264900e+01	2.0625226e+01	2.0545753e+01	2.2599110e+01	2.0792817e+01
2.6019448e+01	2.0577602e+01	2.1634263e+01	2.2144680e+01	2.0662749e+01	5.6317831e+01	2.1090309e+01	2.0640043e+01	2.1089443e+01	4.7346773e+01	2.4182466e+01	2.6318429e+01	2.4272767e+01	2.1116414e+01	3.6262549e+01	2.1175119e+01	2.0897521e+01	2.0783714e+01	2.7618902e+01	2.0707401e+01	2.3264900e+01	2.0625226e+01	2.0545753e+01	2.2557684e+01	2.0792817e+01
2.5165686e+01	2.0577602e+01	2.1249895e+01	2.2006300e+01	2.0662749e+01	5.6317831e+01	2.1090309e+01	2.0640043e+01	2.1089443e+01	4.7346773e+01	2.3655233e+01	2.6318429e+01	2.4272767e+01	2.1116414e+01	3.6262549e+01	2.1143438e+01	2.0897521e+01	2.0783714e+01	2.5661910e+01	2.0707401e+01	2.2784547e+01	2.0625226e+01	2.0542098e+01	2.1650835e+01	2.0792817e+01
2.5059309e+01	2.0577602e+01	2.1249895e+01	2.1891602e+01	2.0662749e+01	5.6317831e+01	2.1036389e+01	2.0640043e+01	2.1089443e+01	4.7346773e+01	2.3655233e+01	2.5378572e+01	2.3661100e+01	2.0945689e+01	3.5605037e+01	2.1143438e+01	2.0897521e+01	2.0783714e+01	2.5661910e+01	2.0707401e+01	2.2784547e+01	2.0625226e+01	2.0542098e+01	2.1650835e+01	2.0700682e+01
2.4615692e+01	2.0392952e+01	2.1249895e+01	2.1572460e+01	2.0662749e+01	5.6317831e+01	2.0747467e+01	2.0640043e+01	2.1089443e+01	4.7346773e+01	2.3655233e+01	2.5378572e+01	2.3661100e+01	2.0945689e+01	3.5605037e+01	2.1143438e+01	2.0897521e+01	2.0783714e+01	2.5661910e+01	2.0707401e+01	2.2784547e+01	2.0625226e+01	2.0542098e+01	2.1650835e+01	2.0700682e+01
2.3714305e+01	2.0392952e+01	2.1201837e+01	2.1572460e+01	2.0662749e+01	5.6317831e+01	2.0747467e+01	2.0640043e+01	2.1089443e+01	4.7346773e+01	2.3016788e+01	2.5199444e+01	2.2857857e+01	2.0945689e+01	3.1109515e+01	2.1143438e+01	2.0897521e+01	2.0695051e+01	2.5023107e+01	2.0707401e+01	2.2784547e+01	2.0320089e+01	2.0542098e+01	2.1650835e+01	2.0595697e+01
2.3164392e+01	2.0392952e+01	2.1201837e+01	2.1572460e+01	2.0662749e+01	5.6317831e+01	2.0747467e+01	2.0640043e+01	2.1089443e+01	4.7346773e+01	2.3016788e+01	2.4793227e+01	2.2857857e+01	2.0945689e+01	3.1109515e+01	2.1143438e+01	2.0805676e+01	2.0576638e+01	2.4297178e+01	2.0707401e+01	2.2421592e+01	2.0320089e+01	2.0542098e+01	2.1650835e+01	2.0595697e+01
2.3164392e+01	2.0392952e+01	2.1201837e+01	2.1515920e+01	2.0662749e+01	5.6317831e+01	2.0747467e+01	2.0640043e+01	2.1089443e+01	4.7346773e+01	2.2830016e+01	2.2746823e+01	2.2857857e+01	2.0818637e+01	2.9752314e+01	2.1112824e+01	2.0805676e+01	2.0576638e+01	2.4297178e+01	2.0707401e+01	2.2176456e+01	2.0320089e+01	2.0408855e+01	2.1650835e+01	2.0595697e+01
2.2892290e+01	2.0392952e+01	2.1146156e+01	2.1515920e+01	2.0662749e+01	5.6317831e+01	2.0747467e+01	2.0640043e+01	2.1089443e+01	4.7346773e+01	2.2411861e+01	2.2746823e+01	2.2857857e+01	2.0818637e+01	2.7287161e+01	2.1112824e+01	2.0805676e+01	2.0576638e+01	2.4008717e+01	2.0401045e+01	2.2176456e+01	2.0320089e+01	2.0408855e+01	2.1503718e+01	2.0595697e+01
2.2635505e+01	2.0392952e+01	2.1143321e+01	2.1232214e+01	2.0662749e+01	3.9147056e+01	2.0747467e+01	2.0551118e+01	2.1089443e+01	4.6697504e+01	2.2411861e+01	2.2746823e+01	2.2857857e+01	2.0818637e+01	2.7287161e+01	2.1112824e+01	2.0617817e+01	2.0576638e+01	2.4008717e+01	2.0401045e+01	2.2063365e+01	2.0320089e+01	2.0367554e+01	2.1503718e+01	2.0595697e+01
2.2635505e+01	2.0392952e+01	2.0903413e+01	2.1232214e+01	2.0662749e+01	3.9147056e+01	2.0747467e+01	2.0551118e+01	2.1089443e+01	4.1662604e+01	2.2411861e+01	2.1913542e+01	2.2725438e+01	2.0818637e+01	2.7287161e+01	2.1112824e+01	2.0617817e+01	2.0576638e+01	2.4008717e+01	2.0401045e+01	2.1846357e+01	2.0320089e+01	2.0367554e+01	2.1503718e+01	2.0595697e+01
2.1941341e+01	2.0392952e+01	2.0885137e+01	2.1232214e+01	2.0662749e+01	3.9147056e+01	2.0747467e+01	2.0551118e+01	2.1089443e+01	4.0762285e+01	2.2411861e+01	2.1913542e+01	2.2694948e+01	2.0818637e+01	2.7134886e+01	2.1112824e+01	2.0617817e+01	2.0576638e+01	2.3268796e+01	2.0401045e+01	2.1846357e+01	2.0320089e+01	2.0367554e+01	2.1212755e+01	2.0595697e+01
2.1941341e+01	2.0392952e+01	2.0885137e+01	2.1204163e+01	2.0662749e+01	3.9147056e+01	2.0747467e+01	2.0551118e+01	2.1089443e+01	3.7740221e+01	2.2219324e+01	2.1913542e+01	2.2489447e+01	2.0581338e+01	2.6300643e+01	2.1112824e+01	2.0617817e+01	2.0576638e+01	2.3268796e+01	2.0401045e+01	2.1846357e+01	2.0320089e+01	2.0367554e+01	2.1212755e+01	2.0595697e+01
2.1564909e+01	2.0392952e+01	2.0885137e+01	2.1073324e+01	2.0662749e+01	3.9147056e+01	2.0747467e+01	2.0551118e+01	2.0914069e+01	3.4285123e+01	2.2219324e+01	2.1913542e+01	2.2307663e+01	2.0581338e+01	2.5633533e+01	2.0797082e+01	2.0617817e+01	2.0576638e+01	2.3157834e+01	2.0401045e+01	2.1846357e+01	2.0320089e+01	2.0367554e+01	2.1181727e+01	2.0595697e+01
2.1564909e+01	2.0392952e+01	2.0885137e+01	2.1073324e+01	2.0662749e+01	3.9147056e+01	2.0686524e+01	2.0551118e+01	2.0802944e+01	3.4285123e+01	2.1905667e+01	2.1913542e+01	2.2245888e+01	2.0581338e+01	2.5633533e+01	2.0750427e+01	2.0617817e+01	2.0554314e+01	2.3101934e+01	2.0401045e+01	2.1593153e+01	2.0320089e+01	2.0367554e+01	2.1181727e+01	2.0595697e+01
2.1564909e+01	2.0392952e+01	2.0684789e+01	2.1073324e+01	2.0662749e+01	3.9147056e+01	2.0686524e+01	2.0551118e+01	2.0665402e+01	3.4285123e+01	2.1905667e+01	2.1913542e+01	2.2245888e+01	2.0581338e+01	2.5633533e+01	2.0750427e+01	2.0492840e+01	2.0554314e+01	2.2659487e+01	2.0401045e+01	2.1578877e+01	2.0320089e+01	2.0367554e+01	2.1181727e+01	2.0595697e+01
2.1564909e+01	2.0392952e+01	2.0684789e+01	2.1019125e+01	2.0662749e+01	3.9147056e+01	2.0686524e+01	2.0551118e+01	2.0665402e+01	3.2511383e+01	2.1905667e+01	2.1913542e+01	2.2087575e+01	2.0581338e+01	2.3986249e+01	2.0750427e+01	2.0492840e+01	2.0554314e+01	2.2659487e+01	2.0401045e+01	2.1578877e+01	2.0320089e+01	2.0367554e+01	2.0657002e+01	2.0595697e+01
2.1564909e+01	2.0392952e+01	2.0684789e+01	2.0879911e+01	2.0662749e+01	3.9147056e+01	2.0596033e+01	2.0551118e+01	2.0665402e+01	3.2511383e+01	2.1582359e+01	2.1913542e+01	2.2084362e+01	2.0581338e+01	2.3986249e+01	2.0750427e+01	2.0492840e+01	2.0554314e+01	2.2434323e+01	2.0401045e+01	2.1578877e+01	2.0320089e+01	2.0367554e+01	2.0657002e+01	2.0595697e+01
2.1387602e+01	2.0392952e+01	2.0684789e+01	2.0879911e+01	2.0662749e+01	3.9147056e+01	2.0596033e+01	2.0551118e+01	2.0665402e+01	3.1702463e+01	2.1582359e+01	2.1913542e+01	2.2041260e+01	2.0578605e+01	2.3986249e+01	2.0339332e+01	2.0492840e+01	2.0554314e+01	2.2434323e+01	2.0401045e+01	2.1578877e+01	2.0320089e+01	2.0367554e+01	2.0657002e+01	2.0595697e+01
2.1387602e+01	2.0392952e+01	2.0684789e+01	2.0879911e+01	2.0662749e+01	3.9147056e+01	2.0596033e+01	2.0551118e+01	2.0665402e+01	3.1508932e+01	2.1582359e+01	2.1913542e+01	2.2041260e+01	2.0578605e+01	2.3986249e+01	2.0339332e+01	2.0492840e+01	2.0554314e+01	2.2300059e+01	2.0401045e+01	2.1578877e+01	2.0320089e+01	2.0367554e+01	1.7132582e+01	2.0595697e+01
2.1387602e+01	2.0392952e+01	2.0684789e+01	2.0879911e+01	2.0662749e+01	3.9147056e+01	2.0596033e+01	2.0551118e+01	2.0665402e+01	2.8953272e+01	2.1582359e+01	2.1913542e+01	2.1673335e+01	2.0578605e+01	2.3986249e+01	2.0339332e+01	2.0492840e+01	2.0554314e+01	2.2300059e+01	2.0401045e+01	2.1451503e+01	2.0320089e+01	2.0367554e+01	1.7132582e+01	2.0595697e+01
2.1387602e+01	2.0392952e+01	2.0684789e+01	2.0879911e+01	2.0662749e+01	3.9147056e+01	2.0596033e+01	2.0551118e+01	2.0665402e+01	2.7673813e+01	2.1407327e+01	2.1913542e+01	2.1673335e+01	2.0578605e+01	2.3986249e+01	2.0339332e+01	2.0492840e+01	2.0554314e+01	2.2162332e+01	2.0401045e+01	2.1201984e+01	2.0320089e+01	2.0367554e+01	1.7132582e+01	2.0595697e+01
2.1387602e+01	2.0392952e+01	2.0684789e+01	2.0698599e+01	2.0582643e+01	3.9147056e+01	2.0596033e+01	2.0551118e+01	2.0665402e+01	2.7673813e+01	2.1407327e+01	2.1790732e+01	2.1673335e+01	2.0578605e+01	2.3986249e+01	2.0339332e+01	2.0492840e+01	2.0554314e+01	2.2162332e+01	2.0401045e+01	2.1201984e+01	2.0320089e+01	2.0367554e+01	1.7132582e+01	2.0595697e+01
2.1316637e+01	2.0392952e+01	2.0684789e+01	2.0698599e+01	2.0582643e+01	3.9147056e+01	2.0596033e+01	2.0551118e+01	2.0665402e+01	2.5994790e+01	2.1407327e+01	2.1790732e+01	2.1673335e+01	2.0578605e+01	2.3986249e+01	2.0339332e+01	2.0492840e+01	2.0554314e+01	2.1772972e+01	2.0401045e+01	2.1201984e+01	2.0320089e+01	2.0367554e+01	1.6527051e+01	2.0595697e+01
2.1316637e+01	2.0392952e+01	2.0646576e+01	2.0698599e+01	2.0449349e+01	3.9147056e+01	2.0596033e+01	2.0551118e+01	2.0665402e+01	2.4716110e+01	2.1305920e+01	2.1790732e+01	2.1134305e+01	2.0578605e+01	2.3714378e+01	2.0339332e+01	2.0492840e+01	2.0554314e+01	2.1772972e+01	2.0401045e+01	2.1152508e+01	2.0320089e+01	2.0253048e+01	1.6527051e+01	2.0595697e+01
2.1316637e+01	2.0392952e+01	2.0646576e+01	2.0698599e+01	2.0449349e+01	3.9147056e+01	2.0596033e+01	2.0551118e+01	2.0665402e+01	2.4716110e+01	2.1305920e+01	2.1790732e+01	2.1134305e+01	2.0439430e+01	2.3714378e+01	2.0339332e+01	2.0492840e+01	2.0554314e+01	2.1772972e+01	2.0401045e+01	2.1152508e+01	2.0320089e+01	2.0253048e+01	1.5981894e+01	2.0595697e+01
2.1316637e+01	2.0392952e+01	2.0646576e+01	2.0672926e+01	2.0449349e+01	3.9147056e+01	2.0596033e+01	2.0551118e+01	2.0665402e+01	2.4716110e+01	2.1305920e+01	2.1753195e+01	2.1134305e+01	2.0439430e+01	2.3689523e+01	2.0339332e+01	2.0492840e+01	2.0554314e+01	2.1436759e+01	2.0401045e+01	2.1152508e+01	2.0320089e+01	2.0253048e+01	1.5981894e+01	2.0595697e+01
2.1181928e+01	2.0392952e+01	2.0646576e+01	2.0672926e+01	2.0449349e+01	3.7686183e+01	2.0596033e+01	2.0551118e+01	2.0665402e+01	2.4454901e+01	2.1305920e+01	2.1378469e+01	2.1134305e+01	2.0439430e+01	2.2735463e+01	2.0339332e+01	2.0492840e+01	2.0554314e+01	2.1436759e+01	2.0401045e+01	2.1073974e+01	2.0320089e+01	2.0253048e+01	1.5981894e+01	2.0595697e+01
2.0924622e+01	2.0392952e+01	2.0509855e+01	2.0672926e+01	2.0449349e+01	3.3654923e+01	2.0596033e+01	2.0551118e+01	2.0447045e+01	2.3347271e+01	2.1305920e+01	2.1378469e+01	2.1134305e+01	2.0376129e+01	2.2735463e+01	2.0339332e+01	2.0492840e+01	2.0554314e+01	2.1436759e+01	2.0401045e+01	2.1071747e+01	2.0320089e+01	2.0253048e+01	1.5981894e+01	2.0595697e+01
2.0924622e+01	2.0392952e+01	2.0443688e+01	2.0672926e+01	2.0449349e+01	3.3654923e+01	2.0596033e+01	2.0538030e+01	2.0447045e+01	2.3347271e+01	2.1203612e+01	2.1378469e+01	2.1134305e+01	2.0376129e+01	2.2234032e+01	2.0339332e+01	2.0492840e+01	2.0554314e+01	2.1436759e+01	2.0401045e+01	2.1071747e+01	2.0320089e+01	2.0253048e+01	1.5981894e+01	2.0595697e+01
2.0830055e+01	2.0392952e+01	2.0443688e+01	2.0672926e+01	2.0449349e+01	3.3654923e+01	2.0596033e+01	2.0538030e+01	2.0447045e+01	2.3347271e+01	2.0981889e+01	2.0998018e+01	2.0960524e+01	2.0376129e+01	2.2234032e+01	2.0339332e+01	2.0492840e+01	2.0554314e+01	2.1436759e+01	2.0401045e+01	2.1071747e+01	2.0320089e+01	2.0253048e+01	1.5981894e+01	2.0595697e+01
2.0830055e+01	2.0392952e+01	2.0443688e+01	2.0672926e+01	2.0449349e+01	2.7171317e+01	2.0596033e+01	2.0538030e+01	2.0447045e+01	2.3052587e+01	2.0981889e+01	2.0993011e+01	2.0960524e+01	2.0376129e+01	2.2234032e+01	2.0339332e+01	2.0492840e+01	2.0554314e+01	2.1436759e+01	2.0401045e+01	2.1071747e+01	2.0320089e+01	2.0253048e+01	1.5981894e+01	2.0543503e+01
2.0830055e+01	2.0392952e+01	2.0443688e+01	2.0672926e+01	2.0449349e+01	2.7171317e+01	2.0596033e+01	2.0538030e+01	2.0447045e+01	2.2787025e+01	2.0981889e+01	2.0993011e+01	2.0960524e+01	2.0376129e+01	2.2234032e+01	2.0339332e+01	2.0492840e+01	2.0554314e+01	2.1436759e+01	2.0401045e+01	2.1071747e+01	2.0320089e+01	2.0253048e+01	1.5981894e+01	2.0543503e+01
2.0830055e+01	2.0392952e+01	2.0443688e+01	2.0672926e+01	2.0449349e+01	2.7171317e+01	2.0596033e+01	2.0538030e+01	2.0445486e+01	2.2286069e+01	2.0981889e+01	2.0993011e+01	2.0960524e+01	2.0376129e+01	2.1877168e+01	2.0339332e+01	2.0492840e+01	2.0554314e+01	2.1298677e+01	2.0394842e+01	2.0930495e+01	2.0320089e+01	2.0253048e+01	1.5981894e+01	2.0543503e+01
2.0627386e+01	2.0392952e+01	2.0443688e+01	2.0560024e+01	2.0449349e+01	2.7171317e+01	2.0596033e+01	2.0538030e+01	2.0445486e+01	2.2286069e+01	2.0981889e+01	2.0993011e+01	2.0960524e+01	2.0376129e+01	2.1877168e+01	2.0339332e+01	2.0492840e+01	2.0554314e+01	2.1298677e+01	2.0394842e+01	2.0930495e+01	2.0320089e+01	2.0253048e+01	1.5297414e+01	2.0543503e+01
2.0627386e+01	2.0392952e+01	2.0443688e+01	2.0560024e+01	2.0449349e+01	2.7171317e+01	2.0596033e+01	2.0261449e+01	2.0445486e+01	2.2286069e+01	2.0981889e+01	2.0589013e+01	2.0960524e+01	2.0376129e+01	2.1877168e+01	2.0339332e+01	2.0492840e+01	2.0554314e+01	2.1298677e+01	2.0394842e+01	2.0737503e+01	2.0320089e+01	2.0253048e+01	1.5153318e+01	2.0543503e+01
2.0627386e+01	2.0392952e+01	2.0443688e+01	2.0560024e+01	2.0449349e+01	2.7171317e+01	2.0596033e+01	2.0261449e+01	2.0445486e+01	2.2286069e+01	2.0981889e+01	2.0589013e+01	2.0960524e+01	2.0376129e+01	2.1877168e+01	2.0339332e+01	2.0492840e+01	2.0554314e+01	2.1137340e+01	2.0394842e+01	2.0718310e+01	2.0320089e+01	2.0253048e+01	1.4594947e+01	2.0543503e+01
2.0627386e+01	2.0392952e+01	2.0443688e+01	2.0560024e+01	2.0389657e+01	2.7171317e+01	2.0596033e+01	2.0261449e+01	2.0445486e+01	2.1970641e+01	2.0874661e+01	2.0589013e+01	2.0836774e+01	2.0376129e+01	2.1877168e+01	2.0339332e+01	2.0492840e+01	2.0443044e+01	2.1137340e+01	2.0394842e+01	2.0718310e+01	2.0320089e+01	2.0253048e+01	1.4594947e+01	2.0543503e+01
2.0491663e+01	2.0392952e+01	2.0443688e+01	2.0560024e+01	2.0389657e+01	2.7171317e+01	2.0596033e+01	2.0261449e+01	2.0445486e+01	2.1970641e+01	2.0836594e+01	2.0589013e+01	2.0836774e+01	2.0376129e+01	2.1877168e+01	2.0339332e+01	2.0492840e+01	2.0443044e+01	2.0612233e+01	2.0394842e+01	2.0718310e+01	2.0320089e+01	2.0253048e+01	1.1343866e+01	2.0468689e+01
2.0491663e+01	2.0392952e+01	2.0443688e+01	2.0557276e+01	2.0389657e+01	2.6166530e+01	2.0596033e+01	2.0261449e+01	2.0445486e+01	2.1829294e+01	2.0836594e+01	2.0589013e+01	2.0836774e+01	2.0376129e+01	2.1742099e+01	2.0339332e+01	2.0492840e+01	2.0443044e+01	2.0612233e+01	2.0394842e+01	2.0718310e+01	2.0320089e+01	2.0253048e+01	1.1343866e+01	2.0468689e+01
2.0491663e+01	2.0392952e+01	2.0443688e+01	2.0557276e+01	2.0389657e+01	2.6166530e+01	2.0596033e+01	2.0261449e+01	2.0445486e+01	2.1829294e+01	2.0836594e+01	2.0589013e+01	2.0836774e+01	2.0376129e+01	2.1742099e+01	2.0339332e+01	2.0492840e+01	2.0443044e+01	2.0612233e+01	2.0394842e+01	2.0718310e+01	2.0320089e+01	2.0253048e+01	1.0809149e+01	2.0468689e+01
2.0491663e+01	2.0292536e+01	2.0443688e+01	2.0557276e+01	2.0389657e+01	2.6166530e+01	2.0596033e+01	2.0261449e+01	2.0445486e+01	2.1611771e+01	2.0836594e+01	2.0589013e+01	2.0788613e+01	2.0376129e+01	2.1720609e+01	2.0339332e+01	2.0492840e+01	2.0443044e+01	2.0612233e+01	2.0394842e+01	2.0718310e+01	2.0320089e+01	2.0253048e+01	1.0714840e+01	2.0468689e+01
2.0491663e+01	2.0292536e+01	2.0443688e+01	2.0557276e+01	2.0389657e+01	2.5866140e+01	2.0596033e+01	2.0261449e+01	2.0445486e+01	2.1611771e+01	2.0817515e+01	2.0589013e+01	2.0788613e+01	2.0376129e+01	2.1695510e+01	2.0339332e+01	2.0388576e+01	2.0443044e+01	2.0612233e+01	2.0394842e+01	2.0718310e+01	2.0320089e+01	2.0253048e+01	1.0714840e+01	2.0468689e+01
2.0491663e+01	2.0292536e+01	2.0443688e+01	2.0557276e+01	2.0389657e+01	2.5866140e+01	2.0596033e+01	2.0261449e+01	2.0435424e+01	2.1611771e+01	2.0607680e+01	2.0301997e+01	2.0788613e+01	2.0376129e+01	2.1341765e+01	2.0339332e+01	2.0388576e+01	2.0443044e+01	2.0612233e+01	2.0394842e+01	2.0680071e+01	2.0320089e+01	2.0253048e+01	1.0714840e+01	2.0468689e+01
2.0491663e+01	2.0292536e+01	2.0443688e+01	2.0557276e+01	2.0389657e+01	2.4372412e+01	2.0596033e+01	2.0261449e+01	2.0228926e+01	2.1563122e+01	2.0607680e+01	2.0301997e+01	2.0788613e+01	2.0376129e+01	2.1341765e+01	2.0339332e+01	2.0388576e+01	2.0443044e+01	2.0612233e+01	2.0394842e+01	2.0680071e+01	2.0320089e+01	2.0253048e+01	1.0714840e+01	2.0468689e+01
2.0491663e+01	2.0292536e+01	2.0443688e+01	2.0557276e+01	2.0389657e+01	2.4372412e+01	2.0596033e+01	2.0261449e+01	2.0228926e+01	2.1364975e+01	2.0607680e+01	2.0301997e+01	2.0788613e+01	2.0376129e+01	2.0859353e+01	2.0339332e+01	2.0388576e+01	2.0443044e+01	2.0612233e+01	2.0394842e+01	2.0680071e+01	2.0320089e+01	2.0253048e+01	1.0381332e+01	2.0468689e+01
2.0491663e+01	2.0292536e+01	2.0443688e+01	2.0557276e+01	2.0389657e+01	2.4212225e+01	2.0596033e+01	2.0261449e+01	2.0228926e+01	2.1364975e+01	2.0607680e+01	2.0301997e+01	2.0788613e+01	2.0376129e+01	2.0859353e+01	2.0339332e+01	2.0388576e+01	2.0443044e+01	2.0612233e+01	2.0394842e+01	2.0680071e+01	2.0193013e+01	2.0253048e+01	8.7968468e+00	2.0468689e+01
2.0491663e+01	2.0292536e+01	2.0443688e+01	2.0557276e+01	2.0389657e+01	2.4212225e+01	2.0596033e+01	2.0261449e+01	2.0228926e+01	2.1293418e+01	2.0607680e+01	2.0301997e+01	2.0780415e+01	2.0376129e+01	2.0859353e+01	2.0339332e+01	2.0388576e+01	2.0443044e+01	2.0612233e+01	2.0394842e+01	2.0680071e+01	2.0193013e+01	2.0253048e+01	7.7621776e+00	2.0468689e+01
2.0491663e+01	2.0292536e+01	2.0443688e+01	2.0380411e+01	2.0389657e+01	2.4212225e+01	2.0596033e+01	2.0261449e+01	2.0228926e+01	2.1293418e+01	2.0607680e+01	2.0301997e+01	2.0780415e+01	2.0376129e+01	2.0859353e+01	2.0339332e+01	2.0388576e+01	2.0443044e+01	2.0612233e+01	2.0394842e+01	2.0680071e+01	2.0193013e+01	2.0253048e+01	6.8000946e+00	2.0468689e+01
2.0465597e+01	2.0292536e+01	2.0443688e+01	2.0380411e+01	2.0389657e+01	2.4212225e+01	2.0596033e+01	2.0261449e+01	2.0228926e+01	2.1293418e+01	2.0607680e+01	2.0301997e+01	2.0780415e+01	2.0376129e+01	2.0859353e+01	2.0339332e+01	2.0364702e+01	2.0443044e+01	2.0612233e+01	2.0394842e+01	2.0659000e+01	2.0193013e+01	2.0253048e+01	5.1378291e+00	2.0468689e+01
2.0465597e+01	2.0292536e+01	2.0443688e+01	2.0380411e+01	2.0389657e+01	2.3013212e+01	2.0369247e+01	2.0261449e+01	2.0228926e+01	2.1172625e+01	2.0607680e+01	2.0301997e+01	2.0780415e+01	2.0376129e+01	2.0859353e+01	2.0339332e+01	2.0364702e+01	2.0443044e+01	2.0612233e+01	2.0394842e+01	2.0659000e+01	2.0193013e+01	2.0253048e+01	5.1378291e+00	2.0468689e+01
2.0465597e+01	2.0292536e+01	2.0443688e+01	2.0380411e+01	2.0389657e+01	2.3013212e+01	2.0369247e+01	2.0261449e+01	2.0228926e+01	2.1172625e+01	2.0607680e+01	2.0301997e+01	2.0692725e+01	2.0376129e+01	2.0859353e+01	2.0339332e+01	2.0364702e+01	2.0437742e+01	2.0612233e+01	2.0329232e+01	2.0659000e+01	2.0193013e+01	2.0253048e+01	5.1378291e+00	2.0468689e+01
2.0465597e+01	2.0292536e+01	2.0443688e+01	2.0380411e+01	2.0389657e+01	2.3013212e+01	2.0369247e+01	2.0261449e+01	2.0228926e+01	2.0753044e+01	2.0607680e+01	2.0301997e+01	2.0692725e+01	2.0376129e+01	2.0859353e+01	2.0339332e+01	2.0364702e+01	2.0437742e+01	2.0612233e+01	2.0329232e+01	2.0659000e+01	2.0193013e+01	2.0253048e+01	5.1378291e+00	2.0468689e+01
2.0465597e+01	2.0292536e+01	2.0443688e+01	2.0380411e+01	2.0389657e+01	2.3013212e+01	2.0369247e+01	2.0261449e+01	2.0228926e+01	2.0753044e+01	2.0607680e+01	2.0301997e+01	2.0692725e+01	2.0376129e+01	2.0859353e+01	2.0339332e+01	2.0364702e+01	2.0270826e+01	2.0612233e+01	2.0329232e+01	2.0659000e+01	2.0193013e+01	2.0253048e+01	5.1378291e+00	2.0468689e+01
2.0465597e+01	2.0292536e+01	2.0443688e+01	2.0380411e+01	2.0389657e+01	2.2587598e+01	2.0369247e+01	2.0261449e+01	2.0228926e+01	2.0753044e+01	2.0607680e+01	2.0301997e+01	2.0346295e+01	2.0376129e+01	2.0859353e+01	2.0339332e+01	2.0364702e+01	2.0270826e+01	2.0612233e+01	2.0329232e+01	2.0659000e+01	2.0193013e+01	2.0253048e+01	5.1378291e+00	2.0468689e+01
2.0465597e+01	2.0292536e+01	2.0443688e+01	2.0380411e+01	2.0389657e+01	2.2587598e+01	2.0369247e+01	2.0261449e+01	2.0228926e+01	2.0753044e+01	2.0607680e+01	2.0301997e+01	2.0346295e+01	2.0376129e+01	2.0859353e+01	2.0339332e+01	2.0364702e+01	2.0270826e+01	2.0612233e+01	2.0329232e+01	2.0659000e+01	2.0193013e+01	2.0253048e+01	4.9572016e+00	2.0468689e+01
2.0465597e+01	2.0292536e+01	2.0443688e+01	2.0380411e+01	2.0389657e+01	2.2435480e+01	2.0369247e+01	2.0261449e+01	2.0228926e+01	2.0753044e+01	2.0607680e+01	2.0301997e+01	2.0346295e+01	2.0376129e+01	2.0859353e+01	2.0339332e+01	2.0364702e+01	2.0270826e+01	2.0612233e+01	2.0329232e+01	2.0659000e+01	2.0193013e+01	2.0253048e+01	4.5678961e+00	2.0468689e+01
2.0465597e+01	2.0292536e+01	2.0443688e+01	2.0380411e+01	2.0389657e+01	2.2435480e+01	2.0369247e+01	2.0261449e+01	2.0228926e+01	2.0753044e+01	2.0607680e+01	2.0301997e+01	2.0346295e+01	2.0376129e+01	2.0859353e+01	2.0339332e+01	2.0364702e+01	2.0270826e+01	2.0425935e+01	2.0329232e+01	2.0659000e+01	2.0193013e+01	2.0253048e+01	4.1627330e+00	2.0468689e+01
2.0465597e+01	2.0292536e+01	2.0443688e+01	2.0380411e+01	2.0389657e+01	2.2399162e+01	2.0369247e+01	2.0261449e+01	2.0228926e+01	2.0753044e+01	2.0418470e+01	2.0301997e+01	2.0346295e+01	2.0376129e+01	2.0859353e+01	2.0339332e+01	2.0364702e+01	2.0270826e+01	2.0425935e+01	2.0329232e+01	2.0568008e+01	2.0193013e+01	2.0253048e+01	4.1627330e+00	2.0468689e+01
2.0465597e+01	2.0292536e+01	2.0443688e+01	2.0380411e+01	2.0389657e+01	2.2230388e+01	2.0369247e+01	2.0261449e+01	2.0228926e+01	2.0753044e+01	2.0418470e+01	2.0301997e+01	2.0346295e+01	2.0376129e+01	2.0853783e+01	2.0339332e+01	2.0364702e+01	2.0270826e+01	2.0425935e+01	2.0329232e+01	2.0568008e+01	2.0193013e+01	2.0253048e+01	4.1627330e+00	2.0468689e+01
2.0465597e+01	2.0292536e+01	2.0429947e+01	2.0380411e+01	2.0389657e+01	2.1690407e+01	2.0369247e+01	2.0261449e+01	2.0228926e+01	2.0753044e+01	2.0418470e+01	2.0301997e+01	2.0346295e+01	2.0376129e+01	2.0853783e+01	2.0339332e+01	2.0364702e+01	2.0270826e+01	2.0425935e+01	2.0329232e+01	2.0568008e+01	2.0193013e+01	2.0253048e+01	4.1627330e+00	2.0468689e+01
2.0465597e+01	2.0292536e+01	2.0429947e+01	2.0380411e+01	2.0389657e+01	2.1690407e+01	2.0369247e+01	2.0261449e+01	2.0228926e+01	2.0753044e+01	2.0418470e+01	2.0301997e+01	2.0346295e+01	2.0376129e+01	2.0853783e+01	2.0339332e+01	2.0364702e+01	2.0270826e+01	2.0425935e+01	2.0329232e+01	2.0568008e+01	2.0193013e+01	2.0253048e+01	4.1627330e+00	2.0468689e+01
2.0465597e+01	2.0292536e+01	2.0429947e+01	2.0380411e+01	2.0267053e+01	2.1690407e+01	2.0369247e+01	2.0261449e+01	2.0228926e+01	2.0753044e+01	2.0418470e+01	2.0301997e+01	2.0346295e+01	2.0376129e+01	2.0853783e+01	2.0339332e+01	2.0364702e+01	2.0270826e+01	2.0425935e+01	2.0329232e+01	2.0516783e+01	2.0193013e+01	2.0253048e+01	4.0793871e+00	2.0468689e+01
2.0465597e+01	2.0292536e+01	2.0352362e+01	2.0380411e+01	2.0267053e+01	2.1690407e+01	2.0369247e+01	2.0261449e+01	2.0228926e+01	2.0753044e+01	2.0418470e+01	2.0301997e+01	2.0346295e+01	2.0376129e+01	2.0853783e+01	2.0339332e+01	2.0364702e+01	2.0270826e+01	2.0425935e+01	2.0329232e+01	2.0516783e+01	2.0193013e+01	2.0253048e+01	3.9441440e+00	2.0374263e+01
2.0465597e+01	2.0292536e+01	2.0352362e+01	2.0380411e+01	2.0267053e+01	2.1690407e+01	2.0369247e+01	2.0261449e+01	2.0228926e+01	2.0753044e+01	2.0418470e+01	2.0301997e+01	2.0346295e+01	2.0376129e+01	2.0853783e+01	2.0339332e+01	2.0364702e+01	2.0270826e+01	2.0425935e+01	2.0329232e+01	2.0454247e+01	2.0193013e+01	2.0253048e+01	3.1137492e+00	2.0374263e+01
2.0465597e+01	2.0292536e+01	2.0352362e+01	2.0380411e+01	2.0267053e+01	2.1690407e+01	2.0369247e+01	2.0261449e+01	2.0228926e+01	2.0753044e+01	2.0385151e+01	2.0301997e+01	2.0346295e+01	2.0376129e+01	2.0821431e+01	2.0339332e+01	2.0364702e+01	2.0270826e+01	2.0425935e+01	2.0329232e+01	2.0454247e+01	2.0193013e+01	2.0253048e+01	3.1137492e+00	2.0374263e+01
2.0465597e+01	2.0292536e+01	2.0352362e+01	2.0380411e+01	2.0267053e+01	2.1690407e+01	2.0369247e+01	2.0261449e+01	2.0228926e+01	2.0753044e+01	2.0385151e+01	2.0301997e+01	2.0346295e+01	2.0376129e+01	2.0693433e+01	2.0339332e+01	2.0364702e+01	2.0270826e+01	2.0425935e+01	2.0329232e+01	2.0454247e+01	2.0193013e+01	2.0253048e+01	3.1137492e+00	2.0374263e+01
2.0465597e+01	2.0292536e+01	2.0352362e+01	2.0380411e+01	2.0267053e+01	2.1512247e+01	2.0369247e+01	2.0261449e+01	2.0228926e+01	2.0753044e+01	2.0385151e+01	2.0301997e+01	2.0346295e+01	2.0376129e+01	2.0693433e+01	2.0339332e+01	2.0181165e+01	2.0270826e+01	2.0425935e+01	2.0329232e+01	2.0454247e+01	2.0193013e+01	2.0253048e+01	3.1137492e+00	2.0374263e+01
2.0465597e+01	2.0292536e+01	2.0352362e+01	2.0380411e+01	2.0267053e+01	2.1512247e+01	2.0369247e+01	2.0261449e+01	2.0228926e+01	2.0753044e+01	2.0385151e+01	2.0301997e+01	2.0346295e+01	2.0376129e+01	2.0693433e+01	2.0339332e+01	2.0181165e+01	2.0270826e+01	2.0425935e+01	2.0329232e+01	2.0454247e+01	2.0193013e+01	2.0253048e+01	3.1137492e+00	2.0374263e+01
2.0465597e+01	2.0292536e+01	2.0352362e+01	2.0380411e+01	2.0267053e+01	2.1512247e+01	2.0369247e+01	2.0261449e+01	2.0228926e+01	2.0753044e+01	2.0385151e+01	2.0301997e+01	2.0346295e+01	2.0376129e+01	2.0693433e+01	2.0339332e+01	2.0181165e+01	2.0270826e+01	2.0425935e+01	2.0329232e+01	2.0454247e+01	2.0193013e+01	2.0253048e+01	3.0659027e+00	2.0374263e+01
2.0465597e+01	2.0292536e+01	2.0352362e+01	2.0380411e+01	2.0267053e+01	2.1259472e+01	2.0369247e+01	2.0261449e+01	2.0228926e+01	2.0753044e+01	2.0385151e+01	2.0301997e+01	2.0346295e+01	2.0376129e+01	2.0693433e+01	2.0339332e+01	2.0181165e+01	2.0270826e+01	2.0425935e+01	2.0329232e+01	2.0454247e+01	2.0193013e+01	2.0253048e+01	2.4980128e+00	2.0374263e+01
2.0465597e+01	2.0292536e+01	2.0352362e+01	2.0380411e+01	2.0267053e+01	2.1259472e+01	2.0369247e+01	2.0261449e+01	2.0228926e+01	2.0753044e+01	2.0385151e+01	2.0301997e+01	2.0346295e+01	2.0376129e+01	2.0632972e+01	2.0339332e+01	2.0181165e+01	2.0270826e+01	2.0425935e+01	2.0329232e+01	2.0454247e+01	2.0193013e+01	2.0253048e+01	2.4980128e+00	2.0374263e+01
2.0465597e+01	2.0292536e+01	2.0352362e+01	2.0380411e+01	2.0267053e+01	2.1259472e+01	2.0369247e+01	2.0261449e+01	2.0228926e+01	2.0753044e+01	2.0385151e+01	2.0301997e+01	2.0346295e+01	2.0376129e+01	2.0632972e+01	2.0339332e+01	2.0181165e+01	2.0270826e+01	2.0425935e+01	2.0329232e+01	2.0454247e+01	2.0193013e+01	2.0253048e+01	2.4980128e+00	2.0374263e+01
2.0465597e+01	2.0279063e+01	2.0352362e+01	2.0380411e+01	2.0267053e+01	2.1188764e+01	2.0369247e+01	2.0261449e+01	2.0228926e+01	2.0753044e+01	2.0385151e+01	2.0301997e+01	2.0346295e+01	2.0376129e+01	2.0632972e+01	2.0339332e+01	2.0181165e+01	2.0270826e+01	2.0425935e+01	2.0329232e+01	2.0454247e+01	2.0193013e+01	2.0253048e+01	2.1809124e+00	2.0373612e+01
2.0465597e+01	2.0279063e+01	2.0352362e+01	2.0380411e+01	2.0267053e+01	2.1127407e+01	2.0369247e+01	2.0261449e+01	2.0228926e+01	2.0595776e+01	2.0385151e+01	2.0301997e+01	2.0346295e+01	2.0376129e+01	2.0632972e+01	2.0339332e+01	2.0181165e+01	2.0270826e+01	2.0425935e+01	2.0329232e+01	2.0454247e+01	2.0193013e+01	2.0253048e+01	2.0270171e+00	2.0373612e+01
2.0465597e+01	2.0279063e+01	2.0352362e+01	2.0380411e+01	2.0267053e+01	2.0909844e+01	2.0369247e+01	2.0261449e+01	2.0228926e+01	2.0595776e+01	2.0385151e+01	2.0301997e+01	2.0346295e+01	2.0376129e+01	2.0632972e+01	2.0339332e+01	2.0181165e+01	2.0270826e+01	2.0425935e+01	2.0329232e+01	2.0454247e+01	2.0193013e+01	2.0253048e+01	2.0270171e+00	2.0373612e+01
2.0465597e+01	2.0279063e+01	2.0352362e+01	2.0380411e+01	2.0267053e+01	2.0909844e+01	2.0369247e+01	2.0261449e+01	2.0228926e+01	2.0595776e+01	2.0385151e+01	2.0301997e+01	2.0346295e+01	2.0376129e+01	2.0632972e+01	2.0339332e+01	2.0181165e+01	2.0270826e+01	2.0425935e+01	2.0329232e+01	2.0454247e+01	2.0193013e+01	2.0253048e+01	2.0270171e+00	2.0373612e+01
2.0465597e+01	2.0279063e+01	2.0352362e+01	2.0380411e+01	2.0267053e+01	2.0909844e+01	2.0369247e+01	2.0261449e+01	2.0228926e+01	2.0595776e+01	2.0385151e+01	2.0301997e+01	2.0346295e+01	2.0376129e+01	2.0632972e+01	2.0339332e+01	2.0181165e+01	2.0270826e+01	2.0425935e+01	2.0329232e+01	2.0454247e+01	2.0193013e+01	2.0253048e+01	1.6068629e+00	2.0373612e+01
2.0465597e+01	2.0279063e+01	2.0352362e+01	2.0380411e+01	2.0267053e+01	2.0909844e+01	2.0369247e+01	2.0261449e+01	2.0228926e+01	2.0595776e+01	2.0385151e+01	2.0301997e+01	2.0346295e+01	2.0376129e+01	2.0596834e+01	2.0339332e+01	2.0181165e+01	2.0270826e+01	2.0425935e+01	2.0329232e+01	2.0454247e+01	2.0193013e+01	2.0253048e+01	1.6068629e+00	2.0373612e+01
2.0465597e+01	2.0279063e+01	2.0319204e+01	2.0380411e+01	2.0267053e+01	2.0909844e+01	2.0369247e+01	2.0261449e+01	2.0228926e+01	2.0595776e+01	2.0385151e+01	2.0301997e+01	2.0346295e+01	2.0376129e+01	2.0596834e+01	2.0339332e+01	2.0181165e+01	2.0270826e+01	2.0425935e+01	2.0329232e+01	2.0454247e+01	2.0193013e+01	2.0253048e+01	1.6068629e+00	2.0373612e+01
2.0465597e+01	2.0279063e+01	2.0319204e+01	2.0380411e+01	2.0267053e+01	2.0909844e+01	2.0369247e+01	2.0261449e+01	2.0228926e+01	2.0595776e+01	2.0385151e+01	2.0301997e+01	2.0346295e+01	2.0376129e+01	2.0596834e+01	2.0339332e+01	2.0181165e+01	2.0270826e+01	2.0425935e+01	2.0329232e+01	2.0454247e+01	2.0193013e+01	2.0253048e+01	1.6068629e+00	2.0373612e+01
2.0465597e+01	2.0279063e+01	2.0319204e+01	2.0380411e+01	2.0267053e+01	2.0909844e+01	2.0369247e+01	2.0261449e+01	2.0228926e+01	2.0595776e+01	2.0385151e+01	2.0301997e+01	2.0260630e+01	2.0376129e+01	2.0566710e+01	2.0339332e+01	2.0181165e+01	2.0270826e+01	2.0425935e+01	2.0224865e+01	2.0454247e+01	2.0193013e+01	2.0253048e+01	1.2593493e+00	2.0373612e+01
2.0465597e+01	2.0279063e+01	2.0319204e+01	2.0241223e+01	2.0267053e+01	2.0909844e+01	2.0369247e+01	2.0187268e+01	2.0228926e+01	2.0595776e+01	2.0385151e+01	2.0301997e+01	2.0260630e+01	2.0376129e+01	2.0566710e+01	2.0339332e+01	2.0181165e+01	2.0270826e+01	2.0425935e+01	2.0224865e+01	2.0454247e+01	2.0193013e+01	2.0253048e+01	7.3703771e-01	2.0373612e+01
2.0465597e+01	2.0279063e+01	2.0319204e+01	2.0241223e+01	2.0267053e+01	2.0909844e+01	2.0369247e+01	2.0187268e+01	2.0228926e+01	2.0595776e+01	2.0385151e+01	2.0301997e+01	2.0260630e+01	2.0376129e+01	2.0566710e+01	2.0339332e+01	2.0181165e+01	2.0270826e+01	2.0425935e+01	2.0224865e+01	2.0454247e+01	2.0193013e+01	2.0253048e+01	7.3703771e-01	2.0373612e+01
2.0465597e+01	2.0279063e+01	2.0319204e+01	2.0241223e+01	2.0267053e+01	2.0909844e+01	2.0369247e+01	2.0187268e+01	2.0228926e+01	2.0595776e+01	2.0385151e+01	2.0301997e+01	2.0260630e+01	2.0376129e+01	2.0566710e+01	2.0339332e+01	2.0181165e+01	2.0270826e+01	2.0425935e+01	2.0224865e+01	2.0454247e+01	2.0193013e+01	2.0253048e+01	7.3703771e-01	2.0373612e+01
2.0465597e+01	2.0279063e+01	2.0319204e+01	2.0241223e+01	2.0267053e+01	2.0909844e+01	2.0369247e+01	2.0187268e+01	2.0228926e+01	2.0595776e+01	2.0385151e+01	2.0301997e+01	2.0260630e+01	2.0376129e+01	2.0566710e+01	2.0339332e+01	2.0181165e+01	2.0270826e+01	2.0425935e+01	2.0224865e+01	2.0454247e+01	2.0193013e+01	2.0253048e+01	7.3703771e-01	2.0373612e+01
2.0465597e+01	2.0279063e+01	2.0319204e+01	2.0241223e+01	2.0267053e+01	2.0909844e+01	2.0369247e+01	2.0187268e+01	2.0228926e+01	2.0595776e+01	2.0385151e+01	2.0301997e+01	2.0260630e+01	2.0376129e+01	2.0566710e+01	2.0339332e+01	2.0181165e+01	2.0270826e+01	2.0425935e+01	2.0224865e+01	2.0454247e+01	2.0193013e+01	2.0253048e+01	7.3703771e-01	2.0373612e+01
2.0465597e+01	2.0279063e+01	2.0319204e+01	2.0241223e+01	2.0267053e+01	2.0909844e+01	2.0369247e+01	2.0187268e+01	2.0228926e+01	2.0595776e+01	2.0385151e+01	2.0301997e+01	2.0260630e+01	2.0376129e+01	2.0566710e+01	2.0339332e+01	2.0181165e+01	2.0270826e+01	2.0425935e+01	2.0224865e+01	2.0443699e+01	2.0193013e+01	2.0253048e+01	7.3703771e-01	2.0373612e+01
2.0465597e+01	2.0279063e+01	2.0319204e+01	2.0241223e+01	2.0267053e+01	2.0909844e+01	2.0369247e+01	2.0187268e+01	2.0228926e+01	2.0595776e+01	2.0385151e+01	2.0301997e+01	2.0260630e+01	2.0376129e+01	2.0566710e+01	2.0339332e+01	2.0181165e+01	2.0270826e+01	2.0425935e+01	2.0224865e+01	2.0443699e+01	2.0193013e+01	2.0253048e+01	7.3703771e-01	2.0373612e+01
2.0465597e+01	2.0279063e+01	2.0319204e+01	2.0241223e+01	2.0267053e+01	2.0909844e+01	2.0369247e+01	2.0187268e+01	2.0228926e+01	2.0595776e+01	2.0385151e+01	2.0301997e+01	2.0260630e+01	2.0376129e+01	2.0494935e+01	2.0339332e+01	2.0181165e+01	2.0270826e+01	2.0425935e+01	2.0224865e+01	2.0443699e+01	2.0193013e+01	2.0253048e+01	7.3545110e-01	2.0373612e+01
2.0465597e+01	2.0279063e+01	2.0319204e+01	2.0241223e+01	2.0267053e+01	2.0909844e+01	2.0299794e+01	2.0187268e+01	2.0228926e+01	2.0595776e+01	2.0385151e+01	2.0301997e+01	2.0260630e+01	2.0376129e+01	2.0494935e+01	2.0339332e+01	2.0181165e+01	2.0270826e+01	2.0425935e+01	2.0224865e+01	2.0443699e+01	2.0193013e+01	2.0253048e+01	6.2403564e-01	2.0373612e+01
2.0465597e+01	2.0279063e+01	2.0319204e+01	2.0241223e+01	2.0267053e+01	2.0909844e+01	2.0299794e+01	2.0187268e+01	2.0228926e+01	2.0595776e+01	2.0385151e+01	2.0301997e+01	2.0260630e+01	2.0305759e+01	2.0494935e+01	2.0339332e+01	2.0181165e+01	2.0270826e+01	2.0425935e+01	2.0224865e+01	2.0443699e+01	2.0193013e+01	2.0253048e+01	6.2403564e-01	2.0373612e+01
2.0465597e+01	2.0279063e+01	2.0319204e+01	2.0241223e+01	2.0267053e+01	2.0909844e+01	2.0299794e+01	2.0187268e+01	2.0228926e+01	2.0595776e+01	2.0385151e+01	2.0301997e+01	2.0260630e+01	2.0305759e+01	2.0401881e+01	2.0339332e+01	2.0181165e+01	2.0270826e+01	2.0425935e+01	2.0224865e+01	2.0443699e+01	2.0193013e+01	2.0253048e+01	3.5795974e-01	2.0373612e+01
2.0465597e+01	2.0279063e+01	2.0319204e+01	2.0241223e+01	2.0267053e+01	2.0909844e+01	2.0299794e+01	2.0187268e+01	2.0228926e+01	2.0595776e+01	2.0385151e+01	2.0301997e+01	2.0260630e+01	2.0305759e+01	2.0401881e+01	2.0339332e+01	2.0181165e+01	2.0270826e+01	2.0425935e+01	2.0224865e+01	2.0443699e+01	2.0193013e+01	2.0253048e+01	3.5795974e-01	2.0373612e+01
2.0465597e+01	2.0279063e+01	2.0319204e+01	2.0241223e+01	2.0267053e+01	2.0909844e+01	2.0299794e+01	2.0187268e+01	2.0228926e+01	2.0595776e+01	2.0385151e+01	2.0301997e+01	2.0260630e+01	2.0305759e+01	2.0401881e+01	2.0339332e+01	2.0181165e+01	2.0270826e+01	2.0425935e+01	2.0224865e+01	2.0443699e+01	2.0193013e+01	2.0253048e+01	3.1031966e-01	2.0373612e+01
2.0465597e+01	2.0279063e+01	2.0319204e+01	2.0241223e+01	2.0267053e+01	2.0909844e+01	2.0299794e+01	2.0187268e+01	2.0228926e+01	2.0432385e+01	2.0385151e+01	2.0301997e+01	2.0260630e+01	2.0305759e+01	2.0401881e+01	2.0339332e+01	2.0181165e+01	2.0270826e+01	2.0425935e+01	2.0224865e+01	2.0443699e+01	2.0193013e+01	2.0253048e+01	3.1031966e-01	2.0373612e+01
2.0465597e+01	2.0279063e+01	2.0319204e+01	2.0241223e+01	2.0267053e+01	2.0626447e+01	2.0299794e+01	2.0187268e+01	2.0228926e+01	2.0432385e+01	2.0385151e+01	2.0301997e+01	2.0260630e+01	2.0305759e+01	2.0401881e+01	2.0339332e+01	2.0181165e+01	2.0270826e+01	2.0425935e+01	2.0224865e+01	2.0443699e+01	2.0193013e+01	2.0253048e+01	2.7539465e-01	2.0373612e+01
2.0465597e+01	2.0279063e+01	2.0319204e+01	2.0241223e+01	2.0267053e+01	2.0626447e+01	2.0299794e+01	2.0187268e+01	2.0228926e+01	2.0432385e+01	2.0385151e+01	2.0301997e+01	2.0260630e+01	2.0305759e+01	2.0401881e+01	2.0235769e+01	2.0181165e+01	2.0270826e+01	2.0425935e+01	2.0224865e+01	2.0443699e+01	2.0193013e+01	2.0253048e+01	2.3426638e-01	2.0345107e+01
2.0411401e+01	2.0279063e+01	2.0319204e+01	2.0241223e+01	2.0267053e+01	2.0626447e+01	2.0299794e+01	2.0187268e+01	2.0228926e+01	2.0432385e+01	2.0385151e+01	2.0301997e+01	2.0260630e+01	2.0305759e+01	2.0401881e+01	2.0235769e+01	2.0181165e+01	2.0270826e+01	2.0425935e+01	2.0224865e+01	2.0443699e+01	2.0193013e+01	2.0253048e+01	2.3426638e-01	2.0345107e+01
2.0411401e+01	2.0279063e+01	2.0319204e+01	2.0241223e+01	2.0267053e+01	2.0541291e+01	2.0299794e+01	2.0187268e+01	2.0228926e+01	2.0432385e+01	2.0385151e+01	2.0301997e+01	2.0260630e+01	2.0305759e+01	2.0401881e+01	2.0235769e+01	2.0181165e+01	2.0270826e+01	2.0425935e+01	2.0224865e+01	2.0443699e+01	2.0193013e+01	2.0253048e+01	2.3426638e-01	2.0345107e+01
2.0411401e+01	2.0279063e+01	2.0319204e+01	2.0241223e+01	2.0267053e+01	2.0541291e+01	2.0299794e+01	2.0187268e+01	2.0228926e+01	2.0432385e+01	2.0385151e+01	2.0301997e+01	2.0260630e+01	2.0305759e+01	2.0401881e+01	2.0235769e+01	2.0181165e+01	2.0270826e+01	2.0425935e+01	2.0224865e+01	2.0279360e+01	2.0193013e+01	2.0253048e+01	2.3426638e-01	2.0345107e+01
2.0411401e+01	2.0279063e+01	2.0319204e+01	2.0241223e+01	2.0267053e+01	2.0541291e+01	2.0299794e+01	2.0187268e+01	2.0228926e+01	2.0432385e+01	2.0385151e+01	2.0301997e+01	2.0260630e+01	2.0305759e+01	2.0401881e+01	2.0235769e+01	2.0181165e+01	2.0270826e+01	2.0425935e+01	2.0224865e+01	2.0279360e+01	2.0193013e+01	2.0253048e+01	2.3426638e-01	2.0345107e+01
2.0411401e+01	2.0279063e+01	2.0319204e+01	2.0241223e+01	2.0267053e+01	2.0541291e+01	2.0299794e+01	2.0187268e+01	2.0228926e+01	2.0432385e+01	2.0385151e+01	2.0301997e+01	2.0260630e+01	2.0303663e+01	2.0401881e+01	2.0235769e+01	2.0181165e+01	2.0270826e+01	2.0325090e+01	2.0143711e+01	2.0279360e+01	2.0193013e+01	2.0253048e+01	2.1793493e-01	2.0345107e+01
2.0411401e+01	2.0279063e+01	2.0319204e+01	2.0241223e+01	2.0267053e+01	2.0541291e+01	2.0299794e+01	2.0187268e+01	2.0228926e+01	2.0432385e+01	2.0385151e+01	2.0301997e+01	2.0260630e+01	2.0303663e+01	2.0401881e+01	2.0235769e+01	2.0181165e+01	2.0270826e+01	2.0325090e+01	2.0143711e+01	2.0279360e+01	2.0193013e+01	2.0253048e+01	2.0936786e-01	2.0345107e+01
2.0411401e+01	2.0279063e+01	2.0016018e+01	2.0241223e+01	2.0267053e+01	2.0541291e+01	2.0299794e+01	2.0187268e+01	2.0228926e+01	2.0432385e+01	2.0385151e+01	2.0301997e+01	2.0260630e+01	2.0303663e+01	2.0401881e+01	2.0235769e+01	2.0181165e+01	2.0270826e+01	2.0325090e+01	2.0143711e+01	2.0279360e+01	2.0193013e+01	2.0253048e+01	1.9479965e-01	2.0345107e+01
2.0411401e+01	2.0279063e+01	2.0016018e+01	2.0241223e+01	2.0267053e+01	2.0541291e+01	2.0299794e+01	2.0187268e+01	2.0228926e+01	2.0432385e+01	2.0385151e+01	2.0301997e+01	2.0260630e+01	2.0303663e+01	2.0401881e+01	2.0235769e+01	2.0181165e+01	2.0270826e+01	2.0325090e+01	2.0143711e+01	2.0279360e+01	2.0193013e+01	2.0253048e+01	1.9479965e-01	2.0345107e+01
2.0411401e+01	2.0279063e+01	2.0016018e+01	2.0241223e+01	2.0267053e+01	2.0541291e+01	2.0299794e+01	2.0187268e+01	2.0228926e+01	2.0432385e+01	2.0385151e+01	2.0301997e+01	2.0260630e+01	2.0303663e+01	2.0401881e+01	2.0235769e+01	2.0181165e+01	2.0270826e+01	2.0325090e+01	2.0143711e+01	2.0279360e+01	2.0193013e+01	2.0253048e+01	1.8413900e-01	2.0345107e+01
2.0411401e+01	2.0279063e+01	2.0016018e+01	2.0241223e+01	2.0267053e+01	2.0541291e+01	2.0299794e+01	2.0187268e+01	2.0228926e+01	2.0432385e+01	2.0385151e+01	2.0301997e+01	2.0260630e+01	2.0303663e+01	2.0401881e+01	2.0235769e+01	2.0181165e+01	2.0270826e+01	2.0325090e+01	2.0143711e+01	2.0279360e+01	2.0161883e+01	2.0253048e+01	1.8359968e-01	2.0345107e+01
2.0411401e+01	2.0279063e+01	2.0016018e+01	2.0241223e+01	2.0267053e+01	2.0541291e+01	2.0299794e+01	2.0187268e+01	2.0228926e+01	2.0432385e+01	2.0385151e+01	2.0301997e+01	2.0260630e+01	2.0303663e+01	2.0401881e+01	2.0235769e+01	2.0181165e+01	2.0270826e+01	2.0325090e+01	2.0143711e+01	2.0279360e+01	2.0161883e+01	2.0253048e+01	1.6543132e-01	2.0345107e+01
2.0411401e+01	2.0279063e+01	2.0016018e+01	2.0241223e+01	2.0267053e+01	2.0541291e+01	2.0211983e+01	2.0187268e+01	2.0228926e+01	2.0432385e+01	2.0385151e+01	2.0301997e+01	2.0260630e+01	2.0303663e+01	2.0401881e+01	2.0235769e+01	2.0181165e+01	2.0270826e+01	2.0325090e+01	2.0143711e+01	2.0279360e+01	2.0161883e+01	2.0253048e+01	1.3007475e-01	2.0345107e+01
2.0411401e+01	2.0279063e+01	2.0016018e+01	2.0241223e+01	2.0267053e+01	2.0541291e+01	2.0211983e+01	2.0187268e+01	2.0228926e+01	2.0323597e+01	2.0385151e+01	2.0301997e+01	2.0260630e+01	2.0303663e+01	2.0401881e+01	2.0235769e+01	2.0181165e+01	2.0270826e+01	2.0325090e+01	2.0143711e+01	2.0279360e+01	2.0161883e+01	2.0253048e+01	1.3007475e-01	2.0345107e+01
2.0411401e+01	2.0279063e+01	2.0016018e+01	2.0241223e+01	2.0267053e+01	2.0364450e+01	2.0211983e+01	2.0187268e+01	2.0228926e+01	2.0323597e+01	2.0385151e+01	2.0301997e+01	2.0260630e+01	2.0303663e+01	2.0401881e+01	2.0235769e+01	2.0181165e+01	2.0270826e+01	2.0325090e+01	2.0143711e+01	2.0279360e+01	2.0161883e+01	2.0253048e+01	1.2881999e-01	2.0345107e+01
2.0411401e+01	2.0279063e+01	2.0016018e+01	2.0241223e+01	2.0267053e+01	2.0364450e+01	2.0211983e+01	2.0187268e+01	2.0228926e+01	2.0323597e+01	2.0385151e+01	2.0301997e+01	2.0260630e+01	2.0303663e+01	2.0401508e+01	2.0235769e+01	2.0181165e+01	2.0270826e+01	2.0325090e+01	2.0143711e+01	2.0279360e+01	2.0161883e+01	2.0253048e+01	1.0352341e-01	2.0345107e+01
2.0411401e+01	2.0279063e+01	2.0016018e+01	2.0241223e+01	2.0267053e+01	2.0364450e+01	2.0211983e+01	2.0187268e+01	2.0228926e+01	2.0323597e+01	2.0385151e+01	2.0301997e+01	2.0260630e+01	2.0303663e+01	2.0401508e+01	2.0235769e+01	2.0181165e+01	2.0270826e+01	2.0325090e+01	2.0143711e+01	2.0279360e+01	2.0161883e+01	2.0253048e+01	1.0352341e-01	2.0345107e+01
2.0411401e+01	2.0279063e+01	2.0016018e+01	2.0241223e+01	2.0267053e+01	2.0364450e+01	2.0211983e+01	2.0187268e+01	2.0228926e+01	2.0323597e+01	2.0385151e+01	2.0301997e+01	2.0260630e+01	2.0303663e+01	2.0401508e+01	2.0235769e+01	2.0181165e+01	2.0270826e+01	2.0325090e+01	2.0143711e+01	2.0277706e+01	2.0161883e+01	2.0253048e+01	7.9209025e-02	2.0345107e+01
2.0411401e+01	2.0279063e+01	2.0016018e+01	2.0241223e+01	2.0267053e+01	2.0364450e+01	2.0211983e+01	2.0187268e+01	2.0228926e+01	2.0323597e+01	2.0385151e+01	2.0301997e+01	2.0260630e+01	2.0303663e+01	2.0401508e+01	2.0235769e+01	2.0181165e+01	2.0270826e+01	2.0325090e+01	2.0143711e+01	2.0277706e+01	2.0161883e+01	2.0253048e+01	6.2343939e-02	2.0345107e+01
2.0411401e+01	2.0279063e+01	2.0016018e+01	2.0241223e+01	2.0267053e+01	2.0364450e+01	2.0211983e+01	2.0187268e+01	2.0228926e+01	2.0323597e+01	2.0385151e+01	2.0301997e+01	2.0260630e+01	2.0303663e+01	2.0401508e+01	2.0235769e+01	2.0181165e+01	2.0270826e+01	2.0325090e+01	2.0143711e+01	2.0277706e+01	2.0161883e+01	2.0253048e+01	6.2343939e-02	2.0345107e+01
2.0411401e+01	2.0279063e+01	2.0016018e+01	2.0224712e+01	2.0267053e+01	2.0364450e+01	2.0211983e+01	2.0187268e+01	2.0228926e+01	2.0323597e+01	2.0361571e+01	2.0301997e+01	2.0260630e+01	2.0303663e+01	2.0401508e+01	2.0235769e+01	2.0181165e+01	2.0270826e+01	2.0325090e+01	2.0143711e+01	2.0277706e+01	2.0161883e+01	2.0198339e+01	6.2343939e-02	2.0345107e+01
2.0411401e+01	2.0279063e+01	2.0016018e+01	2.0224712e+01	2.0267053e+01	2.0364450e+01	2.0211983e+01	2.0187268e+01	2.0228926e+01	2.0323597e+01	2.0361571e+01	2.0209682e+01	2.0260630e+01	2.0303663e+01	2.0401508e+01	2.0235769e+01	2.0181165e+01	2.0270826e+01	2.0325090e+01	2.0143711e+01	2.0277706e+01	2.0161883e+01	2.0198339e+01	6.2343939e-02	2.0345107e+01
2.0411401e+01	2.0279063e+01	2.0016018e+01	2.0224712e+01	2.0267053e+01	2.0364450e+01	2.0211983e+01	2.0187268e+01	2.0228663e+01	2.0323597e+01	2.0361571e+01	2.0209682e+01	2.0260630e+01	2.0303663e+01	2.0401508e+01	2.0235769e+01	2.0181165e+01	2.0270826e+01	2.0325090e+01	2.0143711e+01	2.0277706e+01	2.0161883e+01	2.0198339e+01	6.2343939e-02	2.0195985e+01
2.0411401e+01	2.0279063e+01	2.0016018e+01	2.0224712e+01	2.0267053e+01	2.0364450e+01	2.0211983e+01	2.0187268e+01	2.0228663e+01	2.0323597e+01	2.0361571e+01	2.0209682e+01	2.0260630e+01	2.0303663e+01	2.0401508e+01	2.0235769e+01	2.0181165e+01	2.0270826e+01	2.0325090e+01	2.0143711e+01	2.0277706e+01	2.0161883e+01	2.0197559e+01	6.2343939e-02	2.0195985e+01
2.0310004e+01	2.0267518e+01	2.0016018e+01	2.0224712e+01	2.0267053e+01	2.0364450e+01	2.0211983e+01	2.0187268e+01	2.0228663e+01	2.0323597e+01	2.0361571e+01	2.0209682e+01	2.0260630e+01	2.0303663e+01	2.0401508e+01	2.0235769e+01	2.0181165e+01	2.0270826e+01	2.0325090e+01	2.0143711e+01	2.0277706e+01	2.0161883e+01	2.0197559e+01	6.1989113e-02	2.0195985e+01
2.0310004e+01	2.0267518e+01	2.0016018e+01	2.0224712e+01	2.0267053e+01	2.0364450e+01	2.0211983e+01	2.0187268e+01	2.0228663e+01	2.0323597e+01	2.0361571e+01	2.0209682e+01	2.0260630e+01	2.0303663e+01	2.0401508e+01	2.0235769e+01	2.0181165e+01	2.0270826e+01	2.0325090e+01	2.0143711e+01	2.0277706e+01	2.0161883e+01	2.0197559e+01	5.3351860e-02	2.0195985e+01
2.0310004e+01	2.0267518e+01	2.0016018e+01	2.0224712e+01	2.0267053e+01	2.0364450e+01	2.0211983e+01	2.0187268e+01	2.0228663e+01	2.0323597e+01	2.0361571e+01	2.0209682e+01	2.0260630e+01	2.0303663e+01	2.0401508e+01	2.0235769e+01	2.0181165e+01	2.0270826e+01	2.0325090e+01	2.0143711e+01	2.0277706e+01	2.0161883e+01	2.0197559e+01	5.2094451e-02	2.0195985e+01
2.0310004e+01	2.0267518e+01	2.0016018e+01	2.0224712e+01	2.0267053e+01	2.0364450e+01	2.0211983e+01	2.0187268e+01	2.0228663e+01	2.0323597e+01	2.0361571e+01	2.0209682e+01	2.0260630e+01	2.0303663e+01	2.0401508e+01	2.0235769e+01	2.0181165e+01	2.0270826e+01	2.0325090e+01	2.0143711e+01	2.0277706e+01	2.0161883e+01	2.0197559e+01	4.2761470e-02	2.0195985e+01
2.0310004e+01	2.0267518e+01	2.0016018e+01	2.0224712e+01	2.0267053e+01	2.0364450e+01	2.0211983e+01	2.0187268e+01	2.0228663e+01	2.0323597e+01	2.0361571e+01	2.0209682e+01	2.0260630e+01	2.0303663e+01	2.0401508e+01	2.0235769e+01	2.0181165e+01	2.0270826e+01	2.0325090e+01	2.0143711e+01	2.0277706e+01	2.0161883e+01	2.0197559e+01	4.2761470e-02	2.0195985e+01
2.0310004e+01	2.0267518e+01	2.0016018e+01	2.0224712e+01	2.0267053e+01	2.0364450e+01	2.0211983e+01	2.0187268e+01	2.0228663e+01	2.0323597e+01	2.0361571e+01	2.0209682e+01	2.0260630e+01	2.0303663e+01	2.0401508e+01	2.0235769e+01	2.0181165e+01	2.0270826e+01	2.0325090e+01	2.0143711e+01	2.0277706e+01	2.0161883e+01	2.0197559e+01	4.2761470e-02	2.0195985e+01
2.0310004e+01	2.0267518e+01	2.0016018e+01	2.0224712e+01	2.0267053e+01	2.0364450e+01	2.0211983e+01	2.0187268e+01	2.0228663e+01	2.0323597e+01	2.0361571e+01	2.0209682e+01	2.0240585e+01	2.0303663e+01	2.0401508e+01	2.0235769e+01	2.0181165e+01	2.0270826e+01	2.0325090e+01	2.0143711e+01	2.0277706e+01	2.0161883e+01	2.0197559e+01	2.1497181e-02	2.0195985e+01
2.0307233e+01	2.0267518e+01	2.0016018e+01	2.0224712e+01	2.0267053e+01	2.0364450e+01	2.0211983e+01	2.0187268e+01	2.0228663e+01	2.0323597e+01	2.0361571e+01	2.0209682e+01	2.0214776e+01	2.0303663e+01	2.0401508e+01	2.0235769e+01	2.0181165e+01	2.0270826e+01	2.0325090e+01	2.0143711e+01	2.0277706e+01	2.0161883e+01	2.0197559e+01	2.1497181e-02	2.0195985e+01
2.0307233e+01	2.0267518e+01	2.0016018e+01	2.0224712e+01	2.0267053e+01	2.0364450e+01	2.0211983e+01	2.0187268e+01	2.0228663e+01	2.0323597e+01	2.0361571e+01	2.0209682e+01	2.0214776e+01	2.0303663e+01	2.0401508e+01	2.0235769e+01	2.0181165e+01	2.0270826e+01	2.0275667e+01	2.0143711e+01	2.0277706e+01	2.0161883e+01	2.0197559e+01	2.1497181e-02	2.0195985e+01
2.0307233e+01	2.0267518e+01	2.0016018e+01	2.0224712e+01	2.0267053e+01	2.0364450e+01	2.0211983e+01	2.0187268e+01	2.0228663e+01	2.0323597e+01	2.0361571e+01	2.0209682e+01	2.0214776e+01	2.0303663e+01	2.0401508e+01	2.0235769e+01	2.0181165e+01	2.0270826e+01	2.0275667e+01	2.0143711e+01	2.0277706e+01	2.0161883e+01	2.0197559e+01	2.1497181e-02	2.0195985e+01
2.0307233e+01	2.0267518e+01	2.0016018e+01	2.0224712e+01	2.0267053e+01	2.0364450e+01	2.0211983e+01	2.0187268e+01	2.0228663e+01	2.0323597e+01	2.0361571e+01	2.0209682e+01	2.0214776e+01	2.0303663e+01	2.0401508e+01	2.0235769e+01	2.0181165e+01	2.0270826e+01	2.0275667e+01	2.0143711e+01	2.0277706e+01	2.0161883e+01	2.0197559e+01	2.1497181e-02	2.0195985e+01
2.0307233e+01	2.0267518e+01	2.0016018e+01	2.0224712e+01	2.0267053e+01	2.0364450e+01	2.0211983e+01	2.0187268e+01	2.0228663e+01	2.0323597e+01	2.0361571e+01	2.0209682e+01	2.0214776e+01	2.0303663e+01	2.0401508e+01	2.0235769e+01	2.0181165e+01	2.0270826e+01	2.0275667e+01	2.0143711e+01	2.0277706e+01	2.0161883e+01	2.0197559e+01	2.1497181e-02	2.0195985e+01
2.0307233e+01	2.0267518e+01	2.0016018e+01	2.0224712e+01	2.0267053e+01	2.0364450e+01	2.0211983e+01	2.0187268e+01	2.0228663e+01	2.0323597e+01	2.0361571e+01	2.0209682e+01	2.0214776e+01	2.0303663e+01	2.0401508e+01	2.0235769e+01	2.0181165e+01	2.0242385e+01	2.0275667e+01	2.0143711e+01	2.0277706e+01	2.0161883e+01	2.0197559e+01	2.1467651e-02	2.0195985e+01
2.0307233e+01	2.0267518e+01	2.0016018e+01	2.0224712e+01	2.0267053e+01	2.0364450e+01	2.0211983e+01	2.0187268e+01	2.0228663e+01	2.0323597e+01	2.0361571e+01	2.0209682e+01	2.0214776e+01	2.0303663e+01	2.0401508e+01	2.0235769e+01	2.0181165e+01	2.0242385e+01	2.0275667e+01	2.0143711e+01	2.0277706e+01	2.0161883e+01	2.0197559e+01	1.9871012e-02	2.0195985e+01
2.0307233e+01	2.0267518e+01	2.0016018e+01	2.0224712e+01	2.0267053e+01	2.0364450e+01	2.0211983e+01	2.0187268e+01	2.0228663e+01	2.0323597e+01	2.0361571e+01	2.0209682e+01	2.0214776e+01	2.0303663e+01	2.0401508e+01	2.0235769e+01	2.0181165e+01	2.0242385e+01	2.0273452e+01	2.0143711e+01	2.0277706e+01	2.0161883e+01	2.0197559e+01	1.9871012e-02	2.0195985e+01
2.0307233e+01	2.0267518e+01	2.0016018e+01	2.0224712e+01	2.0267053e+01	2.0364450e+01	2.0211983e+01	2.0187268e+01	2.0228663e+01	2.0323597e+01	2.0361571e+01	2.0209682e+01	2.0214776e+01	2.0303663e+01	2.0385098e+01	2.0235769e+01	2.0181165e+01	2.0242385e+01	2.0273452e+01	2.0143711e+01	2.0277706e+01	2.0161883e+01	2.0197559e+01	1.9871012e-02	2.0195985e+01
2.0307233e+01	2.0267518e+01	2.0016018e+01	2.0224712e+01	2.0267053e+01	2.0364450e+01	2.0211983e+01	2.0187268e+01	2.0228663e+01	2.0323597e+01	2.0361571e+01	2.0209682e+01	2.0214776e+01	2.0213172e+01	2.0385098e+01	2.0235769e+01	2.0181165e+01	2.0242385e+01	2.0273452e+01	2.0143711e+01	2.0277706e+01	2.0161883e+01	2.0197559e+01	1.6894081e-02	2.0195985e+01
2.0307233e+01	2.0267518e+01	2.0016018e+01	2.0224712e+01	2.0267053e+01	2.0364450e+01	2.0211983e+01	2.0187268e+01	2.0228663e+01	2.0323597e+01	2.0361571e+01	2.0209682e+01	2.0214776e+01	2.0213172e+01	2.0385098e+01	2.0235769e+01	2.0181165e+01	2.0242385e+01	2.0273452e+01	2.0143711e+01	2.0277706e+01	2.0161883e+01	2.0197559e+01	1.6371812e-02	2.0195985e+01
2.0307233e+01	2.0267518e+01	2.0016018e+01	2.0224712e+01	2.0267053e+01	2.0364450e+01	2.0211983e+01	2.0187268e+01	2.0228663e+01	2.0323597e+01	2.0361571e+01	2.0209682e+01	2.0214776e+01	2.0213172e+01	2.0385098e+01	2.0235769e+01	2.0181165e+01	2.0242385e+01	2.0273452e+01	2.0143711e+01	2.0277706e+01	2.0161883e+01	2.0197559e+01	1.2621841e-02	2.0195985e+01
2.0307233e+01	2.0267518e+01	2.0016018e+01	2.0224712e+01	2.0267053e+01	2.0364450e+01	2.0211983e+01	2.0187268e+01	2.0228663e+01	2.0323597e+01	2.0361571e+01	2.0209682e+01	2.0214776e+01	2.0213172e+01	2.0385098e+01	2.0235769e+01	2.0181165e+01	2.0242385e+01	2.0273452e+01	2.0143711e+01	2.0277706e+01	2.0161883e+01	2.0197559e+01	1.2621841e-02	2.0195985e+01
2.0307233e+01	2.0267518e+01	2.0016018e+01	2.0224712e+01	2.0267053e+01	2.0364450e+01	2.0211983e+01	2.0187268e+01	2.0228663e+01	2.0323597e+01	2.0361571e+01	2.0209682e+01	2.0214776e+01	2.0213172e+01	2.0385098e+01	2.0235769e+01	2.0181165e+01	2.0242385e+01	2.0273452e+01	2.0143711e+01	2.0277706e+01	2.0161883e+01	2.0197559e+01	1.2621841e-02	2.0195985e+01
2.0307233e+01	2.0267518e+01	2.0016018e+01	2.0224712e+01	2.0267053e+01	2.0258527e+01	2.0211983e+01	2.0187268e+01	2.0228663e+01	2.0323597e+01	2.0361571e+01	2.0209682e+01	2.0214776e+01	2.0213172e+01	2.0385098e+01	2.0235769e+01	2.0181165e+01	2.0242385e+01	2.0273452e+01	2.0143711e+01	2.0277706e+01	2.0161883e+01	2.0197559e+01	1.2621841e-02	2.0195985e+01
2.0307233e+01	2.0267518e+01	2.0016018e+01	2.0224712e+01	2.0267053e+01	2.0258527e+01	2.0211983e+01	2.0187268e+01	2.0228663e+01	2.0297931e+01	2.0361571e+01	2.0209682e+01	2.0214776e+01	2.0213172e+01	2.0385098e+01	2.0235769e+01	2.0181165e+01	2.0164145e+01	2.0273452e+01	2.0143711e+01	2.0180212e+01	2.0151868e+01	2.0197559e+01	1.2621841e-02	2.0195985e+01
2.0307233e+01	2.0267518e+01	2.0016018e+01	2.0224712e+01	2.0267053e+01	2.0258527e+01	2.0211983e+01	2.0187268e+01	2.0228663e+01	2.0297931e+01	2.0361571e+01	2.0209682e+01	2.0214776e+01	2.0213172e+01	2.0385098e+01	2.0235769e+01	2.0181165e+01	2.0164145e+01	2.0273452e+01	2.0143711e+01	2.0180212e+01	2.0151868e+01	2.0197559e+01	1.0739235e-02	2.0195985e+01
2.0307233e+01	2.0267518e+01	2.0016018e+01	2.0224712e+01	2.0267053e+01	2.0258527e+01	2.0211983e+01	2.0187268e+01	2.0228663e+01	2.0297931e+01	2.0361571e+01	2.0209682e+01	2.0214776e+01	2.0213172e+01	2.0385098e+01	2.0235769e+01	2.0181165e+01	2.0164145e+01	2.0273452e+01	2.0143711e+01	2.0180212e+01	2.0151868e+01	2.0197559e+01	1.0739235e-02	2.0195985e+01
2.0307233e+01	2.0267518e+01	2.0016018e+01	2.0224712e+01	2.0267053e+01	2.0258527e+01	2.0211983e+01	2.0187268e+01	2.0228663e+01	2.0297931e+01	2.0361571e+01	2.0209682e+01	2.0214776e+01	2.0213172e+01	2.0385098e+01	2.0235769e+01	2.0181165e+01	2.0164145e+01	2.0273452e+01	2.0143711e+01	2.0180212e+01	2.0151868e+01	2.0197559e+01	9.9706051e-03	2.0195985e+01
2.0307233e+01	2.0267518e+01	2.0016018e+01	2.0224712e+01	2.0267053e+01	2.0258527e+01	2.0211983e+01	2.0187268e+01	2.0228663e+01	2.0267181e+01	2.0361571e+01	2.0209682e+01	2.0214776e+01	2.0213172e+01	2.0385098e+01	2.0235769e+01	2.0181165e+01	2.0164145e+01	2.0273452e+01	2.0143711e+01	2.0180212e+01	2.0151868e+01	2.0197559e+01	7.2978724e-03	2.0195985e+01
2.0307233e+01	2.0267518e+01	2.0016018e+01	2.0224712e+01	2.0267053e+01	2.0258527e+01	2.0211983e+01	2.0187268e+01	2.0228663e+01	2.0267181e+01	2.0361571e+01	2.0209682e+01	2.0214776e+01	2.0213172e+01	2.0385098e+01	2.0235769e+01	2.0181165e+01	2.0164145e+01	2.0273452e+01	2.0143711e+01	2.0180212e+01	2.0151868e+01	2.0197559e+01	7.2978724e-03	2.0195985e+01
2.0307233e+01	2.0267518e+01	2.0016018e+01	2.0224712e+01	2.0267053e+01	2.0258527e+01	2.0211983e+01	2.0187268e+01	2.0228663e+01	2.0267181e+01	2.0361571e+01	2.0209682e+01	2.0214776e+01	2.0213172e+01	2.0385098e+01	2.0235769e+01	2.0181165e+01	2.0164145e+01	2.0273452e+01	2.0143711e+01	2.0180212e+01	2.0151868e+01	2.0197559e+01	7.2978724e-03	2.0195985e+01
2.0307233e+01	2.0267518e+01	2.0016018e+01	2.0224712e+01	2.0267053e+01	2.0258527e+01	2.0211983e+01	2.0187268e+01	2.0228663e+01	2.0267181e+01	2.0346791e+01	2.0209682e+01	2.0214776e+01	2.0213172e+01	2.0385098e+01	2.0235769e+01	2.0181165e+01	2.0164145e+01	2.0273452e+01	2.0143711e+01	2.0180212e+01	2.0151868e+01	2.0197559e+01	6.7734964e-03	2.0195985e+01
2.0307233e+01	2.0267518e+01	2.0016018e+01	2.0224712e+01	2.0267053e+01	2.0258527e+01	2.0211983e+01	2.0187268e+01	2.0228663e+01	2.0267181e+01	2.0346791e+01	2.0209682e+01	2.0214776e+01	2.0213172e+01	2.0385098e+01	2.0235769e+01	2.0181165e+01	2.0164145e+01	2.0273452e+01	2.0143711e+01	2.0180212e+01	2.0151868e+01	2.0197559e+01	6.7734964e-03	2.0195985e+01
2.0307233e+01	2.0267518e+01	2.0016018e+01	2.0224712e+01	2.0267053e+01	2.0258527e+01	2.0211983e+01	2.0187268e+01	2.0228663e+01	2.0267181e+01	2.0346791e+01	2.0209682e+01	2.0214776e+01	2.0213172e+01	2.0385098e+01	2.0235769e+01	2.0181165e+01	2.0164145e+01	2.0273452e+01	2.0143711e+01	2.0180212e+01	2.0151868e+01	2.0197559e+01	6.6579578e-03	2.0195985e+01
2.0307233e+01	2.0267518e+01	2.0016018e+01	2.0224712e+01	2.0267053e+01	2.0258527e+01	2.0211983e+01	2.0187268e+01	2.0228663e+01	2.0267181e+01	2.0346791e+01	2.0209682e+01	2.0214776e+01	2.0213172e+01	2.0385098e+01	2.0235769e+01	2.0181165e+01	2.0164145e+01	2.0273452e+01	2.0143711e+01	2.0180212e+01	2.0151868e+01	2.0197559e+01	5.2757269e-03	2.0195985e+01
2.0307233e+01	2.0267518e+01	2.0016018e+01	2.0224712e+01	2.0267053e+01	2.0258527e+01	2.0211983e+01	2.0187268e+01	2.0228663e+01	2.0267181e+01	2.0346791e+01	2.0209682e+01	2.0214776e+01	2.0213172e+01	2.0385098e+01	2.0235769e+01	2.0181165e+01	2.0164145e+01	2.0273452e+01	2.0143711e+01	2.0180212e+01	2.0151868e+01	2.0197559e+01	5.1483879e-03	2.0195985e+01
2.0234975e+01	2.0267518e+01	2.0016018e+01	2.0224712e+01	2.0223137e+01	2.0258527e+01	2.0211983e+01	2.0187268e+01	2.0228663e+01	2.0267181e+01	2.0346791e+01	2.0209682e+01	2.0214776e+01	2.0213172e+01	2.0385098e+01	2.0235769e+01	2.0181165e+01	2.0164145e+01	2.0273452e+01	2.0143711e+01	2.0180212e+01	2.0151868e+01	2.0197559e+01	4.5904813e-03	2.0195985e+01
2.0234975e+01	2.0267518e+01	2.0016018e+01	2.0224712e+01	2.0223137e+01	2.0258527e+01	2.0211983e+01	2.0187268e+01	2.0228663e+01	2.0267181e+01	2.0346791e+01	2.0209682e+01	2.0214776e+01	2.0213172e+01	2.0385098e+01	2.0235769e+01	2.0181165e+01	2.0164145e+01	2.0273452e+01	2.0143711e+01	2.0180212e+01	2.0151868e+01	2.0197559e+01	4.0253372e-03	2.0195985e+01
2.0234975e+01	2.0267518e+01	2.0016018e+01	2.0224712e+01	2.0223137e+01	2.0258527e+01	2.0211983e+01	2.0182741e+01	2.0228663e+01	2.0267181e+01	2.0346791e+01	2.0209682e+01	2.0214776e+01	2.0213172e+01	2.0385098e+01	2.0235769e+01	2.0181165e+01	2.0164145e+01	2.0273452e+01	2.0143711e+01	2.0180212e+01	2.0151868e+01	2.0197559e+01	3.3348868e-03	2.0195985e+01
2.0234975e+01	2.0267518e+01	2.0016018e+01	2.0224712e+01	2.0223137e+01	2.0258527e+01	2.0211983e+01	2.0182741e+01	2.0228663e+01	2.0267181e+01	2.0346791e+01	2.0209682e+01	2.0214776e+01	2.0213172e+01	2.0385098e+01	2.0235769e+01	2.0181165e+01	2.0164145e+01	2.0273452e+01	2.0143711e+01	2.0180212e+01	2.0151868e+01	2.0197559e+01	3.1578649e-03	2.0195985e+01
2.0234975e+01	2.0267518e+01	2.0016018e+01	2.0224712e+01	2.0223137e+01	2.0258527e+01	2.0211983e+01	2.0182741e+01	2.0228663e+01	2.0267181e+01	2.0346791e+01	2.0209682e+01	2.0214776e+01	2.0169911e+01	2.0385098e+01	2.0235769e+01	2.0181165e+01	2.0164145e+01	2.0273452e+01	2.0143711e+01	2.0180212e+01	2.0151868e+01	2.0197559e+01	3.1578649e-03	2.0195985e+01
2.0234975e+01	2.0267518e+01	2.0016018e+01	2.0224712e+01	2.0223137e+01	2.0258527e+01	2.0211983e+01	2.0182741e+01	2.0228663e+01	2.0267181e+01	2.0346791e+01	2.0209682e+01	2.0214776e+01	2.0169911e+01	2.0385098e+01	2.0235769e+01	2.0160865e+01	2.0164145e+01	2.0273452e+01	2.0143711e+01	2.0180212e+01	2.0151868e+01	2.0197559e+01	2.3078102e-03	2.0195985e+01
2.0234975e+01	2.0267518e+01	2.0016018e+01	2.0224712e+01	2.0223137e+01	2.0258527e+01	2.0211983e+01	2.0182741e+01	2.0228663e+01	2.0267181e+01	2.0346791e+01	2.0209682e+01	2.0214776e+01	2.0169911e+01	2.0385098e+01	2.0235769e+01	2.0160865e+01	2.0164145e+01	2.0273452e+01	2.0143711e+01	2.0180212e+01	2.0151868e+01	2.0197559e+01	2.3078102e-03	2.0195985e+01
2.0234975e+01	2.0267518e+01	2.0016018e+01	2.0224712e+01	2.0223137e+01	2.0258527e+01	2.0211983e+01	2.0182741e+01	2.0228663e+01	2.0267181e+01	2.0147038e+01	2.0209682e+01	2.0214776e+01	2.0169911e+01	2.0385098e+01	2.0235769e+01	2.0160865e+01	2.0164145e+01	2.0273452e+01	2.0143711e+01	2.0180212e+01	2.0151868e+01	2.0197559e+01	2.3028872e-03	2.0195985e+01
2.0234975e+01	2.0267518e+01	2.0016018e+01	2.0224712e+01	2.0223137e+01	2.0258527e+01	2.0211983e+01	2.0182741e+01	2.0228663e+01	2.0267181e+01	2.0147038e+01	2.0209682e+01	2.0214776e+01	2.0169911e+01	2.0385098e+01	2.0235769e+01	2.0160865e+01	2.0164145e+01	2.0273452e+01	2.0143711e+01	2.0180212e+01	2.0151868e+01	2.0197559e+01	2.3028872e-03	2.0195985e+01
2.0234975e+01	2.0267518e+01	2.0016018e+01	2.0224712e+01	2.0223137e+01	2.0258527e+01	2.0211983e+01	2.0182741e+01	2.0228663e+01	2.0267181e+01	2.0147038e+01	2.0209682e+01	2.0214776e+01	2.0169911e+01	2.0385098e+01	2.0235769e+01	2.0160865e+01	2.0164145e+01	2.0273452e+01	2.0143711e+01	2.0180212e+01	2.0151868e+01	2.0197559e+01	2.3028872e-03	2.0195985e+01
2.0234975e+01	2.0267518e+01	2.0016018e+01	2.0224712e+01	2.0223137e+01	2.0244241e+01	2.0211983e+01	2.0182741e+01	2.0228663e+01	2.0267181e+01	2.0147038e+01	2.0209682e+01	2.0214776e+01	2.0169911e+01	2.0385098e+01	2.0235769e+01	2.0160865e+01	2.0164145e+01	2.0273452e+01	2.0143711e+01	2.0180212e+01	2.0151868e+01	2.0197559e+01	1.3982145e-03	2.0195985e+01
2.0234975e+01	2.0267518e+01	2.0016018e+01	2.0224712e+01	2.0223137e+01	2.0244241e+01	2.0211983e+01	2.0182741e+01	2.0228663e+01	2.0267181e+01	2.0147038e+01	2.0209682e+01	2.0214776e+01	2.0169911e+01	2.0385098e+01	2.0235769e+01	2.0160865e+01	2.0164145e+01	2.0273452e+01	2.0143711e+01	2.0180212e+01	2.0151868e+01	2.0197559e+01	1.3982145e-03	2.0195985e+01
2.0234975e+01	2.0267518e+01	2.0016018e+01	2.0224712e+01	2.0223137e+01	2.0244241e+01	2.0211983e+01	2.0182741e+01	2.0228663e+01	2.0267181e+01	2.0147038e+01	2.0209682e+01	2.0214776e+01	2.0169911e+01	2.0385098e+01	2.0235769e+01	2.0160865e+01	2.0164145e+01	2.0273452e+01	2.0143711e+01	2.0180212e+01	2.0151868e+01	2.0197559e+01	1.3982145e-03	2.0195985e+01
2.0234975e+01	2.0267518e+01	2.0016018e+01	2.0224712e+01	2.0223137e+01	2.0244241e+01	2.0211983e+01	2.0182741e+01	2.0228663e+01	2.0267181e+01	2.0147038e+01	2.0209682e+01	2.0214776e+01	2.0169911e+01	2.0385098e+01	2.0235769e+01	2.0160865e+01	2.0164145e+01	2.0273452e+01	2.0143711e+01	2.0180212e+01	2.0151868e+01	2.0197559e+01	1.3982145e-03	2.0195985e+01
2.0234975e+01	2.0267518e+01	2.0016018e+01	2.0224712e+01	2.0223137e+01	2.0244241e+01	2.0211983e+01	2.0182741e+01	2.0228663e+01	2.0267181e+01	2.0147038e+01	2.0209682e+01	2.0214776e+01	2.0169911e+01	2.0385098e+01	2.0235769e+01	2.0160865e+01	2.0164145e+01	2.0273452e+01	2.0143711e+01	2.0180212e+01	2.0151868e+01	2.0197559e+01	1.3802446e-03	2.0195985e+01
2.0234975e+01	2.0267518e+01	2.0016018e+01	2.0224712e+01	2.0223137e+01	2.0244241e+01	2.0211983e+01	2.0182741e+01	2.0228663e+01	2.0267181e+01	2.0147038e+01	2.0209682e+01	2.0165169e+01	2.0169911e+01	2.0385098e+01	2.0235769e+01	2.0160865e+01	2.0164145e+01	2.0273452e+01	2.0143711e+01	2.0180212e+01	2.0151868e+01	2.0197559e+01	1.3802446e-03	2.0195985e+01
2.0234975e+01	2.0267518e+01	2.0016018e+01	2.0224712e+01	2.0223137e+01	2.0244241e+01	2.0211983e+01	2.0182741e+01	2.0228663e+01	2.0267181e+01	2.0147038e+01	2.0209682e+01	2.0165169e+01	2.0169911e+01	2.0385098e+01	2.0235769e+01	2.0160865e+01	2.0164145e+01	2.0273452e+01	2.0143711e+01	2.0180212e+01	2.0151868e+01	2.0197559e+01	1.3802446e-03	2.0195985e+01
2.0234975e+01	2.0267518e+01	2.0016018e+01	2.0224712e+01	2.0223137e+01	2.0244241e+01	2.0211983e+01	2.0182741e+01	2.0166337e+01	2.0267181e+01	2.0147038e+01	2.0209682e+01	2.0165169e+01	2.0169911e+01	2.0385098e+01	2.0235769e+01	2.0160865e+01	2.0164145e+01	2.0273452e+01	2.0143711e+01	2.0180212e+01	2.0151868e+01	2.0197559e+01	8.2293365e-04	2.0195985e+01
2.0234975e+01	2.0267518e+01	2.0016018e+01	2.0224712e+01	2.0223137e+01	2.0244241e+01	2.0211983e+01	2.0182741e+01	2.0166337e+01	2.0267181e+01	2.0147038e+01	2.0209682e+01	2.0165169e+01	2.0169911e+01	2.0385098e+01	2.0235769e+01	2.0160865e+01	2.0164145e+01	2.0273452e+01	2.0143711e+01	2.0180212e+01	2.0151868e+01	2.0197559e+01	8.2293365e-04	2.0195985e+01
2.0234975e+01	2.0267518e+01	2.0016018e+01	2.0224712e+01	2.0223137e+01	2.0244241e+01	2.0211983e+01	2.0182741e+01	2.0166337e+01	2.0267181e+01	2.0147038e+01	2.0209682e+01	2.0165169e+01	2.0169911e+01	2.0385098e+01	2.0235769e+01	2.0160865e+01	2.0164145e+01	2.0273452e+01	2.0143711e+01	2.0180212e+01	2.0151868e+01	2.0197559e+01	8.2293365e-04	2.0195985e+01
2.0234975e+01	2.0267518e+01	2.0016018e+01	2.0224712e+01	2.0223137e+01	2.0244241e+01	2.0211983e+01	2.0182741e+01	2.0166337e+01	2.0267181e+01	2.0147038e+01	2.0209682e+01	2.0165169e+01	2.0169911e+01	2.0385098e+01	2.0235769e+01	2.0160865e+01	2.0164145e+01	2.0273452e+01	2.0143711e+01	2.0180212e+01	2.0151868e+01	2.0197559e+01	6.6964750e-04	2.0195985e+01
2.0234975e+01	2.0267518e+01	2.0016018e+01	2.0224712e+01	2.0223137e+01	2.0244241e+01	2.0211983e+01	2.0182741e+01	2.0166337e+01	2.0267181e+01	2.0147038e+01	2.0209682e+01	2.0165169e+01	2.0169911e+01	2.0385098e+01	2.0235769e+01	2.0160865e+01	2.0164145e+01	2.0273452e+01	2.0143711e+01	2.0180212e+01	2.0151868e+01	2.0197559e+01	6.6273042e-04	2.0195985e+01
2.0234975e+01	2.0267518e+01	2.0016018e+01	2.0224712e+01	2.0223137e+01	2.0244241e+01	2.0211983e+01	2.0182741e+01	2.0166337e+01	2.0267181e+01	2.0147038e+01	2.0209682e+01	2.0165169e+01	2.0169911e+01	2.0385098e+01	2.0235769e+01	2.0160865e+01	2.0164145e+01	2.0273452e+01	2.0143711e+01	2.0180212e+01	2.0151868e+01	2.0197559e+01	6.6273042e-04	2.0195985e+01
2.0234975e+01	2.0267518e+01	2.0016018e+01	2.0224712e+01	2.0223137e+01	2.0244241e+01	2.0211983e+01	2.0182741e+01	2.0166337e+01	2.0267181e+01	2.0147038e+01	2.0209682e+01	2.0165169e+01	2.0169911e+01	2.0385098e+01	2.0235769e+01	2.0160865e+01	2.0164145e+01	2.0273452e+01	2.0143711e+01	2.0180212e+01	2.0151868e+01	2.0197559e+01	6.6273042e-04	2.0195985e+01
2.0234975e+01	2.0267518e+01	2.0016018e+01	2.0224712e+01	2.0223137e+01	2.0244241e+01	2.0211983e+01	2.0182741e+01	2.0166337e+01	2.0217349e+01	2.0147038e+01	2.0209682e+01	2.0165169e+01	2.0169911e+01	2.0375925e+01	2.0235769e+01	2.0160865e+01	2.0164145e+01	2.0273452e+01	2.0143711e+01	2.0180212e+01	2.0151868e+01	2.0197559e+01	5.4214432e-04	2.0195985e+01
2.0234975e+01	2.0267518e+01	2.0016018e+01	2.0224712e+01	2.0223137e+01	2.0244241e+01	2.0211983e+01	2.0182741e+01	2.0166337e+01	2.0217349e+01	2.0147038e+01	2.0209682e+01	2.0165169e+01	2.0169911e+01	2.0280008e+01	2.0235769e+01	2.0160865e+01	2.0164145e+01	2.0273452e+01	2.0143711e+01	2.0180212e+01	2.0151868e+01	2.0197559e+01	4.6287755e-04	2.0195985e+01
2.0234975e+01	2.0108602e+01	1.9981326e+01	2.0224712e+01	2.0223137e+01	2.0244241e+01	2.0211983e+01	2.0182741e+01	2.0166337e+01	2.0217349e+01	2.0147038e+01	2.0209682e+01	2.0165169e+01	2.0169911e+01	2.0280008e+01	2.0235769e+01	2.0160865e+01	2.0164145e+01	2.0273452e+01	2.0143711e+01	2.0180212e+01	2.0151868e+01	2.0197559e+01	4.6287755e-04	2.0195985e+01
2.0210858e+01	2.0108602e+01	1.9981326e+01	2.0224712e+01	2.0223137e+01	2.0244241e+01	2.0211983e+01	2.0182741e+01	2.0166337e+01	2.0217349e+01	2.0147038e+01	2.0209682e+01	2.0165169e+01	2.0169911e+01	2.0280008e+01	2.0235769e+01	2.0160865e+01	2.0164145e+01	2.0273452e+01	2.0143711e+01	2.0180212e+01	2.0151868e+01	2.0197559e+01	4.4919927e-04	2.0195985e+01
2.0210858e+01	2.0108602e+01	1.9981326e+01	2.0224712e+01	2.0223137e+01	2.0244241e+01	2.0211983e+01	2.0182741e+01	2.0166337e+01	2.0217349e+01	2.0147038e+01	2.0209682e+01	2.0165169e+01	2.0169911e+01	2.0280008e+01	2.0235769e+01	2.0160865e+01	2.0164145e+01	2.0273452e+01	2.0143711e+01	2.0180212e+01	2.0151868e+01	2.0197559e+01	4.4919927e-04	2.0195985e+01
2.0210858e+01	2.0108602e+01	1.9981326e+01	2.0224712e+01	2.0223137e+01	2.0244241e+01	2.0211983e+01	2.0182741e+01	2.0166337e+01	2.0217349e+01	2.0147038e+01	2.0209682e+01	2.0165169e+01	2.0169911e+01	2.0280008e+01	2.0235769e+01	2.0160865e+01	2.0164145e+01	2.0273452e+01	2.0143711e+01	2.0180212e+01	2.0151868e+01	2.0197559e+01	4.4919927e-04	2.0195985e+01
2.0210858e+01	2.0108602e+01	1.9981326e+01	2.0224712e+01	2.0223137e+01	2.0244241e+01	2.0211983e+01	2.0182741e+01	2.0166337e+01	2.0217349e+01	2.0147038e+01	2.0209682e+01	2.0165169e+01	2.0169911e+01	2.0280008e+01	2.0235769e+01	2.0160865e+01	2.0164145e+01	2.0273452e+01	2.0143711e+01	2.0180212e+01	2.0151868e+01	2.0197559e+01	3.3090832e-04	2.0195985e+01
2.0210858e+01	2.0108602e+01	1.9981326e+01	2.0224712e+01	2.0223137e+01	2.0244241e+01	2.0211983e+01	2.0182741e+01	2.0166337e+01	2.0217349e+01	2.0147038e+01	2.0209682e+01	2.0165169e+01	2.0169911e+01	2.0280008e+01	2.0235769e+01	2.0160865e+01	2.0164145e+01	2.0273452e+01	2.0143711e+01	2.0180212e+01	2.0151868e+01	2.0197559e+01	3.3090832e-04	2.0195985e+01
2.0210858e+01	2.0108602e+01	1.9981326e+01	2.0224712e+01	2.0223137e+01	2.0244241e+01	2.0211983e+01	2.0182741e+01	2.0166337e+01	2.0217349e+01	2.0147038e+01	2.0209682e+01	2.0165169e+01	2.0169911e+01	2.0280008e+01	2.0235769e+01	2.0160865e+01	2.0164145e+01	2.0273452e+01	2.0143711e+01	2.0180212e+01	2.0151868e+01	2.0197559e+01	2.3328744e-04	2.0195985e+01
2.0210858e+01	2.0108602e+01	1.9687365e+01	2.0224712e+01	2.0223137e+01	2.0244241e+01	2.0211983e+01	2.0182741e+01	2.0166337e+01	2.0217349e+01	2.0147038e+01	2.0209682e+01	2.0165169e+01	2.0169911e+01	2.0280008e+01	2.0235769e+01	2.0160865e+01	2.0164145e+01	2.0273452e+01	2.0143711e+01	2.0180212e+01	2.0151868e+01	2.0197559e+01	2.3328744e-04	2.0195985e+01
2.0210858e+01	2.0108602e+01	1.8899014e+01	2.0224712e+01	2.0223137e+01	2.0244241e+01	2.0211983e+01	2.0182741e+01	2.0166337e+01	2.0217349e+01	2.0147038e+01	2.0209682e+01	2.0165169e+01	2.0169911e+01	2.0280008e+01	2.0235769e+01	2.0160865e+01	2.0164145e+01	2.0273452e+01	2.0143711e+01	2.0180212e+01	2.0151868e+01	2.0197559e+01	2.3328744e-04	2.0195985e+01
2.0210858e+01	2.0108602e+01	1.8388104e+01	2.0224712e+01	2.0223137e+01	2.0244241e+01	2.0211983e+01	2.0182741e+01	2.0166337e+01	2.0217349e+01	2.0147038e+01	2.0209682e+01	2.0165169e+01	2.0169911e+01	2.0280008e+01	2.0235769e+01	2.0160865e+01	2.0164145e+01	2.0273452e+01	2.0143711e+01	2.0180212e+01	2.0151868e+01	2.0197559e+01	2.3328744e-04	2.0195985e+01
2.0210858e+01	2.0108602e+01	1.7117682e+01	2.0224712e+01	2.0223137e+01	2.0244241e+01	2.0211983e+01	2.0182741e+01	2.0166337e+01	2.0217349e+01	2.0147038e+01	2.0209682e+01	2.0165169e+01	2.0169911e+01	2.0280008e+01	2.0235769e+01	2.0160865e+01	2.0164145e+01	2.0273452e+01	2.0143711e+01	2.0180212e+01	2.0151868e+01	2.0197559e+01	2.3328744e-04	2.0195985e+01
2.0210858e+01	2.0108602e+01	1.6369423e+01	2.0224712e+01	2.0223137e+01	2.0244241e+01	2.0211983e+01	2.0182741e+01	2.0166337e+01	2.0217349e+01	2.0147038e+01	2.0209682e+01	2.0165169e+01	2.0169911e+01	2.0280008e+01	2.0235769e+01	2.0160865e+01	2.0164145e+01	2.0273452e+01	2.0143711e+01	2.0180212e+01	2.0151868e+01	2.0197559e+01	2.3328744e-04	2.0195985e+01
2.0210858e+01	2.0108602e+01	1.5228048e+01	2.0224712e+01	2.0223137e+01	2.0244241e+01	2.0211983e+01	2.0182741e+01	2.0166337e+01	2.0217349e+01	2.0147038e+01	2.0209682e+01	2.0165169e+01	2.0169911e+01	2.0280008e+01	2.0235769e+01	2.0160865e+01	2.0164145e+01	2.0273452e+01	2.0143711e+01	2.0180212e+01	2.0151868e+01	2.0197559e+01	2.3328744e-04	2.0195985e+01
2.0210858e+01	2.0108602e+01	1.3641237e+01	2.0224712e+01	2.0106497e+01	2.0244241e+01	2.0211983e+01	2.0182741e+01	2.0166337e+01	2.0217349e+01	2.0147038e+01	2.0209682e+01	2.0165169e+01	2.0169911e+01	2.0280008e+01	2.0235769e+01	2.0160865e+01	2.0164145e+01	2.0273452e+01	2.0143711e+01	2.0180212e+01	2.0151868e+01	2.0197559e+01	1.7800964e-04	2.0195985e+01
2.0210858e+01	2.0108602e+01	1.3641237e+01	2.0224712e+01	2.0106497e+01	2.0244241e+01	2.0211983e+01	2.0182741e+01	2.0166337e+01	2.0217349e+01	2.0147038e+01	2.0209682e+01	2.0165169e+01	2.0169911e+01	2.0280008e+01	2.0235769e+01	2.0160865e+01	2.0164145e+01	2.0273452e+01	2.0143711e+01	2.0180212e+01	2.0151868e+01	2.0197559e+01	1.7800964e-04	2.0195985e+01
2.0210858e+01	2.0108602e+01	1.3641237e+01	2.0224712e+01	2.0106497e+01	2.0244241e+01	2.0211983e+01	2.0182741e+01	2.0166337e+01	2.0217349e+01	2.0147038e+01	2.0209682e+01	2.0165169e+01	2.0169911e+01	2.0262014e+01	2.0235769e+01	2.0160865e+01	2.0164145e+01	2.0273452e+01	2.0143711e+01	2.0180212e+01	2.0151868e+01	2.0197559e+01	1.7800964e-04	2.0195985e+01
2.0210858e+01	2.0108602e+01	1.0946650e+01	2.0224712e+01	2.0106497e+01	2.0244241e+01	2.0211983e+01	2.0182741e+01	2.0166337e+01	2.0217349e+01	2.0147038e+01	2.0209682e+01	2.0165169e+01	2.0169911e+01	2.0262014e+01	2.0235769e+01	2.0160865e+01	2.0164145e+01	2.0273452e+01	2.0143711e+01	2.0180212e+01	2.0151868e+01	2.0197559e+01	1.7658677e-04	2.0195985e+01
2.0210858e+01	2.0108602e+01	1.0946650e+01	2.0224712e+01	2.0106497e+01	2.0244241e+01	2.0211983e+01	2.0182741e+01	2.0166337e+01	2.0217349e+01	2.0147038e+01	2.0209682e+01	2.0165169e+01	2.0169911e+01	2.0262014e+01	2.0235769e+01	2.0160865e+01	2.0164145e+01	2.0273452e+01	2.0143711e+01	2.0180212e+01	2.0151868e+01	2.0197559e+01	1.7658677e-04	2.0195985e+01
2.0210858e+01	2.0108602e+01	1.0586260e+01	2.0224712e+01	2.0106497e+01	2.0244241e+01	2.0211983e+01	2.0182741e+01	2.0166337e+01	2.0217349e+01	2.0147038e+01	2.0209682e+01	2.0165169e+01	2.0169911e+01	2.0234377e+01	2.0235769e+01	2.0160865e+01	2.0164145e+01	2.0273452e+01	2.0143711e+01	2.0180212e+01	2.0151868e+01	2.0197559e+01	1.5839628e-04	2.0195985e+01
2.0210858e+01	2.0108602e+01	1.0586260e+01	2.0224712e+01	2.0106497e+01	2.0244241e+01	2.0211983e+01	2.0182741e+01	2.0166337e+01	2.0217349e+01	2.0147038e+01	2.0209682e+01	2.0165169e+01	2.0169911e+01	2.0234377e+01	2.0235769e+01	2.0160865e+01	2.0164145e+01	2.0273452e+01	2.0143711e+01	2.0180212e+01	2.0151868e+01	2.0197559e+01	1.3880001e-04	2.0195985e+01
2.0210858e+01	2.0108602e+01	9.1742658e+00	2.0224712e+01	2.0106497e+01	2.0244241e+01	2.0211983e+01	2.0182741e+01	2.0166337e+01	2.0217349e+01	2.0147038e+01	2.0209682e+01	2.0165169e+01	2.0169911e+01	2.0234377e+01	2.0235769e+01	2.0160865e+01	2.0164145e+01	2.0273452e+01	2.0143711e+01	2.0180212e+01	2.0151868e+01	2.0197559e+01	1.1843944e-04	2.0195985e+01
2.0210858e+01	2.0108602e+01	8.7850892e+00	2.0224712e+01	2.0106497e+01	2.0244241e+01	2.0211983e+01	2.0182741e+01	2.0166337e+01	2.0217349e+01	2.0147038e+01	2.0209682e+01	2.0165169e+01	2.0169911e+01	2.0234377e+01	2.0235769e+01	2.0160865e+01	2.0164145e+01	2.0273452e+01	2.0143711e+01	2.0180212e+01	2.0151868e+01	2.0197559e+01	1.0720503e-04	2.0195985e+01
2.0210858e+01	2.0108602e+01	7.4777537e+00	2.0224712e+01	2.0106497e+01	2.0244241e+01	2.0211983e+01	2.0182741e+01	2.0166337e+01	2.0217349e+01	2.0147038e+01	2.0209682e+01	2.0165169e+01	2.0169911e+01	2.0234377e+01	2.0235769e+01	2.0160865e+01	2.0164145e+01	2.0273452e+01	2.0143711e+01	2.0180212e+01	2.0151868e+01	2.0197559e+01	1.0341656e-04	2.0182017e+01
2.0210858e+01	2.0108602e+01	7.4521463e+00	2.0224712e+01	2.0106497e+01	2.0244241e+01	2.0211983e+01	2.0182741e+01	2.0166337e+01	2.0217349e+01	2.0147038e+01	2.0209682e+01	2.0165169e+01	2.0169911e+01	2.0234377e+01	2.0235769e+01	2.0160865e+01	2.0164145e+01	2.0273452e+01	2.0143711e+01	2.0180212e+01	2.0151868e+01	2.0197559e+01	7.9454678e-05	2.0182017e+01
2.0210858e+01	2.0108602e+01	7.4521463e+00	2.0224712e+01	2.0106497e+01	2.0244241e+01	2.0211983e+01	2.0182741e+01	2.0166337e+01	2.0217349e+01	2.0147038e+01	2.0209682e+01	2.0165169e+01	2.0169911e+01	2.0234377e+01	2.0235769e+01	2.0160865e+01	2.0164145e+01	2.0273452e+01	2.0143711e+01	2.0180212e+01	2.0151868e+01	2.0197559e+01	7.9454678e-05	2.0182017e+01
2.0210858e+01	2.0108602e+01	7.4521463e+00	2.0224712e+01	2.0106497e+01	2.0244241e+01	2.0211983e+01	2.0182741e+01	2.0166337e+01	2.0217349e+01	2.0147038e+01	2.0209682e+01	2.0165169e+01	2.0169911e+01	2.0234377e+01	2.0235769e+01	2.0160865e+01	2.0164145e+01	2.0273452e+01	2.0143711e+01	2.0180212e+01	2.0151868e+01	2.0111858e+01	7.3832612e-05	2.0182017e+01
2.0210858e+01	2.0108602e+01	7.4521463e+00	2.0224712e+01	2.0106497e+01	2.0244241e+01	2.0211983e+01	2.0182741e+01	2.0166337e+01	2.0217349e+01	2.0147038e+01	2.0209682e+01	2.0165169e+01	2.0169911e+01	2.0234377e+01	2.0235769e+01	2.0160865e+01	2.0164145e+01	2.0273452e+01	2.0143711e+01	2.0180212e+01	2.0151868e+01	2.0111858e+01	6.7516209e-05	2.0182017e+01
2.0210858e+01	2.0108602e+01	6.2313059e+00	2.0224712e+01	2.0106497e+01	2.0209866e+01	2.0211983e+01	2.0182741e+01	2.0166337e+01	2.0217349e+01	2.0147038e+01	2.0209682e+01	2.0165169e+01	2.0169911e+01	2.0234377e+01	2.0235769e+01	2.0160865e+01	2.0164145e+01	2.0273452e+01	2.0143711e+01	2.0180212e+01	2.0151868e+01	2.0111858e+01	6.7516209e-05	2.0182017e+01
2.0210858e+01	2.0108602e+01	6.2313059e+00	2.0224712e+01	2.0106497e+01	2.0209866e+01	2.0211983e+01	2.0182741e+01	2.0166337e+01	2.0217349e+01	2.0147038e+01	2.0209682e+01	2.0165169e+01	2.0169911e+01	2.0234377e+01	2.0235769e+01	2.0160865e+01	2.0164145e+01	2.0273452e+01	2.0143711e+01	2.0180212e+01	2.0151868e+01	2.0111858e+01	6.0643126e-05	2.0182017e+01
2.0210858e+01	2.0108602e+01	5.6728769e+00	2.0224712e+01	2.0106497e+01	2.0209866e+01	2.0211983e+01	2.0182741e+01	2.0166337e+01	2.0217349e+01	2.0147038e+01	2.0209682e+01	2.0165169e+01	2.0169911e+01	2.0234377e+01	2.0235769e+01	2.0160865e+01	2.0164145e+01	2.0273452e+01	2.0143711e+01	2.0180212e+01	2.0151868e+01	2.0111858e+01	5.9162493e-05	2.0182017e+01
2.0210858e+01	2.0108602e+01	5.6728769e+00	2.0224712e+01	2.0106497e+01	2.0089117e+01	2.0211983e+01	2.0182741e+01	2.0166337e+01	2.0186570e+01	2.0147038e+01	2.0209682e+01	2.0165169e+01	2.0169911e+01	2.0234377e+01	2.0235769e+01	2.0160865e+01	2.0164145e+01	2.0273452e+01	2.0143711e+01	2.0180212e+01	2.0151868e+01	2.0111858e+01	4.1599912e-05	2.0182017e+01
2.0210858e+01	2.0108602e+01	5.6728769e+00	2.0224712e+01	2.0106497e+01	2.0089117e+01	2.0211983e+01	2.0182741e+01	2.0166337e+01	2.0186570e+01	2.0147038e+01	2.0209682e+01	2.0165169e+01	2.0169911e+01	2.0234377e+01	2.0235769e+01	2.0160865e+01	2.0164145e+01	2.0273452e+01	2.0143711e+01	2.0180212e+01	2.0151868e+01	2.0111858e+01	4.1599912e-05	2.0182017e+01
2.0210858e+01	2.0108602e+01	5.6728769e+00	2.0224712e+01	2.0106497e+01	2.0089117e+01	2.0211983e+01	2.0182741e+01	2.0166337e+01	2.0186570e+01	2.0147038e+01	2.0209682e+01	2.0165169e+01	2.0169911e+01	2.0234377e+01	2.0235769e+01	2.0160865e+01	2.0164145e+01	2.0273452e+01	2.0143711e+01	2.0180212e+01	2.0151868e+01	2.0111858e+01	4.1599912e-05	2.0182017e+01
2.0210858e+01	2.0108602e+01	5.6728769e+00	2.0224712e+01	2.0106497e+01	2.0089117e+01	2.0211983e+01	2.0182741e+01	2.0166337e+01	2.0186570e+01	2.0147038e+01	2.0209682e+01	2.0165169e+01	2.0169911e+01	2.0234377e+01	2.0235769e+01	2.0160865e+01	2.0164145e+01	2.0273452e+01	2.0143711e+01	2.0180212e+01	2.0151868e+01	2.0111858e+01	4.1599912e-05	2.0182017e+01
2.0210858e+01	2.0108602e+01	5.1692010e+00	2.0224712e+01	2.0106497e+01	2.0089117e+01	2.0211983e+01	2.0182741e+01	2.0166337e+01	2.0186570e+01	2.0147038e+01	2.0209682e+01	2.0165169e+01	2.0169911e+01	2.0234377e+01	2.0235769e+01	2.0160865e+01	2.0164145e+01	2.0273452e+01	2.0143711e+01	2.0180212e+01	2.0151868e+01	2.0111858e+01	3.6028363e-05	2.0182017e+01
2.0210858e+01	2.0108602e+01	5.1692010e+00	2.0224712e+01	2.0106497e+01	2.0089117e+01	2.0211983e+01	2.0182741e+01	2.0166337e+01	2.0186570e+01	2.0147038e+01	2.0209682e+01	2.0165169e+01	2.0169911e+01	2.0234377e+01	2.0235769e+01	2.0160865e+01	2.0164145e+01	2.0273452e+01	2.0143711e+01	2.0180212e+01	2.0151868e+01	2.0111858e+01	3.6028363e-05	2.0182017e+01
2.0210858e+01	2.0108602e+01	4.5468135e+00	2.0224712e+01	2.0106497e+01	2.0089117e+01	2.0211983e+01	2.0182741e+01	2.0166337e+01	2.0186570e+01	2.0147038e+01	2.0209682e+01	2.0165169e+01	2.0169911e+01	2.0234377e+01	2.0235769e+01	2.0160865e+01	2.0164145e+01	2.0273452e+01	2.0143711e+01	2.0180212e+01	2.0151868e+01	2.0111858e+01	3.4701810e-05	2.0182017e+01
2.0210858e+01	2.0108602e+01	4.5468135e+00	2.0224712e+01	2.0106497e+01	2.0089117e+01	2.0211983e+01	2.0182741e+01	2.0166337e+01	2.0186570e+01	2.0147038e+01	2.0209682e+01	2.0165169e+01	2.0169911e+01	2.0234377e+01	2.0235769e+01	2.0160865e+01	2.0164145e+01	2.0252705e+01	2.0143711e+01	2.0180212e+01	2.0151868e+01	2.0111858e+01	2.9797818e-05	2.0182017e+01
2.0210858e+01	2.0108602e+01	4.0532847e+00	2.0224712e+01	2.0106497e+01	2.0089117e+01	2.0211983e+01	2.0182741e+01	2.0166337e+01	2.0186570e+01	2.0147038e+01	2.0209682e+01	2.0165169e+01	2.0169911e+01	2.0234377e+01	2.0235769e+01	2.0160865e+01	2.0164145e+01	2.0252705e+01	2.0143711e+01	2.0142248e+01	2.0151868e+01	2.0111858e+01	2.7151851e-05	2.0182017e+01
2.0210858e+01	2.0108602e+01	4.0532847e+00	2.0224712e+01	2.0106497e+01	2.0089117e+01	2.0211983e+01	2.0182741e+01	2.0166337e+01	2.0186570e+01	2.0147038e+01	2.0209682e+01	2.0165169e+01	2.0169911e+01	2.0234377e+01	2.0235769e+01	2.0160865e+01	2.0164145e+01	2.0252705e+01	2.0143711e+01	2.0142248e+01	2.0151868e+01	2.0111858e+01	2.5921119e-05	2.0182017e+01
2.0210858e+01	2.0108602e+01	4.0532847e+00	2.0224712e+01	2.0106497e+01	2.0089117e+01	2.0211983e+01	2.0182741e+01	2.0166337e+01	2.0186570e+01	2.0147038e+01	2.0209682e+01	2.0165169e+01	2.0169911e+01	2.0234377e+01	2.0235769e+01	2.0160865e+01	2.0164145e+01	2.0252705e+01	2.0143711e+01	2.0142248e+01	2.0151868e+01	2.0111858e+01	2.5921119e-05	2.0182017e+01
2.0210858e+01	2.0108602e+01	4.0532847e+00	2.0224712e+01	2.0106497e+01	2.0089117e+01	2.0211983e+01	2.0182741e+01	2.0166337e+01	2.0186570e+01	2.0147038e+01	2.0209682e+01	2.0165169e+01	2.0169911e+01	2.0234377e+01	2.0235769e+01	2.0160865e+01	2.0164145e+01	2.0252705e+01	2.0143711e+01	2.0142248e+01	2.0151868e+01	2.0111858e+01	2.3939333e-05	2.0182017e+01
2.0210858e+01	2.0108602e+01	4.0532847e+00	2.0224712e+01	2.0106497e+01	2.0089117e+01	2.0211983e+01	2.0182741e+01	2.0166337e+01	2.0186570e+01	2.0147038e+01	2.0173966e+01	2.0165169e+01	2.0169911e+01	2.0234377e+01	2.0235769e+01	2.0160865e+01	2.0164145e+01	2.0252705e+01	2.0143711e+01	2.0142248e+01	2.0151868e+01	2.0111858e+01	2.3939333e-05	2.0182017e+01
2.0210858e+01	2.0108602e+01	3.4986263e+00	2.0224712e+01	2.0106497e+01	2.0089117e+01	2.0211983e+01	2.0182741e+01	2.0166337e+01	2.0186570e+01	2.0147038e+01	2.0173966e+01	2.0165169e+01	2.0169911e+01	2.0234377e+01	2.0235769e+01	2.0160865e+01	2.0164145e+01	2.0252705e+01	2.0143711e+01	2.0142248e+01	2.0151868e+01	2.0111858e+01	2.3939333e-05	2.0182017e+01
2.0210858e+01	2.0108602e+01	3.4986263e+00	2.0224712e+01	2.0106497e+01	2.0089117e+01	2.0211983e+01	2.0182741e+01	2.0166337e+01	2.0186570e+01	2.0147038e+01	2.0173966e+01	2.0165169e+01	2.0169911e+01	2.0234377e+01	2.0235769e+01	2.0160865e+01	2.0164145e+01	2.0252705e+01	2.0143711e+01	2.0142248e+01	2.0151868e+01	2.0111858e+01	1.6825338e-05	2.0182017e+01
2.0210858e+01	2.0108602e+01	3.4986263e+00	2.0224712e+01	2.0106497e+01	2.0089117e+01	2.0211983e+01	2.0182741e+01	2.0166337e+01	2.0186570e+01	2.0131144e+01	2.0173966e+01	2.0165169e+01	2.0169911e+01	2.0234377e+01	2.0235769e+01	2.0160865e+01	2.0164145e+01	2.0252705e+01	2.0143711e+01	2.0142248e+01	2.0151868e+01	2.0111858e+01	1.6825338e-05	2.0182017e+01
2.0210858e+01	2.0108602e+01	2.7062389e+00	2.0224712e+01	2.0106497e+01	2.0089117e+01	2.0211983e+01	2.0182741e+01	2.0166337e+01	2.0186570e+01	2.0131144e+01	2.0173966e+01	2.0165169e+01	2.0169911e+01	2.0234377e+01	2.0235769e+01	2.0160865e+01	2.0164145e+01	2.0252705e+01	2.0143711e+01	2.0142248e+01	2.0151868e+01	2.0111858e+01	1.5698859e-05	2.0182017e+01
2.0210858e+01	2.0108602e+01	2.7062389e+00	2.0224712e+01	2.0106497e+01	2.0089117e+01	2.0211983e+01	2.0182741e+01	2.0166337e+01	2.0186570e+01	2.0131144e+01	2.0173966e+01	2.0165169e+01	2.0169911e+01	2.0234377e+01	2.0235769e+01	2.0160865e+01	2.0164145e+01	2.0252705e+01	2.0143711e+01	2.0142248e+01	2.0151868e+01	2.0111858e+01	1.2770200e-05	2.0182017e+01
2.0210858e+01	2.0108602e+01	2.5682585e+00	2.0224712e+01	2.0106497e+01	2.0089117e+01	2.0211983e+01	2.0182741e+01	2.0166337e+01	2.0186570e+01	2.0131144e+01	2.0173966e+01	2.0165169e+01	2.0169911e+01	2.0234377e+01	2.0235769e+01	2.0160865e+01	2.0164145e+01	2.0252705e+01	2.0143711e+01	2.0142248e+01	2.0151868e+01	2.0111858e+01	1.1220449e-05	2.0182017e+01
2.0210858e+01	2.0108602e+01	2.5682585e+00	2.0224712e+01	2.0106497e+01	2.0089117e+01	2.0211983e+01	2.0182741e+01	2.0166337e+01	2.0186570e+01	2.0131144e+01	2.0173966e+01	2.0165169e+01	2.0169911e+01	2.0234377e+01	2.0235769e+01	2.0160865e+01	2.0164145e+01	2.0252705e+01	2.0143711e+01	2.0142248e+01	2.0151868e+01	2.0111858e+01	1.0101910e-05	2.0182017e+01
2.0210858e+01	2.0108602e+01	2.5682585e+00	2.0224712e+01	2.0106497e+01	2.0089117e+01	2.0211983e+01	2.0182741e+01	2.0166337e+01	2.0186570e+01	2.0131144e+01	2.0173966e+01	2.0165169e+01	2.0169911e+01	2.0234377e+01	2.0235769e+01	2.0160865e+01	2.0164145e+01	2.0252705e+01	2.0143711e+01	2.0142248e+01	2.0151868e+01	2.0111858e+01	9.8166392e-06	2.0182017e+01
2.0210858e+01	2.0108602e+01	2.5682585e+00	2.0224712e+01	2.0106497e+01	2.0089117e+01	2.0211983e+01	2.0182741e+01	2.0166337e+01	2.0186570e+01	2.0131144e+01	2.0173966e+01	2.0165169e+01	2.0169911e+01	2.0234377e+01	2.0235769e+01	2.0160865e+01	2.0164145e+01	2.0252705e+01	2.0143711e+01	2.0142248e+01	2.0151868e+01	2.0111858e+01	9.4240750e-06	2.0182017e+01
2.0210858e+01	2.0108602e+01	2.5682585e+00	2.0224712e+01	2.0106497e+01	2.0089117e+01	2.0211983e+01	2.0182741e+01	2.0166337e+01	2.0186570e+01	2.0131144e+01	2.0173966e+01	2.0165169e+01	2.0169911e+01	2.0234377e+01	2.0235769e+01	2.0160865e+01	2.0164145e+01	2.0248659e+01	2.0143711e+01	2.0142248e+01	2.0151868e+01	2.0111858e+01	9.1098066e-06	2.0182017e+01
2.0210858e+01	2.0108602e+01	2.4478946e+00	2.0224712e+01	2.0106497e+01	2.0089117e+01	2.0211983e+01	2.0182741e+01	2.0166337e+01	2.0186570e+01	2.0131144e+01	2.0173966e+01	2.0165169e+01	2.0169911e+01	2.0234377e+01	2.0235769e+01	2.0160865e+01	2.0164145e+01	2.0248659e+01	2.0143711e+01	2.0142248e+01	2.0151868e+01	2.0111858e+01	8.2579722e-06	2.0182017e+01
2.0210858e+01	2.0108602e+01	2.1517895e+00	2.0224712e+01	2.0106497e+01	2.0089117e+01	2.0211983e+01	2.0182741e+01	2.0166337e+01	2.0186570e+01	2.0131144e+01	2.0173966e+01	2.0165169e+01	2.0169911e+01	2.0234377e+01	2.0235769e+01	2.0160865e+01	2.0164145e+01	2.0248659e+01	2.0143711e+01	2.0142248e+01	2.0151868e+01	2.0111858e+01	7.0823041e-06	2.0182017e+01
2.0210858e+01	2.0108602e+01	2.1517895e+00	2.0224712e+01	2.0106497e+01	2.0089117e+01	2.0211983e+01	2.0182741e+01	2.0166337e+01	2.0186570e+01	2.0131144e+01	2.0173966e+01	2.0165169e+01	2.0169911e+01	2.0234377e+01	2.0235769e+01	2.0160865e+01	2.0164145e+01	2.0248659e+01	2.0143711e+01	2.0142248e+01	2.0151868e+01	2.0111858e+01	7.0823041e-06	2.0182017e+01
2.0210858e+01	2.0108602e+01	1.8932126e+00	2.0224712e+01	2.0106497e+01	2.0089117e+01	2.0211983e+01	2.0182741e+01	2.0166337e+01	2.0186570e+01	2.0131144e+01	2.0173966e+01	2.0165169e+01	2.0169911e+01	2.0234377e+01	2.0235769e+01	2.0160865e+01	2.0156899e+01	2.0248659e+01	2.0143711e+01	2.0142248e+01	2.0151868e+01	2.0111858e+01	6.0534742e-06	2.0182017e+01
2.0210858e+01	2.0108602e+01	1.2309059e+00	2.0224712e+01	2.0106497e+01	2.0089117e+01	2.0211983e+01	2.0182741e+01	2.0166337e+01	2.0186570e+01	2.0131144e+01	2.0173966e+01	2.0165169e+01	2.0169911e+01	2.0234377e+01	2.0235769e+01	2.0160865e+01	2.0156899e+01	2.0248659e+01	2.0143711e+01	2.0142248e+01	2.0151868e+01	2.0111858e+01	5.6025081e-06	2.0182017e+01
2.0210858e+01	2.0108602e+01	1.2309059e+00	2.0224712e+01	2.0106497e+01	2.0089117e+01	2.0211983e+01	2.0182741e+01	2.0166337e+01	2.0186570e+01	2.0131144e+01	2.0173966e+01	2.0165169e+01	2.0169911e+01	2.0234377e+01	2.0235769e+01	2.0160865e+01	2.0136326e+01	2.0248659e+01	2.0143711e+01	2.0142248e+01	2.0151868e+01	2.0111858e+01	5.5148871e-06	2.0182017e+01
2.0210858e+01	2.0108602e+01	1.2309059e+00	2.0224712e+01	2.0106497e+01	2.0089117e+01	2.0211983e+01	2.0182741e+01	2.0166337e+01	2.0186570e+01	2.0131144e+01	2.0173966e+01	2.0165169e+01	2.0169911e+01	2.0234377e+01	2.0235769e+01	2.0160865e+01	2.0136326e+01	2.0248659e+01	2.0143711e+01	2.0142248e+01	2.0151868e+01	2.0111858e+01	5.5148871e-06	2.0182017e+01
2.0210858e+01	2.0108602e+01	1.2309059e+00	2.0224712e+01	2.0106497e+01	2.0089117e+01	2.0211983e+01	2.0182741e+01	2.0166337e+01	2.0186570e+01	2.0131144e+01	2.0173966e+01	2.0165169e+01	2.0169911e+01	2.0234377e+01	2.0235769e+01	2.0160865e+01	2.0136326e+01	2.0248659e+01	2.0143711e+01	2.0142248e+01	2.0151868e+01	2.0111858e+01	5.5148871e-06	2.0182017e+01
2.0210858e+01	2.0108602e+01	1.1488572e+00	2.0224712e+01	2.0106497e+01	2.0089117e+01	2.0211983e+01	2.0182741e+01	2.0166337e+01	2.0186570e+01	2.0131144e+01	2.0173966e+01	2.0165169e+01	2.0169911e+01	2.0234377e+01	2.0235769e+01	2.0160865e+01	2.0136326e+01	2.0248659e+01	2.0143711e+01	2.0142248e+01	2.0151868e+01	2.0111858e+01	5.5148871e-06	2.0182017e+01
2.0210858e+01	2.0108602e+01	1.1488572e+00	2.0224712e+01	2.0106497e+01	2.0089117e+01	2.0211983e+01	2.0182741e+01	2.0166337e+01	2.0186570e+01	2.0131144e+01	2.0173966e+01	2.0165169e+01	2.0169911e+01	2.0234377e+01	2.0235769e+01	2.0160865e+01	2.0136326e+01	2.0248659e+01	2.0143711e+01	2.0142248e+01	2.0151868e+01	2.0111858e+01	5.5148871e-06	2.0182017e+01
2.0210858e+01	2.0108602e+01	8.1156200e-01	2.0224712e+01	2.0106497e+01	2.0089117e+01	2.0211983e+01	2.0182741e+01	2.0166337e+01	2.0186570e+01	2.0131144e+01	2.0173966e+01	2.0165169e+01	2.0169911e+01	2.0234377e+01	2.0235769e+01	2.0160865e+01	2.0136326e+01	2.0248659e+01	2.0143711e+01	2.0142248e+01	2.0151868e+01	2.0111858e+01	5.5148871e-06	2.0182017e+01
2.0210858e+01	2.0108602e+01	8.1156200e-01	2.0224712e+01	2.0106497e+01	2.0089117e+01	2.0211983e+01	2.0182741e+01	2.0166337e+01	2.0186570e+01	2.0131144e+01	2.0173966e+01	2.0165169e+01	2.0169911e+01	2.0234377e+01	2.0235769e+01	2.0160865e+01	2.0136326e+01	2.0248659e+01	2.0143711e+01	2.0142248e+01	2.0151868e+01	2.0111858e+01	5.5148871e-06	2.0182017e+01
2.0210858e+01	2.0108602e+01	7.3940383e-01	2.0224712e+01	2.0106497e+01	2.0089117e+01	2.0211983e+01	2.0182741e+01	2.0166337e+01	2.0186570e+01	2.0131144e+01	2.0173966e+01	2.0165169e+01	2.0169911e+01	2.0234377e+01	2.0235769e+01	2.0160865e+01	2.0136326e+01	2.0248659e+01	2.0143711e+01	2.0142248e+01	2.0151868e+01	2.0111858e+01	5.5148871e-06	2.0182017e+01
2.0210858e+01	2.0108602e+01	7.0770731e-01	2.0224712e+01	2.0106497e+01	2.0089117e+01	2.0211983e+01	2.0182741e+01	2.0166337e+01	2.0186570e+01	2.0131144e+01	2.0173966e+01	2.0165169e+01	2.0169911e+01	2.0234377e+01	2.0235769e+01	2.0160865e+01	2.0136326e+01	2.0248659e+01	2.0143711e+01	2.0142248e+01	2.0151868e+01	2.0111858e+01	5.5148871e-06	2.0182017e+01
2.0210858e+01	2.0108602e+01	6.7659284e-01	2.0224712e+01	2.0106497e+01	2.0089117e+01	2.0211983e+01	2.0182741e+01	2.0166337e+01	2.0186570e+01	2.0131144e+01	2.0173966e+01	2.0165169e+01	2.0169911e+01	2.0234377e+01	2.0235769e+01	2.0160865e+01	2.0136326e+01	2.0248659e+01	2.0143711e+01	2.0142248e+01	2.0151868e+01	2.0111858e+01	5.5148871e-06	2.0182017e+01
2.0210858e+01	2.0108602e+01	6.7659284e-01	2.0224712e+01	2.0106497e+01	2.0089117e+01	2.0211983e+01	2.0182741e+01	2.0166337e+01	2.0186570e+01	2.0131144e+01	2.0173966e+01	2.0165169e+01	2.0169911e+01	2.0234377e+01	2.0235769e+01	2.0160865e+01	2.0136326e+01	2.0248659e+01	2.0143711e+01	2.0142248e+01	2.0151868e+01	2.0111858e+01	5.5148871e-06	2.0182017e+01
2.0184316e+01	2.0108602e+01	5.9001584e-01	2.0224712e+01	2.0106497e+01	2.0089117e+01	2.0211983e+01	2.0182741e+01	2.0166337e+01	2.0186570e+01	2.0131144e+01	2.0173966e+01	2.0165169e+01	2.0169911e+01	2.0234377e+01	2.0235769e+01	2.0160865e+01	2.0136326e+01	2.0248659e+01	2.0143711e+01	2.0142248e+01	2.0151868e+01	2.0111858e+01	5.5148871e-06	2.0182017e+01
2.0184316e+01	2.0108602e+01	4.0279892e-01	2.0224712e+01	2.0106497e+01	2.0089117e+01	2.0211983e+01	2.0182741e+01	2.0166337e+01	2.0186570e+01	2.0131144e+01	2.0173966e+01	2.0165169e+01	2.0169911e+01	2.0234377e+01	2.0235769e+01	2.0160865e+01	2.0136326e+01	2.0248659e+01	2.0143711e+01	2.0142248e+01	2.0151868e+01	2.0111858e+01	5.5148871e-06	2.0182017e+01
2.0184316e+01	2.0108602e+01	3.9630861e-01	2.0224712e+01	2.0106497e+01	2.0089117e+01	2.0211983e+01	2.0182741e+01	2.0166337e+01	2.0186570e+01	2.0131144e+01	2.0173966e+01	2.0165169e+01	2.0169911e+01	2.0234377e+01	2.0235769e+01	2.0160865e+01	2.0136326e+01	2.0248659e+01	2.0143711e+01	2.0142248e+01	2.0151868e+01	2.0111858e+01	5.5148871e-06	2.0182017e+01
2.0184316e+01	2.0108602e+01	3.5104896e-01	2.0224712e+01	2.0106497e+01	2.0089117e+01	2.0211983e+01	2.0182741e+01	2.0166337e+01	2.0186570e+01	2.0131144e+01	2.0173966e+01	2.0165169e+01	2.0169911e+01	2.0234377e+01	2.0235769e+01	2.0160865e+01	2.0136326e+01	2.0248659e+01	2.0143711e+01	2.0142248e+01	2.0151868e+01	2.0111858e+01	5.5148871e-06	2.0182017e+01
2.0184316e+01	2.0108602e+01	3.5104896e-01	2.0224712e+01	2.0106497e+01	2.0089117e+01	2.0211983e+01	2.0182741e+01	2.0166337e+01	2.0186570e+01	2.0131144e+01	2.0173966e+01	2.0165169e+01	2.0169911e+01	2.0234377e+01	2.0235769e+01	2.0160865e+01	2.0136326e+01	2.0248659e+01	2.0143711e+01	2.0142248e+01	2.0151868e+01	2.0111858e+01	5.5148871e-06	2.0182017e+01
2.0184316e+01	2.0108602e+01	3.1298270e-01	2.0224712e+01	2.0106497e+01	2.0089117e+01	2.0211983e+01	2.0182741e+01	2.0166337e+01	2.0186570e+01	2.0131144e+01	2.0173966e+01	2.0165169e+01	2.0169911e+01	2.0234377e+01	2.0235769e+01	2.0160865e+01	2.0136326e+01	2.0248659e+01	2.0143711e+01	2.0142248e+01	2.0151868e+01	2.0111858e+01	5.5148871e-06	2.0182017e+01
2.0184316e+01	2.0108602e+01	1.8156214e-01	2.0224712e+01	2.0106497e+01	2.0089117e+01	2.0211983e+01	2.0182741e+01	2.0166337e+01	2.0186570e+01	2.0131144e+01	2.0173966e+01	2.0165169e+01	2.0169911e+01	2.0234377e+01	2.0235769e+01	2.0160865e+01	2.0136326e+01	2.0248659e+01	2.0143711e+01	2.0142248e+01	2.0151868e+01	2.0111858e+01	5.5148871e-06	2.0133417e+01
2.0184316e+01	2.0108602e+01	1.8156214e-01	2.0224712e+01	2.0106497e+01	2.0089117e+01	2.0211983e+01	2.0182741e+01	2.0166337e+01	2.0186570e+01	2.0131144e+01	2.0173966e+01	2.0165169e+01	2.0169911e+01	2.0234377e+01	2.0235769e+01	2.0160865e+01	2.0136326e+01	2.0248659e+01	2.0143711e+01	2.0142248e+01	2.0151868e+01	2.0111858e+01	5.5148871e-06	2.0133417e+01
2.0184316e+01	2.0108602e+01	1.8156214e-01	2.0224712e+01	2.0106497e+01	2.0089117e+01	2.0211983e+01	2.0182741e+01	2.0166337e+01	2.0186570e+01	2.0131144e+01	2.0173966e+01	2.0165169e+01	2.0169911e+01	2.0234377e+01	2.0235769e+01	2.0160865e+01	2.0136326e+01	2.0248659e+01	2.0143711e+01	2.0142248e+01	2.0151868e+01	2.0111858e+01	5.5148871e-06	2.0133417e+01
2.0184316e+01	2.0108602e+01	1.6365904e-01	2.0224712e+01	2.0106497e+01	2.0089117e+01	2.0211983e+01	2.0182741e+01	2.0166337e+01	2.0186570e+01	2.0131144e+01	2.0173966e+01	2.0165169e+01	2.0169911e+01	2.0234377e+01	2.0235769e+01	2.0160865e+01	2.0136326e+01	2.0248659e+01	2.0143711e+01	2.0142248e+01	2.0151868e+01	2.0111858e+01	5.5148871e-06	2.0133417e+01
2.0184316e+01	2.0108602e+01	1.6365904e-01	2.0224712e+01	2.0106497e+01	2.0089117e+01	2.0211983e+01	2.0182741e+01	2.0166337e+01	2.0119898e+01	2.0131144e+01	2.0173966e+01	2.0165169e+01	2.0169911e+01	2.0234377e+01	2.0235769e+01	2.0160865e+01	2.0136326e+01	2.0248659e+01	2.0143711e+01	2.0142248e+01	2.0151868e+01	2.0111858e+01	5.5148871e-06	2.0133417e+01
2.0184316e+01	2.0108602e+01	1.6365904e-01	2.0224712e+01	2.0106497e+01	2.0089117e+01	2.0211983e+01	2.0182741e+01	2.0166337e+01	2.0119898e+01	2.0131144e+01	2.0173966e+01	2.0165169e+01	2.0169911e+01	2.0234377e+01	2.0235769e+01	2.0160865e+01	2.0136326e+01	2.0248659e+01	2.0143711e+01	2.0142248e+01	2.0151868e+01	2.0111858e+01	5.5148871e-06	2.0133417e+01
2.0184316e+01	2.0108602e+01	1.6365904e-01	2.0224712e+01	2.0106497e+01	2.0089117e+01	2.0211983e+01	2.0182741e+01	2.0166337e+01	2.0119898e+01	2.0131144e+01	2.0173966e+01	2.0165169e+01	2.0169911e+01	2.0234377e+01	2.0235769e+01	2.0160865e+01	2.0136326e+01	2.0248659e+01	2.0143711e+01	2.0142248e+01	2.0151868e+01	2.0111858e+01	5.5148871e-06	2.0133417e+01
2.0184316e+01	2.0108602e+01	1.6365904e-01	2.0224712e+01	2.0106497e+01	2.0089117e+01	2.0211983e+01	2.0182741e+01	2.0166337e+01	2.0119898e+01	2.0131144e+01	2.0173966e+01	2.0165169e+01	2.0169911e+01	2.0234377e+01	2.0235769e+01	2.0160865e+01	2.0136326e+01	2.0248659e+01	2.0143711e+01	2.0142248e+01	2.0151868e+01	2.0111858e+01	5.5148871e-06	2.0133417e+01
2.0184316e+01	2.0108602e+01	1.3150914e-01	2.0224712e+01	2.0106497e+01	2.0089117e+01	2.0211983e+01	2.0182741e+01	2.0166337e+01	2.0119898e+01	2.0131144e+01	2.0173966e+01	2.0165169e+01	2.0169911e+01	2.0234377e+01	2.0235769e+01	2.0160865e+01	2.0136326e+01	2.0248659e+01	2.0143711e+01	2.0142248e+01	2.0151868e+01	2.0111858e+01	5.5148871e-06	2.0133417e+01
2.0184316e+01	2.0108602e+01	1.3150914e-01	2.0224712e+01	2.0106497e+01	2.0089117e+01	2.0211983e+01	2.0182741e+01	2.0166337e+01	2.0119898e+01	2.0131144e+01	2.0173966e+01	2.0165169e+01	2.0169911e+01	2.0234377e+01	2.0235769e+01	2.0160865e+01	2.0136326e+01	2.0248659e+01	2.0143711e+01	2.0142248e+01	2.0151868e+01	2.0111858e+01	5.5148871e-06	2.0133417e+01
2.0184316e+01	2.0108602e+01	1.3150914e-01	2.0224712e+01	2.0106497e+01	2.0089117e+01	2.0211983e+01	2.0182741e+01	2.0166337e+01	2.0119898e+01	2.0131144e+01	2.0173966e+01	2.0165169e+01	2.0169911e+01	2.0234377e+01	2.0235769e+01	2.0160865e+01	2.0136326e+01	2.0248659e+01	2.0143711e+01	2.0142248e+01	2.0151868e+01	2.0111858e+01	5.5148871e-06	2.0133417e+01
2.0184316e+01	2.0108602e+01	1.3150914e-01	2.0224712e+01	2.0106497e+01	2.0089117e+01	2.0211983e+01	2.0182741e+01	2.0166337e+01	2.0119898e+01	2.0131144e+01	2.0173966e+01	2.0165169e+01	2.0169911e+01	2.0234377e+01	2.0235769e+01	2.0160865e+01	2.0136326e+01	2.0248659e+01	2.0143711e+01	2.0142248e+01	2.0151868e+01	2.0111858e+01	5.5148871e-06	2.0133417e+01
2.0184316e+01	2.0108602e+01	1.3150914e-01	2.0224712e+01	2.0106497e+01	2.0089117e+01	2.0211983e+01	2.0182741e+01	2.0166337e+01	2.0119898e+01	2.0131144e+01	2.0173966e+01	2.0165169e+01	2.0169911e+01	2.0234377e+01	2.0235769e+01	2.0160865e+01	2.0136326e+01	2.0248659e+01	2.0143711e+01	2.0142248e+01	2.0151868e+01	2.0111858e+01	5.5148871e-06	2.0133417e+01
2.0184316e+01	2.0108602e+01	1.3150914e-01	2.0224712e+01	2.0106497e+01	2.0089117e+01	2.0211983e+01	2.0182741e+01	2.0166337e+01	2.0119898e+01	2.0131144e+01	2.0173966e+01	2.0165169e+01	2.0169911e+01	2.0234377e+01	2.0235769e+01	2.0160865e+01	2.0136326e+01	2.0248659e+01	2.0143711e+01	2.0142248e+01	2.0151868e+01	2.0111858e+01	5.5148871e-06	2.0133417e+01
2.0184316e+01	2.0108602e+01	1.1011578e-01	2.0224712e+01	2.0106497e+01	2.0089117e+01	2.0211983e+01	2.0182741e+01	2.0166337e+01	2.0119898e+01	2.0131144e+01	2.0173966e+01	2.0165169e+01	2.0169911e+01	2.0234377e+01	2.0235769e+01	2.0160865e+01	2.0136326e+01	2.0248659e+01	2.0143711e+01	2.0142248e+01	2.0151868e+01	2.0111858e+01	5.5148871e-06	2.0133417e+01
2.0184316e+01	2.0108602e+01	8.4574755e-02	2.0224712e+01	2.0106497e+01	2.0089117e+01	2.0211983e+01	2.0182741e+01	2.0166337e+01	2.0119898e+01	2.0131144e+01	2.0173966e+01	2.0165169e+01	2.0169911e+01	2.0234377e+01	2.0235769e+01	2.0160865e+01	2.0136326e+01	2.0248659e+01	2.0143711e+01	2.0142248e+01	2.0151868e+01	2.0111858e+01	5.5148871e-06	2.0133417e+01
2.0184316e+01	2.0108602e+01	7.7689207e-02	2.0224712e+01	2.0106497e+01	2.0089117e+01	2.0211983e+01	2.0182741e+01	2.0166337e+01	2.0119898e+01	2.0131144e+01	2.0173966e+01	2.0165169e+01	2.0169911e+01	2.0234377e+01	2.0235769e+01	2.0160865e+01	2.0136326e+01	2.0248659e+01	2.0143711e+01	2.0142248e+01	2.0151868e+01	2.0111858e+01	5.5148871e-06	2.0133417e+01
2.0184316e+01	2.0108602e+01	7.7689207e-02	2.0224712e+01	2.0106497e+01	2.0089117e+01	2.0211983e+01	2.0182741e+01	2.0166337e+01	2.0119898e+01	2.0131144e+01	2.0173966e+01	2.0165169e+01	2.0169911e+01	2.0234377e+01	2.0235769e+01	2.0160865e+01	2.0136326e+01	2.0248659e+01	2.0143711e+01	2.0142248e+01	2.0151868e+01	2.0111858e+01	5.5148871e-06	2.0133417e+01
2.0184316e+01	2.0108602e+01	7.7689207e-02	2.0224712e+01	2.0106497e+01	2.0089117e+01	2.0211983e+01	2.0182741e+01	2.0166337e+01	2.0119898e+01	2.0131144e+01	2.0173966e+01	2.0165169e+01	2.0169911e+01	2.0234377e+01	2.0235769e+01	2.0160865e+01	2.0136326e+01	2.0248659e+01	2.0143711e+01	2.0142248e+01	2.0151868e+01	2.0111858e+01	5.5148871e-06	2.0133417e+01
2.0184316e+01	2.0108602e+01	6.4491448e-02	2.0224712e+01	2.0106497e+01	2.0089117e+01	2.0211983e+01	2.0182741e+01	2.0166337e+01	2.0119898e+01	2.0131144e+01	2.0173966e+01	2.0165169e+01	2.0169911e+01	2.0234377e+01	2.0235769e+01	2.0160865e+01	2.0136326e+01	2.0248659e+01	2.0143711e+01	2.0142248e+01	2.0151868e+01	2.0111858e+01	5.5148871e-06	2.0133417e+01
2.0184316e+01	2.0108602e+01	5.6654093e-02	2.0224712e+01	2.0106497e+01	2.0089117e+01	2.0211983e+01	2.0182741e+01	2.0166337e+01	2.0119898e+01	2.0131144e+01	2.0173966e+01	2.0165169e+01	2.0169911e+01	2.0234377e+01	2.0235769e+01	2.0160865e+01	2.0136326e+01	2.0248659e+01	2.0143711e+01	2.0142248e+01	2.0151868e+01	2.0111858e+01	5.5148871e-06	2.0133417e+01
2.0184316e+01	2.0108602e+01	4.3782917e-02	2.0224712e+01	2.0106497e+01	2.0089117e+01	2.0211983e+01	2.0182741e+01	2.0166337e+01	2.0119898e+01	2.0131144e+01	2.0173966e+01	2.0165169e+01	2.0169911e+01	2.0234377e+01	2.0235769e+01	2.0160865e+01	2.0136326e+01	2.0248659e+01	2.0143711e+01	2.0142248e+01	2.0151868e+01	2.0111858e+01	5.5148871e-06	2.0133417e+01
2.0184316e+01	2.0108602e+01	4.3782917e-02	2.0224712e+01	2.0106497e+01	2.0089117e+01	2.0211983e+01	2.0182741e+01	2.0166337e+01	2.0119898e+01	2.0131144e+01	2.0173966e+01	2.0165169e+01	2.0169911e+01	2.0234377e+01	2.0235769e+01	2.0160865e+01	2.0136326e+01	2.0248659e+01	2.0143711e+01	2.0142248e+01	2.0151868e+01	2.0111858e+01	5.5148871e-06	2.0133417e+01
2.0184316e+01	2.0108602e+01	4.2362558e-02	2.0224712e+01	2.0106497e+01	2.0089117e+01	2.0211983e+01	2.0182741e+01	2.0166337e+01	2.0119898e+01	2.0131144e+01	2.0173966e+01	2.0165169e+01	2.0169911e+01	2.0234377e+01	2.0235769e+01	2.0160865e+01	2.0136326e+01	2.0248659e+01	2.0143711e+01	2.0142248e+01	2.0151868e+01	2.0111858e+01	5.5148871e-06	2.0133417e+01
2.0184316e+01	2.0108602e+01	4.2362558e-02	2.0224712e+01	2.0106497e+01	2.0089117e+01	2.0211983e+01	2.0182741e+01	2.0166337e+01	2.0119898e+01	2.0131144e+01	2.0173966e+01	2.0165169e+01	2.0169911e+01	2.0234377e+01	2.0235769e+01	2.0160865e+01	2.0136326e+01	2.0248659e+01	2.0143711e+01	2.0142248e+01	2.0151868e+01	2.0111858e+01	5.5148871e-06	2.0133417e+01
2.0184316e+01	2.0108602e+01	3.2863774e-02	2.0224712e+01	2.0106497e+01	2.0089117e+01	2.0211983e+01	2.0182741e+01	2.0166337e+01	2.0119898e+01	2.0131144e+01	2.0173966e+01	2.0165169e+01	2.0169911e+01	2.0234377e+01	2.0206563e+01	2.0160865e+01	2.0136326e+01	2.0248659e+01	2.0143711e+01	2.0142248e+01	2.0151868e+01	2.0111858e+01	5.5148871e-06	2.0133417e+01
2.0184316e+01	2.0108602e+01	3.0735381e-02	2.0224712e+01	2.0106497e+01	2.0089117e+01	2.0211983e+01	2.0182741e+01	2.0166337e+01	2.0119898e+01	2.0131144e+01	2.0173966e+01	2.0165169e+01	2.0169911e+01	2.0234377e+01	2.0206563e+01	2.0160865e+01	2.0136326e+01	2.0248659e+01	2.0143711e+01	2.0142248e+01	2.0151868e+01	2.0111858e+01	5.5148871e-06	2.0133417e+01
2.0184316e+01	2.0108602e+01	3.0735381e-02	2.0224712e+01	2.0106497e+01	2.0089117e+01	2.0211983e+01	2.0182741e+01	2.0166337e+01	2.0119898e+01	2.0131144e+01	2.0173966e+01	2.0165169e+01	2.0169911e+01	2.0234377e+01	2.0206563e+01	2.0160865e+01	2.0136326e+01	2.0248659e+01	2.0143711e+01	2.0142248e+01	2.0151868e+01	2.0111858e+01	5.5148871e-06	2.0133417e+01
2.0184316e+01	2.0108602e+01	3.0735381e-02	2.0224712e+01	2.0106497e+01	2.0089117e+01	2.0211983e+01	2.0182741e+01	2.0166337e+01	2.0119898e+01	2.0131144e+01	2.0173966e+01	2.0165169e+01	2.0169911e+01	2.0234377e+01	2.0206563e+01	2.0160865e+01	2.0136326e+01	2.0248659e+01	2.0143711e+01	2.0142248e+01	2.0151868e+01	2.0111858e+01	5.5148871e-06	2.0133417e+01
2.0184316e+01	2.0108602e+01	3.0735381e-02	2.0224712e+01	2.0106497e+01	2.0089117e+01	2.0211983e+01	2.0182741e+01	2.0166337e+01	2.0119898e+01	2.0131144e+01	2.0173966e+01	2.0165169e+01	2.0169911e+01	2.0234377e+01	2.0206563e+01	2.0160865e+01	2.0136326e+01	2.0248659e+01	2.0143711e+01	2.0142248e+01	2.0151868e+01	2.0111858e+01	5.5148871e-06	2.0133417e+01
2.0184316e+01	2.0108602e+01	2.3916374e-02	2.0224712e+01	2.0106497e+01	2.0089117e+01	2.0211983e+01	2.0182741e+01	2.0166337e+01	2.0119898e+01	2.0131144e+01	2.0173966e+01	2.0165169e+01	2.0169911e+01	2.0234377e+01	2.0206563e+01	2.0160865e+01	2.0136326e+01	2.0248659e+01	2.0143711e+01	2.0142248e+01	2.0151868e+01	2.0111858e+01	5.5148871e-06	2.0133417e+01
2.0184316e+01	2.0108602e+01	2.3916374e-02	2.0224712e+01	2.0106497e+01	2.0089117e+01	2.0211983e+01	2.0182741e+01	2.0166337e+01	2.0119898e+01	2.0131144e+01	2.0173966e+01	2.0165169e+01	2.0169911e+01	2.0234377e+01	2.0206563e+01	2.0160865e+01	2.0136326e+01	2.0248659e+01	2.0143711e+01	2.0142248e+01	2.0151868e+01	2.0111858e+01	5.5148871e-06	2.0133417e+01
2.0184316e+01	2.0108602e+01	2.3916374e-02	2.0224712e+01	2.0106497e+01	2.0089117e+01	2.0211983e+01	2.0182741e+01	2.0166337e+01	2.0119898e+01	2.0131144e+01	2.0173966e+01	2.0165169e+01	2.0169911e+01	2.0234377e+01	2.0206563e+01	2.0160865e+01	2.0136326e+01	2.0248659e+01	2.0143711e+01	2.0142248e+01	2.0151868e+01	2.0111858e+01	5.5148871e-06	2.0133417e+01
2.0184316e+01	2.0108602e+01	2.3916374e-02	2.0224712e+01	2.0106497e+01	2.0089117e+01	2.0211983e+01	2.0182741e+01	2.0166337e+01	2.0119898e+01	2.0131144e+01	2.0173966e+01	2.0165169e+01	2.0169911e+01	2.0234377e+01	2.0206563e+01	2.0160865e+01	2.0136326e+01	2.0248659e+01	2.0143711e+01	2.0142248e+01	2.0151868e+01	2.0111858e+01	5.5148871e-06	2.0133417e+01
2.0184316e+01	2.0108602e+01	2.1643532e-02	2.0224712e+01	2.0106497e+01	2.0089117e+01	2.0211983e+01	2.0182741e+01	2.0166337e+01	2.0119898e+01	2.0131144e+01	2.0173966e+01	2.0165169e+01	2.0169911e+01	2.0234377e+01	2.0206563e+01	2.0160865e+01	2.0136326e+01	2.0248659e+01	2.0143711e+01	2.0142248e+01	2.0151868e+01	2.0111858e+01	5.5148871e-06	2.0133417e+01
2.0184316e+01	2.0108602e+01	1.8203137e-02	2.0224712e+01	2.0106497e+01	2.0089117e+01	2.0211983e+01	2.0182741e+01	2.0166337e+01	2.0119898e+01	2.0131144e+01	2.0173966e+01	2.0165169e+01	2.0169911e+01	2.0234377e+01	2.0206563e+01	2.0160865e+01	2.0136326e+01	2.0248659e+01	2.0143711e+01	2.0142248e+01	2.0151868e+01	2.0111858e+01	5.5148871e-06	2.0133417e+01
2.0184316e+01	2.0108602e+01	1.8203137e-02	2.0224712e+01	2.0106497e+01	2.0089117e+01	2.0211983e+01	2.0182741e+01	2.0166337e+01	2.0119898e+01	2.0131144e+01	2.0173966e+01	2.0165169e+01	2.0169911e+01	2.0234377e+01	2.0206563e+01	2.0160865e+01	2.0136326e+01	2.0248659e+01	2.0143711e+01	2.0142248e+01	2.0151868e+01	2.0111858e+01	5.5148871e-06	2.0133417e+01
2.0184316e+01	2.0108602e+01	1.8203137e-02	2.0224712e+01	2.0106497e+01	2.0089117e+01	2.0211983e+01	2.0182741e+01	2.0166337e+01	2.0119898e+01	2.0131144e+01	2.0173966e+01	2.0165169e+01	2.0169911e+01	2.0234377e+01	2.0206563e+01	2.0160865e+01	2.0136326e+01	2.0248659e+01	2.0143711e+01	2.0142248e+01	2.0151868e+01	2.0111858e+01	5.5148871e-06	2.0133417e+01
2.0184316e+01	2.0108602e+01	1.8203137e-02	2.0224712e+01	2.0106497e+01	2.0089117e+01	2.0211983e+01	2.0182741e+01	2.0166337e+01	2.0119898e+01	2.0131144e+01	2.0173966e+01	2.0165169e+01	2.0169911e+01	2.0234377e+01	2.0206563e+01	2.0160865e+01	2.0136326e+01	2.0248659e+01	2.0143711e+01	2.0142248e+01	2.0151868e+01	2.0111858e+01	5.5148871e-06	2.0133417e+01
2.0184316e+01	2.0108602e+01	1.2636337e-02	2.0224712e+01	2.0106497e+01	2.0089117e+01	2.0211983e+01	2.0182741e+01	2.0166337e+01	2.0119898e+01	2.0131144e+01	2.0173966e+01	2.0165169e+01	2.0169911e+01	2.0234377e+01	2.0206563e+01	2.0160865e+01	2.0136326e+01	2.0248659e+01	2.0143711e+01	2.0142248e+01	2.0151868e+01	2.0111858e+01	5.5148871e-06	2.0133417e+01
2.0156951e+01	2.0108602e+01	1.2636337e-02	2.0224712e+01	2.0106497e+01	2.0089117e+01	2.0211983e+01	2.0182741e+01	2.0166337e+01	2.0119898e+01	2.0131144e+01	2.0173966e+01	2.0165169e+01	2.0169911e+01	2.0234377e+01	2.0206563e+01	2.0160865e+01	2.0136326e+01	2.0248659e+01	2.0143711e+01	2.0142248e+01	2.0151868e+01	2.0111858e+01	5.5148871e-06	2.0133417e+01
2.0156951e+01	2.0108602e+01	1.1436838e-02	2.0224712e+01	2.0106497e+01	2.0089117e+01	2.0211983e+01	2.0182741e+01	2.0166337e+01	2.0119898e+01	2.0131144e+01	2.0173966e+01	2.0165169e+01	2.0169911e+01	2.0234377e+01	2.0206563e+01	2.0160865e+01	2.0136326e+01	2.0248659e+01	2.0143711e+01	2.0142248e+01	2.0151868e+01	2.0111858e+01	5.5148871e-06	2.0133417e+01
2.0156951e+01	2.0108602e+01	1.0649548e-02	2.0224712e+01	2.0106497e+01	2.0089117e+01	2.0211983e+01	2.0182741e+01	2.0166337e+01	2.0119898e+01	2.0131144e+01	2.0173966e+01	2.0165169e+01	2.0169911e+01	2.0234377e+01	2.0206563e+01	2.0160865e+01	2.0136326e+01	2.0248659e+01	2.0143711e+01	2.0142248e+01	2.0151868e+01	2.0111858e+01	5.5148871e-06	2.0133417e+01
2.0156951e+01	2.0108602e+01	1.0027563e-02	2.0224712e+01	2.0106497e+01	2.0089117e+01	2.0211983e+01	2.0182741e+01	2.0166337e+01	2.0119898e+01	2.0131144e+01	2.0173966e+01	2.0165169e+01	2.0169911e+01	2.0234377e+01	2.0206563e+01	2.0160865e+01	2.0136326e+01	2.0248659e+01	2.0143711e+01	2.0142248e+01	2.0151868e+01	2.0111858e+01	5.5148871e-06	2.0133417e+01
2.0156951e+01	2.0108602e+01	9.7904027e-03	2.0224712e+01	2.0106497e+01	2.0089117e+01	2.0211983e+01	2.0182741e+01	2.0166337e+01	2.0119898e+01	2.0131144e+01	2.0173966e+01	2.0165169e+01	2.0169911e+01	2.0234377e+01	2.0206563e+01	2.0160865e+01	2.0136326e+01	2.0248659e+01	2.0143711e+01	2.0142248e+01	2.0151868e+01	2.0111858e+01	5.5148871e-06	2.0133417e+01
2.0156951e+01	2.0108602e+01	8.7149289e-03	2.0224712e+01	2.0106497e+01	2.0089117e+01	2.0211983e+01	2.0182741e+01	2.0166337e+01	2.0119898e+01	2.0131144e+01	2.0173966e+01	2.0165169e+01	2.0169911e+01	2.0234377e+01	2.0206563e+01	2.0160865e+01	2.0136326e+01	2.0248659e+01	2.0143711e+01	2.0142248e+01	2.0151868e+01	2.0111858e+01	5.5148871e-06	2.0133417e+01
2.0156951e+01	2.0108602e+01	7.9475898e-03	2.0224712e+01	2.0106497e+01	2.0089117e+01	2.0211983e+01	2.0182741e+01	2.0166337e+01	2.0119898e+01	2.0131144e+01	2.0173966e+01	2.0165169e+01	2.0169911e+01	2.0234377e+01	2.0206563e+01	2.0160865e+01	2.0136326e+01	2.0248659e+01	2.0143711e+01	2.0142248e+01	2.0151868e+01	2.0111858e+01	5.5148871e-06	2.0133417e+01
2.0156951e+01	2.0108602e+01	4.6706210e-03	2.0224712e+01	2.0106497e+01	2.0089117e+01	2.0211983e+01	2.0182741e+01	2.0166337e+01	2.0119898e+01	2.0131144e+01	2.0173966e+01	2.0165169e+01	2.0169911e+01	2.0234377e+01	2.0206563e+01	2.0160865e+01	2.0136326e+01	2.0248659e+01	2.0143711e+01	2.0142248e+01	2.0151868e+01	2.0111858e+01	5.5148871e-06	2.0133417e+01
2.0156951e+01	2.0108602e+01	4.6706210e-03	2.0224712e+01	2.0106497e+01	2.0089117e+01	2.0211983e+01	2.0182741e+01	2.0166337e+01	2.0119898e+01	2.0131144e+01	2.0173966e+01	2.0165169e+01	2.0169911e+01	2.0234377e+01	2.0206563e+01	2.0160865e+01	2.0136326e+01	2.0248659e+01	2.0143711e+01	2.0142248e+01	2.0151868e+01	2.0111858e+01	5.5148871e-06	2.0133417e+01
2.0156951e+01	2.0108602e+01	4.6659900e-03	2.0224712e+01	2.0106497e+01	2.0089117e+01	2.0211983e+01	2.0182741e+01	2.0166337e+01	2.0119898e+01	2.0131144e+01	2.0173966e+01	2.0165169e+01	2.0169911e+01	2.0234377e+01	2.0206563e+01	2.0160865e+01	2.0136326e+01	2.0248659e+01	2.0143711e+01	2.0142248e+01	2.0151868e+01	2.0111858e+01	5.5148871e-06	2.0133417e+01
2.0156951e+01	2.0108602e+01	4.3918828e-03	2.0224712e+01	2.0106497e+01	2.0089117e+01	2.0211983e+01	2.0182741e+01	2.0166337e+01	2.0119898e+01	2.0131144e+01	2.0173966e+01	2.0165169e+01	2.0169911e+01	2.0234377e+01	2.0206563e+01	2.0160865e+01	2.0136326e+01	2.0248659e+01	2.0143711e+01	2.0142248e+01	2.0151868e+01	2.0111858e+01	5.5148871e-06	2.0133417e+01
2.0156951e+01	2.0108602e+01	4.2822940e-03	2.0224712e+01	2.0106497e+01	2.0089117e+01	2.0211983e+01	2.0182741e+01	2.0166337e+01	2.0119898e+01	2.0131144e+01	2.0173966e+01	2.0165169e+01	2.0169911e+01	2.0234377e+01	2.0206563e+01	2.0160865e+01	2.0136326e+01	2.0248659e+01	2.0143711e+01	2.0142248e+01	2.0151868e+01	2.0111858e+01	5.5148871e-06	2.0133417e+01
2.0156951e+01	2.0108602e+01	4.2822940e-03	2.0224712e+01	2.0106497e+01	2.0089117e+01	2.0211983e+01	2.0182741e+01	2.0166337e+01	2.0119898e+01	2.0131144e+01	2.0173966e+01	2.0165169e+01	2.0169911e+01	2.0234377e+01	2.0206563e+01	2.0160865e+01	2.0136326e+01	2.0248659e+01	2.0143711e+01	2.0142248e+01	2.0151868e+01	2.0111858e+01	5.5148871e-06	2.0133417e+01
2.0156951e+01	2.0108602e+01	4.1386507e-03	2.0224712e+01	2.0106497e+01	2.0089117e+01	2.0211983e+01	2.0182741e+01	2.0166337e+01	2.0119898e+01	2.0131144e+01	2.0173966e+01	2.0165169e+01	2.0169911e+01	2.0234377e+01	2.0206563e+01	2.0160865e+01	2.0136326e+01	2.0248659e+01	2.0143711e+01	2.0142248e+01	2.0151868e+01	2.0111858e+01	5.5148871e-06	2.0133417e+01
2.0156951e+01	2.0108602e+01	2.5800973e-03	2.0224712e+01	2.0106497e+01	2.0089117e+01	2.0211983e+01	2.0182741e+01	2.0166337e+01	2.0119898e+01	2.0131144e+01	2.0173966e+01	2.0165169e+01	2.0169911e+01	2.0234377e+01	2.0206563e+01	2.0160865e+01	2.0136326e+01	2.0248659e+01	2.0143711e+01	2.0142248e+01	2.0151868e+01	2.0111858e+01	5.5148871e-06	2.0133417e+01
2.0130085e+01	2.0108602e+01	2.5800973e-03	2.0224712e+01	2.0106497e+01	2.0089117e+01	2.0211983e+01	2.0182741e+01	2.0166337e+01	2.0119898e+01	2.0131144e+01	2.0173966e+01	2.0165169e+01	2.0169911e+01	2.0234377e+01	2.0206563e+01	2.0160865e+01	2.0136326e+01	2.0248659e+01	2.0143711e+01	2.0142248e+01	2.0151868e+01	2.0111858e+01	5.5148871e-06	2.0133417e+01
2.0130085e+01	2.0108602e+01	2.2942769e-03	2.0224712e+01	2.0106497e+01	2.0089117e+01	2.0211983e+01	2.0182741e+01	2.0166337e+01	2.0119898e+01	2.0131144e+01	2.0173966e+01	2.0165169e+01	2.0169911e+01	2.0234377e+01	2.0206563e+01	2.0160865e+01	2.0136326e+01	2.0248659e+01	2.0143711e+01	2.0142248e+01	2.0151868e+01	2.0111858e+01	5.5148871e-06	2.0133417e+01
2.0130085e+01	2.0108602e+01	1.6871027e-03	2.0224712e+01	2.0106497e+01	2.0089117e+01	2.0211983e+01	2.0182741e+01	2.0166337e+01	2.0119898e+01	2.0131144e+01	2.0173966e+01	2.0165169e+01	2.0169911e+01	2.0234377e+01	2.0206563e+01	2.0160865e+01	2.0136326e+01	2.0248659e+01	2.0143711e+01	2.0142248e+01	2.0151868e+01	2.0111858e+01	5.5148871e-06	2.0133417e+01
2.0130085e+01	2.0108602e+01	1.0818626e-03	2.0224712e+01	2.0106497e+01	2.0089117e+01	2.0211983e+01	2.0182741e+01	2.0166337e+01	2.0119898e+01	2.0131144e+01	2.0173966e+01	2.0165169e+01	2.0169911e+01	2.0234377e+01	2.0206563e+01	2.0160865e+01	2.0136326e+01	2.0248659e+01	2.0143711e+01	2.0142248e+01	2.0151868e+01	2.0111858e+01	5.5148871e-06	2.0133417e+01
2.0130085e+01	2.0108602e+01	1.0818626e-03	2.0224712e+01	2.0106497e+01	2.0089117e+01	2.0211983e+01	2.0182741e+01	2.0166337e+01	2.0119898e+01	2.0131144e+01	2.0173966e+01	2.0165169e+01	2.0169911e+01	2.0234377e+01	2.0206563e+01	2.0160865e+01	2.0136326e+01	2.0248659e+01	2.0143711e+01	2.0142248e+01	2.0151868e+01	2.0076610e+01	5.5148871e-06	2.0133417e+01
2.0130085e+01	2.0108602e+01	1.0818626e-03	2.0224712e+01	2.0106497e+01	2.0089117e+01	2.0211983e+01	2.0182741e+01	2.0166337e+01	2.0119898e+01	2.0131144e+01	2.0173966e+01	2.0165169e+01	2.0169911e+01	2.0234377e+01	2.0206563e+01	2.0160865e+01	2.0136326e+01	2.0248659e+01	2.0143711e+01	2.0142248e+01	2.0151868e+01	2.0076610e+01	5.5148871e-06	2.0133417e+01
2.0130085e+01	2.0108602e+01	1.0818626e-03	2.0224712e+01	2.0106497e+01	2.0089117e+01	2.0211983e+01	2.0182741e+01	2.0166337e+01	2.0119898e+01	2.0131144e+01	2.0173966e+01	2.0165169e+01	2.0169911e+01	2.0234377e+01	2.0206563e+01	2.0160865e+01	2.0136326e+01	2.0248659e+01	2.0143711e+01	2.0142248e+01	2.0151868e+01	2.0076610e+01	5.5148871e-06	2.0133417e+01
2.0130085e+01	2.0108602e+01	9.2207672e-04	2.0224712e+01	2.0106497e+01	2.0089117e+01	2.0211983e+01	2.0182741e+01	2.0166337e+01	2.0119898e+01	2.0131144e+01	2.0173966e+01	2.0165169e+01	2.0169911e+01	2.0234377e+01	2.0206563e+01	2.0160865e+01	2.0136326e+01	2.0248659e+01	2.0143711e+01	2.0142248e+01	2.0151868e+01	2.0076610e+01	5.5148871e-06	2.0133417e+01
2.0130085e+01	2.0108602e+01	9.2207672e-04	2.0224712e+01	2.0106497e+01	2.0089117e+01	2.0211983e+01	2.0182741e+01	2.0166337e+01	2.0119898e+01	2.0131144e+01	2.0173966e+01	2.0165169e+01	2.0169911e+01	2.0234377e+01	2.0206563e+01	2.0160865e+01	2.0136326e+01	2.0248659e+01	2.0143711e+01	2.0142248e+01	2.0151868e+01	2.0056467e+01	5.5148871e-06	2.0133417e+01
2.0130085e+01	2.0108602e+01	7.4482343e-04	2.0224712e+01	2.0106497e+01	2.0089117e+01	2.0211983e+01	2.0182741e+01	2.0166337e+01	2.0119898e+01	2.0131144e+01	2.0173966e+01	2.0165169e+01	2.0169911e+01	2.0234377e+01	2.0206563e+01	2.0160865e+01	2.0136326e+01	2.0248659e+01	2.0143711e+01	2.0142248e+01	2.0151868e+01	2.0056467e+01	5.5148871e-06	2.0133417e+01
2.0130085e+01	2.0108602e+01	6.6623455e-04	2.0224712e+01	2.0106497e+01	2.0089117e+01	2.0211983e+01	2.0182741e+01	2.0166337e+01	2.0119898e+01	2.0131144e+01	2.0173966e+01	2.0165169e+01	2.0169911e+01	2.0234377e+01	2.0206563e+01	2.0160865e+01	2.0136326e+01	2.0230624e+01	2.0143711e+01	2.0142248e+01	2.0151868e+01	2.0056467e+01	5.5148871e-06	2.0133417e+01
2.0130085e+01	2.0108602e+01	5.8845762e-04	2.0224712e+01	2.0106497e+01	2.0089117e+01	2.0211983e+01	2.0182741e+01	2.0166337e+01	2.0119898e+01	2.0131144e+01	2.0173966e+01	2.0165169e+01	2.0169911e+01	2.0234377e+01	2.0206563e+01	2.0160865e+01	2.0136326e+01	2.0230624e+01	2.0143711e+01	2.0142248e+01	2.0151868e+01	2.0056467e+01	5.5148871e-06	2.0133417e+01
2.0130085e+01	2.0108602e+01	4.8989373e-04	2.0224712e+01	2.0106497e+01	2.0089117e+01	2.0211983e+01	2.0182741e+01	2.0166337e+01	2.0119898e+01	2.0131144e+01	2.0173966e+01	2.0165169e+01	2.0169911e+01	2.0234377e+01	2.0206563e+01	2.0160865e+01	2.0136326e+01	2.0230624e+01	2.0143711e+01	2.0142248e+01	2.0151868e+01	2.0056467e+01	5.5148871e-06	2.0133417e+01
2.0130085e+01	2.0108602e+01	4.8754616e-04	2.0224712e+01	2.0106497e+01	2.0088886e+01	2.0211983e+01	2.0182741e+01	2.0166337e+01	2.0119898e+01	2.0131144e+01	2.0173966e+01	2.0165169e+01	2.0169911e+01	2.0234377e+01	2.0206563e+01	2.0160865e+01	2.0136326e+01	2.0230624e+01	2.0143711e+01	2.0142248e+01	2.0151868e+01	2.0056467e+01	5.5148871e-06	2.0133417e+01
2.0130085e+01	2.0108602e+01	3.9687129e-04	2.0224712e+01	2.0106497e+01	2.0088886e+01	2.0211983e+01	2.0182741e+01	2.0166337e+01	2.0119898e+01	2.0131144e+01	2.0173966e+01	2.0165169e+01	2.0169911e+01	2.0234377e+01	2.0206563e+01	2.0160865e+01	2.0136326e+01	2.0230624e+01	2.0143711e+01	2.0142248e+01	2.0151868e+01	2.0056467e+01	5.5148871e-06	2.0133417e+01
2.0130085e+01	2.0108602e+01	3.6219318e-04	2.0224712e+01	2.0106497e+01	2.0088886e+01	2.0211983e+01	2.0182741e+01	2.0166337e+01	2.0119898e+01	2.0131144e+01	2.0173966e+01	2.0165169e+01	2.0169911e+01	2.0234377e+01	2.0206563e+01	2.0160865e+01	2.0136326e+01	2.0111263e+01	2.0143711e+01	2.0142248e+01	2.0151868e+01	2.0056467e+01	5.5148871e-06	2.0133417e+01
2.0130085e+01	2.0108602e+01	3.2591523e-04	2.0224712e+01	2.0106497e+01	2.0088886e+01	2.0211983e+01	2.0182741e+01	2.0166337e+01	2.0119898e+01	2.0131144e+01	2.0173966e+01	2.0165169e+01	2.0169911e+01	2.0234377e+01	2.0206563e+01	2.0160865e+01	2.0136326e+01	2.0111263e+01	2.0143711e+01	2.0142248e+01	2.0151868e+01	2.0056467e+01	5.5148871e-06	2.0133417e+01
2.0130085e+01	2.0108602e+01	3.2591523e-04	2.0224712e+01	2.0106497e+01	2.0088886e+01	2.0211983e+01	2.0182741e+01	2.0166337e+01	2.0119898e+01	2.0131144e+01	2.0173966e+01	2.0165169e+01	2.0169911e+01	2.0234377e+01	2.0206563e+01	2.0160865e+01	2.0136326e+01	2.0111263e+01	2.0143711e+01	2.0142248e+01	2.0151868e+01	2.0056467e+01	5.5148871e-06	2.0133417e+01
2.0130085e+01	2.0108602e+01	3.0497874e-04	2.0224712e+01	2.0106497e+01	2.0088886e+01	2.0211983e+01	2.0182741e+01	2.0166337e+01	2.0119898e+01	2.0131144e+01	2.0173966e+01	2.0165169e+01	2.0169911e+01	2.0234377e+01	2.0206563e+01	2.0160865e+01	2.0136326e+01	2.0111263e+01	2.0143711e+01	2.0142248e+01	2.0151868e+01	2.0056467e+01	5.5148871e-06	2.0133417e+01
2.0130085e+01	2.0108602e+01	2.4272738e-04	2.0224712e+01	2.0106497e+01	2.0088886e+01	2.0211983e+01	2.0182741e+01	2.0166337e+01	2.0119898e+01	2.0131144e+01	2.0173966e+01	2.0165169e+01	2.0148666e+01	2.0234377e+01	2.0206563e+01	2.0160865e+01	2.0136326e+01	2.0111263e+01	2.0143711e+01	2.0142248e+01	2.0151868e+01	2.0056467e+01	5.5148871e-06	2.0133417e+01
2.0130085e+01	2.0108602e+01	2.4272738e-04	2.0224712e+01	2.0106497e+01	2.0088886e+01	2.0211983e+01	2.0182741e+01	2.0166337e+01	2.0119898e+01	2.0131144e+01	2.0173966e+01	2.0165169e+01	2.0148666e+01	2.0234377e+01	2.0206563e+01	2.0160865e+01	2.0136326e+01	2.0111263e+01	2.0143711e+01	2.0142248e+01	2.0151868e+01	2.0056467e+01	5.5148871e-06	2.0133417e+01
2.0130085e+01	2.0108602e+01	1.8458285e-04	2.0224712e+01	2.0106497e+01	2.0083310e+01	2.0211983e+01	2.0182741e+01	2.0166337e+01	2.0119898e+01	2.0131144e+01	2.0173966e+01	2.0165169e+01	2.0148666e+01	2.0234377e+01	2.0206563e+01	2.0160865e+01	2.0136326e+01	2.0111263e+01	2.0143711e+01	2.0142248e+01	2.0151868e+01	2.0056467e+01	5.5148871e-06	2.0133417e+01
2.0130085e+01	2.0108602e+01	1.8458285e-04	2.0224712e+01	2.0106497e+01	2.0083310e+01	2.0211983e+01	2.0182741e+01	2.0166337e+01	2.0119898e+01	2.0131144e+01	2.0173966e+01	2.0165169e+01	2.0148666e+01	2.0234377e+01	2.0206563e+01	2.0160865e+01	2.0136326e+01	2.0111263e+01	2.0143711e+01	2.0142248e+01	2.0151868e+01	2.0056467e+01	5.5148871e-06	2.0133417e+01
2.0130085e+01	2.0108602e+01	1.8458285e-04	2.0224712e+01	2.0106497e+01	2.0083310e+01	2.0211983e+01	2.0182741e+01	2.0166337e+01	2.0119898e+01	2.0131144e+01	2.0173966e+01	2.0165169e+01	2.0148666e+01	2.0234377e+01	2.0206563e+01	2.0160865e+01	2.0136326e+01	2.0111263e+01	2.0143711e+01	2.0142248e+01	2.0151868e+01	2.0056467e+01	5.5148871e-06	2.0133417e+01
2.0130085e+01	2.0108602e+01	1.8458285e-04	2.0224712e+01	2.0106497e+01	2.0083310e+01	2.0211983e+01	2.0182741e+01	2.0166337e+01	2.0119898e+01	2.0131144e+01	2.0173966e+01	2.0165169e+01	2.0148666e+01	2.0234377e+01	2.0206563e+01	2.0160865e+01	2.0136326e+01	2.0084836e+01	2.0143711e+01	2.0142248e+01	2.0151868e+01	2.0056467e+01	5.5148871e-06	2.0133417e+01
2.0130085e+01	2.0108602e+01	1.8050005e-04	2.0224712e+01	2.0106497e+01	2.0083310e+01	2.0211983e+01	2.0182741e+01	2.0166337e+01	2.0119898e+01	2.0131144e+01	2.0173966e+01	2.0165169e+01	2.0148666e+01	2.0234377e+01	2.0206563e+01	2.0160865e+01	2.0136326e+01	2.0084836e+01	2.0143711e+01	2.0142248e+01	2.0151868e+01	2.0056467e+01	5.5148871e-06	2.0133417e+01
2.0130085e+01	2.0108602e+01	1.7804783e-04	2.0224712e+01	2.0106497e+01	2.0082819e+01	2.0211983e+01	2.0182741e+01	2.0166337e+01	2.0119898e+01	2.0131144e+01	2.0173966e+01	2.0165169e+01	2.0148666e+01	2.0234377e+01	2.0206563e+01	2.0160865e+01	2.0136326e+01	2.0084836e+01	2.0143711e+01	2.0142248e+01	2.0151868e+01	2.0056467e+01	5.5148871e-06	2.0133417e+01
2.0130085e+01	2.0108602e+01	1.6604482e-04	2.0224712e+01	2.0106497e+01	2.0070760e+01	2.0211983e+01	2.0182741e+01	2.0166337e+01	2.0119898e+01	2.0131144e+01	2.0173966e+01	2.0165169e+01	2.0148666e+01	2.0234377e+01	2.0206563e+01	2.0160865e+01	2.0136326e+01	2.0084836e+01	2.0143711e+01	2.0142248e+01	2.0151868e+01	2.0056467e+01	5.5148871e-06	2.0133417e+01
2.0130085e+01	2.0108602e+01	1.3156304e-04	2.0224712e+01	2.0106497e+01	2.0052457e+01	2.0211983e+01	2.0182741e+01	2.0166337e+01	2.0119898e+01	2.0131144e+01	2.0173966e+01	2.0165169e+01	2.0148666e+01	2.0234377e+01	2.0206563e+01	2.0160865e+01	2.0136326e+01	2.0084836e+01	2.0143711e+01	2.0142248e+01	2.0151868e+01	2.0045122e+01	5.5148871e-06	2.0133417e+01
2.0130085e+01	2.0108602e+01	1.3156304e-04	2.0224712e+01	2.0106497e+01	2.0052457e+01	2.0211983e+01	2.0182741e+01	2.0166337e+01	2.0119898e+01	2.0131144e+01	2.0173966e+01	2.0165169e+01	2.0148666e+01	2.0234377e+01	2.0206563e+01	2.0160865e+01	2.0136326e+01	2.0033347e+01	2.0143711e+01	2.0142248e+01	2.0151868e+01	2.0025565e+01	5.5148871e-06	2.0133417e+01
2.0130085e+01	2.0108602e+01	1.1306988e-04	2.0224712e+01	2.0106497e+01	2.0038480e+01	2.0211983e+01	2.0182741e+01	2.0166337e+01	2.0119898e+01	2.0131144e+01	2.0173966e+01	2.0165169e+01	2.0148666e+01	2.0234377e+01	2.0206563e+01	2.0160865e+01	2.0136326e+01	2.0033347e+01	2.0143711e+01	2.0142248e+01	2.0151868e+01	2.0024052e+01	5.5148871e-06	2.0133417e+01
2.0130085e+01	2.0108602e+01	1.1306988e-04	2.0224712e+01	2.0106497e+01	2.0032828e+01	2.0211983e+01	2.0182741e+01	2.0166337e+01	2.0119898e+01	2.0131144e+01	2.0173966e+01	2.0165169e+01	2.0148666e+01	2.0234377e+01	2.0206563e+01	2.0160865e+01	2.0136326e+01	2.0033347e+01	2.0143711e+01	2.0142248e+01	2.0151868e+01	2.0024052e+01	5.5148871e-06	2.0133417e+01
2.0130085e+01	2.0108602e+01	1.0518990e-04	2.0224712e+01	2.0106497e+01	2.0032828e+01	2.0211983e+01	2.0182741e+01	2.0166337e+01	2.0119898e+01	2.0131144e+01	2.0173966e+01	2.0165169e+01	2.0148666e+01	2.0234377e+01	2.0206563e+01	2.0160865e+01	2.0136326e+01	2.0033347e+01	2.0143711e+01	2.0142248e+01	2.0151868e+01	2.0024052e+01	5.5148871e-06	2.0133417e+01
2.0130085e+01	2.0108602e+01	8.1615615e-05	2.0224712e+01	2.0106497e+01	2.0032828e+01	2.0211983e+01	2.0182741e+01	2.0166337e+01	2.0119898e+01	2.0131144e+01	2.0173966e+01	2.0165169e+01	2.0148666e+01	2.0234377e+01	2.0206563e+01	2.0160865e+01	2.0136326e+01	2.0033347e+01	2.0143711e+01	2.0142248e+01	2.0151868e+01	2.0024052e+01	5.5148871e-06	2.0133417e+01
2.0130085e+01	2.0108602e+01	7.0295559e-05	2.0224712e+01	2.0106497e+01	2.0032828e+01	2.0211983e+01	2.0182741e+01	2.0166337e+01	2.0119898e+01	2.0131144e+01	2.0173966e+01	2.0165169e+01	2.0148666e+01	2.0234377e+01	2.0206563e+01	2.0160865e+01	2.0136326e+01	2.0033347e+01	2.0143711e+01	2.0142248e+01	2.0151868e+01	2.0023644e+01	5.5148871e-06	2.0133417e+01
2.0130085e+01	2.0108602e+01	6.4952979e-05	2.0224712e+01	2.0106497e+01	2.0029911e+01	2.0211983e+01	2.0182741e+01	2.0166337e+01	2.0119898e+01	2.0131144e+01	2.0173966e+01	2.0165169e+01	2.0148666e+01	2.0234377e+01	2.0206563e+01	2.0160865e+01	2.0136326e+01	2.0030570e+01	2.0114889e+01	2.0142248e+01	2.0151868e+01	2.0019977e+01	5.5148871e-06	2.0133417e+01
2.0130085e+01	2.0108602e+01	5.9319138e-05	2.0224712e+01	2.0106497e+01	2.0029911e+01	2.0211983e+01	2.0182741e+01	2.0166337e+01	2.0119898e+01	2.0131144e+01	2.0173966e+01	2.0165169e+01	2.0148666e+01	2.0234377e+01	2.0206563e+01	2.0160865e+01	2.0136326e+01	2.0030570e+01	2.0081819e+01	2.0142248e+01	2.0151868e+01	2.0019835e+01	5.5148871e-06	2.0133417e+01
2.0130085e+01	2.0108602e+01	5.4712444e-05	2.0224712e+01	2.0106497e+01	2.0029911e+01	2.0211983e+01	2.0182741e+01	2.0166337e+01	2.0119898e+01	2.0131144e+01	2.0173966e+01	2.0165169e+01	2.0148666e+01	2.0234377e+01	2.0206563e+01	2.0160865e+01	2.0136326e+01	2.0030570e+01	2.0081819e+01	2.0142248e+01	2.0151868e+01	2.0016279e+01	5.5148871e-06	2.0133417e+01
2.0130085e+01	2.0108602e+01	3.6685570e-05	2.0191196e+01	2.0106497e+01	2.0029911e+01	2.0211983e+01	2.0182741e+01	2.0166337e+01	2.0119898e+01	2.0131144e+01	2.0173966e+01	2.0165169e+01	2.0148666e+01	2.0234377e+01	2.0206563e+01	2.0160865e+01	2.0136326e+01	2.0030570e+01	2.0077607e+01	2.0142248e+01	2.0151868e+01	2.0016279e+01	5.5148871e-06	2.0133417e+01
2.0130085e+01	2.0108602e+01	3.0478630e-05	2.0191196e+01	2.0106497e+01	2.0028555e+01	2.0211983e+01	2.0182741e+01	2.0166337e+01	2.0119898e+01	2.0131144e+01	2.0173966e+01	2.0165169e+01	2.0148666e+01	2.0234377e+01	2.0206563e+01	2.0160865e+01	2.0136326e+01	2.0030570e+01	2.0071298e+01	2.0142248e+01	2.0151868e+01	2.0016279e+01	5.5148871e-06	2.0133417e+01
2.0130085e+01	2.0108602e+01	3.0478630e-05	2.0191196e+01	2.0106497e+01	2.0026355e+01	2.0211983e+01	2.0182741e+01	2.0166337e+01	2.0119898e+01	2.0131144e+01	2.0173966e+01	2.0165169e+01	2.0148666e+01	2.0234377e+01	2.0206563e+01	2.0160865e+01	2.0136326e+01	2.0030570e+01	2.0060008e+01	2.0142248e+01	2.0151868e+01	2.0015206e+01	5.5148871e-06	2.0133417e+01
2.0130085e+01	2.0108602e+01	3.0478630e-05	2.0191196e+01	2.0106497e+01	2.0026254e+01	2.0211983e+01	2.0182741e+01	2.0166337e+01	2.0119898e+01	2.0131144e+01	2.0068818e+01	2.0165169e+01	2.0148666e+01	2.0234377e+01	2.0206563e+01	2.0160865e+01	2.0136326e+01	2.0030570e+01	2.0056104e+01	2.0142248e+01	2.0151868e+01	2.0013799e+01	5.5148871e-06	2.0133417e+01
2.0130085e+01	2.0108602e+01	3.0478630e-05	2.0191196e+01	2.0106497e+01	2.0024700e+01	2.0211983e+01	2.0182741e+01	2.0166337e+01	2.0119898e+01	2.0131144e+01	2.0068818e+01	2.0165169e+01	2.0148666e+01	2.0234377e+01	2.0206563e+01	2.0160865e+01	2.0136326e+01	2.0027903e+01	2.0043920e+01	2.0142248e+01	2.0151868e+01	2.0013799e+01	5.5148871e-06	2.0133417e+01
2.0130085e+01	2.0108602e+01	2.6068023e-05	2.0191196e+01	2.0106497e+01	2.0024630e+01	2.0211983e+01	2.0182741e+01	2.0166337e+01	2.0119898e+01	2.0131144e+01	2.0068818e+01	2.0165169e+01	2.0148666e+01	2.0234377e+01	2.0206563e+01	2.0160865e+01	2.0136326e+01	2.0027639e+01	2.0038348e+01	2.0142248e+01	2.0151868e+01	2.0012217e+01	5.5148871e-06	2.0133417e+01
2.0130085e+01	2.0108602e+01	2.2670106e-05	2.0191196e+01	2.0106497e+01	2.0024139e+01	2.0211983e+01	2.0182741e+01	2.0166337e+01	2.0119898e+01	2.0131144e+01	2.0068818e+01	2.0165169e+01	2.0148666e+01	2.0234377e+01	2.0206563e+01	2.0160865e+01	2.0136326e+01	2.0025534e+01	2.0033147e+01	2.0142248e+01	2.0151868e+01	2.0012150e+01	5.5148871e-06	2.0133417e+01
2.0094899e+01	2.0108602e+01	1.8914840e-05	2.0191196e+01	2.0106497e+01	2.0024139e+01	2.0211983e+01	2.0182741e+01	2.0166337e+01	2.0119898e+01	2.0131144e+01	2.0068818e+01	2.0165169e+01	2.0148666e+01	2.0234377e+01	2.0206563e+01	2.0160865e+01	2.0136326e+01	2.0025534e+01	2.0033147e+01	2.0142248e+01	2.0151868e+01	2.0012150e+01	5.5148871e-06	2.0133417e+01
2.0094899e+01	2.0108602e+01	1.8914840e-05	2.0191196e+01	2.0106497e+01	2.0023902e+01	2.0211983e+01	2.0182741e+01	2.0166337e+01	2.0119898e+01	2.0131144e+01	2.0068818e+01	2.0165169e+01	2.0148666e+01	2.0234377e+01	2.0206563e+01	2.0160865e+01	2.0136326e+01	2.0025534e+01	2.0033147e+01	2.0142248e+01	2.0151868e+01	2.0011050e+01	5.5148871e-06	2.0133417e+01
2.0094899e+01	2.0108602e+01	1.8914840e-05	2.0191196e+01	2.0106497e+01	2.0022761e+01	2.0211983e+01	2.0182741e+01	2.0166337e+01	2.0119898e+01	2.0131144e+01	2.0068818e+01	2.0165169e+01	2.0148666e+01	2.0234377e+01	2.0206563e+01	2.0160865e+01	2.0136326e+01	2.0022287e+01	2.0025242e+01	2.0142248e+01	2.0151868e+01	2.0010898e+01	5.5148871e-06	2.0133417e+01
2.0094899e+01	2.0108602e+01	1.8914840e-05	2.0191196e+01	2.0106497e+01	2.0022761e+01	2.0211983e+01	2.0182741e+01	2.0166337e+01	2.0119898e+01	2.0131144e+01	2.0068818e+01	2.0165169e+01	2.0148666e+01	2.0234377e+01	2.0206563e+01	2.0160865e+01	2.0136326e+01	2.0022287e+01	2.0025242e+01	2.0142248e+01	2.0151868e+01	2.0010634e+01	5.5148871e-06	2.0133417e+01
2.0094899e+01	2.0108602e+01	1.7914856e-05	2.0191196e+01	2.0106497e+01	2.0022522e+01	2.0211983e+01	2.0182741e+01	2.0166337e+01	2.0119898e+01	2.0131144e+01	2.0068818e+01	2.0165169e+01	2.0148666e+01	2.0234377e+01	2.0206563e+01	2.0160865e+01	2.0136326e+01	2.0021638e+01	2.0021012e+01	2.0142248e+01	2.0151868e+01	2.0009710e+01	5.5148871e-06	2.0133417e+01
2.0094899e+01	2.0108602e+01	1.3342299e-05	2.0191196e+01	2.0106497e+01	2.0022522e+01	2.0211983e+01	2.0182741e+01	2.0166337e+01	2.0119898e+01	2.0131144e+01	2.0068818e+01	2.0165169e+01	2.0148666e+01	2.0234377e+01	2.0206563e+01	2.0160865e+01	2.0136326e+01	2.0021638e+01	2.0021012e+01	2.0142248e+01	2.0151868e+01	2.0009710e+01	5.5148871e-06	2.0133417e+01
2.0094899e+01	2.0108602e+01	1.3042202e-05	2.0191196e+01	2.0106497e+01	2.0022199e+01	2.0211983e+01	2.0182741e+01	2.0166337e+01	2.0119898e+01	2.0131144e+01	2.0068818e+01	2.0165169e+01	2.0148666e+01	2.0234377e+01	2.0206563e+01	2.0160865e+01	2.0136326e+01	2.0021193e+01	2.0019284e+01	2.0142248e+01	2.0151868e+01	2.0009277e+01	5.5148871e-06	2.0133417e+01
2.0094899e+01	2.0108602e+01	1.0610875e-05	2.0191196e+01	2.0106497e+01	2.0022199e+01	2.0211983e+01	2.0182741e+01	2.0166337e+01	2.0119898e+01	2.0131144e+01	2.0068818e+01	2.0165169e+01	2.0148666e+01	2.0234377e+01	2.0206563e+01	2.0160865e+01	2.0136326e+01	2.0021193e+01	2.0018425e+01	2.0142248e+01	2.0151868e+01	2.0008705e+01	5.5148871e-06	2.0133417e+01
2.0094899e+01	2.0108602e+01	1.0610875e-05	2.0191196e+01	2.0106497e+01	2.0021845e+01	2.0211983e+01	2.0182741e+01	2.0166337e+01	2.0119898e+01	2.0131144e+01	2.0068818e+01	2.0165169e+01	2.0148666e+01	2.0234377e+01	2.0206563e+01	2.0160865e+01	2.0136326e+01	2.0020851e+01	2.0018425e+01	2.0142248e+01	2.0151868e+01	2.0008705e+01	5.5148871e-06	2.0133417e+01
2.0094899e+01	2.0108602e+01	7.9984645e-06	2.0191196e+01	2.0106497e+01	2.0021408e+01	2.0211983e+01	2.0182741e+01	2.0166337e+01	2.0119898e+01	2.0131144e+01	2.0068818e+01	2.0165169e+01	2.0148666e+01	2.0234377e+01	2.0206563e+01	2.0160865e+01	2.0136326e+01	2.0018752e+01	2.0016223e+01	2.0142248e+01	2.0151868e+01	2.0007920e+01	5.5148871e-06	2.0133417e+01
2.0094899e+01	2.0108602e+01	7.1029128e-06	2.0191196e+01	2.0106497e+01	2.0021408e+01	2.0211983e+01	2.0182741e+01	2.0166337e+01	2.0119898e+01	2.0131144e+01	2.0068818e+01	2.0165169e+01	2.0148666e+01	2.0234377e+01	2.0206563e+01	2.0160865e+01	2.0136326e+01	2.0017638e+01	2.0016223e+01	2.0142248e+01	2.0151868e+01	2.0007300e+01	5.5148871e-06	2.0133417e+01
2.0094899e+01	2.0108602e+01	6.3885873e-06	2.0191196e+01	2.0106497e+01	2.0020741e+01	2.0211983e+01	2.0182741e+01	2.0166337e+01	2.0119898e+01	2.0131144e+01	2.0068818e+01	2.0165169e+01	2.0148666e+01	2.0234377e+01	2.0206563e+01	2.0160865e+01	2.0136326e+01	2.0017638e+01	2.0015952e+01	2.0142248e+01	2.0151868e+01	2.0007300e+01	5.5148871e-06	2.0133417e+01
2.0094899e+01	2.0108602e+01	5.1524876e-06	2.0191196e+01	2.0106497e+01	2.0019714e+01	2.0211983e+01	2.0182741e+01	2.0166337e+01	2.0119898e+01	2.0131144e+01	2.0068818e+01	2.0165169e+01	2.0148666e+01	2.0234377e+01	2.0206563e+01	2.0160865e+01	2.0136326e+01	2.0016650e+01	2.0015379e+01	2.0142248e+01	2.0151868e+01	2.0006344e+01	5.5148871e-06	2.0133417e+01
2.0094899e+01	2.0108602e+01	4.0545190e-06	2.0191196e+01	2.0106497e+01	2.0019523e+01	2.0211983e+01	2.0137009e+01	2.0166337e+01	2.0119898e+01	2.0131144e+01	2.0068818e+01	2.0165169e+01	2.0148666e+01	2.0234377e+01	2.0206563e+01	2.0160865e+01	2.0136326e+01	2.0016172e+01	2.0015019e+01	2.0142248e+01	2.0151868e+01	2.0006344e+01	5.5148871e-06	2.0133417e+01
2.0094899e+01	2.0108602e+01	3.6448985e-06	2.0191196e+01	2.0106497e+01	2.0018080e+01	2.0211983e+01	2.0137009e+01	2.0166337e+01	2.0119898e+01	2.0131144e+01	2.0068818e+01	2.0165169e+01	2.0148666e+01	2.0234377e+01	2.0206563e+01	2.0160865e+01	2.0127690e+01	2.0015892e+01	2.0014259e+01	2.0142248e+01	2.0151868e+01	2.0005672e+01	5.5148871e-06	2.0133417e+01
2.0094899e+01	2.0108602e+01	3.6448985e-06	2.0191196e+01	2.0106497e+01	2.0017613e+01	2.0211983e+01	2.0137009e+01	2.0166337e+01	2.0119898e+01	2.0131144e+01	2.0068818e+01	2.0165169e+01	2.0148666e+01	2.0234377e+01	2.0206563e+01	2.0160865e+01	2.0127690e+01	2.0014969e+01	2.0014102e+01	2.0142248e+01	2.0151868e+01	2.0005104e+01	5.5148871e-06	2.0133417e+01
2.0094899e+01	2.0108602e+01	3.6448985e-06	2.0121876e+01	2.0106497e+01	2.0017050e+01	2.0211983e+01	2.0137009e+01	2.0166337e+01	2.0119898e+01	2.0131144e+01	2.0068818e+01	2.0165169e+01	2.0148666e+01	2.0234377e+01	2.0206563e+01	2.0160865e+01	2.0127690e+01	2.0013546e+01	2.0013502e+01	2.0142248e+01	2.0151868e+01	2.0004942e+01	5.5148871e-06	2.0133417e+01
2.0094899e+01	2.0108602e+01	3.6448985e-06	2.0121876e+01	2.0106497e+01	2.0015968e+01	2.0211983e+01	2.0137009e+01	2.0166337e+01	2.0119898e+01	2.0131144e+01	2.0068818e+01	2.0165169e+01	2.0148666e+01	2.0234377e+01	2.0206563e+01	2.0160865e+01	2.0104366e+01	2.0012724e+01	2.0013502e+01	2.0142248e+01	2.0151868e+01	2.0004382e+01	5.5148871e-06	2.0133417e+01
2.0094899e+01	2.0108602e+01	3.6448985e-06	2.0121876e+01	2.0106497e+01	2.0013137e+01	2.0211983e+01	2.0137009e+01	2.0166337e+01	2.0119898e+01	2.0131144e+01	2.0068818e+01	2.0165169e+01	2.0148666e+01	2.0234377e+01	2.0206563e+01	2.0160865e+01	2.0104366e+01	2.0012724e+01	2.0013033e+01	2.0142248e+01	2.0151868e+01	2.0003789e+01	5.5148871e-06	2.0133417e+01
2.0094899e+01	2.0108602e+01	3.6448985e-06	2.0121876e+01	2.0106497e+01	2.0013137e+01	2.0211983e+01	2.0137009e+01	2.0166337e+01	2.0119898e+01	2.0131144e+01	2.0068818e+01	2.0165169e+01	2.0148666e+01	2.0234377e+01	2.0206563e+01	2.0160865e+01	2.0104366e+01	2.0010418e+01	2.0012498e+01	2.0142248e+01	2.0151868e+01	2.0003789e+01	5.5148871e-06	2.0133417e+01
2.0094899e+01	2.0108602e+01	3.6448985e-06	2.0121876e+01	2.0106497e+01	2.0013102e+01	2.0211983e+01	2.0137009e+01	2.0166337e+01	2.0119898e+01	2.0131144e+01	2.0068818e+01	2.0165169e+01	2.0148666e+01	2.0234377e+01	2.0206563e+01	2.0160865e+01	2.0104366e+01	2.0010418e+01	2.0012498e+01	2.0142248e+01	2.0151868e+01	2.0003065e+01	5.5148871e-06	2.0133417e+01
2.0094899e+01	2.0108602e+01	3.6448985e-06	2.0121876e+01	2.0106497e+01	2.0012499e+01	2.0211983e+01	2.0137009e+01	2.0166337e+01	2.0119898e+01	2.0131144e+01	2.0068818e+01	2.0165169e+01	2.0148666e+01	2.0234377e+01	2.0206563e+01	2.0160865e+01	2.0104366e+01	2.0007388e+01	2.0012267e+01	2.0142248e+01	2.0151868e+01	2.0003065e+01	5.5148871e-06	2.0133417e+01
2.0094899e+01	2.0108602e+01	3.6448985e-06	2.0121876e+01	2.0106497e+01	2.0012499e+01	2.0211983e+01	2.0137009e+01	2.0166337e+01	2.0119898e+01	2.0131144e+01	2.0068818e+01	2.0165169e+01	2.0148666e+01	2.0234377e+01	2.0206563e+01	2.0160865e+01	2.0104366e+01	2.0007388e+01	2.0012267e+01	2.0142248e+01	2.0151868e+01	2.0002546e+01	5.5148871e-06	2.0133417e+01
2.0094899e+01	2.0108602e+01	3.6448985e-06	2.0121876e+01	2.0106497e+01	2.0010353e+01	2.0211983e+01	2.0137009e+01	2.0166337e+01	2.0119898e+01	2.0131144e+01	2.0068818e+01	2.0165169e+01	2.0148666e+01	2.0234377e+01	2.0206563e+01	2.0160865e+01	2.0104366e+01	2.0007388e+01	2.0010639e+01	2.0142248e+01	2.0151868e+01	2.0002546e+01	5.5148871e-06	2.0133417e+01
2.0094899e+01	2.0108602e+01	3.6448985e-06	2.0121876e+01	2.0106497e+01	2.0010353e+01	2.0211983e+01	2.0137009e+01	2.0166337e+01	2.0119898e+01	2.0131144e+01	2.0068818e+01	2.0165169e+01	2.0148666e+01	2.0234377e+01	2.0206563e+01	2.0160865e+01	2.0104366e+01	2.0007388e+01	2.0010639e+01	2.0142248e+01	2.0151868e+01	2.0002100e+01	5.5148871e-06	2.0133417e+01
2.0094899e+01	2.0108602e+01	3.6448985e-06	2.0121876e+01	2.0106497e+01	2.0008701e+01	2.0211983e+01	2.0137009e+01	2.0166337e+01	2.0119898e+01	2.0131144e+01	2.0068818e+01	2.0165169e+01	2.0148666e+01	2.0234377e+01	2.0206563e+01	2.0160865e+01	2.0104366e+01	2.0006520e+01	2.0010157e+01	2.0142248e+01	2.0151868e+01	2.0002100e+01	5.5148871e-06	2.0133417e+01
2.0094899e+01	2.0108602e+01	3.6448985e-06	2.0121876e+01	2.0106497e+01	2.0008328e+01	2.0211983e+01	2.0137009e+01	2.0166337e+01	2.0119898e+01	2.0131144e+01	2.0068818e+01	2.0165169e+01	2.0148666e+01	2.0234377e+01	2.0206563e+01	2.0160865e+01	2.0084530e+01	2.0005983e+01	2.0009678e+01	2.0142248e+01	2.0151868e+01	2.0002050e+01	5.5148871e-06	2.0133417e+01
2.0094899e+01	2.0108602e+01	3.6448985e-06	2.0121876e+01	2.0106497e+01	2.0007557e+01	2.0211983e+01	2.0137009e+01	2.0166337e+01	2.0119898e+01	2.0131144e+01	2.0068818e+01	2.0165169e+01	2.0148666e+01	2.0234377e+01	2.0206563e+01	2.0160865e+01	2.0064178e+01	2.0005358e+01	2.0009260e+01	2.0142248e+01	2.0151868e+01	2.0002016e+01	5.5148871e-06	2.0133417e+01
2.0094899e+01	2.0108602e+01	3.6448985e-06	2.0121876e+01	2.0106497e+01	2.0006464e+01	2.0211983e+01	2.0137009e+01	2.0166337e+01	2.0119898e+01	2.0131144e+01	2.0068818e+01	2.0165169e+01	2.0148666e+01	2.0234377e+01	2.0206563e+01	2.0160865e+01	2.0057649e+01	2.0005358e+01	2.0009061e+01	2.0142248e+01	2.0151868e+01	2.0001422e+01	5.5148871e-06	2.0133417e+01
2.0094899e+01	2.0072145e+01	3.6448985e-06	2.0121876e+01	2.0106497e+01	2.0006464e+01	2.0211983e+01	2.0137009e+01	2.0166337e+01	2.0119898e+01	2.0131144e+01	2.0068818e+01	2.0165169e+01	2.0148666e+01	2.0234377e+01	2.0206563e+01	2.0160865e+01	2.0057649e+01	2.0003587e+01	2.0008764e+01	2.0142248e+01	2.0151868e+01	2.0001182e+01	5.5148871e-06	2.0133417e+01
2.0094899e+01	2.0064208e+01	3.6448985e-06	2.0121876e+01	2.0106497e+01	2.0005201e+01	2.0211983e+01	2.0137009e+01	2.0166337e+01	2.0119898e+01	2.0131144e+01	2.0068818e+01	2.0165169e+01	2.0148666e+01	2.0234377e+01	2.0206563e+01	2.0160865e+01	2.0053622e+01	2.0003587e+01	2.0008764e+01	2.0142248e+01	2.0151868e+01	2.0000782e+01	5.5148871e-06	2.0133417e+01
2.0094899e+01	2.0064208e+01	3.6448985e-06	2.0121876e+01	2.0106497e+01	2.0005113e+01	2.0211983e+01	2.0137009e+01	2.0166337e+01	2.0119898e+01	2.0131144e+01	2.0068818e+01	2.0165169e+01	2.0148666e+01	2.0234377e+01	2.0206563e+01	2.0160865e+01	2.0053622e+01	2.0002942e+01	2.0007940e+01	2.0142248e+01	2.0151868e+01	2.0000782e+01	5.5148871e-06	2.0133417e+01
2.0094899e+01	2.0064208e+01	3.6448985e-06	2.0121876e+01	2.0106497e+01	2.0005113e+01	2.0211983e+01	2.0137009e+01	2.0166337e+01	2.0119898e+01	2.0131144e+01	2.0068818e+01	2.0165169e+01	2.0148666e+01	2.0234377e+01	2.0206563e+01	2.0160865e+01	2.0053622e+01	2.0002700e+01	2.0007940e+01	2.0142248e+01	2.0151868e+01	2.0000782e+01	5.5148871e-06	2.0133417e+01
2.0094899e+01	2.0064208e+01	3.6448985e-06	2.0121876e+01	2.0106497e+01	2.0005113e+01	2.0211983e+01	2.0137009e+01	2.0166337e+01	2.0119898e+01	2.0131144e+01	2.0068818e+01	2.0165169e+01	2.0148666e+01	2.0234377e+01	2.0206563e+01	2.0160865e+01	2.0043777e+01	2.0002478e+01	2.0007719e+01	2.0097557e+01	2.0151868e+01	2.0000646e+01	5.5148871e-06	2.0133417e+01
2.0094899e+01	2.0064208e+01	3.6448985e-06	2.0121876e+01	2.0106497e+01	2.0005113e+01	2.0211983e+01	2.0137009e+01	2.0166337e+01	2.0119898e+01	2.0131144e+01	2.0068818e+01	2.0165169e+01	2.0148666e+01	2.0234377e+01	2.0182753e+01	2.0160865e+01	2.0038040e+01	2.0001835e+01	2.0007615e+01	2.0097557e+01	2.0151868e+01	2.0000646e+01	5.5148871e-06	2.0133417e+01
2.0094899e+01	2.0064208e+01	3.6448985e-06	2.0103912e+01	2.0106497e+01	2.0003567e+01	2.0211983e+01	2.0137009e+01	2.0166337e+01	2.0119898e+01	2.0131144e+01	2.0068818e+01	2.0165169e+01	2.0148666e+01	2.0234377e+01	2.0182753e+01	2.0160865e+01	2.0034946e+01	2.0001075e+01	2.0007615e+01	2.0097557e+01	2.0151868e+01	2.0000527e+01	5.5148871e-06	2.0133417e+01
2.0094899e+01	2.0064208e+01	3.6448985e-06	2.0085403e+01	2.0106497e+01	2.0003263e+01	2.0211983e+01	2.0137009e+01	2.0166337e+01	2.0119898e+01	2.0131144e+01	2.0068818e+01	2.0165169e+01	2.0148666e+01	2.0234377e+01	2.0182753e+01	2.0160865e+01	2.0034279e+01	2.0001075e+01	2.0006961e+01	2.0097557e+01	2.0151868e+01	2.0000346e+01	5.5148871e-06	2.0133417e+01
2.0094899e+01	2.0064208e+01	3.6448985e-06	2.0052733e+01	2.0106497e+01	2.0002977e+01	2.0211983e+01	2.0137009e+01	2.0166337e+01	2.0119898e+01	2.0131144e+01	2.0068818e+01	2.0165169e+01	2.0148666e+01	2.0234377e+01	2.0182753e+01	2.0160865e+01	2.0033939e+01	2.0000932e+01	2.0006221e+01	2.0097557e+01	2.0151868e+01	2.0000302e+01	5.5148871e-06	2.0133417e+01
2.0094899e+01	2.0064208e+01	3.6448985e-06	2.0052275e+01	2.0106497e+01	2.0002670e+01	2.0211983e+01	2.0137009e+01	2.0166337e+01	2.0119898e+01	2.0131144e+01	2.0068818e+01	2.0165169e+01	2.0148666e+01	2.0234377e+01	2.0182753e+01	2.0160865e+01	2.0030838e+01	2.0000867e+01	2.0005706e+01	2.0097557e+01	2.0151868e+01	2.0000224e+01	5.5148871e-06	2.0133417e+01
2.0094899e+01	2.0064208e+01	3.6448985e-06	2.0032118e+01	2.0106497e+01	2.0001976e+01	2.0211983e+01	2.0137009e+01	2.0166337e+01	2.0119898e+01	2.0131144e+01	2.0068818e+01	2.0165169e+01	2.0148666e+01	2.0234377e+01	2.0182753e+01	2.0160865e+01	2.0029778e+01	2.0000741e+01	2.0005706e+01	2.0073262e+01	2.0151868e+01	2.0000224e+01	5.5148871e-06	2.0133417e+01
2.0094899e+01	2.0064208e+01	3.6448985e-06	2.0032118e+01	2.0106497e+01	2.0001976e+01	2.0211983e+01	2.0137009e+01	2.0166337e+01	2.0119898e+01	2.0131144e+01	2.0068818e+01	2.0165169e+01	2.0148666e+01	2.0234377e+01	2.0182753e+01	2.0160865e+01	2.0027049e+01	2.0000583e+01	2.0004903e+01	2.0073262e+01	2.0151868e+01	2.0000224e+01	5.5148871e-06	2.0133417e+01
2.0094899e+01	2.0039607e+01	3.6448985e-06	2.0031733e+01	2.0106497e+01	2.0001852e+01	2.0211983e+01	2.0137009e+01	2.0166337e+01	2.0119898e+01	2.0131144e+01	2.0068818e+01	2.0165169e+01	2.0148666e+01	2.0234377e+01	2.0182753e+01	2.0160865e+01	2.0027049e+01	2.0000400e+01	2.0004903e+01	2.0060666e+01	2.0151868e+01	2.0000190e+01	5.5148871e-06	2.0133417e+01
2.0094899e+01	2.0039607e+01	3.6448985e-06	2.0028555e+01	2.0106497e+01	2.0001750e+01	2.0211983e+01	2.0137009e+01	2.0166337e+01	2.0119898e+01	2.0131144e+01	2.0068818e+01	2.0165169e+01	2.0148666e+01	2.0234377e+01	2.0182753e+01	2.0160865e+01	2.0025673e+01	2.0000400e+01	2.0004903e+01	2.0060666e+01	2.0151868e+01	2.0000087e+01	5.5148871e-06	2.0133417e+01
2.0094899e+01	2.0037189e+01	3.6448985e-06	2.0028555e+01	2.0106497e+01	2.0001228e+01	2.0211983e+01	2.0137009e+01	2.0166337e+01	2.0119898e+01	2.0131144e+01	2.0068818e+01	2.0165169e+01	2.0148666e+01	2.0234377e+01	2.0182753e+01	2.0160865e+01	2.0025673e+01	2.0000400e+01	2.0004903e+01	2.0050052e+01	2.0151868e+01	2.0000087e+01	5.5148871e-06	2.0133417e+01
2.0094899e+01	2.0035814e+01	3.6448985e-06	2.0027622e+01	2.0106497e+01	2.0001162e+01	2.0211983e+01	2.0137009e+01	2.0166337e+01	2.0119898e+01	2.0131144e+01	2.0068818e+01	2.0165169e+01	2.0148666e+01	2.0234377e+01	2.0182753e+01	2.0160865e+01	2.0025673e+01	2.0000331e+01	2.0004900e+01	2.0049476e+01	2.0151868e+01	2.0000053e+01	5.5148871e-06	2.0133417e+01
2.0094899e+01	2.0035814e+01	3.6448985e-06	2.0026204e+01	2.0106497e+01	2.0001060e+01	2.0211983e+01	2.0137009e+01	2.0166337e+01	2.0119898e+01	2.0131144e+01	2.0068818e+01	2.0165169e+01	2.0148666e+01	2.0234377e+01	2.0182753e+01	2.0160865e+01	2.0025673e+01	2.0000331e+01	2.0004580e+01	2.0044273e+01	2.0151868e+01	2.0000026e+01	5.5148871e-06	2.0133417e+01
2.0094899e+01	2.0032717e+01	3.6448985e-06	2.0026204e+01	2.0106497e+01	2.0000946e+01	2.0211983e+01	2.0137009e+01	2.0166337e+01	2.0119898e+01	2.0131144e+01	2.0068818e+01	2.0165169e+01	2.0148666e+01	2.0234377e+01	2.0182753e+01	2.0160865e+01	2.0025059e+01	2.0000293e+01	2.0003140e+01	2.0037402e+01	2.0151868e+01	2.0000022e+01	5.5148871e-06	2.0133417e+01
2.0094899e+01	2.0032717e+01	3.6448985e-06	2.0024366e+01	2.0106497e+01	2.0000856e+01	2.0211983e+01	2.0137009e+01	2.0166337e+01	2.0119898e+01	2.0131144e+01	2.0068818e+01	2.0165169e+01	2.0148666e+01	2.0234377e+01	2.0182753e+01	2.0160865e+01	2.0024207e+01	2.0000269e+01	2.0003140e+01	2.0037402e+01	2.0151868e+01	2.0000018e+01	5.5148871e-06	2.0133417e+01
2.0094899e+01	2.0031005e+01	3.6448985e-06	2.0024366e+01	2.0106497e+01	2.0000787e+01	2.0211983e+01	2.0137009e+01	2.0166337e+01	2.0119898e+01	2.0131144e+01	2.0068818e+01	2.0165169e+01	2.0148666e+01	2.0234377e+01	2.0182753e+01	2.0160865e+01	2.0023481e+01	2.0000138e+01	2.0002522e+01	2.0037402e+01	2.0151868e+01	2.0000009e+01	5.5148871e-06	2.0133417e+01
2.0094899e+01	2.0025933e+01	3.6448985e-06	2.0024366e+01	2.0106497e+01	2.0000566e+01	2.0211983e+01	2.0137009e+01	2.0166337e+01	2.0119898e+01	2.0131144e+01	2.0068818e+01	2.0165169e+01	2.0148666e+01	2.0234377e+01	2.0182753e+01	2.0119772e+01	2.0023019e+01	2.0000138e+01	2.0002321e+01	2.0037402e+01	2.0151868e+01	1.9999993e+01	5.5148871e-06	2.0133417e+01
2.0094899e+01	2.0025933e+01	3.6448985e-06	2.0024155e+01	2.0106497e+01	2.0000439e+01	2.0211983e+01	2.0137009e+01	2.0166337e+01	2.0119898e+01	2.0131144e+01	2.0068818e+01	2.0165169e+01	2.0148666e+01	2.0234377e+01	2.0182753e+01	2.0119772e+01	2.0022850e+01	2.0000138e+01	2.0001886e+01	2.0036590e+01	2.0151868e+01	1.9999975e+01	5.5148871e-06	2.0133417e+01
2.0094899e+01	2.0024482e+01	3.6448985e-06	2.0023267e+01	2.0106497e+01	2.0000439e+01	2.0211983e+01	2.0137009e+01	2.0166337e+01	2.0119898e+01	2.0131144e+01	2.0068818e+01	2.0165169e+01	2.0148666e+01	2.0234377e+01	2.0182753e+01	2.0119772e+01	2.0021933e+01	2.0000127e+01	2.0001406e+01	2.0034754e+01	2.0151868e+01	1.9999975e+01	5.5148871e-06	2.0133417e+01
2.0094899e+01	2.0024482e+01	3.6448985e-06	2.0023267e+01	2.0106497e+01	2.0000391e+01	2.0211983e+01	2.0137009e+01	2.0166337e+01	2.0119898e+01	2.0131144e+01	2.0068818e+01	2.0165169e+01	2.0148666e+01	2.0234377e+01	2.0182753e+01	2.0119772e+01	2.0021279e+01	2.0000091e+01	2.0001361e+01	2.0034693e+01	2.0151868e+01	1.9999972e+01	5.5148871e-06	2.0133417e+01
2.0094899e+01	2.0024482e+01	3.6448985e-06	2.0021557e+01	2.0106497e+01	2.0000301e+01	2.0211983e+01	2.0137009e+01	2.0166337e+01	2.0119898e+01	2.0131144e+01	2.0068818e+01	2.0165169e+01	2.0118032e+01	2.0234377e+01	2.0182753e+01	2.0119772e+01	2.0020712e+01	2.0000075e+01	2.0000969e+01	2.0033780e+01	2.0151868e+01	1.9999972e+01	5.5148871e-06	2.0133417e+01
2.0094899e+01	2.0024482e+01	3.6448985e-06	2.0021557e+01	2.0083370e+01	2.0000224e+01	2.0211983e+01	2.0137009e+01	2.0166337e+01	2.0119898e+01	2.0131144e+01	2.0068818e+01	2.0165169e+01	2.0118032e+01	2.0234377e+01	2.0182753e+01	2.0119772e+01	2.0020653e+01	2.0000055e+01	2.0000969e+01	2.0033780e+01	2.0151868e+01	1.9999968e+01	5.5148871e-06	2.0133417e+01
2.0094899e+01	2.0023323e+01	3.6448985e-06	2.0021219e+01	2.0083370e+01	2.0000224e+01	2.0211983e+01	2.0137009e+01	2.0166337e+01	2.0119898e+01	2.0131144e+01	2.0068818e+01	2.0165169e+01	2.0063236e+01	2.0234377e+01	2.0182753e+01	2.0119772e+01	2.0020204e+01	2.0000042e+01	2.0000883e+01	2.0033780e+01	2.0151868e+01	1.9999966e+01	5.5148871e-06	2.0133417e+01
2.0094899e+01	2.0022620e+01	3.6448985e-06	2.0021219e+01	2.0083370e+01	2.0000165e+01	2.0211983e+01	2.0137009e+01	2.0166337e+01	2.0119898e+01	2.0131144e+01	2.0068818e+01	2.0165169e+01	2.0063236e+01	2.0234377e+01	2.0182753e+01	2.0119772e+01	2.0019119e+01	2.0000038e+01	2.0000568e+01	2.0033515e+01	2.0151868e+01	1.9999966e+01	5.5148871e-06	2.0133417e+01
2.0094899e+01	2.0021217e+01	3.6448985e-06	2.0020458e+01	2.0072880e+01	2.0000147e+01	2.0211983e+01	2.0137009e+01	2.0166337e+01	2.0119898e+01	2.0131144e+01	2.0068818e+01	2.0165169e+01	2.0063236e+01	2.0234377e+01	2.0182753e+01	2.0119772e+01	2.0018734e+01	2.0000029e+01	2.0000568e+01	2.0033382e+01	2.0151868e+01	1.9999966e+01	5.5148871e-06	2.0133417e+01
2.0094899e+01	2.0021217e+01	3.6448985e-06	2.0020247e+01	2.0072880e+01	2.0000108e+01	2.0211983e+01	2.0137009e+01	2.0166337e+01	2.0119898e+01	2.0131144e+01	2.0068818e+01	2.0165169e+01	2.0063236e+01	2.0234377e+01	2.0182753e+01	2.0119772e+01	2.0018734e+01	2.0000029e+01	2.0000568e+01	2.0032946e+01	2.0151868e+01	1.9999964e+01	5.5148871e-06	2.0133417e+01
2.0094899e+01	2.0021217e+01	3.6448985e-06	2.0019996e+01	2.0072799e+01	2.0000066e+01	2.0211983e+01	2.0137009e+01	2.0166337e+01	2.0119898e+01	2.0131144e+01	2.0068818e+01	2.0165169e+01	2.0057971e+01	2.0234377e+01	2.0182753e+01	2.0119772e+01	2.0017446e+01	2.0000019e+01	2.0000568e+01	2.0032608e+01	2.0151868e+01	1.9999960e+01	5.5148871e-06	2.0133417e+01
2.0094899e+01	2.0020272e+01	3.6448985e-06	2.0019101e+01	2.0072799e+01	2.0000064e+01	2.0211983e+01	2.0137009e+01	2.0166337e+01	2.0119898e+01	2.0131144e+01	2.0068818e+01	2.0165169e+01	2.0057078e+01	2.0234377e+01	2.0182753e+01	2.0119772e+01	2.0016830e+01	2.0000018e+01	2.0000437e+01	2.0032608e+01	2.0151868e+01	1.9999959e+01	5.5148871e-06	2.0133417e+01
2.0094899e+01	2.0019116e+01	3.6448985e-06	2.0018107e+01	2.0072799e+01	2.0000061e+01	2.0211983e+01	2.0137009e+01	2.0166337e+01	2.0119898e+01	2.0131144e+01	2.0068818e+01	2.0165169e+01	2.0056156e+01	2.0234377e+01	2.0182753e+01	2.0119772e+01	2.0014940e+01	2.0000017e+01	2.0000322e+01	2.0031834e+01	2.0151868e+01	1.9999958e+01	5.5148871e-06	2.0133417e+01
2.0094899e+01	2.0019083e+01	3.6448985e-06	2.0017766e+01	2.0061708e+01	2.0000045e+01	2.0211983e+01	2.0137009e+01	2.0166337e+01	2.0119898e+01	2.0131144e+01	2.0068818e+01	2.0165169e+01	2.0056156e+01	2.0234377e+01	2.0182753e+01	2.0119772e+01	2.0014807e+01	2.0000017e+01	2.0000280e+01	2.0031834e+01	2.0151868e+01	1.9999957e+01	5.5148871e-06	2.0133417e+01
2.0094899e+01	2.0018038e+01	3.6448985e-06	2.0016200e+01	2.0061708e+01	2.0000043e+01	2.0211983e+01	2.0137009e+01	2.0166337e+01	2.0119898e+01	2.0131144e+01	2.0068818e+01	2.0165169e+01	2.0045730e+01	2.0234377e+01	2.0182753e+01	2.0119772e+01	2.0013627e+01	2.0000017e+01	2.0000181e+01	2.0031022e+01	2.0151868e+01	1.9999957e+01	5.5148871e-06	2.0133417e+01
2.0094899e+01	2.0017820e+01	3.6448985e-06	2.0016200e+01	2.0059314e+01	2.0000039e+01	2.0211983e+01	2.0137009e+01	2.0166337e+01	2.0119898e+01	2.0131144e+01	2.0068818e+01	2.0165169e+01	2.0038020e+01	2.0234377e+01	2.0182753e+01	2.0119772e+01	2.0013627e+01	2.0000012e+01	2.0000144e+01	2.0030164e+01	2.0151868e+01	1.9999957e+01	5.5148871e-06	2.0133417e+01
2.0094899e+01	2.0016900e+01	3.6448985e-06	2.0015665e+01	2.0059314e+01	2.0000021e+01	2.0211983e+01	2.0137009e+01	2.0166337e+01	2.0119898e+01	2.0131144e+01	2.0068818e+01	2.0165169e+01	2.0038020e+01	2.0234377e+01	2.0182753e+01	2.0119772e+01	2.0011875e+01	2.0000010e+01	2.0000121e+01	2.0028715e+01	2.0151868e+01	1.9999957e+01	5.5148871e-06	2.0133417e+01
2.0094899e+01	2.0016483e+01	3.6448985e-06	2.0015665e+01	2.0059314e+01	2.0000021e+01	2.0211983e+01	2.0137009e+01	2.0166337e+01	2.0119898e+01	2.0131144e+01	2.0068818e+01	2.0165169e+01	2.0038020e+01	2.0234377e+01	2.0182753e+01	2.0119772e+01	2.0011875e+01	2.0000010e+01	2.0000102e+01	2.0028309e+01	2.0151868e+01	1.9999957e+01	5.5148871e-06	2.0133417e+01
2.0094899e+01	2.0016204e+01	3.6448985e-06	2.0014663e+01	2.0058520e+01	2.0000021e+01	2.0211983e+01	2.0137009e+01	2.0166337e+01	2.0119898e+01	2.0131144e+01	2.0068818e+01	2.0165169e+01	2.0036818e+01	2.0234377e+01	2.0182753e+01	2.0119772e+01	2.0011234e+01	2.0000007e+01	2.0000073e+01	2.0026057e+01	2.0151868e+01	1.9999957e+01	5.5148871e-06	2.0133417e+01
2.0094899e+01	2.0014152e+01	3.6448985e-06	2.0014532e+01	2.0056475e+01	2.0000014e+01	2.0211983e+01	2.0137009e+01	2.0166337e+01	2.0119898e+01	2.0131144e+01	2.0068818e+01	2.0165169e+01	2.0035806e+01	2.0234377e+01	2.0182753e+01	2.0119772e+01	2.0010078e+01	2.0000005e+01	2.0000060e+01	2.0023939e+01	2.0151868e+01	1.9999957e+01	5.5148871e-06	2.0133417e+01
2.0094899e+01	2.0013977e+01	3.6448985e-06	2.0013741e+01	2.0056475e+01	2.0000010e+01	2.0211983e+01	2.0137009e+01	2.0166337e+01	2.0119898e+01	2.0131144e+01	2.0068818e+01	2.0165169e+01	2.0035806e+01	2.0234377e+01	2.0182753e+01	2.0119772e+01	2.0010078e+01	2.0000002e+01	2.0000040e+01	2.0023727e+01	2.0151868e+01	1.9999957e+01	5.5148871e-06	2.0133417e+01
2.0094899e+01	2.0013059e+01	3.6448985e-06	2.0011914e+01	2.0056475e+01	2.0000007e+01	2.0211983e+01	2.0137009e+01	2.0166337e+01	2.0119898e+01	2.0131144e+01	2.0068818e+01	2.0165169e+01	2.0034691e+01	2.0234377e+01	2.0182753e+01	2.0119772e+01	2.0008665e+01	2.0000002e+01	2.0000040e+01	2.0021979e+01	2.0151868e+01	1.9999957e+01	5.5148871e-06	2.0133417e+01
2.0094899e+01	2.0012861e+01	3.6448985e-06	2.0011663e+01	2.0056301e+01	2.0000007e+01	2.0211983e+01	2.0137009e+01	2.0166337e+01	2.0119898e+01	2.0131144e+01	2.0068818e+01	2.0165169e+01	2.0032646e+01	2.0234377e+01	2.0182753e+01	2.0119772e+01	2.0007724e+01	2.0000002e+01	2.0000038e+01	2.0021077e+01	2.0151868e+01	1.9999957e+01	5.5148871e-06	2.0133417e+01
2.0094899e+01	2.0012602e+01	3.6448985e-06	2.0010301e+01	2.0055753e+01	2.0000005e+01	2.0211983e+01	2.0137009e+01	2.0166337e+01	2.0119898e+01	2.0131144e+01	2.0068818e+01	2.0165169e+01	2.0032052e+01	2.0234377e+01	2.0182753e+01	2.0119772e+01	2.0007194e+01	2.0000001e+01	2.0000033e+01	2.0019956e+01	2.0151868e+01	1.9999957e+01	5.5148871e-06	2.0133417e+01
2.0094899e+01	2.0012162e+01	3.6448985e-06	2.0008968e+01	2.0055030e+01	2.0000003e+01	2.0211983e+01	2.0137009e+01	2.0166337e+01	2.0119898e+01	2.0131144e+01	2.0068818e+01	2.0165169e+01	2.0031412e+01	2.0234377e+01	2.0182753e+01	2.0119772e+01	2.0007048e+01	2.0000001e+01	2.0000030e+01	2.0019956e+01	2.0151868e+01	1.9999957e+01	5.5148871e-06	2.0133417e+01
2.0094899e+01	2.0011562e+01	3.6448985e-06	2.0008275e+01	2.0054243e+01	2.0000000e+01	2.0211983e+01	2.0137009e+01	2.0166337e+01	2.0119898e+01	2.0131144e+01	2.0068818e+01	2.0165169e+01	2.0029942e+01	2.0234377e+01	2.0182753e+01	2.0093559e+01	2.0004814e+01	2.0000001e+01	2.0000021e+01	2.0019434e+01	2.0151868e+01	1.9999957e+01	5.5148871e-06	2.0133417e+01
2.0094899e+01	2.0011180e+01	3.6448985e-06	2.0008217e+01	2.0054207e+01	2.0000000e+01	2.0211983e+01	2.0137009e+01	2.0166337e+01	2.0119898e+01	2.0131144e+01	2.0068818e+01	2.0165169e+01	2.0028171e+01	2.0234377e+01	2.0182753e+01	2.0093559e+01	2.0004814e+01	2.0000001e+01	2.0000008e+01	2.0019279e+01	2.0151868e+01	1.9999957e+01	5.5148871e-06	2.0133417e+01
2.0094899e+01	2.0010240e+01	3.6448985e-06	2.0007028e+01	2.0053277e+01	2.0000000e+01	2.0211983e+01	2.0137009e+01	2.0166337e+01	2.0119898e+01	2.0131144e+01	2.0068818e+01	2.0165169e+01	2.0026959e+01	2.0234377e+01	2.0182753e+01	2.0043538e+01	2.0004814e+01	2.0000001e+01	2.0000006e+01	2.0018539e+01	2.0151868e+01	1.9999957e+01	5.5148871e-06	2.0133417e+01
2.0094899e+01	2.0009579e+01	3.6448985e-06	2.0006832e+01	2.0052555e+01	2.0000000e+01	2.0211983e+01	2.0137009e+01	2.0166337e+01	2.0119898e+01	2.0131144e+01	2.0068818e+01	2.0165169e+01	2.0026856e+01	2.0234377e+01	2.0182753e+01	2.0043538e+01	2.0003533e+01	2.0000001e+01	2.0000006e+01	2.0018127e+01	2.0151868e+01	1.9999957e+01	5.5148871e-06	2.0133417e+01
2.0094899e+01	2.0009579e+01	3.6448985e-06	2.0005792e+01	2.0048425e+01	2.0000000e+01	2.0211983e+01	2.0137009e+01	2.0166337e+01	2.0119898e+01	2.0131144e+01	2.0068818e+01	2.0165169e+01	2.0022141e+01	2.0234377e+01	2.0182753e+01	2.0043538e+01	2.0002731e+01	2.0000001e+01	2.0000002e+01	2.0018087e+01	2.0151868e+01	1.9999957e+01	5.5148871e-06	2.0133417e+01
2.0094899e+01	2.0009366e+01	3.6448985e-06	2.0005792e+01	2.0042600e+01	2.0000000e+01	2.0211983e+01	2.0137009e+01	2.0166337e+01	2.0119898e+01	2.0131144e+01	2.0068818e+01	2.0165169e+01	2.0022103e+01	2.0234377e+01	2.0182753e+01	2.0043538e+01	2.0002731e+01	2.0000001e+01	2.0000001e+01	2.0017466e+01	2.0151868e+01	1.9999957e+01	5.5148871e-06	2.0133417e+01
2.0094899e+01	2.0009018e+01	3.6448985e-06	2.0005446e+01	2.0040405e+01	2.0000000e+01	2.0211983e+01	2.0137009e+01	2.0166337e+01	2.0119898e+01	2.0131144e+01	2.0068818e+01	2.0165169e+01	2.0021466e+01	2.0234377e+01	2.0182753e+01	2.0035799e+01	2.0002731e+01	2.0000001e+01	1.9999998e+01	2.0016324e+01	2.0151868e+01	1.9999957e+01	5.5148871e-06	2.0133417e+01
2.0094899e+01	2.0007838e+01	3.6448985e-06	2.0005124e+01	2.0040405e+01	1.9999998e+01	2.0211983e+01	2.0137009e+01	2.0166337e+01	2.0119898e+01	2.0131144e+01	2.0068818e+01	2.0165169e+01	2.0021466e+01	2.0234377e+01	2.0182753e+01	2.0034013e+01	2.0002040e+01	2.0000001e+01	1.9999998e+01	2.0016324e+01	2.0151868e+01	1.9999957e+01	5.5148871e-06	2.0133417e+01
2.0094899e+01	2.0007838e+01	3.6448985e-06	2.0004716e+01	2.0036968e+01	1.9999997e+01	2.0211983e+01	2.0137009e+01	2.0166337e+01	2.0119898e+01	2.0131144e+01	2.0068818e+01	2.0165169e+01	2.0018018e+01	2.0234377e+01	2.0182753e+01	2.0033505e+01	2.0001992e+01	2.0000001e+01	1.9999997e+01	2.0015313e+01	2.0151868e+01	1.9999957e+01	5.5148871e-06	2.0133417e+01
2.0094899e+01	2.0007838e+01	3.6448985e-06	2.0003838e+01	2.0034313e+01	1.9999997e+01	2.0211983e+01	2.0137009e+01	2.0166337e+01	2.0119898e+01	2.0131144e+01	2.0068818e+01	2.0165169e+01	2.0016948e+01	2.0234377e+01	2.0182753e+01	2.0033505e+01	2.0001868e+01	2.0000001e+01	1.9999994e+01	2.0014363e+01	2.0151868e+01	1.9999957e+01	5.5148871e-06	2.0133417e+01
2.0094899e+01	2.0007372e+01	3.6448985e-06	2.0003725e+01	2.0031554e+01	1.9999997e+01	2.0211983e+01	2.0137009e+01	2.0166337e+01	2.0119898e+01	2.0131144e+01	2.0068818e+01	2.0165169e+01	2.0015915e+01	2.0234377e+01	2.0182753e+01	2.0033505e+01	2.0001389e+01	2.0000001e+01	1.9999994e+01	2.0013275e+01	2.0151868e+01	1.9999957e+01	5.5148871e-06	2.0133417e+01
2.0094899e+01	2.0006821e+01	3.6448985e-06	2.0003400e+01	2.0031539e+01	1.9999997e+01	2.0211983e+01	2.0137009e+01	2.0166337e+01	2.0119898e+01	2.0131144e+01	2.0068818e+01	2.0165169e+01	2.0015257e+01	2.0234377e+01	2.0182753e+01	2.0029876e+01	2.0001389e+01	2.0000001e+01	1.9999993e+01	2.0012027e+01	2.0151868e+01	1.9999957e+01	5.5148871e-06	2.0133417e+01
2.0094899e+01	2.0006368e+01	3.6448985e-06	2.0003253e+01	2.0030784e+01	1.9999997e+01	2.0211983e+01	2.0137009e+01	2.0166337e+01	2.0119898e+01	2.0131144e+01	2.0068818e+01	2.0165169e+01	2.0015257e+01	2.0234377e+01	2.0182753e+01	2.0026021e+01	2.0001218e+01	2.0000001e+01	1.9999993e+01	2.0012027e+01	2.0151868e+01	1.9999957e+01	5.5148871e-06	2.0133417e+01
2.0094899e+01	2.0006007e+01	3.6448985e-06	2.0003040e+01	2.0030115e+01	1.9999997e+01	2.0211983e+01	2.0137009e+01	2.0166337e+01	2.0119898e+01	2.0131144e+01	2.0068818e+01	2.0165169e+01	2.0014681e+01	2.0234377e+01	2.0182753e+01	2.0026021e+01	2.0000980e+01	2.0000001e+01	1.9999992e+01	2.0012027e+01	2.0151868e+01	1.9999957e+01	5.5148871e-06	2.0133417e+01
2.0094899e+01	2.0005585e+01	3.6448985e-06	2.0002942e+01	2.0030115e+01	1.9999997e+01	2.0211983e+01	2.0137009e+01	2.0166337e+01	2.0119898e+01	2.0131144e+01	2.0068818e+01	2.0165169e+01	2.0014681e+01	2.0234377e+01	2.0182753e+01	2.0026021e+01	2.0000877e+01	2.0000001e+01	1.9999992e+01	2.0011045e+01	2.0151868e+01	1.9999957e+01	5.5148871e-06	2.0133417e+01
2.0094899e+01	2.0005585e+01	3.6448985e-06	2.0002184e+01	2.0029090e+01	1.9999997e+01	2.0211983e+01	2.0137009e+01	2.0166337e+01	2.0119898e+01	2.0131144e+01	2.0068818e+01	2.0165169e+01	2.0014078e+01	2.0234377e+01	2.0182753e+01	2.0026021e+01	2.0000624e+01	2.0000001e+01	1.9999992e+01	2.0008783e+01	2.0151868e+01	1.9999957e+01	5.5148871e-06	2.0133417e+01
2.0094899e+01	2.0005355e+01	3.6448985e-06	2.0002073e+01	2.0027533e+01	1.9999997e+01	2.0211983e+01	2.0137009e+01	2.0166337e+01	2.0119898e+01	2.0131144e+01	2.0068818e+01	2.0165169e+01	2.0013832e+01	2.0234377e+01	2.0182753e+01	2.0025802e+01	2.0000624e+01	2.0000001e+01	1.9999992e+01	2.0008739e+01	2.0151868e+01	1.9999957e+01	5.5148871e-06	2.0133417e+01
2.0094899e+01	2.0005355e+01	3.6448985e-06	2.0001944e+01	2.0027189e+01	1.9999997e+01	2.0211983e+01	2.0137009e+01	2.0166337e+01	2.0119898e+01	2.0131144e+01	2.0068818e+01	2.0165169e+01	2.0013526e+01	2.0234377e+01	2.0182753e+01	2.0024405e+01	2.0000512e+01	2.0000001e+01	1.9999992e+01	2.0007103e+01	2.0151868e+01	1.9999957e+01	5.5148871e-06	2.0133417e+01
2.0094899e+01	2.0005118e+01	3.6448985e-06	2.0001563e+01	2.0026292e+01	1.9999997e+01	2.0211983e+01	2.0137009e+01	2.0151342e+01	2.0119898e+01	2.0131144e+01	2.0068818e+01	2.0165169e+01	2.0011097e+01	2.0234377e+01	2.0182753e+01	2.0024405e+01	2.0000462e+01	2.0000001e+01	1.9999992e+01	2.0005983e+01	2.0151868e+01	1.9999957e+01	5.5148871e-06	2.0133417e+01
2.0094899e+01	2.0004955e+01	3.6448985e-06	2.0001386e+01	2.0025697e+01	1.9999997e+01	2.0211983e+01	2.0137009e+01	2.0151342e+01	2.0119898e+01	2.0131144e+01	2.0068818e+01	2.0165169e+01	2.0011097e+01	2.0234377e+01	2.0182753e+01	2.0024290e+01	2.0000389e+01	2.0000001e+01	1.9999992e+01	2.0005983e+01	2.0151868e+01	1.9999957e+01	5.5148871e-06	2.0133417e+01
2.0094899e+01	2.0004955e+01	3.6448985e-06	2.0001071e+01	2.0025307e+01	1.9999997e+01	2.0211983e+01	2.0137009e+01	2.0151342e+01	2.0119898e+01	2.0131144e+01	2.0068818e+01	2.0165169e+01	2.0011097e+01	2.0234377e+01	2.0182753e+01	2.0024068e+01	2.0000356e+01	2.0000001e+01	1.9999992e+01	2.0003956e+01	2.0151868e+01	1.9999957e+01	5.5148871e-06	2.0133417e+01
2.0094899e+01	2.0004822e+01	3.6448985e-06	2.0000954e+01	2.0024075e+01	1.9999997e+01	2.0211983e+01	2.0137009e+01	2.0151342e+01	2.0119898e+01	2.0131144e+01	2.0068818e+01	2.0165169e+01	2.0009803e+01	2.0234377e+01	2.0182753e+01	2.0023572e+01	2.0000313e+01	2.0000001e+01	1.9999992e+01	2.0003095e+01	2.0151868e+01	1.9999957e+01	5.5148871e-06	2.0133417e+01
2.0094899e+01	2.0004721e+01	3.6448985e-06	2.0000743e+01	2.0022097e+01	1.9999997e+01	2.0211983e+01	2.0137009e+01	2.0151342e+01	2.0119898e+01	2.0131144e+01	2.0068818e+01	2.0165169e+01	2.0009642e+01	2.0234377e+01	2.0182753e+01	2.0022798e+01	2.0000281e+01	2.0000001e+01	1.9999992e+01	2.0002898e+01	2.0151868e+01	1.9999957e+01	5.5148871e-06	2.0133417e+01
2.0094899e+01	2.0004627e+01	3.6448985e-06	2.0000462e+01	2.0022097e+01	1.9999997e+01	2.0211983e+01	2.0137009e+01	2.0151342e+01	2.0119898e+01	2.0131144e+01	2.0068818e+01	2.0165169e+01	2.0009318e+01	2.0234377e+01	2.0182753e+01	2.0022798e+01	2.0000281e+01	2.0000001e+01	1.9999992e+01	2.0001920e+01	2.0151868e+01	1.9999957e+01	5.5148871e-06	2.0133417e+01
2.0094899e+01	2.0004552e+01	3.6448985e-06	2.0000421e+01	2.0021409e+01	1.9999997e+01	2.0211983e+01	2.0137009e+01	2.0151342e+01	2.0119898e+01	2.0131144e+01	2.0068818e+01	2.0165169e+01	2.0009318e+01	2.0234377e+01	2.0182753e+01	2.0022435e+01	2.0000201e+01	2.0000001e+01	1.9999992e+01	2.0001595e+01	2.0151868e+01	1.9999957e+01	5.5148871e-06	2.0133417e+01
2.0094899e+01	2.0004506e+01	3.6448985e-06	2.0000247e+01	2.0017965e+01	1.9999997e+01	2.0211983e+01	2.0137009e+01	2.0151342e+01	2.0119898e+01	2.0131144e+01	2.0068818e+01	2.0165169e+01	2.0008112e+01	2.0234377e+01	2.0182753e+01	2.0021429e+01	2.0000162e+01	2.0000001e+01	1.9999992e+01	2.0001595e+01	2.0151868e+01	1.9999957e+01	5.5148871e-06	2.0133417e+01
2.0094899e+01	2.0004477e+01	3.6448985e-06	2.0000242e+01	2.0017965e+01	1.9999997e+01	2.0211983e+01	2.0137009e+01	2.0151342e+01	2.0119898e+01	2.0131144e+01	2.0068818e+01	2.0165169e+01	2.0008068e+01	2.0234377e+01	2.0182753e+01	2.0021008e+01	2.0000162e+01	2.0000001e+01	1.9999992e+01	2.0001423e+01	2.0151868e+01	1.9999957e+01	5.5148871e-06	2.0133417e+01
2.0094899e+01	2.0004477e+01	3.6448985e-06	2.0000140e+01	2.0017965e+01	1.9999997e+01	2.0211983e+01	2.0137009e+01	2.0151342e+01	2.0119898e+01	2.0131144e+01	2.0068818e+01	2.0165169e+01	2.0007406e+01	2.0234377e+01	2.0182753e+01	2.0020384e+01	2.0000162e+01	2.0000001e+01	1.9999992e+01	2.0000611e+01	2.0151868e+01	1.9999957e+01	5.5148871e-06	2.0133417e+01
2.0094899e+01	2.0004464e+01	3.6448985e-06	2.0000120e+01	2.0015992e+01	1.9999997e+01	2.0211983e+01	2.0137009e+01	2.0151342e+01	2.0119898e+01	2.0131144e+01	2.0068818e+01	2.0165169e+01	2.0006969e+01	2.0234377e+01	2.0182753e+01	2.0019630e+01	2.0000162e+01	2.0000001e+01	1.9999992e+01	2.0000611e+01	2.0151868e+01	1.9999957e+01	5.5148871e-06	2.0133417e+01
2.0094899e+01	2.0004425e+01	3.6448985e-06	2.0000041e+01	2.0015698e+01	1.9999997e+01	2.0211983e+01	2.0137009e+01	2.0151342e+01	2.0119898e+01	2.0131144e+01	2.0068818e+01	2.0165169e+01	2.0006779e+01	2.0234377e+01	2.0182753e+01	2.0017986e+01	2.0000151e+01	2.0000001e+01	1.9999992e+01	2.0000192e+01	2.0151868e+01	1.9999957e+01	5.5148871e-06	2.0133417e+01
2.0094899e+01	2.0004425e+01	3.6448985e-06	2.0000010e+01	2.0015371e+01	1.9999997e+01	2.0211983e+01	2.0137009e+01	2.0151342e+01	2.0119898e+01	2.0131144e+01	2.0068818e+01	2.0165169e+01	2.0006322e+01	2.0234377e+01	2.0182753e+01	2.0017961e+01	2.0000103e+01	2.0000001e+01	1.9999992e+01	1.9999994e+01	2.0151868e+01	1.9999957e+01	5.5148871e-06	2.0133417e+01
2.0094899e+01	2.0004377e+01	3.6448985e-06	1.9999968e+01	2.0015371e+01	1.9999997e+01	2.0211983e+01	2.0137009e+01	2.0151342e+01	2.0119898e+01	2.0131144e+01	2.0068818e+01	2.0165169e+01	2.0006322e+01	2.0234377e+01	2.0182753e+01	2.0017374e+01	2.0000078e+01	2.0000001e+01	1.9999992e+01	1.9999828e+01	2.0151868e+01	1.9999957e+01	5.5148871e-06	2.0133417e+01
2.0094899e+01	2.0004351e+01	3.6448985e-06	1.9999968e+01	2.0014170e+01	1.9999997e+01	2.0211983e+01	2.0137009e+01	2.0151342e+01	2.0119898e+01	2.0131144e+01	2.0068818e+01	2.0165169e+01	2.0006023e+01	2.0234377e+01	2.0182753e+01	2.0017374e+01	2.0000054e+01	2.0000001e+01	1.9999992e+01	1.9999702e+01	2.0151868e+01	1.9999957e+01	5.5148871e-06	2.0133417e+01
2.0094899e+01	2.0004328e+01	3.6448985e-06	1.9999942e+01	2.0014170e+01	1.9999997e+01	2.0211983e+01	2.0137009e+01	2.0151342e+01	2.0119898e+01	2.0131144e+01	2.0068818e+01	2.0165169e+01	2.0004342e+01	2.0234377e+01	2.0182753e+01	2.0017224e+01	2.0000043e+01	2.0000001e+01	1.9999992e+01	1.9999573e+01	2.0151868e+01	1.9999957e+01	5.5148871e-06	2.0133417e+01
2.0094899e+01	2.0004321e+01	3.6448985e-06	1.9999940e+01	2.0014170e+01	1.9999997e+01	2.0211983e+01	2.0137009e+01	2.0151342e+01	2.0119898e+01	2.0131144e+01	2.0068818e+01	2.0165169e+01	2.0004342e+01	2.0234377e+01	2.0182753e+01	2.0016730e+01	2.0000043e+01	2.0000001e+01	1.9999992e+01	1.9999573e+01	2.0151868e+01	1.9999957e+01	5.5148871e-06	2.0133417e+01
2.0094899e+01	2.0004300e+01	3.6448985e-06	1.9999940e+01	2.0012276e+01	1.9999997e+01	2.0211983e+01	2.0137009e+01	2.0151342e+01	2.0119898e+01	2.0131144e+01	2.0068818e+01	2.0165169e+01	2.0003722e+01	2.0234377e+01	2.0182753e+01	2.0015561e+01	2.0000033e+01	2.0000001e+01	1.9999992e+01	1.9999487e+01	2.0151868e+01	1.9999957e+01	5.5148871e-06	2.0133417e+01
2.0094899e+01	2.0004300e+01	3.6448985e-06	1.9999918e+01	2.0011091e+01	1.9999997e+01	2.0211983e+01	2.0137009e+01	2.0151342e+01	2.0119898e+01	2.0131144e+01	2.0068818e+01	2.0165169e+01	2.0002996e+01	2.0234377e+01	2.0182753e+01	2.0015561e+01	2.0000028e+01	2.0000001e+01	1.9999992e+01	1.9999381e+01	2.0151868e+01	1.9999957e+01	5.5148871e-06	2.0133417e+01
2.0094899e+01	2.0004293e+01	3.6448985e-06	1.9999918e+01	2.0010509e+01	1.9999997e+01	2.0211983e+01	2.0137009e+01	2.0151342e+01	2.0119898e+01	2.0131144e+01	2.0068818e+01	2.0165169e+01	2.0002841e+01	2.0234377e+01	2.0182753e+01	2.0015064e+01	2.0000023e+01	2.0000001e+01	1.9999992e+01	1.9999381e+01	2.0151868e+01	1.9999957e+01	5.5148871e-06	2.0133417e+01
2.0094899e+01	2.0004287e+01	3.6448985e-06	1.9999915e+01	2.0010476e+01	1.9999997e+01	2.0211983e+01	2.0137009e+01	2.0151342e+01	2.0119898e+01	2.0131144e+01	2.0068818e+01	2.0165169e+01	2.0002680e+01	2.0234377e+01	2.0182753e+01	2.0015064e+01	2.0000020e+01	2.0000001e+01	1.9999992e+01	1.9999314e+01	2.0151868e+01	1.9999957e+01	5.5148871e-06	2.0133417e+01
2.0094899e+01	2.0004285e+01	3.6448985e-06	1.9999897e+01	2.0010244e+01	1.9999997e+01	2.0211983e+01	2.0137009e+01	2.0151342e+01	2.0119898e+01	2.0131144e+01	2.0068818e+01	2.0165169e+01	2.0002301e+01	2.0234377e+01	2.0182753e+01	2.0014300e+01	2.0000019e+01	2.0000001e+01	1.9999992e+01	1.9999314e+01	2.0151868e+01	1.9999957e+01	5.5148871e-06	2.0133417e+01
2.0094899e+01	2.0004282e+01	3.6448985e-06	1.9999897e+01	2.0009445e+01	1.9999997e+01	2.0211983e+01	2.0137009e+01	2.0151342e+01	2.0119898e+01	2.0131144e+01	2.0068818e+01	2.0165169e+01	2.0002301e+01	2.0234377e+01	2.0182753e+01	2.0013944e+01	2.0000008e+01	2.0000001e+01	1.9999992e+01	1.9999292e+01	2.0151868e+01	1.9999957e+01	5.5148871e-06	2.0133417e+01
2.0094899e+01	2.0004278e+01	3.6448985e-06	1.9999897e+01	2.0009200e+01	1.9999997e+01	2.0211983e+01	2.0137009e+01	2.0151342e+01	2.0119898e+01	2.0131144e+01	2.0068818e+01	2.0165169e+01	2.0001914e+01	2.0234377e+01	2.0182753e+01	2.0013366e+01	2.0000007e+01	2.0000001e+01	1.9999992e+01	1.9999246e+01	2.0151868e+01	1.9999957e+01	5.5148871e-06	2.0133417e+01
2.0094899e+01	2.0004278e+01	3.6448985e-06	1.9999890e+01	2.0008469e+01	1.9999997e+01	2.0211983e+01	2.0137009e+01	2.0151342e+01	2.0119898e+01	2.0131144e+01	2.0068818e+01	2.0165169e+01	2.0001614e+01	2.0234377e+01	2.0182753e+01	2.0013283e+01	2.0000002e+01	2.0000001e+01	1.9999992e+01	1.9999243e+01	2.0151868e+01	1.9999957e+01	5.5148871e-06	2.0133417e+01
2.0094899e+01	2.0004270e+01	3.6448985e-06	1.9999889e+01	2.0008467e+01	1.9999997e+01	2.0211983e+01	2.0137009e+01	2.0151342e+01	2.0119898e+01	2.0131144e+01	2.0068818e+01	2.0165169e+01	2.0001614e+01	2.0234377e+01	2.0182753e+01	2.0012568e+01	2.0000001e+01	2.0000001e+01	1.9999992e+01	1.9999232e+01	2.0151868e+01	1.9999957e+01	5.5148871e-06	2.0133417e+01
2.0094899e+01	2.0004270e+01	3.6448985e-06	1.9999886e+01	2.0007441e+01	1.9999997e+01	2.0211983e+01	2.0137009e+01	2.0151342e+01	2.0119898e+01	2.0131144e+01	2.0068818e+01	2.0165169e+01	2.0001504e+01	2.0234377e+01	2.0182753e+01	2.0012221e+01	1.9999999e+01	2.0000001e+01	1.9999992e+01	1.9999226e+01	2.0151868e+01	1.9999957e+01	5.5148871e-06	2.0133417e+01
2.0094899e+01	2.0004261e+01	3.6448985e-06	1.9999882e+01	2.0006842e+01	1.9999997e+01	2.0211983e+01	2.0137009e+01	2.0151342e+01	2.0119898e+01	2.0131144e+01	2.0068818e+01	2.0165169e+01	2.0001278e+01	2.0234377e+01	2.0182753e+01	2.0012032e+01	1.9999999e+01	2.0000001e+01	1.9999992e+01	1.9999193e+01	2.0151868e+01	1.9999957e+01	5.5148871e-06	2.0133417e+01
2.0094899e+01	2.0004261e+01	3.6448985e-06	1.9999875e+01	2.0006750e+01	1.9999997e+01	2.0211983e+01	2.0137009e+01	2.0151342e+01	2.0119898e+01	2.0131144e+01	2.0068818e+01	2.0165169e+01	2.0001229e+01	2.0234377e+01	2.0182753e+01	2.0011980e+01	1.9999997e+01	2.0000001e+01	1.9999992e+01	1.9999193e+01	2.0151868e+01	1.9999957e+01	5.5148871e-06	2.0133417e+01
2.0094899e+01	2.0004256e+01	3.6448985e-06	1.9999875e+01	2.0006304e+01	1.9999997e+01	2.0211983e+01	2.0137009e+01	2.0151342e+01	2.0119898e+01	2.0131144e+01	2.0068818e+01	2.0165169e+01	2.0001189e+01	2.0234377e+01	2.0182753e+01	2.0011597e+01	1.9999997e+01	2.0000001e+01	1.9999992e+01	1.9999191e+01	2.0151868e+01	1.9999957e+01	5.5148871e-06	2.0133417e+01
2.0094899e+01	2.0004248e+01	3.6448985e-06	1.9999872e+01	2.0006304e+01	1.9999997e+01	2.0211983e+01	2.0137009e+01	2.0151342e+01	2.0119898e+01	2.0131144e+01	2.0068818e+01	2.0165169e+01	2.0001078e+01	2.0234377e+01	2.0182753e+01	2.0011501e+01	1.9999997e+01	2.0000001e+01	1.9999992e+01	1.9999185e+01	2.0151868e+01	1.9999957e+01	5.5148871e-06	2.0133417e+01
2.0094899e+01	2.0004248e+01	3.6448985e-06	1.9999872e+01	2.0006304e+01	1.9999997e+01	2.0211983e+01	2.0137009e+01	2.0151342e+01	2.0119898e+01	2.0131144e+01	2.0068818e+01	2.0165169e+01	2.0001078e+01	2.0234377e+01	2.0182753e+01	2.0010299e+01	1.9999997e+01	2.0000001e+01	1.9999992e+01	1.9999178e+01	2.0151868e+01	1.9999957e+01	5.5148871e-06	2.0133417e+01
2.0094899e+01	2.0004247e+01	3.6448985e-06	1.9999872e+01	2.0006163e+01	1.9999997e+01	2.0211983e+01	2.0086981e+01	2.0151342e+01	2.0119898e+01	2.0131144e+01	2.0068818e+01	2.0165169e+01	2.0001043e+01	2.0234377e+01	2.0182753e+01	2.0009313e+01	1.9999997e+01	2.0000001e+01	1.9999992e+01	1.9999167e+01	2.0151868e+01	1.9999957e+01	5.5148871e-06	2.0133417e+01
2.0094899e+01	2.0004243e+01	3.6448985e-06	1.9999872e+01	2.0006152e+01	1.9999997e+01	2.0211983e+01	2.0086981e+01	2.0151342e+01	2.0119898e+01	2.0131144e+01	2.0068818e+01	2.0165169e+01	2.0001025e+01	2.0234377e+01	2.0182753e+01	2.0009158e+01	1.9999997e+01	2.0000001e+01	1.9999992e+01	1.9999165e+01	2.0151868e+01	1.9999957e+01	5.5148871e-06	2.0133417e+01
2.0094899e+01	2.0004238e+01	3.6448985e-06	1.9999872e+01	2.0006074e+01	1.9999997e+01	2.0211983e+01	2.0086981e+01	2.0151342e+01	2.0119898e+01	2.0131144e+01	2.0068818e+01	2.0165169e+01	2.0001010e+01	2.0234377e+01	2.0182753e+01	2.0009158e+01	1.9999997e+01	2.0000001e+01	1.9999992e+01	1.9999159e+01	2.0151868e+01	1.9999957e+01	5.5148871e-06	2.0133417e+01
2.0094899e+01	2.0004228e+01	3.6448985e-06	1.9999872e+01	2.0006005e+01	1.9999997e+01	2.0211983e+01	2.0086981e+01	2.0151342e+01	2.0119898e+01	2.0131144e+01	2.0068818e+01	2.0165169e+01	2.0000976e+01	2.0234377e+01	2.0182753e+01	2.0007658e+01	1.9999997e+01	2.0000001e+01	1.9999992e+01	1.9999157e+01	2.0151868e+01	1.9999957e+01	5.5148871e-06	2.0133417e+01
2.0094899e+01	2.0004227e+01	3.6448985e-06	1.9999872e+01	2.0005775e+01	1.9999997e+01	2.0211983e+01	2.0086981e+01	2.0151342e+01	2.0119898e+01	2.0131144e+01	2.0068818e+01	2.0165169e+01	2.0000944e+01	2.0234377e+01	2.0182753e+01	2.0007650e+01	1.9999997e+01	2.0000001e+01	1.9999992e+01	1.9999156e+01	2.0151868e+01	1.9999957e+01	5.5148871e-06	2.0133417e+01
2.0094899e+01	2.0004224e+01	3.6448985e-06	1.9999872e+01	2.0005775e+01	1.9999997e+01	2.0211983e+01	2.0072032e+01	2.0151342e+01	2.0119898e+01	2.0131144e+01	2.0068818e+01	2.0165169e+01	2.0000912e+01	2.0234377e+01	2.0182753e+01	2.0007602e+01	1.9999997e+01	2.0000001e+01	1.9999992e+01	1.9999153e+01	2.0151868e+01	1.9999957e+01	5.5148871e-06	2.0133417e+01
2.0094899e+01	2.0004219e+01	3.6448985e-06	1.9999872e+01	2.0005775e+01	1.9999997e+01	2.0211983e+01	2.0049275e+01	2.0151342e+01	2.0119898e+01	2.0131144e+01	2.0068818e+01	2.0165169e+01	2.0000884e+01	2.0234377e+01	2.0182753e+01	2.0006601e+01	1.9999997e+01	2.0000001e+01	1.9999992e+01	1.9999153e+01	2.0151868e+01	1.9999957e+01	5.5148871e-06	2.0133417e+01
2.0094899e+01	2.0004219e+01	3.6448985e-06	1.9999872e+01	2.0005775e+01	1.9999997e+01	2.0211983e+01	2.0043210e+01	2.0151342e+01	2.0119898e+01	2.0131144e+01	2.0068818e+01	2.0165169e+01	2.0000875e+01	2.0234377e+01	2.0182753e+01	2.0006329e+01	1.9999997e+01	2.0000001e+01	1.9999992e+01	1.9999153e+01	2.0151868e+01	1.9999957e+01	5.5148871e-06	2.0133417e+01
2.0094899e+01	2.0004219e+01	3.6448985e-06	1.9999872e+01	2.0005775e+01	1.9999997e+01	2.0211983e+01	2.0043210e+01	2.0151342e+01	2.0119898e+01	2.0131144e+01	2.0068818e+01	2.0165169e+01	2.0000871e+01	2.0234377e+01	2.0182753e+01	2.0005543e+01	1.9999997e+01	2.0000001e+01	1.9999992e+01	1.9999153e+01	2.0151868e+01	1.9999957e+01	5.5148871e-06	2.0133417e+01
2.0094899e+01	2.0004216e+01	3.6448985e-06	1.9999872e+01	2.0005775e+01	1.9999997e+01	2.0211983e+01	2.0036151e+01	2.0151342e+01	2.0119898e+01	2.0131144e+01	2.0068818e+01	2.0165169e+01	2.0000871e+01	2.0234377e+01	2.0182753e+01	2.0005543e+01	1.9999997e+01	2.0000001e+01	1.9999992e+01	1.9999153e+01	2.0151868e+01	1.9999957e+01	5.5148871e-06	2.0133417e+01
2.0094899e+01	2.0004213e+01	3.6448985e-06	1.9999872e+01	2.0005750e+01	1.9999997e+01	2.0211983e+01	2.0034681e+01	2.0151342e+01	2.0119898e+01	2.0131144e+01	2.0068818e+01	2.0165169e+01	2.0000871e+01	2.0234377e+01	2.0182753e+01	2.0005524e+01	1.9999997e+01	2.0000001e+01	1.9999992e+01	1.9999153e+01	2.0151868e+01	1.9999957e+01	5.5148871e-06	2.0133417e+01
2.0094899e+01	2.0004211e+01	3.6448985e-06	1.9999872e+01	2.0005733e+01	1.9999997e+01	2.0211983e+01	2.0030452e+01	2.0151342e+01	2.0119898e+01	2.0131144e+01	2.0068818e+01	2.0165169e+01	2.0000864e+01	2.0234377e+01	2.0182753e+01	2.0004929e+01	1.9999997e+01	2.0000001e+01	1.9999992e+01	1.9999153e+01	2.0151868e+01	1.9999957e+01	5.5148871e-06	2.0133417e+01
2.0094899e+01	2.0004211e+01	3.6448985e-06	1.9999872e+01	2.0005670e+01	1.9999997e+01	2.0211983e+01	2.0030088e+01	2.0151342e+01	2.0119898e+01	2.0131144e+01	2.0068818e+01	2.0165169e+01	2.0000854e+01	2.0234377e+01	2.0182753e+01	2.0004929e+01	1.9999997e+01	2.0000001e+01	1.9999992e+01	1.9999153e+01	2.0151868e+01	1.9999957e+01	5.5148871e-06	2.0133417e+01
2.0094899e+01	2.0004211e+01	3.6448985e-06	1.9999872e+01	2.0005629e+01	1.9999997e+01	2.0211983e+01	2.0030088e+01	2.0151342e+01	2.0119898e+01	2.0131144e+01	2.0068818e+01	2.0165169e+01	2.0000854e+01	2.0234377e+01	2.0182753e+01	2.0004705e+01	1.9999997e+01	2.0000001e+01	1.9999992e+01	1.9999153e+01	2.0151868e+01	1.9999957e+01	5.5148871e-06	2.0133417e+01
2.0094899e+01	2.0004210e+01	3.6448985e-06	1.9999872e+01	2.0005598e+01	1.9999997e+01	2.0211983e+01	2.0029484e+01	2.0151342e+01	2.0119898e+01	2.0131144e+01	2.0068818e+01	2.0165169e+01	2.0000851e+01	2.0234377e+01	2.0182753e+01	2.0004554e+01	1.9999997e+01	2.0000001e+01	1.9999992e+01	1.9999153e+01	2.0151868e+01	1.9999957e+01	5.5148871e-06	2.0133417e+01
2.0094899e+01	2.0004209e+01	3.6448985e-06	1.9999872e+01	2.0005598e+01	1.9999997e+01	2.0211983e+01	2.0028545e+01	2.0151342e+01	2.0119898e+01	2.0131144e+01	2.0068818e+01	2.0165169e+01	2.0000848e+01	2.0234377e+01	2.0182753e+01	2.0004378e+01	1.9999997e+01	2.0000001e+01	1.9999992e+01	1.9999153e+01	2.0151868e+01	1.9999957e+01	5.5148871e-06	2.0133417e+01
2.0094899e+01	2.0004206e+01	3.6448985e-06	1.9999872e+01	2.0005598e+01	1.9999997e+01	2.0211983e+01	2.0027237e+01	2.0151342e+01	2.0119898e+01	2.0131144e+01	2.0068818e+01	2.0165169e+01	2.0000848e+01	2.0234377e+01	2.0182753e+01	2.0004313e+01	1.9999997e+01	2.0000001e+01	1.9999992e+01	1.9999153e+01	2.0151868e+01	1.9999957e+01	5.5148871e-06	2.0133417e+01
2.0094899e+01	2.0004202e+01	3.6448985e-06	1.9999872e+01	2.0005598e+01	1.9999997e+01	2.0211983e+01	2.0027237e+01	2.0151342e+01	2.0119898e+01	2.0131144e+01	2.0068818e+01	2.0165169e+01	2.0000848e+01	2.0234377e+01	2.0182753e+01	2.0004157e+01	1.9999997e+01	2.0000001e+01	1.9999992e+01	1.9999153e+01	2.0151868e+01	1.9999957e+01	5.5148871e-06	2.0133417e+01
2.0094899e+01	2.0004202e+01	3.6448985e-06	1.9999872e+01	2.0005587e+01	1.9999997e+01	2.0211983e+01	2.0026466e+01	2.0151342e+01	2.0119898e+01	2.0131144e+01	2.0068818e+01	2.0165169e+01	2.0000848e+01	2.0234377e+01	2.0182753e+01	2.0004118e+01	1.9999997e+01	2.0000001e+01	1.9999992e+01	1.9999153e+01	2.0151868e+01	1.9999957e+01	5.5148871e-06	2.0133417e+01
2.0094899e+01	2.0004202e+01	3.6448985e-06	1.9999872e+01	2.0005585e+01	1.9999997e+01	2.0211983e+01	2.0025569e+01	2.0151342e+01	2.0119898e+01	2.0131144e+01	2.0068818e+01	2.0165169e+01	2.0000844e+01	2.0234377e+01	2.0182753e+01	2.0003972e+01	1.9999997e+01	2.0000001e+01	1.9999992e+01	1.9999153e+01	2.0151868e+01	1.9999957e+01	5.5148871e-06	2.0133417e+01
2.0094899e+01	2.0004202e+01	3.6448985e-06	1.9999872e+01	2.0005581e+01	1.9999997e+01	2.0211983e+01	2.0024951e+01	2.0151342e+01	2.0119898e+01	2.0131144e+01	2.0068818e+01	2.0165169e+01	2.0000844e+01	2.0140550e+01	2.0182753e+01	2.0003961e+01	1.9999997e+01	2.0000001e+01	1.9999992e+01	1.9999153e+01	2.0151868e+01	1.9999957e+01	5.5148871e-06	2.0133417e+01
2.0094899e+01	2.0004199e+01	3.6448985e-06	1.9999872e+01	2.0005571e+01	1.9999997e+01	2.0211983e+01	2.0023177e+01	2.0151342e+01	2.0119898e+01	2.0131144e+01	2.0068818e+01	2.0165169e+01	2.0000844e+01	2.0140550e+01	2.0182753e+01	2.0003886e+01	1.9999997e+01	2.0000001e+01	1.9999992e+01	1.9999153e+01	2.0151868e+01	1.9999957e+01	5.5148871e-06	2.0133417e+01
2.0094899e+01	2.0004199e+01	3.6448985e-06	1.9999872e+01	2.0005571e+01	1.9999997e+01	2.0211983e+01	2.0023177e+01	2.0151342e+01	2.0119898e+01	2.0131144e+01	2.0068818e+01	2.0165169e+01	2.0000840e+01	2.0140550e+01	2.0182753e+01	2.0003765e+01	1.9999997e+01	2.0000001e+01	1.9999992e+01	1.9999153e+01	2.0151868e+01	1.9999957e+01	5.5148871e-06	2.0133417e+01
2.0094899e+01	2.0004199e+01	3.6448985e-06	1.9999872e+01	2.0005567e+01	1.9999997e+01	2.0211983e+01	2.0023177e+01	2.0151342e+01	2.0119898e+01	2.0131144e+01	2.0068818e+01	2.0165169e+01	2.0000840e+01	2.0140550e+01	2.0182753e+01	2.0003742e+01	1.9999997e+01	2.0000001e+01	1.9999992e+01	1.9999153e+01	2.0151868e+01	1.9999957e+01	5.5148871e-06	2.0133417e+01
2.0094899e+01	2.0004199e+01	3.6448985e-06	1.9999872e+01	2.0005566e+01	1.9999997e+01	2.0211983e+01	2.0022553e+01	2.0151342e+01	2.0119898e+01	2.0131144e+01	2.0068818e+01	2.0165169e+01	2.0000838e+01	2.0140550e+01	2.0182753e+01	2.0003742e+01	1.9999997e+01	2.0000001e+01	1.9999992e+01	1.9999153e+01	2.0151868e+01	1.9999957e+01	5.5148871e-06	2.0133417e+01
2.0094899e+01	2.0004199e+01	3.6448985e-06	1.9999872e+01	2.0005562e+01	1.9999997e+01	2.0211983e+01	2.0021655e+01	2.0151342e+01	2.0119898e+01	2.0131144e+01	2.0068818e+01	2.0165169e+01	2.0000837e+01	2.0140550e+01	2.0182753e+01	2.0003701e+01	1.9999997e+01	2.0000001e+01	1.9999992e+01	1.9999153e+01	2.0151868e+01	1.9999957e+01	5.5148871e-06	2.0133417e+01
2.0094899e+01	2.0004199e+01	3.6448985e-06	1.9999872e+01	2.0005560e+01	1.9999997e+01	2.0211983e+01	2.0019491e+01	2.0151342e+01	2.0119898e+01	2.0131144e+01	2.0068818e+01	2.0165169e+01	2.0000835e+01	2.0140550e+01	2.0182753e+01	2.0003701e+01	1.9999997e+01	2.0000001e+01	1.9999992e+01	1.9999153e+01	2.0151868e+01	1.9999957e+01	5.5148871e-06	2.0133417e+01
2.0094899e+01	2.0004199e+01	3.6448985e-06	1.9999872e+01	2.0005560e+01	1.9999997e+01	2.0211983e+01	2.0019324e+01	2.0151342e+01	2.0119898e+01	2.0131144e+01	2.0068818e+01	2.0165169e+01	2.0000834e+01	2.0140550e+01	2.0182753e+01	2.0003684e+01	1.9999997e+01	2.0000001e+01	1.9999992e+01	1.9999153e+01	2.0151868e+01	1.9999957e+01	5.5148871e-06	2.0133417e+01
2.0094899e+01	2.0004199e+01	3.6448985e-06	1.9999872e+01	2.0005552e+01	1.9999997e+01	2.0211983e+01	2.0018029e+01	2.0151342e+01	2.0119898e+01	2.0131144e+01	2.0068818e+01	2.0165169e+01	2.0000831e+01	2.0140550e+01	2.0182753e+01	2.0003684e+01	1.9999997e+01	2.0000001e+01	1.9999992e+01	1.9999153e+01	2.0151868e+01	1.9999957e+01	5.5148871e-06	2.0133417e+01
2.0094899e+01	2.0004199e+01	3.6448985e-06	1.9999872e+01	2.0005551e+01	1.9999997e+01	2.0211983e+01	2.0015931e+01	2.0151342e+01	2.0119898e+01	2.0131144e+01	2.0068818e+01	2.0165169e+01	2.0000831e+01	2.0140550e+01	2.0182753e+01	2.0003679e+01	1.9999997e+01	2.0000001e+01	1.9999992e+01	1.9999153e+01	2.0151868e+01	1.9999957e+01	5.5148871e-06	2.0133417e+01
2.0094899e+01	2.0004199e+01	3.6448985e-06	1.9999872e+01	2.0005549e+01	1.9999997e+01	2.0211983e+01	2.0015931e+01	2.0151342e+01	2.0119898e+01	2.0131144e+01	2.0068818e+01	2.0165169e+01	2.0000831e+01	2.0140550e+01	2.0182753e+01	2.0003677e+01	1.9999997e+01	2.0000001e+01	1.9999992e+01	1.9999153e+01	2.0151868e+01	1.9999957e+01	5.5148871e-06	2.0133417e+01
2.0094899e+01	2.0004199e+01	3.6448985e-06	1.9999872e+01	2.0005542e+01	1.9999997e+01	2.0211983e+01	2.0014768e+01	2.0151342e+01	2.0119898e+01	2.0131144e+01	2.0068818e+01	2.0165169e+01	2.0000831e+01	2.0140550e+01	2.0182753e+01	2.0003662e+01	1.9999997e+01	2.0000001e+01	1.9999992e+01	1.9999153e+01	2.0151868e+01	1.9999957e+01	5.5148871e-06	2.0133417e+01
2.0094899e+01	2.0004199e+01	3.6448985e-06	1.9999872e+01	2.0005542e+01	1.9999997e+01	2.0211983e+01	2.0014247e+01	2.0151342e+01	2.0119898e+01	2.0131144e+01	2.0068818e+01	2.0165169e+01	2.0000831e+01	2.0140550e+01	2.0182753e+01	2.0003662e+01	1.9999997e+01	2.0000001e+01	1.9999992e+01	1.9999153e+01	2.0151868e+01	1.9999957e+01	5.5148871e-06	2.0133417e+01
2.0094899e+01	2.0004199e+01	3.6448985e-06	1.9999872e+01	2.0005541e+01	1.9999997e+01	2.0211983e+01	2.0014213e+01	2.0151342e+01	2.0119898e+01	2.0131144e+01	2.0068818e+01	2.0165169e+01	2.0000831e+01	2.0140550e+01	2.0182753e+01	2.0003649e+01	1.9999997e+01	2.0000001e+01	1.9999992e+01	1.9999153e+01	2.0151868e+01	1.9999957e+01	5.5148871e-06	2.0133417e+01
2.0094899e+01	2.0004199e+01	3.6448985e-06	1.9999872e+01	2.0005536e+01	1.9999997e+01	2.0211983e+01	2.0013558e+01	2.0151342e+01	2.0119898e+01	2.0131144e+01	2.0068818e+01	2.0165169e+01	2.0000831e+01	2.0140550e+01	2.0182753e+01	2.0003649e+01	1.9999997e+01	2.0000001e+01	1.9999992e+01	1.9999153e+01	2.0151868e+01	1.9999957e+01	5.5148871e-06	2.0133417e+01
2.0094899e+01	2.0004199e+01	3.6448985e-06	1.9999872e+01	2.0005530e+01	1.9999997e+01	2.0211983e+01	2.0013327e+01	2.0151342e+01	2.0119898e+01	2.0131144e+01	2.0068818e+01	2.0165169e+01	2.0000831e+01	2.0140550e+01	2.0182753e+01	2.0003648e+01	1.9999997e+01	2.0000001e+01	1.9999992e+01	1.9999153e+01	2.0151868e+01	1.9999957e+01	5.5148871e-06	2.0133417e+01
2.0094899e+01	2.0004199e+01	3.6448985e-06	1.9999872e+01	2.0005530e+01	1.9999997e+01	2.0211983e+01	2.0012455e+01	2.0151342e+01	2.0119898e+01	2.0131144e+01	2.0068818e+01	2.0165169e+01	2.0000831e+01	2.0140550e+01	2.0182753e+01	2.0003641e+01	1.9999997e+01	2.0000001e+01	1.9999992e+01	1.9999153e+01	2.0151868e+01	1.9999957e+01	5.5148871e-06	2.0133417e+01
2.0094899e+01	2.0004199e+01	3.6448985e-06	1.9999872e+01	2.0005530e+01	1.9999997e+01	2.0211983e+01	2.0012073e+01	2.0151342e+01	2.0119898e+01	2.0131144e+01	2.0068818e+01	2.0165169e+01	2.0000831e+01	2.0140550e+01	2.0176595e+01	2.0003641e+01	1.9999997e+01	2.0000001e+01	1.9999992e+01	1.9999153e+01	2.0151868e+01	1.9999957e+01	5.5148871e-06	2.0133417e+01
2.0094899e+01	2.0004199e+01	3.6448985e-06	1.9999872e+01	2.0005530e+01	1.9999997e+01	2.0211983e+01	2.0011862e+01	2.0151342e+01	2.0119898e+01	2.0131144e+01	2.0068818e+01	2.0165169e+01	2.0000831e+01	2.0140550e+01	2.0176595e+01	2.0003635e+01	1.9999997e+01	2.0000001e+01	1.9999992e+01	1.9999153e+01	2.0151868e+01	1.9999957e+01	5.5148871e-06	2.0133417e+01
2.0094899e+01	2.0004199e+01	3.6448985e-06	1.9999872e+01	2.0005528e+01	1.9999997e+01	2.0211983e+01	2.0011625e+01	2.0151342e+01	2.0119898e+01	2.0131144e+01	2.0068818e+01	2.0165169e+01	2.0000831e+01	2.0140550e+01	2.0176595e+01	2.0003624e+01	1.9999997e+01	2.0000001e+01	1.9999992e+01	1.9999153e+01	2.0151868e+01	1.9999957e+01	5.5148871e-06	2.0133417e+01
2.0094899e+01	2.0004199e+01	3.6448985e-06	1.9999872e+01	2.0005528e+01	1.9999997e+01	2.0211983e+01	2.0011216e+01	2.0151342e+01	2.0119898e+01	2.0131144e+01	2.0068818e+01	2.0165169e+01	2.0000831e+01	2.0140550e+01	2.0176595e+01	2.0003624e+01	1.9999997e+01	2.0000001e+01	1.9999992e+01	1.9999153e+01	2.0151868e+01	1.9999957e+01	5.5148871e-06	2.0133417e+01
2.0094899e+01	2.0004199e+01	3.6448985e-06	1.9999872e+01	2.0005522e+01	1.9999997e+01	2.0211983e+01	2.0010921e+01	2.0151342e+01	2.0119898e+01	2.0131144e+01	2.0068818e+01	2.0165169e+01	2.0000831e+01	2.0140550e+01	2.0176595e+01	2.0003622e+01	1.9999997e+01	2.0000001e+01	1.9999992e+01	1.9999153e+01	2.0151868e+01	1.9999957e+01	5.5148871e-06	2.0133417e+01
2.0094899e+01	2.0004199e+01	3.6448985e-06	1.9999872e+01	2.0005518e+01	1.9999997e+01	2.0211983e+01	2.0010172e+01	2.0151342e+01	2.0119898e+01	2.0131144e+01	2.0068818e+01	2.0165169e+01	2.0000831e+01	2.0140550e+01	2.0176595e+01	2.0003614e+01	1.9999997e+01	2.0000001e+01	1.9999992e+01	1.9999153e+01	2.0151868e+01	1.9999957e+01	5.5148871e-06	2.0133417e+01
2.0094899e+01	2.0004199e+01	3.6448985e-06	1.9999872e+01	2.0005517e+01	1.9999997e+01	2.0211983e+01	2.0010154e+01	2.0151342e+01	2.0119898e+01	2.0117925e+01	2.0068818e+01	2.0165169e+01	2.0000831e+01	2.0140550e+01	2.0176595e+01	2.0003613e+01	1.9999997e+01	2.0000001e+01	1.9999992e+01	1.9999153e+01	2.0151868e+01	1.9999957e+01	5.5148871e-06	2.0133417e+01
2.0094899e+01	2.0004199e+01	3.6448985e-06	1.9999872e+01	2.0005513e+01	1.9999997e+01	2.0211983e+01	2.0009714e+01	2.0151342e+01	2.0119898e+01	2.0117925e+01	2.0068818e+01	2.0165169e+01	2.0000831e+01	2.0140550e+01	2.0176595e+01	2.0003613e+01	1.9999997e+01	2.0000001e+01	1.9999992e+01	1.9999153e+01	2.0151868e+01	1.9999957e+01	5.5148871e-06	2.0133417e+01
2.0094899e+01	2.0004199e+01	3.6448985e-06	1.9999872e+01	2.0005513e+01	1.9999997e+01	2.0211983e+01	2.0009530e+01	2.0151342e+01	2.0119898e+01	2.0117925e+01	2.0068818e+01	2.0165169e+01	2.0000831e+01	2.0140550e+01	2.0176595e+01	2.0003610e+01	1.9999997e+01	2.0000001e+01	1.9999992e+01	1.9999153e+01	2.0151868e+01	1.9999957e+01	5.5148871e-06	2.0133417e+01
2.0094899e+01	2.0004199e+01	3.6448985e-06	1.9999872e+01	2.0005508e+01	1.9999997e+01	2.0211983e+01	2.0008908e+01	2.0151342e+01	2.0119898e+01	2.0117925e+01	2.0068818e+01	2.0165169e+01	2.0000831e+01	2.0140550e+01	2.0176595e+01	2.0003610e+01	1.9999997e+01	2.0000001e+01	1.9999992e+01	1.9999153e+01	2.0151868e+01	1.9999957e+01	5.5148871e-06	2.0133417e+01
2.0094899e+01	2.0004199e+01	3.6448985e-06	1.9999872e+01	2.0005508e+01	1.9999997e+01	2.0211983e+01	2.0008190e+01	2.0151342e+01	2.0119898e+01	2.0117925e+01	2.0068818e+01	2.0165169e+01	2.0000831e+01	2.0140550e+01	2.0176595e+01	2.0003605e+01	1.9999997e+01	2.0000001e+01	1.9999992e+01	1.9999153e+01	2.0151868e+01	1.9999957e+01	5.5148871e-06	2.0133417e+01
2.0094899e+01	2.0004199e+01	3.6448985e-06	1.9999872e+01	2.0005507e+01	1.9999997e+01	2.0211983e+01	2.0008029e+01	2.0151342e+01	2.0119898e+01	2.0104783e+01	2.0068818e+01	2.0165169e+01	2.0000831e+01	2.0140550e+01	2.0176595e+01	2.0003602e+01	1.9999997e+01	2.0000001e+01	1.9999992e+01	1.9999153e+01	2.0151868e+01	1.9999957e+01	5.5148871e-06	2.0133417e+01
2.0094899e+01	2.0004199e+01	3.6448985e-06	1.9999872e+01	2.0005506e+01	1.9999997e+01	2.0211983e+01	2.0007672e+01	2.0151342e+01	2.0119898e+01	2.0076834e+01	2.0068818e+01	2.0165169e+01	2.0000831e+01	2.0140550e+01	2.0176595e+01	2.0003602e+01	1.9999997e+01	2.0000001e+01	1.9999992e+01	1.9999153e+01	2.0151868e+01	1.9999957e+01	5.5148871e-06	2.0133417e+01
2.0094899e+01	2.0004199e+01	3.6448985e-06	1.9999872e+01	2.0005506e+01	1.9999997e+01	2.0211983e+01	2.0007154e+01	2.0151342e+01	2.0119898e+01	2.0076834e+01	2.0068818e+01	2.0165169e+01	2.0000831e+01	2.0140550e+01	2.0176595e+01	2.0003602e+01	1.9999997e+01	2.0000001e+01	1.9999992e+01	1.9999153e+01	2.0151868e+01	1.9999957e+01	5.5148871e-06	2.0133417e+01
2.0094899e+01	2.0004199e+01	3.6448985e-06	1.9999872e+01	2.0005506e+01	1.9999997e+01	2.0211983e+01	2.0007154e+01	2.0151342e+01	2.0119898e+01	2.0076834e+01	2.0068818e+01	2.0165169e+01	2.0000831e+01	2.0140550e+01	2.0176595e+01	2.0003601e+01	1.9999997e+01	2.0000001e+01	1.9999992e+01	1.9999153e+01	2.0151868e+01	1.9999957e+01	5.5148871e-06	2.0133417e+01
2.0094899e+01	2.0004199e+01	3.6448985e-06	1.9999872e+01	2.0005506e+01	1.9999997e+01	2.0211983e+01	2.0006712e+01	2.0151342e+01	2.0119898e+01	2.0074881e+01	2.0068818e+01	2.0165169e+01	2.0000831e+01	2.0140550e+01	2.0176595e+01	2.0003599e+01	1.9999997e+01	2.0000001e+01	1.9999992e+01	1.9999153e+01	2.0151868e+01	1.9999957e+01	5.5148871e-06	2.0133417e+01
2.0094899e+01	2.0004199e+01	3.6448985e-06	1.9999872e+01	2.0005506e+01	1.9999997e+01	2.0211983e+01	2.0005832e+01	2.0151342e+01	2.0119898e+01	2.0054486e+01	2.0068818e+01	2.0165169e+01	2.0000831e+01	2.0140550e+01	2.0176595e+01	2.0003594e+01	1.9999997e+01	2.0000001e+01	1.9999992e+01	1.9999153e+01	2.0151868e+01	1.9999957e+01	5.5148871e-06	2.0133417e+01
2.0094899e+01	2.0004199e+01	3.6448985e-06	1.9999872e+01	2.0005506e+01	1.9999997e+01	2.0211983e+01	2.0005448e+01	2.0151342e+01	2.0119898e+01	2.0047189e+01	2.0068818e+01	2.0165169e+01	2.0000831e+01	2.0140550e+01	2.0176595e+01	2.0003594e+01	1.9999997e+01	2.0000001e+01	1.9999992e+01	1.9999153e+01	2.0151868e+01	1.9999957e+01	5.5148871e-06	2.0133417e+01
2.0094899e+01	2.0004199e+01	3.6448985e-06	1.9999872e+01	2.0005506e+01	1.9999997e+01	2.0211983e+01	2.0005448e+01	2.0151342e+01	2.0119898e+01	2.0045839e+01	2.0068818e+01	2.0165169e+01	2.0000831e+01	2.0073107e+01	2.0176595e+01	2.0003594e+01	1.9999997e+01	2.0000001e+01	1.9999992e+01	1.9999153e+01	2.0151868e+01	1.9999957e+01	5.5148871e-06	2.0133417e+01
2.0094899e+01	2.0004199e+01	3.6448985e-06	1.9999872e+01	2.0005506e+01	1.9999997e+01	2.0211983e+01	2.0004580e+01	2.0151342e+01	2.0119898e+01	2.0037425e+01	2.0068818e+01	2.0165169e+01	2.0000831e+01	2.0058839e+01	2.0176595e+01	2.0003593e+01	1.9999997e+01	2.0000001e+01	1.9999992e+01	1.9999153e+01	2.0151868e+01	1.9999957e+01	5.5148871e-06	2.0133417e+01
2.0094899e+01	2.0004199e+01	3.6448985e-06	1.9999872e+01	2.0005506e+01	1.9999997e+01	2.0211983e+01	2.0004580e+01	2.0151342e+01	2.0119898e+01	2.0033808e+01	2.0068818e+01	2.0165169e+01	2.0000831e+01	2.0058839e+01	2.0176595e+01	2.0003593e+01	1.9999997e+01	2.0000001e+01	1.9999992e+01	1.9999153e+01	2.0151868e+01	1.9999957e+01	5.5148871e-06	2.0133417e+01
2.0094899e+01	2.0004199e+01	3.6448985e-06	1.9999872e+01	2.0005506e+01	1.9999997e+01	2.0211983e+01	2.0004491e+01	2.0151342e+01	2.0119898e+01	2.0029400e+01	2.0068818e+01	2.0165169e+01	2.0000831e+01	2.0048554e+01	2.0176595e+01	2.0003593e+01	1.9999997e+01	2.0000001e+01	1.9999992e+01	1.9999153e+01	2.0151868e+01	1.9999957e+01	5.5148871e-06	2.0133417e+01
2.0094899e+01	2.0004199e+01	3.6448985e-06	1.9999872e+01	2.0005506e+01	1.9999997e+01	2.0211983e+01	2.0004082e+01	2.0151342e+01	2.0119898e+01	2.0029400e+01	2.0068818e+01	2.0165169e+01	2.0000831e+01	2.0048554e+01	2.0176595e+01	2.0003593e+01	1.9999997e+01	2.0000001e+01	1.9999992e+01	1.9999153e+01	2.0151868e+01	1.9999957e+01	5.5148871e-06	2.0133417e+01
2.0094899e+01	2.0004199e+01	3.6448985e-06	1.9999872e+01	2.0005506e+01	1.9999997e+01	2.0211983e+01	2.0004046e+01	2.0151342e+01	2.0119898e+01	2.0027652e+01	2.0068818e+01	2.0165169e+01	2.0000831e+01	2.0034929e+01	2.0176595e+01	2.0003593e+01	1.9999997e+01	2.0000001e+01	1.9999992e+01	1.9999153e+01	2.0151868e+01	1.9999957e+01	5.5148871e-06	2.0133417e+01
2.0094899e+01	2.0004199e+01	3.6448985e-06	1.9999872e+01	2.0005506e+01	1.9999997e+01	2.0211983e+01	2.0003795e+01	2.0151342e+01	2.0119898e+01	2.0027652e+01	2.0068818e+01	2.0092848e+01	2.0000831e+01	2.0034118e+01	2.0176595e+01	2.0003593e+01	1.9999997e+01	2.0000001e+01	1.9999992e+01	1.9999153e+01	2.0151868e+01	1.9999957e+01	5.5148871e-06	2.0133417e+01
2.0094899e+01	2.0004199e+01	3.6448985e-06	1.9999872e+01	2.0005506e+01	1.9999997e+01	2.0211983e+01	2.0003795e+01	2.0151342e+01	2.0119898e+01	2.0027652e+01	2.0068818e+01	2.0092848e+01	2.0000831e+01	2.0034118e+01	2.0176595e+01	2.0003593e+01	1.9999997e+01	2.0000001e+01	1.9999992e+01	1.9999153e+01	2.0151868e+01	1.9999957e+01	5.5148871e-06	2.0133417e+01
2.0094899e+01	2.0004199e+01	3.6448985e-06	1.9999872e+01	2.0005506e+01	1.9999997e+01	2.0211983e+01	2.0003795e+01	2.0151342e+01	2.0119898e+01	2.0027652e+01	2.0068818e+01	2.0092848e+01	2.0000831e+01	2.0033587e+01	2.0176595e+01	2.0003593e+01	1.9999997e+01	2.0000001e+01	1.9999992e+01	1.9999153e+01	2.0151868e+01	1.9999957e+01	5.5148871e-06	2.0133417e+01
2.0094899e+01	2.0004199e+01	3.6448985e-06	1.9999872e+01	2.0005506e+01	1.9999997e+01	2.0211983e+01	2.0003636e+01	2.0151342e+01	2.0119898e+01	2.0027507e+01	2.0061555e+01	2.0092848e+01	2.0000831e+01	2.0033248e+01	2.0176595e+01	2.0003593e+01	1.9999997e+01	2.0000001e+01	1.9999992e+01	1.9999153e+01	2.0151868e+01	1.9999957e+01	5.5148871e-06	2.0133417e+01
2.0094899e+01	2.0004199e+01	3.6448985e-06	1.9999872e+01	2.0005506e+01	1.9999997e+01	2.0211983e+01	2.0003636e+01	2.0151342e+01	2.0119898e+01	2.0026848e+01	2.0061555e+01	2.0092848e+01	2.0000831e+01	2.0031835e+01	2.0176595e+01	2.0003593e+01	1.9999997e+01	2.0000001e+01	1.9999992e+01	1.9999153e+01	2.0151868e+01	1.9999957e+01	5.5148871e-06	2.0133417e+01
2.0094899e+01	2.0004199e+01	3.6448985e-06	1.9999872e+01	2.0005506e+01	1.9999997e+01	2.0211983e+01	2.0003608e+01	2.0151342e+01	2.0119898e+01	2.0026638e+01	2.0061388e+01	2.0092848e+01	2.0000831e+01	2.0031077e+01	2.0176595e+01	2.0003593e+01	1.9999997e+01	2.0000001e+01	1.9999992e+01	1.9999153e+01	2.0151868e+01	1.9999957e+01	5.5148871e-06	2.0133417e+01
2.0094899e+01	2.0004199e+01	3.6448985e-06	1.9999872e+01	2.0005506e+01	1.9999997e+01	2.0211983e+01	2.0003527e+01	2.0151342e+01	2.0119898e+01	2.0026540e+01	2.0056151e+01	2.0092848e+01	2.0000831e+01	2.0030856e+01	2.0176595e+01	2.0003593e+01	1.9999997e+01	2.0000001e+01	1.9999992e+01	1.9999153e+01	2.0151868e+01	1.9999957e+01	5.5148871e-06	2.0133417e+01
2.0094899e+01	2.0004199e+01	3.6448985e-06	1.9999872e+01	2.0005506e+01	1.9999997e+01	2.0211983e+01	2.0003516e+01	2.0151342e+01	2.0119898e+01	2.0026063e+01	2.0056151e+01	2.0092848e+01	2.0000831e+01	2.0030489e+01	2.0176595e+01	2.0003593e+01	1.9999997e+01	2.0000001e+01	1.9999992e+01	1.9999153e+01	2.0151868e+01	1.9999957e+01	5.5148871e-06	2.0133417e+01
2.0094899e+01	2.0004199e+01	3.6448985e-06	1.9999872e+01	2.0005506e+01	1.9999997e+01	2.0211983e+01	2.0003495e+01	2.0151342e+01	2.0119898e+01	2.0026001e+01	2.0051586e+01	2.0092848e+01	2.0000831e+01	2.0029636e+01	2.0176595e+01	2.0003593e+01	1.9999997e+01	2.0000001e+01	1.9999992e+01	1.9999153e+01	2.0151868e+01	1.9999957e+01	5.5148871e-06	2.0133417e+01
2.0094899e+01	2.0004199e+01	3.6448985e-06	1.9999872e+01	2.0005506e+01	1.9999997e+01	2.0211983e+01	2.0003421e+01	2.0151342e+01	2.0119898e+01	2.0025692e+01	2.0051063e+01	2.0092848e+01	2.0000831e+01	2.0029094e+01	2.0176595e+01	2.0003593e+01	1.9999997e+01	2.0000001e+01	1.9999992e+01	1.9999153e+01	2.0151868e+01	1.9999957e+01	5.5148871e-06	2.0133417e+01
2.0094899e+01	2.0004199e+01	3.6448985e-06	1.9999872e+01	2.0005506e+01	1.9999997e+01	2.0211983e+01	2.0003415e+01	2.0151342e+01	2.0119898e+01	2.0025602e+01	2.0050151e+01	2.0092848e+01	2.0000831e+01	2.0028323e+01	2.0176595e+01	2.0003593e+01	1.9999997e+01	2.0000001e+01	1.9999992e+01	1.9999153e+01	2.0151868e+01	1.9999957e+01	5.5148871e-06	2.0133417e+01
2.0094899e+01	2.0004199e+01	3.6448985e-06	1.9999872e+01	2.0005506e+01	1.9999997e+01	2.0211983e+01	2.0003408e+01	2.0151342e+01	2.0119898e+01	2.0025216e+01	2.0050151e+01	2.0092848e+01	2.0000831e+01	2.0027582e+01	2.0176595e+01	2.0003593e+01	1.9999997e+01	2.0000001e+01	1.9999992e+01	1.9999153e+01	2.0151868e+01	1.9999957e+01	5.5148871e-06	2.0133417e+01
2.0094899e+01	2.0004199e+01	3.6448985e-06	1.9999872e+01	2.0005506e+01	1.9999997e+01	2.0211983e+01	2.0003402e+01	2.0151342e+01	2.0119898e+01	2.0024908e+01	2.0049216e+01	2.0075570e+01	2.0000831e+01	2.0027286e+01	2.0176595e+01	2.0003593e+01	1.9999997e+01	2.0000001e+01	1.9999992e+01	1.9999153e+01	2.0151868e+01	1.9999957e+01	5.5148871e-06	2.0133417e+01
2.0094899e+01	2.0004199e+01	3.6448985e-06	1.9999872e+01	2.0005506e+01	1.9999997e+01	2.0211983e+01	2.0003402e+01	2.0151342e+01	2.0119898e+01	2.0024520e+01	2.0048493e+01	2.0075570e+01	2.0000831e+01	2.0026235e+01	2.0176595e+01	2.0003593e+01	1.9999997e+01	2.0000001e+01	1.9999992e+01	1.9999153e+01	2.0151868e+01	1.9999957e+01	5.5148871e-06	2.0133417e+01
2.0094899e+01	2.0004199e+01	3.6448985e-06	1.9999872e+01	2.0005506e+01	1.9999997e+01	2.0211983e+01	2.0003385e+01	2.0151342e+01	2.0119898e+01	2.0023873e+01	2.0047654e+01	2.0075570e+01	2.0000831e+01	2.0024371e+01	2.0176595e+01	2.0003593e+01	1.9999997e+01	2.0000001e+01	1.9999992e+01	1.9999153e+01	2.0151868e+01	1.9999957e+01	5.5148871e-06	2.0133417e+01
2.0094899e+01	2.0004199e+01	3.6448985e-06	1.9999872e+01	2.0005506e+01	1.9999997e+01	2.0211983e+01	2.0003381e+01	2.0151342e+01	2.0119898e+01	2.0022795e+01	2.0047654e+01	2.0065816e+01	2.0000831e+01	2.0024371e+01	2.0176595e+01	2.0003593e+01	1.9999997e+01	2.0000001e+01	1.9999992e+01	1.9999153e+01	2.0151868e+01	1.9999957e+01	5.5148871e-06	2.0133417e+01
2.0094899e+01	2.0004199e+01	3.6448985e-06	1.9999872e+01	2.0005506e+01	1.9999997e+01	2.0211983e+01	2.0003380e+01	2.0151342e+01	2.0119898e+01	2.0021443e+01	2.0046028e+01	2.0046434e+01	2.0000831e+01	2.0023813e+01	2.0176595e+01	2.0003593e+01	1.9999997e+01	2.0000001e+01	1.9999992e+01	1.9999153e+01	2.0151868e+01	1.9999957e+01	5.5148871e-06	2.0133417e+01
2.0094899e+01	2.0004199e+01	3.6448985e-06	1.9999872e+01	2.0005506e+01	1.9999997e+01	2.0211983e+01	2.0003372e+01	2.0151342e+01	2.0119898e+01	2.0021081e+01	2.0045244e+01	2.0046434e+01	2.0000831e+01	2.0023673e+01	2.0176595e+01	2.0003593e+01	1.9999997e+01	2.0000001e+01	1.9999992e+01	1.9999153e+01	2.0151868e+01	1.9999957e+01	5.5148871e-06	2.0133417e+01
2.0094899e+01	2.0004199e+01	3.6448985e-06	1.9999872e+01	2.0005506e+01	1.9999997e+01	2.0211983e+01	2.0003369e+01	2.0151342e+01	2.0119898e+01	2.0019684e+01	2.0044270e+01	2.0043892e+01	2.0000831e+01	2.0022309e+01	2.0176595e+01	2.0003593e+01	1.9999997e+01	2.0000001e+01	1.9999992e+01	1.9999153e+01	2.0151868e+01	1.9999957e+01	5.5148871e-06	2.0133417e+01
2.0094899e+01	2.0004199e+01	3.6448985e-06	1.9999872e+01	2.0005506e+01	1.9999997e+01	2.0211983e+01	2.0003360e+01	2.0151342e+01	2.0119898e+01	2.0017896e+01	2.0043247e+01	2.0030812e+01	2.0000831e+01	2.0021968e+01	2.0176595e+01	2.0003593e+01	1.9999997e+01	2.0000001e+01	1.9999992e+01	1.9999153e+01	2.0151868e+01	1.9999957e+01	5.5148871e-06	2.0133417e+01
2.0094899e+01	2.0004199e+01	3.6448985e-06	1.9999872e+01	2.0005506e+01	1.9999997e+01	2.0211983e+01	2.0003360e+01	2.0151342e+01	2.0119898e+01	2.0017696e+01	2.0043247e+01	2.0030812e+01	2.0000831e+01	2.0021391e+01	2.0176595e+01	2.0003593e+01	1.9999997e+01	2.0000001e+01	1.9999992e+01	1.9999153e+01	2.0151868e+01	1.9999957e+01	5.5148871e-06	2.0133417e+01
2.0094899e+01	2.0004199e+01	3.6448985e-06	1.9999872e+01	2.0005506e+01	1.9999997e+01	2.0211983e+01	2.0003354e+01	2.0151342e+01	2.0119898e+01	2.0016922e+01	2.0042928e+01	2.0030812e+01	2.0000831e+01	2.0019682e+01	2.0176595e+01	2.0003593e+01	1.9999997e+01	2.0000001e+01	1.9999992e+01	1.9999153e+01	2.0151868e+01	1.9999957e+01	5.5148871e-06	2.0077170e+01
2.0094899e+01	2.0004199e+01	3.6448985e-06	1.9999872e+01	2.0005506e+01	1.9999997e+01	2.0211983e+01	2.0003350e+01	2.0151342e+01	2.0119898e+01	2.0016128e+01	2.0042348e+01	2.0030812e+01	2.0000831e+01	2.0019027e+01	2.0176595e+01	2.0003593e+01	1.9999997e+01	2.0000001e+01	1.9999992e+01	1.9999153e+01	2.0151868e+01	1.9999957e+01	5.5148871e-06	2.0077170e+01
2.0094899e+01	2.0004199e+01	3.6448985e-06	1.9999872e+01	2.0005506e+01	1.9999997e+01	2.0211983e+01	2.0003347e+01	2.0151342e+01	2.0119898e+01	2.0015859e+01	2.0041020e+01	2.0030102e+01	2.0000831e+01	2.0017686e+01	2.0176595e+01	2.0003593e+01	1.9999997e+01	2.0000001e+01	1.9999992e+01	1.9999153e+01	2.0151868e+01	1.9999957e+01	5.5148871e-06	2.0064613e+01
2.0094899e+01	2.0004199e+01	3.6448985e-06	1.9999872e+01	2.0005506e+01	1.9999997e+01	2.0211983e+01	2.0003344e+01	2.0151342e+01	2.0119898e+01	2.0015384e+01	2.0040396e+01	2.0027324e+01	2.0000831e+01	2.0016363e+01	2.0176595e+01	2.0003593e+01	1.9999997e+01	2.0000001e+01	1.9999992e+01	1.9999153e+01	2.0151868e+01	1.9999957e+01	5.5148871e-06	2.0060811e+01
2.0094899e+01	2.0004199e+01	3.6448985e-06	1.9999872e+01	2.0005506e+01	1.9999997e+01	2.0211983e+01	2.0003335e+01	2.0151342e+01	2.0119898e+01	2.0015256e+01	2.0039450e+01	2.0027033e+01	2.0000831e+01	2.0015040e+01	2.0176595e+01	2.0003593e+01	1.9999997e+01	2.0000001e+01	1.9999992e+01	1.9999153e+01	2.0151868e+01	1.9999957e+01	5.5148871e-06	2.0054625e+01
2.0094899e+01	2.0004199e+01	3.6448985e-06	1.9999872e+01	2.0005506e+01	1.9999997e+01	2.0211983e+01	2.0003333e+01	2.0151342e+01	2.0119898e+01	2.0015163e+01	2.0037333e+01	2.0026917e+01	2.0000831e+01	2.0012940e+01	2.0176595e+01	2.0003593e+01	1.9999997e+01	2.0000001e+01	1.9999992e+01	1.9999153e+01	2.0151868e+01	1.9999957e+01	5.5148871e-06	2.0054625e+01
2.0094899e+01	2.0004199e+01	3.6448985e-06	1.9999872e+01	2.0005506e+01	1.9999997e+01	2.0211983e+01	2.0003326e+01	2.0151342e+01	2.0119898e+01	2.0014177e+01	2.0034062e+01	2.0026409e+01	2.0000831e+01	2.0012198e+01	2.0176595e+01	2.0003593e+01	1.9999997e+01	2.0000001e+01	1.9999992e+01	1.9999153e+01	2.0151868e+01	1.9999957e+01	5.5148871e-06	2.0054625e+01
2.0094899e+01	2.0004199e+01	3.6448985e-06	1.9999872e+01	2.0005506e+01	1.9999997e+01	2.0211983e+01	2.0003325e+01	2.0151342e+01	2.0119898e+01	2.0014147e+01	2.0034062e+01	2.0026214e+01	2.0000831e+01	2.0011179e+01	2.0176595e+01	2.0003593e+01	1.9999997e+01	2.0000001e+01	1.9999992e+01	1.9999153e+01	2.0151868e+01	1.9999957e+01	5.5148871e-06	2.0054625e+01
2.0094899e+01	2.0004199e+01	3.6448985e-06	1.9999872e+01	2.0005506e+01	1.9999997e+01	2.0211983e+01	2.0003322e+01	2.0151342e+01	2.0119898e+01	2.0014035e+01	2.0033844e+01	2.0025741e+01	2.0000831e+01	2.0009625e+01	2.0176595e+01	2.0003593e+01	1.9999997e+01	2.0000001e+01	1.9999992e+01	1.9999153e+01	2.0151868e+01	1.9999957e+01	5.5148871e-06	2.0053333e+01
2.0094899e+01	2.0004199e+01	3.6448985e-06	1.9999872e+01	2.0005506e+01	1.9999997e+01	2.0211983e+01	2.0003316e+01	2.0151342e+01	2.0119898e+01	2.0013981e+01	2.0033120e+01	2.0025309e+01	2.0000831e+01	2.0008073e+01	2.0176595e+01	2.0003593e+01	1.9999997e+01	2.0000001e+01	1.9999992e+01	1.9999153e+01	2.0151868e+01	1.9999957e+01	5.5148871e-06	2.0051553e+01
2.0094899e+01	2.0004199e+01	3.6448985e-06	1.9999872e+01	2.0005506e+01	1.9999997e+01	2.0211983e+01	2.0003316e+01	2.0151342e+01	2.0119898e+01	2.0013656e+01	2.0030589e+01	2.0025231e+01	2.0000831e+01	2.0007719e+01	2.0176595e+01	2.0003593e+01	1.9999997e+01	2.0000001e+01	1.9999992e+01	1.9999153e+01	2.0151868e+01	1.9999957e+01	5.5148871e-06	2.0050450e+01
2.0094899e+01	2.0004199e+01	3.6448985e-06	1.9999872e+01	2.0005506e+01	1.9999997e+01	2.0211983e+01	2.0003316e+01	2.0151342e+01	2.0119898e+01	2.0013526e+01	2.0028480e+01	2.0024610e+01	2.0000831e+01	2.0006776e+01	2.0176595e+01	2.0003593e+01	1.9999997e+01	2.0000001e+01	1.9999992e+01	1.9999153e+01	2.0151868e+01	1.9999957e+01	5.5148871e-06	2.0050161e+01
2.0094899e+01	2.0004199e+01	3.6448985e-06	1.9999872e+01	2.0005506e+01	1.9999997e+01	2.0211983e+01	2.0003316e+01	2.0151342e+01	2.0119898e+01	2.0013231e+01	2.0027451e+01	2.0023744e+01	2.0000831e+01	2.0006776e+01	2.0176595e+01	2.0003593e+01	1.9999997e+01	2.0000001e+01	1.9999992e+01	1.9999153e+01	2.0151868e+01	1.9999957e+01	5.5148871e-06	2.0048404e+01
2.0094899e+01	2.0004199e+01	3.6448985e-06	1.9999872e+01	2.0005506e+01	1.9999997e+01	2.0211983e+01	2.0003310e+01	2.0151342e+01	2.0119898e+01	2.0013090e+01	2.0025781e+01	2.0023557e+01	2.0000831e+01	2.0006460e+01	2.0176595e+01	2.0003593e+01	1.9999997e+01	2.0000001e+01	1.9999992e+01	1.9999153e+01	2.0151868e+01	1.9999957e+01	5.5148871e-06	2.0048404e+01
2.0094899e+01	2.0004199e+01	3.6448985e-06	1.9999872e+01	2.0005506e+01	1.9999997e+01	2.0211983e+01	2.0003309e+01	2.0151342e+01	2.0119898e+01	2.0012417e+01	2.0025781e+01	2.0020669e+01	2.0000831e+01	2.0005957e+01	2.0176595e+01	2.0003593e+01	1.9999997e+01	2.0000001e+01	1.9999992e+01	1.9999153e+01	2.0151868e+01	1.9999957e+01	5.5148871e-06	2.0047664e+01
2.0094899e+01	2.0004199e+01	3.6448985e-06	1.9999872e+01	2.0005506e+01	1.9999997e+01	2.0211983e+01	2.0003309e+01	2.0151342e+01	2.0119898e+01	2.0011828e+01	2.0022689e+01	2.0017374e+01	2.0000831e+01	2.0005443e+01	2.0176595e+01	2.0003593e+01	1.9999997e+01	2.0000001e+01	1.9999992e+01	1.9999153e+01	2.0151868e+01	1.9999957e+01	5.5148871e-06	2.0047048e+01
2.0094899e+01	2.0004199e+01	3.6448985e-06	1.9999872e+01	2.0005506e+01	1.9999997e+01	2.0211983e+01	2.0003309e+01	2.0151342e+01	2.0119898e+01	2.0011304e+01	2.0021552e+01	2.0015952e+01	2.0000831e+01	2.0005443e+01	2.0176595e+01	2.0003593e+01	1.9999997e+01	2.0000001e+01	1.9999992e+01	1.9999153e+01	2.0151868e+01	1.9999957e+01	5.5148871e-06	2.0046226e+01
2.0094899e+01	2.0004199e+01	3.6448985e-06	1.9999872e+01	2.0005506e+01	1.9999997e+01	2.0211983e+01	2.0003309e+01	2.0151342e+01	2.0119898e+01	2.0010904e+01	2.0021267e+01	2.0014955e+01	2.0000831e+01	2.0005150e+01	2.0176595e+01	2.0003593e+01	1.9999997e+01	2.0000001e+01	1.9999992e+01	1.9999153e+01	2.0151868e+01	1.9999957e+01	5.5148871e-06	2.0044002e+01
2.0094899e+01	2.0004199e+01	3.6448985e-06	1.9999872e+01	2.0005506e+01	1.9999997e+01	2.0211983e+01	2.0003309e+01	2.0151342e+01	2.0119898e+01	2.0010511e+01	2.0017892e+01	2.0014955e+01	2.0000831e+01	2.0004932e+01	2.0176595e+01	2.0003593e+01	1.9999997e+01	2.0000001e+01	1.9999992e+01	1.9999153e+01	2.0151868e+01	1.9999957e+01	5.5148871e-06	2.0043744e+01
2.0094899e+01	2.0004199e+01	3.6448985e-06	1.9999872e+01	2.0005506e+01	1.9999997e+01	2.0211983e+01	2.0003309e+01	2.0151342e+01	2.0119898e+01	2.0010138e+01	2.0016855e+01	2.0014955e+01	2.0000831e+01	2.0004696e+01	2.0176595e+01	2.0003593e+01	1.9999997e+01	2.0000001e+01	1.9999992e+01	1.9999153e+01	2.0151868e+01	1.9999957e+01	5.5148871e-06	2.0042051e+01
2.0094899e+01	2.0004199e+01	3.6448985e-06	1.9999872e+01	2.0005506e+01	1.9999997e+01	2.0211983e+01	2.0003309e+01	2.0151342e+01	2.0119898e+01	2.0009956e+01	2.0015213e+01	2.0013877e+01	2.0000831e+01	2.0004383e+01	2.0176595e+01	2.0003593e+01	1.9999997e+01	2.0000001e+01	1.9999992e+01	1.9999153e+01	2.0151868e+01	1.9999957e+01	5.5148871e-06	2.0040956e+01
2.0094899e+01	2.0004199e+01	3.6448985e-06	1.9999872e+01	2.0005506e+01	1.9999997e+01	2.0211983e+01	2.0003309e+01	2.0151342e+01	2.0119898e+01	2.0009527e+01	2.0013454e+01	2.0013077e+01	2.0000831e+01	2.0004383e+01	2.0176595e+01	2.0003593e+01	1.9999997e+01	2.0000001e+01	1.9999992e+01	1.9999153e+01	2.0151868e+01	1.9999957e+01	5.5148871e-06	2.0038429e+01
2.0094899e+01	2.0004199e+01	3.6448985e-06	1.9999872e+01	2.0005506e+01	1.9999997e+01	2.0211983e+01	2.0003309e+01	2.0151342e+01	2.0119898e+01	2.0009339e+01	2.0012852e+01	2.0012850e+01	2.0000831e+01	2.0004237e+01	2.0176595e+01	2.0003593e+01	1.9999997e+01	2.0000001e+01	1.9999992e+01	1.9999153e+01	2.0151868e+01	1.9999957e+01	5.5148871e-06	2.0036580e+01
2.0094899e+01	2.0004199e+01	3.6448985e-06	1.9999872e+01	2.0005506e+01	1.9999997e+01	2.0211983e+01	2.0003309e+01	2.0151342e+01	2.0119898e+01	2.0009288e+01	2.0012026e+01	2.0012087e+01	2.0000831e+01	2.0004134e+01	2.0176595e+01	2.0003593e+01	1.9999997e+01	2.0000001e+01	1.9999992e+01	1.9999153e+01	2.0151868e+01	1.9999957e+01	5.5148871e-06	2.0033910e+01
2.0094899e+01	2.0004199e+01	3.6448985e-06	1.9999872e+01	2.0005506e+01	1.9999997e+01	2.0211983e+01	2.0003309e+01	2.0151342e+01	2.0119898e+01	2.0009225e+01	2.0010990e+01	2.0011549e+01	2.0000831e+01	2.0004022e+01	2.0176595e+01	2.0003593e+01	1.9999997e+01	2.0000001e+01	1.9999992e+01	1.9999153e+01	2.0151868e+01	1.9999957e+01	5.5148871e-06	2.0032723e+01
2.0094899e+01	2.0004199e+01	3.6448985e-06	1.9999872e+01	2.0005506e+01	1.9999997e+01	2.0201688e+01	2.0003309e+01	2.0151342e+01	2.0119898e+01	2.0009080e+01	2.0009967e+01	2.0010956e+01	2.0000831e+01	2.0003923e+01	2.0176595e+01	2.0003593e+01	1.9999997e+01	2.0000001e+01	1.9999992e+01	1.9999153e+01	2.0151868e+01	1.9999957e+01	5.5148871e-06	2.0032723e+01
2.0094899e+01	2.0004199e+01	3.6448985e-06	1.9999872e+01	2.0005506e+01	1.9999997e+01	2.0201688e+01	2.0003309e+01	2.0151342e+01	2.0119898e+01	2.0009053e+01	2.0009530e+01	2.0010639e+01	2.0000831e+01	2.0003823e+01	2.0176595e+01	2.0003593e+01	1.9999997e+01	2.0000001e+01	1.9999992e+01	1.9999153e+01	2.0151868e+01	1.9999957e+01	5.5148871e-06	2.0030407e+01
2.0094899e+01	2.0004199e+01	3.6448985e-06	1.9999872e+01	2.0005506e+01	1.9999997e+01	2.0201688e+01	2.0003309e+01	2.0151342e+01	2.0119898e+01	2.0008896e+01	2.0009025e+01	2.0010073e+01	2.0000831e+01	2.0003689e+01	2.0176595e+01	2.0003593e+01	1.9999997e+01	2.0000001e+01	1.9999992e+01	1.9999153e+01	2.0151868e+01	1.9999957e+01	5.5148871e-06	2.0028355e+01
2.0094899e+01	2.0004199e+01	3.6448985e-06	1.9999872e+01	2.0005506e+01	1.9999997e+01	2.0201688e+01	2.0003309e+01	2.0151342e+01	2.0119898e+01	2.0008896e+01	2.0008395e+01	2.0009637e+01	2.0000831e+01	2.0003538e+01	2.0176595e+01	2.0003593e+01	1.9999997e+01	2.0000001e+01	1.9999992e+01	1.9999153e+01	2.0151868e+01	1.9999957e+01	5.5148871e-06	2.0026450e+01
2.0094899e+01	2.0004199e+01	3.6448985e-06	1.9999872e+01	2.0005506e+01	1.9999997e+01	2.0201688e+01	2.0003309e+01	2.0151342e+01	2.0119898e+01	2.0008723e+01	2.0008234e+01	2.0009110e+01	2.0000831e+01	2.0003465e+01	2.0176595e+01	2.0003593e+01	1.9999997e+01	2.0000001e+01	1.9999992e+01	1.9999153e+01	2.0151868e+01	1.9999957e+01	5.5148871e-06	2.0024468e+01
2.0094899e+01	2.0004199e+01	3.6448985e-06	1.9999872e+01	2.0005506e+01	1.9999997e+01	2.0201688e+01	2.0003309e+01	2.0151342e+01	2.0119898e+01	2.0008701e+01	2.0007484e+01	2.0008466e+01	2.0000831e+01	2.0003298e+01	2.0176595e+01	2.0003593e+01	1.9999997e+01	2.0000001e+01	1.9999992e+01	1.9999153e+01	2.0151868e+01	1.9999957e+01	5.5148871e-06	2.0023540e+01
2.0094899e+01	2.0004199e+01	3.6448985e-06	1.9999872e+01	2.0005506e+01	1.9999997e+01	2.0201688e+01	2.0003309e+01	2.0151342e+01	2.0119898e+01	2.0008701e+01	2.0007120e+01	2.0007844e+01	2.0000831e+01	2.0003169e+01	2.0176595e+01	2.0003593e+01	1.9999997e+01	2.0000001e+01	1.9999992e+01	1.9999153e+01	2.0151868e+01	1.9999957e+01	5.5148871e-06	2.0022475e+01
2.0094899e+01	2.0004199e+01	3.6448985e-06	1.9999872e+01	2.0005506e+01	1.9999997e+01	2.0201688e+01	2.0003309e+01	2.0151342e+01	2.0119898e+01	2.0008678e+01	2.0006736e+01	2.0007316e+01	2.0000831e+01	2.0003022e+01	2.0176595e+01	2.0003593e+01	1.9999997e+01	2.0000001e+01	1.9999992e+01	1.9999153e+01	2.0151868e+01	1.9999957e+01	5.5148871e-06	2.0020973e+01
2.0094899e+01	2.0004199e+01	3.6448985e-06	1.9999872e+01	2.0005506e+01	1.9999997e+01	2.0201688e+01	2.0003309e+01	2.0151342e+01	2.0119898e+01	2.0008646e+01	2.0006613e+01	2.0006790e+01	2.0000831e+01	2.0002983e+01	2.0176595e+01	2.0003593e+01	1.9999997e+01	2.0000001e+01	1.9999992e+01	1.9999153e+01	2.0151868e+01	1.9999957e+01	5.5148871e-06	2.0018869e+01
2.0094899e+01	2.0004199e+01	3.6448985e-06	1.9999872e+01	2.0005506e+01	1.9999997e+01	2.0201688e+01	2.0003309e+01	2.0151342e+01	2.0119898e+01	2.0008646e+01	2.0006313e+01	2.0006116e+01	2.0000831e+01	2.0002893e+01	2.0176595e+01	2.0003593e+01	1.9999997e+01	2.0000001e+01	1.9999992e+01	1.9999153e+01	2.0151868e+01	1.9999957e+01	5.5148871e-06	2.0016965e+01
2.0094899e+01	2.0004199e+01	3.6448985e-06	1.9999872e+01	2.0005506e+01	1.9999997e+01	2.0201688e+01	2.0003309e+01	2.0151342e+01	2.0119898e+01	2.0008627e+01	2.0006061e+01	2.0005633e+01	2.0000831e+01	2.0002863e+01	2.0176595e+01	2.0003593e+01	1.9999997e+01	2.0000001e+01	1.9999992e+01	1.9999153e+01	2.0151868e+01	1.9999957e+01	5.5148871e-06	2.0015740e+01
2.0094899e+01	2.0004199e+01	3.6448985e-06	1.9999872e+01	2.0005506e+01	1.9999997e+01	2.0201688e+01	2.0003309e+01	2.0151342e+01	2.0119898e+01	2.0008627e+01	2.0005786e+01	2.0005633e+01	2.0000831e+01	2.0002815e+01	2.0176595e+01	2.0003593e+01	1.9999997e+01	2.0000001e+01	1.9999992e+01	1.9999153e+01	2.0151868e+01	1.9999957e+01	5.5148871e-06	2.0015232e+01
2.0094899e+01	2.0004199e+01	3.6448985e-06	1.9999872e+01	2.0005506e+01	1.9999997e+01	2.0201688e+01	2.0003309e+01	2.0151342e+01	2.0119898e+01	2.0008623e+01	2.0005540e+01	2.0005338e+01	2.0000831e+01	2.0002784e+01	2.0176595e+01	2.0003593e+01	1.9999997e+01	2.0000001e+01	1.9999992e+01	1.9999153e+01	2.0151868e+01	1.9999957e+01	5.5148871e-06	2.0014632e+01
2.0094899e+01	2.0004199e+01	3.6448985e-06	1.9999872e+01	2.0005506e+01	1.9999997e+01	2.0201688e+01	2.0003309e+01	2.0151342e+01	2.0119898e+01	2.0008620e+01	2.0005244e+01	2.0005139e+01	2.0000831e+01	2.0002767e+01	2.0176595e+01	2.0003593e+01	1.9999997e+01	2.0000001e+01	1.9999992e+01	1.9999153e+01	2.0151868e+01	1.9999957e+01	5.5148871e-06	2.0013650e+01
2.0094899e+01	2.0004199e+01	3.6448985e-06	1.9999872e+01	2.0005506e+01	1.9999997e+01	2.0201688e+01	2.0003309e+01	2.0151342e+01	2.0119898e+01	2.0008605e+01	2.0005012e+01	2.0004902e+01	2.0000831e+01	2.0002759e+01	2.0176595e+01	2.0003593e+01	1.9999997e+01	2.0000001e+01	1.9999992e+01	1.9999153e+01	2.0151868e+01	1.9999957e+01	5.5148871e-06	2.0012993e+01
2.0094899e+01	2.0004199e+01	3.6448985e-06	1.9999872e+01	2.0005506e+01	1.9999997e+01	2.0201688e+01	2.0003309e+01	2.0151342e+01	2.0119898e+01	2.0008600e+01	2.0004859e+01	2.0004763e+01	2.0000831e+01	2.0002759e+01	2.0176595e+01	2.0003593e+01	1.9999997e+01	2.0000001e+01	1.9999992e+01	1.9999153e+01	2.0151868e+01	1.9999957e+01	5.5148871e-06	2.0012569e+01
2.0094899e+01	2.0004199e+01	3.6448985e-06	1.9999872e+01	2.0005506e+01	1.9999997e+01	2.0201688e+01	2.0003309e+01	2.0151342e+01	2.0119898e+01	2.0008576e+01	2.0004809e+01	2.0004713e+01	2.0000831e+01	2.0002756e+01	2.0176595e+01	2.0003593e+01	1.9999997e+01	2.0000001e+01	1.9999992e+01	1.9999153e+01	2.0151868e+01	1.9999957e+01	5.5148871e-06	2.0011744e+01
2.0094899e+01	2.0004199e+01	3.6448985e-06	1.9999872e+01	2.0005506e+01	1.9999997e+01	2.0201688e+01	2.0003309e+01	2.0151342e+01	2.0119898e+01	2.0008575e+01	2.0004606e+01	2.0004468e+01	2.0000831e+01	2.0002746e+01	2.0176595e+01	2.0003593e+01	1.9999997e+01	2.0000001e+01	1.9999992e+01	1.9999153e+01	2.0151868e+01	1.9999957e+01	5.5148871e-06	2.0011308e+01
2.0094899e+01	2.0004199e+01	3.6448985e-06	1.9999872e+01	2.0005506e+01	1.9999997e+01	2.0201688e+01	2.0003309e+01	2.0151342e+01	2.0119898e+01	2.0008566e+01	2.0004419e+01	2.0004369e+01	2.0000831e+01	2.0002742e+01	2.0176595e+01	2.0003593e+01	1.9999997e+01	2.0000001e+01	1.9999992e+01	1.9999153e+01	2.0151868e+01	1.9999957e+01	5.5148871e-06	2.0010028e+01
2.0094899e+01	2.0004199e+01	3.6448985e-06	1.9999872e+01	2.0005506e+01	1.9999997e+01	2.0201688e+01	2.0003309e+01	2.0151342e+01	2.0119898e+01	2.0008561e+01	2.0004333e+01	2.0004237e+01	2.0000831e+01	2.0002738e+01	2.0176595e+01	2.0003593e+01	1.9999997e+01	2.0000001e+01	1.9999992e+01	1.9999153e+01	2.0151868e+01	1.9999957e+01	5.5148871e-06	2.0008998e+01
2.0094899e+01	2.0004199e+01	3.6448985e-06	1.9999872e+01	2.0005506e+01	1.9999997e+01	2.0201688e+01	2.0003309e+01	2.0151342e+01	2.0119898e+01	2.0008549e+01	2.0004136e+01	2.0004084e+01	2.0000831e+01	2.0002734e+01	2.0176595e+01	2.0003593e+01	1.9999997e+01	2.0000001e+01	1.9999992e+01	1.9999153e+01	2.0151868e+01	1.9999957e+01	5.5148871e-06	2.0008561e+01
2.0094899e+01	2.0004199e+01	3.6448985e-06	1.9999872e+01	2.0005506e+01	1.9999997e+01	2.0201688e+01	2.0003309e+01	2.0151342e+01	2.0119898e+01	2.0008522e+01	2.0004118e+01	2.0004031e+01	2.0000831e+01	2.0002734e+01	2.0176595e+01	2.0003593e+01	1.9999997e+01	2.0000001e+01	1.9999992e+01	1.9999153e+01	2.0151868e+01	1.9999957e+01	5.5148871e-06	2.0008043e+01
2.0094899e+01	2.0004199e+01	3.6448985e-06	1.9999872e+01	2.0005506e+01	1.9999997e+01	2.0201688e+01	2.0003309e+01	2.0151342e+01	2.0119898e+01	2.0008503e+01	2.0004070e+01	2.0003977e+01	2.0000831e+01	2.0002734e+01	2.0176595e+01	2.0003593e+01	1.9999997e+01	2.0000001e+01	1.9999992e+01	1.9999153e+01	2.0151868e+01	1.9999957e+01	5.5148871e-06	2.0007706e+01
2.0094899e+01	2.0004199e+01	3.6448985e-06	1.9999872e+01	2.0005506e+01	1.9999997e+01	2.0201688e+01	2.0003309e+01	2.0151342e+01	2.0119898e+01	2.0008481e+01	2.0004006e+01	2.0003815e+01	2.0000831e+01	2.0002734e+01	2.0176595e+01	2.0003593e+01	1.9999997e+01	2.0000001e+01	1.9999992e+01	1.9999153e+01	2.0151868e+01	1.9999957e+01	5.5148871e-06	2.0007414e+01
2.0094899e+01	2.0004199e+01	3.6448985e-06	1.9999872e+01	2.0005506e+01	1.9999997e+01	2.0201688e+01	2.0003309e+01	2.0151342e+01	2.0119898e+01	2.0008465e+01	2.0003968e+01	2.0003771e+01	2.0000831e+01	2.0002734e+01	2.0176595e+01	2.0003593e+01	1.9999997e+01	2.0000001e+01	1.9999992e+01	1.9999153e+01	2.0151868e+01	1.9999957e+01	5.5148871e-06	2.0007149e+01
2.0094899e+01	2.0004199e+01	3.6448985e-06	1.9999872e+01	2.0005506e+01	1.9999997e+01	2.0201688e+01	2.0003309e+01	2.0151342e+01	2.0086684e+01	2.0008449e+01	2.0003959e+01	2.0003720e+01	2.0000831e+01	2.0002734e+01	2.0176595e+01	2.0003593e+01	1.9999997e+01	2.0000001e+01	1.9999992e+01	1.9999153e+01	2.0151868e+01	1.9999957e+01	5.5148871e-06	2.0006969e+01
2.0094899e+01	2.0004199e+01	3.6448985e-06	1.9999872e+01	2.0005506e+01	1.9999997e+01	2.0201688e+01	2.0003309e+01	2.0151342e+01	2.0081036e+01	2.0008422e+01	2.0003947e+01	2.0003687e+01	2.0000831e+01	2.0002734e+01	2.0176595e+01	2.0003593e+01	1.9999997e+01	2.0000001e+01	1.9999992e+01	1.9999153e+01	2.0151868e+01	1.9999957e+01	5.5148871e-06	2.0006775e+01
2.0094899e+01	2.0004199e+01	3.6448985e-06	1.9999872e+01	2.0005506e+01	1.9999997e+01	2.0201688e+01	2.0003309e+01	2.0151342e+01	2.0077553e+01	2.0008412e+01	2.0003945e+01	2.0003671e+01	2.0000831e+01	2.0002734e+01	2.0176595e+01	2.0003593e+01	1.9999997e+01	2.0000001e+01	1.9999992e+01	1.9999153e+01	2.0151868e+01	1.9999957e+01	5.5148871e-06	2.0006604e+01
2.0094899e+01	2.0004199e+01	3.6448985e-06	1.9999872e+01	2.0005506e+01	1.9999997e+01	2.0201688e+01	2.0003309e+01	2.0151342e+01	2.0076443e+01	2.0008386e+01	2.0003928e+01	2.0003652e+01	2.0000831e+01	2.0002734e+01	2.0176595e+01	2.0003593e+01	1.9999997e+01	2.0000001e+01	1.9999992e+01	1.9999153e+01	2.0151868e+01	1.9999957e+01	5.5148871e-06	2.0006437e+01
2.0094899e+01	2.0004199e+01	3.6448985e-06	1.9999872e+01	2.0005506e+01	1.9999997e+01	2.0201688e+01	2.0003309e+01	2.0151342e+01	2.0074814e+01	2.0008377e+01	2.0003922e+01	2.0003621e+01	2.0000831e+01	2.0002734e+01	2.0176595e+01	2.0003593e+01	1.9999997e+01	2.0000001e+01	1.9999992e+01	1.9999153e+01	2.0151868e+01	1.9999957e+01	5.5148871e-06	2.0006174e+01
2.0094899e+01	2.0004199e+01	3.6448985e-06	1.9999872e+01	2.0005506e+01	1.9999997e+01	2.0201688e+01	2.0003309e+01	2.0151342e+01	2.0074814e+01	2.0008371e+01	2.0003920e+01	2.0003615e+01	2.0000831e+01	2.0002734e+01	2.0176595e+01	2.0003593e+01	1.9999997e+01	2.0000001e+01	1.9999992e+01	1.9999153e+01	2.0151868e+01	1.9999957e+01	5.5148871e-06	2.0006023e+01
2.0094899e+01	2.0004199e+01	3.6448985e-06	1.9999872e+01	2.0005506e+01	1.9999997e+01	2.0201688e+01	2.0003309e+01	2.0151342e+01	2.0074409e+01	2.0008367e+01	2.0003916e+01	2.0003607e+01	2.0000831e+01	2.0002734e+01	2.0176595e+01	2.0003593e+01	1.9999997e+01	2.0000001e+01	1.9999992e+01	1.9999153e+01	2.0151868e+01	1.9999957e+01	5.5148871e-06	2.0005950e+01
2.0094899e+01	2.0004199e+01	3.6448985e-06	1.9999872e+01	2.0005506e+01	1.9999997e+01	2.0201688e+01	2.0003309e+01	2.0151342e+01	2.0073983e+01	2.0008350e+01	2.0003902e+01	2.0003597e+01	2.0000831e+01	2.0002734e+01	2.0176595e+01	2.0003593e+01	1.9999997e+01	2.0000001e+01	1.9999992e+01	1.9999153e+01	2.0151868e+01	1.9999957e+01	5.5148871e-06	2.0004849e+01
2.0094899e+01	2.0004199e+01	3.6448985e-06	1.9999872e+01	2.0005506e+01	1.9999997e+01	2.0201688e+01	2.0003309e+01	2.0151342e+01	2.0073514e+01	2.0008339e+01	2.0003897e+01	2.0003587e+01	2.0000831e+01	2.0002734e+01	2.0176595e+01	2.0003593e+01	1.9999997e+01	2.0000001e+01	1.9999992e+01	1.9999153e+01	2.0151868e+01	1.9999957e+01	5.5148871e-06	2.0004669e+01
2.0094899e+01	2.0004199e+01	3.6448985e-06	1.9999872e+01	2.0005506e+01	1.9999997e+01	2.0201688e+01	2.0003309e+01	2.0151342e+01	2.0072052e+01	2.0008339e+01	2.0003895e+01	2.0003577e+01	2.0000831e+01	2.0002734e+01	2.0176595e+01	2.0003593e+01	1.9999997e+01	2.0000001e+01	1.9999992e+01	1.9999153e+01	2.0151868e+01	1.9999957e+01	5.5148871e-06	2.0004417e+01
2.0094899e+01	2.0004199e+01	3.6448985e-06	1.9999872e+01	2.0005506e+01	1.9999997e+01	2.0201688e+01	2.0003309e+01	2.0151342e+01	2.0071505e+01	2.0008339e+01	2.0003895e+01	2.0003568e+01	2.0000831e+01	2.0002734e+01	2.0176595e+01	2.0003593e+01	1.9999997e+01	2.0000001e+01	1.9999992e+01	1.9999153e+01	2.0151868e+01	1.9999957e+01	5.5148871e-06	2.0004253e+01
2.0094899e+01	2.0004199e+01	3.6448985e-06	1.9999872e+01	2.0005506e+01	1.9999997e+01	2.0201688e+01	2.0003309e+01	2.0151342e+01	2.0068656e+01	2.0008331e+01	2.0003895e+01	2.0003568e+01	2.0000831e+01	2.0002734e+01	2.0176595e+01	2.0003593e+01	1.9999997e+01	2.0000001e+01	1.9999992e+01	1.9999153e+01	2.0151868e+01	1.9999957e+01	5.5148871e-06	2.0004027e+01
2.0094899e+01	2.0004199e+01	3.6448985e-06	1.9999872e+01	2.0005506e+01	1.9999997e+01	2.0201688e+01	2.0003309e+01	2.0151342e+01	2.0067145e+01	2.0008331e+01	2.0003895e+01	2.0003568e+01	2.0000831e+01	2.0002734e+01	2.0176595e+01	2.0003593e+01	1.9999997e+01	2.0000001e+01	1.9999992e+01	1.9999153e+01	2.0151868e+01	1.9999957e+01	5.5148871e-06	2.0003756e+01
2.0094899e+01	2.0004199e+01	3.6448985e-06	1.9999872e+01	2.0005506e+01	1.9999997e+01	2.0201688e+01	2.0003309e+01	2.0151342e+01	2.0061601e+01	2.0008327e+01	2.0003895e+01	2.0003568e+01	2.0000831e+01	2.0002734e+01	2.0176595e+01	2.0003593e+01	1.9999997e+01	2.0000001e+01	1.9999992e+01	1.9999153e+01	2.0151868e+01	1.9999957e+01	5.5148871e-06	2.0003718e+01
2.0094899e+01	2.0004199e+01	3.6448985e-06	1.9999872e+01	2.0005506e+01	1.9999997e+01	2.0201688e+01	2.0003309e+01	2.0151342e+01	2.0058450e+01	2.0008322e+01	2.0003895e+01	2.0003568e+01	2.0000831e+01	2.0002734e+01	2.0176595e+01	2.0003593e+01	1.9999997e+01	2.0000001e+01	1.9999992e+01	1.9999153e+01	2.0151868e+01	1.9999957e+01	5.5148871e-06	2.0003621e+01
2.0094899e+01	2.0004199e+01	3.6448985e-06	1.9999872e+01	2.0005506e+01	1.9999997e+01	2.0201688e+01	2.0003309e+01	2.0151342e+01	2.0055170e+01	2.0008322e+01	2.0003895e+01	2.0003568e+01	2.0000831e+01	2.0002734e+01	2.0176595e+01	2.0003593e+01	1.9999997e+01	2.0000001e+01	1.9999992e+01	1.9999153e+01	2.0151868e+01	1.9999957e+01	5.5148871e-06	2.0003567e+01
2.0094899e+01	2.0004199e+01	3.6448985e-06	1.9999872e+01	2.0005506e+01	1.9999997e+01	2.0201688e+01	2.0003309e+01	2.0151342e+01	2.0053312e+01	2.0008321e+01	2.0003895e+01	2.0003568e+01	2.0000831e+01	2.0002734e+01	2.0176595e+01	2.0003593e+01	1.9999997e+01	2.0000001e+01	1.9999992e+01	1.9999153e+01	2.0151868e+01	1.9999957e+01	5.5148871e-06	2.0003555e+01
2.0094899e+01	2.0004199e+01	3.6448985e-06	1.9999872e+01	2.0005506e+01	1.9999997e+01	2.0201688e+01	2.0003309e+01	2.0151342e+01	2.0045273e+01	2.0008321e+01	2.0003895e+01	2.0003568e+01	2.0000831e+01	2.0002734e+01	2.0176595e+01	2.0003593e+01	1.9999997e+01	2.0000001e+01	1.9999992e+01	1.9999153e+01	2.0151868e+01	1.9999957e+01	5.5148871e-06	2.0003514e+01
2.0094899e+01	2.0004199e+01	3.6448985e-06	1.9999872e+01	2.0005506e+01	1.9999997e+01	2.0201688e+01	2.0003309e+01	2.0151342e+01	2.0042861e+01	2.0008321e+01	2.0003895e+01	2.0003568e+01	2.0000831e+01	2.0002734e+01	2.0176595e+01	2.0003593e+01	1.9999997e+01	2.0000001e+01	1.9999992e+01	1.9999153e+01	2.0151868e+01	1.9999957e+01	5.5148871e-06	2.0003483e+01
2.0094899e+01	2.0004199e+01	3.6448985e-06	1.9999872e+01	2.0005506e+01	1.9999997e+01	2.0201688e+01	2.0003309e+01	2.0151342e+01	2.0041115e+01	2.0008321e+01	2.0003895e+01	2.0003568e+01	2.0000831e+01	2.0002734e+01	2.0176595e+01	2.0003593e+01	1.9999997e+01	2.0000001e+01	1.9999992e+01	1.9999153e+01	2.0151868e+01	1.9999957e+01	5.5148871e-06	2.0003479e+01
2.0094899e+01	2.0004199e+01	3.6448985e-06	1.9999872e+01	2.0005506e+01	1.9999997e+01	2.0201688e+01	2.0003309e+01	2.0151342e+01	2.0033766e+01	2.0008321e+01	2.0003895e+01	2.0003568e+01	2.0000831e+01	2.0002734e+01	2.0176595e+01	2.0003593e+01	1.9999997e+01	2.0000001e+01	1.9999992e+01	1.9999153e+01	2.0121110e+01	1.9999957e+01	5.5148871e-06	2.0003459e+01
2.0094899e+01	2.0004199e+01	3.6448985e-06	1.9999872e+01	2.0005506e+01	1.9999997e+01	2.0201688e+01	2.0003309e+01	2.0151342e+01	2.0031810e+01	2.0008321e+01	2.0003895e+01	2.0003568e+01	2.0000831e+01	2.0002734e+01	2.0176595e+01	2.0003593e+01	1.9999997e+01	2.0000001e+01	1.9999992e+01	1.9999153e+01	2.0121110e+01	1.9999957e+01	5.5148871e-06	2.0003448e+01
2.0094899e+01	2.0004199e+01	3.6448985e-06	1.9999872e+01	2.0005506e+01	1.9999997e+01	2.0184167e+01	2.0003309e+01	2.0151342e+01	2.0030002e+01	2.0008321e+01	2.0003895e+01	2.0003568e+01	2.0000831e+01	2.0002734e+01	2.0176595e+01	2.0003593e+01	1.9999997e+01	2.0000001e+01	1.9999992e+01	1.9999153e+01	2.0121110e+01	1.9999957e+01	5.5148871e-06	2.0003444e+01
2.0094899e+01	2.0004199e+01	3.6448985e-06	1.9999872e+01	2.0005506e+01	1.9999997e+01	2.0155271e+01	2.0003309e+01	2.0151342e+01	2.0028487e+01	2.0008321e+01	2.0003895e+01	2.0003568e+01	2.0000831e+01	2.0002734e+01	2.0176595e+01	2.0003593e+01	1.9999997e+01	2.0000001e+01	1.9999992e+01	1.9999153e+01	2.0114543e+01	1.9999957e+01	5.5148871e-06	2.0003431e+01
2.0094899e+01	2.0004199e+01	3.6448985e-06	1.9999872e+01	2.0005506e+01	1.9999997e+01	2.0155271e+01	2.0003309e+01	2.0151342e+01	2.0025547e+01	2.0008321e+01	2.0003895e+01	2.0003568e+01	2.0000831e+01	2.0002734e+01	2.0164414e+01	2.0003593e+01	1.9999997e+01	2.0000001e+01	1.9999992e+01	1.9999153e+01	2.0079690e+01	1.9999957e+01	5.5148871e-06	2.0003410e+01
2.0094899e+01	2.0004199e+01	3.6448985e-06	1.9999872e+01	2.0005506e+01	1.9999997e+01	2.0153179e+01	2.0003309e+01	2.0151342e+01	2.0023665e+01	2.0008321e+01	2.0003895e+01	2.0003568e+01	2.0000831e+01	2.0002734e+01	2.0164414e+01	2.0003593e+01	1.9999997e+01	2.0000001e+01	1.9999992e+01	1.9999153e+01	2.0073318e+01	1.9999957e+01	5.5148871e-06	2.0003405e+01
2.0094899e+01	2.0004199e+01	3.6448985e-06	1.9999872e+01	2.0005506e+01	1.9999997e+01	2.0145812e+01	2.0003309e+01	2.0151342e+01	2.0021938e+01	2.0008321e+01	2.0003895e+01	2.0003568e+01	2.0000831e+01	2.0002734e+01	2.0164414e+01	2.0003593e+01	1.9999997e+01	2.0000001e+01	1.9999992e+01	1.9999153e+01	2.0066375e+01	1.9999957e+01	5.5148871e-06	2.0003397e+01
2.0094899e+01	2.0004199e+01	3.6448985e-06	1.9999872e+01	2.0005506e+01	1.9999997e+01	2.0145812e+01	2.0003309e+01	2.0151342e+01	2.0020194e+01	2.0008321e+01	2.0003895e+01	2.0003568e+01	2.0000831e+01	2.0002734e+01	2.0164414e+01	2.0003593e+01	1.9999997e+01	2.0000001e+01	1.9999992e+01	1.9999153e+01	2.0060920e+01	1.9999957e+01	5.5148871e-06	2.0003377e+01
2.0094899e+01	2.0004199e+01	3.6448985e-06	1.9999872e+01	2.0005506e+01	1.9999997e+01	2.0145812e+01	2.0003309e+01	2.0151342e+01	2.0018702e+01	2.0008321e+01	2.0003895e+01	2.0003568e+01	2.0000831e+01	2.0002734e+01	2.0164414e+01	2.0003593e+01	1.9999997e+01	2.0000001e+01	1.9999992e+01	1.9999153e+01	2.0053758e+01	1.9999957e+01	5.5148871e-06	2.0003364e+01
2.0094899e+01	2.0004199e+01	3.6448985e-06	1.9999872e+01	2.0005506e+01	1.9999997e+01	2.0135135e+01	2.0003309e+01	2.0151342e+01	2.0016929e+01	2.0008321e+01	2.0003895e+01	2.0003568e+01	2.0000831e+01	2.0002734e+01	2.0164414e+01	2.0003593e+01	1.9999997e+01	2.0000001e+01	1.9999992e+01	1.9999153e+01	2.0047856e+01	1.9999957e+01	5.5148871e-06	2.0003349e+01
2.0094899e+01	2.0004199e+01	3.6448985e-06	1.9999872e+01	2.0005506e+01	1.9999997e+01	2.0126064e+01	2.0003309e+01	2.0151342e+01	2.0015919e+01	2.0008321e+01	2.0003895e+01	2.0003568e+01	2.0000831e+01	2.0002734e+01	2.0164414e+01	2.0003593e+01	1.9999997e+01	2.0000001e+01	1.9999992e+01	1.9999153e+01	2.0044039e+01	1.9999957e+01	5.5148871e-06	2.0003346e+01
2.0094899e+01	2.0004199e+01	3.6448985e-06	1.9999872e+01	2.0005506e+01	1.9999997e+01	2.0117950e+01	2.0003309e+01	2.0151342e+01	2.0015026e+01	2.0008321e+01	2.0003895e+01	2.0003568e+01	2.0000831e+01	2.0002734e+01	2.0164414e+01	2.0003593e+01	1.9999997e+01	2.0000001e+01	1.9999992e+01	1.9999153e+01	2.0043789e+01	1.9999957e+01	5.5148871e-06	2.0003332e+01
2.0094899e+01	2.0004199e+01	3.6448985e-06	1.9999872e+01	2.0005506e+01	1.9999997e+01	2.0116683e+01	2.0003309e+01	2.0151342e+01	2.0014152e+01	2.0008321e+01	2.0003895e+01	2.0003568e+01	2.0000831e+01	2.0002734e+01	2.0164414e+01	2.0003593e+01	1.9999997e+01	2.0000001e+01	1.9999992e+01	1.9999153e+01	2.0042123e+01	1.9999957e+01	5.5148871e-06	2.0003328e+01
2.0094899e+01	2.0004199e+01	3.6448985e-06	1.9999872e+01	2.0005506e+01	1.9999997e+01	2.0116683e+01	2.0003309e+01	2.0151342e+01	2.0013411e+01	2.0008321e+01	2.0003895e+01	2.0003568e+01	2.0000831e+01	2.0002734e+01	2.0164414e+01	2.0003593e+01	1.9999997e+01	2.0000001e+01	1.9999992e+01	1.9999153e+01	2.0040572e+01	1.9999957e+01	5.5148871e-06	2.0003316e+01
2.0094899e+01	2.0004199e+01	3.6448985e-06	1.9999872e+01	2.0005506e+01	1.9999997e+01	2.0106338e+01	2.0003309e+01	2.0151342e+01	2.0012442e+01	2.0008321e+01	2.0003895e+01	2.0003568e+01	2.0000831e+01	2.0002734e+01	2.0164414e+01	2.0003593e+01	1.9999997e+01	2.0000001e+01	1.9999992e+01	1.9999153e+01	2.0040250e+01	1.9999957e+01	5.5148871e-06	2.0003316e+01
2.0094899e+01	2.0004199e+01	3.6448985e-06	1.9999872e+01	2.0005506e+01	1.9999997e+01	2.0106058e+01	2.0003309e+01	2.0151342e+01	2.0010948e+01	2.0008321e+01	2.0003895e+01	2.0003568e+01	2.0000831e+01	2.0002734e+01	2.0164414e+01	2.0003593e+01	1.9999997e+01	2.0000001e+01	1.9999992e+01	1.9999153e+01	2.0039192e+01	1.9999957e+01	5.5148871e-06	2.0003316e+01
2.0094899e+01	2.0004199e+01	3.6448985e-06	1.9999872e+01	2.0005506e+01	1.9999997e+01	2.0101003e+01	2.0003309e+01	2.0151342e+01	2.0010319e+01	2.0008321e+01	2.0003895e+01	2.0003568e+01	2.0000831e+01	2.0002734e+01	2.0164414e+01	2.0003593e+01	1.9999997e+01	2.0000001e+01	1.9999992e+01	1.9999153e+01	2.0038351e+01	1.9999957e+01	5.5148871e-06	2.0003316e+01
2.0094899e+01	2.0004199e+01	3.6448985e-06	1.9999872e+01	2.0005506e+01	1.9999997e+01	2.0097767e+01	2.0003309e+01	2.0151342e+01	2.0008933e+01	2.0008321e+01	2.0003895e+01	2.0003568e+01	2.0000831e+01	2.0002734e+01	2.0152036e+01	2.0003593e+01	1.9999997e+01	2.0000001e+01	1.9999992e+01	1.9999153e+01	2.0036184e+01	1.9999957e+01	5.5148871e-06	2.0003316e+01
2.0094899e+01	2.0004199e+01	3.6448985e-06	1.9999872e+01	2.0005506e+01	1.9999997e+01	2.0091210e+01	2.0003309e+01	2.0151342e+01	2.0008548e+01	2.0008321e+01	2.0003895e+01	2.0003568e+01	2.0000831e+01	2.0002734e+01	2.0152036e+01	2.0003593e+01	1.9999997e+01	2.0000001e+01	1.9999992e+01	1.9999153e+01	2.0034025e+01	1.9999957e+01	5.5148871e-06	2.0003316e+01
2.0094899e+01	2.0004199e+01	3.6448985e-06	1.9999872e+01	2.0005506e+01	1.9999997e+01	2.0089448e+01	2.0003309e+01	2.0151342e+01	2.0007965e+01	2.0008321e+01	2.0003895e+01	2.0003568e+01	2.0000831e+01	2.0002734e+01	2.0096337e+01	2.0003593e+01	1.9999997e+01	2.0000001e+01	1.9999992e+01	1.9999153e+01	2.0031069e+01	1.9999957e+01	5.5148871e-06	2.0003316e+01
2.0094899e+01	2.0004199e+01	3.6448985e-06	1.9999872e+01	2.0005506e+01	1.9999997e+01	2.0083650e+01	2.0003309e+01	2.0151342e+01	2.0006939e+01	2.0008321e+01	2.0003895e+01	2.0003568e+01	2.0000831e+01	2.0002734e+01	2.0081375e+01	2.0003593e+01	1.9999997e+01	2.0000001e+01	1.9999992e+01	1.9999153e+01	2.0029386e+01	1.9999957e+01	5.5148871e-06	2.0003316e+01
2.0094899e+01	2.0004199e+01	3.6448985e-06	1.9999872e+01	2.0005506e+01	1.9999997e+01	2.0082457e+01	2.0003309e+01	2.0151342e+01	2.0006542e+01	2.0008321e+01	2.0003895e+01	2.0003568e+01	2.0000831e+01	2.0002734e+01	2.0081375e+01	2.0003593e+01	1.9999997e+01	2.0000001e+01	1.9999992e+01	1.9999153e+01	2.0026888e+01	1.9999957e+01	5.5148871e-06	2.0003316e+01
2.0094899e+01	2.0004199e+01	3.6448985e-06	1.9999872e+01	2.0005506e+01	1.9999997e+01	2.0075567e+01	2.0003309e+01	2.0151342e+01	2.0006313e+01	2.0008321e+01	2.0003895e+01	2.0003568e+01	2.0000831e+01	2.0002734e+01	2.0080598e+01	2.0003593e+01	1.9999997e+01	2.0000001e+01	1.9999992e+01	1.9999153e+01	2.0023051e+01	1.9999957e+01	5.5148871e-06	2.0003316e+01
2.0094899e+01	2.0004199e+01	3.6448985e-06	1.9999872e+01	2.0005506e+01	1.9999997e+01	2.0073723e+01	2.0003309e+01	2.0151342e+01	2.0005910e+01	2.0008321e+01	2.0003895e+01	2.0003568e+01	2.0000831e+01	2.0002734e+01	2.0074094e+01	2.0003593e+01	1.9999997e+01	2.0000001e+01	1.9999992e+01	1.9999153e+01	2.0022265e+01	1.9999957e+01	5.5148871e-06	2.0003316e+01
2.0094899e+01	2.0004199e+01	3.6448985e-06	1.9999872e+01	2.0005506e+01	1.9999997e+01	2.0068971e+01	2.0003309e+01	2.0151342e+01	2.0005522e+01	2.0008321e+01	2.0003895e+01	2.0003568e+01	2.0000831e+01	2.0002734e+01	2.0073038e+01	2.0003593e+01	1.9999997e+01	2.0000001e+01	1.9999992e+01	1.9999153e+01	2.0021028e+01	1.9999957e+01	5.5148871e-06	2.0003316e+01
2.0094899e+01	2.0004199e+01	3.6448985e-06	1.9999872e+01	2.0005506e+01	1.9999997e+01	2.0066668e+01	2.0003309e+01	2.0151342e+01	2.0005286e+01	2.0008321e+01	2.0003895e+01	2.0003568e+01	2.0000831e+01	2.0002734e+01	2.0070618e+01	2.0003593e+01	1.9999997e+01	2.0000001e+01	1.9999992e+01	1.9999153e+01	2.0019808e+01	1.9999957e+01	5.5148871e-06	2.0003316e+01
2.0094899e+01	2.0004199e+01	3.6448985e-06	1.9999872e+01	2.0005506e+01	1.9999997e+01	2.0065314e+01	2.0003309e+01	2.0151342e+01	2.0005059e+01	2.0008321e+01	2.0003895e+01	2.0003568e+01	2.0000831e+01	2.0002734e+01	2.0068798e+01	2.0003593e+01	1.9999997e+01	2.0000001e+01	1.9999992e+01	1.9999153e+01	2.0019136e+01	1.9999957e+01	5.5148871e-06	2.0003316e+01
2.0094899e+01	2.0004199e+01	3.6448985e-06	1.9999872e+01	2.0005506e+01	1.9999997e+01	2.0064632e+01	2.0003309e+01	2.0151342e+01	2.0004879e+01	2.0008321e+01	2.0003895e+01	2.0003568e+01	2.0000831e+01	2.0002734e+01	2.0068798e+01	2.0003593e+01	1.9999997e+01	2.0000001e+01	1.9999992e+01	1.9999153e+01	2.0018316e+01	1.9999957e+01	5.5148871e-06	2.0003316e+01
2.0094899e+01	2.0004199e+01	3.6448985e-06	1.9999872e+01	2.0005506e+01	1.9999997e+01	2.0063009e+01	2.0003309e+01	2.0151342e+01	2.0004657e+01	2.0008321e+01	2.0003895e+01	2.0003568e+01	2.0000831e+01	2.0002734e+01	2.0068603e+01	2.0003593e+01	1.9999997e+01	2.0000001e+01	1.9999992e+01	1.9999153e+01	2.0017770e+01	1.9999957e+01	5.5148871e-06	2.0003316e+01
