8.6929787e+09	1.0745530e+10	1.2542228e+10	3.4366889e+10	4.4614146e+10	1.5344315e+10	1.2328687e+10	1.7084048e+10	2.6333271e+10	4.6658565e+10	3.0862127e+10	1.4680415e+10	2.3725691e+10	2.4166970e+10	1.6735279e+10	4.4668033e+10	5.3214249e+10	2.2678849e+10	1.7206131e+10	4.4430239e+10	3.5517114e+10	4.2353575e+09	4.1843682e+10	3.3084453e+10	2.4807362e+10
5.1388439e+09	2.0753459e+09	2.9447559e+09	5.8604830e+09	9.2015653e+09	5.2139213e+09	2.1902865e+09	3.2754806e+09	8.3519020e+09	1.4555456e+10	3.4704856e+09	2.2629551e+09	7.9249822e+09	7.6608363e+09	5.4101699e+09	1.3373891e+10	1.4126352e+10	1.2952419e+09	1.3774265e+09	5.5920950e+09	4.7197359e+09	1.3979086e+09	1.0502209e+10	8.0657649e+09	1.1806629e+10
3.7507184e+09	2.0753459e+09	1.9831581e+09	4.6521399e+09	9.2015653e+09	2.2253883e+09	2.0505465e+09	3.2754806e+09	5.1536024e+09	1.0371095e+10	3.4704856e+09	2.2629551e+09	5.7630039e+09	7.6608363e+09	5.0304445e+09	1.3373891e+10	6.1040717e+09	1.2952419e+09	1.3774265e+09	5.5920950e+09	4.7197359e+09	1.3979086e+09	9.3658558e+09	5.2926375e+09	1.1806629e+10
2.9146578e+09	2.0753459e+09	1.0515079e+09	9.8338357e+08	1.8536448e+09	1.1951671e+09	2.0076797e+09	1.6739688e+09	1.4644510e+09	1.9995731e+09	1.9130113e+09	2.1282174e+09	1.7996508e+09	2.9531981e+09	1.8204402e+09	2.9621495e+09	2.9582517e+09	1.2952419e+09	1.3774265e+09	3.1311683e+09	1.5132827e+09	1.3979086e+09	1.8283389e+09	2.4751304e+09	2.5393866e+09
1.3940875e+09	1.3390108e+09	7.2070074e+08	9.8338357e+08	1.8536448e+09	1.1951671e+09	1.6342581e+09	1.6512436e+09	1.4644510e+09	1.9995731e+09	1.4493396e+09	1.8518078e+09	1.4275680e+09	1.8230429e+09	1.8204402e+09	2.0483704e+09	2.9582517e+09	1.1970663e+09	1.3774265e+09	2.8892771e+09	1.3508288e+09	1.3979086e+09	1.7675285e+09	1.7374605e+09	2.5393866e+09
1.0956632e+09	1.3390108e+09	7.2070074e+08	9.8338357e+08	7.3499732e+08	9.7907255e+08	1.1050974e+09	1.5309802e+09	8.7959992e+08	1.5710908e+09	1.4493396e+09	1.7079303e+09	1.4275680e+09	1.8230429e+09	1.8204402e+09	2.0483704e+09	2.1218516e+09	1.1970663e+09	1.0357869e+09	2.0726443e+09	1.3508288e+09	1.3979086e+09	1.7675285e+09	1.7374605e+09	1.6003343e+09
1.0956632e+09	1.3390108e+09	1.4229188e+08	9.8338357e+08	7.3499732e+08	9.7907255e+08	1.1050974e+09	1.5309802e+09	8.7959992e+08	1.5710908e+09	1.4493396e+09	1.7079303e+09	1.4275680e+09	1.8151704e+09	9.8384498e+08	2.0483704e+09	1.9249940e+09	6.9936479e+08	9.3043893e+08	1.5484476e+09	1.3508288e+09	1.3979086e+09	1.7675285e+09	1.6816537e+09	1.2891806e+09
1.0956632e+09	8.5601807e+08	1.4229188e+08	9.8338357e+08	7.3499732e+08	3.1983819e+08	7.3464262e+08	1.5309802e+09	8.7959992e+08	1.5710908e+09	1.4493396e+09	1.7079303e+09	1.4275680e+09	1.4088028e+09	9.1035756e+08	1.5584049e+09	8.4241925e+08	6.9936479e+08	9.3043893e+08	7.9897817e+08	1.3508288e+09	1.1367582e+09	1.7675285e+09	1.6816537e+09	1.2891806e+09
1.0956632e+09	8.5601807e+08	1.4229188e+08	9.8338357e+08	7.3499732e+08	3.1983819e+08	7.3464262e+08	1.5309802e+09	8.7959992e+08	1.5710908e+09	9.3897661e+08	1.6586537e+09	1.4275680e+09	1.4088028e+09	9.1035756e+08	1.5584049e+09	8.4241925e+08	6.9936479e+08	9.3043893e+08	7.9897817e+08	1.3508288e+09	1.1367582e+09	1.7675285e+09	1.6816537e+09	1.1032793e+09
1.0956632e+09	8.5601807e+08	1.4229188e+08	9.8338357e+08	7.3499732e+08	3.1983819e+08	7.3464262e+08	1.5309802e+09	8.7959992e+08	1.5710908e+09	9.3897661e+08	1.6586537e+09	1.1888454e+09	1.4088028e+09	9.1035756e+08	1.5584049e+09	8.4241925e+08	6.9936479e+08	9.3043893e+08	7.9897817e+08	1.3019818e+09	1.1367582e+09	1.2572853e+09	8.7803289e+08	1.0976316e+09
1.0956632e+09	8.5601807e+08	1.4229188e+08	9.8338357e+08	7.3499732e+08	3.1983819e+08	7.3464262e+08	1.5309802e+09	8.7959992e+08	1.4042990e+09	9.3897661e+08	1.6586537e+09	1.0601460e+09	1.4088028e+09	9.1035756e+08	1.5584049e+09	8.4241925e+08	6.9936479e+08	9.3043893e+08	7.9897817e+08	1.3019818e+09	1.1367582e+09	1.2572853e+09	8.7803289e+08	1.0976316e+09
1.0956632e+09	8.5601807e+08	1.4229188e+08	9.8338357e+08	6.5448192e+08	3.1983819e+08	7.3464262e+08	1.5309802e+09	8.3888899e+08	1.2992711e+09	7.6843822e+08	1.6586537e+09	1.0601460e+09	1.4088028e+09	6.8043098e+08	1.5584049e+09	8.4241925e+08	6.9936479e+08	9.3043893e+08	7.9897817e+08	1.3019818e+09	1.1367582e+09	1.2572853e+09	8.7803289e+08	9.6906650e+08
6.9235350e+08	8.5601807e+08	1.4229188e+08	4.6216461e+08	6.5448192e+08	3.1983819e+08	7.3464262e+08	1.5309802e+09	8.3888899e+08	1.2340963e+09	7.6843822e+08	1.6586537e+09	1.0601460e+09	1.4088028e+09	6.8043098e+08	5.6148223e+08	8.4241925e+08	6.9936479e+08	4.9490596e+08	7.9897817e+08	1.3019818e+09	4.8085823e+08	1.0147621e+09	8.7803289e+08	9.6906650e+08
6.9235350e+08	8.5601807e+08	1.4229188e+08	4.6216461e+08	6.5448192e+08	3.1983819e+08	7.3464262e+08	1.5309802e+09	8.3888899e+08	1.2340963e+09	7.6843822e+08	1.6586537e+09	3.0614340e+08	4.5705281e+08	6.8043098e+08	5.6148223e+08	8.4241925e+08	6.9936479e+08	4.1536791e+08	7.9897817e+08	1.2981973e+09	4.8085823e+08	1.0147621e+09	8.7803289e+08	9.6906650e+08
6.9235350e+08	8.5601807e+08	1.4229188e+08	4.6216461e+08	6.5448192e+08	3.1983819e+08	7.3464262e+08	1.2260939e+09	8.3888899e+08	7.6369943e+08	7.6843822e+08	1.2373011e+09	3.0614340e+08	4.5705281e+08	6.8043098e+08	5.6148223e+08	8.4241925e+08	6.9936479e+08	4.1536791e+08	7.9897817e+08	1.2981973e+09	4.8085823e+08	1.0147621e+09	8.7803289e+08	9.6906650e+08
6.9235350e+08	8.5601807e+08	1.4229188e+08	4.6216461e+08	6.5448192e+08	3.1983819e+08	7.3464262e+08	1.2260939e+09	8.3888899e+08	7.6369943e+08	7.6843822e+08	1.2373011e+09	3.0614340e+08	4.5705281e+08	6.1996970e+08	5.6148223e+08	8.4241925e+08	6.9936479e+08	4.1536791e+08	7.9897817e+08	6.5547111e+08	4.8085823e+08	1.0147621e+09	8.4401050e+08	6.8929563e+08
6.9235350e+08	8.5601807e+08	1.4229188e+08	4.6216461e+08	6.5448192e+08	3.1983819e+08	7.3464262e+08	1.2260939e+09	8.3888899e+08	7.6369943e+08	7.6843822e+08	1.0462015e+09	3.0614340e+08	4.5705281e+08	6.1996970e+08	5.6148223e+08	8.4241925e+08	6.9936479e+08	4.1536791e+08	7.9897817e+08	6.5547111e+08	4.8085823e+08	1.0147621e+09	7.6087145e+08	3.3246645e+08
6.9235350e+08	8.5601807e+08	1.4229188e+08	4.6216461e+08	6.5448192e+08	3.1983819e+08	7.3464262e+08	1.2260939e+09	8.3888899e+08	7.6369943e+08	7.6843822e+08	1.0462015e+09	3.0614340e+08	4.5705281e+08	6.1996970e+08	5.6148223e+08	7.8775280e+08	6.9936479e+08	4.1536791e+08	6.1806343e+08	6.5547111e+08	4.8085823e+08	1.0147621e+09	7.6087145e+08	3.3246645e+08
6.9235350e+08	8.5601807e+08	1.4229188e+08	4.6216461e+08	6.5448192e+08	3.1983819e+08	5.2223334e+08	1.2260939e+09	8.3888899e+08	7.6369943e+08	7.6843822e+08	1.0462015e+09	3.0614340e+08	4.5705281e+08	4.8137142e+08	2.6132647e+08	7.8775280e+08	6.9936479e+08	4.1536791e+08	6.1806343e+08	6.5547111e+08	3.5114648e+08	6.9082503e+08	5.4821008e+08	3.3246645e+08
6.2765462e+08	7.9696842e+08	1.4229188e+08	4.6216461e+08	6.5448192e+08	3.1983819e+08	5.2223334e+08	1.0796583e+09	6.2137702e+08	7.6369943e+08	7.4618329e+08	8.3785081e+08	3.0614340e+08	4.5705281e+08	4.8137142e+08	2.6132647e+08	7.8775280e+08	6.9936479e+08	4.1536791e+08	5.2558108e+08	6.5547111e+08	3.5114648e+08	6.9082503e+08	5.4821008e+08	3.3246645e+08
6.0712824e+08	5.5764155e+08	1.4229188e+08	4.6216461e+08	4.4985629e+08	3.1983819e+08	5.2223334e+08	8.4569403e+08	6.2137702e+08	7.6026850e+08	7.4618329e+08	7.5825231e+08	3.0614340e+08	4.5705281e+08	4.8137142e+08	2.6132647e+08	7.8775280e+08	6.1000154e+08	4.1536791e+08	5.2558108e+08	5.7087941e+08	3.5114648e+08	6.9082503e+08	5.4821008e+08	3.3246645e+08
4.0326409e+08	3.6082138e+08	1.4229188e+08	4.6216461e+08	4.4985629e+08	3.1983819e+08	5.0356520e+08	7.2395024e+08	6.2137702e+08	7.6026850e+08	7.4618329e+08	7.5825231e+08	3.0614340e+08	4.5705281e+08	4.8137142e+08	2.6132647e+08	4.0714295e+08	6.1000154e+08	4.1536791e+08	5.2558108e+08	5.7087941e+08	3.5114648e+08	6.9082503e+08	5.4821008e+08	3.3246645e+08
4.0326409e+08	3.6082138e+08	1.4229188e+08	4.6216461e+08	4.4985629e+08	3.1983819e+08	5.0356520e+08	4.8833164e+08	5.7276372e+08	5.8696076e+08	4.3589933e+08	3.1893464e+08	2.8901559e+08	4.5705281e+08	4.8137142e+08	2.6132647e+08	4.0714295e+08	5.0475921e+08	4.1536791e+08	5.2558108e+08	5.7087941e+08	3.5114648e+08	6.9082503e+08	5.4821008e+08	3.3246645e+08
4.0326409e+08	3.6082138e+08	1.4229188e+08	3.0813315e+08	3.6629110e+08	3.1983819e+08	5.0356520e+08	2.5847343e+08	5.7276372e+08	5.3705456e+08	4.3589933e+08	3.1893464e+08	2.8901559e+08	4.5705281e+08	3.2104367e+08	2.6132647e+08	4.0714295e+08	5.0475921e+08	4.1536791e+08	3.1807160e+08	5.7087941e+08	3.5114648e+08	6.9082503e+08	4.2303093e+08	3.3246645e+08
3.7423602e+08	3.6082138e+08	1.4229188e+08	3.0813315e+08	3.6629110e+08	3.1983819e+08	4.3792439e+08	2.5847343e+08	4.1565884e+08	5.1817143e+08	4.3589933e+08	3.1893464e+08	2.8901559e+08	2.8522777e+08	3.2104367e+08	2.6132647e+08	4.0714295e+08	5.0475921e+08	4.1536791e+08	3.1807160e+08	3.7856623e+08	3.5114648e+08	4.6200130e+08	4.2303093e+08	3.3246645e+08
3.7423602e+08	2.6049734e+08	1.4229188e+08	3.0813315e+08	3.6629110e+08	2.7201962e+08	2.5165631e+08	2.5847343e+08	4.1565884e+08	5.1817143e+08	4.3589933e+08	3.1893464e+08	2.8901559e+08	2.8522777e+08	3.2104367e+08	2.5759856e+08	4.0714295e+08	2.7246316e+08	2.6530275e+08	3.1807160e+08	3.7856623e+08	3.5114648e+08	4.6200130e+08	3.0729541e+08	3.3246645e+08
2.4432473e+08	2.6049734e+08	1.4229188e+08	3.0813315e+08	3.6629110e+08	2.7201962e+08	1.6945374e+08	2.5847343e+08	3.5807334e+08	5.1280646e+08	3.4588252e+08	2.9573047e+08	2.6432423e+08	2.8522777e+08	3.2104367e+08	2.5759856e+08	4.0714295e+08	2.7246316e+08	2.6530275e+08	3.1807160e+08	3.7856623e+08	3.5114648e+08	4.6200130e+08	3.0729541e+08	3.3246645e+08
2.4432473e+08	2.5919287e+08	1.4229188e+08	2.9941050e+08	3.6629110e+08	2.7201962e+08	1.6945374e+08	2.1104390e+08	2.9630383e+08	5.1280646e+08	8.7335174e+07	1.1139072e+08	2.6432423e+08	2.8522777e+08	3.2104367e+08	2.5759856e+08	4.0714295e+08	2.7246316e+08	2.6530275e+08	3.1807160e+08	3.7856623e+08	3.3289579e+08	3.3605777e+08	3.0729541e+08	2.8043245e+08
2.0900749e+08	2.5919287e+08	1.4229188e+08	2.9941050e+08	2.5522596e+08	2.7201962e+08	1.6945374e+08	2.1104390e+08	1.6018159e+08	3.0939379e+08	8.7335174e+07	1.1139072e+08	2.6432423e+08	1.8779946e+08	2.3126029e+08	2.5759856e+08	3.3047366e+08	2.7246316e+08	2.2765514e+08	1.3854204e+08	3.7856623e+08	1.1071069e+08	3.3605777e+08	1.5521394e+08	2.8043245e+08
2.0900749e+08	2.4475977e+08	1.4229188e+08	2.9941050e+08	2.4319152e+08	2.4864100e+08	1.3747603e+08	2.1104390e+08	1.6018159e+08	3.0939379e+08	8.7335174e+07	1.1139072e+08	2.6432423e+08	1.6211739e+08	2.3126029e+08	2.5759856e+08	3.3047366e+08	2.7246316e+08	2.2765514e+08	1.3854204e+08	1.8476422e+08	1.1071069e+08	3.3605777e+08	1.5521394e+08	1.7013665e+08
2.0900749e+08	1.1052998e+08	1.4229188e+08	2.7596533e+08	2.4319152e+08	2.4864100e+08	1.3747603e+08	2.1104390e+08	1.6018159e+08	3.0939379e+08	8.7335174e+07	1.1139072e+08	1.3851770e+08	1.6211739e+08	6.2682327e+07	1.9852754e+08	2.2552257e+08	2.7246316e+08	2.1150586e+08	1.3250240e+08	1.8476422e+08	1.1071069e+08	1.9771096e+08	7.9183647e+07	7.5931944e+07
1.9043685e+08	1.1052998e+08	1.4229188e+08	2.0309150e+08	8.6917757e+07	1.7318729e+08	1.3747603e+08	2.1104390e+08	1.6018159e+08	2.9764750e+08	8.7335174e+07	1.1139072e+08	1.3851770e+08	1.6211739e+08	6.2682327e+07	6.3183502e+07	2.2552257e+08	1.6569037e+08	2.1150586e+08	1.3250240e+08	1.8476422e+08	1.1071069e+08	1.9771096e+08	7.9183647e+07	7.5931944e+07
1.9043685e+08	1.1052998e+08	1.4229188e+08	1.0185328e+08	8.6917757e+07	1.7318729e+08	1.2826651e+08	2.1104390e+08	1.4879369e+08	2.1471943e+08	8.7335174e+07	1.1139072e+08	1.3851770e+08	1.6211739e+08	6.2682327e+07	6.3183502e+07	2.1863763e+08	1.6569037e+08	1.8571847e+08	1.3250240e+08	1.8476422e+08	1.1071069e+08	1.2901191e+08	7.9183647e+07	7.5931944e+07
7.1694018e+07	1.1052998e+08	9.0185347e+07	1.0185328e+08	8.6917757e+07	1.7318729e+08	1.2826651e+08	1.5060431e+08	1.2357412e+08	2.1471943e+08	8.7335174e+07	1.1139072e+08	1.3851770e+08	1.0753008e+08	6.2682327e+07	6.3183502e+07	1.8864070e+08	1.6569037e+08	1.8571847e+08	6.8645909e+07	1.4862894e+08	1.1071069e+08	1.2901191e+08	7.9183647e+07	7.5931944e+07
7.1694018e+07	1.1052998e+08	9.0185347e+07	1.0185328e+08	8.6917757e+07	1.7318729e+08	1.2826651e+08	1.5060431e+08	1.2357412e+08	2.1471943e+08	8.7335174e+07	1.1139072e+08	1.3851770e+08	8.4459177e+07	6.2682327e+07	6.3183502e+07	1.8864070e+08	1.2689482e+08	1.5746867e+08	6.8645909e+07	8.9633249e+07	1.1071069e+08	1.2901191e+08	7.9183647e+07	7.5931944e+07
7.1694018e+07	1.1052998e+08	9.0185347e+07	1.0185328e+08	8.3270001e+07	1.7318729e+08	1.1270220e+08	1.4640812e+08	1.2357412e+08	2.1471943e+08	8.7335174e+07	1.1139072e+08	1.2549382e+08	8.4459177e+07	6.2682327e+07	6.3183502e+07	1.5879167e+08	7.7665086e+07	1.2617339e+08	6.8645909e+07	8.9633249e+07	1.1071069e+08	1.2116289e+08	7.9183647e+07	7.5931944e+07
7.1694018e+07	1.1052998e+08	9.0185347e+07	1.0185328e+08	8.3270001e+07	9.4979085e+07	1.0672066e+08	1.4598967e+08	1.2357412e+08	1.9479759e+08	8.7335174e+07	9.9044127e+07	1.2549382e+08	8.4459177e+07	6.2682327e+07	6.3183502e+07	1.5879167e+08	7.7665086e+07	8.5888804e+07	6.8645909e+07	5.3849086e+07	1.0516235e+08	1.2116289e+08	7.9183647e+07	7.5931944e+07
6.7270341e+07	1.1052998e+08	9.0185347e+07	1.0185328e+08	6.5719254e+07	9.4979085e+07	7.7612741e+07	1.4598967e+08	1.2276681e+08	1.6668456e+08	8.7335174e+07	9.9044127e+07	1.2549382e+08	8.4459177e+07	6.2682327e+07	6.3183502e+07	1.5879167e+08	7.7665086e+07	8.5888804e+07	6.8645909e+07	5.3849086e+07	1.0516235e+08	1.1440631e+08	7.9183647e+07	7.5931944e+07
6.7270341e+07	8.9409837e+07	9.0185347e+07	1.0185328e+08	6.5719254e+07	6.1364244e+07	7.7612741e+07	8.5030763e+07	8.6892635e+07	1.3386316e+08	2.6837023e+07	9.9044127e+07	1.2549382e+08	8.4459177e+07	6.2682327e+07	6.3183502e+07	9.7702658e+07	7.7665086e+07	8.5888804e+07	3.5563859e+07	5.3849086e+07	1.0516235e+08	1.1440631e+08	6.4193011e+07	7.5931944e+07
6.7270341e+07	8.9409837e+07	9.0185347e+07	9.6945077e+07	6.5719254e+07	6.1364244e+07	7.7612741e+07	8.5030763e+07	8.0989205e+07	1.3386316e+08	2.6837023e+07	9.9044127e+07	8.5849286e+07	8.4459177e+07	6.2682327e+07	5.7974000e+07	7.4814845e+07	7.7665086e+07	4.3207096e+07	3.5563859e+07	5.3849086e+07	4.3114048e+07	1.1440631e+08	4.8288410e+07	7.5931944e+07
6.7270341e+07	8.9409837e+07	6.5354081e+07	9.6945077e+07	6.5719254e+07	6.1364244e+07	7.7612741e+07	8.5030763e+07	8.0989205e+07	8.6370856e+07	2.6837023e+07	9.9044127e+07	6.0066750e+07	7.6670588e+07	6.2682327e+07	5.7974000e+07	7.4814845e+07	6.8425008e+07	4.3207096e+07	3.5563859e+07	5.3849086e+07	4.3114048e+07	9.5686397e+07	4.8288410e+07	3.3210775e+07
4.7008791e+07	8.3405459e+07	6.5354081e+07	9.6945077e+07	5.9826966e+07	6.1364244e+07	7.7612741e+07	7.7462625e+07	8.0989205e+07	8.6370856e+07	2.6837023e+07	9.9044127e+07	1.9409514e+07	7.6670588e+07	6.2682327e+07	5.7974000e+07	7.4814845e+07	6.8425008e+07	4.3207096e+07	3.5563859e+07	5.3849086e+07	4.3114048e+07	6.4841787e+07	4.8288410e+07	3.3210775e+07
4.7008791e+07	7.7147294e+07	6.5354081e+07	7.1151024e+07	5.9826966e+07	6.1364244e+07	7.7612741e+07	7.7462625e+07	3.2465975e+07	8.6370856e+07	2.6837023e+07	7.2656801e+07	1.9409514e+07	7.6670588e+07	6.2682327e+07	5.7974000e+07	7.4814845e+07	3.4847304e+07	4.3207096e+07	3.5563859e+07	5.3849086e+07	4.3114048e+07	6.4841787e+07	4.8288410e+07	3.3210775e+07
4.7008791e+07	7.7147294e+07	4.7748977e+07	7.1151024e+07	5.9826966e+07	6.1364244e+07	7.7612741e+07	6.8351519e+07	3.2465975e+07	7.9656200e+07	2.6837023e+07	7.2656801e+07	1.9409514e+07	7.6670588e+07	6.2682327e+07	5.7974000e+07	7.4814845e+07	3.2550020e+07	4.3207096e+07	3.5563859e+07	5.3849086e+07	4.3114048e+07	4.9750888e+07	4.8288410e+07	3.3210775e+07
3.6571787e+07	5.3369699e+07	4.7748977e+07	6.8462679e+07	4.0072426e+07	6.1364244e+07	2.6313289e+07	6.8351519e+07	3.2465975e+07	7.9656200e+07	2.6837023e+07	7.2656801e+07	1.9409514e+07	5.4123817e+07	3.9778035e+07	4.1087631e+07	5.6269472e+07	3.2550020e+07	4.3207096e+07	3.5563859e+07	5.3849086e+07	4.3114048e+07	4.9750888e+07	2.0327024e+07	3.3210775e+07
3.6571787e+07	5.3369699e+07	4.7748977e+07	6.8462679e+07	4.0072426e+07	6.1364244e+07	2.6313289e+07	6.8351519e+07	3.2465975e+07	6.6022852e+07	2.6837023e+07	7.2656801e+07	1.9409514e+07	5.4123817e+07	3.9778035e+07	4.1087631e+07	5.6269472e+07	3.2550020e+07	4.3207096e+07	3.5563859e+07	3.2460397e+07	4.3114048e+07	4.9750888e+07	2.0327024e+07	3.3210775e+07
3.6571787e+07	4.6765058e+07	4.7748977e+07	6.8462679e+07	4.0072426e+07	6.1364244e+07	2.6313289e+07	6.8351519e+07	3.2465975e+07	6.6022852e+07	2.6837023e+07	7.2656801e+07	1.9409514e+07	5.4123817e+07	3.9778035e+07	4.1087631e+07	5.6269472e+07	3.2550020e+07	3.7836856e+07	3.5563859e+07	3.2460397e+07	2.6812659e+07	4.3685648e+07	2.0327024e+07	3.3210775e+07
3.6571787e+07	4.6765058e+07	4.7748977e+07	6.8462679e+07	4.0072426e+07	6.1364244e+07	2.6313289e+07	6.8351519e+07	3.2465975e+07	6.6022852e+07	2.6837023e+07	7.2656801e+07	1.9409514e+07	5.4123817e+07	2.6263330e+07	2.9744029e+07	5.0979646e+07	3.2550020e+07	3.7836856e+07	3.5563859e+07	3.2460397e+07	2.6812659e+07	4.3685648e+07	2.0327024e+07	3.3210775e+07
2.9407412e+07	2.2845135e+07	4.4002727e+07	5.1086447e+07	1.7934025e+07	5.4842715e+07	2.6313289e+07	6.8351519e+07	3.2465975e+07	6.0157965e+07	2.6837023e+07	4.8314799e+07	1.9409514e+07	4.1960037e+07	2.6263330e+07	2.9744029e+07	5.0979646e+07	2.1018559e+07	3.0990340e+07	3.5563859e+07	3.2460397e+07	2.6812659e+07	4.0257897e+07	2.0327024e+07	3.3210775e+07
2.9407412e+07	2.2845135e+07	3.8150356e+07	5.1086447e+07	1.7934025e+07	1.8852693e+07	2.6313289e+07	6.8351519e+07	3.2465975e+07	3.4860096e+07	2.6837023e+07	3.8433592e+07	1.9409514e+07	4.1960037e+07	2.6263330e+07	2.9744029e+07	5.0979646e+07	2.1018559e+07	2.1819592e+07	3.4334015e+07	3.2460397e+07	2.3100367e+07	4.0257897e+07	2.0327024e+07	3.3210775e+07
2.8123658e+07	2.2845135e+07	2.7171145e+07	4.7942194e+07	1.7934025e+07	1.8852693e+07	2.6313289e+07	6.4555155e+07	2.7753109e+07	3.4860096e+07	2.6837023e+07	3.8433592e+07	1.9409514e+07	4.1960037e+07	1.9656693e+07	1.7342695e+07	3.6036727e+07	2.1018559e+07	2.1819592e+07	3.4334015e+07	2.9757315e+07	2.3100367e+07	4.0257897e+07	2.0327024e+07	3.3210775e+07
2.8123658e+07	2.2845135e+07	2.1596861e+07	2.7649798e+07	1.7934025e+07	1.8852693e+07	2.6313289e+07	4.5772694e+07	2.0133972e+07	3.4860096e+07	2.6837023e+07	2.1995123e+07	1.9409514e+07	2.0269629e+07	1.4242382e+07	1.7342695e+07	3.6036727e+07	2.1018559e+07	2.1819592e+07	3.4334015e+07	2.9757315e+07	2.3100367e+07	3.6141057e+07	2.0327024e+07	3.3210775e+07
1.7666868e+07	2.2845135e+07	2.1596861e+07	2.7649798e+07	1.7934025e+07	1.8852693e+07	2.4239229e+07	4.5772694e+07	2.0133972e+07	3.3464092e+07	1.9938928e+07	2.1995123e+07	1.9409514e+07	2.0269629e+07	1.4242382e+07	1.7342695e+07	2.8105886e+07	2.1018559e+07	2.1819592e+07	2.8542725e+07	2.9120555e+07	2.3100367e+07	2.1146113e+07	2.0327024e+07	3.3210775e+07
1.7666868e+07	2.2845135e+07	2.1596861e+07	2.7319068e+07	1.7934025e+07	1.8852693e+07	2.4239229e+07	3.0335977e+07	1.8442470e+07	2.2078862e+07	1.9938928e+07	2.1995123e+07	1.9409514e+07	2.0269629e+07	1.4242382e+07	1.7342695e+07	2.8105886e+07	2.1018559e+07	2.1819592e+07	2.8542725e+07	2.9120555e+07	2.3100367e+07	2.1146113e+07	2.0327024e+07	2.2407668e+07
1.7666868e+07	2.2845135e+07	2.1596861e+07	2.7319068e+07	1.7934025e+07	1.8852693e+07	2.4239229e+07	3.0335977e+07	1.8442470e+07	2.2078862e+07	1.9938928e+07	2.1995123e+07	1.9409514e+07	1.9977968e+07	1.4242382e+07	1.7342695e+07	2.6499448e+07	2.1018559e+07	2.0500198e+07	2.8542725e+07	2.9120555e+07	2.3100367e+07	2.1146113e+07	1.4833983e+07	1.9082217e+07
1.7666868e+07	1.6078747e+07	2.0262861e+07	1.8023250e+07	1.7934025e+07	1.8852693e+07	1.2467698e+07	1.1578751e+07	1.8442470e+07	2.2078862e+07	1.2079322e+07	2.1995123e+07	1.9409514e+07	1.9977968e+07	1.2438370e+07	1.7342695e+07	2.6499448e+07	2.0653812e+07	2.0500198e+07	2.8542725e+07	1.6605724e+07	2.3100367e+07	2.0317755e+07	1.4833983e+07	1.9082217e+07
1.0112663e+07	1.6078747e+07	1.2881141e+07	1.8023250e+07	1.6152979e+07	1.2317598e+07	1.2467698e+07	1.1578751e+07	1.8442470e+07	2.2078862e+07	1.2079322e+07	2.1995123e+07	1.9409514e+07	1.9977968e+07	1.2438370e+07	1.7342695e+07	2.5613099e+07	2.0653812e+07	1.4290747e+07	2.8542725e+07	1.6605724e+07	1.4900387e+07	2.0317755e+07	1.4833983e+07	1.9082217e+07
1.0112663e+07	1.6078747e+07	1.2881141e+07	1.8023250e+07	1.6152979e+07	1.2317598e+07	1.1424225e+07	1.1578751e+07	1.0854485e+07	2.2078862e+07	1.2079322e+07	2.1995123e+07	1.9409514e+07	1.9977968e+07	1.2438370e+07	1.5156712e+07	2.2792873e+07	1.4624343e+07	1.4290747e+07	2.0995702e+07	1.3175252e+07	1.4900387e+07	2.0317755e+07	1.4833983e+07	1.5114472e+07
1.0112663e+07	1.5395484e+07	1.2881141e+07	1.8023250e+07	1.6152979e+07	1.2317598e+07	1.1424225e+07	1.1578751e+07	1.0854485e+07	2.2078862e+07	1.2079322e+07	2.1995123e+07	1.9409514e+07	9.3005888e+06	1.2438370e+07	1.5156712e+07	1.1123625e+07	9.5457497e+06	1.4290747e+07	1.8325361e+07	1.3175252e+07	1.4900387e+07	2.0317755e+07	1.4833983e+07	5.8234537e+06
2.3363512e+06	7.0866712e+06	1.2881141e+07	1.5204302e+07	5.2276390e+06	1.2317598e+07	1.1424225e+07	1.1578751e+07	1.0033245e+07	2.0179853e+07	1.2079322e+07	2.1995123e+07	1.9409514e+07	9.3005888e+06	1.2438370e+07	1.5156712e+07	1.1123625e+07	9.5457497e+06	1.0562374e+07	1.8325361e+07	8.6667955e+06	1.4900387e+07	1.3150534e+07	1.3755188e+07	5.8234537e+06
2.3363512e+06	6.2770918e+06	1.2881141e+07	1.5040263e+07	5.2276390e+06	1.2317598e+07	1.1424225e+07	1.0999961e+07	1.0033245e+07	1.5770308e+07	1.2079322e+07	2.0584981e+07	1.4097604e+07	9.3005888e+06	9.5908468e+06	1.5156712e+07	1.1123625e+07	9.5457497e+06	1.0482017e+07	1.8325361e+07	8.6667955e+06	1.4900387e+07	1.3150534e+07	9.5370758e+06	5.8234537e+06
2.3363512e+06	6.2770918e+06	1.0856154e+07	1.5040263e+07	5.2276390e+06	1.2317598e+07	1.1424225e+07	1.0999961e+07	7.6932108e+06	1.5770308e+07	1.2079322e+07	2.0584981e+07	1.0485909e+07	9.3005888e+06	9.5908468e+06	1.5156712e+07	1.1123625e+07	9.5457497e+06	5.9933527e+06	9.1468060e+06	8.6667955e+06	1.4900387e+07	1.3150534e+07	8.6284923e+06	5.8234537e+06
2.3363512e+06	6.2770918e+06	1.0731356e+07	1.5040263e+07	5.2276390e+06	1.2317598e+07	1.1267314e+07	1.0999961e+07	5.0481788e+06	9.8083401e+06	1.1690591e+07	1.7641586e+07	5.3588493e+06	9.3005888e+06	8.8589512e+06	1.5156712e+07	1.1123625e+07	4.5618737e+06	5.9933527e+06	9.1468060e+06	8.6667955e+06	1.0760734e+07	1.3150534e+07	8.6284923e+06	5.8234537e+06
2.3363512e+06	6.2770918e+06	1.0731356e+07	1.4357462e+07	5.2276390e+06	1.2317598e+07	7.0168783e+06	1.0999961e+07	5.0481788e+06	6.8242711e+06	5.0102555e+06	1.5214348e+07	5.3588493e+06	9.3005888e+06	8.8589512e+06	1.5156712e+07	1.1123625e+07	4.5618737e+06	5.9933527e+06	9.1468060e+06	8.6667955e+06	1.0760734e+07	1.3150534e+07	8.6284923e+06	5.8234537e+06
2.3363512e+06	6.2770918e+06	1.4052244e+06	9.0841725e+06	5.2276390e+06	1.1722285e+07	6.1439426e+06	1.0999961e+07	5.0481788e+06	6.8242711e+06	5.0102555e+06	1.5214348e+07	5.3588493e+06	9.3005888e+06	6.0341847e+06	8.8541504e+06	1.1010062e+07	4.5618737e+06	5.9933527e+06	9.1468060e+06	8.6667955e+06	9.5561759e+06	8.5119438e+06	4.5564799e+06	5.8234537e+06
2.3363512e+06	6.2770918e+06	1.4052244e+06	9.0841725e+06	5.2276390e+06	1.1722285e+07	5.8013892e+06	1.0999961e+07	3.1525247e+06	6.8242711e+06	5.0102555e+06	1.5214348e+07	5.3588493e+06	9.3005888e+06	6.0341847e+06	8.8541504e+06	1.1010062e+07	4.5618737e+06	5.9933527e+06	9.1468060e+06	8.6667955e+06	9.5561759e+06	8.5119438e+06	4.5564799e+06	5.8234537e+06
2.3363512e+06	4.1970764e+06	1.4052244e+06	4.3724717e+06	5.2276390e+06	3.5522229e+06	5.8013892e+06	6.2299532e+06	3.1525247e+06	6.8242711e+06	5.0102555e+06	1.2385015e+07	5.3588493e+06	6.6353168e+06	6.0341847e+06	8.8541504e+06	5.7628133e+06	4.5618737e+06	5.9933527e+06	9.1468060e+06	8.6667955e+06	9.5561759e+06	8.4925229e+06	4.5564799e+06	5.2003773e+06
2.3363512e+06	4.1970764e+06	1.4052244e+06	4.3724717e+06	5.2276390e+06	3.5522229e+06	5.8013892e+06	6.2299532e+06	2.8966219e+06	6.8242711e+06	5.0102555e+06	9.5564084e+06	5.3588493e+06	6.6353168e+06	4.7970709e+06	5.6930302e+06	5.7628133e+06	4.5618737e+06	5.9933527e+06	8.9843470e+06	7.4796133e+06	9.5561759e+06	7.6239544e+06	4.5564799e+06	5.2003773e+06
2.3363512e+06	4.1970764e+06	1.4052244e+06	4.3724717e+06	5.2276390e+06	3.5522229e+06	5.8013892e+06	6.2299532e+06	2.8966219e+06	6.8242711e+06	5.0102555e+06	6.0854285e+06	5.3588493e+06	6.6353168e+06	4.7970709e+06	5.6930302e+06	5.7628133e+06	4.5618737e+06	5.9933527e+06	8.9843470e+06	7.4796133e+06	7.4634629e+06	4.2321879e+06	4.5564799e+06	5.2003773e+06
2.3363512e+06	4.1970764e+06	1.4052244e+06	4.3724717e+06	5.2276390e+06	3.5522229e+06	4.8534658e+06	6.2299532e+06	2.8966219e+06	6.0144656e+06	3.1814725e+06	6.0854285e+06	5.3588493e+06	6.6353168e+06	4.7970709e+06	5.6930302e+06	5.7628133e+06	4.5618737e+06	5.9933527e+06	8.9843470e+06	6.2038203e+06	7.3380337e+06	3.7800863e+06	4.5564799e+06	3.9916412e+06
2.3363512e+06	4.0944526e+06	1.4052244e+06	4.3724717e+06	4.4312173e+06	3.5522229e+06	3.1606422e+06	6.2299532e+06	2.8966219e+06	6.0144656e+06	3.1814725e+06	5.2389925e+06	3.8944737e+06	4.0003605e+06	4.3344019e+06	5.6930302e+06	5.7628133e+06	4.5618737e+06	5.9933527e+06	8.9843470e+06	6.2038203e+06	5.0913659e+06	3.7800863e+06	4.5564799e+06	1.9370501e+06
2.3363512e+06	4.0944526e+06	1.4052244e+06	4.3724717e+06	4.4312173e+06	3.5522229e+06	3.1606422e+06	6.2299532e+06	2.5222488e+06	6.0144656e+06	3.1814725e+06	5.2389925e+06	3.8152718e+06	4.0003605e+06	4.3344019e+06	3.7333458e+06	3.9280490e+06	4.5618737e+06	5.8719945e+06	7.8356692e+06	3.4059770e+06	5.0913659e+06	3.7800863e+06	4.5564799e+06	1.9370501e+06
2.3363512e+06	4.0944526e+06	1.4052244e+06	4.3717897e+06	4.4312173e+06	3.5522229e+06	3.1606422e+06	3.0751553e+06	2.5222488e+06	6.0144656e+06	3.1814725e+06	5.2389925e+06	3.8152718e+06	3.5324025e+06	4.0687256e+06	3.7333458e+06	3.9280490e+06	4.5618737e+06	5.2056047e+06	3.4265965e+06	3.4059770e+06	3.7969723e+06	3.7800863e+06	2.6856491e+06	1.9370501e+06
2.3363512e+06	4.0944526e+06	1.4052244e+06	4.3717897e+06	3.7483586e+06	3.5522229e+06	3.1606422e+06	3.0751553e+06	2.5222488e+06	4.4564354e+06	3.1814725e+06	4.2641331e+06	3.8152718e+06	3.5324025e+06	3.5339585e+06	3.7333458e+06	3.9280490e+06	2.9145677e+06	2.7846767e+06	3.4265965e+06	2.9741304e+06	3.7969723e+06	3.7800863e+06	2.6856491e+06	1.9370501e+06
2.3363512e+06	4.0944526e+06	1.4052244e+06	1.6510301e+06	2.2865097e+06	3.5522229e+06	3.1606422e+06	3.0751553e+06	2.5222488e+06	4.4564354e+06	3.1814725e+06	4.2641331e+06	3.8152718e+06	3.5324025e+06	2.9426628e+06	3.7333458e+06	3.9280490e+06	2.9145677e+06	2.7846767e+06	3.4265965e+06	2.9741304e+06	3.7969723e+06	3.7800863e+06	2.6856491e+06	1.9370501e+06
2.3363512e+06	4.0944526e+06	1.4052244e+06	1.6510301e+06	2.2865097e+06	3.5522229e+06	2.8234243e+06	3.0751553e+06	2.5222488e+06	4.4564354e+06	3.1814725e+06	4.2641331e+06	3.8152718e+06	3.5324025e+06	2.6399858e+06	3.6706066e+06	3.9280490e+06	2.3626058e+06	2.7846767e+06	3.4265965e+06	2.9741304e+06	2.2003922e+06	3.7800863e+06	2.6856491e+06	1.9370501e+06
2.3363512e+06	3.5051809e+06	1.4052244e+06	1.6510301e+06	2.2865097e+06	3.5522229e+06	2.8234243e+06	3.0751553e+06	2.5222488e+06	3.9704197e+06	3.0915496e+06	4.2641331e+06	3.8152718e+06	3.5324025e+06	2.6399858e+06	2.9223429e+06	3.9280490e+06	2.3626058e+06	2.7846767e+06	3.4265965e+06	2.9741304e+06	2.2003922e+06	2.0647198e+06	2.6856491e+06	1.9370501e+06
2.3363512e+06	1.9933532e+06	1.4052244e+06	1.6510301e+06	1.6593670e+06	3.5522229e+06	2.8234243e+06	3.0751553e+06	2.5222488e+06	2.6059288e+06	1.4077549e+06	3.6548120e+06	2.7115818e+06	3.5324025e+06	2.6399858e+06	2.9223429e+06	3.7320973e+06	2.3626058e+06	1.3993492e+06	3.4265965e+06	2.7148014e+06	2.2003922e+06	2.0647198e+06	2.6856491e+06	1.9370501e+06
2.3363512e+06	1.9933532e+06	8.0456816e+05	1.6510301e+06	1.6593670e+06	3.5522229e+06	2.2823946e+06	3.0751553e+06	2.5222488e+06	2.6059288e+06	1.4077549e+06	3.1105037e+06	1.7957846e+06	1.5266231e+06	2.6399858e+06	2.9223429e+06	2.7607999e+06	2.3626058e+06	1.3160774e+06	3.4265965e+06	2.7148014e+06	2.2003922e+06	2.0647198e+06	2.6856491e+06	1.9370501e+06
2.3363512e+06	1.9933532e+06	8.0456816e+05	1.6510301e+06	1.4124622e+06	3.5522229e+06	1.3695317e+06	3.0751553e+06	2.5222488e+06	2.6059288e+06	1.4077549e+06	2.7173088e+06	1.7430848e+06	1.5266231e+06	2.2085766e+06	2.6857201e+06	2.3362691e+06	2.3626058e+06	1.3160774e+06	3.4265965e+06	2.2043865e+06	2.2003922e+06	2.0031970e+06	2.6856491e+06	1.9370501e+06
2.3363512e+06	1.2342882e+06	8.0456816e+05	1.6510301e+06	1.4124622e+06	1.7637351e+06	1.3695317e+06	1.1902960e+06	2.5094726e+06	2.6059288e+06	1.4077549e+06	2.7173088e+06	1.7430848e+06	1.5266231e+06	2.2085766e+06	2.6857201e+06	2.3362691e+06	2.3626058e+06	1.3160774e+06	3.4265965e+06	2.2043865e+06	2.2003922e+06	2.0031970e+06	1.9894816e+06	1.9370501e+06
1.3753750e+06	1.2342882e+06	8.0456816e+05	1.6510301e+06	1.4124622e+06	1.7637351e+06	1.0348028e+06	1.1902960e+06	2.3746151e+06	2.6059288e+06	1.4077549e+06	2.7173088e+06	1.7430848e+06	1.5266231e+06	2.2085766e+06	2.6471410e+06	2.3362691e+06	2.3626058e+06	1.0717205e+06	2.6008406e+06	2.1196499e+06	2.2003922e+06	2.0031970e+06	1.9894816e+06	1.4225848e+06
1.1758224e+06	1.2342882e+06	8.0456816e+05	1.4222437e+06	1.3328176e+06	1.5267554e+06	1.0348028e+06	1.1902960e+06	2.0743375e+06	2.6059288e+06	1.3288349e+06	2.2974565e+06	1.4350846e+06	1.5266231e+06	2.2085766e+06	1.1953585e+06	1.4210348e+06	2.0540201e+06	1.0717205e+06	2.6008406e+06	1.9566490e+06	2.2003922e+06	1.8716755e+06	1.9894816e+06	1.4225848e+06
4.8042622e+05	8.3338807e+05	8.0456816e+05	1.4222437e+06	1.3328176e+06	1.5267554e+06	1.0348028e+06	1.1902960e+06	1.8978493e+06	1.5396212e+06	1.3288349e+06	2.2974565e+06	1.4350846e+06	1.5266231e+06	1.4163400e+06	1.1953585e+06	1.3072538e+06	1.6792950e+06	1.0717205e+06	2.5015597e+06	1.4500185e+06	2.2003922e+06	1.7353802e+06	1.9378262e+06	1.4225848e+06
4.8042622e+05	8.3338807e+05	8.0456816e+05	4.8393837e+05	1.2293523e+06	1.5267554e+06	1.0348028e+06	1.1902960e+06	1.0035908e+06	1.5396212e+06	1.3169475e+06	1.7341835e+06	1.3213531e+06	1.5266231e+06	1.4163400e+06	1.1953585e+06	1.3072538e+06	1.6792950e+06	1.0717205e+06	2.4986176e+06	9.7337665e+05	1.6521323e+06	1.5360297e+06	1.9378262e+06	1.4225848e+06
4.8042622e+05	6.3265721e+05	8.0456816e+05	4.8393837e+05	1.0824262e+06	1.5267554e+06	1.0348028e+06	1.1902960e+06	1.0035908e+06	1.5396212e+06	1.3169475e+06	8.1419704e+05	1.3213531e+06	1.5266231e+06	1.2835786e+06	1.1953585e+06	7.2480207e+05	1.6792950e+06	9.6614395e+05	1.7016221e+06	9.7337665e+05	1.1344283e+06	1.5064913e+06	1.7158617e+06	1.2022136e+06
4.8042622e+05	6.3265721e+05	8.0456816e+05	4.8393837e+05	1.0824262e+06	1.1776422e+06	1.0348028e+06	1.1902960e+06	1.0035908e+06	1.5396212e+06	1.3169475e+06	8.1419704e+05	1.3213531e+06	1.5053809e+06	1.2835786e+06	9.0734397e+05	7.2480207e+05	1.3254385e+06	9.6614395e+05	1.5907124e+06	9.7337665e+05	1.1344283e+06	1.4538153e+06	1.2223436e+06	1.2022136e+06
4.8042622e+05	6.3265721e+05	8.0456816e+05	4.8393837e+05	1.0366622e+06	9.5789796e+05	1.0348028e+06	1.1902960e+06	5.8452037e+05	1.5160601e+06	1.3169475e+06	8.1419704e+05	1.3213531e+06	1.0066756e+06	8.6276647e+05	9.0734397e+05	7.2480207e+05	5.3510149e+05	9.6614395e+05	1.5907124e+06	8.2396730e+05	1.1344283e+06	1.4538153e+06	9.0603444e+05	1.2022136e+06
4.8042622e+05	6.3265721e+05	7.6206818e+05	4.8393837e+05	1.0366622e+06	8.9276289e+05	7.7040206e+05	1.1902960e+06	5.8452037e+05	1.5160601e+06	1.3169475e+06	8.1419704e+05	1.1222363e+06	1.0066756e+06	8.6276647e+05	8.2819485e+05	7.2480207e+05	5.3510149e+05	9.6614395e+05	1.2913701e+06	4.9659896e+05	9.9703586e+05	1.3059547e+06	9.0603444e+05	6.3454941e+05
4.8042622e+05	5.8619417e+05	7.6206818e+05	4.8393837e+05	5.9994090e+05	8.9276289e+05	7.7040206e+05	7.7396321e+05	5.8452037e+05	1.5160601e+06	1.0208396e+06	8.1419704e+05	1.0640356e+06	1.0066756e+06	8.6276647e+05	8.2819485e+05	7.2480207e+05	5.3510149e+05	4.1841774e+05	9.1447782e+05	4.9659896e+05	8.0055814e+05	1.3059547e+06	9.0603444e+05	6.3454941e+05
4.8042622e+05	5.8619417e+05	6.8974159e+05	4.8393837e+05	5.9994090e+05	6.7427667e+05	7.7040206e+05	7.7396321e+05	5.8452037e+05	1.5160601e+06	9.9928437e+05	8.1419704e+05	1.0640356e+06	1.0066756e+06	8.6276647e+05	8.2819485e+05	7.2480207e+05	5.3510149e+05	4.1841774e+05	8.7551259e+05	4.9659896e+05	7.8218803e+05	1.2613772e+06	7.0025078e+05	6.3454941e+05
4.8042622e+05	3.5508951e+05	5.6781660e+05	4.8393837e+05	5.9994090e+05	6.7427667e+05	7.7040206e+05	7.7396321e+05	5.8452037e+05	1.5160601e+06	9.1468835e+05	7.9949203e+05	6.2232289e+05	7.7526812e+05	8.6276647e+05	8.2819485e+05	7.2480207e+05	5.3510149e+05	4.1841774e+05	8.7551259e+05	4.9659896e+05	7.4231630e+05	6.3320381e+05	7.0025078e+05	6.3454941e+05
3.2027229e+05	3.5508951e+05	2.0669444e+05	4.8393837e+05	3.5688878e+05	4.7000816e+05	7.7040206e+05	7.7396321e+05	5.8452037e+05	1.0520745e+06	9.1468835e+05	6.4500722e+05	6.2232289e+05	4.7922157e+05	7.4947238e+05	8.2819485e+05	7.2480207e+05	5.3510149e+05	4.1841774e+05	8.7551259e+05	4.9659896e+05	6.4675807e+05	6.3320381e+05	7.0025078e+05	6.3454941e+05
3.2027229e+05	3.5508951e+05	2.0669444e+05	4.8393837e+05	3.5688878e+05	4.7000816e+05	5.2498425e+05	7.1065798e+05	3.1073849e+05	1.0520745e+06	7.6039541e+05	6.4500722e+05	6.1214427e+05	4.7922157e+05	7.4947238e+05	6.6569679e+05	7.2480207e+05	5.3510149e+05	4.1841774e+05	7.5222904e+05	4.9659896e+05	6.4675807e+05	6.3320381e+05	7.0025078e+05	6.3454941e+05
3.2027229e+05	3.5508951e+05	2.0669444e+05	4.8393837e+05	3.5688878e+05	3.9726136e+05	5.2498425e+05	7.1065798e+05	3.1073849e+05	1.0520745e+06	3.8697298e+05	6.4500722e+05	5.6867773e+05	4.7922157e+05	6.3332303e+05	6.4390079e+05	7.2480207e+05	5.3510149e+05	4.1841774e+05	4.7266264e+05	4.9659896e+05	6.4675807e+05	5.9568249e+05	7.0025078e+05	4.8597878e+05
3.2027229e+05	3.5508951e+05	1.8462061e+05	4.8393837e+05	3.5688878e+05	3.9726136e+05	5.2498425e+05	7.1065798e+05	3.1073849e+05	1.0520745e+06	3.8697298e+05	6.4500722e+05	2.8242789e+05	4.7922157e+05	3.7669614e+05	3.7773068e+05	7.2480207e+05	5.0979299e+05	4.1841774e+05	4.7266264e+05	4.9659896e+05	6.4675807e+05	5.9568249e+05	7.0025078e+05	1.8836089e+05
3.2027229e+05	3.5508951e+05	1.8462061e+05	4.8393837e+05	3.5688878e+05	3.9726136e+05	3.3251013e+05	6.4531526e+05	3.1073849e+05	6.7236021e+05	3.8697298e+05	6.4500722e+05	2.8242789e+05	4.7922157e+05	3.7669614e+05	3.7773068e+05	7.2480207e+05	3.7321832e+05	4.1841774e+05	4.7266264e+05	4.9659896e+05	3.4905499e+05	5.9568249e+05	7.0025078e+05	1.8836089e+05
3.2027229e+05	2.5949052e+05	1.8462061e+05	4.8393837e+05	3.5688878e+05	3.9726136e+05	3.3251013e+05	6.4531526e+05	3.1073849e+05	4.0126035e+05	3.8697298e+05	5.2572944e+05	2.8242789e+05	2.9347282e+05	3.7669614e+05	3.7773068e+05	7.2480207e+05	3.7131817e+05	4.1841774e+05	3.4275337e+05	4.4723232e+05	3.4905499e+05	5.9568249e+05	7.0025078e+05	1.8836089e+05
3.2027229e+05	2.4773351e+05	1.8462061e+05	4.4986471e+05	3.5688878e+05	3.9726136e+05	3.3251013e+05	4.3349654e+05	3.1073849e+05	4.0126035e+05	3.8697298e+05	5.2572944e+05	2.8242789e+05	2.9347282e+05	3.7669614e+05	3.7773068e+05	4.8261228e+05	3.7131817e+05	4.1841774e+05	3.4275337e+05	4.1491387e+05	3.4905499e+05	5.3802201e+05	3.2026742e+05	1.8836089e+05
3.2027229e+05	1.5068013e+05	1.8462061e+05	4.4986471e+05	3.5688878e+05	3.9726136e+05	3.3251013e+05	4.3349654e+05	3.1073849e+05	4.0126035e+05	2.1586354e+05	5.2572944e+05	2.8242789e+05	2.9347282e+05	3.3818474e+05	3.7773068e+05	3.6505264e+05	3.7131817e+05	4.1841774e+05	3.4275337e+05	4.1491387e+05	3.4905499e+05	5.0165485e+05	3.2026742e+05	1.8836089e+05
3.2027229e+05	1.5068013e+05	1.8462061e+05	4.4986471e+05	3.5688878e+05	3.9726136e+05	2.1604471e+05	3.7863490e+05	2.5252102e+05	4.0126035e+05	2.1586354e+05	4.7610563e+05	2.5628677e+05	2.9347282e+05	3.3818474e+05	3.7773068e+05	3.6505264e+05	1.7517743e+05	1.5538067e+05	3.4275337e+05	4.1491387e+05	3.4905499e+05	4.3934392e+05	3.2026742e+05	1.8836089e+05
3.1759428e+05	1.5068013e+05	1.8462061e+05	3.4714011e+05	1.5107586e+05	3.7229272e+05	2.1604471e+05	3.7863490e+05	2.5252102e+05	4.0126035e+05	2.1586354e+05	3.7993938e+05	2.5628677e+05	2.8230040e+05	3.3818474e+05	3.4607435e+05	3.5442899e+05	1.7517743e+05	1.5538067e+05	3.0137905e+05	4.1491387e+05	3.1223492e+05	1.7699027e+05	3.2026742e+05	1.8836089e+05
3.1759428e+05	1.5068013e+05	1.2110285e+05	3.4714011e+05	1.5107586e+05	2.8181580e+05	2.1604471e+05	3.7863490e+05	2.5252102e+05	4.0126035e+05	2.1586354e+05	2.4197131e+05	2.5628677e+05	2.8230040e+05	3.3818474e+05	1.9248586e+05	3.5442899e+05	1.7517743e+05	1.5538067e+05	3.0137905e+05	3.6253470e+05	3.1223492e+05	1.7699027e+05	3.2026742e+05	1.8836089e+05
2.7239226e+05	1.5068013e+05	1.2110285e+05	2.2556929e+05	1.5107586e+05	2.8181580e+05	2.1604471e+05	3.3395582e+05	2.5252102e+05	4.0126035e+05	2.1586354e+05	2.4197131e+05	2.5628677e+05	2.8230040e+05	2.5867490e+05	1.9248586e+05	3.0675050e+05	1.7517743e+05	1.5538067e+05	3.0137905e+05	3.6253470e+05	3.1223492e+05	1.7699027e+05	3.2026742e+05	1.8836089e+05
2.7239226e+05	1.4852411e+05	1.2110285e+05	2.2556929e+05	1.5107586e+05	2.8181580e+05	2.1604471e+05	3.3395582e+05	2.5252102e+05	4.0126035e+05	2.1586354e+05	2.4197131e+05	2.5628677e+05	2.8230040e+05	2.5867490e+05	1.9248586e+05	3.0675050e+05	1.7517743e+05	1.5538067e+05	3.0137905e+05	2.5070888e+05	2.3705058e+05	1.7699027e+05	3.2026742e+05	1.8836089e+05
1.7723480e+05	1.4852411e+05	1.2110285e+05	2.2556929e+05	1.5107586e+05	2.8181580e+05	2.1604471e+05	2.7994023e+05	1.5203805e+05	3.6729429e+05	2.1586354e+05	2.3964577e+05	1.6703975e+05	1.8560560e+05	2.0753863e+05	1.9248586e+05	3.0675050e+05	1.7517743e+05	1.5538067e+05	3.0137905e+05	2.5070888e+05	2.3705058e+05	1.7699027e+05	3.2026742e+05	1.7743818e+05
1.7723480e+05	1.4852411e+05	1.2110285e+05	2.2556929e+05	1.5107586e+05	2.8181580e+05	2.1604471e+05	2.7994023e+05	1.0056667e+05	3.6729429e+05	2.1586354e+05	2.1283275e+05	1.6703975e+05	1.8560560e+05	1.7260005e+05	1.9248586e+05	2.6842842e+05	1.4515985e+05	1.5538067e+05	3.0137905e+05	2.5070888e+05	2.3705058e+05	1.7699027e+05	2.5881867e+05	1.7743818e+05
1.7723480e+05	1.4852411e+05	1.2110285e+05	2.2556929e+05	1.5107586e+05	1.9722363e+05	2.1604471e+05	2.7994023e+05	1.0056667e+05	3.6729429e+05	2.1586354e+05	1.5675041e+05	1.6703975e+05	1.8560560e+05	1.7260005e+05	1.9248586e+05	2.6842842e+05	1.4515985e+05	1.3498637e+05	2.6443877e+05	2.1691931e+05	2.3705058e+05	1.7699027e+05	2.5881867e+05	1.3958734e+05
1.6552369e+05	1.0543582e+05	1.2110285e+05	2.2556929e+05	1.5107586e+05	1.9722363e+05	2.0746426e+05	2.2078584e+05	1.0056667e+05	2.5685895e+05	2.1586354e+05	1.5675041e+05	1.5794294e+05	1.8560560e+05	1.7260005e+05	1.9248586e+05	2.6842842e+05	1.4515985e+05	1.3498637e+05	2.6443877e+05	2.1691931e+05	2.3705058e+05	1.7699027e+05	1.5232965e+05	1.3958734e+05
1.6552369e+05	1.0543582e+05	1.2110285e+05	2.2556929e+05	1.5107586e+05	1.3954304e+05	2.0746426e+05	2.2078584e+05	1.0056667e+05	2.5685895e+05	2.1586354e+05	1.5675041e+05	1.5794294e+05	1.8560560e+05	1.5515619e+05	1.5060757e+05	2.6842842e+05	1.4515985e+05	1.3498637e+05	2.1651110e+05	1.4646509e+05	1.7720479e+05	1.7699027e+05	1.5232965e+05	1.3958734e+05
1.0547984e+05	9.2597113e+04	1.2110285e+05	2.2556929e+05	1.0753774e+05	1.3954304e+05	1.6958717e+05	2.2078584e+05	1.0056667e+05	2.5685895e+05	1.2063612e+05	1.5675041e+05	1.5794294e+05	1.2183949e+05	1.5515619e+05	1.5060757e+05	2.0041408e+05	8.7625905e+04	1.3498637e+05	1.7284813e+05	1.4646509e+05	1.7720479e+05	1.7699027e+05	1.5232965e+05	1.3958734e+05
9.6350172e+04	6.2010653e+04	8.7809295e+04	2.2556929e+05	1.0753774e+05	1.3954304e+05	1.4924075e+05	2.0557548e+05	1.0056667e+05	2.5685895e+05	1.2063612e+05	1.5675041e+05	1.5794294e+05	1.2183949e+05	1.5515619e+05	1.5060757e+05	2.0041408e+05	8.7625905e+04	1.2689805e+05	1.7284813e+05	1.4646509e+05	1.3211762e+05	1.5035317e+05	1.5232965e+05	1.3958734e+05
9.6350172e+04	6.2010653e+04	8.7809295e+04	2.2556929e+05	1.0753774e+05	1.3954304e+05	1.4924075e+05	1.6325210e+05	8.3434618e+04	1.6494464e+05	1.2063612e+05	1.5675041e+05	1.1407895e+05	1.2183949e+05	1.2942257e+05	1.5060757e+05	2.0041408e+05	8.7625905e+04	1.2689805e+05	1.7284813e+05	1.2689105e+05	1.3211762e+05	1.4039489e+05	1.5232965e+05	1.3958734e+05
8.7845683e+04	6.2010653e+04	8.6652435e+04	2.2556929e+05	1.0753774e+05	1.1911553e+05	1.2523124e+05	1.6325210e+05	8.3434618e+04	1.6494464e+05	1.2063612e+05	1.5675041e+05	1.1407895e+05	1.2183949e+05	1.2942257e+05	1.2652468e+05	2.0041408e+05	6.7042222e+04	1.2689805e+05	1.7284813e+05	1.2689105e+05	1.3211762e+05	1.4039489e+05	1.5232965e+05	1.2689592e+05
8.7845683e+04	6.2010653e+04	7.6086018e+04	1.6478629e+05	7.5517139e+04	1.1911553e+05	1.2523124e+05	1.6325210e+05	7.9056006e+04	1.6494464e+05	1.2063612e+05	1.5675041e+05	1.1407895e+05	1.2183949e+05	1.2942257e+05	1.2652468e+05	1.6606629e+05	6.7042222e+04	1.2689805e+05	1.3972482e+05	1.2689105e+05	1.1844182e+05	1.1701040e+05	1.1191528e+05	1.2689592e+05
8.7845683e+04	5.5864412e+04	7.6086018e+04	1.4911929e+05	7.5517139e+04	1.1143185e+05	1.2523124e+05	1.6325210e+05	7.9056006e+04	1.3951934e+05	1.2063612e+05	1.3167928e+05	9.0135213e+04	1.2183949e+05	1.2942257e+05	1.1989704e+05	1.6458501e+05	6.7042222e+04	9.0131677e+04	1.3972482e+05	1.2689105e+05	1.1844182e+05	1.1701040e+05	1.1191528e+05	8.0962152e+04
8.0815538e+04	5.5864412e+04	6.8400097e+04	5.5139171e+04	7.5517139e+04	9.3589221e+04	1.0393055e+05	1.6325210e+05	6.0829010e+04	1.3951934e+05	1.2063612e+05	1.2065308e+05	9.0135213e+04	1.2183949e+05	1.1224667e+05	1.1989704e+05	1.6458501e+05	6.7042222e+04	9.0131677e+04	1.3972482e+05	1.1688659e+05	1.1844182e+05	1.1701040e+05	1.1191528e+05	8.0962152e+04
8.0815538e+04	4.7025851e+04	6.3170652e+04	5.5139171e+04	4.2682975e+04	9.3589221e+04	1.0393055e+05	1.6325210e+05	6.0829010e+04	1.3164153e+05	1.1111448e+05	8.1639612e+04	9.0135213e+04	1.2183949e+05	5.8883599e+04	6.9783867e+04	1.6458501e+05	6.7042222e+04	9.0131677e+04	1.0049377e+05	9.4974566e+04	1.1798302e+05	5.1624069e+04	8.5586401e+04	8.0962152e+04
5.7123074e+04	2.9417166e+04	6.3170652e+04	5.5139171e+04	4.2682975e+04	7.2854504e+04	9.6042855e+04	1.5394256e+05	6.0829010e+04	1.3164153e+05	1.1111448e+05	8.1639612e+04	7.8550209e+04	1.2183949e+05	5.8883599e+04	6.9783867e+04	1.3469374e+05	6.7042222e+04	9.0131677e+04	8.9288610e+04	9.4974566e+04	1.0266654e+05	5.1624069e+04	8.5586401e+04	4.3259890e+04
5.7123074e+04	2.1052328e+04	5.9126963e+04	5.5139171e+04	4.2682975e+04	7.2854504e+04	9.6042855e+04	1.1504038e+05	6.0829010e+04	1.3164153e+05	1.1111448e+05	6.9606155e+04	7.8550209e+04	1.2183949e+05	5.8883599e+04	6.9783867e+04	1.2880011e+05	6.7042222e+04	9.0131677e+04	8.9288610e+04	8.1262022e+04	7.5512118e+04	5.1624069e+04	8.5586401e+04	4.3259890e+04
5.7123074e+04	2.1052328e+04	4.8338826e+04	5.2778104e+04	4.2682975e+04	7.2854504e+04	6.2349456e+04	1.1504038e+05	5.1645211e+04	7.7092329e+04	1.0727414e+05	6.9606155e+04	7.8550209e+04	9.3600288e+04	5.8883599e+04	6.9783867e+04	9.2608852e+04	6.7042222e+04	7.3995047e+04	6.8143332e+04	8.1262022e+04	7.5512118e+04	5.1624069e+04	8.5586401e+04	4.3259890e+04
5.7123074e+04	2.1052328e+04	3.0939350e+04	5.2778104e+04	4.0353490e+04	7.2854504e+04	6.2349456e+04	1.1159762e+05	5.1645211e+04	7.7092329e+04	8.8324903e+04	6.9606155e+04	7.6281200e+04	8.1440690e+04	5.8883599e+04	6.9783867e+04	9.2608852e+04	5.3657554e+04	7.3995047e+04	6.8143332e+04	8.1262022e+04	7.5512118e+04	5.1624069e+04	6.7621820e+04	4.3259890e+04
3.7008033e+04	2.1052328e+04	3.0939350e+04	5.2778104e+04	4.0353490e+04	5.6664150e+04	5.0697440e+04	9.5275593e+04	5.1645211e+04	7.7092329e+04	8.8324903e+04	6.9606155e+04	5.3175790e+04	6.7570766e+04	5.8883599e+04	6.9783867e+04	9.2608852e+04	2.9889994e+04	5.9497425e+04	6.6896608e+04	8.1262022e+04	7.0013364e+04	5.1624069e+04	6.7621820e+04	4.1286515e+04
3.7008033e+04	2.1052328e+04	3.0939350e+04	4.8443219e+04	4.0353490e+04	5.6664150e+04	5.0697440e+04	9.4196718e+04	5.1645211e+04	6.6242367e+04	6.7014589e+04	5.1103058e+04	4.7977858e+04	6.7570766e+04	5.8883599e+04	6.9783867e+04	9.2608852e+04	2.9889994e+04	5.9497425e+04	5.1508628e+04	8.1262022e+04	7.0013364e+04	4.8120872e+04	6.4601609e+04	3.7941758e+04
3.7008033e+04	2.1052328e+04	3.0939350e+04	4.8443219e+04	4.0353490e+04	5.6203791e+04	4.4218033e+04	9.4196718e+04	5.1645211e+04	6.6242367e+04	6.7014589e+04	5.1103058e+04	4.7977858e+04	6.7570766e+04	5.8883599e+04	6.9783867e+04	9.2608852e+04	2.9889994e+04	5.9497425e+04	5.1508628e+04	6.6551265e+04	4.6128328e+04	4.8120872e+04	6.1687669e+04	3.7941758e+04
3.7008033e+04	1.7875479e+04	2.6660852e+04	4.8443219e+04	4.0353490e+04	5.2287278e+04	4.4218033e+04	5.8052339e+04	5.1645211e+04	4.6764381e+04	6.7014589e+04	5.1103058e+04	4.7977858e+04	6.7570766e+04	5.8883599e+04	6.3367215e+04	7.2757512e+04	2.9889994e+04	5.6064479e+04	5.1508628e+04	6.2468214e+04	4.6128328e+04	4.8120872e+04	6.1687669e+04	3.7941758e+04
3.6281622e+04	1.7875479e+04	2.6660852e+04	4.3662224e+04	4.0353490e+04	4.5234360e+04	3.6998286e+04	5.1877198e+04	4.4238871e+04	4.6764381e+04	6.7014589e+04	5.1103058e+04	4.7977858e+04	6.7570766e+04	5.8883599e+04	6.3367215e+04	6.9805893e+04	2.9889994e+04	5.6064479e+04	3.1272662e+04	4.6902169e+04	2.4830341e+04	4.8120872e+04	6.1687669e+04	3.7941758e+04
3.6281622e+04	1.7875479e+04	2.6660852e+04	4.3662224e+04	4.0353490e+04	4.5234360e+04	3.6998286e+04	5.1877198e+04	4.4238871e+04	4.5951910e+04	6.7014589e+04	3.8492811e+04	4.7977858e+04	6.7570766e+04	5.8883599e+04	4.6394489e+04	6.9805893e+04	2.5572097e+04	4.7309579e+04	3.1272662e+04	4.6902169e+04	2.4830341e+04	4.8120872e+04	5.0431092e+04	3.7941758e+04
3.6281622e+04	1.7875479e+04	2.5755990e+04	4.3662224e+04	3.5404283e+04	3.9628960e+04	3.6998286e+04	4.3619857e+04	4.4238871e+04	4.5951910e+04	5.2143868e+04	3.4906593e+04	4.7977858e+04	4.9242917e+04	5.8883599e+04	4.6394489e+04	6.9805893e+04	2.5572097e+04	4.7309579e+04	3.1272662e+04	3.8984354e+04	2.4830341e+04	4.8120872e+04	5.0431092e+04	3.7941758e+04
3.6224969e+04	1.7875479e+04	2.5755990e+04	4.3662224e+04	3.5404283e+04	3.9628960e+04	3.6998286e+04	3.9100536e+04	2.8191501e+04	4.5951910e+04	5.2008863e+04	3.4906593e+04	4.6079539e+04	4.6264025e+04	5.8883599e+04	3.5398043e+04	4.4995978e+04	2.5572097e+04	3.5277496e+04	3.1272662e+04	3.8984354e+04	2.4830341e+04	4.1521943e+04	5.0431092e+04	3.7941758e+04
3.6224969e+04	1.7875479e+04	2.5755990e+04	4.3662224e+04	3.5404283e+04	3.6598122e+04	3.6998286e+04	3.9100536e+04	2.8191501e+04	4.5951910e+04	5.2008863e+04	3.4906593e+04	4.6079539e+04	2.7893011e+04	5.8883599e+04	3.5398043e+04	4.4995978e+04	2.5572097e+04	3.5277496e+04	3.1272662e+04	3.8984354e+04	2.4830341e+04	4.1521943e+04	3.7260023e+04	3.7941758e+04
3.6224969e+04	1.7875479e+04	2.5755990e+04	4.3662224e+04	3.5404283e+04	3.6598122e+04	3.6998286e+04	3.9100536e+04	2.8191501e+04	4.5951910e+04	5.2008863e+04	3.4906593e+04	4.6079539e+04	2.7890484e+04	5.6401225e+04	3.5398043e+04	4.4995978e+04	2.5572097e+04	3.5277496e+04	3.1272662e+04	3.8984354e+04	2.4830341e+04	4.1521943e+04	3.7260023e+04	3.7941758e+04
3.6224969e+04	1.7875479e+04	2.0484754e+04	4.3662224e+04	3.3903962e+04	3.6598122e+04	3.0355333e+04	3.9100536e+04	2.3709334e+04	4.5951910e+04	4.6400606e+04	3.4906593e+04	4.6079539e+04	2.7890484e+04	5.6401225e+04	3.1565712e+04	4.4995978e+04	2.5572097e+04	3.5277496e+04	3.1272662e+04	3.8984354e+04	2.4830341e+04	2.7126544e+04	3.3104062e+04	3.7941758e+04
3.6224969e+04	1.7875479e+04	1.9396668e+04	3.4224006e+04	3.1666079e+04	3.4102282e+04	2.5947442e+04	3.9100536e+04	2.3709334e+04	2.8682068e+04	3.5024133e+04	2.5204228e+04	4.0892109e+04	2.7890484e+04	5.6401225e+04	3.1565712e+04	4.2579624e+04	2.0690230e+04	3.5277496e+04	3.1272662e+04	3.5980150e+04	2.4830341e+04	2.7126544e+04	2.8418906e+04	3.7670548e+04
3.0820175e+04	1.3820780e+04	1.9396668e+04	3.4224006e+04	3.1666079e+04	3.4102282e+04	2.5947442e+04	3.6944361e+04	2.3709334e+04	2.8682068e+04	3.5024133e+04	2.5204228e+04	2.7004939e+04	2.7890484e+04	4.0324949e+04	2.9394391e+04	3.8072168e+04	2.0690230e+04	3.2462776e+04	2.8559213e+04	3.5980150e+04	2.4830341e+04	2.7126544e+04	2.8418906e+04	2.5828722e+04
3.0820175e+04	1.3820780e+04	1.9396668e+04	3.4224006e+04	3.1666079e+04	2.7918014e+04	2.5947442e+04	3.1610359e+04	2.3322713e+04	2.3161266e+04	3.5024133e+04	2.5204228e+04	2.7004939e+04	2.7890484e+04	3.9351513e+04	2.9394391e+04	3.0145899e+04	2.0690230e+04	2.6308896e+04	2.8559213e+04	3.2750192e+04	2.4830341e+04	2.7126544e+04	2.5922063e+04	2.5828722e+04
3.0820175e+04	1.3820780e+04	1.9396668e+04	3.4224006e+04	2.0329672e+04	2.1778440e+04	1.8797209e+04	3.1610359e+04	1.6627809e+04	2.3161266e+04	2.7934415e+04	2.4770040e+04	2.7004939e+04	2.7890484e+04	2.7935044e+04	2.3966734e+04	3.0145899e+04	2.0314382e+04	2.6308896e+04	2.3217845e+04	3.2750192e+04	2.4830341e+04	2.7126544e+04	2.3477749e+04	2.5828722e+04
1.8072537e+04	1.3820780e+04	1.9000751e+04	2.9771336e+04	2.0329672e+04	2.1778440e+04	1.8797209e+04	2.7038678e+04	1.6627809e+04	2.3161266e+04	2.7934415e+04	2.3823412e+04	2.5274196e+04	2.6136498e+04	2.7935044e+04	1.9971125e+04	2.7641850e+04	2.0278366e+04	1.8383989e+04	2.3217845e+04	3.2386470e+04	2.4830341e+04	2.7126544e+04	2.1112309e+04	2.5828722e+04
1.8072537e+04	1.1000337e+04	1.8797001e+04	2.7122842e+04	2.0329672e+04	2.1778440e+04	1.8797209e+04	2.7038678e+04	1.6627809e+04	2.3144515e+04	2.7934415e+04	2.3823412e+04	2.2318991e+04	2.6136498e+04	2.7935044e+04	1.9971125e+04	2.7641850e+04	2.0278366e+04	1.8383989e+04	1.7895614e+04	3.2386470e+04	2.3949352e+04	2.6405253e+04	2.1112309e+04	2.5828722e+04
1.8072537e+04	1.1000337e+04	1.5613109e+04	1.8376834e+04	2.0329672e+04	2.1575246e+04	1.8797209e+04	2.7038678e+04	1.6627809e+04	2.3144515e+04	2.5357123e+04	2.3823412e+04	2.1159361e+04	1.7382632e+04	2.7935044e+04	1.9971125e+04	2.7641850e+04	2.0278366e+04	1.8383989e+04	1.7895614e+04	3.2386470e+04	2.2628458e+04	2.6405253e+04	2.1112309e+04	2.4988786e+04
1.8072537e+04	1.1000337e+04	1.5613109e+04	1.8376834e+04	2.0329672e+04	2.1575246e+04	1.8797209e+04	2.7038678e+04	1.5653106e+04	2.3144515e+04	2.5357123e+04	2.1130316e+04	2.1159361e+04	1.7382632e+04	2.5292510e+04	1.9971125e+04	2.7641850e+04	2.0278366e+04	1.8383989e+04	1.7788137e+04	2.5535467e+04	1.9882618e+04	2.6405253e+04	2.1112309e+04	2.0293708e+04
1.8072537e+04	1.1000337e+04	1.2549935e+04	1.8376834e+04	2.0329672e+04	1.9712117e+04	1.8797209e+04	2.7038678e+04	1.5653106e+04	2.3144515e+04	2.0494296e+04	1.8142740e+04	2.0398553e+04	1.7382632e+04	1.7346553e+04	1.9971125e+04	2.7641850e+04	1.4323858e+04	1.6836116e+04	1.7788137e+04	2.1723873e+04	1.9882618e+04	2.5272752e+04	2.1112309e+04	2.0293708e+04
1.7523297e+04	1.1000337e+04	1.2549935e+04	1.8376834e+04	2.0329672e+04	1.9712117e+04	1.8797209e+04	2.3922580e+04	1.5653106e+04	1.4447751e+04	2.0494296e+04	1.8142740e+04	2.0398553e+04	1.7382632e+04	1.7346553e+04	1.9971125e+04	2.7641850e+04	1.4323858e+04	1.6836116e+04	1.7788137e+04	1.8846011e+04	1.9654499e+04	1.7925307e+04	2.1112309e+04	2.0293708e+04
1.7523297e+04	1.1000337e+04	1.2549935e+04	1.8376834e+04	1.6615671e+04	1.9712117e+04	1.8797209e+04	2.0027776e+04	1.5653106e+04	1.4447751e+04	2.0494296e+04	1.7992837e+04	2.0398553e+04	1.7382632e+04	1.7346553e+04	1.9971125e+04	2.7641850e+04	1.3950357e+04	1.6836116e+04	1.7788137e+04	1.8846011e+04	1.6935077e+04	1.7925307e+04	1.9301784e+04	1.6670264e+04
1.7523297e+04	1.1000337e+04	1.2549935e+04	1.8376834e+04	1.6615671e+04	1.6176252e+04	1.6710049e+04	2.0027776e+04	1.5653106e+04	1.4447751e+04	1.8773693e+04	1.5224879e+04	2.0398553e+04	1.7382632e+04	1.7346553e+04	1.9971125e+04	2.6558286e+04	1.3950357e+04	1.6836116e+04	1.5184311e+04	1.8846011e+04	1.6935077e+04	1.7925307e+04	1.9301784e+04	1.6670264e+04
1.6665720e+04	1.1000337e+04	1.2549935e+04	1.8376834e+04	1.6615671e+04	1.6176252e+04	1.6710049e+04	1.6691288e+04	1.5237126e+04	1.4447751e+04	1.0649839e+04	1.5224879e+04	1.6866529e+04	1.7382632e+04	1.7346553e+04	1.9874138e+04	2.6558286e+04	1.3626001e+04	1.6836116e+04	1.4591281e+04	1.8846011e+04	1.4601291e+04	1.6234269e+04	1.9301784e+04	1.6670264e+04
1.6665720e+04	1.1000337e+04	1.2549935e+04	1.4935318e+04	1.6615671e+04	1.6176252e+04	1.6710049e+04	1.6691288e+04	1.3935313e+04	1.4166938e+04	1.0649839e+04	1.5224879e+04	1.6866529e+04	1.3240570e+04	1.2817396e+04	1.8280965e+04	2.6558286e+04	1.1254638e+04	1.6810906e+04	1.4591281e+04	1.8846011e+04	1.4080300e+04	1.6234269e+04	1.6665671e+04	1.6670264e+04
1.6665720e+04	1.1000337e+04	1.2549935e+04	1.4935318e+04	1.6615671e+04	1.5329136e+04	1.6710049e+04	1.6691288e+04	1.2220814e+04	1.4166938e+04	1.0649839e+04	1.5224879e+04	1.5217240e+04	1.3240570e+04	1.2817396e+04	1.4160151e+04	2.1265265e+04	1.1254638e+04	1.2018774e+04	1.2656794e+04	1.4017879e+04	1.4080300e+04	1.5645201e+04	1.3709360e+04	1.6670264e+04
1.3449357e+04	1.1000337e+04	1.0288018e+04	1.4305376e+04	1.6228090e+04	1.5221133e+04	1.6710049e+04	1.6691288e+04	1.2220814e+04	1.2477884e+04	1.0649839e+04	1.5224879e+04	1.5217240e+04	1.3240570e+04	1.2817396e+04	1.4160151e+04	2.1265265e+04	1.1254638e+04	1.2018774e+04	1.1545771e+04	1.4017879e+04	1.1801384e+04	1.3663247e+04	1.3709360e+04	1.6670264e+04
1.3449357e+04	1.1000337e+04	1.0288018e+04	1.2965352e+04	1.6228090e+04	1.5221133e+04	1.6710049e+04	1.6691288e+04	1.2220814e+04	1.2477884e+04	1.0649839e+04	1.4845284e+04	1.2797862e+04	1.3240570e+04	1.2817396e+04	1.4160151e+04	2.1265265e+04	1.1254638e+04	1.2018774e+04	1.1545771e+04	1.4017879e+04	1.1801384e+04	1.3663247e+04	1.3709360e+04	1.4597824e+04
1.3449357e+04	1.1000337e+04	1.0288018e+04	1.2965352e+04	1.5975935e+04	1.4706864e+04	1.6710049e+04	1.6472376e+04	1.0880622e+04	1.2477884e+04	1.0649839e+04	1.4845284e+04	1.2797862e+04	9.8217523e+03	1.2817396e+04	1.4160151e+04	2.0243653e+04	1.1254638e+04	1.2018774e+04	1.1545771e+04	1.4017879e+04	1.1801384e+04	1.2871767e+04	1.3709360e+04	1.4597824e+04
1.3449357e+04	1.1000337e+04	1.0288018e+04	1.2836481e+04	1.5975935e+04	1.2883979e+04	1.3529286e+04	1.6055765e+04	1.0508905e+04	1.2477884e+04	1.0649839e+04	1.1154257e+04	1.2797862e+04	9.8217523e+03	1.2817396e+04	1.4160151e+04	1.7958081e+04	1.1176493e+04	1.2018774e+04	1.1545771e+04	1.4017879e+04	1.1801384e+04	1.2871767e+04	1.0518414e+04	1.4597824e+04
1.1697322e+04	1.0851259e+04	1.0288018e+04	1.2245490e+04	1.5975935e+04	1.2883979e+04	1.3529286e+04	1.4292527e+04	9.5970337e+03	1.2477884e+04	1.0649839e+04	1.1154257e+04	1.2797862e+04	9.8217523e+03	1.2817396e+04	1.4160151e+04	1.7410291e+04	1.0997014e+04	1.2018774e+04	1.1545771e+04	1.0978515e+04	1.1801384e+04	1.1384067e+04	1.0518414e+04	1.4597824e+04
1.1697322e+04	1.0851259e+04	1.0288018e+04	1.1466555e+04	1.4396746e+04	1.2883979e+04	1.3421980e+04	1.4292527e+04	9.5970337e+03	9.4264097e+03	1.0649839e+04	1.0502903e+04	1.2797862e+04	9.8217523e+03	1.2817396e+04	1.4160151e+04	1.6877417e+04	1.0997014e+04	1.2018774e+04	1.1191162e+04	1.0978515e+04	1.0202201e+04	9.6196685e+03	1.0518414e+04	1.4123377e+04
1.1697322e+04	9.3737956e+03	1.0288018e+04	9.9038667e+03	1.4047857e+04	1.2543544e+04	1.3421980e+04	1.1685094e+04	8.9150893e+03	9.4264097e+03	1.0649839e+04	1.0502903e+04	1.2797862e+04	9.8217523e+03	1.1585706e+04	1.3890246e+04	1.5146556e+04	8.9183194e+03	1.0291567e+04	1.1191162e+04	1.0978515e+04	1.0202201e+04	9.6196685e+03	1.0518414e+04	1.4123377e+04
1.0279984e+04	9.3737956e+03	1.0288018e+04	9.9038667e+03	1.4047857e+04	1.2543544e+04	1.1134525e+04	1.1503211e+04	8.9150893e+03	9.4264097e+03	8.6016784e+03	1.0502903e+04	1.1843645e+04	9.8217523e+03	1.1585706e+04	1.3890246e+04	1.5146556e+04	8.9183194e+03	1.0291567e+04	9.4274144e+03	1.0978515e+04	9.5480009e+03	9.6196685e+03	1.0518414e+04	1.4123377e+04
1.0279984e+04	9.3737956e+03	1.0288018e+04	9.9038667e+03	1.4047857e+04	1.0883950e+04	1.1134525e+04	1.1409681e+04	8.9150893e+03	9.4264097e+03	8.6016784e+03	1.0502903e+04	1.1638103e+04	9.6358732e+03	1.1585706e+04	1.3387256e+04	1.5146556e+04	8.9183194e+03	9.4683222e+03	9.4274144e+03	8.8494834e+03	9.5480009e+03	9.2133004e+03	9.4950052e+03	1.4123377e+04
1.0279984e+04	9.3737956e+03	1.0244613e+04	9.9038667e+03	1.2807325e+04	1.0883950e+04	1.1134525e+04	1.1409681e+04	8.6729281e+03	9.4264097e+03	8.6016784e+03	1.0502903e+04	1.0401950e+04	9.6358732e+03	1.1585706e+04	1.3387256e+04	1.4591779e+04	8.9183194e+03	9.4683222e+03	9.4274144e+03	8.8494834e+03	9.5480009e+03	9.2133004e+03	9.4950052e+03	1.3457458e+04
1.0279984e+04	9.3737956e+03	8.4289681e+03	9.9038667e+03	1.1648676e+04	1.0883950e+04	1.1134525e+04	1.1409681e+04	7.6855778e+03	8.8874585e+03	8.6016784e+03	1.0502903e+04	1.0401950e+04	9.3868839e+03	1.1585706e+04	1.2951123e+04	1.4591779e+04	8.3572586e+03	9.4683222e+03	8.5380729e+03	8.8494834e+03	9.5480009e+03	9.2133004e+03	9.0518936e+03	1.3457458e+04
1.0279984e+04	9.3479998e+03	8.4289681e+03	9.2200059e+03	1.1648676e+04	9.9772835e+03	1.0531122e+04	1.1409681e+04	7.6855778e+03	8.8874585e+03	8.6016784e+03	1.0502903e+04	1.0401950e+04	9.3868839e+03	1.1585706e+04	1.1807597e+04	1.3491858e+04	7.8844342e+03	9.4683222e+03	8.5380729e+03	8.8080956e+03	8.3715380e+03	9.0917833e+03	9.0518936e+03	1.3457458e+04
9.8992317e+03	8.3600038e+03	8.4289681e+03	9.1064990e+03	1.1369692e+04	9.9559092e+03	9.6912976e+03	1.1212284e+04	7.6855778e+03	8.8874585e+03	6.9671987e+03	1.0502903e+04	1.0137633e+04	9.3049286e+03	1.1585706e+04	1.1807597e+04	1.3491858e+04	7.8004748e+03	9.4683222e+03	8.5380729e+03	8.8080956e+03	6.3343874e+03	9.0917833e+03	9.0518936e+03	1.1635056e+04
9.8992317e+03	8.3600038e+03	8.4289681e+03	9.0850356e+03	1.0812906e+04	9.6533822e+03	9.6912976e+03	1.1212284e+04	7.6855778e+03	8.8874585e+03	6.9671987e+03	8.5927305e+03	1.0137633e+04	9.3049286e+03	9.0143257e+03	1.1807597e+04	1.3491858e+04	7.8004748e+03	9.4683222e+03	8.5380729e+03	8.8080956e+03	6.3343874e+03	7.5113063e+03	7.0421504e+03	1.1635056e+04
9.8855816e+03	8.3600038e+03	8.4289681e+03	8.1825204e+03	1.0306294e+04	9.6533822e+03	8.7725220e+03	1.0084810e+04	7.6855778e+03	7.4396436e+03	6.9671987e+03	8.2562614e+03	1.0137633e+04	9.3049286e+03	9.0143257e+03	1.0388396e+04	1.3491858e+04	7.8004748e+03	6.9132702e+03	6.8784485e+03	7.5808176e+03	6.3343874e+03	7.5113063e+03	7.0421504e+03	1.1256868e+04
9.8855816e+03	7.5676973e+03	7.3792014e+03	8.1825204e+03	9.9603614e+03	8.7335378e+03	8.5730189e+03	1.0084810e+04	6.2002537e+03	7.4396436e+03	6.9671987e+03	8.2562614e+03	9.2455141e+03	8.7945262e+03	7.9967693e+03	1.0388396e+04	1.3491858e+04	6.2414844e+03	6.9132702e+03	6.8784485e+03	7.5808176e+03	6.3343874e+03	7.5113063e+03	7.0421504e+03	1.1256868e+04
9.6694490e+03	7.5676973e+03	6.9510986e+03	7.9057129e+03	9.9603614e+03	8.7335378e+03	8.5539630e+03	9.4803679e+03	6.2002537e+03	7.3900038e+03	6.9671987e+03	8.2562614e+03	9.2455141e+03	8.7011484e+03	7.9967693e+03	1.0388396e+04	1.2024967e+04	6.2414844e+03	6.9132702e+03	6.8784485e+03	7.5808176e+03	6.3343874e+03	6.8893402e+03	7.0421504e+03	8.1688755e+03
9.6694490e+03	7.5676973e+03	6.9510986e+03	6.8152526e+03	9.9603614e+03	8.7304709e+03	8.5539630e+03	9.4803679e+03	6.2002537e+03	7.3900038e+03	6.9671987e+03	8.2562614e+03	8.0288801e+03	7.8960879e+03	7.9967693e+03	1.0388396e+04	9.6488041e+03	6.2414844e+03	6.9132702e+03	6.8784485e+03	7.5808176e+03	6.3343874e+03	6.3922241e+03	7.0421504e+03	8.1688755e+03
9.2541779e+03	7.5676973e+03	6.9510986e+03	6.8152526e+03	9.9603614e+03	8.5794884e+03	8.3954665e+03	8.4874826e+03	6.2002537e+03	7.3900038e+03	6.9671987e+03	8.2562614e+03	8.0288801e+03	7.8960879e+03	7.9967693e+03	9.6939474e+03	9.6488041e+03	6.2414844e+03	6.9132702e+03	6.8784485e+03	6.9415633e+03	6.3343874e+03	6.3922241e+03	6.0522624e+03	8.1688755e+03
8.5127689e+03	7.3845864e+03	6.9510986e+03	6.7922394e+03	9.2886731e+03	7.1476375e+03	7.9489951e+03	8.4874826e+03	6.0169032e+03	7.3900038e+03	6.6287692e+03	6.8976222e+03	8.0288801e+03	7.1010969e+03	7.6431907e+03	9.6939474e+03	9.6488041e+03	6.2414844e+03	6.9132702e+03	6.2536607e+03	6.9415633e+03	6.0111415e+03	6.3922241e+03	6.0522624e+03	8.1688755e+03
8.4181337e+03	7.3845864e+03	6.9510986e+03	6.1029721e+03	9.2886731e+03	6.9287572e+03	5.8233132e+03	8.4874826e+03	6.0169032e+03	7.3900038e+03	6.6287692e+03	6.8976222e+03	8.0288801e+03	7.1010969e+03	7.6431907e+03	9.6939474e+03	9.6488041e+03	6.2414844e+03	6.9132702e+03	6.2536607e+03	6.1621414e+03	6.0111415e+03	6.3922241e+03	6.0522624e+03	8.1688755e+03
8.4181337e+03	7.1490967e+03	6.4895224e+03	6.1029721e+03	9.2886731e+03	6.9287572e+03	5.8233132e+03	8.4874826e+03	6.0169032e+03	7.2612223e+03	5.9544437e+03	6.8976222e+03	7.7529602e+03	7.0315036e+03	7.5402851e+03	9.6939474e+03	9.6488041e+03	5.7666777e+03	5.9871448e+03	6.2536607e+03	5.5676188e+03	4.9169582e+03	6.3922241e+03	6.0522624e+03	8.1688755e+03
7.9302370e+03	6.4933249e+03	5.4076981e+03	6.1029721e+03	9.2886731e+03	6.9287572e+03	5.8233132e+03	8.4874826e+03	6.0169032e+03	6.1333154e+03	5.9544437e+03	6.8976222e+03	7.7529602e+03	5.6979281e+03	7.2883673e+03	9.3723430e+03	9.6488041e+03	5.7666777e+03	5.9871448e+03	6.2536607e+03	5.5676188e+03	4.9169582e+03	6.3922241e+03	6.0522624e+03	8.1688755e+03
7.6822749e+03	6.4933249e+03	5.4076981e+03	6.1029721e+03	9.2886731e+03	6.6635180e+03	5.8233132e+03	8.4874826e+03	5.5889033e+03	6.1333154e+03	5.6204859e+03	6.8976222e+03	7.0125659e+03	5.6979281e+03	7.1465059e+03	9.3723430e+03	9.6488041e+03	5.7666777e+03	5.9871448e+03	6.2536607e+03	5.5676188e+03	4.9169582e+03	5.9274683e+03	6.0522624e+03	6.8523238e+03
6.8022656e+03	6.4933249e+03	5.4076981e+03	6.1029721e+03	9.2886731e+03	6.6119020e+03	5.8233132e+03	8.4547993e+03	5.5889033e+03	6.1333154e+03	5.6204859e+03	6.8976222e+03	7.0125659e+03	5.6979281e+03	6.6191320e+03	9.2391715e+03	9.6488041e+03	5.7666777e+03	5.9871448e+03	6.2536607e+03	5.5676188e+03	4.1483512e+03	5.4835926e+03	5.2013259e+03	6.8523238e+03
6.8022656e+03	6.4933249e+03	5.4076981e+03	6.1029721e+03	8.9174036e+03	5.2557735e+03	5.8233132e+03	8.3229396e+03	5.3558624e+03	6.0860340e+03	5.4616763e+03	6.8976222e+03	7.0125659e+03	5.6979281e+03	6.3645843e+03	8.1284405e+03	8.9286750e+03	5.7666777e+03	5.9871448e+03	6.2536607e+03	4.8660340e+03	4.1483512e+03	5.4835926e+03	5.2013259e+03	6.8523238e+03
6.1397236e+03	6.4933249e+03	5.4076981e+03	5.5661673e+03	8.9174036e+03	5.2557735e+03	5.8233132e+03	8.3229396e+03	5.3558624e+03	5.7882983e+03	5.4616763e+03	6.8976222e+03	7.0125659e+03	5.2899291e+03	5.7214293e+03	7.5863657e+03	8.7399458e+03	5.2107912e+03	5.9871448e+03	6.2536607e+03	4.8660340e+03	4.1483512e+03	5.0353190e+03	5.1233730e+03	6.8523238e+03
5.4119387e+03	6.4933249e+03	5.2091802e+03	5.0133362e+03	8.2137045e+03	5.2557735e+03	5.8233132e+03	8.1778332e+03	5.0228353e+03	5.7882983e+03	5.4616763e+03	6.8976222e+03	6.8844428e+03	5.1390050e+03	5.7214293e+03	7.5863657e+03	8.7399458e+03	5.2107912e+03	5.9871448e+03	5.4021881e+03	4.8660340e+03	4.1483512e+03	4.3645567e+03	4.7801934e+03	5.4044543e+03
5.4119387e+03	6.4933249e+03	5.2091802e+03	5.0133362e+03	8.2137045e+03	5.2557735e+03	5.4715160e+03	8.1778332e+03	4.9092424e+03	4.8785637e+03	4.9928484e+03	6.6055300e+03	6.3183588e+03	4.5901093e+03	5.7214293e+03	7.5863657e+03	8.7399458e+03	5.2107912e+03	5.9871448e+03	5.4021881e+03	4.8660340e+03	4.1483512e+03	4.3250536e+03	4.7801934e+03	5.4044543e+03
5.4119387e+03	6.4933249e+03	5.2091802e+03	5.0028040e+03	8.2137045e+03	5.2557735e+03	5.4715160e+03	7.9876155e+03	4.9092424e+03	4.8785637e+03	4.9928484e+03	5.9842157e+03	6.3183588e+03	4.5901093e+03	5.7214293e+03	6.6525470e+03	8.7399458e+03	4.9269045e+03	5.9871448e+03	5.4021881e+03	4.1026311e+03	3.8786479e+03	4.3250536e+03	4.6980471e+03	5.4044543e+03
5.4119387e+03	6.4933249e+03	5.2091802e+03	5.0028040e+03	8.2137045e+03	5.2557735e+03	5.4715160e+03	7.6711962e+03	4.5479767e+03	4.8785637e+03	4.9928484e+03	5.9842157e+03	6.3183588e+03	4.5901093e+03	5.3714800e+03	6.6525470e+03	8.7399458e+03	4.9269045e+03	5.2520127e+03	5.4021881e+03	4.1026311e+03	3.6385470e+03	4.3250536e+03	4.6980471e+03	5.4044543e+03
5.4119387e+03	6.4933249e+03	4.9923781e+03	5.0028040e+03	7.5919772e+03	5.2557735e+03	4.8205264e+03	7.6711962e+03	4.5479767e+03	4.8785637e+03	4.9326299e+03	5.9842157e+03	6.3183588e+03	4.5901093e+03	5.3714800e+03	6.6525470e+03	8.1451158e+03	4.6641013e+03	5.2520127e+03	5.1174879e+03	4.1026311e+03	3.6385470e+03	4.3250536e+03	4.6980471e+03	5.4044543e+03
5.3531567e+03	6.4933249e+03	4.9923781e+03	4.6676109e+03	7.5919772e+03	5.2557735e+03	4.6976036e+03	7.6711962e+03	4.0111013e+03	4.8785637e+03	4.7911436e+03	5.9842157e+03	6.3183588e+03	4.5901093e+03	4.2499571e+03	5.9577288e+03	7.9072276e+03	4.4542662e+03	4.6942403e+03	5.0966610e+03	4.1026311e+03	3.6385470e+03	4.3250536e+03	4.6980471e+03	5.4044543e+03
5.3367528e+03	6.4576590e+03	4.9923781e+03	4.6341662e+03	7.5919772e+03	5.2557735e+03	4.6976036e+03	7.6711962e+03	4.0111013e+03	4.8785637e+03	4.5072189e+03	5.5961188e+03	6.2440278e+03	4.5901093e+03	4.2499571e+03	5.9577288e+03	7.7997290e+03	4.4542662e+03	4.6942403e+03	4.8707122e+03	4.1026311e+03	3.5387184e+03	4.2546688e+03	4.6980471e+03	5.4044543e+03
4.9851156e+03	6.1260154e+03	4.9923781e+03	3.6290585e+03	7.4740270e+03	5.2557735e+03	4.6976036e+03	7.6711962e+03	4.0111013e+03	4.8785637e+03	4.5072189e+03	5.5961188e+03	6.2440278e+03	4.5901093e+03	4.2499571e+03	5.8939251e+03	7.5303113e+03	4.0484664e+03	4.6942403e+03	4.8707122e+03	4.1026311e+03	3.3138077e+03	3.9426770e+03	4.6980471e+03	5.4044543e+03
4.7082258e+03	6.1260154e+03	4.9923781e+03	3.6290585e+03	6.5386807e+03	5.1193480e+03	4.3542666e+03	7.6711962e+03	4.0111013e+03	4.8785637e+03	4.4366373e+03	5.5961188e+03	5.2179654e+03	4.4736111e+03	4.2499571e+03	5.8939251e+03	7.5303113e+03	4.0484664e+03	4.6942403e+03	4.5396184e+03	4.1026311e+03	3.3138077e+03	3.9426770e+03	4.1386973e+03	5.4044543e+03
4.7082258e+03	6.0007530e+03	4.6192044e+03	3.6290585e+03	6.5386807e+03	4.9362438e+03	4.3542666e+03	6.5338520e+03	3.9221263e+03	4.7649996e+03	4.3126974e+03	5.1365642e+03	4.9544015e+03	4.4736111e+03	4.2499571e+03	5.2318826e+03	7.3458874e+03	4.0484664e+03	4.4865740e+03	4.5396184e+03	4.1026311e+03	3.3138077e+03	3.9426770e+03	4.1386973e+03	5.1522226e+03
4.7082258e+03	5.9059495e+03	4.2084595e+03	3.6290585e+03	5.8426661e+03	4.8033277e+03	4.3542666e+03	6.5338520e+03	3.9221263e+03	4.7649996e+03	3.9141256e+03	5.1365642e+03	4.9544015e+03	4.0056720e+03	4.2499571e+03	5.2318826e+03	7.3458874e+03	4.0484664e+03	4.4865740e+03	4.5396184e+03	4.1026311e+03	3.3138077e+03	3.9426770e+03	4.1386973e+03	5.1522226e+03
4.1139803e+03	5.4273877e+03	4.2084595e+03	3.6290585e+03	5.8426661e+03	4.8033277e+03	4.3542666e+03	6.2914777e+03	3.9221263e+03	4.7649996e+03	3.8978729e+03	4.6232981e+03	4.9544015e+03	4.0056720e+03	4.2499571e+03	5.2318826e+03	6.6563753e+03	4.0484664e+03	4.4865740e+03	4.5396184e+03	4.0703258e+03	3.3138077e+03	3.6067706e+03	4.1386973e+03	5.1278016e+03
4.1139803e+03	5.4273877e+03	4.2084595e+03	3.6290585e+03	5.8426661e+03	4.7901357e+03	3.9379100e+03	6.2914777e+03	3.2069886e+03	4.1017812e+03	3.8978729e+03	4.6232981e+03	4.9544015e+03	4.0056720e+03	4.2499571e+03	5.2318826e+03	6.1372994e+03	3.8849974e+03	4.4865740e+03	4.5396184e+03	4.0703258e+03	3.2943904e+03	3.5572538e+03	4.1386973e+03	4.6442260e+03
4.1139803e+03	5.4273877e+03	4.2084595e+03	3.6290585e+03	5.8426661e+03	4.7901357e+03	3.9379100e+03	6.2914777e+03	3.2069886e+03	4.1017812e+03	3.8205874e+03	4.6100762e+03	4.9544015e+03	4.0056720e+03	4.2499571e+03	5.1831944e+03	6.1372994e+03	3.7376368e+03	4.4865740e+03	4.5396184e+03	3.8738849e+03	3.2943904e+03	3.5355205e+03	4.1386973e+03	4.6442260e+03
4.1139803e+03	5.1286906e+03	4.2084595e+03	3.6290585e+03	5.8426661e+03	4.7901357e+03	3.9379100e+03	6.2914777e+03	3.2069886e+03	4.1017812e+03	3.6981866e+03	4.6100762e+03	4.8910483e+03	3.8504348e+03	4.2499571e+03	5.1831944e+03	6.1372994e+03	3.7376368e+03	4.1938454e+03	4.5396184e+03	3.8738849e+03	3.2943904e+03	3.4696973e+03	3.9208314e+03	4.6442260e+03
4.1139803e+03	5.1286906e+03	4.0203232e+03	3.6290585e+03	5.8426661e+03	4.3504532e+03	3.4884778e+03	6.2914777e+03	3.2069886e+03	4.0122878e+03	3.6981866e+03	4.6100762e+03	4.4867365e+03	3.8504348e+03	4.2499571e+03	4.7643868e+03	5.1316392e+03	3.6444257e+03	4.1938454e+03	4.2766698e+03	3.8738849e+03	3.2943904e+03	3.2901441e+03	3.6259079e+03	4.3760702e+03
4.1139803e+03	4.9466221e+03	4.0203232e+03	3.6290585e+03	5.8426661e+03	4.3504532e+03	3.4884778e+03	6.1867573e+03	3.2069886e+03	3.9188813e+03	3.4614257e+03	4.6100762e+03	4.3115123e+03	3.8504348e+03	4.1828852e+03	4.7643868e+03	5.1316392e+03	3.6444257e+03	4.1938454e+03	4.2766698e+03	3.7581326e+03	3.2943904e+03	3.2901441e+03	3.6259079e+03	4.3760702e+03
4.0922363e+03	4.6564610e+03	3.9965862e+03	3.4206665e+03	5.8060150e+03	4.3504532e+03	3.4884778e+03	6.1867573e+03	3.2069886e+03	3.9188813e+03	3.4614257e+03	4.6100762e+03	4.3115123e+03	3.7511748e+03	3.9626431e+03	4.5025129e+03	5.1316392e+03	3.5358905e+03	4.1938454e+03	4.0760032e+03	3.5925582e+03	3.0191786e+03	3.2112742e+03	3.6259079e+03	4.3760702e+03
4.0922363e+03	4.6564610e+03	3.6973606e+03	3.4206665e+03	5.8060150e+03	4.3504532e+03	3.4884778e+03	5.7889167e+03	3.2069886e+03	3.9126447e+03	3.4614257e+03	4.5294710e+03	4.3115123e+03	3.6950530e+03	3.9626431e+03	4.5025129e+03	5.1316392e+03	3.4971228e+03	4.0807440e+03	3.8184144e+03	3.5925582e+03	3.0191786e+03	3.2112742e+03	3.6259079e+03	4.3760702e+03
3.6827805e+03	4.6564610e+03	3.6321302e+03	3.4206665e+03	5.8060150e+03	4.3504532e+03	3.4884778e+03	5.7889167e+03	3.2069886e+03	3.3275445e+03	3.4614257e+03	4.5294710e+03	4.1801490e+03	3.6778209e+03	3.9626431e+03	4.4496210e+03	5.1316392e+03	3.4971228e+03	3.9013937e+03	3.8184144e+03	3.5925582e+03	3.0191786e+03	3.1876529e+03	3.5392919e+03	4.1781178e+03
3.6827805e+03	4.3638782e+03	3.6321302e+03	3.3517701e+03	5.8060150e+03	4.3504532e+03	3.4884778e+03	5.7889167e+03	3.2069886e+03	3.3275445e+03	3.4614257e+03	4.4850636e+03	3.8981295e+03	3.6778209e+03	3.5511984e+03	4.2126550e+03	5.1316392e+03	3.4971228e+03	3.9013937e+03	3.8184144e+03	3.3935360e+03	3.0015571e+03	3.1876529e+03	3.5392919e+03	4.1781178e+03
3.6350368e+03	4.3638782e+03	3.6321302e+03	3.1909739e+03	5.8060150e+03	4.1655913e+03	3.4884778e+03	5.6071477e+03	3.2069886e+03	3.2150067e+03	3.2449104e+03	4.0715520e+03	3.8981295e+03	3.5732959e+03	3.5511984e+03	4.1874194e+03	4.5606338e+03	3.4971228e+03	3.8375682e+03	3.8184144e+03	3.1550211e+03	2.9560974e+03	3.1691437e+03	3.4882785e+03	3.8193291e+03
3.6350368e+03	4.3638782e+03	3.4308474e+03	3.1909739e+03	5.8060150e+03	4.0745077e+03	3.4884778e+03	4.9448974e+03	3.2069886e+03	3.2150067e+03	3.2449104e+03	4.0715520e+03	3.4990940e+03	3.4720950e+03	3.5511984e+03	4.1874194e+03	4.5606338e+03	3.4971228e+03	3.7301616e+03	3.4617823e+03	3.1550211e+03	2.9560974e+03	3.1691437e+03	3.4882785e+03	3.8193291e+03
3.6350368e+03	4.3638782e+03	3.4308474e+03	3.1706746e+03	5.0185527e+03	4.0745077e+03	3.4884778e+03	4.9448974e+03	3.2069886e+03	3.2150067e+03	3.2449104e+03	4.0331549e+03	3.4990940e+03	3.2621317e+03	3.5511984e+03	4.0866919e+03	4.5606338e+03	3.4971228e+03	3.6319159e+03	3.4617823e+03	3.1550211e+03	2.6234065e+03	3.1389512e+03	3.4873537e+03	3.6618436e+03
3.6350368e+03	4.3638782e+03	3.1842093e+03	3.1473251e+03	4.7732849e+03	3.8496724e+03	3.4884778e+03	4.9448974e+03	3.2069886e+03	3.2150067e+03	3.2067077e+03	4.0331549e+03	3.4990940e+03	3.2621317e+03	3.4669392e+03	4.0866919e+03	4.5606338e+03	3.4971228e+03	3.6319159e+03	3.4617823e+03	3.1550211e+03	2.6234065e+03	3.1272739e+03	3.3163415e+03	3.6115227e+03
3.6350368e+03	4.3638782e+03	3.0906132e+03	3.1473251e+03	4.7732849e+03	3.8496724e+03	3.4651052e+03	4.9448974e+03	3.2069886e+03	3.2150067e+03	3.2067077e+03	4.0331549e+03	3.4990940e+03	3.2074139e+03	3.3936489e+03	4.0669166e+03	4.2103729e+03	3.4856009e+03	3.5206078e+03	3.4617823e+03	3.1392766e+03	2.6234065e+03	3.1272739e+03	3.3163415e+03	3.6115227e+03
3.6350368e+03	4.3638782e+03	3.0906132e+03	3.1400282e+03	4.7732849e+03	3.7738928e+03	3.2920857e+03	4.9448974e+03	3.2069886e+03	3.2150067e+03	3.1145166e+03	4.0196711e+03	3.4990940e+03	3.1914742e+03	3.3936489e+03	3.9185423e+03	4.1680948e+03	3.3457879e+03	3.3739101e+03	3.4597493e+03	3.0576207e+03	2.6234065e+03	2.9251759e+03	3.3163415e+03	3.4149147e+03
3.4205078e+03	4.3638782e+03	3.0906132e+03	2.9889923e+03	4.7732849e+03	3.7738928e+03	3.2920857e+03	4.7783765e+03	3.1902823e+03	3.2150067e+03	2.9384322e+03	3.9666632e+03	3.4990940e+03	3.1914742e+03	3.3601566e+03	3.9185423e+03	4.1680948e+03	3.1793624e+03	3.3739101e+03	3.2828026e+03	3.0066612e+03	2.6234065e+03	2.9175064e+03	3.3163415e+03	3.4149147e+03
3.3208859e+03	4.3638782e+03	3.0906132e+03	2.8432460e+03	4.7732849e+03	3.5696884e+03	3.1515038e+03	4.7783765e+03	3.1902823e+03	3.1117451e+03	2.9384322e+03	3.6428345e+03	3.4990940e+03	3.1914742e+03	3.3601566e+03	3.9185423e+03	4.1680948e+03	3.1793624e+03	3.3250232e+03	3.2828026e+03	2.9300836e+03	2.6234065e+03	2.7584759e+03	3.3163415e+03	3.4149147e+03
3.2469953e+03	4.3638782e+03	3.0790773e+03	2.8432460e+03	4.7127874e+03	3.5696884e+03	3.1515038e+03	4.0595492e+03	3.1902823e+03	3.1117451e+03	2.9384322e+03	3.6308283e+03	3.4630379e+03	3.1914742e+03	3.2938925e+03	3.9185423e+03	3.7571568e+03	3.1793624e+03	3.3250232e+03	3.2828026e+03	2.7246508e+03	2.6234065e+03	2.7584759e+03	3.3163415e+03	3.3990165e+03
3.2469953e+03	4.3638782e+03	3.0155495e+03	2.8055381e+03	4.4479042e+03	3.4202800e+03	3.1322169e+03	4.0595492e+03	3.1902823e+03	3.1117451e+03	2.9384322e+03	3.6308283e+03	3.4630379e+03	3.1914742e+03	3.0528622e+03	3.9185423e+03	3.7571568e+03	3.0699343e+03	3.1474425e+03	3.1143891e+03	2.7246508e+03	2.6234065e+03	2.7584759e+03	3.1865576e+03	3.3990165e+03
3.1894142e+03	4.3638782e+03	2.9477360e+03	2.8055381e+03	4.3873219e+03	3.4202800e+03	3.1322169e+03	4.0595492e+03	3.1902823e+03	3.1117451e+03	2.9384322e+03	3.5376169e+03	3.3373207e+03	3.1914742e+03	3.0528622e+03	3.9185423e+03	3.7571568e+03	2.8856019e+03	3.1052723e+03	3.1143891e+03	2.7246508e+03	2.5875299e+03	2.7573817e+03	3.1102628e+03	3.2361823e+03
3.1894142e+03	4.2648253e+03	2.9477360e+03	2.8055381e+03	4.3873219e+03	3.4202800e+03	3.1322169e+03	4.0595492e+03	3.1902823e+03	3.1117451e+03	2.9384322e+03	3.4939846e+03	3.1226053e+03	3.1371716e+03	3.0528622e+03	3.9185423e+03	3.7571568e+03	2.8856019e+03	3.0811408e+03	3.1143891e+03	2.7246508e+03	2.5875299e+03	2.7573817e+03	3.1102628e+03	3.2038577e+03
3.1894142e+03	4.2648253e+03	2.9477360e+03	2.7713778e+03	4.0357064e+03	3.4202800e+03	3.1322169e+03	3.8413494e+03	3.1030781e+03	3.1117451e+03	2.9384322e+03	3.4939846e+03	3.1226053e+03	3.1290644e+03	3.0528622e+03	3.8797190e+03	3.7571568e+03	2.8856019e+03	2.9366564e+03	2.9791708e+03	2.7246508e+03	2.5442136e+03	2.7573817e+03	3.1102628e+03	3.2038577e+03
3.1894142e+03	4.0502406e+03	2.8630379e+03	2.7713778e+03	3.9940940e+03	3.3521215e+03	3.0566539e+03	3.8413494e+03	3.1030781e+03	3.0612718e+03	2.9384322e+03	3.3818780e+03	3.1226053e+03	3.0666309e+03	3.0528622e+03	3.7617753e+03	3.7571568e+03	2.8856019e+03	2.9366564e+03	2.9791708e+03	2.7246508e+03	2.5442136e+03	2.7573817e+03	3.1102628e+03	3.2038577e+03
3.0286736e+03	4.0502406e+03	2.8320492e+03	2.7713778e+03	3.9051079e+03	3.3521215e+03	3.0303494e+03	3.8413494e+03	3.1030781e+03	3.0612718e+03	2.9384322e+03	3.3818780e+03	3.1226053e+03	3.0204450e+03	3.0528622e+03	3.7617753e+03	3.7551589e+03	2.8856019e+03	2.9366564e+03	2.9791708e+03	2.7246508e+03	2.5091388e+03	2.7573817e+03	3.0891878e+03	3.2038577e+03
3.0286736e+03	4.0502406e+03	2.8320492e+03	2.6792697e+03	3.7742342e+03	3.3521215e+03	2.8751976e+03	3.8413494e+03	3.0806718e+03	2.9868542e+03	2.8872883e+03	3.3818780e+03	3.1226053e+03	3.0204450e+03	3.0528622e+03	3.7617753e+03	3.5900461e+03	2.8856019e+03	2.9366564e+03	2.9791708e+03	2.7246508e+03	2.5091388e+03	2.6844142e+03	3.0891878e+03	3.1538236e+03
3.0286736e+03	4.0502406e+03	2.7300064e+03	2.6770995e+03	3.5610896e+03	3.0444838e+03	2.8751976e+03	3.8413494e+03	3.0806718e+03	2.9868542e+03	2.8872883e+03	3.3818780e+03	3.1226053e+03	3.0079163e+03	3.0528622e+03	3.4742653e+03	3.5900461e+03	2.8856019e+03	2.8305243e+03	2.9791708e+03	2.7246508e+03	2.4978711e+03	2.6844142e+03	3.0891878e+03	3.1283112e+03
2.9227463e+03	3.9784300e+03	2.6781375e+03	2.6537971e+03	3.5610896e+03	3.0444838e+03	2.8751976e+03	3.8413494e+03	3.0164517e+03	2.9542981e+03	2.8549806e+03	3.3818780e+03	3.1226053e+03	2.9945567e+03	3.0528622e+03	3.4742653e+03	3.4667698e+03	2.8856019e+03	2.6956123e+03	2.9791708e+03	2.5268888e+03	2.3933416e+03	2.6103818e+03	3.0891878e+03	3.0218997e+03
2.8792993e+03	3.9784300e+03	2.6767777e+03	2.6537971e+03	3.5610896e+03	3.0444838e+03	2.8751976e+03	3.7896336e+03	3.0164517e+03	2.9260251e+03	2.7704148e+03	3.3818780e+03	2.9897712e+03	2.8270032e+03	3.0321693e+03	3.4395283e+03	3.2908458e+03	2.8826297e+03	2.6956123e+03	2.8457450e+03	2.5268888e+03	2.3933416e+03	2.6103818e+03	3.0891878e+03	3.0058732e+03
2.8792993e+03	3.9784300e+03	2.6767777e+03	2.5984770e+03	3.3986256e+03	3.0444838e+03	2.8751976e+03	3.7896336e+03	3.0164517e+03	2.9260251e+03	2.7704148e+03	3.3818780e+03	2.9897712e+03	2.8270032e+03	2.8887563e+03	3.4395283e+03	3.2908458e+03	2.8826297e+03	2.6956123e+03	2.8457450e+03	2.5268888e+03	2.3933416e+03	2.6103818e+03	3.0891878e+03	2.9308723e+03
2.8792993e+03	3.9784300e+03	2.6343205e+03	2.5057870e+03	3.3986256e+03	3.0444838e+03	2.8159044e+03	3.7204544e+03	3.0164517e+03	2.9260251e+03	2.7704148e+03	3.3818780e+03	2.9897712e+03	2.8270032e+03	2.8620487e+03	3.4395283e+03	3.2908458e+03	2.8629619e+03	2.6956123e+03	2.8457450e+03	2.5028646e+03	2.3921119e+03	2.5909315e+03	3.0891878e+03	2.7254013e+03
2.8792993e+03	3.9784300e+03	2.6146919e+03	2.5057870e+03	3.3986256e+03	2.8808946e+03	2.6175907e+03	3.4706502e+03	3.0164517e+03	2.9260251e+03	2.7704148e+03	3.2764634e+03	2.8334917e+03	2.8270032e+03	2.8620487e+03	3.3739883e+03	3.2353843e+03	2.8629619e+03	2.6956123e+03	2.8457450e+03	2.5028646e+03	2.3921119e+03	2.5909315e+03	3.0891878e+03	2.7254013e+03
2.8175257e+03	3.9784300e+03	2.6146919e+03	2.5057870e+03	3.3986256e+03	2.8808946e+03	2.6175907e+03	3.4706502e+03	3.0164517e+03	2.7707222e+03	2.7704148e+03	3.1766613e+03	2.8334917e+03	2.6979828e+03	2.8620487e+03	3.3739883e+03	3.1028859e+03	2.8629619e+03	2.6956123e+03	2.8013172e+03	2.5028646e+03	2.2977710e+03	2.5909315e+03	3.0727730e+03	2.7254013e+03
2.8175257e+03	3.7588830e+03	2.5832638e+03	2.5057870e+03	3.3986256e+03	2.8633333e+03	2.6175907e+03	3.4672914e+03	3.0104333e+03	2.7707222e+03	2.7704148e+03	3.1766613e+03	2.8334917e+03	2.6979828e+03	2.8620487e+03	3.3690317e+03	3.1028859e+03	2.8629619e+03	2.6956123e+03	2.8013172e+03	2.5028646e+03	2.2977710e+03	2.5495364e+03	3.0727730e+03	2.7254013e+03
2.8175257e+03	3.7588830e+03	2.5832638e+03	2.5057870e+03	3.3236012e+03	2.8633333e+03	2.6175907e+03	3.3696881e+03	2.8321043e+03	2.7707222e+03	2.7704148e+03	3.1766613e+03	2.7112111e+03	2.6979828e+03	2.8620487e+03	3.3574860e+03	3.1028859e+03	2.8629619e+03	2.6794395e+03	2.7503571e+03	2.5028646e+03	2.2977710e+03	2.4434362e+03	2.9520778e+03	2.7254013e+03
2.8175257e+03	3.6796628e+03	2.5266930e+03	2.5057870e+03	3.2348918e+03	2.8633333e+03	2.6175907e+03	3.3696881e+03	2.8060397e+03	2.7707222e+03	2.7704148e+03	3.1766613e+03	2.6592152e+03	2.6979828e+03	2.8620487e+03	3.3025912e+03	3.0131966e+03	2.8629619e+03	2.6794395e+03	2.7503571e+03	2.5028646e+03	2.2977710e+03	2.4434362e+03	2.9458394e+03	2.7254013e+03
2.7943859e+03	3.5216628e+03	2.5266930e+03	2.4850816e+03	3.2348918e+03	2.7795450e+03	2.6151265e+03	3.2916122e+03	2.8060397e+03	2.7707222e+03	2.6792626e+03	3.1022625e+03	2.6592152e+03	2.6979828e+03	2.7041305e+03	3.3025912e+03	2.9915326e+03	2.8629619e+03	2.6701272e+03	2.7169361e+03	2.4819758e+03	2.2977710e+03	2.4434362e+03	2.9458394e+03	2.7254013e+03
2.7245850e+03	3.5216628e+03	2.5107736e+03	2.4850816e+03	3.2348918e+03	2.7795450e+03	2.6151265e+03	3.2916122e+03	2.8060397e+03	2.7707222e+03	2.6782285e+03	2.9214946e+03	2.6592152e+03	2.6979828e+03	2.6913914e+03	3.3025912e+03	2.9156869e+03	2.8629619e+03	2.6701272e+03	2.7049632e+03	2.4819758e+03	2.2765211e+03	2.4434362e+03	2.8053620e+03	2.7254013e+03
2.6600115e+03	3.5216628e+03	2.5002480e+03	2.4850816e+03	3.1101444e+03	2.7795450e+03	2.6151265e+03	3.2671178e+03	2.8060397e+03	2.6898720e+03	2.6115442e+03	2.9214946e+03	2.6592152e+03	2.6790979e+03	2.6913914e+03	3.3025912e+03	2.9156869e+03	2.8629619e+03	2.6401750e+03	2.7049632e+03	2.4690456e+03	2.2765211e+03	2.4434362e+03	2.7158154e+03	2.7254013e+03
2.6526790e+03	3.5216628e+03	2.4941804e+03	2.4850816e+03	3.0120957e+03	2.7795450e+03	2.6151265e+03	3.2671178e+03	2.8060397e+03	2.6898720e+03	2.6115442e+03	2.9214946e+03	2.6592152e+03	2.6790979e+03	2.6690257e+03	3.2619504e+03	2.9156869e+03	2.8629619e+03	2.6401750e+03	2.7049632e+03	2.4690456e+03	2.2765211e+03	2.4191793e+03	2.5858458e+03	2.6789075e+03
2.6523627e+03	3.5216628e+03	2.4941804e+03	2.4850816e+03	3.0120957e+03	2.7795450e+03	2.6151265e+03	3.2566881e+03	2.8060397e+03	2.6898720e+03	2.5474545e+03	2.9214946e+03	2.6592152e+03	2.6790979e+03	2.6274309e+03	3.0865468e+03	2.8999481e+03	2.8629619e+03	2.4556586e+03	2.5886747e+03	2.3057809e+03	2.2765211e+03	2.4160400e+03	2.5858458e+03	2.6789075e+03
2.6523627e+03	3.5216628e+03	2.4221812e+03	2.4828043e+03	3.0120957e+03	2.6735463e+03	2.5586889e+03	3.2566881e+03	2.7295722e+03	2.6898720e+03	2.5474545e+03	2.8934312e+03	2.6257824e+03	2.6000253e+03	2.5595406e+03	3.0865468e+03	2.8969665e+03	2.8629619e+03	2.4556586e+03	2.5886747e+03	2.3057809e+03	2.2765211e+03	2.4160400e+03	2.5858458e+03	2.6789075e+03
2.5867511e+03	3.5090864e+03	2.4072593e+03	2.4828043e+03	2.8209966e+03	2.6735463e+03	2.5586889e+03	3.0831759e+03	2.7141162e+03	2.6898720e+03	2.5474545e+03	2.8934312e+03	2.6257824e+03	2.6000253e+03	2.5595406e+03	3.0865468e+03	2.7330908e+03	2.8629619e+03	2.4556586e+03	2.5886747e+03	2.3057809e+03	2.2765211e+03	2.2889377e+03	2.5858458e+03	2.5726382e+03
2.5867511e+03	3.4767765e+03	2.4072593e+03	2.4828043e+03	2.8209966e+03	2.6735463e+03	2.5586889e+03	3.0523762e+03	2.7141162e+03	2.6484736e+03	2.5318567e+03	2.8056088e+03	2.6222008e+03	2.6000253e+03	2.5595406e+03	3.0865468e+03	2.7330908e+03	2.8629619e+03	2.4556586e+03	2.5886747e+03	2.3057809e+03	2.2765211e+03	2.2889377e+03	2.5858458e+03	2.5726382e+03
2.5867511e+03	3.4436936e+03	2.4072593e+03	2.4632923e+03	2.8209966e+03	2.6735463e+03	2.4613739e+03	3.0523762e+03	2.7141162e+03	2.6120960e+03	2.5318567e+03	2.8056088e+03	2.5876793e+03	2.6000253e+03	2.4491342e+03	3.0865468e+03	2.7330908e+03	2.8629619e+03	2.4556586e+03	2.5886747e+03	2.3057809e+03	2.2765211e+03	2.2889377e+03	2.5858458e+03	2.5573886e+03
2.5867511e+03	3.3761539e+03	2.3973940e+03	2.4632923e+03	2.8209966e+03	2.6735463e+03	2.4613739e+03	2.9107810e+03	2.7141162e+03	2.6120960e+03	2.5318567e+03	2.8056088e+03	2.5719429e+03	2.6000253e+03	2.4491342e+03	3.0865468e+03	2.7330908e+03	2.8629619e+03	2.4556586e+03	2.5886747e+03	2.3057809e+03	2.2765211e+03	2.2889377e+03	2.5858458e+03	2.5573886e+03
2.5191042e+03	3.3761539e+03	2.3873880e+03	2.4632923e+03	2.8209966e+03	2.5923268e+03	2.4613739e+03	2.9107810e+03	2.7141162e+03	2.6120960e+03	2.5318567e+03	2.8056088e+03	2.5510088e+03	2.6000253e+03	2.4491342e+03	3.0865468e+03	2.6671723e+03	2.8629619e+03	2.4556586e+03	2.5886747e+03	2.3057809e+03	2.2765211e+03	2.2889377e+03	2.5858458e+03	2.5573886e+03
2.4849507e+03	3.3350391e+03	2.3873880e+03	2.4466789e+03	2.8209966e+03	2.5923268e+03	2.4613739e+03	2.9107810e+03	2.7141162e+03	2.5148801e+03	2.5318567e+03	2.8056088e+03	2.5308890e+03	2.6000253e+03	2.4491342e+03	3.0865468e+03	2.6671723e+03	2.8629619e+03	2.4556586e+03	2.5886747e+03	2.3057809e+03	2.2765211e+03	2.2889377e+03	2.5858458e+03	2.5573886e+03
2.4849507e+03	3.3350391e+03	2.3746218e+03	2.4466789e+03	2.8209966e+03	2.5923268e+03	2.4613739e+03	2.9107810e+03	2.7141162e+03	2.5148801e+03	2.4929072e+03	2.8056088e+03	2.5273789e+03	2.6000253e+03	2.4491342e+03	3.0865468e+03	2.6602564e+03	2.8629619e+03	2.4556586e+03	2.5886747e+03	2.3057809e+03	2.2765211e+03	2.2889377e+03	2.5858458e+03	2.5573886e+03
2.4849507e+03	3.3350391e+03	2.3746218e+03	2.4416765e+03	2.8209966e+03	2.5923268e+03	2.4613739e+03	2.9107810e+03	2.7141162e+03	2.5148801e+03	2.4929072e+03	2.8056088e+03	2.4893160e+03	2.6000253e+03	2.3613879e+03	3.0865468e+03	2.6110218e+03	2.8629619e+03	2.3757153e+03	2.5886747e+03	2.3057809e+03	2.2765211e+03	2.2889377e+03	2.5776968e+03	2.5238988e+03
2.4590170e+03	3.2488917e+03	2.3746218e+03	2.3136807e+03	2.8209966e+03	2.5923268e+03	2.4613739e+03	2.9107810e+03	2.7141162e+03	2.4470955e+03	2.4215285e+03	2.8056088e+03	2.4893160e+03	2.6000253e+03	2.3613879e+03	2.9513842e+03	2.5864491e+03	2.8629619e+03	2.3757153e+03	2.5886747e+03	2.3057809e+03	2.2765211e+03	2.2889377e+03	2.5776968e+03	2.5196542e+03
2.4590170e+03	3.2488917e+03	2.3233805e+03	2.3136807e+03	2.8209966e+03	2.5923268e+03	2.4613739e+03	2.8861021e+03	2.7141162e+03	2.4470955e+03	2.4215285e+03	2.8014629e+03	2.4893160e+03	2.6000253e+03	2.3613879e+03	2.9513842e+03	2.5864491e+03	2.8629619e+03	2.3757153e+03	2.5886747e+03	2.3057809e+03	2.2395164e+03	2.2889377e+03	2.5776968e+03	2.5196542e+03
2.4590170e+03	3.2488917e+03	2.3233805e+03	2.2910263e+03	2.6918493e+03	2.5923268e+03	2.4613739e+03	2.8861021e+03	2.6278273e+03	2.4470955e+03	2.3819685e+03	2.7914909e+03	2.4479804e+03	2.4595029e+03	2.3613879e+03	2.9155856e+03	2.5864491e+03	2.8629619e+03	2.3757153e+03	2.5886747e+03	2.3057809e+03	2.2395164e+03	2.2889377e+03	2.5512238e+03	2.4529997e+03
2.4590170e+03	3.2488917e+03	2.3187034e+03	2.2910263e+03	2.6344653e+03	2.5596025e+03	2.4613739e+03	2.8861021e+03	2.6278273e+03	2.4470955e+03	2.3819685e+03	2.7845432e+03	2.4413259e+03	2.4595029e+03	2.3613879e+03	2.9155856e+03	2.5864491e+03	2.8629619e+03	2.3757153e+03	2.5886747e+03	2.3057809e+03	2.2395164e+03	2.2889377e+03	2.5220368e+03	2.4529997e+03
2.4371283e+03	3.1739434e+03	2.3187034e+03	2.2910263e+03	2.6344653e+03	2.5596025e+03	2.4613739e+03	2.7915657e+03	2.5626022e+03	2.4470955e+03	2.3819685e+03	2.7845432e+03	2.3773713e+03	2.4595029e+03	2.3613879e+03	2.9155856e+03	2.5864491e+03	2.8629619e+03	2.3757153e+03	2.5886747e+03	2.3057809e+03	2.2395164e+03	2.2758016e+03	2.4426608e+03	2.4529997e+03
2.4064750e+03	3.1739434e+03	2.3187034e+03	2.2910263e+03	2.6344653e+03	2.5596025e+03	2.4607774e+03	2.7915657e+03	2.5626022e+03	2.4470955e+03	2.3819685e+03	2.7831369e+03	2.3773713e+03	2.4595029e+03	2.3613879e+03	2.9155856e+03	2.4996737e+03	2.8629619e+03	2.3757153e+03	2.5886747e+03	2.2906774e+03	2.2171367e+03	2.2758016e+03	2.4426608e+03	2.4529997e+03
2.4064750e+03	2.9679976e+03	2.3155949e+03	2.2910263e+03	2.6344653e+03	2.5420348e+03	2.4607774e+03	2.7915657e+03	2.5490177e+03	2.3798777e+03	2.3819685e+03	2.7525934e+03	2.3773713e+03	2.4595029e+03	2.3574612e+03	2.9155856e+03	2.4996737e+03	2.8629619e+03	2.3757153e+03	2.5886747e+03	2.2906774e+03	2.2082571e+03	2.2758016e+03	2.4426608e+03	2.4529997e+03
2.4027375e+03	2.9679976e+03	2.3053489e+03	2.2910263e+03	2.6344653e+03	2.5420348e+03	2.4016693e+03	2.7915657e+03	2.5490177e+03	2.3798777e+03	2.3819685e+03	2.7341642e+03	2.3773713e+03	2.4595029e+03	2.3574612e+03	2.9155856e+03	2.4996737e+03	2.8629619e+03	2.3757153e+03	2.5886747e+03	2.2582283e+03	2.2082571e+03	2.2758016e+03	2.4426608e+03	2.4279457e+03
2.3492414e+03	2.9679976e+03	2.2967912e+03	2.2910263e+03	2.6344653e+03	2.5420348e+03	2.4016693e+03	2.7915657e+03	2.5490177e+03	2.3798777e+03	2.3819685e+03	2.7341642e+03	2.3773713e+03	2.4217335e+03	2.3574612e+03	2.9155856e+03	2.4996737e+03	2.8629619e+03	2.3757153e+03	2.5886747e+03	2.2582283e+03	2.1957565e+03	2.2758016e+03	2.4426608e+03	2.4279457e+03
2.3101674e+03	2.9679976e+03	2.2967912e+03	2.2910263e+03	2.6344653e+03	2.5420348e+03	2.4016693e+03	2.7915657e+03	2.5490177e+03	2.3798777e+03	2.3819685e+03	2.6405106e+03	2.3567807e+03	2.4217335e+03	2.3517597e+03	2.7823930e+03	2.4711847e+03	2.8629619e+03	2.3757153e+03	2.5886747e+03	2.2582283e+03	2.1957565e+03	2.2758016e+03	2.4426608e+03	2.4279457e+03
2.3101674e+03	2.9679976e+03	2.2906023e+03	2.2910263e+03	2.5947653e+03	2.5302461e+03	2.3960285e+03	2.7725641e+03	2.5490177e+03	2.3798777e+03	2.3819685e+03	2.5151060e+03	2.3567807e+03	2.4217335e+03	2.3517597e+03	2.7823930e+03	2.4711847e+03	2.8629619e+03	2.3757153e+03	2.5886747e+03	2.2582283e+03	2.1776800e+03	2.2464779e+03	2.4124757e+03	2.4279457e+03
2.3022096e+03	2.9679976e+03	2.2692799e+03	2.2910263e+03	2.5843977e+03	2.4772409e+03	2.3859523e+03	2.7195677e+03	2.5490177e+03	2.3798777e+03	2.3802455e+03	2.5151060e+03	2.3567807e+03	2.4217335e+03	2.3016193e+03	2.7166256e+03	2.4131566e+03	2.8629619e+03	2.3757153e+03	2.5886747e+03	2.2582283e+03	2.1776800e+03	2.2172517e+03	2.4124757e+03	2.4020053e+03
2.3022096e+03	2.9679976e+03	2.2692799e+03	2.2910263e+03	2.5768252e+03	2.4772409e+03	2.3859523e+03	2.7195677e+03	2.5449917e+03	2.3798777e+03	2.3333994e+03	2.5151060e+03	2.3567807e+03	2.4028943e+03	2.3016193e+03	2.7166256e+03	2.4131566e+03	2.8629619e+03	2.3757153e+03	2.5886747e+03	2.2582283e+03	2.1776800e+03	2.2172517e+03	2.4124757e+03	2.3910141e+03
2.3022096e+03	2.9679976e+03	2.2692799e+03	2.2910263e+03	2.5768252e+03	2.4772409e+03	2.3859523e+03	2.6992276e+03	2.4421445e+03	2.3603863e+03	2.3333994e+03	2.5151060e+03	2.3246923e+03	2.4028943e+03	2.2908786e+03	2.7166256e+03	2.4131566e+03	2.8629619e+03	2.3757153e+03	2.5674406e+03	2.2431797e+03	2.1776800e+03	2.1988756e+03	2.4124757e+03	2.3046772e+03
2.3022096e+03	2.9679976e+03	2.2692799e+03	2.2824235e+03	2.5201032e+03	2.3563097e+03	2.3859523e+03	2.6992276e+03	2.4421445e+03	2.3603863e+03	2.2972052e+03	2.5151060e+03	2.2972395e+03	2.4028943e+03	2.2341919e+03	2.5758731e+03	2.4131566e+03	2.8629619e+03	2.3673857e+03	2.5674406e+03	2.2376652e+03	2.1776800e+03	2.1967599e+03	2.4124757e+03	2.3046772e+03
2.3022096e+03	2.9679976e+03	2.2692799e+03	2.2798204e+03	2.4485573e+03	2.3563097e+03	2.3332081e+03	2.6992276e+03	2.4421445e+03	2.3236459e+03	2.2972052e+03	2.5151060e+03	2.2972395e+03	2.3999381e+03	2.1953036e+03	2.5758731e+03	2.4131566e+03	2.8629619e+03	2.3110576e+03	2.4761109e+03	2.2324795e+03	2.1776800e+03	2.1967599e+03	2.4124757e+03	2.3046772e+03
2.3022096e+03	2.9679976e+03	2.2692799e+03	2.2798204e+03	2.4485573e+03	2.3563097e+03	2.3332081e+03	2.6992276e+03	2.4421445e+03	2.3236459e+03	2.2972052e+03	2.5151060e+03	2.2954759e+03	2.3613957e+03	2.1953036e+03	2.5758731e+03	2.4131566e+03	2.8629619e+03	2.2477352e+03	2.4220438e+03	2.1991657e+03	2.1343852e+03	2.1967599e+03	2.4124757e+03	2.3046772e+03
2.2845581e+03	2.9679976e+03	2.2692799e+03	2.2798204e+03	2.4485573e+03	2.3563097e+03	2.2894321e+03	2.6992276e+03	2.4421445e+03	2.3236459e+03	2.2786828e+03	2.5151060e+03	2.2954759e+03	2.3613957e+03	2.1953036e+03	2.5758731e+03	2.4131566e+03	2.8629619e+03	2.2477352e+03	2.4220438e+03	2.1987285e+03	2.1343852e+03	2.1829327e+03	2.4124757e+03	2.3046772e+03
2.2845581e+03	2.9679976e+03	2.2632228e+03	2.2470654e+03	2.4420607e+03	2.3563097e+03	2.2894321e+03	2.6992276e+03	2.4195557e+03	2.3082204e+03	2.2360140e+03	2.5151060e+03	2.2874044e+03	2.3442666e+03	2.1953036e+03	2.5758731e+03	2.4131566e+03	2.8629619e+03	2.2477352e+03	2.4220438e+03	2.1786109e+03	2.1343852e+03	2.1617608e+03	2.4124757e+03	2.3046772e+03
2.2842565e+03	2.9679976e+03	2.2498054e+03	2.2334866e+03	2.4420607e+03	2.3563097e+03	2.2894321e+03	2.6992276e+03	2.4195557e+03	2.3016621e+03	2.2360140e+03	2.5151060e+03	2.2874044e+03	2.2416483e+03	2.1953036e+03	2.5758731e+03	2.4131566e+03	2.8629619e+03	2.2477352e+03	2.4220438e+03	2.1786109e+03	2.1343852e+03	2.1617608e+03	2.4124757e+03	2.3046772e+03
2.2606829e+03	2.9679976e+03	2.2498054e+03	2.2334866e+03	2.4420607e+03	2.3563097e+03	2.2894321e+03	2.6992276e+03	2.4195557e+03	2.2885289e+03	2.2360140e+03	2.5151060e+03	2.2874044e+03	2.2416483e+03	2.1283598e+03	2.5758731e+03	2.4131566e+03	2.8629619e+03	2.2477352e+03	2.4220438e+03	2.1786109e+03	2.1343852e+03	2.1617608e+03	2.4124757e+03	2.3046772e+03
2.2606829e+03	2.9679976e+03	2.2059554e+03	2.2136497e+03	2.4420607e+03	2.3563097e+03	2.2676439e+03	2.6282249e+03	2.3974515e+03	2.2780486e+03	2.2360140e+03	2.5151060e+03	2.2874044e+03	2.2416483e+03	2.1283598e+03	2.5125585e+03	2.4131566e+03	2.8629619e+03	2.2477352e+03	2.4129132e+03	2.1786109e+03	2.1205621e+03	2.1319633e+03	2.4124757e+03	2.3046772e+03
2.2606829e+03	2.9679976e+03	2.1941688e+03	2.2136497e+03	2.4420607e+03	2.3563097e+03	2.2482755e+03	2.6282249e+03	2.3695769e+03	2.2700565e+03	2.2360140e+03	2.4905049e+03	2.2874044e+03	2.2416483e+03	2.1283598e+03	2.5125585e+03	2.4131566e+03	2.8629619e+03	2.2404498e+03	2.4032262e+03	2.1531031e+03	2.1205621e+03	2.1319633e+03	2.4124757e+03	2.3046772e+03
2.2606829e+03	2.9679976e+03	2.1941688e+03	2.2136497e+03	2.4420607e+03	2.3563097e+03	2.2482755e+03	2.6253879e+03	2.3512380e+03	2.2700565e+03	2.1939242e+03	2.4905049e+03	2.2874044e+03	2.2416483e+03	2.1283598e+03	2.5125585e+03	2.4131566e+03	2.8629619e+03	2.2404498e+03	2.4032262e+03	2.1365096e+03	2.0887267e+03	2.1215019e+03	2.4124757e+03	2.3046772e+03
2.2606829e+03	2.9679976e+03	2.1941688e+03	2.2136497e+03	2.4420607e+03	2.3563097e+03	2.2394446e+03	2.6253879e+03	2.3512380e+03	2.2478761e+03	2.1939242e+03	2.4905049e+03	2.2874044e+03	2.2416483e+03	2.1283598e+03	2.5125585e+03	2.4131566e+03	2.8629619e+03	2.2404498e+03	2.4019128e+03	2.1365096e+03	2.0887267e+03	2.1215019e+03	2.4124757e+03	2.3046772e+03
2.2606829e+03	2.9679976e+03	2.1941688e+03	2.2136497e+03	2.3660514e+03	2.3563097e+03	2.2394446e+03	2.6253879e+03	2.3512380e+03	2.2478761e+03	2.1939242e+03	2.4905049e+03	2.2874044e+03	2.2413345e+03	2.1241819e+03	2.5125585e+03	2.4131566e+03	2.8629619e+03	2.2404498e+03	2.3466417e+03	2.1365096e+03	2.0887267e+03	2.1215019e+03	2.4124757e+03	2.3046772e+03
2.2606829e+03	2.9679976e+03	2.1941688e+03	2.2136497e+03	2.3660514e+03	2.3563097e+03	2.2357035e+03	2.6253879e+03	2.3481498e+03	2.1998543e+03	2.1939242e+03	2.4905049e+03	2.2874044e+03	2.2201880e+03	2.1241819e+03	2.5099271e+03	2.4131566e+03	2.8629619e+03	2.2404498e+03	2.2973644e+03	2.1365096e+03	2.0887267e+03	2.1215019e+03	2.3154569e+03	2.3046772e+03
2.2606829e+03	2.9679976e+03	2.1941688e+03	2.2135195e+03	2.3660514e+03	2.3114315e+03	2.2310496e+03	2.6253879e+03	2.3481498e+03	2.1998543e+03	2.1939242e+03	2.4597267e+03	2.2874044e+03	2.2201880e+03	2.1241819e+03	2.5004678e+03	2.4131566e+03	2.8629619e+03	2.2273871e+03	2.2973644e+03	2.1365096e+03	2.0887267e+03	2.1111008e+03	2.3154569e+03	2.3046772e+03
2.2606829e+03	2.9679976e+03	2.1941688e+03	2.2116415e+03	2.3660514e+03	2.3114315e+03	2.2203726e+03	2.6253879e+03	2.3456215e+03	2.1998543e+03	2.1939242e+03	2.4597267e+03	2.2874044e+03	2.2197226e+03	2.1241819e+03	2.5004678e+03	2.4131566e+03	2.8629619e+03	2.2273871e+03	2.2258123e+03	2.1365096e+03	2.0887267e+03	2.1111008e+03	2.3154569e+03	2.2910486e+03
2.2606829e+03	2.9430288e+03	2.1941688e+03	2.1899569e+03	2.3660514e+03	2.3114315e+03	2.2203726e+03	2.6253879e+03	2.3366807e+03	2.1998543e+03	2.1930452e+03	2.3957672e+03	2.2874044e+03	2.1941343e+03	2.1241819e+03	2.5004678e+03	2.4109173e+03	2.8629619e+03	2.2226811e+03	2.2258123e+03	2.1199762e+03	2.0887267e+03	2.1018509e+03	2.3154569e+03	2.2814859e+03
2.2606829e+03	2.9430288e+03	2.1941688e+03	2.1899569e+03	2.3660514e+03	2.3114315e+03	2.2162199e+03	2.6253879e+03	2.3202615e+03	2.1998543e+03	2.1930452e+03	2.3957672e+03	2.2874044e+03	2.1444194e+03	2.1241819e+03	2.5004678e+03	2.3995039e+03	2.8629619e+03	2.2057007e+03	2.2258123e+03	2.1199762e+03	2.0887267e+03	2.1018509e+03	2.3154569e+03	2.2814859e+03
2.2606829e+03	2.9430288e+03	2.1941688e+03	2.1899569e+03	2.3660514e+03	2.3114315e+03	2.1953189e+03	2.5812995e+03	2.3202615e+03	2.1966649e+03	2.1930452e+03	2.3536150e+03	2.2874044e+03	2.1444194e+03	2.1241819e+03	2.5004678e+03	2.3995039e+03	2.8629619e+03	2.2023702e+03	2.2258123e+03	2.1199762e+03	2.0887267e+03	2.1018509e+03	2.3154569e+03	2.2814859e+03
2.2606829e+03	2.8447306e+03	2.1941688e+03	2.1817294e+03	2.3660514e+03	2.3060594e+03	2.1953189e+03	2.5812995e+03	2.2670865e+03	2.1849121e+03	2.1930452e+03	2.3487957e+03	2.2874044e+03	2.1444194e+03	2.1241819e+03	2.5004678e+03	2.3995039e+03	2.8629619e+03	2.1963593e+03	2.2258123e+03	2.1199762e+03	2.0731647e+03	2.0727960e+03	2.3154569e+03	2.2814859e+03
2.2606829e+03	2.8447306e+03	2.1443809e+03	2.1817294e+03	2.3660514e+03	2.3060594e+03	2.1953189e+03	2.5812995e+03	2.2670865e+03	2.1547317e+03	2.1930452e+03	2.3487957e+03	2.2874044e+03	2.1444194e+03	2.1241819e+03	2.5004678e+03	2.3775886e+03	2.8629619e+03	2.1830893e+03	2.2258123e+03	2.0996568e+03	2.0528221e+03	2.0727960e+03	2.3154569e+03	2.2814859e+03
2.2056345e+03	2.8447306e+03	2.1443809e+03	2.1817294e+03	2.3660514e+03	2.3032042e+03	2.1427944e+03	2.5812995e+03	2.2670865e+03	2.1547317e+03	2.1815453e+03	2.3487957e+03	2.2874044e+03	2.1444194e+03	2.1241819e+03	2.5004678e+03	2.3775886e+03	2.8629619e+03	2.1813786e+03	2.2258123e+03	2.0996568e+03	2.0528221e+03	2.0727960e+03	2.3154569e+03	2.2814859e+03
2.2056345e+03	2.8447306e+03	2.1443809e+03	2.1817294e+03	2.3660514e+03	2.2832143e+03	2.1427944e+03	2.5812995e+03	2.1685156e+03	2.1547317e+03	2.1815453e+03	2.3403482e+03	2.2874044e+03	2.1424119e+03	2.1241819e+03	2.4937102e+03	2.2888515e+03	2.8629619e+03	2.1786696e+03	2.1849210e+03	2.0987193e+03	2.0528221e+03	2.0727960e+03	2.3154569e+03	2.2814859e+03
2.2056345e+03	2.8447306e+03	2.1443809e+03	2.1817294e+03	2.3660514e+03	2.2812155e+03	2.1427944e+03	2.5059879e+03	2.1685156e+03	2.1547317e+03	2.1810269e+03	2.3403482e+03	2.2874044e+03	2.1424119e+03	2.1241819e+03	2.4533587e+03	2.2888515e+03	2.8629619e+03	2.1786696e+03	2.1849210e+03	2.0859443e+03	2.0528221e+03	2.0684850e+03	2.2604406e+03	2.2814859e+03
2.2056345e+03	2.8447306e+03	2.1443809e+03	2.1454145e+03	2.3660514e+03	2.2812155e+03	2.1427944e+03	2.5059879e+03	2.1685156e+03	2.1458109e+03	2.1683790e+03	2.3403482e+03	2.2874044e+03	2.0997315e+03	2.0992893e+03	2.4533587e+03	2.2888515e+03	2.8629619e+03	2.1786696e+03	2.1849210e+03	2.0859443e+03	2.0528221e+03	2.0415145e+03	2.2604406e+03	2.2814859e+03
2.2056345e+03	2.8447306e+03	2.1443809e+03	2.1454145e+03	2.3660514e+03	2.2672468e+03	2.1427944e+03	2.5059879e+03	2.1685156e+03	2.1458109e+03	2.1683790e+03	2.3120575e+03	2.2874044e+03	2.0997315e+03	2.0992893e+03	2.4533587e+03	2.2888515e+03	2.8629619e+03	2.1388932e+03	2.1796555e+03	2.0815380e+03	2.0508320e+03	2.0415145e+03	2.2604406e+03	2.2691493e+03
2.2056345e+03	2.8447306e+03	2.1443809e+03	2.1454145e+03	2.3660514e+03	2.2672468e+03	2.1427944e+03	2.5059879e+03	2.1685156e+03	2.0617246e+03	2.1683790e+03	2.3120575e+03	2.2874044e+03	2.0997315e+03	2.0992893e+03	2.4533587e+03	2.2867474e+03	2.8629619e+03	2.1388932e+03	2.1796555e+03	2.0815380e+03	2.0411224e+03	2.0415145e+03	2.2604406e+03	2.2691493e+03
2.1756901e+03	2.8026060e+03	2.1443809e+03	2.1454145e+03	2.3660514e+03	2.2672468e+03	2.1427944e+03	2.4828625e+03	2.1685156e+03	2.0617246e+03	2.1679665e+03	2.2938220e+03	2.2874044e+03	2.0997315e+03	2.0992893e+03	2.4533587e+03	2.2867474e+03	2.8629619e+03	2.1388932e+03	2.1796555e+03	2.0815380e+03	2.0411224e+03	2.0415145e+03	2.2604406e+03	2.2691493e+03
2.1756901e+03	2.8026060e+03	2.1443809e+03	2.1454145e+03	2.3660514e+03	2.2338987e+03	2.1155652e+03	2.4828625e+03	2.1685156e+03	2.0617246e+03	2.1649769e+03	2.2770804e+03	2.2874044e+03	2.0997315e+03	2.0947025e+03	2.4389825e+03	2.2867474e+03	2.8629619e+03	2.1388932e+03	2.1796555e+03	2.0748570e+03	2.0411224e+03	2.0415145e+03	2.2604406e+03	2.2323235e+03
2.1747648e+03	2.7494143e+03	2.1443809e+03	2.1322200e+03	2.3660514e+03	2.2338987e+03	2.1155652e+03	2.4828625e+03	2.1685156e+03	2.0617246e+03	2.1644382e+03	2.2569765e+03	2.2791630e+03	2.0997315e+03	2.0947025e+03	2.4256377e+03	2.2867474e+03	2.8629619e+03	2.1388932e+03	2.1796555e+03	2.0748570e+03	2.0340282e+03	2.0415145e+03	2.2604406e+03	2.2323235e+03
2.1599929e+03	2.7198551e+03	2.1443809e+03	2.1322200e+03	2.3660514e+03	2.2338987e+03	2.1155652e+03	2.4828625e+03	2.1685156e+03	2.0617246e+03	2.1274302e+03	2.2569765e+03	2.2466848e+03	2.0997315e+03	2.0947025e+03	2.4256377e+03	2.2867474e+03	2.8629619e+03	2.1084210e+03	2.1796555e+03	2.0748570e+03	2.0340282e+03	2.0415145e+03	2.2604406e+03	2.2323235e+03
2.1597566e+03	2.6752617e+03	2.1292625e+03	2.1322200e+03	2.3660514e+03	2.2273876e+03	2.1155652e+03	2.4828625e+03	2.1685156e+03	2.0617246e+03	2.1274302e+03	2.1517530e+03	2.2070830e+03	2.0787058e+03	2.0947025e+03	2.4178435e+03	2.2740963e+03	2.8629619e+03	2.1084210e+03	2.1732880e+03	2.0748570e+03	2.0340282e+03	2.0415145e+03	2.2175721e+03	2.2323235e+03
2.1597566e+03	2.6752617e+03	2.1292625e+03	2.1322200e+03	2.3660514e+03	2.2273876e+03	2.1155652e+03	2.4828625e+03	2.1685156e+03	2.0617246e+03	2.1274302e+03	2.1517530e+03	2.1873152e+03	2.0787058e+03	2.0947025e+03	2.4178435e+03	2.2632644e+03	2.8629619e+03	2.1084210e+03	2.1677389e+03	2.0724745e+03	2.0340282e+03	2.0415145e+03	2.2175721e+03	2.2323235e+03
2.1597566e+03	2.6612130e+03	2.1292625e+03	2.1322200e+03	2.3456829e+03	2.2273876e+03	2.1155652e+03	2.4828625e+03	2.1685156e+03	2.0617246e+03	2.1274302e+03	2.1517530e+03	2.1873152e+03	2.0787058e+03	2.0947025e+03	2.4178435e+03	2.2279877e+03	2.8629619e+03	2.1084210e+03	2.1677389e+03	2.0661706e+03	2.0340282e+03	2.0409163e+03	2.2030564e+03	2.2043221e+03
2.1528108e+03	2.6564338e+03	2.1292625e+03	2.1322200e+03	2.3456829e+03	2.2219819e+03	2.1155652e+03	2.4828625e+03	2.1685156e+03	2.0617246e+03	2.1228626e+03	2.1517530e+03	2.1873152e+03	2.0787058e+03	2.0947025e+03	2.4178435e+03	2.2279877e+03	2.8629619e+03	2.0996145e+03	2.1677389e+03	2.0661706e+03	2.0340282e+03	2.0314631e+03	2.2030564e+03	2.2043221e+03
2.1415352e+03	2.6212477e+03	2.1292625e+03	2.1322200e+03	2.2877614e+03	2.1905091e+03	2.1155652e+03	2.4828625e+03	2.1685156e+03	2.0617246e+03	2.1228626e+03	2.1517530e+03	2.1873152e+03	2.0726370e+03	2.0947025e+03	2.3936105e+03	2.2257555e+03	2.8629619e+03	2.0992702e+03	2.1509765e+03	2.0591126e+03	2.0340282e+03	2.0314631e+03	2.2030564e+03	2.2043221e+03
2.1415352e+03	2.6212477e+03	2.1292625e+03	2.1322200e+03	2.2877614e+03	2.1905091e+03	2.1155652e+03	2.4828625e+03	2.1685156e+03	2.0617246e+03	2.1053462e+03	2.1517530e+03	2.1659820e+03	2.0726370e+03	2.0769317e+03	2.3936105e+03	2.2171525e+03	2.8629619e+03	2.0992702e+03	2.1509765e+03	2.0591126e+03	2.0340282e+03	2.0314631e+03	2.2030564e+03	2.2043221e+03
2.1415352e+03	2.6212477e+03	2.1292625e+03	2.1322200e+03	2.2747475e+03	2.1905091e+03	2.1155652e+03	2.4378702e+03	2.1685156e+03	2.0617246e+03	2.0947270e+03	2.1517530e+03	2.1253111e+03	2.0726370e+03	2.0769317e+03	2.3936105e+03	2.2171525e+03	2.8629619e+03	2.0992702e+03	2.1509765e+03	2.0591126e+03	2.0178729e+03	2.0314631e+03	2.2030564e+03	2.1726531e+03
2.1261897e+03	2.5682485e+03	2.1271823e+03	2.1297931e+03	2.2747475e+03	2.1905091e+03	2.1155652e+03	2.4378702e+03	2.1685156e+03	2.0617246e+03	2.0947270e+03	2.1517530e+03	2.1253111e+03	2.0705472e+03	2.0769317e+03	2.3936105e+03	2.2081093e+03	2.8629619e+03	2.0952327e+03	2.1332174e+03	2.0591126e+03	2.0178729e+03	2.0314631e+03	2.2030564e+03	2.1726531e+03
2.1261897e+03	2.5682485e+03	2.1212331e+03	2.1265567e+03	2.2747475e+03	2.1772951e+03	2.1155652e+03	2.4378702e+03	2.1492796e+03	2.0617246e+03	2.0947270e+03	2.1517530e+03	2.1253111e+03	2.0613324e+03	2.0769317e+03	2.3589205e+03	2.1903237e+03	2.8629619e+03	2.0863473e+03	2.1099247e+03	2.0591126e+03	2.0178729e+03	2.0314631e+03	2.2030564e+03	2.1505895e+03
2.1261897e+03	2.5682485e+03	2.0952706e+03	2.1265567e+03	2.2653380e+03	2.1772951e+03	2.1155652e+03	2.4378702e+03	2.1492796e+03	2.0617246e+03	2.0947270e+03	2.1474665e+03	2.1253111e+03	2.0425732e+03	2.0769317e+03	2.3589205e+03	2.1567388e+03	2.8629619e+03	2.0863473e+03	2.1099247e+03	2.0591126e+03	2.0178729e+03	2.0314631e+03	2.2030564e+03	2.1312992e+03
2.1260820e+03	2.5682485e+03	2.0952706e+03	2.1265567e+03	2.2347284e+03	2.1705086e+03	2.1155652e+03	2.4378702e+03	2.1492796e+03	2.0617246e+03	2.0902489e+03	2.1474665e+03	2.1253111e+03	2.0425732e+03	2.0723328e+03	2.3589205e+03	2.1567388e+03	2.8629619e+03	2.0863473e+03	2.1099247e+03	2.0591126e+03	2.0178729e+03	2.0242216e+03	2.2030564e+03	2.1312992e+03
2.1171492e+03	2.4659952e+03	2.0895349e+03	2.1262112e+03	2.2347284e+03	2.1705086e+03	2.1155652e+03	2.3712109e+03	2.1492796e+03	2.0617246e+03	2.0902489e+03	2.1309095e+03	2.1253111e+03	2.0425732e+03	2.0723328e+03	2.3589205e+03	2.1567388e+03	2.8629619e+03	2.0863473e+03	2.1099247e+03	2.0589128e+03	2.0178729e+03	2.0158943e+03	2.2030564e+03	2.1312992e+03
2.1134421e+03	2.4659952e+03	2.0895349e+03	2.1262112e+03	2.2229607e+03	2.1705086e+03	2.1155652e+03	2.3712109e+03	2.1492796e+03	2.0571084e+03	2.0902489e+03	2.1266919e+03	2.1253111e+03	2.0425732e+03	2.0712949e+03	2.3528386e+03	2.1567388e+03	2.8629619e+03	2.0863473e+03	2.1099247e+03	2.0486578e+03	2.0178729e+03	2.0128041e+03	2.1909796e+03	2.1312992e+03
2.0916646e+03	2.4659952e+03	2.0787508e+03	2.1262112e+03	2.2229607e+03	2.1688271e+03	2.1155652e+03	2.3712109e+03	2.1492796e+03	2.0571084e+03	2.0902489e+03	2.1266919e+03	2.1253111e+03	2.0425732e+03	2.0617442e+03	2.3515640e+03	2.1567388e+03	2.8629619e+03	2.0830840e+03	2.1099247e+03	2.0425781e+03	2.0178729e+03	2.0128041e+03	2.1909796e+03	2.1312992e+03
2.0902149e+03	2.4659952e+03	2.0759337e+03	2.1244220e+03	2.2229607e+03	2.1688271e+03	2.1155652e+03	2.3491044e+03	2.1492796e+03	2.0571084e+03	2.0787817e+03	2.1266919e+03	2.1253111e+03	2.0425732e+03	2.0617442e+03	2.3515640e+03	2.1567388e+03	2.8629619e+03	2.0830840e+03	2.1089982e+03	2.0425781e+03	2.0166766e+03	2.0128041e+03	2.1864616e+03	2.1312992e+03
2.0860383e+03	2.4659952e+03	2.0759337e+03	2.1244220e+03	2.2229607e+03	2.1688271e+03	2.1155652e+03	2.3491044e+03	2.1492796e+03	2.0571084e+03	2.0787817e+03	2.1266919e+03	2.1253111e+03	2.0425732e+03	2.0569769e+03	2.3515640e+03	2.1435328e+03	2.8629619e+03	2.0640611e+03	2.0996250e+03	2.0425781e+03	2.0136225e+03	2.0128041e+03	2.1823537e+03	2.1312992e+03
2.0860383e+03	2.4659952e+03	2.0759337e+03	2.1043957e+03	2.2229607e+03	2.1688271e+03	2.1155652e+03	2.3491044e+03	2.1312193e+03	2.0571084e+03	2.0746941e+03	2.1082799e+03	2.1253111e+03	2.0341522e+03	2.0568743e+03	2.3489743e+03	2.1435328e+03	2.8629619e+03	2.0536766e+03	2.0996250e+03	2.0425781e+03	2.0136225e+03	2.0128041e+03	2.1459093e+03	2.1312992e+03
2.0717932e+03	2.4659952e+03	2.0759337e+03	2.1000550e+03	2.2229607e+03	2.1600472e+03	2.1155652e+03	2.3491044e+03	2.1312193e+03	2.0536060e+03	2.0746941e+03	2.1082799e+03	2.1179918e+03	2.0295300e+03	2.0500388e+03	2.3489743e+03	2.1435328e+03	2.8629619e+03	2.0536766e+03	2.0963588e+03	2.0424985e+03	2.0101798e+03	2.0128041e+03	2.1459093e+03	2.1312992e+03
2.0717932e+03	2.4659952e+03	2.0759337e+03	2.1000550e+03	2.2083283e+03	2.1600472e+03	2.1146778e+03	2.3378190e+03	2.1147817e+03	2.0535990e+03	2.0661874e+03	2.1082799e+03	2.1179918e+03	2.0295300e+03	2.0500388e+03	2.3466197e+03	2.1435328e+03	2.8629619e+03	2.0536766e+03	2.0963588e+03	2.0349612e+03	2.0101798e+03	2.0111424e+03	2.1459093e+03	2.1312992e+03
2.0717932e+03	2.3937108e+03	2.0552984e+03	2.1000550e+03	2.2049674e+03	2.1600472e+03	2.1146778e+03	2.3286052e+03	2.1147817e+03	2.0433926e+03	2.0661874e+03	2.1082799e+03	2.1168436e+03	2.0265932e+03	2.0500388e+03	2.3342482e+03	2.1435328e+03	2.8629619e+03	2.0536766e+03	2.0948739e+03	2.0284889e+03	2.0091101e+03	2.0111424e+03	2.1459093e+03	2.0935446e+03
2.0559245e+03	2.3937108e+03	2.0552984e+03	2.1000550e+03	2.1788740e+03	2.1600472e+03	2.1146778e+03	2.3259158e+03	2.1147817e+03	2.0433926e+03	2.0661874e+03	2.1082799e+03	2.1072745e+03	2.0257045e+03	2.0500388e+03	2.2915235e+03	2.1253557e+03	2.8629619e+03	2.0536766e+03	2.0948739e+03	2.0284889e+03	2.0033205e+03	2.0061624e+03	2.1336984e+03	2.0935446e+03
2.0430316e+03	2.3818351e+03	2.0552984e+03	2.0900777e+03	2.1665633e+03	2.1600472e+03	2.1146778e+03	2.2699227e+03	2.1090908e+03	2.0403284e+03	2.0620129e+03	2.0903735e+03	2.1072745e+03	2.0257045e+03	2.0493231e+03	2.2915235e+03	2.0859533e+03	2.8629619e+03	2.0536766e+03	2.0710854e+03	2.0284889e+03	2.0033205e+03	2.0061624e+03	2.1336984e+03	2.0935446e+03
2.0430316e+03	2.3818351e+03	2.0552984e+03	2.0900777e+03	2.1550658e+03	2.1516087e+03	2.1146778e+03	2.2699227e+03	2.1026319e+03	2.0403284e+03	2.0620129e+03	2.0903735e+03	2.0731187e+03	2.0220056e+03	2.0493231e+03	2.2859109e+03	2.0859533e+03	2.8629619e+03	2.0536766e+03	2.0666038e+03	2.0284889e+03	2.0033205e+03	2.0061624e+03	2.1117492e+03	2.0935446e+03
2.0430316e+03	2.3818351e+03	2.0552984e+03	2.0900777e+03	2.1447794e+03	2.1501055e+03	2.1002006e+03	2.2699227e+03	2.1015732e+03	2.0398488e+03	2.0555897e+03	2.0903735e+03	2.0731187e+03	2.0201293e+03	2.0493231e+03	2.2859109e+03	2.0859533e+03	2.8629619e+03	2.0536766e+03	2.0666038e+03	2.0251351e+03	2.0025702e+03	2.0061624e+03	2.1065250e+03	2.0935446e+03
2.0430316e+03	2.3760333e+03	2.0535518e+03	2.0900777e+03	2.1368765e+03	2.1436453e+03	2.1002006e+03	2.2563299e+03	2.0966673e+03	2.0335997e+03	2.0540137e+03	2.0903735e+03	2.0731187e+03	2.0161532e+03	2.0355841e+03	2.2836152e+03	2.0859533e+03	2.8629619e+03	2.0536766e+03	2.0666038e+03	2.0219571e+03	2.0025702e+03	2.0028866e+03	2.0976856e+03	2.0935446e+03
2.0430316e+03	2.3760333e+03	2.0530058e+03	2.0900777e+03	2.1368765e+03	2.1407762e+03	2.1002006e+03	2.2563299e+03	2.0941892e+03	2.0335997e+03	2.0540137e+03	2.0903735e+03	2.0731187e+03	2.0153910e+03	2.0355841e+03	2.2392569e+03	2.0859533e+03	2.8629619e+03	2.0523748e+03	2.0666038e+03	2.0219571e+03	1.9977455e+03	2.0025901e+03	2.0976856e+03	2.0905835e+03
2.0380093e+03	2.3557958e+03	2.0482221e+03	2.0900777e+03	2.1212204e+03	2.1290648e+03	2.0938029e+03	2.2563299e+03	2.0775195e+03	2.0335997e+03	2.0540137e+03	2.0903735e+03	2.0731187e+03	2.0153910e+03	2.0355841e+03	2.2392569e+03	2.0859533e+03	2.8629619e+03	2.0484562e+03	2.0554751e+03	2.0219571e+03	1.9977455e+03	2.0011850e+03	2.0976856e+03	2.0804727e+03
2.0380093e+03	2.3557958e+03	2.0482221e+03	2.0900777e+03	2.1055904e+03	2.1290648e+03	2.0938029e+03	2.1771520e+03	2.0775195e+03	2.0335997e+03	2.0510655e+03	2.0903735e+03	2.0731187e+03	2.0153910e+03	2.0355841e+03	2.2392569e+03	2.0859533e+03	2.8629619e+03	2.0484562e+03	2.0545250e+03	2.0219571e+03	1.9977455e+03	2.0011850e+03	2.0976856e+03	2.0804727e+03
2.0248655e+03	2.3557958e+03	2.0440245e+03	2.0900777e+03	2.1055904e+03	2.1290648e+03	2.0938029e+03	2.1771520e+03	2.0775195e+03	2.0335997e+03	2.0500588e+03	2.0851037e+03	2.0731187e+03	2.0153910e+03	2.0355841e+03	2.2392569e+03	2.0859533e+03	2.8629619e+03	2.0408546e+03	2.0470655e+03	2.0186902e+03	1.9977055e+03	2.0002754e+03	2.0976856e+03	2.0610062e+03
2.0248655e+03	2.3557958e+03	2.0274268e+03	2.0900777e+03	2.0961992e+03	2.1290648e+03	2.0931685e+03	2.1771520e+03	2.0775195e+03	2.0334407e+03	2.0463818e+03	2.0715821e+03	2.0681934e+03	2.0135365e+03	2.0355841e+03	2.2392569e+03	2.0859533e+03	2.8629619e+03	2.0285705e+03	2.0470655e+03	2.0158344e+03	1.9977055e+03	2.0002754e+03	2.0976856e+03	2.0610062e+03
2.0248655e+03	2.3557958e+03	2.0274268e+03	2.0900777e+03	2.0961992e+03	2.1290648e+03	2.0776586e+03	2.1771520e+03	2.0775195e+03	2.0261529e+03	2.0386567e+03	2.0715821e+03	2.0681934e+03	2.0135365e+03	2.0329160e+03	2.2392569e+03	2.0859533e+03	2.8629619e+03	2.0285705e+03	2.0470655e+03	2.0158344e+03	1.9977055e+03	1.9984376e+03	2.0823273e+03	2.0272065e+03
2.0248655e+03	2.3557958e+03	2.0274268e+03	2.0900777e+03	2.0961992e+03	2.1290648e+03	2.0776586e+03	2.1771520e+03	2.0775195e+03	2.0261529e+03	2.0332672e+03	2.0715821e+03	2.0681934e+03	2.0104250e+03	2.0329160e+03	2.2392569e+03	2.0735743e+03	2.8629619e+03	2.0285705e+03	2.0470655e+03	2.0158344e+03	1.9919621e+03	1.9984376e+03	2.0823273e+03	2.0272065e+03
2.0150213e+03	2.3557958e+03	2.0211328e+03	2.0900777e+03	2.0961992e+03	2.1290648e+03	2.0773447e+03	2.1771520e+03	2.0775195e+03	2.0236169e+03	2.0332672e+03	2.0715821e+03	2.0618179e+03	2.0104250e+03	2.0329160e+03	2.2392569e+03	2.0735743e+03	2.8629619e+03	2.0285705e+03	2.0288031e+03	2.0154227e+03	1.9919621e+03	1.9977939e+03	2.0756774e+03	2.0272065e+03
2.0150213e+03	2.3557958e+03	2.0211328e+03	2.0900777e+03	2.0961992e+03	2.1290648e+03	2.0773447e+03	2.1771520e+03	2.0647441e+03	2.0150546e+03	2.0332672e+03	2.0715821e+03	2.0618179e+03	2.0104250e+03	2.0294857e+03	2.2392569e+03	2.0649821e+03	2.8629619e+03	2.0285705e+03	2.0288031e+03	2.0062786e+03	1.9919621e+03	1.9969842e+03	2.0756774e+03	2.0272065e+03
2.0150213e+03	2.3557958e+03	2.0170424e+03	2.0900777e+03	2.0901328e+03	2.1290648e+03	2.0773447e+03	2.1771520e+03	2.0528579e+03	2.0150546e+03	2.0303318e+03	2.0524195e+03	2.0555611e+03	2.0039804e+03	2.0294857e+03	2.2392569e+03	2.0636754e+03	2.8629619e+03	2.0285705e+03	2.0288031e+03	2.0062786e+03	1.9912982e+03	1.9957803e+03	2.0742843e+03	2.0272065e+03
2.0150213e+03	2.3557958e+03	2.0170424e+03	2.0900777e+03	2.0901328e+03	2.1290648e+03	2.0773447e+03	2.1771520e+03	2.0528579e+03	2.0150546e+03	2.0295118e+03	2.0524195e+03	2.0516166e+03	2.0039804e+03	2.0294857e+03	2.2392569e+03	2.0636754e+03	2.8629619e+03	2.0285705e+03	2.0288031e+03	2.0045860e+03	1.9912982e+03	1.9928510e+03	2.0742843e+03	2.0272065e+03
2.0150213e+03	2.3557958e+03	2.0170424e+03	2.0900777e+03	2.0747260e+03	2.1290648e+03	2.0773447e+03	2.1771520e+03	2.0528579e+03	2.0150546e+03	2.0247172e+03	2.0524195e+03	2.0516166e+03	2.0039804e+03	2.0294857e+03	2.2392569e+03	2.0530912e+03	2.8629619e+03	2.0285705e+03	2.0288031e+03	2.0045860e+03	1.9912982e+03	1.9928510e+03	2.0742843e+03	2.0272065e+03
2.0050869e+03	2.3557958e+03	2.0170424e+03	2.0900777e+03	2.0747260e+03	2.1290648e+03	2.0773447e+03	2.1771520e+03	2.0528579e+03	2.0150546e+03	2.0202741e+03	2.0524195e+03	2.0401277e+03	2.0039804e+03	2.0294857e+03	2.2392569e+03	2.0530912e+03	2.8629619e+03	2.0271121e+03	2.0288031e+03	2.0045860e+03	1.9912982e+03	1.9928510e+03	2.0662247e+03	2.0272065e+03
2.0050869e+03	2.3536774e+03	2.0170424e+03	2.0900777e+03	2.0697067e+03	2.1290648e+03	2.0773447e+03	2.1771520e+03	2.0528579e+03	2.0127239e+03	2.0202741e+03	2.0524195e+03	2.0401277e+03	2.0039804e+03	2.0294857e+03	2.2392569e+03	2.0530912e+03	2.8629619e+03	2.0271121e+03	2.0288031e+03	2.0045860e+03	1.9912982e+03	1.9861176e+03	2.0597771e+03	2.0272065e+03
2.0050869e+03	2.3222137e+03	2.0170424e+03	2.0900777e+03	2.0659486e+03	2.1290648e+03	2.0773447e+03	2.1771520e+03	2.0528579e+03	2.0085202e+03	2.0202741e+03	2.0524195e+03	2.0401277e+03	2.0039804e+03	2.0294857e+03	2.2392569e+03	2.0503040e+03	2.8629619e+03	2.0218820e+03	2.0265684e+03	2.0045860e+03	1.9912982e+03	1.9861176e+03	2.0597771e+03	2.0272065e+03
2.0050869e+03	2.3222137e+03	2.0164227e+03	2.0900777e+03	2.0659486e+03	2.1290648e+03	2.0773447e+03	2.1771520e+03	2.0528579e+03	1.9991326e+03	2.0202741e+03	2.0524195e+03	2.0401277e+03	1.9999869e+03	2.0294857e+03	2.2392569e+03	2.0503040e+03	2.8629619e+03	2.0218820e+03	2.0265684e+03	2.0045860e+03	1.9909668e+03	1.9861176e+03	2.0483320e+03	2.0222830e+03
2.0050869e+03	2.3222137e+03	2.0154657e+03	2.0900777e+03	2.0659486e+03	2.1158598e+03	2.0773447e+03	2.1771520e+03	2.0528579e+03	1.9991326e+03	2.0202741e+03	2.0400866e+03	2.0401277e+03	1.9999869e+03	2.0294857e+03	2.2392569e+03	2.0428894e+03	2.8629619e+03	2.0218820e+03	2.0265684e+03	2.0045860e+03	1.9907200e+03	1.9861176e+03	2.0483320e+03	2.0222830e+03
2.0050869e+03	2.3222137e+03	2.0154657e+03	2.0900777e+03	2.0659486e+03	2.1158598e+03	2.0773447e+03	2.1757705e+03	2.0528579e+03	1.9991326e+03	2.0202741e+03	2.0400866e+03	2.0401277e+03	1.9999869e+03	2.0294857e+03	2.2392569e+03	2.0428894e+03	2.8629619e+03	2.0218820e+03	2.0265684e+03	2.0045860e+03	1.9907200e+03	1.9861176e+03	2.0483320e+03	2.0222830e+03
2.0050869e+03	2.3222137e+03	2.0090272e+03	2.0900777e+03	2.0659486e+03	2.1158598e+03	2.0773447e+03	2.1757705e+03	2.0453991e+03	1.9991326e+03	2.0202741e+03	2.0400866e+03	2.0321049e+03	1.9915914e+03	2.0294857e+03	2.2392569e+03	2.0351800e+03	2.8629619e+03	2.0193121e+03	2.0265684e+03	2.0045860e+03	1.9894246e+03	1.9861176e+03	2.0455509e+03	2.0222830e+03
2.0050869e+03	2.3222137e+03	2.0090272e+03	2.0900777e+03	2.0659486e+03	2.1158598e+03	2.0773447e+03	2.1757705e+03	2.0453991e+03	1.9991326e+03	2.0202741e+03	2.0400866e+03	2.0321049e+03	1.9915914e+03	2.0294857e+03	2.2392569e+03	2.0277981e+03	2.8629619e+03	2.0193121e+03	2.0265684e+03	1.9982510e+03	1.9881301e+03	1.9861176e+03	2.0455509e+03	2.0222830e+03
2.0050869e+03	2.3222137e+03	2.0074002e+03	2.0900777e+03	2.0553777e+03	2.1140516e+03	2.0773447e+03	2.1565993e+03	2.0453991e+03	1.9974724e+03	2.0202741e+03	2.0400866e+03	2.0272459e+03	1.9915914e+03	2.0294857e+03	2.2392569e+03	2.0277981e+03	2.8629619e+03	2.0151115e+03	2.0265684e+03	1.9982510e+03	1.9881301e+03	1.9861176e+03	2.0455509e+03	2.0222830e+03
2.0050869e+03	2.3222137e+03	2.0074002e+03	2.0900777e+03	2.0512591e+03	2.1140516e+03	2.0773447e+03	2.1537393e+03	2.0335102e+03	1.9974724e+03	2.0202741e+03	2.0400866e+03	2.0177821e+03	1.9915914e+03	2.0294857e+03	2.2392569e+03	2.0277981e+03	2.8629619e+03	2.0151115e+03	2.0265684e+03	1.9982510e+03	1.9881301e+03	1.9861176e+03	2.0428062e+03	2.0222830e+03
2.0050869e+03	2.3222137e+03	2.0025584e+03	2.0900777e+03	2.0447488e+03	2.1055799e+03	2.0773447e+03	2.1363241e+03	2.0335102e+03	1.9974724e+03	2.0202741e+03	2.0127908e+03	2.0177821e+03	1.9908720e+03	2.0294857e+03	2.2392569e+03	2.0277981e+03	2.8629619e+03	2.0151115e+03	2.0265684e+03	1.9982510e+03	1.9881301e+03	1.9861176e+03	2.0428062e+03	2.0222830e+03
2.0050869e+03	2.3222137e+03	2.0025584e+03	2.0900777e+03	2.0447488e+03	2.0993695e+03	2.0773447e+03	2.1351125e+03	2.0335102e+03	1.9965918e+03	2.0157495e+03	2.0127908e+03	2.0177821e+03	1.9908720e+03	2.0294857e+03	2.2130736e+03	2.0234672e+03	2.8629619e+03	2.0151115e+03	2.0230788e+03	1.9982510e+03	1.9881301e+03	1.9861176e+03	2.0415929e+03	2.0222830e+03
2.0041840e+03	2.3222137e+03	1.9962570e+03	2.0900777e+03	2.0447488e+03	2.0993695e+03	2.0773447e+03	2.1152155e+03	2.0335102e+03	1.9918003e+03	2.0157495e+03	2.0127908e+03	2.0128927e+03	1.9908720e+03	2.0294857e+03	2.2130736e+03	2.0234672e+03	2.8629619e+03	2.0151115e+03	2.0230788e+03	1.9982510e+03	1.9881301e+03	1.9850987e+03	2.0305475e+03	2.0222830e+03
2.0037327e+03	2.3222137e+03	1.9962570e+03	2.0900777e+03	2.0326489e+03	2.0993695e+03	2.0773447e+03	2.1152155e+03	2.0285174e+03	1.9918003e+03	2.0126765e+03	2.0127908e+03	2.0128927e+03	1.9908720e+03	2.0294857e+03	2.2130736e+03	2.0168644e+03	2.8629619e+03	2.0151115e+03	2.0230788e+03	1.9920034e+03	1.9881301e+03	1.9850987e+03	2.0305475e+03	2.0222830e+03
2.0037327e+03	2.3222137e+03	1.9962570e+03	2.0900777e+03	2.0326489e+03	2.0993695e+03	2.0773447e+03	2.1152155e+03	2.0266076e+03	1.9860432e+03	2.0126765e+03	2.0127908e+03	2.0128927e+03	1.9905388e+03	2.0294857e+03	2.2130736e+03	2.0168644e+03	2.8629619e+03	2.0151115e+03	2.0230788e+03	1.9920034e+03	1.9881301e+03	1.9850987e+03	2.0305475e+03	2.0222830e+03
2.0037327e+03	2.3222137e+03	1.9962570e+03	2.0900777e+03	2.0273683e+03	2.0937186e+03	2.0773447e+03	2.1152155e+03	2.0260209e+03	1.9860432e+03	2.0126765e+03	2.0127908e+03	2.0128927e+03	1.9857317e+03	2.0294857e+03	2.2130736e+03	2.0116469e+03	2.8629619e+03	2.0151115e+03	2.0142574e+03	1.9920034e+03	1.9880862e+03	1.9850987e+03	2.0244272e+03	2.0222830e+03
1.9996500e+03	2.3222137e+03	1.9962570e+03	2.0835028e+03	2.0273683e+03	2.0937186e+03	2.0773447e+03	2.1152155e+03	2.0260209e+03	1.9860432e+03	2.0126765e+03	2.0127908e+03	2.0128927e+03	1.9857317e+03	2.0294857e+03	2.2013276e+03	2.0116469e+03	2.8629619e+03	2.0151115e+03	2.0120306e+03	1.9920034e+03	1.9880862e+03	1.9850868e+03	2.0231706e+03	2.0201217e+03
1.9995067e+03	2.3222137e+03	1.9962570e+03	2.0486852e+03	2.0273683e+03	2.0820667e+03	2.0773447e+03	2.1040917e+03	2.0216027e+03	1.9860432e+03	2.0126765e+03	2.0127908e+03	2.0128927e+03	1.9857317e+03	2.0294857e+03	2.2013276e+03	2.0116469e+03	2.8629619e+03	2.0104066e+03	2.0120306e+03	1.9907410e+03	1.9869253e+03	1.9838932e+03	2.0231706e+03	2.0085036e+03
1.9995067e+03	2.3222137e+03	1.9927149e+03	2.0486852e+03	2.0260399e+03	2.0820667e+03	2.0773447e+03	2.1040917e+03	2.0193171e+03	1.9860432e+03	2.0126765e+03	2.0127908e+03	2.0128927e+03	1.9843433e+03	2.0294857e+03	2.1667958e+03	2.0116469e+03	2.8629619e+03	2.0104066e+03	2.0120306e+03	1.9899726e+03	1.9862328e+03	1.9838932e+03	2.0194605e+03	2.0085036e+03
1.9908635e+03	2.3222137e+03	1.9927149e+03	2.0486852e+03	2.0260399e+03	2.0685625e+03	2.0773447e+03	2.1001287e+03	2.0193171e+03	1.9860432e+03	2.0126765e+03	2.0127908e+03	2.0128927e+03	1.9835924e+03	2.0269546e+03	2.1667958e+03	2.0116469e+03	2.8629619e+03	2.0104066e+03	2.0120306e+03	1.9899726e+03	1.9862328e+03	1.9838932e+03	2.0194605e+03	2.0085036e+03
1.9908635e+03	2.3222137e+03	1.9927149e+03	2.0486852e+03	2.0260399e+03	2.0685625e+03	2.0773447e+03	2.1001287e+03	2.0190496e+03	1.9860432e+03	2.0089516e+03	2.0127908e+03	2.0111979e+03	1.9814701e+03	2.0269546e+03	2.1667958e+03	2.0040431e+03	2.8629619e+03	2.0104066e+03	2.0120306e+03	1.9899726e+03	1.9858870e+03	1.9838301e+03	2.0194605e+03	2.0085036e+03
1.9908635e+03	2.3222137e+03	1.9925968e+03	2.0486852e+03	2.0260399e+03	2.0685625e+03	2.0604468e+03	2.0874477e+03	2.0190496e+03	1.9860432e+03	2.0061486e+03	2.0127908e+03	2.0111979e+03	1.9814701e+03	2.0269546e+03	2.1667958e+03	2.0040431e+03	2.8629619e+03	2.0104066e+03	2.0120306e+03	1.9898324e+03	1.9858870e+03	1.9833069e+03	2.0194605e+03	2.0085036e+03
1.9908635e+03	2.3222137e+03	1.9925968e+03	2.0486852e+03	2.0258846e+03	2.0653658e+03	2.0604468e+03	2.0874477e+03	2.0190496e+03	1.9860432e+03	2.0049540e+03	2.0127908e+03	2.0111979e+03	1.9814701e+03	2.0218276e+03	2.1667958e+03	2.0040431e+03	2.8629619e+03	2.0087137e+03	2.0109252e+03	1.9891456e+03	1.9856289e+03	1.9833069e+03	2.0194605e+03	2.0085036e+03
1.9847762e+03	2.3222137e+03	1.9925968e+03	2.0486852e+03	2.0258846e+03	2.0653658e+03	2.0604468e+03	2.0874477e+03	2.0190496e+03	1.9860432e+03	2.0049540e+03	2.0127908e+03	2.0111979e+03	1.9814701e+03	2.0168465e+03	2.1608178e+03	2.0040431e+03	2.8629619e+03	2.0087137e+03	2.0109252e+03	1.9891456e+03	1.9852645e+03	1.9833069e+03	2.0194605e+03	1.9979996e+03
1.9847762e+03	2.2781628e+03	1.9922326e+03	2.0486852e+03	2.0217084e+03	2.0653658e+03	2.0579535e+03	2.0874477e+03	2.0109756e+03	1.9860432e+03	2.0049540e+03	2.0127908e+03	2.0111979e+03	1.9783042e+03	2.0168465e+03	2.1500157e+03	2.0040431e+03	2.8629619e+03	2.0072232e+03	2.0095858e+03	1.9885222e+03	1.9852645e+03	1.9833069e+03	2.0160155e+03	1.9979996e+03
1.9847762e+03	2.2781628e+03	1.9922326e+03	2.0486852e+03	2.0191798e+03	2.0472061e+03	2.0576192e+03	2.0846368e+03	2.0109756e+03	1.9859334e+03	2.0043385e+03	2.0127908e+03	2.0111979e+03	1.9783042e+03	2.0168465e+03	2.1211797e+03	2.0040431e+03	2.8629619e+03	2.0072232e+03	2.0054393e+03	1.9885222e+03	1.9839210e+03	1.9833069e+03	2.0150951e+03	1.9979996e+03
1.9847762e+03	2.2781628e+03	1.9922326e+03	2.0486852e+03	2.0150307e+03	2.0472061e+03	2.0576192e+03	2.0846368e+03	2.0109756e+03	1.9859334e+03	2.0043385e+03	2.0127908e+03	2.0068526e+03	1.9783042e+03	2.0168465e+03	2.1211797e+03	2.0039462e+03	2.8629619e+03	2.0058840e+03	2.0042637e+03	1.9885222e+03	1.9839210e+03	1.9827672e+03	2.0150951e+03	1.9979996e+03
1.9847762e+03	2.2781628e+03	1.9913342e+03	2.0482799e+03	2.0150307e+03	2.0472061e+03	2.0576192e+03	2.0846368e+03	2.0109756e+03	1.9822674e+03	2.0043385e+03	2.0122263e+03	2.0048955e+03	1.9781848e+03	2.0168465e+03	2.1211797e+03	2.0018113e+03	2.8629619e+03	2.0044867e+03	2.0042637e+03	1.9849685e+03	1.9839210e+03	1.9818233e+03	2.0150951e+03	1.9960364e+03
1.9847762e+03	2.2781628e+03	1.9913342e+03	2.0365381e+03	2.0136579e+03	2.0321818e+03	2.0576192e+03	2.0846368e+03	2.0084699e+03	1.9822674e+03	2.0043385e+03	2.0115441e+03	2.0038988e+03	1.9781848e+03	2.0168465e+03	2.1211797e+03	1.9968748e+03	2.8629619e+03	1.9996980e+03	2.0042637e+03	1.9849685e+03	1.9839210e+03	1.9818233e+03	2.0071392e+03	1.9960364e+03
1.9847762e+03	2.2781628e+03	1.9911475e+03	2.0365381e+03	2.0074314e+03	2.0321818e+03	2.0576192e+03	2.0846368e+03	2.0084699e+03	1.9808402e+03	2.0043385e+03	2.0115441e+03	2.0007852e+03	1.9768698e+03	2.0168465e+03	2.1211797e+03	1.9968748e+03	2.8629619e+03	1.9996980e+03	2.0040933e+03	1.9849685e+03	1.9835796e+03	1.9818233e+03	2.0071392e+03	1.9960364e+03
1.9847762e+03	2.2781628e+03	1.9911475e+03	2.0365381e+03	2.0053819e+03	2.0321818e+03	2.0418316e+03	2.0840337e+03	2.0084699e+03	1.9808402e+03	2.0029746e+03	2.0115441e+03	2.0007852e+03	1.9763804e+03	2.0168465e+03	2.1211797e+03	1.9968748e+03	2.8629619e+03	1.9996980e+03	2.0040933e+03	1.9849685e+03	1.9826700e+03	1.9818233e+03	2.0041599e+03	1.9960364e+03
1.9847762e+03	2.2781628e+03	1.9895463e+03	2.0283175e+03	2.0053819e+03	2.0306132e+03	2.0418316e+03	2.0773686e+03	2.0084699e+03	1.9808402e+03	2.0029746e+03	2.0115441e+03	1.9950402e+03	1.9731946e+03	2.0168465e+03	2.1211797e+03	1.9968748e+03	2.8629619e+03	1.9996980e+03	2.0040933e+03	1.9849685e+03	1.9826700e+03	1.9808231e+03	2.0041599e+03	1.9960364e+03
1.9821041e+03	2.2781628e+03	1.9895463e+03	2.0283175e+03	2.0012993e+03	2.0306132e+03	2.0418316e+03	2.0773686e+03	2.0084699e+03	1.9808402e+03	1.9970286e+03	2.0102812e+03	1.9950402e+03	1.9731946e+03	2.0168465e+03	2.1211797e+03	1.9968748e+03	2.8629619e+03	1.9996980e+03	2.0040933e+03	1.9849685e+03	1.9807711e+03	1.9808231e+03	2.0041599e+03	1.9960364e+03
1.9821041e+03	2.2781628e+03	1.9862262e+03	2.0283175e+03	2.0012993e+03	2.0306132e+03	2.0418316e+03	2.0672086e+03	2.0084699e+03	1.9802637e+03	1.9970286e+03	2.0027415e+03	1.9950402e+03	1.9731946e+03	2.0168465e+03	2.1133666e+03	1.9968748e+03	2.8629619e+03	1.9996980e+03	2.0005221e+03	1.9825476e+03	1.9807711e+03	1.9808231e+03	2.0041599e+03	1.9940977e+03
1.9821041e+03	2.2781628e+03	1.9862262e+03	2.0152270e+03	2.0012993e+03	2.0288254e+03	2.0418316e+03	2.0672086e+03	2.0084699e+03	1.9799073e+03	1.9970286e+03	2.0027415e+03	1.9950402e+03	1.9731946e+03	2.0168465e+03	2.1028231e+03	1.9968748e+03	2.8629619e+03	1.9968461e+03	2.0005221e+03	1.9825476e+03	1.9807711e+03	1.9793454e+03	2.0041599e+03	1.9940977e+03
1.9821041e+03	2.2781628e+03	1.9862262e+03	2.0152270e+03	2.0012993e+03	2.0288254e+03	2.0418316e+03	2.0672086e+03	2.0002153e+03	1.9799073e+03	1.9970286e+03	1.9934807e+03	1.9950402e+03	1.9731946e+03	2.0139436e+03	2.0928199e+03	1.9968748e+03	2.8629619e+03	1.9968461e+03	1.9978833e+03	1.9825476e+03	1.9807711e+03	1.9793253e+03	2.0041599e+03	1.9925580e+03
1.9821041e+03	2.2781628e+03	1.9862262e+03	2.0086065e+03	2.0007279e+03	2.0263374e+03	2.0418316e+03	2.0541512e+03	2.0002153e+03	1.9757619e+03	1.9970286e+03	1.9934807e+03	1.9950402e+03	1.9692633e+03	2.0139436e+03	2.0928199e+03	1.9968748e+03	2.8629619e+03	1.9968461e+03	1.9956466e+03	1.9825476e+03	1.9803480e+03	1.9793253e+03	2.0034547e+03	1.9925580e+03
1.9821041e+03	2.2781628e+03	1.9862262e+03	2.0086065e+03	1.9983464e+03	2.0263374e+03	2.0418316e+03	2.0410720e+03	2.0002153e+03	1.9757619e+03	1.9970286e+03	1.9934807e+03	1.9950402e+03	1.9692633e+03	2.0139436e+03	2.0928199e+03	1.9968748e+03	2.8629619e+03	1.9968461e+03	1.9956466e+03	1.9825476e+03	1.9803480e+03	1.9793253e+03	1.9971883e+03	1.9915692e+03
1.9821041e+03	2.2660024e+03	1.9862262e+03	2.0086065e+03	1.9968316e+03	2.0263374e+03	2.0356127e+03	2.0410720e+03	2.0002153e+03	1.9757619e+03	1.9970286e+03	1.9933678e+03	1.9950402e+03	1.9692633e+03	2.0139436e+03	2.0759103e+03	1.9968748e+03	2.8629619e+03	1.9968461e+03	1.9956466e+03	1.9818549e+03	1.9793591e+03	1.9793253e+03	1.9971883e+03	1.9906681e+03
1.9821041e+03	2.2660024e+03	1.9860378e+03	2.0080819e+03	1.9968316e+03	2.0263374e+03	2.0356127e+03	2.0350554e+03	1.9989314e+03	1.9757619e+03	1.9970286e+03	1.9933678e+03	1.9933292e+03	1.9692633e+03	2.0139436e+03	2.0759103e+03	1.9968748e+03	2.8629619e+03	1.9960959e+03	1.9956466e+03	1.9817641e+03	1.9793591e+03	1.9793253e+03	1.9971883e+03	1.9902027e+03
1.9821041e+03	2.2660024e+03	1.9860378e+03	2.0080819e+03	1.9952828e+03	2.0263374e+03	2.0356127e+03	2.0350554e+03	1.9989314e+03	1.9748639e+03	1.9970286e+03	1.9933678e+03	1.9933292e+03	1.9692633e+03	2.0108168e+03	2.0759103e+03	1.9959454e+03	2.8629619e+03	1.9937056e+03	1.9956466e+03	1.9817641e+03	1.9793591e+03	1.9793253e+03	1.9971883e+03	1.9871825e+03
1.9821041e+03	2.2660024e+03	1.9850097e+03	2.0080819e+03	1.9952828e+03	2.0263374e+03	2.0356127e+03	2.0350554e+03	1.9982824e+03	1.9748639e+03	1.9964232e+03	1.9933678e+03	1.9933292e+03	1.9692633e+03	2.0108168e+03	2.0759103e+03	1.9954790e+03	2.8629619e+03	1.9935153e+03	1.9881780e+03	1.9817641e+03	1.9793591e+03	1.9793253e+03	1.9971883e+03	1.9871825e+03
1.9821041e+03	2.2660024e+03	1.9850097e+03	2.0001484e+03	1.9898761e+03	2.0263374e+03	2.0356127e+03	2.0350554e+03	1.9982824e+03	1.9743381e+03	1.9950833e+03	1.9933678e+03	1.9930370e+03	1.9692633e+03	2.0108168e+03	2.0643164e+03	1.9954790e+03	2.8629619e+03	1.9922008e+03	1.9881780e+03	1.9817641e+03	1.9793591e+03	1.9793253e+03	1.9971883e+03	1.9814792e+03
1.9821041e+03	2.2660024e+03	1.9841650e+03	2.0001484e+03	1.9898761e+03	2.0263374e+03	2.0356127e+03	2.0350554e+03	1.9954610e+03	1.9740482e+03	1.9950833e+03	1.9933678e+03	1.9909982e+03	1.9682184e+03	2.0108168e+03	2.0643164e+03	1.9929167e+03	2.8629619e+03	1.9922008e+03	1.9881780e+03	1.9817641e+03	1.9793591e+03	1.9793253e+03	1.9971155e+03	1.9812987e+03
1.9821041e+03	2.2660024e+03	1.9830005e+03	2.0001484e+03	1.9898761e+03	2.0263374e+03	2.0356127e+03	2.0332294e+03	1.9954610e+03	1.9735962e+03	1.9931292e+03	1.9933678e+03	1.9909982e+03	1.9682098e+03	2.0108168e+03	2.0643164e+03	1.9896581e+03	2.8629619e+03	1.9922008e+03	1.9881780e+03	1.9817641e+03	1.9793591e+03	1.9793253e+03	1.9960080e+03	1.9802555e+03
1.9821041e+03	2.2660024e+03	1.9830005e+03	2.0001484e+03	1.9898761e+03	2.0263374e+03	2.0356127e+03	2.0332294e+03	1.9954610e+03	1.9735962e+03	1.9902336e+03	1.9933678e+03	1.9909982e+03	1.9669690e+03	2.0048338e+03	2.0643164e+03	1.9896581e+03	2.8629619e+03	1.9922008e+03	1.9881780e+03	1.9814299e+03	1.9790958e+03	1.9793253e+03	1.9960080e+03	1.9777316e+03
1.9810277e+03	2.2543136e+03	1.9825722e+03	1.9950574e+03	1.9898761e+03	2.0263374e+03	2.0356127e+03	2.0302507e+03	1.9954610e+03	1.9721673e+03	1.9902336e+03	1.9933678e+03	1.9892504e+03	1.9669690e+03	2.0048338e+03	2.0643164e+03	1.9896581e+03	2.8629619e+03	1.9922008e+03	1.9881780e+03	1.9814299e+03	1.9787151e+03	1.9793253e+03	1.9960080e+03	1.9777316e+03
1.9810277e+03	2.1991854e+03	1.9825722e+03	1.9924226e+03	1.9898761e+03	2.0229273e+03	2.0254295e+03	2.0302507e+03	1.9954610e+03	1.9721673e+03	1.9902336e+03	1.9913672e+03	1.9892504e+03	1.9669690e+03	2.0048338e+03	2.0573046e+03	1.9894807e+03	2.8629619e+03	1.9922008e+03	1.9881780e+03	1.9813545e+03	1.9787151e+03	1.9785390e+03	1.9951472e+03	1.9760444e+03
1.9810277e+03	2.1991854e+03	1.9825722e+03	1.9870745e+03	1.9858177e+03	2.0215885e+03	2.0254295e+03	2.0302507e+03	1.9954610e+03	1.9704850e+03	1.9902336e+03	1.9871933e+03	1.9892504e+03	1.9659808e+03	2.0039686e+03	2.0573046e+03	1.9890183e+03	2.8629619e+03	1.9922008e+03	1.9881780e+03	1.9793052e+03	1.9783750e+03	1.9785390e+03	1.9922941e+03	1.9760444e+03
1.9796656e+03	2.1991854e+03	1.9813550e+03	1.9870745e+03	1.9858177e+03	2.0187449e+03	2.0254295e+03	2.0273166e+03	1.9954610e+03	1.9704850e+03	1.9886197e+03	1.9871933e+03	1.9873829e+03	1.9659808e+03	2.0039686e+03	2.0467549e+03	1.9890183e+03	2.8629619e+03	1.9922008e+03	1.9881780e+03	1.9793052e+03	1.9783750e+03	1.9785390e+03	1.9922941e+03	1.9760444e+03
1.9796656e+03	2.1935323e+03	1.9804329e+03	1.9837015e+03	1.9858177e+03	2.0187449e+03	2.0254295e+03	2.0273166e+03	1.9954610e+03	1.9704850e+03	1.9876795e+03	1.9854051e+03	1.9842072e+03	1.9659808e+03	2.0039686e+03	2.0467549e+03	1.9890183e+03	2.8629619e+03	1.9914785e+03	1.9881780e+03	1.9793051e+03	1.9783750e+03	1.9785390e+03	1.9918032e+03	1.9760444e+03
1.9796656e+03	2.1935323e+03	1.9804329e+03	1.9837015e+03	1.9858177e+03	2.0187449e+03	2.0254295e+03	2.0232855e+03	1.9932260e+03	1.9704850e+03	1.9876795e+03	1.9854051e+03	1.9842072e+03	1.9659808e+03	1.9982046e+03	2.0467549e+03	1.9890183e+03	2.8629619e+03	1.9914785e+03	1.9881780e+03	1.9792924e+03	1.9783750e+03	1.9784995e+03	1.9918032e+03	1.9760444e+03
1.9796656e+03	2.1681816e+03	1.9794506e+03	1.9837015e+03	1.9858177e+03	2.0144540e+03	2.0254295e+03	2.0162448e+03	1.9932260e+03	1.9673406e+03	1.9876795e+03	1.9854051e+03	1.9820702e+03	1.9641818e+03	1.9982046e+03	2.0467549e+03	1.9887293e+03	2.8629619e+03	1.9889352e+03	1.9881780e+03	1.9773231e+03	1.9773795e+03	1.9784995e+03	1.9918032e+03	1.9722202e+03
1.9796656e+03	2.1681816e+03	1.9784576e+03	1.9837015e+03	1.9858177e+03	2.0110753e+03	2.0232021e+03	2.0162448e+03	1.9932260e+03	1.9673406e+03	1.9859841e+03	1.9852830e+03	1.9820702e+03	1.9641818e+03	1.9982046e+03	2.0366123e+03	1.9874449e+03	2.8629619e+03	1.9889352e+03	1.9881780e+03	1.9773231e+03	1.9773795e+03	1.9784995e+03	1.9891131e+03	1.9722202e+03
1.9796656e+03	2.1315182e+03	1.9784576e+03	1.9837015e+03	1.9858177e+03	2.0110753e+03	2.0232021e+03	2.0162448e+03	1.9932260e+03	1.9673406e+03	1.9848053e+03	1.9852830e+03	1.9820702e+03	1.9641818e+03	1.9982046e+03	2.0366123e+03	1.9869038e+03	2.8629619e+03	1.9865076e+03	1.9881780e+03	1.9773231e+03	1.9773795e+03	1.9784995e+03	1.9891131e+03	1.9722202e+03
1.9796656e+03	2.1315182e+03	1.9784576e+03	1.9837015e+03	1.9858177e+03	2.0063670e+03	2.0232021e+03	2.0132328e+03	1.9895503e+03	1.9673406e+03	1.9815384e+03	1.9852830e+03	1.9820702e+03	1.9641818e+03	1.9982046e+03	2.0201984e+03	1.9869038e+03	2.8629619e+03	1.9865076e+03	1.9881780e+03	1.9773231e+03	1.9773795e+03	1.9783015e+03	1.9890750e+03	1.9722202e+03
1.9796656e+03	2.1315182e+03	1.9784576e+03	1.9747919e+03	1.9858177e+03	2.0063670e+03	2.0227699e+03	2.0120231e+03	1.9895503e+03	1.9673406e+03	1.9815384e+03	1.9841769e+03	1.9813151e+03	1.9638951e+03	1.9982046e+03	2.0201984e+03	1.9869038e+03	2.8629619e+03	1.9865076e+03	1.9878744e+03	1.9773231e+03	1.9772976e+03	1.9783015e+03	1.9890750e+03	1.9722202e+03
1.9796656e+03	2.1315182e+03	1.9784576e+03	1.9747919e+03	1.9858177e+03	2.0063670e+03	2.0227699e+03	2.0100506e+03	1.9895503e+03	1.9673406e+03	1.9815384e+03	1.9822344e+03	1.9813151e+03	1.9638149e+03	1.9982046e+03	2.0201984e+03	1.9843720e+03	2.8629619e+03	1.9865076e+03	1.9878744e+03	1.9773231e+03	1.9772976e+03	1.9783015e+03	1.9881837e+03	1.9722202e+03
1.9784130e+03	2.1159353e+03	1.9784576e+03	1.9747919e+03	1.9858177e+03	2.0063670e+03	2.0209644e+03	2.0100506e+03	1.9895503e+03	1.9673406e+03	1.9815384e+03	1.9816276e+03	1.9813151e+03	1.9638149e+03	1.9982046e+03	2.0201984e+03	1.9843720e+03	2.8629619e+03	1.9865076e+03	1.9851642e+03	1.9773231e+03	1.9772976e+03	1.9783015e+03	1.9867592e+03	1.9722202e+03
1.9784130e+03	2.1159353e+03	1.9784576e+03	1.9747919e+03	1.9858177e+03	2.0063670e+03	2.0209644e+03	2.0100506e+03	1.9895503e+03	1.9661511e+03	1.9815384e+03	1.9816276e+03	1.9813151e+03	1.9638149e+03	1.9977072e+03	2.0201984e+03	1.9843720e+03	2.8629619e+03	1.9859741e+03	1.9851642e+03	1.9773231e+03	1.9771910e+03	1.9769079e+03	1.9867592e+03	1.9722202e+03
1.9783133e+03	2.1159353e+03	1.9784576e+03	1.9747919e+03	1.9850215e+03	2.0061836e+03	2.0186636e+03	2.0051704e+03	1.9895503e+03	1.9661511e+03	1.9815384e+03	1.9763679e+03	1.9813151e+03	1.9638149e+03	1.9977072e+03	2.0201984e+03	1.9843720e+03	2.8629619e+03	1.9859741e+03	1.9851642e+03	1.9773231e+03	1.9766008e+03	1.9768592e+03	1.9867592e+03	1.9722202e+03
1.9783133e+03	2.1148539e+03	1.9784576e+03	1.9747919e+03	1.9850215e+03	2.0056876e+03	2.0178800e+03	2.0051704e+03	1.9871225e+03	1.9658044e+03	1.9805490e+03	1.9763679e+03	1.9813151e+03	1.9638149e+03	1.9977072e+03	2.0201984e+03	1.9830220e+03	2.8629619e+03	1.9859741e+03	1.9851642e+03	1.9773231e+03	1.9766008e+03	1.9768592e+03	1.9861044e+03	1.9722202e+03
1.9783133e+03	2.1148539e+03	1.9784576e+03	1.9747919e+03	1.9848346e+03	2.0056876e+03	2.0178800e+03	2.0051704e+03	1.9871225e+03	1.9650361e+03	1.9805490e+03	1.9763679e+03	1.9809821e+03	1.9633281e+03	1.9949095e+03	2.0182432e+03	1.9830220e+03	2.8629619e+03	1.9859741e+03	1.9851642e+03	1.9773231e+03	1.9766008e+03	1.9768592e+03	1.9861044e+03	1.9722202e+03
1.9783133e+03	2.0990063e+03	1.9784576e+03	1.9747919e+03	1.9841280e+03	2.0052521e+03	2.0178800e+03	2.0051704e+03	1.9871225e+03	1.9650361e+03	1.9805490e+03	1.9763679e+03	1.9809821e+03	1.9629590e+03	1.9926525e+03	2.0182432e+03	1.9830220e+03	2.8629619e+03	1.9859741e+03	1.9851642e+03	1.9773231e+03	1.9766008e+03	1.9768592e+03	1.9861044e+03	1.9722202e+03
1.9783133e+03	2.0990063e+03	1.9784576e+03	1.9682176e+03	1.9841280e+03	2.0039114e+03	2.0178800e+03	2.0051704e+03	1.9855915e+03	1.9650361e+03	1.9805490e+03	1.9763679e+03	1.9808112e+03	1.9629590e+03	1.9926525e+03	2.0182432e+03	1.9817224e+03	2.8629619e+03	1.9829211e+03	1.9843009e+03	1.9773231e+03	1.9763503e+03	1.9768592e+03	1.9854010e+03	1.9701392e+03
1.9783133e+03	2.0783615e+03	1.9784576e+03	1.9682176e+03	1.9828021e+03	2.0027427e+03	2.0178800e+03	2.0051704e+03	1.9855915e+03	1.9632299e+03	1.9805490e+03	1.9763679e+03	1.9808112e+03	1.9623264e+03	1.9926525e+03	2.0109481e+03	1.9817224e+03	2.8629619e+03	1.9829211e+03	1.9829118e+03	1.9773231e+03	1.9763503e+03	1.9760795e+03	1.9854010e+03	1.9701392e+03
1.9783133e+03	2.0783615e+03	1.9784576e+03	1.9682176e+03	1.9828021e+03	1.9971147e+03	2.0178800e+03	2.0051704e+03	1.9855915e+03	1.9632299e+03	1.9805490e+03	1.9763679e+03	1.9808112e+03	1.9623264e+03	1.9924999e+03	2.0109481e+03	1.9817224e+03	2.8629619e+03	1.9829211e+03	1.9829118e+03	1.9773231e+03	1.9763503e+03	1.9760795e+03	1.9852861e+03	1.9701392e+03
1.9783133e+03	2.0783615e+03	1.9784576e+03	1.9682176e+03	1.9826145e+03	1.9971147e+03	2.0178800e+03	2.0043407e+03	1.9845944e+03	1.9632299e+03	1.9805490e+03	1.9763679e+03	1.9805119e+03	1.9617186e+03	1.9924999e+03	2.0109481e+03	1.9817224e+03	2.8629619e+03	1.9829211e+03	1.9805783e+03	1.9773231e+03	1.9763503e+03	1.9760795e+03	1.9852861e+03	1.9701392e+03
1.9783133e+03	2.0783615e+03	1.9779203e+03	1.9682176e+03	1.9826145e+03	1.9967507e+03	2.0178800e+03	2.0043407e+03	1.9845944e+03	1.9632299e+03	1.9805490e+03	1.9763679e+03	1.9805119e+03	1.9617186e+03	1.9924999e+03	2.0095296e+03	1.9817224e+03	2.8629619e+03	1.9829211e+03	1.9805783e+03	1.9773231e+03	1.9763503e+03	1.9760795e+03	1.9848306e+03	1.9701392e+03
1.9783133e+03	2.0783615e+03	1.9779203e+03	1.9682176e+03	1.9826145e+03	1.9967507e+03	2.0172471e+03	2.0043407e+03	1.9832016e+03	1.9632299e+03	1.9805490e+03	1.9763679e+03	1.9781320e+03	1.9617186e+03	1.9918403e+03	2.0081207e+03	1.9817224e+03	2.8629619e+03	1.9829211e+03	1.9805783e+03	1.9773231e+03	1.9757225e+03	1.9757535e+03	1.9848306e+03	1.9697494e+03
1.9783133e+03	2.0588726e+03	1.9779203e+03	1.9682176e+03	1.9826145e+03	1.9967507e+03	2.0172471e+03	1.9979524e+03	1.9832016e+03	1.9631791e+03	1.9805490e+03	1.9742599e+03	1.9781320e+03	1.9617186e+03	1.9889978e+03	2.0081207e+03	1.9810675e+03	2.8629619e+03	1.9829211e+03	1.9805783e+03	1.9773231e+03	1.9748761e+03	1.9757535e+03	1.9847919e+03	1.9697494e+03
1.9765833e+03	2.0588726e+03	1.9779203e+03	1.9682176e+03	1.9805720e+03	1.9938953e+03	2.0165509e+03	1.9979524e+03	1.9832016e+03	1.9631791e+03	1.9796994e+03	1.9742599e+03	1.9781320e+03	1.9617186e+03	1.9889978e+03	2.0064286e+03	1.9810675e+03	2.8629619e+03	1.9829211e+03	1.9805783e+03	1.9770803e+03	1.9748761e+03	1.9757535e+03	1.9847919e+03	1.9697494e+03
1.9765833e+03	2.0588726e+03	1.9779203e+03	1.9682176e+03	1.9805720e+03	1.9938953e+03	2.0165509e+03	1.9979524e+03	1.9832016e+03	1.9631791e+03	1.9796994e+03	1.9742599e+03	1.9781320e+03	1.9609269e+03	1.9889978e+03	2.0064286e+03	1.9798642e+03	2.8629619e+03	1.9829211e+03	1.9805783e+03	1.9770803e+03	1.9748761e+03	1.9757535e+03	1.9840954e+03	1.9694274e+03
1.9765833e+03	2.0588726e+03	1.9779203e+03	1.9680088e+03	1.9805720e+03	1.9938953e+03	2.0165509e+03	1.9979524e+03	1.9832016e+03	1.9621996e+03	1.9796994e+03	1.9742599e+03	1.9781320e+03	1.9609269e+03	1.9889978e+03	1.9957836e+03	1.9798642e+03	2.8629619e+03	1.9814582e+03	1.9805783e+03	1.9770803e+03	1.9748761e+03	1.9757535e+03	1.9817488e+03	1.9694274e+03
1.9765833e+03	2.0588726e+03	1.9773067e+03	1.9680088e+03	1.9805720e+03	1.9938953e+03	2.0165509e+03	1.9979524e+03	1.9828701e+03	1.9621996e+03	1.9796994e+03	1.9742599e+03	1.9781320e+03	1.9609269e+03	1.9889978e+03	1.9957836e+03	1.9798642e+03	2.8629619e+03	1.9814582e+03	1.9805783e+03	1.9770803e+03	1.9748761e+03	1.9757535e+03	1.9817488e+03	1.9686287e+03
1.9765833e+03	2.0588726e+03	1.9773067e+03	1.9680088e+03	1.9805720e+03	1.9930241e+03	2.0165509e+03	1.9979524e+03	1.9828701e+03	1.9621996e+03	1.9796994e+03	1.9713695e+03	1.9779020e+03	1.9609269e+03	1.9864186e+03	1.9957836e+03	1.9798642e+03	2.8629619e+03	1.9814582e+03	1.9805783e+03	1.9766448e+03	1.9748761e+03	1.9757535e+03	1.9817488e+03	1.9686287e+03
1.9765833e+03	2.0588726e+03	1.9773067e+03	1.9669028e+03	1.9805720e+03	1.9930241e+03	2.0127875e+03	1.9979524e+03	1.9824173e+03	1.9621996e+03	1.9796994e+03	1.9713695e+03	1.9779020e+03	1.9609269e+03	1.9864186e+03	1.9957836e+03	1.9798642e+03	2.8629619e+03	1.9805527e+03	1.9798366e+03	1.9766448e+03	1.9744249e+03	1.9757535e+03	1.9800241e+03	1.9686287e+03
1.9760480e+03	2.0588726e+03	1.9773067e+03	1.9669028e+03	1.9805720e+03	1.9858093e+03	2.0096531e+03	1.9962295e+03	1.9824173e+03	1.9621996e+03	1.9785597e+03	1.9713695e+03	1.9777915e+03	1.9609269e+03	1.9864186e+03	1.9957836e+03	1.9798642e+03	2.8629619e+03	1.9805527e+03	1.9797342e+03	1.9766448e+03	1.9744249e+03	1.9757535e+03	1.9800241e+03	1.9686287e+03
1.9760480e+03	2.0357871e+03	1.9773067e+03	1.9669028e+03	1.9805720e+03	1.9858093e+03	2.0094698e+03	1.9927761e+03	1.9824173e+03	1.9621996e+03	1.9785597e+03	1.9713695e+03	1.9777915e+03	1.9609269e+03	1.9864186e+03	1.9957836e+03	1.9796609e+03	2.8629619e+03	1.9805527e+03	1.9797342e+03	1.9766448e+03	1.9744249e+03	1.9757535e+03	1.9800241e+03	1.9662664e+03
1.9760480e+03	2.0357871e+03	1.9773067e+03	1.9669028e+03	1.9802721e+03	1.9858093e+03	2.0094698e+03	1.9927761e+03	1.9802943e+03	1.9621996e+03	1.9785597e+03	1.9712074e+03	1.9777915e+03	1.9609269e+03	1.9864186e+03	1.9957836e+03	1.9796609e+03	2.8629619e+03	1.9805527e+03	1.9784199e+03	1.9766448e+03	1.9744249e+03	1.9757535e+03	1.9800241e+03	1.9662664e+03
1.9760480e+03	2.0357871e+03	1.9773067e+03	1.9647144e+03	1.9802721e+03	1.9858093e+03	2.0094698e+03	1.9927761e+03	1.9802943e+03	1.9621996e+03	1.9785597e+03	1.9712074e+03	1.9777915e+03	1.9609269e+03	1.9849722e+03	1.9930197e+03	1.9796609e+03	2.8629619e+03	1.9805068e+03	1.9784199e+03	1.9766448e+03	1.9744249e+03	1.9757535e+03	1.9800241e+03	1.9662664e+03
1.9760480e+03	2.0357871e+03	1.9773067e+03	1.9647144e+03	1.9782439e+03	1.9858093e+03	2.0091904e+03	1.9927761e+03	1.9795923e+03	1.9621996e+03	1.9783504e+03	1.9697330e+03	1.9777915e+03	1.9604837e+03	1.9849722e+03	1.9930197e+03	1.9796609e+03	2.8629619e+03	1.9805068e+03	1.9784199e+03	1.9758665e+03	1.9744249e+03	1.9753148e+03	1.9800241e+03	1.9662664e+03
1.9760480e+03	2.0357871e+03	1.9773067e+03	1.9600710e+03	1.9782439e+03	1.9858093e+03	2.0091904e+03	1.9927761e+03	1.9795923e+03	1.9618955e+03	1.9780083e+03	1.9697330e+03	1.9777915e+03	1.9604837e+03	1.9849722e+03	1.9930197e+03	1.9781607e+03	2.8629619e+03	1.9805068e+03	1.9784199e+03	1.9758665e+03	1.9744249e+03	1.9753148e+03	1.9800241e+03	1.9662664e+03
1.9760480e+03	2.0349693e+03	1.9773067e+03	1.9600710e+03	1.9782439e+03	1.9851787e+03	2.0079300e+03	1.9927761e+03	1.9795923e+03	1.9618955e+03	1.9777847e+03	1.9687183e+03	1.9777915e+03	1.9604837e+03	1.9849722e+03	1.9930197e+03	1.9773679e+03	2.8629619e+03	1.9805068e+03	1.9782069e+03	1.9758665e+03	1.9744249e+03	1.9753148e+03	1.9797704e+03	1.9662664e+03
1.9758602e+03	2.0349693e+03	1.9773067e+03	1.9600710e+03	1.9782439e+03	1.9851787e+03	2.0079300e+03	1.9913877e+03	1.9795923e+03	1.9613194e+03	1.9777847e+03	1.9673823e+03	1.9777915e+03	1.9604837e+03	1.9835800e+03	1.9930197e+03	1.9773679e+03	2.8629619e+03	1.9797755e+03	1.9782069e+03	1.9758665e+03	1.9744249e+03	1.9753148e+03	1.9797704e+03	1.9662664e+03
1.9756026e+03	2.0301106e+03	1.9769726e+03	1.9600710e+03	1.9782439e+03	1.9851787e+03	2.0072339e+03	1.9913877e+03	1.9795923e+03	1.9613194e+03	1.9777847e+03	1.9673823e+03	1.9774288e+03	1.9604837e+03	1.9831706e+03	1.9930197e+03	1.9773679e+03	2.8629619e+03	1.9789451e+03	1.9782069e+03	1.9758665e+03	1.9744249e+03	1.9753148e+03	1.9797704e+03	1.9662664e+03
1.9756026e+03	2.0289951e+03	1.9769726e+03	1.9600710e+03	1.9782439e+03	1.9849951e+03	2.0063117e+03	1.9913877e+03	1.9795923e+03	1.9610184e+03	1.9777847e+03	1.9673823e+03	1.9774288e+03	1.9604837e+03	1.9831706e+03	1.9930197e+03	1.9773679e+03	2.8629619e+03	1.9778946e+03	1.9782069e+03	1.9757260e+03	1.9744249e+03	1.9753148e+03	1.9794799e+03	1.9662664e+03
1.9756026e+03	2.0289951e+03	1.9769726e+03	1.9600710e+03	1.9782439e+03	1.9849951e+03	2.0063117e+03	1.9913877e+03	1.9795923e+03	1.9610184e+03	1.9777847e+03	1.9673823e+03	1.9774288e+03	1.9604837e+03	1.9831706e+03	1.9916000e+03	1.9773679e+03	2.8629619e+03	1.9778946e+03	1.9775245e+03	1.9757260e+03	1.9744249e+03	1.9749992e+03	1.9794799e+03	1.9656664e+03
1.9752914e+03	2.0289951e+03	1.9764408e+03	1.9592548e+03	1.9782439e+03	1.9849951e+03	2.0059022e+03	1.9913877e+03	1.9795923e+03	1.9610184e+03	1.9777574e+03	1.9672131e+03	1.9774288e+03	1.9604837e+03	1.9831706e+03	1.9871417e+03	1.9773679e+03	2.8629619e+03	1.9778946e+03	1.9774937e+03	1.9752975e+03	1.9744249e+03	1.9749992e+03	1.9794799e+03	1.9656664e+03
1.9749418e+03	2.0261892e+03	1.9762638e+03	1.9592129e+03	1.9782439e+03	1.9849951e+03	2.0049414e+03	1.9912036e+03	1.9795870e+03	1.9610184e+03	1.9773617e+03	1.9672131e+03	1.9774288e+03	1.9604837e+03	1.9831706e+03	1.9871417e+03	1.9773679e+03	2.8629619e+03	1.9778946e+03	1.9763217e+03	1.9752975e+03	1.9744249e+03	1.9749992e+03	1.9794799e+03	1.9656664e+03
1.9749418e+03	2.0169994e+03	1.9762638e+03	1.9589476e+03	1.9782439e+03	1.9849951e+03	1.9979789e+03	1.9880972e+03	1.9789729e+03	1.9606363e+03	1.9773617e+03	1.9672131e+03	1.9774288e+03	1.9604395e+03	1.9823338e+03	1.9871417e+03	1.9773679e+03	2.8629619e+03	1.9778946e+03	1.9763217e+03	1.9745591e+03	1.9744249e+03	1.9749992e+03	1.9794799e+03	1.9656664e+03
1.9749418e+03	2.0169994e+03	1.9762638e+03	1.9589476e+03	1.9778879e+03	1.9849822e+03	1.9979789e+03	1.9880972e+03	1.9789729e+03	1.9606363e+03	1.9770813e+03	1.9672131e+03	1.9774288e+03	1.9604395e+03	1.9820458e+03	1.9871417e+03	1.9767431e+03	2.8629619e+03	1.9778946e+03	1.9763217e+03	1.9745591e+03	1.9744249e+03	1.9747984e+03	1.9794799e+03	1.9656270e+03
1.9749418e+03	2.0169994e+03	1.9762638e+03	1.9573799e+03	1.9766605e+03	1.9843635e+03	1.9967539e+03	1.9880972e+03	1.9789729e+03	1.9606363e+03	1.9770813e+03	1.9672131e+03	1.9774288e+03	1.9604395e+03	1.9820458e+03	1.9871417e+03	1.9767431e+03	2.8629619e+03	1.9778946e+03	1.9763217e+03	1.9745591e+03	1.9744249e+03	1.9747984e+03	1.9794799e+03	1.9656270e+03
1.9749418e+03	2.0169994e+03	1.9762638e+03	1.9551806e+03	1.9766605e+03	1.9843635e+03	1.9957417e+03	1.9876834e+03	1.9789729e+03	1.9606363e+03	1.9770813e+03	1.9672131e+03	1.9773347e+03	1.9604395e+03	1.9805945e+03	1.9871417e+03	1.9767431e+03	2.8629619e+03	1.9772574e+03	1.9760256e+03	1.9745591e+03	1.9743728e+03	1.9747984e+03	1.9794799e+03	1.9656270e+03
1.9749418e+03	2.0169994e+03	1.9762638e+03	1.9551806e+03	1.9766605e+03	1.9830952e+03	1.9957417e+03	1.9846627e+03	1.9789729e+03	1.9606363e+03	1.9759953e+03	1.9672131e+03	1.9773347e+03	1.9604395e+03	1.9805945e+03	1.9871417e+03	1.9767431e+03	2.8629619e+03	1.9772574e+03	1.9760256e+03	1.9745591e+03	1.9739807e+03	1.9747984e+03	1.9794799e+03	1.9636591e+03
1.9749418e+03	2.0136633e+03	1.9762638e+03	1.9551806e+03	1.9766605e+03	1.9830952e+03	1.9915718e+03	1.9846627e+03	1.9789729e+03	1.9606363e+03	1.9759953e+03	1.9672131e+03	1.9773347e+03	1.9595842e+03	1.9805945e+03	1.9871417e+03	1.9767431e+03	2.8629619e+03	1.9772574e+03	1.9760256e+03	1.9741988e+03	1.9739807e+03	1.9747984e+03	1.9794799e+03	1.9636591e+03
1.9744996e+03	2.0136633e+03	1.9762638e+03	1.9551806e+03	1.9766605e+03	1.9830952e+03	1.9899458e+03	1.9846627e+03	1.9781420e+03	1.9598436e+03	1.9759953e+03	1.9672131e+03	1.9768631e+03	1.9595842e+03	1.9805945e+03	1.9871417e+03	1.9767431e+03	2.8629619e+03	1.9760807e+03	1.9760256e+03	1.9741988e+03	1.9739807e+03	1.9747984e+03	1.9794799e+03	1.9636591e+03
1.9744996e+03	2.0136633e+03	1.9762638e+03	1.9533420e+03	1.9766605e+03	1.9830952e+03	1.9899458e+03	1.9846627e+03	1.9778025e+03	1.9598436e+03	1.9759953e+03	1.9671022e+03	1.9764969e+03	1.9595842e+03	1.9805945e+03	1.9871417e+03	1.9767431e+03	2.8629619e+03	1.9760807e+03	1.9760256e+03	1.9741988e+03	1.9739807e+03	1.9747984e+03	1.9794799e+03	1.9636591e+03
1.9744996e+03	2.0105594e+03	1.9762638e+03	1.9533420e+03	1.9766605e+03	1.9828900e+03	1.9899458e+03	1.9846627e+03	1.9778025e+03	1.9598436e+03	1.9759953e+03	1.9661166e+03	1.9764969e+03	1.9595842e+03	1.9805945e+03	1.9871417e+03	1.9767431e+03	2.8629619e+03	1.9760807e+03	1.9760256e+03	1.9741988e+03	1.9739807e+03	1.9747984e+03	1.9794799e+03	1.9636591e+03
1.9744996e+03	2.0102720e+03	1.9762638e+03	1.9533420e+03	1.9766605e+03	1.9821528e+03	1.9899458e+03	1.9846627e+03	1.9773579e+03	1.9590976e+03	1.9749625e+03	1.9657859e+03	1.9759039e+03	1.9595842e+03	1.9802164e+03	1.9871417e+03	1.9764825e+03	2.8629619e+03	1.9760807e+03	1.9757985e+03	1.9741988e+03	1.9739807e+03	1.9747984e+03	1.9794799e+03	1.9636591e+03
1.9744996e+03	1.9978455e+03	1.9762638e+03	1.9533420e+03	1.9766605e+03	1.9813651e+03	1.9899458e+03	1.9846627e+03	1.9773579e+03	1.9590976e+03	1.9749625e+03	1.9657859e+03	1.9759039e+03	1.9595842e+03	1.9802164e+03	1.9871417e+03	1.9764825e+03	2.8629619e+03	1.9760807e+03	1.9757985e+03	1.9741988e+03	1.9739807e+03	1.9747984e+03	1.9794799e+03	1.9636591e+03
1.9744996e+03	1.9978455e+03	1.9762638e+03	1.9533420e+03	1.9766605e+03	1.9813651e+03	1.9899458e+03	1.9846627e+03	1.9773579e+03	1.9590976e+03	1.9749625e+03	1.9657859e+03	1.9759039e+03	1.9595842e+03	1.9784891e+03	1.9871417e+03	1.9764825e+03	2.8629619e+03	1.9760807e+03	1.9757985e+03	1.9741988e+03	1.9739807e+03	1.9741162e+03	1.9794799e+03	1.9635776e+03
1.9744996e+03	1.9978455e+03	1.9762638e+03	1.9533420e+03	1.9766605e+03	1.9809536e+03	1.9899458e+03	1.9846627e+03	1.9773579e+03	1.9590976e+03	1.9749625e+03	1.9657859e+03	1.9750924e+03	1.9595842e+03	1.9784891e+03	1.9871417e+03	1.9762717e+03	2.8629619e+03	1.9760807e+03	1.9757985e+03	1.9741988e+03	1.9739807e+03	1.9741162e+03	1.9794799e+03	1.9624166e+03
1.9743929e+03	1.9978455e+03	1.9762638e+03	1.9519181e+03	1.9766605e+03	1.9807919e+03	1.9899458e+03	1.9846627e+03	1.9773579e+03	1.9590976e+03	1.9749625e+03	1.9657859e+03	1.9749911e+03	1.9589563e+03	1.9784891e+03	1.9871417e+03	1.9762483e+03	2.8629619e+03	1.9754000e+03	1.9757985e+03	1.9741988e+03	1.9739807e+03	1.9741162e+03	1.9794799e+03	1.9624166e+03
1.9743929e+03	1.9978455e+03	1.9758830e+03	1.9504537e+03	1.9766605e+03	1.9807919e+03	1.9899458e+03	1.9846627e+03	1.9773579e+03	1.9590976e+03	1.9749625e+03	1.9655067e+03	1.9749911e+03	1.9587933e+03	1.9784891e+03	1.9859105e+03	1.9752925e+03	2.8629619e+03	1.9754000e+03	1.9754546e+03	1.9741988e+03	1.9735920e+03	1.9738482e+03	1.9794799e+03	1.9624166e+03
1.9743929e+03	1.9978455e+03	1.9758830e+03	1.9504537e+03	1.9766605e+03	1.9798238e+03	1.9899458e+03	1.9821282e+03	1.9773579e+03	1.9590976e+03	1.9749625e+03	1.9655067e+03	1.9749911e+03	1.9587933e+03	1.9784891e+03	1.9859105e+03	1.9752925e+03	2.8629619e+03	1.9754000e+03	1.9754546e+03	1.9741988e+03	1.9735920e+03	1.9738482e+03	1.9794799e+03	1.9624166e+03
1.9743929e+03	1.9976045e+03	1.9758830e+03	1.9504537e+03	1.9766605e+03	1.9788975e+03	1.9899458e+03	1.9821282e+03	1.9773579e+03	1.9590976e+03	1.9749625e+03	1.9655067e+03	1.9749911e+03	1.9587933e+03	1.9779571e+03	1.9859105e+03	1.9752925e+03	2.8629619e+03	1.9754000e+03	1.9747904e+03	1.9739603e+03	1.9731220e+03	1.9738482e+03	1.9794799e+03	1.9624166e+03
1.9742388e+03	1.9973984e+03	1.9758830e+03	1.9504537e+03	1.9766605e+03	1.9788975e+03	1.9899458e+03	1.9821282e+03	1.9772627e+03	1.9590976e+03	1.9749625e+03	1.9655067e+03	1.9749911e+03	1.9587933e+03	1.9779571e+03	1.9859105e+03	1.9752925e+03	2.8629619e+03	1.9754000e+03	1.9747904e+03	1.9739603e+03	1.9731220e+03	1.9738482e+03	1.9794799e+03	1.9624166e+03
1.9738515e+03	1.9973984e+03	1.9758830e+03	1.9504537e+03	1.9766605e+03	1.9788975e+03	1.9888427e+03	1.9821282e+03	1.9772627e+03	1.9590976e+03	1.9749625e+03	1.9655067e+03	1.9749911e+03	1.9587933e+03	1.9777279e+03	1.9859105e+03	1.9752925e+03	2.8629619e+03	1.9754000e+03	1.9740637e+03	1.9739603e+03	1.9728452e+03	1.9738482e+03	1.9794799e+03	1.9616885e+03
1.9738515e+03	1.9973984e+03	1.9758830e+03	1.9504537e+03	1.9755255e+03	1.9788975e+03	1.9888427e+03	1.9821282e+03	1.9772627e+03	1.9590976e+03	1.9749625e+03	1.9655067e+03	1.9749911e+03	1.9587933e+03	1.9777279e+03	1.9857712e+03	1.9752925e+03	2.8629619e+03	1.9754000e+03	1.9740637e+03	1.9739603e+03	1.9728452e+03	1.9738482e+03	1.9793591e+03	1.9616885e+03
1.9738515e+03	1.9936181e+03	1.9758830e+03	1.9504537e+03	1.9755255e+03	1.9788975e+03	1.9888427e+03	1.9821282e+03	1.9772627e+03	1.9590976e+03	1.9749625e+03	1.9655067e+03	1.9749911e+03	1.9587933e+03	1.9777279e+03	1.9835065e+03	1.9752925e+03	2.8629619e+03	1.9754000e+03	1.9740637e+03	1.9733951e+03	1.9728452e+03	1.9738482e+03	1.9779810e+03	1.9616885e+03
1.9738515e+03	1.9936181e+03	1.9758830e+03	1.9504537e+03	1.9755255e+03	1.9788975e+03	1.9882454e+03	1.9816643e+03	1.9772627e+03	1.9590976e+03	1.9749625e+03	1.9655067e+03	1.9749911e+03	1.9587933e+03	1.9777279e+03	1.9835065e+03	1.9752925e+03	2.8629619e+03	1.9754000e+03	1.9740637e+03	1.9733951e+03	1.9728452e+03	1.9738482e+03	1.9779810e+03	1.9616885e+03
1.9738515e+03	1.9936181e+03	1.9758830e+03	1.9504537e+03	1.9755255e+03	1.9787257e+03	1.9882454e+03	1.9816643e+03	1.9772627e+03	1.9590976e+03	1.9745306e+03	1.9649370e+03	1.9741530e+03	1.9587933e+03	1.9764947e+03	1.9835065e+03	1.9746797e+03	2.8629619e+03	1.9754000e+03	1.9740637e+03	1.9733951e+03	1.9728452e+03	1.9738482e+03	1.9779810e+03	1.9616885e+03
1.9738515e+03	1.9936181e+03	1.9758830e+03	1.9504537e+03	1.9755255e+03	1.9787257e+03	1.9868810e+03	1.9816643e+03	1.9772627e+03	1.9590976e+03	1.9745306e+03	1.9640115e+03	1.9741530e+03	1.9587933e+03	1.9764947e+03	1.9813521e+03	1.9746797e+03	2.8629619e+03	1.9751570e+03	1.9740637e+03	1.9733951e+03	1.9728452e+03	1.9738482e+03	1.9766303e+03	1.9616885e+03
1.9738515e+03	1.9904245e+03	1.9758830e+03	1.9504537e+03	1.9755255e+03	1.9787257e+03	1.9868810e+03	1.9816643e+03	1.9772627e+03	1.9590976e+03	1.9744981e+03	1.9640115e+03	1.9741530e+03	1.9587933e+03	1.9763651e+03	1.9813521e+03	1.9746797e+03	2.8629619e+03	1.9750397e+03	1.9740637e+03	1.9733951e+03	1.9728452e+03	1.9738482e+03	1.9766303e+03	1.9616885e+03
1.9737529e+03	1.9904245e+03	1.9758830e+03	1.9504537e+03	1.9755255e+03	1.9781397e+03	1.9868810e+03	1.9816643e+03	1.9772442e+03	1.9590976e+03	1.9744981e+03	1.9640115e+03	1.9741530e+03	1.9587933e+03	1.9763651e+03	1.9813521e+03	1.9746797e+03	2.8629619e+03	1.9750397e+03	1.9740637e+03	1.9733951e+03	1.9728452e+03	1.9738482e+03	1.9766303e+03	1.9616885e+03
1.9737529e+03	1.9896182e+03	1.9758830e+03	1.9504537e+03	1.9755255e+03	1.9781397e+03	1.9867968e+03	1.9816643e+03	1.9759959e+03	1.9590976e+03	1.9744981e+03	1.9637425e+03	1.9741530e+03	1.9587933e+03	1.9763651e+03	1.9812175e+03	1.9742672e+03	2.8629619e+03	1.9750397e+03	1.9740637e+03	1.9733951e+03	1.9728452e+03	1.9738482e+03	1.9766303e+03	1.9616885e+03
1.9737529e+03	1.9896182e+03	1.9758830e+03	1.9504537e+03	1.9755255e+03	1.9775416e+03	1.9867968e+03	1.9808959e+03	1.9759959e+03	1.9590976e+03	1.9744981e+03	1.9637425e+03	1.9741530e+03	1.9587933e+03	1.9763651e+03	1.9812175e+03	1.9742672e+03	2.8629619e+03	1.9750397e+03	1.9740637e+03	1.9733951e+03	1.9728452e+03	1.9738482e+03	1.9764608e+03	1.9616885e+03
1.9737529e+03	1.9888976e+03	1.9758830e+03	1.9497408e+03	1.9753503e+03	1.9775416e+03	1.9858094e+03	1.9808959e+03	1.9759959e+03	1.9589702e+03	1.9744981e+03	1.9637425e+03	1.9736869e+03	1.9587933e+03	1.9763651e+03	1.9812175e+03	1.9738096e+03	2.8629619e+03	1.9750397e+03	1.9740637e+03	1.9733951e+03	1.9728452e+03	1.9738482e+03	1.9764608e+03	1.9616885e+03
1.9735185e+03	1.9888976e+03	1.9758830e+03	1.9497408e+03	1.9753503e+03	1.9770513e+03	1.9858094e+03	1.9808959e+03	1.9759959e+03	1.9589702e+03	1.9744981e+03	1.9637425e+03	1.9726491e+03	1.9587933e+03	1.9763651e+03	1.9812175e+03	1.9738096e+03	2.8629619e+03	1.9750397e+03	1.9740637e+03	1.9729459e+03	1.9728452e+03	1.9738482e+03	1.9764608e+03	1.9616885e+03
1.9735185e+03	1.9887495e+03	1.9752627e+03	1.9486220e+03	1.9753503e+03	1.9770513e+03	1.9855707e+03	1.9808959e+03	1.9759959e+03	1.9589702e+03	1.9744981e+03	1.9637425e+03	1.9726491e+03	1.9587933e+03	1.9763587e+03	1.9812175e+03	1.9738096e+03	2.8629619e+03	1.9750397e+03	1.9740637e+03	1.9729459e+03	1.9728452e+03	1.9738482e+03	1.9764608e+03	1.9616885e+03
1.9734878e+03	1.9871236e+03	1.9752627e+03	1.9486220e+03	1.9753503e+03	1.9765992e+03	1.9855707e+03	1.9801086e+03	1.9759959e+03	1.9589702e+03	1.9744981e+03	1.9637425e+03	1.9726491e+03	1.9587933e+03	1.9763181e+03	1.9812175e+03	1.9738096e+03	2.8629619e+03	1.9750397e+03	1.9740637e+03	1.9729459e+03	1.9728452e+03	1.9738482e+03	1.9764608e+03	1.9616885e+03
1.9734878e+03	1.9861743e+03	1.9752627e+03	1.9486220e+03	1.9753503e+03	1.9765992e+03	1.9840353e+03	1.9799637e+03	1.9759959e+03	1.9589702e+03	1.9744981e+03	1.9637425e+03	1.9726491e+03	1.9587933e+03	1.9757676e+03	1.9812175e+03	1.9738096e+03	2.8629619e+03	1.9750397e+03	1.9740637e+03	1.9729459e+03	1.9728452e+03	1.9738482e+03	1.9764608e+03	1.9607222e+03
1.9734878e+03	1.9860197e+03	1.9752627e+03	1.9486220e+03	1.9753503e+03	1.9765992e+03	1.9840353e+03	1.9799637e+03	1.9758532e+03	1.9589702e+03	1.9744981e+03	1.9637425e+03	1.9726491e+03	1.9587933e+03	1.9757676e+03	1.9803292e+03	1.9738096e+03	2.8629619e+03	1.9750397e+03	1.9740637e+03	1.9729459e+03	1.9725271e+03	1.9738482e+03	1.9764608e+03	1.9607222e+03
1.9734878e+03	1.9858256e+03	1.9752627e+03	1.9486220e+03	1.9750356e+03	1.9765992e+03	1.9840353e+03	1.9786786e+03	1.9758532e+03	1.9578011e+03	1.9744981e+03	1.9618101e+03	1.9726491e+03	1.9587529e+03	1.9753119e+03	1.9792991e+03	1.9738096e+03	2.8629619e+03	1.9742654e+03	1.9738792e+03	1.9729459e+03	1.9725271e+03	1.9738482e+03	1.9764608e+03	1.9607222e+03
1.9734878e+03	1.9845627e+03	1.9752627e+03	1.9486220e+03	1.9750356e+03	1.9758758e+03	1.9840353e+03	1.9786786e+03	1.9758532e+03	1.9578011e+03	1.9744486e+03	1.9618101e+03	1.9726491e+03	1.9587529e+03	1.9753119e+03	1.9791068e+03	1.9738096e+03	2.8629619e+03	1.9742654e+03	1.9738792e+03	1.9729459e+03	1.9725271e+03	1.9736991e+03	1.9762586e+03	1.9607222e+03
1.9734878e+03	1.9845627e+03	1.9752627e+03	1.9482872e+03	1.9750356e+03	1.9758758e+03	1.9807037e+03	1.9786786e+03	1.9758532e+03	1.9578011e+03	1.9744486e+03	1.9618101e+03	1.9726491e+03	1.9587529e+03	1.9753119e+03	1.9791068e+03	1.9738096e+03	2.8629619e+03	1.9742654e+03	1.9738792e+03	1.9729459e+03	1.9725271e+03	1.9736991e+03	1.9762586e+03	1.9607222e+03
1.9734878e+03	1.9839870e+03	1.9752627e+03	1.9482872e+03	1.9750356e+03	1.9758758e+03	1.9807037e+03	1.9786786e+03	1.9756593e+03	1.9578011e+03	1.9744486e+03	1.9618101e+03	1.9726491e+03	1.9587529e+03	1.9753119e+03	1.9791068e+03	1.9738096e+03	2.8629619e+03	1.9740437e+03	1.9738792e+03	1.9729459e+03	1.9725271e+03	1.9736991e+03	1.9762586e+03	1.9607222e+03
1.9734878e+03	1.9839870e+03	1.9752627e+03	1.9482872e+03	1.9750356e+03	1.9758758e+03	1.9807037e+03	1.9786279e+03	1.9756593e+03	1.9578011e+03	1.9744486e+03	1.9618101e+03	1.9726491e+03	1.9587529e+03	1.9753119e+03	1.9791068e+03	1.9738096e+03	2.8629619e+03	1.9740437e+03	1.9738792e+03	1.9729459e+03	1.9725271e+03	1.9736991e+03	1.9762586e+03	1.9607222e+03
1.9734347e+03	1.9839870e+03	1.9752627e+03	1.9482872e+03	1.9750356e+03	1.9758758e+03	1.9807037e+03	1.9785260e+03	1.9747619e+03	1.9578011e+03	1.9744486e+03	1.9618101e+03	1.9726491e+03	1.9587529e+03	1.9753119e+03	1.9791068e+03	1.9738096e+03	2.8629619e+03	1.9740437e+03	1.9738792e+03	1.9729459e+03	1.9725271e+03	1.9736991e+03	1.9762586e+03	1.9607222e+03
1.9734347e+03	1.9839870e+03	1.9752627e+03	1.9482872e+03	1.9750356e+03	1.9758758e+03	1.9807037e+03	1.9777895e+03	1.9747619e+03	1.9578011e+03	1.9744486e+03	1.9615273e+03	1.9726491e+03	1.9587529e+03	1.9753119e+03	1.9790030e+03	1.9738096e+03	2.8629619e+03	1.9740437e+03	1.9738792e+03	1.9729459e+03	1.9725271e+03	1.9736991e+03	1.9762586e+03	1.9607222e+03
1.9734347e+03	1.9839870e+03	1.9752627e+03	1.9477659e+03	1.9750356e+03	1.9758758e+03	1.9807037e+03	1.9777895e+03	1.9747619e+03	1.9578011e+03	1.9744486e+03	1.9615273e+03	1.9726491e+03	1.9587529e+03	1.9749153e+03	1.9790030e+03	1.9738096e+03	2.8629619e+03	1.9726981e+03	1.9738792e+03	1.9729459e+03	1.9725271e+03	1.9736991e+03	1.9762586e+03	1.9607222e+03
1.9734114e+03	1.9831370e+03	1.9752627e+03	1.9477659e+03	1.9750356e+03	1.9758758e+03	1.9807037e+03	1.9777895e+03	1.9747619e+03	1.9578011e+03	1.9741594e+03	1.9615273e+03	1.9726491e+03	1.9587529e+03	1.9749153e+03	1.9790030e+03	1.9738096e+03	2.8629619e+03	1.9726981e+03	1.9738792e+03	1.9729459e+03	1.9725271e+03	1.9736991e+03	1.9757495e+03	1.9607222e+03
1.9734114e+03	1.9831370e+03	1.9752627e+03	1.9477659e+03	1.9749890e+03	1.9758758e+03	1.9797269e+03	1.9777895e+03	1.9747619e+03	1.9578011e+03	1.9741594e+03	1.9615273e+03	1.9726491e+03	1.9587529e+03	1.9749153e+03	1.9778012e+03	1.9738096e+03	2.8629619e+03	1.9726981e+03	1.9738792e+03	1.9728160e+03	1.9725271e+03	1.9730291e+03	1.9757495e+03	1.9607222e+03
1.9734114e+03	1.9812790e+03	1.9752627e+03	1.9477659e+03	1.9749890e+03	1.9755727e+03	1.9797269e+03	1.9772412e+03	1.9747619e+03	1.9578011e+03	1.9739377e+03	1.9615273e+03	1.9726491e+03	1.9587529e+03	1.9749153e+03	1.9778012e+03	1.9738096e+03	2.8629619e+03	1.9726981e+03	1.9738792e+03	1.9728160e+03	1.9725271e+03	1.9730291e+03	1.9757495e+03	1.9607222e+03
1.9734114e+03	1.9812790e+03	1.9752627e+03	1.9477659e+03	1.9744610e+03	1.9755727e+03	1.9797269e+03	1.9772412e+03	1.9747619e+03	1.9578011e+03	1.9739377e+03	1.9615273e+03	1.9726491e+03	1.9587279e+03	1.9749153e+03	1.9778012e+03	1.9738096e+03	2.8629619e+03	1.9726981e+03	1.9738792e+03	1.9728160e+03	1.9723933e+03	1.9730291e+03	1.9757495e+03	1.9607222e+03
1.9732751e+03	1.9812790e+03	1.9752627e+03	1.9477659e+03	1.9744610e+03	1.9755727e+03	1.9788852e+03	1.9772412e+03	1.9747619e+03	1.9578011e+03	1.9739377e+03	1.9615273e+03	1.9726491e+03	1.9583516e+03	1.9749153e+03	1.9776477e+03	1.9738096e+03	2.8629619e+03	1.9726981e+03	1.9738792e+03	1.9728160e+03	1.9723933e+03	1.9730291e+03	1.9757495e+03	1.9607222e+03
1.9732751e+03	1.9812790e+03	1.9752627e+03	1.9477659e+03	1.9744610e+03	1.9755727e+03	1.9788852e+03	1.9758395e+03	1.9747619e+03	1.9578011e+03	1.9739377e+03	1.9615273e+03	1.9726491e+03	1.9583516e+03	1.9743222e+03	1.9776477e+03	1.9738096e+03	2.8629619e+03	1.9726981e+03	1.9738792e+03	1.9728160e+03	1.9723933e+03	1.9730291e+03	1.9757495e+03	1.9607222e+03
1.9732751e+03	1.9800442e+03	1.9752627e+03	1.9477567e+03	1.9744610e+03	1.9754569e+03	1.9788852e+03	1.9758395e+03	1.9747619e+03	1.9578011e+03	1.9739377e+03	1.9615273e+03	1.9726491e+03	1.9583516e+03	1.9743222e+03	1.9776477e+03	1.9738096e+03	2.8629619e+03	1.9726981e+03	1.9738792e+03	1.9728160e+03	1.9723933e+03	1.9730291e+03	1.9757495e+03	1.9605223e+03
1.9732751e+03	1.9800442e+03	1.9752627e+03	1.9477567e+03	1.9734577e+03	1.9751293e+03	1.9788852e+03	1.9758395e+03	1.9745505e+03	1.9578011e+03	1.9739377e+03	1.9615273e+03	1.9726491e+03	1.9583516e+03	1.9743222e+03	1.9776477e+03	1.9733830e+03	2.8629619e+03	1.9726981e+03	1.9738792e+03	1.9728160e+03	1.9723933e+03	1.9730291e+03	1.9757495e+03	1.9593883e+03
1.9731718e+03	1.9800442e+03	1.9752627e+03	1.9477567e+03	1.9734577e+03	1.9751293e+03	1.9788198e+03	1.9758395e+03	1.9743848e+03	1.9578011e+03	1.9739377e+03	1.9615273e+03	1.9726478e+03	1.9583516e+03	1.9743222e+03	1.9776477e+03	1.9733830e+03	2.8629619e+03	1.9726981e+03	1.9738792e+03	1.9728160e+03	1.9723933e+03	1.9730291e+03	1.9757495e+03	1.9593883e+03
1.9731718e+03	1.9800442e+03	1.9752627e+03	1.9473935e+03	1.9734577e+03	1.9751293e+03	1.9780232e+03	1.9758395e+03	1.9743848e+03	1.9578011e+03	1.9739377e+03	1.9615273e+03	1.9726478e+03	1.9583478e+03	1.9740169e+03	1.9767801e+03	1.9733830e+03	2.8629619e+03	1.9726981e+03	1.9735869e+03	1.9728160e+03	1.9723933e+03	1.9730291e+03	1.9757495e+03	1.9593883e+03
1.9731718e+03	1.9800442e+03	1.9751649e+03	1.9465135e+03	1.9734577e+03	1.9747982e+03	1.9780232e+03	1.9758395e+03	1.9743848e+03	1.9578011e+03	1.9739377e+03	1.9609373e+03	1.9726478e+03	1.9583478e+03	1.9740169e+03	1.9767801e+03	1.9733830e+03	2.8629619e+03	1.9726981e+03	1.9735869e+03	1.9728160e+03	1.9723933e+03	1.9730291e+03	1.9750631e+03	1.9593883e+03
1.9731718e+03	1.9800442e+03	1.9751649e+03	1.9465135e+03	1.9734577e+03	1.9747982e+03	1.9778220e+03	1.9758395e+03	1.9743848e+03	1.9578011e+03	1.9739377e+03	1.9609373e+03	1.9726478e+03	1.9583478e+03	1.9740169e+03	1.9767293e+03	1.9733830e+03	2.8629619e+03	1.9726981e+03	1.9735869e+03	1.9728160e+03	1.9723057e+03	1.9730291e+03	1.9750631e+03	1.9593883e+03
1.9731718e+03	1.9800442e+03	1.9751649e+03	1.9465135e+03	1.9734577e+03	1.9746084e+03	1.9778220e+03	1.9758395e+03	1.9737399e+03	1.9578011e+03	1.9735967e+03	1.9609373e+03	1.9726478e+03	1.9583478e+03	1.9740169e+03	1.9767293e+03	1.9733830e+03	2.8629619e+03	1.9726981e+03	1.9735869e+03	1.9728160e+03	1.9723057e+03	1.9724332e+03	1.9750631e+03	1.9593883e+03
1.9731718e+03	1.9800442e+03	1.9751649e+03	1.9465135e+03	1.9734577e+03	1.9746084e+03	1.9768495e+03	1.9758395e+03	1.9737399e+03	1.9578011e+03	1.9735967e+03	1.9609373e+03	1.9726478e+03	1.9583478e+03	1.9740169e+03	1.9767293e+03	1.9733830e+03	2.8629619e+03	1.9726981e+03	1.9735869e+03	1.9728160e+03	1.9723057e+03	1.9724332e+03	1.9750631e+03	1.9593883e+03
1.9731718e+03	1.9800442e+03	1.9751649e+03	1.9465135e+03	1.9734577e+03	1.9746084e+03	1.9768495e+03	1.9755344e+03	1.9737399e+03	1.9578011e+03	1.9735967e+03	1.9608441e+03	1.9726478e+03	1.9583478e+03	1.9740169e+03	1.9767293e+03	1.9733830e+03	2.8629619e+03	1.9726981e+03	1.9735869e+03	1.9728160e+03	1.9723057e+03	1.9724332e+03	1.9750631e+03	1.9593883e+03
1.9731718e+03	1.9800442e+03	1.9751649e+03	1.9465135e+03	1.9733949e+03	1.9746084e+03	1.9768495e+03	1.9755344e+03	1.9737399e+03	1.9578011e+03	1.9735967e+03	1.9603511e+03	1.9726478e+03	1.9583478e+03	1.9740169e+03	1.9767293e+03	1.9733830e+03	2.8629619e+03	1.9726981e+03	1.9735869e+03	1.9728160e+03	1.9723057e+03	1.9724332e+03	1.9750631e+03	1.9593883e+03
1.9731718e+03	1.9800442e+03	1.9751649e+03	1.9465135e+03	1.9733949e+03	1.9746084e+03	1.9768495e+03	1.9755344e+03	1.9737399e+03	1.9578011e+03	1.9735967e+03	1.9603511e+03	1.9726478e+03	1.9583478e+03	1.9740169e+03	1.9767293e+03	1.9733830e+03	2.8629619e+03	1.9726981e+03	1.9735869e+03	1.9728160e+03	1.9722951e+03	1.9724332e+03	1.9750631e+03	1.9593678e+03
1.9731718e+03	1.9800442e+03	1.9751649e+03	1.9465135e+03	1.9733949e+03	1.9746084e+03	1.9768495e+03	1.9755344e+03	1.9737399e+03	1.9578011e+03	1.9735967e+03	1.9601556e+03	1.9726478e+03	1.9578689e+03	1.9740169e+03	1.9763083e+03	1.9733830e+03	2.8629619e+03	1.9726981e+03	1.9735869e+03	1.9728160e+03	1.9722951e+03	1.9724332e+03	1.9750631e+03	1.9593678e+03
1.9731718e+03	1.9798869e+03	1.9751649e+03	1.9465135e+03	1.9733949e+03	1.9746084e+03	1.9765074e+03	1.9755344e+03	1.9735780e+03	1.9578011e+03	1.9735582e+03	1.9601556e+03	1.9726478e+03	1.9578689e+03	1.9740169e+03	1.9763083e+03	1.9733830e+03	2.8629619e+03	1.9726981e+03	1.9735869e+03	1.9728160e+03	1.9722951e+03	1.9724332e+03	1.9750631e+03	1.9587857e+03
1.9731718e+03	1.9798869e+03	1.9751649e+03	1.9465135e+03	1.9733949e+03	1.9746084e+03	1.9765074e+03	1.9755344e+03	1.9735780e+03	1.9578011e+03	1.9735582e+03	1.9601556e+03	1.9726478e+03	1.9578689e+03	1.9740169e+03	1.9760979e+03	1.9733830e+03	2.8629619e+03	1.9726981e+03	1.9735869e+03	1.9728160e+03	1.9722951e+03	1.9724332e+03	1.9749459e+03	1.9587857e+03
1.9731718e+03	1.9795541e+03	1.9751649e+03	1.9457632e+03	1.9733949e+03	1.9744286e+03	1.9765074e+03	1.9755344e+03	1.9735780e+03	1.9578011e+03	1.9735582e+03	1.9601556e+03	1.9726478e+03	1.9578689e+03	1.9740169e+03	1.9760979e+03	1.9733830e+03	2.8629619e+03	1.9726981e+03	1.9733651e+03	1.9728160e+03	1.9722951e+03	1.9724332e+03	1.9742857e+03	1.9587857e+03
1.9731718e+03	1.9792468e+03	1.9751649e+03	1.9457632e+03	1.9733949e+03	1.9744286e+03	1.9765074e+03	1.9755344e+03	1.9735780e+03	1.9578011e+03	1.9735582e+03	1.9601556e+03	1.9726478e+03	1.9578689e+03	1.9740169e+03	1.9760979e+03	1.9733830e+03	2.8629619e+03	1.9726981e+03	1.9733651e+03	1.9728160e+03	1.9722951e+03	1.9724332e+03	1.9742857e+03	1.9587857e+03
1.9731718e+03	1.9785162e+03	1.9751649e+03	1.9457632e+03	1.9733949e+03	1.9744286e+03	1.9765074e+03	1.9755344e+03	1.9735780e+03	1.9578011e+03	1.9735582e+03	1.9601556e+03	1.9726478e+03	1.9578689e+03	1.9735673e+03	1.9760979e+03	1.9733830e+03	2.8629619e+03	1.9726981e+03	1.9733651e+03	1.9728160e+03	1.9721766e+03	1.9724332e+03	1.9742857e+03	1.9587857e+03
1.9731718e+03	1.9785162e+03	1.9751649e+03	1.9457632e+03	1.9733949e+03	1.9744286e+03	1.9765074e+03	1.9755344e+03	1.9735780e+03	1.9578011e+03	1.9735582e+03	1.9601556e+03	1.9726478e+03	1.9578689e+03	1.9735673e+03	1.9760979e+03	1.9733830e+03	2.8629619e+03	1.9726981e+03	1.9730862e+03	1.9728160e+03	1.9721766e+03	1.9724332e+03	1.9742857e+03	1.9587857e+03
1.9731718e+03	1.9782084e+03	1.9751649e+03	1.9457632e+03	1.9733949e+03	1.9744286e+03	1.9765074e+03	1.9755344e+03	1.9735780e+03	1.9578011e+03	1.9735582e+03	1.9601556e+03	1.9726478e+03	1.9575325e+03	1.9735673e+03	1.9760979e+03	1.9733830e+03	2.8629619e+03	1.9726981e+03	1.9730862e+03	1.9727014e+03	1.9721766e+03	1.9724332e+03	1.9742857e+03	1.9587857e+03
1.9731718e+03	1.9769896e+03	1.9751649e+03	1.9457632e+03	1.9733949e+03	1.9744286e+03	1.9765074e+03	1.9749940e+03	1.9735780e+03	1.9578011e+03	1.9735582e+03	1.9601556e+03	1.9726478e+03	1.9575325e+03	1.9735673e+03	1.9760979e+03	1.9733830e+03	2.8629619e+03	1.9726981e+03	1.9730862e+03	1.9727014e+03	1.9721766e+03	1.9724332e+03	1.9742857e+03	1.9587857e+03
1.9731718e+03	1.9769896e+03	1.9751649e+03	1.9457632e+03	1.9733949e+03	1.9744286e+03	1.9765074e+03	1.9749940e+03	1.9735780e+03	1.9578011e+03	1.9735582e+03	1.9600377e+03	1.9726349e+03	1.9575325e+03	1.9735673e+03	1.9758248e+03	1.9733830e+03	2.8629619e+03	1.9726981e+03	1.9730862e+03	1.9727014e+03	1.9721766e+03	1.9724332e+03	1.9742857e+03	1.9584687e+03
1.9731718e+03	1.9769896e+03	1.9751649e+03	1.9457632e+03	1.9729176e+03	1.9744286e+03	1.9765074e+03	1.9749940e+03	1.9735538e+03	1.9578011e+03	1.9735582e+03	1.9600377e+03	1.9726349e+03	1.9575325e+03	1.9735673e+03	1.9758248e+03	1.9731200e+03	2.8629619e+03	1.9726981e+03	1.9730862e+03	1.9727014e+03	1.9721766e+03	1.9724332e+03	1.9742857e+03	1.9584687e+03
1.9731718e+03	1.9769896e+03	1.9751649e+03	1.9457632e+03	1.9729176e+03	1.9740354e+03	1.9761792e+03	1.9749940e+03	1.9735538e+03	1.9578011e+03	1.9735582e+03	1.9600377e+03	1.9726349e+03	1.9575325e+03	1.9735673e+03	1.9758248e+03	1.9731200e+03	2.8629619e+03	1.9726981e+03	1.9730862e+03	1.9727014e+03	1.9721766e+03	1.9724332e+03	1.9742857e+03	1.9584687e+03
1.9731718e+03	1.9769896e+03	1.9751649e+03	1.9457632e+03	1.9729176e+03	1.9740354e+03	1.9761792e+03	1.9749940e+03	1.9735538e+03	1.9578011e+03	1.9735582e+03	1.9600377e+03	1.9726349e+03	1.9575325e+03	1.9735242e+03	1.9758248e+03	1.9731200e+03	2.8629619e+03	1.9726981e+03	1.9730862e+03	1.9727014e+03	1.9721766e+03	1.9724332e+03	1.9742857e+03	1.9584687e+03
1.9731718e+03	1.9769896e+03	1.9751649e+03	1.9457632e+03	1.9729176e+03	1.9740354e+03	1.9761792e+03	1.9749940e+03	1.9735538e+03	1.9578011e+03	1.9735582e+03	1.9600377e+03	1.9726349e+03	1.9575325e+03	1.9735242e+03	1.9757966e+03	1.9731200e+03	2.8629619e+03	1.9726981e+03	1.9730862e+03	1.9726719e+03	1.9721766e+03	1.9724332e+03	1.9742857e+03	1.9584687e+03
1.9731718e+03	1.9769896e+03	1.9751649e+03	1.9457632e+03	1.9729176e+03	1.9740354e+03	1.9761792e+03	1.9749940e+03	1.9735538e+03	1.9578011e+03	1.9735582e+03	1.9600377e+03	1.9726349e+03	1.9575325e+03	1.9735242e+03	1.9757966e+03	1.9727311e+03	2.8629619e+03	1.9726981e+03	1.9730862e+03	1.9726719e+03	1.9721622e+03	1.9724332e+03	1.9742857e+03	1.9584687e+03
1.9731718e+03	1.9769896e+03	1.9751649e+03	1.9457632e+03	1.9729176e+03	1.9740354e+03	1.9761792e+03	1.9749940e+03	1.9735538e+03	1.9578011e+03	1.9735582e+03	1.9600377e+03	1.9726349e+03	1.9575325e+03	1.9735242e+03	1.9745312e+03	1.9727311e+03	2.8629619e+03	1.9725826e+03	1.9730862e+03	1.9726719e+03	1.9721622e+03	1.9724332e+03	1.9742857e+03	1.9584687e+03
1.9731718e+03	1.9769896e+03	1.9751649e+03	1.9457632e+03	1.9729176e+03	1.9740354e+03	1.9761792e+03	1.9749940e+03	1.9735538e+03	1.9572004e+03	1.9735582e+03	1.9599547e+03	1.9726349e+03	1.9575325e+03	1.9735242e+03	1.9745312e+03	1.9727311e+03	2.8629619e+03	1.9725826e+03	1.9730862e+03	1.9726719e+03	1.9721622e+03	1.9724332e+03	1.9742857e+03	1.9584687e+03
1.9731718e+03	1.9769896e+03	1.9751649e+03	1.9457632e+03	1.9729176e+03	1.9740354e+03	1.9761792e+03	1.9749940e+03	1.9735538e+03	1.9572004e+03	1.9735582e+03	1.9599547e+03	1.9726349e+03	1.9575325e+03	1.9735242e+03	1.9745312e+03	1.9727311e+03	2.8629619e+03	1.9725816e+03	1.9730862e+03	1.9726719e+03	1.9721622e+03	1.9724332e+03	1.9742857e+03	1.9584687e+03
1.9731718e+03	1.9764357e+03	1.9751649e+03	1.9451169e+03	1.9729176e+03	1.9737849e+03	1.9761792e+03	1.9745946e+03	1.9735538e+03	1.9572004e+03	1.9735582e+03	1.9599547e+03	1.9726349e+03	1.9575325e+03	1.9735242e+03	1.9745312e+03	1.9727311e+03	2.8629619e+03	1.9725816e+03	1.9730862e+03	1.9723326e+03	1.9721622e+03	1.9724332e+03	1.9742857e+03	1.9584687e+03
1.9731718e+03	1.9764357e+03	1.9751649e+03	1.9450186e+03	1.9729176e+03	1.9737849e+03	1.9761792e+03	1.9745946e+03	1.9735538e+03	1.9572004e+03	1.9735582e+03	1.9599547e+03	1.9724191e+03	1.9575325e+03	1.9735242e+03	1.9745312e+03	1.9722111e+03	2.8629619e+03	1.9725816e+03	1.9730862e+03	1.9722940e+03	1.9721622e+03	1.9724332e+03	1.9742857e+03	1.9584687e+03
1.9731718e+03	1.9764357e+03	1.9751649e+03	1.9450186e+03	1.9729176e+03	1.9731659e+03	1.9761792e+03	1.9745946e+03	1.9734910e+03	1.9572004e+03	1.9735582e+03	1.9599547e+03	1.9724191e+03	1.9575325e+03	1.9735242e+03	1.9745312e+03	1.9722111e+03	2.8629619e+03	1.9725816e+03	1.9730862e+03	1.9722940e+03	1.9721622e+03	1.9724332e+03	1.9742857e+03	1.9584687e+03
1.9731718e+03	1.9764357e+03	1.9751649e+03	1.9450186e+03	1.9729176e+03	1.9731659e+03	1.9760371e+03	1.9745946e+03	1.9734910e+03	1.9572004e+03	1.9735582e+03	1.9599547e+03	1.9724191e+03	1.9575325e+03	1.9735242e+03	1.9745312e+03	1.9722111e+03	2.8629619e+03	1.9725816e+03	1.9730862e+03	1.9718323e+03	1.9721622e+03	1.9724332e+03	1.9742857e+03	1.9584687e+03
1.9731718e+03	1.9764357e+03	1.9751649e+03	1.9450186e+03	1.9729176e+03	1.9731659e+03	1.9760371e+03	1.9745946e+03	1.9734910e+03	1.9572004e+03	1.9735582e+03	1.9599547e+03	1.9724191e+03	1.9575325e+03	1.9735242e+03	1.9743075e+03	1.9722111e+03	2.8629619e+03	1.9725816e+03	1.9730862e+03	1.9718323e+03	1.9721622e+03	1.9724332e+03	1.9742857e+03	1.9584687e+03
1.9731718e+03	1.9764357e+03	1.9751649e+03	1.9450186e+03	1.9729176e+03	1.9731659e+03	1.9753768e+03	1.9745946e+03	1.9734910e+03	1.9572004e+03	1.9735582e+03	1.9599547e+03	1.9724191e+03	1.9575325e+03	1.9735242e+03	1.9741762e+03	1.9722111e+03	2.8629619e+03	1.9725816e+03	1.9730862e+03	1.9718323e+03	1.9721622e+03	1.9724332e+03	1.9742857e+03	1.9584687e+03
1.9731718e+03	1.9764357e+03	1.9751649e+03	1.9450186e+03	1.9729176e+03	1.9731659e+03	1.9753768e+03	1.9745946e+03	1.9734910e+03	1.9572004e+03	1.9735582e+03	1.9591062e+03	1.9724191e+03	1.9575325e+03	1.9735242e+03	1.9741762e+03	1.9722111e+03	2.8629619e+03	1.9725816e+03	1.9730862e+03	1.9718323e+03	1.9721622e+03	1.9723410e+03	1.9740126e+03	1.9584687e+03
1.9731567e+03	1.9764357e+03	1.9751649e+03	1.9450186e+03	1.9729176e+03	1.9731659e+03	1.9753768e+03	1.9745946e+03	1.9734910e+03	1.9572004e+03	1.9735582e+03	1.9591062e+03	1.9724191e+03	1.9575325e+03	1.9735242e+03	1.9741762e+03	1.9722111e+03	2.8629619e+03	1.9725816e+03	1.9730862e+03	1.9718323e+03	1.9721622e+03	1.9723410e+03	1.9740126e+03	1.9584687e+03
1.9730594e+03	1.9764357e+03	1.9751649e+03	1.9449420e+03	1.9729176e+03	1.9731659e+03	1.9753768e+03	1.9745946e+03	1.9734910e+03	1.9572004e+03	1.9735582e+03	1.9591062e+03	1.9724191e+03	1.9575325e+03	1.9735242e+03	1.9741762e+03	1.9722111e+03	2.8629619e+03	1.9725816e+03	1.9730862e+03	1.9718323e+03	1.9719976e+03	1.9723410e+03	1.9738783e+03	1.9584687e+03
1.9730594e+03	1.9764357e+03	1.9751649e+03	1.9449420e+03	1.9729176e+03	1.9731659e+03	1.9753768e+03	1.9745946e+03	1.9734910e+03	1.9572004e+03	1.9735582e+03	1.9587500e+03	1.9724191e+03	1.9573119e+03	1.9733249e+03	1.9741762e+03	1.9722111e+03	2.8629619e+03	1.9724471e+03	1.9730862e+03	1.9718323e+03	1.9719976e+03	1.9723410e+03	1.9738783e+03	1.9584687e+03
1.9730594e+03	1.9764357e+03	1.9751649e+03	1.9449420e+03	1.9729176e+03	1.9729073e+03	1.9753067e+03	1.9745946e+03	1.9734910e+03	1.9572004e+03	1.9734358e+03	1.9587500e+03	1.9724191e+03	1.9573119e+03	1.9733249e+03	1.9741762e+03	1.9722111e+03	2.8629619e+03	1.9724471e+03	1.9730862e+03	1.9718323e+03	1.9719976e+03	1.9723410e+03	1.9738783e+03	1.9584687e+03
1.9730594e+03	1.9764357e+03	1.9746290e+03	1.9449420e+03	1.9729176e+03	1.9729073e+03	1.9753067e+03	1.9742682e+03	1.9731256e+03	1.9572004e+03	1.9725111e+03	1.9587500e+03	1.9724191e+03	1.9573119e+03	1.9733249e+03	1.9741762e+03	1.9722111e+03	2.8629619e+03	1.9724471e+03	1.9730862e+03	1.9718323e+03	1.9719976e+03	1.9723410e+03	1.9738783e+03	1.9584687e+03
1.9730594e+03	1.9764357e+03	1.9746290e+03	1.9446448e+03	1.9729176e+03	1.9729073e+03	1.9753067e+03	1.9742682e+03	1.9731256e+03	1.9572004e+03	1.9725111e+03	1.9587500e+03	1.9724191e+03	1.9573119e+03	1.9733249e+03	1.9740516e+03	1.9722111e+03	2.8629619e+03	1.9724471e+03	1.9730862e+03	1.9718323e+03	1.9719976e+03	1.9723410e+03	1.9738783e+03	1.9584687e+03
1.9730431e+03	1.9764357e+03	1.9746290e+03	1.9446448e+03	1.9729176e+03	1.9729073e+03	1.9753067e+03	1.9742682e+03	1.9731256e+03	1.9572004e+03	1.9725111e+03	1.9585723e+03	1.9724191e+03	1.9573119e+03	1.9733249e+03	1.9739729e+03	1.9722111e+03	2.8629619e+03	1.9724471e+03	1.9730862e+03	1.9718323e+03	1.9719976e+03	1.9723410e+03	1.9738783e+03	1.9577722e+03
1.9726742e+03	1.9764357e+03	1.9746290e+03	1.9446448e+03	1.9729176e+03	1.9729073e+03	1.9753067e+03	1.9738266e+03	1.9731256e+03	1.9572004e+03	1.9725111e+03	1.9585723e+03	1.9724191e+03	1.9573119e+03	1.9733249e+03	1.9739729e+03	1.9722111e+03	2.8629619e+03	1.9724471e+03	1.9730648e+03	1.9718323e+03	1.9719976e+03	1.9722159e+03	1.9738783e+03	1.9577722e+03
1.9726742e+03	1.9761411e+03	1.9746290e+03	1.9446448e+03	1.9729176e+03	1.9729073e+03	1.9753067e+03	1.9738266e+03	1.9731256e+03	1.9572004e+03	1.9725111e+03	1.9585723e+03	1.9724191e+03	1.9573119e+03	1.9733249e+03	1.9739729e+03	1.9722111e+03	2.8629619e+03	1.9724471e+03	1.9730648e+03	1.9718323e+03	1.9719976e+03	1.9722159e+03	1.9738783e+03	1.9577722e+03
1.9726742e+03	1.9761411e+03	1.9746290e+03	1.9446448e+03	1.9729176e+03	1.9729073e+03	1.9753067e+03	1.9738266e+03	1.9731256e+03	1.9572004e+03	1.9725111e+03	1.9585723e+03	1.9724191e+03	1.9573119e+03	1.9733249e+03	1.9739729e+03	1.9722111e+03	2.8629619e+03	1.9724471e+03	1.9730648e+03	1.9718323e+03	1.9719976e+03	1.9722159e+03	1.9738783e+03	1.9577722e+03
1.9726742e+03	1.9758240e+03	1.9746290e+03	1.9446448e+03	1.9729176e+03	1.9729073e+03	1.9753067e+03	1.9738266e+03	1.9731256e+03	1.9572004e+03	1.9725111e+03	1.9585723e+03	1.9724191e+03	1.9573119e+03	1.9733249e+03	1.9739729e+03	1.9722111e+03	2.8629619e+03	1.9719843e+03	1.9730648e+03	1.9718323e+03	1.9719976e+03	1.9722159e+03	1.9738783e+03	1.9577722e+03
1.9726742e+03	1.9753876e+03	1.9746290e+03	1.9446448e+03	1.9729176e+03	1.9729073e+03	1.9753067e+03	1.9738266e+03	1.9731256e+03	1.9572004e+03	1.9725111e+03	1.9585723e+03	1.9724191e+03	1.9573119e+03	1.9733249e+03	1.9739729e+03	1.9722111e+03	2.8629619e+03	1.9719843e+03	1.9730648e+03	1.9718323e+03	1.9719976e+03	1.9721715e+03	1.9738783e+03	1.9577722e+03
1.9726742e+03	1.9753876e+03	1.9746290e+03	1.9446448e+03	1.9729176e+03	1.9729073e+03	1.9753067e+03	1.9738266e+03	1.9729185e+03	1.9572004e+03	1.9725111e+03	1.9585723e+03	1.9722919e+03	1.9573119e+03	1.9733249e+03	1.9739729e+03	1.9722111e+03	2.8234452e+03	1.9719843e+03	1.9730648e+03	1.9718323e+03	1.9719976e+03	1.9721715e+03	1.9738655e+03	1.9577722e+03
1.9726375e+03	1.9753876e+03	1.9746290e+03	1.9446448e+03	1.9729176e+03	1.9729073e+03	1.9753067e+03	1.9738266e+03	1.9729185e+03	1.9572004e+03	1.9725111e+03	1.9585723e+03	1.9722919e+03	1.9571424e+03	1.9733249e+03	1.9739729e+03	1.9722111e+03	2.7991709e+03	1.9719843e+03	1.9730648e+03	1.9718323e+03	1.9719976e+03	1.9721715e+03	1.9738655e+03	1.9577722e+03
1.9726375e+03	1.9753876e+03	1.9746290e+03	1.9446448e+03	1.9727194e+03	1.9725462e+03	1.9753067e+03	1.9738266e+03	1.9729185e+03	1.9572004e+03	1.9725111e+03	1.9585723e+03	1.9722919e+03	1.9571424e+03	1.9733249e+03	1.9739729e+03	1.9722111e+03	2.7353598e+03	1.9719843e+03	1.9730648e+03	1.9718323e+03	1.9719976e+03	1.9721715e+03	1.9738655e+03	1.9577722e+03
1.9726375e+03	1.9753876e+03	1.9746290e+03	1.9446448e+03	1.9727194e+03	1.9725462e+03	1.9753067e+03	1.9738266e+03	1.9726302e+03	1.9572004e+03	1.9725111e+03	1.9584210e+03	1.9717655e+03	1.9571424e+03	1.9733249e+03	1.9739729e+03	1.9722111e+03	2.7353598e+03	1.9719843e+03	1.9730648e+03	1.9718323e+03	1.9718817e+03	1.9721715e+03	1.9738655e+03	1.9577722e+03
1.9726375e+03	1.9753876e+03	1.9746290e+03	1.9446448e+03	1.9727194e+03	1.9725462e+03	1.9753067e+03	1.9738266e+03	1.9726302e+03	1.9572004e+03	1.9725111e+03	1.9584210e+03	1.9717655e+03	1.9571424e+03	1.9733249e+03	1.9739729e+03	1.9722111e+03	2.7353598e+03	1.9719843e+03	1.9730648e+03	1.9718323e+03	1.9718817e+03	1.9721715e+03	1.9738655e+03	1.9577722e+03
1.9726375e+03	1.9753876e+03	1.9746290e+03	1.9446448e+03	1.9727194e+03	1.9725462e+03	1.9750816e+03	1.9738266e+03	1.9726302e+03	1.9570597e+03	1.9725111e+03	1.9584210e+03	1.9717655e+03	1.9571424e+03	1.9733249e+03	1.9739729e+03	1.9722111e+03	2.7353598e+03	1.9719843e+03	1.9730648e+03	1.9718323e+03	1.9718817e+03	1.9721715e+03	1.9738655e+03	1.9577722e+03
1.9724782e+03	1.9753876e+03	1.9746290e+03	1.9445460e+03	1.9727029e+03	1.9725462e+03	1.9750816e+03	1.9738266e+03	1.9726302e+03	1.9570597e+03	1.9725111e+03	1.9584210e+03	1.9717655e+03	1.9571424e+03	1.9733249e+03	1.9739729e+03	1.9722111e+03	2.6280736e+03	1.9719843e+03	1.9730648e+03	1.9718323e+03	1.9718817e+03	1.9721026e+03	1.9738045e+03	1.9577722e+03
1.9724782e+03	1.9749770e+03	1.9746290e+03	1.9445460e+03	1.9727029e+03	1.9725462e+03	1.9750816e+03	1.9738266e+03	1.9726302e+03	1.9570597e+03	1.9725111e+03	1.9584210e+03	1.9717655e+03	1.9571424e+03	1.9733249e+03	1.9731170e+03	1.9722111e+03	2.6280736e+03	1.9719843e+03	1.9730648e+03	1.9718323e+03	1.9718817e+03	1.9721026e+03	1.9738045e+03	1.9577722e+03
1.9721788e+03	1.9749770e+03	1.9746290e+03	1.9445460e+03	1.9726930e+03	1.9725462e+03	1.9747536e+03	1.9735697e+03	1.9726302e+03	1.9570597e+03	1.9725111e+03	1.9584210e+03	1.9717655e+03	1.9571424e+03	1.9733249e+03	1.9731170e+03	1.9722111e+03	2.6280736e+03	1.9719843e+03	1.9729384e+03	1.9718323e+03	1.9718369e+03	1.9721026e+03	1.9737452e+03	1.9577722e+03
1.9721788e+03	1.9749770e+03	1.9746290e+03	1.9445460e+03	1.9726930e+03	1.9725462e+03	1.9746714e+03	1.9735697e+03	1.9726302e+03	1.9570597e+03	1.9725111e+03	1.9584210e+03	1.9717655e+03	1.9571424e+03	1.9733066e+03	1.9731170e+03	1.9722111e+03	2.6280736e+03	1.9719843e+03	1.9729384e+03	1.9718323e+03	1.9718369e+03	1.9721026e+03	1.9737452e+03	1.9575055e+03
1.9721788e+03	1.9749770e+03	1.9746290e+03	1.9445460e+03	1.9726930e+03	1.9725462e+03	1.9743890e+03	1.9734618e+03	1.9726302e+03	1.9570597e+03	1.9725111e+03	1.9584210e+03	1.9717655e+03	1.9571424e+03	1.9733066e+03	1.9731170e+03	1.9722111e+03	2.6280736e+03	1.9719241e+03	1.9729384e+03	1.9718323e+03	1.9718369e+03	1.9721026e+03	1.9737452e+03	1.9575055e+03
1.9721788e+03	1.9749770e+03	1.9746290e+03	1.9445460e+03	1.9726930e+03	1.9725462e+03	1.9743890e+03	1.9734618e+03	1.9726302e+03	1.9569223e+03	1.9725111e+03	1.9584210e+03	1.9717655e+03	1.9571424e+03	1.9733066e+03	1.9731170e+03	1.9722111e+03	2.6280736e+03	1.9719241e+03	1.9729384e+03	1.9718323e+03	1.9718369e+03	1.9721026e+03	1.9737452e+03	1.9575055e+03
1.9721788e+03	1.9744104e+03	1.9746290e+03	1.9445460e+03	1.9726930e+03	1.9725462e+03	1.9743890e+03	1.9733038e+03	1.9726302e+03	1.9569223e+03	1.9725111e+03	1.9584210e+03	1.9717655e+03	1.9571424e+03	1.9733066e+03	1.9731170e+03	1.9722111e+03	2.6280736e+03	1.9719241e+03	1.9729384e+03	1.9718323e+03	1.9718369e+03	1.9721026e+03	1.9737452e+03	1.9575055e+03
1.9721788e+03	1.9744104e+03	1.9746290e+03	1.9445460e+03	1.9726930e+03	1.9723547e+03	1.9743890e+03	1.9733038e+03	1.9726302e+03	1.9569223e+03	1.9725111e+03	1.9584210e+03	1.9717655e+03	1.9571424e+03	1.9730111e+03	1.9731170e+03	1.9722111e+03	2.6243774e+03	1.9719241e+03	1.9729384e+03	1.9718323e+03	1.9718369e+03	1.9720831e+03	1.9737452e+03	1.9575055e+03
1.9721788e+03	1.9744104e+03	1.9746290e+03	1.9441857e+03	1.9726512e+03	1.9723547e+03	1.9743890e+03	1.9733038e+03	1.9726302e+03	1.9569223e+03	1.9725111e+03	1.9584210e+03	1.9717655e+03	1.9571424e+03	1.9730111e+03	1.9731170e+03	1.9722111e+03	2.6140338e+03	1.9719241e+03	1.9729384e+03	1.9718323e+03	1.9718369e+03	1.9720831e+03	1.9737452e+03	1.9575055e+03
1.9721788e+03	1.9744104e+03	1.9746290e+03	1.9441857e+03	1.9722663e+03	1.9723547e+03	1.9743890e+03	1.9733038e+03	1.9726302e+03	1.9569223e+03	1.9725111e+03	1.9584210e+03	1.9717655e+03	1.9569554e+03	1.9730111e+03	1.9731170e+03	1.9722111e+03	2.5914099e+03	1.9719241e+03	1.9729384e+03	1.9718323e+03	1.9718369e+03	1.9720831e+03	1.9737452e+03	1.9575055e+03
1.9721788e+03	1.9744104e+03	1.9746290e+03	1.9441857e+03	1.9722663e+03	1.9723547e+03	1.9743890e+03	1.9733038e+03	1.9721668e+03	1.9569223e+03	1.9725111e+03	1.9584210e+03	1.9717655e+03	1.9569554e+03	1.9730111e+03	1.9731170e+03	1.9722111e+03	2.4655514e+03	1.9719241e+03	1.9729384e+03	1.9717150e+03	1.9718369e+03	1.9720831e+03	1.9737452e+03	1.9575055e+03
1.9721788e+03	1.9744104e+03	1.9746290e+03	1.9441857e+03	1.9722663e+03	1.9723547e+03	1.9737440e+03	1.9733038e+03	1.9721668e+03	1.9569223e+03	1.9725111e+03	1.9584210e+03	1.9717655e+03	1.9569554e+03	1.9730111e+03	1.9731170e+03	1.9722111e+03	2.4655514e+03	1.9719241e+03	1.9726792e+03	1.9717150e+03	1.9718369e+03	1.9720831e+03	1.9736562e+03	1.9575055e+03
1.9721788e+03	1.9744104e+03	1.9746290e+03	1.9440927e+03	1.9722663e+03	1.9723547e+03	1.9737440e+03	1.9733038e+03	1.9721668e+03	1.9569223e+03	1.9723810e+03	1.9584210e+03	1.9717655e+03	1.9569554e+03	1.9730111e+03	1.9731170e+03	1.9720151e+03	2.4655514e+03	1.9719241e+03	1.9726792e+03	1.9717150e+03	1.9718369e+03	1.9720831e+03	1.9736562e+03	1.9575055e+03
1.9721788e+03	1.9744104e+03	1.9746290e+03	1.9440927e+03	1.9722663e+03	1.9723547e+03	1.9737440e+03	1.9733038e+03	1.9721668e+03	1.9569223e+03	1.9722213e+03	1.9575435e+03	1.9717655e+03	1.9569554e+03	1.9730111e+03	1.9731170e+03	1.9718762e+03	2.4655514e+03	1.9719241e+03	1.9726792e+03	1.9717150e+03	1.9718369e+03	1.9720831e+03	1.9731667e+03	1.9575055e+03
1.9721788e+03	1.9744104e+03	1.9746290e+03	1.9440927e+03	1.9722663e+03	1.9723547e+03	1.9737440e+03	1.9733038e+03	1.9721668e+03	1.9569223e+03	1.9722213e+03	1.9575435e+03	1.9717655e+03	1.9569554e+03	1.9730111e+03	1.9731170e+03	1.9718762e+03	2.4655514e+03	1.9719241e+03	1.9726792e+03	1.9717150e+03	1.9718369e+03	1.9720831e+03	1.9731667e+03	1.9575055e+03
1.9721788e+03	1.9739618e+03	1.9746290e+03	1.9440927e+03	1.9722663e+03	1.9723547e+03	1.9737440e+03	1.9733038e+03	1.9721668e+03	1.9569223e+03	1.9722213e+03	1.9575435e+03	1.9717655e+03	1.9569554e+03	1.9729287e+03	1.9731170e+03	1.9718762e+03	2.4655514e+03	1.9719241e+03	1.9726749e+03	1.9717150e+03	1.9718369e+03	1.9720831e+03	1.9731667e+03	1.9572070e+03
1.9721788e+03	1.9739618e+03	1.9746290e+03	1.9440927e+03	1.9722663e+03	1.9723547e+03	1.9737440e+03	1.9733038e+03	1.9721668e+03	1.9569223e+03	1.9722213e+03	1.9575435e+03	1.9717655e+03	1.9569554e+03	1.9729041e+03	1.9731170e+03	1.9718762e+03	2.4655514e+03	1.9719241e+03	1.9726749e+03	1.9717150e+03	1.9715964e+03	1.9720831e+03	1.9731667e+03	1.9571856e+03
1.9721788e+03	1.9739618e+03	1.9746290e+03	1.9440927e+03	1.9721682e+03	1.9723547e+03	1.9737440e+03	1.9733038e+03	1.9721668e+03	1.9569223e+03	1.9722213e+03	1.9575435e+03	1.9717655e+03	1.9569554e+03	1.9729041e+03	1.9731170e+03	1.9718762e+03	2.4655514e+03	1.9719241e+03	1.9726749e+03	1.9717150e+03	1.9715964e+03	1.9720072e+03	1.9731667e+03	1.9571856e+03
1.9721788e+03	1.9739618e+03	1.9746290e+03	1.9440927e+03	1.9721682e+03	1.9722129e+03	1.9737440e+03	1.9733038e+03	1.9721668e+03	1.9569223e+03	1.9722213e+03	1.9575435e+03	1.9717655e+03	1.9569554e+03	1.9729041e+03	1.9731170e+03	1.9718762e+03	2.4638301e+03	1.9719241e+03	1.9726749e+03	1.9717150e+03	1.9715964e+03	1.9720072e+03	1.9731667e+03	1.9571856e+03
1.9721788e+03	1.9739618e+03	1.9746290e+03	1.9440927e+03	1.9721432e+03	1.9722129e+03	1.9737440e+03	1.9733038e+03	1.9721668e+03	1.9569223e+03	1.9722213e+03	1.9575435e+03	1.9717655e+03	1.9569554e+03	1.9727463e+03	1.9731170e+03	1.9718762e+03	2.4638301e+03	1.9719241e+03	1.9726749e+03	1.9717150e+03	1.9715964e+03	1.9720072e+03	1.9731667e+03	1.9571856e+03
1.9721788e+03	1.9739618e+03	1.9746290e+03	1.9440927e+03	1.9721432e+03	1.9722129e+03	1.9737440e+03	1.9733038e+03	1.9721668e+03	1.9569223e+03	1.9722213e+03	1.9575435e+03	1.9717655e+03	1.9569554e+03	1.9727463e+03	1.9731170e+03	1.9718762e+03	2.4625237e+03	1.9719241e+03	1.9726749e+03	1.9717150e+03	1.9715964e+03	1.9720072e+03	1.9731667e+03	1.9571856e+03
1.9721788e+03	1.9739618e+03	1.9746290e+03	1.9440927e+03	1.9721432e+03	1.9722129e+03	1.9726408e+03	1.9733038e+03	1.9721668e+03	1.9569223e+03	1.9722213e+03	1.9575435e+03	1.9717655e+03	1.9566176e+03	1.9727463e+03	1.9731170e+03	1.9718762e+03	2.4399960e+03	1.9719241e+03	1.9726749e+03	1.9717150e+03	1.9715964e+03	1.9720072e+03	1.9728978e+03	1.9571856e+03
1.9721788e+03	1.9739618e+03	1.9746290e+03	1.9436432e+03	1.9721432e+03	1.9722129e+03	1.9726408e+03	1.9731793e+03	1.9721668e+03	1.9569223e+03	1.9722213e+03	1.9575435e+03	1.9717655e+03	1.9566176e+03	1.9727463e+03	1.9731170e+03	1.9718762e+03	2.4399960e+03	1.9719220e+03	1.9726749e+03	1.9717150e+03	1.9715964e+03	1.9720072e+03	1.9728978e+03	1.9571856e+03
1.9721788e+03	1.9739618e+03	1.9746290e+03	1.9436432e+03	1.9719765e+03	1.9722129e+03	1.9726408e+03	1.9731793e+03	1.9721668e+03	1.9569223e+03	1.9722213e+03	1.9575435e+03	1.9717655e+03	1.9566176e+03	1.9726370e+03	1.9731170e+03	1.9718762e+03	2.4399960e+03	1.9719220e+03	1.9726749e+03	1.9717150e+03	1.9715964e+03	1.9720072e+03	1.9728978e+03	1.9571856e+03
1.9721788e+03	1.9739618e+03	1.9746290e+03	1.9436432e+03	1.9719765e+03	1.9722129e+03	1.9726408e+03	1.9731793e+03	1.9721668e+03	1.9566659e+03	1.9722213e+03	1.9575435e+03	1.9717655e+03	1.9566176e+03	1.9726370e+03	1.9731170e+03	1.9715434e+03	2.4399960e+03	1.9719220e+03	1.9725563e+03	1.9717150e+03	1.9715964e+03	1.9720072e+03	1.9728978e+03	1.9568845e+03
1.9721788e+03	1.9739618e+03	1.9744886e+03	1.9436432e+03	1.9719765e+03	1.9722129e+03	1.9726408e+03	1.9731793e+03	1.9721668e+03	1.9566659e+03	1.9722213e+03	1.9575435e+03	1.9717655e+03	1.9566176e+03	1.9725637e+03	1.9731170e+03	1.9715434e+03	2.4399960e+03	1.9719220e+03	1.9724620e+03	1.9717150e+03	1.9715964e+03	1.9720072e+03	1.9728978e+03	1.9568845e+03
1.9721788e+03	1.9739618e+03	1.9744886e+03	1.9436432e+03	1.9719765e+03	1.9719882e+03	1.9726408e+03	1.9731793e+03	1.9721668e+03	1.9566659e+03	1.9722213e+03	1.9575435e+03	1.9717655e+03	1.9566176e+03	1.9725637e+03	1.9731170e+03	1.9715434e+03	2.4399960e+03	1.9719220e+03	1.9724620e+03	1.9717150e+03	1.9715964e+03	1.9720072e+03	1.9728978e+03	1.9568845e+03
1.9721788e+03	1.9739618e+03	1.9744886e+03	1.9436432e+03	1.9719765e+03	1.9719882e+03	1.9726408e+03	1.9731089e+03	1.9721668e+03	1.9566659e+03	1.9722213e+03	1.9575435e+03	1.9717655e+03	1.9566176e+03	1.9725637e+03	1.9731170e+03	1.9715434e+03	2.4399960e+03	1.9719220e+03	1.9724620e+03	1.9717150e+03	1.9715964e+03	1.9714991e+03	1.9728978e+03	1.9568755e+03
1.9721788e+03	1.9739618e+03	1.9744886e+03	1.9436432e+03	1.9719765e+03	1.9719882e+03	1.9726408e+03	1.9731089e+03	1.9721668e+03	1.9566659e+03	1.9722213e+03	1.9575435e+03	1.9717655e+03	1.9566176e+03	1.9725637e+03	1.9731170e+03	1.9715434e+03	2.4399960e+03	1.9719220e+03	1.9724620e+03	1.9717150e+03	1.9715964e+03	1.9714991e+03	1.9728978e+03	1.9568755e+03
1.9718755e+03	1.9739618e+03	1.9744886e+03	1.9436432e+03	1.9719765e+03	1.9719882e+03	1.9726408e+03	1.9723765e+03	1.9721668e+03	1.9566659e+03	1.9722213e+03	1.9575435e+03	1.9717655e+03	1.9566176e+03	1.9725637e+03	1.9727016e+03	1.9715434e+03	2.4399960e+03	1.9719220e+03	1.9724620e+03	1.9717150e+03	1.9715964e+03	1.9714991e+03	1.9728978e+03	1.9568381e+03
1.9718755e+03	1.9739618e+03	1.9744886e+03	1.9436432e+03	1.9719765e+03	1.9719882e+03	1.9726408e+03	1.9723765e+03	1.9721668e+03	1.9566659e+03	1.9722213e+03	1.9575435e+03	1.9717655e+03	1.9566176e+03	1.9725637e+03	1.9727016e+03	1.9715434e+03	2.4399960e+03	1.9719220e+03	1.9724620e+03	1.9717150e+03	1.9715964e+03	1.9714991e+03	1.9728978e+03	1.9568381e+03
1.9716740e+03	1.9739618e+03	1.9744886e+03	1.9436432e+03	1.9719765e+03	1.9719882e+03	1.9726408e+03	1.9723765e+03	1.9721668e+03	1.9566659e+03	1.9722213e+03	1.9575435e+03	1.9717655e+03	1.9566176e+03	1.9725637e+03	1.9727016e+03	1.9715434e+03	2.4399960e+03	1.9719220e+03	1.9724453e+03	1.9717150e+03	1.9715964e+03	1.9714991e+03	1.9728978e+03	1.9567363e+03
1.9716740e+03	1.9739618e+03	1.9744886e+03	1.9436432e+03	1.9719765e+03	1.9719882e+03	1.9726408e+03	1.9723765e+03	1.9721668e+03	1.9566006e+03	1.9722213e+03	1.9575435e+03	1.9715964e+03	1.9566176e+03	1.9725637e+03	1.9727016e+03	1.9715434e+03	2.4399960e+03	1.9719220e+03	1.9724453e+03	1.9717150e+03	1.9715964e+03	1.9714991e+03	1.9728978e+03	1.9567363e+03
1.9716740e+03	1.9739618e+03	1.9744886e+03	1.9436432e+03	1.9719765e+03	1.9719882e+03	1.9726408e+03	1.9723765e+03	1.9721668e+03	1.9564401e+03	1.9722213e+03	1.9575435e+03	1.9715964e+03	1.9566176e+03	1.9725637e+03	1.9727016e+03	1.9715434e+03	2.4399960e+03	1.9719220e+03	1.9724453e+03	1.9717150e+03	1.9715964e+03	1.9714991e+03	1.9728978e+03	1.9567363e+03
1.9716740e+03	1.9738662e+03	1.9739309e+03	1.9436432e+03	1.9719765e+03	1.9719882e+03	1.9726408e+03	1.9723765e+03	1.9721668e+03	1.9564401e+03	1.9722213e+03	1.9575435e+03	1.9715964e+03	1.9566176e+03	1.9725637e+03	1.9727016e+03	1.9715434e+03	2.4399960e+03	1.9719220e+03	1.9724453e+03	1.9717150e+03	1.9715964e+03	1.9714991e+03	1.9728978e+03	1.9567363e+03
1.9716740e+03	1.9737403e+03	1.9739309e+03	1.9436432e+03	1.9719765e+03	1.9719882e+03	1.9726408e+03	1.9720065e+03	1.9721668e+03	1.9564401e+03	1.9722213e+03	1.9575435e+03	1.9715964e+03	1.9566176e+03	1.9725637e+03	1.9727016e+03	1.9715434e+03	2.4399960e+03	1.9719220e+03	1.9724453e+03	1.9717150e+03	1.9715964e+03	1.9714991e+03	1.9728978e+03	1.9567363e+03
1.9716740e+03	1.9737403e+03	1.9739309e+03	1.9435540e+03	1.9719765e+03	1.9719882e+03	1.9726408e+03	1.9720065e+03	1.9721668e+03	1.9564401e+03	1.9714600e+03	1.9575435e+03	1.9715964e+03	1.9566176e+03	1.9725637e+03	1.9727016e+03	1.9715434e+03	2.4399960e+03	1.9719220e+03	1.9724453e+03	1.9717150e+03	1.9715964e+03	1.9714991e+03	1.9728978e+03	1.9567363e+03
1.9716740e+03	1.9737403e+03	1.9739309e+03	1.9435104e+03	1.9719765e+03	1.9719882e+03	1.9726408e+03	1.9720065e+03	1.9721668e+03	1.9564401e+03	1.9714600e+03	1.9575435e+03	1.9715964e+03	1.9566176e+03	1.9725637e+03	1.9727016e+03	1.9715434e+03	2.4399960e+03	1.9719220e+03	1.9724453e+03	1.9717150e+03	1.9715964e+03	1.9714991e+03	1.9728978e+03	1.9567363e+03
1.9716740e+03	1.9737403e+03	1.9739309e+03	1.9435104e+03	1.9719765e+03	1.9719882e+03	1.9726408e+03	1.9720065e+03	1.9721668e+03	1.9564401e+03	1.9714600e+03	1.9575435e+03	1.9715964e+03	1.9566176e+03	1.9725458e+03	1.9727016e+03	1.9715434e+03	2.4399960e+03	1.9719220e+03	1.9719140e+03	1.9717150e+03	1.9715964e+03	1.9714991e+03	1.9727116e+03	1.9567363e+03
1.9716740e+03	1.9737403e+03	1.9739309e+03	1.9435104e+03	1.9719765e+03	1.9719882e+03	1.9726408e+03	1.9720065e+03	1.9721668e+03	1.9564401e+03	1.9714600e+03	1.9575435e+03	1.9715964e+03	1.9566176e+03	1.9725357e+03	1.9727016e+03	1.9715434e+03	2.4399960e+03	1.9719220e+03	1.9719140e+03	1.9717150e+03	1.9715964e+03	1.9714991e+03	1.9727116e+03	1.9567363e+03
1.9716740e+03	1.9731255e+03	1.9739309e+03	1.9435104e+03	1.9719765e+03	1.9719882e+03	1.9726408e+03	1.9720065e+03	1.9721668e+03	1.9564401e+03	1.9714600e+03	1.9575435e+03	1.9715964e+03	1.9566176e+03	1.9725357e+03	1.9727016e+03	1.9715434e+03	2.4399960e+03	1.9719220e+03	1.9719140e+03	1.9717150e+03	1.9715964e+03	1.9714991e+03	1.9727116e+03	1.9567363e+03
1.9716740e+03	1.9731255e+03	1.9739309e+03	1.9435044e+03	1.9719765e+03	1.9719882e+03	1.9726408e+03	1.9720065e+03	1.9721668e+03	1.9564401e+03	1.9714600e+03	1.9575435e+03	1.9715964e+03	1.9566176e+03	1.9725357e+03	1.9727016e+03	1.9715434e+03	2.4399960e+03	1.9719220e+03	1.9719140e+03	1.9717150e+03	1.9715964e+03	1.9714991e+03	1.9727116e+03	1.9567363e+03
1.9716740e+03	1.9731255e+03	1.9739309e+03	1.9435044e+03	1.9719765e+03	1.9719882e+03	1.9726408e+03	1.9720065e+03	1.9721668e+03	1.9564401e+03	1.9714600e+03	1.9575435e+03	1.9715964e+03	1.9566176e+03	1.9725357e+03	1.9727016e+03	1.9715434e+03	2.4399960e+03	1.9715116e+03	1.9719140e+03	1.9717150e+03	1.9715964e+03	1.9714991e+03	1.9727116e+03	1.9567363e+03
1.9716740e+03	1.9731255e+03	1.9739309e+03	1.9434548e+03	1.9719765e+03	1.9719882e+03	1.9726408e+03	1.9720065e+03	1.9721668e+03	1.9564401e+03	1.9714600e+03	1.9575435e+03	1.9715964e+03	1.9566176e+03	1.9725357e+03	1.9727016e+03	1.9715434e+03	2.4399960e+03	1.9715116e+03	1.9719140e+03	1.9717150e+03	1.9715964e+03	1.9714991e+03	1.9724805e+03	1.9567180e+03
1.9716740e+03	1.9731255e+03	1.9739309e+03	1.9434548e+03	1.9719765e+03	1.9719882e+03	1.9726408e+03	1.9720065e+03	1.9721668e+03	1.9564401e+03	1.9714600e+03	1.9575435e+03	1.9715964e+03	1.9566176e+03	1.9725357e+03	1.9727016e+03	1.9715434e+03	2.4399960e+03	1.9715116e+03	1.9719140e+03	1.9717150e+03	1.9715964e+03	1.9714991e+03	1.9724805e+03	1.9567180e+03
1.9716740e+03	1.9731255e+03	1.9739309e+03	1.9434548e+03	1.9719765e+03	1.9719882e+03	1.9726408e+03	1.9720065e+03	1.9721668e+03	1.9564401e+03	1.9714600e+03	1.9575435e+03	1.9715964e+03	1.9566176e+03	1.9725357e+03	1.9727016e+03	1.9715434e+03	2.4399960e+03	1.9715116e+03	1.9719140e+03	1.9717150e+03	1.9715964e+03	1.9714991e+03	1.9724805e+03	1.9567180e+03
1.9716740e+03	1.9731255e+03	1.9739309e+03	1.9434548e+03	1.9719765e+03	1.9719882e+03	1.9726408e+03	1.9720065e+03	1.9721668e+03	1.9564401e+03	1.9714600e+03	1.9575435e+03	1.9715964e+03	1.9566176e+03	1.9725357e+03	1.9727016e+03	1.9715434e+03	2.4399960e+03	1.9715116e+03	1.9717791e+03	1.9717150e+03	1.9715964e+03	1.9714991e+03	1.9724805e+03	1.9565279e+03
1.9716740e+03	1.9731255e+03	1.9739309e+03	1.9434548e+03	1.9719765e+03	1.9719882e+03	1.9726408e+03	1.9720065e+03	1.9721668e+03	1.9564401e+03	1.9714600e+03	1.9575435e+03	1.9715964e+03	1.9566176e+03	1.9725342e+03	1.9727016e+03	1.9715434e+03	2.4399960e+03	1.9715116e+03	1.9717791e+03	1.9717150e+03	1.9715964e+03	1.9714991e+03	1.9724805e+03	1.9565279e+03
1.9716740e+03	1.9731255e+03	1.9739309e+03	1.9434548e+03	1.9717655e+03	1.9719882e+03	1.9726408e+03	1.9720065e+03	1.9721668e+03	1.9564401e+03	1.9714600e+03	1.9575435e+03	1.9715964e+03	1.9566176e+03	1.9725342e+03	1.9727016e+03	1.9715434e+03	2.4399960e+03	1.9715116e+03	1.9717791e+03	1.9717150e+03	1.9715964e+03	1.9714991e+03	1.9724805e+03	1.9565279e+03
1.9716740e+03	1.9731255e+03	1.9739309e+03	1.9434548e+03	1.9717655e+03	1.9719882e+03	1.9726408e+03	1.9720065e+03	1.9721668e+03	1.9564401e+03	1.9714600e+03	1.9575435e+03	1.9715964e+03	1.9566176e+03	1.9725342e+03	1.9727016e+03	1.9715434e+03	2.4399960e+03	1.9715116e+03	1.9717791e+03	1.9717150e+03	1.9715964e+03	1.9714991e+03	1.9724805e+03	1.9565279e+03
1.9716740e+03	1.9731255e+03	1.9738613e+03	1.9433484e+03	1.9715575e+03	1.9719882e+03	1.9726408e+03	1.9720065e+03	1.9721668e+03	1.9564401e+03	1.9714600e+03	1.9575435e+03	1.9715964e+03	1.9566176e+03	1.9720381e+03	1.9727016e+03	1.9715434e+03	2.4399960e+03	1.9715116e+03	1.9717791e+03	1.9717150e+03	1.9715964e+03	1.9714991e+03	1.9724805e+03	1.9565279e+03
1.9716740e+03	1.9731255e+03	1.9738613e+03	1.9433484e+03	1.9715575e+03	1.9719882e+03	1.9726408e+03	1.9720065e+03	1.9721668e+03	1.9564401e+03	1.9714600e+03	1.9575435e+03	1.9715080e+03	1.9566176e+03	1.9720381e+03	1.9727016e+03	1.9715434e+03	2.4399960e+03	1.9715116e+03	1.9717791e+03	1.9717150e+03	1.9715964e+03	1.9714991e+03	1.9724805e+03	1.9565279e+03
1.9716740e+03	1.9731255e+03	1.9738613e+03	1.9433484e+03	1.9715575e+03	1.9719882e+03	1.9726408e+03	1.9720065e+03	1.9721668e+03	1.9564401e+03	1.9714600e+03	1.9575435e+03	1.9715080e+03	1.9566176e+03	1.9720381e+03	1.9727016e+03	1.9715434e+03	2.4399960e+03	1.9715116e+03	1.9717791e+03	1.9717150e+03	1.9715964e+03	1.9714991e+03	1.9724805e+03	1.9565279e+03
1.9716740e+03	1.9728913e+03	1.9738613e+03	1.9433484e+03	1.9715575e+03	1.9719882e+03	1.9726408e+03	1.9718287e+03	1.9721668e+03	1.9564401e+03	1.9714600e+03	1.9575435e+03	1.9715080e+03	1.9566176e+03	1.9718977e+03	1.9727016e+03	1.9715434e+03	2.4399960e+03	1.9715116e+03	1.9717791e+03	1.9717150e+03	1.9715964e+03	1.9714991e+03	1.9724805e+03	1.9565045e+03
1.9716740e+03	1.9728913e+03	1.9738613e+03	1.9433484e+03	1.9715148e+03	1.9719882e+03	1.9726408e+03	1.9718287e+03	1.9721668e+03	1.9564401e+03	1.9714600e+03	1.9575435e+03	1.9715080e+03	1.9566176e+03	1.9718977e+03	1.9727016e+03	1.9715434e+03	2.4399960e+03	1.9714595e+03	1.9717791e+03	1.9717150e+03	1.9715964e+03	1.9714991e+03	1.9724805e+03	1.9565045e+03
1.9716740e+03	1.9728913e+03	1.9738613e+03	1.9433484e+03	1.9715148e+03	1.9719882e+03	1.9726408e+03	1.9718287e+03	1.9721668e+03	1.9564401e+03	1.9714600e+03	1.9574315e+03	1.9715080e+03	1.9566176e+03	1.9718977e+03	1.9727016e+03	1.9715434e+03	2.4399960e+03	1.9714300e+03	1.9717791e+03	1.9717150e+03	1.9715964e+03	1.9714991e+03	1.9724805e+03	1.9565045e+03
1.9716740e+03	1.9728913e+03	1.9738613e+03	1.9433484e+03	1.9715148e+03	1.9719882e+03	1.9726408e+03	1.9718287e+03	1.9721668e+03	1.9564401e+03	1.9714600e+03	1.9574315e+03	1.9715080e+03	1.9566176e+03	1.9718977e+03	1.9727016e+03	1.9715434e+03	2.4399960e+03	1.9714026e+03	1.9717314e+03	1.9717150e+03	1.9715964e+03	1.9714991e+03	1.9724805e+03	1.9565045e+03
1.9716740e+03	1.9728913e+03	1.9738613e+03	1.9431234e+03	1.9715148e+03	1.9719882e+03	1.9726408e+03	1.9718287e+03	1.9721668e+03	1.9564030e+03	1.9714600e+03	1.9574315e+03	1.9713649e+03	1.9566176e+03	1.9718977e+03	1.9727016e+03	1.9715434e+03	2.4399960e+03	1.9714026e+03	1.9717314e+03	1.9717150e+03	1.9715964e+03	1.9714991e+03	1.9724805e+03	1.9565045e+03
1.9716740e+03	1.9728913e+03	1.9738613e+03	1.9431234e+03	1.9715148e+03	1.9719882e+03	1.9726408e+03	1.9718287e+03	1.9721668e+03	1.9564030e+03	1.9714600e+03	1.9574315e+03	1.9713649e+03	1.9566176e+03	1.9718977e+03	1.9726900e+03	1.9715434e+03	2.4399960e+03	1.9713341e+03	1.9717314e+03	1.9717150e+03	1.9715964e+03	1.9714991e+03	1.9724805e+03	1.9565045e+03
1.9716740e+03	1.9728913e+03	1.9738613e+03	1.9431234e+03	1.9715148e+03	1.9719882e+03	1.9726408e+03	1.9718287e+03	1.9721668e+03	1.9564030e+03	1.9714600e+03	1.9574315e+03	1.9713649e+03	1.9566176e+03	1.9718977e+03	1.9726900e+03	1.9715434e+03	2.4399960e+03	1.9713005e+03	1.9717314e+03	1.9717150e+03	1.9715964e+03	1.9714991e+03	1.9724805e+03	1.9565045e+03
1.9716740e+03	1.9728913e+03	1.9738613e+03	1.9430603e+03	1.9715148e+03	1.9719882e+03	1.9726408e+03	1.9718287e+03	1.9721668e+03	1.9564030e+03	1.9714600e+03	1.9574315e+03	1.9713649e+03	1.9566176e+03	1.9718977e+03	1.9726900e+03	1.9715434e+03	2.4399960e+03	1.9713005e+03	1.9717314e+03	1.9717150e+03	1.9714317e+03	1.9714991e+03	1.9724805e+03	1.9565045e+03
1.9716740e+03	1.9728913e+03	1.9738613e+03	1.9430603e+03	1.9715148e+03	1.9719882e+03	1.9726408e+03	1.9717599e+03	1.9721668e+03	1.9564030e+03	1.9714600e+03	1.9574315e+03	1.9713649e+03	1.9566176e+03	1.9718977e+03	1.9726900e+03	1.9715434e+03	2.4399960e+03	1.9712935e+03	1.9717314e+03	1.9717150e+03	1.9714317e+03	1.9714991e+03	1.9723050e+03	1.9565045e+03
1.9716740e+03	1.9728913e+03	1.9734818e+03	1.9429999e+03	1.9715148e+03	1.9719882e+03	1.9726408e+03	1.9717599e+03	1.9720534e+03	1.9564030e+03	1.9714600e+03	1.9574315e+03	1.9713649e+03	1.9566176e+03	1.9718977e+03	1.9726900e+03	1.9715434e+03	2.4399960e+03	1.9712393e+03	1.9717314e+03	1.9717150e+03	1.9714317e+03	1.9714991e+03	1.9723050e+03	1.9562831e+03
1.9716740e+03	1.9728121e+03	1.9734818e+03	1.9429999e+03	1.9715148e+03	1.9719882e+03	1.9726408e+03	1.9717599e+03	1.9720534e+03	1.9564030e+03	1.9714600e+03	1.9574315e+03	1.9713649e+03	1.9566176e+03	1.9718977e+03	1.9724306e+03	1.9715434e+03	2.4399960e+03	1.9712393e+03	1.9717314e+03	1.9717150e+03	1.9714317e+03	1.9714189e+03	1.9723050e+03	1.9562831e+03
1.9716740e+03	1.9726194e+03	1.9734818e+03	1.9429999e+03	1.9715148e+03	1.9719882e+03	1.9726408e+03	1.9717599e+03	1.9719344e+03	1.9563565e+03	1.9714600e+03	1.9574315e+03	1.9713649e+03	1.9566176e+03	1.9718977e+03	1.9724306e+03	1.9715434e+03	2.4399960e+03	1.9711936e+03	1.9717314e+03	1.9717150e+03	1.9714317e+03	1.9713908e+03	1.9723050e+03	1.9562831e+03
1.9716740e+03	1.9724177e+03	1.9734818e+03	1.9429999e+03	1.9715148e+03	1.9719882e+03	1.9726408e+03	1.9717599e+03	1.9719344e+03	1.9563565e+03	1.9714600e+03	1.9574315e+03	1.9713649e+03	1.9566176e+03	1.9718977e+03	1.9724306e+03	1.9715434e+03	2.4399960e+03	1.9711936e+03	1.9717314e+03	1.9717150e+03	1.9714317e+03	1.9713908e+03	1.9720621e+03	1.9562831e+03
1.9716740e+03	1.9724177e+03	1.9734818e+03	1.9429999e+03	1.9715148e+03	1.9719882e+03	1.9726408e+03	1.9717599e+03	1.9719344e+03	1.9563565e+03	1.9714600e+03	1.9574315e+03	1.9713649e+03	1.9566176e+03	1.9718977e+03	1.9724306e+03	1.9715434e+03	2.4399960e+03	1.9711936e+03	1.9716498e+03	1.9717150e+03	1.9714317e+03	1.9713908e+03	1.9720621e+03	1.9562831e+03
1.9716740e+03	1.9724177e+03	1.9734818e+03	1.9429999e+03	1.9715148e+03	1.9719882e+03	1.9726408e+03	1.9717599e+03	1.9719344e+03	1.9563565e+03	1.9714600e+03	1.9574315e+03	1.9713649e+03	1.9566176e+03	1.9718977e+03	1.9724306e+03	1.9715434e+03	2.4399960e+03	1.9711936e+03	1.9715011e+03	1.9717150e+03	1.9713495e+03	1.9713908e+03	1.9720621e+03	1.9562831e+03
1.9716740e+03	1.9724177e+03	1.9734818e+03	1.9429999e+03	1.9715148e+03	1.9719882e+03	1.9726408e+03	1.9717599e+03	1.9719344e+03	1.9563478e+03	1.9714600e+03	1.9574315e+03	1.9713649e+03	1.9566176e+03	1.9718977e+03	1.9724306e+03	1.9715434e+03	2.4399960e+03	1.9711936e+03	1.9715011e+03	1.9717150e+03	1.9713495e+03	1.9713908e+03	1.9720621e+03	1.9562831e+03
1.9716740e+03	1.9724177e+03	1.9734818e+03	1.9429999e+03	1.9715148e+03	1.9719882e+03	1.9726408e+03	1.9717599e+03	1.9719344e+03	1.9563478e+03	1.9714600e+03	1.9574315e+03	1.9713337e+03	1.9566176e+03	1.9718977e+03	1.9724306e+03	1.9715434e+03	2.4399960e+03	1.9711936e+03	1.9715011e+03	1.9717150e+03	1.9713495e+03	1.9713908e+03	1.9720621e+03	1.9562831e+03
1.9716740e+03	1.9724177e+03	1.9734818e+03	1.9429999e+03	1.9714958e+03	1.9719882e+03	1.9726408e+03	1.9717599e+03	1.9719344e+03	1.9563478e+03	1.9714600e+03	1.9574315e+03	1.9713337e+03	1.9566176e+03	1.9717742e+03	1.9724306e+03	1.9715434e+03	2.4399960e+03	1.9711588e+03	1.9715011e+03	1.9717150e+03	1.9713495e+03	1.9713908e+03	1.9720621e+03	1.9562831e+03
1.9716740e+03	1.9724177e+03	1.9734818e+03	1.9429999e+03	1.9714958e+03	1.9719882e+03	1.9726408e+03	1.9717599e+03	1.9719246e+03	1.9563478e+03	1.9714600e+03	1.9574315e+03	1.9713337e+03	1.9566176e+03	1.9717742e+03	1.9724306e+03	1.9715434e+03	2.4399960e+03	1.9710609e+03	1.9715011e+03	1.9717150e+03	1.9713495e+03	1.9713908e+03	1.9720621e+03	1.9562831e+03
1.9716740e+03	1.9724177e+03	1.9734818e+03	1.9429999e+03	1.9713956e+03	1.9719882e+03	1.9726408e+03	1.9717599e+03	1.9719246e+03	1.9563478e+03	1.9714600e+03	1.9574315e+03	1.9713337e+03	1.9566176e+03	1.9716897e+03	1.9724306e+03	1.9715434e+03	2.4399960e+03	1.9710609e+03	1.9715011e+03	1.9717150e+03	1.9713495e+03	1.9713124e+03	1.9720621e+03	1.9562831e+03
1.9716740e+03	1.9724177e+03	1.9734818e+03	1.9429999e+03	1.9713253e+03	1.9719882e+03	1.9726169e+03	1.9717599e+03	1.9717528e+03	1.9563478e+03	1.9714600e+03	1.9574315e+03	1.9713337e+03	1.9566176e+03	1.9716897e+03	1.9722069e+03	1.9715434e+03	2.4399960e+03	1.9710609e+03	1.9715011e+03	1.9717150e+03	1.9713495e+03	1.9713124e+03	1.9720621e+03	1.9561939e+03
1.9716740e+03	1.9724177e+03	1.9733410e+03	1.9429999e+03	1.9712169e+03	1.9719882e+03	1.9726169e+03	1.9717599e+03	1.9717528e+03	1.9561455e+03	1.9714600e+03	1.9574315e+03	1.9713337e+03	1.9566176e+03	1.9716897e+03	1.9722069e+03	1.9715434e+03	2.4399960e+03	1.9710609e+03	1.9715011e+03	1.9717150e+03	1.9713495e+03	1.9713124e+03	1.9720621e+03	1.9561939e+03
1.9716740e+03	1.9724177e+03	1.9733410e+03	1.9429999e+03	1.9712169e+03	1.9719882e+03	1.9726169e+03	1.9717599e+03	1.9717528e+03	1.9560560e+03	1.9714600e+03	1.9574315e+03	1.9713337e+03	1.9566176e+03	1.9716267e+03	1.9722069e+03	1.9715434e+03	2.4399960e+03	1.9710609e+03	1.9715011e+03	1.9717150e+03	1.9713495e+03	1.9713124e+03	1.9720621e+03	1.9561286e+03
1.9716740e+03	1.9724177e+03	1.9732059e+03	1.9429999e+03	1.9712169e+03	1.9719882e+03	1.9726169e+03	1.9717599e+03	1.9717528e+03	1.9560560e+03	1.9714600e+03	1.9574315e+03	1.9713337e+03	1.9566176e+03	1.9715016e+03	1.9722069e+03	1.9715434e+03	2.4399960e+03	1.9710609e+03	1.9714268e+03	1.9717150e+03	1.9713495e+03	1.9712944e+03	1.9720621e+03	1.9561286e+03
1.9716740e+03	1.9724177e+03	1.9732059e+03	1.9429999e+03	1.9712169e+03	1.9719882e+03	1.9725052e+03	1.9716018e+03	1.9717528e+03	1.9560560e+03	1.9714600e+03	1.9574315e+03	1.9713337e+03	1.9566176e+03	1.9715016e+03	1.9722069e+03	1.9715434e+03	2.4399960e+03	1.9710000e+03	1.9714268e+03	1.9717150e+03	1.9712214e+03	1.9712522e+03	1.9720621e+03	1.9561286e+03
1.9716740e+03	1.9724177e+03	1.9732059e+03	1.9429999e+03	1.9712169e+03	1.9719882e+03	1.9725052e+03	1.9716018e+03	1.9717377e+03	1.9560560e+03	1.9714600e+03	1.9574315e+03	1.9713337e+03	1.9566176e+03	1.9715016e+03	1.9722069e+03	1.9715434e+03	2.4399960e+03	1.9710000e+03	1.9714268e+03	1.9717150e+03	1.9712202e+03	1.9712522e+03	1.9720621e+03	1.9561286e+03
1.9716740e+03	1.9724177e+03	1.9731962e+03	1.9429999e+03	1.9712169e+03	1.9719882e+03	1.9722346e+03	1.9716018e+03	1.9717377e+03	1.9560560e+03	1.9714600e+03	1.9574315e+03	1.9713337e+03	1.9566176e+03	1.9715016e+03	1.9722069e+03	1.9715434e+03	2.4399960e+03	1.9710000e+03	1.9713872e+03	1.9717150e+03	1.9712202e+03	1.9712289e+03	1.9720621e+03	1.9561286e+03
1.9716740e+03	1.9724177e+03	1.9731294e+03	1.9429999e+03	1.9711220e+03	1.9719882e+03	1.9722346e+03	1.9714771e+03	1.9717377e+03	1.9560560e+03	1.9714600e+03	1.9574315e+03	1.9713337e+03	1.9566176e+03	1.9715016e+03	1.9722069e+03	1.9715434e+03	2.4399960e+03	1.9709720e+03	1.9712392e+03	1.9717150e+03	1.9711869e+03	1.9711439e+03	1.9720621e+03	1.9561286e+03
1.9716740e+03	1.9724177e+03	1.9730389e+03	1.9429999e+03	1.9711220e+03	1.9719882e+03	1.9722346e+03	1.9714771e+03	1.9717377e+03	1.9560560e+03	1.9714600e+03	1.9574195e+03	1.9713337e+03	1.9566176e+03	1.9714835e+03	1.9722069e+03	1.9715434e+03	2.4399960e+03	1.9709533e+03	1.9712392e+03	1.9717150e+03	1.9711869e+03	1.9711439e+03	1.9720621e+03	1.9561169e+03
1.9716740e+03	1.9724177e+03	1.9730389e+03	1.9429999e+03	1.9711220e+03	1.9719882e+03	1.9722346e+03	1.9714771e+03	1.9717377e+03	1.9560302e+03	1.9714600e+03	1.9574195e+03	1.9713337e+03	1.9566176e+03	1.9714618e+03	1.9721565e+03	1.9715434e+03	2.4399960e+03	1.9709018e+03	1.9712392e+03	1.9717150e+03	1.9711176e+03	1.9711268e+03	1.9720621e+03	1.9561169e+03
1.9716740e+03	1.9724177e+03	1.9730389e+03	1.9429999e+03	1.9711220e+03	1.9719882e+03	1.9722346e+03	1.9714771e+03	1.9717377e+03	1.9560302e+03	1.9714600e+03	1.9574195e+03	1.9713337e+03	1.9566176e+03	1.9714618e+03	1.9719833e+03	1.9715434e+03	2.4399960e+03	1.9709018e+03	1.9712392e+03	1.9716734e+03	1.9711176e+03	1.9711029e+03	1.9720621e+03	1.9559532e+03
1.9716740e+03	1.9724177e+03	1.9729095e+03	1.9428475e+03	1.9711220e+03	1.9719882e+03	1.9722346e+03	1.9713924e+03	1.9717377e+03	1.9560302e+03	1.9714600e+03	1.9574195e+03	1.9713337e+03	1.9566176e+03	1.9713958e+03	1.9719031e+03	1.9715434e+03	2.4399960e+03	1.9709018e+03	1.9712392e+03	1.9716734e+03	1.9711176e+03	1.9710777e+03	1.9720621e+03	1.9559532e+03
1.9716740e+03	1.9724177e+03	1.9728796e+03	1.9428475e+03	1.9710871e+03	1.9719882e+03	1.9722346e+03	1.9713924e+03	1.9715872e+03	1.9560302e+03	1.9714600e+03	1.9574195e+03	1.9713337e+03	1.9566176e+03	1.9713958e+03	1.9719031e+03	1.9715434e+03	2.4399960e+03	1.9708446e+03	1.9712392e+03	1.9716734e+03	1.9711176e+03	1.9710771e+03	1.9720621e+03	1.9559532e+03
1.9716740e+03	1.9723483e+03	1.9728796e+03	1.9428475e+03	1.9710871e+03	1.9719882e+03	1.9722346e+03	1.9712860e+03	1.9715872e+03	1.9559783e+03	1.9714600e+03	1.9574195e+03	1.9712843e+03	1.9566176e+03	1.9713214e+03	1.9718906e+03	1.9715434e+03	2.4399960e+03	1.9708397e+03	1.9711684e+03	1.9716734e+03	1.9710991e+03	1.9710000e+03	1.9720621e+03	1.9559532e+03
1.9716740e+03	1.9723483e+03	1.9728056e+03	1.9428475e+03	1.9710034e+03	1.9719882e+03	1.9722346e+03	1.9712860e+03	1.9715872e+03	1.9559268e+03	1.9714600e+03	1.9574195e+03	1.9712414e+03	1.9566176e+03	1.9713214e+03	1.9718210e+03	1.9715434e+03	2.4399960e+03	1.9708380e+03	1.9711684e+03	1.9716734e+03	1.9710951e+03	1.9709961e+03	1.9720621e+03	1.9559532e+03
1.9716740e+03	1.9723483e+03	1.9726649e+03	1.9428475e+03	1.9710034e+03	1.9719882e+03	1.9722346e+03	1.9712860e+03	1.9715793e+03	1.9559268e+03	1.9714600e+03	1.9574195e+03	1.9712414e+03	1.9566176e+03	1.9713132e+03	1.9718210e+03	1.9715434e+03	2.4399960e+03	1.9708380e+03	1.9711684e+03	1.9714765e+03	1.9710168e+03	1.9709259e+03	1.9720621e+03	1.9559532e+03
1.9716740e+03	1.9723483e+03	1.9726180e+03	1.9428475e+03	1.9710034e+03	1.9719882e+03	1.9722346e+03	1.9712860e+03	1.9715793e+03	1.9559268e+03	1.9714600e+03	1.9574195e+03	1.9712414e+03	1.9566176e+03	1.9712589e+03	1.9717877e+03	1.9715434e+03	2.4399960e+03	1.9708380e+03	1.9711684e+03	1.9714765e+03	1.9710168e+03	1.9709259e+03	1.9720069e+03	1.9559532e+03
1.9716740e+03	1.9723483e+03	1.9726180e+03	1.9428475e+03	1.9710034e+03	1.9719837e+03	1.9722346e+03	1.9712711e+03	1.9715793e+03	1.9558302e+03	1.9714600e+03	1.9574195e+03	1.9712414e+03	1.9563405e+03	1.9712589e+03	1.9717877e+03	1.9715434e+03	2.4399960e+03	1.9708380e+03	1.9711102e+03	1.9714765e+03	1.9710168e+03	1.9709173e+03	1.9720069e+03	1.9559532e+03
1.9716740e+03	1.9720368e+03	1.9725858e+03	1.9428475e+03	1.9709032e+03	1.9719837e+03	1.9722346e+03	1.9712711e+03	1.9715793e+03	1.9558302e+03	1.9714600e+03	1.9571601e+03	1.9711746e+03	1.9563405e+03	1.9712379e+03	1.9716550e+03	1.9715434e+03	2.4399960e+03	1.9707599e+03	1.9709053e+03	1.9714765e+03	1.9710168e+03	1.9708398e+03	1.9720069e+03	1.9559459e+03
1.9716740e+03	1.9720368e+03	1.9725858e+03	1.9428475e+03	1.9709032e+03	1.9719837e+03	1.9722346e+03	1.9712371e+03	1.9715793e+03	1.9557511e+03	1.9714600e+03	1.9571601e+03	1.9710736e+03	1.9563405e+03	1.9712057e+03	1.9716097e+03	1.9715434e+03	2.4399960e+03	1.9707599e+03	1.9709053e+03	1.9714765e+03	1.9710168e+03	1.9708398e+03	1.9718851e+03	1.9559459e+03
1.9716740e+03	1.9720368e+03	1.9725858e+03	1.9426405e+03	1.9708709e+03	1.9719837e+03	1.9722346e+03	1.9711338e+03	1.9715593e+03	1.9557511e+03	1.9714600e+03	1.9571601e+03	1.9710539e+03	1.9563405e+03	1.9711195e+03	1.9716031e+03	1.9715434e+03	2.4399960e+03	1.9707585e+03	1.9709053e+03	1.9714765e+03	1.9710168e+03	1.9708398e+03	1.9717560e+03	1.9559459e+03
1.9716740e+03	1.9720368e+03	1.9725858e+03	1.9426405e+03	1.9708643e+03	1.9719837e+03	1.9722346e+03	1.9711338e+03	1.9715593e+03	1.9557511e+03	1.9714600e+03	1.9571601e+03	1.9710539e+03	1.9563405e+03	1.9710836e+03	1.9715440e+03	1.9715434e+03	2.4399960e+03	1.9707585e+03	1.9709053e+03	1.9714765e+03	1.9709770e+03	1.9708398e+03	1.9717560e+03	1.9557734e+03
1.9716740e+03	1.9720368e+03	1.9725839e+03	1.9426405e+03	1.9708549e+03	1.9719837e+03	1.9722346e+03	1.9711338e+03	1.9715572e+03	1.9557023e+03	1.9714600e+03	1.9571601e+03	1.9709971e+03	1.9563405e+03	1.9710836e+03	1.9715110e+03	1.9715434e+03	2.4399960e+03	1.9707489e+03	1.9709053e+03	1.9714765e+03	1.9709630e+03	1.9708398e+03	1.9717560e+03	1.9557734e+03
1.9716740e+03	1.9720368e+03	1.9725113e+03	1.9426405e+03	1.9708342e+03	1.9719837e+03	1.9722346e+03	1.9710846e+03	1.9715121e+03	1.9557023e+03	1.9714600e+03	1.9571601e+03	1.9709926e+03	1.9563405e+03	1.9710836e+03	1.9715110e+03	1.9715434e+03	2.4399960e+03	1.9707489e+03	1.9709053e+03	1.9714765e+03	1.9709630e+03	1.9708398e+03	1.9717560e+03	1.9557734e+03
1.9716740e+03	1.9720368e+03	1.9725113e+03	1.9425201e+03	1.9708342e+03	1.9719837e+03	1.9722346e+03	1.9710846e+03	1.9714843e+03	1.9557023e+03	1.9714600e+03	1.9571601e+03	1.9709926e+03	1.9563405e+03	1.9710247e+03	1.9715110e+03	1.9715434e+03	2.4399960e+03	1.9706680e+03	1.9709053e+03	1.9714765e+03	1.9709276e+03	1.9707925e+03	1.9717560e+03	1.9557734e+03
1.9716740e+03	1.9720368e+03	1.9725113e+03	1.9425201e+03	1.9707680e+03	1.9719837e+03	1.9722346e+03	1.9710846e+03	1.9714843e+03	1.9556122e+03	1.9714600e+03	1.9571601e+03	1.9709926e+03	1.9563405e+03	1.9709071e+03	1.9713766e+03	1.9715434e+03	2.4399960e+03	1.9706680e+03	1.9709053e+03	1.9714765e+03	1.9709276e+03	1.9707925e+03	1.9717560e+03	1.9557734e+03
1.9716740e+03	1.9720368e+03	1.9723495e+03	1.9425201e+03	1.9707680e+03	1.9719837e+03	1.9722346e+03	1.9710543e+03	1.9714505e+03	1.9556122e+03	1.9714600e+03	1.9571601e+03	1.9709926e+03	1.9563405e+03	1.9709071e+03	1.9713766e+03	1.9715434e+03	2.4399960e+03	1.9706680e+03	1.9709053e+03	1.9714765e+03	1.9708694e+03	1.9707925e+03	1.9717117e+03	1.9557132e+03
1.9716740e+03	1.9720368e+03	1.9723156e+03	1.9425201e+03	1.9707680e+03	1.9719837e+03	1.9722346e+03	1.9709854e+03	1.9714098e+03	1.9555667e+03	1.9714600e+03	1.9571601e+03	1.9708668e+03	1.9563405e+03	1.9709071e+03	1.9713673e+03	1.9715434e+03	2.4399960e+03	1.9706456e+03	1.9708660e+03	1.9714765e+03	1.9708632e+03	1.9707925e+03	1.9715426e+03	1.9557132e+03
1.9716740e+03	1.9720368e+03	1.9723137e+03	1.9425201e+03	1.9707680e+03	1.9719837e+03	1.9721176e+03	1.9709854e+03	1.9714098e+03	1.9555667e+03	1.9714600e+03	1.9571601e+03	1.9708668e+03	1.9563405e+03	1.9708711e+03	1.9713212e+03	1.9715434e+03	2.4399960e+03	1.9706456e+03	1.9708021e+03	1.9714765e+03	1.9708333e+03	1.9707526e+03	1.9715070e+03	1.9557132e+03
1.9716740e+03	1.9720368e+03	1.9722117e+03	1.9425201e+03	1.9707127e+03	1.9717548e+03	1.9721176e+03	1.9709628e+03	1.9713836e+03	1.9555667e+03	1.9714600e+03	1.9571601e+03	1.9708668e+03	1.9563405e+03	1.9708711e+03	1.9713212e+03	1.9715434e+03	2.4399960e+03	1.9706456e+03	1.9707151e+03	1.9714765e+03	1.9708320e+03	1.9707526e+03	1.9715070e+03	1.9557132e+03
1.9716740e+03	1.9720368e+03	1.9721253e+03	1.9425201e+03	1.9707127e+03	1.9717548e+03	1.9721176e+03	1.9709628e+03	1.9713836e+03	1.9554783e+03	1.9714600e+03	1.9571601e+03	1.9708668e+03	1.9563405e+03	1.9708711e+03	1.9712964e+03	1.9715434e+03	2.4399960e+03	1.9706303e+03	1.9707151e+03	1.9712855e+03	1.9708312e+03	1.9707225e+03	1.9715070e+03	1.9557132e+03
1.9716740e+03	1.9720368e+03	1.9721253e+03	1.9425201e+03	1.9707127e+03	1.9717548e+03	1.9721176e+03	1.9708368e+03	1.9713836e+03	1.9554783e+03	1.9714600e+03	1.9571222e+03	1.9708593e+03	1.9563405e+03	1.9708711e+03	1.9712964e+03	1.9715434e+03	2.4399960e+03	1.9706303e+03	1.9707151e+03	1.9712855e+03	1.9708312e+03	1.9706702e+03	1.9715070e+03	1.9557132e+03
1.9716740e+03	1.9720368e+03	1.9720770e+03	1.9425201e+03	1.9707127e+03	1.9717548e+03	1.9719380e+03	1.9708368e+03	1.9713836e+03	1.9554783e+03	1.9712814e+03	1.9571222e+03	1.9708002e+03	1.9563405e+03	1.9708711e+03	1.9712411e+03	1.9715434e+03	2.4399960e+03	1.9706303e+03	1.9707151e+03	1.9712855e+03	1.9708181e+03	1.9706572e+03	1.9713841e+03	1.9557132e+03
1.9716740e+03	1.9720368e+03	1.9719956e+03	1.9425201e+03	1.9707127e+03	1.9717548e+03	1.9719380e+03	1.9708368e+03	1.9713836e+03	1.9554638e+03	1.9712814e+03	1.9571222e+03	1.9707981e+03	1.9563405e+03	1.9708711e+03	1.9711805e+03	1.9715434e+03	2.4399960e+03	1.9706303e+03	1.9707058e+03	1.9712855e+03	1.9708054e+03	1.9706572e+03	1.9713841e+03	1.9557132e+03
1.9716740e+03	1.9720368e+03	1.9718645e+03	1.9425201e+03	1.9707127e+03	1.9717548e+03	1.9719380e+03	1.9708074e+03	1.9713836e+03	1.9554060e+03	1.9712814e+03	1.9571222e+03	1.9707558e+03	1.9561814e+03	1.9708711e+03	1.9711805e+03	1.9715434e+03	2.4399960e+03	1.9706303e+03	1.9707058e+03	1.9712344e+03	1.9708054e+03	1.9706572e+03	1.9713841e+03	1.9555963e+03
1.9716740e+03	1.9720368e+03	1.9718573e+03	1.9425201e+03	1.9707048e+03	1.9717548e+03	1.9719380e+03	1.9708074e+03	1.9713836e+03	1.9554060e+03	1.9712814e+03	1.9571222e+03	1.9707558e+03	1.9561814e+03	1.9708711e+03	1.9711805e+03	1.9715434e+03	2.4399960e+03	1.9706303e+03	1.9706732e+03	1.9711996e+03	1.9708054e+03	1.9706483e+03	1.9713605e+03	1.9555963e+03
1.9716740e+03	1.9720368e+03	1.9718373e+03	1.9425201e+03	1.9706835e+03	1.9717548e+03	1.9719380e+03	1.9708074e+03	1.9713836e+03	1.9552782e+03	1.9712814e+03	1.9571222e+03	1.9707357e+03	1.9561814e+03	1.9708095e+03	1.9710876e+03	1.9715434e+03	2.4399960e+03	1.9706303e+03	1.9706679e+03	1.9711996e+03	1.9708001e+03	1.9706326e+03	1.9713177e+03	1.9555963e+03
1.9716740e+03	1.9720368e+03	1.9718373e+03	1.9425201e+03	1.9706575e+03	1.9717548e+03	1.9719380e+03	1.9707988e+03	1.9713836e+03	1.9552782e+03	1.9712814e+03	1.9571222e+03	1.9707233e+03	1.9561814e+03	1.9708095e+03	1.9710876e+03	1.9715434e+03	2.4399960e+03	1.9706303e+03	1.9706679e+03	1.9711996e+03	1.9707551e+03	1.9706142e+03	1.9713148e+03	1.9555963e+03
1.9716740e+03	1.9720368e+03	1.9718373e+03	1.9425201e+03	1.9706575e+03	1.9717548e+03	1.9719380e+03	1.9707988e+03	1.9713836e+03	1.9552782e+03	1.9712814e+03	1.9571222e+03	1.9707139e+03	1.9561814e+03	1.9708095e+03	1.9710876e+03	1.9715434e+03	2.4399960e+03	1.9706303e+03	1.9706431e+03	1.9711996e+03	1.9707551e+03	1.9706142e+03	1.9713148e+03	1.9555184e+03
1.9716740e+03	1.9720368e+03	1.9718373e+03	1.9425201e+03	1.9706384e+03	1.9717548e+03	1.9717492e+03	1.9707923e+03	1.9713836e+03	1.9552782e+03	1.9712814e+03	1.9571222e+03	1.9707139e+03	1.9561814e+03	1.9708095e+03	1.9710876e+03	1.9715434e+03	2.4399960e+03	1.9706154e+03	1.9706431e+03	1.9711764e+03	1.9707451e+03	1.9705963e+03	1.9712395e+03	1.9555184e+03
1.9716740e+03	1.9720368e+03	1.9718373e+03	1.9425201e+03	1.9706357e+03	1.9717548e+03	1.9717492e+03	1.9707923e+03	1.9713836e+03	1.9552782e+03	1.9712814e+03	1.9571222e+03	1.9706737e+03	1.9561814e+03	1.9707797e+03	1.9710876e+03	1.9715434e+03	2.4399960e+03	1.9706154e+03	1.9706288e+03	1.9711288e+03	1.9707061e+03	1.9705963e+03	1.9712133e+03	1.9555184e+03
1.9716740e+03	1.9720368e+03	1.9718373e+03	1.9425201e+03	1.9706317e+03	1.9717548e+03	1.9717492e+03	1.9707361e+03	1.9713836e+03	1.9552782e+03	1.9712814e+03	1.9571222e+03	1.9706737e+03	1.9561814e+03	1.9707612e+03	1.9710574e+03	1.9715434e+03	2.4399960e+03	1.9706154e+03	1.9705925e+03	1.9711221e+03	1.9707061e+03	1.9705963e+03	1.9712133e+03	1.9555184e+03
1.9716740e+03	1.9720368e+03	1.9718373e+03	1.9425201e+03	1.9706046e+03	1.9717548e+03	1.9717492e+03	1.9706832e+03	1.9712682e+03	1.9552782e+03	1.9712814e+03	1.9568447e+03	1.9706702e+03	1.9561814e+03	1.9707578e+03	1.9710574e+03	1.9715434e+03	2.4399960e+03	1.9706089e+03	1.9705911e+03	1.9711221e+03	1.9706899e+03	1.9705963e+03	1.9712133e+03	1.9554696e+03
1.9716740e+03	1.9720368e+03	1.9718373e+03	1.9425201e+03	1.9705957e+03	1.9717548e+03	1.9717492e+03	1.9706493e+03	1.9712682e+03	1.9552782e+03	1.9712814e+03	1.9568447e+03	1.9706702e+03	1.9561814e+03	1.9707291e+03	1.9710574e+03	1.9715434e+03	2.4399960e+03	1.9705924e+03	1.9705911e+03	1.9711221e+03	1.9706899e+03	1.9705963e+03	1.9712133e+03	1.9554696e+03
1.9716740e+03	1.9720368e+03	1.9718373e+03	1.9425201e+03	1.9705957e+03	1.9717548e+03	1.9717138e+03	1.9706493e+03	1.9712682e+03	1.9552747e+03	1.9712656e+03	1.9568447e+03	1.9706434e+03	1.9561814e+03	1.9707291e+03	1.9710544e+03	1.9715434e+03	2.4399960e+03	1.9705924e+03	1.9705760e+03	1.9710439e+03	1.9706898e+03	1.9705908e+03	1.9711863e+03	1.9554696e+03
1.9716740e+03	1.9720368e+03	1.9718373e+03	1.9425201e+03	1.9705927e+03	1.9717548e+03	1.9717138e+03	1.9706050e+03	1.9712101e+03	1.9552451e+03	1.9712656e+03	1.9568447e+03	1.9705948e+03	1.9561814e+03	1.9706763e+03	1.9710544e+03	1.9715434e+03	2.4399960e+03	1.9705924e+03	1.9705405e+03	1.9710439e+03	1.9706898e+03	1.9705879e+03	1.9711863e+03	1.9554696e+03
1.9716740e+03	1.9720368e+03	1.9718373e+03	1.9425201e+03	1.9705913e+03	1.9717548e+03	1.9716489e+03	1.9705498e+03	1.9711149e+03	1.9552193e+03	1.9712656e+03	1.9568447e+03	1.9705948e+03	1.9561814e+03	1.9706763e+03	1.9710469e+03	1.9715434e+03	2.4399960e+03	1.9705764e+03	1.9705405e+03	1.9710439e+03	1.9706856e+03	1.9705819e+03	1.9711863e+03	1.9554696e+03
1.9716740e+03	1.9720368e+03	1.9718373e+03	1.9425201e+03	1.9705913e+03	1.9717548e+03	1.9715809e+03	1.9705498e+03	1.9710843e+03	1.9551923e+03	1.9712656e+03	1.9568447e+03	1.9705948e+03	1.9561814e+03	1.9706763e+03	1.9709840e+03	1.9715434e+03	2.4399960e+03	1.9705690e+03	1.9705405e+03	1.9710339e+03	1.9706687e+03	1.9705819e+03	1.9711863e+03	1.9554696e+03
1.9716740e+03	1.9720368e+03	1.9718373e+03	1.9425201e+03	1.9705913e+03	1.9717548e+03	1.9715355e+03	1.9705498e+03	1.9710843e+03	1.9551887e+03	1.9712656e+03	1.9568447e+03	1.9705948e+03	1.9561814e+03	1.9706641e+03	1.9709690e+03	1.9715434e+03	2.4399960e+03	1.9705605e+03	1.9705405e+03	1.9710109e+03	1.9706677e+03	1.9705819e+03	1.9710444e+03	1.9554696e+03
1.9716740e+03	1.9720368e+03	1.9718373e+03	1.9425201e+03	1.9705913e+03	1.9717548e+03	1.9715355e+03	1.9705332e+03	1.9710843e+03	1.9551887e+03	1.9712656e+03	1.9568447e+03	1.9705646e+03	1.9561814e+03	1.9706597e+03	1.9709690e+03	1.9715434e+03	2.4399960e+03	1.9705605e+03	1.9705405e+03	1.9710046e+03	1.9706651e+03	1.9705819e+03	1.9710444e+03	1.9554696e+03
1.9716740e+03	1.9719860e+03	1.9718373e+03	1.9425201e+03	1.9705913e+03	1.9717548e+03	1.9714567e+03	1.9705332e+03	1.9710662e+03	1.9551887e+03	1.9711814e+03	1.9568447e+03	1.9705646e+03	1.9561814e+03	1.9706597e+03	1.9709316e+03	1.9715434e+03	2.4399960e+03	1.9705538e+03	1.9705405e+03	1.9709609e+03	1.9706399e+03	1.9705819e+03	1.9710444e+03	1.9554696e+03
1.9716740e+03	1.9719860e+03	1.9718373e+03	1.9425201e+03	1.9705913e+03	1.9717548e+03	1.9714401e+03	1.9705332e+03	1.9710662e+03	1.9551677e+03	1.9711814e+03	1.9568447e+03	1.9705516e+03	1.9561814e+03	1.9706597e+03	1.9709145e+03	1.9715434e+03	2.4399960e+03	1.9705498e+03	1.9705405e+03	1.9708942e+03	1.9706339e+03	1.9705819e+03	1.9710444e+03	1.9554696e+03
1.9716740e+03	1.9719860e+03	1.9718373e+03	1.9425201e+03	1.9705913e+03	1.9717548e+03	1.9714397e+03	1.9705332e+03	1.9709467e+03	1.9551619e+03	1.9711814e+03	1.9568447e+03	1.9705516e+03	1.9561683e+03	1.9706229e+03	1.9708948e+03	1.9715434e+03	2.4399960e+03	1.9705498e+03	1.9705405e+03	1.9708942e+03	1.9706339e+03	1.9705819e+03	1.9710053e+03	1.9554696e+03
1.9716740e+03	1.9716553e+03	1.9718373e+03	1.9425201e+03	1.9705913e+03	1.9717548e+03	1.9713528e+03	1.9704998e+03	1.9709467e+03	1.9551619e+03	1.9711595e+03	1.9568447e+03	1.9705516e+03	1.9561367e+03	1.9706229e+03	1.9708441e+03	1.9715434e+03	2.4399960e+03	1.9705498e+03	1.9705253e+03	1.9708942e+03	1.9706238e+03	1.9705819e+03	1.9710053e+03	1.9554696e+03
1.9716740e+03	1.9713347e+03	1.9718373e+03	1.9425201e+03	1.9705913e+03	1.9717548e+03	1.9713528e+03	1.9704998e+03	1.9709467e+03	1.9551619e+03	1.9711595e+03	1.9568447e+03	1.9705239e+03	1.9561367e+03	1.9706229e+03	1.9708330e+03	1.9715434e+03	2.4399960e+03	1.9705498e+03	1.9705253e+03	1.9708942e+03	1.9706238e+03	1.9705819e+03	1.9709395e+03	1.9554696e+03
1.9716740e+03	1.9713347e+03	1.9718373e+03	1.9425201e+03	1.9705913e+03	1.9717548e+03	1.9712114e+03	1.9704998e+03	1.9709453e+03	1.9551412e+03	1.9711595e+03	1.9568447e+03	1.9705145e+03	1.9561367e+03	1.9706229e+03	1.9708136e+03	1.9715434e+03	2.4399960e+03	1.9705498e+03	1.9705253e+03	1.9708814e+03	1.9706238e+03	1.9705819e+03	1.9709395e+03	1.9554696e+03
1.9716740e+03	1.9713347e+03	1.9718373e+03	1.9425201e+03	1.9705913e+03	1.9717548e+03	1.9712114e+03	1.9704998e+03	1.9709364e+03	1.9551412e+03	1.9711275e+03	1.9568447e+03	1.9705145e+03	1.9561367e+03	1.9706229e+03	1.9708136e+03	1.9715434e+03	2.4399960e+03	1.9705498e+03	1.9705253e+03	1.9708248e+03	1.9706238e+03	1.9705819e+03	1.9709395e+03	1.9554696e+03
1.9716740e+03	1.9713347e+03	1.9718373e+03	1.9425201e+03	1.9705913e+03	1.9717548e+03	1.9711504e+03	1.9704998e+03	1.9708568e+03	1.9551269e+03	1.9711221e+03	1.9568447e+03	1.9705145e+03	1.9561367e+03	1.9706229e+03	1.9708136e+03	1.9715434e+03	2.4399960e+03	1.9705498e+03	1.9705253e+03	1.9708215e+03	1.9706108e+03	1.9705819e+03	1.9709395e+03	1.9554696e+03
1.9716740e+03	1.9713347e+03	1.9718373e+03	1.9425201e+03	1.9705913e+03	1.9717548e+03	1.9711504e+03	1.9704998e+03	1.9708568e+03	1.9551269e+03	1.9711197e+03	1.9568447e+03	1.9705145e+03	1.9561367e+03	1.9706229e+03	1.9708136e+03	1.9715434e+03	2.4399960e+03	1.9705498e+03	1.9705253e+03	1.9708215e+03	1.9706098e+03	1.9705819e+03	1.9709395e+03	1.9554696e+03
1.9716740e+03	1.9713347e+03	1.9718373e+03	1.9425201e+03	1.9705913e+03	1.9717548e+03	1.9711504e+03	1.9704998e+03	1.9708568e+03	1.9551269e+03	1.9710556e+03	1.9568447e+03	1.9705145e+03	1.9561367e+03	1.9706229e+03	1.9708136e+03	1.9715434e+03	2.4399960e+03	1.9705498e+03	1.9705154e+03	1.9707709e+03	1.9706076e+03	1.9705819e+03	1.9709395e+03	1.9554696e+03
1.9716740e+03	1.9713347e+03	1.9718373e+03	1.9425201e+03	1.9705913e+03	1.9717548e+03	1.9711231e+03	1.9704998e+03	1.9708467e+03	1.9551269e+03	1.9709800e+03	1.9568447e+03	1.9705145e+03	1.9560734e+03	1.9706229e+03	1.9708136e+03	1.9715434e+03	2.4399960e+03	1.9705498e+03	1.9705154e+03	1.9707709e+03	1.9706076e+03	1.9705819e+03	1.9709395e+03	1.9554696e+03
1.9716740e+03	1.9713347e+03	1.9718373e+03	1.9425201e+03	1.9705913e+03	1.9717548e+03	1.9711231e+03	1.9704998e+03	1.9708467e+03	1.9551269e+03	1.9709800e+03	1.9568447e+03	1.9705133e+03	1.9560734e+03	1.9706229e+03	1.9707754e+03	1.9715434e+03	2.4399960e+03	1.9705498e+03	1.9705070e+03	1.9707317e+03	1.9706076e+03	1.9705819e+03	1.9709237e+03	1.9554696e+03
1.9716740e+03	1.9713347e+03	1.9718373e+03	1.9425201e+03	1.9705913e+03	1.9717162e+03	1.9711231e+03	1.9704998e+03	1.9708358e+03	1.9551269e+03	1.9709800e+03	1.9568447e+03	1.9705086e+03	1.9560734e+03	1.9706229e+03	1.9707754e+03	1.9715434e+03	2.4399960e+03	1.9705498e+03	1.9705070e+03	1.9707313e+03	1.9706076e+03	1.9705819e+03	1.9708830e+03	1.9554696e+03
1.9716740e+03	1.9713347e+03	1.9718373e+03	1.9425201e+03	1.9705913e+03	1.9717162e+03	1.9711231e+03	1.9704998e+03	1.9708358e+03	1.9551269e+03	1.9709625e+03	1.9568447e+03	1.9705053e+03	1.9560734e+03	1.9706229e+03	1.9707643e+03	1.9715434e+03	2.4399960e+03	1.9705498e+03	1.9705070e+03	1.9707313e+03	1.9706076e+03	1.9705819e+03	1.9708830e+03	1.9554696e+03
1.9716740e+03	1.9713347e+03	1.9718373e+03	1.9425201e+03	1.9705913e+03	1.9717162e+03	1.9711231e+03	1.9704998e+03	1.9708020e+03	1.9551269e+03	1.9709625e+03	1.9568447e+03	1.9704953e+03	1.9560734e+03	1.9706229e+03	1.9707602e+03	1.9714271e+03	2.4399960e+03	1.9705498e+03	1.9705058e+03	1.9707294e+03	1.9706076e+03	1.9705819e+03	1.9708830e+03	1.9554696e+03
1.9716740e+03	1.9713347e+03	1.9718373e+03	1.9425201e+03	1.9705913e+03	1.9717162e+03	1.9711231e+03	1.9704998e+03	1.9708020e+03	1.9551269e+03	1.9709625e+03	1.9568447e+03	1.9704947e+03	1.9560734e+03	1.9706229e+03	1.9707602e+03	1.9714271e+03	2.4399960e+03	1.9705498e+03	1.9705017e+03	1.9707279e+03	1.9706053e+03	1.9705819e+03	1.9708830e+03	1.9554696e+03
1.9716740e+03	1.9713347e+03	1.9718373e+03	1.9425201e+03	1.9705913e+03	1.9717162e+03	1.9711231e+03	1.9704998e+03	1.9707864e+03	1.9551269e+03	1.9708922e+03	1.9568447e+03	1.9704937e+03	1.9560734e+03	1.9706229e+03	1.9707602e+03	1.9714271e+03	2.4399960e+03	1.9705498e+03	1.9704970e+03	1.9707279e+03	1.9706053e+03	1.9705819e+03	1.9708830e+03	1.9554696e+03
1.9716740e+03	1.9713347e+03	1.9718373e+03	1.9425201e+03	1.9705913e+03	1.9717162e+03	1.9711231e+03	1.9704998e+03	1.9707864e+03	1.9551269e+03	1.9708922e+03	1.9568447e+03	1.9704905e+03	1.9560734e+03	1.9706229e+03	1.9707602e+03	1.9714271e+03	2.4399960e+03	1.9705498e+03	1.9704970e+03	1.9707279e+03	1.9706052e+03	1.9705819e+03	1.9708830e+03	1.9554696e+03
1.9716740e+03	1.9713347e+03	1.9718373e+03	1.9425201e+03	1.9705913e+03	1.9717162e+03	1.9711231e+03	1.9704998e+03	1.9707730e+03	1.9551269e+03	1.9708922e+03	1.9568447e+03	1.9704905e+03	1.9560734e+03	1.9706229e+03	1.9707602e+03	1.9714271e+03	2.4399960e+03	1.9705498e+03	1.9704970e+03	1.9706889e+03	1.9706052e+03	1.9705819e+03	1.9708830e+03	1.9554696e+03
1.9716740e+03	1.9713347e+03	1.9718373e+03	1.9425201e+03	1.9705913e+03	1.9717162e+03	1.9711231e+03	1.9704998e+03	1.9707730e+03	1.9551269e+03	1.9708287e+03	1.9568447e+03	1.9704886e+03	1.9559391e+03	1.9706229e+03	1.9707602e+03	1.9714271e+03	2.4399960e+03	1.9705498e+03	1.9704970e+03	1.9706889e+03	1.9706035e+03	1.9705819e+03	1.9708587e+03	1.9554696e+03
1.9716740e+03	1.9713347e+03	1.9718373e+03	1.9425201e+03	1.9705913e+03	1.9717162e+03	1.9711231e+03	1.9704998e+03	1.9707730e+03	1.9551269e+03	1.9708287e+03	1.9568447e+03	1.9704885e+03	1.9559391e+03	1.9706229e+03	1.9707602e+03	1.9713522e+03	2.4399960e+03	1.9705498e+03	1.9704970e+03	1.9706805e+03	1.9706019e+03	1.9705819e+03	1.9708587e+03	1.9554696e+03
1.9716740e+03	1.9713347e+03	1.9718373e+03	1.9425201e+03	1.9705913e+03	1.9717162e+03	1.9711231e+03	1.9704998e+03	1.9707730e+03	1.9551269e+03	1.9708287e+03	1.9568447e+03	1.9704822e+03	1.9559391e+03	1.9706229e+03	1.9707602e+03	1.9713522e+03	2.4399960e+03	1.9705498e+03	1.9704970e+03	1.9706721e+03	1.9706019e+03	1.9705819e+03	1.9708587e+03	1.9554696e+03
1.9716740e+03	1.9712935e+03	1.9718373e+03	1.9425201e+03	1.9705913e+03	1.9717162e+03	1.9711231e+03	1.9704998e+03	1.9707730e+03	1.9551269e+03	1.9708158e+03	1.9565955e+03	1.9704817e+03	1.9559391e+03	1.9706229e+03	1.9707602e+03	1.9713522e+03	2.4399960e+03	1.9705498e+03	1.9704970e+03	1.9706604e+03	1.9706019e+03	1.9705819e+03	1.9708587e+03	1.9554696e+03
1.9716740e+03	1.9712935e+03	1.9718373e+03	1.9425201e+03	1.9705913e+03	1.9717162e+03	1.9711231e+03	1.9704998e+03	1.9707730e+03	1.9551269e+03	1.9708151e+03	1.9565914e+03	1.9704811e+03	1.9559391e+03	1.9706229e+03	1.9707602e+03	1.9712068e+03	2.4399960e+03	1.9705498e+03	1.9704970e+03	1.9706561e+03	1.9706004e+03	1.9705819e+03	1.9708587e+03	1.9554696e+03
1.9716740e+03	1.9712935e+03	1.9718373e+03	1.9425201e+03	1.9705913e+03	1.9714861e+03	1.9711231e+03	1.9704998e+03	1.9707730e+03	1.9551269e+03	1.9708151e+03	1.9565914e+03	1.9704806e+03	1.9558916e+03	1.9706229e+03	1.9707602e+03	1.9712068e+03	2.4399960e+03	1.9705498e+03	1.9704970e+03	1.9706369e+03	1.9706000e+03	1.9705819e+03	1.9708587e+03	1.9554696e+03
1.9716740e+03	1.9712935e+03	1.9718373e+03	1.9425201e+03	1.9705913e+03	1.9714861e+03	1.9711231e+03	1.9704998e+03	1.9707730e+03	1.9551269e+03	1.9707621e+03	1.9565914e+03	1.9704806e+03	1.9558916e+03	1.9706229e+03	1.9707508e+03	1.9712068e+03	2.4399960e+03	1.9705498e+03	1.9704970e+03	1.9706369e+03	1.9706000e+03	1.9705819e+03	1.9708587e+03	1.9554696e+03
1.9716740e+03	1.9712935e+03	1.9718373e+03	1.9425201e+03	1.9705913e+03	1.9714861e+03	1.9711113e+03	1.9704998e+03	1.9707730e+03	1.9551269e+03	1.9707373e+03	1.9565605e+03	1.9704806e+03	1.9558916e+03	1.9706229e+03	1.9707508e+03	1.9712068e+03	2.4399960e+03	1.9705498e+03	1.9704970e+03	1.9706369e+03	1.9706000e+03	1.9705819e+03	1.9708587e+03	1.9554696e+03
1.9716740e+03	1.9712904e+03	1.9718373e+03	1.9425201e+03	1.9705913e+03	1.9714861e+03	1.9711113e+03	1.9704998e+03	1.9707730e+03	1.9551269e+03	1.9707169e+03	1.9565605e+03	1.9704806e+03	1.9557847e+03	1.9706229e+03	1.9707508e+03	1.9712068e+03	2.4399960e+03	1.9705498e+03	1.9704970e+03	1.9706369e+03	1.9705997e+03	1.9705819e+03	1.9708587e+03	1.9554696e+03
1.9716740e+03	1.9712839e+03	1.9718373e+03	1.9425201e+03	1.9705913e+03	1.9714861e+03	1.9710864e+03	1.9704998e+03	1.9707730e+03	1.9551269e+03	1.9707169e+03	1.9565557e+03	1.9704806e+03	1.9557847e+03	1.9706229e+03	1.9707508e+03	1.9712068e+03	2.4399960e+03	1.9705498e+03	1.9704970e+03	1.9706369e+03	1.9705993e+03	1.9705819e+03	1.9708587e+03	1.9554696e+03
1.9716740e+03	1.9712129e+03	1.9718373e+03	1.9425201e+03	1.9705913e+03	1.9714861e+03	1.9710864e+03	1.9704998e+03	1.9707730e+03	1.9551269e+03	1.9707040e+03	1.9565557e+03	1.9704806e+03	1.9557804e+03	1.9706229e+03	1.9707508e+03	1.9711492e+03	2.4399960e+03	1.9705498e+03	1.9704970e+03	1.9706369e+03	1.9705993e+03	1.9705819e+03	1.9708587e+03	1.9554696e+03
1.9716740e+03	1.9711591e+03	1.9718373e+03	1.9425201e+03	1.9705913e+03	1.9714861e+03	1.9710864e+03	1.9704998e+03	1.9707730e+03	1.9551269e+03	1.9706443e+03	1.9564042e+03	1.9704806e+03	1.9557537e+03	1.9706229e+03	1.9707508e+03	1.9711492e+03	2.4399960e+03	1.9705498e+03	1.9704970e+03	1.9706369e+03	1.9705993e+03	1.9705819e+03	1.9708587e+03	1.9554696e+03
1.9716740e+03	1.9711591e+03	1.9718373e+03	1.9425201e+03	1.9705913e+03	1.9714861e+03	1.9710864e+03	1.9704998e+03	1.9707730e+03	1.9551269e+03	1.9706443e+03	1.9564042e+03	1.9704806e+03	1.9557537e+03	1.9706229e+03	1.9707508e+03	1.9711288e+03	2.4399960e+03	1.9705498e+03	1.9704970e+03	1.9706369e+03	1.9705993e+03	1.9705819e+03	1.9708587e+03	1.9554696e+03
1.9716740e+03	1.9711591e+03	1.9718373e+03	1.9425201e+03	1.9705913e+03	1.9714861e+03	1.9710864e+03	1.9704998e+03	1.9707730e+03	1.9551269e+03	1.9706184e+03	1.9564042e+03	1.9704806e+03	1.9557466e+03	1.9706229e+03	1.9707508e+03	1.9711288e+03	2.4399960e+03	1.9705498e+03	1.9704970e+03	1.9706369e+03	1.9705993e+03	1.9705819e+03	1.9708587e+03	1.9554696e+03
1.9716740e+03	1.9711591e+03	1.9718373e+03	1.9425201e+03	1.9705913e+03	1.9714861e+03	1.9710864e+03	1.9704998e+03	1.9707730e+03	1.9551269e+03	1.9706184e+03	1.9563849e+03	1.9704806e+03	1.9557388e+03	1.9706229e+03	1.9707508e+03	1.9711288e+03	2.4399960e+03	1.9705498e+03	1.9704970e+03	1.9706369e+03	1.9705993e+03	1.9705819e+03	1.9708587e+03	1.9554696e+03
1.9716740e+03	1.9711591e+03	1.9718373e+03	1.9425201e+03	1.9705913e+03	1.9713725e+03	1.9710795e+03	1.9704998e+03	1.9707730e+03	1.9551269e+03	1.9705598e+03	1.9563849e+03	1.9704806e+03	1.9556847e+03	1.9706229e+03	1.9707508e+03	1.9710790e+03	2.4399960e+03	1.9705498e+03	1.9704970e+03	1.9706369e+03	1.9705993e+03	1.9705819e+03	1.9708587e+03	1.9554696e+03
1.9716338e+03	1.9711591e+03	1.9718373e+03	1.9425201e+03	1.9705913e+03	1.9713725e+03	1.9709691e+03	1.9704998e+03	1.9707730e+03	1.9551269e+03	1.9705598e+03	1.9563849e+03	1.9704806e+03	1.9556325e+03	1.9706229e+03	1.9707508e+03	1.9710790e+03	2.4399960e+03	1.9705498e+03	1.9704970e+03	1.9706369e+03	1.9705993e+03	1.9705819e+03	1.9708587e+03	1.9554696e+03
1.9716338e+03	1.9711399e+03	1.9718373e+03	1.9424748e+03	1.9705913e+03	1.9713725e+03	1.9709691e+03	1.9704998e+03	1.9707730e+03	1.9551269e+03	1.9705565e+03	1.9563826e+03	1.9704806e+03	1.9556325e+03	1.9706229e+03	1.9707508e+03	1.9710680e+03	2.4399960e+03	1.9705498e+03	1.9704970e+03	1.9706369e+03	1.9705993e+03	1.9705819e+03	1.9708587e+03	1.9554696e+03
1.9716338e+03	1.9711399e+03	1.9718373e+03	1.9424748e+03	1.9705913e+03	1.9713725e+03	1.9709691e+03	1.9704998e+03	1.9707730e+03	1.9551269e+03	1.9705355e+03	1.9563471e+03	1.9704806e+03	1.9556325e+03	1.9706229e+03	1.9707508e+03	1.9710170e+03	2.4399960e+03	1.9705498e+03	1.9704970e+03	1.9706369e+03	1.9705993e+03	1.9705819e+03	1.9708587e+03	1.9554696e+03
1.9716338e+03	1.9711399e+03	1.9718373e+03	1.9424748e+03	1.9705913e+03	1.9713725e+03	1.9709691e+03	1.9704998e+03	1.9707730e+03	1.9551269e+03	1.9705285e+03	1.9563027e+03	1.9704806e+03	1.9556186e+03	1.9706229e+03	1.9707508e+03	1.9709992e+03	2.4399960e+03	1.9705498e+03	1.9704970e+03	1.9706369e+03	1.9705993e+03	1.9705819e+03	1.9708587e+03	1.9554696e+03
1.9716338e+03	1.9711399e+03	1.9718373e+03	1.9424711e+03	1.9705913e+03	1.9713725e+03	1.9709691e+03	1.9704998e+03	1.9707730e+03	1.9551269e+03	1.9704757e+03	1.9563027e+03	1.9704806e+03	1.9555844e+03	1.9706229e+03	1.9707508e+03	1.9709992e+03	2.4399960e+03	1.9705498e+03	1.9704970e+03	1.9706369e+03	1.9705993e+03	1.9705819e+03	1.9708587e+03	1.9554696e+03
1.9716338e+03	1.9711399e+03	1.9718373e+03	1.9424711e+03	1.9705913e+03	1.9713725e+03	1.9709691e+03	1.9704998e+03	1.9707730e+03	1.9551269e+03	1.9704757e+03	1.9562283e+03	1.9704806e+03	1.9555844e+03	1.9706229e+03	1.9707508e+03	1.9709992e+03	2.4399960e+03	1.9705498e+03	1.9704970e+03	1.9706369e+03	1.9705993e+03	1.9705819e+03	1.9708587e+03	1.9554696e+03
1.9716338e+03	1.9711055e+03	1.9718373e+03	1.9424711e+03	1.9705913e+03	1.9713099e+03	1.9709691e+03	1.9704998e+03	1.9707730e+03	1.9551269e+03	1.9704757e+03	1.9561426e+03	1.9704806e+03	1.9555726e+03	1.9706229e+03	1.9707508e+03	1.9708574e+03	2.4399960e+03	1.9705498e+03	1.9704970e+03	1.9706369e+03	1.9705993e+03	1.9705819e+03	1.9708587e+03	1.9554696e+03
1.9716338e+03	1.9710280e+03	1.9718373e+03	1.9424711e+03	1.9705913e+03	1.9713099e+03	1.9709691e+03	1.9704998e+03	1.9707730e+03	1.9551269e+03	1.9704757e+03	1.9561426e+03	1.9704806e+03	1.9554836e+03	1.9706229e+03	1.9707508e+03	1.9708574e+03	2.4399960e+03	1.9705498e+03	1.9704970e+03	1.9706369e+03	1.9705993e+03	1.9705819e+03	1.9708587e+03	1.9554696e+03
1.9716338e+03	1.9709702e+03	1.9718373e+03	1.9424711e+03	1.9705913e+03	1.9712892e+03	1.9709691e+03	1.9704998e+03	1.9707730e+03	1.9551269e+03	1.9704757e+03	1.9561426e+03	1.9704806e+03	1.9554836e+03	1.9706229e+03	1.9707508e+03	1.9708574e+03	2.4399960e+03	1.9705498e+03	1.9704970e+03	1.9706369e+03	1.9705993e+03	1.9705819e+03	1.9708587e+03	1.9554696e+03
1.9716338e+03	1.9709702e+03	1.9718373e+03	1.9424711e+03	1.9705913e+03	1.9712628e+03	1.9709691e+03	1.9704998e+03	1.9707730e+03	1.9551269e+03	1.9704757e+03	1.9559906e+03	1.9704806e+03	1.9553915e+03	1.9706229e+03	1.9707508e+03	1.9708574e+03	2.4399960e+03	1.9705498e+03	1.9704970e+03	1.9706369e+03	1.9705993e+03	1.9705819e+03	1.9708587e+03	1.9554696e+03
1.9716338e+03	1.9709639e+03	1.9718373e+03	1.9424636e+03	1.9705913e+03	1.9712572e+03	1.9709691e+03	1.9704998e+03	1.9707730e+03	1.9551269e+03	1.9704757e+03	1.9558861e+03	1.9704806e+03	1.9553915e+03	1.9706229e+03	1.9707508e+03	1.9708574e+03	2.4399960e+03	1.9705498e+03	1.9704970e+03	1.9706369e+03	1.9705993e+03	1.9705819e+03	1.9708587e+03	1.9554696e+03
1.9716338e+03	1.9709220e+03	1.9718373e+03	1.9424636e+03	1.9705913e+03	1.9712572e+03	1.9709691e+03	1.9704998e+03	1.9707730e+03	1.9551269e+03	1.9704757e+03	1.9558861e+03	1.9704806e+03	1.9553915e+03	1.9706229e+03	1.9707508e+03	1.9708572e+03	2.4399960e+03	1.9705498e+03	1.9704970e+03	1.9706369e+03	1.9705993e+03	1.9705819e+03	1.9708587e+03	1.9554696e+03
1.9716338e+03	1.9709203e+03	1.9718373e+03	1.9424144e+03	1.9705913e+03	1.9711316e+03	1.9709691e+03	1.9704998e+03	1.9707730e+03	1.9551269e+03	1.9704757e+03	1.9558861e+03	1.9704806e+03	1.9553915e+03	1.9706229e+03	1.9707508e+03	1.9708333e+03	2.4399960e+03	1.9705498e+03	1.9704970e+03	1.9706369e+03	1.9705993e+03	1.9705819e+03	1.9708587e+03	1.9554696e+03
1.9716338e+03	1.9709063e+03	1.9718373e+03	1.9424144e+03	1.9705913e+03	1.9711316e+03	1.9709691e+03	1.9704998e+03	1.9707730e+03	1.9551269e+03	1.9704757e+03	1.9558861e+03	1.9704806e+03	1.9553915e+03	1.9706229e+03	1.9707508e+03	1.9707746e+03	2.4399960e+03	1.9705498e+03	1.9704970e+03	1.9706369e+03	1.9705993e+03	1.9705819e+03	1.9708587e+03	1.9554696e+03
1.9716338e+03	1.9709063e+03	1.9718373e+03	1.9423855e+03	1.9705913e+03	1.9711316e+03	1.9709691e+03	1.9704998e+03	1.9707730e+03	1.9551269e+03	1.9704757e+03	1.9558861e+03	1.9704806e+03	1.9552445e+03	1.9706229e+03	1.9707508e+03	1.9707739e+03	2.4399960e+03	1.9705498e+03	1.9704970e+03	1.9706369e+03	1.9705993e+03	1.9705819e+03	1.9708587e+03	1.9554696e+03
1.9715994e+03	1.9708066e+03	1.9718373e+03	1.9422953e+03	1.9705913e+03	1.9711022e+03	1.9709691e+03	1.9704998e+03	1.9707730e+03	1.9551269e+03	1.9704757e+03	1.9558861e+03	1.9704806e+03	1.9552445e+03	1.9706229e+03	1.9707508e+03	1.9707713e+03	2.4399960e+03	1.9705498e+03	1.9704970e+03	1.9706369e+03	1.9705993e+03	1.9705819e+03	1.9708587e+03	1.9554696e+03
1.9714543e+03	1.9708066e+03	1.9718373e+03	1.9422915e+03	1.9705913e+03	1.9711022e+03	1.9709691e+03	1.9704998e+03	1.9707730e+03	1.9551269e+03	1.9704757e+03	1.9558861e+03	1.9704806e+03	1.9552445e+03	1.9706229e+03	1.9707508e+03	1.9707611e+03	2.4399960e+03	1.9705498e+03	1.9704970e+03	1.9706369e+03	1.9705993e+03	1.9705819e+03	1.9708587e+03	1.9554696e+03
1.9714543e+03	1.9707985e+03	1.9718373e+03	1.9422915e+03	1.9705913e+03	1.9710963e+03	1.9709691e+03	1.9704998e+03	1.9707730e+03	1.9551269e+03	1.9704757e+03	1.9558861e+03	1.9704806e+03	1.9552445e+03	1.9706229e+03	1.9707508e+03	1.9707611e+03	2.4399960e+03	1.9705498e+03	1.9704970e+03	1.9706369e+03	1.9705993e+03	1.9705819e+03	1.9708587e+03	1.9554696e+03
1.9714543e+03	1.9707850e+03	1.9718373e+03	1.9422608e+03	1.9705913e+03	1.9710239e+03	1.9709691e+03	1.9704998e+03	1.9707730e+03	1.9551269e+03	1.9704757e+03	1.9558675e+03	1.9704806e+03	1.9552445e+03	1.9706229e+03	1.9707508e+03	1.9707474e+03	2.4399960e+03	1.9705498e+03	1.9704970e+03	1.9706369e+03	1.9705993e+03	1.9705819e+03	1.9708587e+03	1.9554696e+03
1.9714026e+03	1.9707563e+03	1.9718373e+03	1.9422108e+03	1.9705913e+03	1.9709200e+03	1.9709691e+03	1.9704998e+03	1.9707730e+03	1.9551269e+03	1.9704757e+03	1.9558675e+03	1.9704806e+03	1.9552445e+03	1.9706229e+03	1.9707508e+03	1.9707474e+03	2.4399960e+03	1.9705498e+03	1.9704970e+03	1.9706369e+03	1.9705993e+03	1.9705819e+03	1.9708587e+03	1.9554696e+03
1.9713293e+03	1.9707107e+03	1.9718373e+03	1.9422069e+03	1.9705913e+03	1.9709200e+03	1.9709691e+03	1.9704998e+03	1.9707730e+03	1.9551269e+03	1.9704757e+03	1.9557629e+03	1.9704806e+03	1.9552276e+03	1.9706229e+03	1.9707508e+03	1.9707269e+03	2.4399960e+03	1.9705498e+03	1.9704970e+03	1.9706369e+03	1.9705993e+03	1.9705819e+03	1.9708587e+03	1.9554696e+03
1.9713293e+03	1.9706729e+03	1.9718373e+03	1.9422069e+03	1.9705913e+03	1.9709200e+03	1.9709691e+03	1.9704998e+03	1.9707730e+03	1.9551269e+03	1.9704757e+03	1.9557236e+03	1.9704806e+03	1.9552276e+03	1.9706229e+03	1.9707508e+03	1.9706705e+03	2.4399960e+03	1.9705498e+03	1.9704970e+03	1.9706369e+03	1.9705993e+03	1.9705819e+03	1.9708587e+03	1.9554696e+03
1.9713212e+03	1.9706715e+03	1.9718373e+03	1.9421063e+03	1.9705913e+03	1.9709170e+03	1.9709691e+03	1.9704998e+03	1.9707730e+03	1.9551269e+03	1.9704757e+03	1.9557236e+03	1.9704806e+03	1.9552276e+03	1.9706229e+03	1.9707508e+03	1.9706705e+03	2.4399960e+03	1.9705498e+03	1.9704970e+03	1.9706369e+03	1.9705993e+03	1.9705819e+03	1.9708587e+03	1.9554696e+03
1.9712520e+03	1.9706529e+03	1.9718373e+03	1.9420906e+03	1.9705913e+03	1.9709165e+03	1.9709691e+03	1.9704998e+03	1.9707730e+03	1.9551269e+03	1.9704757e+03	1.9557236e+03	1.9704806e+03	1.9552225e+03	1.9706229e+03	1.9707508e+03	1.9706705e+03	2.4399960e+03	1.9705498e+03	1.9704970e+03	1.9706369e+03	1.9705993e+03	1.9705819e+03	1.9708587e+03	1.9554696e+03
1.9712250e+03	1.9705977e+03	1.9718373e+03	1.9420596e+03	1.9705913e+03	1.9708775e+03	1.9709691e+03	1.9704998e+03	1.9707730e+03	1.9551269e+03	1.9704757e+03	1.9556732e+03	1.9704806e+03	1.9552225e+03	1.9706229e+03	1.9707508e+03	1.9706705e+03	2.4399960e+03	1.9705498e+03	1.9704970e+03	1.9706369e+03	1.9705993e+03	1.9705819e+03	1.9708587e+03	1.9554696e+03
1.9712226e+03	1.9705977e+03	1.9718373e+03	1.9420061e+03	1.9705913e+03	1.9708524e+03	1.9709691e+03	1.9704998e+03	1.9707730e+03	1.9551269e+03	1.9704757e+03	1.9556732e+03	1.9704806e+03	1.9552225e+03	1.9706229e+03	1.9707508e+03	1.9706705e+03	2.4399960e+03	1.9705498e+03	1.9704970e+03	1.9706369e+03	1.9705993e+03	1.9705819e+03	1.9708587e+03	1.9554696e+03
1.9712226e+03	1.9705977e+03	1.9718373e+03	1.9419140e+03	1.9705913e+03	1.9708524e+03	1.9709691e+03	1.9704998e+03	1.9707730e+03	1.9551269e+03	1.9704757e+03	1.9556732e+03	1.9704806e+03	1.9552076e+03	1.9706229e+03	1.9707508e+03	1.9706705e+03	2.4399960e+03	1.9705498e+03	1.9704970e+03	1.9706369e+03	1.9705993e+03	1.9705819e+03	1.9708587e+03	1.9554696e+03
1.9711717e+03	1.9705977e+03	1.9718373e+03	1.9418545e+03	1.9705913e+03	1.9708524e+03	1.9709691e+03	1.9704998e+03	1.9707730e+03	1.9551269e+03	1.9704757e+03	1.9555864e+03	1.9704806e+03	1.9552049e+03	1.9706229e+03	1.9707508e+03	1.9706227e+03	2.4399960e+03	1.9705498e+03	1.9704970e+03	1.9706369e+03	1.9705993e+03	1.9705819e+03	1.9708587e+03	1.9554696e+03
1.9711587e+03	1.9705977e+03	1.9718373e+03	1.9418545e+03	1.9705913e+03	1.9708524e+03	1.9709691e+03	1.9704998e+03	1.9707730e+03	1.9551269e+03	1.9704757e+03	1.9555864e+03	1.9704806e+03	1.9552049e+03	1.9706229e+03	1.9707508e+03	1.9706227e+03	2.4399960e+03	1.9705498e+03	1.9704970e+03	1.9706369e+03	1.9705993e+03	1.9705819e+03	1.9708587e+03	1.9554696e+03
1.9711506e+03	1.9705977e+03	1.9718373e+03	1.9418545e+03	1.9705913e+03	1.9708524e+03	1.9709691e+03	1.9704998e+03	1.9707730e+03	1.9551269e+03	1.9704757e+03	1.9555810e+03	1.9704806e+03	1.9552049e+03	1.9706229e+03	1.9707508e+03	1.9706070e+03	2.4399960e+03	1.9705498e+03	1.9704970e+03	1.9706369e+03	1.9705993e+03	1.9705819e+03	1.9708587e+03	1.9554696e+03
1.9711213e+03	1.9705977e+03	1.9718373e+03	1.9418545e+03	1.9705913e+03	1.9708524e+03	1.9709691e+03	1.9704998e+03	1.9707730e+03	1.9551269e+03	1.9704757e+03	1.9555243e+03	1.9704806e+03	1.9552049e+03	1.9706229e+03	1.9707508e+03	1.9705725e+03	2.4399960e+03	1.9705498e+03	1.9704970e+03	1.9706369e+03	1.9705993e+03	1.9705819e+03	1.9708587e+03	1.9554696e+03
1.9710988e+03	1.9705977e+03	1.9718373e+03	1.9418545e+03	1.9705913e+03	1.9708524e+03	1.9709691e+03	1.9704998e+03	1.9707730e+03	1.9551269e+03	1.9704757e+03	1.9555243e+03	1.9704806e+03	1.9552049e+03	1.9706229e+03	1.9707508e+03	1.9705570e+03	2.4399960e+03	1.9705498e+03	1.9704970e+03	1.9706369e+03	1.9705993e+03	1.9705819e+03	1.9708587e+03	1.9554696e+03
1.9710900e+03	1.9705811e+03	1.9718373e+03	1.9418545e+03	1.9705913e+03	1.9708524e+03	1.9709691e+03	1.9704998e+03	1.9707730e+03	1.9551269e+03	1.9704757e+03	1.9555243e+03	1.9704806e+03	1.9552049e+03	1.9706229e+03	1.9707508e+03	1.9705525e+03	2.4399960e+03	1.9705498e+03	1.9704970e+03	1.9706369e+03	1.9705993e+03	1.9705819e+03	1.9708587e+03	1.9554696e+03
1.9710875e+03	1.9705412e+03	1.9718373e+03	1.9418545e+03	1.9705913e+03	1.9708524e+03	1.9709691e+03	1.9704998e+03	1.9707730e+03	1.9551269e+03	1.9704757e+03	1.9555243e+03	1.9704806e+03	1.9552049e+03	1.9706229e+03	1.9707508e+03	1.9705400e+03	2.4399960e+03	1.9705498e+03	1.9704970e+03	1.9706369e+03	1.9705993e+03	1.9705819e+03	1.9708587e+03	1.9554696e+03
1.9710265e+03	1.9705412e+03	1.9718373e+03	1.9418545e+03	1.9705913e+03	1.9708524e+03	1.9709691e+03	1.9704998e+03	1.9707730e+03	1.9551269e+03	1.9704757e+03	1.9555243e+03	1.9704806e+03	1.9552049e+03	1.9706229e+03	1.9707508e+03	1.9705400e+03	2.4399960e+03	1.9705498e+03	1.9704970e+03	1.9706369e+03	1.9705993e+03	1.9705819e+03	1.9708587e+03	1.9554696e+03
1.9709486e+03	1.9705412e+03	1.9718373e+03	1.9417464e+03	1.9705913e+03	1.9708524e+03	1.9709691e+03	1.9704998e+03	1.9707730e+03	1.9551269e+03	1.9704757e+03	1.9555243e+03	1.9704806e+03	1.9552049e+03	1.9706229e+03	1.9707508e+03	1.9705400e+03	2.4399960e+03	1.9705498e+03	1.9704970e+03	1.9706369e+03	1.9705993e+03	1.9705819e+03	1.9708587e+03	1.9554696e+03
1.9709486e+03	1.9705412e+03	1.9718373e+03	1.9417464e+03	1.9705913e+03	1.9708524e+03	1.9709691e+03	1.9704998e+03	1.9707730e+03	1.9551269e+03	1.9704757e+03	1.9555243e+03	1.9704806e+03	1.9552049e+03	1.9706229e+03	1.9707508e+03	1.9705110e+03	2.4399960e+03	1.9705498e+03	1.9704970e+03	1.9706369e+03	1.9705993e+03	1.9705819e+03	1.9708587e+03	1.9554696e+03
1.9709486e+03	1.9705412e+03	1.9718373e+03	1.9416876e+03	1.9705913e+03	1.9708524e+03	1.9709691e+03	1.9704998e+03	1.9707730e+03	1.9551269e+03	1.9704757e+03	1.9555243e+03	1.9704806e+03	1.9552049e+03	1.9706229e+03	1.9707508e+03	1.9705028e+03	2.4399960e+03	1.9705498e+03	1.9704970e+03	1.9706369e+03	1.9705993e+03	1.9705819e+03	1.9708587e+03	1.9554696e+03
1.9709486e+03	1.9705412e+03	1.9718373e+03	1.9416876e+03	1.9705913e+03	1.9708524e+03	1.9709691e+03	1.9704998e+03	1.9707730e+03	1.9551269e+03	1.9704757e+03	1.9555243e+03	1.9704806e+03	1.9552049e+03	1.9706229e+03	1.9707508e+03	1.9705028e+03	2.4399960e+03	1.9705498e+03	1.9704970e+03	1.9706369e+03	1.9705993e+03	1.9705819e+03	1.9708587e+03	1.9554696e+03
1.9709486e+03	1.9705412e+03	1.9718373e+03	1.9416876e+03	1.9705913e+03	1.9708524e+03	1.9709691e+03	1.9704998e+03	1.9707730e+03	1.9551269e+03	1.9704757e+03	1.9555243e+03	1.9704806e+03	1.9552049e+03	1.9706229e+03	1.9707508e+03	1.9704989e+03	2.4399960e+03	1.9705498e+03	1.9704970e+03	1.9706369e+03	1.9705993e+03	1.9705819e+03	1.9708587e+03	1.9554696e+03
1.9709440e+03	1.9705412e+03	1.9718373e+03	1.9416876e+03	1.9705913e+03	1.9708524e+03	1.9709691e+03	1.9704998e+03	1.9707730e+03	1.9551269e+03	1.9704757e+03	1.9555243e+03	1.9704806e+03	1.9552049e+03	1.9706229e+03	1.9707508e+03	1.9704957e+03	2.4399960e+03	1.9705498e+03	1.9704970e+03	1.9706369e+03	1.9705993e+03	1.9705819e+03	1.9708587e+03	1.9554696e+03
1.9709281e+03	1.9705412e+03	1.9718373e+03	1.9416842e+03	1.9705913e+03	1.9708524e+03	1.9709691e+03	1.9704998e+03	1.9707730e+03	1.9551269e+03	1.9704757e+03	1.9555243e+03	1.9704806e+03	1.9552049e+03	1.9706229e+03	1.9707508e+03	1.9704925e+03	2.4399960e+03	1.9705498e+03	1.9704970e+03	1.9706369e+03	1.9705993e+03	1.9705819e+03	1.9708587e+03	1.9554696e+03
1.9708855e+03	1.9705412e+03	1.9718373e+03	1.9416618e+03	1.9705913e+03	1.9708524e+03	1.9709691e+03	1.9704998e+03	1.9707730e+03	1.9551269e+03	1.9704757e+03	1.9555243e+03	1.9704806e+03	1.9552049e+03	1.9706229e+03	1.9707508e+03	1.9704925e+03	2.4399960e+03	1.9705498e+03	1.9704970e+03	1.9706369e+03	1.9705993e+03	1.9705819e+03	1.9708587e+03	1.9554696e+03
1.9708855e+03	1.9705412e+03	1.9718373e+03	1.9416618e+03	1.9705913e+03	1.9708524e+03	1.9709691e+03	1.9704998e+03	1.9707730e+03	1.9551269e+03	1.9704757e+03	1.9555243e+03	1.9704806e+03	1.9552049e+03	1.9706229e+03	1.9707508e+03	1.9704925e+03	2.4399960e+03	1.9705498e+03	1.9704970e+03	1.9706369e+03	1.9705993e+03	1.9705819e+03	1.9708587e+03	1.9554696e+03
1.9708833e+03	1.9705397e+03	1.9718373e+03	1.9416618e+03	1.9705913e+03	1.9708524e+03	1.9709691e+03	1.9704998e+03	1.9707730e+03	1.9551269e+03	1.9704757e+03	1.9555243e+03	1.9704806e+03	1.9552049e+03	1.9706229e+03	1.9707508e+03	1.9704883e+03	2.4399960e+03	1.9705498e+03	1.9704970e+03	1.9706369e+03	1.9705993e+03	1.9705819e+03	1.9708587e+03	1.9554696e+03
1.9708665e+03	1.9705367e+03	1.9718373e+03	1.9416618e+03	1.9705913e+03	1.9708524e+03	1.9709691e+03	1.9704998e+03	1.9707730e+03	1.9551269e+03	1.9704757e+03	1.9555243e+03	1.9704806e+03	1.9552049e+03	1.9706229e+03	1.9707508e+03	1.9704883e+03	2.4399960e+03	1.9705498e+03	1.9704970e+03	1.9706369e+03	1.9705993e+03	1.9705819e+03	1.9708587e+03	1.9554696e+03
1.9708665e+03	1.9705305e+03	1.9718373e+03	1.9416618e+03	1.9705913e+03	1.9708524e+03	1.9709691e+03	1.9704998e+03	1.9707730e+03	1.9551269e+03	1.9704757e+03	1.9555243e+03	1.9704806e+03	1.9552049e+03	1.9706229e+03	1.9707508e+03	1.9704838e+03	2.4399960e+03	1.9705498e+03	1.9704970e+03	1.9706369e+03	1.9705993e+03	1.9705819e+03	1.9708587e+03	1.9554696e+03
1.9708665e+03	1.9705161e+03	1.9718373e+03	1.9416618e+03	1.9705913e+03	1.9708524e+03	1.9709691e+03	1.9704998e+03	1.9707730e+03	1.9551269e+03	1.9704757e+03	1.9555243e+03	1.9704806e+03	1.9552049e+03	1.9706229e+03	1.9707508e+03	1.9704838e+03	2.4399960e+03	1.9705498e+03	1.9704970e+03	1.9706369e+03	1.9705993e+03	1.9705819e+03	1.9708587e+03	1.9554696e+03
1.9708665e+03	1.9705033e+03	1.9718373e+03	1.9416618e+03	1.9705913e+03	1.9708524e+03	1.9709691e+03	1.9704998e+03	1.9707730e+03	1.9551269e+03	1.9704757e+03	1.9555243e+03	1.9704806e+03	1.9552049e+03	1.9706229e+03	1.9707508e+03	1.9704838e+03	2.4399960e+03	1.9705498e+03	1.9704970e+03	1.9706369e+03	1.9705993e+03	1.9705819e+03	1.9708587e+03	1.9554696e+03
1.9708665e+03	1.9705033e+03	1.9718373e+03	1.9416618e+03	1.9705913e+03	1.9708524e+03	1.9709691e+03	1.9704998e+03	1.9707730e+03	1.9551269e+03	1.9704757e+03	1.9555243e+03	1.9704806e+03	1.9552049e+03	1.9706229e+03	1.9707508e+03	1.9704838e+03	2.4399960e+03	1.9705498e+03	1.9704970e+03	1.9706369e+03	1.9705993e+03	1.9705819e+03	1.9708587e+03	1.9554696e+03
1.9708628e+03	1.9705033e+03	1.9718373e+03	1.9416618e+03	1.9705913e+03	1.9708524e+03	1.9709691e+03	1.9704998e+03	1.9707730e+03	1.9551269e+03	1.9704757e+03	1.9555243e+03	1.9704806e+03	1.9552049e+03	1.9706229e+03	1.9707508e+03	1.9704796e+03	2.4399960e+03	1.9705498e+03	1.9704970e+03	1.9706369e+03	1.9705993e+03	1.9705819e+03	1.9708587e+03	1.9554696e+03
1.9708330e+03	1.9705033e+03	1.9718373e+03	1.9416618e+03	1.9705913e+03	1.9708524e+03	1.9709691e+03	1.9704998e+03	1.9707730e+03	1.9551269e+03	1.9704757e+03	1.9555243e+03	1.9704806e+03	1.9552049e+03	1.9706229e+03	1.9707508e+03	1.9704796e+03	2.4399960e+03	1.9705498e+03	1.9704970e+03	1.9706369e+03	1.9705993e+03	1.9705819e+03	1.9708587e+03	1.9554696e+03
1.9708204e+03	1.9705033e+03	1.9718373e+03	1.9416618e+03	1.9705913e+03	1.9708524e+03	1.9709691e+03	1.9704998e+03	1.9707730e+03	1.9551269e+03	1.9704757e+03	1.9555243e+03	1.9704806e+03	1.9552049e+03	1.9706229e+03	1.9707508e+03	1.9704796e+03	2.4399960e+03	1.9705498e+03	1.9704970e+03	1.9706369e+03	1.9705993e+03	1.9705819e+03	1.9708587e+03	1.9554696e+03
1.9708204e+03	1.9705033e+03	1.9718373e+03	1.9416618e+03	1.9705913e+03	1.9708524e+03	1.9709691e+03	1.9704998e+03	1.9707730e+03	1.9551269e+03	1.9704757e+03	1.9555243e+03	1.9704806e+03	1.9552049e+03	1.9706229e+03	1.9707508e+03	1.9704768e+03	2.4399960e+03	1.9705498e+03	1.9704970e+03	1.9706369e+03	1.9705993e+03	1.9705819e+03	1.9708587e+03	1.9554696e+03
1.9707917e+03	1.9705033e+03	1.9718373e+03	1.9416618e+03	1.9705913e+03	1.9708524e+03	1.9709691e+03	1.9704998e+03	1.9707730e+03	1.9551269e+03	1.9704757e+03	1.9555243e+03	1.9704806e+03	1.9552049e+03	1.9706229e+03	1.9707508e+03	1.9704768e+03	2.4399960e+03	1.9705498e+03	1.9704970e+03	1.9706369e+03	1.9705993e+03	1.9705819e+03	1.9708587e+03	1.9554696e+03
1.9707514e+03	1.9705033e+03	1.9718373e+03	1.9416618e+03	1.9705913e+03	1.9708524e+03	1.9709691e+03	1.9704998e+03	1.9707730e+03	1.9551269e+03	1.9704757e+03	1.9555243e+03	1.9704806e+03	1.9552049e+03	1.9706229e+03	1.9707508e+03	1.9704768e+03	2.4399960e+03	1.9705498e+03	1.9704970e+03	1.9706369e+03	1.9705993e+03	1.9705819e+03	1.9708587e+03	1.9554696e+03
1.9707501e+03	1.9705033e+03	1.9718373e+03	1.9416618e+03	1.9705913e+03	1.9708524e+03	1.9709691e+03	1.9704998e+03	1.9707730e+03	1.9551269e+03	1.9704757e+03	1.9555243e+03	1.9704806e+03	1.9552049e+03	1.9706229e+03	1.9707508e+03	1.9704768e+03	2.4399960e+03	1.9705498e+03	1.9704970e+03	1.9706369e+03	1.9705993e+03	1.9705819e+03	1.9708587e+03	1.9554696e+03
1.9707501e+03	1.9705033e+03	1.9718373e+03	1.9416618e+03	1.9705913e+03	1.9708524e+03	1.9709691e+03	1.9704998e+03	1.9707730e+03	1.9551269e+03	1.9704757e+03	1.9555243e+03	1.9704806e+03	1.9552049e+03	1.9706229e+03	1.9707508e+03	1.9704768e+03	2.4399960e+03	1.9705498e+03	1.9704970e+03	1.9706369e+03	1.9705993e+03	1.9705819e+03	1.9708587e+03	1.9554696e+03
1.9707501e+03	1.9705033e+03	1.9718373e+03	1.9416618e+03	1.9705913e+03	1.9708524e+03	1.9709691e+03	1.9704998e+03	1.9707730e+03	1.9551269e+03	1.9704757e+03	1.9555243e+03	1.9704806e+03	1.9552049e+03	1.9706229e+03	1.9707508e+03	1.9704768e+03	2.4399960e+03	1.9705498e+03	1.9704970e+03	1.9706369e+03	1.9705993e+03	1.9705819e+03	1.9708587e+03	1.9554696e+03
1.9707501e+03	1.9705033e+03	1.9718373e+03	1.9416618e+03	1.9705913e+03	1.9708524e+03	1.9709691e+03	1.9704998e+03	1.9707730e+03	1.9551269e+03	1.9704757e+03	1.9555243e+03	1.9704806e+03	1.9552049e+03	1.9706229e+03	1.9707508e+03	1.9704768e+03	2.4399960e+03	1.9705498e+03	1.9704970e+03	1.9706369e+03	1.9705993e+03	1.9705819e+03	1.9708587e+03	1.9554696e+03
1.9707501e+03	1.9705033e+03	1.9718373e+03	1.9416618e+03	1.9705913e+03	1.9708524e+03	1.9709691e+03	1.9704998e+03	1.9707730e+03	1.9551269e+03	1.9704757e+03	1.9555243e+03	1.9704806e+03	1.9552049e+03	1.9706229e+03	1.9707508e+03	1.9704768e+03	2.4399960e+03	1.9705498e+03	1.9704970e+03	1.9706369e+03	1.9705993e+03	1.9705819e+03	1.9708587e+03	1.9554696e+03
1.9707501e+03	1.9705033e+03	1.9718373e+03	1.9416618e+03	1.9705913e+03	1.9708524e+03	1.9709691e+03	1.9704998e+03	1.9707730e+03	1.9551269e+03	1.9704757e+03	1.9555243e+03	1.9704806e+03	1.9552049e+03	1.9706229e+03	1.9707508e+03	1.9704768e+03	2.4399960e+03	1.9705498e+03	1.9704970e+03	1.9706369e+03	1.9705993e+03	1.9705819e+03	1.9708587e+03	1.9554696e+03
1.9707501e+03	1.9705033e+03	1.9718373e+03	1.9416618e+03	1.9705913e+03	1.9708524e+03	1.9709691e+03	1.9704998e+03	1.9707730e+03	1.9551269e+03	1.9704757e+03	1.9555243e+03	1.9704806e+03	1.9552049e+03	1.9706229e+03	1.9707508e+03	1.9704768e+03	2.4399960e+03	1.9705498e+03	1.9704970e+03	1.9706369e+03	1.9705993e+03	1.9705819e+03	1.9708587e+03	1.9554696e+03
1.9707501e+03	1.9705033e+03	1.9718373e+03	1.9416618e+03	1.9705913e+03	1.9708524e+03	1.9709691e+03	1.9704998e+03	1.9707730e+03	1.9551269e+03	1.9704757e+03	1.9555243e+03	1.9704806e+03	1.9552049e+03	1.9706229e+03	1.9707508e+03	1.9704768e+03	2.4399960e+03	1.9705498e+03	1.9704970e+03	1.9706369e+03	1.9705993e+03	1.9705819e+03	1.9708587e+03	1.9554696e+03
1.9707501e+03	1.9705033e+03	1.9718373e+03	1.9416618e+03	1.9705913e+03	1.9708524e+03	1.9709691e+03	1.9704998e+03	1.9707730e+03	1.9551269e+03	1.9704757e+03	1.9555243e+03	1.9704806e+03	1.9552049e+03	1.9706229e+03	1.9707508e+03	1.9704768e+03	2.4399960e+03	1.9705498e+03	1.9704970e+03	1.9706369e+03	1.9705993e+03	1.9705819e+03	1.9708587e+03	1.9554696e+03
1.9707501e+03	1.9705033e+03	1.9718373e+03	1.9416618e+03	1.9705913e+03	1.9708524e+03	1.9709691e+03	1.9704998e+03	1.9707730e+03	1.9551269e+03	1.9704757e+03	1.9555243e+03	1.9704806e+03	1.9552049e+03	1.9706229e+03	1.9707508e+03	1.9704768e+03	2.4399960e+03	1.9705498e+03	1.9704970e+03	1.9706369e+03	1.9705993e+03	1.9705819e+03	1.9708587e+03	1.9554696e+03
1.9707501e+03	1.9705033e+03	1.9718373e+03	1.9416618e+03	1.9705913e+03	1.9708524e+03	1.9709691e+03	1.9704998e+03	1.9707730e+03	1.9551269e+03	1.9704757e+03	1.9555243e+03	1.9704806e+03	1.9552049e+03	1.9706229e+03	1.9707508e+03	1.9704768e+03	2.4399960e+03	1.9705498e+03	1.9704970e+03	1.9706369e+03	1.9705993e+03	1.9705819e+03	1.9708587e+03	1.9554696e+03
1.9707501e+03	1.9705033e+03	1.9718373e+03	1.9416618e+03	1.9705913e+03	1.9708524e+03	1.9709691e+03	1.9704998e+03	1.9707730e+03	1.9551269e+03	1.9704757e+03	1.9555243e+03	1.9704806e+03	1.9552049e+03	1.9706229e+03	1.9707508e+03	1.9704768e+03	2.4399960e+03	1.9705498e+03	1.9704970e+03	1.9706369e+03	1.9705993e+03	1.9705819e+03	1.9708587e+03	1.9554696e+03
1.9707501e+03	1.9705033e+03	1.9718373e+03	1.9416618e+03	1.9705913e+03	1.9708524e+03	1.9709691e+03	1.9704998e+03	1.9707730e+03	1.9551269e+03	1.9704757e+03	1.9555243e+03	1.9704806e+03	1.9552049e+03	1.9706229e+03	1.9707508e+03	1.9704768e+03	2.4399960e+03	1.9705498e+03	1.9704970e+03	1.9706369e+03	1.9705993e+03	1.9705819e+03	1.9708587e+03	1.9554696e+03
1.9707501e+03	1.9705033e+03	1.9718373e+03	1.9416618e+03	1.9705913e+03	1.9708524e+03	1.9709691e+03	1.9704998e+03	1.9707730e+03	1.9551269e+03	1.9704757e+03	1.9555243e+03	1.9704806e+03	1.9552049e+03	1.9706229e+03	1.9707508e+03	1.9704768e+03	2.4399960e+03	1.9705498e+03	1.9704970e+03	1.9706369e+03	1.9705993e+03	1.9705819e+03	1.9708587e+03	1.9554696e+03
1.9707501e+03	1.9705033e+03	1.9718373e+03	1.9416618e+03	1.9705913e+03	1.9708524e+03	1.9709691e+03	1.9704998e+03	1.9707730e+03	1.9551269e+03	1.9704757e+03	1.9555243e+03	1.9704806e+03	1.9552049e+03	1.9706229e+03	1.9707508e+03	1.9704768e+03	2.4399960e+03	1.9705498e+03	1.9704970e+03	1.9706369e+03	1.9705993e+03	1.9705819e+03	1.9708587e+03	1.9554696e+03
1.9707501e+03	1.9705033e+03	1.9718373e+03	1.9416618e+03	1.9705913e+03	1.9708524e+03	1.9709691e+03	1.9704998e+03	1.9707730e+03	1.9551269e+03	1.9704757e+03	1.9555243e+03	1.9704806e+03	1.9552049e+03	1.9706229e+03	1.9707508e+03	1.9704768e+03	2.4399960e+03	1.9705498e+03	1.9704970e+03	1.9706369e+03	1.9705993e+03	1.9705819e+03	1.9708587e+03	1.9554696e+03
1.9707501e+03	1.9705033e+03	1.9718373e+03	1.9416618e+03	1.9705913e+03	1.9708524e+03	1.9709691e+03	1.9704998e+03	1.9707730e+03	1.9551269e+03	1.9704757e+03	1.9555243e+03	1.9704806e+03	1.9552049e+03	1.9706229e+03	1.9707508e+03	1.9704768e+03	2.4399960e+03	1.9705498e+03	1.9704970e+03	1.9706369e+03	1.9705993e+03	1.9705819e+03	1.9708587e+03	1.9554696e+03
1.9707501e+03	1.9705033e+03	1.9718373e+03	1.9416618e+03	1.9705913e+03	1.9708524e+03	1.9709691e+03	1.9704998e+03	1.9707730e+03	1.9551269e+03	1.9704757e+03	1.9555243e+03	1.9704806e+03	1.9552049e+03	1.9706229e+03	1.9707508e+03	1.9704768e+03	2.4399960e+03	1.9705498e+03	1.9704970e+03	1.9706369e+03	1.9705993e+03	1.9705819e+03	1.9708587e+03	1.9554696e+03
1.9707501e+03	1.9705033e+03	1.9718373e+03	1.9416618e+03	1.9705913e+03	1.9708524e+03	1.9709691e+03	1.9704998e+03	1.9707730e+03	1.9551269e+03	1.9704757e+03	1.9555243e+03	1.9704806e+03	1.9552049e+03	1.9706229e+03	1.9707508e+03	1.9704768e+03	2.4399960e+03	1.9705498e+03	1.9704970e+03	1.9706369e+03	1.9705993e+03	1.9705819e+03	1.9708587e+03	1.9554696e+03
1.9707501e+03	1.9705033e+03	1.9718373e+03	1.9416618e+03	1.9705913e+03	1.9708524e+03	1.9709691e+03	1.9704998e+03	1.9707730e+03	1.9551269e+03	1.9704757e+03	1.9555243e+03	1.9704806e+03	1.9552049e+03	1.9706229e+03	1.9707508e+03	1.9704768e+03	2.4399960e+03	1.9705498e+03	1.9704970e+03	1.9706369e+03	1.9705993e+03	1.9705819e+03	1.9708587e+03	1.9554696e+03
1.9707501e+03	1.9705033e+03	1.9718373e+03	1.9416618e+03	1.9705913e+03	1.9708524e+03	1.9709691e+03	1.9704998e+03	1.9707730e+03	1.9551269e+03	1.9704757e+03	1.9555243e+03	1.9704806e+03	1.9552049e+03	1.9706229e+03	1.9707508e+03	1.9704768e+03	2.4399960e+03	1.9705498e+03	1.9704970e+03	1.9706369e+03	1.9705993e+03	1.9705819e+03	1.9708587e+03	1.9554696e+03
1.9707501e+03	1.9705033e+03	1.9718373e+03	1.9416618e+03	1.9705913e+03	1.9708524e+03	1.9709691e+03	1.9704998e+03	1.9707730e+03	1.9551269e+03	1.9704757e+03	1.9555243e+03	1.9704806e+03	1.9552049e+03	1.9706229e+03	1.9707508e+03	1.9704768e+03	2.4399960e+03	1.9705498e+03	1.9704970e+03	1.9706369e+03	1.9705993e+03	1.9705819e+03	1.9708587e+03	1.9554696e+03
1.9707501e+03	1.9705033e+03	1.9718373e+03	1.9416618e+03	1.9705913e+03	1.9708524e+03	1.9709691e+03	1.9704998e+03	1.9707730e+03	1.9551269e+03	1.9704757e+03	1.9555243e+03	1.9704806e+03	1.9552049e+03	1.9706229e+03	1.9707508e+03	1.9704768e+03	2.4399960e+03	1.9705498e+03	1.9704970e+03	1.9706369e+03	1.9705993e+03	1.9705819e+03	1.9708587e+03	1.9554696e+03
1.9707501e+03	1.9705033e+03	1.9718373e+03	1.9416618e+03	1.9705913e+03	1.9708524e+03	1.9709691e+03	1.9704998e+03	1.9707730e+03	1.9551269e+03	1.9704757e+03	1.9555243e+03	1.9704806e+03	1.9552049e+03	1.9706229e+03	1.9707508e+03	1.9704768e+03	2.4399960e+03	1.9705498e+03	1.9704970e+03	1.9706369e+03	1.9705993e+03	1.9705819e+03	1.9708587e+03	1.9554696e+03
1.9707501e+03	1.9705033e+03	1.9718373e+03	1.9416618e+03	1.9705913e+03	1.9708524e+03	1.9709691e+03	1.9704998e+03	1.9707730e+03	1.9551269e+03	1.9704757e+03	1.9555243e+03	1.9704806e+03	1.9552049e+03	1.9706229e+03	1.9707508e+03	1.9704768e+03	2.4399960e+03	1.9705498e+03	1.9704970e+03	1.9706369e+03	1.9705993e+03	1.9705819e+03	1.9708587e+03	1.9554696e+03
1.9707501e+03	1.9705033e+03	1.9718373e+03	1.9416618e+03	1.9705913e+03	1.9708524e+03	1.9709691e+03	1.9704998e+03	1.9707730e+03	1.9551269e+03	1.9704757e+03	1.9555243e+03	1.9704806e+03	1.9552049e+03	1.9706229e+03	1.9707508e+03	1.9704768e+03	2.4399960e+03	1.9705498e+03	1.9704970e+03	1.9706369e+03	1.9705993e+03	1.9705819e+03	1.9708587e+03	1.9554696e+03
1.9707501e+03	1.9705033e+03	1.9718373e+03	1.9416618e+03	1.9705913e+03	1.9708524e+03	1.9709691e+03	1.9704998e+03	1.9707730e+03	1.9551269e+03	1.9704757e+03	1.9555243e+03	1.9704806e+03	1.9552049e+03	1.9706229e+03	1.9707508e+03	1.9704768e+03	2.4399960e+03	1.9705498e+03	1.9704970e+03	1.9706369e+03	1.9705993e+03	1.9705819e+03	1.9708587e+03	1.9554696e+03
1.9707501e+03	1.9705033e+03	1.9718373e+03	1.9416618e+03	1.9705913e+03	1.9708524e+03	1.9709691e+03	1.9704998e+03	1.9707730e+03	1.9551269e+03	1.9704757e+03	1.9555243e+03	1.9704806e+03	1.9552049e+03	1.9706229e+03	1.9707508e+03	1.9704768e+03	2.4399960e+03	1.9705498e+03	1.9704970e+03	1.9706369e+03	1.9705993e+03	1.9705819e+03	1.9708587e+03	1.9554696e+03
1.9707501e+03	1.9705033e+03	1.9718373e+03	1.9416618e+03	1.9705913e+03	1.9708524e+03	1.9709691e+03	1.9704998e+03	1.9707730e+03	1.9551269e+03	1.9704757e+03	1.9555243e+03	1.9704806e+03	1.9552049e+03	1.9706229e+03	1.9707508e+03	1.9704768e+03	2.4399960e+03	1.9705498e+03	1.9704970e+03	1.9706369e+03	1.9705993e+03	1.9705819e+03	1.9708587e+03	1.9554696e+03
1.9707501e+03	1.9705033e+03	1.9718373e+03	1.9416618e+03	1.9705913e+03	1.9708524e+03	1.9709691e+03	1.9704998e+03	1.9707730e+03	1.9551269e+03	1.9704757e+03	1.9555243e+03	1.9704806e+03	1.9552049e+03	1.9706229e+03	1.9707508e+03	1.9704768e+03	2.4399960e+03	1.9705498e+03	1.9704970e+03	1.9706369e+03	1.9705993e+03	1.9705819e+03	1.9708587e+03	1.9554696e+03
1.9707501e+03	1.9705033e+03	1.9718373e+03	1.9416618e+03	1.9705913e+03	1.9708524e+03	1.9709691e+03	1.9704998e+03	1.9707730e+03	1.9551269e+03	1.9704757e+03	1.9555243e+03	1.9704806e+03	1.9552049e+03	1.9706229e+03	1.9707508e+03	1.9704768e+03	2.4399960e+03	1.9705498e+03	1.9704970e+03	1.9706369e+03	1.9705993e+03	1.9705819e+03	1.9708587e+03	1.9554696e+03
1.9707501e+03	1.9705033e+03	1.9718373e+03	1.9416618e+03	1.9705913e+03	1.9708524e+03	1.9709691e+03	1.9704998e+03	1.9707730e+03	1.9551269e+03	1.9704757e+03	1.9555243e+03	1.9704806e+03	1.9552049e+03	1.9706229e+03	1.9707508e+03	1.9704768e+03	2.4399960e+03	1.9705498e+03	1.9704970e+03	1.9706369e+03	1.9705993e+03	1.9705819e+03	1.9708587e+03	1.9554696e+03
1.9707501e+03	1.9705033e+03	1.9718373e+03	1.9416618e+03	1.9705913e+03	1.9708524e+03	1.9709691e+03	1.9704998e+03	1.9707730e+03	1.9551269e+03	1.9704757e+03	1.9555243e+03	1.9704806e+03	1.9552049e+03	1.9706229e+03	1.9707508e+03	1.9704768e+03	2.4399960e+03	1.9705498e+03	1.9704970e+03	1.9706369e+03	1.9705993e+03	1.9705819e+03	1.9708587e+03	1.9554696e+03
1.9707501e+03	1.9705033e+03	1.9718373e+03	1.9416618e+03	1.9705913e+03	1.9708524e+03	1.9709691e+03	1.9704998e+03	1.9707730e+03	1.9551269e+03	1.9704757e+03	1.9555243e+03	1.9704806e+03	1.9552049e+03	1.9706229e+03	1.9707508e+03	1.9704768e+03	2.4399960e+03	1.9705498e+03	1.9704970e+03	1.9706369e+03	1.9705993e+03	1.9705819e+03	1.9708587e+03	1.9554696e+03
1.9707501e+03	1.9705033e+03	1.9718373e+03	1.9416618e+03	1.9705913e+03	1.9708524e+03	1.9709691e+03	1.9704998e+03	1.9707730e+03	1.9551269e+03	1.9704757e+03	1.9555243e+03	1.9704806e+03	1.9552049e+03	1.9706229e+03	1.9707508e+03	1.9704768e+03	2.4399960e+03	1.9705498e+03	1.9704970e+03	1.9706369e+03	1.9705993e+03	1.9705819e+03	1.9708587e+03	1.9554696e+03
1.9707501e+03	1.9705033e+03	1.9718373e+03	1.9416618e+03	1.9705913e+03	1.9708524e+03	1.9709691e+03	1.9704998e+03	1.9707730e+03	1.9551269e+03	1.9704757e+03	1.9555243e+03	1.9704806e+03	1.9552049e+03	1.9706229e+03	1.9707508e+03	1.9704768e+03	2.4399960e+03	1.9705498e+03	1.9704970e+03	1.9706369e+03	1.9705993e+03	1.9705819e+03	1.9708587e+03	1.9554696e+03
1.9707501e+03	1.9705033e+03	1.9718373e+03	1.9416618e+03	1.9705913e+03	1.9708524e+03	1.9709691e+03	1.9704998e+03	1.9707730e+03	1.9551269e+03	1.9704757e+03	1.9555243e+03	1.9704806e+03	1.9552049e+03	1.9706229e+03	1.9707508e+03	1.9704768e+03	2.4399960e+03	1.9705498e+03	1.9704970e+03	1.9706369e+03	1.9705993e+03	1.9705819e+03	1.9708587e+03	1.9554696e+03
1.9707501e+03	1.9705033e+03	1.9718373e+03	1.9416618e+03	1.9705913e+03	1.9708524e+03	1.9709691e+03	1.9704998e+03	1.9707730e+03	1.9551269e+03	1.9704757e+03	1.9555243e+03	1.9704806e+03	1.9552049e+03	1.9706229e+03	1.9707508e+03	1.9704768e+03	2.4399960e+03	1.9705498e+03	1.9704970e+03	1.9706369e+03	1.9705993e+03	1.9705819e+03	1.9708587e+03	1.9554696e+03
1.9707501e+03	1.9705033e+03	1.9718373e+03	1.9416618e+03	1.9705913e+03	1.9708524e+03	1.9709691e+03	1.9704998e+03	1.9707730e+03	1.9551269e+03	1.9704757e+03	1.9555243e+03	1.9704806e+03	1.9552049e+03	1.9706229e+03	1.9707508e+03	1.9704768e+03	2.4399960e+03	1.9705498e+03	1.9704970e+03	1.9706369e+03	1.9705993e+03	1.9705819e+03	1.9708587e+03	1.9554696e+03
1.9707501e+03	1.9705033e+03	1.9718373e+03	1.9416618e+03	1.9705913e+03	1.9708524e+03	1.9709691e+03	1.9704998e+03	1.9707730e+03	1.9551269e+03	1.9704757e+03	1.9555243e+03	1.9704806e+03	1.9552049e+03	1.9706229e+03	1.9707508e+03	1.9704768e+03	2.4399960e+03	1.9705498e+03	1.9704970e+03	1.9706369e+03	1.9705993e+03	1.9705819e+03	1.9708587e+03	1.9554696e+03
1.9707501e+03	1.9705033e+03	1.9718373e+03	1.9416618e+03	1.9705913e+03	1.9708524e+03	1.9709691e+03	1.9704998e+03	1.9707730e+03	1.9551269e+03	1.9704757e+03	1.9555243e+03	1.9704806e+03	1.9552049e+03	1.9706229e+03	1.9707508e+03	1.9704768e+03	2.4399960e+03	1.9705498e+03	1.9704970e+03	1.9706369e+03	1.9705993e+03	1.9705819e+03	1.9708587e+03	1.9554696e+03
1.9707501e+03	1.9705033e+03	1.9718373e+03	1.9416618e+03	1.9705913e+03	1.9708524e+03	1.9709691e+03	1.9704998e+03	1.9707730e+03	1.9551269e+03	1.9704757e+03	1.9555243e+03	1.9704806e+03	1.9552049e+03	1.9706229e+03	1.9707508e+03	1.9704768e+03	2.4399960e+03	1.9705498e+03	1.9704970e+03	1.9706369e+03	1.9705993e+03	1.9705819e+03	1.9708587e+03	1.9554696e+03
1.9707501e+03	1.9705033e+03	1.9718373e+03	1.9416618e+03	1.9705913e+03	1.9708524e+03	1.9709691e+03	1.9704998e+03	1.9707730e+03	1.9551269e+03	1.9704757e+03	1.9555243e+03	1.9704806e+03	1.9552049e+03	1.9706229e+03	1.9707508e+03	1.9704768e+03	2.4399960e+03	1.9705498e+03	1.9704970e+03	1.9706369e+03	1.9705993e+03	1.9705819e+03	1.9708587e+03	1.9554696e+03
1.9707501e+03	1.9705033e+03	1.9718373e+03	1.9416618e+03	1.9705913e+03	1.9708524e+03	1.9709691e+03	1.9704998e+03	1.9707730e+03	1.9551269e+03	1.9704757e+03	1.9555243e+03	1.9704806e+03	1.9552049e+03	1.9706229e+03	1.9707508e+03	1.9704768e+03	2.4399960e+03	1.9705498e+03	1.9704970e+03	1.9706369e+03	1.9705993e+03	1.9705819e+03	1.9708587e+03	1.9554696e+03
1.9707501e+03	1.9705033e+03	1.9718373e+03	1.9416618e+03	1.9705913e+03	1.9708524e+03	1.9709691e+03	1.9704998e+03	1.9707730e+03	1.9551269e+03	1.9704757e+03	1.9555243e+03	1.9704806e+03	1.9552049e+03	1.9706229e+03	1.9707508e+03	1.9704768e+03	2.4399960e+03	1.9705498e+03	1.9704970e+03	1.9706369e+03	1.9705993e+03	1.9705819e+03	1.9708587e+03	1.9554696e+03
1.9707501e+03	1.9705033e+03	1.9718373e+03	1.9416618e+03	1.9705913e+03	1.9708524e+03	1.9709691e+03	1.9704998e+03	1.9707730e+03	1.9551269e+03	1.9704757e+03	1.9555243e+03	1.9704806e+03	1.9552049e+03	1.9706229e+03	1.9707508e+03	1.9704768e+03	2.4399960e+03	1.9705498e+03	1.9704970e+03	1.9706369e+03	1.9705993e+03	1.9705819e+03	1.9708587e+03	1.9554696e+03
1.9707501e+03	1.9705033e+03	1.9718373e+03	1.9416618e+03	1.9705913e+03	1.9708524e+03	1.9709691e+03	1.9704998e+03	1.9707730e+03	1.9551269e+03	1.9704757e+03	1.9555243e+03	1.9704806e+03	1.9552049e+03	1.9706229e+03	1.9707508e+03	1.9704768e+03	2.4399960e+03	1.9705498e+03	1.9704970e+03	1.9706369e+03	1.9705993e+03	1.9705819e+03	1.9708587e+03	1.9554696e+03
1.9707501e+03	1.9705033e+03	1.9718373e+03	1.9416618e+03	1.9705913e+03	1.9708524e+03	1.9709691e+03	1.9704998e+03	1.9707730e+03	1.9551269e+03	1.9704757e+03	1.9555243e+03	1.9704806e+03	1.9552049e+03	1.9706229e+03	1.9707508e+03	1.9704768e+03	2.4399960e+03	1.9705498e+03	1.9704970e+03	1.9706369e+03	1.9705993e+03	1.9705819e+03	1.9708587e+03	1.9554696e+03
1.9707501e+03	1.9705033e+03	1.9718373e+03	1.9416618e+03	1.9705913e+03	1.9708524e+03	1.9709691e+03	1.9704998e+03	1.9707730e+03	1.9551269e+03	1.9704757e+03	1.9555243e+03	1.9704806e+03	1.9552049e+03	1.9706229e+03	1.9707508e+03	1.9704768e+03	2.4399960e+03	1.9705498e+03	1.9704970e+03	1.9706369e+03	1.9705993e+03	1.9705819e+03	1.9708587e+03	1.9554696e+03
1.9707501e+03	1.9705033e+03	1.9718373e+03	1.9416618e+03	1.9705913e+03	1.9708524e+03	1.9709691e+03	1.9704998e+03	1.9707730e+03	1.9551269e+03	1.9704757e+03	1.9555243e+03	1.9704806e+03	1.9552049e+03	1.9706229e+03	1.9707508e+03	1.9704768e+03	2.4399960e+03	1.9705498e+03	1.9704970e+03	1.9706369e+03	1.9705993e+03	1.9705819e+03	1.9708587e+03	1.9554696e+03
1.9707501e+03	1.9705033e+03	1.9718373e+03	1.9416618e+03	1.9705913e+03	1.9708524e+03	1.9709691e+03	1.9704998e+03	1.9707730e+03	1.9551269e+03	1.9704757e+03	1.9555243e+03	1.9704806e+03	1.9552049e+03	1.9706229e+03	1.9707508e+03	1.9704768e+03	2.4399960e+03	1.9705498e+03	1.9704970e+03	1.9706369e+03	1.9705993e+03	1.9705819e+03	1.9708587e+03	1.9554696e+03
1.9707501e+03	1.9705033e+03	1.9718373e+03	1.9416618e+03	1.9705913e+03	1.9708524e+03	1.9709691e+03	1.9704998e+03	1.9707730e+03	1.9551269e+03	1.9704757e+03	1.9555243e+03	1.9704806e+03	1.9552049e+03	1.9706229e+03	1.9707508e+03	1.9704768e+03	2.4399960e+03	1.9705498e+03	1.9704970e+03	1.9706369e+03	1.9705993e+03	1.9705819e+03	1.9708587e+03	1.9554696e+03
1.9707501e+03	1.9705033e+03	1.9718373e+03	1.9416618e+03	1.9705913e+03	1.9708524e+03	1.9709691e+03	1.9704998e+03	1.9707730e+03	1.9551269e+03	1.9704757e+03	1.9555243e+03	1.9704806e+03	1.9552049e+03	1.9706229e+03	1.9707508e+03	1.9704768e+03	2.4399960e+03	1.9705498e+03	1.9704970e+03	1.9706369e+03	1.9705993e+03	1.9705819e+03	1.9708587e+03	1.9554696e+03
1.9707501e+03	1.9705033e+03	1.9718373e+03	1.9416618e+03	1.9705913e+03	1.9708524e+03	1.9709691e+03	1.9704998e+03	1.9707730e+03	1.9551269e+03	1.9704757e+03	1.9555243e+03	1.9704806e+03	1.9552049e+03	1.9706229e+03	1.9707508e+03	1.9704768e+03	2.4399960e+03	1.9705498e+03	1.9704970e+03	1.9706369e+03	1.9705993e+03	1.9705819e+03	1.9708587e+03	1.9554696e+03
1.9707501e+03	1.9705033e+03	1.9718373e+03	1.9416618e+03	1.9705913e+03	1.9708524e+03	1.9709691e+03	1.9704998e+03	1.9707730e+03	1.9551269e+03	1.9704757e+03	1.9555243e+03	1.9704806e+03	1.9552049e+03	1.9706229e+03	1.9707508e+03	1.9704768e+03	2.4399960e+03	1.9705498e+03	1.9704970e+03	1.9706369e+03	1.9705993e+03	1.9705819e+03	1.9708587e+03	1.9554696e+03
1.9707501e+03	1.9705033e+03	1.9718373e+03	1.9416618e+03	1.9705913e+03	1.9708524e+03	1.9709691e+03	1.9704998e+03	1.9707730e+03	1.9551269e+03	1.9704757e+03	1.9555243e+03	1.9704806e+03	1.9552049e+03	1.9706229e+03	1.9707508e+03	1.9704768e+03	2.4399960e+03	1.9705498e+03	1.9704970e+03	1.9706369e+03	1.9705993e+03	1.9705819e+03	1.9708587e+03	1.9554696e+03
1.9707501e+03	1.9705033e+03	1.9718373e+03	1.9416618e+03	1.9705913e+03	1.9708524e+03	1.9709691e+03	1.9704998e+03	1.9707730e+03	1.9551269e+03	1.9704757e+03	1.9555243e+03	1.9704806e+03	1.9552049e+03	1.9706229e+03	1.9707508e+03	1.9704768e+03	2.4399960e+03	1.9705498e+03	1.9704970e+03	1.9706369e+03	1.9705993e+03	1.9705819e+03	1.9708587e+03	1.9554696e+03
1.9707501e+03	1.9705033e+03	1.9718373e+03	1.9416618e+03	1.9705913e+03	1.9708524e+03	1.9709691e+03	1.9704998e+03	1.9707730e+03	1.9551269e+03	1.9704757e+03	1.9555243e+03	1.9704806e+03	1.9552049e+03	1.9706229e+03	1.9707508e+03	1.9704768e+03	2.4399960e+03	1.9705498e+03	1.9704970e+03	1.9706369e+03	1.9705993e+03	1.9705819e+03	1.9708587e+03	1.9554696e+03
1.9707501e+03	1.9705033e+03	1.9718373e+03	1.9416618e+03	1.9705913e+03	1.9708524e+03	1.9709691e+03	1.9704998e+03	1.9707730e+03	1.9551269e+03	1.9704757e+03	1.9555243e+03	1.9704806e+03	1.9552049e+03	1.9706229e+03	1.9707508e+03	1.9704768e+03	2.4399960e+03	1.9705498e+03	1.9704970e+03	1.9706369e+03	1.9705993e+03	1.9705819e+03	1.9708587e+03	1.9554696e+03
1.9707501e+03	1.9705033e+03	1.9718373e+03	1.9416618e+03	1.9705913e+03	1.9708524e+03	1.9709691e+03	1.9704998e+03	1.9707730e+03	1.9551269e+03	1.9704757e+03	1.9555243e+03	1.9704806e+03	1.9552049e+03	1.9706229e+03	1.9707508e+03	1.9704768e+03	2.4399960e+03	1.9705498e+03	1.9704970e+03	1.9706369e+03	1.9705993e+03	1.9705819e+03	1.9708587e+03	1.9554696e+03
1.9707501e+03	1.9705033e+03	1.9718373e+03	1.9416618e+03	1.9705913e+03	1.9708524e+03	1.9709691e+03	1.9704998e+03	1.9707730e+03	1.9551269e+03	1.9704757e+03	1.9555243e+03	1.9704806e+03	1.9552049e+03	1.9706229e+03	1.9707508e+03	1.9704768e+03	2.4399960e+03	1.9705498e+03	1.9704970e+03	1.9706369e+03	1.9705993e+03	1.9705819e+03	1.9708587e+03	1.9554696e+03
1.9707501e+03	1.9705033e+03	1.9718373e+03	1.9416618e+03	1.9705913e+03	1.9708524e+03	1.9709691e+03	1.9704998e+03	1.9707730e+03	1.9551269e+03	1.9704757e+03	1.9555243e+03	1.9704806e+03	1.9552049e+03	1.9706229e+03	1.9707508e+03	1.9704768e+03	2.4399960e+03	1.9705498e+03	1.9704970e+03	1.9706369e+03	1.9705993e+03	1.9705819e+03	1.9708587e+03	1.9554696e+03
1.9707501e+03	1.9705033e+03	1.9718373e+03	1.9416618e+03	1.9705913e+03	1.9708524e+03	1.9709691e+03	1.9704998e+03	1.9707730e+03	1.9551269e+03	1.9704757e+03	1.9555243e+03	1.9704806e+03	1.9552049e+03	1.9706229e+03	1.9707508e+03	1.9704768e+03	2.4399960e+03	1.9705498e+03	1.9704970e+03	1.9706369e+03	1.9705993e+03	1.9705819e+03	1.9708587e+03	1.9554696e+03
1.9707501e+03	1.9705033e+03	1.9718373e+03	1.9416618e+03	1.9705913e+03	1.9708524e+03	1.9709691e+03	1.9704998e+03	1.9707730e+03	1.9551269e+03	1.9704757e+03	1.9555243e+03	1.9704806e+03	1.9552049e+03	1.9706229e+03	1.9707508e+03	1.9704768e+03	2.4399960e+03	1.9705498e+03	1.9704970e+03	1.9706369e+03	1.9705993e+03	1.9705819e+03	1.9708587e+03	1.9554696e+03
1.9707501e+03	1.9705033e+03	1.9718373e+03	1.9416618e+03	1.9705913e+03	1.9708524e+03	1.9709691e+03	1.9704998e+03	1.9707730e+03	1.9551269e+03	1.9704757e+03	1.9555243e+03	1.9704806e+03	1.9552049e+03	1.9706229e+03	1.9707508e+03	1.9704768e+03	2.4399960e+03	1.9705498e+03	1.9704970e+03	1.9706369e+03	1.9705993e+03	1.9705819e+03	1.9708587e+03	1.9554696e+03
1.9707501e+03	1.9705033e+03	1.9718373e+03	1.9416618e+03	1.9705913e+03	1.9708524e+03	1.9709691e+03	1.9704998e+03	1.9707730e+03	1.9551269e+03	1.9704757e+03	1.9555243e+03	1.9704806e+03	1.9552049e+03	1.9706229e+03	1.9707508e+03	1.9704768e+03	2.4399960e+03	1.9705498e+03	1.9704970e+03	1.9706369e+03	1.9705993e+03	1.9705819e+03	1.9708587e+03	1.9554696e+03
1.9707501e+03	1.9705033e+03	1.9718373e+03	1.9416618e+03	1.9705913e+03	1.9708524e+03	1.9709691e+03	1.9704998e+03	1.9707730e+03	1.9551269e+03	1.9704757e+03	1.9555243e+03	1.9704806e+03	1.9552049e+03	1.9706229e+03	1.9707508e+03	1.9704768e+03	2.4399960e+03	1.9705498e+03	1.9704970e+03	1.9706369e+03	1.9705993e+03	1.9705819e+03	1.9708587e+03	1.9554696e+03
1.9707501e+03	1.9705033e+03	1.9718373e+03	1.9416618e+03	1.9705913e+03	1.9708524e+03	1.9709691e+03	1.9704998e+03	1.9707730e+03	1.9551269e+03	1.9704757e+03	1.9555243e+03	1.9704806e+03	1.9552049e+03	1.9706229e+03	1.9707508e+03	1.9704768e+03	2.4399960e+03	1.9705498e+03	1.9704970e+03	1.9706369e+03	1.9705993e+03	1.9705819e+03	1.9708587e+03	1.9554696e+03
1.9707501e+03	1.9705033e+03	1.9718373e+03	1.9416618e+03	1.9705913e+03	1.9708524e+03	1.9709691e+03	1.9704998e+03	1.9707730e+03	1.9551269e+03	1.9704757e+03	1.9555243e+03	1.9704806e+03	1.9552049e+03	1.9706229e+03	1.9707508e+03	1.9704768e+03	2.4399960e+03	1.9705498e+03	1.9704970e+03	1.9706369e+03	1.9705993e+03	1.9705819e+03	1.9708587e+03	1.9554696e+03
1.9707501e+03	1.9705033e+03	1.9718373e+03	1.9416618e+03	1.9705913e+03	1.9708524e+03	1.9709691e+03	1.9704998e+03	1.9707730e+03	1.9551269e+03	1.9704757e+03	1.9555243e+03	1.9704806e+03	1.9552049e+03	1.9706229e+03	1.9707508e+03	1.9704768e+03	2.4399960e+03	1.9705498e+03	1.9704970e+03	1.9706369e+03	1.9705993e+03	1.9705819e+03	1.9708587e+03	1.9554696e+03
1.9707501e+03	1.9705033e+03	1.9718373e+03	1.9416618e+03	1.9705913e+03	1.9708524e+03	1.9709691e+03	1.9704998e+03	1.9707730e+03	1.9551269e+03	1.9704757e+03	1.9555243e+03	1.9704806e+03	1.9552049e+03	1.9706229e+03	1.9707508e+03	1.9704768e+03	2.4399960e+03	1.9705498e+03	1.9704970e+03	1.9706369e+03	1.9705993e+03	1.9705819e+03	1.9708587e+03	1.9554696e+03
1.9707501e+03	1.9705033e+03	1.9718373e+03	1.9416618e+03	1.9705913e+03	1.9708524e+03	1.9709691e+03	1.9704998e+03	1.9707730e+03	1.9551269e+03	1.9704757e+03	1.9555243e+03	1.9704806e+03	1.9552049e+03	1.9706229e+03	1.9707508e+03	1.9704768e+03	2.4399960e+03	1.9705498e+03	1.9704970e+03	1.9706369e+03	1.9705993e+03	1.9705819e+03	1.9708587e+03	1.9554696e+03
1.9707501e+03	1.9705033e+03	1.9718373e+03	1.9416618e+03	1.9705913e+03	1.9708524e+03	1.9709691e+03	1.9704998e+03	1.9707730e+03	1.9551269e+03	1.9704757e+03	1.9555243e+03	1.9704806e+03	1.9552049e+03	1.9706229e+03	1.9707508e+03	1.9704768e+03	2.4399960e+03	1.9705498e+03	1.9704970e+03	1.9706369e+03	1.9705993e+03	1.9705819e+03	1.9708587e+03	1.9554696e+03
1.9707501e+03	1.9705033e+03	1.9718373e+03	1.9416618e+03	1.9705913e+03	1.9708524e+03	1.9709691e+03	1.9704998e+03	1.9707730e+03	1.9551269e+03	1.9704757e+03	1.9555243e+03	1.9704806e+03	1.9552049e+03	1.9706229e+03	1.9707508e+03	1.9704768e+03	2.4399960e+03	1.9705498e+03	1.9704970e+03	1.9706369e+03	1.9705993e+03	1.9705819e+03	1.9708587e+03	1.9554696e+03
1.9707501e+03	1.9705033e+03	1.9718373e+03	1.9416618e+03	1.9705913e+03	1.9708524e+03	1.9709691e+03	1.9704998e+03	1.9707730e+03	1.9551269e+03	1.9704757e+03	1.9555243e+03	1.9704806e+03	1.9552049e+03	1.9706229e+03	1.9707508e+03	1.9704768e+03	2.4399960e+03	1.9705498e+03	1.9704970e+03	1.9706369e+03	1.9705993e+03	1.9705819e+03	1.9708587e+03	1.9554696e+03
1.9707501e+03	1.9705033e+03	1.9718373e+03	1.9416618e+03	1.9705913e+03	1.9708524e+03	1.9709691e+03	1.9704998e+03	1.9707730e+03	1.9551269e+03	1.9704757e+03	1.9555243e+03	1.9704806e+03	1.9552049e+03	1.9706229e+03	1.9707508e+03	1.9704768e+03	2.4399960e+03	1.9705498e+03	1.9704970e+03	1.9706369e+03	1.9705993e+03	1.9705819e+03	1.9708587e+03	1.9554696e+03
1.9707501e+03	1.9705033e+03	1.9718373e+03	1.9416618e+03	1.9705913e+03	1.9708524e+03	1.9709691e+03	1.9704998e+03	1.9707730e+03	1.9551269e+03	1.9704757e+03	1.9555243e+03	1.9704806e+03	1.9552049e+03	1.9706229e+03	1.9707508e+03	1.9704768e+03	2.4399960e+03	1.9705498e+03	1.9704970e+03	1.9706369e+03	1.9705993e+03	1.9705819e+03	1.9708587e+03	1.9554696e+03
1.9707501e+03	1.9705033e+03	1.9718373e+03	1.9416618e+03	1.9705913e+03	1.9708524e+03	1.9709691e+03	1.9704998e+03	1.9707730e+03	1.9551269e+03	1.9704757e+03	1.9555243e+03	1.9704806e+03	1.9552049e+03	1.9706229e+03	1.9707508e+03	1.9704768e+03	2.4399960e+03	1.9705498e+03	1.9704970e+03	1.9706369e+03	1.9705993e+03	1.9705819e+03	1.9708587e+03	1.9554696e+03
1.9707501e+03	1.9705033e+03	1.9718373e+03	1.9416618e+03	1.9705913e+03	1.9708524e+03	1.9709691e+03	1.9704998e+03	1.9707730e+03	1.9551269e+03	1.9704757e+03	1.9555243e+03	1.9704806e+03	1.9552049e+03	1.9706229e+03	1.9707508e+03	1.9704768e+03	2.4399960e+03	1.9705498e+03	1.9704970e+03	1.9706369e+03	1.9705993e+03	1.9705819e+03	1.9708587e+03	1.9554696e+03
1.9707501e+03	1.9705033e+03	1.9718373e+03	1.9416618e+03	1.9705913e+03	1.9708524e+03	1.9709691e+03	1.9704998e+03	1.9707730e+03	1.9551269e+03	1.9704757e+03	1.9555243e+03	1.9704806e+03	1.9552049e+03	1.9706229e+03	1.9707508e+03	1.9704768e+03	2.4399960e+03	1.9705498e+03	1.9704970e+03	1.9706369e+03	1.9705993e+03	1.9705819e+03	1.9708587e+03	1.9554696e+03
1.9707501e+03	1.9705033e+03	1.9718373e+03	1.9416618e+03	1.9705913e+03	1.9708524e+03	1.9709691e+03	1.9704998e+03	1.9707730e+03	1.9551269e+03	1.9704757e+03	1.9555243e+03	1.9704806e+03	1.9552049e+03	1.9706229e+03	1.9707508e+03	1.9704768e+03	2.4399960e+03	1.9705498e+03	1.9704970e+03	1.9706369e+03	1.9705993e+03	1.9705819e+03	1.9708587e+03	1.9554696e+03
1.9707501e+03	1.9705033e+03	1.9718373e+03	1.9416618e+03	1.9705913e+03	1.9708524e+03	1.9709691e+03	1.9704998e+03	1.9707730e+03	1.9551269e+03	1.9704757e+03	1.9555243e+03	1.9704806e+03	1.9552049e+03	1.9706229e+03	1.9707508e+03	1.9704768e+03	2.4399960e+03	1.9705498e+03	1.9704970e+03	1.9706369e+03	1.9705993e+03	1.9705819e+03	1.9708587e+03	1.9554696e+03
1.9707501e+03	1.9705033e+03	1.9718373e+03	1.9416618e+03	1.9705913e+03	1.9708524e+03	1.9709691e+03	1.9704998e+03	1.9707730e+03	1.9551269e+03	1.9704757e+03	1.9555243e+03	1.9704806e+03	1.9552049e+03	1.9706229e+03	1.9707508e+03	1.9704768e+03	2.4399960e+03	1.9705498e+03	1.9704970e+03	1.9706369e+03	1.9705993e+03	1.9705819e+03	1.9708587e+03	1.9554696e+03
1.9707501e+03	1.9705033e+03	1.9718373e+03	1.9416618e+03	1.9705913e+03	1.9708524e+03	1.9709691e+03	1.9704998e+03	1.9707730e+03	1.9551269e+03	1.9704757e+03	1.9555243e+03	1.9704806e+03	1.9552049e+03	1.9706229e+03	1.9707508e+03	1.9704768e+03	2.4399960e+03	1.9705498e+03	1.9704970e+03	1.9706369e+03	1.9705993e+03	1.9705819e+03	1.9708587e+03	1.9554696e+03
1.9707501e+03	1.9705033e+03	1.9718373e+03	1.9416618e+03	1.9705913e+03	1.9708524e+03	1.9709691e+03	1.9704998e+03	1.9707730e+03	1.9551269e+03	1.9704757e+03	1.9555243e+03	1.9704806e+03	1.9552049e+03	1.9706229e+03	1.9707508e+03	1.9704768e+03	2.4399960e+03	1.9705498e+03	1.9704970e+03	1.9706369e+03	1.9705993e+03	1.9705819e+03	1.9708587e+03	1.9554696e+03
1.9707501e+03	1.9705033e+03	1.9718373e+03	1.9416618e+03	1.9705913e+03	1.9708524e+03	1.9709691e+03	1.9704998e+03	1.9707730e+03	1.9551269e+03	1.9704757e+03	1.9555243e+03	1.9704806e+03	1.9552049e+03	1.9706229e+03	1.9707508e+03	1.9704768e+03	2.4399960e+03	1.9705498e+03	1.9704970e+03	1.9706369e+03	1.9705993e+03	1.9705819e+03	1.9708587e+03	1.9554696e+03
1.9707501e+03	1.9705033e+03	1.9718373e+03	1.9416618e+03	1.9705913e+03	1.9708524e+03	1.9709691e+03	1.9704998e+03	1.9707730e+03	1.9551269e+03	1.9704757e+03	1.9555243e+03	1.9704806e+03	1.9552049e+03	1.9706229e+03	1.9707508e+03	1.9704768e+03	2.4399960e+03	1.9705498e+03	1.9704970e+03	1.9706369e+03	1.9705993e+03	1.9705819e+03	1.9708587e+03	1.9554696e+03
1.9707501e+03	1.9705033e+03	1.9718373e+03	1.9416618e+03	1.9705913e+03	1.9708524e+03	1.9709691e+03	1.9704998e+03	1.9707730e+03	1.9551269e+03	1.9704757e+03	1.9555243e+03	1.9704806e+03	1.9552049e+03	1.9706229e+03	1.9707508e+03	1.9704768e+03	2.4399960e+03	1.9705498e+03	1.9704970e+03	1.9706369e+03	1.9705993e+03	1.9705819e+03	1.9708587e+03	1.9554696e+03
1.9707501e+03	1.9705033e+03	1.9718373e+03	1.9416618e+03	1.9705913e+03	1.9708524e+03	1.9709691e+03	1.9704998e+03	1.9707730e+03	1.9551269e+03	1.9704757e+03	1.9555243e+03	1.9704806e+03	1.9552049e+03	1.9706229e+03	1.9707508e+03	1.9704768e+03	2.4399960e+03	1.9705498e+03	1.9704970e+03	1.9706369e+03	1.9705993e+03	1.9705819e+03	1.9708587e+03	1.9554696e+03
1.9707501e+03	1.9705033e+03	1.9718373e+03	1.9416618e+03	1.9705913e+03	1.9708524e+03	1.9709691e+03	1.9704998e+03	1.9707730e+03	1.9551269e+03	1.9704757e+03	1.9555243e+03	1.9704806e+03	1.9552049e+03	1.9706229e+03	1.9707508e+03	1.9704768e+03	2.4399960e+03	1.9705498e+03	1.9704970e+03	1.9706369e+03	1.9705993e+03	1.9705819e+03	1.9708587e+03	1.9554696e+03
1.9707501e+03	1.9705033e+03	1.9718373e+03	1.9416618e+03	1.9705913e+03	1.9708524e+03	1.9709691e+03	1.9704998e+03	1.9707730e+03	1.9551269e+03	1.9704757e+03	1.9555243e+03	1.9704806e+03	1.9552049e+03	1.9706229e+03	1.9707508e+03	1.9704768e+03	2.4399960e+03	1.9705498e+03	1.9704970e+03	1.9706369e+03	1.9705993e+03	1.9705819e+03	1.9708587e+03	1.9554696e+03
1.9707501e+03	1.9705033e+03	1.9718373e+03	1.9416618e+03	1.9705913e+03	1.9708524e+03	1.9709691e+03	1.9704998e+03	1.9707730e+03	1.9551269e+03	1.9704757e+03	1.9555243e+03	1.9704806e+03	1.9552049e+03	1.9706229e+03	1.9707508e+03	1.9704768e+03	2.4399960e+03	1.9705498e+03	1.9704970e+03	1.9706369e+03	1.9705993e+03	1.9705819e+03	1.9708587e+03	1.9554696e+03
1.9707501e+03	1.9705033e+03	1.9718373e+03	1.9416618e+03	1.9705913e+03	1.9708524e+03	1.9709691e+03	1.9704998e+03	1.9707730e+03	1.9551269e+03	1.9704757e+03	1.9555243e+03	1.9704806e+03	1.9552049e+03	1.9706229e+03	1.9707508e+03	1.9704768e+03	2.4399960e+03	1.9705498e+03	1.9704970e+03	1.9706369e+03	1.9705993e+03	1.9705819e+03	1.9708587e+03	1.9554696e+03
1.9707501e+03	1.9705033e+03	1.9718373e+03	1.9416618e+03	1.9705913e+03	1.9708524e+03	1.9709691e+03	1.9704998e+03	1.9707730e+03	1.9551269e+03	1.9704757e+03	1.9555243e+03	1.9704806e+03	1.9552049e+03	1.9706229e+03	1.9707508e+03	1.9704768e+03	2.4399960e+03	1.9705498e+03	1.9704970e+03	1.9706369e+03	1.9705993e+03	1.9705819e+03	1.9708587e+03	1.9554696e+03
1.9707501e+03	1.9705033e+03	1.9718373e+03	1.9416618e+03	1.9705913e+03	1.9708524e+03	1.9709691e+03	1.9704998e+03	1.9707730e+03	1.9551269e+03	1.9704757e+03	1.9555243e+03	1.9704806e+03	1.9552049e+03	1.9706229e+03	1.9707508e+03	1.9704768e+03	2.4399960e+03	1.9705498e+03	1.9704970e+03	1.9706369e+03	1.9705993e+03	1.9705819e+03	1.9708587e+03	1.9554696e+03
1.9707501e+03	1.9705033e+03	1.9718373e+03	1.9416618e+03	1.9705913e+03	1.9708524e+03	1.9709691e+03	1.9704998e+03	1.9707730e+03	1.9551269e+03	1.9704757e+03	1.9555243e+03	1.9704806e+03	1.9552049e+03	1.9706229e+03	1.9707508e+03	1.9704768e+03	2.4399960e+03	1.9705498e+03	1.9704970e+03	1.9706369e+03	1.9705993e+03	1.9705819e+03	1.9708587e+03	1.9554696e+03
1.9707501e+03	1.9705033e+03	1.9718373e+03	1.9416618e+03	1.9705913e+03	1.9708524e+03	1.9709691e+03	1.9704998e+03	1.9707730e+03	1.9551269e+03	1.9704757e+03	1.9555243e+03	1.9704806e+03	1.9552049e+03	1.9706229e+03	1.9707508e+03	1.9704768e+03	2.4399960e+03	1.9705498e+03	1.9704970e+03	1.9706369e+03	1.9705993e+03	1.9705819e+03	1.9708587e+03	1.9554696e+03
1.9707501e+03	1.9705033e+03	1.9718373e+03	1.9416618e+03	1.9705913e+03	1.9708524e+03	1.9709691e+03	1.9704998e+03	1.9707730e+03	1.9551269e+03	1.9704757e+03	1.9555243e+03	1.9704806e+03	1.9552049e+03	1.9706229e+03	1.9707508e+03	1.9704768e+03	2.4399960e+03	1.9705498e+03	1.9704970e+03	1.9706369e+03	1.9705993e+03	1.9705819e+03	1.9708587e+03	1.9554696e+03
1.9707501e+03	1.9705033e+03	1.9718373e+03	1.9416618e+03	1.9705913e+03	1.9708524e+03	1.9709691e+03	1.9704998e+03	1.9707730e+03	1.9551269e+03	1.9704757e+03	1.9555243e+03	1.9704806e+03	1.9552049e+03	1.9706229e+03	1.9707508e+03	1.9704768e+03	2.4399960e+03	1.9705498e+03	1.9704970e+03	1.9706369e+03	1.9705993e+03	1.9705819e+03	1.9708587e+03	1.9554696e+03
1.9707501e+03	1.9705033e+03	1.9718373e+03	1.9416618e+03	1.9705913e+03	1.9708524e+03	1.9709691e+03	1.9704998e+03	1.9707730e+03	1.9551269e+03	1.9704757e+03	1.9555243e+03	1.9704806e+03	1.9552049e+03	1.9706229e+03	1.9707508e+03	1.9704768e+03	2.4399960e+03	1.9705498e+03	1.9704970e+03	1.9706369e+03	1.9705993e+03	1.9705819e+03	1.9708587e+03	1.9554696e+03
1.9707501e+03	1.9705033e+03	1.9718373e+03	1.9416618e+03	1.9705913e+03	1.9708524e+03	1.9709691e+03	1.9704998e+03	1.9707730e+03	1.9551269e+03	1.9704757e+03	1.9555243e+03	1.9704806e+03	1.9552049e+03	1.9706229e+03	1.9707508e+03	1.9704768e+03	2.4399960e+03	1.9705498e+03	1.9704970e+03	1.9706369e+03	1.9705993e+03	1.9705819e+03	1.9708587e+03	1.9554696e+03
1.9707501e+03	1.9705033e+03	1.9718373e+03	1.9416618e+03	1.9705913e+03	1.9708524e+03	1.9709691e+03	1.9704998e+03	1.9707730e+03	1.9551269e+03	1.9704757e+03	1.9555243e+03	1.9704806e+03	1.9552049e+03	1.9706229e+03	1.9707508e+03	1.9704768e+03	2.4399960e+03	1.9705498e+03	1.9704970e+03	1.9706369e+03	1.9705993e+03	1.9705819e+03	1.9708587e+03	1.9554696e+03
1.9707501e+03	1.9705033e+03	1.9718373e+03	1.9416618e+03	1.9705913e+03	1.9708524e+03	1.9709691e+03	1.9704998e+03	1.9707730e+03	1.9551269e+03	1.9704757e+03	1.9555243e+03	1.9704806e+03	1.9552049e+03	1.9706229e+03	1.9707508e+03	1.9704768e+03	2.4399960e+03	1.9705498e+03	1.9704970e+03	1.9706369e+03	1.9705993e+03	1.9705819e+03	1.9708587e+03	1.9554696e+03
1.9707501e+03	1.9705033e+03	1.9718373e+03	1.9416618e+03	1.9705913e+03	1.9708524e+03	1.9709691e+03	1.9704998e+03	1.9707730e+03	1.9551269e+03	1.9704757e+03	1.9555243e+03	1.9704806e+03	1.9552049e+03	1.9706229e+03	1.9707508e+03	1.9704768e+03	2.4399960e+03	1.9705498e+03	1.9704970e+03	1.9706369e+03	1.9705993e+03	1.9705819e+03	1.9708587e+03	1.9554696e+03
1.9707501e+03	1.9705033e+03	1.9718373e+03	1.9416618e+03	1.9705913e+03	1.9708524e+03	1.9709691e+03	1.9704998e+03	1.9707730e+03	1.9551269e+03	1.9704757e+03	1.9555243e+03	1.9704806e+03	1.9552049e+03	1.9706229e+03	1.9707508e+03	1.9704768e+03	2.4399960e+03	1.9705498e+03	1.9704970e+03	1.9706369e+03	1.9705993e+03	1.9705819e+03	1.9708587e+03	1.9554696e+03
1.9707501e+03	1.9705033e+03	1.9718373e+03	1.9416618e+03	1.9705913e+03	1.9708524e+03	1.9709691e+03	1.9704998e+03	1.9707730e+03	1.9551269e+03	1.9704757e+03	1.9555243e+03	1.9704806e+03	1.9552049e+03	1.9706229e+03	1.9707508e+03	1.9704768e+03	2.4399960e+03	1.9705498e+03	1.9704970e+03	1.9706369e+03	1.9705993e+03	1.9705819e+03	1.9708587e+03	1.9554696e+03
1.9707501e+03	1.9705033e+03	1.9718373e+03	1.9416618e+03	1.9705913e+03	1.9708524e+03	1.9709691e+03	1.9704998e+03	1.9707730e+03	1.9551269e+03	1.9704757e+03	1.9555243e+03	1.9704806e+03	1.9552049e+03	1.9706229e+03	1.9707508e+03	1.9704768e+03	2.4399960e+03	1.9705498e+03	1.9704970e+03	1.9706369e+03	1.9705993e+03	1.9705819e+03	1.9708587e+03	1.9554696e+03
1.9707501e+03	1.9705033e+03	1.9718373e+03	1.9416618e+03	1.9705913e+03	1.9708524e+03	1.9709691e+03	1.9704998e+03	1.9707730e+03	1.9551269e+03	1.9704757e+03	1.9555243e+03	1.9704806e+03	1.9552049e+03	1.9706229e+03	1.9707508e+03	1.9704768e+03	2.4399960e+03	1.9705498e+03	1.9704970e+03	1.9706369e+03	1.9705993e+03	1.9705819e+03	1.9708587e+03	1.9554696e+03
1.9707501e+03	1.9705033e+03	1.9718373e+03	1.9416618e+03	1.9705913e+03	1.9708524e+03	1.9709691e+03	1.9704998e+03	1.9707730e+03	1.9551269e+03	1.9704757e+03	1.9555243e+03	1.9704806e+03	1.9552049e+03	1.9706229e+03	1.9707508e+03	1.9704768e+03	2.4399960e+03	1.9705498e+03	1.9704970e+03	1.9706369e+03	1.9705993e+03	1.9705819e+03	1.9708587e+03	1.9554696e+03
1.9707501e+03	1.9705033e+03	1.9718373e+03	1.9416618e+03	1.9705913e+03	1.9708524e+03	1.9709691e+03	1.9704998e+03	1.9707730e+03	1.9551269e+03	1.9704757e+03	1.9555243e+03	1.9704806e+03	1.9552049e+03	1.9706229e+03	1.9707508e+03	1.9704768e+03	2.4399960e+03	1.9705498e+03	1.9704970e+03	1.9706369e+03	1.9705993e+03	1.9705819e+03	1.9708587e+03	1.9554696e+03
1.9707501e+03	1.9705033e+03	1.9718373e+03	1.9416618e+03	1.9705913e+03	1.9708524e+03	1.9709691e+03	1.9704998e+03	1.9707730e+03	1.9551269e+03	1.9704757e+03	1.9555243e+03	1.9704806e+03	1.9552049e+03	1.9706229e+03	1.9707508e+03	1.9704768e+03	2.4399960e+03	1.9705498e+03	1.9704970e+03	1.9706369e+03	1.9705993e+03	1.9705819e+03	1.9708587e+03	1.9554696e+03
1.9707501e+03	1.9705033e+03	1.9718373e+03	1.9416618e+03	1.9705913e+03	1.9708524e+03	1.9709691e+03	1.9704998e+03	1.9707730e+03	1.9551269e+03	1.9704757e+03	1.9555243e+03	1.9704806e+03	1.9552049e+03	1.9706229e+03	1.9707508e+03	1.9704768e+03	2.4399960e+03	1.9705498e+03	1.9704970e+03	1.9706369e+03	1.9705993e+03	1.9705819e+03	1.9708587e+03	1.9554696e+03
1.9707501e+03	1.9705033e+03	1.9718373e+03	1.9416618e+03	1.9705913e+03	1.9708524e+03	1.9709691e+03	1.9704998e+03	1.9707730e+03	1.9551269e+03	1.9704757e+03	1.9555243e+03	1.9704806e+03	1.9552049e+03	1.9706229e+03	1.9707508e+03	1.9704768e+03	2.4399960e+03	1.9705498e+03	1.9704970e+03	1.9706369e+03	1.9705993e+03	1.9705819e+03	1.9708587e+03	1.9554696e+03
1.9707501e+03	1.9705033e+03	1.9718373e+03	1.9416618e+03	1.9705913e+03	1.9708524e+03	1.9709691e+03	1.9704998e+03	1.9707730e+03	1.9551269e+03	1.9704757e+03	1.9555243e+03	1.9704806e+03	1.9552049e+03	1.9706229e+03	1.9707508e+03	1.9704768e+03	2.4399960e+03	1.9705498e+03	1.9704970e+03	1.9706369e+03	1.9705993e+03	1.9705819e+03	1.9708587e+03	1.9554696e+03
1.9707501e+03	1.9705033e+03	1.9718373e+03	1.9416618e+03	1.9705913e+03	1.9708524e+03	1.9709691e+03	1.9704998e+03	1.9707730e+03	1.9551269e+03	1.9704757e+03	1.9555243e+03	1.9704806e+03	1.9552049e+03	1.9706229e+03	1.9707508e+03	1.9704768e+03	2.4399960e+03	1.9705498e+03	1.9704970e+03	1.9706369e+03	1.9705993e+03	1.9705819e+03	1.9708587e+03	1.9554696e+03
1.9707501e+03	1.9705033e+03	1.9718373e+03	1.9416618e+03	1.9705913e+03	1.9708524e+03	1.9709691e+03	1.9704998e+03	1.9707730e+03	1.9551269e+03	1.9704757e+03	1.9555243e+03	1.9704806e+03	1.9552049e+03	1.9706229e+03	1.9707508e+03	1.9704768e+03	2.4399960e+03	1.9705498e+03	1.9704970e+03	1.9706369e+03	1.9705993e+03	1.9705819e+03	1.9708587e+03	1.9554696e+03
1.9707501e+03	1.9705033e+03	1.9718373e+03	1.9416618e+03	1.9705913e+03	1.9708524e+03	1.9709691e+03	1.9704998e+03	1.9707730e+03	1.9551269e+03	1.9704757e+03	1.9555243e+03	1.9704806e+03	1.9552049e+03	1.9706229e+03	1.9707508e+03	1.9704768e+03	2.4399960e+03	1.9705498e+03	1.9704970e+03	1.9706369e+03	1.9705993e+03	1.9705819e+03	1.9708587e+03	1.9554696e+03
1.9707501e+03	1.9705033e+03	1.9718373e+03	1.9416618e+03	1.9705913e+03	1.9708524e+03	1.9709691e+03	1.9704998e+03	1.9707730e+03	1.9551269e+03	1.9704757e+03	1.9555243e+03	1.9704806e+03	1.9552049e+03	1.9706229e+03	1.9707508e+03	1.9704768e+03	2.4399960e+03	1.9705498e+03	1.9704970e+03	1.9706369e+03	1.9705993e+03	1.9705819e+03	1.9708587e+03	1.9554696e+03
1.9707501e+03	1.9705033e+03	1.9718373e+03	1.9416618e+03	1.9705913e+03	1.9708524e+03	1.9709691e+03	1.9704998e+03	1.9707730e+03	1.9551269e+03	1.9704757e+03	1.9555243e+03	1.9704806e+03	1.9552049e+03	1.9706229e+03	1.9707508e+03	1.9704768e+03	2.4399960e+03	1.9705498e+03	1.9704970e+03	1.9706369e+03	1.9705993e+03	1.9705819e+03	1.9708587e+03	1.9554696e+03
1.9707501e+03	1.9705033e+03	1.9718373e+03	1.9416618e+03	1.9705913e+03	1.9708524e+03	1.9709691e+03	1.9704998e+03	1.9707730e+03	1.9551269e+03	1.9704757e+03	1.9555243e+03	1.9704806e+03	1.9552049e+03	1.9706229e+03	1.9707508e+03	1.9704768e+03	2.4399960e+03	1.9705498e+03	1.9704970e+03	1.9706369e+03	1.9705993e+03	1.9705819e+03	1.9708587e+03	1.9554696e+03
1.9707501e+03	1.9705033e+03	1.9718373e+03	1.9416618e+03	1.9705913e+03	1.9708524e+03	1.9709691e+03	1.9704998e+03	1.9707730e+03	1.9551269e+03	1.9704757e+03	1.9555243e+03	1.9704806e+03	1.9552049e+03	1.9706229e+03	1.9707508e+03	1.9704768e+03	2.4399960e+03	1.9705498e+03	1.9704970e+03	1.9706369e+03	1.9705993e+03	1.9705819e+03	1.9708587e+03	1.9554696e+03
1.9707501e+03	1.9705033e+03	1.9718373e+03	1.9416618e+03	1.9705913e+03	1.9708524e+03	1.9709691e+03	1.9704998e+03	1.9707730e+03	1.9551269e+03	1.9704757e+03	1.9555243e+03	1.9704806e+03	1.9552049e+03	1.9706229e+03	1.9707508e+03	1.9704768e+03	2.4399960e+03	1.9705498e+03	1.9704970e+03	1.9706369e+03	1.9705993e+03	1.9705819e+03	1.9708587e+03	1.9554696e+03
1.9707501e+03	1.9705033e+03	1.9718373e+03	1.9416618e+03	1.9705913e+03	1.9708524e+03	1.9709691e+03	1.9704998e+03	1.9707730e+03	1.9551269e+03	1.9704757e+03	1.9555243e+03	1.9704806e+03	1.9552049e+03	1.9706229e+03	1.9707508e+03	1.9704768e+03	2.4399960e+03	1.9705498e+03	1.9704970e+03	1.9706369e+03	1.9705993e+03	1.9705819e+03	1.9708587e+03	1.9554696e+03
1.9707501e+03	1.9705033e+03	1.9718373e+03	1.9416618e+03	1.9705913e+03	1.9708524e+03	1.9709691e+03	1.9704998e+03	1.9707730e+03	1.9551269e+03	1.9704757e+03	1.9555243e+03	1.9704806e+03	1.9552049e+03	1.9706229e+03	1.9707508e+03	1.9704768e+03	2.4399960e+03	1.9705498e+03	1.9704970e+03	1.9706369e+03	1.9705993e+03	1.9705819e+03	1.9708587e+03	1.9554696e+03
1.9707501e+03	1.9705033e+03	1.9718373e+03	1.9416618e+03	1.9705913e+03	1.9708524e+03	1.9709691e+03	1.9704998e+03	1.9707730e+03	1.9551269e+03	1.9704757e+03	1.9555243e+03	1.9704806e+03	1.9552049e+03	1.9706229e+03	1.9707508e+03	1.9704768e+03	2.4399960e+03	1.9705498e+03	1.9704970e+03	1.9706369e+03	1.9705993e+03	1.9705819e+03	1.9708587e+03	1.9554696e+03
1.9707501e+03	1.9705033e+03	1.9718373e+03	1.9416618e+03	1.9705913e+03	1.9708524e+03	1.9709691e+03	1.9704998e+03	1.9707730e+03	1.9551269e+03	1.9704757e+03	1.9555243e+03	1.9704806e+03	1.9552049e+03	1.9706229e+03	1.9707508e+03	1.9704768e+03	2.4399960e+03	1.9705498e+03	1.9704970e+03	1.9706369e+03	1.9705993e+03	1.9705819e+03	1.9708587e+03	1.9554696e+03
1.9707501e+03	1.9705033e+03	1.9718373e+03	1.9416618e+03	1.9705913e+03	1.9708524e+03	1.9709691e+03	1.9704998e+03	1.9707730e+03	1.9551269e+03	1.9704757e+03	1.9555243e+03	1.9704806e+03	1.9552049e+03	1.9706229e+03	1.9707508e+03	1.9704768e+03	2.4399960e+03	1.9705498e+03	1.9704970e+03	1.9706369e+03	1.9705993e+03	1.9705819e+03	1.9708587e+03	1.9554696e+03
1.9707501e+03	1.9705033e+03	1.9718373e+03	1.9416618e+03	1.9705913e+03	1.9708524e+03	1.9709691e+03	1.9704998e+03	1.9707730e+03	1.9551269e+03	1.9704757e+03	1.9555243e+03	1.9704806e+03	1.9552049e+03	1.9706229e+03	1.9707508e+03	1.9704768e+03	2.4399960e+03	1.9705498e+03	1.9704970e+03	1.9706369e+03	1.9705993e+03	1.9705819e+03	1.9708587e+03	1.9554696e+03
1.9707501e+03	1.9705033e+03	1.9718373e+03	1.9416618e+03	1.9705913e+03	1.9708524e+03	1.9709691e+03	1.9704998e+03	1.9707730e+03	1.9551269e+03	1.9704757e+03	1.9555243e+03	1.9704806e+03	1.9552049e+03	1.9706229e+03	1.9707508e+03	1.9704768e+03	2.4399960e+03	1.9705498e+03	1.9704970e+03	1.9706369e+03	1.9705993e+03	1.9705819e+03	1.9708587e+03	1.9554696e+03
1.9707501e+03	1.9705033e+03	1.9718373e+03	1.9416618e+03	1.9705913e+03	1.9708524e+03	1.9709691e+03	1.9704998e+03	1.9707730e+03	1.9551269e+03	1.9704757e+03	1.9555243e+03	1.9704806e+03	1.9552049e+03	1.9706229e+03	1.9707508e+03	1.9704768e+03	2.4399960e+03	1.9705498e+03	1.9704970e+03	1.9706369e+03	1.9705993e+03	1.9705819e+03	1.9708587e+03	1.9554696e+03
1.9707501e+03	1.9705033e+03	1.9718373e+03	1.9416618e+03	1.9705913e+03	1.9708524e+03	1.9709691e+03	1.9704998e+03	1.9707730e+03	1.9551269e+03	1.9704757e+03	1.9555243e+03	1.9704806e+03	1.9552049e+03	1.9706229e+03	1.9707508e+03	1.9704768e+03	2.4399960e+03	1.9705498e+03	1.9704970e+03	1.9706369e+03	1.9705993e+03	1.9705819e+03	1.9708587e+03	1.9554696e+03
1.9707501e+03	1.9705033e+03	1.9718373e+03	1.9416618e+03	1.9705913e+03	1.9708524e+03	1.9709691e+03	1.9704998e+03	1.9707730e+03	1.9551269e+03	1.9704757e+03	1.9555243e+03	1.9704806e+03	1.9552049e+03	1.9706229e+03	1.9707508e+03	1.9704768e+03	2.4399960e+03	1.9705498e+03	1.9704970e+03	1.9706369e+03	1.9705993e+03	1.9705819e+03	1.9708587e+03	1.9554696e+03
1.9707501e+03	1.9705033e+03	1.9718373e+03	1.9416618e+03	1.9705913e+03	1.9708524e+03	1.9709691e+03	1.9704998e+03	1.9707730e+03	1.9551269e+03	1.9704757e+03	1.9555243e+03	1.9704806e+03	1.9552049e+03	1.9706229e+03	1.9707508e+03	1.9704768e+03	2.4399960e+03	1.9705498e+03	1.9704970e+03	1.9706369e+03	1.9705993e+03	1.9705819e+03	1.9708587e+03	1.9554696e+03
1.9707501e+03	1.9705033e+03	1.9718373e+03	1.9416618e+03	1.9705913e+03	1.9708524e+03	1.9709691e+03	1.9704998e+03	1.9707730e+03	1.9551269e+03	1.9704757e+03	1.9555243e+03	1.9704806e+03	1.9552049e+03	1.9706229e+03	1.9707508e+03	1.9704768e+03	2.4399960e+03	1.9705498e+03	1.9704970e+03	1.9706369e+03	1.9705993e+03	1.9705819e+03	1.9708587e+03	1.9554696e+03
1.9707501e+03	1.9705033e+03	1.9718373e+03	1.9416618e+03	1.9705913e+03	1.9708524e+03	1.9709691e+03	1.9704998e+03	1.9707730e+03	1.9551269e+03	1.9704757e+03	1.9555243e+03	1.9704806e+03	1.9552049e+03	1.9706229e+03	1.9707508e+03	1.9704768e+03	2.4399960e+03	1.9705498e+03	1.9704970e+03	1.9706369e+03	1.9705993e+03	1.9705819e+03	1.9708587e+03	1.9554696e+03
1.9707501e+03	1.9705033e+03	1.9718373e+03	1.9416618e+03	1.9705913e+03	1.9708524e+03	1.9709691e+03	1.9704998e+03	1.9707730e+03	1.9551269e+03	1.9704757e+03	1.9555243e+03	1.9704806e+03	1.9552049e+03	1.9706229e+03	1.9707508e+03	1.9704768e+03	2.4399960e+03	1.9705498e+03	1.9704970e+03	1.9706369e+03	1.9705993e+03	1.9705819e+03	1.9708587e+03	1.9554696e+03
1.9707501e+03	1.9705033e+03	1.9718373e+03	1.9416618e+03	1.9705913e+03	1.9708524e+03	1.9709691e+03	1.9704998e+03	1.9707730e+03	1.9551269e+03	1.9704757e+03	1.9555243e+03	1.9704806e+03	1.9552049e+03	1.9706229e+03	1.9707508e+03	1.9704768e+03	2.4399960e+03	1.9705498e+03	1.9704970e+03	1.9706369e+03	1.9705993e+03	1.9705819e+03	1.9708587e+03	1.9554696e+03
1.9707501e+03	1.9705033e+03	1.9718373e+03	1.9416618e+03	1.9705913e+03	1.9708524e+03	1.9709691e+03	1.9704998e+03	1.9707730e+03	1.9551269e+03	1.9704757e+03	1.9555243e+03	1.9704806e+03	1.9552049e+03	1.9706229e+03	1.9707508e+03	1.9704768e+03	2.4399960e+03	1.9705498e+03	1.9704970e+03	1.9706369e+03	1.9705993e+03	1.9705819e+03	1.9708587e+03	1.9554696e+03
1.9707501e+03	1.9705033e+03	1.9718373e+03	1.9416618e+03	1.9705913e+03	1.9708524e+03	1.9709691e+03	1.9704998e+03	1.9707730e+03	1.9551269e+03	1.9704757e+03	1.9555243e+03	1.9704806e+03	1.9552049e+03	1.9706229e+03	1.9707508e+03	1.9704768e+03	2.4399960e+03	1.9705498e+03	1.9704970e+03	1.9706369e+03	1.9705993e+03	1.9705819e+03	1.9708587e+03	1.9554696e+03
1.9707501e+03	1.9705033e+03	1.9718373e+03	1.9416618e+03	1.9705913e+03	1.9708524e+03	1.9709691e+03	1.9704998e+03	1.9707730e+03	1.9551269e+03	1.9704757e+03	1.9555243e+03	1.9704806e+03	1.9552049e+03	1.9706229e+03	1.9707508e+03	1.9704768e+03	2.4399960e+03	1.9705498e+03	1.9704970e+03	1.9706369e+03	1.9705993e+03	1.9705819e+03	1.9708587e+03	1.9554696e+03
1.9707501e+03	1.9705033e+03	1.9718373e+03	1.9416618e+03	1.9705913e+03	1.9708524e+03	1.9709691e+03	1.9704998e+03	1.9707730e+03	1.9551269e+03	1.9704757e+03	1.9555243e+03	1.9704806e+03	1.9552049e+03	1.9706229e+03	1.9707508e+03	1.9704768e+03	2.4399960e+03	1.9705498e+03	1.9704970e+03	1.9706369e+03	1.9705993e+03	1.9705819e+03	1.9708587e+03	1.9554696e+03
1.9707501e+03	1.9705033e+03	1.9718373e+03	1.9416618e+03	1.9705913e+03	1.9708524e+03	1.9709691e+03	1.9704998e+03	1.9707730e+03	1.9551269e+03	1.9704757e+03	1.9555243e+03	1.9704806e+03	1.9552049e+03	1.9706229e+03	1.9707508e+03	1.9704768e+03	2.4399960e+03	1.9705498e+03	1.9704970e+03	1.9706369e+03	1.9705993e+03	1.9705819e+03	1.9708587e+03	1.9554696e+03
1.9707501e+03	1.9705033e+03	1.9718373e+03	1.9416618e+03	1.9705913e+03	1.9708524e+03	1.9709691e+03	1.9704998e+03	1.9707730e+03	1.9551269e+03	1.9704757e+03	1.9555243e+03	1.9704806e+03	1.9552049e+03	1.9706229e+03	1.9707508e+03	1.9704768e+03	2.4399960e+03	1.9705498e+03	1.9704970e+03	1.9706369e+03	1.9705993e+03	1.9705819e+03	1.9708587e+03	1.9554696e+03
1.9707501e+03	1.9705033e+03	1.9718373e+03	1.9416618e+03	1.9705913e+03	1.9708524e+03	1.9709691e+03	1.9704998e+03	1.9707730e+03	1.9551269e+03	1.9704757e+03	1.9555243e+03	1.9704806e+03	1.9552049e+03	1.9706229e+03	1.9707508e+03	1.9704768e+03	2.4399960e+03	1.9705498e+03	1.9704970e+03	1.9706369e+03	1.9705993e+03	1.9705819e+03	1.9708587e+03	1.9554696e+03
1.9707501e+03	1.9705033e+03	1.9718373e+03	1.9416618e+03	1.9705913e+03	1.9708524e+03	1.9709691e+03	1.9704998e+03	1.9707730e+03	1.9551269e+03	1.9704757e+03	1.9555243e+03	1.9704806e+03	1.9552049e+03	1.9706229e+03	1.9707508e+03	1.9704768e+03	2.4399960e+03	1.9705498e+03	1.9704970e+03	1.9706369e+03	1.9705993e+03	1.9705819e+03	1.9708587e+03	1.9554696e+03
1.9707501e+03	1.9705033e+03	1.9718373e+03	1.9416618e+03	1.9705913e+03	1.9708524e+03	1.9709691e+03	1.9704998e+03	1.9707730e+03	1.9551269e+03	1.9704757e+03	1.9555243e+03	1.9704806e+03	1.9552049e+03	1.9706229e+03	1.9707508e+03	1.9704768e+03	2.4399960e+03	1.9705498e+03	1.9704970e+03	1.9706369e+03	1.9705993e+03	1.9705819e+03	1.9708587e+03	1.9554696e+03
1.9707501e+03	1.9705033e+03	1.9718373e+03	1.9416618e+03	1.9705913e+03	1.9708524e+03	1.9709691e+03	1.9704998e+03	1.9707730e+03	1.9551269e+03	1.9704757e+03	1.9555243e+03	1.9704806e+03	1.9552049e+03	1.9706229e+03	1.9707508e+03	1.9704768e+03	2.4399960e+03	1.9705498e+03	1.9704970e+03	1.9706369e+03	1.9705993e+03	1.9705819e+03	1.9708587e+03	1.9554696e+03
1.9707501e+03	1.9705033e+03	1.9718373e+03	1.9416618e+03	1.9705913e+03	1.9708524e+03	1.9709691e+03	1.9704998e+03	1.9707730e+03	1.9551269e+03	1.9704757e+03	1.9555243e+03	1.9704806e+03	1.9552049e+03	1.9706229e+03	1.9707508e+03	1.9704768e+03	2.4399960e+03	1.9705498e+03	1.9704970e+03	1.9706369e+03	1.9705993e+03	1.9705819e+03	1.9708587e+03	1.9554696e+03
1.9707501e+03	1.9705033e+03	1.9718373e+03	1.9416618e+03	1.9705913e+03	1.9708524e+03	1.9709691e+03	1.9704998e+03	1.9707730e+03	1.9551269e+03	1.9704757e+03	1.9555243e+03	1.9704806e+03	1.9552049e+03	1.9706229e+03	1.9707508e+03	1.9704768e+03	2.4399960e+03	1.9705498e+03	1.9704970e+03	1.9706369e+03	1.9705993e+03	1.9705819e+03	1.9708587e+03	1.9554696e+03
1.9707501e+03	1.9705033e+03	1.9718373e+03	1.9416618e+03	1.9705913e+03	1.9708524e+03	1.9709691e+03	1.9704998e+03	1.9707730e+03	1.9551269e+03	1.9704757e+03	1.9555243e+03	1.9704806e+03	1.9552049e+03	1.9706229e+03	1.9707508e+03	1.9704768e+03	2.4399960e+03	1.9705498e+03	1.9704970e+03	1.9706369e+03	1.9705993e+03	1.9705819e+03	1.9708587e+03	1.9554696e+03
1.9707501e+03	1.9705033e+03	1.9718373e+03	1.9416618e+03	1.9705913e+03	1.9708524e+03	1.9709691e+03	1.9704998e+03	1.9707730e+03	1.9551269e+03	1.9704757e+03	1.9555243e+03	1.9704806e+03	1.9552049e+03	1.9706229e+03	1.9707508e+03	1.9704768e+03	2.4399960e+03	1.9705498e+03	1.9704970e+03	1.9706369e+03	1.9705993e+03	1.9705819e+03	1.9708587e+03	1.9554696e+03
1.9707501e+03	1.9705033e+03	1.9718373e+03	1.9416618e+03	1.9705913e+03	1.9708524e+03	1.9709691e+03	1.9704998e+03	1.9707730e+03	1.9551269e+03	1.9704757e+03	1.9555243e+03	1.9704806e+03	1.9552049e+03	1.9706229e+03	1.9707508e+03	1.9704768e+03	2.4399960e+03	1.9705498e+03	1.9704970e+03	1.9706369e+03	1.9705993e+03	1.9705819e+03	1.9708587e+03	1.9554696e+03
1.9707501e+03	1.9705033e+03	1.9718373e+03	1.9416618e+03	1.9705913e+03	1.9708524e+03	1.9709691e+03	1.9704998e+03	1.9707730e+03	1.9551269e+03	1.9704757e+03	1.9555243e+03	1.9704806e+03	1.9552049e+03	1.9706229e+03	1.9707508e+03	1.9704768e+03	2.4399960e+03	1.9705498e+03	1.9704970e+03	1.9706369e+03	1.9705993e+03	1.9705819e+03	1.9708587e+03	1.9554696e+03
1.9707501e+03	1.9705033e+03	1.9718373e+03	1.9416618e+03	1.9705913e+03	1.9708524e+03	1.9709691e+03	1.9704998e+03	1.9707730e+03	1.9551269e+03	1.9704757e+03	1.9555243e+03	1.9704806e+03	1.9552049e+03	1.9706229e+03	1.9707508e+03	1.9704768e+03	2.4399960e+03	1.9705498e+03	1.9704970e+03	1.9706369e+03	1.9705993e+03	1.9705819e+03	1.9708587e+03	1.9554696e+03
1.9707501e+03	1.9705033e+03	1.9718373e+03	1.9416618e+03	1.9705913e+03	1.9708524e+03	1.9709691e+03	1.9704998e+03	1.9707730e+03	1.9551269e+03	1.9704757e+03	1.9555243e+03	1.9704806e+03	1.9552049e+03	1.9706229e+03	1.9707508e+03	1.9704768e+03	2.4399960e+03	1.9705498e+03	1.9704970e+03	1.9706369e+03	1.9705993e+03	1.9705819e+03	1.9708587e+03	1.9554696e+03
1.9707501e+03	1.9705033e+03	1.9718373e+03	1.9416618e+03	1.9705913e+03	1.9708524e+03	1.9709691e+03	1.9704998e+03	1.9707730e+03	1.9551269e+03	1.9704757e+03	1.9555243e+03	1.9704806e+03	1.9552049e+03	1.9706229e+03	1.9707508e+03	1.9704768e+03	2.4399960e+03	1.9705498e+03	1.9704970e+03	1.9706369e+03	1.9705993e+03	1.9705819e+03	1.9708587e+03	1.9554696e+03
1.9707501e+03	1.9705033e+03	1.9718373e+03	1.9416618e+03	1.9705913e+03	1.9708524e+03	1.9709691e+03	1.9704998e+03	1.9707730e+03	1.9551269e+03	1.9704757e+03	1.9555243e+03	1.9704806e+03	1.9552049e+03	1.9706229e+03	1.9707508e+03	1.9704768e+03	2.4399960e+03	1.9705498e+03	1.9704970e+03	1.9706369e+03	1.9705993e+03	1.9705819e+03	1.9708587e+03	1.9554696e+03
1.9707501e+03	1.9705033e+03	1.9718373e+03	1.9416618e+03	1.9705913e+03	1.9708524e+03	1.9709691e+03	1.9704998e+03	1.9707730e+03	1.9551269e+03	1.9704757e+03	1.9555243e+03	1.9704806e+03	1.9552049e+03	1.9706229e+03	1.9707508e+03	1.9704768e+03	2.4399960e+03	1.9705498e+03	1.9704970e+03	1.9706369e+03	1.9705993e+03	1.9705819e+03	1.9708587e+03	1.9554696e+03
1.9707501e+03	1.9705033e+03	1.9718373e+03	1.9416618e+03	1.9705913e+03	1.9708524e+03	1.9709691e+03	1.9704998e+03	1.9707730e+03	1.9551269e+03	1.9704757e+03	1.9555243e+03	1.9704806e+03	1.9552049e+03	1.9706229e+03	1.9707508e+03	1.9704768e+03	2.4399960e+03	1.9705498e+03	1.9704970e+03	1.9706369e+03	1.9705993e+03	1.9705819e+03	1.9708587e+03	1.9554696e+03
1.9707501e+03	1.9705033e+03	1.9718373e+03	1.9416618e+03	1.9705913e+03	1.9708524e+03	1.9709691e+03	1.9704998e+03	1.9707730e+03	1.9551269e+03	1.9704757e+03	1.9555243e+03	1.9704806e+03	1.9552049e+03	1.9706229e+03	1.9707508e+03	1.9704768e+03	2.4399960e+03	1.9705498e+03	1.9704970e+03	1.9706369e+03	1.9705993e+03	1.9705819e+03	1.9708587e+03	1.9554696e+03
1.9707501e+03	1.9705033e+03	1.9718373e+03	1.9416618e+03	1.9705913e+03	1.9708524e+03	1.9709691e+03	1.9704998e+03	1.9707730e+03	1.9551269e+03	1.9704757e+03	1.9555243e+03	1.9704806e+03	1.9552049e+03	1.9706229e+03	1.9707508e+03	1.9704768e+03	2.4399960e+03	1.9705498e+03	1.9704970e+03	1.9706369e+03	1.9705993e+03	1.9705819e+03	1.9708587e+03	1.9554696e+03
1.9707501e+03	1.9705033e+03	1.9718373e+03	1.9416618e+03	1.9705913e+03	1.9708524e+03	1.9709691e+03	1.9704998e+03	1.9707730e+03	1.9551269e+03	1.9704757e+03	1.9555243e+03	1.9704806e+03	1.9552049e+03	1.9706229e+03	1.9707508e+03	1.9704768e+03	2.4399960e+03	1.9705498e+03	1.9704970e+03	1.9706369e+03	1.9705993e+03	1.9705819e+03	1.9708587e+03	1.9554696e+03
1.9707501e+03	1.9705033e+03	1.9718373e+03	1.9416618e+03	1.9705913e+03	1.9708524e+03	1.9709691e+03	1.9704998e+03	1.9707730e+03	1.9551269e+03	1.9704757e+03	1.9555243e+03	1.9704806e+03	1.9552049e+03	1.9706229e+03	1.9707508e+03	1.9704768e+03	2.4399960e+03	1.9705498e+03	1.9704970e+03	1.9706369e+03	1.9705993e+03	1.9705819e+03	1.9708587e+03	1.9554696e+03
1.9707501e+03	1.9705033e+03	1.9718373e+03	1.9416618e+03	1.9705913e+03	1.9708524e+03	1.9709691e+03	1.9704998e+03	1.9707730e+03	1.9551269e+03	1.9704757e+03	1.9555243e+03	1.9704806e+03	1.9552049e+03	1.9706229e+03	1.9707508e+03	1.9704768e+03	2.4399960e+03	1.9705498e+03	1.9704970e+03	1.9706369e+03	1.9705993e+03	1.9705819e+03	1.9708587e+03	1.9554696e+03
1.9707501e+03	1.9705033e+03	1.9718373e+03	1.9416618e+03	1.9705913e+03	1.9708524e+03	1.9709691e+03	1.9704998e+03	1.9707730e+03	1.9551269e+03	1.9704757e+03	1.9555243e+03	1.9704806e+03	1.9552049e+03	1.9706229e+03	1.9707508e+03	1.9704768e+03	2.4399960e+03	1.9705498e+03	1.9704970e+03	1.9706369e+03	1.9705993e+03	1.9705819e+03	1.9708587e+03	1.9554696e+03
1.9707501e+03	1.9705033e+03	1.9718373e+03	1.9416618e+03	1.9705913e+03	1.9708524e+03	1.9709691e+03	1.9704998e+03	1.9707730e+03	1.9551269e+03	1.9704757e+03	1.9555243e+03	1.9704806e+03	1.9552049e+03	1.9706229e+03	1.9707508e+03	1.9704768e+03	2.4399960e+03	1.9705498e+03	1.9704970e+03	1.9706369e+03	1.9705993e+03	1.9705819e+03	1.9708587e+03	1.9554696e+03
1.9707501e+03	1.9705033e+03	1.9718373e+03	1.9416618e+03	1.9705913e+03	1.9708524e+03	1.9709691e+03	1.9704998e+03	1.9707730e+03	1.9551269e+03	1.9704757e+03	1.9555243e+03	1.9704806e+03	1.9552049e+03	1.9706229e+03	1.9707508e+03	1.9704768e+03	2.4399960e+03	1.9705498e+03	1.9704970e+03	1.9706369e+03	1.9705993e+03	1.9705819e+03	1.9708587e+03	1.9554696e+03
1.9707501e+03	1.9705033e+03	1.9718373e+03	1.9416618e+03	1.9705913e+03	1.9708524e+03	1.9709691e+03	1.9704998e+03	1.9707730e+03	1.9551269e+03	1.9704757e+03	1.9555243e+03	1.9704806e+03	1.9552049e+03	1.9706229e+03	1.9707508e+03	1.9704768e+03	2.4399960e+03	1.9705498e+03	1.9704970e+03	1.9706369e+03	1.9705993e+03	1.9705819e+03	1.9708587e+03	1.9554696e+03
1.9707501e+03	1.9705033e+03	1.9718373e+03	1.9416618e+03	1.9705913e+03	1.9708524e+03	1.9709691e+03	1.9704998e+03	1.9707730e+03	1.9551269e+03	1.9704757e+03	1.9555243e+03	1.9704806e+03	1.9552049e+03	1.9706229e+03	1.9707508e+03	1.9704768e+03	2.4399960e+03	1.9705498e+03	1.9704970e+03	1.9706369e+03	1.9705993e+03	1.9705819e+03	1.9708587e+03	1.9554696e+03
1.9707501e+03	1.9705033e+03	1.9718373e+03	1.9416618e+03	1.9705913e+03	1.9708524e+03	1.9709691e+03	1.9704998e+03	1.9707730e+03	1.9551269e+03	1.9704757e+03	1.9555243e+03	1.9704806e+03	1.9552049e+03	1.9706229e+03	1.9707508e+03	1.9704768e+03	2.4399960e+03	1.9705498e+03	1.9704970e+03	1.9706369e+03	1.9705993e+03	1.9705819e+03	1.9708587e+03	1.9554696e+03
1.9707501e+03	1.9705033e+03	1.9718373e+03	1.9416618e+03	1.9705913e+03	1.9708524e+03	1.9709691e+03	1.9704998e+03	1.9707730e+03	1.9551269e+03	1.9704757e+03	1.9555243e+03	1.9704806e+03	1.9552049e+03	1.9706229e+03	1.9707508e+03	1.9704768e+03	2.4399960e+03	1.9705498e+03	1.9704970e+03	1.9706369e+03	1.9705993e+03	1.9705819e+03	1.9708587e+03	1.9554696e+03
1.9707501e+03	1.9705033e+03	1.9718373e+03	1.9416618e+03	1.9705913e+03	1.9708524e+03	1.9709691e+03	1.9704998e+03	1.9707730e+03	1.9551269e+03	1.9704757e+03	1.9555243e+03	1.9704806e+03	1.9552049e+03	1.9706229e+03	1.9707508e+03	1.9704768e+03	2.4399960e+03	1.9705498e+03	1.9704970e+03	1.9706369e+03	1.9705993e+03	1.9705819e+03	1.9708587e+03	1.9554696e+03
1.9707501e+03	1.9705033e+03	1.9718373e+03	1.9416618e+03	1.9705913e+03	1.9708524e+03	1.9709691e+03	1.9704998e+03	1.9707730e+03	1.9551269e+03	1.9704757e+03	1.9555243e+03	1.9704806e+03	1.9552049e+03	1.9706229e+03	1.9707508e+03	1.9704768e+03	2.4399960e+03	1.9705498e+03	1.9704970e+03	1.9706369e+03	1.9705993e+03	1.9705819e+03	1.9708587e+03	1.9554696e+03
1.9707501e+03	1.9705033e+03	1.9718373e+03	1.9416618e+03	1.9705913e+03	1.9708524e+03	1.9709691e+03	1.9704998e+03	1.9707730e+03	1.9551269e+03	1.9704757e+03	1.9555243e+03	1.9704806e+03	1.9552049e+03	1.9706229e+03	1.9707508e+03	1.9704768e+03	2.4399960e+03	1.9705498e+03	1.9704970e+03	1.9706369e+03	1.9705993e+03	1.9705819e+03	1.9708587e+03	1.9554696e+03
1.9707501e+03	1.9705033e+03	1.9718373e+03	1.9416618e+03	1.9705913e+03	1.9708524e+03	1.9709691e+03	1.9704998e+03	1.9707730e+03	1.9551269e+03	1.9704757e+03	1.9555243e+03	1.9704806e+03	1.9552049e+03	1.9706229e+03	1.9707508e+03	1.9704768e+03	2.4399960e+03	1.9705498e+03	1.9704970e+03	1.9706369e+03	1.9705993e+03	1.9705819e+03	1.9708587e+03	1.9554696e+03
1.9707501e+03	1.9705033e+03	1.9718373e+03	1.9416618e+03	1.9705913e+03	1.9708524e+03	1.9709691e+03	1.9704998e+03	1.9707730e+03	1.9551269e+03	1.9704757e+03	1.9555243e+03	1.9704806e+03	1.9552049e+03	1.9706229e+03	1.9707508e+03	1.9704768e+03	2.4399960e+03	1.9705498e+03	1.9704970e+03	1.9706369e+03	1.9705993e+03	1.9705819e+03	1.9708587e+03	1.9554696e+03
1.9707501e+03	1.9705033e+03	1.9718373e+03	1.9416618e+03	1.9705913e+03	1.9708524e+03	1.9709691e+03	1.9704998e+03	1.9707730e+03	1.9551269e+03	1.9704757e+03	1.9555243e+03	1.9704806e+03	1.9552049e+03	1.9706229e+03	1.9707508e+03	1.9704768e+03	2.4399960e+03	1.9705498e+03	1.9704970e+03	1.9706369e+03	1.9705993e+03	1.9705819e+03	1.9708587e+03	1.9554696e+03
1.9707501e+03	1.9705033e+03	1.9718373e+03	1.9416618e+03	1.9705913e+03	1.9708524e+03	1.9709691e+03	1.9704998e+03	1.9707730e+03	1.9551269e+03	1.9704757e+03	1.9555243e+03	1.9704806e+03	1.9552049e+03	1.9706229e+03	1.9707508e+03	1.9704768e+03	2.4399960e+03	1.9705498e+03	1.9704970e+03	1.9706369e+03	1.9705993e+03	1.9705819e+03	1.9708587e+03	1.9554696e+03
1.9707501e+03	1.9705033e+03	1.9718373e+03	1.9416618e+03	1.9705913e+03	1.9708524e+03	1.9709691e+03	1.9704998e+03	1.9707730e+03	1.9551269e+03	1.9704757e+03	1.9555243e+03	1.9704806e+03	1.9552049e+03	1.9706229e+03	1.9707508e+03	1.9704768e+03	2.4399960e+03	1.9705498e+03	1.9704970e+03	1.9706369e+03	1.9705993e+03	1.9705819e+03	1.9708587e+03	1.9554696e+03
1.9707501e+03	1.9705033e+03	1.9718373e+03	1.9416618e+03	1.9705913e+03	1.9708524e+03	1.9709691e+03	1.9704998e+03	1.9707730e+03	1.9551269e+03	1.9704757e+03	1.9555243e+03	1.9704806e+03	1.9552049e+03	1.9706229e+03	1.9707508e+03	1.9704768e+03	2.4399960e+03	1.9705498e+03	1.9704970e+03	1.9706369e+03	1.9705993e+03	1.9705819e+03	1.9708587e+03	1.9554696e+03
1.9707501e+03	1.9705033e+03	1.9718373e+03	1.9416618e+03	1.9705913e+03	1.9708524e+03	1.9709691e+03	1.9704998e+03	1.9707730e+03	1.9551269e+03	1.9704757e+03	1.9555243e+03	1.9704806e+03	1.9552049e+03	1.9706229e+03	1.9707508e+03	1.9704768e+03	2.4399960e+03	1.9705498e+03	1.9704970e+03	1.9706369e+03	1.9705993e+03	1.9705819e+03	1.9708587e+03	1.9554696e+03
1.9707501e+03	1.9705033e+03	1.9718373e+03	1.9416618e+03	1.9705913e+03	1.9708524e+03	1.9709691e+03	1.9704998e+03	1.9707730e+03	1.9551269e+03	1.9704757e+03	1.9555243e+03	1.9704806e+03	1.9552049e+03	1.9706229e+03	1.9707508e+03	1.9704768e+03	2.4399960e+03	1.9705498e+03	1.9704970e+03	1.9706369e+03	1.9705993e+03	1.9705819e+03	1.9708587e+03	1.9554696e+03
1.9707501e+03	1.9705033e+03	1.9718373e+03	1.9416618e+03	1.9705913e+03	1.9708524e+03	1.9709691e+03	1.9704998e+03	1.9707730e+03	1.9551269e+03	1.9704757e+03	1.9555243e+03	1.9704806e+03	1.9552049e+03	1.9706229e+03	1.9707508e+03	1.9704768e+03	2.4399960e+03	1.9705498e+03	1.9704970e+03	1.9706369e+03	1.9705993e+03	1.9705819e+03	1.9708587e+03	1.9554696e+03
1.9707501e+03	1.9705033e+03	1.9718373e+03	1.9416618e+03	1.9705913e+03	1.9708524e+03	1.9709691e+03	1.9704998e+03	1.9707730e+03	1.9551269e+03	1.9704757e+03	1.9555243e+03	1.9704806e+03	1.9552049e+03	1.9706229e+03	1.9707508e+03	1.9704768e+03	2.4399960e+03	1.9705498e+03	1.9704970e+03	1.9706369e+03	1.9705993e+03	1.9705819e+03	1.9708587e+03	1.9554696e+03
1.9707501e+03	1.9705033e+03	1.9718373e+03	1.9416618e+03	1.9705913e+03	1.9708524e+03	1.9709691e+03	1.9704998e+03	1.9707730e+03	1.9551269e+03	1.9704757e+03	1.9555243e+03	1.9704806e+03	1.9552049e+03	1.9706229e+03	1.9707508e+03	1.9704768e+03	2.4399960e+03	1.9705498e+03	1.9704970e+03	1.9706369e+03	1.9705993e+03	1.9705819e+03	1.9708587e+03	1.9554696e+03
1.9707501e+03	1.9705033e+03	1.9718373e+03	1.9416618e+03	1.9705913e+03	1.9708524e+03	1.9709691e+03	1.9704998e+03	1.9707730e+03	1.9551269e+03	1.9704757e+03	1.9555243e+03	1.9704806e+03	1.9552049e+03	1.9706229e+03	1.9707508e+03	1.9704768e+03	2.4399960e+03	1.9705498e+03	1.9704970e+03	1.9706369e+03	1.9705993e+03	1.9705819e+03	1.9708587e+03	1.9554696e+03
1.9707501e+03	1.9705033e+03	1.9718373e+03	1.9416618e+03	1.9705913e+03	1.9708524e+03	1.9709691e+03	1.9704998e+03	1.9707730e+03	1.9551269e+03	1.9704757e+03	1.9555243e+03	1.9704806e+03	1.9552049e+03	1.9706229e+03	1.9707508e+03	1.9704768e+03	2.4399960e+03	1.9705498e+03	1.9704970e+03	1.9706369e+03	1.9705993e+03	1.9705819e+03	1.9708587e+03	1.9554696e+03
1.9707501e+03	1.9705033e+03	1.9718373e+03	1.9416618e+03	1.9705913e+03	1.9708524e+03	1.9709691e+03	1.9704998e+03	1.9707730e+03	1.9551269e+03	1.9704757e+03	1.9555243e+03	1.9704806e+03	1.9552049e+03	1.9706229e+03	1.9707508e+03	1.9704768e+03	2.4399960e+03	1.9705498e+03	1.9704970e+03	1.9706369e+03	1.9705993e+03	1.9705819e+03	1.9708587e+03	1.9554696e+03
1.9707501e+03	1.9705033e+03	1.9718373e+03	1.9416618e+03	1.9705913e+03	1.9708524e+03	1.9709691e+03	1.9704998e+03	1.9707730e+03	1.9551269e+03	1.9704757e+03	1.9555243e+03	1.9704806e+03	1.9552049e+03	1.9706229e+03	1.9707508e+03	1.9704768e+03	2.4399960e+03	1.9705498e+03	1.9704970e+03	1.9706369e+03	1.9705993e+03	1.9705819e+03	1.9708587e+03	1.9554696e+03
1.9707501e+03	1.9705033e+03	1.9718373e+03	1.9416618e+03	1.9705913e+03	1.9708524e+03	1.9709691e+03	1.9704998e+03	1.9707730e+03	1.9551269e+03	1.9704757e+03	1.9555243e+03	1.9704806e+03	1.9552049e+03	1.9706229e+03	1.9707508e+03	1.9704768e+03	2.4399960e+03	1.9705498e+03	1.9704970e+03	1.9706369e+03	1.9705993e+03	1.9705819e+03	1.9708587e+03	1.9554696e+03
1.9707501e+03	1.9705033e+03	1.9718373e+03	1.9416618e+03	1.9705913e+03	1.9708524e+03	1.9709691e+03	1.9704998e+03	1.9707730e+03	1.9551269e+03	1.9704757e+03	1.9555243e+03	1.9704806e+03	1.9552049e+03	1.9706229e+03	1.9707508e+03	1.9704768e+03	2.4399960e+03	1.9705498e+03	1.9704970e+03	1.9706369e+03	1.9705993e+03	1.9705819e+03	1.9708587e+03	1.9554696e+03
1.9707501e+03	1.9705033e+03	1.9718373e+03	1.9416618e+03	1.9705913e+03	1.9708524e+03	1.9709691e+03	1.9704998e+03	1.9707730e+03	1.9551269e+03	1.9704757e+03	1.9555243e+03	1.9704806e+03	1.9552049e+03	1.9706229e+03	1.9707508e+03	1.9704768e+03	2.4399960e+03	1.9705498e+03	1.9704970e+03	1.9706369e+03	1.9705993e+03	1.9705819e+03	1.9708587e+03	1.9554696e+03
1.9707501e+03	1.9705033e+03	1.9718373e+03	1.9416618e+03	1.9705913e+03	1.9708524e+03	1.9709691e+03	1.9704998e+03	1.9707730e+03	1.9551269e+03	1.9704757e+03	1.9555243e+03	1.9704806e+03	1.9552049e+03	1.9706229e+03	1.9707508e+03	1.9704768e+03	2.4399960e+03	1.9705498e+03	1.9704970e+03	1.9706369e+03	1.9705993e+03	1.9705819e+03	1.9708587e+03	1.9554696e+03
1.9707501e+03	1.9705033e+03	1.9718373e+03	1.9416618e+03	1.9705913e+03	1.9708524e+03	1.9709691e+03	1.9704998e+03	1.9707730e+03	1.9551269e+03	1.9704757e+03	1.9555243e+03	1.9704806e+03	1.9552049e+03	1.9706229e+03	1.9707508e+03	1.9704768e+03	2.4399960e+03	1.9705498e+03	1.9704970e+03	1.9706369e+03	1.9705993e+03	1.9705819e+03	1.9708587e+03	1.9554696e+03
1.9707501e+03	1.9705033e+03	1.9718373e+03	1.9416618e+03	1.9705913e+03	1.9708524e+03	1.9709691e+03	1.9704998e+03	1.9707730e+03	1.9551269e+03	1.9704757e+03	1.9555243e+03	1.9704806e+03	1.9552049e+03	1.9706229e+03	1.9707508e+03	1.9704768e+03	2.4399960e+03	1.9705498e+03	1.9704970e+03	1.9706369e+03	1.9705993e+03	1.9705819e+03	1.9708587e+03	1.9554696e+03
1.9707501e+03	1.9705033e+03	1.9718373e+03	1.9416618e+03	1.9705913e+03	1.9708524e+03	1.9709691e+03	1.9704998e+03	1.9707730e+03	1.9551269e+03	1.9704757e+03	1.9555243e+03	1.9704806e+03	1.9552049e+03	1.9706229e+03	1.9707508e+03	1.9704768e+03	2.4399960e+03	1.9705498e+03	1.9704970e+03	1.9706369e+03	1.9705993e+03	1.9705819e+03	1.9708587e+03	1.9554696e+03
1.9707501e+03	1.9705033e+03	1.9718373e+03	1.9416618e+03	1.9705913e+03	1.9708524e+03	1.9709691e+03	1.9704998e+03	1.9707730e+03	1.9551269e+03	1.9704757e+03	1.9555243e+03	1.9704806e+03	1.9552049e+03	1.9706229e+03	1.9707508e+03	1.9704768e+03	2.4399960e+03	1.9705498e+03	1.9704970e+03	1.9706369e+03	1.9705993e+03	1.9705819e+03	1.9708587e+03	1.9554696e+03
1.9707501e+03	1.9705033e+03	1.9718373e+03	1.9416618e+03	1.9705913e+03	1.9708524e+03	1.9709691e+03	1.9704998e+03	1.9707730e+03	1.9551269e+03	1.9704757e+03	1.9555243e+03	1.9704806e+03	1.9552049e+03	1.9706229e+03	1.9707508e+03	1.9704768e+03	2.4399960e+03	1.9705498e+03	1.9704970e+03	1.9706369e+03	1.9705993e+03	1.9705819e+03	1.9708587e+03	1.9554696e+03
1.9707501e+03	1.9705033e+03	1.9718373e+03	1.9416618e+03	1.9705913e+03	1.9708524e+03	1.9709691e+03	1.9704998e+03	1.9707730e+03	1.9551269e+03	1.9704757e+03	1.9555243e+03	1.9704806e+03	1.9552049e+03	1.9706229e+03	1.9707508e+03	1.9704768e+03	2.4399960e+03	1.9705498e+03	1.9704970e+03	1.9706369e+03	1.9705993e+03	1.9705819e+03	1.9708587e+03	1.9554696e+03
1.9707501e+03	1.9705033e+03	1.9718373e+03	1.9416618e+03	1.9705913e+03	1.9708524e+03	1.9709691e+03	1.9704998e+03	1.9707730e+03	1.9551269e+03	1.9704757e+03	1.9555243e+03	1.9704806e+03	1.9552049e+03	1.9706229e+03	1.9707508e+03	1.9704768e+03	2.4399960e+03	1.9705498e+03	1.9704970e+03	1.9706369e+03	1.9705993e+03	1.9705819e+03	1.9708587e+03	1.9554696e+03
1.9707501e+03	1.9705033e+03	1.9718373e+03	1.9416618e+03	1.9705913e+03	1.9708524e+03	1.9709691e+03	1.9704998e+03	1.9707730e+03	1.9551269e+03	1.9704757e+03	1.9555243e+03	1.9704806e+03	1.9552049e+03	1.9706229e+03	1.9707508e+03	1.9704768e+03	2.4399960e+03	1.9705498e+03	1.9704970e+03	1.9706369e+03	1.9705993e+03	1.9705819e+03	1.9708587e+03	1.9554696e+03
1.9707501e+03	1.9705033e+03	1.9718373e+03	1.9416618e+03	1.9705913e+03	1.9708524e+03	1.9709691e+03	1.9704998e+03	1.9707730e+03	1.9551269e+03	1.9704757e+03	1.9555243e+03	1.9704806e+03	1.9552049e+03	1.9706229e+03	1.9707508e+03	1.9704768e+03	2.4399960e+03	1.9705498e+03	1.9704970e+03	1.9706369e+03	1.9705993e+03	1.9705819e+03	1.9708587e+03	1.9554696e+03
1.9707501e+03	1.9705033e+03	1.9718373e+03	1.9416618e+03	1.9705913e+03	1.9708524e+03	1.9709691e+03	1.9704998e+03	1.9707730e+03	1.9551269e+03	1.9704757e+03	1.9555243e+03	1.9704806e+03	1.9552049e+03	1.9706229e+03	1.9707508e+03	1.9704768e+03	2.4399960e+03	1.9705498e+03	1.9704970e+03	1.9706369e+03	1.9705993e+03	1.9705819e+03	1.9708587e+03	1.9554696e+03
1.9707501e+03	1.9705033e+03	1.9718373e+03	1.9416618e+03	1.9705913e+03	1.9708524e+03	1.9709691e+03	1.9704998e+03	1.9707730e+03	1.9551269e+03	1.9704757e+03	1.9555243e+03	1.9704806e+03	1.9552049e+03	1.9706229e+03	1.9707508e+03	1.9704768e+03	2.4399960e+03	1.9705498e+03	1.9704970e+03	1.9706369e+03	1.9705993e+03	1.9705819e+03	1.9708587e+03	1.9554696e+03
1.9707501e+03	1.9705033e+03	1.9718373e+03	1.9416618e+03	1.9705913e+03	1.9708524e+03	1.9709691e+03	1.9704998e+03	1.9707730e+03	1.9551269e+03	1.9704757e+03	1.9555243e+03	1.9704806e+03	1.9552049e+03	1.9706229e+03	1.9707508e+03	1.9704768e+03	2.4399960e+03	1.9705498e+03	1.9704970e+03	1.9706369e+03	1.9705993e+03	1.9705819e+03	1.9708587e+03	1.9554696e+03
1.9707501e+03	1.9705033e+03	1.9718373e+03	1.9416618e+03	1.9705913e+03	1.9708524e+03	1.9709691e+03	1.9704998e+03	1.9707730e+03	1.9551269e+03	1.9704757e+03	1.9555243e+03	1.9704806e+03	1.9552049e+03	1.9706229e+03	1.9707508e+03	1.9704768e+03	2.4399960e+03	1.9705498e+03	1.9704970e+03	1.9706369e+03	1.9705993e+03	1.9705819e+03	1.9708587e+03	1.9554696e+03
1.9707501e+03	1.9705033e+03	1.9718373e+03	1.9416618e+03	1.9705913e+03	1.9708524e+03	1.9709691e+03	1.9704998e+03	1.9707730e+03	1.9551269e+03	1.9704757e+03	1.9555243e+03	1.9704806e+03	1.9552049e+03	1.9706229e+03	1.9707508e+03	1.9704768e+03	2.4399960e+03	1.9705498e+03	1.9704970e+03	1.9706369e+03	1.9705993e+03	1.9705819e+03	1.9708587e+03	1.9554696e+03
1.9707501e+03	1.9705033e+03	1.9718373e+03	1.9416618e+03	1.9705913e+03	1.9708524e+03	1.9709691e+03	1.9704998e+03	1.9707730e+03	1.9551269e+03	1.9704757e+03	1.9555243e+03	1.9704806e+03	1.9552049e+03	1.9706229e+03	1.9707508e+03	1.9704768e+03	2.4399960e+03	1.9705498e+03	1.9704970e+03	1.9706369e+03	1.9705993e+03	1.9705819e+03	1.9708587e+03	1.9554696e+03
1.9707501e+03	1.9705033e+03	1.9718373e+03	1.9416618e+03	1.9705913e+03	1.9708524e+03	1.9709691e+03	1.9704998e+03	1.9707730e+03	1.9551269e+03	1.9704757e+03	1.9555243e+03	1.9704806e+03	1.9552049e+03	1.9706229e+03	1.9707508e+03	1.9704768e+03	2.4399960e+03	1.9705498e+03	1.9704970e+03	1.9706369e+03	1.9705993e+03	1.9705819e+03	1.9708587e+03	1.9554696e+03
1.9707501e+03	1.9705033e+03	1.9718373e+03	1.9416618e+03	1.9705913e+03	1.9708524e+03	1.9709691e+03	1.9704998e+03	1.9707730e+03	1.9551269e+03	1.9704757e+03	1.9555243e+03	1.9704806e+03	1.9552049e+03	1.9706229e+03	1.9707508e+03	1.9704768e+03	2.4399960e+03	1.9705498e+03	1.9704970e+03	1.9706369e+03	1.9705993e+03	1.9705819e+03	1.9708587e+03	1.9554696e+03
1.9707501e+03	1.9705033e+03	1.9718373e+03	1.9416618e+03	1.9705913e+03	1.9708524e+03	1.9709691e+03	1.9704998e+03	1.9707730e+03	1.9551269e+03	1.9704757e+03	1.9555243e+03	1.9704806e+03	1.9552049e+03	1.9706229e+03	1.9707508e+03	1.9704768e+03	2.4399960e+03	1.9705498e+03	1.9704970e+03	1.9706369e+03	1.9705993e+03	1.9705819e+03	1.9708587e+03	1.9554696e+03
1.9707501e+03	1.9705033e+03	1.9718373e+03	1.9416618e+03	1.9705913e+03	1.9708524e+03	1.9709691e+03	1.9704998e+03	1.9707730e+03	1.9551269e+03	1.9704757e+03	1.9555243e+03	1.9704806e+03	1.9552049e+03	1.9706229e+03	1.9707508e+03	1.9704768e+03	2.4399960e+03	1.9705498e+03	1.9704970e+03	1.9706369e+03	1.9705993e+03	1.9705819e+03	1.9708587e+03	1.9554696e+03
1.9707501e+03	1.9705033e+03	1.9718373e+03	1.9416618e+03	1.9705913e+03	1.9708524e+03	1.9709691e+03	1.9704998e+03	1.9707730e+03	1.9551269e+03	1.9704757e+03	1.9555243e+03	1.9704806e+03	1.9552049e+03	1.9706229e+03	1.9707508e+03	1.9704768e+03	2.4399960e+03	1.9705498e+03	1.9704970e+03	1.9706369e+03	1.9705993e+03	1.9705819e+03	1.9708587e+03	1.9554696e+03
1.9707501e+03	1.9705033e+03	1.9718373e+03	1.9416618e+03	1.9705913e+03	1.9708524e+03	1.9709691e+03	1.9704998e+03	1.9707730e+03	1.9551269e+03	1.9704757e+03	1.9555243e+03	1.9704806e+03	1.9552049e+03	1.9706229e+03	1.9707508e+03	1.9704768e+03	2.4399960e+03	1.9705498e+03	1.9704970e+03	1.9706369e+03	1.9705993e+03	1.9705819e+03	1.9708587e+03	1.9554696e+03
1.9707501e+03	1.9705033e+03	1.9718373e+03	1.9416618e+03	1.9705913e+03	1.9708524e+03	1.9709691e+03	1.9704998e+03	1.9707730e+03	1.9551269e+03	1.9704757e+03	1.9555243e+03	1.9704806e+03	1.9552049e+03	1.9706229e+03	1.9707508e+03	1.9704768e+03	2.4399960e+03	1.9705498e+03	1.9704970e+03	1.9706369e+03	1.9705993e+03	1.9705819e+03	1.9708587e+03	1.9554696e+03
1.9707501e+03	1.9705033e+03	1.9718373e+03	1.9416618e+03	1.9705913e+03	1.9708524e+03	1.9709691e+03	1.9704998e+03	1.9707730e+03	1.9551269e+03	1.9704757e+03	1.9555243e+03	1.9704806e+03	1.9552049e+03	1.9706229e+03	1.9707508e+03	1.9704768e+03	2.4399960e+03	1.9705498e+03	1.9704970e+03	1.9706369e+03	1.9705993e+03	1.9705819e+03	1.9708587e+03	1.9554696e+03
1.9707501e+03	1.9705033e+03	1.9718373e+03	1.9416618e+03	1.9705913e+03	1.9708524e+03	1.9709691e+03	1.9704998e+03	1.9707730e+03	1.9551269e+03	1.9704757e+03	1.9555243e+03	1.9704806e+03	1.9552049e+03	1.9706229e+03	1.9707508e+03	1.9704768e+03	2.4399960e+03	1.9705498e+03	1.9704970e+03	1.9706369e+03	1.9705993e+03	1.9705819e+03	1.9708587e+03	1.9554696e+03
1.9707501e+03	1.9705033e+03	1.9718373e+03	1.9416618e+03	1.9705913e+03	1.9708524e+03	1.9709691e+03	1.9704998e+03	1.9707730e+03	1.9551269e+03	1.9704757e+03	1.9555243e+03	1.9704806e+03	1.9552049e+03	1.9706229e+03	1.9707508e+03	1.9704768e+03	2.4399960e+03	1.9705498e+03	1.9704970e+03	1.9706369e+03	1.9705993e+03	1.9705819e+03	1.9708587e+03	1.9554696e+03
1.9707501e+03	1.9705033e+03	1.9718373e+03	1.9416618e+03	1.9705913e+03	1.9708524e+03	1.9709691e+03	1.9704998e+03	1.9707730e+03	1.9551269e+03	1.9704757e+03	1.9555243e+03	1.9704806e+03	1.9552049e+03	1.9706229e+03	1.9707508e+03	1.9704768e+03	2.4399960e+03	1.9705498e+03	1.9704970e+03	1.9706369e+03	1.9705993e+03	1.9705819e+03	1.9708587e+03	1.9554696e+03
1.9707501e+03	1.9705033e+03	1.9718373e+03	1.9416618e+03	1.9705913e+03	1.9708524e+03	1.9709691e+03	1.9704998e+03	1.9707730e+03	1.9551269e+03	1.9704757e+03	1.9555243e+03	1.9704806e+03	1.9552049e+03	1.9706229e+03	1.9707508e+03	1.9704768e+03	2.4399960e+03	1.9705498e+03	1.9704970e+03	1.9706369e+03	1.9705993e+03	1.9705819e+03	1.9708587e+03	1.9554696e+03
1.9707501e+03	1.9705033e+03	1.9718373e+03	1.9416618e+03	1.9705913e+03	1.9708524e+03	1.9709691e+03	1.9704998e+03	1.9707730e+03	1.9551269e+03	1.9704757e+03	1.9555243e+03	1.9704806e+03	1.9552049e+03	1.9706229e+03	1.9707508e+03	1.9704768e+03	2.4399960e+03	1.9705498e+03	1.9704970e+03	1.9706369e+03	1.9705993e+03	1.9705819e+03	1.9708587e+03	1.9554696e+03
1.9707501e+03	1.9705033e+03	1.9718373e+03	1.9416618e+03	1.9705913e+03	1.9708524e+03	1.9709691e+03	1.9704998e+03	1.9707730e+03	1.9551269e+03	1.9704757e+03	1.9555243e+03	1.9704806e+03	1.9552049e+03	1.9706229e+03	1.9707508e+03	1.9704768e+03	2.4399960e+03	1.9705498e+03	1.9704970e+03	1.9706369e+03	1.9705993e+03	1.9705819e+03	1.9708587e+03	1.9554696e+03
1.9707501e+03	1.9705033e+03	1.9718373e+03	1.9416618e+03	1.9705913e+03	1.9708524e+03	1.9709691e+03	1.9704998e+03	1.9707730e+03	1.9551269e+03	1.9704757e+03	1.9555243e+03	1.9704806e+03	1.9552049e+03	1.9706229e+03	1.9707508e+03	1.9704768e+03	2.4399960e+03	1.9705498e+03	1.9704970e+03	1.9706369e+03	1.9705993e+03	1.9705819e+03	1.9708587e+03	1.9554696e+03
1.9707501e+03	1.9705033e+03	1.9718373e+03	1.9416618e+03	1.9705913e+03	1.9708524e+03	1.9709691e+03	1.9704998e+03	1.9707730e+03	1.9551269e+03	1.9704757e+03	1.9555243e+03	1.9704806e+03	1.9552049e+03	1.9706229e+03	1.9707508e+03	1.9704768e+03	2.4399960e+03	1.9705498e+03	1.9704970e+03	1.9706369e+03	1.9705993e+03	1.9705819e+03	1.9708587e+03	1.9554696e+03
1.9707501e+03	1.9705033e+03	1.9718373e+03	1.9416618e+03	1.9705913e+03	1.9708524e+03	1.9709691e+03	1.9704998e+03	1.9707730e+03	1.9551269e+03	1.9704757e+03	1.9555243e+03	1.9704806e+03	1.9552049e+03	1.9706229e+03	1.9707508e+03	1.9704768e+03	2.4399960e+03	1.9705498e+03	1.9704970e+03	1.9706369e+03	1.9705993e+03	1.9705819e+03	1.9708587e+03	1.9554696e+03
1.9707501e+03	1.9705033e+03	1.9718373e+03	1.9416618e+03	1.9705913e+03	1.9708524e+03	1.9709691e+03	1.9704998e+03	1.9707730e+03	1.9551269e+03	1.9704757e+03	1.9555243e+03	1.9704806e+03	1.9552049e+03	1.9706229e+03	1.9707508e+03	1.9704768e+03	2.4399960e+03	1.9705498e+03	1.9704970e+03	1.9706369e+03	1.9705993e+03	1.9705819e+03	1.9708587e+03	1.9554696e+03
1.9707501e+03	1.9705033e+03	1.9718373e+03	1.9416618e+03	1.9705913e+03	1.9708524e+03	1.9709691e+03	1.9704998e+03	1.9707730e+03	1.9551269e+03	1.9704757e+03	1.9555243e+03	1.9704806e+03	1.9552049e+03	1.9706229e+03	1.9707508e+03	1.9704768e+03	2.4399960e+03	1.9705498e+03	1.9704970e+03	1.9706369e+03	1.9705993e+03	1.9705819e+03	1.9708587e+03	1.9554696e+03
1.9707501e+03	1.9705033e+03	1.9718373e+03	1.9416618e+03	1.9705913e+03	1.9708524e+03	1.9709691e+03	1.9704998e+03	1.9707730e+03	1.9551269e+03	1.9704757e+03	1.9555243e+03	1.9704806e+03	1.9552049e+03	1.9706229e+03	1.9707508e+03	1.9704768e+03	2.4399960e+03	1.9705498e+03	1.9704970e+03	1.9706369e+03	1.9705993e+03	1.9705819e+03	1.9708587e+03	1.9554696e+03
1.9707501e+03	1.9705033e+03	1.9718373e+03	1.9416618e+03	1.9705913e+03	1.9708524e+03	1.9709691e+03	1.9704998e+03	1.9707730e+03	1.9551269e+03	1.9704757e+03	1.9555243e+03	1.9704806e+03	1.9552049e+03	1.9706229e+03	1.9707508e+03	1.9704768e+03	2.4399960e+03	1.9705498e+03	1.9704970e+03	1.9706369e+03	1.9705993e+03	1.9705819e+03	1.9708587e+03	1.9554696e+03
1.9707501e+03	1.9705033e+03	1.9718373e+03	1.9416618e+03	1.9705913e+03	1.9708524e+03	1.9709691e+03	1.9704998e+03	1.9707730e+03	1.9551269e+03	1.9704757e+03	1.9555243e+03	1.9704806e+03	1.9552049e+03	1.9706229e+03	1.9707508e+03	1.9704768e+03	2.4399960e+03	1.9705498e+03	1.9704970e+03	1.9706369e+03	1.9705993e+03	1.9705819e+03	1.9708587e+03	1.9554696e+03
1.9707501e+03	1.9705033e+03	1.9718373e+03	1.9416618e+03	1.9705913e+03	1.9708524e+03	1.9709691e+03	1.9704998e+03	1.9707730e+03	1.9551269e+03	1.9704757e+03	1.9555243e+03	1.9704806e+03	1.9552049e+03	1.9706229e+03	1.9707508e+03	1.9704768e+03	2.4399960e+03	1.9705498e+03	1.9704970e+03	1.9706369e+03	1.9705993e+03	1.9705819e+03	1.9708587e+03	1.9554696e+03
1.9707501e+03	1.9705033e+03	1.9718373e+03	1.9416618e+03	1.9705913e+03	1.9708524e+03	1.9709691e+03	1.9704998e+03	1.9707730e+03	1.9551269e+03	1.9704757e+03	1.9555243e+03	1.9704806e+03	1.9552049e+03	1.9706229e+03	1.9707508e+03	1.9704768e+03	2.4399960e+03	1.9705498e+03	1.9704970e+03	1.9706369e+03	1.9705993e+03	1.9705819e+03	1.9708587e+03	1.9554696e+03
1.9707501e+03	1.9705033e+03	1.9718373e+03	1.9416618e+03	1.9705913e+03	1.9708524e+03	1.9709691e+03	1.9704998e+03	1.9707730e+03	1.9551269e+03	1.9704757e+03	1.9555243e+03	1.9704806e+03	1.9552049e+03	1.9706229e+03	1.9707508e+03	1.9704768e+03	2.4399960e+03	1.9705498e+03	1.9704970e+03	1.9706369e+03	1.9705993e+03	1.9705819e+03	1.9708587e+03	1.9554696e+03
1.9707501e+03	1.9705033e+03	1.9718373e+03	1.9416618e+03	1.9705913e+03	1.9708524e+03	1.9709691e+03	1.9704998e+03	1.9707730e+03	1.9551269e+03	1.9704757e+03	1.9555243e+03	1.9704806e+03	1.9552049e+03	1.9706229e+03	1.9707508e+03	1.9704768e+03	2.4399960e+03	1.9705498e+03	1.9704970e+03	1.9706369e+03	1.9705993e+03	1.9705819e+03	1.9708587e+03	1.9554696e+03
1.9707501e+03	1.9705033e+03	1.9718373e+03	1.9416618e+03	1.9705913e+03	1.9708524e+03	1.9709691e+03	1.9704998e+03	1.9707730e+03	1.9551269e+03	1.9704757e+03	1.9555243e+03	1.9704806e+03	1.9552049e+03	1.9706229e+03	1.9707508e+03	1.9704768e+03	2.4399960e+03	1.9705498e+03	1.9704970e+03	1.9706369e+03	1.9705993e+03	1.9705819e+03	1.9708587e+03	1.9554696e+03
1.9707501e+03	1.9705033e+03	1.9718373e+03	1.9416618e+03	1.9705913e+03	1.9708524e+03	1.9709691e+03	1.9704998e+03	1.9707730e+03	1.9551269e+03	1.9704757e+03	1.9555243e+03	1.9704806e+03	1.9552049e+03	1.9706229e+03	1.9707508e+03	1.9704768e+03	2.4399960e+03	1.9705498e+03	1.9704970e+03	1.9706369e+03	1.9705993e+03	1.9705819e+03	1.9708587e+03	1.9554696e+03
1.9707501e+03	1.9705033e+03	1.9718373e+03	1.9416618e+03	1.9705913e+03	1.9708524e+03	1.9709691e+03	1.9704998e+03	1.9707730e+03	1.9551269e+03	1.9704757e+03	1.9555243e+03	1.9704806e+03	1.9552049e+03	1.9706229e+03	1.9707508e+03	1.9704768e+03	2.4399960e+03	1.9705498e+03	1.9704970e+03	1.9706369e+03	1.9705993e+03	1.9705819e+03	1.9708587e+03	1.9554696e+03
1.9707501e+03	1.9705033e+03	1.9718373e+03	1.9416618e+03	1.9705913e+03	1.9708524e+03	1.9709691e+03	1.9704998e+03	1.9707730e+03	1.9551269e+03	1.9704757e+03	1.9555243e+03	1.9704806e+03	1.9552049e+03	1.9706229e+03	1.9707508e+03	1.9704768e+03	2.4399960e+03	1.9705498e+03	1.9704970e+03	1.9706369e+03	1.9705993e+03	1.9705819e+03	1.9708587e+03	1.9554696e+03
1.9707501e+03	1.9705033e+03	1.9718373e+03	1.9416618e+03	1.9705913e+03	1.9708524e+03	1.9709691e+03	1.9704998e+03	1.9707730e+03	1.9551269e+03	1.9704757e+03	1.9555243e+03	1.9704806e+03	1.9552049e+03	1.9706229e+03	1.9707508e+03	1.9704768e+03	2.4399960e+03	1.9705498e+03	1.9704970e+03	1.9706369e+03	1.9705993e+03	1.9705819e+03	1.9708587e+03	1.9554696e+03
1.9707501e+03	1.9705033e+03	1.9718373e+03	1.9416618e+03	1.9705913e+03	1.9708524e+03	1.9709691e+03	1.9704998e+03	1.9707730e+03	1.9551269e+03	1.9704757e+03	1.9555243e+03	1.9704806e+03	1.9552049e+03	1.9706229e+03	1.9707508e+03	1.9704768e+03	2.4399960e+03	1.9705498e+03	1.9704970e+03	1.9706369e+03	1.9705993e+03	1.9705819e+03	1.9708587e+03	1.9554696e+03
1.9707501e+03	1.9705033e+03	1.9718373e+03	1.9416618e+03	1.9705913e+03	1.9708524e+03	1.9709691e+03	1.9704998e+03	1.9707730e+03	1.9551269e+03	1.9704757e+03	1.9555243e+03	1.9704806e+03	1.9552049e+03	1.9706229e+03	1.9707508e+03	1.9704768e+03	2.4399960e+03	1.9705498e+03	1.9704970e+03	1.9706369e+03	1.9705993e+03	1.9705819e+03	1.9708587e+03	1.9554696e+03
1.9707501e+03	1.9705033e+03	1.9718373e+03	1.9416618e+03	1.9705913e+03	1.9708524e+03	1.9709691e+03	1.9704998e+03	1.9707730e+03	1.9551269e+03	1.9704757e+03	1.9555243e+03	1.9704806e+03	1.9552049e+03	1.9706229e+03	1.9707508e+03	1.9704768e+03	2.4399960e+03	1.9705498e+03	1.9704970e+03	1.9706369e+03	1.9705993e+03	1.9705819e+03	1.9708587e+03	1.9554696e+03
1.9707501e+03	1.9705033e+03	1.9718373e+03	1.9416618e+03	1.9705913e+03	1.9708524e+03	1.9709691e+03	1.9704998e+03	1.9707730e+03	1.9551269e+03	1.9704757e+03	1.9555243e+03	1.9704806e+03	1.9552049e+03	1.9706229e+03	1.9707508e+03	1.9704768e+03	2.4399960e+03	1.9705498e+03	1.9704970e+03	1.9706369e+03	1.9705993e+03	1.9705819e+03	1.9708587e+03	1.9554696e+03
1.9707501e+03	1.9705033e+03	1.9718373e+03	1.9416618e+03	1.9705913e+03	1.9708524e+03	1.9709691e+03	1.9704998e+03	1.9707730e+03	1.9551269e+03	1.9704757e+03	1.9555243e+03	1.9704806e+03	1.9552049e+03	1.9706229e+03	1.9707508e+03	1.9704768e+03	2.4399960e+03	1.9705498e+03	1.9704970e+03	1.9706369e+03	1.9705993e+03	1.9705819e+03	1.9708587e+03	1.9554696e+03
1.9707501e+03	1.9705033e+03	1.9718373e+03	1.9416618e+03	1.9705913e+03	1.9708524e+03	1.9709691e+03	1.9704998e+03	1.9707730e+03	1.9551269e+03	1.9704757e+03	1.9555243e+03	1.9704806e+03	1.9552049e+03	1.9706229e+03	1.9707508e+03	1.9704768e+03	2.4399960e+03	1.9705498e+03	1.9704970e+03	1.9706369e+03	1.9705993e+03	1.9705819e+03	1.9708587e+03	1.9554696e+03
1.9707501e+03	1.9705033e+03	1.9718373e+03	1.9416618e+03	1.9705913e+03	1.9708524e+03	1.9709691e+03	1.9704998e+03	1.9707730e+03	1.9551269e+03	1.9704757e+03	1.9555243e+03	1.9704806e+03	1.9552049e+03	1.9706229e+03	1.9707508e+03	1.9704768e+03	2.4399960e+03	1.9705498e+03	1.9704970e+03	1.9706369e+03	1.9705993e+03	1.9705819e+03	1.9708587e+03	1.9554696e+03
1.9707501e+03	1.9705033e+03	1.9718373e+03	1.9416618e+03	1.9705913e+03	1.9708524e+03	1.9709691e+03	1.9704998e+03	1.9707730e+03	1.9551269e+03	1.9704757e+03	1.9555243e+03	1.9704806e+03	1.9552049e+03	1.9706229e+03	1.9707508e+03	1.9704768e+03	2.4399960e+03	1.9705498e+03	1.9704970e+03	1.9706369e+03	1.9705993e+03	1.9705819e+03	1.9708587e+03	1.9554696e+03
1.9707501e+03	1.9705033e+03	1.9718373e+03	1.9416618e+03	1.9705913e+03	1.9708524e+03	1.9709691e+03	1.9704998e+03	1.9707730e+03	1.9551269e+03	1.9704757e+03	1.9555243e+03	1.9704806e+03	1.9552049e+03	1.9706229e+03	1.9707508e+03	1.9704768e+03	2.4399960e+03	1.9705498e+03	1.9704970e+03	1.9706369e+03	1.9705993e+03	1.9705819e+03	1.9708587e+03	1.9554696e+03
1.9707501e+03	1.9705033e+03	1.9718373e+03	1.9416618e+03	1.9705913e+03	1.9708524e+03	1.9709691e+03	1.9704998e+03	1.9707730e+03	1.9551269e+03	1.9704757e+03	1.9555243e+03	1.9704806e+03	1.9552049e+03	1.9706229e+03	1.9707508e+03	1.9704768e+03	2.4399960e+03	1.9705498e+03	1.9704970e+03	1.9706369e+03	1.9705993e+03	1.9705819e+03	1.9708587e+03	1.9554696e+03
1.9707501e+03	1.9705033e+03	1.9718373e+03	1.9416618e+03	1.9705913e+03	1.9708524e+03	1.9709691e+03	1.9704998e+03	1.9707730e+03	1.9551269e+03	1.9704757e+03	1.9555243e+03	1.9704806e+03	1.9552049e+03	1.9706229e+03	1.9707508e+03	1.9704768e+03	2.4399960e+03	1.9705498e+03	1.9704970e+03	1.9706369e+03	1.9705993e+03	1.9705819e+03	1.9708587e+03	1.9554696e+03
1.9707501e+03	1.9705033e+03	1.9718373e+03	1.9416618e+03	1.9705913e+03	1.9708524e+03	1.9709691e+03	1.9704998e+03	1.9707730e+03	1.9551269e+03	1.9704757e+03	1.9555243e+03	1.9704806e+03	1.9552049e+03	1.9706229e+03	1.9707508e+03	1.9704768e+03	2.4399960e+03	1.9705498e+03	1.9704970e+03	1.9706369e+03	1.9705993e+03	1.9705819e+03	1.9708587e+03	1.9554696e+03
1.9707501e+03	1.9705033e+03	1.9718373e+03	1.9416618e+03	1.9705913e+03	1.9708524e+03	1.9709691e+03	1.9704998e+03	1.9707730e+03	1.9551269e+03	1.9704757e+03	1.9555243e+03	1.9704806e+03	1.9552049e+03	1.9706229e+03	1.9707508e+03	1.9704768e+03	2.4399960e+03	1.9705498e+03	1.9704970e+03	1.9706369e+03	1.9705993e+03	1.9705819e+03	1.9708587e+03	1.9554696e+03
1.9707501e+03	1.9705033e+03	1.9718373e+03	1.9416618e+03	1.9705913e+03	1.9708524e+03	1.9709691e+03	1.9704998e+03	1.9707730e+03	1.9551269e+03	1.9704757e+03	1.9555243e+03	1.9704806e+03	1.9552049e+03	1.9706229e+03	1.9707508e+03	1.9704768e+03	2.4399960e+03	1.9705498e+03	1.9704970e+03	1.9706369e+03	1.9705993e+03	1.9705819e+03	1.9708587e+03	1.9554696e+03
1.9707501e+03	1.9705033e+03	1.9718373e+03	1.9416618e+03	1.9705913e+03	1.9708524e+03	1.9709691e+03	1.9704998e+03	1.9707730e+03	1.9551269e+03	1.9704757e+03	1.9555243e+03	1.9704806e+03	1.9552049e+03	1.9706229e+03	1.9707508e+03	1.9704768e+03	2.4399960e+03	1.9705498e+03	1.9704970e+03	1.9706369e+03	1.9705993e+03	1.9705819e+03	1.9708587e+03	1.9554696e+03
1.9707501e+03	1.9705033e+03	1.9718373e+03	1.9416618e+03	1.9705913e+03	1.9708524e+03	1.9709691e+03	1.9704998e+03	1.9707730e+03	1.9551269e+03	1.9704757e+03	1.9555243e+03	1.9704806e+03	1.9552049e+03	1.9706229e+03	1.9707508e+03	1.9704768e+03	2.4399960e+03	1.9705498e+03	1.9704970e+03	1.9706369e+03	1.9705993e+03	1.9705819e+03	1.9708587e+03	1.9554696e+03
1.9707501e+03	1.9705033e+03	1.9718373e+03	1.9416618e+03	1.9705913e+03	1.9708524e+03	1.9709691e+03	1.9704998e+03	1.9707730e+03	1.9551269e+03	1.9704757e+03	1.9555243e+03	1.9704806e+03	1.9552049e+03	1.9706229e+03	1.9707508e+03	1.9704768e+03	2.4399960e+03	1.9705498e+03	1.9704970e+03	1.9706369e+03	1.9705993e+03	1.9705819e+03	1.9708587e+03	1.9554696e+03
1.9707501e+03	1.9705033e+03	1.9718373e+03	1.9416618e+03	1.9705913e+03	1.9708524e+03	1.9709691e+03	1.9704998e+03	1.9707730e+03	1.9551269e+03	1.9704757e+03	1.9555243e+03	1.9704806e+03	1.9552049e+03	1.9706229e+03	1.9707508e+03	1.9704768e+03	2.4399960e+03	1.9705498e+03	1.9704970e+03	1.9706369e+03	1.9705993e+03	1.9705819e+03	1.9708587e+03	1.9554696e+03
1.9707501e+03	1.9705033e+03	1.9718373e+03	1.9416618e+03	1.9705913e+03	1.9708524e+03	1.9709691e+03	1.9704998e+03	1.9707730e+03	1.9551269e+03	1.9704757e+03	1.9555243e+03	1.9704806e+03	1.9552049e+03	1.9706229e+03	1.9707508e+03	1.9704768e+03	2.4399960e+03	1.9705498e+03	1.9704970e+03	1.9706369e+03	1.9705993e+03	1.9705819e+03	1.9708587e+03	1.9554696e+03
1.9707501e+03	1.9705033e+03	1.9718373e+03	1.9416618e+03	1.9705913e+03	1.9708524e+03	1.9709691e+03	1.9704998e+03	1.9707730e+03	1.9551269e+03	1.9704757e+03	1.9555243e+03	1.9704806e+03	1.9552049e+03	1.9706229e+03	1.9707508e+03	1.9704768e+03	2.4399960e+03	1.9705498e+03	1.9704970e+03	1.9706369e+03	1.9705993e+03	1.9705819e+03	1.9708587e+03	1.9554696e+03
1.9707501e+03	1.9705033e+03	1.9718373e+03	1.9416618e+03	1.9705913e+03	1.9708524e+03	1.9709691e+03	1.9704998e+03	1.9707730e+03	1.9551269e+03	1.9704757e+03	1.9555243e+03	1.9704806e+03	1.9552049e+03	1.9706229e+03	1.9707508e+03	1.9704768e+03	2.4399960e+03	1.9705498e+03	1.9704970e+03	1.9706369e+03	1.9705993e+03	1.9705819e+03	1.9708587e+03	1.9554696e+03
1.9707501e+03	1.9705033e+03	1.9718373e+03	1.9416618e+03	1.9705913e+03	1.9708524e+03	1.9709691e+03	1.9704998e+03	1.9707730e+03	1.9551269e+03	1.9704757e+03	1.9555243e+03	1.9704806e+03	1.9552049e+03	1.9706229e+03	1.9707508e+03	1.9704768e+03	2.4399960e+03	1.9705498e+03	1.9704970e+03	1.9706369e+03	1.9705993e+03	1.9705819e+03	1.9708587e+03	1.9554696e+03
1.9707501e+03	1.9705033e+03	1.9718373e+03	1.9416618e+03	1.9705913e+03	1.9708524e+03	1.9709691e+03	1.9704998e+03	1.9707730e+03	1.9551269e+03	1.9704757e+03	1.9555243e+03	1.9704806e+03	1.9552049e+03	1.9706229e+03	1.9707508e+03	1.9704768e+03	2.4399960e+03	1.9705498e+03	1.9704970e+03	1.9706369e+03	1.9705993e+03	1.9705819e+03	1.9708587e+03	1.9554696e+03
1.9707501e+03	1.9705033e+03	1.9718373e+03	1.9416618e+03	1.9705913e+03	1.9708524e+03	1.9709691e+03	1.9704998e+03	1.9707730e+03	1.9551269e+03	1.9704757e+03	1.9555243e+03	1.9704806e+03	1.9552049e+03	1.9706229e+03	1.9707508e+03	1.9704768e+03	2.4399960e+03	1.9705498e+03	1.9704970e+03	1.9706369e+03	1.9705993e+03	1.9705819e+03	1.9708587e+03	1.9554696e+03
1.9707501e+03	1.9705033e+03	1.9718373e+03	1.9416618e+03	1.9705913e+03	1.9708524e+03	1.9709691e+03	1.9704998e+03	1.9707730e+03	1.9551269e+03	1.9704757e+03	1.9555243e+03	1.9704806e+03	1.9552049e+03	1.9706229e+03	1.9707508e+03	1.9704768e+03	2.4399960e+03	1.9705498e+03	1.9704970e+03	1.9706369e+03	1.9705993e+03	1.9705819e+03	1.9708587e+03	1.9554696e+03
1.9707501e+03	1.9705033e+03	1.9718373e+03	1.9416618e+03	1.9705913e+03	1.9708524e+03	1.9709691e+03	1.9704998e+03	1.9707730e+03	1.9551269e+03	1.9704757e+03	1.9555243e+03	1.9704806e+03	1.9552049e+03	1.9706229e+03	1.9707508e+03	1.9704768e+03	2.4399960e+03	1.9705498e+03	1.9704970e+03	1.9706369e+03	1.9705993e+03	1.9705819e+03	1.9708587e+03	1.9554696e+03
1.9707501e+03	1.9705033e+03	1.9718373e+03	1.9416618e+03	1.9705913e+03	1.9708524e+03	1.9709691e+03	1.9704998e+03	1.9707730e+03	1.9551269e+03	1.9704757e+03	1.9555243e+03	1.9704806e+03	1.9552049e+03	1.9706229e+03	1.9707508e+03	1.9704768e+03	2.4399960e+03	1.9705498e+03	1.9704970e+03	1.9706369e+03	1.9705993e+03	1.9705819e+03	1.9708587e+03	1.9554696e+03
1.9707501e+03	1.9705033e+03	1.9718373e+03	1.9416618e+03	1.9705913e+03	1.9708524e+03	1.9709691e+03	1.9704998e+03	1.9707730e+03	1.9551269e+03	1.9704757e+03	1.9555243e+03	1.9704806e+03	1.9552049e+03	1.9706229e+03	1.9707508e+03	1.9704768e+03	2.4399960e+03	1.9705498e+03	1.9704970e+03	1.9706369e+03	1.9705993e+03	1.9705819e+03	1.9708587e+03	1.9554696e+03
1.9707501e+03	1.9705033e+03	1.9718373e+03	1.9416618e+03	1.9705913e+03	1.9708524e+03	1.9709691e+03	1.9704998e+03	1.9707730e+03	1.9551269e+03	1.9704757e+03	1.9555243e+03	1.9704806e+03	1.9552049e+03	1.9706229e+03	1.9707508e+03	1.9704768e+03	2.4399960e+03	1.9705498e+03	1.9704970e+03	1.9706369e+03	1.9705993e+03	1.9705819e+03	1.9708587e+03	1.9554696e+03
1.9707501e+03	1.9705033e+03	1.9718373e+03	1.9416618e+03	1.9705913e+03	1.9708524e+03	1.9709691e+03	1.9704998e+03	1.9707730e+03	1.9551269e+03	1.9704757e+03	1.9555243e+03	1.9704806e+03	1.9552049e+03	1.9706229e+03	1.9707508e+03	1.9704768e+03	2.4399960e+03	1.9705498e+03	1.9704970e+03	1.9706369e+03	1.9705993e+03	1.9705819e+03	1.9708587e+03	1.9554696e+03
1.9707501e+03	1.9705033e+03	1.9718373e+03	1.9416618e+03	1.9705913e+03	1.9708524e+03	1.9709691e+03	1.9704998e+03	1.9707730e+03	1.9551269e+03	1.9704757e+03	1.9555243e+03	1.9704806e+03	1.9552049e+03	1.9706229e+03	1.9707508e+03	1.9704768e+03	2.4399960e+03	1.9705498e+03	1.9704970e+03	1.9706369e+03	1.9705993e+03	1.9705819e+03	1.9708587e+03	1.9554696e+03
1.9707501e+03	1.9705033e+03	1.9718373e+03	1.9416618e+03	1.9705913e+03	1.9708524e+03	1.9709691e+03	1.9704998e+03	1.9707730e+03	1.9551269e+03	1.9704757e+03	1.9555243e+03	1.9704806e+03	1.9552049e+03	1.9706229e+03	1.9707508e+03	1.9704768e+03	2.4399960e+03	1.9705498e+03	1.9704970e+03	1.9706369e+03	1.9705993e+03	1.9705819e+03	1.9708587e+03	1.9554696e+03
1.9707501e+03	1.9705033e+03	1.9718373e+03	1.9416618e+03	1.9705913e+03	1.9708524e+03	1.9709691e+03	1.9704998e+03	1.9707730e+03	1.9551269e+03	1.9704757e+03	1.9555243e+03	1.9704806e+03	1.9552049e+03	1.9706229e+03	1.9707508e+03	1.9704768e+03	2.4399960e+03	1.9705498e+03	1.9704970e+03	1.9706369e+03	1.9705993e+03	1.9705819e+03	1.9708587e+03	1.9554696e+03
1.9707501e+03	1.9705033e+03	1.9718373e+03	1.9416618e+03	1.9705913e+03	1.9708524e+03	1.9709691e+03	1.9704998e+03	1.9707730e+03	1.9551269e+03	1.9704757e+03	1.9555243e+03	1.9704806e+03	1.9552049e+03	1.9706229e+03	1.9707508e+03	1.9704768e+03	2.4399960e+03	1.9705498e+03	1.9704970e+03	1.9706369e+03	1.9705993e+03	1.9705819e+03	1.9708587e+03	1.9554696e+03
1.9707501e+03	1.9705033e+03	1.9718373e+03	1.9416618e+03	1.9705913e+03	1.9708524e+03	1.9709691e+03	1.9704998e+03	1.9707730e+03	1.9551269e+03	1.9704757e+03	1.9555243e+03	1.9704806e+03	1.9552049e+03	1.9706229e+03	1.9707508e+03	1.9704768e+03	2.4399960e+03	1.9705498e+03	1.9704970e+03	1.9706369e+03	1.9705993e+03	1.9705819e+03	1.9708587e+03	1.9554696e+03
1.9707501e+03	1.9705033e+03	1.9718373e+03	1.9416618e+03	1.9705913e+03	1.9708524e+03	1.9709691e+03	1.9704998e+03	1.9707730e+03	1.9551269e+03	1.9704757e+03	1.9555243e+03	1.9704806e+03	1.9552049e+03	1.9706229e+03	1.9707508e+03	1.9704768e+03	2.4399960e+03	1.9705498e+03	1.9704970e+03	1.9706369e+03	1.9705993e+03	1.9705819e+03	1.9708587e+03	1.9554696e+03
1.9707501e+03	1.9705033e+03	1.9718373e+03	1.9416618e+03	1.9705913e+03	1.9708524e+03	1.9709691e+03	1.9704998e+03	1.9707730e+03	1.9551269e+03	1.9704757e+03	1.9555243e+03	1.9704806e+03	1.9552049e+03	1.9706229e+03	1.9707508e+03	1.9704768e+03	2.4399960e+03	1.9705498e+03	1.9704970e+03	1.9706369e+03	1.9705993e+03	1.9705819e+03	1.9708587e+03	1.9554696e+03
1.9707501e+03	1.9705033e+03	1.9718373e+03	1.9416618e+03	1.9705913e+03	1.9708524e+03	1.9709691e+03	1.9704998e+03	1.9707730e+03	1.9551269e+03	1.9704757e+03	1.9555243e+03	1.9704806e+03	1.9552049e+03	1.9706229e+03	1.9707508e+03	1.9704768e+03	2.4399960e+03	1.9705498e+03	1.9704970e+03	1.9706369e+03	1.9705993e+03	1.9705819e+03	1.9708587e+03	1.9554696e+03
1.9707501e+03	1.9705033e+03	1.9718373e+03	1.9416618e+03	1.9705913e+03	1.9708524e+03	1.9709691e+03	1.9704998e+03	1.9707730e+03	1.9551269e+03	1.9704757e+03	1.9555243e+03	1.9704806e+03	1.9552049e+03	1.9706229e+03	1.9707508e+03	1.9704768e+03	2.4399960e+03	1.9705498e+03	1.9704970e+03	1.9706369e+03	1.9705993e+03	1.9705819e+03	1.9708587e+03	1.9554696e+03
