1.2473724e+05	2.7277079e+05	4.0446665e+05	2.9625870e+05	1.9516197e+05	3.2479492e+05	7.7695761e+04	3.1092068e+05	2.0172221e+05	2.5207916e+05	1.6118676e+05	1.6478156e+05	3.2089700e+05	1.2412804e+05	2.8454045e+05	7.7991325e+04	5.4997790e+05	1.4582921e+05	1.5240260e+05	1.3862627e+05	1.0582395e+05	8.9853071e+04	2.7248062e+05	2.0590307e+05	1.2159839e+05
3.9797600e+04	5.0099034e+04	1.2190458e+05	6.9598770e+04	8.9431616e+04	8.5105285e+04	5.7078501e+04	7.9682928e+04	3.6428513e+04	9.1756969e+04	6.5766160e+04	5.0677880e+04	7.2077100e+04	5.2868308e+04	1.6682107e+05	5.8021823e+04	9.2961223e+04	1.1374734e+05	4.3206857e+04	7.1367853e+04	4.6472055e+04	4.4507354e+04	8.6783419e+04	6.2434368e+04	3.6364412e+04
3.6010071e+04	5.0099034e+04	1.2190458e+05	6.9598770e+04	7.1717684e+04	7.5151992e+04	5.7078501e+04	7.9682928e+04	3.6428513e+04	7.3084300e+04	5.7350580e+04	5.0677880e+04	3.9855122e+04	3.8416910e+04	1.1674445e+05	5.8021823e+04	9.2961223e+04	8.6456698e+04	4.3206857e+04	5.9995756e+04	4.6472055e+04	3.8171725e+04	8.6783419e+04	4.7208756e+04	3.6364412e+04
1.7216646e+04	3.3977304e+04	1.7971588e+04	2.9803704e+04	3.6747007e+04	2.4092363e+04	1.7968266e+04	3.5306559e+04	3.4681604e+04	2.5464496e+04	2.7732221e+04	1.3298105e+04	3.7056213e+04	3.4362372e+04	4.1875790e+04	3.1704892e+04	4.7709399e+04	4.1693750e+04	3.9219353e+04	4.4018756e+04	2.2082269e+04	1.8003156e+04	2.9521855e+04	3.7272339e+04	1.8954304e+04
1.7216646e+04	2.6284823e+04	1.7971588e+04	2.9803704e+04	3.6747007e+04	2.4092363e+04	1.7968266e+04	2.7434928e+04	2.2583307e+04	2.5464496e+04	2.2845010e+04	1.3298105e+04	3.7056213e+04	2.9467638e+04	3.1167122e+04	2.7158189e+04	4.7709399e+04	2.5142292e+04	2.6982007e+04	3.1559249e+04	2.2082269e+04	1.8003156e+04	2.1144172e+04	1.3027394e+04	1.8954304e+04
1.1162429e+04	2.6284823e+04	1.7971588e+04	2.3224813e+04	3.5890048e+04	2.3845655e+04	1.7968266e+04	2.7434928e+04	2.2583307e+04	2.5087611e+04	2.2845010e+04	1.3298105e+04	2.9169807e+04	2.6036325e+04	2.9353528e+04	2.7158189e+04	2.6531960e+04	2.5142292e+04	2.4345991e+04	1.8349515e+04	2.2082269e+04	1.8003156e+04	2.1144172e+04	1.3027394e+04	1.8954304e+04
1.1162429e+04	2.4670536e+04	1.7971588e+04	2.3224813e+04	3.5890048e+04	2.3845655e+04	1.7968266e+04	2.7434928e+04	2.2583307e+04	2.5087611e+04	2.2845010e+04	1.3298105e+04	2.9169807e+04	2.0392490e+04	2.9353528e+04	2.4288124e+04	2.6531960e+04	2.3041758e+04	2.4345991e+04	1.8349515e+04	2.2082269e+04	1.8003156e+04	2.1144172e+04	1.3027394e+04	1.8954304e+04
1.1162429e+04	2.4670536e+04	1.7397957e+04	2.3224813e+04	3.5890048e+04	2.3845655e+04	1.7968266e+04	2.7434928e+04	2.2583307e+04	2.5087611e+04	2.2845010e+04	1.3298105e+04	2.9169807e+04	2.0392490e+04	2.9256147e+04	2.2707414e+04	2.6531960e+04	2.3041758e+04	2.4345991e+04	1.8349515e+04	2.2082269e+04	1.8003156e+04	2.1144172e+04	1.3027394e+04	1.8954304e+04
1.1162429e+04	2.4670536e+04	1.7397957e+04	2.3224813e+04	2.8188580e+04	2.3845655e+04	1.7968266e+04	2.7434928e+04	1.7016317e+04	2.2097354e+04	2.2845010e+04	1.3298105e+04	2.9169807e+04	1.6765392e+04	2.4903006e+04	1.6743285e+04	2.6531960e+04	2.3041758e+04	2.4345991e+04	1.8349515e+04	2.2082269e+04	1.8003156e+04	2.1144172e+04	1.3027394e+04	1.8954304e+04
1.1162429e+04	2.4670536e+04	1.7397957e+04	2.3224813e+04	2.8188580e+04	2.3845655e+04	1.6438237e+04	2.7434928e+04	1.7016317e+04	2.2097354e+04	2.2845010e+04	1.3298105e+04	2.9169807e+04	1.6765392e+04	2.4903006e+04	1.6743285e+04	2.6414305e+04	2.3041758e+04	2.4345991e+04	1.8349515e+04	2.2082269e+04	1.8003156e+04	2.1144172e+04	1.3027394e+04	1.8954304e+04
1.1162429e+04	2.4670536e+04	1.7397957e+04	2.3224813e+04	2.8188580e+04	2.3845655e+04	1.6438237e+04	2.5382817e+04	1.7016317e+04	2.2097354e+04	1.2222676e+04	1.3298105e+04	2.1033839e+04	1.6765392e+04	2.4903006e+04	1.6743285e+04	2.6414305e+04	2.3041758e+04	2.4345991e+04	1.8349515e+04	2.2082269e+04	1.8003156e+04	2.1144172e+04	1.3027394e+04	1.8954304e+04
1.1162429e+04	2.0150928e+04	1.7397957e+04	2.3224813e+04	2.5038814e+04	2.3845655e+04	1.5414365e+04	2.5382817e+04	1.7016317e+04	2.2097354e+04	1.2222676e+04	1.3298105e+04	2.1033839e+04	1.6765392e+04	2.4903006e+04	1.6743285e+04	2.4230421e+04	2.3041758e+04	2.4345991e+04	1.8349515e+04	2.2082269e+04	1.8003156e+04	2.1144172e+04	1.3027394e+04	1.8954304e+04
1.1162429e+04	2.0150928e+04	1.7397957e+04	2.3224813e+04	2.5038814e+04	2.3845655e+04	1.5414365e+04	2.5382817e+04	1.5548264e+04	2.1295205e+04	1.2222676e+04	1.3298105e+04	2.1033839e+04	1.6765392e+04	2.4903006e+04	1.6743285e+04	2.4230421e+04	2.3041758e+04	2.4345991e+04	1.7728120e+04	2.0342168e+04	1.8003156e+04	2.1144172e+04	1.3027394e+04	1.8838375e+04
1.1162429e+04	2.0150928e+04	9.8646609e+03	2.3224813e+04	2.4825342e+04	2.3845655e+04	1.5414365e+04	2.5382817e+04	1.5548264e+04	2.1295205e+04	1.0440605e+04	1.3298105e+04	2.1033839e+04	1.6765392e+04	2.4903006e+04	1.4728144e+04	1.2931007e+04	2.3041758e+04	1.7501264e+04	1.7728120e+04	2.0342168e+04	1.8003156e+04	2.1144172e+04	1.3027394e+04	1.8838375e+04
1.1162429e+04	2.0150928e+04	9.8646609e+03	2.3224813e+04	2.2280748e+04	2.3845655e+04	1.5414365e+04	1.3509602e+04	1.5548264e+04	2.1295205e+04	1.0440605e+04	1.3298105e+04	2.1033839e+04	1.6765392e+04	1.8669682e+04	1.4728144e+04	1.2931007e+04	2.3041758e+04	1.7501264e+04	1.7728120e+04	1.7689994e+04	1.8003156e+04	2.1144172e+04	1.3027394e+04	1.7953634e+04
1.1162429e+04	2.0150928e+04	9.8646609e+03	1.8625400e+04	1.8638355e+04	2.3845655e+04	1.5414365e+04	1.3509602e+04	1.5548264e+04	1.5002435e+04	1.0440605e+04	1.3298105e+04	2.1033839e+04	1.6765392e+04	1.6652582e+04	1.4728144e+04	1.1735620e+04	1.5933438e+04	1.7501264e+04	1.4763200e+04	1.7689994e+04	1.1125290e+04	1.6246685e+04	1.3027394e+04	1.7953634e+04
1.1162429e+04	2.0150928e+04	9.8646609e+03	1.8625400e+04	1.5706703e+04	2.1431259e+04	1.5414365e+04	1.3509602e+04	1.5256522e+04	1.5002435e+04	1.0440605e+04	1.3298105e+04	1.0722923e+04	1.1663220e+04	1.6393583e+04	1.4728144e+04	1.1735620e+04	1.0339628e+04	1.7472215e+04	1.4763200e+04	1.7689994e+04	1.1039617e+04	1.6246685e+04	1.3027394e+04	1.7506151e+04
1.1162429e+04	1.2171400e+04	9.8646609e+03	1.7725341e+04	1.5706703e+04	2.1431259e+04	1.1092414e+04	1.1497462e+04	1.3909299e+04	1.4588144e+04	1.0440605e+04	1.3298105e+04	9.0878300e+03	1.1663220e+04	1.5926831e+04	1.4728144e+04	1.0726206e+04	1.0339628e+04	1.7472215e+04	1.4763200e+04	1.6447571e+04	1.0748084e+04	1.4538391e+04	1.2661147e+04	1.5519458e+04
1.1162429e+04	1.2171400e+04	6.6283804e+03	1.7725341e+04	1.4212254e+04	2.0036690e+04	1.1092414e+04	8.2144906e+03	1.2390225e+04	1.4588144e+04	1.0440605e+04	1.2257695e+04	9.0878300e+03	1.1663220e+04	1.2042171e+04	1.4728144e+04	1.0726206e+04	1.0339628e+04	8.8597664e+03	1.1374918e+04	1.4506235e+04	9.9273130e+03	1.4538391e+04	9.7569198e+03	1.4203172e+04
1.1162429e+04	1.2171400e+04	6.6283804e+03	1.6353672e+04	1.4212254e+04	1.8779259e+04	1.1092414e+04	8.2144906e+03	1.2390225e+04	1.4588144e+04	1.0440605e+04	1.2257695e+04	9.0878300e+03	8.9807502e+03	1.2042171e+04	1.2556225e+04	9.7458603e+03	6.7502033e+03	8.8597664e+03	7.3513307e+03	1.4506235e+04	8.7060413e+03	1.4538391e+04	9.7569198e+03	1.4203172e+04
8.1895023e+03	9.4411645e+03	6.6283804e+03	1.4605625e+04	9.9755705e+03	1.3310322e+04	1.1092414e+04	8.2144906e+03	9.0256838e+03	9.7532962e+03	1.0440605e+04	1.1167428e+04	9.0878300e+03	8.9807502e+03	8.7535304e+03	1.0422629e+04	9.7458603e+03	6.7502033e+03	8.8597664e+03	7.3513307e+03	1.1366568e+04	8.7060413e+03	1.4538391e+04	9.7569198e+03	1.4203172e+04
8.1595064e+03	7.3844550e+03	6.6283804e+03	1.1205947e+04	3.5814416e+03	1.3310322e+04	1.1092414e+04	8.2144906e+03	6.9124592e+03	9.7532962e+03	8.1708360e+03	1.1167428e+04	9.0878300e+03	8.0548239e+03	8.7535304e+03	9.2929622e+03	9.0592857e+03	6.5815997e+03	8.8597664e+03	7.3513307e+03	1.1366568e+04	8.7060413e+03	1.1389209e+04	7.0615543e+03	7.8395627e+03
8.1595064e+03	7.3844550e+03	5.8447908e+03	1.0695698e+04	3.5814416e+03	1.0725680e+04	9.2485546e+03	8.2144906e+03	6.9124592e+03	8.9165701e+03	8.1708360e+03	1.1167428e+04	7.4725056e+03	6.9167347e+03	8.7535304e+03	8.3032467e+03	6.1176739e+03	6.5815997e+03	8.8597664e+03	7.3513307e+03	4.6168528e+03	8.7060413e+03	9.8652114e+03	7.0615543e+03	7.8395627e+03
7.4244497e+03	7.3844550e+03	5.8447908e+03	8.6825259e+03	3.5814416e+03	9.2738769e+03	8.3103723e+03	8.2144906e+03	6.9124592e+03	8.9165701e+03	8.1708360e+03	8.9329876e+03	4.6212914e+03	6.9167347e+03	8.5891825e+03	7.0621025e+03	5.9202588e+03	6.5815997e+03	8.8597664e+03	5.4059570e+03	4.1281738e+03	2.7323242e+03	9.8652114e+03	7.0615543e+03	6.3900575e+03
7.4244497e+03	6.7110273e+03	5.8447908e+03	7.9301420e+03	3.5814416e+03	6.7640690e+03	7.7042003e+03	7.3056390e+03	6.9124592e+03	7.7782681e+03	4.3489534e+03	5.5257726e+03	4.6212914e+03	5.3414306e+03	7.3364039e+03	7.0621025e+03	5.2413333e+03	6.5750638e+03	7.1521312e+03	5.0406635e+03	4.1281738e+03	2.7323242e+03	9.8652114e+03	7.0615543e+03	6.3900575e+03
7.4244497e+03	5.2442683e+03	4.4560057e+03	7.9301420e+03	3.5814416e+03	6.7640690e+03	6.5393097e+03	7.1891458e+03	6.9124592e+03	7.5428669e+03	4.3489534e+03	5.5257726e+03	4.6212914e+03	4.0108311e+03	6.0259463e+03	7.0621025e+03	5.2413333e+03	6.5750638e+03	6.9131588e+03	5.0406635e+03	4.1281738e+03	2.7323242e+03	8.7406184e+03	7.0615543e+03	6.3900575e+03
7.2800527e+03	5.2442683e+03	4.3408441e+03	5.7130681e+03	3.5814416e+03	6.7640690e+03	6.5393097e+03	6.1719261e+03	4.0376431e+03	6.4126144e+03	4.3489534e+03	5.5257726e+03	4.6212914e+03	4.0108311e+03	6.0259463e+03	4.2826148e+03	5.0376103e+03	6.5750638e+03	4.9983817e+03	4.1027138e+03	4.1281738e+03	2.7323242e+03	7.6919109e+03	4.8529720e+03	3.5731125e+03
3.9481266e+03	5.2442683e+03	4.3408441e+03	5.5821042e+03	3.2498537e+03	6.7640690e+03	5.5098150e+03	5.5260818e+03	4.0376431e+03	5.7567377e+03	4.3489534e+03	5.5257726e+03	4.6212914e+03	4.0108311e+03	4.1608864e+03	4.1586660e+03	4.9481842e+03	5.3023261e+03	4.9983817e+03	4.1027138e+03	4.1281738e+03	2.7323242e+03	7.6919109e+03	4.8529720e+03	3.5731125e+03
3.9481266e+03	5.2442683e+03	3.7820371e+03	4.6925792e+03	3.2498537e+03	6.1504105e+03	5.5098150e+03	3.2662978e+03	4.0376431e+03	5.7567377e+03	2.5517982e+03	5.5257726e+03	3.6515228e+03	3.9166133e+03	4.1090686e+03	2.5540854e+03	4.3359554e+03	3.9086622e+03	4.9983817e+03	4.1027138e+03	4.1281738e+03	2.7323242e+03	6.4662680e+03	4.8529720e+03	3.5731125e+03
2.8580218e+03	2.6958274e+03	2.5709077e+03	4.6925792e+03	3.2498537e+03	4.8321486e+03	4.2298983e+03	3.2662978e+03	4.0376431e+03	4.0712863e+03	2.5517982e+03	5.5257726e+03	3.6515228e+03	3.9166133e+03	4.1090686e+03	2.5540854e+03	2.2840403e+03	3.9086622e+03	4.9983817e+03	2.9205470e+03	4.1281738e+03	2.7323242e+03	3.8996609e+03	4.8529720e+03	3.4760240e+03
2.8580218e+03	2.6958274e+03	2.2010225e+03	3.4202834e+03	2.2119869e+03	4.8321486e+03	3.3193841e+03	2.6121386e+03	2.5627182e+03	3.0540657e+03	2.5517982e+03	4.3918110e+03	3.2078376e+03	1.8565458e+03	4.1090686e+03	2.5540854e+03	2.2840403e+03	3.7906158e+03	4.8210179e+03	2.9205470e+03	4.1281738e+03	2.7323242e+03	3.2043514e+03	4.7989813e+03	3.4760240e+03
2.8580218e+03	2.6958274e+03	2.2010225e+03	3.4202834e+03	2.2119869e+03	4.8321486e+03	3.3193841e+03	2.6121386e+03	2.5627182e+03	3.0540657e+03	2.5517982e+03	4.3918110e+03	3.2078376e+03	1.8565458e+03	2.9445832e+03	2.5540854e+03	2.2840403e+03	3.7906158e+03	2.9679363e+03	2.9205470e+03	3.3204932e+03	2.0724274e+03	3.2043514e+03	4.7989813e+03	3.4760240e+03
2.8580218e+03	2.6958274e+03	1.7418548e+03	2.9590959e+03	2.2119869e+03	4.8321486e+03	3.3193841e+03	2.6121386e+03	2.5627182e+03	3.0540657e+03	2.5517982e+03	3.9804998e+03	2.4435667e+03	1.8565458e+03	1.8008421e+03	2.5540854e+03	2.2840403e+03	2.0329997e+03	2.9486477e+03	2.6839708e+03	2.9910951e+03	2.0724274e+03	3.2043514e+03	3.7113036e+03	3.3814550e+03
2.8580218e+03	2.6958274e+03	1.7418548e+03	2.9590959e+03	2.2119869e+03	4.8321486e+03	3.3193841e+03	2.6121386e+03	2.5627182e+03	3.0540657e+03	2.5517982e+03	2.7859559e+03	2.4435667e+03	1.8565458e+03	1.8008421e+03	2.5540854e+03	2.2840403e+03	2.0329997e+03	2.9403413e+03	2.5326883e+03	2.9222882e+03	2.0724274e+03	3.2043514e+03	3.7113036e+03	2.4873708e+03
2.4834339e+03	2.6958274e+03	1.7418548e+03	2.9590959e+03	2.2119869e+03	4.2691649e+03	3.3193841e+03	2.6121386e+03	2.5627182e+03	2.3107994e+03	2.5450636e+03	2.7859559e+03	2.2552187e+03	1.8565458e+03	1.8008421e+03	2.5540854e+03	1.6702003e+03	2.0329997e+03	2.9403413e+03	1.7488619e+03	2.4190033e+03	2.0724274e+03	3.2043514e+03	2.8280080e+03	2.4873708e+03
2.4834339e+03	2.2572381e+03	1.5031614e+03	2.9590959e+03	2.2119869e+03	2.8522680e+03	3.1099941e+03	2.6121386e+03	2.5627182e+03	2.3107994e+03	2.4599767e+03	2.4686176e+03	2.2552187e+03	1.8565458e+03	1.8008421e+03	2.5540854e+03	1.6702003e+03	2.0329997e+03	2.6753066e+03	1.7488619e+03	2.4190033e+03	2.0724274e+03	3.1890095e+03	2.8280080e+03	2.4873708e+03
2.4834339e+03	2.2572381e+03	1.2188770e+03	2.9590959e+03	1.1123340e+03	2.8522680e+03	2.6147673e+03	2.6121386e+03	2.5627182e+03	2.3107994e+03	1.7454195e+03	2.4686176e+03	1.6004856e+03	1.8527912e+03	1.8008421e+03	2.4170598e+03	1.6702003e+03	2.0329997e+03	2.6753066e+03	1.7488619e+03	2.4190033e+03	2.0724274e+03	2.6274115e+03	2.8280080e+03	2.4873708e+03
2.4834339e+03	2.2572381e+03	1.2188770e+03	2.9590959e+03	1.1123340e+03	2.8522680e+03	1.9368318e+03	1.2479657e+03	1.8280926e+03	2.3107994e+03	1.7454195e+03	2.4464435e+03	1.5992276e+03	9.8423416e+02	1.6463716e+03	2.1579185e+03	1.6702003e+03	1.8857239e+03	1.8791055e+03	1.7488619e+03	2.2428825e+03	2.0724274e+03	2.5062873e+03	2.5016515e+03	2.4744072e+03
2.4052931e+03	1.5498885e+03	1.2188770e+03	2.3001966e+03	1.1123340e+03	2.8522680e+03	1.9368318e+03	1.2479657e+03	1.8280926e+03	2.3107994e+03	1.7454195e+03	2.1391112e+03	1.3889088e+03	9.8423416e+02	1.6463716e+03	1.6244437e+03	1.0868611e+03	1.8857239e+03	1.8791055e+03	1.7488619e+03	2.1414056e+03	2.0724274e+03	2.1540508e+03	2.0344193e+03	2.4744072e+03
1.8085833e+03	1.4901359e+03	1.2188770e+03	1.9280506e+03	1.1123340e+03	2.5318295e+03	1.3582233e+03	1.2479657e+03	1.8280926e+03	2.3107994e+03	1.6149878e+03	2.1391112e+03	1.3889088e+03	9.8423416e+02	1.6463716e+03	1.6244437e+03	1.0868611e+03	1.8857239e+03	1.8791055e+03	1.7488619e+03	2.1414056e+03	1.7191671e+03	1.9728555e+03	2.0344193e+03	2.4744072e+03
1.7427268e+03	1.2092207e+03	1.2188770e+03	1.3605979e+03	1.1123340e+03	2.2791817e+03	1.3582233e+03	1.2479657e+03	1.5216938e+03	2.1536693e+03	1.6149878e+03	1.6365706e+03	1.3577851e+03	9.8423416e+02	1.6281784e+03	1.6244437e+03	1.0868611e+03	1.8806229e+03	1.8791055e+03	1.7488619e+03	1.3914858e+03	1.7191671e+03	1.7441924e+03	2.0274069e+03	2.1571133e+03
1.1082278e+03	1.2092207e+03	1.2188770e+03	1.1831250e+03	1.1123340e+03	2.2791817e+03	1.3582233e+03	1.2479657e+03	1.5216938e+03	1.9351870e+03	1.3695711e+03	1.6365706e+03	1.3577851e+03	9.8423416e+02	1.5085565e+03	8.7107344e+02	1.0868611e+03	1.4660590e+03	1.8791055e+03	1.7488619e+03	1.3914858e+03	1.7191671e+03	9.5250809e+02	1.9316799e+03	1.5699180e+03
1.1082278e+03	1.2092207e+03	1.0112400e+03	1.1831250e+03	1.0618498e+03	1.8137593e+03	1.3359523e+03	1.2479657e+03	1.2295487e+03	1.9351870e+03	1.3695711e+03	1.1547204e+03	1.1261955e+03	9.8423416e+02	1.5085565e+03	8.7107344e+02	7.6146148e+02	1.4660590e+03	1.8791055e+03	1.0191317e+03	1.3914858e+03	1.2446433e+03	9.5250809e+02	1.1390794e+03	1.5699180e+03
1.1082278e+03	1.2092207e+03	7.4183303e+02	1.1831250e+03	9.3380578e+02	1.7557217e+03	1.3359523e+03	1.2479657e+03	1.2295487e+03	1.9351870e+03	1.3695711e+03	9.8315653e+02	1.1261955e+03	9.8423416e+02	1.2655190e+03	8.7107344e+02	7.6146148e+02	1.1373755e+03	1.4069298e+03	1.0191317e+03	1.1139775e+03	1.1296161e+03	9.5250809e+02	1.1390794e+03	1.5699180e+03
1.1082278e+03	8.9962297e+02	7.4183303e+02	1.1831250e+03	9.3380578e+02	1.6908636e+03	1.3359523e+03	1.2479657e+03	1.2058485e+03	1.9351870e+03	1.3695711e+03	9.8315653e+02	9.7404043e+02	9.8423416e+02	1.2655190e+03	8.7107344e+02	7.6146148e+02	1.1373755e+03	1.2788302e+03	1.0191317e+03	1.1139775e+03	1.1296161e+03	9.5250809e+02	1.1390794e+03	1.5699180e+03
1.0046347e+03	8.9962297e+02	5.2121493e+02	1.1831250e+03	9.3380578e+02	1.6908636e+03	1.0674893e+03	1.1971134e+03	1.1131553e+03	1.9351870e+03	9.1188414e+02	9.8315653e+02	9.0292519e+02	9.3893372e+02	1.0640857e+03	8.7107344e+02	7.6146148e+02	9.5672243e+02	1.0966519e+03	1.0191317e+03	1.1139775e+03	1.1296161e+03	8.0690049e+02	1.1390794e+03	1.2174922e+03
1.0046347e+03	5.9454314e+02	5.2121493e+02	1.1212714e+03	9.3380578e+02	1.6908636e+03	9.6845704e+02	1.1971134e+03	1.1131553e+03	1.5862857e+03	9.1188414e+02	9.8315653e+02	9.0292519e+02	7.6142894e+02	9.1696615e+02	8.3587416e+02	7.6146148e+02	9.5672243e+02	1.0051906e+03	1.0191317e+03	1.1139775e+03	9.9607348e+02	8.0690049e+02	1.0614218e+03	1.2174922e+03
1.0046347e+03	5.9454314e+02	5.2121493e+02	1.1212714e+03	8.8852710e+02	1.6605188e+03	9.6845704e+02	9.3611127e+02	9.2119531e+02	1.0062503e+03	9.1188414e+02	9.3090608e+02	9.0292519e+02	6.7415091e+02	9.1696615e+02	8.3587416e+02	7.6146148e+02	9.5672243e+02	9.2416365e+02	1.0191317e+03	1.0898912e+03	8.9415193e+02	8.0690049e+02	1.0614218e+03	1.1689459e+03
1.0046347e+03	5.9454314e+02	4.6945866e+02	1.1212714e+03	8.7715622e+02	1.5621115e+03	9.6845704e+02	9.3611127e+02	9.2119531e+02	1.0062503e+03	9.0121121e+02	9.3090608e+02	7.3613016e+02	6.7415091e+02	8.4569081e+02	7.2976297e+02	7.6146148e+02	9.5672243e+02	9.2416365e+02	8.9511264e+02	6.7796711e+02	8.9415193e+02	8.0690049e+02	1.0460006e+03	8.6149586e+02
1.0046347e+03	5.9454314e+02	4.6945866e+02	1.0284380e+03	6.5460851e+02	1.3035255e+03	6.8582193e+02	9.3611127e+02	9.2119531e+02	9.4226818e+02	9.0121121e+02	8.8386454e+02	6.3567547e+02	6.4468920e+02	8.4569081e+02	7.2976297e+02	6.2483861e+02	6.0329365e+02	9.2416365e+02	6.3417300e+02	6.7796711e+02	7.0705377e+02	7.6417314e+02	9.1122537e+02	8.6149586e+02
1.0046347e+03	5.9454314e+02	4.6945866e+02	9.4356895e+02	6.0335691e+02	1.1906339e+03	6.8582193e+02	9.3611127e+02	6.3923324e+02	9.4226818e+02	8.3526056e+02	7.6144560e+02	6.3567547e+02	4.6050560e+02	7.4681446e+02	7.2976297e+02	5.0457460e+02	5.8127757e+02	9.2416365e+02	6.3417300e+02	6.7796711e+02	7.0705377e+02	7.6417314e+02	8.7585778e+02	8.6149586e+02
5.6488423e+02	5.3809001e+02	4.6945866e+02	7.0436272e+02	5.5000363e+02	1.1906339e+03	6.8582193e+02	9.3611127e+02	6.3923324e+02	9.4226818e+02	5.1392353e+02	7.4503848e+02	5.0140541e+02	4.6050560e+02	6.5135422e+02	5.7756310e+02	5.0457460e+02	5.8127757e+02	9.1279869e+02	6.3417300e+02	4.6135711e+02	7.0705377e+02	6.7978709e+02	7.9428929e+02	6.4203075e+02
5.6488423e+02	5.3809001e+02	4.6945866e+02	7.0436272e+02	5.4422472e+02	9.0604984e+02	6.8582193e+02	9.3611127e+02	6.3923324e+02	9.4226818e+02	5.1392353e+02	7.4503848e+02	5.0140541e+02	4.6050560e+02	6.5135422e+02	5.7756310e+02	4.1856359e+02	5.8127757e+02	7.6498777e+02	6.3417300e+02	4.6135711e+02	6.5558136e+02	6.1640022e+02	7.9428929e+02	6.3521327e+02
5.6488423e+02	5.3809001e+02	4.6945866e+02	7.0436272e+02	5.4422472e+02	7.6619122e+02	6.8582193e+02	7.5824557e+02	5.3864102e+02	7.0095866e+02	5.1392353e+02	7.3155006e+02	5.0140541e+02	4.6050560e+02	6.5135422e+02	5.7756310e+02	4.1856359e+02	5.8127757e+02	6.3558478e+02	6.3417300e+02	4.6135711e+02	5.2907785e+02	6.0939064e+02	7.3267671e+02	6.3521327e+02
5.6488423e+02	5.3809001e+02	4.6945866e+02	6.5943404e+02	5.4422472e+02	7.6619122e+02	4.2497242e+02	6.9918530e+02	5.3864102e+02	6.8811963e+02	5.1392353e+02	6.0076146e+02	5.0140541e+02	4.6050560e+02	6.5135422e+02	5.7756310e+02	4.1856359e+02	4.8004801e+02	6.3558478e+02	6.3282021e+02	4.6135711e+02	5.2907785e+02	6.0939064e+02	7.3267671e+02	6.3521327e+02
5.6488423e+02	4.8137722e+02	4.6945866e+02	6.3958801e+02	5.1749320e+02	7.6619122e+02	4.2497242e+02	6.7697167e+02	5.2083391e+02	6.8811963e+02	4.2601572e+02	5.5810678e+02	5.0140541e+02	3.9146844e+02	5.6600954e+02	5.7756310e+02	4.1856359e+02	4.8004801e+02	6.3558478e+02	5.7346022e+02	4.6135711e+02	5.2907785e+02	5.8057808e+02	6.5143816e+02	6.3521327e+02
5.6488423e+02	4.8137722e+02	4.3276660e+02	5.8763707e+02	3.8131801e+02	7.6619122e+02	4.2497242e+02	6.5127730e+02	5.2083391e+02	6.4046748e+02	4.2547484e+02	5.5810678e+02	5.0140541e+02	3.9146844e+02	4.1630116e+02	5.7756310e+02	4.1856359e+02	4.8004801e+02	6.3558478e+02	5.2458781e+02	4.6135711e+02	3.5144818e+02	5.5881198e+02	6.5143816e+02	5.4217321e+02
5.0160442e+02	4.7343421e+02	4.3276660e+02	5.5354845e+02	3.8131801e+02	7.6051126e+02	4.2497242e+02	5.7826882e+02	4.8353586e+02	6.1483787e+02	4.2547484e+02	5.5810678e+02	5.0140541e+02	3.9146844e+02	3.9994652e+02	5.3796624e+02	2.9428138e+02	4.8004801e+02	6.3558478e+02	5.1098406e+02	4.3267570e+02	3.5144818e+02	5.5003679e+02	5.8573990e+02	4.7128402e+02
5.0160442e+02	4.7343421e+02	4.3276660e+02	5.5354845e+02	3.8131801e+02	6.5183798e+02	4.2497242e+02	5.5384924e+02	4.5396351e+02	5.0724546e+02	4.2547484e+02	4.9128107e+02	4.8104082e+02	3.9146844e+02	3.9994652e+02	5.2471173e+02	2.9428138e+02	4.2017320e+02	6.3558478e+02	5.1098406e+02	4.3267570e+02	3.5144818e+02	5.2431513e+02	5.8573990e+02	4.7128402e+02
5.0160442e+02	3.3110546e+02	4.0076089e+02	4.9515884e+02	3.7803342e+02	5.2426304e+02	4.1369272e+02	4.4864567e+02	4.5396351e+02	5.0724546e+02	4.2547484e+02	4.9128107e+02	4.5481916e+02	3.9146844e+02	3.7606927e+02	4.4762706e+02	2.9428138e+02	4.2017320e+02	6.3558478e+02	5.1098406e+02	4.1570979e+02	3.4535589e+02	5.2431513e+02	5.8573990e+02	4.6156681e+02
5.0160442e+02	3.3110546e+02	4.0076089e+02	4.9515884e+02	3.7803342e+02	5.0556553e+02	4.1369272e+02	4.4864567e+02	4.3079770e+02	4.7674806e+02	4.2547484e+02	4.3667083e+02	4.5005239e+02	3.9146844e+02	3.7559335e+02	4.4762706e+02	2.9428138e+02	3.9077583e+02	5.6160277e+02	5.1098406e+02	3.8204896e+02	3.4535589e+02	4.6346852e+02	5.1283690e+02	4.3971508e+02
4.1371579e+02	3.3110546e+02	4.0076089e+02	4.9515884e+02	3.4077629e+02	4.8527434e+02	4.1369272e+02	4.4864567e+02	3.7898969e+02	3.2857982e+02	4.0196140e+02	4.2468773e+02	3.8425165e+02	3.9146844e+02	3.6609768e+02	4.4762706e+02	2.9428138e+02	3.7754362e+02	5.6160277e+02	4.2784307e+02	3.8204896e+02	3.4535589e+02	4.6346852e+02	4.7679962e+02	3.2917112e+02
3.9611846e+02	3.3110546e+02	3.5695319e+02	4.9515884e+02	3.1552142e+02	4.6265710e+02	4.0354968e+02	4.4864567e+02	3.5398608e+02	3.2857982e+02	3.9182906e+02	3.8598566e+02	3.6978468e+02	3.9146844e+02	3.6609768e+02	3.9930758e+02	2.9428138e+02	3.5430419e+02	4.5962075e+02	4.2784307e+02	3.8204896e+02	3.3651030e+02	3.2276890e+02	4.3096460e+02	3.2917112e+02
3.9611846e+02	2.6982039e+02	3.4874298e+02	4.7079265e+02	3.1552142e+02	4.6265710e+02	3.6979472e+02	3.5511979e+02	3.5398608e+02	3.2857982e+02	3.4998671e+02	3.8598566e+02	3.2315286e+02	3.9146844e+02	2.7218464e+02	3.9930758e+02	2.9428138e+02	3.5430419e+02	4.5962075e+02	3.8273821e+02	3.8204896e+02	3.3651030e+02	3.2276890e+02	4.3096460e+02	3.2917112e+02
3.9592476e+02	2.6982039e+02	3.4206035e+02	3.8459059e+02	3.1552142e+02	4.5651112e+02	3.0411531e+02	3.5511979e+02	3.2290318e+02	3.2857982e+02	2.8307141e+02	3.6416036e+02	3.2315286e+02	3.4129989e+02	2.7218464e+02	3.9930758e+02	2.9428138e+02	3.4201106e+02	4.5962075e+02	3.4222012e+02	3.3201852e+02	3.3651030e+02	3.2276890e+02	4.3096460e+02	3.2917112e+02
3.8297498e+02	2.6982039e+02	3.2800066e+02	3.7422333e+02	3.1552142e+02	4.5651112e+02	3.0411531e+02	3.5511979e+02	3.0711079e+02	3.2857982e+02	2.8307141e+02	3.2115558e+02	3.2315286e+02	3.4129989e+02	2.7218464e+02	3.9857129e+02	2.9428138e+02	3.3247456e+02	4.5962075e+02	3.1074525e+02	3.3201852e+02	3.3651030e+02	3.2276890e+02	4.1707035e+02	3.2917112e+02
3.6605688e+02	2.6982039e+02	3.2800066e+02	3.3385675e+02	3.0352481e+02	4.5651112e+02	3.0104411e+02	2.9167688e+02	2.5987160e+02	3.2857982e+02	2.7582518e+02	3.2115558e+02	2.6662129e+02	2.8639139e+02	2.7218464e+02	3.4855355e+02	2.8073079e+02	3.2445354e+02	3.7934183e+02	3.1074525e+02	2.9881759e+02	3.2351429e+02	3.2276890e+02	4.1707035e+02	3.2917112e+02
3.6605688e+02	2.6982039e+02	2.9899211e+02	3.3385675e+02	2.6113284e+02	4.5651112e+02	3.0104411e+02	2.7746067e+02	2.5987160e+02	3.2857982e+02	2.5801083e+02	3.0620273e+02	2.6662129e+02	2.8639139e+02	2.7218464e+02	3.4855355e+02	2.7543306e+02	3.2445354e+02	3.7934183e+02	3.1074525e+02	2.9881759e+02	3.0723648e+02	3.2276890e+02	4.0586473e+02	3.2917112e+02
2.7267134e+02	2.3863318e+02	2.5818910e+02	3.3385675e+02	2.6113284e+02	3.7670745e+02	2.9406708e+02	2.7746067e+02	2.5987160e+02	3.2857982e+02	2.5801083e+02	2.9846774e+02	2.4712599e+02	2.8639139e+02	2.7218464e+02	3.2008731e+02	2.7305009e+02	2.4145123e+02	3.6940341e+02	3.1074525e+02	2.8153200e+02	2.7565105e+02	2.2070851e+02	3.9249526e+02	3.0706677e+02
2.7267134e+02	2.3863318e+02	2.5818910e+02	3.3385675e+02	2.5173562e+02	3.6593424e+02	2.2839513e+02	2.7746067e+02	2.5987160e+02	3.2857982e+02	2.5801083e+02	2.9846774e+02	2.4712599e+02	2.8639139e+02	2.7218464e+02	2.5062829e+02	2.3121426e+02	2.4145123e+02	3.4967969e+02	3.1074525e+02	2.8153200e+02	2.4376848e+02	2.2070851e+02	3.2398153e+02	3.0706677e+02
2.7267134e+02	2.3863318e+02	2.5339405e+02	3.1571810e+02	2.5086323e+02	3.6593424e+02	2.2839513e+02	2.7746067e+02	2.5987160e+02	3.1257246e+02	2.5674476e+02	2.9846774e+02	2.4712599e+02	2.7641525e+02	2.7218464e+02	2.5062829e+02	2.3121426e+02	2.4145123e+02	3.4967969e+02	2.8995924e+02	2.5804718e+02	2.4376848e+02	2.2070851e+02	3.2398153e+02	3.0706677e+02
2.7267134e+02	2.2788131e+02	1.9725912e+02	3.1571810e+02	2.3938710e+02	3.1340184e+02	2.2839513e+02	2.7746067e+02	2.1280893e+02	2.7558236e+02	2.1266129e+02	2.9070560e+02	2.4383191e+02	2.7641525e+02	2.6046567e+02	2.4057196e+02	1.8886015e+02	2.2869509e+02	2.7219407e+02	2.5721336e+02	2.5804718e+02	2.4169083e+02	2.2070851e+02	3.0403437e+02	2.9603681e+02
2.7267134e+02	2.2788131e+02	1.9725912e+02	3.1453646e+02	2.1852363e+02	3.0227838e+02	2.2291867e+02	2.6942945e+02	2.1280893e+02	2.0973510e+02	2.1266129e+02	2.9070560e+02	2.1896412e+02	2.6757752e+02	2.6046567e+02	2.4057196e+02	1.8886015e+02	2.2869509e+02	2.7219407e+02	2.5721336e+02	2.5804718e+02	2.3486353e+02	2.2070851e+02	3.0403437e+02	2.9084623e+02
2.7267134e+02	2.2788131e+02	1.9725912e+02	3.1453646e+02	2.1535083e+02	3.0035884e+02	2.2291867e+02	2.5695104e+02	2.1280893e+02	2.0973510e+02	1.9380105e+02	2.8710513e+02	1.9758364e+02	2.3729664e+02	2.5857771e+02	2.4057196e+02	1.8886015e+02	2.2869509e+02	2.7219407e+02	2.2295794e+02	2.4350978e+02	1.7910227e+02	2.2070851e+02	2.5037980e+02	2.6360128e+02
2.5397048e+02	2.2788131e+02	1.9725912e+02	2.9382794e+02	2.1422733e+02	3.0035884e+02	2.2291867e+02	2.5695104e+02	2.1280893e+02	2.0973510e+02	1.9380105e+02	2.8710513e+02	1.9758364e+02	2.3729664e+02	2.5009453e+02	2.4057196e+02	1.8886015e+02	2.2869509e+02	2.7219407e+02	1.8645287e+02	2.4350978e+02	1.7910227e+02	2.2070851e+02	2.5037980e+02	2.6360128e+02
2.2063361e+02	2.2637914e+02	1.9725912e+02	2.6274606e+02	2.1422733e+02	2.6015556e+02	2.2291867e+02	2.0563612e+02	2.1280893e+02	2.0973510e+02	1.9380105e+02	2.8710513e+02	1.9758364e+02	2.3652181e+02	2.1348945e+02	2.4057196e+02	1.8886015e+02	2.2869509e+02	2.7219407e+02	1.8645287e+02	2.4350978e+02	1.7910227e+02	2.2070851e+02	2.5037980e+02	2.0539440e+02
2.2063361e+02	2.2369346e+02	1.8387092e+02	2.5962961e+02	2.1422733e+02	2.5289544e+02	2.0805552e+02	2.0563612e+02	1.8776411e+02	2.0973510e+02	1.9380105e+02	2.5454761e+02	1.8177138e+02	2.3652181e+02	2.1348945e+02	2.3533211e+02	1.8886015e+02	2.2869509e+02	2.7219407e+02	1.8645287e+02	2.4350978e+02	1.7910227e+02	2.2070851e+02	2.2040196e+02	2.0539440e+02
2.1443200e+02	1.9409126e+02	1.8387092e+02	2.5445769e+02	1.9248951e+02	2.1999505e+02	2.0805552e+02	2.0563612e+02	1.8776411e+02	2.0973510e+02	1.9380105e+02	2.5454761e+02	1.8177138e+02	2.2573054e+02	2.0969174e+02	2.2070307e+02	1.8886015e+02	2.1642641e+02	2.7219407e+02	1.8645287e+02	2.2004999e+02	1.7910227e+02	2.1259634e+02	2.2040196e+02	2.0539440e+02
2.1443200e+02	1.9409126e+02	1.8387092e+02	2.5445769e+02	1.9248951e+02	2.1999505e+02	2.0805552e+02	2.0563612e+02	1.8776411e+02	2.0973510e+02	1.9380105e+02	2.3772967e+02	1.8177138e+02	2.2573054e+02	2.0681339e+02	2.2070307e+02	1.8468144e+02	1.8831564e+02	2.2327004e+02	1.8645287e+02	2.2004999e+02	1.7910227e+02	2.1259634e+02	2.0785756e+02	2.0486627e+02
2.1443200e+02	1.8756272e+02	1.8387092e+02	2.5445769e+02	1.9248951e+02	2.1999505e+02	1.8592248e+02	1.9802951e+02	1.8461462e+02	2.0973510e+02	1.9380105e+02	2.1932300e+02	1.8177138e+02	2.0279174e+02	2.0681339e+02	2.2070307e+02	1.8468144e+02	1.8831564e+02	2.2327004e+02	1.8645287e+02	2.0480104e+02	1.6330511e+02	2.1073425e+02	2.0785756e+02	2.0486627e+02
2.0717450e+02	1.8756272e+02	1.5996321e+02	2.3892423e+02	1.9248951e+02	2.1999505e+02	1.8592248e+02	1.9802951e+02	1.8461462e+02	2.0973510e+02	1.9380105e+02	2.0762467e+02	1.8177138e+02	2.0279174e+02	2.0668931e+02	1.9154944e+02	1.8468144e+02	1.8831564e+02	2.2327004e+02	1.8645287e+02	2.0480104e+02	1.6330511e+02	2.0473162e+02	2.0785756e+02	2.0486627e+02
1.9382007e+02	1.8756272e+02	1.5996321e+02	2.3892423e+02	1.9248951e+02	2.1934902e+02	1.7557657e+02	1.9296880e+02	1.7186018e+02	2.0973510e+02	1.8457966e+02	2.0762467e+02	1.6779912e+02	2.0279174e+02	1.9522390e+02	1.7719134e+02	1.8468144e+02	1.8831564e+02	2.2327004e+02	1.8189424e+02	2.0480104e+02	1.6330511e+02	2.0473162e+02	2.0785756e+02	1.8570671e+02
1.8148679e+02	1.6902568e+02	1.5996321e+02	2.0758198e+02	1.6133504e+02	2.1934902e+02	1.7557657e+02	1.8973169e+02	1.7186018e+02	2.0973510e+02	1.6656825e+02	2.0762467e+02	1.6100140e+02	1.9436662e+02	1.8543475e+02	1.5838415e+02	1.8411337e+02	1.8693165e+02	2.2327004e+02	1.8189424e+02	1.9432477e+02	1.6330511e+02	2.0473162e+02	2.0687586e+02	1.5084540e+02
1.8148679e+02	1.6902568e+02	1.5996321e+02	2.0744083e+02	1.6133504e+02	2.1630840e+02	1.7557657e+02	1.8837986e+02	1.7186018e+02	1.9903726e+02	1.6656825e+02	1.9563561e+02	1.6100140e+02	1.9436662e+02	1.8430715e+02	1.5838415e+02	1.8411337e+02	1.7342200e+02	2.2327004e+02	1.8189424e+02	1.8316147e+02	1.6330511e+02	1.7985638e+02	1.8197719e+02	1.5084540e+02
1.8148679e+02	1.6902568e+02	1.5996321e+02	2.0401974e+02	1.6133504e+02	1.9987248e+02	1.7557657e+02	1.8358550e+02	1.7186018e+02	1.9903726e+02	1.6656825e+02	1.9563561e+02	1.4676625e+02	1.8085639e+02	1.8264529e+02	1.5838415e+02	1.7643822e+02	1.7342200e+02	2.1745597e+02	1.8189424e+02	1.8147430e+02	1.6330511e+02	1.7378113e+02	1.8197719e+02	1.5084540e+02
1.7267996e+02	1.6902568e+02	1.5996321e+02	1.7753897e+02	1.4180322e+02	1.8337935e+02	1.5604208e+02	1.7066754e+02	1.7186018e+02	1.9903726e+02	1.6123278e+02	1.8241187e+02	1.4676625e+02	1.8061795e+02	1.6959234e+02	1.5838415e+02	1.6800947e+02	1.7130090e+02	2.1745597e+02	1.8189424e+02	1.7669547e+02	1.6018711e+02	1.7378113e+02	1.8197719e+02	1.5084540e+02
1.7267996e+02	1.6890586e+02	1.5996321e+02	1.7753897e+02	1.4180322e+02	1.8337935e+02	1.5604208e+02	1.5298943e+02	1.6499576e+02	1.9274157e+02	1.6123278e+02	1.7960994e+02	1.4676625e+02	1.5203240e+02	1.5532090e+02	1.5838415e+02	1.5465993e+02	1.6350157e+02	1.7856043e+02	1.7404098e+02	1.6945798e+02	1.6018711e+02	1.7214535e+02	1.8197719e+02	1.5084540e+02
1.7267996e+02	1.6890586e+02	1.5202628e+02	1.7046977e+02	1.4180322e+02	1.8337935e+02	1.5604208e+02	1.5298943e+02	1.6499576e+02	1.8687735e+02	1.6123278e+02	1.7040913e+02	1.4676625e+02	1.5203240e+02	1.5532090e+02	1.5838415e+02	1.5465993e+02	1.6350157e+02	1.7660819e+02	1.7404098e+02	1.6945798e+02	1.5695401e+02	1.6886257e+02	1.8197719e+02	1.5084540e+02
1.4904198e+02	1.5874969e+02	1.5202628e+02	1.7046977e+02	1.4180322e+02	1.7293368e+02	1.5604208e+02	1.5298943e+02	1.6499576e+02	1.7879844e+02	1.6123278e+02	1.7040913e+02	1.4676625e+02	1.5203240e+02	1.4056969e+02	1.5838415e+02	1.4240516e+02	1.6350157e+02	1.7660819e+02	1.7404098e+02	1.6943397e+02	1.3455799e+02	1.6699015e+02	1.6825941e+02	1.5084540e+02
1.4904198e+02	1.5828588e+02	1.4535359e+02	1.5416032e+02	1.4180322e+02	1.5877437e+02	1.4866814e+02	1.5298943e+02	1.6276092e+02	1.7216660e+02	1.5746798e+02	1.5800534e+02	1.4676625e+02	1.4543077e+02	1.4056969e+02	1.5838415e+02	1.4240516e+02	1.5668458e+02	1.7660819e+02	1.6100964e+02	1.4987066e+02	1.3455799e+02	1.5648264e+02	1.6825941e+02	1.4393680e+02
1.4806377e+02	1.5039028e+02	1.4535359e+02	1.5416032e+02	1.4180322e+02	1.5877437e+02	1.4866814e+02	1.5298943e+02	1.4987631e+02	1.7216660e+02	1.4418912e+02	1.5800534e+02	1.4676625e+02	1.4543077e+02	1.4056969e+02	1.5764871e+02	1.4240516e+02	1.5668458e+02	1.7660819e+02	1.6100964e+02	1.4987066e+02	1.3455799e+02	1.4835128e+02	1.6478013e+02	1.4393680e+02
1.4806377e+02	1.5039028e+02	1.4108831e+02	1.5228606e+02	1.4180322e+02	1.5257673e+02	1.4231109e+02	1.5298943e+02	1.4267196e+02	1.6848357e+02	1.4181796e+02	1.5800534e+02	1.3458696e+02	1.4543077e+02	1.4056969e+02	1.5764871e+02	1.4240516e+02	1.5304603e+02	1.7304326e+02	1.6100964e+02	1.4987066e+02	1.3455799e+02	1.4228196e+02	1.6478013e+02	1.4393680e+02
1.4806377e+02	1.5039028e+02	1.4108831e+02	1.5228606e+02	1.4180322e+02	1.4711629e+02	1.4231109e+02	1.4647126e+02	1.4267196e+02	1.6848357e+02	1.4181796e+02	1.5800534e+02	1.3458696e+02	1.4543077e+02	1.4056969e+02	1.4434326e+02	1.4095296e+02	1.5282175e+02	1.6670569e+02	1.5686264e+02	1.4987066e+02	1.3455799e+02	1.4228196e+02	1.6478013e+02	1.4370576e+02
1.4806377e+02	1.5039028e+02	1.4033102e+02	1.5228606e+02	1.2599577e+02	1.4711629e+02	1.4231109e+02	1.4647126e+02	1.4058516e+02	1.5954230e+02	1.4093143e+02	1.5800534e+02	1.3458696e+02	1.4543077e+02	1.3895917e+02	1.4434326e+02	1.4095296e+02	1.3351327e+02	1.6670569e+02	1.5685929e+02	1.3693339e+02	1.3455799e+02	1.2724114e+02	1.5071151e+02	1.4370576e+02
1.4806377e+02	1.5039028e+02	1.3749094e+02	1.4479420e+02	1.2599577e+02	1.4711629e+02	1.3864754e+02	1.4425648e+02	1.4058516e+02	1.5954230e+02	1.3468883e+02	1.4800654e+02	1.3250615e+02	1.4543077e+02	1.3526652e+02	1.4425667e+02	1.4095296e+02	1.3351327e+02	1.6670569e+02	1.4277436e+02	1.3693339e+02	1.3455799e+02	1.2724114e+02	1.4777079e+02	1.4370576e+02
1.4806377e+02	1.4470607e+02	1.3108603e+02	1.4479420e+02	1.2599577e+02	1.4711629e+02	1.3864754e+02	1.3606818e+02	1.4000706e+02	1.5291603e+02	1.3468883e+02	1.4800654e+02	1.1793631e+02	1.4543077e+02	1.3057087e+02	1.4425667e+02	1.3731031e+02	1.3351327e+02	1.6670569e+02	1.4277436e+02	1.3693339e+02	1.3455799e+02	1.2724114e+02	1.4777079e+02	1.4370576e+02
1.4197361e+02	1.2918432e+02	1.3108603e+02	1.3131534e+02	1.2599577e+02	1.4711629e+02	1.3595090e+02	1.3606818e+02	1.4000706e+02	1.5291603e+02	1.3468883e+02	1.4171372e+02	1.1793631e+02	1.3712131e+02	1.3057087e+02	1.3450257e+02	1.3090291e+02	1.3351327e+02	1.6670569e+02	1.4277436e+02	1.3354228e+02	1.3455799e+02	1.2724114e+02	1.4777079e+02	1.3472005e+02
1.4197361e+02	1.2918432e+02	1.3108603e+02	1.3131534e+02	1.2599577e+02	1.3701729e+02	1.2371724e+02	1.3606818e+02	1.4000706e+02	1.4479215e+02	1.3468883e+02	1.4171372e+02	1.1793631e+02	1.3500211e+02	1.2933439e+02	1.3450257e+02	1.2611174e+02	1.3351327e+02	1.6624248e+02	1.4277436e+02	1.3354228e+02	1.3455799e+02	1.2724114e+02	1.4088911e+02	1.3466960e+02
1.4170785e+02	1.2918432e+02	1.3108603e+02	1.3131534e+02	1.2599577e+02	1.3701729e+02	1.2371724e+02	1.3606818e+02	1.2875457e+02	1.4178837e+02	1.3468883e+02	1.3534597e+02	1.1793631e+02	1.3500211e+02	1.2933439e+02	1.3450257e+02	1.2611174e+02	1.3250403e+02	1.5848593e+02	1.4277436e+02	1.3354228e+02	1.3216062e+02	1.2724114e+02	1.4088911e+02	1.3220902e+02
1.3819968e+02	1.2918432e+02	1.2905328e+02	1.3131534e+02	1.1696308e+02	1.3297066e+02	1.2371724e+02	1.2623858e+02	1.2875457e+02	1.4178837e+02	1.2681052e+02	1.3534597e+02	1.1793631e+02	1.3500211e+02	1.2425535e+02	1.3450257e+02	1.2611174e+02	1.3250403e+02	1.5036634e+02	1.4277436e+02	1.3256817e+02	1.2539126e+02	1.2724114e+02	1.4088911e+02	1.2717948e+02
1.3185282e+02	1.1780193e+02	1.2905328e+02	1.2749763e+02	1.1696308e+02	1.2942015e+02	1.2371724e+02	1.2623858e+02	1.2875457e+02	1.4178837e+02	1.2681052e+02	1.3123302e+02	1.1793631e+02	1.3500211e+02	1.2425535e+02	1.3450257e+02	1.2197535e+02	1.2550954e+02	1.4693775e+02	1.3206078e+02	1.2546321e+02	1.2539126e+02	1.2724114e+02	1.3906663e+02	1.2656268e+02
1.3097643e+02	1.1780193e+02	1.2905328e+02	1.2749763e+02	1.1696308e+02	1.2942015e+02	1.2371724e+02	1.2538689e+02	1.2875457e+02	1.3958209e+02	1.2681052e+02	1.3123302e+02	1.1793631e+02	1.3063557e+02	1.2425535e+02	1.3006857e+02	1.2197535e+02	1.2331084e+02	1.4693775e+02	1.3206078e+02	1.2546321e+02	1.2539126e+02	1.2724114e+02	1.3906663e+02	1.2505435e+02
1.2951038e+02	1.1780193e+02	1.2851101e+02	1.2749763e+02	1.1696308e+02	1.2942015e+02	1.2307306e+02	1.2115463e+02	1.2875457e+02	1.3958209e+02	1.2569594e+02	1.3123302e+02	1.1793631e+02	1.3063557e+02	1.2425535e+02	1.3006857e+02	1.2197535e+02	1.2331084e+02	1.4252118e+02	1.3206078e+02	1.2546321e+02	1.2085246e+02	1.2724114e+02	1.3533880e+02	1.2505435e+02
1.2130966e+02	1.1780193e+02	1.2594008e+02	1.2749763e+02	1.1696308e+02	1.2942015e+02	1.1972958e+02	1.2115463e+02	1.2791395e+02	1.3830256e+02	1.2468067e+02	1.2648035e+02	1.1571716e+02	1.3063557e+02	1.2425535e+02	1.3006857e+02	1.2197535e+02	1.2331084e+02	1.4252118e+02	1.2874158e+02	1.2546321e+02	1.2085246e+02	1.2683706e+02	1.3142146e+02	1.2393048e+02
1.2130966e+02	1.1780193e+02	1.1918710e+02	1.2749763e+02	1.1696308e+02	1.2942015e+02	1.1972958e+02	1.2115463e+02	1.2025286e+02	1.3318693e+02	1.1578560e+02	1.2648035e+02	1.1571716e+02	1.3063557e+02	1.2366743e+02	1.3006857e+02	1.2112913e+02	1.2331084e+02	1.4252118e+02	1.2874158e+02	1.2546321e+02	1.2085246e+02	1.2683706e+02	1.3120902e+02	1.2393048e+02
1.2121765e+02	1.1780193e+02	1.1918710e+02	1.2634048e+02	1.1353325e+02	1.2923775e+02	1.1972958e+02	1.2113682e+02	1.2025286e+02	1.2581447e+02	1.1578560e+02	1.2648035e+02	1.1571716e+02	1.3063557e+02	1.1777243e+02	1.3006857e+02	1.1774275e+02	1.2016252e+02	1.3554508e+02	1.2597284e+02	1.1789349e+02	1.2085246e+02	1.2435741e+02	1.3104050e+02	1.2393048e+02
1.2115243e+02	1.1780193e+02	1.1918710e+02	1.2512813e+02	1.1065576e+02	1.2923775e+02	1.1863139e+02	1.1643593e+02	1.1537479e+02	1.2444370e+02	1.1213956e+02	1.2648035e+02	1.1472045e+02	1.2430352e+02	1.1777243e+02	1.2252245e+02	1.1774275e+02	1.2016252e+02	1.3554508e+02	1.2597284e+02	1.1789349e+02	1.2063111e+02	1.1818745e+02	1.2142116e+02	1.2393048e+02
1.1417335e+02	1.1680177e+02	1.1918710e+02	1.2014301e+02	1.0857331e+02	1.2534050e+02	1.1863139e+02	1.1643593e+02	1.1537479e+02	1.2444370e+02	1.1213956e+02	1.2233728e+02	1.0940446e+02	1.1940802e+02	1.1615336e+02	1.1857132e+02	1.1774275e+02	1.2016252e+02	1.3554508e+02	1.2597284e+02	1.1789349e+02	1.1571359e+02	1.1507468e+02	1.2028278e+02	1.2151394e+02
1.1417335e+02	1.1680177e+02	1.1918710e+02	1.2014301e+02	1.0857331e+02	1.1946094e+02	1.1863139e+02	1.1288387e+02	1.1528438e+02	1.1888813e+02	1.1213956e+02	1.2233728e+02	1.0890601e+02	1.1873113e+02	1.1615336e+02	1.1798507e+02	1.1774275e+02	1.2016252e+02	1.3554508e+02	1.2597284e+02	1.1789349e+02	1.1465737e+02	1.1507468e+02	1.2028278e+02	1.2146984e+02
1.1417335e+02	1.1286510e+02	1.1841001e+02	1.2014301e+02	1.0857331e+02	1.1946094e+02	1.1609789e+02	1.1288387e+02	1.1003006e+02	1.1888813e+02	1.1213956e+02	1.2233728e+02	1.0890601e+02	1.1873113e+02	1.1193245e+02	1.1458713e+02	1.1743150e+02	1.1992426e+02	1.3554508e+02	1.2299511e+02	1.1789349e+02	1.1284136e+02	1.1507468e+02	1.2028278e+02	1.1997954e+02
1.1417335e+02	1.1235449e+02	1.1365057e+02	1.2003846e+02	1.0623289e+02	1.1946094e+02	1.1037718e+02	1.1288387e+02	1.1003006e+02	1.1888813e+02	1.1141438e+02	1.1969675e+02	1.0890601e+02	1.1873113e+02	1.1193245e+02	1.1458713e+02	1.1743150e+02	1.1772162e+02	1.2956715e+02	1.1964313e+02	1.1789349e+02	1.1250869e+02	1.1507468e+02	1.2028278e+02	1.1121516e+02
1.1270923e+02	1.1235449e+02	1.1354999e+02	1.1806283e+02	1.0623289e+02	1.1822927e+02	1.1037718e+02	1.1091355e+02	1.1003006e+02	1.1888813e+02	1.1141438e+02	1.1929751e+02	1.0890601e+02	1.1873113e+02	1.1126599e+02	1.1338925e+02	1.1648816e+02	1.1452820e+02	1.2758732e+02	1.1964313e+02	1.1093115e+02	1.1103814e+02	1.1507468e+02	1.2028278e+02	1.1121516e+02
1.1200266e+02	1.1113128e+02	1.1354999e+02	1.1512550e+02	1.0623289e+02	1.1593049e+02	1.1007906e+02	1.1091355e+02	1.1003006e+02	1.1888813e+02	1.0544218e+02	1.1801455e+02	1.0890601e+02	1.1470498e+02	1.0706252e+02	1.1338925e+02	1.1495078e+02	1.1452820e+02	1.2758732e+02	1.1769205e+02	1.1093115e+02	1.1103814e+02	1.1507468e+02	1.1349910e+02	1.1121516e+02
1.1200266e+02	1.1113128e+02	1.1336262e+02	1.1512550e+02	1.0302177e+02	1.1593049e+02	1.1007906e+02	1.1091355e+02	1.1003006e+02	1.1888813e+02	1.0544218e+02	1.1801455e+02	1.0575079e+02	1.1470498e+02	1.0706252e+02	1.1135883e+02	1.1260062e+02	1.1350039e+02	1.2443466e+02	1.1299259e+02	1.1093115e+02	1.1018626e+02	1.1507468e+02	1.1349910e+02	1.0948026e+02
1.1085348e+02	1.1113128e+02	1.1210896e+02	1.1296586e+02	1.0286559e+02	1.1593049e+02	1.0850449e+02	1.0972463e+02	1.0957996e+02	1.1888813e+02	1.0544218e+02	1.1278285e+02	1.0575079e+02	1.0900316e+02	1.0618661e+02	1.0313085e+02	1.1247568e+02	1.0949645e+02	1.2349070e+02	1.1299259e+02	1.1093115e+02	1.1018626e+02	1.1367065e+02	1.1084581e+02	1.0879772e+02
1.1085348e+02	1.1113128e+02	1.1210896e+02	1.1296586e+02	1.0286559e+02	1.1327330e+02	1.0754055e+02	1.0972463e+02	1.0875579e+02	1.1888813e+02	1.0544218e+02	1.1278285e+02	1.0502161e+02	1.0900316e+02	1.0618661e+02	1.0313085e+02	1.1247568e+02	1.0945093e+02	1.1950736e+02	1.1299259e+02	1.0821917e+02	1.0465526e+02	1.1360261e+02	1.1084581e+02	1.0879772e+02
1.1085348e+02	1.0730801e+02	1.1210896e+02	1.1205621e+02	1.0286559e+02	1.1327330e+02	1.0754055e+02	1.0789156e+02	1.0875579e+02	1.1794364e+02	1.0544218e+02	1.1278285e+02	1.0502161e+02	1.0900316e+02	1.0618661e+02	1.0313085e+02	1.1247568e+02	1.0812379e+02	1.1950736e+02	1.1299259e+02	1.0821917e+02	1.0465526e+02	1.1107844e+02	1.0732290e+02	1.0619423e+02
1.0830936e+02	1.0730801e+02	1.0868866e+02	1.1141169e+02	1.0286559e+02	1.0926452e+02	1.0287236e+02	1.0789156e+02	1.0753422e+02	1.1646412e+02	1.0544218e+02	1.1278285e+02	1.0272858e+02	1.0900316e+02	1.0577737e+02	1.0313085e+02	1.0921162e+02	1.0812379e+02	1.1894893e+02	1.0485077e+02	1.0821917e+02	1.0465526e+02	1.1107844e+02	1.0732290e+02	1.0619423e+02
1.0499320e+02	1.0601365e+02	1.0868866e+02	1.0928888e+02	1.0187966e+02	1.0926452e+02	1.0287236e+02	1.0661866e+02	1.0498757e+02	1.0876185e+02	1.0544218e+02	1.1166840e+02	1.0272858e+02	1.0763165e+02	1.0339308e+02	1.0313085e+02	1.0921162e+02	1.0812379e+02	1.1835597e+02	1.0485077e+02	1.0694149e+02	1.0365715e+02	1.1107844e+02	1.0732290e+02	1.0619423e+02
1.0116424e+02	1.0601365e+02	1.0868866e+02	1.0928888e+02	1.0187966e+02	1.0926452e+02	1.0287236e+02	1.0661866e+02	1.0498757e+02	1.0876185e+02	1.0544218e+02	1.1082307e+02	1.0271416e+02	1.0763165e+02	1.0173371e+02	1.0313085e+02	1.0817190e+02	1.0812379e+02	1.1444373e+02	1.0485077e+02	1.0613172e+02	1.0196882e+02	1.1107844e+02	1.0732290e+02	1.0619423e+02
1.0116424e+02	1.0527276e+02	1.0767307e+02	1.0720494e+02	1.0007861e+02	1.0926452e+02	1.0264436e+02	1.0535421e+02	1.0456705e+02	1.0876185e+02	1.0198728e+02	1.0660216e+02	1.0271416e+02	1.0763165e+02	1.0173371e+02	1.0313085e+02	1.0578039e+02	1.0812379e+02	1.1444373e+02	1.0485077e+02	1.0613172e+02	1.0196882e+02	1.1107844e+02	1.0657708e+02	1.0619423e+02
1.0116424e+02	1.0527276e+02	1.0767307e+02	1.0433185e+02	9.9616127e+01	1.0921961e+02	1.0264436e+02	1.0535421e+02	9.8469960e+01	1.0876185e+02	1.0173806e+02	1.0660216e+02	1.0178644e+02	1.0646324e+02	9.9341396e+01	1.0313085e+02	1.0578039e+02	1.0812379e+02	1.1082193e+02	1.0485077e+02	1.0481329e+02	1.0196882e+02	1.1107844e+02	1.0657708e+02	1.0619423e+02
1.0116424e+02	1.0503347e+02	1.0756277e+02	1.0433185e+02	9.6303471e+01	1.0826080e+02	1.0264436e+02	1.0535421e+02	9.8469960e+01	1.0876185e+02	1.0173806e+02	1.0660216e+02	1.0091981e+02	1.0646324e+02	9.9341396e+01	1.0313085e+02	1.0527690e+02	1.0739832e+02	1.1082193e+02	1.0276493e+02	1.0252445e+02	1.0196882e+02	1.1057021e+02	1.0331214e+02	1.0619423e+02
1.0116424e+02	1.0418923e+02	1.0632473e+02	1.0313104e+02	9.6303471e+01	1.0826080e+02	1.0114776e+02	1.0535421e+02	9.8469960e+01	1.0876185e+02	1.0173806e+02	1.0610450e+02	1.0014282e+02	1.0470509e+02	9.9341396e+01	1.0204406e+02	1.0527690e+02	1.0592270e+02	1.1082193e+02	1.0276493e+02	1.0252445e+02	1.0196882e+02	1.0571706e+02	1.0331214e+02	1.0619423e+02
1.0116424e+02	1.0418923e+02	1.0322377e+02	1.0313104e+02	9.6303471e+01	1.0571958e+02	1.0114776e+02	1.0497301e+02	9.8469960e+01	1.0871562e+02	1.0173806e+02	1.0577530e+02	1.0014282e+02	1.0470509e+02	9.8983319e+01	1.0069815e+02	1.0417186e+02	1.0473941e+02	1.0735502e+02	1.0276493e+02	1.0252445e+02	1.0041115e+02	1.0571706e+02	1.0331214e+02	1.0552717e+02
9.9163699e+01	1.0418923e+02	1.0322377e+02	1.0313104e+02	9.6303471e+01	1.0571958e+02	1.0044735e+02	1.0201816e+02	9.8469960e+01	1.0871562e+02	1.0173806e+02	1.0501364e+02	9.9887450e+01	1.0098785e+02	9.4132336e+01	1.0069815e+02	1.0417186e+02	1.0473941e+02	1.0707531e+02	1.0276493e+02	1.0252445e+02	1.0041115e+02	1.0370014e+02	1.0331214e+02	1.0470111e+02
9.9163699e+01	1.0418923e+02	1.0322377e+02	1.0313104e+02	9.6303471e+01	1.0571958e+02	9.8285728e+01	1.0201816e+02	9.8469960e+01	1.0589238e+02	9.8845658e+01	1.0501364e+02	9.9887450e+01	1.0098785e+02	9.4132336e+01	9.9480864e+01	1.0417186e+02	1.0218422e+02	1.0524326e+02	1.0276493e+02	1.0252445e+02	9.9343368e+01	1.0370014e+02	1.0328103e+02	1.0470111e+02
9.9163699e+01	1.0188766e+02	1.0322377e+02	1.0313104e+02	9.5231507e+01	1.0571958e+02	9.8285728e+01	1.0201816e+02	9.8469960e+01	1.0299426e+02	9.7507991e+01	1.0501364e+02	9.9887450e+01	1.0098785e+02	9.4132336e+01	9.9034785e+01	1.0417186e+02	1.0218422e+02	1.0524326e+02	1.0276493e+02	1.0252445e+02	9.8622036e+01	1.0370014e+02	1.0328103e+02	1.0418711e+02
9.9163699e+01	1.0158336e+02	1.0276317e+02	1.0223081e+02	9.5231507e+01	1.0571958e+02	9.8285728e+01	1.0040814e+02	9.5713950e+01	1.0206905e+02	9.7507991e+01	1.0339245e+02	9.9050764e+01	9.9907202e+01	9.4132336e+01	9.7422815e+01	1.0417186e+02	1.0218422e+02	1.0318328e+02	1.0274385e+02	1.0252445e+02	9.8622036e+01	1.0370014e+02	1.0098794e+02	1.0418711e+02
9.9163699e+01	9.9988750e+01	1.0120606e+02	1.0204849e+02	9.5231507e+01	1.0076725e+02	9.8134957e+01	1.0040814e+02	9.5713950e+01	1.0206905e+02	9.7507991e+01	1.0339245e+02	9.7303158e+01	9.9907202e+01	9.4132336e+01	9.7422815e+01	1.0417186e+02	1.0167873e+02	1.0318328e+02	1.0038699e+02	1.0230568e+02	9.8622036e+01	1.0175620e+02	9.9550478e+01	1.0418711e+02
9.9163699e+01	9.8361487e+01	1.0120606e+02	9.9132112e+01	9.5231507e+01	1.0076725e+02	9.7426971e+01	1.0026957e+02	9.5713950e+01	1.0206905e+02	9.7507991e+01	9.9934842e+01	9.6480996e+01	9.9907202e+01	9.4132336e+01	9.7422815e+01	9.9435053e+01	1.0167873e+02	1.0318328e+02	9.9849963e+01	1.0186110e+02	9.7050469e+01	1.0175620e+02	9.9550478e+01	9.9247711e+01
9.9163699e+01	9.8361487e+01	1.0120606e+02	9.9132112e+01	9.5231507e+01	1.0076725e+02	9.5592369e+01	1.0026957e+02	9.5713950e+01	9.9410919e+01	9.7507991e+01	9.9934842e+01	9.6480996e+01	9.8647801e+01	9.4132336e+01	9.7422815e+01	9.9435053e+01	1.0111385e+02	1.0318328e+02	9.9849963e+01	1.0186110e+02	9.7050469e+01	9.9548728e+01	9.9550478e+01	9.9247711e+01
9.9163699e+01	9.8361487e+01	1.0120606e+02	9.8197098e+01	9.4931958e+01	1.0076725e+02	9.5592369e+01	9.8451343e+01	9.5713950e+01	9.9410919e+01	9.7502485e+01	9.9934842e+01	9.5713063e+01	9.8647801e+01	9.4132336e+01	9.3142185e+01	9.9435053e+01	1.0108678e+02	1.0318328e+02	9.9849963e+01	9.8356069e+01	9.7050469e+01	9.8602049e+01	9.8539639e+01	9.9247711e+01
9.9163699e+01	9.8361487e+01	1.0120606e+02	9.8197098e+01	9.4402165e+01	1.0076725e+02	9.5592369e+01	9.8451343e+01	9.5713950e+01	9.9410919e+01	9.7058556e+01	9.8959557e+01	9.5713063e+01	9.7922585e+01	9.3704691e+01	9.3142185e+01	9.9435053e+01	9.9091506e+01	1.0167542e+02	9.9117764e+01	9.8356069e+01	9.5836782e+01	9.8392031e+01	9.8539639e+01	9.9247711e+01
9.9036245e+01	9.8036259e+01	1.0120606e+02	9.7734441e+01	9.2549714e+01	1.0076725e+02	9.5207912e+01	9.7807471e+01	9.5636600e+01	9.5387086e+01	9.6271854e+01	9.8959557e+01	9.5713063e+01	9.7922585e+01	9.3704691e+01	9.3142185e+01	9.9435053e+01	9.9091506e+01	1.0167542e+02	9.9117764e+01	9.8356069e+01	9.4214673e+01	9.8392031e+01	9.8539639e+01	9.9247711e+01
9.9036245e+01	9.7124218e+01	1.0028931e+02	9.7734441e+01	9.2549714e+01	1.0005965e+02	9.5207912e+01	9.7807471e+01	9.5636600e+01	9.5387086e+01	9.4109840e+01	9.6731661e+01	9.5423023e+01	9.6656632e+01	9.3704691e+01	9.3142185e+01	9.9435053e+01	9.9091506e+01	1.0167542e+02	9.8329821e+01	9.8093909e+01	9.3951497e+01	9.7294892e+01	9.8539639e+01	9.9182827e+01
9.8592371e+01	9.6156670e+01	1.0028931e+02	9.7734441e+01	9.2549714e+01	1.0005965e+02	9.4335444e+01	9.7807471e+01	9.5636600e+01	9.5387086e+01	9.4109840e+01	9.6731661e+01	9.5417148e+01	9.6656632e+01	9.3704691e+01	9.3142185e+01	9.9435053e+01	9.9091506e+01	1.0119044e+02	9.7560268e+01	9.6432835e+01	9.3951497e+01	9.7294892e+01	9.5835615e+01	9.9182827e+01
9.8150317e+01	9.5898184e+01	1.0028931e+02	9.7734441e+01	9.2549714e+01	9.9287479e+01	9.4335444e+01	9.6521963e+01	9.5636600e+01	9.5387086e+01	9.4109840e+01	9.6195942e+01	9.5339075e+01	9.6323960e+01	9.3485206e+01	9.3142185e+01	9.9435053e+01	9.7033259e+01	1.0083865e+02	9.6026735e+01	9.6432835e+01	9.3951497e+01	9.7109307e+01	9.5835615e+01	9.8428042e+01
9.6452815e+01	9.5492799e+01	1.0028931e+02	9.6418574e+01	9.2549714e+01	9.6691204e+01	9.3405159e+01	9.6521963e+01	9.5636600e+01	9.5387086e+01	9.3579568e+01	9.6195942e+01	9.3006116e+01	9.6022498e+01	9.3303766e+01	9.3142185e+01	9.9435053e+01	9.7033259e+01	1.0083865e+02	9.2874420e+01	9.6432835e+01	9.3951497e+01	9.5927472e+01	9.4716153e+01	9.7080601e+01
9.6452815e+01	9.5142960e+01	1.0028931e+02	9.5536628e+01	9.2549714e+01	9.6691204e+01	9.3391421e+01	9.6521963e+01	9.5567715e+01	9.5387086e+01	9.3579568e+01	9.6195942e+01	9.3006116e+01	9.5200697e+01	9.3303766e+01	9.3142185e+01	9.9435053e+01	9.6314964e+01	1.0083865e+02	9.2874420e+01	9.6432835e+01	9.3951497e+01	9.5714239e+01	9.4716153e+01	9.7080601e+01
9.5894414e+01	9.5142960e+01	9.9579005e+01	9.5536628e+01	9.2445151e+01	9.6319188e+01	9.3351854e+01	9.5383778e+01	9.5440813e+01	9.5387086e+01	9.3579568e+01	9.5513298e+01	9.3006116e+01	9.5200697e+01	9.3073358e+01	9.3142185e+01	9.9435053e+01	9.5049809e+01	9.9453221e+01	9.2874420e+01	9.5556960e+01	9.3951497e+01	9.5010858e+01	9.4716153e+01	9.6608877e+01
9.5622268e+01	9.4941311e+01	9.9162647e+01	9.5536628e+01	9.1486303e+01	9.6319188e+01	9.2649441e+01	9.5383778e+01	9.4202104e+01	9.5387086e+01	9.3579568e+01	9.3574903e+01	9.3006116e+01	9.5200697e+01	9.3073358e+01	9.3142185e+01	9.8817754e+01	9.5049809e+01	9.9124486e+01	9.2874420e+01	9.5556960e+01	9.2120417e+01	9.4071491e+01	9.4716153e+01	9.6608877e+01
9.5461574e+01	9.3626665e+01	9.5964920e+01	9.5536628e+01	9.1486303e+01	9.6033970e+01	9.2649441e+01	9.5383778e+01	9.3922176e+01	9.4511498e+01	9.3579568e+01	9.2426625e+01	9.3006116e+01	9.4393887e+01	9.2783138e+01	9.3142185e+01	9.7230636e+01	9.5049809e+01	9.9124486e+01	9.2874420e+01	9.4842554e+01	9.2120417e+01	9.4071491e+01	9.4450251e+01	9.5410209e+01
9.4665849e+01	9.3626665e+01	9.5964920e+01	9.4402468e+01	9.1486303e+01	9.6033970e+01	9.2649441e+01	9.5383778e+01	9.2831250e+01	9.4511498e+01	9.3573572e+01	9.2426625e+01	9.3006116e+01	9.4393887e+01	9.2469838e+01	9.1222419e+01	9.7230636e+01	9.4190541e+01	9.9005878e+01	9.2874420e+01	9.4842554e+01	9.2120417e+01	9.4071491e+01	9.3400419e+01	9.5410209e+01
9.4665849e+01	9.3626665e+01	9.5964920e+01	9.4402468e+01	9.1486303e+01	9.6033970e+01	9.2649441e+01	9.5383778e+01	9.2831250e+01	9.4511498e+01	9.2557294e+01	9.2426625e+01	9.2760400e+01	9.4393887e+01	9.2271836e+01	9.1222419e+01	9.7230636e+01	9.4190541e+01	9.8859403e+01	9.2874420e+01	9.4829453e+01	9.2120417e+01	9.3188809e+01	9.3400419e+01	9.5410209e+01
9.4665849e+01	9.3626665e+01	9.5964920e+01	9.4402468e+01	9.0883384e+01	9.6033970e+01	9.2649441e+01	9.3731688e+01	9.2831250e+01	9.4082691e+01	9.2042378e+01	9.2426625e+01	9.1830253e+01	9.4118188e+01	9.2264622e+01	9.1222419e+01	9.6651512e+01	9.4190541e+01	9.4787430e+01	9.2874420e+01	9.4006784e+01	9.2120417e+01	9.3188809e+01	9.3400419e+01	9.5314722e+01
9.4665849e+01	9.3152911e+01	9.5964920e+01	9.4274506e+01	9.0883384e+01	9.5224143e+01	9.2603323e+01	9.3558704e+01	9.2831250e+01	9.4082691e+01	9.1771326e+01	9.2426625e+01	9.1830253e+01	9.4118188e+01	9.1322016e+01	9.1222419e+01	9.6196519e+01	9.4190541e+01	9.4787430e+01	9.2874420e+01	9.4006784e+01	9.2120417e+01	9.3188809e+01	9.3400419e+01	9.5314722e+01
9.4665849e+01	9.1874858e+01	9.5964920e+01	9.4036734e+01	9.0883384e+01	9.4037568e+01	9.2603323e+01	9.3558704e+01	9.2321101e+01	9.3718788e+01	9.1771326e+01	9.2426625e+01	9.1724695e+01	9.3422926e+01	9.1322016e+01	9.1222419e+01	9.6131292e+01	9.4166578e+01	9.4787430e+01	9.2874420e+01	9.4006784e+01	9.2120417e+01	9.3188809e+01	9.3400419e+01	9.3580064e+01
9.3383897e+01	9.1874858e+01	9.4488990e+01	9.3537990e+01	9.0883384e+01	9.4037568e+01	9.2285833e+01	9.3321939e+01	9.2321101e+01	9.3718788e+01	9.1771326e+01	9.2426625e+01	9.1271652e+01	9.3422926e+01	9.1322016e+01	9.1222419e+01	9.5140693e+01	9.4166578e+01	9.4787430e+01	9.2874420e+01	9.3982680e+01	9.1539599e+01	9.3188809e+01	9.3062140e+01	9.3580064e+01
9.2024476e+01	9.1874858e+01	9.4488990e+01	9.3537990e+01	9.0883384e+01	9.4037568e+01	9.2285833e+01	9.2772066e+01	9.2321101e+01	9.3420963e+01	9.1771326e+01	9.2426625e+01	9.1271652e+01	9.2752545e+01	9.1117316e+01	9.1222419e+01	9.3732456e+01	9.4166578e+01	9.4787430e+01	9.2066988e+01	9.3694243e+01	9.1539599e+01	9.3188809e+01	9.3062140e+01	9.3580064e+01
9.2024476e+01	9.1874858e+01	9.4488990e+01	9.3153822e+01	9.0877392e+01	9.3127160e+01	9.1729677e+01	9.2772066e+01	9.1972564e+01	9.3420963e+01	9.1574506e+01	9.2426625e+01	9.1271652e+01	9.1872124e+01	9.1117316e+01	9.1222419e+01	9.3732456e+01	9.3910058e+01	9.4787430e+01	9.1795733e+01	9.2879290e+01	9.1539599e+01	9.2288936e+01	9.3062140e+01	9.3279976e+01
9.2024476e+01	9.1874858e+01	9.4488990e+01	9.3153822e+01	9.0877392e+01	9.2748194e+01	9.1729677e+01	9.2772066e+01	9.1603174e+01	9.2668868e+01	9.1574506e+01	9.2035479e+01	9.1271652e+01	9.1872124e+01	9.1117316e+01	9.1088137e+01	9.3732456e+01	9.3778156e+01	9.4655869e+01	9.1478818e+01	9.2246680e+01	9.1539599e+01	9.2288936e+01	9.2851072e+01	9.3279976e+01
9.2024476e+01	9.1874858e+01	9.4488990e+01	9.3153822e+01	9.0877392e+01	9.2748194e+01	9.1729677e+01	9.2772066e+01	9.1500132e+01	9.2668868e+01	9.1574506e+01	9.2035479e+01	9.1074785e+01	9.1872124e+01	9.1117316e+01	9.1088137e+01	9.3732456e+01	9.3600521e+01	9.4655869e+01	9.1478818e+01	9.2246680e+01	9.1539599e+01	9.2288936e+01	9.2383916e+01	9.3279976e+01
9.2024476e+01	9.1874858e+01	9.4250091e+01	9.2210126e+01	9.0877392e+01	9.1746612e+01	9.1729677e+01	9.1725354e+01	9.1500132e+01	9.2668868e+01	9.1574506e+01	9.2033693e+01	9.1074785e+01	9.1872124e+01	9.1117316e+01	9.0765597e+01	9.3732456e+01	9.2332264e+01	9.4655869e+01	9.1478818e+01	9.2206048e+01	9.1539599e+01	9.2001218e+01	9.2383916e+01	9.3279976e+01
9.2024476e+01	9.1874858e+01	9.4121107e+01	9.2210126e+01	9.0785551e+01	9.1746612e+01	9.1729677e+01	9.1725354e+01	9.1500132e+01	9.2668868e+01	9.1208967e+01	9.2033693e+01	9.0810000e+01	9.1872124e+01	9.1117316e+01	8.9680380e+01	9.3732456e+01	9.2332264e+01	9.4655869e+01	9.1478818e+01	9.2206048e+01	9.0699616e+01	9.2001218e+01	9.2026337e+01	9.3279976e+01
9.2024476e+01	9.1874858e+01	9.3821507e+01	9.2210126e+01	9.0763063e+01	9.1746612e+01	9.1729677e+01	9.1725354e+01	9.1500132e+01	9.2668868e+01	9.1078297e+01	9.2033693e+01	9.0584676e+01	9.1872124e+01	9.1117316e+01	8.9680380e+01	9.3555825e+01	9.1881521e+01	9.4526556e+01	9.1425092e+01	9.2147079e+01	9.0699616e+01	9.2001218e+01	9.1311661e+01	9.3279976e+01
9.2024476e+01	9.1742839e+01	9.2704749e+01	9.2210126e+01	9.0678530e+01	9.1746612e+01	9.1729677e+01	9.1403349e+01	9.1356492e+01	9.2668868e+01	9.1078297e+01	9.1665732e+01	9.0584676e+01	9.1872124e+01	9.1117316e+01	8.9680380e+01	9.3555825e+01	9.1881521e+01	9.2571557e+01	9.1425092e+01	9.2004496e+01	9.0336942e+01	9.2001218e+01	9.1263788e+01	9.3279976e+01
9.1049251e+01	9.1742839e+01	9.2620078e+01	9.2210126e+01	9.0464195e+01	9.1506021e+01	9.1544008e+01	9.1389624e+01	9.1356492e+01	9.1829153e+01	9.1078297e+01	9.1573071e+01	9.0584676e+01	9.1288152e+01	9.0396316e+01	8.9680380e+01	9.2586323e+01	9.1881521e+01	9.2571557e+01	9.1425092e+01	9.1792929e+01	9.0336942e+01	9.1946152e+01	9.1211905e+01	9.2963266e+01
9.1049251e+01	9.1742839e+01	9.2620078e+01	9.2210126e+01	8.9613185e+01	9.1506021e+01	9.1492146e+01	9.1389624e+01	9.1356492e+01	9.1829153e+01	9.1029560e+01	9.1330315e+01	9.0584676e+01	9.1288152e+01	9.0010062e+01	8.9680380e+01	9.2586323e+01	9.1285187e+01	9.2571557e+01	9.1014630e+01	9.1064317e+01	9.0336942e+01	9.0952224e+01	9.1006442e+01	9.2349896e+01
9.1049251e+01	9.1742839e+01	9.2620078e+01	9.2035571e+01	8.9221967e+01	9.1208064e+01	9.1194048e+01	9.1389624e+01	9.1135953e+01	9.1829153e+01	9.1029560e+01	9.1330315e+01	9.0584676e+01	9.1288152e+01	9.0010062e+01	8.9680380e+01	9.2586323e+01	9.1285187e+01	9.2530979e+01	9.1014630e+01	9.1064317e+01	9.0027712e+01	9.0952224e+01	9.1006442e+01	9.1194228e+01
9.1049251e+01	9.0871356e+01	9.2620078e+01	9.2015004e+01	8.9221967e+01	9.1208064e+01	9.1194048e+01	9.1389624e+01	9.1084095e+01	9.1829153e+01	9.0768905e+01	9.0810679e+01	9.0517149e+01	9.1288152e+01	9.0010062e+01	8.9680380e+01	9.2586323e+01	9.1284637e+01	9.2530979e+01	9.0805750e+01	9.1064317e+01	9.0027712e+01	9.0952224e+01	9.0955739e+01	9.1194228e+01
9.1049251e+01	9.0871356e+01	9.2620078e+01	9.1302842e+01	8.9221967e+01	9.1200618e+01	9.0938231e+01	9.1384718e+01	9.1084095e+01	9.1829153e+01	9.0093891e+01	9.0810679e+01	9.0411948e+01	9.1228988e+01	8.9946160e+01	8.9680380e+01	9.2586323e+01	9.1284637e+01	9.2308075e+01	9.0555872e+01	9.1064317e+01	9.0027712e+01	9.0952224e+01	9.0955739e+01	9.1194228e+01
9.1049251e+01	9.0871356e+01	9.2423496e+01	9.1302842e+01	8.9221967e+01	9.1200618e+01	9.0646625e+01	9.1384718e+01	9.0659772e+01	9.1829153e+01	9.0093891e+01	9.0810679e+01	9.0411948e+01	9.1228988e+01	8.9845051e+01	8.9680380e+01	9.2344250e+01	9.1284637e+01	9.2308075e+01	9.0555872e+01	9.1064317e+01	8.9200026e+01	9.0952224e+01	9.0926427e+01	9.1194228e+01
9.1049251e+01	9.0871356e+01	9.2423496e+01	9.1302842e+01	8.9221967e+01	9.0950803e+01	9.0489015e+01	9.1372465e+01	9.0659772e+01	9.1624874e+01	8.9304061e+01	9.0810679e+01	9.0411948e+01	9.1228988e+01	8.9845051e+01	8.9680380e+01	9.2322623e+01	9.1284637e+01	9.2308075e+01	9.0555872e+01	9.1064317e+01	8.9200026e+01	9.0952224e+01	9.0926427e+01	9.1194228e+01
9.1049251e+01	9.0871356e+01	9.2299386e+01	9.1302842e+01	8.9221967e+01	9.0950803e+01	9.0489015e+01	9.1180441e+01	9.0007326e+01	9.1624874e+01	8.9304061e+01	9.0810679e+01	9.0084526e+01	9.1228988e+01	8.9845051e+01	8.9680380e+01	9.2322623e+01	9.1284637e+01	9.1797542e+01	9.0033624e+01	9.0983326e+01	8.9111931e+01	9.0952224e+01	9.0926427e+01	9.1194228e+01
9.1049251e+01	9.0871356e+01	9.2299386e+01	9.1302842e+01	8.9221967e+01	9.0950803e+01	9.0354319e+01	9.1180441e+01	9.0007326e+01	9.1359705e+01	8.9304061e+01	9.0810679e+01	9.0084526e+01	9.1228988e+01	8.9057737e+01	8.9680380e+01	9.2322623e+01	9.1284637e+01	9.0890678e+01	9.0033624e+01	9.0983326e+01	8.9111931e+01	9.0952224e+01	9.0926427e+01	9.1194228e+01
9.1049251e+01	9.0871356e+01	9.2299386e+01	9.1302842e+01	8.9221967e+01	9.0863337e+01	9.0170423e+01	9.0956715e+01	9.0007326e+01	9.1359705e+01	8.9304061e+01	9.0810679e+01	9.0030783e+01	9.1228988e+01	8.9057737e+01	8.9368726e+01	9.2322623e+01	9.1284637e+01	9.0890678e+01	8.9965062e+01	9.0983326e+01	8.9111931e+01	9.0952224e+01	9.0926427e+01	9.1194228e+01
9.0512421e+01	9.0871356e+01	9.1843958e+01	9.1094687e+01	8.9169378e+01	9.0685998e+01	9.0070112e+01	9.0844364e+01	9.0007326e+01	9.1256427e+01	8.9304061e+01	9.0810679e+01	9.0030783e+01	9.1228988e+01	8.9057737e+01	8.9368726e+01	9.2152029e+01	9.1284637e+01	9.0890678e+01	8.9965062e+01	9.0983326e+01	8.9111931e+01	9.0952224e+01	9.0755689e+01	9.1194228e+01
9.0512421e+01	9.0871356e+01	9.1843958e+01	9.1094687e+01	8.9169378e+01	9.0402348e+01	9.0070112e+01	9.0844364e+01	9.0007326e+01	9.0686133e+01	8.9304061e+01	9.0642811e+01	8.9776192e+01	9.1228988e+01	8.9057737e+01	8.8840595e+01	9.2016960e+01	9.1284637e+01	9.0890678e+01	8.9965062e+01	9.0948822e+01	8.9111931e+01	9.0277620e+01	9.0755689e+01	9.1194228e+01
9.0512421e+01	9.0552527e+01	9.1843958e+01	9.0517120e+01	8.8741610e+01	9.0402348e+01	8.9909275e+01	9.0599967e+01	9.0007326e+01	9.0495109e+01	8.9218956e+01	9.0591044e+01	8.9776192e+01	9.1228988e+01	8.9057737e+01	8.8840595e+01	9.2016960e+01	9.0474546e+01	9.0890678e+01	8.9598617e+01	9.0948822e+01	8.9111931e+01	9.0277620e+01	9.0755689e+01	9.1194228e+01
9.0512421e+01	9.0552527e+01	9.1755969e+01	9.0517120e+01	8.8741610e+01	9.0402348e+01	8.9870936e+01	9.0599967e+01	9.0007326e+01	9.0495109e+01	8.8921110e+01	9.0591044e+01	8.9776192e+01	9.1228988e+01	8.9057737e+01	8.8840595e+01	9.1289515e+01	9.0425266e+01	9.0890678e+01	8.9549848e+01	9.0948822e+01	8.9086603e+01	9.0277620e+01	9.0755689e+01	9.0221225e+01
9.0512421e+01	9.0552527e+01	9.1755969e+01	9.0517120e+01	8.8741610e+01	9.0402348e+01	8.9755179e+01	9.0599967e+01	9.0007326e+01	9.0495109e+01	8.8921110e+01	9.0591044e+01	8.9170575e+01	9.1228988e+01	8.8622975e+01	8.8840595e+01	9.1289515e+01	9.0425266e+01	9.0457645e+01	8.9366635e+01	9.0405085e+01	8.9086603e+01	9.0277620e+01	9.0675925e+01	9.0221225e+01
9.0512421e+01	9.0430694e+01	9.1729592e+01	9.0517120e+01	8.8514932e+01	8.9987449e+01	8.9755179e+01	9.0599967e+01	8.9645768e+01	9.0495109e+01	8.8776044e+01	9.0370638e+01	8.9146272e+01	9.1228988e+01	8.8622975e+01	8.8840595e+01	9.1023873e+01	9.0425266e+01	9.0457645e+01	8.9356071e+01	9.0405085e+01	8.8750491e+01	9.0277620e+01	9.0143695e+01	9.0221225e+01
9.0444165e+01	9.0430694e+01	9.1729592e+01	9.0517120e+01	8.8514932e+01	8.9987449e+01	8.9696469e+01	9.0599967e+01	8.9170614e+01	9.0317761e+01	8.8776044e+01	9.0370638e+01	8.9146272e+01	9.1228988e+01	8.8622975e+01	8.8524452e+01	9.1023873e+01	9.0425266e+01	9.0457645e+01	8.9284227e+01	9.0405085e+01	8.8750491e+01	9.0277620e+01	9.0143695e+01	9.0221225e+01
9.0350074e+01	9.0430694e+01	9.1426341e+01	9.0517120e+01	8.8514932e+01	8.9987449e+01	8.9196884e+01	9.0522926e+01	8.9170614e+01	9.0317761e+01	8.8190234e+01	9.0247280e+01	8.9068681e+01	9.0980264e+01	8.8622975e+01	8.8465856e+01	9.0767866e+01	9.0141337e+01	9.0138632e+01	8.9250832e+01	9.0405085e+01	8.8739764e+01	9.0277620e+01	9.0143695e+01	9.0221225e+01
9.0184036e+01	8.9865545e+01	9.1423209e+01	9.0208789e+01	8.8514932e+01	8.9987449e+01	8.9196884e+01	9.0436055e+01	8.8922249e+01	9.0118759e+01	8.8190234e+01	9.0065595e+01	8.9068681e+01	9.0323941e+01	8.8622975e+01	8.8465856e+01	9.0695859e+01	9.0141337e+01	9.0138632e+01	8.9226404e+01	9.0405085e+01	8.8624580e+01	9.0277620e+01	8.9779030e+01	9.0221225e+01
9.0184036e+01	8.9865545e+01	9.1423209e+01	9.0208789e+01	8.8514932e+01	8.9987449e+01	8.9196884e+01	8.9885985e+01	8.8922249e+01	9.0118759e+01	8.8190234e+01	9.0039728e+01	8.9068681e+01	9.0323941e+01	8.8617421e+01	8.8465856e+01	9.0695859e+01	9.0141337e+01	9.0138632e+01	8.9161633e+01	8.9701495e+01	8.8624580e+01	9.0277620e+01	8.9779030e+01	9.0221225e+01
8.9951020e+01	8.9865545e+01	9.1373241e+01	9.0208789e+01	8.8514932e+01	8.9980435e+01	8.9196884e+01	8.9885985e+01	8.8922249e+01	9.0088458e+01	8.8190234e+01	9.0039728e+01	8.9068681e+01	9.0323941e+01	8.8617421e+01	8.8465856e+01	9.0626550e+01	9.0141337e+01	8.9900483e+01	8.9161633e+01	8.9701495e+01	8.8566671e+01	9.0277620e+01	8.9779030e+01	9.0221225e+01
8.9826587e+01	8.9865545e+01	9.0718870e+01	9.0208789e+01	8.8514932e+01	8.9486209e+01	8.8929030e+01	8.9885985e+01	8.8815561e+01	8.9855417e+01	8.8190234e+01	9.0039728e+01	8.9068681e+01	9.0323941e+01	8.8617421e+01	8.8465856e+01	9.0626550e+01	8.9771017e+01	8.9693150e+01	8.9161633e+01	8.9701495e+01	8.8566671e+01	9.0058258e+01	8.9779030e+01	9.0221225e+01
8.9271264e+01	8.9865545e+01	9.0718870e+01	9.0014576e+01	8.8514932e+01	8.9486209e+01	8.8929030e+01	8.9885985e+01	8.8815561e+01	8.9628445e+01	8.8190234e+01	8.9928304e+01	8.8385013e+01	8.9757552e+01	8.8617421e+01	8.8465856e+01	9.0626550e+01	8.9690699e+01	8.9543627e+01	8.8993517e+01	8.9701495e+01	8.8566671e+01	8.9299852e+01	8.9667768e+01	9.0221225e+01
8.9271264e+01	8.9865545e+01	9.0686294e+01	9.0014576e+01	8.8462479e+01	8.9374029e+01	8.8739628e+01	8.9885985e+01	8.8815561e+01	8.9628445e+01	8.8190234e+01	8.9819846e+01	8.8385013e+01	8.9757552e+01	8.8617421e+01	8.8455811e+01	9.0408353e+01	8.9690699e+01	8.9543627e+01	8.8993517e+01	8.9701495e+01	8.8566671e+01	8.9299852e+01	8.9638769e+01	9.0221225e+01
8.9271264e+01	8.9511436e+01	9.0686294e+01	9.0014576e+01	8.7931307e+01	8.9374029e+01	8.8420539e+01	8.9552617e+01	8.8631316e+01	8.9418742e+01	8.8190234e+01	8.9759488e+01	8.8385013e+01	8.9346553e+01	8.8475724e+01	8.8455811e+01	9.0408353e+01	8.9690699e+01	8.9227078e+01	8.8724666e+01	8.9701495e+01	8.8566671e+01	8.9299852e+01	8.9347229e+01	9.0221225e+01
8.9246241e+01	8.8937555e+01	9.0140107e+01	9.0014576e+01	8.7931307e+01	8.9374029e+01	8.8405911e+01	8.9552617e+01	8.8631316e+01	8.9418742e+01	8.8190234e+01	8.9282793e+01	8.8385013e+01	8.9230481e+01	8.8465978e+01	8.8452547e+01	9.0059007e+01	8.9194751e+01	8.9227078e+01	8.8724666e+01	8.9701495e+01	8.8428737e+01	8.9299852e+01	8.9116950e+01	8.9974987e+01
8.9014283e+01	8.8937555e+01	9.0140107e+01	8.9697048e+01	8.7931307e+01	8.9374029e+01	8.8405911e+01	8.9447014e+01	8.8631316e+01	8.9418742e+01	8.8190234e+01	8.9253387e+01	8.8385013e+01	8.9230481e+01	8.8465978e+01	8.7847592e+01	8.9925834e+01	8.9194751e+01	8.8911932e+01	8.8724666e+01	8.9701495e+01	8.8352538e+01	8.9299852e+01	8.9116950e+01	8.9974987e+01
8.9014283e+01	8.8937555e+01	9.0140107e+01	8.9697048e+01	8.7931307e+01	8.9374029e+01	8.8405911e+01	8.9363244e+01	8.8511148e+01	8.9418742e+01	8.8190234e+01	8.9253387e+01	8.7933900e+01	8.9128521e+01	8.8465978e+01	8.7847592e+01	8.9460224e+01	8.9194751e+01	8.8911932e+01	8.8724666e+01	8.9092991e+01	8.8296838e+01	8.9287655e+01	8.9116950e+01	8.9974987e+01
8.9014283e+01	8.8937555e+01	9.0140107e+01	8.9697048e+01	8.7931307e+01	8.9368767e+01	8.8405911e+01	8.9363244e+01	8.8171215e+01	8.9104442e+01	8.8190234e+01	8.9253387e+01	8.7933900e+01	8.8995359e+01	8.8465978e+01	8.7847592e+01	8.9460224e+01	8.8793948e+01	8.8826229e+01	8.8724666e+01	8.9092991e+01	8.8088832e+01	8.9287655e+01	8.9116950e+01	8.9974987e+01
8.8519449e+01	8.8937555e+01	9.0140107e+01	8.9697048e+01	8.7931307e+01	8.9368767e+01	8.8405911e+01	8.9363244e+01	8.8171215e+01	8.9104442e+01	8.8190234e+01	8.9121999e+01	8.7933900e+01	8.8942793e+01	8.8465978e+01	8.7847592e+01	8.9460224e+01	8.8725779e+01	8.8826229e+01	8.8473331e+01	8.9021115e+01	8.8088832e+01	8.8929451e+01	8.9116950e+01	8.9747270e+01
8.8519449e+01	8.8937555e+01	9.0140107e+01	8.9697048e+01	8.7931307e+01	8.9366744e+01	8.8385599e+01	8.9169399e+01	8.7968762e+01	8.9104442e+01	8.8190234e+01	8.8922491e+01	8.7933900e+01	8.8942793e+01	8.8465978e+01	8.7847592e+01	8.9460224e+01	8.8725779e+01	8.8826229e+01	8.8473331e+01	8.9021115e+01	8.8088832e+01	8.8750174e+01	8.8855946e+01	8.9747270e+01
8.8519449e+01	8.8937555e+01	8.9648391e+01	8.9596048e+01	8.7879755e+01	8.9366744e+01	8.8344188e+01	8.9013158e+01	8.7968762e+01	8.9104442e+01	8.8190234e+01	8.8910540e+01	8.7933900e+01	8.8942793e+01	8.8278217e+01	8.7847592e+01	8.9359822e+01	8.8725779e+01	8.8826229e+01	8.8473331e+01	8.9021115e+01	8.8088832e+01	8.8750174e+01	8.8855946e+01	8.9747270e+01
8.8519449e+01	8.8937555e+01	8.9648391e+01	8.9297390e+01	8.7879755e+01	8.9366744e+01	8.8344188e+01	8.9013158e+01	8.7968762e+01	8.9104442e+01	8.8190234e+01	8.8603769e+01	8.7933900e+01	8.8802942e+01	8.8278217e+01	8.7847592e+01	8.9359822e+01	8.8725779e+01	8.8695927e+01	8.8428530e+01	8.9021115e+01	8.8075116e+01	8.8750174e+01	8.8402346e+01	8.9747270e+01
8.8519449e+01	8.8690082e+01	8.9361151e+01	8.9297390e+01	8.7613784e+01	8.9366744e+01	8.7878643e+01	8.8735560e+01	8.7968762e+01	8.8424013e+01	8.7864264e+01	8.8603769e+01	8.7772216e+01	8.8802942e+01	8.8278217e+01	8.7651213e+01	8.9359822e+01	8.8725779e+01	8.8695927e+01	8.8171060e+01	8.9021115e+01	8.8075116e+01	8.8750174e+01	8.8402346e+01	8.9446543e+01
8.8519449e+01	8.8639286e+01	8.9361151e+01	8.9297390e+01	8.7613784e+01	8.9366744e+01	8.7878643e+01	8.8735560e+01	8.7968762e+01	8.8401573e+01	8.7864264e+01	8.8603769e+01	8.7772216e+01	8.8516175e+01	8.8278217e+01	8.7651213e+01	8.9359822e+01	8.8725779e+01	8.8695927e+01	8.8171060e+01	8.9021115e+01	8.7541853e+01	8.8750174e+01	8.8402346e+01	8.9262433e+01
8.8519449e+01	8.8499699e+01	8.9361151e+01	8.9297390e+01	8.7613784e+01	8.9366744e+01	8.7878643e+01	8.8545446e+01	8.7968762e+01	8.8401573e+01	8.7864264e+01	8.8603769e+01	8.7312433e+01	8.8516175e+01	8.7987524e+01	8.7651213e+01	8.9229642e+01	8.8571363e+01	8.8695927e+01	8.8171060e+01	8.8141730e+01	8.7541853e+01	8.8750174e+01	8.8402346e+01	8.9262433e+01
8.8497405e+01	8.8462438e+01	8.9361151e+01	8.8712507e+01	8.7603657e+01	8.9191549e+01	8.7878643e+01	8.8520901e+01	8.7968762e+01	8.8401573e+01	8.7864264e+01	8.8603769e+01	8.7312433e+01	8.7904599e+01	8.7987524e+01	8.7651213e+01	8.9229642e+01	8.8239533e+01	8.8695927e+01	8.8157836e+01	8.8141730e+01	8.7119659e+01	8.8563899e+01	8.8402346e+01	8.9061287e+01
8.8492912e+01	8.8413492e+01	8.9285575e+01	8.8712507e+01	8.7487628e+01	8.9141712e+01	8.7878643e+01	8.8520901e+01	8.7968762e+01	8.8401573e+01	8.7791641e+01	8.8522350e+01	8.7312433e+01	8.7904599e+01	8.7987524e+01	8.7651213e+01	8.9229642e+01	8.8239533e+01	8.8620832e+01	8.8157836e+01	8.8141730e+01	8.6982571e+01	8.8563899e+01	8.8262372e+01	8.8601937e+01
8.8492912e+01	8.8413492e+01	8.8910239e+01	8.8712507e+01	8.7227544e+01	8.9087445e+01	8.7878643e+01	8.8520901e+01	8.7968762e+01	8.8401573e+01	8.7791641e+01	8.8522350e+01	8.7312433e+01	8.7904599e+01	8.7930855e+01	8.7651213e+01	8.9229642e+01	8.8239533e+01	8.8620832e+01	8.8157836e+01	8.8141730e+01	8.6963481e+01	8.8563899e+01	8.8262372e+01	8.8601937e+01
8.8492912e+01	8.8404287e+01	8.8910239e+01	8.8712507e+01	8.7227544e+01	8.8803700e+01	8.7878643e+01	8.8520901e+01	8.7968762e+01	8.8401573e+01	8.7791641e+01	8.8522350e+01	8.7312433e+01	8.7904599e+01	8.7920751e+01	8.7561155e+01	8.9172977e+01	8.8239533e+01	8.8620832e+01	8.8157836e+01	8.8141730e+01	8.6963481e+01	8.8563899e+01	8.8262372e+01	8.8601937e+01
8.8471577e+01	8.8082220e+01	8.8910239e+01	8.8712507e+01	8.7227544e+01	8.8658645e+01	8.7878643e+01	8.8520901e+01	8.7952723e+01	8.8401573e+01	8.7791641e+01	8.8159504e+01	8.7312433e+01	8.7904599e+01	8.7816742e+01	8.7561155e+01	8.9172977e+01	8.8239533e+01	8.8620832e+01	8.7977921e+01	8.8141730e+01	8.6963481e+01	8.8530429e+01	8.8262372e+01	8.8601937e+01
8.8471577e+01	8.7643648e+01	8.8910239e+01	8.8712507e+01	8.7132207e+01	8.8623442e+01	8.7878643e+01	8.8476349e+01	8.7952723e+01	8.7946958e+01	8.7626019e+01	8.8159504e+01	8.6927160e+01	8.7904599e+01	8.7816742e+01	8.7561155e+01	8.8698283e+01	8.8016698e+01	8.8620059e+01	8.7977921e+01	8.8141730e+01	8.6963481e+01	8.8052956e+01	8.8157756e+01	8.8601937e+01
8.7960128e+01	8.7643648e+01	8.8910239e+01	8.8712507e+01	8.7132207e+01	8.8351743e+01	8.7803417e+01	8.8476349e+01	8.7952723e+01	8.7946958e+01	8.7469019e+01	8.8159504e+01	8.6927160e+01	8.7904599e+01	8.7419563e+01	8.7392441e+01	8.8698283e+01	8.8016698e+01	8.8620059e+01	8.7930562e+01	8.8141730e+01	8.6821665e+01	8.8052956e+01	8.7946655e+01	8.8601937e+01
8.7928302e+01	8.7643648e+01	8.8910239e+01	8.8712507e+01	8.6823469e+01	8.8351743e+01	8.7783441e+01	8.8476349e+01	8.7940555e+01	8.7946958e+01	8.7469019e+01	8.8159504e+01	8.6927160e+01	8.7904599e+01	8.7419563e+01	8.7200337e+01	8.8615527e+01	8.8016698e+01	8.8620059e+01	8.7926322e+01	8.8141730e+01	8.6821665e+01	8.7787220e+01	8.7946655e+01	8.8601937e+01
8.7928302e+01	8.7643648e+01	8.8910239e+01	8.8712507e+01	8.6823469e+01	8.8248271e+01	8.7668326e+01	8.8178100e+01	8.7940555e+01	8.7946958e+01	8.7370826e+01	8.8052867e+01	8.6927160e+01	8.7904599e+01	8.7419563e+01	8.7200337e+01	8.8615527e+01	8.7800140e+01	8.8451363e+01	8.7705182e+01	8.7991030e+01	8.6821665e+01	8.7787220e+01	8.7946655e+01	8.8601937e+01
8.7884430e+01	8.7643648e+01	8.8902536e+01	8.8712507e+01	8.6823469e+01	8.8126213e+01	8.7668326e+01	8.8178100e+01	8.7797772e+01	8.7946958e+01	8.7081351e+01	8.7793682e+01	8.6927160e+01	8.7904599e+01	8.7419563e+01	8.7200337e+01	8.8615527e+01	8.7800140e+01	8.8451363e+01	8.7382060e+01	8.7961471e+01	8.6800296e+01	8.7787220e+01	8.7864591e+01	8.8601937e+01
8.7871071e+01	8.7643648e+01	8.8423755e+01	8.8410445e+01	8.6823469e+01	8.7964768e+01	8.7668326e+01	8.8023986e+01	8.7485696e+01	8.7946958e+01	8.6901017e+01	8.7793682e+01	8.6529271e+01	8.7904599e+01	8.7419563e+01	8.7128940e+01	8.8615527e+01	8.7800140e+01	8.8451363e+01	8.7382060e+01	8.7961471e+01	8.6800296e+01	8.7787220e+01	8.7864591e+01	8.8601937e+01
8.7309988e+01	8.7643648e+01	8.8423755e+01	8.8410445e+01	8.6823469e+01	8.7964768e+01	8.7139470e+01	8.8023986e+01	8.7485696e+01	8.7946958e+01	8.6901017e+01	8.7658560e+01	8.6529271e+01	8.7904599e+01	8.6938810e+01	8.7128940e+01	8.8332842e+01	8.7800140e+01	8.8451363e+01	8.7382060e+01	8.7961471e+01	8.6483354e+01	8.7787220e+01	8.7745179e+01	8.8601937e+01
8.7309988e+01	8.7643648e+01	8.8423755e+01	8.8410445e+01	8.6823469e+01	8.7964768e+01	8.7139470e+01	8.8023986e+01	8.7485696e+01	8.7946958e+01	8.6866968e+01	8.7658560e+01	8.6529271e+01	8.7519850e+01	8.6938810e+01	8.7128940e+01	8.8332842e+01	8.7800140e+01	8.7976476e+01	8.7382060e+01	8.7961471e+01	8.6483354e+01	8.7787220e+01	8.7462912e+01	8.8360753e+01
8.7309988e+01	8.7643648e+01	8.8423755e+01	8.8410445e+01	8.6673414e+01	8.7910541e+01	8.7139470e+01	8.8023986e+01	8.7485696e+01	8.7946958e+01	8.6866968e+01	8.6937857e+01	8.6529271e+01	8.7373909e+01	8.6938810e+01	8.7060309e+01	8.8332842e+01	8.7800140e+01	8.7265940e+01	8.7382060e+01	8.7961471e+01	8.6483354e+01	8.7787220e+01	8.7462912e+01	8.7970993e+01
8.7309988e+01	8.7594889e+01	8.8423755e+01	8.8290304e+01	8.6673414e+01	8.7910541e+01	8.6902809e+01	8.8023986e+01	8.7485696e+01	8.7331922e+01	8.6632549e+01	8.6937857e+01	8.6529271e+01	8.7373909e+01	8.6938810e+01	8.7060309e+01	8.8332842e+01	8.7703225e+01	8.7265940e+01	8.7309909e+01	8.7884898e+01	8.6483354e+01	8.7787220e+01	8.7462912e+01	8.7970993e+01
8.7309988e+01	8.7594889e+01	8.8423755e+01	8.8290304e+01	8.6673414e+01	8.7910541e+01	8.6902809e+01	8.7912457e+01	8.7302072e+01	8.7331922e+01	8.6632549e+01	8.6937857e+01	8.6529271e+01	8.7373909e+01	8.6938810e+01	8.7060309e+01	8.8332842e+01	8.7599107e+01	8.7265940e+01	8.7068881e+01	8.7631360e+01	8.6483354e+01	8.7787220e+01	8.7462912e+01	8.7970993e+01
8.7309988e+01	8.7594889e+01	8.8423755e+01	8.8290304e+01	8.6673414e+01	8.7910541e+01	8.6902809e+01	8.7650062e+01	8.7163520e+01	8.7331922e+01	8.6582289e+01	8.6937857e+01	8.6529271e+01	8.7341089e+01	8.6938810e+01	8.6812004e+01	8.8287269e+01	8.7287615e+01	8.7265940e+01	8.7068881e+01	8.7631360e+01	8.6483354e+01	8.7787220e+01	8.7462912e+01	8.7970993e+01
8.7309988e+01	8.7594889e+01	8.8247497e+01	8.8204625e+01	8.6671480e+01	8.7717018e+01	8.6902809e+01	8.7650062e+01	8.7163520e+01	8.7331922e+01	8.6582289e+01	8.6937857e+01	8.6529271e+01	8.7341089e+01	8.6938810e+01	8.6621306e+01	8.8287269e+01	8.7287615e+01	8.7265940e+01	8.7018345e+01	8.7631360e+01	8.6483354e+01	8.7645914e+01	8.7331766e+01	8.7970993e+01
8.7309988e+01	8.7594889e+01	8.8247497e+01	8.7950697e+01	8.6646108e+01	8.7717018e+01	8.6902809e+01	8.7451731e+01	8.6938133e+01	8.7331922e+01	8.6509952e+01	8.6937857e+01	8.6529271e+01	8.7325195e+01	8.6938810e+01	8.6621306e+01	8.8077643e+01	8.7287615e+01	8.7265940e+01	8.7018345e+01	8.7337336e+01	8.6483354e+01	8.7645914e+01	8.7331766e+01	8.7970993e+01
8.7309988e+01	8.7594889e+01	8.8247497e+01	8.7950697e+01	8.6476452e+01	8.7717018e+01	8.6902809e+01	8.7449314e+01	8.6938133e+01	8.7331922e+01	8.6509952e+01	8.6937857e+01	8.6529271e+01	8.7245905e+01	8.6938810e+01	8.6621306e+01	8.8077643e+01	8.7048685e+01	8.7123532e+01	8.7018345e+01	8.7337336e+01	8.6483354e+01	8.7224660e+01	8.7331766e+01	8.7865203e+01
8.7070470e+01	8.7319926e+01	8.8247497e+01	8.7950697e+01	8.6476452e+01	8.7717018e+01	8.6902809e+01	8.7090865e+01	8.6938133e+01	8.7308750e+01	8.6509952e+01	8.6937857e+01	8.6529271e+01	8.7245905e+01	8.6891271e+01	8.6621306e+01	8.8077643e+01	8.7012512e+01	8.7123532e+01	8.6922822e+01	8.7337336e+01	8.6483354e+01	8.7224660e+01	8.7305757e+01	8.7510276e+01
8.7070470e+01	8.7319926e+01	8.8080542e+01	8.7767163e+01	8.6466822e+01	8.7717018e+01	8.6902809e+01	8.7073583e+01	8.6931927e+01	8.7308750e+01	8.6509952e+01	8.6908093e+01	8.6304596e+01	8.7000596e+01	8.6873406e+01	8.6513006e+01	8.8077643e+01	8.7012512e+01	8.6926351e+01	8.6922822e+01	8.7337336e+01	8.6483354e+01	8.7224660e+01	8.7305757e+01	8.7510276e+01
8.6867787e+01	8.7319926e+01	8.8080542e+01	8.7767163e+01	8.6466822e+01	8.7717018e+01	8.6525341e+01	8.7073583e+01	8.6931927e+01	8.7308750e+01	8.6509952e+01	8.6908093e+01	8.6239363e+01	8.7000596e+01	8.6792030e+01	8.6513006e+01	8.8077643e+01	8.7012512e+01	8.6841338e+01	8.6922822e+01	8.7337336e+01	8.6483354e+01	8.7224660e+01	8.7172819e+01	8.7371106e+01
8.6867787e+01	8.7259825e+01	8.8080542e+01	8.7767163e+01	8.6466822e+01	8.7598527e+01	8.6525341e+01	8.7073583e+01	8.6931927e+01	8.7308750e+01	8.6331915e+01	8.6908093e+01	8.6239363e+01	8.7000596e+01	8.6615998e+01	8.6513006e+01	8.8077643e+01	8.7012512e+01	8.6841338e+01	8.6922822e+01	8.7264902e+01	8.6244441e+01	8.7224660e+01	8.7172819e+01	8.7371106e+01
8.6867787e+01	8.6981742e+01	8.8080542e+01	8.7272722e+01	8.6466822e+01	8.7598527e+01	8.6525341e+01	8.7073583e+01	8.6931927e+01	8.7308750e+01	8.6274054e+01	8.6908093e+01	8.6137604e+01	8.7000596e+01	8.6615998e+01	8.6513006e+01	8.7737591e+01	8.6989250e+01	8.6726387e+01	8.6589209e+01	8.7264902e+01	8.6164492e+01	8.7224660e+01	8.7088139e+01	8.7252344e+01
8.6867787e+01	8.6981742e+01	8.8064284e+01	8.7272722e+01	8.6466822e+01	8.7560759e+01	8.6482119e+01	8.7073583e+01	8.6931927e+01	8.7182760e+01	8.6274054e+01	8.6776955e+01	8.5913296e+01	8.7000596e+01	8.6609363e+01	8.6513006e+01	8.7737591e+01	8.6898750e+01	8.6726387e+01	8.6589209e+01	8.7264902e+01	8.6164492e+01	8.7224660e+01	8.6941378e+01	8.7252344e+01
8.6867787e+01	8.6981742e+01	8.8064284e+01	8.7272722e+01	8.6466822e+01	8.7560759e+01	8.6482119e+01	8.6815019e+01	8.6856843e+01	8.7024047e+01	8.6274054e+01	8.6546438e+01	8.5913296e+01	8.6850002e+01	8.6524637e+01	8.6513006e+01	8.7737591e+01	8.6577619e+01	8.6726387e+01	8.6589209e+01	8.7264902e+01	8.6164492e+01	8.7213155e+01	8.6537647e+01	8.7252344e+01
8.6867787e+01	8.6981742e+01	8.8064284e+01	8.7272722e+01	8.6466822e+01	8.7511493e+01	8.6478085e+01	8.6815019e+01	8.6856843e+01	8.6907934e+01	8.6274054e+01	8.6546438e+01	8.5913296e+01	8.6693261e+01	8.6440750e+01	8.5947625e+01	8.7737591e+01	8.6577619e+01	8.6621489e+01	8.6589209e+01	8.7264902e+01	8.6164492e+01	8.6910097e+01	8.6537647e+01	8.7252344e+01
8.6867787e+01	8.6981742e+01	8.7516380e+01	8.7272722e+01	8.6377712e+01	8.7511493e+01	8.6478085e+01	8.6815019e+01	8.6742308e+01	8.6907934e+01	8.6274054e+01	8.6546438e+01	8.5913296e+01	8.6693261e+01	8.6440750e+01	8.5947625e+01	8.7737591e+01	8.6577619e+01	8.6621489e+01	8.6448070e+01	8.7264902e+01	8.6164492e+01	8.6910097e+01	8.6537647e+01	8.7252344e+01
8.6818388e+01	8.6981742e+01	8.7516380e+01	8.7263357e+01	8.6377712e+01	8.7210355e+01	8.5802384e+01	8.6720417e+01	8.6742308e+01	8.6907934e+01	8.6138288e+01	8.6546438e+01	8.5913296e+01	8.6693261e+01	8.6303266e+01	8.5947625e+01	8.7242544e+01	8.6577619e+01	8.6452977e+01	8.6448070e+01	8.7149040e+01	8.6164492e+01	8.6910097e+01	8.6537647e+01	8.7160910e+01
8.6818388e+01	8.6981742e+01	8.7516380e+01	8.7213775e+01	8.6377712e+01	8.7210355e+01	8.5802384e+01	8.6720417e+01	8.6742308e+01	8.6786205e+01	8.6138288e+01	8.6510948e+01	8.5913296e+01	8.6621326e+01	8.6303266e+01	8.5947625e+01	8.7094783e+01	8.6577619e+01	8.6446315e+01	8.6448070e+01	8.7049826e+01	8.6164492e+01	8.6910097e+01	8.6537647e+01	8.7127332e+01
8.6759680e+01	8.6981742e+01	8.7516380e+01	8.7158795e+01	8.6377712e+01	8.7210355e+01	8.5802384e+01	8.6720417e+01	8.6651035e+01	8.6283009e+01	8.6027195e+01	8.6510948e+01	8.5913296e+01	8.6621326e+01	8.6303266e+01	8.5947625e+01	8.7094783e+01	8.6498928e+01	8.6446315e+01	8.6448070e+01	8.7049826e+01	8.6164492e+01	8.6617230e+01	8.6537647e+01	8.6992574e+01
8.6759680e+01	8.6936334e+01	8.7516380e+01	8.7143406e+01	8.6377712e+01	8.7210355e+01	8.5802384e+01	8.6720417e+01	8.6590489e+01	8.6283009e+01	8.6027195e+01	8.6510948e+01	8.5913296e+01	8.6422169e+01	8.6303266e+01	8.5947625e+01	8.7094783e+01	8.6498928e+01	8.6418011e+01	8.6448070e+01	8.7049826e+01	8.6071924e+01	8.6617230e+01	8.6537647e+01	8.6992574e+01
8.6528320e+01	8.6911507e+01	8.7516380e+01	8.7089000e+01	8.6229664e+01	8.7210355e+01	8.5802384e+01	8.6720417e+01	8.6590489e+01	8.6283009e+01	8.6027195e+01	8.6510948e+01	8.5913296e+01	8.6422169e+01	8.6303266e+01	8.5947625e+01	8.7033857e+01	8.6498928e+01	8.6418011e+01	8.6448070e+01	8.6794601e+01	8.6071924e+01	8.6617230e+01	8.6537647e+01	8.6992574e+01
8.6528320e+01	8.6911507e+01	8.7516380e+01	8.7089000e+01	8.6044811e+01	8.7210355e+01	8.5802384e+01	8.6685522e+01	8.6590489e+01	8.6283009e+01	8.6027195e+01	8.6510948e+01	8.5913296e+01	8.6422169e+01	8.6303266e+01	8.5947625e+01	8.7033857e+01	8.6498928e+01	8.6418011e+01	8.6448070e+01	8.6794601e+01	8.6071924e+01	8.6617230e+01	8.6537647e+01	8.6992574e+01
8.6528320e+01	8.6661096e+01	8.7505229e+01	8.6645635e+01	8.6044811e+01	8.6831075e+01	8.5802384e+01	8.6556620e+01	8.6590489e+01	8.6283009e+01	8.6027195e+01	8.6341214e+01	8.5892441e+01	8.6422169e+01	8.6303266e+01	8.5947625e+01	8.7033857e+01	8.6409785e+01	8.6418011e+01	8.5850617e+01	8.6794601e+01	8.6071924e+01	8.6531939e+01	8.6452171e+01	8.6940405e+01
8.6493558e+01	8.6661096e+01	8.7405227e+01	8.6645635e+01	8.6044811e+01	8.6831075e+01	8.5802384e+01	8.6527697e+01	8.6590489e+01	8.6283009e+01	8.6006941e+01	8.6341214e+01	8.5892441e+01	8.6422169e+01	8.6303266e+01	8.5947625e+01	8.6987953e+01	8.6266749e+01	8.6418011e+01	8.5850617e+01	8.6794601e+01	8.6071924e+01	8.6481434e+01	8.6452171e+01	8.6847508e+01
8.6493558e+01	8.6650685e+01	8.7405227e+01	8.6645635e+01	8.6044811e+01	8.6791320e+01	8.5802384e+01	8.6138398e+01	8.6503434e+01	8.6283009e+01	8.6006114e+01	8.6222418e+01	8.5845533e+01	8.6422169e+01	8.6303266e+01	8.5947625e+01	8.6927048e+01	8.6266749e+01	8.6418011e+01	8.5850617e+01	8.6758691e+01	8.6060738e+01	8.6356816e+01	8.6452171e+01	8.6847508e+01
8.6435322e+01	8.6650685e+01	8.7277598e+01	8.6645635e+01	8.5808071e+01	8.6791320e+01	8.5727222e+01	8.6138398e+01	8.6448157e+01	8.6125910e+01	8.5865230e+01	8.6171728e+01	8.5092202e+01	8.6276079e+01	8.6303266e+01	8.5947625e+01	8.6782275e+01	8.6084048e+01	8.6418011e+01	8.5850617e+01	8.6758691e+01	8.5765628e+01	8.6356816e+01	8.6452171e+01	8.6597417e+01
8.6435322e+01	8.6242432e+01	8.7207715e+01	8.6316290e+01	8.5808071e+01	8.6748831e+01	8.5663951e+01	8.6037820e+01	8.6333995e+01	8.6125910e+01	8.5865230e+01	8.6171728e+01	8.5092202e+01	8.6276079e+01	8.6195591e+01	8.5947625e+01	8.6782275e+01	8.6084048e+01	8.6418011e+01	8.5850617e+01	8.6758691e+01	8.5765628e+01	8.6356816e+01	8.6452171e+01	8.6597417e+01
8.6351130e+01	8.6242432e+01	8.7207715e+01	8.6316290e+01	8.5808071e+01	8.6748831e+01	8.5663951e+01	8.6037820e+01	8.6333995e+01	8.6105505e+01	8.5865230e+01	8.6171728e+01	8.5092202e+01	8.6224747e+01	8.6195591e+01	8.5947625e+01	8.6778352e+01	8.6084048e+01	8.6418011e+01	8.5850617e+01	8.6551498e+01	8.5397285e+01	8.6356816e+01	8.6452171e+01	8.6597417e+01
8.6351130e+01	8.6242432e+01	8.7143802e+01	8.6316290e+01	8.5808071e+01	8.6748831e+01	8.5663951e+01	8.6037820e+01	8.6333995e+01	8.6105505e+01	8.5865230e+01	8.6171728e+01	8.5092202e+01	8.6168986e+01	8.6195591e+01	8.5947625e+01	8.6778352e+01	8.5846741e+01	8.6418011e+01	8.5850617e+01	8.6417454e+01	8.5397285e+01	8.6356816e+01	8.6452171e+01	8.6563090e+01
8.6351130e+01	8.6242432e+01	8.7089963e+01	8.6316290e+01	8.5489854e+01	8.6666871e+01	8.5605294e+01	8.6037820e+01	8.6333995e+01	8.6105505e+01	8.5780187e+01	8.6171728e+01	8.5092202e+01	8.6168986e+01	8.6195591e+01	8.5947625e+01	8.6778352e+01	8.5846741e+01	8.6418011e+01	8.5850617e+01	8.6417454e+01	8.5397285e+01	8.6340191e+01	8.6452171e+01	8.6441801e+01
8.6351130e+01	8.6242432e+01	8.7089701e+01	8.6316290e+01	8.5489854e+01	8.6666871e+01	8.5605294e+01	8.6037820e+01	8.6318722e+01	8.6017753e+01	8.5517180e+01	8.6171728e+01	8.5092202e+01	8.6168986e+01	8.6195591e+01	8.5865238e+01	8.6629916e+01	8.5846741e+01	8.6418011e+01	8.5850617e+01	8.6417454e+01	8.5397285e+01	8.6340191e+01	8.6452171e+01	8.6441801e+01
8.6317730e+01	8.6242432e+01	8.6987824e+01	8.6316290e+01	8.5489854e+01	8.6521083e+01	8.5605294e+01	8.6037820e+01	8.6147078e+01	8.6017753e+01	8.5517180e+01	8.5813539e+01	8.5092202e+01	8.6115249e+01	8.6195591e+01	8.5865238e+01	8.6629916e+01	8.5741736e+01	8.6418011e+01	8.5629880e+01	8.6417454e+01	8.5397285e+01	8.6340191e+01	8.6452171e+01	8.6415441e+01
8.6178657e+01	8.6242432e+01	8.6987824e+01	8.6316290e+01	8.5489854e+01	8.6521083e+01	8.5605294e+01	8.6037820e+01	8.6147078e+01	8.6017753e+01	8.5517180e+01	8.5813539e+01	8.5092202e+01	8.5984948e+01	8.6153037e+01	8.5788654e+01	8.6629916e+01	8.5741736e+01	8.6418011e+01	8.5629880e+01	8.6417454e+01	8.5397285e+01	8.6158862e+01	8.6452171e+01	8.6340862e+01
8.6178657e+01	8.6242432e+01	8.6987824e+01	8.6316290e+01	8.5386582e+01	8.6426319e+01	8.5605294e+01	8.6037820e+01	8.6147078e+01	8.6017753e+01	8.5404110e+01	8.5813539e+01	8.5092202e+01	8.5984948e+01	8.6153037e+01	8.5632120e+01	8.6629916e+01	8.5741736e+01	8.6248064e+01	8.5629880e+01	8.6417454e+01	8.5397285e+01	8.6124878e+01	8.6418207e+01	8.6340862e+01
8.6178657e+01	8.6242432e+01	8.6987824e+01	8.6316290e+01	8.5386582e+01	8.6426319e+01	8.5605294e+01	8.5853298e+01	8.6147078e+01	8.6017753e+01	8.5404110e+01	8.5809129e+01	8.5024682e+01	8.5984948e+01	8.5799210e+01	8.5274617e+01	8.6599205e+01	8.5741736e+01	8.6248064e+01	8.5629880e+01	8.6417454e+01	8.5223550e+01	8.6124878e+01	8.6418207e+01	8.6340862e+01
8.6178657e+01	8.6185703e+01	8.6763743e+01	8.6316290e+01	8.5386582e+01	8.6426319e+01	8.5605294e+01	8.5853298e+01	8.6147078e+01	8.5711899e+01	8.5245908e+01	8.5714605e+01	8.5024682e+01	8.5979313e+01	8.5799210e+01	8.5274617e+01	8.6599205e+01	8.5741736e+01	8.6144962e+01	8.5593619e+01	8.6417454e+01	8.5223550e+01	8.6107402e+01	8.6313212e+01	8.6340862e+01
8.6176420e+01	8.6185703e+01	8.6763743e+01	8.6316290e+01	8.5386582e+01	8.6410495e+01	8.5411000e+01	8.5853298e+01	8.5842570e+01	8.5711899e+01	8.5245908e+01	8.5637006e+01	8.5024682e+01	8.5979313e+01	8.5799210e+01	8.5274617e+01	8.6529424e+01	8.5741736e+01	8.6144962e+01	8.5593619e+01	8.6417454e+01	8.5223550e+01	8.6107402e+01	8.6313212e+01	8.6340862e+01
8.6151288e+01	8.6185703e+01	8.6763743e+01	8.6316290e+01	8.5386582e+01	8.6410495e+01	8.5029379e+01	8.5764451e+01	8.5842570e+01	8.5697908e+01	8.5042991e+01	8.5637006e+01	8.4940831e+01	8.5643755e+01	8.5799210e+01	8.5274617e+01	8.6518261e+01	8.5741736e+01	8.6022016e+01	8.5593619e+01	8.6417454e+01	8.5223550e+01	8.5972061e+01	8.6313212e+01	8.6340862e+01
8.5929829e+01	8.6076696e+01	8.6763743e+01	8.6316290e+01	8.5386582e+01	8.6327062e+01	8.5029379e+01	8.5764451e+01	8.5842570e+01	8.5697908e+01	8.5042991e+01	8.5637006e+01	8.4769447e+01	8.5643755e+01	8.5799210e+01	8.5274617e+01	8.6367651e+01	8.5741736e+01	8.5866844e+01	8.5593619e+01	8.6417454e+01	8.5223550e+01	8.5972061e+01	8.6156998e+01	8.6340862e+01
8.5929829e+01	8.5762062e+01	8.6763743e+01	8.6316290e+01	8.5029106e+01	8.6202430e+01	8.5029379e+01	8.5764451e+01	8.5842570e+01	8.5697908e+01	8.4983723e+01	8.5608208e+01	8.4769447e+01	8.5643755e+01	8.5497222e+01	8.5274617e+01	8.6314483e+01	8.5741736e+01	8.5866844e+01	8.5593619e+01	8.6407619e+01	8.5223550e+01	8.5972061e+01	8.5819136e+01	8.6340862e+01
8.5929829e+01	8.5762062e+01	8.6235954e+01	8.5777182e+01	8.5029106e+01	8.6185432e+01	8.5029379e+01	8.5655255e+01	8.5792346e+01	8.5697908e+01	8.4983723e+01	8.5491030e+01	8.4669177e+01	8.5643755e+01	8.5497222e+01	8.5274617e+01	8.6314483e+01	8.5741736e+01	8.5866844e+01	8.5593619e+01	8.5990710e+01	8.5072054e+01	8.5972061e+01	8.5819136e+01	8.5911719e+01
8.5758467e+01	8.5762062e+01	8.6235954e+01	8.5777182e+01	8.5029106e+01	8.6185432e+01	8.5029379e+01	8.5655255e+01	8.5759624e+01	8.5423900e+01	8.4677068e+01	8.5387992e+01	8.4626848e+01	8.5528362e+01	8.5497222e+01	8.5274617e+01	8.6304162e+01	8.5735852e+01	8.5866844e+01	8.5542791e+01	8.5990710e+01	8.4840542e+01	8.5972061e+01	8.5579400e+01	8.5911719e+01
8.5240453e+01	8.5762062e+01	8.6235954e+01	8.5777182e+01	8.5029106e+01	8.6185432e+01	8.5029379e+01	8.5655255e+01	8.5714347e+01	8.5423900e+01	8.4677068e+01	8.5387992e+01	8.4626848e+01	8.5507448e+01	8.5497222e+01	8.5274617e+01	8.6304162e+01	8.5660533e+01	8.5702758e+01	8.5542791e+01	8.5797124e+01	8.4840542e+01	8.5972061e+01	8.5579400e+01	8.5911719e+01
8.5240453e+01	8.5762062e+01	8.6235954e+01	8.5777182e+01	8.5029106e+01	8.6185432e+01	8.5029379e+01	8.5655255e+01	8.5389974e+01	8.5423900e+01	8.4677068e+01	8.5378322e+01	8.4626848e+01	8.5507448e+01	8.5497222e+01	8.4968001e+01	8.6285572e+01	8.5660533e+01	8.5702758e+01	8.5511520e+01	8.5797124e+01	8.4840542e+01	8.5947400e+01	8.5579400e+01	8.5911719e+01
8.5240453e+01	8.5762062e+01	8.6235954e+01	8.5777182e+01	8.5029106e+01	8.6185432e+01	8.4848531e+01	8.5655255e+01	8.5389974e+01	8.4974030e+01	8.4677068e+01	8.5327916e+01	8.4539964e+01	8.5443290e+01	8.5497222e+01	8.4866817e+01	8.6285572e+01	8.5350067e+01	8.5524908e+01	8.5174201e+01	8.5797124e+01	8.4840542e+01	8.5385913e+01	8.5579400e+01	8.5911719e+01
8.5240453e+01	8.5762062e+01	8.6235954e+01	8.5777182e+01	8.4674121e+01	8.6185432e+01	8.4848531e+01	8.5655255e+01	8.5389974e+01	8.4974030e+01	8.4677068e+01	8.5327916e+01	8.4539964e+01	8.5443290e+01	8.5355925e+01	8.4866817e+01	8.6120452e+01	8.5350067e+01	8.5345219e+01	8.5169103e+01	8.5797124e+01	8.4840542e+01	8.5385913e+01	8.5579400e+01	8.5911719e+01
8.5175589e+01	8.5762062e+01	8.6235954e+01	8.5777182e+01	8.4674121e+01	8.6185432e+01	8.4848531e+01	8.5439347e+01	8.5389974e+01	8.4974030e+01	8.4677068e+01	8.5327916e+01	8.4539964e+01	8.5322963e+01	8.5353156e+01	8.4866817e+01	8.6120452e+01	8.5350067e+01	8.5345219e+01	8.5169103e+01	8.5797124e+01	8.4840542e+01	8.5385913e+01	8.5515106e+01	8.5694959e+01
8.5175589e+01	8.5762062e+01	8.6235954e+01	8.5777182e+01	8.4674121e+01	8.6185432e+01	8.4546616e+01	8.5322944e+01	8.5389974e+01	8.4974030e+01	8.4677068e+01	8.5082315e+01	8.4539964e+01	8.4999376e+01	8.5353156e+01	8.4866817e+01	8.6120452e+01	8.5350067e+01	8.5345219e+01	8.5169103e+01	8.5797124e+01	8.4799266e+01	8.5385913e+01	8.5515106e+01	8.5694959e+01
8.5175589e+01	8.5762062e+01	8.6235954e+01	8.5777182e+01	8.4674121e+01	8.6140226e+01	8.4546616e+01	8.5245342e+01	8.5276427e+01	8.4974030e+01	8.4677068e+01	8.5082315e+01	8.4539964e+01	8.4999376e+01	8.5353156e+01	8.4866817e+01	8.6120452e+01	8.5153769e+01	8.5345219e+01	8.5158495e+01	8.5701300e+01	8.4591178e+01	8.5385913e+01	8.5339141e+01	8.5694959e+01
8.5175589e+01	8.5730282e+01	8.6235954e+01	8.5777182e+01	8.4674121e+01	8.5540817e+01	8.4546616e+01	8.5245342e+01	8.5276427e+01	8.4974030e+01	8.4677068e+01	8.5082315e+01	8.4337066e+01	8.4999376e+01	8.5066400e+01	8.4866817e+01	8.5957454e+01	8.5153769e+01	8.5208640e+01	8.5139246e+01	8.5701300e+01	8.4531799e+01	8.5385913e+01	8.5339141e+01	8.5694959e+01
8.5175589e+01	8.5699920e+01	8.6235954e+01	8.5777182e+01	8.4674121e+01	8.5540817e+01	8.4546616e+01	8.5245342e+01	8.5276427e+01	8.4974030e+01	8.4677068e+01	8.5062763e+01	8.4337066e+01	8.4999376e+01	8.4823899e+01	8.4866817e+01	8.5799568e+01	8.4990910e+01	8.4834047e+01	8.4670256e+01	8.5701300e+01	8.4531799e+01	8.5385913e+01	8.5339141e+01	8.5694959e+01
8.5172834e+01	8.5675139e+01	8.6235954e+01	8.5777182e+01	8.4674121e+01	8.5540817e+01	8.4546616e+01	8.5245342e+01	8.5276427e+01	8.4974030e+01	8.4677068e+01	8.5062763e+01	8.4337066e+01	8.4999376e+01	8.4823899e+01	8.4866817e+01	8.5716436e+01	8.4990910e+01	8.4834047e+01	8.4670256e+01	8.5701300e+01	8.4531799e+01	8.5370098e+01	8.4997148e+01	8.5694959e+01
8.5165729e+01	8.5582402e+01	8.6235954e+01	8.5499881e+01	8.4628112e+01	8.5540817e+01	8.4546616e+01	8.5245342e+01	8.4988457e+01	8.4974030e+01	8.4573802e+01	8.5062763e+01	8.4331617e+01	8.4999376e+01	8.4823899e+01	8.4770917e+01	8.5637220e+01	8.4990910e+01	8.4834047e+01	8.4670256e+01	8.5614741e+01	8.4531799e+01	8.5370098e+01	8.4997148e+01	8.5694959e+01
8.4885553e+01	8.5356600e+01	8.6235954e+01	8.5454173e+01	8.4628112e+01	8.5540817e+01	8.4546616e+01	8.5231306e+01	8.4988457e+01	8.4974030e+01	8.4573802e+01	8.4975939e+01	8.4331617e+01	8.4999376e+01	8.4823899e+01	8.4770917e+01	8.5637220e+01	8.4836715e+01	8.4834047e+01	8.4670256e+01	8.5228427e+01	8.4451286e+01	8.5370098e+01	8.4997148e+01	8.5694959e+01
8.4885553e+01	8.5356600e+01	8.6235954e+01	8.5454173e+01	8.4628112e+01	8.5540817e+01	8.4546616e+01	8.4937313e+01	8.4988457e+01	8.4974030e+01	8.4530930e+01	8.4975939e+01	8.4295212e+01	8.4999376e+01	8.4823899e+01	8.4721301e+01	8.5637220e+01	8.4836715e+01	8.4784513e+01	8.4670256e+01	8.5228427e+01	8.4369504e+01	8.5219615e+01	8.4997148e+01	8.5694959e+01
8.4885553e+01	8.5356600e+01	8.6080654e+01	8.5454173e+01	8.4455307e+01	8.5540817e+01	8.4546616e+01	8.4937313e+01	8.4988457e+01	8.4963580e+01	8.4530930e+01	8.4939193e+01	8.4295212e+01	8.4999376e+01	8.4823899e+01	8.4721301e+01	8.5636278e+01	8.4836715e+01	8.4784513e+01	8.4670256e+01	8.5199160e+01	8.4350729e+01	8.5219615e+01	8.4997148e+01	8.5323471e+01
8.4885553e+01	8.5140983e+01	8.6004079e+01	8.5305126e+01	8.4455307e+01	8.5540817e+01	8.4546616e+01	8.4937313e+01	8.4742912e+01	8.4963580e+01	8.4530930e+01	8.4372199e+01	8.4295212e+01	8.4999376e+01	8.4823899e+01	8.4668717e+01	8.5198595e+01	8.4836715e+01	8.4784513e+01	8.4670256e+01	8.5199160e+01	8.4326969e+01	8.5205177e+01	8.4997148e+01	8.5323471e+01
8.4885553e+01	8.5140983e+01	8.5971211e+01	8.5305126e+01	8.4402562e+01	8.5540817e+01	8.4503026e+01	8.4933513e+01	8.4742912e+01	8.4963580e+01	8.4053575e+01	8.4372199e+01	8.4109574e+01	8.4999376e+01	8.4801697e+01	8.4667212e+01	8.5198595e+01	8.4836715e+01	8.4784513e+01	8.4670256e+01	8.5199160e+01	8.4246539e+01	8.5138486e+01	8.4997148e+01	8.5179929e+01
8.4766631e+01	8.5140983e+01	8.5971211e+01	8.5305126e+01	8.4197778e+01	8.5540817e+01	8.4297378e+01	8.4833989e+01	8.4695327e+01	8.4963580e+01	8.4053575e+01	8.4372199e+01	8.4109574e+01	8.4999376e+01	8.4801697e+01	8.4667212e+01	8.5198595e+01	8.4760698e+01	8.4784513e+01	8.4670256e+01	8.5199160e+01	8.4246539e+01	8.5138486e+01	8.4765315e+01	8.5179929e+01
8.4766631e+01	8.5140983e+01	8.5476448e+01	8.5305126e+01	8.4197778e+01	8.5540817e+01	8.4297378e+01	8.4833989e+01	8.4559032e+01	8.4588024e+01	8.4053575e+01	8.4372199e+01	8.4089804e+01	8.4957041e+01	8.4801697e+01	8.4667212e+01	8.5198595e+01	8.4760698e+01	8.4784513e+01	8.4670256e+01	8.4885297e+01	8.4146812e+01	8.5085726e+01	8.4674075e+01	8.5179929e+01
8.4766631e+01	8.5140983e+01	8.5476448e+01	8.5040463e+01	8.4197778e+01	8.5511498e+01	8.4271412e+01	8.4708497e+01	8.4517168e+01	8.4588024e+01	8.4053575e+01	8.4372199e+01	8.4048216e+01	8.4957041e+01	8.4801697e+01	8.4667212e+01	8.5198595e+01	8.4760698e+01	8.4784513e+01	8.4670256e+01	8.4885297e+01	8.4146812e+01	8.4949432e+01	8.4674075e+01	8.5179929e+01
8.4766631e+01	8.5140983e+01	8.5476448e+01	8.5040463e+01	8.4105649e+01	8.5494075e+01	8.4247501e+01	8.4643065e+01	8.4517168e+01	8.4588024e+01	8.4053575e+01	8.4372199e+01	8.4048216e+01	8.4957041e+01	8.4801697e+01	8.4598559e+01	8.5198595e+01	8.4399260e+01	8.4784513e+01	8.4507297e+01	8.4885297e+01	8.4030037e+01	8.4949432e+01	8.4674075e+01	8.5179929e+01
8.4673299e+01	8.5140983e+01	8.5476448e+01	8.5040463e+01	8.4105649e+01	8.5494075e+01	8.4247501e+01	8.4565613e+01	8.4517168e+01	8.4588024e+01	8.4053575e+01	8.4372199e+01	8.4048216e+01	8.4866503e+01	8.4780606e+01	8.4598559e+01	8.5198595e+01	8.4399260e+01	8.4709667e+01	8.4507297e+01	8.4885297e+01	8.4030037e+01	8.4774237e+01	8.4674075e+01	8.5077928e+01
8.4673299e+01	8.5123628e+01	8.4982402e+01	8.5040463e+01	8.4105649e+01	8.5373145e+01	8.4216827e+01	8.4565613e+01	8.4517168e+01	8.4588024e+01	8.4053575e+01	8.4250517e+01	8.3972684e+01	8.4767700e+01	8.4780606e+01	8.4598559e+01	8.5198595e+01	8.4399260e+01	8.4709667e+01	8.4507297e+01	8.4885297e+01	8.4030037e+01	8.4774237e+01	8.4674075e+01	8.5077928e+01
8.4673299e+01	8.5123628e+01	8.4982402e+01	8.5040463e+01	8.4066477e+01	8.5373145e+01	8.4189651e+01	8.4565613e+01	8.4517168e+01	8.4588024e+01	8.4053575e+01	8.4250517e+01	8.3789451e+01	8.4767700e+01	8.4780606e+01	8.4223395e+01	8.5198595e+01	8.4399260e+01	8.4692586e+01	8.4507297e+01	8.4885297e+01	8.4030037e+01	8.4774237e+01	8.4674075e+01	8.5077928e+01
8.4261641e+01	8.5123628e+01	8.4982402e+01	8.4920251e+01	8.4066477e+01	8.5373145e+01	8.4154051e+01	8.4565613e+01	8.4317914e+01	8.4392287e+01	8.4053575e+01	8.4250517e+01	8.3789451e+01	8.4638494e+01	8.4599801e+01	8.4223395e+01	8.4947523e+01	8.4399260e+01	8.4563882e+01	8.4507297e+01	8.4758405e+01	8.3826514e+01	8.4741200e+01	8.4674075e+01	8.4850896e+01
8.4261641e+01	8.5123628e+01	8.4982402e+01	8.4804832e+01	8.4044911e+01	8.4807455e+01	8.4154051e+01	8.4306816e+01	8.4317914e+01	8.4392287e+01	8.3915553e+01	8.4250517e+01	8.3789451e+01	8.4638494e+01	8.4599801e+01	8.4223395e+01	8.4857603e+01	8.4399260e+01	8.4563882e+01	8.4507297e+01	8.4758405e+01	8.3826514e+01	8.4666125e+01	8.4674075e+01	8.4850896e+01
8.4261641e+01	8.5005633e+01	8.4982402e+01	8.4804832e+01	8.4041008e+01	8.4807455e+01	8.4126595e+01	8.4202032e+01	8.4225743e+01	8.4392287e+01	8.3915553e+01	8.4244983e+01	8.3789451e+01	8.4534087e+01	8.4599801e+01	8.4123677e+01	8.4857603e+01	8.4399260e+01	8.4563882e+01	8.4374278e+01	8.4758405e+01	8.3777863e+01	8.4634227e+01	8.4661287e+01	8.4850896e+01
8.4261641e+01	8.4711774e+01	8.4982402e+01	8.4804832e+01	8.4041008e+01	8.4807455e+01	8.4126595e+01	8.4202032e+01	8.4225743e+01	8.4392287e+01	8.3915553e+01	8.4224922e+01	8.3789451e+01	8.4360878e+01	8.4599801e+01	8.4096674e+01	8.4857603e+01	8.4260584e+01	8.4240889e+01	8.4304590e+01	8.4758405e+01	8.3777863e+01	8.4634227e+01	8.4641565e+01	8.4850896e+01
8.4145175e+01	8.4711774e+01	8.4944595e+01	8.4760688e+01	8.4041008e+01	8.4807455e+01	8.4042068e+01	8.4202032e+01	8.4208873e+01	8.4299765e+01	8.3915553e+01	8.4224922e+01	8.3789451e+01	8.4171637e+01	8.4599801e+01	8.4037614e+01	8.4857603e+01	8.4260584e+01	8.4240889e+01	8.3904481e+01	8.4471905e+01	8.3777863e+01	8.4634227e+01	8.4404483e+01	8.4806041e+01
8.4145175e+01	8.4711774e+01	8.4944595e+01	8.4760688e+01	8.4023778e+01	8.4783861e+01	8.4042068e+01	8.4202032e+01	8.4208873e+01	8.4299765e+01	8.3915553e+01	8.4224922e+01	8.3646736e+01	8.4171637e+01	8.4567314e+01	8.4037614e+01	8.4857603e+01	8.4260584e+01	8.4240889e+01	8.3904481e+01	8.4471905e+01	8.3777863e+01	8.4626075e+01	8.4397054e+01	8.4735820e+01
8.4145175e+01	8.4711774e+01	8.4888532e+01	8.4760688e+01	8.3986162e+01	8.4783861e+01	8.3917221e+01	8.4202032e+01	8.4191078e+01	8.4299765e+01	8.3893416e+01	8.4101308e+01	8.3646736e+01	8.4171637e+01	8.4540586e+01	8.4037614e+01	8.4857603e+01	8.4260584e+01	8.4197584e+01	8.3904481e+01	8.4471905e+01	8.3724155e+01	8.4626075e+01	8.4397054e+01	8.4733104e+01
8.4145175e+01	8.4711774e+01	8.4888532e+01	8.4624841e+01	8.3982095e+01	8.4783861e+01	8.3917221e+01	8.4202032e+01	8.4153100e+01	8.4288290e+01	8.3893416e+01	8.4101308e+01	8.3538276e+01	8.4041033e+01	8.4362282e+01	8.4037614e+01	8.4857603e+01	8.4157773e+01	8.4119453e+01	8.3904481e+01	8.4471905e+01	8.3724155e+01	8.4602263e+01	8.4393904e+01	8.4709552e+01
8.4145175e+01	8.4632215e+01	8.4768748e+01	8.4560575e+01	8.3854588e+01	8.4783861e+01	8.3917221e+01	8.4202032e+01	8.4153100e+01	8.3916617e+01	8.3878430e+01	8.4101308e+01	8.3490298e+01	8.4041033e+01	8.4362282e+01	8.3996924e+01	8.4857603e+01	8.4153848e+01	8.4119453e+01	8.3904481e+01	8.4471905e+01	8.3691899e+01	8.4429166e+01	8.4351780e+01	8.4386363e+01
8.4145175e+01	8.4501281e+01	8.4768748e+01	8.4542007e+01	8.3854588e+01	8.4757529e+01	8.3795455e+01	8.4202032e+01	8.4153100e+01	8.3916617e+01	8.3642533e+01	8.4101308e+01	8.3490298e+01	8.4041033e+01	8.4251979e+01	8.3922292e+01	8.4857603e+01	8.4094441e+01	8.4119453e+01	8.3904481e+01	8.4471905e+01	8.3691899e+01	8.4349003e+01	8.4338881e+01	8.4386363e+01
8.4080320e+01	8.4291951e+01	8.4768748e+01	8.4542007e+01	8.3750760e+01	8.4632369e+01	8.3795455e+01	8.4063487e+01	8.4008913e+01	8.3916617e+01	8.3642533e+01	8.4077224e+01	8.3076288e+01	8.4041033e+01	8.4251979e+01	8.3839618e+01	8.4855442e+01	8.4094441e+01	8.4119453e+01	8.3904481e+01	8.4471905e+01	8.3691899e+01	8.4349003e+01	8.4301618e+01	8.4365913e+01
8.4080320e+01	8.4291951e+01	8.4768748e+01	8.4527076e+01	8.3750760e+01	8.4632369e+01	8.3795455e+01	8.4063487e+01	8.3923646e+01	8.3916617e+01	8.3637570e+01	8.3902379e+01	8.3076288e+01	8.3993043e+01	8.4251979e+01	8.3839618e+01	8.4837028e+01	8.4094441e+01	8.4119453e+01	8.3904481e+01	8.4471905e+01	8.3691899e+01	8.4349003e+01	8.4264420e+01	8.4365913e+01
8.4080320e+01	8.4291951e+01	8.4768748e+01	8.4408526e+01	8.3613776e+01	8.4632369e+01	8.3795455e+01	8.4063487e+01	8.3923646e+01	8.3916617e+01	8.3637570e+01	8.3844462e+01	8.3076288e+01	8.3984160e+01	8.4251979e+01	8.3741225e+01	8.4837028e+01	8.4044149e+01	8.4119453e+01	8.3904481e+01	8.4336082e+01	8.3637240e+01	8.4326189e+01	8.4169978e+01	8.4365913e+01
8.3843575e+01	8.4213136e+01	8.4768748e+01	8.4392880e+01	8.3613776e+01	8.4632369e+01	8.3634942e+01	8.4005924e+01	8.3923646e+01	8.3916617e+01	8.3637570e+01	8.3819085e+01	8.2480165e+01	8.3926913e+01	8.4197097e+01	8.3726514e+01	8.4837028e+01	8.3929866e+01	8.3890725e+01	8.3904481e+01	8.4336082e+01	8.3332671e+01	8.4326189e+01	8.4101851e+01	8.4365913e+01
8.3843575e+01	8.4152208e+01	8.4768748e+01	8.4392880e+01	8.3613776e+01	8.4632369e+01	8.3634942e+01	8.4005924e+01	8.3765638e+01	8.3916617e+01	8.3523530e+01	8.3819085e+01	8.2480165e+01	8.3926913e+01	8.4197097e+01	8.3726514e+01	8.4609594e+01	8.3929866e+01	8.3890725e+01	8.3904481e+01	8.4336082e+01	8.3332671e+01	8.4326189e+01	8.3911928e+01	8.4342233e+01
8.3843575e+01	8.4152208e+01	8.4646100e+01	8.4392880e+01	8.3613776e+01	8.4632369e+01	8.3632130e+01	8.4005924e+01	8.3765638e+01	8.3916617e+01	8.3523530e+01	8.3802333e+01	8.1905950e+01	8.3866620e+01	8.4153906e+01	8.3717468e+01	8.4536464e+01	8.3929866e+01	8.3890725e+01	8.3904481e+01	8.4336082e+01	8.1448253e+01	8.4143129e+01	8.3911928e+01	8.4182108e+01
8.3843575e+01	8.4152208e+01	8.4646100e+01	8.4380731e+01	8.3486949e+01	8.4271588e+01	8.3630973e+01	8.3958018e+01	8.3765638e+01	8.3816937e+01	8.3523530e+01	8.3695325e+01	7.6230312e+01	8.3866620e+01	8.3944058e+01	8.3407824e+01	8.4533543e+01	8.3929866e+01	8.3890725e+01	8.3904481e+01	8.4155202e+01	8.1448253e+01	8.4143129e+01	8.3911928e+01	8.4130944e+01
8.3843575e+01	8.4152208e+01	8.4494488e+01	8.4283023e+01	8.3391870e+01	8.4271588e+01	8.3430810e+01	8.3833989e+01	8.3765638e+01	8.3816937e+01	8.3523530e+01	8.3695325e+01	7.6230312e+01	8.3646107e+01	8.3944058e+01	8.3407824e+01	8.4533543e+01	8.3929866e+01	8.3857635e+01	8.3904481e+01	8.4107155e+01	7.7826862e+01	8.4143129e+01	8.3834837e+01	8.4083055e+01
8.3843575e+01	8.4152208e+01	8.4494488e+01	8.4148044e+01	8.3391870e+01	8.4271588e+01	8.3430810e+01	8.3782134e+01	8.3765638e+01	8.3816937e+01	8.3523530e+01	8.3683366e+01	7.6230312e+01	8.3646107e+01	8.3944058e+01	8.3407824e+01	8.4476000e+01	8.3929866e+01	8.3857635e+01	8.3904481e+01	8.4107155e+01	7.7826862e+01	8.4143129e+01	8.3833375e+01	8.3916618e+01
8.3843575e+01	8.4152208e+01	8.4470585e+01	8.4148044e+01	8.3183179e+01	8.4271588e+01	8.3430810e+01	8.3782134e+01	8.3765638e+01	8.3783302e+01	8.3492538e+01	8.3683366e+01	7.6230312e+01	8.3646107e+01	8.3766020e+01	8.3407824e+01	8.4448432e+01	8.3560666e+01	8.3857635e+01	8.3849279e+01	8.4107155e+01	7.7367017e+01	8.4103328e+01	8.3833375e+01	8.3916618e+01
8.3843575e+01	8.4152208e+01	8.4470585e+01	8.4148044e+01	8.3183179e+01	8.4271588e+01	8.3074979e+01	8.3684840e+01	8.3765638e+01	8.3637032e+01	8.3492538e+01	8.3683366e+01	7.6230312e+01	8.3646107e+01	8.3766020e+01	8.3407824e+01	8.4224147e+01	8.3560666e+01	8.3857635e+01	8.3849279e+01	8.4107155e+01	7.7367017e+01	8.4103328e+01	8.3794857e+01	8.3916618e+01
8.3747691e+01	8.4152208e+01	8.4470585e+01	8.4001942e+01	8.2637467e+01	8.4271588e+01	8.3046630e+01	8.3684840e+01	8.3765638e+01	8.3637032e+01	8.1372031e+01	8.3668368e+01	7.6230312e+01	8.3646107e+01	8.3766020e+01	8.3407824e+01	8.4149345e+01	8.3560666e+01	8.3781906e+01	8.3849279e+01	8.4107155e+01	7.7367017e+01	8.4103328e+01	8.3776012e+01	8.3916618e+01
8.3747691e+01	8.4152208e+01	8.4230284e+01	8.4001942e+01	8.2243455e+01	8.4271588e+01	8.2079158e+01	8.3684840e+01	8.3765638e+01	8.3637032e+01	8.1372031e+01	8.3668368e+01	7.5077467e+01	8.3646107e+01	8.3717198e+01	8.2936527e+01	8.4147767e+01	8.3560666e+01	8.3781906e+01	8.3849279e+01	8.4107155e+01	7.4382642e+01	8.4039842e+01	8.3776012e+01	8.3916618e+01
8.3747691e+01	8.4152208e+01	8.4230284e+01	8.4001942e+01	8.1444313e+01	8.4271588e+01	7.9731393e+01	8.3684840e+01	8.3765638e+01	8.3637032e+01	8.1372031e+01	8.3618587e+01	7.5077467e+01	8.3646107e+01	8.3717198e+01	8.2936527e+01	8.4147767e+01	8.3560666e+01	8.3696770e+01	8.3802923e+01	8.4107155e+01	7.4382642e+01	8.4025712e+01	8.3776012e+01	8.3916618e+01
8.3666988e+01	8.4119890e+01	8.4190862e+01	8.4001942e+01	8.1444313e+01	8.4271588e+01	7.9731393e+01	8.3684840e+01	8.3663598e+01	8.3489314e+01	8.1372031e+01	8.3618587e+01	7.5077467e+01	8.3524896e+01	8.3717198e+01	8.2477010e+01	8.4094024e+01	8.3560666e+01	8.3696770e+01	8.3698576e+01	8.4107155e+01	7.4382642e+01	8.3841029e+01	8.3776012e+01	8.3916618e+01
8.3602439e+01	8.4119890e+01	8.4190862e+01	8.4001942e+01	7.6880706e+01	8.4271588e+01	7.9677833e+01	8.3684840e+01	8.3613595e+01	8.3489314e+01	8.1372031e+01	8.3589967e+01	7.5077467e+01	8.3524896e+01	8.3310100e+01	8.1974196e+01	8.3900706e+01	8.3560666e+01	8.3670047e+01	8.3698576e+01	8.4107155e+01	7.4382642e+01	8.3841029e+01	8.3776012e+01	8.3835702e+01
8.3443971e+01	8.4119890e+01	8.4108906e+01	8.4001942e+01	7.6880706e+01	8.4160767e+01	7.9677833e+01	8.3684840e+01	8.3456917e+01	8.3458520e+01	8.1372031e+01	8.3368007e+01	7.5077467e+01	8.3378405e+01	8.3310100e+01	7.8038544e+01	8.3900706e+01	8.3560666e+01	8.3544938e+01	8.3372420e+01	8.4107155e+01	7.4382642e+01	8.3841029e+01	8.3731376e+01	8.3783503e+01
8.3271246e+01	8.4021050e+01	8.4108906e+01	8.4000316e+01	7.6880706e+01	8.4160767e+01	7.9218198e+01	8.3386322e+01	8.3272444e+01	8.3458520e+01	8.1372031e+01	8.3368007e+01	7.5077467e+01	8.3378405e+01	8.3310100e+01	7.3347758e+01	8.3900706e+01	8.3544277e+01	8.3544938e+01	8.3372420e+01	8.3821317e+01	7.4382642e+01	8.3819640e+01	8.3731376e+01	8.3783503e+01
8.3271246e+01	8.3969521e+01	8.3989663e+01	8.3948773e+01	7.6880706e+01	8.4006079e+01	7.9218198e+01	8.3386322e+01	8.3135184e+01	8.3458520e+01	7.8501514e+01	8.2926321e+01	7.5077467e+01	8.3378405e+01	8.2844175e+01	7.3347758e+01	8.3900706e+01	8.3496455e+01	8.3381199e+01	8.3372420e+01	8.3821317e+01	7.4382642e+01	8.3778667e+01	8.3707927e+01	8.3783503e+01
8.3271246e+01	8.3764576e+01	8.3989663e+01	8.3885900e+01	7.6880706e+01	8.4006079e+01	7.9218198e+01	8.3386322e+01	8.0988945e+01	8.3433723e+01	7.8501514e+01	8.2344855e+01	7.5077467e+01	8.3378405e+01	8.2844175e+01	7.3347758e+01	8.3830413e+01	8.3452287e+01	8.2549687e+01	8.2573647e+01	8.3821317e+01	7.4382642e+01	8.3769772e+01	8.3636620e+01	8.3783503e+01
8.2877923e+01	8.3764576e+01	8.3916278e+01	8.3885900e+01	7.6880706e+01	8.4006079e+01	7.9218198e+01	8.3386322e+01	8.0988945e+01	8.2875669e+01	7.8501514e+01	8.2344855e+01	7.5077467e+01	8.2842680e+01	8.2844175e+01	7.3347758e+01	8.3830413e+01	8.3452287e+01	8.2549687e+01	8.2573647e+01	8.3713383e+01	7.4382642e+01	8.3769772e+01	8.3580318e+01	8.3729291e+01
8.2282907e+01	8.3667832e+01	8.3916278e+01	8.3867875e+01	7.6880706e+01	8.4006079e+01	7.9218198e+01	8.3119100e+01	7.9378144e+01	8.2875669e+01	7.8501514e+01	7.9333701e+01	7.5077467e+01	8.2842680e+01	8.1042197e+01	7.3347758e+01	8.3796287e+01	8.3106066e+01	8.1482301e+01	8.1897967e+01	8.3412210e+01	7.4382642e+01	8.3537432e+01	8.3405013e+01	8.3729291e+01
8.2282907e+01	8.3667832e+01	8.3896954e+01	8.3747739e+01	7.6880706e+01	8.3912246e+01	7.9218198e+01	8.3119100e+01	7.2800253e+01	7.9253201e+01	7.8501514e+01	7.9333701e+01	7.2775117e+01	8.1954862e+01	7.9308984e+01	7.3347758e+01	8.3657520e+01	8.3106066e+01	7.8327810e+01	8.1087821e+01	8.3412210e+01	7.4382642e+01	8.3537432e+01	8.3405013e+01	8.3324094e+01
8.1855986e+01	8.3667832e+01	8.3896954e+01	8.3747739e+01	7.6880706e+01	8.3858473e+01	7.9218198e+01	8.3119100e+01	7.2800253e+01	7.9253201e+01	7.8501514e+01	7.9333701e+01	7.2472788e+01	8.1823483e+01	7.9308984e+01	7.3347758e+01	8.3657520e+01	8.2280973e+01	7.8327810e+01	8.0671485e+01	8.3412210e+01	7.4382642e+01	8.3537432e+01	8.2798949e+01	8.3324094e+01
8.0539926e+01	8.3667832e+01	8.3845664e+01	8.3649238e+01	7.6880706e+01	8.3858473e+01	7.9218198e+01	8.1889834e+01	7.2800253e+01	7.9253201e+01	7.8501514e+01	7.9333701e+01	7.2472788e+01	8.1823483e+01	7.8280558e+01	7.3347758e+01	8.3657520e+01	8.0408317e+01	7.7917289e+01	8.0671485e+01	8.3309949e+01	7.4382642e+01	8.3537432e+01	8.2798949e+01	8.3250069e+01
7.8768219e+01	8.3656884e+01	8.3845664e+01	8.3649238e+01	7.6880706e+01	8.3837851e+01	7.9218198e+01	8.1889834e+01	7.2800253e+01	7.7171124e+01	7.8501514e+01	7.9333701e+01	7.1994796e+01	7.9728333e+01	7.6853694e+01	7.3347758e+01	8.3626240e+01	8.0408317e+01	7.2787027e+01	8.0671485e+01	8.1942939e+01	7.4382642e+01	8.3537432e+01	8.1312721e+01	8.2696561e+01
7.7232401e+01	8.3542572e+01	8.3832915e+01	8.3649238e+01	7.6880706e+01	8.3799507e+01	7.4916395e+01	8.0434520e+01	7.2800253e+01	7.7171124e+01	7.8501514e+01	7.5405190e+01	7.1994796e+01	7.9728333e+01	7.6853694e+01	7.3347758e+01	8.3626240e+01	8.0408317e+01	7.2787027e+01	8.0671485e+01	8.1679298e+01	7.3102776e+01	8.3262000e+01	8.0796247e+01	8.1366707e+01
7.7232401e+01	8.3542572e+01	8.3832915e+01	8.3568609e+01	7.6880706e+01	8.3799507e+01	7.4916395e+01	7.8636755e+01	7.2800253e+01	7.7171124e+01	7.8501514e+01	7.5405190e+01	7.1994796e+01	7.9728333e+01	7.6853694e+01	7.3347758e+01	8.3626240e+01	7.9813213e+01	7.2787027e+01	8.0671485e+01	8.1679298e+01	7.0711944e+01	8.3262000e+01	8.0190406e+01	8.1366707e+01
7.7232401e+01	8.3542572e+01	8.3728571e+01	8.3568609e+01	7.6670854e+01	8.3785458e+01	7.4916395e+01	7.8636755e+01	7.2800253e+01	7.7171124e+01	7.7086305e+01	7.5405190e+01	6.9384706e+01	7.7274877e+01	7.6853694e+01	7.3347758e+01	8.3626240e+01	7.9813213e+01	7.2787027e+01	7.9374411e+01	7.4742128e+01	7.0711944e+01	8.2759493e+01	7.8867734e+01	7.5332484e+01
7.7232401e+01	8.3490378e+01	8.3688792e+01	8.3366611e+01	7.5814491e+01	8.3760345e+01	7.4916395e+01	7.2480533e+01	7.2800253e+01	7.7171124e+01	7.7086305e+01	7.5405190e+01	6.9384706e+01	7.7274877e+01	7.6853694e+01	7.3347758e+01	8.3457785e+01	7.9813213e+01	7.2787027e+01	7.9374411e+01	7.4742128e+01	7.0711944e+01	8.2558607e+01	7.4975451e+01	7.5332484e+01
7.7232401e+01	8.3468131e+01	8.3665917e+01	8.3366611e+01	7.4293245e+01	8.3676714e+01	7.4916395e+01	7.2480533e+01	7.2800253e+01	7.7171124e+01	7.5463781e+01	7.5405190e+01	6.9384706e+01	7.7274877e+01	7.6853694e+01	7.3347758e+01	8.3457785e+01	7.9813213e+01	7.2787027e+01	7.9374411e+01	7.4742128e+01	7.0711944e+01	8.2558607e+01	7.4975451e+01	7.5332484e+01
7.7232401e+01	8.3145556e+01	8.3660187e+01	8.3242483e+01	7.4293245e+01	8.3653072e+01	7.4916395e+01	7.2480533e+01	7.2800253e+01	7.4814736e+01	7.5463781e+01	7.5405190e+01	6.8207323e+01	7.7274877e+01	7.6853694e+01	7.3347758e+01	8.3426086e+01	7.9813213e+01	7.2787027e+01	7.9374411e+01	7.4742128e+01	6.7785466e+01	8.1164249e+01	7.4975451e+01	7.5332484e+01
7.7232401e+01	8.3145556e+01	8.3660187e+01	8.3211858e+01	7.2948493e+01	8.3641211e+01	7.4916395e+01	7.2480533e+01	7.2800253e+01	7.4814736e+01	7.5463781e+01	7.5405190e+01	6.7616708e+01	7.7274877e+01	7.6853694e+01	7.3347758e+01	8.2788388e+01	7.9813213e+01	7.2787027e+01	7.9374411e+01	7.4742128e+01	6.6391224e+01	8.1164249e+01	7.4975451e+01	7.5332484e+01
7.7232401e+01	8.2074951e+01	8.3637904e+01	8.3211858e+01	7.2948493e+01	8.3641211e+01	7.4916395e+01	7.2480533e+01	7.2800253e+01	7.4814736e+01	7.3614992e+01	7.5405190e+01	6.5874603e+01	7.7274877e+01	7.6853694e+01	7.3347758e+01	8.2683986e+01	7.9813213e+01	7.2787027e+01	7.9374411e+01	7.4742128e+01	6.6391224e+01	8.1164249e+01	7.4975451e+01	7.5332484e+01
7.7232401e+01	8.0853505e+01	8.3552903e+01	8.3120495e+01	7.1026653e+01	8.3376940e+01	7.4916395e+01	7.2480533e+01	7.2800253e+01	7.4814736e+01	7.3614992e+01	7.4691234e+01	6.5874603e+01	7.7274877e+01	7.6853694e+01	7.0483921e+01	8.2115610e+01	7.9813213e+01	7.2787027e+01	7.9374411e+01	7.4742128e+01	6.6391224e+01	7.9693977e+01	7.4975451e+01	7.5332484e+01
7.7232401e+01	8.0286986e+01	8.3552903e+01	8.1346521e+01	7.1026653e+01	8.3376940e+01	7.4916395e+01	7.2480533e+01	7.2800253e+01	7.4814736e+01	6.9882293e+01	7.3140541e+01	6.5874603e+01	7.7274877e+01	7.3931676e+01	7.0483921e+01	8.2115610e+01	7.9813213e+01	7.2787027e+01	7.9374411e+01	7.4742128e+01	6.6391224e+01	7.9693977e+01	7.4975451e+01	7.5332484e+01
7.7232401e+01	7.8777499e+01	8.3552903e+01	8.1346521e+01	7.1026653e+01	8.3376940e+01	7.4916395e+01	7.2480533e+01	7.2800253e+01	7.4814736e+01	6.9882293e+01	7.2536024e+01	6.5874603e+01	7.7177581e+01	7.3931676e+01	6.9611204e+01	8.0231847e+01	7.9813213e+01	7.2787027e+01	7.9374411e+01	7.4742128e+01	6.5981796e+01	7.9693977e+01	7.4975451e+01	7.5332484e+01
7.7232401e+01	7.7053703e+01	8.3552903e+01	8.1346521e+01	7.0000123e+01	8.3357775e+01	7.2114731e+01	7.2480533e+01	7.2007711e+01	7.4814736e+01	6.9882293e+01	7.2536024e+01	6.5438953e+01	7.5984338e+01	7.3931676e+01	6.9611204e+01	7.9390987e+01	7.5030850e+01	7.2787027e+01	7.8362399e+01	7.4742128e+01	6.5981796e+01	7.9693977e+01	7.4975451e+01	7.5332484e+01
7.2836563e+01	7.7053703e+01	8.3546981e+01	7.9855945e+01	7.0000123e+01	8.2259501e+01	7.2114731e+01	7.2480533e+01	7.2007711e+01	7.4793859e+01	6.9717380e+01	7.2536024e+01	6.4186216e+01	7.5984338e+01	7.3931676e+01	6.9611204e+01	7.6726357e+01	7.5030850e+01	7.2099367e+01	7.7879620e+01	7.4742128e+01	6.4925913e+01	7.9693977e+01	7.4975451e+01	7.5332484e+01
7.2836563e+01	7.7053703e+01	8.3377033e+01	7.9855945e+01	6.7240698e+01	7.9712176e+01	7.2114731e+01	7.1023730e+01	7.1325863e+01	7.4323171e+01	6.8914924e+01	7.2536024e+01	6.4186216e+01	7.5984338e+01	7.3931676e+01	6.5300363e+01	7.5234268e+01	7.3663454e+01	7.2099367e+01	7.6960995e+01	7.4742128e+01	6.4843200e+01	7.9658344e+01	7.4975451e+01	7.5332484e+01
7.2836563e+01	7.7053703e+01	8.3106115e+01	7.9855945e+01	6.6082849e+01	7.9712176e+01	7.0458554e+01	7.1023730e+01	7.1325863e+01	7.4323171e+01	6.8914924e+01	7.0836072e+01	6.4186216e+01	7.5984338e+01	7.3931676e+01	6.5300363e+01	7.5234268e+01	7.3663454e+01	7.0697586e+01	7.4237933e+01	7.4742128e+01	6.4670868e+01	7.8464214e+01	7.4975451e+01	7.5332484e+01
7.2836563e+01	7.7053703e+01	8.2891663e+01	7.8296653e+01	6.6082849e+01	7.9712176e+01	7.0458554e+01	7.1023730e+01	6.8502713e+01	7.2064469e+01	6.8914924e+01	7.0836072e+01	6.3758079e+01	7.3112987e+01	7.1325337e+01	6.5300363e+01	7.5234268e+01	7.0787215e+01	7.0697586e+01	7.4237933e+01	7.4742128e+01	6.4670868e+01	7.8464214e+01	7.3817324e+01	7.5332484e+01
7.2836563e+01	7.7053703e+01	8.1539609e+01	7.5365219e+01	6.4538277e+01	7.9712176e+01	7.0458554e+01	6.9909672e+01	6.8502713e+01	7.2064469e+01	6.8842834e+01	7.0547083e+01	6.3356270e+01	7.3112987e+01	7.1325337e+01	6.5000925e+01	7.5234268e+01	7.0787215e+01	6.9695411e+01	7.4237933e+01	7.4742128e+01	6.4593773e+01	7.8464214e+01	7.2391228e+01	7.2288445e+01
7.2836563e+01	7.7053703e+01	7.9194587e+01	7.5365219e+01	6.4538277e+01	7.9712176e+01	6.9201211e+01	6.9909672e+01	6.8472670e+01	7.0201764e+01	6.6898734e+01	6.9713535e+01	6.2669204e+01	7.3112987e+01	7.1325337e+01	6.5000925e+01	7.5234268e+01	6.9342212e+01	6.7826356e+01	7.2530940e+01	7.4742128e+01	6.2638609e+01	7.8464214e+01	7.2391228e+01	7.2288445e+01
7.0997571e+01	7.7053703e+01	7.9194587e+01	7.5365219e+01	6.4538277e+01	7.9712176e+01	6.8748046e+01	6.9909672e+01	6.8018966e+01	7.0201764e+01	6.6898734e+01	6.5097457e+01	6.2144297e+01	7.3112987e+01	7.0204124e+01	6.5000925e+01	7.5234268e+01	6.9342212e+01	6.5985224e+01	7.1612453e+01	7.4742128e+01	6.2638609e+01	7.8464214e+01	7.2391228e+01	7.2288445e+01
6.8988434e+01	7.7053703e+01	7.9194587e+01	7.5365219e+01	6.4538277e+01	7.9712176e+01	6.7878298e+01	6.9909672e+01	6.7167457e+01	7.0201764e+01	6.6898734e+01	6.5097457e+01	6.2144297e+01	7.2200560e+01	7.0204124e+01	6.5000925e+01	7.5234268e+01	6.9342212e+01	6.5985224e+01	7.1612453e+01	7.4742128e+01	6.2638609e+01	7.8464214e+01	7.2391228e+01	7.2288445e+01
6.8988434e+01	7.7053703e+01	7.9194587e+01	7.5365219e+01	6.4434633e+01	7.9712176e+01	6.7878298e+01	6.9909672e+01	6.6537724e+01	6.7885725e+01	6.6898734e+01	6.5097457e+01	6.2144297e+01	6.7899112e+01	7.0204124e+01	6.5000925e+01	7.5234268e+01	6.9342212e+01	6.5985224e+01	7.1612453e+01	7.4742128e+01	6.2477564e+01	7.7811994e+01	7.2391228e+01	7.2288445e+01
6.6550623e+01	7.7053703e+01	7.7053607e+01	7.5365219e+01	6.3618496e+01	7.9209388e+01	6.6242191e+01	6.7945707e+01	6.6197664e+01	6.7506668e+01	6.5434597e+01	6.5097457e+01	6.2044815e+01	6.7899112e+01	6.8398619e+01	6.5000925e+01	7.5234268e+01	6.9342212e+01	6.5985224e+01	6.8201040e+01	7.1875797e+01	6.2147014e+01	7.7811994e+01	7.1832516e+01	7.2288445e+01
6.6550623e+01	7.7053703e+01	7.7053607e+01	7.5365219e+01	6.3618496e+01	7.9209388e+01	6.5951335e+01	6.7448542e+01	6.5245181e+01	6.6688975e+01	6.5434597e+01	6.5097457e+01	6.0997595e+01	6.7899112e+01	6.7794464e+01	6.3837094e+01	7.5234268e+01	6.9280800e+01	6.5985224e+01	6.8201040e+01	7.1047808e+01	6.2147014e+01	7.5554694e+01	7.1812133e+01	7.1461684e+01
6.6550623e+01	7.7053703e+01	7.7053607e+01	7.1781159e+01	6.3618496e+01	7.9209388e+01	6.5951335e+01	6.7448542e+01	6.4346437e+01	6.6688975e+01	6.4707857e+01	6.5097457e+01	6.0997595e+01	6.7899112e+01	6.7794464e+01	6.2877204e+01	7.3838844e+01	6.8888078e+01	6.5985224e+01	6.8201040e+01	6.8759235e+01	6.2081341e+01	7.5554694e+01	7.1623858e+01	6.9263650e+01
6.6055136e+01	7.7053703e+01	7.7053607e+01	7.0434480e+01	6.3541785e+01	7.9209388e+01	6.5951335e+01	6.6449963e+01	6.4346437e+01	6.6688975e+01	6.4707857e+01	6.3516822e+01	6.0997595e+01	6.7899112e+01	6.3987904e+01	6.2877204e+01	7.3838844e+01	6.6090596e+01	6.5304312e+01	6.8201040e+01	6.8759235e+01	6.2081341e+01	7.5554694e+01	7.0592031e+01	6.9263650e+01
6.6055136e+01	7.6883865e+01	7.7053607e+01	7.0434480e+01	6.3385404e+01	7.6713674e+01	6.5214884e+01	6.6449963e+01	6.4346437e+01	6.6171082e+01	6.1964928e+01	6.3516822e+01	6.0997595e+01	6.7899112e+01	6.3987904e+01	6.2877204e+01	7.3664403e+01	6.6090596e+01	6.4612677e+01	6.8201040e+01	6.7805852e+01	6.1207831e+01	7.2950468e+01	6.8213084e+01	6.8727571e+01
6.6055136e+01	7.3200530e+01	7.7053607e+01	7.0434480e+01	6.2954034e+01	7.6713674e+01	6.5214884e+01	6.6449963e+01	6.4346437e+01	6.6119981e+01	6.1964928e+01	6.3516822e+01	6.0598394e+01	6.7363350e+01	6.3987904e+01	6.2877204e+01	7.3664403e+01	6.6090596e+01	6.4256083e+01	6.7664669e+01	6.7805852e+01	6.1071267e+01	7.2950468e+01	6.7013303e+01	6.8243599e+01
6.5549816e+01	7.0975250e+01	7.7053607e+01	7.0434480e+01	6.2954034e+01	7.3725164e+01	6.5214884e+01	6.6217585e+01	6.3679763e+01	6.4667172e+01	6.1964928e+01	6.2682459e+01	6.0598394e+01	6.6970781e+01	6.3987904e+01	6.2877204e+01	7.3664403e+01	6.6090596e+01	6.3931285e+01	6.7664669e+01	6.5716424e+01	6.1071267e+01	7.2711505e+01	6.6906388e+01	6.7759199e+01
6.5473706e+01	7.0851030e+01	7.7053607e+01	6.9978686e+01	6.2759377e+01	7.1837616e+01	6.5214884e+01	6.5962736e+01	6.3679763e+01	6.4398977e+01	6.1964928e+01	6.2682459e+01	6.0254568e+01	6.6938941e+01	6.3240462e+01	6.2877204e+01	7.3664403e+01	6.6090596e+01	6.3931285e+01	6.6287297e+01	6.5716424e+01	6.0973744e+01	7.1620995e+01	6.6906388e+01	6.6501464e+01
6.3290683e+01	7.0851030e+01	7.7053607e+01	6.8324931e+01	6.1763870e+01	7.1837616e+01	6.4079929e+01	6.4687648e+01	6.2437870e+01	6.3883638e+01	6.1964928e+01	6.2682459e+01	6.0254568e+01	6.5430882e+01	6.3240462e+01	6.2877204e+01	7.1528099e+01	6.6090596e+01	6.3931285e+01	6.5589504e+01	6.5071056e+01	6.0839645e+01	6.8891985e+01	6.4878923e+01	6.5242681e+01
6.3290683e+01	7.0851030e+01	7.7053607e+01	6.8324931e+01	6.1763870e+01	7.1837616e+01	6.4079929e+01	6.3989986e+01	6.2437870e+01	6.3883638e+01	6.1964928e+01	6.2682459e+01	6.0077180e+01	6.5171710e+01	6.3240462e+01	6.2162892e+01	7.1528099e+01	6.3623879e+01	6.3931285e+01	6.5589504e+01	6.4922665e+01	6.0479078e+01	6.8891985e+01	6.4878923e+01	6.5242681e+01
6.3290683e+01	7.0851030e+01	7.5847485e+01	6.8324931e+01	6.1763870e+01	7.1837616e+01	6.3851153e+01	6.3712608e+01	6.2104958e+01	6.3883638e+01	6.1964928e+01	6.2682459e+01	6.0077180e+01	6.4563052e+01	6.3240462e+01	6.1367150e+01	7.1528099e+01	6.3623879e+01	6.3460828e+01	6.4965548e+01	6.4472716e+01	6.0479078e+01	6.8891985e+01	6.4878923e+01	6.5242681e+01
6.2730531e+01	6.9430685e+01	7.4783984e+01	6.8324931e+01	6.1763870e+01	7.1837616e+01	6.3835381e+01	6.3344137e+01	6.1895007e+01	6.3680406e+01	6.1964928e+01	6.1539946e+01	6.0077180e+01	6.4563052e+01	6.3240462e+01	6.1367150e+01	6.8965720e+01	6.3623879e+01	6.3186298e+01	6.4143139e+01	6.4472716e+01	6.0375980e+01	6.8251495e+01	6.3825562e+01	6.4864326e+01
6.2730531e+01	6.9430685e+01	7.4783984e+01	6.6105834e+01	6.1598565e+01	7.0921917e+01	6.3248181e+01	6.3344137e+01	6.1250053e+01	6.3025478e+01	6.1964928e+01	6.1539946e+01	5.9899530e+01	6.4145541e+01	6.3240462e+01	6.1367150e+01	6.8759451e+01	6.3244517e+01	6.3066630e+01	6.2308484e+01	6.4295369e+01	6.0361442e+01	6.8251495e+01	6.3825562e+01	6.3834533e+01
6.2730531e+01	6.9003749e+01	6.9952825e+01	6.5695973e+01	6.1387073e+01	6.9181557e+01	6.3113297e+01	6.2644378e+01	6.1250053e+01	6.3025478e+01	6.1964928e+01	6.1539946e+01	5.9899530e+01	6.3990298e+01	6.3130298e+01	6.0860524e+01	6.5943484e+01	6.3244517e+01	6.2621152e+01	6.2308484e+01	6.4295369e+01	6.0150910e+01	6.6176510e+01	6.3825562e+01	6.3834533e+01
6.2730531e+01	6.8130541e+01	6.9952825e+01	6.5695973e+01	6.1077505e+01	6.7921380e+01	6.2945666e+01	6.2060273e+01	6.1250053e+01	6.2712885e+01	6.1225471e+01	6.1539946e+01	5.9702641e+01	6.3820817e+01	6.2736728e+01	6.0860524e+01	6.5943484e+01	6.3244517e+01	6.2621152e+01	6.2308484e+01	6.3386157e+01	6.0015532e+01	6.6176510e+01	6.3825562e+01	6.3771111e+01
6.2036961e+01	6.6850334e+01	6.9952825e+01	6.3896211e+01	6.1077505e+01	6.6295864e+01	6.2945666e+01	6.1837048e+01	6.1250053e+01	6.2700093e+01	6.1140097e+01	6.1184613e+01	5.9698552e+01	6.2974451e+01	6.1330266e+01	6.0522279e+01	6.5943484e+01	6.3244517e+01	6.1623049e+01	6.2070659e+01	6.3386157e+01	5.9583013e+01	6.4402572e+01	6.3825562e+01	6.3771111e+01
6.2036961e+01	6.6850334e+01	6.9952825e+01	6.3896211e+01	6.0648209e+01	6.5793682e+01	6.2745087e+01	6.1837048e+01	6.1039795e+01	6.2105904e+01	6.0987670e+01	6.1184613e+01	5.9698552e+01	6.2974451e+01	6.1330266e+01	6.0522279e+01	6.5925911e+01	6.3244517e+01	6.1623049e+01	6.2070659e+01	6.1745212e+01	5.9583013e+01	6.4402572e+01	6.3722928e+01	6.2299200e+01
6.1689003e+01	6.6850334e+01	6.7640195e+01	6.3896211e+01	6.0103814e+01	6.5793682e+01	6.2244020e+01	6.1610522e+01	6.1039795e+01	6.2068664e+01	6.0855778e+01	6.0999541e+01	5.9253391e+01	6.2773864e+01	6.1330266e+01	6.0522279e+01	6.5925911e+01	6.2503204e+01	6.1623049e+01	6.2070659e+01	6.1745212e+01	5.9583013e+01	6.4402572e+01	6.3123279e+01	6.1516008e+01
6.1675444e+01	6.6850334e+01	6.7002034e+01	6.3880822e+01	6.0103814e+01	6.5793682e+01	6.1875984e+01	6.1228380e+01	6.1039795e+01	6.2068664e+01	6.0462767e+01	6.0646302e+01	5.9253391e+01	6.2399790e+01	6.1330266e+01	6.0038615e+01	6.5925911e+01	6.2503204e+01	6.1623049e+01	6.1262106e+01	6.1745212e+01	5.9212551e+01	6.3733225e+01	6.3123279e+01	6.1516008e+01
6.0695019e+01	6.6563929e+01	6.7002034e+01	6.3690584e+01	6.0018048e+01	6.5793682e+01	6.1875984e+01	6.1228380e+01	6.1039795e+01	6.1813393e+01	6.0328684e+01	6.0646302e+01	5.9253391e+01	6.1910075e+01	6.1302661e+01	6.0038615e+01	6.5925911e+01	6.2503204e+01	6.1388780e+01	6.1262106e+01	6.1625054e+01	5.9212551e+01	6.3733225e+01	6.1850423e+01	6.1516008e+01
6.0695019e+01	6.6443353e+01	6.7002034e+01	6.3418402e+01	5.9974108e+01	6.5793682e+01	6.1186245e+01	6.1228380e+01	6.0383230e+01	6.1751111e+01	6.0328684e+01	6.0102361e+01	5.9253391e+01	6.1910075e+01	6.1302661e+01	6.0038615e+01	6.4773480e+01	6.1402567e+01	6.1388780e+01	6.1053257e+01	6.1625054e+01	5.9212551e+01	6.3161216e+01	6.1850423e+01	6.1291459e+01
6.0695019e+01	6.6387821e+01	6.7002034e+01	6.2816290e+01	5.9701467e+01	6.5793682e+01	6.0605377e+01	6.0892642e+01	6.0383230e+01	6.1170637e+01	6.0134196e+01	6.0102361e+01	5.9253391e+01	6.1653046e+01	6.0828724e+01	5.9947683e+01	6.4437959e+01	6.1402567e+01	6.0689404e+01	6.1053257e+01	6.1625054e+01	5.9212551e+01	6.2990855e+01	6.1850423e+01	6.1291459e+01
6.0695019e+01	6.5803137e+01	6.6612761e+01	6.2670500e+01	5.9701467e+01	6.4444839e+01	6.0605377e+01	6.0524278e+01	6.0383230e+01	6.1170637e+01	5.9987506e+01	6.0102361e+01	5.9160430e+01	6.1653046e+01	6.0815116e+01	5.9529677e+01	6.4437959e+01	6.1402567e+01	6.0672166e+01	6.0776423e+01	6.1484091e+01	5.9169061e+01	6.1681161e+01	6.1625062e+01	6.1291459e+01
6.0367420e+01	6.5004086e+01	6.6118715e+01	6.1914774e+01	5.9701467e+01	6.4444839e+01	6.0605377e+01	6.0170291e+01	6.0292029e+01	6.0754931e+01	5.9886560e+01	6.0090715e+01	5.9128120e+01	6.0945395e+01	6.0093852e+01	5.9529677e+01	6.3989748e+01	6.1143967e+01	6.0359242e+01	6.0776423e+01	6.1484091e+01	5.9169061e+01	6.1681161e+01	6.1625062e+01	6.1245714e+01
6.0367420e+01	6.3083834e+01	6.5215754e+01	6.1519098e+01	5.9633128e+01	6.3890813e+01	6.0605377e+01	6.0016977e+01	6.0292029e+01	6.0754931e+01	5.9728651e+01	6.0090715e+01	5.9032949e+01	6.0945395e+01	6.0093852e+01	5.9529677e+01	6.3469493e+01	6.1143967e+01	6.0324130e+01	6.0776423e+01	6.0855342e+01	5.9165914e+01	6.1681161e+01	6.1625062e+01	6.1245714e+01
6.0367420e+01	6.3083834e+01	6.5215754e+01	6.1519098e+01	5.9633128e+01	6.3882796e+01	6.0605377e+01	6.0016977e+01	6.0292029e+01	6.0754931e+01	5.9728651e+01	5.9855233e+01	5.9032949e+01	6.0473234e+01	6.0093852e+01	5.9529677e+01	6.3469493e+01	6.0759065e+01	6.0017795e+01	6.0776423e+01	5.9973622e+01	5.9117737e+01	6.1681161e+01	6.1625062e+01	6.0393787e+01
6.0106503e+01	6.2391328e+01	6.5106363e+01	6.1519098e+01	5.9598687e+01	6.3315279e+01	6.0559650e+01	5.9945323e+01	6.0046670e+01	6.0735721e+01	5.9536101e+01	5.9844952e+01	5.8932371e+01	6.0473234e+01	6.0086788e+01	5.9497998e+01	6.2567903e+01	6.0446524e+01	6.0017795e+01	6.0776423e+01	5.9973622e+01	5.9117737e+01	6.0922885e+01	6.1622491e+01	6.0393787e+01
5.9405698e+01	6.1998189e+01	6.3212124e+01	6.1519098e+01	5.9537807e+01	6.3315279e+01	6.0559650e+01	5.9945323e+01	5.9657699e+01	6.0723037e+01	5.9536101e+01	5.9573571e+01	5.8932371e+01	6.0473234e+01	6.0086788e+01	5.9383434e+01	6.2567903e+01	6.0446524e+01	5.9691913e+01	6.0602523e+01	5.9973622e+01	5.8989558e+01	6.0922885e+01	6.1622491e+01	6.0140292e+01
5.9405698e+01	6.1998189e+01	6.3212124e+01	6.1519098e+01	5.9332016e+01	6.3315279e+01	6.0475800e+01	5.9945323e+01	5.9589441e+01	6.0466907e+01	5.9397325e+01	5.9573571e+01	5.8931754e+01	6.0473234e+01	6.0086788e+01	5.9257794e+01	6.1803979e+01	6.0446524e+01	5.9691913e+01	6.0602523e+01	5.9973622e+01	5.8989558e+01	6.0922885e+01	6.0819815e+01	6.0140292e+01
5.9405698e+01	6.1998189e+01	6.2888059e+01	6.0883886e+01	5.9332016e+01	6.3312978e+01	5.9877573e+01	5.9762895e+01	5.9589441e+01	6.0195158e+01	5.9367330e+01	5.9573571e+01	5.8913989e+01	6.0473234e+01	5.9796540e+01	5.9197798e+01	6.1438778e+01	6.0244689e+01	5.9691913e+01	6.0602523e+01	5.9853024e+01	5.8989558e+01	6.0922885e+01	6.0819815e+01	6.0075420e+01
5.9405698e+01	6.1998189e+01	6.2888059e+01	6.0883886e+01	5.9265414e+01	6.3312978e+01	5.9734614e+01	5.9703376e+01	5.9505091e+01	5.9907636e+01	5.9355788e+01	5.9141995e+01	5.8851681e+01	6.0357985e+01	5.9796540e+01	5.9197798e+01	6.1438778e+01	6.0244689e+01	5.9443284e+01	6.0381709e+01	5.9853024e+01	5.8947574e+01	6.0922885e+01	6.0505707e+01	6.0075420e+01
5.9405698e+01	6.1998189e+01	6.2888059e+01	6.0400602e+01	5.9265414e+01	6.2109891e+01	5.9734614e+01	5.9703376e+01	5.9505091e+01	5.9907636e+01	5.9201586e+01	5.9141995e+01	5.8812095e+01	6.0357985e+01	5.9796540e+01	5.8987325e+01	6.1438778e+01	5.9954510e+01	5.9443284e+01	6.0370910e+01	5.9853024e+01	5.8932129e+01	6.0181128e+01	6.0382042e+01	5.9770672e+01
5.9405698e+01	6.1549928e+01	6.2367435e+01	6.0400602e+01	5.9088854e+01	6.2109891e+01	5.9671776e+01	5.9431028e+01	5.9368053e+01	5.9893415e+01	5.9180218e+01	5.9141995e+01	5.8751506e+01	6.0296240e+01	5.9512255e+01	5.8987325e+01	6.0513537e+01	5.9856316e+01	5.9387914e+01	5.9977749e+01	5.9789923e+01	5.8917123e+01	6.0181128e+01	6.0382042e+01	5.9518598e+01
5.9221236e+01	6.1549928e+01	6.2367435e+01	6.0400602e+01	5.9088854e+01	6.1772134e+01	5.9671776e+01	5.9431028e+01	5.9368053e+01	5.9427879e+01	5.9148457e+01	5.9141995e+01	5.8751506e+01	6.0291094e+01	5.9474432e+01	5.8987325e+01	6.0513537e+01	5.9670289e+01	5.9202688e+01	5.9977749e+01	5.9744164e+01	5.8852382e+01	6.0181128e+01	6.0343170e+01	5.9518598e+01
5.9221236e+01	6.0909051e+01	6.1419901e+01	6.0400602e+01	5.9088854e+01	6.1772134e+01	5.9584680e+01	5.9363768e+01	5.9195931e+01	5.9427879e+01	5.9097984e+01	5.9141995e+01	5.8751506e+01	6.0101140e+01	5.9452569e+01	5.8832218e+01	6.0513537e+01	5.9670289e+01	5.9202688e+01	5.9977749e+01	5.9511239e+01	5.8789849e+01	6.0181128e+01	5.9900745e+01	5.9406892e+01
5.9221236e+01	6.0909051e+01	6.1166699e+01	6.0317363e+01	5.9088854e+01	6.1772134e+01	5.9584680e+01	5.9235013e+01	5.9195931e+01	5.9427879e+01	5.9030426e+01	5.9030357e+01	5.8751506e+01	5.9608466e+01	5.9336824e+01	5.8832218e+01	6.0513537e+01	5.9670289e+01	5.9135075e+01	5.9977749e+01	5.9511239e+01	5.8786256e+01	5.9837342e+01	5.9843505e+01	5.9406892e+01
5.9221236e+01	6.0848209e+01	6.1166699e+01	6.0002943e+01	5.8933621e+01	6.1772134e+01	5.9558390e+01	5.9235013e+01	5.9195931e+01	5.9361031e+01	5.8950053e+01	5.8996792e+01	5.8735910e+01	5.9476584e+01	5.9303481e+01	5.8797487e+01	6.0482459e+01	5.9619432e+01	5.9135075e+01	5.9820334e+01	5.9511239e+01	5.8786256e+01	5.9662582e+01	5.9843505e+01	5.9406892e+01
5.9189131e+01	6.0496902e+01	6.1166699e+01	6.0002943e+01	5.8933621e+01	6.1772134e+01	5.9361890e+01	5.9182178e+01	5.9115824e+01	5.9361031e+01	5.8950053e+01	5.8972031e+01	5.8735910e+01	5.9476584e+01	5.8967593e+01	5.8797487e+01	6.0379398e+01	5.9618802e+01	5.9038377e+01	5.9724459e+01	5.9360193e+01	5.8786256e+01	5.9659978e+01	5.9843505e+01	5.9406892e+01
5.9089488e+01	6.0496902e+01	6.1166699e+01	5.9734480e+01	5.8933621e+01	6.1342882e+01	5.9361890e+01	5.9117851e+01	5.9065066e+01	5.9361031e+01	5.8914012e+01	5.8933630e+01	5.8735910e+01	5.9476584e+01	5.8967593e+01	5.8797487e+01	6.0379398e+01	5.9618802e+01	5.9038377e+01	5.9724459e+01	5.9360193e+01	5.8714340e+01	5.9659978e+01	5.9533561e+01	5.9147319e+01
5.9050837e+01	6.0315788e+01	6.1111289e+01	5.9734480e+01	5.8933621e+01	6.1342882e+01	5.9361890e+01	5.9117851e+01	5.9065066e+01	5.9045585e+01	5.8861978e+01	5.8933630e+01	5.8735910e+01	5.9476584e+01	5.8967593e+01	5.8742979e+01	6.0379398e+01	5.9596393e+01	5.9038377e+01	5.9630786e+01	5.9168233e+01	5.8714340e+01	5.9443100e+01	5.9533561e+01	5.9124064e+01
5.9050837e+01	6.0315788e+01	6.1084290e+01	5.9734480e+01	5.8933621e+01	6.1342882e+01	5.9316487e+01	5.9011866e+01	5.9032745e+01	5.9045585e+01	5.8824214e+01	5.8862731e+01	5.8722270e+01	5.9476584e+01	5.8967593e+01	5.8742979e+01	6.0312169e+01	5.9383134e+01	5.8906567e+01	5.9364140e+01	5.9050159e+01	5.8714340e+01	5.9443100e+01	5.9298614e+01	5.9124064e+01
5.9026496e+01	6.0315788e+01	6.0724354e+01	5.9734480e+01	5.8894448e+01	6.0885073e+01	5.9316487e+01	5.8881754e+01	5.9032745e+01	5.9045585e+01	5.8824214e+01	5.8860826e+01	5.8716993e+01	5.9476584e+01	5.8967593e+01	5.8720890e+01	6.0312169e+01	5.9383134e+01	5.8906567e+01	5.9364140e+01	5.9050159e+01	5.8714340e+01	5.9340962e+01	5.9298614e+01	5.8944113e+01
5.8958146e+01	6.0167350e+01	6.0253285e+01	5.9472128e+01	5.8840393e+01	6.0753386e+01	5.9295946e+01	5.8881754e+01	5.8845727e+01	5.9023836e+01	5.8824214e+01	5.8860826e+01	5.8708025e+01	5.9395152e+01	5.8967593e+01	5.8720890e+01	6.0021931e+01	5.9383134e+01	5.8906567e+01	5.9364140e+01	5.9006609e+01	5.8714340e+01	5.9098180e+01	5.9298614e+01	5.8944113e+01
5.8958146e+01	6.0167350e+01	6.0253285e+01	5.9382587e+01	5.8840393e+01	6.0025836e+01	5.9131113e+01	5.8881754e+01	5.8845727e+01	5.8989861e+01	5.8775793e+01	5.8839187e+01	5.8704879e+01	5.9276281e+01	5.8967593e+01	5.8720890e+01	6.0021931e+01	5.9261994e+01	5.8822884e+01	5.9194472e+01	5.9006609e+01	5.8699252e+01	5.9098180e+01	5.9276511e+01	5.8944113e+01
5.8952607e+01	6.0071943e+01	6.0253285e+01	5.9365560e+01	5.8840393e+01	6.0025836e+01	5.9131113e+01	5.8865705e+01	5.8845727e+01	5.8989861e+01	5.8763732e+01	5.8815891e+01	5.8690943e+01	5.9276281e+01	5.8898257e+01	5.8719808e+01	6.0021931e+01	5.9238894e+01	5.8822884e+01	5.9194472e+01	5.8955487e+01	5.8685892e+01	5.9098180e+01	5.9180747e+01	5.8937321e+01
5.8943955e+01	5.9563519e+01	6.0253285e+01	5.9365560e+01	5.8794854e+01	6.0025836e+01	5.9101782e+01	5.8865705e+01	5.8845727e+01	5.8965267e+01	5.8748861e+01	5.8769886e+01	5.8675440e+01	5.9276281e+01	5.8859149e+01	5.8689466e+01	5.9761021e+01	5.9176292e+01	5.8800397e+01	5.9194472e+01	5.8955487e+01	5.8682768e+01	5.9098180e+01	5.9123127e+01	5.8829042e+01
5.8883344e+01	5.9563519e+01	5.9992248e+01	5.9240143e+01	5.8770965e+01	5.9721242e+01	5.9031326e+01	5.8865705e+01	5.8825192e+01	5.8960573e+01	5.8727058e+01	5.8769886e+01	5.8675440e+01	5.9246669e+01	5.8818166e+01	5.8678636e+01	5.9761021e+01	5.8986838e+01	5.8792301e+01	5.9141151e+01	5.8952499e+01	5.8676906e+01	5.9086554e+01	5.9106364e+01	5.8820527e+01
5.8841253e+01	5.9563519e+01	5.9992248e+01	5.9148233e+01	5.8719531e+01	5.9721242e+01	5.9031326e+01	5.8819404e+01	5.8825192e+01	5.8872279e+01	5.8696603e+01	5.8769886e+01	5.8674506e+01	5.9115522e+01	5.8818166e+01	5.8659322e+01	5.9502900e+01	5.8986838e+01	5.8776248e+01	5.9038159e+01	5.8919814e+01	5.8641609e+01	5.9086554e+01	5.9106364e+01	5.8815121e+01
5.8835790e+01	5.9496117e+01	5.9978352e+01	5.9148233e+01	5.8719531e+01	5.9461187e+01	5.9031326e+01	5.8802329e+01	5.8772841e+01	5.8872279e+01	5.8696603e+01	5.8769886e+01	5.8661134e+01	5.9115522e+01	5.8818166e+01	5.8659322e+01	5.9502900e+01	5.8936810e+01	5.8776248e+01	5.8996215e+01	5.8877688e+01	5.8641609e+01	5.9086554e+01	5.9106364e+01	5.8795262e+01
5.8797753e+01	5.9326904e+01	5.9859944e+01	5.9077374e+01	5.8715343e+01	5.9461187e+01	5.9021698e+01	5.8776416e+01	5.8772841e+01	5.8824778e+01	5.8684485e+01	5.8722529e+01	5.8661134e+01	5.9084881e+01	5.8818166e+01	5.8659322e+01	5.9502900e+01	5.8878247e+01	5.8769579e+01	5.8976034e+01	5.8868359e+01	5.8641609e+01	5.8989892e+01	5.8995412e+01	5.8752683e+01
5.8790071e+01	5.9204063e+01	5.9334693e+01	5.9077374e+01	5.8715343e+01	5.9302872e+01	5.8948005e+01	5.8742685e+01	5.8751887e+01	5.8820184e+01	5.8657906e+01	5.8722529e+01	5.8661134e+01	5.8895117e+01	5.8795453e+01	5.8651412e+01	5.9502900e+01	5.8841792e+01	5.8712119e+01	5.8925159e+01	5.8778449e+01	5.8623454e+01	5.8930601e+01	5.8990111e+01	5.8752683e+01
5.8750383e+01	5.9181928e+01	5.9334693e+01	5.9008411e+01	5.8711141e+01	5.9280371e+01	5.8894075e+01	5.8742685e+01	5.8737887e+01	5.8795675e+01	5.8657906e+01	5.8699422e+01	5.8661134e+01	5.8895117e+01	5.8765726e+01	5.8606890e+01	5.9353577e+01	5.8841792e+01	5.8681476e+01	5.8925159e+01	5.8757271e+01	5.8623454e+01	5.8902775e+01	5.8962039e+01	5.8752683e+01
5.8750383e+01	5.9154106e+01	5.9334693e+01	5.9008411e+01	5.8711141e+01	5.9280371e+01	5.8875400e+01	5.8709646e+01	5.8718637e+01	5.8780798e+01	5.8646255e+01	5.8696362e+01	5.8658401e+01	5.8895117e+01	5.8752511e+01	5.8606890e+01	5.9333536e+01	5.8808533e+01	5.8681476e+01	5.8925159e+01	5.8757271e+01	5.8619022e+01	5.8818259e+01	5.8935240e+01	5.8752683e+01
5.8737176e+01	5.9043209e+01	5.9334693e+01	5.9005634e+01	5.8693832e+01	5.9280371e+01	5.8875400e+01	5.8697047e+01	5.8718637e+01	5.8753841e+01	5.8644741e+01	5.8666262e+01	5.8658401e+01	5.8835090e+01	5.8739248e+01	5.8606890e+01	5.9277173e+01	5.8747612e+01	5.8679179e+01	5.8904840e+01	5.8757271e+01	5.8613447e+01	5.8818259e+01	5.8860362e+01	5.8749080e+01
5.8707084e+01	5.9043209e+01	5.9334693e+01	5.8993284e+01	5.8693048e+01	5.9280371e+01	5.8875400e+01	5.8697047e+01	5.8669853e+01	5.8726161e+01	5.8638168e+01	5.8666262e+01	5.8658401e+01	5.8835090e+01	5.8726094e+01	5.8606890e+01	5.9199432e+01	5.8747612e+01	5.8676993e+01	5.8904840e+01	5.8747836e+01	5.8613447e+01	5.8818259e+01	5.8860362e+01	5.8727385e+01
5.8707084e+01	5.9043209e+01	5.9334693e+01	5.8993284e+01	5.8663695e+01	5.9280371e+01	5.8812898e+01	5.8666865e+01	5.8669853e+01	5.8726161e+01	5.8623652e+01	5.8666262e+01	5.8658401e+01	5.8816387e+01	5.8719870e+01	5.8606579e+01	5.9079406e+01	5.8747612e+01	5.8657879e+01	5.8844802e+01	5.8734607e+01	5.8611073e+01	5.8731479e+01	5.8835684e+01	5.8700990e+01
5.8707084e+01	5.8934386e+01	5.9290287e+01	5.8888077e+01	5.8663695e+01	5.9193115e+01	5.8812898e+01	5.8666865e+01	5.8659515e+01	5.8711478e+01	5.8623652e+01	5.8666262e+01	5.8657053e+01	5.8808883e+01	5.8687209e+01	5.8601512e+01	5.9079406e+01	5.8728760e+01	5.8633914e+01	5.8844802e+01	5.8731177e+01	5.8590739e+01	5.8731479e+01	5.8835684e+01	5.8695031e+01
5.8707084e+01	5.8853574e+01	5.9290287e+01	5.8882066e+01	5.8663695e+01	5.9122680e+01	5.8800841e+01	5.8663316e+01	5.8648719e+01	5.8711478e+01	5.8623652e+01	5.8639201e+01	5.8655309e+01	5.8749134e+01	5.8687209e+01	5.8589643e+01	5.9022902e+01	5.8728760e+01	5.8620845e+01	5.8805966e+01	5.8731177e+01	5.8590739e+01	5.8697893e+01	5.8827698e+01	5.8656833e+01
5.8699331e+01	5.8853574e+01	5.9274601e+01	5.8882066e+01	5.8658914e+01	5.8986603e+01	5.8770085e+01	5.8655446e+01	5.8648719e+01	5.8693748e+01	5.8615799e+01	5.8639201e+01	5.8655309e+01	5.8746355e+01	5.8687209e+01	5.8589643e+01	5.9004455e+01	5.8707374e+01	5.8620845e+01	5.8801870e+01	5.8705993e+01	5.8590739e+01	5.8697893e+01	5.8813097e+01	5.8656833e+01
5.8695050e+01	5.8818910e+01	5.9100655e+01	5.8872197e+01	5.8651979e+01	5.8986603e+01	5.8770085e+01	5.8654780e+01	5.8643470e+01	5.8686248e+01	5.8600554e+01	5.8621601e+01	5.8642047e+01	5.8746355e+01	5.8679056e+01	5.8589643e+01	5.9004455e+01	5.8686672e+01	5.8607410e+01	5.8784024e+01	5.8689252e+01	5.8584390e+01	5.8697893e+01	5.8743214e+01	5.8648819e+01
5.8679644e+01	5.8817030e+01	5.9100655e+01	5.8847576e+01	5.8640997e+01	5.8986603e+01	5.8770085e+01	5.8654165e+01	5.8642674e+01	5.8674050e+01	5.8597298e+01	5.8621102e+01	5.8642047e+01	5.8705621e+01	5.8671609e+01	5.8585953e+01	5.8984639e+01	5.8653865e+01	5.8607377e+01	5.8752913e+01	5.8689252e+01	5.8584390e+01	5.8697893e+01	5.8743214e+01	5.8637027e+01
5.8669281e+01	5.8785033e+01	5.9100655e+01	5.8847576e+01	5.8640997e+01	5.8872045e+01	5.8760824e+01	5.8637263e+01	5.8639074e+01	5.8674050e+01	5.8597298e+01	5.8621102e+01	5.8642047e+01	5.8705621e+01	5.8652056e+01	5.8579537e+01	5.8971044e+01	5.8653865e+01	5.8607377e+01	5.8752913e+01	5.8689252e+01	5.8584390e+01	5.8666452e+01	5.8743214e+01	5.8637027e+01
5.8652912e+01	5.8763827e+01	5.9100655e+01	5.8829218e+01	5.8633113e+01	5.8872045e+01	5.8745452e+01	5.8637263e+01	5.8618789e+01	5.8667297e+01	5.8597298e+01	5.8615005e+01	5.8641969e+01	5.8704298e+01	5.8652056e+01	5.8579537e+01	5.8941153e+01	5.8653865e+01	5.8606972e+01	5.8752913e+01	5.8686795e+01	5.8584390e+01	5.8666452e+01	5.8743214e+01	5.8615669e+01
5.8652912e+01	5.8743913e+01	5.9100655e+01	5.8829218e+01	5.8633113e+01	5.8872045e+01	5.8717113e+01	5.8628315e+01	5.8618789e+01	5.8667297e+01	5.8588836e+01	5.8611378e+01	5.8639755e+01	5.8654543e+01	5.8644120e+01	5.8577404e+01	5.8897367e+01	5.8653865e+01	5.8599208e+01	5.8752913e+01	5.8677164e+01	5.8583312e+01	5.8666452e+01	5.8722107e+01	5.8615669e+01
5.8651593e+01	5.8743913e+01	5.9015786e+01	5.8802018e+01	5.8633113e+01	5.8831687e+01	5.8717113e+01	5.8628315e+01	5.8607197e+01	5.8665601e+01	5.8588836e+01	5.8604059e+01	5.8636050e+01	5.8654543e+01	5.8644120e+01	5.8577404e+01	5.8897367e+01	5.8652650e+01	5.8593467e+01	5.8725286e+01	5.8630557e+01	5.8578473e+01	5.8639909e+01	5.8722107e+01	5.8615669e+01
5.8639149e+01	5.8720100e+01	5.8980185e+01	5.8779024e+01	5.8627824e+01	5.8806265e+01	5.8717113e+01	5.8628315e+01	5.8604014e+01	5.8661098e+01	5.8588652e+01	5.8601737e+01	5.8636050e+01	5.8654543e+01	5.8644120e+01	5.8577404e+01	5.8875327e+01	5.8626509e+01	5.8593467e+01	5.8725286e+01	5.8630557e+01	5.8578473e+01	5.8639909e+01	5.8722107e+01	5.8613313e+01
5.8639149e+01	5.8711456e+01	5.8898844e+01	5.8693305e+01	5.8616184e+01	5.8806265e+01	5.8717113e+01	5.8628315e+01	5.8600601e+01	5.8653998e+01	5.8584689e+01	5.8601737e+01	5.8636050e+01	5.8654543e+01	5.8636366e+01	5.8575489e+01	5.8875327e+01	5.8626509e+01	5.8593467e+01	5.8720555e+01	5.8630557e+01	5.8576617e+01	5.8626743e+01	5.8717757e+01	5.8613313e+01
5.8634068e+01	5.8696450e+01	5.8836745e+01	5.8693305e+01	5.8608118e+01	5.8791767e+01	5.8717113e+01	5.8624189e+01	5.8600601e+01	5.8650767e+01	5.8584689e+01	5.8601344e+01	5.8636050e+01	5.8654543e+01	5.8636366e+01	5.8575200e+01	5.8837851e+01	5.8625359e+01	5.8593467e+01	5.8720555e+01	5.8630153e+01	5.8574242e+01	5.8626743e+01	5.8682525e+01	5.8596923e+01
5.8633226e+01	5.8666200e+01	5.8836745e+01	5.8693305e+01	5.8605207e+01	5.8790742e+01	5.8712449e+01	5.8605598e+01	5.8596172e+01	5.8639861e+01	5.8580697e+01	5.8601344e+01	5.8636050e+01	5.8648416e+01	5.8627975e+01	5.8568533e+01	5.8837851e+01	5.8625359e+01	5.8591496e+01	5.8720127e+01	5.8630153e+01	5.8574242e+01	5.8626743e+01	5.8679943e+01	5.8596923e+01
5.8633226e+01	5.8666200e+01	5.8836745e+01	5.8685535e+01	5.8595801e+01	5.8773739e+01	5.8712449e+01	5.8603404e+01	5.8591792e+01	5.8639861e+01	5.8574185e+01	5.8595972e+01	5.8636050e+01	5.8631792e+01	5.8627975e+01	5.8568396e+01	5.8837851e+01	5.8625359e+01	5.8589533e+01	5.8714643e+01	5.8630153e+01	5.8568937e+01	5.8618857e+01	5.8679943e+01	5.8587068e+01
5.8633226e+01	5.8660049e+01	5.8836745e+01	5.8685535e+01	5.8590958e+01	5.8763339e+01	5.8709768e+01	5.8603404e+01	5.8588128e+01	5.8639861e+01	5.8573872e+01	5.8592810e+01	5.8636050e+01	5.8628235e+01	5.8625417e+01	5.8568396e+01	5.8818493e+01	5.8623042e+01	5.8588820e+01	5.8714643e+01	5.8630153e+01	5.8568937e+01	5.8618857e+01	5.8673902e+01	5.8587068e+01
5.8633226e+01	5.8638048e+01	5.8753290e+01	5.8657842e+01	5.8590958e+01	5.8763339e+01	5.8709758e+01	5.8603404e+01	5.8588128e+01	5.8639861e+01	5.8573872e+01	5.8589500e+01	5.8636050e+01	5.8623687e+01	5.8625417e+01	5.8568396e+01	5.8785834e+01	5.8623042e+01	5.8582455e+01	5.8713340e+01	5.8616779e+01	5.8568937e+01	5.8618857e+01	5.8673902e+01	5.8586113e+01
5.8623190e+01	5.8625553e+01	5.8753290e+01	5.8639883e+01	5.8586168e+01	5.8763339e+01	5.8709080e+01	5.8598261e+01	5.8585277e+01	5.8639861e+01	5.8570763e+01	5.8588380e+01	5.8636050e+01	5.8623687e+01	5.8621397e+01	5.8568396e+01	5.8785834e+01	5.8612474e+01	5.8582455e+01	5.8694800e+01	5.8616779e+01	5.8568153e+01	5.8618857e+01	5.8667826e+01	5.8586113e+01
5.8612515e+01	5.8625553e+01	5.8737974e+01	5.8639883e+01	5.8580407e+01	5.8740995e+01	5.8702294e+01	5.8598261e+01	5.8585277e+01	5.8633828e+01	5.8570763e+01	5.8583479e+01	5.8636050e+01	5.8605816e+01	5.8621397e+01	5.8568396e+01	5.8783029e+01	5.8605660e+01	5.8582455e+01	5.8694800e+01	5.8616779e+01	5.8568153e+01	5.8618857e+01	5.8667661e+01	5.8586113e+01
5.8612481e+01	5.8624607e+01	5.8737974e+01	5.8631061e+01	5.8580407e+01	5.8740995e+01	5.8701241e+01	5.8588078e+01	5.8584287e+01	5.8632118e+01	5.8570763e+01	5.8576040e+01	5.8636050e+01	5.8603664e+01	5.8621397e+01	5.8567565e+01	5.8754745e+01	5.8605660e+01	5.8578957e+01	5.8694800e+01	5.8616779e+01	5.8568097e+01	5.8615460e+01	5.8667661e+01	5.8584568e+01
5.8610620e+01	5.8614761e+01	5.8728752e+01	5.8631061e+01	5.8580407e+01	5.8705886e+01	5.8701241e+01	5.8584740e+01	5.8580396e+01	5.8629812e+01	5.8570763e+01	5.8576040e+01	5.8636050e+01	5.8603664e+01	5.8621397e+01	5.8567565e+01	5.8754745e+01	5.8605660e+01	5.8578957e+01	5.8694800e+01	5.8615066e+01	5.8566706e+01	5.8615460e+01	5.8659895e+01	5.8584568e+01
5.8605980e+01	5.8614761e+01	5.8728752e+01	5.8626013e+01	5.8576090e+01	5.8705886e+01	5.8701241e+01	5.8584740e+01	5.8572104e+01	5.8629812e+01	5.8570076e+01	5.8576040e+01	5.8617248e+01	5.8602303e+01	5.8621397e+01	5.8567048e+01	5.8754745e+01	5.8605660e+01	5.8576846e+01	5.8694800e+01	5.8598376e+01	5.8566706e+01	5.8602666e+01	5.8655846e+01	5.8579969e+01
5.8594126e+01	5.8614761e+01	5.8724178e+01	5.8613775e+01	5.8575392e+01	5.8705886e+01	5.8692313e+01	5.8581749e+01	5.8572104e+01	5.8627674e+01	5.8567624e+01	5.8576040e+01	5.8616565e+01	5.8595035e+01	5.8621397e+01	5.8566293e+01	5.8741885e+01	5.8605660e+01	5.8575308e+01	5.8694800e+01	5.8598376e+01	5.8566016e+01	5.8602666e+01	5.8653544e+01	5.8574246e+01
5.8594126e+01	5.8614761e+01	5.8701350e+01	5.8613775e+01	5.8575392e+01	5.8705886e+01	5.8685397e+01	5.8580577e+01	5.8572104e+01	5.8627674e+01	5.8567624e+01	5.8574853e+01	5.8616565e+01	5.8590407e+01	5.8621397e+01	5.8566293e+01	5.8735604e+01	5.8605660e+01	5.8571727e+01	5.8694800e+01	5.8598376e+01	5.8565888e+01	5.8602666e+01	5.8640991e+01	5.8574246e+01
5.8592545e+01	5.8614761e+01	5.8697388e+01	5.8608731e+01	5.8571695e+01	5.8705886e+01	5.8685397e+01	5.8577029e+01	5.8571291e+01	5.8627674e+01	5.8567624e+01	5.8574074e+01	5.8608692e+01	5.8586111e+01	5.8618289e+01	5.8565630e+01	5.8735604e+01	5.8605660e+01	5.8571727e+01	5.8693041e+01	5.8588093e+01	5.8564900e+01	5.8597822e+01	5.8640991e+01	5.8574246e+01
5.8589859e+01	5.8614761e+01	5.8684044e+01	5.8594613e+01	5.8571695e+01	5.8699106e+01	5.8685397e+01	5.8577029e+01	5.8570884e+01	5.8625723e+01	5.8567190e+01	5.8573019e+01	5.8608692e+01	5.8581898e+01	5.8618289e+01	5.8565186e+01	5.8703130e+01	5.8605660e+01	5.8571727e+01	5.8692986e+01	5.8579340e+01	5.8564900e+01	5.8590262e+01	5.8639611e+01	5.8572720e+01
5.8586272e+01	5.8614761e+01	5.8684044e+01	5.8590858e+01	5.8571695e+01	5.8699106e+01	5.8685397e+01	5.8576523e+01	5.8570884e+01	5.8625723e+01	5.8567190e+01	5.8573019e+01	5.8608692e+01	5.8576680e+01	5.8611234e+01	5.8563699e+01	5.8703130e+01	5.8605660e+01	5.8571727e+01	5.8691300e+01	5.8579340e+01	5.8564529e+01	5.8589783e+01	5.8639611e+01	5.8572720e+01
5.8584554e+01	5.8614761e+01	5.8681196e+01	5.8590354e+01	5.8571695e+01	5.8696595e+01	5.8685397e+01	5.8573230e+01	5.8569286e+01	5.8625723e+01	5.8565566e+01	5.8569246e+01	5.8607094e+01	5.8576680e+01	5.8598607e+01	5.8563699e+01	5.8701699e+01	5.8602801e+01	5.8570755e+01	5.8689237e+01	5.8579340e+01	5.8564488e+01	5.8584888e+01	5.8639611e+01	5.8572720e+01
5.8575966e+01	5.8613927e+01	5.8681196e+01	5.8581449e+01	5.8568242e+01	5.8689672e+01	5.8685397e+01	5.8571439e+01	5.8569286e+01	5.8624118e+01	5.8565566e+01	5.8566267e+01	5.8593595e+01	5.8576117e+01	5.8598607e+01	5.8563699e+01	5.8701699e+01	5.8595047e+01	5.8569620e+01	5.8683503e+01	5.8579340e+01	5.8564387e+01	5.8584888e+01	5.8639611e+01	5.8570459e+01
5.8575966e+01	5.8613927e+01	5.8672929e+01	5.8581449e+01	5.8568242e+01	5.8681193e+01	5.8680765e+01	5.8571439e+01	5.8569286e+01	5.8624118e+01	5.8565566e+01	5.8566267e+01	5.8592032e+01	5.8576117e+01	5.8597290e+01	5.8563699e+01	5.8701699e+01	5.8595047e+01	5.8567946e+01	5.8683503e+01	5.8579340e+01	5.8563539e+01	5.8582302e+01	5.8639611e+01	5.8569991e+01
5.8575966e+01	5.8603515e+01	5.8672929e+01	5.8581449e+01	5.8568000e+01	5.8681193e+01	5.8680765e+01	5.8570615e+01	5.8568719e+01	5.8624118e+01	5.8565566e+01	5.8566267e+01	5.8592032e+01	5.8573496e+01	5.8594663e+01	5.8563485e+01	5.8701699e+01	5.8594352e+01	5.8567204e+01	5.8683503e+01	5.8579340e+01	5.8563539e+01	5.8580780e+01	5.8639611e+01	5.8569595e+01
5.8573415e+01	5.8603515e+01	5.8672686e+01	5.8581449e+01	5.8567461e+01	5.8681193e+01	5.8680765e+01	5.8569190e+01	5.8567561e+01	5.8624118e+01	5.8565225e+01	5.8566267e+01	5.8592032e+01	5.8573496e+01	5.8590924e+01	5.8563440e+01	5.8701699e+01	5.8594352e+01	5.8566317e+01	5.8681518e+01	5.8576603e+01	5.8563381e+01	5.8577309e+01	5.8639611e+01	5.8569111e+01
5.8573415e+01	5.8600222e+01	5.8664760e+01	5.8581449e+01	5.8565390e+01	5.8674706e+01	5.8680765e+01	5.8568705e+01	5.8567082e+01	5.8624118e+01	5.8564501e+01	5.8566267e+01	5.8590633e+01	5.8573496e+01	5.8588202e+01	5.8563440e+01	5.8697624e+01	5.8583685e+01	5.8565728e+01	5.8681518e+01	5.8576603e+01	5.8563266e+01	5.8577309e+01	5.8639611e+01	5.8568380e+01
5.8571829e+01	5.8592865e+01	5.8661648e+01	5.8581449e+01	5.8565390e+01	5.8674706e+01	5.8680765e+01	5.8567970e+01	5.8567082e+01	5.8622263e+01	5.8564501e+01	5.8566267e+01	5.8585109e+01	5.8572822e+01	5.8582848e+01	5.8563440e+01	5.8694397e+01	5.8583685e+01	5.8565728e+01	5.8681518e+01	5.8576603e+01	5.8562995e+01	5.8575467e+01	5.8639611e+01	5.8566791e+01
5.8571829e+01	5.8588842e+01	5.8651331e+01	5.8579655e+01	5.8565178e+01	5.8671173e+01	5.8680765e+01	5.8567330e+01	5.8566557e+01	5.8622263e+01	5.8564501e+01	5.8566225e+01	5.8580099e+01	5.8571077e+01	5.8582848e+01	5.8562818e+01	5.8694397e+01	5.8583685e+01	5.8565519e+01	5.8681518e+01	5.8574325e+01	5.8562916e+01	5.8575220e+01	5.8639611e+01	5.8565553e+01
5.8567790e+01	5.8586829e+01	5.8651331e+01	5.8579655e+01	5.8565178e+01	5.8668821e+01	5.8680765e+01	5.8567330e+01	5.8565934e+01	5.8605949e+01	5.8563506e+01	5.8564927e+01	5.8580099e+01	5.8571077e+01	5.8582840e+01	5.8562818e+01	5.8694397e+01	5.8583633e+01	5.8564819e+01	5.8681518e+01	5.8571477e+01	5.8562892e+01	5.8575071e+01	5.8639611e+01	5.8565553e+01
5.8567790e+01	5.8586829e+01	5.8643341e+01	5.8577848e+01	5.8564552e+01	5.8666200e+01	5.8680765e+01	5.8565846e+01	5.8565563e+01	5.8597619e+01	5.8563506e+01	5.8564927e+01	5.8580099e+01	5.8569848e+01	5.8577434e+01	5.8562818e+01	5.8692598e+01	5.8583235e+01	5.8564216e+01	5.8670902e+01	5.8571477e+01	5.8562778e+01	5.8573292e+01	5.8633708e+01	5.8565553e+01
5.8567790e+01	5.8586829e+01	5.8643341e+01	5.8574219e+01	5.8564552e+01	5.8666200e+01	5.8680765e+01	5.8564614e+01	5.8564756e+01	5.8597619e+01	5.8563506e+01	5.8564275e+01	5.8578709e+01	5.8569600e+01	5.8576691e+01	5.8562818e+01	5.8683899e+01	5.8583163e+01	5.8564216e+01	5.8670902e+01	5.8569076e+01	5.8562745e+01	5.8572586e+01	5.8633708e+01	5.8565553e+01
5.8567790e+01	5.8584913e+01	5.8630199e+01	5.8573819e+01	5.8564552e+01	5.8666200e+01	5.8662095e+01	5.8564614e+01	5.8564756e+01	5.8597619e+01	5.8563258e+01	5.8564275e+01	5.8578709e+01	5.8569274e+01	5.8575064e+01	5.8562818e+01	5.8683899e+01	5.8577169e+01	5.8563991e+01	5.8670902e+01	5.8569076e+01	5.8562545e+01	5.8569117e+01	5.8626569e+01	5.8565192e+01
5.8567790e+01	5.8577124e+01	5.8630199e+01	5.8572866e+01	5.8564391e+01	5.8665458e+01	5.8662095e+01	5.8564406e+01	5.8564756e+01	5.8597619e+01	5.8562899e+01	5.8563838e+01	5.8576797e+01	5.8566631e+01	5.8575064e+01	5.8562617e+01	5.8683899e+01	5.8577169e+01	5.8563991e+01	5.8652100e+01	5.8569076e+01	5.8562400e+01	5.8569117e+01	5.8626569e+01	5.8564563e+01
5.8567711e+01	5.8573127e+01	5.8630199e+01	5.8572115e+01	5.8564004e+01	5.8664231e+01	5.8660335e+01	5.8564272e+01	5.8564186e+01	5.8592977e+01	5.8562899e+01	5.8563392e+01	5.8576797e+01	5.8566631e+01	5.8575064e+01	5.8562545e+01	5.8683899e+01	5.8573673e+01	5.8563948e+01	5.8652100e+01	5.8569076e+01	5.8562394e+01	5.8569117e+01	5.8626569e+01	5.8563956e+01
5.8567356e+01	5.8573127e+01	5.8630199e+01	5.8571165e+01	5.8563836e+01	5.8664169e+01	5.8648784e+01	5.8564272e+01	5.8563572e+01	5.8592977e+01	5.8562275e+01	5.8563392e+01	5.8573817e+01	5.8565622e+01	5.8570657e+01	5.8562449e+01	5.8683476e+01	5.8573673e+01	5.8563653e+01	5.8652100e+01	5.8567879e+01	5.8562165e+01	5.8568239e+01	5.8616209e+01	5.8563956e+01
5.8565969e+01	5.8573127e+01	5.8626736e+01	5.8568633e+01	5.8563836e+01	5.8660386e+01	5.8648784e+01	5.8564016e+01	5.8563477e+01	5.8592977e+01	5.8562275e+01	5.8563392e+01	5.8571750e+01	5.8565622e+01	5.8570657e+01	5.8562391e+01	5.8681662e+01	5.8573332e+01	5.8563483e+01	5.8652100e+01	5.8566946e+01	5.8562088e+01	5.8567147e+01	5.8603972e+01	5.8563414e+01
5.8565326e+01	5.8573127e+01	5.8626736e+01	5.8568633e+01	5.8563463e+01	5.8660386e+01	5.8637697e+01	5.8564016e+01	5.8563477e+01	5.8589357e+01	5.8562275e+01	5.8563233e+01	5.8571750e+01	5.8565622e+01	5.8569660e+01	5.8562391e+01	5.8677371e+01	5.8572055e+01	5.8563483e+01	5.8652100e+01	5.8565493e+01	5.8562088e+01	5.8566718e+01	5.8596361e+01	5.8563414e+01
5.8564876e+01	5.8571048e+01	5.8626736e+01	5.8567796e+01	5.8563204e+01	5.8660386e+01	5.8625504e+01	5.8563665e+01	5.8563047e+01	5.8582728e+01	5.8562275e+01	5.8562980e+01	5.8571750e+01	5.8565180e+01	5.8569356e+01	5.8562191e+01	5.8676182e+01	5.8572055e+01	5.8563330e+01	5.8640023e+01	5.8565493e+01	5.8562066e+01	5.8566213e+01	5.8596361e+01	5.8563414e+01
5.8564468e+01	5.8570246e+01	5.8623808e+01	5.8567709e+01	5.8563204e+01	5.8660386e+01	5.8625504e+01	5.8563665e+01	5.8562956e+01	5.8582728e+01	5.8562275e+01	5.8562980e+01	5.8571750e+01	5.8564973e+01	5.8568363e+01	5.8562117e+01	5.8666224e+01	5.8571623e+01	5.8563081e+01	5.8632903e+01	5.8565493e+01	5.8562066e+01	5.8565974e+01	5.8589946e+01	5.8563092e+01
5.8564416e+01	5.8570246e+01	5.8623808e+01	5.8566985e+01	5.8563204e+01	5.8660386e+01	5.8619684e+01	5.8563665e+01	5.8562956e+01	5.8582728e+01	5.8562275e+01	5.8562694e+01	5.8570389e+01	5.8564653e+01	5.8568151e+01	5.8562117e+01	5.8666224e+01	5.8570770e+01	5.8562859e+01	5.8612423e+01	5.8565493e+01	5.8561954e+01	5.8565848e+01	5.8589946e+01	5.8563092e+01
5.8564352e+01	5.8568548e+01	5.8623808e+01	5.8566985e+01	5.8562918e+01	5.8660386e+01	5.8605829e+01	5.8563154e+01	5.8562294e+01	5.8582728e+01	5.8562275e+01	5.8562694e+01	5.8569105e+01	5.8564653e+01	5.8566301e+01	5.8562009e+01	5.8666224e+01	5.8569140e+01	5.8562669e+01	5.8612423e+01	5.8565493e+01	5.8561913e+01	5.8565292e+01	5.8589946e+01	5.8563053e+01
5.8564352e+01	5.8568548e+01	5.8623808e+01	5.8566218e+01	5.8562918e+01	5.8659607e+01	5.8595772e+01	5.8563154e+01	5.8562294e+01	5.8582483e+01	5.8562275e+01	5.8562472e+01	5.8568504e+01	5.8563983e+01	5.8565380e+01	5.8562009e+01	5.8666224e+01	5.8569010e+01	5.8562528e+01	5.8612423e+01	5.8564721e+01	5.8561913e+01	5.8564555e+01	5.8585007e+01	5.8562924e+01
5.8563888e+01	5.8568548e+01	5.8623808e+01	5.8565599e+01	5.8562735e+01	5.8659607e+01	5.8595772e+01	5.8563154e+01	5.8562294e+01	5.8580369e+01	5.8562275e+01	5.8562395e+01	5.8568504e+01	5.8563601e+01	5.8565380e+01	5.8562009e+01	5.8666224e+01	5.8567439e+01	5.8562471e+01	5.8612423e+01	5.8564677e+01	5.8561839e+01	5.8564555e+01	5.8585007e+01	5.8562924e+01
5.8563720e+01	5.8567986e+01	5.8623808e+01	5.8564955e+01	5.8562700e+01	5.8659607e+01	5.8595772e+01	5.8563154e+01	5.8562294e+01	5.8576233e+01	5.8562205e+01	5.8562376e+01	5.8567945e+01	5.8563601e+01	5.8565380e+01	5.8561931e+01	5.8666224e+01	5.8567439e+01	5.8562471e+01	5.8612423e+01	5.8563919e+01	5.8561829e+01	5.8564551e+01	5.8585007e+01	5.8562682e+01
5.8563720e+01	5.8566493e+01	5.8623808e+01	5.8564955e+01	5.8562387e+01	5.8659607e+01	5.8594276e+01	5.8563154e+01	5.8562294e+01	5.8575213e+01	5.8562184e+01	5.8562355e+01	5.8567335e+01	5.8563601e+01	5.8564824e+01	5.8561919e+01	5.8666224e+01	5.8566119e+01	5.8562430e+01	5.8612423e+01	5.8563919e+01	5.8561829e+01	5.8563359e+01	5.8581273e+01	5.8562594e+01
5.8563641e+01	5.8566314e+01	5.8621002e+01	5.8564955e+01	5.8562316e+01	5.8659607e+01	5.8592241e+01	5.8562966e+01	5.8562294e+01	5.8572928e+01	5.8562025e+01	5.8562182e+01	5.8567335e+01	5.8563067e+01	5.8564338e+01	5.8561909e+01	5.8666224e+01	5.8565999e+01	5.8562119e+01	5.8609377e+01	5.8563913e+01	5.8561816e+01	5.8563359e+01	5.8579857e+01	5.8562594e+01
5.8563255e+01	5.8565268e+01	5.8617363e+01	5.8564381e+01	5.8562316e+01	5.8659607e+01	5.8584719e+01	5.8562704e+01	5.8562294e+01	5.8572262e+01	5.8562025e+01	5.8562175e+01	5.8567206e+01	5.8562985e+01	5.8564174e+01	5.8561905e+01	5.8666224e+01	5.8565888e+01	5.8562119e+01	5.8608137e+01	5.8563913e+01	5.8561718e+01	5.8563359e+01	5.8579857e+01	5.8562447e+01
5.8563255e+01	5.8564527e+01	5.8617363e+01	5.8564381e+01	5.8562265e+01	5.8659607e+01	5.8584719e+01	5.8562704e+01	5.8562294e+01	5.8572262e+01	5.8562025e+01	5.8562114e+01	5.8567206e+01	5.8562965e+01	5.8564174e+01	5.8561865e+01	5.8666224e+01	5.8564964e+01	5.8562119e+01	5.8598616e+01	5.8563183e+01	5.8561718e+01	5.8563359e+01	5.8576067e+01	5.8562447e+01
5.8563181e+01	5.8564527e+01	5.8616702e+01	5.8563812e+01	5.8562187e+01	5.8659607e+01	5.8584719e+01	5.8562704e+01	5.8562294e+01	5.8570937e+01	5.8562007e+01	5.8562114e+01	5.8566873e+01	5.8562965e+01	5.8564174e+01	5.8561830e+01	5.8642004e+01	5.8564964e+01	5.8562119e+01	5.8598616e+01	5.8563183e+01	5.8561718e+01	5.8563288e+01	5.8574349e+01	5.8562447e+01
5.8562901e+01	5.8564527e+01	5.8609546e+01	5.8563812e+01	5.8562090e+01	5.8659607e+01	5.8584719e+01	5.8562704e+01	5.8562095e+01	5.8570937e+01	5.8561999e+01	5.8562027e+01	5.8566383e+01	5.8562866e+01	5.8563985e+01	5.8561814e+01	5.8642004e+01	5.8564540e+01	5.8562061e+01	5.8596590e+01	5.8563183e+01	5.8561718e+01	5.8562899e+01	5.8574349e+01	5.8562355e+01
5.8562847e+01	5.8564527e+01	5.8595262e+01	5.8563812e+01	5.8562090e+01	5.8646153e+01	5.8579687e+01	5.8562427e+01	5.8562095e+01	5.8570844e+01	5.8561869e+01	5.8561988e+01	5.8565570e+01	5.8562740e+01	5.8563780e+01	5.8561814e+01	5.8642004e+01	5.8564134e+01	5.8562061e+01	5.8595962e+01	5.8563183e+01	5.8561718e+01	5.8562899e+01	5.8574349e+01	5.8562143e+01
5.8562617e+01	5.8563925e+01	5.8595262e+01	5.8563383e+01	5.8562037e+01	5.8643994e+01	5.8579687e+01	5.8562419e+01	5.8562095e+01	5.8569764e+01	5.8561818e+01	5.8561988e+01	5.8564592e+01	5.8562551e+01	5.8563281e+01	5.8561808e+01	5.8642004e+01	5.8564103e+01	5.8562061e+01	5.8594564e+01	5.8563028e+01	5.8561718e+01	5.8562875e+01	5.8574349e+01	5.8562143e+01
5.8562617e+01	5.8563925e+01	5.8595262e+01	5.8563009e+01	5.8561870e+01	5.8642613e+01	5.8578099e+01	5.8562414e+01	5.8562095e+01	5.8569764e+01	5.8561818e+01	5.8561948e+01	5.8564592e+01	5.8562417e+01	5.8563281e+01	5.8561768e+01	5.8642004e+01	5.8563864e+01	5.8562061e+01	5.8587138e+01	5.8562928e+01	5.8561718e+01	5.8562672e+01	5.8573960e+01	5.8562143e+01
5.8562136e+01	5.8563925e+01	5.8595262e+01	5.8562861e+01	5.8561870e+01	5.8638887e+01	5.8578099e+01	5.8562343e+01	5.8562095e+01	5.8569764e+01	5.8561818e+01	5.8561908e+01	5.8564592e+01	5.8562417e+01	5.8563281e+01	5.8561677e+01	5.8642004e+01	5.8563291e+01	5.8562041e+01	5.8587138e+01	5.8562690e+01	5.8561700e+01	5.8562601e+01	5.8572894e+01	5.8562062e+01
5.8562136e+01	5.8563643e+01	5.8594793e+01	5.8562861e+01	5.8561870e+01	5.8638638e+01	5.8578099e+01	5.8562135e+01	5.8561962e+01	5.8568179e+01	5.8561811e+01	5.8561908e+01	5.8564592e+01	5.8562248e+01	5.8563059e+01	5.8561677e+01	5.8637175e+01	5.8563258e+01	5.8561968e+01	5.8586739e+01	5.8562690e+01	5.8561700e+01	5.8562438e+01	5.8572045e+01	5.8562050e+01
5.8562136e+01	5.8563510e+01	5.8594793e+01	5.8562519e+01	5.8561797e+01	5.8632823e+01	5.8575180e+01	5.8562119e+01	5.8561873e+01	5.8568035e+01	5.8561811e+01	5.8561891e+01	5.8564560e+01	5.8562248e+01	5.8562982e+01	5.8561677e+01	5.8632045e+01	5.8563258e+01	5.8561837e+01	5.8585375e+01	5.8562636e+01	5.8561690e+01	5.8562416e+01	5.8571235e+01	5.8561970e+01
5.8562136e+01	5.8563510e+01	5.8586662e+01	5.8562519e+01	5.8561787e+01	5.8623908e+01	5.8575180e+01	5.8562080e+01	5.8561873e+01	5.8567804e+01	5.8561811e+01	5.8561837e+01	5.8564327e+01	5.8562248e+01	5.8562462e+01	5.8561677e+01	5.8616501e+01	5.8563258e+01	5.8561837e+01	5.8582413e+01	5.8562410e+01	5.8561678e+01	5.8562375e+01	5.8569527e+01	5.8561970e+01
5.8562136e+01	5.8563252e+01	5.8586662e+01	5.8562474e+01	5.8561787e+01	5.8606992e+01	5.8575180e+01	5.8562057e+01	5.8561873e+01	5.8566428e+01	5.8561797e+01	5.8561837e+01	5.8563900e+01	5.8562207e+01	5.8562454e+01	5.8561677e+01	5.8616501e+01	5.8563027e+01	5.8561837e+01	5.8579282e+01	5.8562410e+01	5.8561678e+01	5.8562200e+01	5.8569204e+01	5.8561943e+01
5.8562136e+01	5.8563048e+01	5.8586662e+01	5.8562474e+01	5.8561787e+01	5.8606992e+01	5.8575180e+01	5.8561997e+01	5.8561873e+01	5.8566428e+01	5.8561780e+01	5.8561794e+01	5.8563900e+01	5.8562207e+01	5.8562335e+01	5.8561674e+01	5.8614084e+01	5.8562854e+01	5.8561825e+01	5.8579282e+01	5.8562410e+01	5.8561672e+01	5.8562133e+01	5.8569132e+01	5.8561876e+01
5.8562104e+01	5.8562623e+01	5.8581770e+01	5.8562410e+01	5.8561787e+01	5.8606992e+01	5.8573924e+01	5.8561997e+01	5.8561851e+01	5.8566428e+01	5.8561722e+01	5.8561794e+01	5.8563900e+01	5.8562108e+01	5.8562330e+01	5.8561661e+01	5.8611236e+01	5.8562854e+01	5.8561743e+01	5.8579282e+01	5.8562304e+01	5.8561663e+01	5.8562133e+01	5.8567812e+01	5.8561843e+01
5.8562104e+01	5.8562623e+01	5.8581770e+01	5.8562387e+01	5.8561787e+01	5.8603903e+01	5.8573921e+01	5.8561953e+01	5.8561851e+01	5.8565369e+01	5.8561722e+01	5.8561755e+01	5.8563386e+01	5.8561823e+01	5.8562290e+01	5.8561638e+01	5.8610175e+01	5.8562664e+01	5.8561743e+01	5.8579282e+01	5.8562206e+01	5.8561637e+01	5.8562044e+01	5.8567451e+01	5.8561777e+01
5.8561963e+01	5.8562623e+01	5.8578418e+01	5.8562387e+01	5.8561787e+01	5.8597095e+01	5.8572986e+01	5.8561908e+01	5.8561780e+01	5.8565369e+01	5.8561722e+01	5.8561755e+01	5.8563386e+01	5.8561823e+01	5.8562290e+01	5.8561638e+01	5.8607066e+01	5.8562555e+01	5.8561743e+01	5.8578991e+01	5.8562142e+01	5.8561622e+01	5.8561842e+01	5.8567451e+01	5.8561777e+01
5.8561963e+01	5.8562623e+01	5.8578122e+01	5.8562289e+01	5.8561749e+01	5.8590867e+01	5.8572986e+01	5.8561908e+01	5.8561775e+01	5.8565369e+01	5.8561722e+01	5.8561712e+01	5.8563318e+01	5.8561823e+01	5.8562290e+01	5.8561637e+01	5.8607066e+01	5.8562555e+01	5.8561743e+01	5.8575521e+01	5.8562142e+01	5.8561601e+01	5.8561842e+01	5.8565950e+01	5.8561777e+01
5.8561929e+01	5.8562522e+01	5.8576317e+01	5.8562046e+01	5.8561749e+01	5.8590867e+01	5.8572431e+01	5.8561813e+01	5.8561775e+01	5.8564678e+01	5.8561721e+01	5.8561712e+01	5.8563235e+01	5.8561823e+01	5.8562151e+01	5.8561616e+01	5.8602387e+01	5.8562402e+01	5.8561716e+01	5.8574190e+01	5.8561984e+01	5.8561601e+01	5.8561842e+01	5.8565950e+01	5.8561777e+01
5.8561887e+01	5.8562522e+01	5.8576317e+01	5.8562046e+01	5.8561749e+01	5.8588210e+01	5.8571234e+01	5.8561813e+01	5.8561775e+01	5.8564413e+01	5.8561709e+01	5.8561711e+01	5.8563214e+01	5.8561823e+01	5.8562056e+01	5.8561616e+01	5.8597970e+01	5.8562372e+01	5.8561677e+01	5.8573765e+01	5.8561984e+01	5.8561601e+01	5.8561842e+01	5.8565950e+01	5.8561777e+01
5.8561887e+01	5.8562337e+01	5.8576317e+01	5.8562046e+01	5.8561749e+01	5.8584951e+01	5.8570849e+01	5.8561813e+01	5.8561748e+01	5.8564413e+01	5.8561706e+01	5.8561711e+01	5.8562785e+01	5.8561794e+01	5.8562056e+01	5.8561616e+01	5.8597944e+01	5.8562309e+01	5.8561677e+01	5.8573765e+01	5.8561984e+01	5.8561601e+01	5.8561820e+01	5.8565950e+01	5.8561722e+01
5.8561862e+01	5.8562318e+01	5.8572636e+01	5.8562046e+01	5.8561749e+01	5.8584951e+01	5.8570849e+01	5.8561813e+01	5.8561748e+01	5.8564350e+01	5.8561677e+01	5.8561709e+01	5.8562785e+01	5.8561794e+01	5.8562011e+01	5.8561616e+01	5.8597944e+01	5.8562309e+01	5.8561677e+01	5.8572755e+01	5.8561909e+01	5.8561601e+01	5.8561820e+01	5.8565745e+01	5.8561722e+01
5.8561844e+01	5.8562255e+01	5.8572545e+01	5.8562046e+01	5.8561708e+01	5.8576646e+01	5.8570849e+01	5.8561772e+01	5.8561740e+01	5.8564350e+01	5.8561677e+01	5.8561709e+01	5.8562760e+01	5.8561794e+01	5.8561963e+01	5.8561612e+01	5.8593907e+01	5.8562228e+01	5.8561677e+01	5.8571579e+01	5.8561899e+01	5.8561601e+01	5.8561803e+01	5.8565600e+01	5.8561699e+01
5.8561801e+01	5.8562255e+01	5.8571216e+01	5.8561944e+01	5.8561708e+01	5.8576646e+01	5.8570849e+01	5.8561758e+01	5.8561704e+01	5.8564350e+01	5.8561669e+01	5.8561698e+01	5.8562760e+01	5.8561794e+01	5.8561963e+01	5.8561608e+01	5.8591006e+01	5.8562002e+01	5.8561677e+01	5.8571579e+01	5.8561868e+01	5.8561601e+01	5.8561803e+01	5.8565600e+01	5.8561693e+01
5.8561793e+01	5.8562112e+01	5.8570562e+01	5.8561944e+01	5.8561701e+01	5.8576646e+01	5.8570849e+01	5.8561758e+01	5.8561664e+01	5.8563633e+01	5.8561669e+01	5.8561669e+01	5.8562586e+01	5.8561777e+01	5.8561963e+01	5.8561599e+01	5.8589225e+01	5.8562002e+01	5.8561667e+01	5.8571579e+01	5.8561868e+01	5.8561601e+01	5.8561803e+01	5.8564962e+01	5.8561661e+01
5.8561774e+01	5.8562042e+01	5.8570562e+01	5.8561852e+01	5.8561678e+01	5.8573687e+01	5.8569403e+01	5.8561715e+01	5.8561662e+01	5.8563633e+01	5.8561654e+01	5.8561657e+01	5.8562521e+01	5.8561777e+01	5.8561940e+01	5.8561599e+01	5.8589225e+01	5.8562002e+01	5.8561624e+01	5.8571505e+01	5.8561791e+01	5.8561594e+01	5.8561803e+01	5.8564739e+01	5.8561661e+01
5.8561745e+01	5.8562015e+01	5.8569513e+01	5.8561852e+01	5.8561678e+01	5.8573687e+01	5.8569403e+01	5.8561715e+01	5.8561651e+01	5.8563041e+01	5.8561654e+01	5.8561657e+01	5.8562413e+01	5.8561777e+01	5.8561940e+01	5.8561592e+01	5.8588844e+01	5.8562002e+01	5.8561624e+01	5.8570826e+01	5.8561791e+01	5.8561591e+01	5.8561796e+01	5.8564301e+01	5.8561661e+01
5.8561715e+01	5.8562013e+01	5.8569249e+01	5.8561829e+01	5.8561665e+01	5.8573687e+01	5.8569403e+01	5.8561715e+01	5.8561650e+01	5.8563041e+01	5.8561646e+01	5.8561657e+01	5.8562330e+01	5.8561777e+01	5.8561873e+01	5.8561592e+01	5.8587153e+01	5.8561958e+01	5.8561624e+01	5.8570323e+01	5.8561745e+01	5.8561591e+01	5.8561778e+01	5.8564039e+01	5.8561661e+01
5.8561715e+01	5.8561846e+01	5.8568167e+01	5.8561829e+01	5.8561649e+01	5.8570600e+01	5.8569403e+01	5.8561712e+01	5.8561645e+01	5.8563041e+01	5.8561645e+01	5.8561642e+01	5.8562312e+01	5.8561777e+01	5.8561873e+01	5.8561592e+01	5.8587153e+01	5.8561958e+01	5.8561624e+01	5.8569838e+01	5.8561745e+01	5.8561591e+01	5.8561778e+01	5.8564039e+01	5.8561661e+01
5.8561705e+01	5.8561846e+01	5.8568167e+01	5.8561807e+01	5.8561649e+01	5.8569215e+01	5.8569403e+01	5.8561712e+01	5.8561645e+01	5.8563041e+01	5.8561641e+01	5.8561642e+01	5.8562312e+01	5.8561777e+01	5.8561873e+01	5.8561584e+01	5.8587153e+01	5.8561958e+01	5.8561624e+01	5.8569586e+01	5.8561745e+01	5.8561591e+01	5.8561729e+01	5.8563746e+01	5.8561658e+01
5.8561654e+01	5.8561846e+01	5.8568167e+01	5.8561746e+01	5.8561649e+01	5.8569215e+01	5.8569403e+01	5.8561683e+01	5.8561645e+01	5.8563041e+01	5.8561641e+01	5.8561637e+01	5.8562061e+01	5.8561755e+01	5.8561873e+01	5.8561584e+01	5.8586277e+01	5.8561949e+01	5.8561624e+01	5.8569408e+01	5.8561745e+01	5.8561591e+01	5.8561729e+01	5.8563746e+01	5.8561653e+01
5.8561654e+01	5.8561841e+01	5.8566521e+01	5.8561746e+01	5.8561636e+01	5.8569215e+01	5.8569403e+01	5.8561677e+01	5.8561645e+01	5.8563041e+01	5.8561619e+01	5.8561629e+01	5.8562061e+01	5.8561693e+01	5.8561763e+01	5.8561584e+01	5.8585676e+01	5.8561910e+01	5.8561624e+01	5.8569265e+01	5.8561697e+01	5.8561591e+01	5.8561712e+01	5.8563746e+01	5.8561641e+01
5.8561654e+01	5.8561841e+01	5.8566521e+01	5.8561746e+01	5.8561636e+01	5.8568291e+01	5.8569403e+01	5.8561677e+01	5.8561641e+01	5.8562778e+01	5.8561619e+01	5.8561626e+01	5.8562060e+01	5.8561693e+01	5.8561763e+01	5.8561584e+01	5.8583785e+01	5.8561910e+01	5.8561600e+01	5.8569109e+01	5.8561697e+01	5.8561588e+01	5.8561670e+01	5.8563555e+01	5.8561632e+01
5.8561654e+01	5.8561841e+01	5.8566521e+01	5.8561746e+01	5.8561636e+01	5.8568259e+01	5.8569403e+01	5.8561654e+01	5.8561641e+01	5.8562778e+01	5.8561619e+01	5.8561622e+01	5.8562004e+01	5.8561693e+01	5.8561763e+01	5.8561582e+01	5.8583785e+01	5.8561890e+01	5.8561600e+01	5.8568753e+01	5.8561697e+01	5.8561588e+01	5.8561670e+01	5.8563531e+01	5.8561628e+01
5.8561654e+01	5.8561809e+01	5.8566511e+01	5.8561734e+01	5.8561622e+01	5.8567986e+01	5.8569208e+01	5.8561654e+01	5.8561641e+01	5.8562778e+01	5.8561614e+01	5.8561622e+01	5.8561906e+01	5.8561681e+01	5.8561763e+01	5.8561579e+01	5.8583785e+01	5.8561822e+01	5.8561600e+01	5.8568571e+01	5.8561697e+01	5.8561586e+01	5.8561670e+01	5.8563363e+01	5.8561628e+01
5.8561654e+01	5.8561740e+01	5.8566511e+01	5.8561680e+01	5.8561622e+01	5.8567311e+01	5.8569208e+01	5.8561630e+01	5.8561631e+01	5.8562778e+01	5.8561614e+01	5.8561615e+01	5.8561906e+01	5.8561681e+01	5.8561763e+01	5.8561579e+01	5.8583785e+01	5.8561812e+01	5.8561600e+01	5.8568460e+01	5.8561689e+01	5.8561586e+01	5.8561667e+01	5.8563131e+01	5.8561626e+01
5.8561654e+01	5.8561731e+01	5.8566505e+01	5.8561677e+01	5.8561622e+01	5.8565878e+01	5.8569208e+01	5.8561630e+01	5.8561631e+01	5.8562555e+01	5.8561603e+01	5.8561608e+01	5.8561890e+01	5.8561661e+01	5.8561749e+01	5.8561579e+01	5.8583785e+01	5.8561812e+01	5.8561600e+01	5.8568434e+01	5.8561689e+01	5.8561585e+01	5.8561656e+01	5.8563131e+01	5.8561626e+01
5.8561654e+01	5.8561701e+01	5.8565624e+01	5.8561677e+01	5.8561606e+01	5.8565878e+01	5.8569208e+01	5.8561630e+01	5.8561618e+01	5.8562555e+01	5.8561601e+01	5.8561608e+01	5.8561853e+01	5.8561653e+01	5.8561749e+01	5.8561573e+01	5.8583785e+01	5.8561788e+01	5.8561600e+01	5.8568181e+01	5.8561689e+01	5.8561582e+01	5.8561653e+01	5.8563131e+01	5.8561626e+01
5.8561654e+01	5.8561701e+01	5.8565624e+01	5.8561677e+01	5.8561606e+01	5.8565878e+01	5.8569208e+01	5.8561630e+01	5.8561605e+01	5.8562555e+01	5.8561601e+01	5.8561604e+01	5.8561853e+01	5.8561653e+01	5.8561749e+01	5.8561573e+01	5.8583785e+01	5.8561788e+01	5.8561596e+01	5.8567949e+01	5.8561682e+01	5.8561582e+01	5.8561653e+01	5.8563131e+01	5.8561626e+01
5.8561654e+01	5.8561701e+01	5.8564685e+01	5.8561660e+01	5.8561606e+01	5.8564636e+01	5.8569208e+01	5.8561630e+01	5.8561605e+01	5.8562495e+01	5.8561590e+01	5.8561604e+01	5.8561801e+01	5.8561640e+01	5.8561716e+01	5.8561572e+01	5.8583785e+01	5.8561788e+01	5.8561596e+01	5.8567904e+01	5.8561682e+01	5.8561580e+01	5.8561641e+01	5.8563041e+01	5.8561626e+01
5.8561654e+01	5.8561701e+01	5.8564685e+01	5.8561660e+01	5.8561606e+01	5.8564636e+01	5.8569208e+01	5.8561623e+01	5.8561605e+01	5.8562495e+01	5.8561590e+01	5.8561604e+01	5.8561801e+01	5.8561640e+01	5.8561716e+01	5.8561572e+01	5.8583785e+01	5.8561788e+01	5.8561596e+01	5.8567904e+01	5.8561666e+01	5.8561580e+01	5.8561641e+01	5.8562867e+01	5.8561616e+01
5.8561654e+01	5.8561701e+01	5.8564685e+01	5.8561655e+01	5.8561606e+01	5.8564636e+01	5.8569208e+01	5.8561623e+01	5.8561605e+01	5.8562495e+01	5.8561590e+01	5.8561599e+01	5.8561779e+01	5.8561628e+01	5.8561716e+01	5.8561572e+01	5.8583785e+01	5.8561772e+01	5.8561596e+01	5.8567786e+01	5.8561666e+01	5.8561577e+01	5.8561641e+01	5.8562730e+01	5.8561612e+01
5.8561641e+01	5.8561693e+01	5.8564386e+01	5.8561655e+01	5.8561606e+01	5.8563918e+01	5.8569208e+01	5.8561623e+01	5.8561605e+01	5.8562495e+01	5.8561586e+01	5.8561595e+01	5.8561732e+01	5.8561624e+01	5.8561710e+01	5.8561572e+01	5.8583785e+01	5.8561747e+01	5.8561595e+01	5.8567786e+01	5.8561653e+01	5.8561577e+01	5.8561624e+01	5.8562730e+01	5.8561611e+01
5.8561640e+01	5.8561682e+01	5.8563835e+01	5.8561655e+01	5.8561606e+01	5.8563918e+01	5.8569208e+01	5.8561614e+01	5.8561605e+01	5.8562455e+01	5.8561586e+01	5.8561595e+01	5.8561732e+01	5.8561624e+01	5.8561682e+01	5.8561571e+01	5.8583785e+01	5.8561711e+01	5.8561595e+01	5.8567361e+01	5.8561653e+01	5.8561576e+01	5.8561624e+01	5.8562730e+01	5.8561611e+01
5.8561640e+01	5.8561682e+01	5.8563835e+01	5.8561652e+01	5.8561604e+01	5.8563918e+01	5.8569208e+01	5.8561611e+01	5.8561598e+01	5.8562313e+01	5.8561586e+01	5.8561595e+01	5.8561732e+01	5.8561624e+01	5.8561682e+01	5.8561570e+01	5.8583785e+01	5.8561711e+01	5.8561590e+01	5.8567361e+01	5.8561653e+01	5.8561575e+01	5.8561624e+01	5.8562414e+01	5.8561611e+01
5.8561623e+01	5.8561675e+01	5.8563835e+01	5.8561652e+01	5.8561599e+01	5.8563918e+01	5.8569208e+01	5.8561599e+01	5.8561598e+01	5.8562271e+01	5.8561586e+01	5.8561592e+01	5.8561732e+01	5.8561624e+01	5.8561682e+01	5.8561570e+01	5.8583785e+01	5.8561711e+01	5.8561590e+01	5.8567361e+01	5.8561621e+01	5.8561575e+01	5.8561606e+01	5.8562402e+01	5.8561611e+01
5.8561623e+01	5.8561630e+01	5.8563185e+01	5.8561620e+01	5.8561599e+01	5.8563624e+01	5.8569208e+01	5.8561599e+01	5.8561598e+01	5.8562265e+01	5.8561580e+01	5.8561591e+01	5.8561696e+01	5.8561623e+01	5.8561682e+01	5.8561570e+01	5.8583785e+01	5.8561711e+01	5.8561588e+01	5.8567335e+01	5.8561621e+01	5.8561575e+01	5.8561606e+01	5.8562325e+01	5.8561590e+01
5.8561623e+01	5.8561630e+01	5.8563185e+01	5.8561620e+01	5.8561599e+01	5.8563624e+01	5.8569208e+01	5.8561599e+01	5.8561598e+01	5.8561950e+01	5.8561580e+01	5.8561587e+01	5.8561696e+01	5.8561611e+01	5.8561667e+01	5.8561570e+01	5.8583785e+01	5.8561711e+01	5.8561588e+01	5.8567335e+01	5.8561621e+01	5.8561573e+01	5.8561606e+01	5.8562177e+01	5.8561590e+01
5.8561610e+01	5.8561630e+01	5.8563185e+01	5.8561620e+01	5.8561598e+01	5.8563407e+01	5.8569208e+01	5.8561599e+01	5.8561597e+01	5.8561950e+01	5.8561580e+01	5.8561585e+01	5.8561695e+01	5.8561601e+01	5.8561667e+01	5.8561570e+01	5.8583785e+01	5.8561690e+01	5.8561588e+01	5.8566924e+01	5.8561621e+01	5.8561573e+01	5.8561606e+01	5.8562177e+01	5.8561590e+01
5.8561610e+01	5.8561630e+01	5.8563185e+01	5.8561620e+01	5.8561598e+01	5.8563345e+01	5.8569208e+01	5.8561599e+01	5.8561596e+01	5.8561950e+01	5.8561580e+01	5.8561584e+01	5.8561674e+01	5.8561601e+01	5.8561657e+01	5.8561570e+01	5.8583785e+01	5.8561690e+01	5.8561588e+01	5.8566924e+01	5.8561610e+01	5.8561572e+01	5.8561606e+01	5.8562177e+01	5.8561590e+01
5.8561610e+01	5.8561630e+01	5.8563012e+01	5.8561620e+01	5.8561598e+01	5.8563345e+01	5.8569208e+01	5.8561598e+01	5.8561596e+01	5.8561950e+01	5.8561580e+01	5.8561584e+01	5.8561659e+01	5.8561601e+01	5.8561657e+01	5.8561569e+01	5.8583785e+01	5.8561690e+01	5.8561584e+01	5.8566924e+01	5.8561610e+01	5.8561572e+01	5.8561601e+01	5.8562052e+01	5.8561590e+01
5.8561610e+01	5.8561630e+01	5.8563012e+01	5.8561620e+01	5.8561595e+01	5.8563012e+01	5.8569208e+01	5.8561594e+01	5.8561590e+01	5.8561950e+01	5.8561580e+01	5.8561583e+01	5.8561659e+01	5.8561601e+01	5.8561638e+01	5.8561568e+01	5.8583785e+01	5.8561688e+01	5.8561584e+01	5.8566924e+01	5.8561610e+01	5.8561572e+01	5.8561601e+01	5.8562035e+01	5.8561590e+01
5.8561608e+01	5.8561630e+01	5.8562742e+01	5.8561614e+01	5.8561595e+01	5.8563012e+01	5.8569208e+01	5.8561591e+01	5.8561590e+01	5.8561862e+01	5.8561580e+01	5.8561583e+01	5.8561659e+01	5.8561601e+01	5.8561638e+01	5.8561568e+01	5.8583785e+01	5.8561666e+01	5.8561584e+01	5.8566884e+01	5.8561610e+01	5.8561570e+01	5.8561601e+01	5.8562016e+01	5.8561590e+01
5.8561608e+01	5.8561612e+01	5.8562704e+01	5.8561614e+01	5.8561595e+01	5.8562975e+01	5.8569208e+01	5.8561588e+01	5.8561590e+01	5.8561862e+01	5.8561580e+01	5.8561582e+01	5.8561659e+01	5.8561594e+01	5.8561638e+01	5.8561568e+01	5.8583785e+01	5.8561666e+01	5.8561584e+01	5.8566884e+01	5.8561610e+01	5.8561569e+01	5.8561592e+01	5.8562016e+01	5.8561590e+01
5.8561606e+01	5.8561612e+01	5.8562632e+01	5.8561614e+01	5.8561595e+01	5.8562930e+01	5.8569208e+01	5.8561588e+01	5.8561590e+01	5.8561862e+01	5.8561579e+01	5.8561581e+01	5.8561659e+01	5.8561594e+01	5.8561638e+01	5.8561568e+01	5.8583785e+01	5.8561653e+01	5.8561583e+01	5.8566792e+01	5.8561610e+01	5.8561569e+01	5.8561592e+01	5.8561968e+01	5.8561588e+01
5.8561598e+01	5.8561612e+01	5.8562344e+01	5.8561603e+01	5.8561593e+01	5.8562557e+01	5.8569208e+01	5.8561585e+01	5.8561590e+01	5.8561862e+01	5.8561579e+01	5.8561581e+01	5.8561652e+01	5.8561594e+01	5.8561634e+01	5.8561568e+01	5.8583785e+01	5.8561633e+01	5.8561582e+01	5.8566675e+01	5.8561610e+01	5.8561569e+01	5.8561587e+01	5.8561945e+01	5.8561587e+01
5.8561598e+01	5.8561612e+01	5.8562256e+01	5.8561603e+01	5.8561592e+01	5.8562557e+01	5.8569208e+01	5.8561585e+01	5.8561590e+01	5.8561837e+01	5.8561577e+01	5.8561581e+01	5.8561639e+01	5.8561594e+01	5.8561627e+01	5.8561568e+01	5.8583785e+01	5.8561633e+01	5.8561582e+01	5.8566675e+01	5.8561610e+01	5.8561569e+01	5.8561587e+01	5.8561929e+01	5.8561587e+01
5.8561598e+01	5.8561612e+01	5.8562256e+01	5.8561601e+01	5.8561592e+01	5.8562520e+01	5.8569208e+01	5.8561583e+01	5.8561590e+01	5.8561837e+01	5.8561577e+01	5.8561581e+01	5.8561639e+01	5.8561585e+01	5.8561627e+01	5.8561568e+01	5.8583785e+01	5.8561633e+01	5.8561582e+01	5.8566675e+01	5.8561606e+01	5.8561569e+01	5.8561587e+01	5.8561876e+01	5.8561585e+01
5.8561598e+01	5.8561604e+01	5.8562256e+01	5.8561601e+01	5.8561591e+01	5.8562464e+01	5.8569208e+01	5.8561583e+01	5.8561590e+01	5.8561807e+01	5.8561577e+01	5.8561581e+01	5.8561624e+01	5.8561585e+01	5.8561627e+01	5.8561568e+01	5.8583785e+01	5.8561633e+01	5.8561582e+01	5.8566675e+01	5.8561603e+01	5.8561569e+01	5.8561587e+01	5.8561876e+01	5.8561585e+01
5.8561598e+01	5.8561604e+01	5.8562256e+01	5.8561601e+01	5.8561591e+01	5.8562464e+01	5.8569208e+01	5.8561581e+01	5.8561590e+01	5.8561788e+01	5.8561577e+01	5.8561581e+01	5.8561624e+01	5.8561585e+01	5.8561623e+01	5.8561568e+01	5.8583785e+01	5.8561633e+01	5.8561581e+01	5.8566533e+01	5.8561603e+01	5.8561569e+01	5.8561587e+01	5.8561794e+01	5.8561585e+01
5.8561595e+01	5.8561604e+01	5.8562256e+01	5.8561596e+01	5.8561590e+01	5.8562421e+01	5.8569208e+01	5.8561581e+01	5.8561590e+01	5.8561756e+01	5.8561576e+01	5.8561581e+01	5.8561624e+01	5.8561583e+01	5.8561616e+01	5.8561568e+01	5.8583785e+01	5.8561633e+01	5.8561580e+01	5.8566353e+01	5.8561601e+01	5.8561569e+01	5.8561586e+01	5.8561794e+01	5.8561584e+01
5.8561594e+01	5.8561601e+01	5.8562256e+01	5.8561596e+01	5.8561589e+01	5.8562248e+01	5.8569208e+01	5.8561580e+01	5.8561590e+01	5.8561756e+01	5.8561575e+01	5.8561581e+01	5.8561624e+01	5.8561583e+01	5.8561616e+01	5.8561567e+01	5.8583785e+01	5.8561633e+01	5.8561580e+01	5.8566353e+01	5.8561597e+01	5.8561569e+01	5.8561586e+01	5.8561794e+01	5.8561580e+01
5.8561593e+01	5.8561598e+01	5.8562256e+01	5.8561596e+01	5.8561588e+01	5.8562226e+01	5.8569208e+01	5.8561580e+01	5.8561590e+01	5.8561741e+01	5.8561574e+01	5.8561581e+01	5.8561624e+01	5.8561583e+01	5.8561615e+01	5.8561567e+01	5.8583785e+01	5.8561633e+01	5.8561580e+01	5.8565499e+01	5.8561597e+01	5.8561569e+01	5.8561585e+01	5.8561794e+01	5.8561580e+01
5.8561589e+01	5.8561598e+01	5.8562256e+01	5.8561596e+01	5.8561588e+01	5.8562226e+01	5.8569208e+01	5.8561580e+01	5.8561590e+01	5.8561741e+01	5.8561573e+01	5.8561581e+01	5.8561623e+01	5.8561581e+01	5.8561609e+01	5.8561567e+01	5.8583785e+01	5.8561633e+01	5.8561579e+01	5.8565499e+01	5.8561594e+01	5.8561568e+01	5.8561585e+01	5.8561794e+01	5.8561576e+01
5.8561589e+01	5.8561598e+01	5.8562213e+01	5.8561596e+01	5.8561587e+01	5.8562181e+01	5.8569208e+01	5.8561579e+01	5.8561590e+01	5.8561740e+01	5.8561573e+01	5.8561581e+01	5.8561623e+01	5.8561581e+01	5.8561609e+01	5.8561567e+01	5.8583785e+01	5.8561630e+01	5.8561579e+01	5.8565499e+01	5.8561594e+01	5.8561567e+01	5.8561582e+01	5.8561735e+01	5.8561576e+01
5.8561589e+01	5.8561595e+01	5.8562195e+01	5.8561596e+01	5.8561586e+01	5.8562028e+01	5.8569208e+01	5.8561576e+01	5.8561590e+01	5.8561698e+01	5.8561572e+01	5.8561581e+01	5.8561616e+01	5.8561579e+01	5.8561609e+01	5.8561567e+01	5.8583785e+01	5.8561623e+01	5.8561579e+01	5.8565499e+01	5.8561592e+01	5.8561567e+01	5.8561582e+01	5.8561735e+01	5.8561574e+01
5.8561587e+01	5.8561595e+01	5.8562195e+01	5.8561595e+01	5.8561585e+01	5.8562028e+01	5.8569208e+01	5.8561576e+01	5.8561590e+01	5.8561686e+01	5.8561572e+01	5.8561581e+01	5.8561607e+01	5.8561579e+01	5.8561607e+01	5.8561567e+01	5.8583785e+01	5.8561619e+01	5.8561579e+01	5.8565499e+01	5.8561592e+01	5.8561567e+01	5.8561582e+01	5.8561735e+01	5.8561574e+01
5.8561587e+01	5.8561593e+01	5.8562168e+01	5.8561593e+01	5.8561585e+01	5.8561975e+01	5.8569208e+01	5.8561576e+01	5.8561590e+01	5.8561686e+01	5.8561572e+01	5.8561581e+01	5.8561607e+01	5.8561579e+01	5.8561606e+01	5.8561567e+01	5.8583785e+01	5.8561617e+01	5.8561579e+01	5.8565499e+01	5.8561592e+01	5.8561567e+01	5.8561582e+01	5.8561723e+01	5.8561574e+01
5.8561586e+01	5.8561592e+01	5.8562087e+01	5.8561593e+01	5.8561585e+01	5.8561934e+01	5.8569208e+01	5.8561576e+01	5.8561590e+01	5.8561656e+01	5.8561572e+01	5.8561581e+01	5.8561607e+01	5.8561577e+01	5.8561606e+01	5.8561567e+01	5.8583785e+01	5.8561614e+01	5.8561579e+01	5.8565318e+01	5.8561592e+01	5.8561567e+01	5.8561582e+01	5.8561713e+01	5.8561574e+01
5.8561585e+01	5.8561589e+01	5.8562048e+01	5.8561593e+01	5.8561585e+01	5.8561909e+01	5.8569208e+01	5.8561576e+01	5.8561590e+01	5.8561654e+01	5.8561572e+01	5.8561581e+01	5.8561606e+01	5.8561576e+01	5.8561603e+01	5.8561567e+01	5.8583785e+01	5.8561614e+01	5.8561579e+01	5.8565318e+01	5.8561588e+01	5.8561567e+01	5.8561582e+01	5.8561690e+01	5.8561572e+01
5.8561585e+01	5.8561589e+01	5.8562027e+01	5.8561593e+01	5.8561585e+01	5.8561909e+01	5.8569208e+01	5.8561576e+01	5.8561590e+01	5.8561654e+01	5.8561572e+01	5.8561581e+01	5.8561602e+01	5.8561576e+01	5.8561603e+01	5.8561567e+01	5.8583785e+01	5.8561610e+01	5.8561579e+01	5.8565318e+01	5.8561588e+01	5.8561567e+01	5.8561581e+01	5.8561690e+01	5.8561572e+01
5.8561584e+01	5.8561589e+01	5.8562008e+01	5.8561593e+01	5.8561585e+01	5.8561909e+01	5.8569208e+01	5.8561576e+01	5.8561590e+01	5.8561654e+01	5.8561572e+01	5.8561581e+01	5.8561602e+01	5.8561576e+01	5.8561603e+01	5.8561567e+01	5.8583785e+01	5.8561609e+01	5.8561579e+01	5.8565139e+01	5.8561583e+01	5.8561567e+01	5.8561581e+01	5.8561683e+01	5.8561572e+01
5.8561584e+01	5.8561589e+01	5.8561986e+01	5.8561593e+01	5.8561584e+01	5.8561909e+01	5.8569208e+01	5.8561576e+01	5.8561590e+01	5.8561649e+01	5.8561572e+01	5.8561581e+01	5.8561599e+01	5.8561576e+01	5.8561602e+01	5.8561567e+01	5.8583785e+01	5.8561609e+01	5.8561579e+01	5.8564950e+01	5.8561583e+01	5.8561567e+01	5.8561581e+01	5.8561662e+01	5.8561572e+01
5.8561584e+01	5.8561589e+01	5.8561894e+01	5.8561593e+01	5.8561584e+01	5.8561901e+01	5.8569208e+01	5.8561576e+01	5.8561590e+01	5.8561649e+01	5.8561571e+01	5.8561581e+01	5.8561599e+01	5.8561575e+01	5.8561600e+01	5.8561567e+01	5.8583785e+01	5.8561605e+01	5.8561579e+01	5.8564790e+01	5.8561583e+01	5.8561566e+01	5.8561581e+01	5.8561662e+01	5.8561572e+01
5.8561584e+01	5.8561589e+01	5.8561894e+01	5.8561593e+01	5.8561584e+01	5.8561833e+01	5.8569208e+01	5.8561576e+01	5.8561590e+01	5.8561649e+01	5.8561571e+01	5.8561581e+01	5.8561599e+01	5.8561574e+01	5.8561595e+01	5.8561567e+01	5.8583785e+01	5.8561605e+01	5.8561579e+01	5.8564622e+01	5.8561583e+01	5.8561566e+01	5.8561579e+01	5.8561650e+01	5.8561571e+01
5.8561584e+01	5.8561589e+01	5.8561894e+01	5.8561592e+01	5.8561584e+01	5.8561783e+01	5.8569208e+01	5.8561576e+01	5.8561590e+01	5.8561632e+01	5.8561571e+01	5.8561581e+01	5.8561598e+01	5.8561573e+01	5.8561595e+01	5.8561567e+01	5.8583785e+01	5.8561605e+01	5.8561579e+01	5.8564113e+01	5.8561583e+01	5.8561566e+01	5.8561579e+01	5.8561650e+01	5.8561571e+01
5.8561584e+01	5.8561589e+01	5.8561877e+01	5.8561592e+01	5.8561584e+01	5.8561783e+01	5.8569208e+01	5.8561576e+01	5.8561590e+01	5.8561632e+01	5.8561571e+01	5.8561581e+01	5.8561596e+01	5.8561573e+01	5.8561595e+01	5.8561567e+01	5.8583785e+01	5.8561605e+01	5.8561579e+01	5.8563961e+01	5.8561583e+01	5.8561566e+01	5.8561579e+01	5.8561650e+01	5.8561569e+01
5.8561584e+01	5.8561589e+01	5.8561827e+01	5.8561592e+01	5.8561584e+01	5.8561783e+01	5.8569208e+01	5.8561576e+01	5.8561590e+01	5.8561632e+01	5.8561571e+01	5.8561581e+01	5.8561596e+01	5.8561573e+01	5.8561595e+01	5.8561567e+01	5.8583785e+01	5.8561605e+01	5.8561579e+01	5.8563961e+01	5.8561583e+01	5.8561566e+01	5.8561579e+01	5.8561650e+01	5.8561569e+01
5.8561584e+01	5.8561588e+01	5.8561827e+01	5.8561592e+01	5.8561583e+01	5.8561783e+01	5.8569208e+01	5.8561576e+01	5.8561590e+01	5.8561628e+01	5.8561571e+01	5.8561581e+01	5.8561596e+01	5.8561573e+01	5.8561595e+01	5.8561567e+01	5.8583785e+01	5.8561603e+01	5.8561579e+01	5.8563864e+01	5.8561583e+01	5.8561566e+01	5.8561579e+01	5.8561643e+01	5.8561569e+01
5.8561583e+01	5.8561588e+01	5.8561827e+01	5.8561592e+01	5.8561583e+01	5.8561777e+01	5.8569208e+01	5.8561576e+01	5.8561590e+01	5.8561625e+01	5.8561571e+01	5.8561581e+01	5.8561594e+01	5.8561572e+01	5.8561595e+01	5.8561567e+01	5.8583785e+01	5.8561603e+01	5.8561579e+01	5.8563848e+01	5.8561583e+01	5.8561566e+01	5.8561579e+01	5.8561639e+01	5.8561569e+01
5.8561583e+01	5.8561588e+01	5.8561827e+01	5.8561592e+01	5.8561583e+01	5.8561732e+01	5.8569208e+01	5.8561576e+01	5.8561590e+01	5.8561625e+01	5.8561571e+01	5.8561581e+01	5.8561594e+01	5.8561572e+01	5.8561593e+01	5.8561567e+01	5.8583785e+01	5.8561603e+01	5.8561579e+01	5.8563848e+01	5.8561583e+01	5.8561566e+01	5.8561578e+01	5.8561625e+01	5.8561569e+01
5.8561583e+01	5.8561588e+01	5.8561777e+01	5.8561592e+01	5.8561583e+01	5.8561732e+01	5.8569208e+01	5.8561576e+01	5.8561590e+01	5.8561617e+01	5.8561571e+01	5.8561581e+01	5.8561593e+01	5.8561572e+01	5.8561593e+01	5.8561567e+01	5.8583785e+01	5.8561603e+01	5.8561579e+01	5.8563026e+01	5.8561583e+01	5.8561566e+01	5.8561578e+01	5.8561621e+01	5.8561569e+01
5.8561583e+01	5.8561588e+01	5.8561775e+01	5.8561592e+01	5.8561583e+01	5.8561732e+01	5.8569208e+01	5.8561576e+01	5.8561590e+01	5.8561614e+01	5.8561571e+01	5.8561581e+01	5.8561593e+01	5.8561571e+01	5.8561593e+01	5.8561567e+01	5.8583785e+01	5.8561603e+01	5.8561579e+01	5.8563026e+01	5.8561583e+01	5.8561566e+01	5.8561578e+01	5.8561621e+01	5.8561569e+01
5.8561583e+01	5.8561588e+01	5.8561775e+01	5.8561592e+01	5.8561583e+01	5.8561712e+01	5.8569208e+01	5.8561576e+01	5.8561590e+01	5.8561613e+01	5.8561571e+01	5.8561581e+01	5.8561591e+01	5.8561571e+01	5.8561592e+01	5.8561567e+01	5.8583785e+01	5.8561603e+01	5.8561579e+01	5.8563026e+01	5.8561583e+01	5.8561566e+01	5.8561578e+01	5.8561619e+01	5.8561569e+01
5.8561583e+01	5.8561588e+01	5.8561762e+01	5.8561592e+01	5.8561583e+01	5.8561693e+01	5.8569208e+01	5.8561576e+01	5.8561590e+01	5.8561611e+01	5.8561571e+01	5.8561581e+01	5.8561591e+01	5.8561571e+01	5.8561592e+01	5.8561567e+01	5.8583785e+01	5.8561603e+01	5.8561579e+01	5.8562738e+01	5.8561583e+01	5.8561566e+01	5.8561578e+01	5.8561612e+01	5.8561569e+01
5.8561583e+01	5.8561588e+01	5.8561757e+01	5.8561592e+01	5.8561583e+01	5.8561693e+01	5.8569208e+01	5.8561576e+01	5.8561590e+01	5.8561608e+01	5.8561571e+01	5.8561581e+01	5.8561591e+01	5.8561571e+01	5.8561592e+01	5.8561567e+01	5.8583785e+01	5.8561603e+01	5.8561579e+01	5.8562738e+01	5.8561582e+01	5.8561566e+01	5.8561578e+01	5.8561612e+01	5.8561569e+01
5.8561583e+01	5.8561588e+01	5.8561755e+01	5.8561592e+01	5.8561583e+01	5.8561693e+01	5.8569208e+01	5.8561576e+01	5.8561590e+01	5.8561601e+01	5.8561571e+01	5.8561581e+01	5.8561591e+01	5.8561571e+01	5.8561592e+01	5.8561567e+01	5.8583785e+01	5.8561603e+01	5.8561579e+01	5.8562738e+01	5.8561582e+01	5.8561566e+01	5.8561578e+01	5.8561612e+01	5.8561569e+01
5.8561583e+01	5.8561588e+01	5.8561751e+01	5.8561592e+01	5.8561583e+01	5.8561693e+01	5.8569208e+01	5.8561576e+01	5.8561590e+01	5.8561601e+01	5.8561571e+01	5.8561581e+01	5.8561591e+01	5.8561571e+01	5.8561592e+01	5.8561567e+01	5.8583785e+01	5.8561603e+01	5.8561579e+01	5.8562652e+01	5.8561582e+01	5.8561566e+01	5.8561578e+01	5.8561612e+01	5.8561569e+01
5.8561583e+01	5.8561588e+01	5.8561736e+01	5.8561592e+01	5.8561583e+01	5.8561693e+01	5.8569208e+01	5.8561576e+01	5.8561590e+01	5.8561601e+01	5.8561571e+01	5.8561581e+01	5.8561591e+01	5.8561571e+01	5.8561592e+01	5.8561567e+01	5.8583785e+01	5.8561603e+01	5.8561579e+01	5.8562523e+01	5.8561582e+01	5.8561566e+01	5.8561578e+01	5.8561608e+01	5.8561569e+01
5.8561583e+01	5.8561588e+01	5.8561736e+01	5.8561592e+01	5.8561583e+01	5.8561690e+01	5.8569208e+01	5.8561576e+01	5.8561590e+01	5.8561601e+01	5.8561571e+01	5.8561581e+01	5.8561591e+01	5.8561571e+01	5.8561592e+01	5.8561567e+01	5.8583785e+01	5.8561603e+01	5.8561579e+01	5.8562504e+01	5.8561582e+01	5.8561566e+01	5.8561578e+01	5.8561608e+01	5.8561569e+01
5.8561583e+01	5.8561588e+01	5.8561726e+01	5.8561592e+01	5.8561583e+01	5.8561686e+01	5.8569208e+01	5.8561576e+01	5.8561590e+01	5.8561600e+01	5.8561571e+01	5.8561581e+01	5.8561591e+01	5.8561571e+01	5.8561592e+01	5.8561567e+01	5.8583785e+01	5.8561603e+01	5.8561579e+01	5.8562442e+01	5.8561582e+01	5.8561566e+01	5.8561578e+01	5.8561608e+01	5.8561569e+01
5.8561583e+01	5.8561588e+01	5.8561726e+01	5.8561592e+01	5.8561583e+01	5.8561673e+01	5.8569208e+01	5.8561576e+01	5.8561590e+01	5.8561592e+01	5.8561571e+01	5.8561581e+01	5.8561590e+01	5.8561571e+01	5.8561592e+01	5.8561567e+01	5.8583785e+01	5.8561603e+01	5.8561579e+01	5.8562285e+01	5.8561582e+01	5.8561566e+01	5.8561578e+01	5.8561608e+01	5.8561569e+01
5.8561583e+01	5.8561588e+01	5.8561726e+01	5.8561592e+01	5.8561583e+01	5.8561673e+01	5.8569208e+01	5.8561576e+01	5.8561590e+01	5.8561592e+01	5.8561571e+01	5.8561581e+01	5.8561590e+01	5.8561571e+01	5.8561592e+01	5.8561567e+01	5.8583785e+01	5.8561603e+01	5.8561579e+01	5.8562279e+01	5.8561582e+01	5.8561566e+01	5.8561578e+01	5.8561607e+01	5.8561569e+01
5.8561583e+01	5.8561588e+01	5.8561716e+01	5.8561592e+01	5.8561583e+01	5.8561671e+01	5.8569208e+01	5.8561576e+01	5.8561590e+01	5.8561592e+01	5.8561571e+01	5.8561581e+01	5.8561590e+01	5.8561571e+01	5.8561592e+01	5.8561567e+01	5.8583785e+01	5.8561603e+01	5.8561579e+01	5.8562198e+01	5.8561582e+01	5.8561566e+01	5.8561578e+01	5.8561603e+01	5.8561569e+01
5.8561583e+01	5.8561588e+01	5.8561709e+01	5.8561592e+01	5.8561583e+01	5.8561670e+01	5.8569208e+01	5.8561576e+01	5.8561590e+01	5.8561592e+01	5.8561571e+01	5.8561581e+01	5.8561590e+01	5.8561571e+01	5.8561591e+01	5.8561567e+01	5.8583785e+01	5.8561603e+01	5.8561579e+01	5.8562198e+01	5.8561582e+01	5.8561566e+01	5.8561578e+01	5.8561603e+01	5.8561569e+01
5.8561583e+01	5.8561588e+01	5.8561705e+01	5.8561592e+01	5.8561583e+01	5.8561664e+01	5.8569208e+01	5.8561576e+01	5.8561590e+01	5.8561592e+01	5.8561571e+01	5.8561581e+01	5.8561590e+01	5.8561571e+01	5.8561591e+01	5.8561567e+01	5.8583785e+01	5.8561603e+01	5.8561579e+01	5.8562019e+01	5.8561582e+01	5.8561566e+01	5.8561578e+01	5.8561603e+01	5.8561569e+01
5.8561583e+01	5.8561588e+01	5.8561705e+01	5.8561592e+01	5.8561583e+01	5.8561652e+01	5.8569208e+01	5.8561576e+01	5.8561590e+01	5.8561592e+01	5.8561571e+01	5.8561581e+01	5.8561590e+01	5.8561571e+01	5.8561591e+01	5.8561567e+01	5.8583785e+01	5.8561603e+01	5.8561579e+01	5.8561970e+01	5.8561582e+01	5.8561566e+01	5.8561578e+01	5.8561602e+01	5.8561569e+01
5.8561583e+01	5.8561588e+01	5.8561703e+01	5.8561592e+01	5.8561583e+01	5.8561650e+01	5.8569208e+01	5.8561576e+01	5.8561590e+01	5.8561592e+01	5.8561571e+01	5.8561581e+01	5.8561590e+01	5.8561571e+01	5.8561591e+01	5.8561567e+01	5.8583785e+01	5.8561603e+01	5.8561579e+01	5.8561950e+01	5.8561582e+01	5.8561566e+01	5.8561578e+01	5.8561601e+01	5.8561569e+01
5.8561583e+01	5.8561588e+01	5.8561701e+01	5.8561592e+01	5.8561583e+01	5.8561643e+01	5.8569208e+01	5.8561576e+01	5.8561590e+01	5.8561592e+01	5.8561571e+01	5.8561581e+01	5.8561590e+01	5.8561571e+01	5.8561591e+01	5.8561567e+01	5.8583785e+01	5.8561603e+01	5.8561579e+01	5.8561899e+01	5.8561582e+01	5.8561566e+01	5.8561578e+01	5.8561601e+01	5.8561569e+01
5.8561583e+01	5.8561588e+01	5.8561701e+01	5.8561592e+01	5.8561583e+01	5.8561643e+01	5.8569208e+01	5.8561576e+01	5.8561590e+01	5.8561592e+01	5.8561571e+01	5.8561581e+01	5.8561590e+01	5.8561571e+01	5.8561591e+01	5.8561567e+01	5.8583785e+01	5.8561603e+01	5.8561579e+01	5.8561860e+01	5.8561582e+01	5.8561566e+01	5.8561578e+01	5.8561600e+01	5.8561569e+01
5.8561583e+01	5.8561588e+01	5.8561701e+01	5.8561592e+01	5.8561583e+01	5.8561639e+01	5.8569208e+01	5.8561576e+01	5.8561590e+01	5.8561592e+01	5.8561571e+01	5.8561581e+01	5.8561590e+01	5.8561571e+01	5.8561591e+01	5.8561567e+01	5.8583785e+01	5.8561603e+01	5.8561579e+01	5.8561860e+01	5.8561582e+01	5.8561566e+01	5.8561578e+01	5.8561600e+01	5.8561569e+01
5.8561583e+01	5.8561588e+01	5.8561693e+01	5.8561592e+01	5.8561583e+01	5.8561635e+01	5.8569208e+01	5.8561576e+01	5.8561590e+01	5.8561592e+01	5.8561571e+01	5.8561581e+01	5.8561590e+01	5.8561571e+01	5.8561591e+01	5.8561567e+01	5.8583785e+01	5.8561603e+01	5.8561579e+01	5.8561784e+01	5.8561582e+01	5.8561566e+01	5.8561578e+01	5.8561600e+01	5.8561569e+01
5.8561583e+01	5.8561588e+01	5.8561693e+01	5.8561592e+01	5.8561583e+01	5.8561635e+01	5.8569208e+01	5.8561576e+01	5.8561590e+01	5.8561592e+01	5.8561571e+01	5.8561581e+01	5.8561590e+01	5.8561571e+01	5.8561591e+01	5.8561567e+01	5.8583785e+01	5.8561603e+01	5.8561579e+01	5.8561783e+01	5.8561582e+01	5.8561566e+01	5.8561578e+01	5.8561600e+01	5.8561569e+01
5.8561583e+01	5.8561588e+01	5.8561691e+01	5.8561592e+01	5.8561583e+01	5.8561635e+01	5.8569208e+01	5.8561576e+01	5.8561590e+01	5.8561592e+01	5.8561571e+01	5.8561581e+01	5.8561590e+01	5.8561571e+01	5.8561591e+01	5.8561567e+01	5.8583785e+01	5.8561603e+01	5.8561579e+01	5.8561746e+01	5.8561582e+01	5.8561566e+01	5.8561578e+01	5.8561600e+01	5.8561569e+01
5.8561583e+01	5.8561588e+01	5.8561690e+01	5.8561592e+01	5.8561583e+01	5.8561632e+01	5.8569208e+01	5.8561576e+01	5.8561590e+01	5.8561592e+01	5.8561571e+01	5.8561581e+01	5.8561590e+01	5.8561571e+01	5.8561591e+01	5.8561567e+01	5.8583785e+01	5.8561603e+01	5.8561579e+01	5.8561746e+01	5.8561582e+01	5.8561566e+01	5.8561578e+01	5.8561600e+01	5.8561569e+01
5.8561583e+01	5.8561588e+01	5.8561689e+01	5.8561592e+01	5.8561583e+01	5.8561628e+01	5.8569208e+01	5.8561576e+01	5.8561590e+01	5.8561592e+01	5.8561571e+01	5.8561581e+01	5.8561590e+01	5.8561571e+01	5.8561591e+01	5.8561567e+01	5.8583785e+01	5.8561603e+01	5.8561579e+01	5.8561745e+01	5.8561582e+01	5.8561566e+01	5.8561578e+01	5.8561600e+01	5.8561569e+01
5.8561583e+01	5.8561588e+01	5.8561688e+01	5.8561592e+01	5.8561583e+01	5.8561628e+01	5.8569208e+01	5.8561576e+01	5.8561590e+01	5.8561592e+01	5.8561571e+01	5.8561581e+01	5.8561590e+01	5.8561571e+01	5.8561591e+01	5.8561567e+01	5.8583785e+01	5.8561603e+01	5.8561579e+01	5.8561728e+01	5.8561582e+01	5.8561566e+01	5.8561578e+01	5.8561600e+01	5.8561569e+01
5.8561583e+01	5.8561588e+01	5.8561688e+01	5.8561592e+01	5.8561583e+01	5.8561627e+01	5.8569208e+01	5.8561576e+01	5.8561590e+01	5.8561592e+01	5.8561571e+01	5.8561581e+01	5.8561590e+01	5.8561571e+01	5.8561591e+01	5.8561567e+01	5.8583785e+01	5.8561603e+01	5.8561579e+01	5.8561728e+01	5.8561582e+01	5.8561566e+01	5.8561578e+01	5.8561600e+01	5.8561569e+01
5.8561583e+01	5.8561588e+01	5.8561688e+01	5.8561592e+01	5.8561583e+01	5.8561627e+01	5.8569208e+01	5.8561576e+01	5.8561590e+01	5.8561592e+01	5.8561571e+01	5.8561581e+01	5.8561590e+01	5.8561571e+01	5.8561591e+01	5.8561567e+01	5.8583785e+01	5.8561603e+01	5.8561579e+01	5.8561715e+01	5.8561582e+01	5.8561566e+01	5.8561578e+01	5.8561600e+01	5.8561569e+01
5.8561583e+01	5.8561588e+01	5.8561688e+01	5.8561592e+01	5.8561583e+01	5.8561626e+01	5.8569208e+01	5.8561576e+01	5.8561590e+01	5.8561592e+01	5.8561571e+01	5.8561581e+01	5.8561590e+01	5.8561571e+01	5.8561591e+01	5.8561567e+01	5.8583785e+01	5.8561603e+01	5.8561579e+01	5.8561696e+01	5.8561582e+01	5.8561566e+01	5.8561578e+01	5.8561600e+01	5.8561569e+01
5.8561583e+01	5.8561588e+01	5.8561687e+01	5.8561592e+01	5.8561583e+01	5.8561624e+01	5.8569208e+01	5.8561576e+01	5.8561590e+01	5.8561592e+01	5.8561571e+01	5.8561581e+01	5.8561590e+01	5.8561571e+01	5.8561591e+01	5.8561567e+01	5.8583785e+01	5.8561603e+01	5.8561579e+01	5.8561696e+01	5.8561582e+01	5.8561566e+01	5.8561578e+01	5.8561600e+01	5.8561569e+01
5.8561583e+01	5.8561588e+01	5.8561687e+01	5.8561592e+01	5.8561583e+01	5.8561624e+01	5.8569208e+01	5.8561576e+01	5.8561590e+01	5.8561592e+01	5.8561571e+01	5.8561581e+01	5.8561590e+01	5.8561571e+01	5.8561591e+01	5.8561567e+01	5.8583785e+01	5.8561603e+01	5.8561579e+01	5.8561696e+01	5.8561582e+01	5.8561566e+01	5.8561578e+01	5.8561600e+01	5.8561569e+01
5.8561583e+01	5.8561588e+01	5.8561687e+01	5.8561592e+01	5.8561583e+01	5.8561624e+01	5.8569208e+01	5.8561576e+01	5.8561590e+01	5.8561592e+01	5.8561571e+01	5.8561581e+01	5.8561590e+01	5.8561571e+01	5.8561591e+01	5.8561567e+01	5.8583785e+01	5.8561603e+01	5.8561579e+01	5.8561681e+01	5.8561582e+01	5.8561566e+01	5.8561578e+01	5.8561600e+01	5.8561569e+01
5.8561583e+01	5.8561588e+01	5.8561687e+01	5.8561592e+01	5.8561583e+01	5.8561624e+01	5.8569208e+01	5.8561576e+01	5.8561590e+01	5.8561592e+01	5.8561571e+01	5.8561581e+01	5.8561590e+01	5.8561571e+01	5.8561591e+01	5.8561567e+01	5.8583785e+01	5.8561603e+01	5.8561579e+01	5.8561674e+01	5.8561582e+01	5.8561566e+01	5.8561578e+01	5.8561600e+01	5.8561569e+01
5.8561583e+01	5.8561588e+01	5.8561687e+01	5.8561592e+01	5.8561583e+01	5.8561624e+01	5.8569208e+01	5.8561576e+01	5.8561590e+01	5.8561592e+01	5.8561571e+01	5.8561581e+01	5.8561590e+01	5.8561571e+01	5.8561591e+01	5.8561567e+01	5.8583785e+01	5.8561603e+01	5.8561579e+01	5.8561656e+01	5.8561582e+01	5.8561566e+01	5.8561578e+01	5.8561600e+01	5.8561569e+01
5.8561583e+01	5.8561588e+01	5.8561687e+01	5.8561592e+01	5.8561583e+01	5.8561624e+01	5.8569208e+01	5.8561576e+01	5.8561590e+01	5.8561592e+01	5.8561571e+01	5.8561581e+01	5.8561590e+01	5.8561571e+01	5.8561591e+01	5.8561567e+01	5.8583785e+01	5.8561603e+01	5.8561579e+01	5.8561654e+01	5.8561582e+01	5.8561566e+01	5.8561578e+01	5.8561600e+01	5.8561569e+01
5.8561583e+01	5.8561588e+01	5.8561687e+01	5.8561592e+01	5.8561583e+01	5.8561624e+01	5.8569208e+01	5.8561576e+01	5.8561590e+01	5.8561592e+01	5.8561571e+01	5.8561581e+01	5.8561590e+01	5.8561571e+01	5.8561591e+01	5.8561567e+01	5.8583785e+01	5.8561603e+01	5.8561579e+01	5.8561654e+01	5.8561582e+01	5.8561566e+01	5.8561578e+01	5.8561600e+01	5.8561569e+01
5.8561583e+01	5.8561588e+01	5.8561687e+01	5.8561592e+01	5.8561583e+01	5.8561624e+01	5.8569208e+01	5.8561576e+01	5.8561590e+01	5.8561592e+01	5.8561571e+01	5.8561581e+01	5.8561590e+01	5.8561571e+01	5.8561591e+01	5.8561567e+01	5.8583785e+01	5.8561603e+01	5.8561579e+01	5.8561654e+01	5.8561582e+01	5.8561566e+01	5.8561578e+01	5.8561600e+01	5.8561569e+01
5.8561583e+01	5.8561588e+01	5.8561687e+01	5.8561592e+01	5.8561583e+01	5.8561624e+01	5.8569208e+01	5.8561576e+01	5.8561590e+01	5.8561592e+01	5.8561571e+01	5.8561581e+01	5.8561590e+01	5.8561571e+01	5.8561591e+01	5.8561567e+01	5.8583785e+01	5.8561603e+01	5.8561579e+01	5.8561645e+01	5.8561582e+01	5.8561566e+01	5.8561578e+01	5.8561600e+01	5.8561569e+01
5.8561583e+01	5.8561588e+01	5.8561687e+01	5.8561592e+01	5.8561583e+01	5.8561624e+01	5.8569208e+01	5.8561576e+01	5.8561590e+01	5.8561592e+01	5.8561571e+01	5.8561581e+01	5.8561590e+01	5.8561571e+01	5.8561591e+01	5.8561567e+01	5.8583785e+01	5.8561603e+01	5.8561579e+01	5.8561645e+01	5.8561582e+01	5.8561566e+01	5.8561578e+01	5.8561600e+01	5.8561569e+01
5.8561583e+01	5.8561588e+01	5.8561687e+01	5.8561592e+01	5.8561583e+01	5.8561624e+01	5.8569208e+01	5.8561576e+01	5.8561590e+01	5.8561592e+01	5.8561571e+01	5.8561581e+01	5.8561590e+01	5.8561571e+01	5.8561591e+01	5.8561567e+01	5.8583785e+01	5.8561603e+01	5.8561579e+01	5.8561643e+01	5.8561582e+01	5.8561566e+01	5.8561578e+01	5.8561600e+01	5.8561569e+01
5.8561583e+01	5.8561588e+01	5.8561687e+01	5.8561592e+01	5.8561583e+01	5.8561624e+01	5.8569208e+01	5.8561576e+01	5.8561590e+01	5.8561592e+01	5.8561571e+01	5.8561581e+01	5.8561590e+01	5.8561571e+01	5.8561591e+01	5.8561567e+01	5.8583785e+01	5.8561603e+01	5.8561579e+01	5.8561623e+01	5.8561582e+01	5.8561566e+01	5.8561578e+01	5.8561600e+01	5.8561569e+01
5.8561583e+01	5.8561588e+01	5.8561687e+01	5.8561592e+01	5.8561583e+01	5.8561624e+01	5.8569208e+01	5.8561576e+01	5.8561590e+01	5.8561592e+01	5.8561571e+01	5.8561581e+01	5.8561590e+01	5.8561571e+01	5.8561591e+01	5.8561567e+01	5.8583785e+01	5.8561603e+01	5.8561579e+01	5.8561623e+01	5.8561582e+01	5.8561566e+01	5.8561578e+01	5.8561600e+01	5.8561569e+01
5.8561583e+01	5.8561588e+01	5.8561687e+01	5.8561592e+01	5.8561583e+01	5.8561624e+01	5.8569208e+01	5.8561576e+01	5.8561590e+01	5.8561592e+01	5.8561571e+01	5.8561581e+01	5.8561590e+01	5.8561571e+01	5.8561591e+01	5.8561567e+01	5.8583785e+01	5.8561603e+01	5.8561579e+01	5.8561623e+01	5.8561582e+01	5.8561566e+01	5.8561578e+01	5.8561600e+01	5.8561569e+01
5.8561583e+01	5.8561588e+01	5.8561687e+01	5.8561592e+01	5.8561583e+01	5.8561624e+01	5.8569208e+01	5.8561576e+01	5.8561590e+01	5.8561592e+01	5.8561571e+01	5.8561581e+01	5.8561590e+01	5.8561571e+01	5.8561591e+01	5.8561567e+01	5.8583785e+01	5.8561603e+01	5.8561579e+01	5.8561623e+01	5.8561582e+01	5.8561566e+01	5.8561578e+01	5.8561600e+01	5.8561569e+01
5.8561583e+01	5.8561588e+01	5.8561687e+01	5.8561592e+01	5.8561583e+01	5.8561624e+01	5.8569208e+01	5.8561576e+01	5.8561590e+01	5.8561592e+01	5.8561571e+01	5.8561581e+01	5.8561590e+01	5.8561571e+01	5.8561591e+01	5.8561567e+01	5.8583785e+01	5.8561603e+01	5.8561579e+01	5.8561622e+01	5.8561582e+01	5.8561566e+01	5.8561578e+01	5.8561600e+01	5.8561569e+01
5.8561583e+01	5.8561588e+01	5.8561687e+01	5.8561592e+01	5.8561583e+01	5.8561624e+01	5.8569208e+01	5.8561576e+01	5.8561590e+01	5.8561592e+01	5.8561571e+01	5.8561581e+01	5.8561590e+01	5.8561571e+01	5.8561591e+01	5.8561567e+01	5.8583785e+01	5.8561603e+01	5.8561579e+01	5.8561622e+01	5.8561582e+01	5.8561566e+01	5.8561578e+01	5.8561600e+01	5.8561569e+01
5.8561583e+01	5.8561588e+01	5.8561687e+01	5.8561592e+01	5.8561583e+01	5.8561624e+01	5.8569208e+01	5.8561576e+01	5.8561590e+01	5.8561592e+01	5.8561571e+01	5.8561581e+01	5.8561590e+01	5.8561571e+01	5.8561591e+01	5.8561567e+01	5.8583785e+01	5.8561603e+01	5.8561579e+01	5.8561622e+01	5.8561582e+01	5.8561566e+01	5.8561578e+01	5.8561600e+01	5.8561569e+01
5.8561583e+01	5.8561588e+01	5.8561687e+01	5.8561592e+01	5.8561583e+01	5.8561624e+01	5.8569208e+01	5.8561576e+01	5.8561590e+01	5.8561592e+01	5.8561571e+01	5.8561581e+01	5.8561590e+01	5.8561571e+01	5.8561591e+01	5.8561567e+01	5.8583785e+01	5.8561603e+01	5.8561579e+01	5.8561622e+01	5.8561582e+01	5.8561566e+01	5.8561578e+01	5.8561600e+01	5.8561569e+01
5.8561583e+01	5.8561588e+01	5.8561687e+01	5.8561592e+01	5.8561583e+01	5.8561624e+01	5.8569208e+01	5.8561576e+01	5.8561590e+01	5.8561592e+01	5.8561571e+01	5.8561581e+01	5.8561590e+01	5.8561571e+01	5.8561591e+01	5.8561567e+01	5.8583785e+01	5.8561603e+01	5.8561579e+01	5.8561620e+01	5.8561582e+01	5.8561566e+01	5.8561578e+01	5.8561600e+01	5.8561569e+01
5.8561583e+01	5.8561588e+01	5.8561687e+01	5.8561592e+01	5.8561583e+01	5.8561624e+01	5.8569208e+01	5.8561576e+01	5.8561590e+01	5.8561592e+01	5.8561571e+01	5.8561581e+01	5.8561590e+01	5.8561571e+01	5.8561591e+01	5.8561567e+01	5.8583785e+01	5.8561603e+01	5.8561579e+01	5.8561620e+01	5.8561582e+01	5.8561566e+01	5.8561578e+01	5.8561600e+01	5.8561569e+01
5.8561583e+01	5.8561588e+01	5.8561687e+01	5.8561592e+01	5.8561583e+01	5.8561624e+01	5.8569208e+01	5.8561576e+01	5.8561590e+01	5.8561592e+01	5.8561571e+01	5.8561581e+01	5.8561590e+01	5.8561571e+01	5.8561591e+01	5.8561567e+01	5.8583785e+01	5.8561603e+01	5.8561579e+01	5.8561618e+01	5.8561582e+01	5.8561566e+01	5.8561578e+01	5.8561600e+01	5.8561569e+01
5.8561583e+01	5.8561588e+01	5.8561687e+01	5.8561592e+01	5.8561583e+01	5.8561624e+01	5.8569208e+01	5.8561576e+01	5.8561590e+01	5.8561592e+01	5.8561571e+01	5.8561581e+01	5.8561590e+01	5.8561571e+01	5.8561591e+01	5.8561567e+01	5.8583785e+01	5.8561603e+01	5.8561579e+01	5.8561618e+01	5.8561582e+01	5.8561566e+01	5.8561578e+01	5.8561600e+01	5.8561569e+01
5.8561583e+01	5.8561588e+01	5.8561687e+01	5.8561592e+01	5.8561583e+01	5.8561624e+01	5.8569208e+01	5.8561576e+01	5.8561590e+01	5.8561592e+01	5.8561571e+01	5.8561581e+01	5.8561590e+01	5.8561571e+01	5.8561591e+01	5.8561567e+01	5.8583785e+01	5.8561603e+01	5.8561579e+01	5.8561618e+01	5.8561582e+01	5.8561566e+01	5.8561578e+01	5.8561600e+01	5.8561569e+01
5.8561583e+01	5.8561588e+01	5.8561687e+01	5.8561592e+01	5.8561583e+01	5.8561624e+01	5.8569208e+01	5.8561576e+01	5.8561590e+01	5.8561592e+01	5.8561571e+01	5.8561581e+01	5.8561590e+01	5.8561571e+01	5.8561591e+01	5.8561567e+01	5.8583785e+01	5.8561603e+01	5.8561579e+01	5.8561618e+01	5.8561582e+01	5.8561566e+01	5.8561578e+01	5.8561600e+01	5.8561569e+01
5.8561583e+01	5.8561588e+01	5.8561687e+01	5.8561592e+01	5.8561583e+01	5.8561624e+01	5.8569208e+01	5.8561576e+01	5.8561590e+01	5.8561592e+01	5.8561571e+01	5.8561581e+01	5.8561590e+01	5.8561571e+01	5.8561591e+01	5.8561567e+01	5.8583785e+01	5.8561603e+01	5.8561579e+01	5.8561618e+01	5.8561582e+01	5.8561566e+01	5.8561578e+01	5.8561600e+01	5.8561569e+01
5.8561583e+01	5.8561588e+01	5.8561687e+01	5.8561592e+01	5.8561583e+01	5.8561624e+01	5.8569208e+01	5.8561576e+01	5.8561590e+01	5.8561592e+01	5.8561571e+01	5.8561581e+01	5.8561590e+01	5.8561571e+01	5.8561591e+01	5.8561567e+01	5.8583785e+01	5.8561603e+01	5.8561579e+01	5.8561618e+01	5.8561582e+01	5.8561566e+01	5.8561578e+01	5.8561600e+01	5.8561569e+01
5.8561583e+01	5.8561588e+01	5.8561687e+01	5.8561592e+01	5.8561583e+01	5.8561624e+01	5.8569208e+01	5.8561576e+01	5.8561590e+01	5.8561592e+01	5.8561571e+01	5.8561581e+01	5.8561590e+01	5.8561571e+01	5.8561591e+01	5.8561567e+01	5.8583785e+01	5.8561603e+01	5.8561579e+01	5.8561618e+01	5.8561582e+01	5.8561566e+01	5.8561578e+01	5.8561600e+01	5.8561569e+01
5.8561583e+01	5.8561588e+01	5.8561687e+01	5.8561592e+01	5.8561583e+01	5.8561624e+01	5.8569208e+01	5.8561576e+01	5.8561590e+01	5.8561592e+01	5.8561571e+01	5.8561581e+01	5.8561590e+01	5.8561571e+01	5.8561591e+01	5.8561567e+01	5.8583785e+01	5.8561603e+01	5.8561579e+01	5.8561618e+01	5.8561582e+01	5.8561566e+01	5.8561578e+01	5.8561600e+01	5.8561569e+01
5.8561583e+01	5.8561588e+01	5.8561687e+01	5.8561592e+01	5.8561583e+01	5.8561624e+01	5.8569208e+01	5.8561576e+01	5.8561590e+01	5.8561592e+01	5.8561571e+01	5.8561581e+01	5.8561590e+01	5.8561571e+01	5.8561591e+01	5.8561567e+01	5.8583785e+01	5.8561603e+01	5.8561579e+01	5.8561618e+01	5.8561582e+01	5.8561566e+01	5.8561578e+01	5.8561600e+01	5.8561569e+01
5.8561583e+01	5.8561588e+01	5.8561687e+01	5.8561592e+01	5.8561583e+01	5.8561624e+01	5.8569208e+01	5.8561576e+01	5.8561590e+01	5.8561592e+01	5.8561571e+01	5.8561581e+01	5.8561590e+01	5.8561571e+01	5.8561591e+01	5.8561567e+01	5.8583785e+01	5.8561603e+01	5.8561579e+01	5.8561618e+01	5.8561582e+01	5.8561566e+01	5.8561578e+01	5.8561600e+01	5.8561569e+01
5.8561583e+01	5.8561588e+01	5.8561687e+01	5.8561592e+01	5.8561583e+01	5.8561624e+01	5.8569208e+01	5.8561576e+01	5.8561590e+01	5.8561592e+01	5.8561571e+01	5.8561581e+01	5.8561590e+01	5.8561571e+01	5.8561591e+01	5.8561567e+01	5.8583785e+01	5.8561603e+01	5.8561579e+01	5.8561618e+01	5.8561582e+01	5.8561566e+01	5.8561578e+01	5.8561600e+01	5.8561569e+01
5.8561583e+01	5.8561588e+01	5.8561687e+01	5.8561592e+01	5.8561583e+01	5.8561624e+01	5.8569208e+01	5.8561576e+01	5.8561590e+01	5.8561592e+01	5.8561571e+01	5.8561581e+01	5.8561590e+01	5.8561571e+01	5.8561591e+01	5.8561567e+01	5.8583785e+01	5.8561603e+01	5.8561579e+01	5.8561618e+01	5.8561582e+01	5.8561566e+01	5.8561578e+01	5.8561600e+01	5.8561569e+01
5.8561583e+01	5.8561588e+01	5.8561687e+01	5.8561592e+01	5.8561583e+01	5.8561624e+01	5.8569208e+01	5.8561576e+01	5.8561590e+01	5.8561592e+01	5.8561571e+01	5.8561581e+01	5.8561590e+01	5.8561571e+01	5.8561591e+01	5.8561567e+01	5.8583785e+01	5.8561603e+01	5.8561579e+01	5.8561618e+01	5.8561582e+01	5.8561566e+01	5.8561578e+01	5.8561600e+01	5.8561569e+01
5.8561583e+01	5.8561588e+01	5.8561687e+01	5.8561592e+01	5.8561583e+01	5.8561624e+01	5.8569208e+01	5.8561576e+01	5.8561590e+01	5.8561592e+01	5.8561571e+01	5.8561581e+01	5.8561590e+01	5.8561571e+01	5.8561591e+01	5.8561567e+01	5.8583785e+01	5.8561603e+01	5.8561579e+01	5.8561618e+01	5.8561582e+01	5.8561566e+01	5.8561578e+01	5.8561600e+01	5.8561569e+01
5.8561583e+01	5.8561588e+01	5.8561687e+01	5.8561592e+01	5.8561583e+01	5.8561624e+01	5.8569208e+01	5.8561576e+01	5.8561590e+01	5.8561592e+01	5.8561571e+01	5.8561581e+01	5.8561590e+01	5.8561571e+01	5.8561591e+01	5.8561567e+01	5.8583785e+01	5.8561603e+01	5.8561579e+01	5.8561618e+01	5.8561582e+01	5.8561566e+01	5.8561578e+01	5.8561600e+01	5.8561569e+01
5.8561583e+01	5.8561588e+01	5.8561687e+01	5.8561592e+01	5.8561583e+01	5.8561624e+01	5.8569208e+01	5.8561576e+01	5.8561590e+01	5.8561592e+01	5.8561571e+01	5.8561581e+01	5.8561590e+01	5.8561571e+01	5.8561591e+01	5.8561567e+01	5.8583785e+01	5.8561603e+01	5.8561579e+01	5.8561618e+01	5.8561582e+01	5.8561566e+01	5.8561578e+01	5.8561600e+01	5.8561569e+01
5.8561583e+01	5.8561588e+01	5.8561687e+01	5.8561592e+01	5.8561583e+01	5.8561624e+01	5.8569208e+01	5.8561576e+01	5.8561590e+01	5.8561592e+01	5.8561571e+01	5.8561581e+01	5.8561590e+01	5.8561571e+01	5.8561591e+01	5.8561567e+01	5.8583785e+01	5.8561603e+01	5.8561579e+01	5.8561618e+01	5.8561582e+01	5.8561566e+01	5.8561578e+01	5.8561600e+01	5.8561569e+01
5.8561583e+01	5.8561588e+01	5.8561687e+01	5.8561592e+01	5.8561583e+01	5.8561624e+01	5.8569208e+01	5.8561576e+01	5.8561590e+01	5.8561592e+01	5.8561571e+01	5.8561581e+01	5.8561590e+01	5.8561571e+01	5.8561591e+01	5.8561567e+01	5.8583785e+01	5.8561603e+01	5.8561579e+01	5.8561618e+01	5.8561582e+01	5.8561566e+01	5.8561578e+01	5.8561600e+01	5.8561569e+01
5.8561583e+01	5.8561588e+01	5.8561687e+01	5.8561592e+01	5.8561583e+01	5.8561624e+01	5.8569208e+01	5.8561576e+01	5.8561590e+01	5.8561592e+01	5.8561571e+01	5.8561581e+01	5.8561590e+01	5.8561571e+01	5.8561591e+01	5.8561567e+01	5.8583785e+01	5.8561603e+01	5.8561579e+01	5.8561618e+01	5.8561582e+01	5.8561566e+01	5.8561578e+01	5.8561600e+01	5.8561569e+01
5.8561583e+01	5.8561588e+01	5.8561687e+01	5.8561592e+01	5.8561583e+01	5.8561624e+01	5.8569208e+01	5.8561576e+01	5.8561590e+01	5.8561592e+01	5.8561571e+01	5.8561581e+01	5.8561590e+01	5.8561571e+01	5.8561591e+01	5.8561567e+01	5.8583785e+01	5.8561603e+01	5.8561579e+01	5.8561618e+01	5.8561582e+01	5.8561566e+01	5.8561578e+01	5.8561600e+01	5.8561569e+01
5.8561583e+01	5.8561588e+01	5.8561687e+01	5.8561592e+01	5.8561583e+01	5.8561624e+01	5.8569208e+01	5.8561576e+01	5.8561590e+01	5.8561592e+01	5.8561571e+01	5.8561581e+01	5.8561590e+01	5.8561571e+01	5.8561591e+01	5.8561567e+01	5.8583785e+01	5.8561603e+01	5.8561579e+01	5.8561618e+01	5.8561582e+01	5.8561566e+01	5.8561578e+01	5.8561600e+01	5.8561569e+01
5.8561583e+01	5.8561588e+01	5.8561687e+01	5.8561592e+01	5.8561583e+01	5.8561624e+01	5.8569208e+01	5.8561576e+01	5.8561590e+01	5.8561592e+01	5.8561571e+01	5.8561581e+01	5.8561590e+01	5.8561571e+01	5.8561591e+01	5.8561567e+01	5.8583785e+01	5.8561603e+01	5.8561579e+01	5.8561618e+01	5.8561582e+01	5.8561566e+01	5.8561578e+01	5.8561600e+01	5.8561569e+01
5.8561583e+01	5.8561588e+01	5.8561687e+01	5.8561592e+01	5.8561583e+01	5.8561624e+01	5.8569208e+01	5.8561576e+01	5.8561590e+01	5.8561592e+01	5.8561571e+01	5.8561581e+01	5.8561590e+01	5.8561571e+01	5.8561591e+01	5.8561567e+01	5.8583785e+01	5.8561603e+01	5.8561579e+01	5.8561618e+01	5.8561582e+01	5.8561566e+01	5.8561578e+01	5.8561600e+01	5.8561569e+01
5.8561583e+01	5.8561588e+01	5.8561687e+01	5.8561592e+01	5.8561583e+01	5.8561624e+01	5.8569208e+01	5.8561576e+01	5.8561590e+01	5.8561592e+01	5.8561571e+01	5.8561581e+01	5.8561590e+01	5.8561571e+01	5.8561591e+01	5.8561567e+01	5.8583785e+01	5.8561603e+01	5.8561579e+01	5.8561618e+01	5.8561582e+01	5.8561566e+01	5.8561578e+01	5.8561600e+01	5.8561569e+01
5.8561583e+01	5.8561588e+01	5.8561687e+01	5.8561592e+01	5.8561583e+01	5.8561624e+01	5.8569208e+01	5.8561576e+01	5.8561590e+01	5.8561592e+01	5.8561571e+01	5.8561581e+01	5.8561590e+01	5.8561571e+01	5.8561591e+01	5.8561567e+01	5.8583785e+01	5.8561603e+01	5.8561579e+01	5.8561618e+01	5.8561582e+01	5.8561566e+01	5.8561578e+01	5.8561600e+01	5.8561569e+01
5.8561583e+01	5.8561588e+01	5.8561687e+01	5.8561592e+01	5.8561583e+01	5.8561624e+01	5.8569208e+01	5.8561576e+01	5.8561590e+01	5.8561592e+01	5.8561571e+01	5.8561581e+01	5.8561590e+01	5.8561571e+01	5.8561591e+01	5.8561567e+01	5.8583785e+01	5.8561603e+01	5.8561579e+01	5.8561618e+01	5.8561582e+01	5.8561566e+01	5.8561578e+01	5.8561600e+01	5.8561569e+01
5.8561583e+01	5.8561588e+01	5.8561687e+01	5.8561592e+01	5.8561583e+01	5.8561624e+01	5.8569208e+01	5.8561576e+01	5.8561590e+01	5.8561592e+01	5.8561571e+01	5.8561581e+01	5.8561590e+01	5.8561571e+01	5.8561591e+01	5.8561567e+01	5.8583785e+01	5.8561603e+01	5.8561579e+01	5.8561618e+01	5.8561582e+01	5.8561566e+01	5.8561578e+01	5.8561600e+01	5.8561569e+01
5.8561583e+01	5.8561588e+01	5.8561687e+01	5.8561592e+01	5.8561583e+01	5.8561624e+01	5.8569208e+01	5.8561576e+01	5.8561590e+01	5.8561592e+01	5.8561571e+01	5.8561581e+01	5.8561590e+01	5.8561571e+01	5.8561591e+01	5.8561567e+01	5.8583785e+01	5.8561603e+01	5.8561579e+01	5.8561618e+01	5.8561582e+01	5.8561566e+01	5.8561578e+01	5.8561600e+01	5.8561569e+01
5.8561583e+01	5.8561588e+01	5.8561687e+01	5.8561592e+01	5.8561583e+01	5.8561624e+01	5.8569208e+01	5.8561576e+01	5.8561590e+01	5.8561592e+01	5.8561571e+01	5.8561581e+01	5.8561590e+01	5.8561571e+01	5.8561591e+01	5.8561567e+01	5.8583785e+01	5.8561603e+01	5.8561579e+01	5.8561618e+01	5.8561582e+01	5.8561566e+01	5.8561578e+01	5.8561600e+01	5.8561569e+01
5.8561583e+01	5.8561588e+01	5.8561687e+01	5.8561592e+01	5.8561583e+01	5.8561624e+01	5.8569208e+01	5.8561576e+01	5.8561590e+01	5.8561592e+01	5.8561571e+01	5.8561581e+01	5.8561590e+01	5.8561571e+01	5.8561591e+01	5.8561567e+01	5.8583785e+01	5.8561603e+01	5.8561579e+01	5.8561618e+01	5.8561582e+01	5.8561566e+01	5.8561578e+01	5.8561600e+01	5.8561569e+01
5.8561583e+01	5.8561588e+01	5.8561687e+01	5.8561592e+01	5.8561583e+01	5.8561624e+01	5.8569208e+01	5.8561576e+01	5.8561590e+01	5.8561592e+01	5.8561571e+01	5.8561581e+01	5.8561590e+01	5.8561571e+01	5.8561591e+01	5.8561567e+01	5.8583785e+01	5.8561603e+01	5.8561579e+01	5.8561618e+01	5.8561582e+01	5.8561566e+01	5.8561578e+01	5.8561600e+01	5.8561569e+01
5.8561583e+01	5.8561588e+01	5.8561687e+01	5.8561592e+01	5.8561583e+01	5.8561624e+01	5.8569208e+01	5.8561576e+01	5.8561590e+01	5.8561592e+01	5.8561571e+01	5.8561581e+01	5.8561590e+01	5.8561571e+01	5.8561591e+01	5.8561567e+01	5.8583785e+01	5.8561603e+01	5.8561579e+01	5.8561618e+01	5.8561582e+01	5.8561566e+01	5.8561578e+01	5.8561600e+01	5.8561569e+01
5.8561583e+01	5.8561588e+01	5.8561687e+01	5.8561592e+01	5.8561583e+01	5.8561624e+01	5.8569208e+01	5.8561576e+01	5.8561590e+01	5.8561592e+01	5.8561571e+01	5.8561581e+01	5.8561590e+01	5.8561571e+01	5.8561591e+01	5.8561567e+01	5.8583785e+01	5.8561603e+01	5.8561579e+01	5.8561618e+01	5.8561582e+01	5.8561566e+01	5.8561578e+01	5.8561600e+01	5.8561569e+01
5.8561583e+01	5.8561588e+01	5.8561687e+01	5.8561592e+01	5.8561583e+01	5.8561624e+01	5.8569208e+01	5.8561576e+01	5.8561590e+01	5.8561592e+01	5.8561571e+01	5.8561581e+01	5.8561590e+01	5.8561571e+01	5.8561591e+01	5.8561567e+01	5.8583785e+01	5.8561603e+01	5.8561579e+01	5.8561618e+01	5.8561582e+01	5.8561566e+01	5.8561578e+01	5.8561600e+01	5.8561569e+01
5.8561583e+01	5.8561588e+01	5.8561687e+01	5.8561592e+01	5.8561583e+01	5.8561624e+01	5.8569208e+01	5.8561576e+01	5.8561590e+01	5.8561592e+01	5.8561571e+01	5.8561581e+01	5.8561590e+01	5.8561571e+01	5.8561591e+01	5.8561567e+01	5.8583785e+01	5.8561603e+01	5.8561579e+01	5.8561618e+01	5.8561582e+01	5.8561566e+01	5.8561578e+01	5.8561600e+01	5.8561569e+01
5.8561583e+01	5.8561588e+01	5.8561687e+01	5.8561592e+01	5.8561583e+01	5.8561624e+01	5.8569208e+01	5.8561576e+01	5.8561590e+01	5.8561592e+01	5.8561571e+01	5.8561581e+01	5.8561590e+01	5.8561571e+01	5.8561591e+01	5.8561567e+01	5.8583785e+01	5.8561603e+01	5.8561579e+01	5.8561618e+01	5.8561582e+01	5.8561566e+01	5.8561578e+01	5.8561600e+01	5.8561569e+01
5.8561583e+01	5.8561588e+01	5.8561687e+01	5.8561592e+01	5.8561583e+01	5.8561624e+01	5.8569208e+01	5.8561576e+01	5.8561590e+01	5.8561592e+01	5.8561571e+01	5.8561581e+01	5.8561590e+01	5.8561571e+01	5.8561591e+01	5.8561567e+01	5.8583785e+01	5.8561603e+01	5.8561579e+01	5.8561618e+01	5.8561582e+01	5.8561566e+01	5.8561578e+01	5.8561600e+01	5.8561569e+01
5.8561583e+01	5.8561588e+01	5.8561687e+01	5.8561592e+01	5.8561583e+01	5.8561624e+01	5.8569208e+01	5.8561576e+01	5.8561590e+01	5.8561592e+01	5.8561571e+01	5.8561581e+01	5.8561590e+01	5.8561571e+01	5.8561591e+01	5.8561567e+01	5.8583785e+01	5.8561603e+01	5.8561579e+01	5.8561618e+01	5.8561582e+01	5.8561566e+01	5.8561578e+01	5.8561600e+01	5.8561569e+01
5.8561583e+01	5.8561588e+01	5.8561687e+01	5.8561592e+01	5.8561583e+01	5.8561624e+01	5.8569208e+01	5.8561576e+01	5.8561590e+01	5.8561592e+01	5.8561571e+01	5.8561581e+01	5.8561590e+01	5.8561571e+01	5.8561591e+01	5.8561567e+01	5.8583785e+01	5.8561603e+01	5.8561579e+01	5.8561618e+01	5.8561582e+01	5.8561566e+01	5.8561578e+01	5.8561600e+01	5.8561569e+01
5.8561583e+01	5.8561588e+01	5.8561687e+01	5.8561592e+01	5.8561583e+01	5.8561624e+01	5.8569208e+01	5.8561576e+01	5.8561590e+01	5.8561592e+01	5.8561571e+01	5.8561581e+01	5.8561590e+01	5.8561571e+01	5.8561591e+01	5.8561567e+01	5.8583785e+01	5.8561603e+01	5.8561579e+01	5.8561618e+01	5.8561582e+01	5.8561566e+01	5.8561578e+01	5.8561600e+01	5.8561569e+01
5.8561583e+01	5.8561588e+01	5.8561687e+01	5.8561592e+01	5.8561583e+01	5.8561624e+01	5.8569208e+01	5.8561576e+01	5.8561590e+01	5.8561592e+01	5.8561571e+01	5.8561581e+01	5.8561590e+01	5.8561571e+01	5.8561591e+01	5.8561567e+01	5.8583785e+01	5.8561603e+01	5.8561579e+01	5.8561618e+01	5.8561582e+01	5.8561566e+01	5.8561578e+01	5.8561600e+01	5.8561569e+01
5.8561583e+01	5.8561588e+01	5.8561687e+01	5.8561592e+01	5.8561583e+01	5.8561624e+01	5.8569208e+01	5.8561576e+01	5.8561590e+01	5.8561592e+01	5.8561571e+01	5.8561581e+01	5.8561590e+01	5.8561571e+01	5.8561591e+01	5.8561567e+01	5.8583785e+01	5.8561603e+01	5.8561579e+01	5.8561618e+01	5.8561582e+01	5.8561566e+01	5.8561578e+01	5.8561600e+01	5.8561569e+01
5.8561583e+01	5.8561588e+01	5.8561687e+01	5.8561592e+01	5.8561583e+01	5.8561624e+01	5.8569208e+01	5.8561576e+01	5.8561590e+01	5.8561592e+01	5.8561571e+01	5.8561581e+01	5.8561590e+01	5.8561571e+01	5.8561591e+01	5.8561567e+01	5.8583785e+01	5.8561603e+01	5.8561579e+01	5.8561618e+01	5.8561582e+01	5.8561566e+01	5.8561578e+01	5.8561600e+01	5.8561569e+01
5.8561583e+01	5.8561588e+01	5.8561687e+01	5.8561592e+01	5.8561583e+01	5.8561624e+01	5.8569208e+01	5.8561576e+01	5.8561590e+01	5.8561592e+01	5.8561571e+01	5.8561581e+01	5.8561590e+01	5.8561571e+01	5.8561591e+01	5.8561567e+01	5.8583785e+01	5.8561603e+01	5.8561579e+01	5.8561618e+01	5.8561582e+01	5.8561566e+01	5.8561578e+01	5.8561600e+01	5.8561569e+01
5.8561583e+01	5.8561588e+01	5.8561687e+01	5.8561592e+01	5.8561583e+01	5.8561624e+01	5.8569208e+01	5.8561576e+01	5.8561590e+01	5.8561592e+01	5.8561571e+01	5.8561581e+01	5.8561590e+01	5.8561571e+01	5.8561591e+01	5.8561567e+01	5.8583785e+01	5.8561603e+01	5.8561579e+01	5.8561618e+01	5.8561582e+01	5.8561566e+01	5.8561578e+01	5.8561600e+01	5.8561569e+01
5.8561583e+01	5.8561588e+01	5.8561687e+01	5.8561592e+01	5.8561583e+01	5.8561624e+01	5.8569208e+01	5.8561576e+01	5.8561590e+01	5.8561592e+01	5.8561571e+01	5.8561581e+01	5.8561590e+01	5.8561571e+01	5.8561591e+01	5.8561567e+01	5.8583785e+01	5.8561603e+01	5.8561579e+01	5.8561618e+01	5.8561582e+01	5.8561566e+01	5.8561578e+01	5.8561600e+01	5.8561569e+01
5.8561583e+01	5.8561588e+01	5.8561687e+01	5.8561592e+01	5.8561583e+01	5.8561624e+01	5.8569208e+01	5.8561576e+01	5.8561590e+01	5.8561592e+01	5.8561571e+01	5.8561581e+01	5.8561590e+01	5.8561571e+01	5.8561591e+01	5.8561567e+01	5.8583785e+01	5.8561603e+01	5.8561579e+01	5.8561618e+01	5.8561582e+01	5.8561566e+01	5.8561578e+01	5.8561600e+01	5.8561569e+01
5.8561583e+01	5.8561588e+01	5.8561687e+01	5.8561592e+01	5.8561583e+01	5.8561624e+01	5.8569208e+01	5.8561576e+01	5.8561590e+01	5.8561592e+01	5.8561571e+01	5.8561581e+01	5.8561590e+01	5.8561571e+01	5.8561591e+01	5.8561567e+01	5.8583785e+01	5.8561603e+01	5.8561579e+01	5.8561618e+01	5.8561582e+01	5.8561566e+01	5.8561578e+01	5.8561600e+01	5.8561569e+01
5.8561583e+01	5.8561588e+01	5.8561687e+01	5.8561592e+01	5.8561583e+01	5.8561624e+01	5.8569208e+01	5.8561576e+01	5.8561590e+01	5.8561592e+01	5.8561571e+01	5.8561581e+01	5.8561590e+01	5.8561571e+01	5.8561591e+01	5.8561567e+01	5.8583785e+01	5.8561603e+01	5.8561579e+01	5.8561618e+01	5.8561582e+01	5.8561566e+01	5.8561578e+01	5.8561600e+01	5.8561569e+01
5.8561583e+01	5.8561588e+01	5.8561687e+01	5.8561592e+01	5.8561583e+01	5.8561624e+01	5.8569208e+01	5.8561576e+01	5.8561590e+01	5.8561592e+01	5.8561571e+01	5.8561581e+01	5.8561590e+01	5.8561571e+01	5.8561591e+01	5.8561567e+01	5.8583785e+01	5.8561603e+01	5.8561579e+01	5.8561618e+01	5.8561582e+01	5.8561566e+01	5.8561578e+01	5.8561600e+01	5.8561569e+01
5.8561583e+01	5.8561588e+01	5.8561687e+01	5.8561592e+01	5.8561583e+01	5.8561624e+01	5.8569208e+01	5.8561576e+01	5.8561590e+01	5.8561592e+01	5.8561571e+01	5.8561581e+01	5.8561590e+01	5.8561571e+01	5.8561591e+01	5.8561567e+01	5.8583785e+01	5.8561603e+01	5.8561579e+01	5.8561618e+01	5.8561582e+01	5.8561566e+01	5.8561578e+01	5.8561600e+01	5.8561569e+01
5.8561583e+01	5.8561588e+01	5.8561687e+01	5.8561592e+01	5.8561583e+01	5.8561624e+01	5.8569208e+01	5.8561576e+01	5.8561590e+01	5.8561592e+01	5.8561571e+01	5.8561581e+01	5.8561590e+01	5.8561571e+01	5.8561591e+01	5.8561567e+01	5.8583785e+01	5.8561603e+01	5.8561579e+01	5.8561618e+01	5.8561582e+01	5.8561566e+01	5.8561578e+01	5.8561600e+01	5.8561569e+01
5.8561583e+01	5.8561588e+01	5.8561687e+01	5.8561592e+01	5.8561583e+01	5.8561624e+01	5.8569208e+01	5.8561576e+01	5.8561590e+01	5.8561592e+01	5.8561571e+01	5.8561581e+01	5.8561590e+01	5.8561571e+01	5.8561591e+01	5.8561567e+01	5.8583785e+01	5.8561603e+01	5.8561579e+01	5.8561618e+01	5.8561582e+01	5.8561566e+01	5.8561578e+01	5.8561600e+01	5.8561569e+01
5.8561583e+01	5.8561588e+01	5.8561687e+01	5.8561592e+01	5.8561583e+01	5.8561624e+01	5.8569208e+01	5.8561576e+01	5.8561590e+01	5.8561592e+01	5.8561571e+01	5.8561581e+01	5.8561590e+01	5.8561571e+01	5.8561591e+01	5.8561567e+01	5.8583785e+01	5.8561603e+01	5.8561579e+01	5.8561618e+01	5.8561582e+01	5.8561566e+01	5.8561578e+01	5.8561600e+01	5.8561569e+01
5.8561583e+01	5.8561588e+01	5.8561687e+01	5.8561592e+01	5.8561583e+01	5.8561624e+01	5.8569208e+01	5.8561576e+01	5.8561590e+01	5.8561592e+01	5.8561571e+01	5.8561581e+01	5.8561590e+01	5.8561571e+01	5.8561591e+01	5.8561567e+01	5.8583785e+01	5.8561603e+01	5.8561579e+01	5.8561618e+01	5.8561582e+01	5.8561566e+01	5.8561578e+01	5.8561600e+01	5.8561569e+01
5.8561583e+01	5.8561588e+01	5.8561687e+01	5.8561592e+01	5.8561583e+01	5.8561624e+01	5.8569208e+01	5.8561576e+01	5.8561590e+01	5.8561592e+01	5.8561571e+01	5.8561581e+01	5.8561590e+01	5.8561571e+01	5.8561591e+01	5.8561567e+01	5.8583785e+01	5.8561603e+01	5.8561579e+01	5.8561618e+01	5.8561582e+01	5.8561566e+01	5.8561578e+01	5.8561600e+01	5.8561569e+01
5.8561583e+01	5.8561588e+01	5.8561687e+01	5.8561592e+01	5.8561583e+01	5.8561624e+01	5.8569208e+01	5.8561576e+01	5.8561590e+01	5.8561592e+01	5.8561571e+01	5.8561581e+01	5.8561590e+01	5.8561571e+01	5.8561591e+01	5.8561567e+01	5.8583785e+01	5.8561603e+01	5.8561579e+01	5.8561618e+01	5.8561582e+01	5.8561566e+01	5.8561578e+01	5.8561600e+01	5.8561569e+01
5.8561583e+01	5.8561588e+01	5.8561687e+01	5.8561592e+01	5.8561583e+01	5.8561624e+01	5.8569208e+01	5.8561576e+01	5.8561590e+01	5.8561592e+01	5.8561571e+01	5.8561581e+01	5.8561590e+01	5.8561571e+01	5.8561591e+01	5.8561567e+01	5.8583785e+01	5.8561603e+01	5.8561579e+01	5.8561618e+01	5.8561582e+01	5.8561566e+01	5.8561578e+01	5.8561600e+01	5.8561569e+01
5.8561583e+01	5.8561588e+01	5.8561687e+01	5.8561592e+01	5.8561583e+01	5.8561624e+01	5.8569208e+01	5.8561576e+01	5.8561590e+01	5.8561592e+01	5.8561571e+01	5.8561581e+01	5.8561590e+01	5.8561571e+01	5.8561591e+01	5.8561567e+01	5.8583785e+01	5.8561603e+01	5.8561579e+01	5.8561618e+01	5.8561582e+01	5.8561566e+01	5.8561578e+01	5.8561600e+01	5.8561569e+01
5.8561583e+01	5.8561588e+01	5.8561687e+01	5.8561592e+01	5.8561583e+01	5.8561624e+01	5.8569208e+01	5.8561576e+01	5.8561590e+01	5.8561592e+01	5.8561571e+01	5.8561581e+01	5.8561590e+01	5.8561571e+01	5.8561591e+01	5.8561567e+01	5.8583785e+01	5.8561603e+01	5.8561579e+01	5.8561618e+01	5.8561582e+01	5.8561566e+01	5.8561578e+01	5.8561600e+01	5.8561569e+01
5.8561583e+01	5.8561588e+01	5.8561687e+01	5.8561592e+01	5.8561583e+01	5.8561624e+01	5.8569208e+01	5.8561576e+01	5.8561590e+01	5.8561592e+01	5.8561571e+01	5.8561581e+01	5.8561590e+01	5.8561571e+01	5.8561591e+01	5.8561567e+01	5.8583785e+01	5.8561603e+01	5.8561579e+01	5.8561618e+01	5.8561582e+01	5.8561566e+01	5.8561578e+01	5.8561600e+01	5.8561569e+01
5.8561583e+01	5.8561588e+01	5.8561687e+01	5.8561592e+01	5.8561583e+01	5.8561624e+01	5.8569208e+01	5.8561576e+01	5.8561590e+01	5.8561592e+01	5.8561571e+01	5.8561581e+01	5.8561590e+01	5.8561571e+01	5.8561591e+01	5.8561567e+01	5.8583785e+01	5.8561603e+01	5.8561579e+01	5.8561618e+01	5.8561582e+01	5.8561566e+01	5.8561578e+01	5.8561600e+01	5.8561569e+01
5.8561583e+01	5.8561588e+01	5.8561687e+01	5.8561592e+01	5.8561583e+01	5.8561624e+01	5.8569208e+01	5.8561576e+01	5.8561590e+01	5.8561592e+01	5.8561571e+01	5.8561581e+01	5.8561590e+01	5.8561571e+01	5.8561591e+01	5.8561567e+01	5.8583785e+01	5.8561603e+01	5.8561579e+01	5.8561618e+01	5.8561582e+01	5.8561566e+01	5.8561578e+01	5.8561600e+01	5.8561569e+01
5.8561583e+01	5.8561588e+01	5.8561687e+01	5.8561592e+01	5.8561583e+01	5.8561624e+01	5.8569208e+01	5.8561576e+01	5.8561590e+01	5.8561592e+01	5.8561571e+01	5.8561581e+01	5.8561590e+01	5.8561571e+01	5.8561591e+01	5.8561567e+01	5.8583785e+01	5.8561603e+01	5.8561579e+01	5.8561618e+01	5.8561582e+01	5.8561566e+01	5.8561578e+01	5.8561600e+01	5.8561569e+01
5.8561583e+01	5.8561588e+01	5.8561687e+01	5.8561592e+01	5.8561583e+01	5.8561624e+01	5.8569208e+01	5.8561576e+01	5.8561590e+01	5.8561592e+01	5.8561571e+01	5.8561581e+01	5.8561590e+01	5.8561571e+01	5.8561591e+01	5.8561567e+01	5.8583785e+01	5.8561603e+01	5.8561579e+01	5.8561618e+01	5.8561582e+01	5.8561566e+01	5.8561578e+01	5.8561600e+01	5.8561569e+01
5.8561583e+01	5.8561588e+01	5.8561687e+01	5.8561592e+01	5.8561583e+01	5.8561624e+01	5.8569208e+01	5.8561576e+01	5.8561590e+01	5.8561592e+01	5.8561571e+01	5.8561581e+01	5.8561590e+01	5.8561571e+01	5.8561591e+01	5.8561567e+01	5.8583785e+01	5.8561603e+01	5.8561579e+01	5.8561618e+01	5.8561582e+01	5.8561566e+01	5.8561578e+01	5.8561600e+01	5.8561569e+01
5.8561583e+01	5.8561588e+01	5.8561687e+01	5.8561592e+01	5.8561583e+01	5.8561624e+01	5.8569208e+01	5.8561576e+01	5.8561590e+01	5.8561592e+01	5.8561571e+01	5.8561581e+01	5.8561590e+01	5.8561571e+01	5.8561591e+01	5.8561567e+01	5.8583785e+01	5.8561603e+01	5.8561579e+01	5.8561618e+01	5.8561582e+01	5.8561566e+01	5.8561578e+01	5.8561600e+01	5.8561569e+01
5.8561583e+01	5.8561588e+01	5.8561687e+01	5.8561592e+01	5.8561583e+01	5.8561624e+01	5.8569208e+01	5.8561576e+01	5.8561590e+01	5.8561592e+01	5.8561571e+01	5.8561581e+01	5.8561590e+01	5.8561571e+01	5.8561591e+01	5.8561567e+01	5.8583785e+01	5.8561603e+01	5.8561579e+01	5.8561618e+01	5.8561582e+01	5.8561566e+01	5.8561578e+01	5.8561600e+01	5.8561569e+01
5.8561583e+01	5.8561588e+01	5.8561687e+01	5.8561592e+01	5.8561583e+01	5.8561624e+01	5.8569208e+01	5.8561576e+01	5.8561590e+01	5.8561592e+01	5.8561571e+01	5.8561581e+01	5.8561590e+01	5.8561571e+01	5.8561591e+01	5.8561567e+01	5.8583785e+01	5.8561603e+01	5.8561579e+01	5.8561618e+01	5.8561582e+01	5.8561566e+01	5.8561578e+01	5.8561600e+01	5.8561569e+01
5.8561583e+01	5.8561588e+01	5.8561687e+01	5.8561592e+01	5.8561583e+01	5.8561624e+01	5.8569208e+01	5.8561576e+01	5.8561590e+01	5.8561592e+01	5.8561571e+01	5.8561581e+01	5.8561590e+01	5.8561571e+01	5.8561591e+01	5.8561567e+01	5.8583785e+01	5.8561603e+01	5.8561579e+01	5.8561618e+01	5.8561582e+01	5.8561566e+01	5.8561578e+01	5.8561600e+01	5.8561569e+01
5.8561583e+01	5.8561588e+01	5.8561687e+01	5.8561592e+01	5.8561583e+01	5.8561624e+01	5.8569208e+01	5.8561576e+01	5.8561590e+01	5.8561592e+01	5.8561571e+01	5.8561581e+01	5.8561590e+01	5.8561571e+01	5.8561591e+01	5.8561567e+01	5.8583785e+01	5.8561603e+01	5.8561579e+01	5.8561618e+01	5.8561582e+01	5.8561566e+01	5.8561578e+01	5.8561600e+01	5.8561569e+01
5.8561583e+01	5.8561588e+01	5.8561687e+01	5.8561592e+01	5.8561583e+01	5.8561624e+01	5.8569208e+01	5.8561576e+01	5.8561590e+01	5.8561592e+01	5.8561571e+01	5.8561581e+01	5.8561590e+01	5.8561571e+01	5.8561591e+01	5.8561567e+01	5.8583785e+01	5.8561603e+01	5.8561579e+01	5.8561618e+01	5.8561582e+01	5.8561566e+01	5.8561578e+01	5.8561600e+01	5.8561569e+01
5.8561583e+01	5.8561588e+01	5.8561687e+01	5.8561592e+01	5.8561583e+01	5.8561624e+01	5.8569208e+01	5.8561576e+01	5.8561590e+01	5.8561592e+01	5.8561571e+01	5.8561581e+01	5.8561590e+01	5.8561571e+01	5.8561591e+01	5.8561567e+01	5.8583785e+01	5.8561603e+01	5.8561579e+01	5.8561618e+01	5.8561582e+01	5.8561566e+01	5.8561578e+01	5.8561600e+01	5.8561569e+01
5.8561583e+01	5.8561588e+01	5.8561687e+01	5.8561592e+01	5.8561583e+01	5.8561624e+01	5.8569208e+01	5.8561576e+01	5.8561590e+01	5.8561592e+01	5.8561571e+01	5.8561581e+01	5.8561590e+01	5.8561571e+01	5.8561591e+01	5.8561567e+01	5.8583785e+01	5.8561603e+01	5.8561579e+01	5.8561618e+01	5.8561582e+01	5.8561566e+01	5.8561578e+01	5.8561600e+01	5.8561569e+01
5.8561583e+01	5.8561588e+01	5.8561687e+01	5.8561592e+01	5.8561583e+01	5.8561624e+01	5.8569208e+01	5.8561576e+01	5.8561590e+01	5.8561592e+01	5.8561571e+01	5.8561581e+01	5.8561590e+01	5.8561571e+01	5.8561591e+01	5.8561567e+01	5.8583785e+01	5.8561603e+01	5.8561579e+01	5.8561618e+01	5.8561582e+01	5.8561566e+01	5.8561578e+01	5.8561600e+01	5.8561569e+01
5.8561583e+01	5.8561588e+01	5.8561687e+01	5.8561592e+01	5.8561583e+01	5.8561624e+01	5.8569208e+01	5.8561576e+01	5.8561590e+01	5.8561592e+01	5.8561571e+01	5.8561581e+01	5.8561590e+01	5.8561571e+01	5.8561591e+01	5.8561567e+01	5.8583785e+01	5.8561603e+01	5.8561579e+01	5.8561618e+01	5.8561582e+01	5.8561566e+01	5.8561578e+01	5.8561600e+01	5.8561569e+01
5.8561583e+01	5.8561588e+01	5.8561687e+01	5.8561592e+01	5.8561583e+01	5.8561624e+01	5.8569208e+01	5.8561576e+01	5.8561590e+01	5.8561592e+01	5.8561571e+01	5.8561581e+01	5.8561590e+01	5.8561571e+01	5.8561591e+01	5.8561567e+01	5.8583785e+01	5.8561603e+01	5.8561579e+01	5.8561618e+01	5.8561582e+01	5.8561566e+01	5.8561578e+01	5.8561600e+01	5.8561569e+01
5.8561583e+01	5.8561588e+01	5.8561687e+01	5.8561592e+01	5.8561583e+01	5.8561624e+01	5.8569208e+01	5.8561576e+01	5.8561590e+01	5.8561592e+01	5.8561571e+01	5.8561581e+01	5.8561590e+01	5.8561571e+01	5.8561591e+01	5.8561567e+01	5.8583785e+01	5.8561603e+01	5.8561579e+01	5.8561618e+01	5.8561582e+01	5.8561566e+01	5.8561578e+01	5.8561600e+01	5.8561569e+01
5.8561583e+01	5.8561588e+01	5.8561687e+01	5.8561592e+01	5.8561583e+01	5.8561624e+01	5.8569208e+01	5.8561576e+01	5.8561590e+01	5.8561592e+01	5.8561571e+01	5.8561581e+01	5.8561590e+01	5.8561571e+01	5.8561591e+01	5.8561567e+01	5.8583785e+01	5.8561603e+01	5.8561579e+01	5.8561618e+01	5.8561582e+01	5.8561566e+01	5.8561578e+01	5.8561600e+01	5.8561569e+01
5.8561583e+01	5.8561588e+01	5.8561687e+01	5.8561592e+01	5.8561583e+01	5.8561624e+01	5.8569208e+01	5.8561576e+01	5.8561590e+01	5.8561592e+01	5.8561571e+01	5.8561581e+01	5.8561590e+01	5.8561571e+01	5.8561591e+01	5.8561567e+01	5.8583785e+01	5.8561603e+01	5.8561579e+01	5.8561618e+01	5.8561582e+01	5.8561566e+01	5.8561578e+01	5.8561600e+01	5.8561569e+01
5.8561583e+01	5.8561588e+01	5.8561687e+01	5.8561592e+01	5.8561583e+01	5.8561624e+01	5.8569208e+01	5.8561576e+01	5.8561590e+01	5.8561592e+01	5.8561571e+01	5.8561581e+01	5.8561590e+01	5.8561571e+01	5.8561591e+01	5.8561567e+01	5.8583785e+01	5.8561603e+01	5.8561579e+01	5.8561618e+01	5.8561582e+01	5.8561566e+01	5.8561578e+01	5.8561600e+01	5.8561569e+01
5.8561583e+01	5.8561588e+01	5.8561687e+01	5.8561592e+01	5.8561583e+01	5.8561624e+01	5.8569208e+01	5.8561576e+01	5.8561590e+01	5.8561592e+01	5.8561571e+01	5.8561581e+01	5.8561590e+01	5.8561571e+01	5.8561591e+01	5.8561567e+01	5.8583785e+01	5.8561603e+01	5.8561579e+01	5.8561618e+01	5.8561582e+01	5.8561566e+01	5.8561578e+01	5.8561600e+01	5.8561569e+01
5.8561583e+01	5.8561588e+01	5.8561687e+01	5.8561592e+01	5.8561583e+01	5.8561624e+01	5.8569208e+01	5.8561576e+01	5.8561590e+01	5.8561592e+01	5.8561571e+01	5.8561581e+01	5.8561590e+01	5.8561571e+01	5.8561591e+01	5.8561567e+01	5.8583785e+01	5.8561603e+01	5.8561579e+01	5.8561618e+01	5.8561582e+01	5.8561566e+01	5.8561578e+01	5.8561600e+01	5.8561569e+01
5.8561583e+01	5.8561588e+01	5.8561687e+01	5.8561592e+01	5.8561583e+01	5.8561624e+01	5.8569208e+01	5.8561576e+01	5.8561590e+01	5.8561592e+01	5.8561571e+01	5.8561581e+01	5.8561590e+01	5.8561571e+01	5.8561591e+01	5.8561567e+01	5.8583785e+01	5.8561603e+01	5.8561579e+01	5.8561618e+01	5.8561582e+01	5.8561566e+01	5.8561578e+01	5.8561600e+01	5.8561569e+01
5.8561583e+01	5.8561588e+01	5.8561687e+01	5.8561592e+01	5.8561583e+01	5.8561624e+01	5.8569208e+01	5.8561576e+01	5.8561590e+01	5.8561592e+01	5.8561571e+01	5.8561581e+01	5.8561590e+01	5.8561571e+01	5.8561591e+01	5.8561567e+01	5.8583785e+01	5.8561603e+01	5.8561579e+01	5.8561618e+01	5.8561582e+01	5.8561566e+01	5.8561578e+01	5.8561600e+01	5.8561569e+01
5.8561583e+01	5.8561588e+01	5.8561687e+01	5.8561592e+01	5.8561583e+01	5.8561624e+01	5.8569208e+01	5.8561576e+01	5.8561590e+01	5.8561592e+01	5.8561571e+01	5.8561581e+01	5.8561590e+01	5.8561571e+01	5.8561591e+01	5.8561567e+01	5.8583785e+01	5.8561603e+01	5.8561579e+01	5.8561618e+01	5.8561582e+01	5.8561566e+01	5.8561578e+01	5.8561600e+01	5.8561569e+01
5.8561583e+01	5.8561588e+01	5.8561687e+01	5.8561592e+01	5.8561583e+01	5.8561624e+01	5.8569208e+01	5.8561576e+01	5.8561590e+01	5.8561592e+01	5.8561571e+01	5.8561581e+01	5.8561590e+01	5.8561571e+01	5.8561591e+01	5.8561567e+01	5.8583785e+01	5.8561603e+01	5.8561579e+01	5.8561618e+01	5.8561582e+01	5.8561566e+01	5.8561578e+01	5.8561600e+01	5.8561569e+01
5.8561583e+01	5.8561588e+01	5.8561687e+01	5.8561592e+01	5.8561583e+01	5.8561624e+01	5.8569208e+01	5.8561576e+01	5.8561590e+01	5.8561592e+01	5.8561571e+01	5.8561581e+01	5.8561590e+01	5.8561571e+01	5.8561591e+01	5.8561567e+01	5.8583785e+01	5.8561603e+01	5.8561579e+01	5.8561618e+01	5.8561582e+01	5.8561566e+01	5.8561578e+01	5.8561600e+01	5.8561569e+01
5.8561583e+01	5.8561588e+01	5.8561687e+01	5.8561592e+01	5.8561583e+01	5.8561624e+01	5.8569208e+01	5.8561576e+01	5.8561590e+01	5.8561592e+01	5.8561571e+01	5.8561581e+01	5.8561590e+01	5.8561571e+01	5.8561591e+01	5.8561567e+01	5.8583785e+01	5.8561603e+01	5.8561579e+01	5.8561618e+01	5.8561582e+01	5.8561566e+01	5.8561578e+01	5.8561600e+01	5.8561569e+01
5.8561583e+01	5.8561588e+01	5.8561687e+01	5.8561592e+01	5.8561583e+01	5.8561624e+01	5.8569208e+01	5.8561576e+01	5.8561590e+01	5.8561592e+01	5.8561571e+01	5.8561581e+01	5.8561590e+01	5.8561571e+01	5.8561591e+01	5.8561567e+01	5.8583785e+01	5.8561603e+01	5.8561579e+01	5.8561618e+01	5.8561582e+01	5.8561566e+01	5.8561578e+01	5.8561600e+01	5.8561569e+01
5.8561583e+01	5.8561588e+01	5.8561687e+01	5.8561592e+01	5.8561583e+01	5.8561624e+01	5.8569208e+01	5.8561576e+01	5.8561590e+01	5.8561592e+01	5.8561571e+01	5.8561581e+01	5.8561590e+01	5.8561571e+01	5.8561591e+01	5.8561567e+01	5.8583785e+01	5.8561603e+01	5.8561579e+01	5.8561618e+01	5.8561582e+01	5.8561566e+01	5.8561578e+01	5.8561600e+01	5.8561569e+01
5.8561583e+01	5.8561588e+01	5.8561687e+01	5.8561592e+01	5.8561583e+01	5.8561624e+01	5.8569208e+01	5.8561576e+01	5.8561590e+01	5.8561592e+01	5.8561571e+01	5.8561581e+01	5.8561590e+01	5.8561571e+01	5.8561591e+01	5.8561567e+01	5.8583785e+01	5.8561603e+01	5.8561579e+01	5.8561618e+01	5.8561582e+01	5.8561566e+01	5.8561578e+01	5.8561600e+01	5.8561569e+01
5.8561583e+01	5.8561588e+01	5.8561687e+01	5.8561592e+01	5.8561583e+01	5.8561624e+01	5.8569208e+01	5.8561576e+01	5.8561590e+01	5.8561592e+01	5.8561571e+01	5.8561581e+01	5.8561590e+01	5.8561571e+01	5.8561591e+01	5.8561567e+01	5.8583785e+01	5.8561603e+01	5.8561579e+01	5.8561618e+01	5.8561582e+01	5.8561566e+01	5.8561578e+01	5.8561600e+01	5.8561569e+01
5.8561583e+01	5.8561588e+01	5.8561687e+01	5.8561592e+01	5.8561583e+01	5.8561624e+01	5.8569208e+01	5.8561576e+01	5.8561590e+01	5.8561592e+01	5.8561571e+01	5.8561581e+01	5.8561590e+01	5.8561571e+01	5.8561591e+01	5.8561567e+01	5.8583785e+01	5.8561603e+01	5.8561579e+01	5.8561618e+01	5.8561582e+01	5.8561566e+01	5.8561578e+01	5.8561600e+01	5.8561569e+01
5.8561583e+01	5.8561588e+01	5.8561687e+01	5.8561592e+01	5.8561583e+01	5.8561624e+01	5.8569208e+01	5.8561576e+01	5.8561590e+01	5.8561592e+01	5.8561571e+01	5.8561581e+01	5.8561590e+01	5.8561571e+01	5.8561591e+01	5.8561567e+01	5.8583785e+01	5.8561603e+01	5.8561579e+01	5.8561618e+01	5.8561582e+01	5.8561566e+01	5.8561578e+01	5.8561600e+01	5.8561569e+01
5.8561583e+01	5.8561588e+01	5.8561687e+01	5.8561592e+01	5.8561583e+01	5.8561624e+01	5.8569208e+01	5.8561576e+01	5.8561590e+01	5.8561592e+01	5.8561571e+01	5.8561581e+01	5.8561590e+01	5.8561571e+01	5.8561591e+01	5.8561567e+01	5.8583785e+01	5.8561603e+01	5.8561579e+01	5.8561618e+01	5.8561582e+01	5.8561566e+01	5.8561578e+01	5.8561600e+01	5.8561569e+01
5.8561583e+01	5.8561588e+01	5.8561687e+01	5.8561592e+01	5.8561583e+01	5.8561624e+01	5.8569208e+01	5.8561576e+01	5.8561590e+01	5.8561592e+01	5.8561571e+01	5.8561581e+01	5.8561590e+01	5.8561571e+01	5.8561591e+01	5.8561567e+01	5.8583785e+01	5.8561603e+01	5.8561579e+01	5.8561618e+01	5.8561582e+01	5.8561566e+01	5.8561578e+01	5.8561600e+01	5.8561569e+01
5.8561583e+01	5.8561588e+01	5.8561687e+01	5.8561592e+01	5.8561583e+01	5.8561624e+01	5.8569208e+01	5.8561576e+01	5.8561590e+01	5.8561592e+01	5.8561571e+01	5.8561581e+01	5.8561590e+01	5.8561571e+01	5.8561591e+01	5.8561567e+01	5.8583785e+01	5.8561603e+01	5.8561579e+01	5.8561618e+01	5.8561582e+01	5.8561566e+01	5.8561578e+01	5.8561600e+01	5.8561569e+01
5.8561583e+01	5.8561588e+01	5.8561687e+01	5.8561592e+01	5.8561583e+01	5.8561624e+01	5.8569208e+01	5.8561576e+01	5.8561590e+01	5.8561592e+01	5.8561571e+01	5.8561581e+01	5.8561590e+01	5.8561571e+01	5.8561591e+01	5.8561567e+01	5.8583785e+01	5.8561603e+01	5.8561579e+01	5.8561618e+01	5.8561582e+01	5.8561566e+01	5.8561578e+01	5.8561600e+01	5.8561569e+01
5.8561583e+01	5.8561588e+01	5.8561687e+01	5.8561592e+01	5.8561583e+01	5.8561624e+01	5.8569208e+01	5.8561576e+01	5.8561590e+01	5.8561592e+01	5.8561571e+01	5.8561581e+01	5.8561590e+01	5.8561571e+01	5.8561591e+01	5.8561567e+01	5.8583785e+01	5.8561603e+01	5.8561579e+01	5.8561618e+01	5.8561582e+01	5.8561566e+01	5.8561578e+01	5.8561600e+01	5.8561569e+01
5.8561583e+01	5.8561588e+01	5.8561687e+01	5.8561592e+01	5.8561583e+01	5.8561624e+01	5.8569208e+01	5.8561576e+01	5.8561590e+01	5.8561592e+01	5.8561571e+01	5.8561581e+01	5.8561590e+01	5.8561571e+01	5.8561591e+01	5.8561567e+01	5.8583785e+01	5.8561603e+01	5.8561579e+01	5.8561618e+01	5.8561582e+01	5.8561566e+01	5.8561578e+01	5.8561600e+01	5.8561569e+01
5.8561583e+01	5.8561588e+01	5.8561687e+01	5.8561592e+01	5.8561583e+01	5.8561624e+01	5.8569208e+01	5.8561576e+01	5.8561590e+01	5.8561592e+01	5.8561571e+01	5.8561581e+01	5.8561590e+01	5.8561571e+01	5.8561591e+01	5.8561567e+01	5.8583785e+01	5.8561603e+01	5.8561579e+01	5.8561618e+01	5.8561582e+01	5.8561566e+01	5.8561578e+01	5.8561600e+01	5.8561569e+01
5.8561583e+01	5.8561588e+01	5.8561687e+01	5.8561592e+01	5.8561583e+01	5.8561624e+01	5.8569208e+01	5.8561576e+01	5.8561590e+01	5.8561592e+01	5.8561571e+01	5.8561581e+01	5.8561590e+01	5.8561571e+01	5.8561591e+01	5.8561567e+01	5.8583785e+01	5.8561603e+01	5.8561579e+01	5.8561618e+01	5.8561582e+01	5.8561566e+01	5.8561578e+01	5.8561600e+01	5.8561569e+01
5.8561583e+01	5.8561588e+01	5.8561687e+01	5.8561592e+01	5.8561583e+01	5.8561624e+01	5.8569208e+01	5.8561576e+01	5.8561590e+01	5.8561592e+01	5.8561571e+01	5.8561581e+01	5.8561590e+01	5.8561571e+01	5.8561591e+01	5.8561567e+01	5.8583785e+01	5.8561603e+01	5.8561579e+01	5.8561618e+01	5.8561582e+01	5.8561566e+01	5.8561578e+01	5.8561600e+01	5.8561569e+01
5.8561583e+01	5.8561588e+01	5.8561687e+01	5.8561592e+01	5.8561583e+01	5.8561624e+01	5.8569208e+01	5.8561576e+01	5.8561590e+01	5.8561592e+01	5.8561571e+01	5.8561581e+01	5.8561590e+01	5.8561571e+01	5.8561591e+01	5.8561567e+01	5.8583785e+01	5.8561603e+01	5.8561579e+01	5.8561618e+01	5.8561582e+01	5.8561566e+01	5.8561578e+01	5.8561600e+01	5.8561569e+01
5.8561583e+01	5.8561588e+01	5.8561687e+01	5.8561592e+01	5.8561583e+01	5.8561624e+01	5.8569208e+01	5.8561576e+01	5.8561590e+01	5.8561592e+01	5.8561571e+01	5.8561581e+01	5.8561590e+01	5.8561571e+01	5.8561591e+01	5.8561567e+01	5.8583785e+01	5.8561603e+01	5.8561579e+01	5.8561618e+01	5.8561582e+01	5.8561566e+01	5.8561578e+01	5.8561600e+01	5.8561569e+01
5.8561583e+01	5.8561588e+01	5.8561687e+01	5.8561592e+01	5.8561583e+01	5.8561624e+01	5.8569208e+01	5.8561576e+01	5.8561590e+01	5.8561592e+01	5.8561571e+01	5.8561581e+01	5.8561590e+01	5.8561571e+01	5.8561591e+01	5.8561567e+01	5.8583785e+01	5.8561603e+01	5.8561579e+01	5.8561618e+01	5.8561582e+01	5.8561566e+01	5.8561578e+01	5.8561600e+01	5.8561569e+01
5.8561583e+01	5.8561588e+01	5.8561687e+01	5.8561592e+01	5.8561583e+01	5.8561624e+01	5.8569208e+01	5.8561576e+01	5.8561590e+01	5.8561592e+01	5.8561571e+01	5.8561581e+01	5.8561590e+01	5.8561571e+01	5.8561591e+01	5.8561567e+01	5.8583785e+01	5.8561603e+01	5.8561579e+01	5.8561618e+01	5.8561582e+01	5.8561566e+01	5.8561578e+01	5.8561600e+01	5.8561569e+01
5.8561583e+01	5.8561588e+01	5.8561687e+01	5.8561592e+01	5.8561583e+01	5.8561624e+01	5.8569208e+01	5.8561576e+01	5.8561590e+01	5.8561592e+01	5.8561571e+01	5.8561581e+01	5.8561590e+01	5.8561571e+01	5.8561591e+01	5.8561567e+01	5.8583785e+01	5.8561603e+01	5.8561579e+01	5.8561618e+01	5.8561582e+01	5.8561566e+01	5.8561578e+01	5.8561600e+01	5.8561569e+01
5.8561583e+01	5.8561588e+01	5.8561687e+01	5.8561592e+01	5.8561583e+01	5.8561624e+01	5.8569208e+01	5.8561576e+01	5.8561590e+01	5.8561592e+01	5.8561571e+01	5.8561581e+01	5.8561590e+01	5.8561571e+01	5.8561591e+01	5.8561567e+01	5.8583785e+01	5.8561603e+01	5.8561579e+01	5.8561618e+01	5.8561582e+01	5.8561566e+01	5.8561578e+01	5.8561600e+01	5.8561569e+01
5.8561583e+01	5.8561588e+01	5.8561687e+01	5.8561592e+01	5.8561583e+01	5.8561624e+01	5.8569208e+01	5.8561576e+01	5.8561590e+01	5.8561592e+01	5.8561571e+01	5.8561581e+01	5.8561590e+01	5.8561571e+01	5.8561591e+01	5.8561567e+01	5.8583785e+01	5.8561603e+01	5.8561579e+01	5.8561618e+01	5.8561582e+01	5.8561566e+01	5.8561578e+01	5.8561600e+01	5.8561569e+01
5.8561583e+01	5.8561588e+01	5.8561687e+01	5.8561592e+01	5.8561583e+01	5.8561624e+01	5.8569208e+01	5.8561576e+01	5.8561590e+01	5.8561592e+01	5.8561571e+01	5.8561581e+01	5.8561590e+01	5.8561571e+01	5.8561591e+01	5.8561567e+01	5.8583785e+01	5.8561603e+01	5.8561579e+01	5.8561618e+01	5.8561582e+01	5.8561566e+01	5.8561578e+01	5.8561600e+01	5.8561569e+01
5.8561583e+01	5.8561588e+01	5.8561687e+01	5.8561592e+01	5.8561583e+01	5.8561624e+01	5.8569208e+01	5.8561576e+01	5.8561590e+01	5.8561592e+01	5.8561571e+01	5.8561581e+01	5.8561590e+01	5.8561571e+01	5.8561591e+01	5.8561567e+01	5.8583785e+01	5.8561603e+01	5.8561579e+01	5.8561618e+01	5.8561582e+01	5.8561566e+01	5.8561578e+01	5.8561600e+01	5.8561569e+01
5.8561583e+01	5.8561588e+01	5.8561687e+01	5.8561592e+01	5.8561583e+01	5.8561624e+01	5.8569208e+01	5.8561576e+01	5.8561590e+01	5.8561592e+01	5.8561571e+01	5.8561581e+01	5.8561590e+01	5.8561571e+01	5.8561591e+01	5.8561567e+01	5.8583785e+01	5.8561603e+01	5.8561579e+01	5.8561618e+01	5.8561582e+01	5.8561566e+01	5.8561578e+01	5.8561600e+01	5.8561569e+01
5.8561583e+01	5.8561588e+01	5.8561687e+01	5.8561592e+01	5.8561583e+01	5.8561624e+01	5.8569208e+01	5.8561576e+01	5.8561590e+01	5.8561592e+01	5.8561571e+01	5.8561581e+01	5.8561590e+01	5.8561571e+01	5.8561591e+01	5.8561567e+01	5.8583785e+01	5.8561603e+01	5.8561579e+01	5.8561618e+01	5.8561582e+01	5.8561566e+01	5.8561578e+01	5.8561600e+01	5.8561569e+01
5.8561583e+01	5.8561588e+01	5.8561687e+01	5.8561592e+01	5.8561583e+01	5.8561624e+01	5.8569208e+01	5.8561576e+01	5.8561590e+01	5.8561592e+01	5.8561571e+01	5.8561581e+01	5.8561590e+01	5.8561571e+01	5.8561591e+01	5.8561567e+01	5.8583785e+01	5.8561603e+01	5.8561579e+01	5.8561618e+01	5.8561582e+01	5.8561566e+01	5.8561578e+01	5.8561600e+01	5.8561569e+01
5.8561583e+01	5.8561588e+01	5.8561687e+01	5.8561592e+01	5.8561583e+01	5.8561624e+01	5.8569208e+01	5.8561576e+01	5.8561590e+01	5.8561592e+01	5.8561571e+01	5.8561581e+01	5.8561590e+01	5.8561571e+01	5.8561591e+01	5.8561567e+01	5.8583785e+01	5.8561603e+01	5.8561579e+01	5.8561618e+01	5.8561582e+01	5.8561566e+01	5.8561578e+01	5.8561600e+01	5.8561569e+01
5.8561583e+01	5.8561588e+01	5.8561687e+01	5.8561592e+01	5.8561583e+01	5.8561624e+01	5.8569208e+01	5.8561576e+01	5.8561590e+01	5.8561592e+01	5.8561571e+01	5.8561581e+01	5.8561590e+01	5.8561571e+01	5.8561591e+01	5.8561567e+01	5.8583785e+01	5.8561603e+01	5.8561579e+01	5.8561618e+01	5.8561582e+01	5.8561566e+01	5.8561578e+01	5.8561600e+01	5.8561569e+01
5.8561583e+01	5.8561588e+01	5.8561687e+01	5.8561592e+01	5.8561583e+01	5.8561624e+01	5.8569208e+01	5.8561576e+01	5.8561590e+01	5.8561592e+01	5.8561571e+01	5.8561581e+01	5.8561590e+01	5.8561571e+01	5.8561591e+01	5.8561567e+01	5.8583785e+01	5.8561603e+01	5.8561579e+01	5.0596073e+01	5.8561582e+01	5.8561566e+01	5.8561578e+01	5.8561600e+01	5.8561569e+01
5.8561583e+01	5.8561588e+01	5.8561687e+01	5.8561592e+01	5.8561583e+01	5.8561624e+01	5.8569208e+01	5.8561576e+01	5.8561590e+01	5.8561592e+01	5.8561571e+01	5.8561581e+01	5.8561590e+01	5.8561571e+01	5.8561591e+01	5.8561567e+01	5.8583785e+01	5.8561603e+01	5.8561579e+01	5.0596073e+01	5.8561582e+01	5.8561566e+01	5.8561578e+01	5.8561600e+01	5.8561569e+01
5.8561583e+01	5.8561588e+01	5.8561687e+01	5.8561592e+01	5.8561583e+01	5.8561624e+01	5.8569208e+01	5.8561576e+01	5.8561590e+01	5.8561592e+01	5.8561571e+01	5.8561581e+01	5.8561590e+01	5.8561571e+01	5.8561591e+01	5.8561567e+01	5.8583785e+01	5.8561603e+01	5.8561579e+01	4.7736589e+01	5.8561582e+01	5.8561566e+01	5.8561578e+01	5.8561600e+01	5.8561569e+01
5.8561583e+01	5.8561588e+01	5.8561687e+01	5.8561592e+01	5.8561583e+01	5.8561624e+01	5.8569208e+01	5.8561576e+01	5.8561590e+01	5.8561592e+01	5.8561571e+01	5.8561581e+01	5.8561590e+01	5.8561571e+01	5.8561591e+01	5.8561567e+01	5.8583785e+01	5.8561603e+01	5.8561579e+01	4.4061051e+01	5.8561582e+01	5.8561566e+01	5.8561578e+01	5.8561600e+01	5.8561569e+01
5.8561583e+01	5.8561588e+01	5.8561687e+01	5.8561592e+01	5.8561583e+01	5.8561624e+01	5.8569208e+01	5.8561576e+01	5.8561590e+01	5.8561592e+01	5.8561571e+01	5.8561581e+01	5.8561590e+01	5.8561571e+01	5.8561591e+01	5.8561567e+01	5.8583785e+01	5.8561603e+01	5.8561579e+01	4.1697671e+01	5.8561582e+01	5.8561566e+01	5.8561578e+01	5.8561600e+01	5.8561569e+01
5.8561583e+01	5.8561588e+01	5.8561687e+01	5.8561592e+01	5.8561583e+01	5.8561624e+01	5.8569208e+01	5.8561576e+01	5.8561590e+01	5.8561592e+01	5.8561571e+01	5.8561581e+01	5.8561590e+01	5.8561571e+01	5.8561591e+01	5.8561567e+01	5.8583785e+01	5.8561603e+01	5.8561579e+01	4.0271330e+01	5.8561582e+01	5.8561566e+01	5.8561578e+01	5.8561600e+01	5.8561569e+01
5.8561583e+01	5.8561588e+01	5.8561687e+01	5.8561592e+01	5.8561583e+01	5.8561624e+01	5.8569208e+01	5.8561576e+01	5.8561590e+01	5.8561592e+01	5.8561571e+01	5.8561581e+01	5.8561590e+01	5.8561571e+01	5.8561591e+01	5.8561567e+01	5.8583785e+01	5.8561603e+01	5.8561579e+01	3.9542448e+01	5.8561582e+01	5.8561566e+01	5.8561578e+01	5.8561600e+01	5.8561569e+01
5.8561583e+01	5.8561588e+01	5.8561687e+01	5.8561592e+01	5.8561583e+01	5.8561624e+01	5.8569208e+01	5.8561576e+01	5.8561590e+01	5.8561592e+01	5.8561571e+01	5.8561581e+01	5.8561590e+01	5.8561571e+01	5.8561591e+01	5.8561567e+01	5.8583785e+01	5.8561603e+01	5.8561579e+01	3.7387445e+01	5.8561582e+01	5.8561566e+01	5.8561578e+01	5.8561600e+01	5.8561569e+01
5.8561583e+01	5.8561588e+01	5.8561687e+01	5.8561592e+01	5.8561583e+01	5.8561624e+01	5.8569208e+01	5.8561576e+01	5.8561590e+01	5.8561592e+01	5.8561571e+01	5.8561581e+01	5.8561590e+01	5.8561571e+01	5.8561591e+01	5.8561567e+01	5.8583785e+01	5.8561603e+01	5.8561579e+01	3.6504055e+01	5.8561582e+01	5.8561566e+01	5.8561578e+01	5.8561600e+01	5.8561569e+01
5.8561583e+01	5.8561588e+01	5.8561687e+01	5.8561592e+01	5.8561583e+01	5.8561624e+01	5.8569208e+01	5.8561576e+01	5.8561590e+01	5.8561592e+01	5.8561571e+01	5.8561581e+01	5.8561590e+01	5.8561571e+01	5.8561591e+01	5.8561567e+01	5.8583785e+01	5.8561603e+01	5.8561579e+01	3.6049374e+01	5.8561582e+01	5.8561566e+01	5.8561578e+01	5.8561600e+01	5.8561569e+01
5.8561583e+01	5.8561588e+01	5.8561687e+01	5.8561592e+01	5.8561583e+01	5.8561624e+01	5.8569208e+01	5.8561576e+01	5.8561590e+01	5.8561592e+01	5.8561571e+01	5.8561581e+01	5.8561590e+01	5.8561571e+01	5.8561591e+01	5.8561567e+01	5.8583785e+01	5.8561603e+01	5.8561579e+01	3.5633597e+01	5.8561582e+01	5.8561566e+01	5.8561578e+01	5.8561600e+01	5.8561569e+01
5.8561583e+01	5.8561588e+01	5.8561687e+01	5.8561592e+01	5.8561583e+01	5.8561624e+01	5.8569208e+01	5.8561576e+01	5.8561590e+01	5.8561592e+01	5.8561571e+01	5.8561581e+01	5.8561590e+01	5.8561571e+01	5.8561591e+01	5.8561567e+01	5.8583785e+01	5.8561603e+01	5.8561579e+01	3.5307139e+01	5.8561582e+01	5.8561566e+01	5.8561578e+01	5.8561600e+01	5.8561569e+01
5.8561583e+01	5.8561588e+01	5.8561687e+01	5.8561592e+01	5.8561583e+01	5.8561624e+01	5.8569208e+01	5.8561576e+01	5.8561590e+01	5.8561592e+01	5.8561571e+01	5.8561581e+01	5.8561590e+01	5.8561571e+01	5.8561591e+01	5.8561567e+01	5.8583785e+01	5.8561603e+01	5.8561579e+01	3.5307139e+01	5.8561582e+01	5.8561566e+01	5.8561578e+01	5.8561600e+01	5.8561569e+01
5.8561583e+01	5.8561588e+01	5.8561687e+01	5.8561592e+01	5.8561583e+01	5.8561624e+01	5.8569208e+01	5.8561576e+01	5.8561590e+01	5.8561592e+01	5.8561571e+01	5.8561581e+01	5.8561590e+01	5.8561571e+01	5.8561591e+01	5.8561567e+01	5.8583785e+01	5.8561603e+01	5.8561579e+01	3.5307139e+01	5.8561582e+01	5.8561566e+01	5.8561578e+01	5.8561600e+01	5.8561569e+01
5.8561583e+01	5.8561588e+01	5.8561687e+01	5.8561592e+01	5.8561583e+01	5.8561624e+01	5.8569208e+01	5.8561576e+01	5.8561590e+01	5.8561592e+01	5.8561571e+01	5.8561581e+01	5.8561590e+01	5.8561571e+01	5.8561591e+01	5.8561567e+01	5.8583785e+01	5.8561603e+01	5.8561579e+01	3.5307139e+01	5.8561582e+01	5.8561566e+01	5.8561578e+01	5.8561600e+01	5.8561569e+01
5.8561583e+01	5.8561588e+01	5.8561687e+01	5.8561592e+01	5.8561583e+01	5.8561624e+01	5.8569208e+01	5.8561576e+01	5.8561590e+01	5.8561592e+01	5.8561571e+01	5.8561581e+01	5.8561590e+01	5.8561571e+01	5.8561591e+01	5.8561567e+01	5.8583785e+01	5.8561603e+01	5.8561579e+01	3.4941574e+01	5.8561582e+01	5.8561566e+01	5.8561578e+01	5.8561600e+01	5.8561569e+01
5.8561583e+01	5.8561588e+01	5.8561687e+01	5.8561592e+01	5.8561583e+01	5.8561624e+01	5.8569208e+01	5.8561576e+01	5.8561590e+01	5.8561592e+01	5.8561571e+01	5.8561581e+01	5.8561590e+01	5.8561571e+01	5.8561591e+01	5.8561567e+01	5.8583785e+01	5.8561603e+01	5.8561579e+01	3.4941574e+01	5.8561582e+01	5.8561566e+01	5.8561578e+01	5.8561600e+01	5.8561569e+01
5.8561583e+01	5.8561588e+01	5.8561687e+01	5.8561592e+01	5.8561583e+01	5.8561624e+01	5.8569208e+01	5.8561576e+01	5.8561590e+01	5.8561592e+01	5.8561571e+01	5.8561581e+01	5.8561590e+01	5.8561571e+01	5.8561591e+01	5.8561567e+01	5.8583785e+01	5.8561603e+01	5.8561579e+01	3.4568082e+01	5.8561582e+01	5.8561566e+01	5.8561578e+01	5.8561600e+01	5.8561569e+01
5.8561583e+01	5.8561588e+01	5.8561687e+01	5.8561592e+01	5.8561583e+01	5.8561624e+01	5.8569208e+01	5.8561576e+01	5.8561590e+01	5.8561592e+01	5.8561571e+01	5.8561581e+01	5.8561590e+01	5.8561571e+01	5.8561591e+01	5.8561567e+01	5.8583785e+01	5.8561603e+01	5.8561579e+01	3.4568082e+01	5.8561582e+01	5.8561566e+01	5.8561578e+01	5.8561600e+01	5.8561569e+01
5.8561583e+01	5.8561588e+01	5.8561687e+01	5.8561592e+01	5.8561583e+01	5.8561624e+01	5.8569208e+01	5.8561576e+01	5.8561590e+01	5.8561592e+01	5.8561571e+01	5.8561581e+01	5.8561590e+01	5.8561571e+01	5.8561591e+01	5.8561567e+01	5.8583785e+01	5.8561603e+01	5.8561579e+01	3.4420078e+01	5.8561582e+01	5.8561566e+01	5.8561578e+01	5.8561600e+01	5.8561569e+01
5.8561583e+01	5.8561588e+01	5.8561687e+01	5.8561592e+01	5.8561583e+01	5.8561624e+01	5.8569208e+01	5.8561576e+01	5.8561590e+01	5.8561592e+01	5.8561571e+01	5.8561581e+01	5.8561590e+01	5.8561571e+01	5.8561591e+01	5.8561567e+01	5.8583785e+01	5.8561603e+01	5.8561579e+01	3.4382491e+01	5.8561582e+01	5.8561566e+01	5.8561578e+01	5.8561600e+01	5.8561569e+01
5.8561583e+01	5.8561588e+01	5.8561687e+01	5.8561592e+01	5.8561583e+01	5.8561624e+01	5.8569208e+01	5.8561576e+01	5.8561590e+01	5.8561592e+01	5.8561571e+01	5.8561581e+01	5.8561590e+01	5.8561571e+01	5.8561591e+01	5.8561567e+01	5.8583785e+01	5.8561603e+01	5.8561579e+01	3.4325264e+01	5.8561582e+01	5.8561566e+01	5.8561578e+01	5.8561600e+01	5.8561569e+01
5.8561583e+01	5.8561588e+01	5.8561687e+01	5.8561592e+01	5.8561583e+01	5.8561624e+01	5.8569208e+01	5.8561576e+01	5.8561590e+01	5.8561592e+01	5.8561571e+01	5.8561581e+01	5.8561590e+01	5.8561571e+01	5.8561591e+01	5.8561567e+01	5.8583785e+01	5.8561603e+01	5.8561579e+01	3.4137081e+01	5.8561582e+01	5.8561566e+01	5.8561578e+01	5.8561600e+01	5.8561569e+01
5.8561583e+01	5.8561588e+01	5.8561687e+01	5.8561592e+01	5.8561583e+01	5.8561624e+01	5.8569208e+01	5.8561576e+01	5.8561590e+01	5.8561592e+01	5.8561571e+01	5.8561581e+01	5.8561590e+01	5.8561571e+01	5.8561591e+01	5.8561567e+01	5.8583785e+01	5.8561603e+01	5.8561579e+01	3.3710110e+01	5.8561582e+01	5.8561566e+01	5.8561578e+01	5.8561600e+01	5.8561569e+01
5.8561583e+01	5.8561588e+01	5.8561687e+01	5.8561592e+01	5.8561583e+01	5.8561624e+01	5.8569208e+01	5.8561576e+01	5.8561590e+01	5.8561592e+01	5.8561571e+01	5.8561581e+01	5.8561590e+01	5.8561571e+01	5.8561591e+01	5.8561567e+01	5.8583785e+01	5.8561603e+01	5.8561579e+01	3.3710110e+01	5.8561582e+01	5.8561566e+01	5.8561578e+01	5.8561600e+01	5.8561569e+01
5.8561583e+01	5.8561588e+01	5.8561687e+01	5.8561592e+01	5.8561583e+01	5.8561624e+01	5.8569208e+01	5.8561576e+01	5.8561590e+01	5.8561592e+01	5.8561571e+01	5.8561581e+01	5.8561590e+01	5.8561571e+01	5.8561591e+01	5.8561567e+01	5.8583785e+01	5.8561603e+01	5.8561579e+01	3.3710110e+01	5.8561582e+01	5.8561566e+01	5.8561578e+01	5.8561600e+01	5.8561569e+01
5.8561583e+01	5.8561588e+01	5.8561687e+01	5.8561592e+01	5.8561583e+01	5.8561624e+01	5.8569208e+01	5.8561576e+01	5.8561590e+01	5.8561592e+01	5.8561571e+01	5.8561581e+01	5.8561590e+01	5.8561571e+01	5.8561591e+01	5.8561567e+01	5.8583785e+01	5.8561603e+01	5.8561579e+01	3.3710110e+01	5.8561582e+01	5.8561566e+01	5.8561578e+01	5.8561600e+01	5.8561569e+01
5.8561583e+01	5.8561588e+01	5.8561687e+01	5.8561592e+01	5.8561583e+01	5.8561624e+01	5.8569208e+01	5.8561576e+01	5.8561590e+01	5.8561592e+01	5.8561571e+01	5.8561581e+01	5.8561590e+01	5.8561571e+01	5.8561591e+01	5.8561567e+01	5.8583785e+01	5.8561603e+01	5.8561579e+01	3.3710110e+01	5.8561582e+01	5.8561566e+01	5.8561578e+01	5.8561600e+01	5.8561569e+01
5.8561583e+01	5.8561588e+01	5.8561687e+01	5.8561592e+01	5.8561583e+01	5.8561624e+01	5.8569208e+01	5.8561576e+01	5.8561590e+01	5.8561592e+01	5.8561571e+01	5.8561581e+01	5.8561590e+01	5.8561571e+01	5.8561591e+01	5.8561567e+01	5.8583785e+01	5.8561603e+01	5.8561579e+01	3.3710110e+01	5.8561582e+01	5.8561566e+01	5.8561578e+01	5.8561600e+01	5.8561569e+01
5.8561583e+01	5.8561588e+01	5.8561687e+01	5.8561592e+01	5.8561583e+01	5.8561624e+01	5.8569208e+01	5.8561576e+01	5.8561590e+01	5.8561592e+01	5.8561571e+01	5.8561581e+01	5.8561590e+01	5.8561571e+01	5.8561591e+01	5.8561567e+01	5.8583785e+01	5.8561603e+01	5.8561579e+01	3.3710110e+01	5.8561582e+01	5.8561566e+01	5.8561578e+01	5.8561600e+01	5.8561569e+01
5.8561583e+01	5.8561588e+01	5.8561687e+01	5.8561592e+01	5.8561583e+01	5.8561624e+01	5.8569208e+01	5.8561576e+01	5.8561590e+01	5.8561592e+01	5.8561571e+01	5.8561581e+01	5.8561590e+01	5.8561571e+01	5.8561591e+01	5.8561567e+01	5.8583785e+01	5.8561603e+01	5.8561579e+01	3.3165500e+01	5.8561582e+01	5.8561566e+01	5.8561578e+01	5.8561600e+01	5.8561569e+01
5.8561583e+01	5.8561588e+01	5.8561687e+01	5.8561592e+01	5.8561583e+01	5.8561624e+01	5.8569208e+01	5.8561576e+01	5.8561590e+01	5.8561592e+01	5.8561571e+01	5.8561581e+01	5.8561590e+01	5.8561571e+01	5.8561591e+01	5.8561567e+01	5.8583785e+01	5.8561603e+01	5.8561579e+01	3.2836434e+01	5.8561582e+01	5.8561566e+01	5.8561578e+01	5.8561600e+01	5.8561569e+01
5.8561583e+01	5.8561588e+01	5.8561687e+01	5.8561592e+01	5.8561583e+01	5.8561624e+01	5.8569208e+01	5.8561576e+01	5.8561590e+01	5.8561592e+01	5.8561571e+01	5.8561581e+01	5.8561590e+01	5.8561571e+01	5.8561591e+01	5.8561567e+01	5.8583785e+01	5.8561603e+01	5.8561579e+01	3.2836434e+01	5.8561582e+01	5.8561566e+01	5.8561578e+01	5.8561600e+01	5.8561569e+01
5.8561583e+01	5.8561588e+01	5.8561687e+01	5.8561592e+01	5.8561583e+01	5.8561624e+01	5.8569208e+01	5.8561576e+01	5.8561590e+01	5.8561592e+01	5.8561571e+01	5.8561581e+01	5.8561590e+01	5.8561571e+01	5.8561591e+01	5.8561567e+01	5.8583785e+01	5.8561603e+01	5.8561579e+01	3.2791732e+01	5.8561582e+01	5.8561566e+01	5.8561578e+01	5.8561600e+01	5.8561569e+01
5.8561583e+01	5.8561588e+01	5.8561687e+01	5.8561592e+01	5.8561583e+01	5.8561624e+01	5.8569208e+01	5.8561576e+01	5.8561590e+01	5.8561592e+01	5.8561571e+01	5.8561581e+01	5.8561590e+01	5.8561571e+01	5.8561591e+01	5.8561567e+01	5.8583785e+01	5.8561603e+01	5.8561579e+01	3.2366801e+01	5.8561582e+01	5.8561566e+01	5.8561578e+01	5.8561600e+01	5.8561569e+01
5.8561583e+01	5.8561588e+01	5.8561687e+01	5.8561592e+01	5.8561583e+01	5.8561624e+01	5.8569208e+01	5.8561576e+01	5.8561590e+01	5.8561592e+01	5.8561571e+01	5.8561581e+01	5.8561590e+01	5.8561571e+01	5.8561591e+01	5.8561567e+01	5.8583785e+01	5.8561603e+01	5.8561579e+01	3.0482777e+01	5.8561582e+01	5.8561566e+01	5.8561578e+01	5.8561600e+01	5.8561569e+01
5.8561583e+01	5.8561588e+01	5.8561687e+01	5.8561592e+01	5.8561583e+01	5.8561624e+01	5.8569208e+01	5.8561576e+01	5.8561590e+01	5.8561592e+01	5.8561571e+01	5.8561581e+01	5.8561590e+01	5.8561571e+01	5.8561591e+01	5.8561567e+01	5.8583785e+01	5.8561603e+01	5.8561579e+01	3.0482777e+01	5.8561582e+01	5.8561566e+01	5.8561578e+01	5.8561600e+01	5.8561569e+01
5.8561583e+01	5.8561588e+01	5.8561687e+01	5.8561592e+01	5.8561583e+01	5.8561624e+01	5.8569208e+01	5.8561576e+01	5.8561590e+01	5.8561592e+01	5.8561571e+01	5.8561581e+01	5.8561590e+01	5.8561571e+01	5.8561591e+01	5.8561567e+01	5.8583785e+01	5.8561603e+01	5.8561579e+01	3.0227919e+01	5.8561582e+01	5.8561566e+01	5.8561578e+01	5.8561600e+01	5.8561569e+01
5.8561583e+01	5.8561588e+01	5.8561687e+01	5.8561592e+01	5.8561583e+01	5.8561624e+01	5.8569208e+01	5.8561576e+01	5.8561590e+01	5.8561592e+01	5.8561571e+01	5.8561581e+01	5.8561590e+01	5.8561571e+01	5.8561591e+01	5.8561567e+01	5.8583785e+01	5.8561603e+01	5.8561579e+01	2.9202149e+01	5.8561582e+01	5.8561566e+01	5.8561578e+01	5.8561600e+01	5.8561569e+01
5.8561583e+01	5.8561588e+01	5.8561687e+01	5.8561592e+01	5.8561583e+01	5.8561624e+01	5.8569208e+01	5.8561576e+01	5.8561590e+01	5.8561592e+01	5.8561571e+01	5.8561581e+01	5.8561590e+01	5.8561571e+01	5.8561591e+01	5.8561567e+01	5.8583785e+01	5.8561603e+01	5.8561579e+01	2.8870439e+01	5.8561582e+01	5.8561566e+01	5.8561578e+01	5.8561600e+01	5.8561569e+01
5.8561583e+01	5.8561588e+01	5.8561687e+01	5.8561592e+01	5.8561583e+01	5.8561624e+01	5.8569208e+01	5.8561576e+01	5.8561590e+01	5.8561592e+01	5.8561571e+01	5.8561581e+01	5.8561590e+01	5.8561571e+01	5.8561591e+01	5.8561567e+01	5.8583785e+01	5.8561603e+01	5.8561579e+01	2.8455339e+01	5.8561582e+01	5.8561566e+01	5.8561578e+01	5.8561600e+01	5.8561569e+01
5.8561583e+01	5.8561588e+01	5.8561687e+01	5.8561592e+01	5.8561583e+01	5.8561624e+01	5.8569208e+01	5.8561576e+01	5.8561590e+01	5.8561592e+01	5.8561571e+01	5.8561581e+01	5.8561590e+01	5.8561571e+01	5.8561591e+01	5.8561567e+01	5.8583785e+01	5.8561603e+01	5.8561579e+01	2.8136103e+01	5.8561582e+01	5.8561566e+01	5.8561578e+01	5.8561600e+01	5.8561569e+01
5.8561583e+01	5.8561588e+01	5.8561687e+01	5.8561592e+01	5.8561583e+01	5.8561624e+01	5.8569208e+01	5.8561576e+01	5.8561590e+01	5.8561592e+01	5.8561571e+01	5.8561581e+01	5.8561590e+01	5.8561571e+01	5.8561591e+01	5.8561567e+01	5.8583785e+01	5.8561603e+01	5.8561579e+01	2.7565572e+01	5.8561582e+01	5.8561566e+01	5.8561578e+01	5.8561600e+01	5.8561569e+01
5.8561583e+01	5.8561588e+01	5.8561687e+01	5.8561592e+01	5.8561583e+01	5.8561624e+01	5.8569208e+01	5.8561576e+01	5.8561590e+01	5.8561592e+01	5.8561571e+01	5.8561581e+01	5.8561590e+01	5.8561571e+01	5.8561591e+01	5.8561567e+01	5.8583785e+01	5.8561603e+01	5.8561579e+01	2.7260343e+01	5.8561582e+01	5.8561566e+01	5.8561578e+01	5.8561600e+01	5.8561569e+01
5.8561583e+01	5.8561588e+01	5.8561687e+01	5.8561592e+01	5.8561583e+01	5.8561624e+01	5.8569208e+01	5.8561576e+01	5.8561590e+01	5.8561592e+01	5.8561571e+01	5.8561581e+01	5.8561590e+01	5.8561571e+01	5.8561591e+01	5.8561567e+01	5.8583785e+01	5.8561603e+01	5.8561579e+01	2.6862860e+01	5.8561582e+01	5.8561566e+01	5.8561578e+01	5.8561600e+01	5.8561569e+01
5.8561583e+01	5.8561588e+01	5.8561687e+01	5.8561592e+01	5.8561583e+01	5.8561624e+01	5.8569208e+01	5.8561576e+01	5.8561590e+01	5.8561592e+01	5.8561571e+01	5.8561581e+01	5.8561590e+01	5.8561571e+01	5.8561591e+01	5.8561567e+01	5.8583785e+01	5.8561603e+01	5.8561579e+01	2.6862860e+01	5.8561582e+01	5.8561566e+01	5.8561578e+01	5.8561600e+01	5.8561569e+01
5.8561583e+01	5.8561588e+01	5.8561687e+01	5.8561592e+01	5.8561583e+01	5.8561624e+01	5.8569208e+01	5.8561576e+01	5.8561590e+01	5.8561592e+01	5.8561571e+01	5.8561581e+01	5.8561590e+01	5.8561571e+01	5.8561591e+01	5.8561567e+01	5.8583785e+01	5.8561603e+01	5.8561579e+01	2.6743075e+01	5.8561582e+01	5.8561566e+01	5.8561578e+01	5.8561600e+01	5.8561569e+01
5.8561583e+01	5.8561588e+01	5.8561687e+01	5.8561592e+01	5.8561583e+01	5.6232355e+01	5.8569208e+01	5.8561576e+01	5.8561590e+01	5.8561592e+01	5.8561571e+01	5.8561581e+01	5.8561590e+01	5.8561571e+01	5.8561591e+01	5.8561567e+01	5.8583785e+01	5.8561603e+01	5.8561579e+01	2.6610358e+01	5.8561582e+01	5.8561566e+01	5.8561578e+01	5.8561600e+01	5.8561569e+01
5.8561583e+01	5.8561588e+01	5.8561687e+01	5.8561592e+01	5.8561583e+01	4.7077242e+01	5.8569208e+01	5.8561576e+01	5.8561590e+01	5.8561592e+01	5.8561571e+01	5.8561581e+01	5.8561590e+01	5.8561571e+01	5.8561591e+01	5.8561567e+01	5.8583785e+01	5.8561603e+01	5.8561579e+01	2.6441737e+01	5.8561582e+01	5.8561566e+01	5.8561578e+01	5.8561600e+01	5.8561569e+01
5.8561583e+01	5.8561588e+01	5.8561687e+01	5.8561592e+01	5.8561583e+01	4.2267217e+01	5.8569208e+01	5.8561576e+01	5.8561590e+01	5.8561592e+01	5.8561571e+01	5.8561581e+01	5.8561590e+01	5.8561571e+01	5.8561591e+01	5.8561567e+01	5.8583785e+01	5.8561603e+01	5.8561579e+01	2.6441737e+01	5.8561582e+01	5.8561566e+01	5.8561578e+01	5.8561600e+01	5.8561569e+01
5.8561583e+01	5.8561588e+01	5.8561687e+01	5.8561592e+01	5.8561583e+01	3.6316091e+01	5.8569208e+01	5.8561576e+01	5.8561590e+01	5.8561592e+01	5.8561571e+01	5.8561581e+01	5.8561590e+01	5.8561571e+01	5.8561591e+01	5.8561567e+01	5.8583785e+01	5.8561603e+01	5.8561579e+01	2.6441737e+01	5.8561582e+01	5.8561566e+01	5.8561578e+01	5.8561600e+01	5.8561569e+01
5.8561583e+01	5.8561588e+01	5.8561687e+01	5.8561592e+01	5.8561583e+01	3.5173237e+01	5.8569208e+01	5.8561576e+01	5.8561590e+01	5.8561592e+01	5.8561571e+01	5.8561581e+01	5.8561590e+01	5.8561571e+01	5.8561591e+01	5.8561567e+01	5.8583785e+01	5.8561603e+01	5.8561579e+01	2.6400453e+01	5.8561582e+01	5.8561566e+01	5.8561578e+01	5.8561600e+01	5.8561569e+01
5.8561583e+01	5.8561588e+01	5.8561687e+01	5.8561592e+01	5.8561583e+01	3.2004690e+01	5.8569208e+01	5.8561576e+01	5.8561590e+01	5.8561592e+01	5.8561571e+01	5.8561581e+01	5.8561590e+01	5.8561571e+01	5.8561591e+01	5.8561567e+01	5.8583785e+01	5.8561603e+01	5.8561579e+01	2.6379133e+01	5.8561582e+01	5.8561566e+01	5.8561578e+01	5.8561600e+01	5.8561569e+01
5.8561583e+01	5.8561588e+01	5.8561687e+01	5.8561592e+01	5.8561583e+01	3.1201701e+01	5.8569208e+01	5.8561576e+01	5.8561590e+01	5.8561592e+01	5.8561571e+01	5.8561581e+01	5.8561590e+01	5.8561571e+01	5.8561591e+01	5.8561567e+01	5.8583785e+01	5.8561603e+01	5.8561579e+01	2.6379133e+01	5.8561582e+01	5.8561566e+01	5.8561578e+01	5.8561600e+01	5.8561569e+01
5.8561583e+01	5.8561588e+01	5.8561687e+01	5.8561592e+01	5.8561583e+01	2.6548553e+01	5.8569208e+01	5.8561576e+01	5.8561590e+01	5.8561592e+01	5.8561571e+01	5.8561581e+01	5.8561590e+01	5.8561571e+01	5.8561591e+01	5.8561567e+01	5.8583785e+01	5.8561603e+01	5.8561579e+01	2.6225596e+01	5.8561582e+01	5.8561566e+01	5.8561578e+01	5.8561600e+01	5.8561569e+01
5.8561583e+01	5.8561588e+01	5.8561687e+01	5.8561592e+01	5.8561583e+01	2.6180495e+01	5.8569208e+01	5.8561576e+01	5.8561590e+01	5.8561592e+01	5.8561571e+01	5.8561581e+01	5.8561590e+01	5.8561571e+01	5.8561591e+01	5.8561567e+01	5.8583785e+01	5.8561603e+01	5.8561579e+01	2.5337046e+01	5.8561582e+01	5.8561566e+01	5.8561578e+01	5.8561600e+01	5.8561569e+01
5.8561583e+01	5.8561588e+01	5.8561687e+01	5.8561592e+01	5.8561583e+01	2.3600633e+01	5.8569208e+01	5.8561576e+01	5.8561590e+01	5.8561592e+01	5.8561571e+01	5.8561581e+01	5.8561590e+01	5.8561571e+01	5.8561591e+01	5.8561567e+01	5.8583785e+01	5.8561603e+01	5.8561579e+01	2.5258307e+01	5.8561582e+01	5.8561566e+01	5.8561578e+01	5.8561600e+01	5.8561569e+01
5.8561583e+01	5.8561588e+01	5.8561687e+01	5.8561592e+01	5.8561583e+01	2.2869250e+01	5.8569208e+01	5.8561576e+01	5.8561590e+01	5.8561592e+01	5.8561571e+01	5.8561581e+01	5.8561590e+01	5.8561571e+01	5.8561591e+01	5.8561567e+01	5.8583785e+01	5.8561603e+01	5.8561579e+01	2.5127725e+01	5.8561582e+01	5.8561566e+01	5.8561578e+01	5.8561600e+01	5.8561569e+01
5.8561583e+01	5.8561588e+01	5.8561687e+01	5.8561592e+01	5.8561583e+01	2.1788352e+01	5.8569208e+01	5.8561576e+01	5.8561590e+01	5.8561592e+01	5.8561571e+01	5.8561581e+01	5.8561590e+01	5.8561571e+01	5.8561591e+01	5.8561567e+01	5.8583785e+01	5.8561603e+01	5.8561579e+01	2.4166469e+01	5.8561582e+01	5.8561566e+01	5.8561578e+01	5.8561600e+01	5.8561569e+01
5.8561583e+01	5.8561588e+01	5.8561687e+01	5.8561592e+01	5.8561583e+01	2.1788352e+01	5.8569208e+01	5.8561576e+01	5.8561590e+01	5.8561592e+01	5.8561571e+01	5.8561581e+01	5.8561590e+01	5.8561571e+01	5.8561591e+01	5.8561567e+01	5.8583785e+01	5.8561603e+01	5.8561579e+01	2.3606122e+01	5.8561582e+01	5.8561566e+01	5.8561578e+01	5.8561600e+01	5.8561569e+01
5.8561583e+01	5.8561588e+01	5.8561687e+01	5.8561592e+01	5.8561583e+01	2.1788352e+01	5.8569208e+01	5.8561576e+01	5.8561590e+01	5.8561592e+01	5.8561571e+01	5.8561581e+01	5.8561590e+01	5.8561571e+01	5.8561591e+01	5.8561567e+01	5.8583785e+01	5.8561603e+01	5.8561579e+01	2.3057038e+01	5.8561582e+01	5.8561566e+01	5.8561578e+01	5.8561600e+01	5.8561569e+01
5.8561583e+01	5.8561588e+01	5.8561687e+01	5.8561592e+01	5.8561583e+01	2.1788352e+01	5.8569208e+01	5.8561576e+01	5.8561590e+01	5.8561592e+01	5.8561571e+01	5.8561581e+01	5.8561590e+01	5.8561571e+01	5.8561591e+01	5.8561567e+01	5.8583785e+01	5.8561603e+01	5.8561579e+01	2.1859734e+01	5.8561582e+01	5.8561566e+01	5.8561578e+01	5.8561600e+01	5.8561569e+01
5.8561583e+01	5.8561588e+01	5.8561687e+01	5.8561592e+01	5.8561583e+01	2.1788352e+01	5.8569208e+01	5.8561576e+01	5.8561590e+01	5.8561592e+01	5.8561571e+01	5.8561581e+01	5.8561590e+01	5.8561571e+01	5.8561591e+01	5.8561567e+01	5.8583785e+01	5.8561603e+01	5.8561579e+01	2.1711946e+01	5.8561582e+01	5.8561566e+01	5.8561578e+01	5.8561600e+01	5.8561569e+01
5.8561583e+01	5.8561588e+01	5.8561687e+01	5.8561592e+01	5.8561583e+01	2.1788352e+01	5.8569208e+01	5.8561576e+01	5.8561590e+01	5.8561592e+01	5.8561571e+01	5.8561581e+01	5.8561590e+01	5.8561571e+01	5.8561591e+01	5.8561567e+01	5.8583785e+01	5.8561603e+01	5.8561579e+01	2.1711946e+01	5.8561582e+01	5.8561566e+01	5.8561578e+01	5.8561600e+01	5.8561569e+01
5.8561583e+01	5.8561588e+01	5.8561687e+01	5.8561592e+01	5.8561583e+01	2.1788352e+01	5.8569208e+01	5.8561576e+01	5.8561590e+01	5.8561592e+01	5.8561571e+01	5.8561581e+01	5.8561590e+01	5.8561571e+01	5.8561591e+01	5.8561567e+01	5.8583785e+01	5.8561603e+01	5.8561579e+01	2.1485533e+01	5.8561582e+01	5.8561566e+01	5.8561578e+01	5.8561600e+01	5.8561569e+01
5.8561583e+01	5.8561588e+01	5.8561687e+01	5.8561592e+01	5.8561583e+01	2.1788352e+01	5.8569208e+01	5.8561576e+01	5.8561590e+01	5.8561592e+01	5.8561571e+01	5.8561581e+01	5.8561590e+01	5.8561571e+01	5.8561591e+01	5.8561567e+01	5.8583785e+01	5.8561603e+01	5.8561579e+01	2.1178138e+01	5.8561582e+01	5.8561566e+01	5.8561578e+01	5.8561600e+01	5.8561569e+01
5.8561583e+01	5.8561588e+01	5.8561687e+01	5.8561592e+01	5.8561583e+01	2.1219660e+01	5.8569208e+01	5.8561576e+01	5.8561590e+01	5.8561592e+01	5.8561571e+01	5.8561581e+01	5.8561590e+01	5.8561571e+01	5.8561591e+01	5.8561567e+01	5.8583785e+01	5.8561603e+01	5.8561579e+01	2.1106700e+01	5.8561582e+01	5.8561566e+01	5.8561578e+01	5.8561600e+01	5.8561569e+01
5.8561583e+01	5.8561588e+01	5.8561687e+01	5.8561592e+01	5.8561583e+01	2.1137482e+01	5.8569208e+01	5.8561576e+01	5.8561590e+01	5.8561592e+01	5.8561571e+01	5.8561581e+01	5.8561590e+01	5.8561571e+01	5.8561591e+01	5.8561567e+01	5.8583785e+01	5.8561603e+01	5.8561579e+01	2.1106700e+01	5.8561582e+01	5.8561566e+01	5.8561578e+01	5.8561600e+01	5.8561569e+01
5.8561583e+01	5.8561588e+01	5.8561687e+01	5.8561592e+01	5.8561583e+01	2.0823849e+01	5.8569208e+01	5.8561576e+01	5.8561590e+01	5.8561592e+01	5.8561571e+01	5.8561581e+01	5.8561590e+01	5.8561571e+01	5.8561591e+01	5.8561567e+01	5.8583785e+01	5.8561603e+01	5.8561579e+01	2.1084671e+01	5.8561582e+01	5.8561566e+01	5.8561578e+01	5.8561600e+01	5.8561569e+01
5.8561583e+01	5.8561588e+01	5.8561687e+01	5.8561592e+01	5.8561583e+01	2.0823849e+01	5.8569208e+01	5.8561576e+01	5.8561590e+01	5.8561592e+01	5.8561571e+01	5.8561581e+01	5.8561590e+01	5.8561571e+01	5.8561591e+01	5.8561567e+01	5.8583785e+01	5.8561603e+01	5.8561579e+01	2.1057246e+01	5.8561582e+01	5.8561566e+01	5.8561578e+01	5.8561600e+01	5.8561569e+01
5.8561583e+01	5.8561588e+01	5.8561687e+01	5.8561592e+01	5.8561583e+01	2.0823849e+01	5.8569208e+01	5.8561576e+01	5.8561590e+01	5.8561592e+01	5.8561571e+01	5.8561581e+01	5.8561590e+01	5.8561571e+01	5.8561591e+01	5.8561567e+01	5.8583785e+01	5.8561603e+01	5.8561579e+01	2.1003046e+01	5.8561582e+01	5.8561566e+01	5.8561578e+01	5.8561600e+01	5.8561569e+01
5.8561583e+01	5.8561588e+01	5.8561687e+01	5.8561592e+01	5.8561583e+01	2.0591384e+01	5.8569208e+01	5.8561576e+01	5.8561590e+01	5.8561592e+01	5.8561571e+01	5.8561581e+01	5.8561590e+01	5.8561571e+01	5.8561591e+01	5.8561567e+01	5.8583785e+01	5.8561603e+01	5.8561579e+01	2.0966939e+01	5.8561582e+01	5.8561566e+01	5.8561578e+01	5.8561600e+01	5.8561569e+01
5.8561583e+01	5.8561588e+01	5.8561687e+01	5.8561592e+01	5.8561583e+01	2.0300551e+01	5.8569208e+01	5.8561576e+01	5.8561590e+01	5.8561592e+01	5.8561571e+01	5.8561581e+01	5.8561590e+01	5.8561571e+01	5.8561591e+01	5.8561567e+01	5.8583785e+01	5.8561603e+01	5.8561579e+01	2.0960335e+01	5.8561582e+01	5.8561566e+01	5.8561578e+01	5.8561600e+01	5.8561569e+01
5.8561583e+01	5.8561588e+01	5.8561687e+01	5.8561592e+01	5.8561583e+01	2.0265731e+01	5.8569208e+01	5.8561576e+01	5.8561590e+01	5.8561592e+01	5.8561571e+01	5.8561581e+01	5.8561590e+01	5.8561571e+01	5.8561591e+01	5.8561567e+01	5.8583785e+01	5.8561603e+01	5.8561579e+01	2.0937380e+01	5.8561582e+01	5.8561566e+01	5.8561578e+01	5.8561600e+01	5.8561569e+01
5.8561583e+01	5.8561588e+01	5.8561687e+01	5.8561592e+01	5.8561583e+01	2.0210330e+01	5.8569208e+01	5.8561576e+01	5.8561590e+01	5.8561592e+01	5.8561571e+01	5.8561581e+01	5.8561590e+01	5.8561571e+01	5.8561591e+01	5.8561567e+01	5.8583785e+01	5.8561603e+01	5.8561579e+01	2.0937380e+01	5.8561582e+01	5.8561566e+01	5.8561578e+01	5.8561600e+01	5.8561569e+01
5.8561583e+01	5.8561588e+01	5.8561687e+01	5.8561592e+01	5.8561583e+01	2.0019560e+01	5.8569208e+01	5.8561576e+01	5.8561590e+01	5.8561592e+01	5.8561571e+01	5.8561581e+01	5.8561590e+01	5.8561571e+01	5.8561591e+01	5.8561567e+01	5.8583785e+01	5.8561603e+01	5.8561579e+01	2.0937380e+01	5.8561582e+01	5.8561566e+01	5.8561578e+01	5.8561600e+01	5.8561569e+01
5.8561583e+01	5.8561588e+01	5.8561687e+01	5.8561592e+01	5.8561583e+01	1.9942655e+01	5.8569208e+01	5.8561576e+01	5.8561590e+01	5.8561592e+01	5.8561571e+01	5.8561581e+01	5.8561590e+01	5.8561571e+01	5.8561591e+01	5.8561567e+01	5.8583785e+01	5.8561603e+01	5.8561579e+01	2.0930805e+01	5.8561582e+01	5.8561566e+01	5.8561578e+01	5.8561600e+01	5.8561569e+01
5.8561583e+01	5.8561588e+01	5.8561687e+01	5.8561592e+01	5.8561583e+01	1.9896359e+01	5.8569208e+01	5.8561576e+01	5.8561590e+01	5.8561592e+01	5.8561571e+01	5.8561581e+01	5.8561590e+01	5.8561571e+01	5.8561591e+01	5.8561567e+01	5.8583785e+01	5.8561603e+01	5.8561579e+01	2.0916871e+01	5.8561582e+01	5.8561566e+01	5.8561578e+01	5.8561600e+01	5.8561569e+01
5.8561583e+01	5.8561588e+01	5.8561687e+01	5.8561592e+01	5.8561583e+01	1.9896359e+01	5.8569208e+01	5.8561576e+01	5.8561590e+01	5.8561592e+01	5.8561571e+01	5.8561581e+01	5.8561590e+01	5.8561571e+01	5.8561591e+01	5.8561567e+01	5.8583785e+01	5.8561603e+01	5.8561579e+01	2.0913207e+01	5.8561582e+01	5.8561566e+01	5.8561578e+01	5.8561600e+01	5.8561569e+01
5.8561583e+01	5.8561588e+01	5.8561687e+01	5.8561592e+01	5.8561583e+01	1.9856422e+01	5.8569208e+01	5.8561576e+01	5.8561590e+01	5.8561592e+01	5.8561571e+01	5.8561581e+01	5.8561590e+01	5.8561571e+01	5.8561591e+01	5.8561567e+01	5.8583785e+01	5.8561603e+01	5.8561579e+01	2.0906835e+01	5.8561582e+01	5.8561566e+01	5.8561578e+01	5.8561600e+01	5.8561569e+01
5.8561583e+01	5.8561588e+01	5.8561687e+01	5.8561592e+01	5.8561583e+01	1.9856422e+01	5.8569208e+01	5.8561576e+01	5.8561590e+01	5.8561592e+01	5.8561571e+01	5.8561581e+01	5.8561590e+01	5.8561571e+01	5.8561591e+01	5.8561567e+01	5.8583785e+01	5.8561603e+01	5.8561579e+01	2.0905181e+01	5.8561582e+01	5.8561566e+01	5.8561578e+01	5.8561600e+01	5.8561569e+01
5.8561583e+01	5.8561588e+01	5.8561687e+01	5.8561592e+01	5.8561583e+01	1.9856422e+01	5.8569208e+01	5.8561576e+01	5.8561590e+01	5.8561592e+01	5.8561571e+01	5.8561581e+01	5.8561590e+01	5.8561571e+01	5.8561591e+01	5.8561567e+01	5.8583785e+01	5.8561603e+01	5.8561579e+01	2.0903688e+01	5.8561582e+01	5.8561566e+01	5.8561578e+01	5.8561600e+01	5.8561569e+01
5.8561583e+01	5.8561588e+01	5.8561687e+01	5.8561592e+01	5.8561583e+01	1.9856422e+01	5.8569208e+01	5.8561576e+01	5.8561590e+01	5.8561592e+01	5.8561571e+01	5.8561581e+01	5.8561590e+01	5.8561571e+01	5.8561591e+01	5.8561567e+01	5.8583785e+01	5.8561603e+01	5.8561579e+01	2.0902237e+01	5.8561582e+01	5.8561566e+01	5.8561578e+01	5.8561600e+01	5.8561569e+01
5.8561583e+01	5.8561588e+01	5.8561687e+01	5.8561592e+01	5.8561583e+01	1.9856422e+01	5.8569208e+01	5.8561576e+01	5.8561590e+01	5.8561592e+01	5.8561571e+01	5.8561581e+01	5.8561590e+01	5.8561571e+01	5.8561591e+01	5.8561567e+01	5.8583785e+01	5.8561603e+01	5.8561579e+01	2.0900288e+01	5.8561582e+01	5.8561566e+01	5.8561578e+01	5.8561600e+01	5.8561569e+01
5.8561583e+01	5.8561588e+01	5.8561687e+01	5.8561592e+01	5.8561583e+01	1.9856422e+01	5.8569208e+01	5.8561576e+01	5.8561590e+01	5.8561592e+01	5.8561571e+01	5.8561581e+01	5.8561590e+01	5.8561571e+01	5.8561591e+01	5.8561567e+01	5.8583785e+01	5.8561603e+01	5.8561579e+01	2.0899692e+01	5.8561582e+01	5.8561566e+01	5.8561578e+01	5.8561600e+01	5.8561569e+01
5.8561583e+01	5.8561588e+01	5.8561687e+01	5.8561592e+01	5.8561583e+01	1.9759415e+01	5.8569208e+01	5.8561576e+01	5.8561590e+01	5.8561592e+01	5.8561571e+01	5.8561581e+01	5.8561590e+01	5.8561571e+01	5.8561591e+01	5.8561567e+01	5.8583785e+01	5.8561603e+01	5.8561579e+01	2.0899255e+01	5.8561582e+01	5.8561566e+01	5.8561578e+01	5.8561600e+01	5.8561569e+01
5.8561583e+01	5.8561588e+01	5.8561687e+01	5.8561592e+01	5.8561583e+01	1.9538438e+01	5.8569208e+01	5.8561576e+01	5.8561590e+01	5.8561592e+01	5.8561571e+01	5.8561581e+01	5.8561590e+01	5.8561571e+01	5.8561591e+01	5.8561567e+01	5.8583785e+01	5.8561603e+01	5.8561579e+01	2.0899171e+01	5.8561582e+01	5.8561566e+01	5.8561578e+01	5.8561600e+01	5.8561569e+01
5.8561583e+01	5.8561588e+01	5.8561687e+01	5.8561592e+01	5.8561583e+01	1.9538438e+01	5.8569208e+01	5.8561576e+01	5.8561590e+01	5.8561592e+01	5.8561571e+01	5.8561581e+01	5.8561590e+01	5.8561571e+01	5.8561591e+01	5.8561567e+01	5.8583785e+01	5.8561603e+01	5.8561579e+01	2.0896952e+01	5.8561582e+01	5.8561566e+01	5.8561578e+01	5.8561600e+01	5.8561569e+01
5.8561583e+01	5.8561588e+01	5.8561687e+01	5.8561592e+01	5.8561583e+01	1.9538438e+01	5.8569208e+01	5.8561576e+01	5.8561590e+01	5.8561592e+01	5.8561571e+01	5.8561581e+01	5.8561590e+01	5.8561571e+01	5.8561591e+01	5.8561567e+01	5.8583785e+01	5.8561603e+01	5.8561579e+01	2.0895818e+01	5.8561582e+01	5.8561566e+01	5.8561578e+01	5.8561600e+01	5.8561569e+01
5.8561583e+01	5.8561588e+01	5.8561687e+01	5.8561592e+01	5.8561583e+01	1.9485610e+01	5.8569208e+01	5.8561576e+01	5.8561590e+01	5.8561592e+01	5.8561571e+01	5.8561581e+01	5.8561590e+01	5.8561571e+01	5.8561591e+01	5.8561567e+01	5.8583785e+01	5.8561603e+01	5.8561579e+01	2.0895757e+01	5.8561582e+01	5.8561566e+01	5.8561578e+01	5.8561600e+01	5.8561569e+01
5.8561583e+01	5.8561588e+01	5.8561687e+01	5.8561592e+01	5.8561583e+01	1.9395589e+01	5.8569208e+01	5.8561576e+01	5.8561590e+01	5.8561592e+01	5.8561571e+01	5.8561581e+01	5.8561590e+01	5.8561571e+01	5.8561591e+01	5.8561567e+01	5.8583785e+01	5.8561603e+01	5.8561579e+01	2.0895290e+01	5.8561582e+01	5.8561566e+01	5.8561578e+01	5.8561600e+01	5.8561569e+01
5.8561583e+01	5.8561588e+01	5.8561687e+01	5.8561592e+01	5.8561583e+01	1.9347419e+01	5.8569208e+01	5.8561576e+01	5.8561590e+01	5.8561592e+01	5.8561571e+01	5.8561581e+01	5.8561590e+01	5.8561571e+01	5.8561591e+01	5.8561567e+01	5.8583785e+01	5.8561603e+01	5.8561579e+01	2.0892042e+01	5.8561582e+01	5.8561566e+01	5.8561578e+01	5.8561600e+01	5.8561569e+01
5.8561583e+01	5.8561588e+01	5.8561687e+01	5.8561592e+01	5.8561583e+01	1.9347419e+01	5.8569208e+01	5.8561576e+01	5.8561590e+01	5.8561592e+01	5.8561571e+01	5.8561581e+01	5.8561590e+01	5.8561571e+01	5.8561591e+01	5.8561567e+01	5.8583785e+01	5.8561603e+01	5.8561579e+01	2.0891203e+01	5.8561582e+01	5.8561566e+01	5.8561578e+01	5.8561600e+01	5.8561569e+01
5.8561583e+01	5.8561588e+01	5.8561687e+01	5.8561592e+01	5.8561583e+01	1.9288294e+01	5.8569208e+01	5.8561576e+01	5.8561590e+01	5.8561592e+01	5.8561571e+01	5.8561581e+01	5.8561590e+01	5.8561571e+01	5.8561591e+01	5.8561567e+01	5.8583785e+01	5.8561603e+01	5.8561579e+01	2.0891203e+01	5.8561582e+01	5.8561566e+01	5.8561578e+01	5.8561600e+01	5.8561569e+01
5.8561583e+01	5.8561588e+01	5.8561687e+01	5.8561592e+01	5.8561583e+01	1.9259433e+01	5.8569208e+01	5.8561576e+01	5.8561590e+01	5.8561592e+01	5.8561571e+01	5.8561581e+01	5.8561590e+01	5.8561571e+01	5.8561591e+01	5.8561567e+01	5.8583785e+01	5.8561603e+01	5.8561579e+01	2.0888891e+01	5.8561582e+01	5.8561566e+01	5.8561578e+01	5.8561600e+01	5.8561569e+01
5.8561583e+01	5.8561588e+01	5.8561687e+01	5.8561592e+01	5.8561583e+01	1.9244103e+01	5.8569208e+01	5.8561576e+01	5.8561590e+01	5.8561592e+01	5.8561571e+01	5.8561581e+01	5.8561590e+01	5.8561571e+01	5.8561591e+01	5.8561567e+01	5.8583785e+01	5.8561603e+01	5.8561579e+01	2.0879513e+01	5.8561582e+01	5.8561566e+01	5.8561578e+01	5.8561600e+01	5.8561569e+01
5.8561583e+01	5.8561588e+01	5.8561687e+01	5.8561592e+01	5.8561583e+01	1.9220248e+01	5.8569208e+01	5.8561576e+01	5.8561590e+01	5.8561592e+01	5.8561571e+01	5.8561581e+01	5.8561590e+01	5.8561571e+01	5.8561591e+01	5.8561567e+01	5.8583785e+01	5.8561603e+01	5.8561579e+01	2.0878196e+01	5.8561582e+01	5.8561566e+01	5.8561578e+01	5.8561600e+01	5.8561569e+01
5.8561583e+01	5.8561588e+01	5.8561687e+01	5.8561592e+01	5.8561583e+01	1.9211086e+01	5.8569208e+01	5.8561576e+01	5.8561590e+01	5.8561592e+01	5.8561571e+01	5.8561581e+01	5.8561590e+01	5.8561571e+01	5.8561591e+01	5.8561567e+01	5.8583785e+01	5.8561603e+01	5.8561579e+01	2.0862861e+01	5.8561582e+01	5.8561566e+01	5.8561578e+01	5.8561600e+01	5.8561569e+01
5.8561583e+01	5.8561588e+01	5.8561687e+01	5.8561592e+01	5.8561583e+01	1.9180643e+01	5.8569208e+01	5.8561576e+01	5.8561590e+01	5.8561592e+01	5.8561571e+01	5.8561581e+01	5.8561590e+01	5.8561571e+01	5.8561591e+01	5.8561567e+01	5.8583785e+01	5.8561603e+01	5.8561579e+01	2.0821089e+01	5.8561582e+01	5.8561566e+01	5.8561578e+01	5.8561600e+01	5.8561569e+01
5.8561583e+01	5.8561588e+01	5.8561687e+01	5.8561592e+01	5.8561583e+01	1.9144347e+01	5.8569208e+01	5.8561576e+01	5.8561590e+01	5.8561592e+01	5.8561571e+01	5.8561581e+01	5.8561590e+01	5.8561571e+01	5.8561591e+01	5.8561567e+01	5.8583785e+01	5.8561603e+01	5.8561579e+01	2.0821089e+01	5.8561582e+01	5.8561566e+01	5.8561578e+01	5.8561600e+01	5.8561569e+01
5.8561583e+01	5.8561588e+01	5.8561687e+01	5.8561592e+01	5.8561583e+01	1.8545966e+01	5.8569208e+01	5.8561576e+01	5.8561590e+01	5.8561592e+01	5.8561571e+01	5.8561581e+01	5.8561590e+01	5.8561571e+01	5.8561591e+01	5.8561567e+01	5.8583785e+01	5.8561603e+01	5.8561579e+01	2.0821089e+01	5.8561582e+01	5.8561566e+01	5.8561578e+01	5.8561600e+01	5.8561569e+01
5.8561583e+01	5.8561588e+01	5.8561687e+01	5.8561592e+01	5.8561583e+01	1.1922110e+01	5.8569208e+01	5.8561576e+01	5.8561590e+01	5.8561592e+01	5.8561571e+01	5.8561581e+01	5.8561590e+01	5.8561571e+01	5.8561591e+01	5.8561567e+01	5.8583785e+01	5.8561603e+01	5.8561579e+01	2.0612708e+01	5.8561582e+01	5.8561566e+01	5.8561578e+01	5.8561600e+01	5.8561569e+01
5.8561583e+01	5.8561588e+01	5.8561687e+01	5.8561592e+01	5.8561583e+01	1.0594381e+01	5.8569208e+01	5.8561576e+01	5.8561590e+01	5.8561592e+01	5.8561571e+01	5.8561581e+01	5.8561590e+01	5.8561571e+01	5.8561591e+01	5.8561567e+01	5.8583785e+01	5.8561603e+01	5.8561579e+01	2.0612708e+01	5.8561582e+01	5.8561566e+01	5.8561578e+01	5.8561600e+01	5.8561569e+01
5.8561583e+01	5.8561588e+01	5.8561687e+01	5.8561592e+01	5.8561583e+01	1.0594381e+01	5.8569208e+01	5.8561576e+01	5.8561590e+01	5.8561592e+01	5.8561571e+01	5.8561581e+01	5.8561590e+01	5.8561571e+01	5.8561591e+01	5.8561567e+01	5.8583785e+01	5.8561603e+01	5.8561579e+01	2.0563391e+01	5.8561582e+01	5.8561566e+01	5.8561578e+01	5.8561600e+01	5.8561569e+01
5.8561583e+01	5.8561588e+01	5.8561687e+01	5.8561592e+01	5.8561583e+01	1.0276231e+01	5.8569208e+01	5.8561576e+01	5.8561590e+01	5.8561592e+01	5.8561571e+01	5.8561581e+01	5.8561590e+01	5.8561571e+01	5.8561591e+01	5.8561567e+01	5.8583785e+01	5.8561603e+01	5.8561579e+01	2.0535785e+01	5.8561582e+01	5.8561566e+01	5.8561578e+01	5.8561600e+01	5.8561569e+01
5.8561583e+01	5.8561588e+01	5.8561687e+01	5.8561592e+01	5.8561583e+01	5.7788995e+00	5.8569208e+01	5.8561576e+01	5.8561590e+01	5.8561592e+01	5.8561571e+01	5.8561581e+01	5.8561590e+01	5.8561571e+01	5.8561591e+01	5.8561567e+01	5.8583785e+01	5.8561603e+01	5.8561579e+01	2.0386649e+01	5.8561582e+01	5.8561566e+01	5.8561578e+01	5.8561600e+01	5.8561569e+01
5.8561583e+01	5.8561588e+01	5.8561687e+01	5.8561592e+01	5.8561583e+01	4.6803147e+00	5.8569208e+01	5.8561576e+01	5.8561590e+01	5.8561592e+01	5.8561571e+01	5.8561581e+01	5.8561590e+01	5.8561571e+01	5.8561591e+01	5.8561567e+01	5.8583785e+01	5.8561603e+01	5.8561579e+01	2.0234657e+01	5.8561582e+01	5.8561566e+01	5.8561578e+01	5.8561600e+01	5.8561569e+01
5.8561583e+01	5.8561588e+01	5.8561687e+01	5.8561592e+01	5.8561583e+01	4.6803147e+00	5.8569208e+01	5.8561576e+01	5.8561590e+01	5.8561592e+01	5.8561571e+01	5.8561581e+01	5.8561590e+01	5.8561571e+01	5.8561591e+01	5.8561567e+01	5.8583785e+01	5.8561603e+01	5.8561579e+01	2.0182287e+01	5.8561582e+01	5.8561566e+01	5.8561578e+01	5.8561600e+01	5.8561569e+01
5.8561583e+01	5.8561588e+01	5.8561687e+01	5.8561592e+01	5.8561583e+01	3.3448823e+00	5.8569208e+01	5.8561576e+01	5.8561590e+01	5.8561592e+01	5.8561571e+01	5.8561581e+01	5.8561590e+01	5.8561571e+01	5.8561591e+01	5.8561567e+01	5.8583785e+01	5.8561603e+01	5.8561579e+01	2.0027414e+01	5.8561582e+01	5.8561566e+01	5.8561578e+01	5.8561600e+01	5.8561569e+01
5.8561583e+01	5.8561588e+01	5.8561687e+01	5.8561592e+01	5.8561583e+01	2.4485701e+00	5.8569208e+01	5.8561576e+01	5.8561590e+01	5.8561592e+01	5.8561571e+01	5.8561581e+01	5.8561590e+01	5.8561571e+01	5.8561591e+01	5.8561567e+01	5.8583785e+01	5.8561603e+01	5.8561579e+01	1.9824552e+01	5.8561582e+01	5.8561566e+01	5.8561578e+01	5.8561600e+01	5.8561569e+01
5.8561583e+01	5.8561588e+01	5.8561687e+01	5.8561592e+01	5.8561583e+01	2.0208014e+00	5.8569208e+01	5.8561576e+01	5.8561590e+01	5.8561592e+01	5.8561571e+01	5.8561581e+01	5.8561590e+01	5.8561571e+01	5.8561591e+01	5.8561567e+01	5.8583785e+01	5.8561603e+01	5.8561579e+01	1.9653705e+01	5.8561582e+01	5.8561566e+01	5.8561578e+01	5.8561600e+01	5.8561569e+01
5.8561583e+01	5.8561588e+01	5.8561687e+01	5.8561592e+01	5.8561583e+01	1.5868587e+00	5.8569208e+01	5.8561576e+01	5.8561590e+01	5.8561592e+01	5.8561571e+01	5.8561581e+01	5.8561590e+01	5.8561571e+01	5.8561591e+01	5.8561567e+01	5.8583785e+01	5.8561603e+01	5.8561579e+01	1.9626222e+01	5.8561582e+01	5.8561566e+01	5.8561578e+01	5.8561600e+01	5.8561569e+01
5.8561583e+01	5.8561588e+01	5.8561687e+01	5.8561592e+01	5.8561583e+01	1.4702536e+00	5.8569208e+01	5.8561576e+01	5.8561590e+01	5.8561592e+01	5.8561571e+01	5.8561581e+01	5.8561590e+01	5.8561571e+01	5.8561591e+01	5.8561567e+01	5.8583785e+01	5.8561603e+01	5.8561579e+01	1.9579590e+01	5.8561582e+01	5.8561566e+01	5.8561578e+01	5.8561600e+01	5.8561569e+01
5.8561583e+01	5.8561588e+01	5.8561687e+01	5.8561592e+01	5.8561583e+01	1.3687558e+00	5.8569208e+01	5.8561576e+01	5.8561590e+01	5.8561592e+01	5.8561571e+01	5.8561581e+01	5.8561590e+01	5.8561571e+01	5.8561591e+01	5.8561567e+01	5.8583785e+01	5.8561603e+01	5.8561579e+01	1.9452803e+01	5.8561582e+01	5.8561566e+01	5.8561578e+01	5.8561600e+01	5.8561569e+01
5.8561583e+01	5.8561588e+01	5.8561687e+01	5.8561592e+01	5.8561583e+01	1.1929419e+00	5.8569208e+01	5.8561576e+01	5.8561590e+01	5.8561592e+01	5.8561571e+01	5.8561581e+01	5.8561590e+01	5.8561571e+01	5.8561591e+01	5.8561567e+01	5.8583785e+01	5.8561603e+01	5.8561579e+01	1.9382158e+01	5.8561582e+01	5.8561566e+01	5.8561578e+01	5.8561600e+01	5.8561569e+01
5.8561583e+01	5.8561588e+01	5.8561687e+01	5.8561592e+01	5.8561583e+01	1.0859384e+00	5.8569208e+01	5.8561576e+01	5.8561590e+01	5.8561592e+01	5.8561571e+01	5.8561581e+01	5.8561590e+01	5.8561571e+01	5.8561591e+01	5.8561567e+01	5.8583785e+01	5.8561603e+01	5.8561579e+01	1.9312610e+01	5.8561582e+01	5.8561566e+01	5.8561578e+01	5.8561600e+01	5.8561569e+01
5.8561583e+01	5.8561588e+01	5.8561687e+01	5.8561592e+01	5.8561583e+01	1.0294215e+00	5.8569208e+01	5.8561576e+01	5.8561590e+01	5.8561592e+01	5.8561571e+01	5.8561581e+01	5.8561590e+01	5.8561571e+01	5.8561591e+01	5.8561567e+01	5.8583785e+01	5.8561603e+01	5.8561579e+01	1.9298126e+01	5.8561582e+01	5.8561566e+01	5.8561578e+01	5.8561600e+01	5.8561569e+01
5.8561583e+01	5.8561588e+01	5.8561687e+01	5.8561592e+01	5.8561583e+01	1.0192588e+00	5.8569208e+01	5.8561576e+01	5.8561590e+01	5.8561592e+01	5.8561571e+01	5.8561581e+01	5.8561590e+01	5.8561571e+01	5.8561591e+01	5.8561567e+01	5.8583785e+01	5.8561603e+01	5.8561579e+01	1.9251627e+01	5.8561582e+01	5.8561566e+01	5.8561578e+01	5.8561600e+01	5.8561569e+01
5.8561583e+01	5.8561588e+01	5.8561687e+01	5.8561592e+01	5.8561583e+01	9.9781508e-01	5.8569208e+01	5.8561576e+01	5.8561590e+01	5.8561592e+01	5.8561571e+01	5.8561581e+01	5.8561590e+01	5.8561571e+01	5.8561591e+01	5.8561567e+01	5.8583785e+01	5.8561603e+01	5.8561579e+01	1.9250770e+01	5.8561582e+01	5.8561566e+01	5.8561578e+01	5.8561600e+01	5.8561569e+01
5.8561583e+01	5.8561588e+01	5.8561687e+01	5.8561592e+01	5.8561583e+01	9.8991269e-01	5.8569208e+01	5.8561576e+01	5.8561590e+01	5.8561592e+01	5.8561571e+01	5.8561581e+01	5.8561590e+01	5.8561571e+01	5.8561591e+01	5.8561567e+01	5.8583785e+01	5.8561603e+01	5.8561579e+01	1.9219563e+01	5.8561582e+01	5.8561566e+01	5.8561578e+01	5.8561600e+01	5.8561569e+01
5.8561583e+01	5.8561588e+01	5.8561687e+01	5.8561592e+01	5.8561583e+01	9.8247113e-01	5.8569208e+01	5.8561576e+01	5.8561590e+01	5.8561592e+01	5.8561571e+01	5.8561581e+01	5.8561590e+01	5.8561571e+01	5.8561591e+01	5.8561567e+01	5.8583785e+01	5.8561603e+01	5.8561579e+01	1.9199535e+01	5.8561582e+01	5.8561566e+01	5.8561578e+01	5.8561600e+01	5.8561569e+01
5.8561583e+01	5.8561588e+01	5.8561687e+01	5.8561592e+01	5.8561583e+01	9.8060218e-01	5.8569208e+01	5.8561576e+01	5.8561590e+01	5.8561592e+01	5.8561571e+01	5.8561581e+01	5.8561590e+01	5.8561571e+01	5.8561591e+01	5.8561567e+01	5.8583785e+01	5.8561603e+01	5.8561579e+01	1.9183430e+01	5.8561582e+01	5.8561566e+01	5.8561578e+01	5.8561600e+01	5.8561569e+01
5.8561583e+01	5.8561588e+01	5.8561687e+01	5.8561592e+01	5.8561583e+01	9.7839223e-01	5.8569208e+01	5.8561576e+01	5.8561590e+01	5.8561592e+01	5.8561571e+01	5.8561581e+01	5.8561590e+01	5.8561571e+01	5.8561591e+01	5.8561567e+01	5.8583785e+01	5.8561603e+01	5.8561579e+01	1.8820275e+01	5.8561582e+01	5.8561566e+01	5.8561578e+01	5.8561600e+01	5.8561569e+01
5.8561583e+01	5.8561588e+01	5.8561687e+01	5.8561592e+01	5.8561583e+01	9.7642832e-01	5.8569208e+01	5.8561576e+01	5.8561590e+01	5.8561592e+01	5.8561571e+01	5.8561581e+01	5.8561590e+01	5.8561571e+01	5.8561591e+01	5.8561567e+01	5.8583785e+01	5.8561603e+01	5.8561579e+01	1.4147302e+01	5.8561582e+01	5.8561566e+01	5.8561578e+01	5.8561600e+01	5.8561569e+01
5.8561583e+01	5.8561588e+01	5.8561687e+01	5.8561592e+01	5.8561583e+01	9.7531141e-01	5.8569208e+01	5.8561576e+01	5.8561590e+01	5.8561592e+01	5.8561571e+01	5.8561581e+01	5.8561590e+01	5.8561571e+01	5.8561591e+01	5.8561567e+01	5.8583785e+01	5.8561603e+01	5.8561579e+01	1.3811484e+01	5.8561582e+01	5.8561566e+01	5.8561578e+01	5.8561600e+01	5.8561569e+01
5.8561583e+01	5.8561588e+01	5.8561687e+01	5.8561592e+01	5.8561583e+01	9.7479213e-01	5.8569208e+01	5.8561576e+01	5.8561590e+01	5.8561592e+01	5.8561571e+01	5.8561581e+01	5.8561590e+01	5.8561571e+01	5.8561591e+01	5.8561567e+01	5.8583785e+01	5.8561603e+01	5.8561579e+01	1.3811484e+01	5.8561582e+01	5.8561566e+01	5.8561578e+01	5.8561600e+01	5.8561569e+01
5.8561583e+01	5.8561588e+01	5.8561687e+01	5.8561592e+01	5.8561583e+01	9.7360959e-01	5.8569208e+01	5.8561576e+01	5.8561590e+01	5.8561592e+01	5.8561571e+01	5.8561581e+01	5.8561590e+01	5.8561571e+01	5.8561591e+01	5.8561567e+01	5.8583785e+01	5.8561603e+01	5.8561579e+01	1.1299639e+01	5.8561582e+01	5.8561566e+01	5.8561578e+01	5.8561600e+01	5.8561569e+01
5.8561583e+01	5.8561588e+01	5.8561687e+01	5.8561592e+01	5.8561583e+01	9.7255453e-01	5.8569208e+01	5.8561576e+01	5.8561590e+01	5.8561592e+01	5.8561571e+01	5.8561581e+01	5.8561590e+01	5.8561571e+01	5.8561591e+01	5.8561567e+01	5.8583785e+01	5.8561603e+01	5.8561579e+01	6.5194714e+00	5.8561582e+01	5.8561566e+01	5.8561578e+01	5.8561600e+01	5.8561569e+01
5.8561583e+01	5.8561588e+01	5.8561687e+01	5.8561592e+01	5.8561583e+01	9.7255453e-01	5.8569208e+01	5.8561576e+01	5.8561590e+01	5.8561592e+01	5.8561571e+01	5.8561581e+01	5.8561590e+01	5.8561571e+01	5.8561591e+01	5.8561567e+01	5.8583785e+01	5.8561603e+01	5.8561579e+01	5.4191132e+00	5.8561582e+01	5.8561566e+01	5.8561578e+01	5.8561600e+01	5.8561569e+01
5.8561583e+01	5.8561588e+01	5.8561687e+01	5.8561592e+01	5.8561583e+01	9.7026043e-01	5.8569208e+01	5.8561576e+01	5.8561590e+01	5.8561592e+01	5.8561571e+01	5.8561581e+01	5.8561590e+01	5.8561571e+01	5.8561591e+01	5.8561567e+01	5.8583785e+01	5.8561603e+01	5.8561579e+01	3.8501729e+00	5.8561582e+01	5.8561566e+01	5.8561578e+01	5.8561600e+01	5.8561569e+01
5.8561583e+01	5.8561588e+01	5.8561687e+01	5.8561592e+01	5.8561583e+01	9.7026043e-01	5.8569208e+01	5.8561576e+01	5.8561590e+01	5.8561592e+01	5.8561571e+01	5.8561581e+01	5.8561590e+01	5.8561571e+01	5.8561591e+01	5.8561567e+01	5.8583785e+01	5.8561603e+01	5.8561579e+01	3.0231371e+00	5.8561582e+01	5.8561566e+01	5.8561578e+01	5.8561600e+01	5.8561569e+01
5.8561583e+01	5.8561588e+01	5.8561687e+01	5.8561592e+01	5.8561583e+01	9.6934896e-01	5.8569208e+01	5.8561576e+01	5.8561590e+01	5.8561592e+01	5.8561571e+01	5.8561581e+01	5.8561590e+01	5.8561571e+01	5.8561591e+01	5.8561567e+01	5.8583785e+01	5.8561603e+01	5.8561579e+01	2.5007088e+00	5.8561582e+01	5.8561566e+01	5.8561578e+01	5.8561600e+01	5.8561569e+01
5.8561583e+01	5.8561588e+01	5.8561687e+01	5.8561592e+01	5.8561583e+01	9.6537267e-01	5.8569208e+01	5.8561576e+01	5.8561590e+01	5.8561592e+01	5.8561571e+01	5.8561581e+01	5.8561590e+01	5.8561571e+01	5.8561591e+01	5.8561567e+01	5.8583785e+01	5.8561603e+01	5.8561579e+01	1.5305749e+00	5.8561582e+01	5.8561566e+01	5.8561578e+01	5.8561600e+01	5.8561569e+01
5.8561583e+01	5.8561588e+01	5.8561687e+01	5.8561592e+01	5.8561583e+01	9.6537267e-01	5.8569208e+01	5.8561576e+01	5.8561590e+01	5.8561592e+01	5.8561571e+01	5.8561581e+01	5.8561590e+01	5.8561571e+01	5.8561591e+01	5.8561567e+01	5.8583785e+01	5.8561603e+01	5.8561579e+01	1.3665057e+00	5.8561582e+01	5.8561566e+01	5.8561578e+01	5.8561600e+01	5.8561569e+01
5.8561583e+01	5.8561588e+01	5.8561687e+01	5.8561592e+01	5.8561583e+01	9.5652683e-01	5.8569208e+01	5.8561576e+01	5.8561590e+01	5.8561592e+01	5.8561571e+01	5.8561581e+01	5.8561590e+01	5.8561571e+01	5.8561591e+01	5.8561567e+01	5.8583785e+01	5.8561603e+01	5.8561579e+01	1.2656502e+00	5.8561582e+01	5.8561566e+01	5.8561578e+01	5.8561600e+01	5.8561569e+01
5.8561583e+01	5.8561588e+01	5.8561687e+01	5.8561592e+01	5.8561583e+01	9.5285531e-01	5.8569208e+01	5.8561576e+01	5.8561590e+01	5.8561592e+01	5.8561571e+01	5.8561581e+01	5.8561590e+01	5.8561571e+01	5.8561591e+01	5.8561567e+01	5.8583785e+01	5.8561603e+01	5.8561579e+01	1.1149490e+00	5.8561582e+01	5.8561566e+01	5.8561578e+01	5.8561600e+01	5.8561569e+01
5.8561583e+01	5.8561588e+01	5.8561687e+01	5.8561592e+01	5.8561583e+01	9.4306587e-01	5.8569208e+01	5.8561576e+01	5.8561590e+01	5.8561592e+01	5.8561571e+01	5.8561581e+01	5.8561590e+01	5.8561571e+01	5.8561591e+01	5.8561567e+01	5.8583785e+01	5.8561603e+01	5.8561579e+01	1.0872016e+00	5.8561582e+01	5.8561566e+01	5.8561578e+01	5.8561600e+01	5.8561569e+01
5.8561583e+01	5.8561588e+01	5.8561687e+01	5.8561592e+01	5.8561583e+01	9.3039887e-01	5.8569208e+01	5.8561576e+01	5.8561590e+01	5.8561592e+01	5.8561571e+01	5.8561581e+01	5.8561590e+01	5.8561571e+01	5.8561591e+01	5.8561567e+01	5.8583785e+01	5.8561603e+01	5.8561579e+01	1.0327940e+00	5.8561582e+01	5.8561566e+01	5.8561578e+01	5.8561600e+01	5.8561569e+01
5.8561583e+01	5.8561588e+01	5.8561687e+01	5.8561592e+01	5.8561583e+01	8.8534229e-01	5.8569208e+01	5.8561576e+01	5.8561590e+01	5.8561592e+01	5.8561571e+01	5.8561581e+01	5.8561590e+01	5.8561571e+01	5.8561591e+01	5.8561567e+01	5.8583785e+01	5.8561603e+01	5.8561579e+01	1.0278969e+00	5.8561582e+01	5.8561566e+01	5.8561578e+01	5.8561600e+01	5.8561569e+01
5.8561583e+01	5.8561588e+01	5.8561687e+01	5.8561592e+01	5.8561583e+01	8.8534229e-01	5.8569208e+01	5.8561576e+01	5.8561590e+01	5.8561592e+01	5.8561571e+01	5.8561581e+01	5.8561590e+01	5.8561571e+01	5.8561591e+01	5.8561567e+01	5.8583785e+01	5.8561603e+01	5.8561579e+01	1.0135366e+00	5.8561582e+01	5.8561566e+01	5.8561578e+01	5.8561600e+01	5.8561569e+01
5.8561583e+01	5.8561588e+01	5.8561687e+01	5.8561592e+01	5.8561583e+01	8.0561915e-01	5.8569208e+01	5.8561576e+01	5.8561590e+01	5.8561592e+01	5.8561571e+01	5.8561581e+01	5.8561590e+01	5.8561571e+01	5.8561591e+01	5.8561567e+01	5.8583785e+01	5.8561603e+01	5.8561579e+01	1.0003387e+00	5.8561582e+01	5.8561566e+01	5.8561578e+01	5.8561600e+01	5.8561569e+01
5.8561583e+01	5.8561588e+01	5.8561687e+01	5.8561592e+01	5.8561583e+01	7.6358868e-01	5.8569208e+01	5.8561576e+01	5.8561590e+01	5.8561592e+01	5.8561571e+01	5.8561581e+01	5.8561590e+01	5.8561571e+01	5.8561591e+01	5.8561567e+01	5.8583785e+01	5.8561603e+01	5.8561579e+01	9.9291631e-01	5.8561582e+01	5.8561566e+01	5.8561578e+01	5.8561600e+01	5.8561569e+01
5.8561583e+01	5.8561588e+01	5.8561687e+01	5.8561592e+01	5.8561583e+01	7.6358868e-01	5.8569208e+01	5.8561576e+01	5.8561590e+01	5.8561592e+01	5.8561571e+01	5.8561581e+01	5.8561590e+01	5.8561571e+01	5.8561591e+01	5.8561567e+01	5.8583785e+01	5.8561603e+01	5.8561579e+01	9.8865580e-01	5.8561582e+01	5.8561566e+01	5.8561578e+01	5.8561600e+01	5.8561569e+01
5.8561583e+01	5.8561588e+01	5.8561687e+01	5.8561592e+01	5.8561583e+01	6.5480614e-01	5.8569208e+01	5.8561576e+01	5.8561590e+01	5.8561592e+01	5.8561571e+01	5.8561581e+01	5.8561590e+01	5.8561571e+01	5.8561591e+01	5.8561567e+01	5.8583785e+01	5.8561603e+01	5.8561579e+01	9.8457919e-01	5.8561582e+01	5.8561566e+01	5.8561578e+01	5.8561600e+01	5.8561569e+01
5.8561583e+01	5.8561588e+01	5.8561687e+01	5.8561592e+01	5.8561583e+01	5.4545075e-01	5.8569208e+01	5.8561576e+01	5.8561590e+01	5.8561592e+01	5.8561571e+01	5.8561581e+01	5.8561590e+01	5.8561571e+01	5.8561591e+01	5.8561567e+01	5.8583785e+01	5.8561603e+01	5.8561579e+01	9.8353296e-01	5.8561582e+01	5.8561566e+01	5.8561578e+01	5.8561600e+01	5.8561569e+01
5.8561583e+01	5.8561588e+01	5.8561687e+01	5.8561592e+01	5.8561583e+01	4.3701368e-01	5.8569208e+01	5.8561576e+01	5.8561590e+01	5.8561592e+01	5.8561571e+01	5.8561581e+01	5.8561590e+01	5.8561571e+01	5.8561591e+01	5.8561567e+01	5.8583785e+01	5.8561603e+01	5.8561579e+01	9.8240508e-01	5.8561582e+01	5.8561566e+01	5.8561578e+01	5.8561600e+01	5.8561569e+01
5.8561583e+01	5.8561588e+01	5.8561687e+01	5.8561592e+01	5.8561583e+01	4.3701368e-01	5.8569208e+01	5.8561576e+01	5.8561590e+01	5.8561592e+01	5.8561571e+01	5.8561581e+01	5.8561590e+01	5.8561571e+01	5.8561591e+01	5.8561567e+01	5.8583785e+01	5.8561603e+01	5.8561579e+01	9.8166696e-01	5.8561582e+01	5.8561566e+01	5.8561578e+01	5.8561600e+01	5.8561569e+01
5.8561583e+01	5.8561588e+01	5.8561687e+01	5.8561592e+01	5.8561583e+01	3.5629004e-01	5.8569208e+01	5.8561576e+01	5.8561590e+01	5.8561592e+01	5.8561571e+01	5.8561581e+01	5.8561590e+01	5.8561571e+01	5.8561591e+01	5.8561567e+01	5.8583785e+01	5.8561603e+01	5.8561579e+01	9.8088464e-01	5.8561582e+01	5.8561566e+01	5.8561578e+01	5.8561600e+01	5.8561569e+01
5.8561583e+01	5.8561588e+01	5.8561687e+01	5.8561592e+01	5.8561583e+01	2.9713513e-01	5.8569208e+01	5.8561576e+01	5.8561590e+01	5.8561592e+01	5.8561571e+01	5.8561581e+01	5.8561590e+01	5.8561571e+01	5.8561591e+01	5.8561567e+01	5.8583785e+01	5.8561603e+01	5.8561579e+01	9.8042755e-01	5.8561582e+01	5.8561566e+01	5.8561578e+01	5.8561600e+01	5.8561569e+01
5.8561583e+01	5.8561588e+01	5.8561687e+01	5.8561592e+01	5.8561583e+01	2.7619720e-01	5.8569208e+01	5.8561576e+01	5.8561590e+01	5.8561592e+01	5.8561571e+01	5.8561581e+01	5.8561590e+01	5.8561571e+01	5.8561591e+01	5.8561567e+01	5.8583785e+01	5.8561603e+01	5.8561579e+01	9.8017679e-01	5.8561582e+01	5.8561566e+01	5.8561578e+01	5.8561600e+01	5.8561569e+01
5.8561583e+01	5.8561588e+01	5.8561687e+01	5.8561592e+01	5.8561583e+01	2.3870694e-01	5.8569208e+01	5.8561576e+01	5.8561590e+01	5.8561592e+01	5.8561571e+01	5.8561581e+01	5.8561590e+01	5.8561571e+01	5.8561591e+01	5.8561567e+01	5.8583785e+01	5.8561603e+01	5.8561579e+01	9.8017679e-01	5.8561582e+01	5.8561566e+01	5.8561578e+01	5.8561600e+01	5.8561569e+01
5.8561583e+01	5.8561588e+01	5.8561687e+01	5.8561592e+01	5.8561583e+01	1.8197245e-01	5.8569208e+01	5.8561576e+01	5.8561590e+01	5.8561592e+01	5.8561571e+01	5.8561581e+01	5.8561590e+01	5.8561571e+01	5.8561591e+01	5.8561567e+01	5.8583785e+01	5.8561603e+01	5.8561579e+01	9.7993637e-01	5.8561582e+01	5.8561566e+01	5.8561578e+01	5.8561600e+01	5.8561569e+01
5.8561583e+01	5.8561588e+01	5.8561687e+01	5.8561592e+01	5.8561583e+01	1.7569279e-01	5.8569208e+01	5.8561576e+01	5.8561590e+01	5.8561592e+01	5.8561571e+01	5.8561581e+01	5.8561590e+01	5.8561571e+01	5.8561591e+01	5.8561567e+01	5.8583785e+01	5.8561603e+01	5.8561579e+01	9.7836863e-01	5.8561582e+01	5.8561566e+01	5.8561578e+01	5.8561600e+01	5.8561569e+01
5.8561583e+01	5.8561588e+01	5.8561687e+01	5.8561592e+01	5.8561583e+01	1.6707732e-01	5.8569208e+01	5.8561576e+01	5.8561590e+01	5.8561592e+01	5.8561571e+01	5.8561581e+01	5.8561590e+01	5.8561571e+01	5.8561591e+01	5.8561567e+01	5.8583785e+01	5.8561603e+01	5.8561579e+01	9.7700596e-01	5.8561582e+01	5.8561566e+01	5.8561578e+01	5.8561600e+01	5.8561569e+01
5.8561583e+01	5.8561588e+01	5.8561687e+01	5.8561592e+01	5.8561583e+01	1.5615971e-01	5.8569208e+01	5.8561576e+01	5.8561590e+01	5.8561592e+01	5.8561571e+01	5.8561581e+01	5.8561590e+01	5.8561571e+01	5.8561591e+01	5.8561567e+01	5.8583785e+01	5.8561603e+01	5.8561579e+01	9.7452236e-01	5.8561582e+01	5.8561566e+01	5.8561578e+01	5.8561600e+01	5.8561569e+01
5.8561583e+01	5.8561588e+01	5.8561687e+01	5.8561592e+01	5.8561583e+01	1.1218133e-01	5.8569208e+01	5.8561576e+01	5.8561590e+01	5.8561592e+01	5.8561571e+01	5.8561581e+01	5.8561590e+01	5.8561571e+01	5.8561591e+01	5.8561567e+01	5.8583785e+01	5.8561603e+01	5.8561579e+01	9.7347906e-01	5.8561582e+01	5.8561566e+01	5.8561578e+01	5.8561600e+01	5.8561569e+01
5.8561583e+01	5.8561588e+01	5.8561687e+01	5.8561592e+01	5.8561583e+01	8.4067094e-02	5.8569208e+01	5.8561576e+01	5.8561590e+01	5.8561592e+01	5.8561571e+01	5.8561581e+01	5.8561590e+01	5.8561571e+01	5.8561591e+01	5.8561567e+01	5.8583785e+01	5.8561603e+01	5.8561579e+01	9.6677492e-01	5.8561582e+01	5.8561566e+01	5.8561578e+01	5.8561600e+01	5.8561569e+01
5.8561583e+01	5.8561588e+01	5.8561687e+01	5.8561592e+01	5.8561583e+01	6.4314150e-02	5.8569208e+01	5.8561576e+01	5.8561590e+01	5.8561592e+01	5.8561571e+01	5.8561581e+01	5.8561590e+01	5.8561571e+01	5.8561591e+01	5.8561567e+01	5.8583785e+01	5.8561603e+01	5.8561579e+01	9.6567468e-01	5.8561582e+01	5.8561566e+01	5.8561578e+01	5.8561600e+01	5.8561569e+01
5.8561583e+01	5.8561588e+01	5.8561687e+01	5.8561592e+01	5.8561583e+01	4.3948471e-02	5.8569208e+01	5.8561576e+01	5.8561590e+01	5.8561592e+01	5.8561571e+01	5.8561581e+01	5.8561590e+01	5.8561571e+01	5.8561591e+01	5.8561567e+01	5.8583785e+01	5.8561603e+01	5.8561579e+01	9.5547757e-01	5.8561582e+01	5.8561566e+01	5.8561578e+01	5.8561600e+01	5.8561569e+01
5.8561583e+01	5.8561588e+01	5.8561687e+01	5.8561592e+01	5.8561583e+01	3.9493687e-02	5.8569208e+01	5.8561576e+01	5.8561590e+01	5.8561592e+01	5.8561571e+01	5.8561581e+01	5.8561590e+01	5.8561571e+01	5.8561591e+01	5.8561567e+01	5.8583785e+01	5.8561603e+01	5.8561579e+01	9.4688820e-01	5.8561582e+01	5.8561566e+01	5.8561578e+01	5.8561600e+01	5.8561569e+01
5.8561583e+01	5.8561588e+01	5.8561687e+01	5.8561592e+01	5.8561583e+01	2.9571556e-02	5.8569208e+01	5.8561576e+01	5.8561590e+01	5.8561592e+01	5.8561571e+01	5.8561581e+01	5.8561590e+01	5.8561571e+01	5.8561591e+01	5.8561567e+01	5.8583785e+01	5.8561603e+01	5.8561579e+01	9.0165300e-01	5.8561582e+01	5.8561566e+01	5.8561578e+01	5.8561600e+01	5.8561569e+01
5.8561583e+01	5.8561588e+01	5.8561687e+01	5.8561592e+01	5.8561583e+01	2.0972185e-02	5.8569208e+01	5.8561576e+01	5.8561590e+01	5.8561592e+01	5.8561571e+01	5.8561581e+01	5.8561590e+01	5.8561571e+01	5.8561591e+01	5.8561567e+01	5.8583785e+01	5.8561603e+01	5.8561579e+01	8.8242025e-01	5.8561582e+01	5.8561566e+01	5.8561578e+01	5.8561600e+01	5.8561569e+01
5.8561583e+01	5.8561588e+01	5.8561687e+01	5.8561592e+01	5.8561583e+01	1.8826949e-02	5.8569208e+01	5.8561576e+01	5.8561590e+01	5.8561592e+01	5.8561571e+01	5.8561581e+01	5.8561590e+01	5.8561571e+01	5.8561591e+01	5.8561567e+01	5.8583785e+01	5.8561603e+01	5.8561579e+01	8.6308679e-01	5.8561582e+01	5.8561566e+01	5.8561578e+01	5.8561600e+01	5.8561569e+01
5.8561583e+01	5.8561588e+01	5.8561687e+01	5.8561592e+01	5.8561583e+01	1.2645559e-02	5.8569208e+01	5.8561576e+01	5.8561590e+01	5.8561592e+01	5.8561571e+01	5.8561581e+01	5.8561590e+01	5.8561571e+01	5.8561591e+01	5.8561567e+01	5.8583785e+01	5.8561603e+01	5.8561579e+01	8.0296762e-01	5.8561582e+01	5.8561566e+01	5.8561578e+01	5.8561600e+01	5.8561569e+01
5.8561583e+01	5.8561588e+01	5.8561687e+01	5.8561592e+01	5.8561583e+01	9.5535751e-03	5.8569208e+01	5.8561576e+01	5.8561590e+01	5.8561592e+01	5.8561571e+01	5.8561581e+01	5.8561590e+01	5.8561571e+01	5.8561591e+01	5.8561567e+01	5.8583785e+01	5.8561603e+01	5.8561579e+01	8.0296762e-01	5.8561582e+01	5.8561566e+01	5.8561578e+01	5.8561600e+01	5.8561569e+01
5.8561583e+01	5.8561588e+01	5.8561687e+01	5.8561592e+01	5.8561583e+01	6.7813529e-03	5.8569208e+01	5.8561576e+01	5.8561590e+01	5.8561592e+01	5.8561571e+01	5.8561581e+01	5.8561590e+01	5.8561571e+01	5.8561591e+01	5.8561567e+01	5.8583785e+01	5.8561603e+01	5.8561579e+01	7.1480505e-01	5.8561582e+01	5.8561566e+01	5.8561578e+01	5.8561600e+01	5.8561569e+01
5.8561583e+01	5.8561588e+01	5.8561687e+01	5.8561592e+01	5.8561583e+01	5.4684463e-03	5.8569208e+01	5.8561576e+01	5.8561590e+01	5.8561592e+01	5.8561571e+01	5.8561581e+01	5.8561590e+01	5.8561571e+01	5.8561591e+01	5.8561567e+01	5.8583785e+01	5.8561603e+01	5.8561579e+01	5.2061183e-01	5.8561582e+01	5.8561566e+01	5.8561578e+01	5.8561600e+01	5.8561569e+01
5.8561583e+01	5.8561588e+01	5.8561687e+01	5.8561592e+01	5.8561583e+01	3.5529267e-03	5.8569208e+01	5.8561576e+01	5.8561590e+01	5.8561592e+01	5.8561571e+01	5.8561581e+01	5.8561590e+01	5.8561571e+01	5.8561591e+01	5.8561567e+01	5.8583785e+01	5.8561603e+01	5.8561579e+01	5.1147351e-01	5.8561582e+01	5.8561566e+01	5.8561578e+01	5.8561600e+01	5.8561569e+01
5.8561583e+01	5.8561588e+01	5.8561687e+01	5.8561592e+01	5.8561583e+01	2.3904522e-03	5.8569208e+01	5.8561576e+01	5.8561590e+01	5.8561592e+01	5.8561571e+01	5.8561581e+01	5.8561590e+01	5.8561571e+01	5.8561591e+01	5.8561567e+01	5.8583785e+01	5.8561603e+01	5.8561579e+01	5.0705998e-01	5.8561582e+01	5.8561566e+01	5.8561578e+01	5.8561600e+01	5.8561569e+01
5.8561583e+01	5.8561588e+01	5.8561687e+01	5.8561592e+01	5.8561583e+01	1.4239516e-03	5.8569208e+01	5.8561576e+01	5.8561590e+01	5.8561592e+01	5.8561571e+01	5.8561581e+01	5.8561590e+01	5.8561571e+01	5.8561591e+01	5.8561567e+01	5.8583785e+01	5.8561603e+01	5.8561579e+01	3.6236252e-01	5.8561582e+01	5.8561566e+01	5.8561578e+01	5.8561600e+01	5.8561569e+01
5.8561583e+01	5.8561588e+01	5.8561687e+01	5.8561592e+01	5.8561583e+01	9.6203944e-04	5.8569208e+01	5.8561576e+01	5.8561590e+01	5.8561592e+01	5.8561571e+01	5.8561581e+01	5.8561590e+01	5.8561571e+01	5.8561591e+01	5.8561567e+01	5.8583785e+01	5.8561603e+01	5.8561579e+01	3.0685598e-01	5.8561582e+01	5.8561566e+01	5.8561578e+01	5.8561600e+01	5.8561569e+01
5.8561583e+01	5.8561588e+01	5.8561687e+01	5.8561592e+01	5.8561583e+01	6.0632775e-04	5.8569208e+01	5.8561576e+01	5.8561590e+01	5.8561592e+01	5.8561571e+01	5.8561581e+01	5.8561590e+01	5.8561571e+01	5.8561591e+01	5.8561567e+01	5.8583785e+01	5.8561603e+01	5.8561579e+01	2.8362279e-01	5.8561582e+01	5.8561566e+01	5.8561578e+01	5.8561600e+01	5.8561569e+01
5.8561583e+01	5.8561588e+01	5.8561687e+01	5.8561592e+01	5.8561583e+01	3.7899491e-04	5.8569208e+01	5.8561576e+01	5.8561590e+01	5.8561592e+01	5.8561571e+01	5.8561581e+01	5.8561590e+01	5.8561571e+01	5.8561591e+01	5.8561567e+01	5.8583785e+01	5.8561603e+01	5.8561579e+01	2.4145113e-01	5.8561582e+01	5.8561566e+01	5.8561578e+01	5.8561600e+01	5.8561569e+01
5.8561583e+01	5.8561588e+01	5.8561687e+01	5.8561592e+01	5.8561583e+01	1.8462916e-04	5.8569208e+01	5.8561576e+01	5.8561590e+01	5.8561592e+01	5.8561571e+01	5.8561581e+01	5.8561590e+01	5.8561571e+01	5.8561591e+01	5.8561567e+01	5.8583785e+01	5.8561603e+01	5.8561579e+01	1.6450738e-01	5.8561582e+01	5.8561566e+01	5.8561578e+01	5.8561600e+01	5.8561569e+01
5.8561583e+01	5.8561588e+01	5.8561687e+01	5.8561592e+01	5.8561583e+01	1.2276453e-04	5.8569208e+01	5.8561576e+01	5.8561590e+01	5.8561592e+01	5.8561571e+01	5.8561581e+01	5.8561590e+01	5.8561571e+01	5.8561591e+01	5.8561567e+01	5.8583785e+01	5.8561603e+01	5.8561579e+01	1.4511783e-01	5.8561582e+01	5.8561566e+01	5.8561578e+01	5.8561600e+01	5.8561569e+01
5.8561583e+01	5.8561588e+01	5.8561687e+01	5.8561592e+01	5.8561583e+01	5.4298187e-05	5.8569208e+01	5.8561576e+01	5.8561590e+01	5.8561592e+01	5.8561571e+01	5.8561581e+01	5.8561590e+01	5.8561571e+01	5.8561591e+01	5.8561567e+01	5.8583785e+01	5.8561603e+01	5.8561579e+01	1.3013657e-01	5.8561582e+01	5.8561566e+01	5.8561578e+01	5.8561600e+01	5.8561569e+01
5.8561583e+01	5.8561588e+01	5.8561687e+01	5.8561592e+01	5.8561583e+01	4.6788202e-05	5.8569208e+01	5.8561576e+01	5.8561590e+01	5.8561592e+01	5.8561571e+01	5.8561581e+01	5.8561590e+01	5.8561571e+01	5.8561591e+01	5.8561567e+01	5.8583785e+01	5.8561603e+01	5.8561579e+01	1.0454741e-01	5.8561582e+01	5.8561566e+01	5.8561578e+01	5.8561600e+01	5.8561569e+01
5.8561583e+01	5.8561588e+01	5.8561687e+01	5.8561592e+01	5.8561583e+01	1.4966414e-05	5.8569208e+01	5.8561576e+01	5.8561590e+01	5.8561592e+01	5.8561571e+01	5.8561581e+01	5.8561590e+01	5.8561571e+01	5.8561591e+01	5.8561567e+01	5.8583785e+01	5.8561603e+01	5.8561579e+01	8.2488110e-02	5.8561582e+01	5.8561566e+01	5.8561578e+01	5.8561600e+01	5.8561569e+01
5.8561583e+01	5.8561588e+01	5.8561687e+01	5.8561592e+01	5.8561583e+01	8.6396745e-06	5.8569208e+01	5.8561576e+01	5.8561590e+01	5.8561592e+01	5.8561571e+01	5.8561581e+01	5.8561590e+01	5.8561571e+01	5.8561591e+01	5.8561567e+01	5.8583785e+01	5.8561603e+01	5.8561579e+01	7.3921015e-02	5.8561582e+01	5.8561566e+01	5.8561578e+01	5.8561600e+01	5.8561569e+01
5.8561583e+01	5.8561588e+01	5.8561687e+01	5.8561592e+01	5.8561583e+01	3.8970620e-06	5.8569208e+01	5.8561576e+01	5.8561590e+01	5.8561592e+01	5.8561571e+01	5.8561581e+01	5.8561590e+01	5.8561571e+01	5.8561591e+01	5.8561567e+01	5.8583785e+01	5.8561603e+01	5.8561579e+01	5.3052859e-02	5.8561582e+01	5.8561566e+01	5.8561578e+01	5.8561600e+01	5.8561569e+01
5.8561583e+01	5.8561588e+01	5.8561687e+01	5.8561592e+01	5.8561583e+01	2.9519395e-06	5.8569208e+01	5.8561576e+01	5.8561590e+01	5.8561592e+01	5.8561571e+01	5.8561581e+01	5.8561590e+01	5.8561571e+01	5.8561591e+01	5.8561567e+01	5.8583785e+01	5.8561603e+01	5.8561579e+01	3.3860534e-02	5.8561582e+01	5.8561566e+01	5.8561578e+01	5.8561600e+01	5.8561569e+01
5.8561583e+01	5.8561588e+01	5.8561687e+01	5.8561592e+01	5.8561583e+01	1.5325471e-06	5.8569208e+01	5.8561576e+01	5.8561590e+01	5.8561592e+01	5.8561571e+01	5.8561581e+01	5.8561590e+01	5.8561571e+01	5.8561591e+01	5.8561567e+01	5.8583785e+01	5.8561603e+01	5.8561579e+01	2.3946486e-02	5.8561582e+01	5.8561566e+01	5.8561578e+01	5.8561600e+01	5.8561569e+01
5.8561583e+01	5.8561588e+01	5.8561687e+01	5.8561592e+01	5.8561583e+01	1.5325471e-06	5.8569208e+01	5.8561576e+01	5.8561590e+01	5.8561592e+01	5.8561571e+01	5.8561581e+01	5.8561590e+01	5.8561571e+01	5.8561591e+01	5.8561567e+01	5.8583785e+01	5.8561603e+01	5.8561579e+01	1.4994769e-02	5.8561582e+01	5.8561566e+01	5.8561578e+01	5.8561600e+01	5.8561569e+01
5.8561583e+01	5.8561588e+01	5.8561687e+01	5.8561592e+01	5.8561583e+01	1.5325471e-06	5.8569208e+01	5.8561576e+01	5.8561590e+01	5.8561592e+01	5.8561571e+01	5.8561581e+01	5.8561590e+01	5.8561571e+01	5.8561591e+01	5.8561567e+01	5.8583785e+01	5.8561603e+01	5.8561579e+01	9.0596847e-03	5.8561582e+01	5.8561566e+01	5.8561578e+01	5.8561600e+01	5.8561569e+01
5.8561583e+01	5.8561588e+01	5.8561687e+01	5.8561592e+01	5.8561583e+01	1.5325471e-06	5.8569208e+01	5.8561576e+01	5.8561590e+01	5.8561592e+01	5.8561571e+01	5.8561581e+01	5.8561590e+01	5.8561571e+01	5.8561591e+01	5.8561567e+01	5.8583785e+01	5.8561603e+01	5.8561579e+01	6.7290815e-03	5.8561582e+01	5.8561566e+01	5.8561578e+01	5.8561600e+01	5.8561569e+01
5.8561583e+01	5.8561588e+01	5.8561687e+01	5.8561592e+01	5.8561583e+01	1.5325471e-06	5.8569208e+01	5.8561576e+01	5.8561590e+01	5.8561592e+01	5.8561571e+01	5.8561581e+01	5.8561590e+01	5.8561571e+01	5.8561591e+01	5.8561567e+01	5.8583785e+01	5.8561603e+01	5.8561579e+01	4.3212308e-03	5.8561582e+01	5.8561566e+01	5.8561578e+01	5.8561600e+01	5.8561569e+01
5.8561583e+01	5.8561588e+01	5.8561687e+01	5.8561592e+01	5.8561583e+01	1.5325471e-06	5.8569208e+01	5.8561576e+01	5.8561590e+01	5.8561592e+01	5.8561571e+01	5.8561581e+01	5.8561590e+01	5.8561571e+01	5.8561591e+01	5.8561567e+01	5.8583785e+01	5.8561603e+01	5.8561579e+01	2.5595882e-03	5.8561582e+01	5.8561566e+01	5.8561578e+01	5.8561600e+01	5.8561569e+01
5.8561583e+01	5.8561588e+01	5.8561687e+01	5.8561592e+01	5.8561583e+01	1.5325471e-06	5.8569208e+01	5.8561576e+01	5.8561590e+01	5.8561592e+01	5.8561571e+01	5.8561581e+01	5.8561590e+01	5.8561571e+01	5.8561591e+01	5.8561567e+01	5.8583785e+01	5.8561603e+01	5.8561579e+01	1.4629882e-03	5.8561582e+01	5.8561566e+01	5.8561578e+01	5.8561600e+01	5.8561569e+01
5.8561583e+01	5.8561588e+01	5.8561687e+01	5.8561592e+01	5.8561583e+01	1.5325471e-06	5.8569208e+01	5.8561576e+01	5.8561590e+01	5.8561592e+01	5.8561571e+01	5.8561581e+01	5.8561590e+01	5.8561571e+01	5.8561591e+01	5.8561567e+01	5.8583785e+01	5.8561603e+01	5.8561579e+01	1.1547882e-03	5.8561582e+01	5.8561566e+01	5.8561578e+01	5.8561600e+01	5.8561569e+01
5.8561583e+01	5.8561588e+01	5.8561687e+01	5.8561592e+01	5.8561583e+01	1.5325471e-06	5.8569208e+01	5.8561576e+01	5.8561590e+01	5.8561592e+01	5.8561571e+01	5.8561581e+01	5.8561590e+01	5.8561571e+01	5.8561591e+01	5.8561567e+01	5.8583785e+01	5.8561603e+01	5.8561579e+01	6.5889824e-04	5.8561582e+01	5.8561566e+01	5.8561578e+01	5.8561600e+01	5.8561569e+01
5.8561583e+01	5.8561588e+01	5.8561687e+01	5.8561592e+01	5.8561583e+01	1.5325471e-06	5.8569208e+01	5.8561576e+01	5.8561590e+01	5.8561592e+01	5.8561571e+01	5.8561581e+01	5.8561590e+01	5.8561571e+01	5.8561591e+01	5.8561567e+01	5.8583785e+01	5.8561603e+01	5.8561579e+01	2.8409941e-04	5.8561582e+01	5.8561566e+01	5.8561578e+01	5.8561600e+01	5.8561569e+01
5.8561583e+01	5.8561588e+01	5.8561687e+01	5.8561592e+01	5.8561583e+01	1.5325471e-06	5.8569208e+01	5.8561576e+01	5.8561590e+01	5.8561592e+01	5.8561571e+01	5.8561581e+01	5.8561590e+01	5.8561571e+01	5.8561591e+01	5.8561567e+01	5.8583785e+01	5.8561603e+01	5.8561579e+01	2.7762840e-04	5.8561582e+01	5.8561566e+01	5.8561578e+01	5.8561600e+01	5.8561569e+01
5.8561583e+01	5.8561588e+01	5.8561687e+01	5.8561592e+01	5.8561583e+01	1.5325471e-06	5.8569208e+01	5.8561576e+01	5.8561590e+01	5.8561592e+01	5.8561571e+01	5.8561581e+01	5.8561590e+01	5.8561571e+01	5.8561591e+01	5.8561567e+01	5.8583785e+01	5.8561603e+01	5.8561579e+01	1.3432325e-04	5.8561582e+01	5.8561566e+01	5.8561578e+01	5.8561600e+01	5.8561569e+01
5.8561583e+01	5.8561588e+01	5.8561687e+01	5.8561592e+01	5.8561583e+01	1.5325471e-06	5.8569208e+01	5.8561576e+01	5.8561590e+01	5.8561592e+01	5.8561571e+01	5.8561581e+01	5.8561590e+01	5.8561571e+01	5.8561591e+01	5.8561567e+01	5.8583785e+01	5.8561603e+01	5.8561579e+01	7.1329739e-05	5.8561582e+01	5.8561566e+01	5.8561578e+01	5.8561600e+01	5.8561569e+01
5.8561583e+01	5.8561588e+01	5.8561687e+01	5.8561592e+01	5.8561583e+01	1.5325471e-06	5.8569208e+01	5.8561576e+01	5.8561590e+01	5.8561592e+01	5.8561571e+01	5.8561581e+01	5.8561590e+01	5.8561571e+01	5.8561591e+01	5.8561567e+01	5.8583785e+01	5.8561603e+01	5.8561579e+01	3.7396230e-05	5.8561582e+01	5.8561566e+01	5.8561578e+01	5.8561600e+01	5.8561569e+01
5.8561583e+01	5.8561588e+01	5.8561687e+01	5.8561592e+01	5.8561583e+01	1.5325471e-06	5.8569208e+01	5.8561576e+01	5.8561590e+01	5.8561592e+01	5.8561571e+01	5.8561581e+01	5.8561590e+01	5.8561571e+01	5.8561591e+01	5.8561567e+01	5.8583785e+01	5.8561603e+01	5.8561579e+01	1.2929701e-05	5.8561582e+01	5.8561566e+01	5.8561578e+01	5.8561600e+01	5.8561569e+01
5.8561583e+01	5.8561588e+01	5.8561687e+01	5.8561592e+01	5.8561583e+01	1.5325471e-06	5.8569208e+01	5.8561576e+01	5.8561590e+01	5.8561592e+01	5.8561571e+01	5.8561581e+01	5.8561590e+01	5.8561571e+01	5.8561591e+01	5.8561567e+01	5.8583785e+01	5.8561603e+01	5.8561579e+01	1.0107544e-05	5.8561582e+01	5.8561566e+01	5.8561578e+01	5.8561600e+01	5.8561569e+01
5.8561583e+01	5.8561588e+01	5.8561687e+01	5.8561592e+01	5.8561583e+01	1.5325471e-06	5.8569208e+01	5.8561576e+01	5.8561590e+01	5.8561592e+01	5.8561571e+01	5.8561581e+01	5.8561590e+01	5.8561571e+01	5.8561591e+01	5.8561567e+01	5.8583785e+01	5.8561603e+01	5.8561579e+01	4.2426240e-06	5.8561582e+01	5.8561566e+01	5.8561578e+01	5.8561600e+01	5.8561569e+01
5.8561583e+01	5.8561588e+01	5.8561687e+01	5.8561592e+01	5.8561583e+01	1.5325471e-06	5.8569208e+01	5.8561576e+01	5.8561590e+01	5.8561592e+01	5.8561571e+01	5.8561581e+01	5.8561590e+01	5.8561571e+01	5.8561591e+01	5.8561567e+01	5.8583785e+01	5.8561603e+01	5.8561579e+01	2.4170239e-06	5.8561582e+01	5.8561566e+01	5.8561578e+01	5.8561600e+01	5.8561569e+01
5.8561583e+01	5.8561588e+01	5.8561687e+01	5.8561592e+01	5.8561583e+01	1.5325471e-06	5.8569208e+01	5.8561576e+01	5.8561590e+01	5.8561592e+01	5.8561571e+01	5.8561581e+01	5.8561590e+01	5.8561571e+01	5.8561591e+01	5.8561567e+01	5.8583785e+01	5.8561603e+01	5.8561579e+01	2.4170239e-06	5.8561582e+01	5.8561566e+01	5.8561578e+01	5.8561600e+01	5.8561569e+01
5.8561583e+01	5.8561588e+01	5.8561687e+01	5.8561592e+01	5.8561583e+01	1.5325471e-06	5.8569208e+01	5.8561576e+01	5.8561590e+01	5.8561592e+01	5.8561571e+01	5.8561581e+01	5.8561590e+01	5.8561571e+01	5.8561591e+01	5.8561567e+01	5.8583785e+01	5.8561603e+01	5.8561579e+01	2.4170239e-06	5.8561582e+01	5.8561566e+01	5.8561578e+01	5.8561600e+01	5.8561569e+01
5.8561583e+01	5.8561588e+01	5.8561687e+01	5.8561592e+01	5.8561583e+01	1.5325471e-06	5.8569208e+01	5.8561576e+01	5.8561590e+01	5.8561592e+01	5.8561571e+01	5.8561581e+01	5.8561590e+01	5.8561571e+01	5.8561591e+01	5.8561567e+01	5.8583785e+01	5.8561603e+01	5.8561579e+01	2.4170239e-06	5.8561582e+01	5.8561566e+01	5.8561578e+01	5.8561600e+01	5.8561569e+01
5.8561583e+01	5.8561588e+01	5.8561687e+01	5.8561592e+01	5.8561583e+01	1.5325471e-06	5.8569208e+01	5.8561576e+01	5.8561590e+01	5.8561592e+01	5.8561571e+01	5.8561581e+01	5.8561590e+01	5.8561571e+01	5.8561591e+01	5.8561567e+01	5.8583785e+01	5.8561603e+01	5.8561579e+01	2.4170239e-06	5.8561582e+01	5.8561566e+01	5.8561578e+01	5.8561600e+01	5.8561569e+01
5.8561583e+01	5.8561588e+01	5.8561687e+01	5.8561592e+01	5.8561583e+01	1.5325471e-06	5.8569208e+01	5.8561576e+01	5.8561590e+01	5.8561592e+01	5.8561571e+01	5.8561581e+01	5.8561590e+01	5.8561571e+01	5.8561591e+01	5.8561567e+01	5.8583785e+01	5.8561603e+01	5.8561579e+01	2.4170239e-06	5.8561582e+01	5.8561566e+01	5.8561578e+01	5.8561600e+01	5.8561569e+01
5.8561583e+01	5.8561588e+01	5.8561687e+01	5.8561592e+01	5.8561583e+01	1.5325471e-06	5.8569208e+01	5.8561576e+01	5.8561590e+01	5.8561592e+01	5.8561571e+01	5.8561581e+01	5.8561590e+01	5.8561571e+01	5.8561591e+01	5.8561567e+01	5.8583785e+01	5.8561603e+01	5.8561579e+01	2.4170239e-06	5.8561582e+01	5.8561566e+01	5.8561578e+01	5.8561600e+01	5.8561569e+01
5.8561583e+01	5.8561588e+01	5.8561687e+01	5.8561592e+01	5.8561583e+01	1.5325471e-06	5.8569208e+01	5.8561576e+01	5.8561590e+01	5.8561592e+01	5.8561571e+01	5.8561581e+01	5.8561590e+01	5.8561571e+01	5.8561591e+01	5.8561567e+01	5.8583785e+01	5.8561603e+01	5.8561579e+01	2.4170239e-06	5.8561582e+01	5.8561566e+01	5.8561578e+01	5.8561600e+01	5.8561569e+01
5.8561583e+01	5.8561588e+01	5.8561687e+01	5.8561592e+01	5.8561583e+01	1.5325471e-06	5.8569208e+01	5.8561576e+01	5.8561590e+01	5.8561592e+01	5.8561571e+01	5.8561581e+01	5.8561590e+01	5.8561571e+01	5.8561591e+01	5.8561567e+01	5.8583785e+01	5.8561603e+01	5.8561579e+01	2.4170239e-06	5.8561582e+01	5.8561566e+01	5.8561578e+01	5.8561600e+01	5.8561569e+01
5.8561583e+01	5.8561588e+01	5.8561687e+01	5.8561592e+01	5.8561583e+01	1.5325471e-06	5.8569208e+01	5.8561576e+01	5.8561590e+01	5.8561592e+01	5.8561571e+01	5.8561581e+01	5.8561590e+01	5.8561571e+01	5.8561591e+01	5.8561567e+01	5.8583785e+01	5.8561603e+01	5.8561579e+01	2.4170239e-06	5.8561582e+01	5.8561566e+01	5.8561578e+01	5.8561600e+01	5.8561569e+01
5.8561583e+01	5.8561588e+01	5.8561687e+01	5.8561592e+01	5.8561583e+01	1.5325471e-06	5.8569208e+01	5.8561576e+01	5.8561590e+01	5.8561592e+01	5.8561571e+01	5.8561581e+01	5.8561590e+01	5.8561571e+01	5.8561591e+01	5.8561567e+01	5.8583785e+01	5.8561603e+01	5.8561579e+01	2.4170239e-06	5.8561582e+01	5.8561566e+01	5.8561578e+01	5.8561600e+01	5.8561569e+01
5.8561583e+01	5.8561588e+01	5.8561687e+01	5.8561592e+01	5.8561583e+01	1.5325471e-06	5.8569208e+01	5.8561576e+01	5.8561590e+01	5.8561592e+01	5.8561571e+01	5.8561581e+01	5.8561590e+01	5.8561571e+01	5.8561591e+01	5.8561567e+01	5.8583785e+01	5.8561603e+01	5.8561579e+01	2.4170239e-06	5.8561582e+01	5.8561566e+01	5.8561578e+01	5.8561600e+01	5.8561569e+01
5.8561583e+01	5.8561588e+01	5.8561687e+01	5.8561592e+01	5.8561583e+01	1.5325471e-06	5.8569208e+01	5.8561576e+01	5.8561590e+01	5.8561592e+01	5.8561571e+01	5.8561581e+01	5.8561590e+01	5.8561571e+01	5.8561591e+01	5.8561567e+01	5.8583785e+01	5.8561603e+01	5.8561579e+01	2.4170239e-06	5.8561582e+01	5.8561566e+01	5.8561578e+01	5.8561600e+01	5.8561569e+01
5.8561583e+01	5.8561588e+01	5.8561687e+01	5.8561592e+01	5.8561583e+01	1.5325471e-06	5.8569208e+01	5.8561576e+01	5.8561590e+01	5.8561592e+01	5.8561571e+01	5.8561581e+01	5.8561590e+01	5.8561571e+01	5.8561591e+01	5.8561567e+01	5.8583785e+01	5.8561603e+01	5.8561579e+01	2.4170239e-06	5.8561582e+01	5.8561566e+01	5.8561578e+01	5.8561600e+01	5.8561569e+01
5.8561583e+01	5.8561588e+01	5.8561687e+01	5.8561592e+01	5.8561583e+01	1.5325471e-06	5.8569208e+01	5.8561576e+01	5.8561590e+01	5.8561592e+01	5.8561571e+01	5.8561581e+01	5.8561590e+01	5.8561571e+01	5.8561591e+01	5.8561567e+01	5.8583785e+01	5.8561603e+01	5.8561579e+01	2.4170239e-06	5.8561582e+01	5.8561566e+01	5.8561578e+01	5.8561600e+01	5.8561569e+01
5.8561583e+01	5.8561588e+01	5.8561687e+01	5.8561592e+01	5.8561583e+01	1.5325471e-06	5.8569208e+01	5.8561576e+01	5.8561590e+01	5.8561592e+01	5.8561571e+01	5.8561581e+01	5.8561590e+01	5.8561571e+01	5.8561591e+01	5.8561567e+01	5.8583785e+01	5.8561603e+01	5.8561579e+01	2.4170239e-06	5.8561582e+01	5.8561566e+01	5.8561578e+01	5.8561600e+01	5.8561569e+01
5.8561583e+01	5.8561588e+01	5.8561687e+01	5.8561592e+01	5.8561583e+01	1.5325471e-06	5.8569208e+01	5.8561576e+01	5.8561590e+01	5.8561592e+01	5.8561571e+01	5.8561581e+01	5.8561590e+01	5.8561571e+01	5.8561591e+01	5.8561567e+01	5.8583785e+01	5.8561603e+01	5.8561579e+01	2.4170239e-06	5.8561582e+01	5.8561566e+01	5.8561578e+01	5.8561600e+01	5.8561569e+01
5.8561583e+01	5.8561588e+01	5.8561687e+01	5.8561592e+01	5.8561583e+01	1.5325471e-06	5.8569208e+01	5.8561576e+01	5.8561590e+01	5.8561592e+01	5.8561571e+01	5.8561581e+01	5.8561590e+01	5.8561571e+01	5.8561591e+01	5.8561567e+01	5.8583785e+01	5.8561603e+01	5.8561579e+01	2.4170239e-06	5.8561582e+01	5.8561566e+01	5.8561578e+01	5.8561600e+01	5.8561569e+01
5.8561583e+01	5.8561588e+01	5.8561687e+01	5.8561592e+01	5.8561583e+01	1.5325471e-06	5.8569208e+01	5.8561576e+01	5.8561590e+01	5.8561592e+01	5.8561571e+01	5.8561581e+01	5.8561590e+01	5.8561571e+01	5.8561591e+01	5.8561567e+01	5.8583785e+01	5.8561603e+01	5.8561579e+01	2.4170239e-06	5.8561582e+01	5.8561566e+01	5.8561578e+01	5.8561600e+01	5.8561569e+01
5.8561583e+01	5.8561588e+01	5.8561687e+01	5.8561592e+01	5.8561583e+01	1.5325471e-06	5.8569208e+01	5.8561576e+01	5.8561590e+01	5.8561592e+01	5.8561571e+01	5.8561581e+01	5.8561590e+01	5.8561571e+01	5.8561591e+01	5.8561567e+01	5.8583785e+01	5.8561603e+01	5.8561579e+01	2.4170239e-06	5.8561582e+01	5.8561566e+01	5.8561578e+01	5.8561600e+01	5.8561569e+01
5.8561583e+01	5.8561588e+01	5.8561687e+01	5.8561592e+01	5.8561583e+01	1.5325471e-06	5.8569208e+01	5.8561576e+01	5.8561590e+01	5.8561592e+01	5.8561571e+01	5.8561581e+01	5.8561590e+01	5.8561571e+01	5.8561591e+01	5.8561567e+01	5.8583785e+01	5.8561603e+01	5.8561579e+01	2.4170239e-06	5.8561582e+01	5.8561566e+01	5.8561578e+01	5.8561600e+01	5.8561569e+01
5.8561583e+01	5.8561588e+01	5.8561687e+01	5.8561592e+01	5.8561583e+01	1.5325471e-06	5.8569208e+01	5.8561576e+01	5.8561590e+01	5.8561592e+01	5.8561571e+01	5.8561581e+01	5.8561590e+01	5.8561571e+01	5.8561591e+01	5.8561567e+01	5.8583785e+01	5.8561603e+01	5.8561579e+01	2.4170239e-06	5.8561582e+01	5.8561566e+01	5.8561578e+01	5.8561600e+01	5.8561569e+01
5.8561583e+01	5.8561588e+01	5.8561687e+01	5.8561592e+01	5.8561583e+01	1.5325471e-06	5.8569208e+01	5.8561576e+01	5.8561590e+01	5.8561592e+01	5.8561571e+01	5.8561581e+01	5.8561590e+01	5.8561571e+01	5.8561591e+01	5.8561567e+01	5.8583785e+01	5.8561603e+01	5.8561579e+01	2.4170239e-06	5.8561582e+01	5.8561566e+01	5.8561578e+01	5.8561600e+01	5.8561569e+01
5.8561583e+01	5.8561588e+01	5.8561687e+01	5.8561592e+01	5.8561583e+01	1.5325471e-06	5.8569208e+01	5.8561576e+01	5.8561590e+01	5.8561592e+01	5.8561571e+01	5.8561581e+01	5.8561590e+01	5.8561571e+01	5.8561591e+01	5.8561567e+01	5.8583785e+01	5.8561603e+01	5.8561579e+01	2.4170239e-06	5.8561582e+01	5.8561566e+01	5.8561578e+01	5.8561600e+01	5.8561569e+01
5.8561583e+01	5.8561588e+01	5.8561687e+01	5.8561592e+01	5.8561583e+01	1.5325471e-06	5.8569208e+01	5.8561576e+01	5.8561590e+01	5.8561592e+01	5.8561571e+01	5.8561581e+01	5.8561590e+01	5.8561571e+01	5.8561591e+01	5.8561567e+01	5.8583785e+01	5.8561603e+01	5.8561579e+01	2.4170239e-06	5.8561582e+01	5.8561566e+01	5.8561578e+01	5.8561600e+01	5.8561569e+01
5.8561583e+01	5.8561588e+01	5.8561687e+01	5.8561592e+01	5.8561583e+01	1.5325471e-06	5.8569208e+01	5.8561576e+01	5.8561590e+01	5.8561592e+01	5.8561571e+01	5.8561581e+01	5.8561590e+01	5.8561571e+01	5.8561591e+01	5.8561567e+01	5.8583785e+01	5.8561603e+01	5.8561579e+01	2.4170239e-06	5.8561582e+01	5.8561566e+01	5.8561578e+01	5.8561600e+01	5.8561569e+01
5.8561583e+01	5.8561588e+01	5.8561687e+01	5.8561592e+01	5.8561583e+01	1.5325471e-06	5.8569208e+01	5.8561576e+01	5.8561590e+01	5.8561592e+01	5.8561571e+01	5.8561581e+01	5.8561590e+01	5.8561571e+01	5.8561591e+01	5.8561567e+01	5.8583785e+01	5.8561603e+01	5.8561579e+01	2.4170239e-06	5.8561582e+01	5.8561566e+01	5.8561578e+01	5.8561600e+01	5.8561569e+01
5.8561583e+01	5.8561588e+01	5.8561687e+01	5.8561592e+01	5.8561583e+01	1.5325471e-06	5.8569208e+01	5.8561576e+01	5.8561590e+01	5.8561592e+01	5.8561571e+01	5.8561581e+01	5.8561590e+01	5.8561571e+01	5.8561591e+01	5.8561567e+01	5.8583785e+01	5.8561603e+01	5.8561579e+01	2.4170239e-06	5.8561582e+01	5.8561566e+01	5.8561578e+01	5.8561600e+01	5.8561569e+01
5.8561583e+01	5.8561588e+01	5.8561687e+01	5.8561592e+01	5.8561583e+01	1.5325471e-06	5.8569208e+01	5.8561576e+01	5.8561590e+01	5.8561592e+01	5.8561571e+01	5.8561581e+01	5.8561590e+01	5.8561571e+01	5.8561591e+01	5.8561567e+01	5.8583785e+01	5.8561603e+01	5.8561579e+01	2.4170239e-06	5.8561582e+01	5.8561566e+01	5.8561578e+01	5.8561600e+01	5.8561569e+01
5.8561583e+01	5.8561588e+01	5.8561687e+01	5.8561592e+01	5.8561583e+01	1.5325471e-06	5.8569208e+01	5.8561576e+01	5.8561590e+01	5.8561592e+01	5.8561571e+01	5.8561581e+01	5.8561590e+01	5.8561571e+01	5.8561591e+01	5.8561567e+01	5.8583785e+01	5.8561603e+01	5.8561579e+01	2.4170239e-06	5.8561582e+01	5.8561566e+01	5.8561578e+01	5.8561600e+01	5.8561569e+01
5.8561583e+01	5.8561588e+01	5.8561687e+01	5.8561592e+01	5.8561583e+01	1.5325471e-06	5.8569208e+01	5.8561576e+01	5.8561590e+01	5.8561592e+01	5.8561571e+01	5.8561581e+01	5.8561590e+01	5.8561571e+01	5.8561591e+01	5.8561567e+01	5.8583785e+01	5.8561603e+01	5.8561579e+01	2.4170239e-06	5.8561582e+01	5.8561566e+01	5.8561578e+01	5.8561600e+01	5.8561569e+01
5.8561583e+01	5.8561588e+01	5.8561687e+01	5.8561592e+01	5.8561583e+01	1.5325471e-06	5.8569208e+01	5.8561576e+01	5.8561590e+01	5.8561592e+01	5.8561571e+01	5.8561581e+01	5.8561590e+01	5.8561571e+01	5.8561591e+01	5.8561567e+01	5.8583785e+01	5.8561603e+01	5.8561579e+01	2.4170239e-06	5.8561582e+01	5.8561566e+01	5.8561578e+01	5.8561600e+01	5.8561569e+01
5.8561583e+01	5.8561588e+01	5.8561687e+01	5.8561592e+01	5.8561583e+01	1.5325471e-06	5.8569208e+01	5.8561576e+01	5.8561590e+01	5.8561592e+01	5.8561571e+01	5.8561581e+01	5.8561590e+01	5.8561571e+01	5.8561591e+01	5.8561567e+01	5.8583785e+01	5.8561603e+01	5.8561579e+01	2.4170239e-06	5.8561582e+01	5.8561566e+01	5.8561578e+01	5.8561600e+01	5.8561569e+01
5.8561583e+01	5.8561588e+01	5.8561687e+01	5.8561592e+01	5.8561583e+01	1.5325471e-06	5.8569208e+01	5.8561576e+01	5.8561590e+01	5.8561592e+01	5.8561571e+01	5.8561581e+01	5.8561590e+01	5.8561571e+01	5.8561591e+01	5.8561567e+01	5.8583785e+01	5.8561603e+01	5.8561579e+01	2.4170239e-06	5.8561582e+01	5.8561566e+01	5.8561578e+01	5.8561600e+01	5.8561569e+01
5.8561583e+01	5.8561588e+01	5.8561687e+01	5.8561592e+01	5.8561583e+01	1.5325471e-06	5.8569208e+01	5.8561576e+01	5.8561590e+01	5.8561592e+01	5.8561571e+01	5.8561581e+01	5.8561590e+01	5.8561571e+01	5.8561591e+01	5.8561567e+01	5.8583785e+01	5.8561603e+01	5.8561579e+01	2.4170239e-06	5.8561582e+01	5.8561566e+01	5.8561578e+01	5.8561600e+01	5.8561569e+01
5.8561583e+01	5.8561588e+01	5.8561687e+01	5.8561592e+01	5.8561583e+01	1.5325471e-06	5.8569208e+01	5.8561576e+01	5.8561590e+01	5.8561592e+01	5.8561571e+01	5.8561581e+01	5.8561590e+01	5.8561571e+01	5.8561591e+01	5.8561567e+01	5.8583785e+01	5.8561603e+01	5.8561579e+01	2.4170239e-06	5.8561582e+01	5.8561566e+01	5.8561578e+01	5.8561600e+01	5.8561569e+01
5.8561583e+01	5.8561588e+01	5.8561687e+01	5.8561592e+01	5.8561583e+01	1.5325471e-06	5.8569208e+01	5.8561576e+01	5.8561590e+01	5.8561592e+01	5.8561571e+01	5.8561581e+01	5.8561590e+01	5.8561571e+01	5.8561591e+01	5.8561567e+01	5.8583785e+01	5.8561603e+01	5.8561579e+01	2.4170239e-06	5.8561582e+01	5.8561566e+01	5.8561578e+01	5.8561600e+01	5.8561569e+01
5.8561583e+01	5.8561588e+01	5.8561687e+01	5.8561592e+01	5.8561583e+01	1.5325471e-06	5.8569208e+01	5.8561576e+01	5.8561590e+01	5.8561592e+01	5.8561571e+01	5.8561581e+01	5.8561590e+01	5.8561571e+01	5.8561591e+01	5.8561567e+01	5.8583785e+01	5.8561603e+01	5.8561579e+01	2.4170239e-06	5.8561582e+01	5.8561566e+01	5.8561578e+01	5.8561600e+01	5.8561569e+01
5.8561583e+01	5.8561588e+01	5.8561687e+01	5.8561592e+01	5.8561583e+01	1.5325471e-06	5.8569208e+01	5.8561576e+01	5.8561590e+01	5.8561592e+01	5.8561571e+01	5.8561581e+01	5.8561590e+01	5.8561571e+01	5.8561591e+01	5.8561567e+01	5.8583785e+01	5.8561603e+01	5.8561579e+01	2.4170239e-06	5.8561582e+01	5.8561566e+01	5.8561578e+01	5.8561600e+01	5.8561569e+01
5.8561583e+01	5.8561588e+01	5.8561687e+01	5.8561592e+01	5.8561583e+01	1.5325471e-06	5.8569208e+01	5.8561576e+01	5.8561590e+01	5.8561592e+01	5.8561571e+01	5.8561581e+01	5.8561590e+01	5.8561571e+01	5.8561591e+01	5.8561567e+01	5.8583785e+01	5.8561603e+01	5.8561579e+01	2.4170239e-06	5.8561582e+01	5.8561566e+01	5.8561578e+01	5.8561600e+01	5.8561569e+01
5.8561583e+01	5.8561588e+01	5.8561687e+01	5.8561592e+01	5.8561583e+01	1.5325471e-06	5.8569208e+01	5.8561576e+01	5.8561590e+01	5.8561592e+01	5.8561571e+01	5.8561581e+01	5.8561590e+01	5.8561571e+01	5.8561591e+01	5.8561567e+01	5.8583785e+01	5.8561603e+01	5.8561579e+01	2.4170239e-06	5.8561582e+01	5.8561566e+01	5.8561578e+01	5.8561600e+01	5.8561569e+01
5.8561583e+01	5.8561588e+01	5.8561687e+01	5.8561592e+01	5.8561583e+01	1.5325471e-06	5.8569208e+01	5.8561576e+01	5.8561590e+01	5.8561592e+01	5.8561571e+01	5.8561581e+01	5.8561590e+01	5.8561571e+01	5.8561591e+01	5.8561567e+01	5.8583785e+01	5.8561603e+01	5.8561579e+01	2.4170239e-06	5.8561582e+01	5.8561566e+01	5.8561578e+01	5.8561600e+01	5.8561569e+01
5.8561583e+01	5.8561588e+01	5.8561687e+01	5.8561592e+01	5.8561583e+01	1.5325471e-06	5.8569208e+01	5.8561576e+01	5.8561590e+01	5.8561592e+01	5.8561571e+01	5.8561581e+01	5.8561590e+01	5.8561571e+01	5.8561591e+01	5.8561567e+01	5.8583785e+01	5.8561603e+01	5.8561579e+01	2.4170239e-06	5.8561582e+01	5.8561566e+01	5.8561578e+01	5.8561600e+01	5.8561569e+01
5.8561583e+01	5.8561588e+01	5.8561687e+01	5.8561592e+01	5.8561583e+01	1.5325471e-06	5.8569208e+01	5.8561576e+01	5.8561590e+01	5.8561592e+01	5.8561571e+01	5.8561581e+01	5.8561590e+01	5.8561571e+01	5.8561591e+01	5.8561567e+01	5.8583785e+01	5.8561603e+01	5.8561579e+01	2.4170239e-06	5.8561582e+01	5.8561566e+01	5.8561578e+01	5.8561600e+01	5.8561569e+01
5.8561583e+01	5.8561588e+01	5.8561687e+01	5.8561592e+01	5.8561583e+01	1.5325471e-06	5.8569208e+01	5.8561576e+01	5.8561590e+01	5.8561592e+01	5.8561571e+01	5.8561581e+01	5.8561590e+01	5.8561571e+01	5.8561591e+01	5.8561567e+01	5.8583785e+01	5.8561603e+01	5.8561579e+01	2.4170239e-06	5.8561582e+01	5.8561566e+01	5.8561578e+01	5.8561600e+01	5.8561569e+01
5.8561583e+01	5.8561588e+01	5.8561687e+01	5.8561592e+01	5.8561583e+01	1.5325471e-06	5.8569208e+01	5.8561576e+01	5.8561590e+01	5.8561592e+01	5.8561571e+01	5.8561581e+01	5.8561590e+01	5.8561571e+01	5.8561591e+01	5.8561567e+01	5.8583785e+01	5.8561603e+01	5.8561579e+01	2.4170239e-06	5.8561582e+01	5.8561566e+01	5.8561578e+01	5.8561600e+01	5.8561569e+01
5.8561583e+01	5.8561588e+01	5.8561687e+01	5.8561592e+01	5.8561583e+01	1.5325471e-06	5.8569208e+01	5.8561576e+01	5.8561590e+01	5.8561592e+01	5.8561571e+01	5.8561581e+01	5.8561590e+01	5.8561571e+01	5.8561591e+01	5.8561567e+01	5.8583785e+01	5.8561603e+01	5.8561579e+01	2.4170239e-06	5.8561582e+01	5.8561566e+01	5.8561578e+01	5.8561600e+01	5.8561569e+01
5.8561583e+01	5.8561588e+01	5.8561687e+01	5.8561592e+01	5.8561583e+01	1.5325471e-06	5.8569208e+01	5.8561576e+01	5.8561590e+01	5.8561592e+01	5.8561571e+01	5.8561581e+01	5.8561590e+01	5.8561571e+01	5.8561591e+01	5.8561567e+01	5.8583785e+01	5.8561603e+01	5.8561579e+01	2.4170239e-06	5.8561582e+01	5.8561566e+01	5.8561578e+01	5.8561600e+01	5.8561569e+01
5.8561583e+01	5.8561588e+01	5.8561687e+01	5.8561592e+01	5.8561583e+01	1.5325471e-06	5.8569208e+01	5.8561576e+01	5.8561590e+01	5.8561592e+01	5.8561571e+01	5.8561581e+01	5.8561590e+01	5.8561571e+01	5.8561591e+01	5.8561567e+01	5.8583785e+01	5.8561603e+01	5.8561579e+01	2.4170239e-06	5.8561582e+01	5.8561566e+01	5.8561578e+01	5.8561600e+01	5.8561569e+01
5.8561583e+01	5.8561588e+01	5.8561687e+01	5.8561592e+01	5.8561583e+01	1.5325471e-06	5.8569208e+01	5.8561576e+01	5.8561590e+01	5.8561592e+01	5.8561571e+01	5.8561581e+01	5.8561590e+01	5.8561571e+01	5.8561591e+01	5.8561567e+01	5.8583785e+01	5.8561603e+01	5.8561579e+01	2.4170239e-06	5.8561582e+01	5.8561566e+01	5.8561578e+01	5.8561600e+01	5.8561569e+01
5.8561583e+01	5.8561588e+01	5.8561687e+01	5.8561592e+01	5.8561583e+01	1.5325471e-06	5.8569208e+01	5.8561576e+01	5.8561590e+01	5.8561592e+01	5.8561571e+01	5.8561581e+01	5.8561590e+01	5.8561571e+01	5.8561591e+01	5.8561567e+01	5.8583785e+01	5.8561603e+01	5.8561579e+01	2.4170239e-06	5.8561582e+01	5.8561566e+01	5.8561578e+01	5.8561600e+01	5.8561569e+01
5.8561583e+01	5.8561588e+01	5.8561687e+01	5.8561592e+01	5.8561583e+01	1.5325471e-06	5.8569208e+01	5.8561576e+01	5.8561590e+01	5.8561592e+01	5.8561571e+01	5.8561581e+01	5.8561590e+01	5.8561571e+01	5.8561591e+01	5.8561567e+01	5.8583785e+01	5.8561603e+01	5.8561579e+01	2.4170239e-06	5.8561582e+01	5.8561566e+01	5.8561578e+01	5.8561600e+01	5.8561569e+01
5.8561583e+01	5.8561588e+01	5.8561687e+01	5.8561592e+01	5.8561583e+01	1.5325471e-06	5.8569208e+01	5.8561576e+01	5.8561590e+01	5.8561592e+01	5.8561571e+01	5.8561581e+01	5.8561590e+01	5.8561571e+01	5.8561591e+01	5.8561567e+01	5.8583785e+01	5.8561603e+01	5.8561579e+01	2.4170239e-06	5.8561582e+01	5.8561566e+01	5.8561578e+01	5.8561600e+01	5.8561569e+01
5.8561583e+01	5.8561588e+01	5.8561687e+01	5.8561592e+01	5.8561583e+01	1.5325471e-06	5.8569208e+01	5.8561576e+01	5.8561590e+01	5.8561592e+01	5.8561571e+01	5.8561581e+01	5.8561590e+01	5.8561571e+01	5.8561591e+01	5.8561567e+01	5.8583785e+01	5.8561603e+01	5.8561579e+01	2.4170239e-06	5.8561582e+01	5.8561566e+01	5.8561578e+01	5.8561600e+01	5.8561569e+01
5.8561583e+01	5.8561588e+01	5.8561687e+01	5.8561592e+01	5.8561583e+01	1.5325471e-06	5.8569208e+01	5.8561576e+01	5.8561590e+01	5.8561592e+01	5.8561571e+01	5.8561581e+01	5.8561590e+01	5.8561571e+01	5.8561591e+01	5.8561567e+01	5.8583785e+01	5.8561603e+01	5.8561579e+01	2.4170239e-06	5.8561582e+01	5.8561566e+01	5.8561578e+01	5.8561600e+01	5.8561569e+01
5.8561583e+01	5.8561588e+01	5.8561687e+01	5.8561592e+01	5.8561583e+01	1.5325471e-06	5.8569208e+01	5.8561576e+01	5.8561590e+01	5.8561592e+01	5.8561571e+01	5.8561581e+01	5.8561590e+01	5.8561571e+01	5.8561591e+01	5.8561567e+01	5.8583785e+01	5.8561603e+01	5.8561579e+01	2.4170239e-06	5.8561582e+01	5.8561566e+01	5.8561578e+01	5.8561600e+01	5.8561569e+01
5.8561583e+01	5.8561588e+01	5.8561687e+01	5.8561592e+01	5.8561583e+01	1.5325471e-06	5.8569208e+01	5.8561576e+01	5.8561590e+01	5.8561592e+01	5.8561571e+01	5.8561581e+01	5.8561590e+01	5.8561571e+01	5.8561591e+01	5.8561567e+01	5.8583785e+01	5.8561603e+01	5.8561579e+01	2.4170239e-06	5.8561582e+01	5.8561566e+01	5.8561578e+01	5.8561600e+01	5.8561569e+01
5.8561583e+01	5.8561588e+01	5.8561687e+01	5.8561592e+01	5.8561583e+01	1.5325471e-06	5.8569208e+01	5.8561576e+01	5.8561590e+01	5.8561592e+01	5.8561571e+01	5.8561581e+01	5.8561590e+01	5.8561571e+01	5.8561591e+01	5.8561567e+01	5.8583785e+01	5.8561603e+01	5.8561579e+01	2.4170239e-06	5.8561582e+01	5.8561566e+01	5.8561578e+01	5.8561600e+01	5.8561569e+01
5.8561583e+01	5.8561588e+01	5.8561687e+01	5.8561592e+01	5.8561583e+01	1.5325471e-06	5.8569208e+01	5.8561576e+01	5.8561590e+01	5.8561592e+01	5.8561571e+01	5.8561581e+01	5.8561590e+01	5.8561571e+01	5.8561591e+01	5.8561567e+01	5.8583785e+01	5.8561603e+01	5.8561579e+01	2.4170239e-06	5.8561582e+01	5.8561566e+01	5.8561578e+01	5.8561600e+01	5.8561569e+01
5.8561583e+01	5.8561588e+01	5.8561687e+01	5.8561592e+01	5.8561583e+01	1.5325471e-06	5.8569208e+01	5.8561576e+01	5.8561590e+01	5.8561592e+01	5.8561571e+01	5.8561581e+01	5.8561590e+01	5.8561571e+01	5.8561591e+01	5.8561567e+01	5.8583785e+01	5.8561603e+01	5.8561579e+01	2.4170239e-06	5.8561582e+01	5.8561566e+01	5.8561578e+01	5.8561600e+01	5.8561569e+01
5.8561583e+01	5.8561588e+01	5.8561687e+01	5.8561592e+01	5.8561583e+01	1.5325471e-06	5.8569208e+01	5.8561576e+01	5.8561590e+01	5.8561592e+01	5.8561571e+01	5.8561581e+01	5.8561590e+01	5.8561571e+01	5.8561591e+01	5.8561567e+01	5.8583785e+01	5.8561603e+01	5.8561579e+01	2.4170239e-06	5.8561582e+01	5.8561566e+01	5.8561578e+01	5.8561600e+01	5.8561569e+01
5.8561583e+01	5.8561588e+01	5.8561687e+01	5.8561592e+01	5.8561583e+01	1.5325471e-06	5.8569208e+01	5.8561576e+01	5.8561590e+01	5.8561592e+01	5.8561571e+01	5.8561581e+01	5.8561590e+01	5.8561571e+01	5.8561591e+01	5.8561567e+01	5.8583785e+01	5.8561603e+01	5.8561579e+01	2.4170239e-06	5.8561582e+01	5.8561566e+01	5.8561578e+01	5.8561600e+01	5.8561569e+01
5.8561583e+01	5.8561588e+01	5.8561687e+01	5.8561592e+01	5.8561583e+01	1.5325471e-06	5.8569208e+01	5.8561576e+01	5.8561590e+01	5.8561592e+01	5.8561571e+01	5.8561581e+01	5.8561590e+01	5.8561571e+01	5.8561591e+01	5.8561567e+01	5.8583785e+01	5.8561603e+01	5.8561579e+01	2.4170239e-06	5.8561582e+01	5.8561566e+01	5.8561578e+01	5.8561600e+01	5.8561569e+01
5.8561583e+01	5.8561588e+01	5.8561687e+01	5.8561592e+01	5.8561583e+01	1.5325471e-06	5.8569208e+01	5.8561576e+01	5.8561590e+01	5.8561592e+01	5.8561571e+01	5.8561581e+01	5.8561590e+01	5.8561571e+01	5.8561591e+01	5.8561567e+01	5.8583785e+01	5.8561603e+01	5.8561579e+01	2.4170239e-06	5.8561582e+01	5.8561566e+01	5.8561578e+01	5.8561600e+01	5.8561569e+01
5.8561583e+01	5.8561588e+01	5.8561687e+01	5.8561592e+01	5.8561583e+01	1.5325471e-06	5.8569208e+01	5.8561576e+01	5.8561590e+01	5.8561592e+01	5.8561571e+01	5.8561581e+01	5.8561590e+01	5.8561571e+01	5.8561591e+01	5.8561567e+01	5.8583785e+01	5.8561603e+01	5.8561579e+01	2.4170239e-06	5.8561582e+01	5.8561566e+01	5.8561578e+01	5.8561600e+01	5.8561569e+01
5.8561583e+01	5.8561588e+01	5.8561687e+01	5.8561592e+01	5.8561583e+01	1.5325471e-06	5.8569208e+01	5.8561576e+01	5.8561590e+01	5.8561592e+01	5.8561571e+01	5.8561581e+01	5.8561590e+01	5.8561571e+01	5.8561591e+01	5.8561567e+01	5.8583785e+01	5.8561603e+01	5.8561579e+01	2.4170239e-06	5.8561582e+01	5.8561566e+01	5.8561578e+01	5.8561600e+01	5.8561569e+01
5.8561583e+01	5.8561588e+01	5.8561687e+01	5.8561592e+01	5.8561583e+01	1.5325471e-06	5.8569208e+01	5.8561576e+01	5.8561590e+01	5.8561592e+01	5.8561571e+01	5.8561581e+01	5.8561590e+01	5.8561571e+01	5.8561591e+01	5.8561567e+01	5.8583785e+01	5.8561603e+01	5.8561579e+01	2.4170239e-06	5.8561582e+01	5.8561566e+01	5.8561578e+01	5.8561600e+01	5.8561569e+01
5.8561583e+01	5.8561588e+01	5.8561687e+01	5.8561592e+01	5.8561583e+01	1.5325471e-06	5.8569208e+01	5.8561576e+01	5.8561590e+01	5.8561592e+01	5.8561571e+01	5.8561581e+01	5.8561590e+01	5.8561571e+01	5.8561591e+01	5.8561567e+01	5.8583785e+01	5.8561603e+01	5.8561579e+01	2.4170239e-06	5.8561582e+01	5.8561566e+01	5.8561578e+01	5.8561600e+01	5.8561569e+01
5.8561583e+01	5.8561588e+01	5.8561687e+01	5.8561592e+01	5.8561583e+01	1.5325471e-06	5.8569208e+01	5.8561576e+01	5.8561590e+01	5.8561592e+01	5.8561571e+01	5.8561581e+01	5.8561590e+01	5.8561571e+01	5.8561591e+01	5.8561567e+01	5.8583785e+01	5.8561603e+01	5.8561579e+01	2.4170239e-06	5.8561582e+01	5.8561566e+01	5.8561578e+01	5.8561600e+01	5.8561569e+01
5.8561583e+01	5.8561588e+01	5.8561687e+01	5.8561592e+01	5.8561583e+01	1.5325471e-06	5.8569208e+01	5.8561576e+01	5.8561590e+01	5.8561592e+01	5.8561571e+01	5.8561581e+01	5.8561590e+01	5.8561571e+01	5.8561591e+01	5.8561567e+01	5.8583785e+01	5.8561603e+01	5.8561579e+01	2.4170239e-06	5.8561582e+01	5.8561566e+01	5.8561578e+01	5.8561600e+01	5.8561569e+01
5.8561583e+01	5.8561588e+01	5.8561687e+01	5.8561592e+01	5.8561583e+01	1.5325471e-06	5.8569208e+01	5.8561576e+01	5.8561590e+01	5.8561592e+01	5.8561571e+01	5.8561581e+01	5.8561590e+01	5.8561571e+01	5.8561591e+01	5.8561567e+01	5.8583785e+01	5.8561603e+01	5.8561579e+01	2.4170239e-06	5.8561582e+01	5.8561566e+01	5.8561578e+01	5.8561600e+01	5.8561569e+01
5.8561583e+01	5.8561588e+01	5.8561687e+01	5.8561592e+01	5.8561583e+01	1.5325471e-06	5.8569208e+01	5.8561576e+01	5.8561590e+01	5.8561592e+01	5.8561571e+01	5.8561581e+01	5.8561590e+01	5.8561571e+01	5.8561591e+01	5.8561567e+01	5.8583785e+01	5.8561603e+01	5.8561579e+01	2.4170239e-06	5.8561582e+01	5.8561566e+01	5.8561578e+01	5.8561600e+01	5.8561569e+01
5.8561583e+01	5.8561588e+01	5.8561687e+01	5.8561592e+01	5.8561583e+01	1.5325471e-06	5.8569208e+01	5.8561576e+01	5.8561590e+01	5.8561592e+01	5.8561571e+01	5.8561581e+01	5.8561590e+01	5.8561571e+01	5.8561591e+01	5.8561567e+01	5.8583785e+01	5.8561603e+01	5.8561579e+01	2.4170239e-06	5.8561582e+01	5.8561566e+01	5.8561578e+01	5.8561600e+01	5.8561569e+01
5.8561583e+01	5.8561588e+01	5.8561687e+01	5.8561592e+01	5.8561583e+01	1.5325471e-06	5.8569208e+01	5.8561576e+01	5.8561590e+01	5.8561592e+01	5.8561571e+01	5.8561581e+01	5.8561590e+01	5.8561571e+01	5.8561591e+01	5.8561567e+01	5.8583785e+01	5.8561603e+01	5.8561579e+01	2.4170239e-06	5.8561582e+01	5.8561566e+01	5.8561578e+01	5.8561600e+01	5.8561569e+01
5.8561583e+01	5.8561588e+01	5.8561687e+01	5.8561592e+01	5.8561583e+01	1.5325471e-06	5.8569208e+01	5.8561576e+01	5.8561590e+01	5.8561592e+01	5.8561571e+01	5.8561581e+01	5.8561590e+01	5.8561571e+01	5.8561591e+01	5.8561567e+01	5.8583785e+01	5.8561603e+01	5.8561579e+01	2.4170239e-06	5.8561582e+01	5.8561566e+01	5.8561578e+01	5.8561600e+01	5.8561569e+01
5.8561583e+01	5.8561588e+01	5.8561687e+01	5.8561592e+01	5.8561583e+01	1.5325471e-06	5.8569208e+01	5.8561576e+01	5.8561590e+01	5.8561592e+01	5.8561571e+01	5.8561581e+01	5.8561590e+01	5.8561571e+01	5.8561591e+01	5.8561567e+01	5.8583785e+01	5.8561603e+01	5.8561579e+01	2.4170239e-06	5.8561582e+01	5.8561566e+01	5.8561578e+01	5.8561600e+01	5.8561569e+01
5.8561583e+01	5.8561588e+01	5.8561687e+01	5.8561592e+01	5.8561583e+01	1.5325471e-06	5.8569208e+01	5.8561576e+01	5.8561590e+01	5.8561592e+01	5.8561571e+01	5.8561581e+01	5.8561590e+01	5.8561571e+01	5.8561591e+01	5.8561567e+01	5.8583785e+01	5.8561603e+01	5.8561579e+01	2.4170239e-06	5.8561582e+01	5.8561566e+01	5.8561578e+01	5.8561600e+01	5.8561569e+01
5.8561583e+01	5.8561588e+01	5.8561687e+01	5.8561592e+01	5.8561583e+01	1.5325471e-06	5.8569208e+01	5.8561576e+01	5.8561590e+01	5.8561592e+01	5.8561571e+01	5.8561581e+01	5.8561590e+01	5.8561571e+01	5.8561591e+01	5.8561567e+01	5.8583785e+01	5.8561603e+01	5.8561579e+01	2.4170239e-06	5.8561582e+01	5.8561566e+01	5.8561578e+01	5.8561600e+01	5.8561569e+01
5.8561583e+01	5.8561588e+01	5.8561687e+01	5.8561592e+01	5.8561583e+01	1.5325471e-06	5.8569208e+01	5.8561576e+01	5.8561590e+01	5.8561592e+01	5.8561571e+01	5.8561581e+01	5.8561590e+01	5.8561571e+01	5.8561591e+01	5.8561567e+01	5.8583785e+01	5.8561603e+01	5.8561579e+01	2.4170239e-06	5.8561582e+01	5.8561566e+01	5.8561578e+01	5.8561600e+01	5.8561569e+01
5.8561583e+01	5.8561588e+01	5.8561687e+01	5.8561592e+01	5.8561583e+01	1.5325471e-06	5.8569208e+01	5.8561576e+01	5.8561590e+01	5.8561592e+01	5.8561571e+01	5.8561581e+01	5.8561590e+01	5.8561571e+01	5.8561591e+01	5.8561567e+01	5.8583785e+01	5.8561603e+01	5.8561579e+01	2.4170239e-06	5.8561582e+01	5.8561566e+01	5.8561578e+01	5.8561600e+01	5.8561569e+01
5.8561583e+01	5.8561588e+01	5.8561687e+01	5.8561592e+01	5.8561583e+01	1.5325471e-06	5.8569208e+01	5.8561576e+01	5.8561590e+01	5.8561592e+01	5.8561571e+01	5.8561581e+01	5.8561590e+01	5.8561571e+01	5.8561591e+01	5.8561567e+01	5.8583785e+01	5.8561603e+01	5.8561579e+01	2.4170239e-06	5.8561582e+01	5.8561566e+01	5.8561578e+01	5.8561600e+01	5.8561569e+01
5.8561583e+01	5.8561588e+01	5.8561687e+01	5.8561592e+01	5.8561583e+01	1.5325471e-06	5.8569208e+01	5.8561576e+01	5.8561590e+01	5.8561592e+01	5.8561571e+01	5.8561581e+01	5.8561590e+01	5.8561571e+01	5.8561591e+01	5.8561567e+01	5.8583785e+01	5.8561603e+01	5.8561579e+01	2.4170239e-06	5.8561582e+01	5.8561566e+01	5.8561578e+01	5.8561600e+01	5.8561569e+01
5.8561583e+01	5.8561588e+01	5.8561687e+01	5.8561592e+01	5.8561583e+01	1.5325471e-06	5.8569208e+01	5.8561576e+01	5.8561590e+01	5.8561592e+01	5.8561571e+01	5.8561581e+01	5.8561590e+01	5.8561571e+01	5.8561591e+01	5.8561567e+01	5.8583785e+01	5.8561603e+01	5.8561579e+01	2.4170239e-06	5.8561582e+01	5.8561566e+01	5.8561578e+01	5.8561600e+01	5.8561569e+01
5.8561583e+01	5.8561588e+01	5.8561687e+01	5.8561592e+01	5.8561583e+01	1.5325471e-06	5.8569208e+01	5.8561576e+01	5.8561590e+01	5.8561592e+01	5.8561571e+01	5.8561581e+01	5.8561590e+01	5.8561571e+01	5.8561591e+01	5.8561567e+01	5.8583785e+01	5.8561603e+01	5.8561579e+01	2.4170239e-06	5.8561582e+01	5.8561566e+01	5.8561578e+01	5.8561600e+01	5.8561569e+01
5.8561583e+01	5.8561588e+01	5.8561687e+01	5.8561592e+01	5.8561583e+01	1.5325471e-06	5.8569208e+01	5.8561576e+01	5.8561590e+01	5.8561592e+01	5.8561571e+01	5.8561581e+01	5.8561590e+01	5.8561571e+01	5.8561591e+01	5.8561567e+01	5.8583785e+01	5.8561603e+01	5.8561579e+01	2.4170239e-06	5.8561582e+01	5.8561566e+01	5.8561578e+01	5.8561600e+01	5.8561569e+01
5.8561583e+01	5.8561588e+01	5.8561687e+01	5.8561592e+01	5.8561583e+01	1.5325471e-06	5.8569208e+01	5.8561576e+01	5.8561590e+01	5.8561592e+01	5.8561571e+01	5.8561581e+01	5.8561590e+01	5.8561571e+01	5.8561591e+01	5.8561567e+01	5.8583785e+01	5.8561603e+01	5.8561579e+01	2.4170239e-06	5.8561582e+01	5.8561566e+01	5.8561578e+01	5.8561600e+01	5.8561569e+01
5.8561583e+01	5.8561588e+01	5.8561687e+01	5.8561592e+01	5.8561583e+01	1.5325471e-06	5.8569208e+01	5.8561576e+01	5.8561590e+01	5.8561592e+01	5.8561571e+01	5.8561581e+01	5.8561590e+01	5.8561571e+01	5.8561591e+01	5.8561567e+01	5.8583785e+01	5.8561603e+01	5.8561579e+01	2.4170239e-06	5.8561582e+01	5.8561566e+01	5.8561578e+01	5.8561600e+01	5.8561569e+01
5.8561583e+01	5.8561588e+01	5.8561687e+01	5.8561592e+01	5.8561583e+01	1.5325471e-06	5.8569208e+01	5.8561576e+01	5.8561590e+01	5.8561592e+01	5.8561571e+01	5.8561581e+01	5.8561590e+01	5.8561571e+01	5.8561591e+01	5.8561567e+01	5.8583785e+01	5.8561603e+01	5.8561579e+01	2.4170239e-06	5.8561582e+01	5.8561566e+01	5.8561578e+01	5.8561600e+01	5.8561569e+01
5.8561583e+01	5.8561588e+01	5.8561687e+01	5.8561592e+01	5.8561583e+01	1.5325471e-06	5.8569208e+01	5.8561576e+01	5.8561590e+01	5.8561592e+01	5.8561571e+01	5.8561581e+01	5.8561590e+01	5.8561571e+01	5.8561591e+01	5.8561567e+01	5.8583785e+01	5.8561603e+01	5.8561579e+01	2.4170239e-06	5.8561582e+01	5.8561566e+01	5.8561578e+01	5.8561600e+01	5.8561569e+01
5.8561583e+01	5.8561588e+01	5.8561687e+01	5.8561592e+01	5.8561583e+01	1.5325471e-06	5.8569208e+01	5.8561576e+01	5.8561590e+01	5.8561592e+01	5.8561571e+01	5.8561581e+01	5.8561590e+01	5.8561571e+01	5.8561591e+01	5.8561567e+01	5.8583785e+01	5.8561603e+01	5.8561579e+01	2.4170239e-06	5.8561582e+01	5.8561566e+01	5.8561578e+01	5.8561600e+01	5.8561569e+01
5.8561583e+01	5.8561588e+01	5.8561687e+01	5.8561592e+01	5.8561583e+01	1.5325471e-06	5.8569208e+01	5.8561576e+01	5.8561590e+01	5.8561592e+01	5.8561571e+01	5.8561581e+01	5.8561590e+01	5.8561571e+01	5.8561591e+01	5.8561567e+01	5.8583785e+01	5.8561603e+01	5.8561579e+01	2.4170239e-06	5.8561582e+01	5.8561566e+01	5.8561578e+01	5.8561600e+01	5.8561569e+01
5.8561583e+01	5.8561588e+01	5.8561687e+01	5.8561592e+01	5.8561583e+01	1.5325471e-06	5.8569208e+01	5.8561576e+01	5.8561590e+01	5.8561592e+01	5.8561571e+01	5.8561581e+01	5.8561590e+01	5.8561571e+01	5.8561591e+01	5.8561567e+01	5.8583785e+01	5.8561603e+01	5.8561579e+01	2.4170239e-06	5.8561582e+01	5.8561566e+01	5.8561578e+01	5.8561600e+01	5.8561569e+01
5.8561583e+01	5.8561588e+01	5.8561687e+01	5.8561592e+01	5.8561583e+01	1.5325471e-06	5.8569208e+01	5.8561576e+01	5.8561590e+01	5.8561592e+01	5.8561571e+01	5.8561581e+01	5.8561590e+01	5.8561571e+01	5.8561591e+01	5.8561567e+01	5.8583785e+01	5.8561603e+01	5.8561579e+01	2.4170239e-06	5.8561582e+01	5.8561566e+01	5.8561578e+01	5.8561600e+01	5.8561569e+01
5.8561583e+01	5.8561588e+01	5.8561687e+01	5.8561592e+01	5.8561583e+01	1.5325471e-06	5.8569208e+01	5.8561576e+01	5.8561590e+01	5.8561592e+01	5.8561571e+01	5.8561581e+01	5.8561590e+01	5.8561571e+01	5.8561591e+01	5.8561567e+01	5.8583785e+01	5.8561603e+01	5.8561579e+01	2.4170239e-06	5.8561582e+01	5.8561566e+01	5.8561578e+01	5.8561600e+01	5.8561569e+01
5.8561583e+01	5.8561588e+01	5.8561687e+01	5.8561592e+01	5.8561583e+01	1.5325471e-06	5.8569208e+01	5.8561576e+01	5.8561590e+01	5.8561592e+01	5.8561571e+01	5.8561581e+01	5.8561590e+01	5.8561571e+01	5.8561591e+01	5.8561567e+01	5.8583785e+01	5.8561603e+01	5.8561579e+01	2.4170239e-06	5.8561582e+01	5.8561566e+01	5.8561578e+01	5.8561600e+01	5.8561569e+01
5.8561583e+01	5.8561588e+01	5.8561687e+01	5.8561592e+01	5.8561583e+01	1.5325471e-06	5.8569208e+01	5.8561576e+01	5.8561590e+01	5.8561592e+01	5.8561571e+01	5.8561581e+01	5.8561590e+01	5.8561571e+01	5.8561591e+01	5.8561567e+01	5.8583785e+01	5.8561603e+01	5.8561579e+01	2.4170239e-06	5.8561582e+01	5.8561566e+01	5.8561578e+01	5.8561600e+01	5.8561569e+01
5.8561583e+01	5.8561588e+01	5.8561687e+01	5.8561592e+01	5.8561583e+01	1.5325471e-06	5.8569208e+01	5.8561576e+01	5.8561590e+01	5.8561592e+01	5.8561571e+01	5.8561581e+01	5.8561590e+01	5.8561571e+01	5.8561591e+01	5.8561567e+01	5.8583785e+01	5.8561603e+01	5.8561579e+01	2.4170239e-06	5.8561582e+01	5.8561566e+01	5.8561578e+01	5.8561600e+01	5.8561569e+01
5.8561583e+01	5.8561588e+01	5.8561687e+01	5.8561592e+01	5.8561583e+01	1.5325471e-06	5.8569208e+01	5.8561576e+01	5.8561590e+01	5.8561592e+01	5.8561571e+01	5.8561581e+01	5.8561590e+01	5.8561571e+01	5.8561591e+01	5.8561567e+01	5.8583785e+01	5.8561603e+01	5.8561579e+01	2.4170239e-06	5.8561582e+01	5.8561566e+01	5.8561578e+01	5.8561600e+01	5.8561569e+01
5.8561583e+01	5.8561588e+01	5.8561687e+01	5.8561592e+01	5.8561583e+01	1.5325471e-06	5.8569208e+01	5.8561576e+01	5.8561590e+01	5.8561592e+01	5.8561571e+01	5.8561581e+01	5.8561590e+01	5.8561571e+01	5.8561591e+01	5.8561567e+01	5.8583785e+01	5.8561603e+01	5.8561579e+01	2.4170239e-06	5.8561582e+01	5.8561566e+01	5.8561578e+01	5.8561600e+01	5.8561569e+01
5.8561583e+01	5.8561588e+01	5.8561687e+01	5.8561592e+01	5.8561583e+01	1.5325471e-06	5.8569208e+01	5.8561576e+01	5.8561590e+01	5.8561592e+01	5.8561571e+01	5.8561581e+01	5.8561590e+01	5.8561571e+01	5.8561591e+01	5.8561567e+01	5.8583785e+01	5.8561603e+01	5.8561579e+01	2.4170239e-06	5.8561582e+01	5.8561566e+01	5.8561578e+01	5.8561600e+01	5.8561569e+01
5.8561583e+01	5.8561588e+01	5.8561687e+01	5.8561592e+01	5.8561583e+01	1.5325471e-06	5.8569208e+01	5.8561576e+01	5.8561590e+01	5.8561592e+01	5.8561571e+01	5.8561581e+01	5.8561590e+01	5.8561571e+01	5.8561591e+01	5.8561567e+01	5.8583785e+01	5.8561603e+01	5.8561579e+01	2.4170239e-06	5.8561582e+01	5.8561566e+01	5.8561578e+01	5.8561600e+01	5.8561569e+01
5.8561583e+01	5.8561588e+01	5.8561687e+01	5.8561592e+01	5.8561583e+01	1.5325471e-06	5.8569208e+01	5.8561576e+01	5.8561590e+01	5.8561592e+01	5.8561571e+01	5.8561581e+01	5.8561590e+01	5.8561571e+01	5.8561591e+01	5.8561567e+01	5.8583785e+01	5.8561603e+01	5.8561579e+01	2.4170239e-06	5.8561582e+01	5.8561566e+01	5.8561578e+01	5.8561600e+01	5.8561569e+01
5.8561583e+01	5.8561588e+01	5.8561687e+01	5.8561592e+01	5.8561583e+01	1.5325471e-06	5.8569208e+01	5.8561576e+01	5.8561590e+01	5.8561592e+01	5.8561571e+01	5.8561581e+01	5.8561590e+01	5.8561571e+01	5.8561591e+01	5.8561567e+01	5.8583785e+01	5.8561603e+01	5.8561579e+01	2.4170239e-06	5.8561582e+01	5.8561566e+01	5.8561578e+01	5.8561600e+01	5.8561569e+01
5.8561583e+01	5.8561588e+01	5.8561687e+01	5.8561592e+01	5.8561583e+01	1.5325471e-06	5.8569208e+01	5.8561576e+01	5.8561590e+01	5.8561592e+01	5.8561571e+01	5.8561581e+01	5.8561590e+01	5.8561571e+01	5.8561591e+01	5.8561567e+01	5.8583785e+01	5.8561603e+01	5.8561579e+01	2.4170239e-06	5.8561582e+01	5.8561566e+01	5.8561578e+01	5.8561600e+01	5.8561569e+01
5.8561583e+01	5.8561588e+01	5.8561687e+01	5.8561592e+01	5.8561583e+01	1.5325471e-06	5.8569208e+01	5.8561576e+01	5.8561590e+01	5.8561592e+01	5.8561571e+01	5.8561581e+01	5.8561590e+01	5.8561571e+01	5.8561591e+01	5.8561567e+01	5.8583785e+01	5.8561603e+01	5.8561579e+01	2.4170239e-06	5.8561582e+01	5.8561566e+01	5.8561578e+01	5.8561600e+01	5.8561569e+01
5.8561583e+01	5.8561588e+01	5.8561687e+01	5.8561592e+01	5.8561583e+01	1.5325471e-06	5.8569208e+01	5.8561576e+01	5.8561590e+01	5.8561592e+01	5.8561571e+01	5.8561581e+01	5.8561590e+01	5.8561571e+01	5.8561591e+01	5.8561567e+01	5.8583785e+01	5.8561603e+01	5.8561579e+01	2.4170239e-06	5.8561582e+01	5.8561566e+01	5.8561578e+01	5.8561600e+01	5.8561569e+01
5.8561583e+01	5.8561588e+01	5.8561687e+01	5.8561592e+01	5.8561583e+01	1.5325471e-06	5.8569208e+01	5.8561576e+01	5.8561590e+01	5.8561592e+01	5.8561571e+01	5.8561581e+01	5.8561590e+01	5.8561571e+01	5.8561591e+01	5.8561567e+01	5.8583785e+01	5.8561603e+01	5.8561579e+01	2.4170239e-06	5.8561582e+01	5.8561566e+01	5.8561578e+01	5.8561600e+01	5.8561569e+01
5.8561583e+01	5.8561588e+01	5.8561687e+01	5.8561592e+01	5.8561583e+01	1.5325471e-06	5.8569208e+01	5.8561576e+01	5.8561590e+01	5.8561592e+01	5.8561571e+01	5.8561581e+01	5.8561590e+01	5.8561571e+01	5.8561591e+01	5.8561567e+01	5.8583785e+01	5.8561603e+01	5.8561579e+01	2.4170239e-06	5.8561582e+01	5.8561566e+01	5.8561578e+01	5.8561600e+01	5.8561569e+01
5.8561583e+01	5.8561588e+01	5.8561687e+01	5.8561592e+01	5.8561583e+01	1.5325471e-06	5.8569208e+01	5.8561576e+01	5.8561590e+01	5.8561592e+01	5.8561571e+01	5.8561581e+01	5.8561590e+01	5.8561571e+01	5.8561591e+01	5.8561567e+01	5.8583785e+01	5.8561603e+01	5.8561579e+01	2.4170239e-06	5.8561582e+01	5.8561566e+01	5.8561578e+01	5.8561600e+01	5.8561569e+01
5.8561583e+01	5.8561588e+01	5.8561687e+01	5.8561592e+01	5.8561583e+01	1.5325471e-06	5.8569208e+01	5.8561576e+01	5.8561590e+01	5.8561592e+01	5.8561571e+01	5.8561581e+01	5.8561590e+01	5.8561571e+01	5.8561591e+01	5.8561567e+01	5.8583785e+01	5.8561603e+01	5.8561579e+01	2.4170239e-06	5.8561582e+01	5.8561566e+01	5.8561578e+01	5.8561600e+01	5.8561569e+01
5.8561583e+01	5.8561588e+01	5.8561687e+01	5.8561592e+01	5.8561583e+01	1.5325471e-06	5.8569208e+01	5.8561576e+01	5.8561590e+01	5.8561592e+01	5.8561571e+01	5.8561581e+01	5.8561590e+01	5.8561571e+01	5.8561591e+01	5.8561567e+01	5.8583785e+01	5.8561603e+01	5.8561579e+01	2.4170239e-06	5.8561582e+01	5.8561566e+01	5.8561578e+01	5.8561600e+01	5.8561569e+01
5.8561583e+01	5.8561588e+01	5.8561687e+01	5.8561592e+01	5.8561583e+01	1.5325471e-06	5.8569208e+01	5.8561576e+01	5.8561590e+01	5.8561592e+01	5.8561571e+01	5.8561581e+01	5.8561590e+01	5.8561571e+01	5.8561591e+01	5.8561567e+01	5.8583785e+01	5.8561603e+01	5.8561579e+01	2.4170239e-06	5.8561582e+01	5.8561566e+01	5.8561578e+01	5.8561600e+01	5.8561569e+01
5.8561583e+01	5.8561588e+01	5.8561687e+01	5.8561592e+01	5.8561583e+01	1.5325471e-06	5.8569208e+01	5.8561576e+01	5.8561590e+01	5.8561592e+01	5.8561571e+01	5.8561581e+01	5.8561590e+01	5.8561571e+01	5.8561591e+01	5.8561567e+01	5.8583785e+01	5.8561603e+01	5.8561579e+01	2.4170239e-06	5.8561582e+01	5.8561566e+01	5.8561578e+01	5.8561600e+01	5.8561569e+01
5.8561583e+01	5.8561588e+01	5.8561687e+01	5.8561592e+01	5.8561583e+01	1.5325471e-06	5.8569208e+01	5.8561576e+01	5.8561590e+01	5.8561592e+01	5.8561571e+01	5.8561581e+01	5.8561590e+01	5.8561571e+01	5.8561591e+01	5.8561567e+01	5.8583785e+01	5.8561603e+01	5.8561579e+01	2.4170239e-06	5.8561582e+01	5.8561566e+01	5.8561578e+01	5.8561600e+01	5.8561569e+01
5.8561583e+01	5.8561588e+01	5.8561687e+01	5.8561592e+01	5.8561583e+01	1.5325471e-06	5.8569208e+01	5.8561576e+01	5.8561590e+01	5.8561592e+01	5.8561571e+01	5.8561581e+01	5.8561590e+01	5.8561571e+01	5.8561591e+01	5.8561567e+01	5.8583785e+01	5.8561603e+01	5.8561579e+01	2.4170239e-06	5.8561582e+01	5.8561566e+01	5.8561578e+01	5.8561600e+01	5.8561569e+01
5.8561583e+01	5.8561588e+01	5.8561687e+01	5.8561592e+01	5.8561583e+01	1.5325471e-06	5.8569208e+01	5.8561576e+01	5.8561590e+01	5.8561592e+01	5.8561571e+01	5.8561581e+01	5.8561590e+01	5.8561571e+01	5.8561591e+01	5.8561567e+01	5.8583785e+01	5.8561603e+01	5.8561579e+01	2.4170239e-06	5.8561582e+01	5.8561566e+01	5.8561578e+01	5.8561600e+01	5.8561569e+01
5.8561583e+01	5.8561588e+01	5.8561687e+01	5.8561592e+01	5.8561583e+01	1.5325471e-06	5.8569208e+01	5.8561576e+01	5.8561590e+01	5.8561592e+01	5.8561571e+01	5.8561581e+01	5.8561590e+01	5.8561571e+01	5.8561591e+01	5.8561567e+01	5.8583785e+01	5.8561603e+01	5.8561579e+01	1.9849551e-06	5.8561582e+01	5.8561566e+01	5.8561578e+01	5.8561600e+01	5.8561569e+01
5.8561583e+01	5.8561588e+01	5.8561687e+01	5.8561592e+01	5.8561583e+01	1.5325471e-06	5.8569208e+01	5.8561576e+01	5.8561590e+01	5.8561592e+01	5.8561571e+01	5.8561581e+01	5.8561590e+01	5.8561571e+01	5.8561591e+01	5.8561567e+01	5.8583785e+01	5.8561603e+01	5.8561579e+01	1.9849551e-06	5.8561582e+01	5.8561566e+01	5.8561578e+01	5.8561600e+01	5.8561569e+01
5.8561583e+01	5.4014586e+01	5.8561687e+01	5.8561592e+01	5.8561583e+01	1.5325471e-06	5.8569208e+01	5.8561576e+01	5.8561590e+01	5.8561592e+01	5.8561571e+01	5.8561581e+01	5.8561590e+01	5.8561571e+01	5.8561591e+01	5.8561567e+01	5.8583785e+01	5.8561603e+01	5.8561579e+01	1.9849551e-06	5.8561582e+01	5.8561566e+01	5.8561578e+01	5.8561600e+01	5.8561569e+01
