1.83774e+10	2.07885e+10	1.65596e+10	2.34429e+10	2.09957e+10	1.44159e+10	1.83551e+10	1.9859e+10	2.01318e+10	1.84071e+10	1.59249e+10	1.62348e+10	2.30467e+10	2.44559e+10	1.93698e+10	2.59588e+10	1.49595e+10	1.86976e+10	1.74385e+10	1.24257e+10	1.828e+10	2.69293e+10	9.19784e+09	1.80898e+10	8.00919e+09	
1.83774e+10	1.55299e+10	1.65596e+10	2.34429e+10	1.6303e+10	1.44159e+10	1.16015e+10	1.10664e+10	1.76511e+10	1.67962e+10	9.88741e+09	8.86419e+09	1.77663e+10	2.07688e+10	1.13334e+10	1.27512e+10	1.49595e+10	1.23881e+10	1.74385e+10	1.24257e+10	1.828e+10	1.70257e+10	9.19784e+09	1.80898e+10	8.00919e+09	
1.23058e+10	1.39846e+10	1.04304e+10	1.3802e+10	1.11142e+10	1.44159e+10	7.6804e+09	1.10664e+10	5.58695e+09	1.12148e+10	9.88741e+09	8.86419e+09	1.00909e+10	1.51851e+10	1.13334e+10	8.15925e+09	1.2099e+10	9.88397e+09	1.25356e+10	1.06472e+10	1.0906e+10	1.53993e+10	9.19784e+09	1.80114e+10	7.79757e+09	
1.17576e+10	5.19808e+09	9.60573e+09	1.3802e+10	1.07618e+10	1.27384e+10	7.6804e+09	5.54443e+09	5.58695e+09	8.89691e+09	9.88741e+09	7.86272e+09	4.79947e+09	8.02877e+09	9.90384e+09	7.54271e+09	1.0766e+10	6.39255e+09	1.06103e+10	4.49307e+09	9.34797e+09	1.10353e+10	9.19784e+09	9.91519e+09	7.79757e+09	
7.16312e+09	5.19808e+09	8.82472e+09	8.926e+09	6.62115e+09	5.69638e+09	6.09498e+09	5.54443e+09	5.58695e+09	8.89691e+09	9.21693e+09	5.23347e+09	4.79947e+09	8.02877e+09	9.19417e+09	7.54271e+09	8.73769e+09	6.39255e+09	9.62628e+09	4.49307e+09	7.99077e+09	8.82598e+09	9.19784e+09	9.91519e+09	6.12613e+09	
6.56117e+09	5.19808e+09	5.69798e+09	6.14099e+09	5.32405e+09	5.69638e+09	4.9326e+09	5.54443e+09	5.37698e+09	5.70272e+09	9.21693e+09	5.23347e+09	4.79947e+09	7.32746e+09	7.94294e+09	6.79047e+09	6.68706e+09	5.23583e+09	7.23817e+09	4.49307e+09	4.57965e+09	8.29116e+09	8.14154e+09	3.72532e+09	5.65038e+09	
6.38681e+09	5.19808e+09	5.69798e+09	6.053e+09	5.32405e+09	5.69638e+09	4.82531e+09	4.52843e+09	4.98872e+09	5.70272e+09	5.62283e+09	5.23347e+09	4.11049e+09	6.31396e+09	5.0635e+09	3.49958e+09	6.44999e+09	5.23583e+09	6.57805e+09	4.49307e+09	4.37223e+09	4.83206e+09	5.57137e+09	3.72532e+09	2.50003e+09	
5.46224e+09	3.70442e+09	3.04226e+09	2.97545e+09	4.96566e+09	5.69638e+09	3.92259e+09	4.31356e+09	4.56468e+09	4.31213e+09	4.53954e+09	4.20458e+09	4.03059e+09	5.67031e+09	3.91718e+09	2.04199e+09	4.91015e+09	2.60952e+09	5.52363e+09	4.0485e+09	3.13846e+09	4.09456e+09	3.96828e+09	3.72532e+09	2.50003e+09	
4.48582e+09	2.72787e+09	3.04226e+09	2.97545e+09	3.74594e+09	4.08372e+09	3.92259e+09	4.31356e+09	3.96849e+09	4.31213e+09	4.53954e+09	4.20458e+09	4.03059e+09	5.67031e+09	3.91718e+09	2.04199e+09	3.19975e+09	2.60952e+09	4.4933e+09	4.0485e+09	3.13846e+09	4.07395e+09	3.96828e+09	3.72532e+09	2.50003e+09	
4.48582e+09	2.39834e+09	3.04226e+09	2.43984e+09	2.65875e+09	4.08372e+09	2.62716e+09	4.26468e+09	3.69477e+09	4.31213e+09	3.66421e+09	3.2945e+09	2.58999e+09	5.48251e+09	3.75488e+09	2.04199e+09	3.19975e+09	2.60952e+09	4.17208e+09	4.0485e+09	2.51648e+09	4.05769e+09	3.70656e+09	3.72532e+09	2.50003e+09	
3.48049e+09	1.90522e+09	2.88088e+09	2.43984e+09	2.65875e+09	4.08372e+09	2.62716e+09	3.12225e+09	2.80286e+09	4.16618e+09	3.66421e+09	3.26789e+09	1.72897e+09	3.61377e+09	3.75488e+09	2.04199e+09	3.19975e+09	2.60952e+09	2.43191e+09	4.0485e+09	2.51648e+09	4.05468e+09	3.29314e+09	3.72532e+09	2.50003e+09	
2.95683e+09	1.90522e+09	2.01538e+09	2.43984e+09	2.65875e+09	2.70304e+09	2.62716e+09	3.12225e+09	1.73752e+09	3.94061e+09	3.66421e+09	2.75089e+09	1.72897e+09	3.27411e+09	2.52902e+09	2.04199e+09	2.83981e+09	2.60952e+09	2.43191e+09	2.3553e+09	2.51648e+09	3.62553e+09	3.24411e+09	3.4705e+09	2.50003e+09	
2.95683e+09	1.90522e+09	2.01538e+09	2.43984e+09	2.65875e+09	2.47514e+09	2.62716e+09	2.6152e+09	1.73752e+09	3.09096e+09	2.25788e+09	2.69569e+09	1.72897e+09	3.27411e+09	2.02505e+09	2.04199e+09	2.06279e+09	1.83842e+09	2.43191e+09	2.3553e+09	2.51648e+09	2.13055e+09	2.74627e+09	3.10023e+09	2.50003e+09	
2.95683e+09	1.90522e+09	2.01538e+09	2.43984e+09	2.36405e+09	2.47514e+09	2.05851e+09	2.33778e+09	1.73752e+09	3.09096e+09	2.25788e+09	2.69569e+09	1.72897e+09	1.63514e+09	1.79803e+09	2.04199e+09	2.06279e+09	1.83842e+09	2.2762e+09	2.3553e+09	1.54808e+09	1.75713e+09	2.24985e+09	2.62594e+09	2.50003e+09	
2.95683e+09	1.90522e+09	2.01538e+09	2.22962e+09	2.28888e+09	2.47514e+09	2.05851e+09	2.15276e+09	1.73752e+09	2.50866e+09	2.25788e+09	1.99247e+09	1.3235e+09	1.63514e+09	1.79803e+09	1.84179e+09	2.06279e+09	1.54759e+09	2.2762e+09	2.3553e+09	1.54808e+09	1.75713e+09	1.56714e+09	2.51152e+09	2.35111e+09	
2.25933e+09	1.90522e+09	2.01538e+09	1.94904e+09	9.30679e+08	2.47514e+09	2.05851e+09	1.70334e+09	1.73752e+09	2.50866e+09	2.25788e+09	1.66978e+09	1.3235e+09	1.63514e+09	1.79803e+09	1.84179e+09	2.06279e+09	1.54759e+09	2.2762e+09	2.33876e+09	1.54808e+09	1.75713e+09	1.56714e+09	1.50242e+09	1.73463e+09	
2.14351e+09	1.90522e+09	1.65769e+09	1.66179e+09	9.30679e+08	2.33941e+09	2.05851e+09	1.47781e+09	1.55839e+09	1.53073e+09	1.48932e+09	1.02938e+09	1.3235e+09	1.63514e+09	1.60936e+09	1.57874e+09	2.06279e+09	1.26289e+09	1.72483e+09	1.99134e+09	1.41032e+09	1.75713e+09	1.56714e+09	1.50242e+09	1.73463e+09	
1.89851e+09	1.35715e+09	1.38695e+09	1.03975e+09	9.30679e+08	2.30501e+09	1.46438e+09	1.47781e+09	1.55839e+09	1.53073e+09	1.48932e+09	1.02938e+09	1.26397e+09	1.14807e+09	1.60936e+09	1.5231e+09	2.02624e+09	1.26289e+09	1.72483e+09	1.45496e+09	1.41032e+09	1.73834e+09	1.56714e+09	1.50242e+09	1.73463e+09	
1.21575e+09	1.31226e+09	1.38695e+09	1.03975e+09	9.30679e+08	2.23991e+09	1.01817e+09	1.47781e+09	1.48635e+09	1.53073e+09	1.43263e+09	1.02938e+09	1.19447e+09	1.14807e+09	1.32123e+09	1.17588e+09	1.93656e+09	1.26289e+09	1.72483e+09	1.39529e+09	1.41032e+09	1.42918e+09	1.32737e+09	1.50242e+09	1.5887e+09	
1.21575e+09	7.69689e+08	1.09509e+09	1.03975e+09	9.30679e+08	1.54794e+09	1.01817e+09	1.16055e+09	8.9936e+08	1.41529e+09	1.43263e+09	1.02938e+09	1.08826e+09	1.0423e+09	1.27189e+09	1.17588e+09	1.64639e+09	4.72723e+08	1.48805e+09	1.39529e+09	1.16595e+09	8.92716e+08	1.20436e+09	1.50242e+09	7.48803e+08	
1.13651e+09	7.69689e+08	9.85059e+08	1.03975e+09	9.30679e+08	1.54794e+09	1.01817e+09	1.16055e+09	8.9936e+08	1.32277e+09	1.24686e+09	1.02938e+09	1.08826e+09	1.0423e+09	1.27189e+09	1.17588e+09	1.02448e+09	4.72723e+08	1.48805e+09	1.24827e+09	1.16595e+09	8.92716e+08	1.20436e+09	1.17666e+09	7.48803e+08	
9.58156e+08	7.69689e+08	8.50573e+08	1.03057e+09	8.30072e+08	1.47357e+09	1.01817e+09	1.16055e+09	8.9936e+08	1.12928e+09	1.24686e+09	8.09927e+08	1.08826e+09	1.0423e+09	1.00463e+09	9.74702e+08	1.02448e+09	4.72723e+08	1.05267e+09	1.24827e+09	1.12035e+09	8.92716e+08	9.94258e+08	9.70349e+08	7.48803e+08	
9.58156e+08	7.69689e+08	7.75402e+08	1.03057e+09	8.30072e+08	1.05021e+09	5.6226e+08	9.57072e+08	8.9936e+08	7.78073e+08	1.24686e+09	8.09927e+08	4.86161e+08	1.0423e+09	1.00463e+09	9.74702e+08	1.02448e+09	4.72723e+08	1.05267e+09	1.13412e+09	6.5609e+08	8.92716e+08	9.94258e+08	9.38219e+08	6.97586e+08	
9.58156e+08	7.69689e+08	6.21263e+08	9.91591e+08	8.30072e+08	1.05021e+09	5.6226e+08	9.57072e+08	8.9936e+08	7.78073e+08	1.16436e+09	5.12997e+08	4.86161e+08	1.0423e+09	9.20212e+08	8.10593e+08	6.67085e+08	4.72723e+08	1.05267e+09	1.13412e+09	6.5609e+08	8.92716e+08	9.94258e+08	7.15052e+08	6.97586e+08	
9.58156e+08	7.69689e+08	5.87017e+08	4.02865e+08	8.30072e+08	1.05021e+09	5.6226e+08	9.57072e+08	7.65537e+08	7.78073e+08	1.03316e+09	5.12997e+08	4.86161e+08	1.03904e+09	9.20212e+08	8.00578e+08	6.67085e+08	4.72723e+08	8.22741e+08	1.13412e+09	4.81393e+08	8.83119e+08	8.01511e+08	7.15052e+08	6.97586e+08	
8.0509e+08	7.65683e+08	5.87017e+08	4.02865e+08	8.30072e+08	6.53004e+08	5.6226e+08	8.54115e+08	6.29984e+08	7.68329e+08	6.91033e+08	5.12997e+08	4.86161e+08	7.63967e+08	8.43009e+08	6.005e+08	6.67085e+08	4.72723e+08	8.22741e+08	7.72105e+08	4.81393e+08	8.83119e+08	8.01511e+08	7.15052e+08	6.97586e+08	
8.0509e+08	6.77817e+08	2.83187e+08	4.02865e+08	8.30072e+08	6.53004e+08	5.6226e+08	6.52947e+08	6.29984e+08	7.68329e+08	6.91033e+08	5.12997e+08	4.86161e+08	6.4162e+08	5.10683e+08	6.005e+08	6.67085e+08	4.67561e+08	6.78332e+08	7.72105e+08	4.81393e+08	4.47325e+08	7.2474e+08	7.15052e+08	5.59212e+08	
7.10282e+08	5.13144e+08	2.83187e+08	4.02865e+08	5.58489e+08	6.53004e+08	5.6226e+08	5.42789e+08	4.06945e+08	7.12438e+08	5.48478e+08	5.12997e+08	2.88293e+08	5.0178e+08	5.10683e+08	5.06988e+08	6.67085e+08	4.67561e+08	5.55384e+08	7.72105e+08	4.81393e+08	4.47325e+08	6.20179e+08	7.15052e+08	3.15923e+08	
7.10282e+08	5.13144e+08	2.83187e+08	4.02865e+08	5.58489e+08	6.53004e+08	5.6226e+08	5.42789e+08	3.71345e+08	4.59495e+08	5.267e+08	3.64144e+08	2.88293e+08	5.0178e+08	4.81128e+08	5.06988e+08	6.67085e+08	4.67561e+08	5.55384e+08	3.89939e+08	4.81393e+08	4.47325e+08	6.20179e+08	4.1417e+08	3.15923e+08	
5.47085e+08	5.13144e+08	2.83187e+08	4.02865e+08	5.42462e+08	6.53004e+08	4.96206e+08	4.90011e+08	3.71345e+08	4.59495e+08	5.267e+08	3.64144e+08	2.88293e+08	4.38919e+08	3.07842e+08	4.17154e+08	6.03622e+08	2.76541e+08	5.55384e+08	3.89939e+08	4.24054e+08	4.41654e+08	2.46416e+08	4.1417e+08	3.15923e+08	
5.47085e+08	5.13144e+08	2.83187e+08	4.02865e+08	5.42462e+08	6.53004e+08	4.96206e+08	4.90011e+08	3.71345e+08	4.59495e+08	5.20065e+08	3.64144e+08	2.88293e+08	4.38919e+08	3.07842e+08	2.28782e+08	5.00662e+08	2.76541e+08	5.55384e+08	3.89939e+08	4.21197e+08	4.24471e+08	2.46416e+08	3.14086e+08	3.15923e+08	
5.47085e+08	3.99318e+08	2.83187e+08	4.02865e+08	5.42462e+08	3.40334e+08	3.03063e+08	4.90011e+08	3.71345e+08	4.59495e+08	5.13968e+08	3.64144e+08	2.88293e+08	4.38919e+08	3.07842e+08	2.28782e+08	4.41192e+08	2.76541e+08	5.55384e+08	3.89939e+08	4.21197e+08	2.68684e+08	2.46416e+08	3.14086e+08	3.15923e+08	
3.37362e+08	3.99318e+08	2.71999e+08	4.02865e+08	2.78859e+08	3.40334e+08	3.03063e+08	2.50581e+08	3.53405e+08	4.40375e+08	5.13968e+08	1.36204e+08	2.4559e+08	4.33623e+08	3.07842e+08	2.28782e+08	3.67669e+08	2.58649e+08	4.02679e+08	3.89939e+08	3.9985e+08	2.68684e+08	2.46416e+08	3.14086e+08	3.15923e+08	
3.37362e+08	3.99318e+08	2.71999e+08	2.48042e+08	2.78859e+08	3.40334e+08	3.03063e+08	2.50581e+08	3.53405e+08	4.40375e+08	3.46342e+08	1.36204e+08	2.4559e+08	4.10236e+08	2.61362e+08	2.28782e+08	3.67669e+08	2.58649e+08	4.02679e+08	3.89939e+08	3.9985e+08	1.99072e+08	2.46416e+08	3.14086e+08	3.15923e+08	
3.37362e+08	3.94169e+08	2.6361e+08	2.48042e+08	2.78859e+08	3.40334e+08	3.03063e+08	2.50581e+08	3.23476e+08	3.24803e+08	3.46342e+08	1.36204e+08	1.83453e+08	3.32692e+08	2.61362e+08	2.28782e+08	3.67669e+08	2.58649e+08	4.02679e+08	3.89939e+08	2.40984e+08	1.99072e+08	2.46416e+08	3.14086e+08	2.74506e+08	
3.37362e+08	2.74329e+08	2.48725e+08	2.48042e+08	2.78859e+08	2.95037e+08	3.03063e+08	2.50581e+08	2.09074e+08	2.76407e+08	3.24687e+08	1.36204e+08	1.83453e+08	2.22105e+08	2.61362e+08	2.28782e+08	3.61405e+08	2.58649e+08	3.15039e+08	3.89939e+08	2.40984e+08	1.99072e+08	2.46416e+08	3.14086e+08	2.74506e+08	
3.37362e+08	2.74329e+08	2.48725e+08	2.3963e+08	2.42387e+08	2.95037e+08	1.58091e+08	2.50581e+08	2.09074e+08	2.76407e+08	2.07334e+08	1.36204e+08	1.83453e+08	2.22105e+08	2.61362e+08	2.28782e+08	2.04999e+08	1.57918e+08	2.82738e+08	2.75557e+08	2.27558e+08	1.99072e+08	2.46416e+08	1.73237e+08	2.12508e+08	
3.37362e+08	2.74329e+08	1.98351e+08	2.3963e+08	2.42387e+08	2.95037e+08	1.58091e+08	1.58119e+08	2.09074e+08	1.68005e+08	2.07334e+08	1.36204e+08	1.78707e+08	2.22105e+08	2.03263e+08	2.28782e+08	2.04999e+08	1.57918e+08	2.82738e+08	2.75557e+08	2.27558e+08	1.85844e+08	2.46416e+08	1.73237e+08	2.00764e+08	
3.20753e+08	2.74329e+08	1.84626e+08	2.3963e+08	2.3983e+08	2.24985e+08	1.58091e+08	1.58119e+08	2.09074e+08	1.68005e+08	2.07334e+08	1.36204e+08	1.78707e+08	2.22105e+08	2.03263e+08	2.28782e+08	2.04999e+08	1.30875e+08	1.88176e+08	2.75557e+08	2.27558e+08	1.85844e+08	2.46416e+08	1.73237e+08	2.00764e+08	
1.81187e+08	1.99331e+08	1.84626e+08	1.83831e+08	2.3983e+08	1.70433e+08	1.58091e+08	1.58119e+08	2.02587e+08	8.57301e+07	1.54377e+08	1.36204e+08	1.75634e+08	1.92652e+08	2.03263e+08	1.67549e+08	2.04999e+08	1.30875e+08	1.88176e+08	2.75557e+08	2.27558e+08	1.85844e+08	1.70128e+08	1.73237e+08	2.00764e+08	
1.81187e+08	1.99331e+08	1.84626e+08	1.18361e+08	1.46174e+08	1.70433e+08	1.58091e+08	1.58119e+08	1.61621e+08	8.57301e+07	1.54377e+08	7.42614e+07	1.73482e+08	1.56785e+08	2.03263e+08	1.67549e+08	2.04999e+08	1.30875e+08	1.82018e+08	2.75557e+08	2.19418e+08	1.85844e+08	1.70128e+08	1.73237e+08	1.97733e+08	
1.81187e+08	1.99331e+08	1.84626e+08	1.18361e+08	1.46174e+08	1.70433e+08	1.58091e+08	1.58049e+08	1.61621e+08	8.57301e+07	1.54377e+08	7.42614e+07	1.73482e+08	1.56785e+08	2.03263e+08	1.5248e+08	2.04999e+08	1.30875e+08	1.82018e+08	2.67721e+08	1.38248e+08	1.85844e+08	1.70128e+08	1.51804e+08	1.42484e+08	
1.81187e+08	1.99331e+08	1.31005e+08	1.18361e+08	1.46174e+08	1.70433e+08	1.58091e+08	1.58049e+08	1.61621e+08	8.57301e+07	1.54377e+08	7.42614e+07	1.72848e+08	1.56785e+08	1.06333e+08	1.5248e+08	1.72137e+08	1.30875e+08	1.82018e+08	2.46053e+08	1.38248e+08	1.85844e+08	1.64633e+08	1.51804e+08	1.3566e+08	
1.81187e+08	1.23721e+08	1.31005e+08	1.18361e+08	1.46174e+08	1.70433e+08	7.70311e+07	1.19534e+08	1.61621e+08	8.57301e+07	9.10164e+07	7.42614e+07	1.20588e+08	1.56785e+08	1.06333e+08	1.5248e+08	1.2198e+08	1.30875e+08	1.82018e+08	1.98008e+08	1.27093e+08	1.85844e+08	1.64633e+08	1.05314e+08	1.3566e+08	
1.44749e+08	1.23721e+08	1.31005e+08	1.18361e+08	1.29257e+08	1.55496e+08	7.70311e+07	9.55336e+07	9.32383e+07	8.57301e+07	9.10164e+07	7.42614e+07	9.99359e+07	1.56785e+08	1.06333e+08	1.25921e+08	8.21609e+07	1.28776e+08	1.82018e+08	1.79694e+08	1.25669e+08	1.41039e+08	1.64633e+08	1.05314e+08	1.25147e+08	
1.44749e+08	1.23721e+08	1.24115e+08	1.08765e+08	1.29257e+08	1.55496e+08	7.70311e+07	9.55336e+07	9.32383e+07	8.57301e+07	9.10164e+07	7.42614e+07	6.72581e+07	1.08207e+08	1.06333e+08	1.25921e+08	8.21609e+07	1.23766e+08	1.50212e+08	1.79694e+08	9.14391e+07	1.41039e+08	1.64633e+08	1.05314e+08	1.25147e+08	
1.44749e+08	1.23721e+08	1.24115e+08	9.37551e+07	1.29257e+08	1.55496e+08	7.70311e+07	9.55336e+07	9.32383e+07	8.57301e+07	9.10164e+07	7.42614e+07	6.72581e+07	1.08207e+08	1.06333e+08	9.64997e+07	8.21609e+07	1.16393e+08	1.23876e+08	7.69741e+07	9.14391e+07	1.41039e+08	1.01916e+08	1.05314e+08	1.08345e+08	
1.44749e+08	1.23721e+08	1.21778e+08	9.37551e+07	1.24487e+08	1.10154e+08	7.70311e+07	7.77028e+07	9.32383e+07	8.57301e+07	9.10164e+07	7.42614e+07	6.72581e+07	1.08207e+08	1.06333e+08	9.64997e+07	8.21609e+07	5.60201e+07	1.23876e+08	7.69741e+07	9.14391e+07	1.19326e+08	7.56959e+07	1.05314e+08	4.88776e+07	
1.44749e+08	1.23721e+08	1.00204e+08	9.37551e+07	1.20714e+08	9.9055e+07	7.70311e+07	7.77028e+07	9.32383e+07	8.57301e+07	9.10164e+07	7.42614e+07	6.72581e+07	1.08207e+08	1.06333e+08	7.77937e+07	8.21609e+07	5.33759e+07	1.23876e+08	7.69741e+07	9.14391e+07	1.05742e+08	7.56959e+07	1.00923e+08	4.88776e+07	
1.03666e+08	8.31023e+07	7.09301e+07	9.37551e+07	5.37747e+07	9.9055e+07	7.70311e+07	7.77028e+07	8.87544e+07	8.57301e+07	9.10164e+07	7.42614e+07	6.72581e+07	1.08207e+08	8.36435e+07	7.77937e+07	8.21609e+07	5.33759e+07	1.21262e+08	7.69741e+07	8.7025e+07	5.34822e+07	7.56959e+07	1.00923e+08	4.88776e+07	
9.76348e+07	8.31023e+07	7.09301e+07	9.37551e+07	5.37747e+07	7.32219e+07	7.70311e+07	7.77028e+07	8.87544e+07	8.4567e+07	9.10164e+07	7.42614e+07	6.72581e+07	1.08207e+08	8.36435e+07	7.77937e+07	8.21609e+07	5.33759e+07	1.19704e+08	7.69741e+07	8.7025e+07	5.34822e+07	7.56959e+07	9.86086e+07	4.45635e+07	
9.76348e+07	6.65534e+07	7.09301e+07	9.37551e+07	5.37747e+07	7.32219e+07	7.70311e+07	7.77028e+07	8.87544e+07	8.4567e+07	9.10164e+07	7.42614e+07	6.72581e+07	1.08207e+08	8.36435e+07	7.77937e+07	7.49957e+07	5.33759e+07	8.59806e+07	6.66356e+07	8.7025e+07	5.34822e+07	7.56959e+07	6.1289e+07	4.45635e+07	
8.70079e+07	6.65534e+07	5.58454e+07	9.37551e+07	5.37747e+07	7.32219e+07	7.70311e+07	7.77028e+07	7.32096e+07	8.41097e+07	9.10164e+07	7.42614e+07	5.98861e+07	8.2907e+07	8.36435e+07	7.77937e+07	7.49957e+07	5.19626e+07	6.69487e+07	6.66356e+07	8.7025e+07	5.34822e+07	7.56959e+07	6.1289e+07	4.45635e+07	
8.70079e+07	6.65534e+07	5.58454e+07	4.02101e+07	5.37747e+07	7.32219e+07	6.3657e+07	7.77028e+07	7.32096e+07	7.68235e+07	9.10164e+07	7.42614e+07	5.98861e+07	6.19002e+07	8.36435e+07	5.83122e+07	5.51548e+07	2.93792e+07	6.69487e+07	6.25472e+07	8.7025e+07	5.34822e+07	7.56959e+07	6.1289e+07	4.45635e+07	
4.68114e+07	5.97097e+07	5.26313e+07	4.02101e+07	4.97352e+07	5.923e+07	4.87119e+07	7.77028e+07	7.12419e+07	7.68235e+07	9.10164e+07	7.42614e+07	4.73633e+07	6.19002e+07	7.74394e+07	5.83122e+07	4.59682e+07	2.93792e+07	6.69487e+07	6.25472e+07	4.84507e+07	5.2823e+07	7.56959e+07	6.1289e+07	4.45635e+07	
4.68114e+07	5.97097e+07	4.30275e+07	4.02101e+07	4.97352e+07	5.923e+07	4.87119e+07	6.59492e+07	4.81982e+07	6.17672e+07	8.80263e+07	7.42614e+07	4.73633e+07	6.19002e+07	5.42145e+07	5.83122e+07	4.30231e+07	2.93792e+07	6.02265e+07	6.25472e+07	4.84507e+07	3.74293e+07	7.07035e+07	6.1289e+07	4.45635e+07	
4.68114e+07	5.97097e+07	3.68549e+07	4.02101e+07	4.38395e+07	5.923e+07	4.87119e+07	5.87682e+07	4.81982e+07	3.83315e+07	8.80263e+07	6.5635e+07	3.89822e+07	6.11024e+07	4.98028e+07	4.82377e+07	4.30231e+07	2.93792e+07	6.02265e+07	5.96261e+07	4.84507e+07	3.74293e+07	6.81741e+07	5.02746e+07	4.45635e+07	
4.68114e+07	5.97097e+07	3.68549e+07	4.02101e+07	4.38395e+07	5.1599e+07	4.87119e+07	5.87682e+07	4.81982e+07	3.83315e+07	6.74227e+07	6.5635e+07	2.97712e+07	4.49319e+07	4.98028e+07	3.48936e+07	4.30231e+07	2.93792e+07	6.02265e+07	5.96261e+07	4.84507e+07	3.74293e+07	6.81741e+07	1.29017e+07	4.45635e+07	
4.68114e+07	5.97097e+07	3.68549e+07	4.02101e+07	4.38395e+07	5.1599e+07	4.87119e+07	5.87682e+07	4.81982e+07	3.83315e+07	4.85989e+07	6.5635e+07	2.97712e+07	4.1436e+07	4.98028e+07	2.8469e+07	4.30231e+07	2.93792e+07	5.84152e+07	5.96261e+07	4.14887e+07	2.36095e+07	6.81741e+07	1.29017e+07	4.45635e+07	
4.68114e+07	5.85096e+07	3.30817e+07	4.02101e+07	4.38395e+07	3.24121e+07	4.87119e+07	5.39775e+07	4.81982e+07	3.83315e+07	4.85989e+07	4.06108e+07	2.97712e+07	4.1436e+07	4.98028e+07	2.8469e+07	3.83359e+07	2.93792e+07	5.84152e+07	4.94811e+07	4.14887e+07	2.36095e+07	5.30219e+07	1.29017e+07	4.45635e+07	
4.68114e+07	5.61049e+07	3.1926e+07	4.02101e+07	4.38395e+07	3.24121e+07	4.87119e+07	5.39775e+07	4.81982e+07	3.83315e+07	4.85989e+07	4.06108e+07	2.97712e+07	4.1436e+07	4.83934e+07	2.76441e+07	3.83359e+07	2.93792e+07	5.80846e+07	4.94811e+07	4.14887e+07	2.36095e+07	4.26152e+07	1.29017e+07	4.45635e+07	
4.263e+07	3.56446e+07	2.90977e+07	4.02101e+07	2.66237e+07	3.24121e+07	4.87119e+07	4.77317e+07	4.81982e+07	2.99581e+07	4.85989e+07	4.06108e+07	2.84132e+07	4.1436e+07	3.46186e+07	2.76441e+07	3.49144e+07	2.93792e+07	5.37288e+07	4.94811e+07	4.14887e+07	2.36095e+07	4.26152e+07	1.29017e+07	3.59528e+07	
4.263e+07	3.56446e+07	2.90977e+07	3.31196e+07	2.66237e+07	2.97069e+07	2.7158e+07	4.26522e+07	4.81982e+07	2.99581e+07	4.85989e+07	3.46883e+07	2.84132e+07	3.43079e+07	3.46186e+07	2.26367e+07	2.36852e+07	2.93792e+07	5.13443e+07	3.58446e+07	3.56166e+07	2.36095e+07	4.26152e+07	1.29017e+07	3.17976e+07	
4.263e+07	2.93673e+07	2.9047e+07	3.31196e+07	2.66237e+07	2.97069e+07	2.7158e+07	4.26522e+07	2.59572e+07	2.99581e+07	3.88391e+07	3.46883e+07	2.56775e+07	3.43079e+07	2.20564e+07	2.26367e+07	2.36852e+07	2.93792e+07	2.38381e+07	3.20148e+07	2.83638e+07	2.36095e+07	4.26152e+07	1.29017e+07	3.17976e+07	
3.64286e+07	2.93673e+07	2.81859e+07	3.31196e+07	2.66237e+07	2.16341e+07	2.39447e+07	4.26522e+07	2.57104e+07	2.67378e+07	3.88391e+07	3.29565e+07	2.21919e+07	3.43079e+07	2.20564e+07	2.26367e+07	2.36852e+07	2.58937e+07	2.38381e+07	3.20148e+07	2.83638e+07	2.36095e+07	2.65178e+07	1.29017e+07	3.17976e+07	
3.64286e+07	2.93673e+07	1.66747e+07	2.96995e+07	2.66237e+07	2.16341e+07	2.39447e+07	3.45322e+07	2.57104e+07	2.67378e+07	3.82243e+07	3.29565e+07	2.11602e+07	3.43079e+07	2.20564e+07	2.26367e+07	2.15306e+07	2.46945e+07	2.38381e+07	2.92352e+07	2.83638e+07	2.36095e+07	2.65178e+07	1.29017e+07	1.81447e+07	
1.95018e+07	2.93673e+07	1.66747e+07	2.96995e+07	2.66237e+07	2.16341e+07	2.39447e+07	2.86853e+07	2.57104e+07	2.26704e+07	3.29935e+07	2.88591e+07	1.50204e+07	2.68913e+07	2.20564e+07	2.26367e+07	2.15306e+07	2.09204e+07	2.38381e+07	2.92352e+07	2.83638e+07	1.87343e+07	2.65178e+07	1.29017e+07	1.81447e+07	
1.95018e+07	2.47199e+07	1.66747e+07	2.875e+07	2.66237e+07	1.4196e+07	2.39447e+07	2.52344e+07	2.21274e+07	1.01259e+07	3.23053e+07	2.6186e+07	1.50204e+07	2.68913e+07	2.20564e+07	2.26367e+07	2.15306e+07	2.09204e+07	2.38381e+07	2.92352e+07	2.83638e+07	1.87343e+07	2.65178e+07	1.29017e+07	1.81447e+07	
1.95018e+07	2.47199e+07	1.66747e+07	2.07183e+07	1.81061e+07	1.4196e+07	1.83428e+07	2.52344e+07	2.21274e+07	1.01259e+07	3.06888e+07	1.48159e+07	1.50204e+07	2.68913e+07	2.20564e+07	1.4908e+07	2.15306e+07	2.00174e+07	2.38381e+07	2.56569e+07	2.26403e+07	1.27262e+07	2.65178e+07	1.29017e+07	1.81447e+07	
1.95018e+07	2.18622e+07	1.66747e+07	2.07183e+07	1.81061e+07	1.4196e+07	1.83428e+07	1.99202e+07	2.21274e+07	1.01259e+07	3.06888e+07	1.48159e+07	1.50204e+07	2.68913e+07	2.20564e+07	1.4908e+07	2.15306e+07	1.66793e+07	2.38381e+07	2.56232e+07	2.26403e+07	1.27262e+07	2.65178e+07	1.29017e+07	1.81447e+07	
1.95018e+07	8.6004e+06	1.61639e+07	1.80183e+07	1.61603e+07	1.4196e+07	1.83428e+07	1.8096e+07	2.21274e+07	1.01259e+07	2.75698e+07	1.48159e+07	1.30285e+07	1.64446e+07	2.20564e+07	1.4908e+07	2.05999e+07	1.66793e+07	2.38381e+07	2.56232e+07	1.88324e+07	9.88662e+06	2.60692e+07	1.29017e+07	1.81447e+07	
1.95018e+07	8.6004e+06	9.20362e+06	1.80183e+07	1.61603e+07	1.4196e+07	1.83428e+07	1.8096e+07	1.91803e+07	1.01259e+07	2.75698e+07	1.48159e+07	1.30285e+07	1.64446e+07	2.20564e+07	1.4908e+07	1.90151e+07	1.45148e+07	1.72978e+07	2.56232e+07	1.88324e+07	8.97201e+06	2.60692e+07	1.29017e+07	1.81447e+07	
1.95018e+07	8.6004e+06	9.20362e+06	1.80183e+07	1.23091e+07	1.4196e+07	1.56395e+07	1.8096e+07	1.52987e+07	1.01259e+07	2.19517e+07	1.48159e+07	1.30285e+07	1.64446e+07	1.94296e+07	1.4908e+07	1.90151e+07	1.45148e+07	1.72978e+07	1.09947e+07	1.86663e+07	7.67737e+06	5.97649e+06	1.29017e+07	1.58455e+07	
1.95018e+07	8.6004e+06	9.20362e+06	1.45978e+07	1.23091e+07	1.4196e+07	1.56395e+07	1.24116e+07	1.52987e+07	1.01259e+07	2.19517e+07	1.48159e+07	1.30285e+07	1.64446e+07	1.94296e+07	1.4908e+07	1.88246e+07	1.37516e+07	9.31405e+06	1.09947e+07	1.86663e+07	7.67737e+06	5.97649e+06	1.29017e+07	1.33314e+07	
1.09884e+07	8.6004e+06	9.20362e+06	1.45978e+07	1.23091e+07	1.4196e+07	1.44736e+07	1.24116e+07	1.52987e+07	1.00219e+07	1.98601e+07	1.48159e+07	1.30285e+07	1.64446e+07	1.15195e+07	1.27743e+07	1.88246e+07	7.48274e+06	9.31405e+06	1.09947e+07	1.52694e+07	7.67737e+06	5.97649e+06	1.29017e+07	9.70353e+06	
1.09884e+07	8.6004e+06	9.20362e+06	1.45978e+07	1.23091e+07	1.21093e+07	1.44736e+07	1.24116e+07	1.52987e+07	9.30109e+06	1.98601e+07	1.48159e+07	1.30285e+07	1.63305e+07	1.15195e+07	9.35289e+06	1.3591e+07	7.48274e+06	9.31405e+06	1.09947e+07	1.52694e+07	7.67737e+06	5.97649e+06	1.29017e+07	9.70353e+06	
1.09884e+07	8.6004e+06	9.20362e+06	1.23523e+07	1.23091e+07	1.21093e+07	1.44736e+07	1.24116e+07	1.52987e+07	9.30109e+06	1.14896e+07	1.48159e+07	4.82766e+06	1.40232e+07	1.15195e+07	9.35289e+06	1.3591e+07	7.48274e+06	6.76849e+06	1.0579e+07	1.34809e+07	7.67737e+06	5.97649e+06	9.67686e+06	9.70353e+06	
1.09884e+07	8.6004e+06	7.58443e+06	1.23523e+07	1.23091e+07	1.21093e+07	1.42116e+07	1.24116e+07	1.52987e+07	9.30109e+06	1.14896e+07	1.42095e+07	4.82766e+06	1.11031e+07	1.15195e+07	7.91058e+06	1.21617e+07	7.48274e+06	6.76849e+06	1.0579e+07	1.0061e+07	7.67737e+06	5.97649e+06	9.67686e+06	9.70353e+06	
1.09884e+07	8.6004e+06	7.58443e+06	6.6712e+06	9.68821e+06	1.21093e+07	1.42116e+07	1.24116e+07	1.52987e+07	9.30109e+06	1.14896e+07	1.31484e+07	4.82766e+06	7.72837e+06	1.15195e+07	7.91058e+06	1.21617e+07	7.48274e+06	6.76849e+06	1.0579e+07	1.0061e+07	5.83398e+06	5.97649e+06	9.67686e+06	9.70353e+06	
9.76434e+06	8.073e+06	4.71907e+06	6.6712e+06	9.68821e+06	1.21093e+07	1.15973e+07	1.24116e+07	1.444e+07	5.89169e+06	1.14896e+07	1.31484e+07	4.82766e+06	7.72837e+06	1.15195e+07	7.68954e+06	1.21617e+07	7.48274e+06	6.76849e+06	8.72076e+06	9.16558e+06	5.83398e+06	5.97649e+06	9.67686e+06	8.20462e+06	
8.93145e+06	8.073e+06	4.71907e+06	6.14724e+06	5.86799e+06	7.20591e+06	1.14058e+07	1.24116e+07	1.444e+07	5.89169e+06	1.14896e+07	1.31484e+07	4.82766e+06	7.72837e+06	1.14867e+07	6.95607e+06	6.30458e+06	7.18942e+06	6.76849e+06	8.72076e+06	9.16558e+06	5.83398e+06	5.97649e+06	5.73038e+06	8.20462e+06	
8.93145e+06	8.073e+06	4.71907e+06	6.14724e+06	5.86799e+06	7.20591e+06	1.14058e+07	8.35304e+06	1.38947e+07	5.89169e+06	1.14896e+07	1.21817e+07	4.82766e+06	7.72837e+06	1.14867e+07	6.95607e+06	6.30458e+06	7.18942e+06	6.76849e+06	8.72076e+06	9.16558e+06	4.84046e+06	5.97649e+06	5.73038e+06	8.20462e+06	
8.93145e+06	6.60544e+06	4.71907e+06	6.14724e+06	5.86799e+06	7.20591e+06	1.14058e+07	7.50519e+06	1.1159e+07	5.89169e+06	8.07343e+06	1.21817e+07	4.82766e+06	7.72837e+06	1.14867e+07	6.95607e+06	6.30458e+06	7.18942e+06	6.76849e+06	8.72076e+06	8.39868e+06	4.84046e+06	5.97649e+06	5.73038e+06	8.16188e+06	
8.93145e+06	6.60544e+06	4.71907e+06	5.52673e+06	5.86799e+06	7.20591e+06	6.03553e+06	7.50519e+06	9.14229e+06	5.89169e+06	8.07343e+06	9.97441e+06	4.82766e+06	7.72837e+06	8.58556e+06	6.22542e+06	6.30458e+06	3.94083e+06	6.76849e+06	7.90383e+06	8.39868e+06	4.84046e+06	5.97649e+06	5.73038e+06	7.07831e+06	
8.39181e+06	6.18779e+06	4.71907e+06	5.52673e+06	5.86799e+06	7.20591e+06	6.03553e+06	7.50519e+06	7.68319e+06	5.89169e+06	8.07343e+06	9.70861e+06	4.32505e+06	7.72837e+06	5.35211e+06	5.91684e+06	6.30458e+06	3.94083e+06	6.76849e+06	7.50991e+06	5.2146e+06	4.61137e+06	5.97649e+06	5.73038e+06	5.20469e+06	
5.87843e+06	3.39206e+06	4.71907e+06	5.52673e+06	5.86799e+06	7.20591e+06	6.03553e+06	7.50519e+06	7.68319e+06	5.89169e+06	8.07343e+06	9.70861e+06	4.32505e+06	7.72837e+06	5.35211e+06	5.41214e+06	6.30458e+06	3.94083e+06	6.76849e+06	4.408e+06	5.2146e+06	4.61137e+06	5.97649e+06	5.73038e+06	5.20469e+06	
4.72002e+06	3.39206e+06	4.71907e+06	5.52673e+06	5.86799e+06	5.90675e+06	6.03553e+06	5.26951e+06	7.68319e+06	5.14027e+06	8.07343e+06	9.19379e+06	4.32505e+06	7.72837e+06	5.35211e+06	4.25929e+06	6.30458e+06	3.94083e+06	6.76849e+06	4.408e+06	4.1456e+06	4.61137e+06	5.97649e+06	4.15583e+06	4.46457e+06	
4.72002e+06	3.39206e+06	4.71907e+06	5.52673e+06	2.85533e+06	5.90675e+06	4.7293e+06	5.26951e+06	6.5419e+06	5.14027e+06	5.41291e+06	6.68847e+06	4.32505e+06	6.64042e+06	5.2272e+06	4.25929e+06	6.30458e+06	3.79089e+06	6.76849e+06	4.408e+06	4.1456e+06	3.84309e+06	5.97649e+06	4.15583e+06	4.46457e+06	
4.72002e+06	3.39206e+06	4.71907e+06	5.21793e+06	2.85533e+06	5.90675e+06	4.7293e+06	5.26951e+06	4.11225e+06	4.12887e+06	5.41291e+06	6.68847e+06	3.61363e+06	4.67949e+06	5.2272e+06	4.25929e+06	4.2716e+06	3.79089e+06	5.63085e+06	3.84183e+06	4.1456e+06	3.84309e+06	5.97649e+06	4.15583e+06	4.46457e+06	
4.72002e+06	3.39206e+06	4.71907e+06	3.887e+06	2.85533e+06	5.90675e+06	3.53935e+06	5.13568e+06	4.11225e+06	4.12887e+06	4.10717e+06	6.62491e+06	3.61363e+06	4.67949e+06	3.03077e+06	4.25929e+06	3.63296e+06	3.79089e+06	5.63085e+06	3.70079e+06	4.1456e+06	3.48361e+06	4.80657e+06	4.15583e+06	4.46457e+06	
4.72002e+06	3.39206e+06	4.09447e+06	3.887e+06	2.85533e+06	5.11029e+06	3.53935e+06	5.13568e+06	4.11225e+06	3.04899e+06	4.10717e+06	6.62491e+06	2.59583e+06	4.67949e+06	3.03077e+06	4.25929e+06	3.63296e+06	3.79089e+06	5.34764e+06	3.70079e+06	4.1456e+06	3.3011e+06	4.80657e+06	4.15583e+06	3.13024e+06	
4.45693e+06	2.26855e+06	3.58635e+06	3.887e+06	2.71603e+06	3.51408e+06	3.53935e+06	4.1891e+06	3.79574e+06	3.04899e+06	4.10717e+06	5.5734e+06	2.59583e+06	3.88531e+06	2.18568e+06	3.36272e+06	3.63296e+06	3.79089e+06	3.06427e+06	3.70079e+06	3.95128e+06	2.50597e+06	4.80657e+06	4.15583e+06	2.98065e+06	
2.93065e+06	2.26855e+06	3.40866e+06	3.72472e+06	2.71603e+06	3.51408e+06	3.53935e+06	4.1891e+06	3.79574e+06	2.82477e+06	4.10717e+06	5.05338e+06	2.59583e+06	3.88531e+06	2.18568e+06	3.36272e+06	3.63296e+06	3.79089e+06	3.06427e+06	3.5603e+06	3.95128e+06	2.50597e+06	4.66078e+06	3.32731e+06	2.98065e+06	
2.93065e+06	2.26855e+06	3.02393e+06	3.02586e+06	2.71603e+06	3.51408e+06	3.53935e+06	4.1891e+06	3.79574e+06	2.82477e+06	4.10717e+06	2.93559e+06	2.59583e+06	3.88531e+06	2.18568e+06	3.28992e+06	3.54125e+06	2.63691e+06	3.06427e+06	3.09213e+06	3.95128e+06	2.26064e+06	4.66078e+06	3.32731e+06	2.98065e+06	
2.93065e+06	2.26855e+06	3.02393e+06	2.30953e+06	2.71603e+06	3.51408e+06	3.53935e+06	4.1891e+06	2.30141e+06	2.82477e+06	4.10717e+06	2.93559e+06	2.59583e+06	3.88531e+06	2.18568e+06	2.87472e+06	3.12243e+06	2.20294e+06	3.06427e+06	3.09213e+06	3.95128e+06	2.26064e+06	4.66078e+06	2.99211e+06	2.98065e+06	
2.93065e+06	2.26855e+06	3.02393e+06	2.30953e+06	2.71603e+06	3.51408e+06	3.53935e+06	4.05081e+06	2.30141e+06	2.82477e+06	4.10717e+06	2.93559e+06	2.59583e+06	3.88531e+06	2.18568e+06	2.87472e+06	3.12243e+06	2.20294e+06	2.337e+06	3.05539e+06	2.82645e+06	2.26064e+06	3.48225e+06	2.99211e+06	2.25144e+06	
2.93065e+06	2.26855e+06	2.3052e+06	2.30953e+06	1.75899e+06	3.51408e+06	3.16136e+06	3.82396e+06	2.30141e+06	2.64652e+06	4.10717e+06	2.93559e+06	2.05656e+06	3.88531e+06	2.18568e+06	1.98923e+06	3.12243e+06	2.20294e+06	2.337e+06	2.85333e+06	2.82645e+06	2.26064e+06	3.48225e+06	2.90888e+06	2.25144e+06	
2.93065e+06	2.26855e+06	2.3052e+06	2.30953e+06	1.63056e+06	3.51408e+06	2.77083e+06	2.48403e+06	2.30141e+06	2.41475e+06	3.96145e+06	2.93559e+06	2.05656e+06	3.58341e+06	2.18568e+06	1.98923e+06	3.12243e+06	1.92703e+06	2.337e+06	2.68835e+06	2.70947e+06	2.26064e+06	2.67409e+06	2.72614e+06	1.85874e+06	
2.73711e+06	2.26855e+06	1.60033e+06	1.25628e+06	1.63056e+06	2.60545e+06	2.77083e+06	2.48403e+06	2.30141e+06	2.41475e+06	3.45871e+06	2.93559e+06	1.7718e+06	3.55019e+06	2.18568e+06	1.98923e+06	2.64917e+06	1.92703e+06	2.337e+06	2.41201e+06	2.70947e+06	2.10955e+06	2.67409e+06	2.72614e+06	1.85874e+06	
2.73711e+06	2.26855e+06	1.60033e+06	1.25628e+06	1.18498e+06	2.60545e+06	1.98064e+06	2.48403e+06	2.12885e+06	2.41475e+06	2.48538e+06	2.48992e+06	1.22813e+06	2.63492e+06	2.18568e+06	1.98923e+06	2.09584e+06	1.92703e+06	2.337e+06	2.41201e+06	2.16206e+06	1.35862e+06	2.67409e+06	2.23767e+06	1.85874e+06	
2.73711e+06	2.26855e+06	1.60033e+06	1.25628e+06	1.18498e+06	2.60545e+06	1.98064e+06	2.48403e+06	1.05225e+06	1.61764e+06	2.48538e+06	2.48992e+06	1.22813e+06	2.33943e+06	1.95085e+06	1.98923e+06	2.09584e+06	1.92703e+06	2.337e+06	2.06246e+06	1.97223e+06	1.35862e+06	2.67409e+06	1.96708e+06	1.85874e+06	
2.16102e+06	1.04298e+06	1.60033e+06	1.25628e+06	1.18498e+06	2.44806e+06	1.86011e+06	1.97741e+06	1.05225e+06	1.61764e+06	2.48538e+06	2.48992e+06	1.22813e+06	2.16492e+06	1.90123e+06	1.64464e+06	2.09584e+06	1.64587e+06	2.337e+06	982616	1.97223e+06	1.35862e+06	2.42074e+06	1.96708e+06	1.74164e+06	
2.16102e+06	1.04298e+06	1.51099e+06	1.25628e+06	1.18498e+06	2.44806e+06	1.34039e+06	1.97741e+06	1.05225e+06	1.61764e+06	2.48538e+06	2.48992e+06	1.22813e+06	2.08065e+06	1.90123e+06	1.64464e+06	2.09584e+06	1.64587e+06	2.15224e+06	982616	1.97223e+06	1.32384e+06	2.41347e+06	1.95168e+06	1.74164e+06	
1.98017e+06	1.04298e+06	1.51099e+06	1.25628e+06	1.18498e+06	2.19057e+06	1.34039e+06	1.97741e+06	1.05225e+06	1.61764e+06	2.45065e+06	2.23985e+06	966014	2.08065e+06	1.63547e+06	1.64464e+06	2.09584e+06	1.64587e+06	2.15224e+06	982616	1.47629e+06	1.32384e+06	1.49138e+06	1.66289e+06	1.74164e+06	
1.98017e+06	1.04298e+06	1.03067e+06	1.25628e+06	1.18498e+06	1.99116e+06	1.34039e+06	1.76568e+06	1.05225e+06	1.61764e+06	1.94558e+06	1.96877e+06	966014	2.08065e+06	1.63547e+06	1.02153e+06	1.36469e+06	1.64587e+06	1.76103e+06	982616	1.47629e+06	919823	1.49138e+06	1.2339e+06	1.30441e+06	
1.98017e+06	1.04298e+06	1.03067e+06	1.11643e+06	1.18498e+06	764873	1.34039e+06	1.76568e+06	1.05225e+06	1.61764e+06	1.94558e+06	1.96877e+06	966014	2.08065e+06	1.63547e+06	902349	1.36469e+06	1.48612e+06	1.43325e+06	982616	1.47629e+06	919823	1.49138e+06	1.2339e+06	1.07217e+06	
1.9357e+06	730182	1.03067e+06	1.11643e+06	913795	764873	1.34039e+06	1.61783e+06	1.05225e+06	1.59268e+06	1.94558e+06	1.96877e+06	966014	1.58123e+06	1.63547e+06	902349	1.36469e+06	1.0768e+06	944428	982616	1.47629e+06	919823	1.49138e+06	1.2339e+06	1.07217e+06	
1.57877e+06	730182	1.03067e+06	1.11643e+06	913795	764873	1.29397e+06	1.61783e+06	1.05225e+06	1.59268e+06	1.94558e+06	1.85841e+06	774553	1.58123e+06	1.36238e+06	902349	1.36469e+06	1.0768e+06	944428	982616	1.47629e+06	919823	1.49138e+06	1.2339e+06	1.07217e+06	
1.00925e+06	730182	860324	1.11643e+06	913795	764873	1.22464e+06	1.32417e+06	1.05225e+06	1.06977e+06	1.94558e+06	1.52863e+06	774553	1.40335e+06	1.36238e+06	757488	845755	1.0768e+06	944428	723443	1.47629e+06	770560	810317	1.1743e+06	1.07217e+06	
1.00925e+06	730182	774114	1.11643e+06	913795	764873	1.22464e+06	1.21359e+06	1.05225e+06	1.06977e+06	1.88662e+06	1.25902e+06	774553	1.14605e+06	1.08581e+06	757488	845755	1.0768e+06	944428	723443	798922	664467	810317	1.1743e+06	669742	
1.00925e+06	730182	774114	789564	782164	764873	1.22464e+06	1.21359e+06	1.05225e+06	764814	1.07471e+06	1.25902e+06	774553	1.14605e+06	1.08581e+06	757488	725437	916388	944428	723443	798922	664467	810317	1.01174e+06	669742	
1.00925e+06	730182	774114	789564	782164	764873	1.22464e+06	1.15073e+06	1.05225e+06	764814	1.07471e+06	1.25902e+06	646901	1.14605e+06	704012	757488	725437	916388	944428	723443	798922	541978	810317	981266	669742	
1.00925e+06	730182	620070	789564	782164	764873	1.14497e+06	1.15073e+06	511456	764814	1.07471e+06	1.25902e+06	646901	1.14605e+06	704012	541975	725437	709577	944428	615823	798922	541978	810317	981266	669742	
814483	730182	590221	789564	696187	764873	644666	1.15073e+06	511456	755638	1.07471e+06	1.14101e+06	572325	1.14605e+06	704012	541975	725437	709577	944428	615823	798922	541978	696992	889494	669742	
814483	730182	526462	789564	696187	764873	644666	916110	511456	660379	1.07471e+06	1.14101e+06	572325	1.06679e+06	704012	541975	725437	709577	851498	615823	798922	541978	546377	852413	669742	
814483	730182	526462	519834	696187	764873	644666	800086	511456	660379	1.07471e+06	982774	572325	949101	704012	541975	725437	440996	851498	615823	719729	442978	546377	768006	669742	
786507	547731	526462	412727	696187	764873	644666	540811	511456	660379	1.07471e+06	719698	569441	721345	704012	541975	642382	440996	591627	615823	719729	442978	212224	768006	669742	
786507	535768	526462	412727	696187	689247	644666	540811	511456	436651	1.07471e+06	719698	416095	721345	660276	336313	472303	440996	591627	615823	719729	378639	212224	644746	652539	
721483	535768	299997	412727	409091	689247	538586	540811	372805	436651	678653	719698	416095	721345	612198	336313	472303	440996	591627	615823	622272	378639	212224	628923	394775	
579725	535768	299997	412727	409091	592752	538586	540811	372805	436651	678653	719698	363488	721345	567343	336313	472303	440996	591627	569276	622272	378639	212224	628923	394775	
489219	429359	253525	412727	409091	592752	538586	540811	372805	436651	678653	719698	353611	721345	369254	328502	472303	440996	591627	431776	560419	357166	212224	470727	304675	
489219	429359	253525	384233	409091	553956	323807	398971	372805	303642	678653	608360	273571	696111	369254	328502	472303	440996	355991	316913	560419	357166	212224	416860	304675	
338341	412340	253525	384233	409091	553956	323807	299698	372805	303642	678653	538942	273571	669245	369254	322036	455001	378076	355991	316913	397505	300228	212224	416860	304675	
338341	412340	253525	319219	409091	553956	323807	299698	352933	303642	678653	538942	272830	545611	346122	322036	344535	378076	355991	312446	397505	229577	212224	404167	304675	
338341	395549	253525	253802	402777	553956	323807	299698	352933	303642	678653	538942	272830	529589	257412	322036	344535	378076	355991	269628	302048	229577	212224	404167	304675	
338341	330270	253525	253802	402777	432547	323807	299698	352933	303642	597959	538942	215452	450632	257412	209530	241590	360950	355991	269628	267688	229577	212224	363364	304675	
338341	330270	253525	253802	402714	432547	323807	285472	352933	303035	413409	504438	215452	294896	257412	209530	241590	329302	355991	269628	260153	229577	212224	363364	297426	
338341	330270	178675	253802	335616	432547	269846	285472	352933	257344	413409	420997	189367	294896	257412	209530	241590	329302	355991	269628	260153	210528	212224	335076	297426	
239250	288185	178675	184049	335616	432547	269846	285472	352933	257344	413409	420997	189367	294896	236613	209530	241590	322923	340458	261236	260153	126023	212224	335076	245318	
239250	161913	178675	184049	175286	351911	250280	285472	325124	257344	386864	420997	189367	294896	217002	209530	241590	293405	267724	184060	260153	126023	212224	258285	234001	
239250	161913	178675	146474	175286	178119	250280	285472	319697	257344	386864	338962	189367	260959	217002	172899	241590	231659	267724	184060	251143	126023	212224	205905	234001	
172345	161913	178675	146474	101243	178119	199720	190036	263307	257344	291761	338962	182151	250397	217002	172899	239293	231659	267724	184060	251143	126023	203074	178908	193380	
172345	161913	178675	146474	101243	178119	199720	190036	248498	168787	228214	338962	182151	250397	217002	172899	209982	110558	216558	184060	229576	68234.8	200441	178908	174027	
172345	161913	173097	146474	101243	178119	199720	190036	248498	168787	228214	323672	172430	222663	195920	172899	188137	110558	216558	184060	227491	68234.8	200441	178908	155296	
168237	161913	137850	146474	101243	178119	139438	190036	239415	168787	228214	280926	112703	222663	177775	148057	188137	110558	216036	184060	227491	68234.8	193907	167822	155296	
168237	161913	136514	146474	101243	178119	139438	174440	203813	168787	228214	224677	112703	169569	172535	139660	176105	110558	146585	166935	197863	68234.8	169536	167822	155296	
84939.8	161913	136514	146474	101243	178119	139438	174440	157464	163977	228214	224677	112703	155771	98040.3	139660	111780	110558	146585	153552	197863	68234.8	169536	138447	114711	
84939.8	107679	115529	128213	101243	178119	139438	146571	157464	112448	221254	224677	112703	155771	98040.3	72005.4	111780	110558	146585	153552	196796	68234.8	143291	49655.1	114711	
84939.8	107679	115529	103781	101243	178119	139438	146571	157464	112448	219257	224677	112703	155771	98040.3	72005.4	111780	110558	146585	94132.3	132414	68234.8	143291	49655.1	100203	
80836.8	107679	115529	103781	101243	167409	116387	146571	141381	111695	219257	189590	111864	155771	82901.6	72005.4	111780	110558	146585	94132.3	132414	68234.8	131428	49655.1	100203	
80836.8	107679	74297.8	103781	58268.2	167409	116387	101399	141381	111695	186454	189590	109444	146800	82901.6	72005.4	111780	110558	146585	94132.3	132414	68234.8	131428	49655.1	85176.3	
80836.8	107679	74297.8	103781	58268.2	144103	116387	101399	113828	111695	184891	136514	109444	146800	74943.7	72005.4	111780	95814.2	143422	94132.3	116055	59732	99345.9	49655.1	82574.1	
80836.8	107679	74297.8	63369.8	58268.2	122688	115095	101399	113828	89046.2	127508	136514	94475	128758	74943.7	72005.4	111780	95814.2	123518	82682.7	116055	59732	96772.1	49655.1	82574.1	
80836.8	82875.7	74297.8	63369.8	58268.2	122688	115095	101399	113828	89046.2	85637.2	136514	90254.9	115798	69100.2	72005.4	104197	68364.1	123518	82682.7	116055	59732	85618.4	49655.1	82574.1	
49074.5	75715.7	58761.3	63369.8	57240.6	122688	90558.2	101399	89490.6	89046.2	85637.2	87933.1	88383.2	115798	69100.2	72005.4	104197	68364.1	113269	82682.7	116055	39437.5	85618.4	49655.1	82574.1	
49074.5	72543.9	58761.3	63369.8	57240.6	85235.6	56836.6	89468.6	89401.5	83222.5	85637.2	87933.1	85438.6	92936.6	69100.2	72005.4	95565.8	68364.1	78849	75456.1	116055	39437.5	82713.3	49655.1	82574.1	
49074.5	60774.9	58761.3	61105.2	57240.6	85235.6	56836.6	89468.6	89401.5	83222.5	85637.2	72869.8	82424.9	82391	69100.2	72005.4	71968.2	68364.1	77556.7	75456.1	95993.9	39437.5	82713.3	49655.1	82574.1	
49074.5	60774.9	44217.2	57032.3	57240.6	85235.6	56836.6	88280.1	89401.5	82460.7	77187	67549.5	63950	82391	68575.9	50736	71968.2	67888.9	77556.7	75456.1	93039.6	39437.5	48781.5	49655.1	69997.7	
45968	60774.9	44217.2	46750.1	57240.6	85235.6	56836.6	88280.1	88060.1	75136	77187	67549.5	60616.9	79284	66888.6	50736	71968.2	54620.7	63337.7	67053.1	86268.5	39437.5	48781.5	49655.1	61547.7	
45968	58041.5	44217.2	46750.1	51167.9	85235.6	56836.6	88280.1	81566.1	62356.6	76624.3	67549.5	34625.1	77978.8	66888.6	50736	59244	54620.7	63337.7	47032.5	75537.5	39437.5	48781.5	49655.1	61547.7	
45968	58041.5	44217.2	46750.1	51167.9	80488.7	48334.1	65118.9	70598.2	47353.5	74826.6	67549.5	34625.1	67025.2	55974.9	40663.2	45699.3	39960.9	63337.7	47032.5	69083.9	39437.5	48781.5	48000.2	58744.1	
45968	58041.5	34414	37878.1	38290.1	46548.3	48334.1	57021.9	70598.2	47353.5	74826.6	67549.5	34625.1	67025.2	42465.5	40663.2	45699.3	39960.9	63337.7	24196.3	66191.9	39437.5	48781.5	48000.2	55827	
45968	58041.5	32999.3	31441.8	38290.1	46548.3	47343.6	57021.9	67544.4	37573	74826.6	67549.5	34625.1	67025.2	41302.7	40663.2	45699.3	39960.9	44384.6	24196.3	66191.9	22285.5	48781.5	43432.9	55827	
45968	39107.5	32999.3	31441.8	26924.1	46548.3	47343.6	44196.6	47134.3	37573	68441.2	67549.5	34625.1	52764.3	41302.7	29623.9	45699.3	37890.8	44384.6	24196.3	49586.1	22285.5	47968.2	43432.9	45785.7	
45968	39107.5	27727.7	31441.8	26924.1	46548.3	34182.2	44196.6	44432.2	37573	68441.2	63246.3	34625.1	52764.3	41302.7	29623.9	45699.3	37890.8	44384.6	24196.3	49586.1	22285.5	45356.9	39752.5	38830.1	
37567.2	39107.5	24584	31441.8	26924.1	46548.3	34182.2	44196.6	44432.2	37573	61330.1	49794.8	29604.3	52764.3	32856.1	29623.9	45699.3	37890.8	44384.6	24196.3	45192.9	22285.5	31111.6	39281.7	38830.1	
33244.1	37492.6	24510.4	31441.8	26924.1	46548.3	34182.2	44196.6	44432.2	36649	61330.1	47316.2	29604.3	52764.3	32856.1	24631.1	45699.3	35087.5	44384.6	24196.3	45146.8	22062.5	31111.6	34623.6	29814.7	
33244.1	37492.6	24510.4	31441.8	26924.1	40038.2	34182.2	42548.1	44432.2	36649	44459.8	39194	29604.3	49228.9	31304.1	16162.7	29614.8	29671.6	44384.6	23716.9	42725.1	22062.5	26926.5	28603.2	29814.7	
33244.1	37492.6	24510.4	31441.8	26924.1	40038.2	34182.2	42548.1	37707.1	24741.6	39754	39194	29604.3	49228.9	31304.1	16162.7	24066.1	28698.9	43493.1	23716.9	37176.7	22062.5	26926.5	28603.2	29814.7	
33244.1	37492.6	16482.7	31441.8	26924.1	40038.2	32641.6	38859.8	37707.1	24741.6	39754	39194	29604.3	46591.2	31304.1	16162.7	24066.1	28154.9	43493.1	23716.9	28352.9	20327	26926.5	28603.2	26737	
30534	37492.6	16482.7	25800.9	20821.8	40038.2	28220	37470.5	34561.6	24741.6	38138.7	37954.3	22209.9	33636.9	26346.8	16162.7	24066.1	18303.1	31160.9	23716.9	21012.4	20327	26926.5	25277.3	21988.5	
30534	21234.7	16482.7	25800.9	20821.8	40038.2	28220	30070.8	34561.6	21991.4	38138.7	37954.3	22209.9	33636.9	26346.8	16162.7	24066.1	18303.1	30904.4	23716.9	21012.4	20327	20624.3	23018.2	21988.5	
23255.6	21234.7	16482.7	25266.9	20380.9	27938	22072.1	30070.8	34561.6	21991.4	38138.7	30821.7	22209.9	24390.1	26346.8	16162.7	24066.1	18303.1	30904.4	23716.9	21012.4	18749.5	20624.3	23018.2	21988.5	
15380.1	21234.7	16482.7	16119.6	15954.5	27938	22072.1	30070.8	34561.6	20031.6	33537.7	30821.7	20331.4	24390.1	26346.8	16162.7	21801.1	18303.1	25047.2	19114.3	21012.4	18749.5	14289.7	19854	21988.5	
15380.1	21234.7	16482.7	16119.6	12444.6	27938	21008.5	30070.8	26331	20031.6	21546.5	30821.7	17080.7	19974.6	25142	16162.7	21801.1	18303.1	22719.1	19114.3	20642.2	18749.5	14289.7	19854	21988.5	
15380.1	21234.7	16482.7	16119.6	12444.6	27938	21008.5	30070.8	21438.9	20031.6	18580	21375.6	17080.7	19974.6	25142	13614.5	21801.1	18303.1	22719.1	19114.3	20642.2	15382.6	14289.7	19854	13154.1	
15380.1	21234.7	15122.9	16119.6	12444.6	27862.1	17834.8	27799.7	21438.9	20031.6	18580	21375.6	17080.7	19974.6	14348.6	13614.5	21801.1	17663.5	22719.1	19114.3	20642.2	14137.2	14289.7	17344.9	13154.1	
15380.1	16497.5	13911.4	16119.6	12444.6	27862.1	17834.8	27799.7	18484.6	20031.6	18580	21375.6	15724.1	19974.6	14348.6	13614.5	16701.2	17434.5	19665.1	14054	20642.2	14137.2	14289.7	17344.9	13154.1	
15380.1	15509.7	13911.4	14076.3	12444.6	27862.1	17774.7	16862.9	18484.6	19331	18580	21375.6	14432.2	19974.6	14348.6	10705.4	12475.9	16091.3	19665.1	14054	20642.2	14137.2	14289.7	17344.9	13154.1	
15380.1	13688.1	11011	13846.9	12444.6	24608.3	14156.8	16862.9	18484.6	18363.4	18580	21375.6	14432.2	19974.6	14348.6	10705.4	12475.9	11957.5	19451.9	14054	20642.2	10937.4	14289.7	14682.9	13154.1	
15380.1	13688.1	8412.76	13846.9	11106.6	24608.3	14156.8	16862.9	18484.6	15434.7	18580	21375.6	13731.1	19974.6	14348.6	10705.4	12475.9	11957.5	15647.5	14054	13357.8	10937.4	14289.7	14682.9	13154.1	
14671.3	13126.4	8412.76	12255.6	10458.7	24608.3	13711.5	16862.9	18484.6	15145.9	18580	18798.3	13628	19974.6	14348.6	10675.9	12475.9	11957.5	15647.5	13977.4	11155.6	10937.4	14289.7	14682.9	13154.1	
12714	13126.4	8412.76	10616.3	8710.69	23011.7	13136.9	16862.9	18484.6	13969.5	12661.3	17386.6	10459.6	14397.9	9668.19	9541.86	12475.9	11794.2	15647.5	12461.4	11155.6	7975.32	14289.7	13768.1	9941.23	
12714	8845.94	8412.76	10616.3	8710.69	19072.1	13136.9	15171.2	18245.9	12971.5	12661.3	17386.6	10459.6	14397.9	9668.19	9541.86	12475.9	11762.6	14151.8	11662	11155.6	7975.32	14289.7	13768.1	9941.23	
12714	8845.94	8412.76	10616.3	8710.69	16035.5	13136.9	15171.2	16257	12707.5	12661.3	17386.6	10059.8	14397.9	9668.19	9541.86	12229.3	10096.3	11116.2	11662	11155.6	7975.32	9812.43	9893.68	9941.23	
10563.4	8845.94	7856.92	10616.3	8710.69	15713.1	13136.9	15171.2	15751.2	10975.5	12661.3	15587.2	10059.8	12450.5	9668.19	9541.86	12229.3	10096.3	11116.2	11662	11155.6	7975.32	9658.86	9893.68	7858.92	
10563.4	8845.94	7856.92	8415.04	8710.69	14729.5	12521.5	13855.6	15751.2	8993.67	12661.3	15587.2	9692.51	12450.5	9668.19	9541.86	12229.3	9646.48	10967.8	9953.01	11155.6	7975.32	9658.86	8122.26	7858.92	
10563.4	8845.94	7856.92	7113.99	8710.69	12378.7	12521.5	9715.73	11184.3	8114.34	10605.8	13422.7	9692.51	12450.5	9668.19	9541.86	12229.3	9646.48	10967.8	7798.31	11155.6	7975.32	9658.86	8122.26	6588.4	
9346.73	8845.94	7856.92	7113.99	8710.69	12378.7	10984.8	9715.73	11184.3	8114.34	10605.8	13422.7	7627.35	10555.4	9668.19	8610.04	12229.3	8475.62	10967.8	7798.31	11155.6	7975.32	9208.13	8122.26	6588.4	
7675.37	8845.94	7856.92	7113.99	8710.69	12378.7	8658.46	9649.06	11184.3	8114.34	10025.9	10538.2	7627.35	10555.4	9668.19	8610.04	10319.8	8475.62	8738.99	7798.31	10519.4	7251.89	7467.62	8122.26	6588.4	
7675.37	8092.39	6747.59	7113.99	8056.02	12378.7	8658.46	9649.06	11184.3	8114.34	10025.9	10538.2	7627.35	10112.2	8154.18	8453.79	10319.8	8475.62	8738.99	7798.31	10019.8	7251.89	7467.62	7955.68	6588.4	
7675.37	8092.39	6455.66	7113.99	8056.02	10172	8658.46	9649.06	11184.3	8114.34	10025.9	10538.2	7627.35	10112.2	8154.18	8453.79	9177.23	7905.39	8360.72	7583.57	9488.47	7172.1	7196.73	7955.68	6588.4	
7675.37	7742.2	6455.66	7113.99	7609.83	10172	8658.46	9649.06	11184.3	8114.34	10025.9	10502.7	5882.04	10112.2	8154.18	5089.17	9177.23	6725.85	8005.44	6552.66	9488.47	7172.1	7196.73	7955.68	6588.4	
7507.24	7742.2	6455.66	7113.99	7609.83	10172	8658.46	9649.06	11184.3	8114.34	9589.76	10502.7	5882.04	10060.3	6862.62	5089.17	7099.44	6725.85	8005.44	6552.66	8234.91	5185.99	7196.73	7955.68	5626.8	
6289.49	7578.42	6261.47	6995.27	6612.1	10172	7090.51	9649.06	9867.27	7276.32	9589.76	7105.37	5882.04	10060.3	6862.62	5089.17	7099.44	5551.82	7943.64	6552.66	7659.48	5185.99	7196.73	7216.17	5626.8	
6289.49	6995.66	6261.47	6995.27	5067.89	9442.73	7090.51	9649.06	9867.27	7276.32	9589.76	7105.37	5882.04	9352.23	6862.62	5089.17	7099.44	5551.82	7943.64	6324.18	7659.48	5185.99	7196.73	5655.22	5626.8	
6289.49	6995.66	5330.4	5954.88	5067.89	6128.54	6954.52	9252.79	8328.63	6592.24	7774.07	7105.37	5882.04	8351.65	6862.62	5089.17	7099.44	5551.82	7943.64	6324.18	7659.48	5185.99	7196.73	5655.22	5626.8	
6289.49	6631.61	5330.4	5954.88	5067.89	6128.54	6361.53	9252.79	8328.63	6314.58	7569.83	7105.37	5882.04	7890.93	5377.31	5089.17	7099.44	5551.82	7943.64	6324.18	6825.75	5185.99	6786.37	5654.28	5372.29	
5103.18	5604.22	5330.4	5954.88	5053.17	5822.69	6361.53	7649.01	7966.56	6314.58	7569.83	7105.37	5872.17	6758.57	5377.31	5089.17	7099.44	5551.82	7485.72	6324.18	6825.75	5120.27	6210.92	5654.28	4433.15	
5103.18	5604.22	5330.4	5954.88	5053.17	5822.69	6361.53	7649.01	7262.37	6314.58	7569.83	7105.37	5872.17	6758.57	5377.31	5089.17	7099.44	5551.82	5719.03	5688.23	6825.75	4963.09	5580.52	5654.28	4433.15	
5103.18	5604.22	5330.4	5954.88	5053.17	5701.88	5756.9	7649.01	6009.2	6314.58	6664.11	7105.37	4960.34	6758.57	5377.31	5089.17	6071.66	5551.82	5719.03	5688.23	6825.75	4963.09	5580.52	5654.28	4433.15	
5103.18	5604.22	5227.94	5954.88	4882.36	5701.88	5756.9	5590.66	6009.2	6314.58	6664.11	6710.55	4960.34	6758.57	5377.31	5089.17	6071.66	5551.82	5719.03	4512.19	6825.75	4963.09	5580.52	5654.28	4411.67	
5103.18	5376.66	4847.25	4428.04	4882.36	5701.88	5756.9	5478.88	6009.2	5617.2	6664.11	6710.55	4960.34	6758.57	4781.62	4367	5886.96	5551.82	5719.03	4512.19	6246.42	4346.62	5042.5	5481.22	4411.67	
5103.18	5101.73	4330.98	4428.04	4632.52	5562.76	5229.23	5478.88	6009.2	5122	6664.11	6709.21	4960.34	5160.98	4541.49	4187.98	5886.96	5033.6	5719.03	4512.19	5877.17	4064.44	5042.5	5170.81	4411.67	
5103.18	5101.73	4330.98	4428.04	4431.29	5389.29	4977.53	4442.79	6009.2	5122	6099.93	6329.81	4960.34	5160.98	4541.49	4187.98	5886.96	4818.24	5719.03	4512.19	5877.17	4064.44	5042.5	4874.99	4411.67	
4851.68	5101.73	3997.86	4428.04	4431.29	5389.29	4604.64	4442.79	6009.2	4595.86	6099.93	6329.81	4525.07	5160.98	4541.49	4187.98	4397.33	4392.18	4857.7	4512.19	5877.17	3837.53	4742.51	4874.99	3833.02	
4851.68	4968.11	3997.86	4232.78	4431.29	5389.29	4604.64	4442.79	5563.68	4595.86	4959.89	6329.81	4525.07	5160.98	4454.73	3840.36	4397.33	4392.18	4857.7	4512.19	5877.17	3837.53	4742.51	4790.74	3833.02	
4546.87	4147.28	3997.86	4232.78	3836.49	5389.29	4483.79	4442.79	5563.68	4595.86	4959.89	5365.96	3658.63	5160.98	4454.73	3840.36	4397.33	4392.18	4597.21	4230.31	4807.81	3837.53	4742.51	4790.74	3833.02	
4546.87	4147.28	3997.86	4232.78	3836.49	5021.6	4483.79	4442.79	5440.34	4595.86	4959.89	5365.96	3658.63	5160.98	4454.73	3840.36	4397.33	3853.01	4597.21	4230.31	4807.81	3837.53	3977.28	4437.2	3833.02	
4317.69	3939.81	3794.41	4232.78	3836.49	4992.13	3884.41	4442.79	4569.14	4595.86	4959.89	5365.96	3658.63	4371.78	4098.72	3840.36	4397.33	3853.01	4597.21	4226.01	4807.81	3837.53	3815.25	4437.2	3833.02	
4317.69	3939.81	3794.41	3705.46	3836.49	4992.13	3884.41	4442.79	4569.14	4595.86	4722.98	5365.96	3658.63	4371.78	4098.72	3819.02	4397.33	3853.01	3536.51	3305.61	3959.89	3477.14	3815.25	4437.2	3833.02	
4317.69	3833.33	3782.14	3705.46	3836.49	4992.13	3884.41	4442.79	4569.14	4595.86	4332.89	5365.96	3658.63	3996.65	4098.72	3726.75	4397.33	3853.01	3536.51	3305.61	3944.25	3477.14	3815.25	4228.3	3696.1	
4317.69	3833.33	3782.14	3705.46	3836.49	4314.68	3884.41	4442.79	3335.29	4595.86	4332.89	5365.96	3658.63	3996.65	3803.96	3726.75	4397.33	3853.01	3536.51	3305.61	3944.25	3477.14	3815.25	3749.52	3384.75	
4299.98	3833.33	3782.14	3324.41	3683.62	4314.68	3884.41	4271.94	3335.29	4595.86	4257.02	5011.47	3658.63	3996.65	3803.96	3726.75	3906.91	3584.27	3536.51	3305.61	3944.25	3477.14	3622.69	3749.52	3384.75	
3905.4	3833.33	3659.02	3324.41	3634.22	4314.68	3588.49	4177.49	3335.29	4210.49	4257.02	4891.95	3658.63	3996.65	3633.06	3726.75	3906.91	3584.27	3536.51	3305.61	3944.25	3477.14	3511.22	3749.52	3384.75	
3905.4	3833.33	3659.02	3324.41	3634.22	4314.68	3588.49	4177.49	3335.29	3430.02	4257.02	4457.2	3658.63	3989.9	3588.01	3726.75	3183.98	3441.62	3536.51	3305.61	3944.25	3477.14	3511.22	3749.52	3384.75	
3889.36	3833.33	3112.99	3324.41	3150.25	4268.51	3577.05	4177.49	3335.29	3430.02	4045.28	4131.92	3658.63	3989.9	3583.3	3445.11	3183.98	3441.62	3536.51	3305.61	3829.83	3477.14	3511.22	3749.52	3384.75	
3889.36	3833.33	3112.99	3324.41	3150.25	4268.51	3330.25	3928.41	3335.29	3430.02	3634.45	4131.92	3548.92	3308.86	3475.03	3357.26	3183.98	3302.14	3536.51	3305.61	3829.83	3350.37	3342.4	3491.4	3384.75	
3350.94	3492.95	3112.99	3324.41	3150.25	4268.51	3330.25	3218.07	3335.29	3430.02	3634.45	4131.92	3453.43	3262.82	3152.83	3357.26	3151.35	3302.14	3536.51	3305.61	3829.83	3350.37	3342.4	3491.4	3384.75	
3350.94	3492.95	3112.99	3324.41	2692.12	3273.71	3330.25	3218.07	3335.29	3430.02	3634.45	4131.92	3334.47	3262.82	3152.83	3357.26	3151.35	3302.14	3536.51	3305.61	3543.45	3350.37	3342.4	3491.4	3384.75	
3350.94	3492.95	2777.69	3324.41	2692.12	3273.71	2955	3218.07	3335.29	3430.02	3634.45	3805.24	3334.47	3262.82	3152.83	2660.18	3151.35	3302.14	3536.51	3305.61	3543.45	3350.37	3342.4	3491.4	3384.75	
3350.94	3492.95	2777.69	3324.41	2692.12	3000.82	2955	3218.07	3335.29	3430.02	3634.45	3660.88	3184.28	3262.82	2964.12	2660.18	3151.35	2918.5	3536.51	3305.61	3149.46	3350.37	3342.4	3315.84	3384.75	
3350.94	3492.95	2777.69	3324.41	2692.12	3000.82	2955	2906.83	3335.29	3430.02	3447.96	3660.88	3123.69	3262.82	2964.12	2660.18	3151.35	2918.5	3536.51	3305.61	3149.46	3241.48	3342.4	3315.84	3384.75	
3350.94	3492.95	2777.69	3142.51	2692.12	3000.82	2955	2906.83	3335.29	3192.78	3020.19	3660.88	2698.98	3262.82	2964.12	2660.18	3151.35	2918.5	3536.51	2904.17	3149.46	3241.48	3145.75	3315.84	3384.75	
3350.94	3492.95	2412.35	3142.51	2692.12	3000.82	2955	2906.83	3335.29	3192.78	3020.19	3523.14	2698.98	3262.82	2964.12	2660.18	3151.35	2918.5	3359.39	2904.17	3149.46	2920.8	3145.75	3315.84	3330.68	
3350.94	3487.99	2412.35	3142.51	2692.12	3000.82	2955	2872.03	3308.53	3192.78	3020.19	3391.1	2698.98	3262.82	2882.18	2660.18	3151.35	2880.21	3359.39	2904.17	3149.46	2366	3145.75	3315.84	2955.51	
3350.94	3020.43	2412.35	3005.23	2692.12	3000.82	2955	2872.03	3308.53	2973.09	2811.53	3391.1	2698.98	3026.1	2882.18	2606.11	3151.35	2880.21	3359.39	2904.17	3149.46	2366	3145.75	3276.62	2955.51	
3350.94	3020.43	2412.35	3005.23	2692.12	3000.82	2952.82	2872.03	3308.53	2973.09	2176.92	3391.1	2698.98	3026.1	2882.18	2606.11	3087.89	2880.21	3212.72	2904.17	3149.46	2366	3058.82	3102.83	2955.51	
3350.94	3020.43	2412.35	3005.23	2692.12	3000.82	2780	2872.03	3308.53	2831.88	2176.92	3391.1	2698.98	3026.1	2882.18	2606.11	3087.89	2880.21	3182	2904.17	3149.46	2366	3058.82	2995.18	2955.51	
3350.94	3020.43	2412.35	3005.23	2692.12	3000.82	2780	2872.03	3031.23	2719.32	2176.92	3298.63	2698.98	3026.1	2882.18	2526.76	3083.79	2880.21	3155.42	2904.17	3149.46	2366	2675.66	2990.04	2955.51	
3170.48	3020.43	2412.35	3005.23	2692.12	3000.82	2780	2872.03	3031.23	2071.13	2176.92	3298.63	2698.98	3026.1	2882.18	2526.76	2900.72	2880.21	3103.87	2904.17	3149.46	2366	2675.66	2990.04	2785.46	
3170.48	3020.43	2412.35	2883.91	2692.12	3000.82	2780	2864.57	3031.23	2071.13	2176.92	3298.63	2698.98	3026.1	2882.18	2526.76	2848.39	2880.21	3103.87	2792.35	2629.09	2366	2675.66	2990.04	2785.46	
3170.48	3020.43	2412.35	2883.91	2692.12	2861.13	2780	2864.57	3031.23	2071.13	2176.92	3091.17	2663.79	3026.1	2548.85	2526.76	2704.95	2724.47	3103.87	2792.35	2539.45	2366	2675.66	2990.04	2785.46	
3170.48	3020.43	2412.35	2883.91	2662.09	2861.13	2780	2864.57	2681.9	2071.13	2176.92	3076.59	2663.79	2580.25	2548.85	2526.76	2704.95	2724.47	3103.87	2792.35	2539.45	2366	2675.66	2990.04	2785.46	
3170.48	3020.43	2412.35	2883.91	2521.66	2861.13	2780	2864.57	2681.9	2071.13	2176.92	3076.59	2502.61	2580.25	2435.33	2526.76	2587	2724.47	3072.55	2792.35	2539.45	2366	2542.19	2783.91	2303.31	
3149.82	3016.39	2412.35	2883.91	2521.66	2861.13	2780	2700.46	2681.9	2071.13	2176.92	2877.55	2502.61	2580.25	2435.33	2526.76	2587	2724.47	2481.43	2792.35	2539.45	2366	2542.19	2783.91	2303.31	
3050.57	2399.27	2412.35	2883.91	2521.66	2861.13	2780	2700.46	2681.9	2071.13	2176.92	2877.55	2502.61	2580.25	2435.33	2526.76	2587	2724.47	2481.43	2792.35	2539.45	2366	2542.19	2783.91	2303.31	
3050.57	2399.27	2412.35	2883.91	2521.66	2861.13	2446.72	2700.46	2681.9	2071.13	2176.92	2877.55	2502.61	2580.25	2435.33	2526.76	2587	2724.47	2481.43	2766.88	2539.45	2094.36	2542.19	2457.26	2303.31	
2907.43	2374.92	2412.35	2692	2521.66	2773.96	2446.72	2700.46	2681.9	2071.13	2176.92	2877.55	2502.61	2580.25	2435.33	2526.76	2587	2685.76	2481.43	2766.88	2539.45	2094.36	2542.19	2365.64	2303.31	
2907.43	2374.92	2412.35	2692	2521.66	2483.11	2446.72	2700.46	2681.9	2071.13	2176.92	2877.55	2502.61	2580.25	2435.33	2526.76	2587	2685.76	2481.43	2766.88	2539.45	2094.36	2542.19	2365.64	2303.31	
2907.43	2374.92	2412.35	2652.56	2521.66	2354.01	2446.72	2501.15	2681.9	2071.13	2176.92	2877.55	2502.61	2580.25	2435.33	2526.76	2587	2685.33	2401.34	2766.88	2539.45	2094.36	2542.19	2365.64	2303.31	
2777.64	2374.92	2412.35	2652.56	2521.66	2354.01	2446.72	2489.72	2681.9	2071.13	2176.92	2747.49	2305.46	2580.25	2435.33	2526.76	2587	2543.46	2401.34	2285.54	2539.45	2094.36	2542.19	2365.64	2303.31	
2777.64	2374.92	2375.52	2652.56	2521.66	2354.01	2446.72	2489.72	2431.86	1567.61	2176.92	2747.49	2305.46	2580.25	2435.33	2373.51	2587	2543.46	2401.34	2285.54	2539.45	2094.36	2377.08	2365.64	2303.31	
2777.64	2374.92	2375.52	2652.56	2521.66	2354.01	2446.72	2489.72	2431.86	1567.61	2176.92	2747.49	2305.46	2580.25	2414.59	2373.51	2583.81	2543.46	2401.34	2285.54	2539.45	2094.36	2377.08	2365.64	2303.31	
2777.64	2374.92	2071.25	2652.56	2117.17	2354.01	2365.42	2484.31	2431.86	1567.61	2176.92	2747.49	2305.46	2580.25	2414.59	2373.51	2286.31	2497.6	2401.34	2285.54	2350.2	2094.36	2377.08	2115.19	2303.31	
2209.35	2374.92	1994.59	2652.56	2117.17	2354.01	2365.42	2484.31	2431.86	1567.61	2176.92	2747.49	2305.46	2580.25	2090.35	2373.51	2286.31	2497.6	2401.34	2285.54	2350.2	2094.36	2377.08	2115.19	2303.31	
2209.35	2374.92	1994.59	2217.81	2117.17	2354.01	2365.42	2484.31	2298.97	1567.61	2176.92	2747.49	2243.56	2458.8	2090.35	2270.48	2212.33	2497.6	2401.34	2285.54	2350.2	2094.36	2377.08	2115.19	2303.31	
2209.35	2374.92	1994.59	2217.81	2117.17	2354.01	1966.65	2145.98	2298.97	1567.61	2176.92	2519.83	2243.56	2458.8	2090.35	2270.48	2212.33	2364.64	2401.34	2285.54	2350.2	2094.36	2377.08	2115.19	2303.31	
2182.29	2374.92	1994.59	2217.81	2117.17	2354.01	1966.65	2145.98	2298.97	1567.61	2176.92	2517.53	2243.56	2458.8	2090.35	2270.48	2212.33	2364.64	2401.34	2285.54	2350.2	2094.36	2317.34	2115.19	2303.31	
2182.29	2374.92	1994.59	2217.81	2117.17	2354.01	1966.65	2145.98	2298.97	1567.61	2176.92	2517.53	2243.56	2458.8	2090.35	2196.49	2212.33	2364.64	2390.43	2285.54	2350.2	2094.36	2317.34	2115.19	2303.31	
2182.29	2365.2	1994.59	2217.81	2117.17	2354.01	1966.65	2145.98	2298.97	1567.61	2176.92	2517.53	2243.56	2458.8	2090.35	2196.49	1371.3	2364.64	2390.43	2285.54	2350.2	2094.36	2317.34	2115.19	2303.31	
2182.29	2365.2	1994.59	2217.81	2117.17	2354.01	1966.65	2145.98	2298.97	1567.61	2176.92	2517.53	2243.56	2458.8	2090.35	2196.49	1371.3	2364.64	2390.43	2285.54	2350.2	2094.36	2317.34	2115.19	2184.17	
2182.29	2365.2	1994.59	2217.81	2117.17	2354.01	1966.65	2145.98	2298.97	1567.61	2176.92	2517.53	2243.56	2458.8	2090.35	2196.49	1371.3	2364.64	2390.43	2285.54	2350.2	2094.36	2317.34	2115.19	2184.17	
2182.29	2088.03	1994.59	2217.81	2117.17	2354.01	1966.65	2145.98	2298.97	1567.61	2176.92	2517.53	2176.11	2458.33	2090.35	2196.49	1371.3	2364.64	2390.43	2285.54	2350.2	2039.53	2317.34	2115.19	2184.17	
2182.29	2088.03	1994.59	2217.81	2117.17	2354.01	1966.65	2145.98	2298.97	1567.61	2176.92	2517.53	2176.11	2458.33	2090.35	2174.62	1371.3	2361.46	2390.43	2285.54	2350.2	2039.53	2317.34	2115.19	2184.17	
2182.29	2088.03	1994.59	2217.81	2117.17	2354.01	1966.65	2115.32	2298.97	1567.61	2176.92	2517.53	2176.11	2458.33	2090.35	2174.62	1371.3	2361.46	2252.41	2285.54	2350.2	2039.53	2317.34	2115.19	2184.17	
2182.29	2039.7	1994.59	2217.81	2117.17	2354.01	1966.65	2115.32	2216.13	1567.61	2176.92	2517.53	2176.11	2458.33	2090.35	2174.62	1371.3	1810.43	2252.41	2285.54	2197.76	2039.53	2231.15	2115.19	2184.17	
2182.29	2039.7	1994.59	2217.81	2117.17	2354.01	1966.65	2115.32	2216.13	1567.61	2176.92	2517.53	2176.11	2458.33	2090.35	2174.62	1371.3	1810.43	2252.41	2229.26	2197.76	2039.53	2231.15	2115.19	2184.17	
2182.29	2039.7	1994.59	2019.73	2117.17	2354.01	1966.65	2115.32	2216.13	1567.61	2176.92	2517.53	2176.11	2458.33	2090.35	2174.62	1371.3	1810.43	2252.41	2229.26	2197.76	2039.53	1721.72	2115.19	2184.17	
2182.29	2039.7	1994.59	2019.73	2117.17	2354.01	1966.65	2115.32	2216.13	1567.61	2176.92	2517.53	2176.11	2458.33	1965.45	2174.62	1371.3	1620.58	2058.61	1945.31	2197.76	2039.53	1721.72	2115.19	1929.48	
2182.29	2039.7	1994.59	2019.73	2117.17	2354.01	1966.65	2115.32	2216.13	1567.61	1946.9	2517.53	2176.11	2458.33	1965.45	1878.5	1371.3	1620.58	2058.61	1945.31	2197.76	2039.53	1721.72	2115.19	1929.48	
2182.29	2039.7	1994.59	2019.73	2117.17	2354.01	1865.45	2115.32	2216.13	1567.61	1946.9	2517.53	2176.11	2210.61	1965.45	1878.5	1371.3	1620.58	2058.61	1945.31	2197.76	2039.53	1721.72	2115.19	1929.48	
2182.29	2039.7	1994.59	1571.84	2117.17	2354.01	1865.45	2115.32	2216.13	1567.61	1946.9	2494.91	2176.11	2210.61	1965.45	1878.5	1371.3	1620.58	1891.45	1945.31	2197.76	2039.53	1721.72	2002.33	1929.48	
2180.85	2039.7	1994.59	1571.84	2117.17	2354.01	1865.45	2115.32	1940.21	1567.61	1946.9	2494.8	2176.11	1783.28	1965.45	1878.5	1371.3	1620.58	1891.45	1863.55	2197.76	2039.53	1721.72	2002.33	1929.48	
2180.85	2039.7	1994.59	1571.84	2117.17	2354.01	1865.45	2092.66	1940.21	1567.61	1946.9	2318.81	2176.11	1783.28	1965.45	1878.5	1371.3	1620.58	1891.45	1863.55	2197.76	2039.53	1721.72	2002.33	1929.48	
2180.85	2004.52	1994.59	1571.84	2117.17	2285.87	1865.45	2092.66	1940.21	1567.61	1946.9	2182.86	2176.11	1783.28	1965.45	1878.5	1371.3	1620.58	1891.45	1863.55	1679.88	2039.53	1721.72	2002.33	1929.48	
2043.14	2004.52	1994.59	1571.84	2006.72	2285.87	1865.45	2052.82	1940.21	1567.61	1946.9	2182.86	2176.11	1783.28	1791.82	1878.5	1371.3	1620.58	1891.45	1863.55	1679.88	2011.9	1721.72	2002.33	1929.48	
2043.14	1957.86	1994.59	1571.84	2006.72	2285.87	1865.45	2052.82	1940.21	1567.61	1946.9	2032.37	2176.11	1783.28	1791.82	1878.5	1371.3	1620.58	1891.45	1863.55	1679.88	2011.9	1721.72	1638.45	1929.48	
2043.14	1957.86	1994.59	1571.84	1643.93	2285.87	1865.45	1856.09	1940.21	1567.61	1946.9	2032.37	1927.81	1783.28	1791.82	1878.5	1371.3	1620.58	1891.45	1863.55	1679.88	2011.9	1721.72	1638.45	1929.48	
2043.14	1957.86	1994.59	1571.84	1643.93	2095	1764.78	1856.09	1940.21	1567.61	1946.9	1976.32	1927.81	1783.28	1791.82	1659.38	1371.3	1620.58	1891.45	1863.55	1679.88	2011.9	1721.72	1638.45	1929.48	
2043.14	1957.86	1994.59	1571.84	1643.93	2095	1764.78	1856.09	1940.21	1567.61	1946.9	1976.32	1927.81	1783.28	1791.82	1659.38	1371.3	1620.58	1891.45	1863.55	1679.88	1979.34	1721.72	1638.45	1929.48	
2043.14	1957.86	1994.59	1571.84	1643.93	1973.11	1764.78	1856.09	1940.21	1567.61	1946.9	1354.74	1927.81	1783.28	1791.82	1659.38	1371.3	1620.58	1891.45	1420.91	1679.88	1979.34	1721.72	1638.45	1843.01	
2043.14	1957.86	1994.59	1571.84	1643.93	1973.11	1764.78	1856.09	1940.21	1567.61	1946.9	1354.74	1850.17	1783.28	1791.82	1659.38	1371.3	1620.58	1891.45	1420.91	1679.88	1979.34	1721.72	1638.45	1843.01	
2043.14	1957.86	1976.26	1571.84	1643.93	1973.11	1649.78	1856.09	1940.21	1567.61	1946.9	1354.74	1850.17	1783.28	1791.82	1659.38	1371.3	1620.58	1868.35	1420.91	1679.88	1979.34	1721.72	1638.45	1705.19	
2043.14	1957.86	1887.55	1571.84	1643.93	1973.11	1649.78	1773.62	1892.58	1567.61	1946.9	1354.74	1850.17	1783.28	1791.82	1659.38	1371.3	1620.58	1868.35	1420.91	1679.88	1979.34	1721.72	1638.45	1705.19	
1960.44	1957.86	1887.55	1571.84	1643.93	1943.48	1649.78	1773.62	1750.23	1567.61	1946.9	1354.74	1850.17	1783.28	1791.82	1659.38	1371.3	1620.58	1868.35	1420.91	1679.88	1979.34	1721.72	1638.45	1705.19	
1960.44	1957.86	1887.55	1571.84	1643.93	1943.48	1649.78	1773.62	1750.23	1567.61	1946.9	1354.74	1850.17	1783.28	1791.82	1659.38	1371.3	1620.58	1868.35	1420.91	1679.88	1979.34	1721.72	1638.45	1705.19	
1960.44	1779.44	1887.55	1571.84	1637.85	1943.48	1649.78	1773.62	1750.23	1567.61	1946.9	1354.74	1850.17	1783.28	1726.56	1659.38	1371.3	1620.58	1868.35	1420.91	1679.88	1979.34	1721.72	1638.45	1705.19	
1854.61	1779.44	1887.55	1571.84	1637.85	1943.48	1649.78	1773.62	1750.23	1567.61	1946.9	1354.74	1850.17	1783.28	1542.56	1659.38	1371.3	1620.58	1868.35	1420.91	1679.88	1979.34	1721.72	1638.45	1705.19	
1854.61	1779.44	1874.91	1571.84	1637.85	1943.48	1649.78	1773.62	1750.23	1567.61	1946.9	1354.74	1850.17	1783.28	1542.56	1659.38	1371.3	1620.58	1868.35	1420.91	1679.88	1979.34	1721.72	1638.45	1705.19	
1854.61	1779.44	1874.91	1571.84	1637.85	1616.33	1649.78	1773.62	1750.23	1567.61	1946.9	1354.74	1624.63	1783.28	1542.56	1659.38	1371.3	1620.58	1868.35	1420.91	1679.88	1979.34	1721.72	1638.45	1705.19	
1854.61	1779.44	1874.91	1571.84	1637.85	1616.33	1369.73	1773.62	1750.23	1567.61	1670.02	1354.74	1624.63	1783.28	1542.56	1659.38	1371.3	1620.58	1868.35	1420.91	1679.88	1979.34	1721.72	1638.45	1705.19	
1854.61	1779.44	1874.91	1571.84	1637.85	1616.33	1369.73	1773.62	1750.23	1567.61	1670.02	1354.74	1624.63	1783.28	1542.56	1327.47	1371.3	1620.58	1868.35	1420.91	1679.88	1979.34	1721.72	1638.45	1573.83	
1854.61	1779.44	1853.09	1571.84	1637.85	1616.33	1369.73	1773.62	1750.23	1567.61	1670.02	1354.74	1624.63	1783.28	1542.56	1327.47	1371.3	1620.58	1778.6	1420.91	1679.88	1979.34	1721.72	1638.45	1573.83	
1854.61	1779.44	1309.99	1571.84	1637.85	1616.33	1369.73	1773.62	1750.23	1567.61	1670.02	1354.74	1624.63	1783.28	1542.56	1327.47	1371.3	1620.58	1778.6	1420.91	1561.9	1979.34	1721.72	1638.45	1573.83	
1854.61	1779.44	1309.99	1571.84	1637.85	1616.33	1369.73	1773.62	1750.23	1567.61	1670.02	1354.74	1624.63	1783.28	1542.56	1327.47	1371.3	1620.58	1778.6	1420.91	1561.9	1979.34	1721.72	1638.45	1573.83	
1854.61	1779.44	1309.99	1571.84	1523.73	1616.33	1369.73	1773.62	1750.23	1567.61	1360.55	1354.74	1624.63	1783.28	1542.56	1327.47	1371.3	1620.58	1778.6	1420.91	1561.9	1979.34	1721.72	1638.45	1573.83	
1854.61	1779.44	1309.99	1571.84	1523.73	1616.33	1369.73	1773.62	1750.23	1567.61	1360.55	1354.74	1624.63	1783.28	1542.56	1327.47	1371.3	1620.58	1778.6	1420.91	1561.9	1692.23	1721.72	1638.45	1573.83	
1722.85	1779.44	1309.99	1571.84	1523.73	1616.33	1369.73	1773.62	1750.23	1567.61	1360.55	1354.74	1624.63	1783.28	1542.56	1327.47	1371.3	1620.58	1778.6	1420.91	1561.9	1692.23	1721.72	1638.45	1573.83	
1722.85	1779.44	1309.99	1571.84	1523.73	1616.33	1369.73	1773.62	1750.23	1567.61	1360.55	1354.74	1624.63	1783.28	1542.56	1327.47	1371.3	1620.58	1778.6	1420.91	1561.9	1692.23	1721.72	1638.45	1573.83	
1722.85	1779.44	1309.99	1571.84	1523.73	1616.33	1369.73	1773.62	1750.23	1567.61	1360.55	1354.74	1624.63	1783.28	1542.56	1327.47	1371.3	1620.58	1778.6	1420.91	1561.9	1692.23	1721.72	1638.45	1573.83	
1722.85	1779.44	1309.99	1571.84	1523.73	1616.33	1369.73	1773.62	1750.23	1567.61	1360.55	1354.74	1624.63	1783.28	1542.56	1327.47	1371.3	1620.58	1778.6	1420.91	1561.9	1692.23	1721.72	1566.26	1573.83	
1722.85	1779.44	1309.99	1571.84	1523.73	1616.33	1369.73	1773.62	1750.23	1567.61	1360.55	1354.74	1624.63	1669.74	1542.56	1327.47	1371.3	1620.58	1778.6	1420.91	1561.9	1692.23	1721.72	1566.26	1573.83	
1722.85	1779.44	1309.99	1571.84	1523.73	1616.33	1369.73	1773.62	1750.23	1567.61	1360.55	1354.74	1624.63	1669.74	1542.56	1327.47	1371.3	1620.58	1778.6	1420.91	1561.9	1692.23	1721.72	1566.26	1573.83	
1722.85	1772.15	1309.99	1571.84	1523.73	1616.33	1369.73	1773.62	1750.23	1567.61	1360.55	1354.74	1624.63	1669.74	1542.56	1327.47	1371.3	1620.58	1778.6	1420.91	1273.82	1692.23	1721.72	1566.26	1573.83	
1722.85	1772.15	1309.99	1571.84	1523.73	923.357	1369.73	1626.39	1750.23	1567.61	1360.55	1354.74	1624.63	1669.74	1542.56	1327.47	1371.3	1620.58	1778.6	1420.91	1273.82	1692.23	1721.72	1510.6	1573.83	
1273.3	1772.15	1309.99	1571.84	1523.73	923.357	1369.73	1626.39	1750.23	1567.61	1360.55	1354.74	1624.63	1669.74	1542.56	1327.47	1371.3	1620.58	1778.6	1420.91	1273.82	1692.23	1721.72	1510.6	1573.83	
1273.3	1772.15	1309.99	1301.29	1523.73	923.357	1369.73	1626.39	1750.23	1470.7	1360.55	1354.74	1624.63	1669.74	1298.35	1327.47	1371.3	1620.58	1778.6	1420.91	1273.82	1692.23	1721.72	1510.6	1573.83	
1273.3	1772.15	1309.99	1301.29	1523.73	923.357	1369.73	1626.39	1750.23	1470.7	1360.55	1354.74	1624.63	1669.74	1298.35	1327.47	1371.3	1620.58	1778.6	1420.91	1273.82	1692.23	1721.72	1510.6	1573.83	
1273.3	1772.15	1309.99	1301.29	1523.73	923.357	1369.73	1626.39	1750.23	1470.7	1360.55	1354.74	1624.63	1669.74	1298.35	1327.47	1371.3	1620.58	1778.6	1420.91	1273.82	1692.23	1721.72	1401.33	1573.83	
1273.3	1772.15	1309.99	1301.29	1523.73	923.357	1369.73	1586.97	1750.23	1470.7	1360.55	1354.74	1624.63	1669.74	1298.35	1327.47	1371.3	1620.58	1778.6	1420.91	1273.82	1692.23	1579.98	1401.33	1573.83	
1273.3	1772.15	1309.99	1301.29	1523.73	923.357	1369.73	1586.97	1622.63	1470.7	1360.55	1354.74	1624.63	1669.74	1298.35	1327.47	1371.3	1620.58	1778.6	1420.91	1273.82	1692.23	1579.98	1401.33	1573.83	
1273.3	1710.29	1309.99	1301.29	1523.73	923.357	1369.73	1586.97	1622.63	1470.7	1360.55	1354.74	1624.63	1669.74	1298.35	1327.47	1371.3	1620.58	1778.6	1420.91	1273.82	1692.23	1579.98	1401.33	1274.05	
1273.3	1710.29	1309.99	1301.29	1523.73	923.357	1369.73	1586.97	1622.63	1470.7	1360.55	1354.74	1624.63	1669.74	1298.35	1327.47	1371.3	1620.58	1778.6	1420.91	1273.82	1692.23	1579.98	1357.5	1274.05	
1273.3	1696.02	1309.99	1301.29	1523.73	923.357	1369.73	1586.97	1622.63	1470.7	1360.55	1354.74	1624.63	1669.74	1298.35	1327.47	1371.3	1620.58	1778.6	1365.21	1273.82	1461.81	1579.98	1357.5	1274.05	
1273.3	1544	1309.99	1301.29	1523.73	923.357	1369.73	1586.97	1464.67	1470.7	1360.55	1354.74	1624.63	1669.74	1298.35	1327.47	1371.3	1498.69	1559.22	1365.21	1273.82	1461.81	1579.98	1357.5	1274.05	
1273.3	1544	1309.99	1301.29	1523.73	923.357	1369.73	1586.97	1464.67	1470.7	1360.55	1354.74	1624.63	1669.74	1298.35	1327.47	1371.3	1498.69	1559.22	1365.21	1273.82	1367.46	1579.98	1259.42	1274.05	
1273.3	1544	1309.99	1301.29	1523.73	923.357	1369.73	1586.97	1464.67	1470.7	1360.55	1354.74	1624.63	1461.34	1298.35	1327.47	1371.3	1498.69	1559.22	1248.48	1273.82	1367.46	1579.98	1259.42	1274.05	
1273.3	1544	1309.99	1301.29	1523.73	923.357	1369.73	1586.97	1464.67	1470.7	1360.55	1354.74	1624.63	1461.34	1298.35	1327.47	1371.3	1498.69	1559.22	1248.48	1273.82	1367.46	1579.98	1259.42	1274.05	
1273.3	1544	1309.99	1301.29	1523.73	923.357	1369.73	1586.97	1464.67	1470.7	1360.55	1354.74	1624.63	1461.34	1298.35	1327.47	1371.3	1498.69	1441.65	1248.48	1273.82	1367.46	1579.98	1259.42	1274.05	
1273.3	1544	1309.99	1301.29	1523.73	923.357	1369.73	1586.97	1464.67	1470.7	1360.55	1354.74	1624.63	1461.34	1298.35	1327.47	1371.3	1498.69	1441.65	1248.48	1273.82	1327.11	1579.98	1259.42	1274.05	
1273.3	1544	1309.99	1301.29	1160.67	923.357	1369.73	1465.38	1464.67	1470.7	1360.55	1354.74	1624.63	1461.34	1298.35	1327.47	1371.3	1498.69	1441.65	1248.48	1273.82	1327.11	1549.36	1259.42	1274.05	
1273.3	1544	1309.99	1301.29	1160.67	923.357	1369.73	1465.38	1464.67	1470.7	1360.55	1354.74	1624.63	1461.34	1298.35	1327.47	1371.3	1498.69	1441.65	1248.48	1273.82	1327.11	1549.36	1259.42	1274.05	
1273.3	1544	1157.35	1301.29	1160.67	923.357	1369.73	1465.38	1464.67	1470.7	1360.55	1354.74	1624.63	1461.34	1298.35	1327.47	1371.3	1498.69	1441.65	1248.48	1273.82	1327.11	1549.36	1259.42	1274.05	
1273.3	1540.33	1157.35	1301.29	1160.67	923.357	1369.73	1465.38	1464.67	1470.7	1360.55	1354.74	1624.63	1461.34	1298.35	1327.47	1371.3	1498.69	1441.65	1248.48	1273.82	1327.11	1549.36	1259.42	1274.05	
1273.3	1540.33	1157.35	1301.29	1160.67	923.357	1369.73	1465.38	1464.67	1470.7	1360.55	1354.74	1594.92	1461.34	1208.28	1243.57	1371.3	1498.69	1441.65	1248.48	1273.82	1327.11	1549.36	1259.42	1274.05	
1273.3	1540.33	1157.35	1301.29	1160.67	923.357	1369.73	1465.38	1464.67	1422.11	1360.55	1354.74	1594.92	1461.34	1208.28	1243.57	1371.3	1498.69	1441.65	1248.48	1273.82	1327.11	1549.36	1259.42	1274.05	
1273.3	1540.33	1157.35	1301.29	1160.67	923.357	1369.73	1465.38	1464.67	1422.11	1360.55	1354.74	1302.68	1461.34	1208.28	1243.57	1371.3	1498.69	1441.65	1248.48	1273.82	1327.11	1549.36	1259.42	1274.05	
1273.3	1540.33	1157.35	1301.29	1160.67	923.357	1369.73	1465.38	1464.67	1284.07	1360.55	1354.74	1302.68	1461.34	1166.59	1243.57	1371.3	1498.69	1441.65	1248.48	1273.82	1327.11	1549.36	1259.42	1274.05	
1273.3	1540.33	1157.35	1301.29	1160.67	923.357	1369.73	1465.38	1464.67	1284.07	1360.55	1354.74	1302.68	1461.34	1166.59	1243.57	1371.3	1498.69	1441.65	1248.48	1273.82	1327.11	1439.49	1259.42	1274.05	
1273.3	1540.33	1157.35	1301.29	1160.67	923.357	1369.73	1465.38	1345.1	1284.07	1360.55	1354.74	1302.68	1461.34	1166.59	1243.57	1371.3	1498.69	1441.65	1248.48	1273.82	1327.11	1133.81	1259.42	1274.05	
1273.3	1540.33	1157.35	1191.33	1160.67	923.357	1369.73	1465.38	1345.1	1284.07	1360.55	1354.74	1204.25	1461.34	1166.59	1243.57	1371.3	1498.69	1441.65	1248.48	1273.82	1327.11	1133.81	1259.42	1274.05	
1273.3	1540.33	1157.35	1191.33	1160.67	923.357	1236.65	1465.38	1345.1	1284.07	1360.55	1354.74	1204.25	1461.34	1166.59	1243.57	1371.3	1498.69	1441.65	1248.48	1273.82	1327.11	1133.81	1259.42	1274.05	
1273.3	1540.33	1157.35	1191.33	1160.67	923.357	1236.65	1379.49	1345.1	1284.07	1360.55	1256.7	1204.25	1456.44	1166.59	1029.9	1371.3	1498.69	1441.65	1248.48	1273.82	1327.11	1133.81	1259.42	1274.05	
1214.64	1440.95	1157.35	1191.33	1160.67	923.357	1236.65	1379.49	1345.1	1284.07	1360.55	1256.7	1204.25	1456.44	1166.59	1029.9	1371.3	1498.69	1441.65	1248.48	1273.82	1327.11	1133.81	1259.42	1274.05	
980.942	1440.95	1157.35	1191.33	1160.67	923.357	1236.65	1379.49	1345.1	1284.07	1360.55	1256.7	1204.25	1456.44	1166.59	1029.9	1263.33	1498.69	1441.65	1248.48	1250.05	1327.11	1133.81	1259.42	1274.05	
980.942	1440.95	1157.35	1191.33	1160.67	923.357	1236.65	1379.49	1345.1	1284.07	1360.55	1256.7	1204.25	1456.44	1082.04	1029.9	1263.33	1498.69	1441.65	1248.48	1250.05	1327.11	1133.81	1259.42	1274.05	
980.942	1440.95	1157.35	1191.33	1160.67	923.357	1236.65	1379.49	1345.1	1284.07	1270.8	1256.7	1204.25	1398.58	1082.04	1029.9	1263.33	1461.72	1441.65	1248.48	1250.05	1327.11	1133.81	1259.42	1191.67	
980.942	1440.95	1157.35	1191.33	1160.67	923.357	1236.65	1379.49	1345.1	1052.86	1270.8	1256.7	1204.25	1398.58	1082.04	1029.9	1263.33	1461.72	1441.65	1248.48	1250.05	1327.11	1133.81	1259.42	1191.67	
980.942	1440.95	1157.35	1191.33	1160.67	923.357	1236.65	1379.49	1345.1	1052.86	1270.8	1256.7	1204.25	1398.58	1082.04	1029.9	1263.33	1461.72	1441.65	1248.48	1250.05	1327.11	1133.81	1259.42	1191.67	
980.942	1440.95	1157.35	1191.33	1160.67	923.357	1236.65	1379.49	1345.1	1052.86	1270.8	968.07	1204.25	1398.58	1082.04	1029.9	1263.33	1461.72	1441.65	1248.48	1206.07	1327.11	1133.81	1259.42	1191.67	
980.942	1440.95	1157.35	1191.33	1160.67	923.357	1236.65	1379.49	1345.1	1052.86	1270.8	968.07	1166.24	1398.58	1082.04	1029.9	1263.33	1461.72	1441.65	1248.48	1206.07	1327.11	1133.81	1259.42	1191.67	
980.942	1440.95	1157.35	1191.33	1160.67	923.357	1236.65	1337.02	1345.1	1052.86	1270.8	968.07	1166.24	897.682	1082.04	1029.9	1263.33	1407.7	1441.65	1248.48	1206.07	1327.11	1133.81	1259.42	1191.67	
980.942	1440.95	1157.35	1191.33	1160.67	923.357	1197.19	1337.02	1345.1	1052.86	1091.93	968.07	990.669	897.682	1082.04	1029.9	1263.33	1160.05	1441.65	1248.48	1206.07	1327.11	1133.81	1259.42	1191.67	
980.942	1440.95	1157.35	1191.33	1160.67	923.357	1197.19	1287.46	1345.1	1052.86	1091.93	968.07	990.669	897.682	1082.04	965.637	1263.33	1160.05	1441.65	1248.48	1206.07	1327.11	1133.81	1259.42	1191.67	
980.942	874.452	1157.35	1191.33	1160.67	923.357	1197.19	1287.46	1150.51	1052.86	1091.93	968.07	990.669	897.682	1082.04	965.637	1263.33	1160.05	1425.29	1248.48	1206.07	1315.19	1133.81	1259.42	1191.67	
980.942	874.452	1113.61	1191.33	1160.67	923.357	1197.19	1287.46	1150.51	1052.86	1091.93	968.07	990.669	897.682	1082.04	965.637	1263.33	1160.05	1425.29	1123.81	1206.07	1230.04	1133.81	1259.42	1191.67	
980.942	874.452	1113.61	1191.33	1160.67	923.357	1197.19	1287.46	1150.51	1052.86	1091.93	968.07	990.669	897.682	1082.04	965.637	1263.33	1160.05	1425.29	795.776	1206.07	1230.04	1133.81	1094.33	1191.67	
980.942	874.452	1113.61	1191.33	1137.03	923.357	1197.19	1248.12	1150.51	1052.86	1091.93	968.07	990.669	897.682	1082.04	965.637	1263.33	1160.05	1425.29	795.776	1206.07	1230.04	1133.81	1094.33	1191.67	
980.942	874.452	1113.61	1191.33	1137.03	923.357	1197.19	1248.12	1150.51	1052.86	1091.93	968.07	990.669	897.682	1082.04	965.637	1263.33	1160.05	1425.29	795.776	1206.07	1230.04	1133.81	1094.33	1191.67	
980.942	874.452	1113.61	1191.33	1137.03	923.357	1197.19	1148.52	1098.96	1052.86	1091.93	968.07	990.669	897.682	1082.04	965.637	1263.33	1160.05	1425.29	795.776	1206.07	1230.04	1113.94	1094.33	1191.67	
980.942	874.452	1113.61	1191.33	1137.03	923.357	843.728	1148.52	1098.96	1052.86	1091.93	968.07	990.669	897.682	1082.04	965.637	1263.33	1160.05	1425.29	795.776	1206.07	1230.04	1113.94	1094.33	1191.67	
980.942	874.452	1113.61	1191.33	1137.03	923.357	843.728	1148.52	1098.96	1052.86	1091.93	968.07	990.669	897.682	1082.04	965.637	1263.33	1160.05	1425.29	795.776	1206.07	1230.04	1113.94	1094.33	1191.67	
980.942	874.452	1113.61	1191.33	1137.03	923.357	843.728	1148.52	1098.96	1052.86	1091.93	968.07	990.669	897.682	1082.04	965.637	1263.33	1160.05	1425.29	795.776	1206.07	992.654	1113.94	1094.33	1191.67	
980.942	874.452	1113.61	1191.33	1137.03	923.357	843.728	1148.52	1098.96	1052.86	1091.93	968.07	990.669	897.682	1082.04	933.058	1263.33	1160.05	1425.29	795.776	1206.07	992.654	1113.94	1094.33	1175.13	
980.942	874.452	1113.61	1191.33	1137.03	923.357	843.728	1148.52	1098.96	1052.86	1091.93	968.07	990.669	897.682	1082.04	933.058	1263.33	1160.05	1425.29	795.776	1206.07	992.654	1113.94	1094.33	1175.13	
980.942	874.452	1113.61	657.319	1137.03	923.357	843.728	1148.52	1098.96	1052.86	1091.93	968.07	990.669	897.682	1082.04	933.058	1263.33	1160.05	1425.29	795.776	864.438	992.654	1113.94	1094.33	1175.13	
980.942	874.452	1113.61	657.319	1137.03	923.357	843.728	1031.76	1098.96	1052.86	1091.93	968.07	990.669	897.682	1082.04	933.058	1263.33	1160.05	1425.29	795.776	864.438	992.654	1082.84	1094.33	1175.13	
980.942	874.452	1113.61	657.319	1137.03	923.357	843.728	1031.76	1098.96	1052.86	1091.93	968.07	990.669	897.682	1082.04	933.058	1263.33	1160.05	1128.89	795.776	864.438	992.654	1082.84	989.249	1175.13	
980.942	874.452	1113.61	657.319	1137.03	923.357	843.728	1031.76	1098.96	1052.86	1091.93	968.07	990.669	897.682	1082.04	933.058	1106.81	1160.05	1128.89	795.776	864.438	992.654	1082.84	989.249	1175.13	
980.942	874.452	1113.61	657.319	1137.03	923.357	843.728	1031.76	1098.96	1052.86	1091.93	968.07	990.669	897.682	1082.04	933.058	1106.81	1160.05	1128.89	795.776	864.438	992.654	1082.84	837.543	1175.13	
980.942	874.452	1113.61	657.319	911.642	923.357	843.728	1031.76	1098.96	1052.86	1091.93	968.07	990.669	897.682	1082.04	933.058	1106.81	1160.05	1128.89	795.776	864.438	992.654	1082.84	837.543	1175.13	
980.942	874.452	1082.51	657.319	911.642	923.357	843.728	1031.76	1098.96	1052.86	1091.93	968.07	990.669	897.682	1082.04	933.058	1106.81	1160.05	1128.89	795.776	864.438	992.654	1082.84	837.543	1175.13	
980.942	874.452	1082.51	657.319	911.642	923.357	843.728	1031.76	1098.96	1052.86	1091.93	968.07	990.669	897.682	1082.04	933.058	1106.81	1160.05	1128.89	795.776	864.438	992.654	1074.15	837.543	1175.13	
980.942	874.452	1082.51	657.319	911.642	923.357	843.728	1031.76	1098.96	1052.86	1091.93	968.07	967.624	897.682	1082.04	933.058	1106.81	1160.05	1128.89	795.776	864.438	954.73	1074.15	837.543	1175.13	
980.942	874.452	1082.51	657.319	911.642	923.357	843.728	1031.76	1098.96	1052.86	1091.93	968.07	967.624	897.682	1082.04	933.058	950.797	1160.05	1128.89	795.776	864.438	954.73	1074.15	837.543	1175.13	
980.942	874.452	1082.51	657.319	911.642	923.357	843.728	1031.76	1098.96	1052.86	1091.93	968.07	967.624	897.682	1082.04	933.058	950.797	1160.05	1128.89	795.776	864.438	954.73	1074.15	837.543	1175.13	
980.942	874.452	1082.51	657.319	911.642	923.357	843.728	1031.76	1098.96	1052.86	1091.93	968.07	967.624	897.682	1082.04	933.058	950.797	1160.05	1128.89	795.776	864.438	954.73	1074.15	837.543	1175.13	
980.942	874.452	1082.51	657.319	911.642	923.357	843.728	772.745	1098.96	662.003	949.268	968.07	967.624	897.682	1082.04	674.793	950.797	1160.05	1128.89	795.776	864.438	954.73	1074.15	837.543	1175.13	
980.942	874.452	1082.51	657.319	911.642	923.357	843.728	772.745	1098.96	662.003	949.268	968.07	967.624	897.682	1082.04	674.793	728.519	1160.05	1128.89	679.404	864.438	954.73	1074.15	837.543	1175.13	
980.942	874.452	1082.51	657.319	911.642	923.357	843.728	772.745	1098.96	662.003	765.466	968.07	967.624	897.682	1062.36	674.793	728.519	1160.05	1128.89	679.404	864.438	954.73	1074.15	837.543	1175.13	
980.942	874.452	872.347	657.319	911.642	923.357	843.728	772.745	959.343	662.003	765.466	968.07	967.624	897.682	1062.36	674.793	728.519	1080.87	1128.89	679.404	864.438	954.73	1074.15	837.543	1175.13	
980.942	874.452	872.347	657.319	911.642	923.357	843.728	772.745	959.343	662.003	765.466	968.07	967.624	897.682	1062.36	674.793	728.519	1080.87	1128.89	679.404	864.438	954.73	1074.15	837.543	1175.13	
980.942	874.452	872.347	657.319	911.642	923.357	843.728	772.745	959.343	662.003	765.466	968.07	967.624	897.682	1062.36	674.793	728.519	1080.87	1128.89	679.404	864.438	954.73	1074.15	837.543	1175.13	
980.942	874.452	872.347	657.319	911.642	923.357	843.728	772.745	959.343	662.003	765.466	968.07	967.624	897.682	1062.36	674.793	728.519	1080.87	1128.89	679.404	864.438	954.73	1074.15	837.543	1175.13	
980.942	874.452	872.347	657.319	911.642	923.357	843.728	772.745	959.343	662.003	765.466	968.07	967.624	897.682	1062.36	674.793	728.519	1080.87	1128.89	679.404	864.438	830.508	1074.15	837.543	1175.13	
980.942	874.452	872.347	657.319	811.744	923.357	843.728	772.745	959.343	662.003	765.466	553.987	967.624	897.682	1062.36	674.793	728.519	1080.87	1128.89	679.404	864.438	830.508	1011.21	837.543	1175.13	
980.942	874.452	872.347	657.319	811.744	923.357	843.728	772.745	959.343	662.003	765.466	553.987	967.624	897.682	1062.36	674.793	728.519	1080.87	1128.89	679.404	864.438	807.232	1011.21	837.543	1175.13	
980.942	874.452	872.347	657.319	811.744	923.357	843.728	772.745	959.343	662.003	765.466	553.987	967.624	897.682	1062.36	674.793	728.519	1004.07	1128.89	679.404	864.438	807.232	1011.21	837.543	1175.13	
980.942	874.452	872.347	657.319	811.744	923.357	843.728	772.745	959.343	662.003	765.466	553.987	967.624	897.682	1062.36	674.793	728.519	1004.07	1128.89	679.404	864.438	807.232	1011.21	837.543	989.238	
980.942	874.452	872.347	657.319	811.744	923.357	843.728	772.745	959.343	662.003	765.466	553.987	967.624	897.682	1062.36	674.793	728.519	1004.07	1128.89	679.404	864.438	807.232	979.634	837.543	989.238	
980.942	738.896	872.347	657.319	811.744	923.357	843.728	772.745	959.343	662.003	765.466	553.987	967.624	897.682	1062.36	674.793	728.519	1004.07	1128.89	679.404	864.438	807.232	979.634	837.543	989.238	
980.942	738.896	872.347	657.319	811.744	923.357	843.728	772.745	959.343	662.003	765.466	553.987	967.624	817.432	943.355	674.793	728.519	1004.07	1128.89	679.404	864.438	807.232	979.634	837.543	989.238	
980.942	738.896	872.347	657.319	811.744	923.357	843.728	772.745	959.343	662.003	765.466	553.987	967.624	817.432	943.355	674.793	728.519	1004.07	1128.89	679.404	864.438	807.232	973.628	837.543	989.238	
980.942	738.896	872.347	657.319	811.744	923.357	777.989	772.745	959.343	662.003	765.466	553.987	833.977	817.432	844.008	674.793	728.519	1004.07	1128.89	679.404	864.438	807.232	887.126	837.543	989.238	
980.942	738.896	728.99	657.319	811.744	923.357	777.989	772.745	959.343	662.003	765.466	553.987	833.977	817.432	844.008	674.793	728.519	1004.07	1128.89	679.404	864.438	807.232	887.126	837.543	989.238	
980.942	738.896	728.99	657.319	811.744	923.357	777.989	772.745	959.343	662.003	765.466	553.987	833.977	817.432	844.008	674.793	728.519	803.535	1052.51	679.404	864.438	807.232	887.126	837.543	989.238	
980.942	738.896	728.99	657.319	811.744	923.357	777.989	772.745	959.343	662.003	765.466	553.987	833.977	817.432	756.318	674.793	678.069	803.535	1052.51	679.404	864.438	807.232	887.126	837.543	989.238	
980.942	738.896	728.99	657.319	811.744	923.357	777.989	772.745	959.343	662.003	765.466	553.987	833.977	817.432	756.318	674.793	678.069	803.535	1052.51	679.404	864.438	807.232	887.126	837.543	989.238	
825.336	738.896	728.99	657.319	811.744	923.357	777.989	772.745	942.797	662.003	765.466	553.987	833.977	817.432	756.318	674.793	678.069	803.535	1052.51	679.404	864.438	595.164	887.126	837.543	989.238	
825.336	738.896	728.99	657.319	794.765	822.547	777.989	772.745	942.797	662.003	765.466	553.987	833.977	817.432	756.318	674.793	678.069	803.535	517.889	679.404	864.438	595.164	887.126	306.946	989.238	
825.336	738.896	728.99	657.319	794.765	822.547	777.989	772.745	942.797	662.003	765.466	553.987	833.977	817.432	756.318	674.793	678.069	803.535	517.889	679.404	864.438	595.164	887.126	306.946	989.238	
825.336	738.896	728.99	657.319	794.765	822.547	777.989	772.745	942.797	662.003	765.466	553.987	833.977	817.432	756.318	674.793	678.069	803.535	517.889	678.718	864.438	595.164	887.126	306.946	989.238	
825.336	738.896	727.016	657.319	794.765	822.547	777.989	772.745	942.797	662.003	765.466	553.987	833.977	817.432	756.318	674.793	678.069	803.535	517.889	678.718	864.438	595.164	887.126	306.946	989.238	
825.336	738.896	727.016	657.319	794.765	822.547	777.989	772.745	942.797	662.003	765.466	553.987	833.977	817.432	756.318	674.793	678.069	803.535	517.889	678.718	864.438	595.164	887.126	306.946	742.937	
587.625	738.896	727.016	657.319	794.765	822.547	777.989	772.745	942.797	662.003	765.466	553.987	833.977	817.432	756.318	674.793	678.069	803.535	517.889	678.718	864.438	595.164	887.126	306.946	742.937	
587.625	738.896	727.016	657.319	794.765	718.665	777.989	772.745	942.797	662.003	765.466	553.987	833.977	817.432	756.318	674.793	678.069	803.535	517.889	678.718	864.438	595.164	887.126	306.946	742.937	
587.625	738.896	727.016	657.319	794.765	718.665	777.989	772.745	942.797	662.003	765.466	553.987	833.977	817.432	756.318	674.793	678.069	803.535	517.889	678.718	864.438	595.164	887.126	306.946	742.937	
587.625	738.896	727.016	657.319	794.765	718.665	777.989	772.745	925.041	662.003	765.466	553.987	833.977	817.432	756.318	674.793	678.069	803.535	517.889	678.718	864.438	595.164	887.126	306.946	742.937	
587.625	738.896	727.016	657.319	794.765	718.665	777.989	772.745	925.041	662.003	765.466	553.987	833.977	691.941	756.318	674.793	678.069	803.535	517.889	678.718	864.438	595.164	887.126	306.946	742.937	
587.625	738.896	727.016	657.319	794.765	718.665	777.989	772.745	925.041	662.003	765.466	553.987	833.977	691.941	756.318	508.663	678.069	803.535	517.889	678.718	864.438	595.164	887.126	306.946	742.937	
587.625	738.896	727.016	657.319	794.765	718.665	777.989	772.745	925.041	662.003	745.428	553.987	833.977	691.941	756.318	508.663	678.069	803.535	517.889	678.718	695.521	595.164	887.126	306.946	742.937	
587.625	738.896	727.016	657.319	794.765	718.665	777.989	772.745	611.254	662.003	745.428	553.987	833.977	691.941	756.318	508.663	610.718	803.535	517.889	678.718	695.521	595.164	887.126	306.946	742.937	
587.625	738.896	727.016	657.319	794.765	718.665	777.989	772.745	539.009	662.003	745.428	553.987	833.977	691.941	756.318	508.663	610.718	803.535	517.889	678.718	695.521	595.164	887.126	306.946	742.937	
587.625	738.896	727.016	657.319	794.765	718.665	777.989	772.745	539.009	662.003	745.428	553.987	833.977	691.941	756.318	508.663	610.718	803.535	517.889	582.72	695.521	595.164	887.126	306.946	742.937	
587.625	738.896	727.016	657.319	794.765	718.665	777.989	772.745	539.009	662.003	745.428	553.987	833.977	691.941	756.318	508.663	610.718	803.535	517.889	582.72	695.521	595.164	887.126	306.946	742.937	
587.625	738.896	727.016	657.319	794.765	718.665	627.385	772.745	539.009	662.003	648.91	553.987	833.977	691.941	756.318	508.663	610.718	803.535	517.889	582.72	695.521	595.164	887.126	306.946	742.937	
587.625	672.088	727.016	657.319	794.765	718.665	627.385	772.745	539.009	662.003	594.218	553.987	833.977	691.941	756.318	508.663	610.718	803.535	517.889	582.72	695.521	595.164	887.126	306.946	742.937	
587.625	672.088	727.016	657.319	794.765	718.665	627.385	772.745	539.009	662.003	594.218	553.987	833.977	691.941	679.303	508.663	610.718	803.535	517.889	582.72	695.521	595.164	887.126	306.946	742.937	
587.625	672.088	716.88	657.319	794.765	718.665	627.385	772.745	539.009	662.003	594.218	553.987	644.01	691.941	679.303	508.663	610.718	803.535	517.889	582.72	695.521	595.164	887.126	306.946	742.937	
587.625	672.088	716.88	657.319	794.765	718.665	627.385	772.745	539.009	662.003	594.218	553.987	644.01	691.941	679.303	508.663	610.718	803.535	517.889	582.72	695.521	595.164	887.126	306.946	608.386	
587.625	672.088	716.88	657.319	794.765	718.665	627.385	772.745	539.009	662.003	594.218	553.987	644.01	691.941	679.303	508.663	610.718	803.535	517.889	582.72	695.521	595.164	887.126	306.946	608.386	
587.625	672.088	716.88	657.319	794.765	718.665	627.385	772.745	539.009	662.003	594.218	553.987	644.01	691.941	679.303	508.663	610.718	803.535	517.889	582.72	695.521	595.164	887.126	306.946	608.386	
587.625	672.088	716.88	657.319	794.765	718.665	627.385	772.745	539.009	662.003	594.218	553.987	644.01	691.941	679.303	508.663	610.718	803.535	517.889	582.72	695.521	595.164	887.126	306.946	608.386	
587.625	661.824	716.88	657.319	794.765	718.665	627.385	772.745	539.009	662.003	594.218	553.987	644.01	691.941	679.303	508.663	610.718	803.535	517.889	582.72	695.521	595.164	887.126	306.946	608.386	
587.625	620.384	716.88	657.319	794.765	718.665	627.385	772.745	539.009	662.003	594.218	553.987	644.01	691.941	679.303	508.663	610.718	803.535	517.889	582.72	695.521	595.164	887.126	306.946	608.386	
587.625	620.384	716.88	657.319	794.765	718.665	627.385	772.745	539.009	662.003	594.218	553.987	644.01	691.941	679.303	508.663	610.718	803.535	517.889	582.72	695.521	595.164	887.126	306.946	608.386	
587.625	620.384	716.88	657.319	794.765	718.665	627.385	772.745	539.009	662.003	594.218	553.987	644.01	691.941	679.303	508.663	610.718	803.535	517.889	582.72	695.521	551.245	887.126	306.946	608.386	
587.625	620.384	716.88	657.319	794.765	718.665	627.385	772.745	539.009	662.003	594.218	553.987	499.508	691.941	679.303	508.663	610.718	803.535	517.889	582.72	695.521	551.245	887.126	306.946	608.386	
587.625	620.384	716.88	657.319	794.765	718.665	627.385	772.745	539.009	662.003	594.218	553.987	499.508	691.941	679.303	508.663	610.718	803.535	517.889	582.72	695.521	551.245	887.126	306.946	608.386	
587.625	620.384	716.88	657.319	794.765	718.665	627.385	772.745	539.009	662.003	594.218	553.987	499.508	691.941	679.303	508.663	610.718	803.535	517.889	582.72	695.521	551.245	887.126	306.946	608.386	
587.625	620.384	716.88	511.053	794.765	718.665	627.385	772.745	539.009	662.003	594.218	553.987	499.508	691.941	679.303	508.663	610.718	803.535	517.889	582.72	695.521	551.245	887.126	306.946	608.386	
587.625	620.384	638.913	511.053	794.765	718.665	627.385	772.745	539.009	662.003	594.218	553.987	499.508	691.941	679.303	508.663	610.718	803.535	517.889	582.72	695.521	551.245	887.126	306.946	608.386	
587.625	554.265	614.984	511.053	794.765	718.665	627.385	772.745	527.781	662.003	594.218	553.987	499.508	691.941	679.303	508.663	610.718	803.535	517.889	582.72	695.521	551.245	887.126	306.946	608.386	
587.625	554.265	614.984	511.053	794.765	718.665	627.385	772.745	527.781	662.003	594.218	553.987	499.508	691.941	679.303	508.663	578.719	803.535	517.889	582.72	695.521	551.245	887.126	306.946	608.386	
587.625	554.265	614.984	511.053	794.765	718.665	623.508	772.745	527.781	662.003	594.218	553.987	499.508	691.941	679.303	508.663	578.719	803.535	517.889	582.72	695.521	370.412	887.126	306.946	608.386	
587.625	554.265	614.984	511.053	794.765	718.665	623.508	772.745	527.781	662.003	594.218	553.987	499.508	691.941	679.303	508.663	578.719	803.535	517.889	582.72	695.521	370.412	887.126	306.946	608.386	
587.625	554.265	614.984	504.802	794.765	718.665	594.456	772.745	527.781	662.003	451.145	553.987	499.508	691.941	679.303	471.459	578.719	803.535	517.889	582.72	695.521	370.412	887.126	306.946	608.386	
587.625	554.265	614.984	504.802	794.765	718.665	594.456	772.745	527.781	662.003	451.145	452.127	499.508	691.941	679.303	471.459	578.719	803.535	517.889	582.72	695.521	370.412	887.126	306.946	608.386	
587.625	554.265	614.984	504.802	794.765	718.665	594.456	772.745	527.781	662.003	398.658	452.127	499.508	691.941	679.303	334.322	578.719	803.535	517.889	582.72	695.521	370.412	887.126	306.946	578.762	
587.625	554.265	614.984	504.802	794.765	718.665	594.456	718.276	527.781	662.003	398.658	452.127	499.508	691.941	679.303	334.322	578.719	803.535	517.889	582.72	695.521	370.412	887.126	306.946	578.762	
587.625	554.265	614.984	504.802	794.765	718.665	594.456	718.276	527.781	662.003	398.658	452.127	499.508	691.941	679.303	334.322	578.719	803.535	517.889	582.72	695.521	370.412	887.126	306.946	578.762	
587.625	554.265	614.984	504.802	794.765	718.665	594.456	718.276	527.781	662.003	398.658	452.127	499.508	691.941	679.303	334.322	578.719	803.535	517.889	582.72	695.521	370.412	766.211	306.946	578.762	
587.625	554.265	506.643	504.802	794.765	718.665	594.456	718.276	527.781	662.003	398.658	360.449	499.508	691.941	679.303	334.322	578.719	803.535	517.889	582.72	695.521	370.412	766.211	306.946	578.762	
587.625	501.123	506.643	504.802	794.765	718.665	594.456	718.276	527.781	662.003	398.658	360.449	499.508	691.941	679.303	334.322	539.674	803.535	517.889	545.511	695.521	370.412	581.688	306.946	374.146	
587.625	501.123	432.243	504.802	794.765	718.665	594.456	718.276	527.781	662.003	365.364	360.449	499.508	691.941	462.941	334.322	539.674	803.535	517.889	545.511	695.521	370.412	581.688	306.946	374.146	
587.625	501.123	432.243	313.437	794.765	718.665	594.456	714.516	527.781	662.003	365.364	360.449	499.508	691.941	462.941	334.322	539.674	803.535	517.889	545.511	695.521	370.412	581.688	306.946	374.146	
587.625	501.123	432.243	313.437	794.765	718.665	594.456	650.488	527.781	662.003	365.364	360.449	499.508	691.941	462.941	334.322	532.258	803.535	517.889	545.511	695.521	370.412	581.688	306.946	374.146	
587.625	501.123	432.243	313.437	794.765	718.665	594.456	650.488	527.781	662.003	365.364	360.449	499.508	691.941	462.941	334.322	532.258	771.833	517.889	545.511	695.521	370.412	581.688	306.946	374.146	
587.625	501.123	432.243	313.437	794.765	718.665	594.456	650.488	527.781	615.016	365.364	360.449	499.508	691.941	462.941	334.322	532.258	771.833	517.889	545.511	695.521	370.412	581.688	306.946	374.146	
587.625	501.123	432.243	313.437	794.765	718.665	594.456	650.488	489.585	615.016	365.364	360.449	499.508	691.941	462.941	334.322	532.258	771.833	517.889	545.511	695.521	370.412	581.688	306.946	374.146	
587.625	501.123	432.243	313.437	794.765	718.665	594.456	650.488	489.585	615.016	365.364	360.449	478.826	691.941	462.941	286.163	532.258	771.833	517.889	545.511	695.521	370.412	581.688	306.946	374.146	
587.625	501.123	432.243	313.437	794.765	718.665	594.456	650.488	489.585	615.016	365.364	360.449	478.826	691.941	462.941	286.163	532.258	771.833	517.889	464.715	695.521	370.412	581.688	306.946	374.146	
587.625	501.123	432.243	313.437	794.765	718.665	594.456	650.488	489.585	615.016	365.364	360.449	478.826	691.941	462.941	286.163	532.258	771.833	517.889	464.715	695.521	370.412	581.688	306.946	374.146	
587.625	501.123	432.243	313.437	794.765	718.665	594.456	650.488	489.585	615.016	365.364	360.449	478.826	670.026	462.941	286.163	532.258	771.833	517.889	464.715	695.521	370.412	581.688	306.946	374.146	
587.625	501.123	432.243	313.437	794.765	617.076	594.456	650.488	489.585	615.016	365.364	360.449	478.826	670.026	462.941	286.163	532.258	771.833	517.889	464.715	695.521	370.412	581.688	306.946	374.146	
587.625	501.123	432.243	313.437	794.765	610.023	594.456	650.488	489.585	615.016	365.364	360.449	478.826	670.026	462.941	286.163	532.258	771.833	517.889	464.715	695.521	370.412	581.688	306.946	374.146	
587.625	501.123	432.243	313.437	794.765	610.023	594.456	650.488	489.585	615.016	365.364	360.449	478.826	670.026	462.941	286.163	367.781	771.833	517.889	464.715	695.521	370.412	581.688	306.946	374.146	
587.625	501.123	432.243	313.437	794.765	610.023	594.456	650.488	489.585	615.016	365.364	360.449	478.826	670.026	462.941	286.163	367.781	771.833	465.553	464.715	599.387	370.412	581.688	306.946	374.146	
587.625	501.123	432.243	313.437	794.765	610.023	594.456	650.488	489.585	615.016	365.364	360.449	478.826	670.026	462.941	286.163	367.781	771.833	465.553	464.715	599.387	370.412	581.688	306.946	374.146	
587.625	501.123	277.81	313.437	723.819	579.559	594.456	650.488	489.585	615.016	365.364	360.449	478.826	670.026	462.941	286.163	367.781	771.833	465.553	464.715	599.387	370.412	581.688	306.946	374.146	
587.625	501.123	277.81	313.437	723.819	579.559	594.456	650.488	489.585	615.016	365.364	360.449	478.826	670.026	462.941	286.163	367.781	771.833	465.553	464.715	599.387	370.412	581.688	306.946	374.146	
587.625	279.048	277.81	313.437	723.819	579.559	594.456	627.686	489.585	615.016	365.364	360.449	478.826	670.026	462.941	286.163	332.175	771.833	465.553	464.715	599.387	370.412	581.688	306.946	374.146	
587.625	279.048	277.81	313.437	723.819	579.559	594.456	627.686	489.585	615.016	365.364	360.449	478.826	670.026	462.941	286.163	332.175	771.833	465.553	464.715	599.387	370.412	581.688	306.946	374.146	
587.625	279.048	277.81	313.437	697.923	579.559	546.867	627.686	484.035	615.016	365.364	360.449	463.54	670.026	462.941	286.163	332.175	771.833	465.553	464.715	599.387	370.412	581.688	306.946	374.146	
587.625	279.048	277.81	313.437	697.923	579.559	546.867	627.686	484.035	615.016	365.364	360.449	463.54	670.026	462.941	286.163	332.175	771.833	465.553	464.715	599.387	370.412	581.688	306.946	374.146	
587.625	279.048	277.81	313.437	697.923	579.559	546.867	627.686	484.035	615.016	365.364	360.449	463.54	670.026	462.941	286.163	332.175	771.833	465.553	464.715	599.387	370.412	581.688	306.946	374.146	
587.625	279.048	277.81	313.437	697.923	408.086	546.867	627.686	484.035	615.016	365.364	360.449	463.54	670.026	462.941	286.163	332.175	771.833	465.553	464.715	599.387	370.412	581.688	306.946	374.146	
587.625	279.048	277.81	313.437	697.923	408.086	546.867	627.686	484.035	615.016	365.364	360.449	463.54	670.026	462.941	286.163	332.175	771.833	465.553	464.715	599.387	370.412	581.688	306.946	374.146	
587.625	279.048	277.81	313.437	697.923	408.086	546.867	627.686	468.595	615.016	365.364	360.449	463.54	670.026	462.941	286.163	235.316	771.833	465.553	464.715	599.387	370.412	581.688	306.946	374.146	
587.625	279.048	277.81	313.437	697.923	408.086	546.867	627.686	468.595	615.016	365.364	360.449	463.54	670.026	462.941	286.163	235.316	771.833	465.553	464.715	599.387	370.412	581.688	306.946	374.146	
587.625	279.048	277.81	313.437	697.923	408.086	546.867	627.686	468.595	615.016	365.364	360.449	463.54	670.026	462.941	286.163	235.316	678.229	465.553	464.715	599.387	370.412	581.688	306.946	374.146	
587.625	279.048	277.81	313.437	697.923	405.767	412.493	627.686	468.595	615.016	365.364	360.449	463.54	670.026	462.941	286.163	235.316	678.229	465.553	464.715	599.387	370.412	581.688	306.946	374.146	
587.625	279.048	277.81	313.437	697.923	405.767	412.493	627.686	468.595	615.016	365.364	360.449	463.54	670.026	462.941	286.163	235.316	678.229	465.553	464.715	599.387	370.412	581.688	306.946	374.146	
587.625	279.048	277.81	313.437	697.923	405.767	412.493	627.686	468.595	615.016	365.364	360.449	463.54	670.026	462.941	286.163	235.316	678.229	465.553	464.715	599.387	370.412	581.688	306.946	374.146	
587.625	279.048	277.81	313.437	697.923	405.767	412.493	627.686	468.595	615.016	365.364	360.449	463.54	670.026	462.941	286.163	235.316	678.229	465.553	415.846	599.387	370.412	581.688	306.946	374.146	
587.625	279.048	277.81	313.437	697.923	405.767	412.493	627.686	468.595	615.016	365.364	360.449	463.54	670.026	462.941	286.163	235.316	529.095	465.553	415.846	599.387	370.412	581.688	306.946	374.146	
587.625	279.048	277.81	313.437	697.923	405.767	412.493	251.275	468.595	615.016	365.364	360.449	463.54	670.026	462.941	286.163	235.316	529.095	465.553	415.846	599.387	370.412	581.688	306.946	374.146	
587.625	279.048	277.81	313.437	697.923	405.767	412.493	251.275	468.595	615.016	365.364	360.449	463.54	670.026	462.941	286.163	235.316	529.095	465.553	415.846	599.387	370.412	581.688	306.946	374.146	
587.625	279.048	277.81	313.437	697.923	405.767	412.493	251.275	468.595	615.016	365.364	360.449	463.54	670.026	462.941	286.163	235.316	529.095	465.553	415.846	599.387	370.412	581.688	306.946	374.146	
587.625	279.048	277.81	313.437	697.923	405.767	412.493	251.275	468.595	615.016	365.364	360.449	444.865	670.026	462.941	286.163	235.316	529.095	465.553	415.846	599.387	370.412	581.688	306.946	374.146	
587.625	279.048	277.81	313.437	697.923	405.767	412.493	251.275	468.595	615.016	365.364	360.449	444.865	670.026	462.941	286.163	235.316	485.245	465.553	415.846	599.387	370.412	581.688	306.946	374.146	
587.625	279.048	277.81	313.437	697.923	405.767	412.493	251.275	468.595	615.016	365.364	360.449	444.865	670.026	462.941	286.163	235.316	485.245	465.553	415.846	599.387	370.412	581.688	306.946	374.146	
587.625	279.048	277.81	313.437	697.923	405.767	412.493	251.275	468.595	615.016	365.364	360.449	444.865	670.026	462.941	286.163	235.316	485.245	465.553	316.853	599.387	370.412	581.688	306.946	374.146	
587.625	279.048	277.81	313.437	697.923	405.767	412.493	251.275	468.595	615.016	365.364	360.449	444.865	670.026	462.941	286.163	211.965	485.245	465.553	316.853	599.387	370.412	581.688	306.946	374.146	
587.625	279.048	277.81	313.437	697.923	405.767	412.493	251.275	468.595	615.016	365.364	360.449	444.865	665.581	462.941	286.163	211.965	485.245	465.553	316.853	599.387	370.412	581.688	306.946	374.146	
587.625	279.048	277.81	313.437	697.923	405.767	412.493	251.275	468.595	615.016	365.364	360.449	444.865	665.581	462.941	286.163	211.965	485.245	465.553	316.853	599.387	370.412	581.688	306.946	374.146	
587.625	279.048	277.81	313.437	697.923	405.767	412.493	251.275	393.315	615.016	365.364	360.449	444.865	665.581	462.941	286.163	211.965	485.245	465.553	316.853	599.387	370.412	580.89	306.946	374.146	
587.625	279.048	156.577	313.437	697.923	405.767	412.493	251.275	393.315	615.016	365.364	360.449	389.491	665.581	462.941	286.163	211.965	485.245	465.553	316.853	599.387	370.412	580.89	306.946	374.146	
587.625	279.048	156.577	313.437	697.923	405.767	412.493	251.275	393.315	615.016	365.364	360.449	389.491	477.935	462.941	286.163	211.965	485.245	425.46	316.853	599.387	370.412	580.89	306.946	374.146	
587.625	279.048	156.577	313.437	697.923	337.31	412.493	251.275	393.315	615.016	365.364	360.449	389.491	477.935	462.941	286.163	154.878	485.245	425.46	316.853	599.387	370.412	580.89	306.946	374.146	
587.625	279.048	156.577	313.437	614.98	337.31	412.493	251.275	393.315	615.016	365.364	360.449	389.491	408.705	462.941	286.163	90.163	485.245	425.46	316.853	599.387	370.412	580.89	306.946	374.146	
587.625	279.048	156.577	313.437	614.98	337.31	412.493	251.275	393.315	615.016	365.364	360.449	389.491	408.705	462.941	251.258	90.163	485.245	425.46	316.853	599.387	370.412	580.89	306.946	374.146	
587.625	279.048	156.577	313.437	614.98	337.31	412.493	251.275	393.315	615.016	365.364	360.449	389.491	408.705	462.941	251.258	90.163	485.245	425.46	316.853	599.387	370.412	580.89	306.946	374.146	
587.625	279.048	156.577	313.437	614.98	337.31	412.493	251.275	393.315	615.016	365.364	360.449	389.491	408.705	462.941	251.258	90.163	485.245	425.46	316.853	599.387	370.412	580.89	306.946	374.146	
527.305	279.048	156.577	313.437	614.98	337.31	412.493	251.275	393.315	615.016	365.364	360.449	389.491	408.705	462.941	251.258	90.163	485.245	425.46	316.853	599.387	370.412	580.89	306.946	374.146	
527.305	279.048	156.577	313.437	614.98	337.31	412.493	251.275	393.315	615.016	365.364	360.449	389.491	408.705	462.941	251.258	90.163	485.245	425.46	316.853	599.387	370.412	580.89	306.946	374.146	
527.305	279.048	156.577	313.437	614.98	337.31	412.493	251.275	393.315	615.016	365.364	360.449	389.491	408.705	462.941	251.258	87.449	485.245	425.46	316.853	599.387	370.412	580.89	295.438	374.146	
527.305	279.048	156.577	313.437	614.98	212.761	375.339	251.275	393.315	615.016	365.364	360.449	389.491	408.705	462.941	251.258	87.449	485.245	425.46	316.853	599.387	370.412	580.89	295.438	374.146	
527.305	279.048	156.577	313.437	614.98	212.761	375.339	251.275	393.315	615.016	365.364	360.449	389.491	408.705	462.941	251.258	80.178	485.245	425.46	316.853	599.387	370.412	580.89	295.438	374.146	
527.305	279.048	156.577	313.437	614.98	212.761	375.339	251.275	393.315	615.016	365.364	360.449	389.491	408.705	462.941	251.258	64.732	485.245	425.46	316.853	599.387	370.412	580.89	295.438	374.146	
527.305	279.048	156.577	313.437	614.98	212.761	375.339	251.275	393.315	615.016	338.242	360.449	389.491	408.705	462.941	251.258	64.732	485.245	425.46	316.853	599.387	370.412	442.326	295.438	374.146	
527.305	279.048	156.577	313.437	483.893	212.761	375.339	251.275	393.315	526.854	338.242	360.449	389.491	408.705	462.941	251.258	62.3314	485.245	425.46	316.853	599.387	370.412	442.326	295.438	374.146	
527.305	279.048	156.577	313.437	483.893	212.761	375.339	251.275	393.315	526.854	338.242	360.449	389.491	408.705	462.941	251.258	62.3314	485.245	425.46	316.853	537.541	370.412	442.326	295.438	374.146	
527.305	279.048	156.577	305.36	483.893	212.761	350.913	251.275	393.315	526.854	311.738	331.729	389.491	408.705	462.941	251.258	52.5954	485.245	425.46	316.853	537.541	370.412	442.326	295.438	374.146	
527.305	279.048	156.577	305.36	483.893	212.761	350.913	251.275	393.315	526.854	311.738	331.729	389.491	408.705	462.941	251.258	41.6979	485.245	425.46	316.853	537.541	370.412	442.326	295.438	374.146	
527.305	279.048	156.577	305.36	483.893	212.761	350.913	251.275	393.315	497.902	311.738	325.076	389.491	408.705	462.941	251.258	41.6979	485.245	425.46	316.853	537.541	370.412	442.326	295.438	374.146	
527.305	279.048	156.577	305.36	483.893	212.761	350.913	251.275	393.315	497.902	311.738	325.076	389.491	408.705	462.941	251.258	33.233	485.245	425.46	316.853	537.541	370.412	442.326	295.438	374.146	
527.305	279.048	156.577	305.36	483.893	212.761	350.913	251.275	393.315	497.902	311.738	287.976	389.491	408.705	462.941	251.258	29.3214	485.245	425.46	316.853	537.541	370.412	442.326	295.438	374.146	
527.305	279.048	156.577	305.36	483.893	212.761	350.913	251.275	393.315	497.902	311.738	287.976	389.491	408.705	462.941	251.258	25.1335	441.317	425.46	316.853	537.541	370.412	442.326	295.438	374.146	
527.305	279.048	156.577	305.36	483.893	212.761	350.913	251.275	393.315	497.902	311.738	287.976	389.491	408.705	462.941	251.258	25.1335	441.317	425.46	280.228	537.541	370.412	442.326	295.438	374.146	
527.305	279.048	156.577	305.36	483.893	212.761	350.913	251.275	393.315	497.902	311.738	287.976	389.491	408.705	462.941	251.258	25.1335	441.317	425.46	280.228	537.541	370.412	442.326	295.438	374.146	
527.305	279.048	156.577	305.36	483.893	212.761	350.913	251.275	393.315	497.902	311.738	287.976	389.491	408.705	462.941	251.258	24.2603	441.317	425.46	280.228	537.541	370.412	442.326	295.438	374.146	
527.305	279.048	156.577	305.36	483.893	145.606	350.913	251.275	393.315	497.902	311.738	287.976	389.491	408.705	462.941	251.258	19.4453	441.317	425.46	280.228	537.541	370.412	442.326	295.438	374.146	
458.838	279.048	156.577	269.671	483.893	145.606	350.913	251.275	393.315	497.902	311.738	287.976	389.491	408.705	462.941	175.11	16.0338	441.317	425.46	280.228	537.541	303.975	442.326	295.438	374.146	
458.838	279.048	156.577	269.671	483.893	145.606	350.913	251.275	393.315	497.902	311.738	287.976	389.491	408.705	462.941	175.11	16.0338	441.317	425.46	280.228	537.541	303.975	415.583	295.438	257.81	
458.838	279.048	156.577	269.671	483.893	145.606	350.913	251.275	356.816	497.902	311.738	287.976	389.491	408.705	462.941	175.11	16.0338	441.317	425.46	280.228	537.541	303.975	415.583	295.438	257.81	
458.838	279.048	156.577	269.671	483.893	145.606	350.913	251.275	356.816	497.902	311.738	287.976	389.491	408.705	462.941	175.11	13.5763	441.317	425.46	280.228	537.541	303.975	415.583	295.438	257.81	
458.838	279.048	156.577	269.671	483.893	145.606	350.913	251.275	356.816	497.902	311.738	287.976	389.491	294.904	462.941	175.11	9.89494	441.317	261.762	280.228	537.541	303.975	415.583	267.581	257.81	
458.838	279.048	156.577	269.671	483.893	145.606	350.913	251.275	356.816	497.902	311.738	287.976	389.491	293.181	462.941	175.11	9.89494	441.317	261.762	280.228	537.541	209.329	415.583	267.581	257.81	
458.838	279.048	156.577	269.671	483.893	145.606	350.913	251.275	356.816	324.224	311.738	287.976	389.491	293.181	462.941	175.11	9.84741	367.832	260.459	254.632	516.737	209.329	415.583	267.581	257.81	
458.838	234.412	156.577	269.671	468.595	145.606	350.913	251.275	356.816	324.224	228.712	287.976	389.491	293.181	462.941	175.11	6.54477	367.832	260.459	254.632	516.737	209.329	415.583	267.581	257.81	
458.838	234.412	156.577	269.671	468.595	145.606	350.913	251.275	356.816	324.224	228.712	287.976	377.178	293.181	462.941	175.11	6.54477	295.952	260.459	218.406	516.737	209.329	415.583	267.581	257.81	
458.838	234.412	156.577	269.671	468.595	145.606	350.913	251.275	356.816	322.625	228.712	287.976	377.178	293.181	462.941	175.11	6.54477	295.952	260.459	218.406	516.737	209.329	415.583	267.581	257.81	
458.838	230.038	156.577	269.671	468.595	145.606	350.913	251.275	356.816	322.625	228.712	287.976	377.178	293.181	462.941	175.11	6.12263	275.112	260.459	218.406	516.737	209.329	389.032	228.883	257.81	
458.838	230.038	128.405	269.671	468.595	145.606	350.913	251.275	356.816	322.625	228.712	287.976	377.178	293.181	462.941	175.11	5.71303	275.112	260.459	218.406	516.737	209.329	389.032	228.883	257.81	
458.838	230.038	128.405	269.671	400.3	145.606	258.443	251.275	356.816	322.625	228.712	287.976	372.111	293.181	462.941	175.11	5.19163	275.112	260.459	218.406	516.737	209.329	389.032	228.883	257.81	
458.838	230.038	128.405	269.671	400.3	145.606	258.443	251.275	356.816	322.625	228.712	287.976	372.111	293.181	462.941	175.11	4.75558	275.112	260.459	209.801	516.737	208.313	389.032	228.883	257.81	
458.838	225.295	128.405	269.671	400.3	145.606	258.443	251.275	356.816	322.625	228.712	287.976	372.111	293.181	462.941	175.11	4.16508	275.112	260.459	193.835	516.737	208.313	389.032	228.883	257.81	
458.838	225.295	128.405	269.671	400.3	139.014	258.443	251.275	356.816	322.625	228.712	287.976	318.046	293.181	462.941	175.11	4.05492	275.112	260.459	148.979	516.737	208.313	389.032	228.883	257.81	
458.838	225.295	119.569	269.671	400.3	108.387	258.443	251.275	356.816	322.625	228.712	287.976	318.046	293.181	462.941	175.11	3.25311	275.112	260.459	145.38	516.737	199.237	389.032	228.883	257.81	
458.838	225.295	119.569	269.671	400.3	108.387	207.603	251.275	356.816	322.625	228.712	287.976	318.046	293.181	462.941	175.11	3.16577	275.112	260.459	117.89	516.737	199.237	331.635	228.883	257.81	
458.838	166.448	113.873	269.671	400.3	108.387	207.603	251.275	356.816	293.184	228.712	287.976	318.046	293.181	462.941	175.11	3.16577	255.092	260.459	101.086	516.737	192.997	307.811	228.883	257.81	
458.838	153.207	113.873	269.671	400.3	108.387	207.603	251.275	356.816	293.184	228.712	254.935	318.046	293.181	462.941	175.11	3.04167	154.656	260.459	101.086	516.737	192.997	307.811	228.883	257.81	
458.838	153.207	84.7065	269.671	400.3	108.387	207.603	251.275	356.816	218.121	228.712	254.935	318.046	293.181	462.941	175.11	2.83497	154.656	260.459	76.3605	516.737	192.997	307.811	188.342	257.81	
458.838	153.207	84.7065	269.671	393.583	106.34	207.603	251.275	356.816	218.121	188.128	254.935	318.046	293.181	462.941	175.11	2.77303	154.656	235.557	76.3605	516.737	149.517	307.811	188.342	257.81	
458.838	153.207	84.7065	269.671	393.583	106.34	173.864	251.275	356.816	218.121	188.128	235.884	318.046	281.426	462.941	175.11	2.54898	154.656	235.557	74.3718	516.737	149.517	307.811	188.342	257.81	
458.838	152.084	84.7065	269.671	393.583	106.34	161.63	251.275	356.816	218.121	188.128	201.988	318.046	281.426	462.941	175.11	2.31517	154.656	235.557	69.4695	516.737	149.517	307.811	188.342	257.81	
458.838	102.978	84.7065	258.694	393.583	106.34	157.666	251.275	356.816	218.121	188.128	173.358	318.046	201.743	462.941	166.837	1.96402	154.656	235.557	66.3438	516.737	149.517	282.196	188.342	257.81	
458.838	102.978	84.7065	258.694	393.583	106.34	157.666	251.275	356.816	218.121	180.862	173.358	240.469	175.509	462.941	166.837	1.96402	154.656	235.557	46.1031	516.737	149.517	260.56	188.342	257.81	
458.838	98.7894	65.7922	258.694	393.583	106.34	107.307	216.999	356.816	218.121	175.455	173.358	240.469	161.079	462.941	166.837	1.64242	143.678	235.557	46.1031	516.737	149.517	198.906	188.342	257.81	
458.838	98.7894	62.6951	258.694	393.583	106.34	107.307	216.999	356.816	218.121	175.455	173.358	240.469	161.079	462.941	166.837	1.49908	143.678	235.557	39.0612	516.737	149.517	198.906	188.342	257.81	
458.838	98.7894	62.6951	258.357	393.583	106.34	107.307	216.999	356.816	218.121	175.455	173.358	240.469	161.079	462.941	158.424	1.48019	142.962	235.557	39.0612	516.737	117.764	198.906	188.342	257.81	
450.793	98.7894	62.6951	258.357	393.583	106.34	107.307	207.585	356.816	218.121	111.573	173.358	240.469	141.94	462.941	158.424	1.20665	142.962	235.557	37.9804	516.737	117.764	198.906	188.342	257.81	
450.793	64.0737	62.6951	258.357	393.583	106.34	107.307	207.585	356.816	218.121	96.7525	173.358	228.155	123.926	462.941	158.424	1.20665	137.528	235.557	37.9804	371.13	117.764	198.906	188.342	257.81	
450.793	54.8268	58.4034	258.357	393.583	106.34	107.307	176.924	356.816	218.121	91.3059	157.077	228.155	123.926	462.941	158.424	1.18631	137.528	235.557	31.6824	371.13	117.764	198.906	188.342	257.81	
450.793	54.8268	44.0207	258.357	393.583	106.34	100.729	176.924	356.816	218.121	75.4578	157.077	228.155	94.8492	462.941	158.424	1.06778	137.528	152.166	28.6354	371.13	117.764	180.861	179.07	257.81	
357.515	54.8268	37.3273	258.357	393.583	106.34	97.5376	176.924	356.816	218.121	75.4578	123.513	228.155	75.6694	462.941	158.424	1.04988	123.535	152.166	26.317	371.13	117.764	180.861	157.645	257.81	
357.515	54.8268	37.3273	258.357	393.583	106.34	97.5376	176.924	356.816	218.121	75.4578	123.513	188.216	74.4228	462.941	158.424	0.943462	101.821	152.166	19.8311	371.13	109.012	180.861	157.645	257.81	
357.515	50.6274	27.0976	258.357	393.583	106.34	87.6749	176.924	304.597	218.121	73.3156	123.513	162.097	74.4228	462.941	158.424	0.943462	101.821	152.166	18.1642	371.13	109.012	180.861	157.645	257.81	
357.515	38.4785	27.0976	176.123	393.583	106.34	87.6749	176.924	304.597	179.793	70.6515	123.513	162.097	60.8852	462.941	158.424	0.796819	101.821	152.166	18.1642	371.13	109.012	180.861	115.043	257.81	
357.515	38.371	27.0976	176.123	393.583	106.34	82.1643	176.924	304.597	179.793	52.2421	123.513	138.578	37.8773	462.941	158.424	0.796819	81.9953	152.166	13.9455	371.13	78.9087	180.861	115.043	257.81	
357.515	37.5397	22.8326	174.094	389.262	106.34	74.6364	176.924	304.597	179.793	47.4429	123.513	138.578	37.8773	462.941	158.424	0.744354	81.9953	152.166	13.9455	371.13	78.9087	180.861	113.242	257.81	
357.515	33.6859	22.8326	174.094	386.077	90.5446	74.6364	176.924	304.597	175.135	47.4429	123.513	120.043	37.8773	462.941	158.424	0.744354	81.9953	152.166	13.9455	371.13	78.9087	146.157	108.868	257.81	
357.515	30.0899	22.8326	174.094	386.077	66.5245	62.5326	176.924	304.597	175.135	38.8194	123.513	120.043	37.8773	462.941	158.424	0.662181	81.9953	152.166	13.9455	371.13	78.9087	146.157	108.868	257.81	
357.515	28.8259	18.3044	132.905	386.077	66.5245	62.5326	176.924	304.597	167.851	27.5136	123.513	72.9954	37.1568	462.941	158.424	0.662181	75.2227	133.572	13.2948	371.13	78.9087	146.157	84.2306	257.81	
357.515	24.2887	17.1007	132.905	386.077	66.5245	48.0996	176.924	304.597	167.851	27.5136	123.513	72.9954	37.1568	462.941	158.424	0.646571	73.9617	125.814	12.2244	371.13	78.9087	144.908	84.2306	257.81	
357.515	24.2887	15.2533	132.905	318.425	66.5245	48.0996	176.924	304.597	167.851	23.9705	123.513	72.9954	29.7536	462.941	158.424	0.646571	64.5746	125.814	11.5522	371.13	78.9087	144.908	79.5724	257.81	
357.515	21.0733	15.2533	132.905	248.355	66.5245	48.0996	176.924	186.826	167.851	23.9705	123.513	72.9954	29.7536	462.941	158.424	0.623874	58.4198	118.537	11.2246	371.13	78.9087	144.908	79.5724	257.81	
244.612	18.578	14.6691	132.905	248.355	66.0257	46.7123	176.924	186.826	167.851	21.8803	123.513	72.9954	24.1364	462.941	125.314	0.62369	52.6922	118.537	10.7661	371.13	75.737	115.213	79.5724	257.81	
244.612	18.578	14.2247	74.9405	248.355	61.8072	36.6092	150.149	186.826	167.851	16.9243	123.513	72.9954	24.1364	462.941	125.314	0.588837	48.3277	118.537	8.92791	371.13	68.3139	115.213	69.5738	257.81	
244.612	18.578	12.3672	74.9405	248.355	53.5899	30.2493	150.149	186.826	154.952	15.3522	123.513	66.3836	24.1364	462.941	125.314	0.588837	48.3277	105.471	8.92791	371.13	60.0405	114.895	59.4352	257.81	
244.612	17.8509	12.1305	74.9405	248.355	53.5899	30.2493	150.149	186.826	151.778	13.2891	123.513	66.3836	24.1364	462.941	125.314	0.578111	37.6453	105.471	8.59613	240.771	43.584	114.895	59.4352	257.81	
244.612	16.4723	9.34123	74.9405	248.355	53.5899	27.9217	150.149	186.826	150.736	13.2891	123.513	64.0079	20.602	462.941	125.314	0.568383	31.0358	89.5378	8.15859	240.771	41.9681	114.895	50.4121	257.81	
244.612	14.5252	9.14744	74.9405	248.355	53.5899	23.2924	150.149	186.826	150.736	13.2659	123.513	64.0079	20.602	462.941	119.609	0.568383	25.6184	79.6288	7.30898	240.771	38.6504	114.895	50.4121	257.81	
244.612	14.0317	8.44831	74.9405	248.355	41.0622	21.1102	150.149	186.826	150.736	9.83571	107.235	57.469	18.5365	462.941	119.609	0.553163	24.7168	74.2243	7.30898	240.771	36.9233	108.933	41.3786	257.81	
244.612	13.2827	8.44831	74.9405	248.355	33.9931	21.1102	124.109	186.826	104.642	7.03344	107.235	46.4755	14.7061	462.941	119.609	0.55055	16.6749	71.914	7.30898	240.771	33.8231	108.933	40.7099	257.81	
244.612	12.1423	7.4732	74.9405	244.656	31.7761	14.6248	124.109	186.826	104.642	6.80023	107.235	46.4755	14.7061	462.941	119.609	0.543868	16.6749	71.914	7.13405	240.771	25.9098	84.6914	37.527	257.81	
244.612	10.9426	7.44313	74.9405	244.656	25.5239	14.6248	124.109	186.826	97.6322	5.68252	107.235	46.2036	14.4441	462.941	119.609	0.537297	16.0623	51.5532	6.90742	240.771	23.6263	84.6914	32.0117	257.81	
244.612	10.2534	6.88238	74.9405	244.656	25.5239	13.6078	124.109	186.826	97.6322	4.60947	107.235	46.2036	14.1026	462.941	93.3236	0.535848	14.2455	46.5193	6.69517	240.771	21.2158	84.6914	32.0117	257.681	
244.612	8.73625	6.88238	74.9405	195.032	20.1633	13.2802	112.572	186.826	97.6322	4.33253	103.88	41.091	12.2454	462.941	93.3236	0.533817	14.2455	40.2676	6.43363	240.771	18.8573	84.6914	29.7946	257.681	
184.825	6.75047	6.88238	74.9405	195.032	20.1633	12.6368	112.572	186.826	95.7072	4.33253	90.5807	38.5627	12.2454	462.941	93.3236	0.52825	10.9954	39.3749	6.18254	240.771	18.8573	84.6914	26.5814	257.681	
184.825	6.00037	6.21992	74.9405	195.032	20.1633	12.4912	74.4665	186.826	95.7072	4.33253	90.5807	36.6356	11.3147	462.941	88.0027	0.525823	8.36744	39.3749	5.97747	240.771	16.7921	80.9402	23.5063	257.681	
184.825	5.16721	5.55537	74.9405	179.924	20.1633	11.2601	74.4665	186.826	95.7072	4.33253	80.4149	31.7154	11.3147	462.941	88.0027	0.523661	8.36744	31.3317	5.63183	240.771	14.1347	80.9402	22.9017	257.681	
184.825	4.78635	5.27219	74.9405	179.924	17.0997	11.1405	70.9331	186.826	63.733	4.33253	80.4149	30.4729	10.7172	462.941	68.5903	0.520958	6.33036	31.3317	5.3929	240.771	14.1347	76.3351	19.5352	257.681	
150.225	4.264	5.13063	65.3816	148.551	16.2576	10.0249	70.9331	186.826	60.0217	3.62285	80.4149	28.0951	10.1349	462.941	68.5903	0.516567	5.43188	29.1397	5.16664	240.771	14.1347	70.8669	17.5571	257.681	
150.225	4.264	4.3542	61.1802	124.013	16.2576	10.0249	70.9331	186.826	54.7494	3.62285	80.4149	25.815	9.19881	462.941	68.5903	0.516567	5.38849	23.5346	4.94339	240.771	12.763	62.3925	16.4318	257.681	
150.225	4.09435	4.15203	50.3074	76.9487	15.6654	9.15595	70.9331	186.826	54.7494	3.02768	75.245	24.3692	8.51457	462.941	57.0217	0.515518	4.81101	23.5346	4.84285	240.771	12.1839	53.8084	15.062	257.681	
147.136	4.07192	3.83158	50.3074	76.9487	15.6654	8.60274	70.9331	186.826	54.7494	3.02768	75.245	22.2473	8.51457	462.941	53.6445	0.509845	3.78015	23.0178	4.79932	240.771	10.2955	53.8084	14.9044	257.681	
114.016	3.22094	3.51858	41.2388	76.9487	14.6963	8.11155	70.9331	186.826	54.7494	3.02768	71.5849	19.7931	7.90131	462.941	44.9044	0.507222	3.09544	20.7284	4.67993	240.771	10.2955	53.8084	13.4575	257.681	
114.016	3.1568	3.22963	41.2388	76.9487	14.6963	7.77619	68.3163	186.826	49.5802	2.72994	71.5849	19.0688	7.90131	462.941	44.9044	0.504567	2.82695	19.3889	4.49721	240.771	9.57492	51.3023	11.2663	230.157	
108.672	3.01763	3.20507	41.2344	76.9487	12.0348	7.77619	68.3163	186.826	42.9826	2.58528	57.049	16.068	7.64735	462.941	35.0773	0.504258	2.41599	19.1788	4.34288	240.771	9.57492	42.7773	10.3511	230.157	
84.2691	2.918	3.01722	37.301	76.9487	12.0348	7.77619	66.7253	186.826	37.629	2.58528	57.049	15.517	6.95811	462.941	29.6232	0.50162	2.41599	14.7536	4.21491	222.997	8.9428	42.7773	9.54882	230.157	
84.2691	2.52025	2.59812	37.301	74.7763	11.6127	7.3006	65.6584	186.826	35.7357	2.39348	49.3188	12.8267	6.82232	462.941	27.6949	0.500822	2.09078	14.7536	4.08405	222.997	8.41051	41.0048	9.1912	230.157	
76.6916	2.3991	2.50836	36.2732	74.7763	11.0488	7.05349	60.3423	186.826	33.6674	2.30911	49.3188	12.596	6.43484	462.941	24.95	0.497299	1.84078	14.4471	3.91823	222.997	7.70023	41.0048	8.08811	230.157	
64.8921	2.18112	2.49385	31.6462	74.7763	9.96489	6.90292	42.3495	186.826	30.3812	2.03971	49.3188	10.7352	6.18165	462.941	24.95	0.496787	1.42207	13.6617	3.80008	222.997	7.30225	38.7236	7.02746	208.635	
58.7056	2.18112	2.34616	31.0511	74.7763	9.16597	6.87274	37.2599	186.826	30.0317	1.94362	42.8898	9.88919	6.07169	462.941	24.95	0.496525	1.42207	12.9767	3.59958	222.997	7.28582	35.9603	6.39455	208.635	
49.3186	1.86858	2.05531	26.1214	74.7763	8.44143	6.72213	37.2599	186.826	27.5792	1.8456	42.8898	9.09759	6.06546	462.941	19.615	0.495621	1.31757	11.9604	3.59958	222.997	6.65929	35.9603	5.91029	172.987	
49.3186	1.74013	1.85821	24.1535	54.1402	8.25597	6.51934	36.3028	186.826	24.7449	1.69231	33.8613	8.19538	5.932	462.941	18.3712	0.494513	1.23601	11.0009	3.42712	222.997	6.65929	33.2804	4.97437	172.987	
43.874	1.54079	1.70459	20.4979	54.1402	8.01416	6.22357	31.8446	186.826	19.913	1.53291	28.3974	8.19538	5.45114	462.941	17.6294	0.493692	1.05262	10.3506	3.30036	222.997	5.95229	30.8782	4.5878	155.426	
42.06	1.42506	1.48575	18.7474	54.1402	7.50733	5.81349	27.4711	186.826	19.913	1.53291	23.8339	7.68228	5.45114	462.941	15.2119	0.4934	1.05262	10.1134	3.22391	222.997	5.68533	29.9486	3.92616	155.426	
41.0042	1.17559	1.38064	18.7474	54.1402	7.01975	5.81349	21.9138	186.826	19.913	1.35288	21.3863	7.017	5.35943	462.941	12.3038	0.492763	0.978383	9.86441	3.09234	222.997	5.68533	27.6407	3.57163	139.257	
41.0042	0.97997	1.31548	16.1589	54.1402	6.58531	5.37509	21.9138	186.826	16.2962	1.28593	21.3863	6.6745	5.25054	462.941	12.3038	0.491959	0.978383	8.70875	2.99319	152.644	5.48137	25.7917	3.43511	139.257	
35.7199	0.885212	1.21828	14.2194	54.1402	5.97253	5.34037	20.4362	186.826	16.2962	1.28593	21.3863	6.42572	5.04352	462.941	10.4861	0.491388	0.964423	8.37742	2.94415	152.644	5.18335	23.9572	3.17516	139.257	
34.9583	0.742472	1.10017	11.0261	53.239	5.50858	5.34037	19.089	186.826	14.3319	1.20539	19.147	6.09508	4.93853	462.941	10.4861	0.491305	0.920872	8.28032	2.81471	152.644	4.81515	22.9282	2.96105	97.7353	
33.9283	0.715072	1.10017	10.6591	53.239	5.50858	5.12417	18.168	186.826	12.2371	1.10707	17.2801	5.84685	4.79906	462.941	9.05396	0.490623	0.851056	7.57678	2.70119	152.644	4.62506	21.4338	2.86437	97.7353	
31.6507	0.642446	1.01867	9.8748	53.239	5.03431	5.01271	16.4703	186.826	11.8248	0.9636	17.2801	5.62797	4.76909	462.941	9.05396	0.490288	0.768412	7.39671	2.61201	152.644	4.42147	19.8428	2.49684	97.7353	
31.0658	0.598671	0.895268	9.02882	51.6945	4.13734	4.84388	15.9009	154.621	11.4353	0.941473	14.0946	5.48033	4.72164	462.941	9.05396	0.489984	0.768412	6.793	2.34693	152.644	4.082	19.0601	2.46317	96.0487	
27.8006	0.564105	0.895268	6.77503	47.8627	4.13734	4.84388	15.4852	154.621	11.2898	0.883488	13.623	4.87155	4.61225	462.941	8.29904	0.489641	0.752936	6.29971	2.23415	152.644	3.82833	17.5062	2.24643	96.0487	
27.4327	0.522293	0.85394	6.23433	41.8339	3.54946	4.762	15.2737	119.746	9.79856	0.804075	10.9265	4.39834	4.61225	445.094	7.05794	0.489641	0.752936	5.96114	2.06294	152.644	3.77695	16.7317	2.07384	96.0487	
25.2562	0.488821	0.775657	6.06155	38.3547	3.29397	4.67969	14.2695	119.746	8.82054	0.716874	10.4667	3.87263	4.53143	445.094	6.22643	0.48912	0.717358	4.96502	1.91042	152.644	3.58686	16.2867	1.91954	96.0487	
23.3093	0.466533	0.692526	5.43358	29.2103	2.9158	4.63205	12.9919	119.746	8.51382	0.701316	9.80787	3.42524	4.48116	445.094	5.12954	0.48912	0.676579	4.61088	1.81169	152.644	3.41244	15.833	1.80692	58.4985	
22.6121	0.430249	0.633115	4.93383	29.2103	2.60575	4.61587	12.8999	119.746	7.42132	0.681749	8.8667	3.34224	4.37375	445.094	4.53317	0.488863	0.636493	4.02846	1.6972	152.644	3.2063	15.3335	1.56451	58.4985	
21.0949	0.398419	0.615126	4.2473	28.4731	2.38219	4.54844	12.6533	97.962	6.40136	0.627222	6.3453	3.0467	4.34268	445.094	4.53317	0.488037	0.625705	3.80709	1.63685	152.644	2.70928	14.9529	1.54168	58.4985	
18.2992	0.369711	0.60153	3.71179	22.1077	2.14067	4.51151	11.4805	78.5822	6.40136	0.622811	6.3453	2.88594	4.2845	445.094	4.45114	0.488037	0.625705	3.66446	1.5107	152.644	2.57531	14.459	1.38007	58.4985	
16.8608	0.348762	0.571769	3.45363	22.1077	1.90573	4.51151	10.8154	68.4955	6.09148	0.581315	5.22012	2.7398	4.27347	445.094	3.96381	0.487919	0.584733	3.34812	1.39694	152.644	2.41279	13.9465	1.28611	50.6112	
15.6149	0.32099	0.539297	3.45363	21.0096	1.69126	4.47742	9.99394	55.5842	6.02797	0.56253	5.22012	2.7398	4.24447	445.094	3.36739	0.487627	0.559354	3.28719	1.31985	152.644	2.41279	13.5228	1.18576	45.2282	
13.8539	0.312738	0.533676	3.10994	19.4247	1.5917	4.44826	9.5244	51.1282	5.94076	0.538964	4.5324	2.67162	4.19363	445.094	3.36739	0.487366	0.527824	3.14	1.25752	123.821	2.33844	13.0085	1.07945	30.0483	
13.3462	0.303617	0.528934	2.91362	17.8765	1.43875	4.43584	9.5244	51.1282	5.26177	0.502956	4.07544	2.54075	4.1867	445.094	3.1886	0.487164	0.515914	3.06247	1.16121	123.821	2.25341	12.4571	1.0287	24.3166	
12.8729	0.301982	0.508542	2.73995	17.4375	1.29175	4.41022	8.63272	46.8087	4.84258	0.45441	3.95778	2.52646	4.1443	445.094	2.95581	0.48715	0.505161	2.90522	1.11836	123.821	2.1953	11.9871	1.0287	22.7866	
11.1707	0.290937	0.502854	2.5884	14.4883	1.23192	4.37962	8.07542	44.1054	4.84258	0.420339	3.09765	2.41922	4.12486	445.094	2.95274	0.487023	0.493597	2.70661	1.02567	123.821	2.15349	11.3035	0.982186	21.878	
11.1707	0.284892	0.490447	2.2568	12.3114	1.1598	4.36792	7.9112	40.1542	4.59947	0.406418	3.09765	2.29516	4.11763	445.094	2.60009	0.486838	0.473005	2.64647	0.995775	123.821	2.08908	10.7917	0.922089	16.0068	
9.66727	0.275788	0.48243	2.2568	11.4204	1.1331	4.35801	7.80304	40.1542	4.44802	0.388383	2.72877	2.2878	4.08644	445.094	2.40309	0.486813	0.455475	2.49726	0.925812	107.086	1.9998	9.62925	0.922089	16.0068	
9.49954	0.273777	0.48243	2.2568	11.0301	1.05995	4.33771	7.39451	40.1542	4.34951	0.358168	2.34068	2.23709	4.07269	445.094	2.02756	0.486769	0.434817	2.43011	0.870163	107.086	1.94801	9.4041	0.86499	16.0068	
9.19541	0.270234	0.482208	2.2568	9.54296	1.02051	4.31148	7.22255	31.1245	4.00148	0.358168	1.98527	2.1562	4.06417	445.094	1.94938	0.486725	0.420048	2.20256	0.838362	107.086	1.86411	8.37052	0.86499	14.0367	
8.51585	0.25788	0.479302	2.18317	9.19121	0.962226	4.27584	6.79309	31.1245	3.95815	0.341384	1.93433	2.11195	4.05244	445.094	1.66356	0.486599	0.408699	1.77737	0.813927	95.4094	1.86109	7.83849	0.842531	12.2566	
8.15584	0.253925	0.47164	2.08223	8.37055	0.873933	4.27096	6.79309	29.1482	3.64436	0.328702	1.78644	1.97651	4.04957	445.094	1.66356	0.486506	0.392434	1.77021	0.793246	84.7803	1.79839	7.14541	0.814568	12.2566	
7.72589	0.249648	0.468157	2.06825	7.49721	0.847713	4.23478	6.79309	29.1482	3.46432	0.316746	1.56599	1.85714	4.0394	445.094	1.56683	0.486465	0.380436	1.61636	0.760221	56.905	1.71086	6.59497	0.796125	10.8802	
7.54903	0.240224	0.465958	1.9807	7.00326	0.82529	4.20771	6.67975	26.4211	3.20716	0.311229	1.46932	1.77472	4.02985	445.094	1.46299	0.486396	0.377093	1.54121	0.712711	56.905	1.66329	5.86794	0.765219	9.03502	
7.10891	0.239055	0.45943	1.92442	6.55619	0.733649	4.17024	6.5756	24.7301	3.01276	0.29707	1.18095	1.69394	4.02947	445.094	1.28061	0.486313	0.365178	1.50055	0.702749	56.3305	1.57739	5.66329	0.746838	9.03502	
6.98382	0.23666	0.456863	1.91881	6.26609	0.67909	4.16016	6.34285	21.5003	2.96899	0.296361	1.07832	1.06018	4.02467	445.094	1.28061	0.486268	0.360591	1.40339	0.683074	53.1564	1.51844	5.43963	0.728347	7.26328	
6.71762	0.235894	0.456863	1.91881	6.26339	0.647259	4.15616	6.25913	19.8131	2.6707	0.290741	1.02616	0.992059	4.01781	445.094	1.22075	0.486245	0.35692	1.38562	0.630859	47.5584	1.42773	5.01327	0.721167	6.68579	
6.57468	0.235548	0.454658	1.90675	5.92662	0.612505	4.13705	6.00898	16.5001	2.52439	0.284048	0.88449	0.838753	4.00816	445.094	1.19483	0.486195	0.343339	1.37695	0.592875	37.7797	1.37123	4.69305	0.685812	6.62161	
6.51778	0.23159	0.452521	1.87949	5.53062	0.574224	4.12486	5.95169	15.1923	2.47692	0.281336	0.802537	0.773114	3.99996	445.094	1.05638	0.486055	0.33966	1.35174	0.558495	36.1273	1.27664	4.00894	0.685812	5.89107	
6.31017	0.229444	0.449364	1.8638	4.91365	0.499288	4.10595	5.74801	13.7365	2.26477	0.275931	0.796453	0.735429	3.9948	445.094	1.00762	0.486037	0.331933	1.25816	0.543816	32.3449	1.19084	3.55278	0.679038	5.84601	
6.14704	0.227949	0.448366	1.83615	4.91365	0.484965	4.10528	5.51422	13.7365	2.01961	0.268606	0.688256	0.656894	3.98931	445.094	1.00762	0.485991	0.325816	1.19608	0.528079	32.3449	1.11154	3.20212	0.672681	5.39188	
6.02709	0.227289	0.445636	1.80253	4.83565	0.460517	4.09519	5.37174	13.3041	2.01137	0.264621	0.613164	0.656894	3.98262	293.735	0.974143	0.48597	0.318689	1.17132	0.506321	28.8354	1.07333	2.98628	0.656662	4.53399	
5.73642	0.226052	0.443084	1.7773	4.49915	0.427277	4.08333	5.16738	12.6267	1.8908	0.261839	0.613164	0.630756	3.97469	293.735	0.937662	0.485959	0.31697	1.16476	0.484764	27.2232	1.04072	2.8202	0.650165	4.4692	
5.57808	0.225752	0.440123	1.72394	3.53118	0.406745	4.07293	4.95998	12.2683	1.86188	0.254207	0.543975	0.589522	3.97352	293.735	0.858504	0.485937	0.312367	1.12805	0.464244	27.2232	1.01719	2.67135	0.640466	4.23529	
5.44606	0.224797	0.438041	1.71071	3.33832	0.39236	4.06861	4.91157	11.2921	1.72663	0.249284	0.502807	0.566713	3.96922	293.735	0.858504	0.485923	0.312367	1.07802	0.461271	25.7095	1.00421	2.51332	0.633822	3.37089	
5.31559	0.224207	0.43703	1.67481	2.9978	0.369609	4.06237	4.82916	10.4246	1.63991	0.246326	0.465425	0.531724	3.96378	293.735	0.815053	0.485909	0.30905	1.03088	0.448214	24.0248	0.971532	2.45083	0.624964	2.74172	
5.12056	0.223101	0.43703	1.65377	2.48223	0.350933	4.0614	4.78652	10.4246	1.45256	0.243232	0.456568	0.50632	3.96171	293.735	0.800786	0.485902	0.307001	0.954308	0.439692	23.906	0.934571	2.25057	0.616972	2.54531	
5.08617	0.222427	0.436004	1.60232	2.09879	0.341226	4.05731	4.71378	9.87909	1.29186	0.240165	0.432971	0.483601	3.95893	293.735	0.770051	0.485883	0.30373	0.920542	0.436359	22.7259	0.899738	2.1533	0.605889	2.52127	
5.05252	0.221657	0.433957	1.57737	1.92507	0.332188	4.05274	4.63138	9.87909	1.20956	0.235985	0.405043	0.475876	3.95441	293.735	0.74535	0.485882	0.300264	0.875658	0.426587	22.393	0.857982	2.01317	0.597403	2.18309	
4.94496	0.221122	0.433149	1.54953	1.84557	0.328486	4.04879	4.57409	9.76326	1.00358	0.23509	0.404325	0.439436	3.95231	293.735	0.699044	0.485882	0.298058	0.808927	0.417091	21.4309	0.836175	1.9154	0.575251	2.05445	
4.84674	0.219689	0.431969	1.52496	1.74009	0.326169	4.04225	4.52072	9.57943	1.00358	0.233025	0.377644	0.41965	3.95071	293.735	0.685878	0.485875	0.296946	0.780134	0.404629	21.1168	0.816986	1.78216	0.558409	2.00499	
4.78956	0.218654	0.430394	1.50376	1.70953	0.32386	4.0338	4.4673	8.481	0.913611	0.230804	0.370156	0.406145	3.94924	293.735	0.682948	0.485866	0.295573	0.751279	0.397337	20.2609	0.790274	1.7244	0.547384	1.84654	
4.78388	0.217901	0.429299	1.46527	1.61003	0.318135	4.0317	4.41325	8.07693	0.843943	0.229039	0.358938	0.378952	3.94888	293.735	0.658932	0.485866	0.294254	0.720543	0.393196	20.2232	0.757385	1.67564	0.540789	1.7946	
4.72256	0.217676	0.428476	1.4568	1.4501	0.317423	4.02685	4.40392	7.6817	0.793065	0.227646	0.348395	0.370523	3.94818	293.735	0.647162	0.485856	0.292687	0.698042	0.383112	19.2287	0.713117	1.57481	0.53255	1.7946	
4.66489	0.217097	0.427197	1.41787	1.34509	0.316292	4.0231	4.38702	6.909	0.78598	0.225585	0.335613	0.348488	3.9476	293.735	0.63057	0.485853	0.291771	0.67368	0.377688	18.5402	0.709903	1.47701	0.52702	1.7058	
4.63215	0.216524	0.426425	1.38819	1.34509	0.310756	4.02056	4.31522	6.15649	0.713688	0.224519	0.327217	0.338734	3.94585	293.735	0.622655	0.485849	0.290293	0.657986	0.370088	17.317	0.665381	1.36309	0.524267	1.56764	
4.60448	0.215861	0.425335	1.35067	1.2341	0.307543	4.01897	4.28616	5.49928	0.706908	0.223651	0.311671	0.338734	3.94426	293.735	0.606178	0.485843	0.29001	0.638167	0.336012	16.8443	0.652446	1.26054	0.520434	1.47122	
4.56955	0.21538	0.424788	1.27026	1.23034	0.30296	4.01714	4.25833	5.36891	0.645435	0.222074	0.305325	0.33533	3.9434	293.735	0.592979	0.485834	0.289231	0.619401	0.32183	15.68	0.639101	1.20964	0.520333	1.39012	
4.51213	0.214997	0.423903	1.24953	1.15886	0.30296	4.01536	4.23804	4.78917	0.645435	0.220495	0.288937	0.334335	3.94284	293.735	0.58467	0.485832	0.288664	0.600394	0.313245	14.5245	0.60939	1.15972	0.515167	1.32935	
4.49662	0.214873	0.42348	1.231	1.08893	0.301207	4.01337	4.2197	4.69505	0.631992	0.219888	0.288937	0.328191	3.94252	293.735	0.573288	0.485827	0.28801	0.591533	0.305033	12.4575	0.58705	1.12623	0.512166	1.26704	
4.46487	0.214562	0.423151	1.21885	1.07669	0.300016	4.01257	4.1969	4.36476	0.602334	0.218579	0.280745	0.321903	3.94186	293.735	0.563051	0.485816	0.287743	0.570179	0.295408	11.8218	0.568426	1.10934	0.510267	1.25375	
4.43974	0.214415	0.423151	1.20579	1.03295	0.297665	4.0113	4.17353	4.35142	0.588389	0.218033	0.272062	0.317997	3.94099	293.735	0.555322	0.485807	0.287507	0.549857	0.295183	10.3896	0.560055	1.09258	0.509391	1.21961	
4.4149	0.21417	0.422646	1.17744	0.974904	0.297053	4.01098	4.15963	4.29755	0.569222	0.217213	0.269461	0.314831	3.94073	293.735	0.544679	0.485803	0.286784	0.534552	0.28814	9.45021	0.539403	1.05326	0.508332	1.21141	
4.38209	0.213817	0.42232	1.16182	0.940256	0.295754	4.01083	4.15006	4.18355	0.565247	0.216902	0.268349	0.310203	3.94016	293.735	0.534409	0.485798	0.286329	0.531971	0.278649	8.43446	0.535142	1.02152	0.507206	1.15907	
4.35202	0.213528	0.421907	1.13295	0.936392	0.295425	4.00982	4.14079	4.11712	0.551518	0.215983	0.259568	0.308078	3.93996	293.735	0.528433	0.485793	0.285798	0.524027	0.272283	7.94617	0.521197	0.970005	0.505009	1.09996	
4.34625	0.213208	0.421495	1.10604	0.891937	0.294088	4.00945	4.12072	4.09317	0.546174	0.21566	0.258104	0.306439	3.93948	293.735	0.51463	0.485787	0.28541	0.500977	0.266881	7.00372	0.508632	0.944077	0.504256	1.06714	
4.32134	0.213063	0.421272	1.09382	0.878526	0.293434	4.00865	4.09973	3.78149	0.525119	0.215335	0.254325	0.303876	3.93932	293.735	0.508957	0.485787	0.284918	0.489619	0.259524	6.59224	0.495373	0.885225	0.503307	1.05903	
4.30142	0.212928	0.420827	1.07382	0.807734	0.292237	4.00821	4.07939	3.62308	0.516385	0.215049	0.247064	0.302936	3.93905	293.632	0.487416	0.485785	0.284771	0.485234	0.256005	6.47373	0.49009	0.860229	0.502035	0.998842	
4.29196	0.212568	0.4206	1.05557	0.764917	0.291782	4.00744	4.05885	3.43987	0.514164	0.21471	0.246817	0.302438	3.93841	293.632	0.478284	0.485784	0.284226	0.476272	0.253114	6.32384	0.483155	0.835124	0.501136	0.967949	
4.2791	0.212516	0.420217	1.02276	0.756434	0.290357	4.00699	4.0445	3.21635	0.498038	0.213198	0.245578	0.302166	3.93805	293.632	0.470723	0.485781	0.283626	0.470135	0.249677	5.85054	0.472997	0.825103	0.499914	0.958018	
4.27466	0.212258	0.420001	1.00405	0.744825	0.289593	4.00643	4.02459	3.01592	0.497189	0.212708	0.244705	0.300534	3.93756	293.632	0.462605	0.485779	0.283394	0.46994	0.248972	5.53855	0.466354	0.807978	0.49875	0.943027	
4.27408	0.212065	0.419632	0.988476	0.720819	0.288555	4.00602	4.00418	2.74329	0.49112	0.212067	0.242755	0.299721	3.93734	293.632	0.45141	0.485777	0.282979	0.4632	0.246699	5.09948	0.465437	0.789419	0.498358	0.899256	
4.27263	0.210884	0.419276	0.972277	0.707058	0.28659	4.00588	3.99671	2.59237	0.486578	0.211503	0.242484	0.298223	3.93713	293.632	0.447769	0.485775	0.28259	0.458756	0.24507	4.57186	0.46195	0.769205	0.497633	0.885243	
4.26836	0.210568	0.419127	0.950055	0.682696	0.286487	4.0057	3.98866	2.51465	0.482549	0.211349	0.240915	0.297563	3.93659	144.227	0.442418	0.485773	0.282187	0.458756	0.238083	4.35738	0.458203	0.752743	0.49649	0.868659	
4.26716	0.210199	0.418997	0.937486	0.674896	0.28552	4.00542	3.97812	2.44074	0.480073	0.211285	0.238083	0.295583	3.93622	144.227	0.437489	0.485772	0.281862	0.455912	0.236945	4.18356	0.454708	0.736939	0.496111	0.860213	
4.26649	0.209967	0.418795	0.820319	0.657139	0.28443	4.00523	3.96635	2.31877	0.476637	0.211021	0.238002	0.295583	3.93608	144.227	0.434454	0.485771	0.281437	0.454406	0.233748	3.77155	0.45009	0.727062	0.495754	0.843942	
4.2621	0.209837	0.418765	0.789406	0.650418	0.283454	4.00502	3.95784	2.24766	0.470808	0.210801	0.236744	0.295305	3.93566	144.227	0.433561	0.48577	0.281136	0.452606	0.232393	3.59497	0.446973	0.704878	0.495489	0.83447	
4.25941	0.209679	0.418661	0.754445	0.634495	0.283378	4.00483	3.9411	2.15847	0.465998	0.210775	0.234824	0.294125	3.93559	144.227	0.430696	0.485768	0.2809	0.450656	0.23082	3.35001	0.44394	0.672015	0.49449	0.829976	
4.25649	0.209563	0.41861	0.731368	0.626943	0.282826	4.00476	3.93708	2.07549	0.463929	0.210534	0.232274	0.293758	3.93545	144.227	0.428484	0.485767	0.280459	0.448934	0.22986	3.24994	0.44193	0.649733	0.494075	0.82129	
4.25431	0.209465	0.418407	0.693335	0.623381	0.282562	4.00471	3.93348	1.94316	0.460382	0.210372	0.228641	0.292665	3.93529	144.227	0.426786	0.485765	0.280169	0.447036	0.228889	3.16875	0.439694	0.636228	0.492897	0.820016	
4.25169	0.20937	0.418301	0.676631	0.607051	0.281783	4.00462	3.93156	1.89849	0.456341	0.210016	0.225814	0.292441	3.9352	144.227	0.425608	0.485763	0.279959	0.444586	0.228249	3.12497	0.438603	0.629357	0.492739	0.806824	
4.2498	0.209314	0.418017	0.668057	0.603601	0.281673	4.00455	3.92892	1.83444	0.453903	0.209909	0.224716	0.291577	3.93507	104.162	0.42496	0.485763	0.279848	0.441553	0.227658	3.03206	0.436856	0.625937	0.49159	0.799416	
4.24878	0.209264	0.417918	0.652773	0.591678	0.281467	4.00447	3.92779	1.76176	0.449942	0.209786	0.223574	0.291137	3.93503	104.162	0.424245	0.485762	0.27978	0.439952	0.227302	2.92945	0.435027	0.621868	0.491351	0.789112	
4.24745	0.209226	0.417806	0.641407	0.584783	0.28115	4.00444	3.92613	1.68964	0.444837	0.20963	0.222547	0.290357	3.93494	104.162	0.424056	0.485761	0.279674	0.438933	0.226957	2.76428	0.433073	0.617384	0.490887	0.784798	
4.24541	0.209174	0.41769	0.632714	0.58066	0.2809	4.00435	3.92458	1.65547	0.441507	0.209558	0.221899	0.289961	3.93481	91.0143	0.423452	0.485761	0.279584	0.438188	0.226528	2.64724	0.431858	0.613808	0.490698	0.775472	
4.24364	0.209152	0.417569	0.620845	0.577054	0.280693	4.00432	3.92143	1.58972	0.440506	0.209416	0.220543	0.289158	3.93462	85.398	0.422727	0.48576	0.279479	0.437097	0.225983	2.57514	0.430692	0.607884	0.490174	0.764727	
4.24197	0.209124	0.417469	0.615763	0.573058	0.280421	4.00424	3.92041	1.5256	0.437661	0.209266	0.21993	0.288684	3.93447	68.3145	0.421894	0.48576	0.279084	0.436517	0.225309	2.48736	0.429434	0.603995	0.490012	0.761694	
4.24035	0.209094	0.417352	0.612091	0.569525	0.280286	4.00419	3.91847	1.44347	0.435737	0.209136	0.219423	0.288028	3.93433	62.5045	0.421894	0.48576	0.279008	0.434544	0.224437	2.3795	0.42851	0.599991	0.489397	0.756573	
4.23927	0.209063	0.417344	0.607795	0.565084	0.280045	4.00409	3.91642	1.38421	0.433434	0.209049	0.218357	0.287809	3.93421	51.2641	0.421734	0.48576	0.27891	0.433919	0.223599	2.3032	0.427928	0.595541	0.489159	0.720672	
4.23802	0.209006	0.417221	0.604118	0.560831	0.279876	4.00401	3.91462	1.25912	0.43128	0.208937	0.217505	0.287512	3.93404	45.838	0.421017	0.485759	0.278834	0.433254	0.222806	2.19051	0.426905	0.590475	0.489055	0.70732	
4.23573	0.208962	0.417133	0.594471	0.555162	0.279842	4.00391	3.91215	1.19433	0.429133	0.208881	0.216361	0.287168	3.93382	43.3573	0.420962	0.485759	0.278808	0.432567	0.221881	2.09989	0.426332	0.586257	0.488786	0.698056	
4.23345	0.208927	0.417098	0.589763	0.55438	0.279626	4.00385	3.90998	1.03494	0.427714	0.208839	0.215888	0.286827	3.93378	37.4562	0.420564	0.485759	0.278768	0.431517	0.221307	2.02126	0.425287	0.582794	0.488519	0.689937	
4.23143	0.208892	0.417008	0.585378	0.552379	0.279624	4.00382	3.90839	0.971252	0.426509	0.20882	0.215628	0.28393	3.9337	29.0688	0.42014	0.485759	0.278698	0.431129	0.220656	1.95487	0.424625	0.579809	0.48831	0.679251	
4.23075	0.208875	0.416959	0.582556	0.550551	0.279553	4.00371	3.90605	0.911729	0.425796	0.208759	0.215249	0.283367	3.93367	29.0688	0.419868	0.485758	0.278664	0.430404	0.219918	1.90861	0.424197	0.577378	0.488104	0.674457	
4.22911	0.208817	0.416896	0.579218	0.548026	0.279449	4.00363	3.90489	0.847966	0.424806	0.208735	0.214596	0.282764	3.93365	22.7466	0.419683	0.485758	0.278612	0.430066	0.219301	1.85421	0.423714	0.573492	0.487968	0.649386	
4.22846	0.208814	0.416861	0.575531	0.543136	0.279374	4.00356	3.90362	0.816154	0.424003	0.208699	0.214259	0.282575	3.93362	20.0047	0.419405	0.485758	0.278582	0.429183	0.218894	1.80495	0.423149	0.570724	0.487947	0.638678	
4.22737	0.208782	0.416831	0.571804	0.541346	0.279276	4.00348	3.90125	0.738169	0.423101	0.208673	0.21377	0.281835	3.93358	18.6582	0.419144	0.485757	0.278552	0.428114	0.218492	1.76753	0.422638	0.567121	0.487899	0.633927	
4.22704	0.20875	0.416819	0.570189	0.538657	0.279182	4.00343	3.89929	0.695073	0.422591	0.208641	0.213337	0.281701	3.93357	17.3462	0.418648	0.485757	0.278521	0.427726	0.217988	1.73542	0.422223	0.56323	0.487543	0.627651	
4.22657	0.208722	0.416796	0.564939	0.538216	0.279091	4.00341	3.89794	0.673757	0.422214	0.208614	0.212901	0.281522	3.93355	13.9828	0.418532	0.485757	0.278301	0.426984	0.21775	1.68052	0.421786	0.558093	0.48754	0.623026	
4.22586	0.208687	0.416762	0.560222	0.536943	0.279017	4.00336	3.89687	0.651101	0.421761	0.208579	0.212452	0.281316	3.93354	12.7818	0.418211	0.485757	0.278275	0.425702	0.217438	1.63815	0.421396	0.554925	0.487465	0.617194	
4.2253	0.208677	0.416754	0.555874	0.533496	0.278911	4.00334	3.89609	0.613301	0.421508	0.208559	0.212314	0.28113	3.93351	11.7622	0.418074	0.485756	0.27823	0.425237	0.216904	1.61315	0.421084	0.552287	0.487409	0.613622	
4.22446	0.208665	0.416724	0.553906	0.532243	0.278883	4.00331	3.89337	0.586225	0.421287	0.208535	0.212073	0.281	3.9335	10.9551	0.417884	0.485756	0.278189	0.424445	0.216507	1.50426	0.420599	0.54923	0.487329	0.608717	
4.22387	0.208657	0.416708	0.553022	0.529503	0.278799	4.00328	3.89194	0.542418	0.420978	0.208515	0.211785	0.280913	3.93349	10.5837	0.417849	0.485756	0.278178	0.424087	0.216249	1.48113	0.420156	0.547631	0.487297	0.60382	
4.22342	0.20864	0.416688	0.5504	0.52761	0.278697	4.00323	3.88927	0.521483	0.420894	0.208472	0.211546	0.280817	3.93347	9.72189	0.417582	0.485756	0.278144	0.423212	0.215969	1.44344	0.419999	0.545361	0.487232	0.601455	
4.22311	0.20859	0.41667	0.549478	0.526201	0.278609	4.00319	3.88718	0.482095	0.420688	0.208458	0.211367	0.280726	3.93345	9.15782	0.417462	0.485756	0.278107	0.422561	0.215726	1.3792	0.419726	0.543377	0.487169	0.599414	
4.22258	0.208578	0.416655	0.5465	0.5239	0.278548	4.00314	3.88535	0.463823	0.420538	0.208449	0.211005	0.280595	3.93344	8.85415	0.41735	0.485756	0.278091	0.422247	0.215549	1.34077	0.419413	0.54201	0.487112	0.598138	
4.22196	0.208559	0.416639	0.538422	0.522009	0.278475	4.00312	3.88396	0.43985	0.420264	0.208442	0.210752	0.280463	3.93334	8.64755	0.417198	0.485755	0.278066	0.421769	0.215434	1.29969	0.419352	0.540107	0.487078	0.595813	
4.22131	0.208529	0.416635	0.536025	0.520224	0.278435	4.0031	3.88274	0.414719	0.419967	0.208435	0.210414	0.28038	3.93332	8.11078	0.417085	0.485755	0.278046	0.421544	0.215267	1.26224	0.419087	0.538147	0.487021	0.594384	
4.22104	0.20851	0.416621	0.535305	0.5184	0.278389	4.00307	3.88101	0.388588	0.419755	0.208419	0.210346	0.280303	3.9333	7.62017	0.416991	0.485755	0.278036	0.421367	0.215125	1.24984	0.419029	0.53717	0.486988	0.593213	
4.22042	0.208492	0.416608	0.532895	0.515685	0.27836	4.00306	3.88044	0.362343	0.419522	0.208408	0.210158	0.280186	3.93329	7.47307	0.41694	0.485755	0.278014	0.420468	0.214898	1.23719	0.418773	0.535956	0.486947	0.592382	
4.21974	0.208476	0.416596	0.532236	0.514411	0.27832	4.00304	3.87957	0.350069	0.419416	0.208396	0.21006	0.280132	3.93328	7.07891	0.416849	0.485755	0.278003	0.420352	0.21434	1.22942	0.418707	0.534701	0.486896	0.591178	
4.21882	0.208461	0.416584	0.531417	0.511996	0.278273	4.00304	3.87881	0.327817	0.419242	0.208383	0.209921	0.28011	3.93328	6.66682	0.416813	0.485754	0.27798	0.420183	0.214011	1.21465	0.418564	0.532518	0.486869	0.584836	
4.21808	0.208451	0.416573	0.530121	0.510824	0.278237	4.00302	3.87842	0.303467	0.418921	0.208368	0.209862	0.280047	3.93327	6.5219	0.416792	0.485754	0.277966	0.420018	0.21364	1.20223	0.418452	0.529415	0.486724	0.581976	
4.21773	0.208442	0.416571	0.527318	0.509221	0.278174	4.00302	3.87702	0.293085	0.418788	0.208356	0.209818	0.280047	3.93327	6.17235	0.416773	0.485754	0.277943	0.419823	0.213547	1.18349	0.41835	0.528281	0.486682	0.581331	
4.21698	0.208429	0.416562	0.525006	0.507275	0.278135	4.003	3.87651	0.288003	0.418639	0.208342	0.20976	0.279881	3.93326	6.04888	0.416757	0.485754	0.277846	0.419682	0.213407	1.17251	0.418237	0.526603	0.486619	0.5787	
4.21661	0.208418	0.416558	0.523583	0.504446	0.278114	4.00298	3.87598	0.281623	0.418311	0.208329	0.209697	0.279832	3.93326	5.92032	0.41674	0.485754	0.277825	0.419343	0.212989	1.16185	0.418148	0.524524	0.486478	0.576643	
4.21563	0.208409	0.416549	0.522535	0.503672	0.278107	4.00297	3.87557	0.27795	0.418081	0.20832	0.209672	0.279793	3.93324	5.80201	0.41674	0.485753	0.277797	0.419153	0.212926	1.15002	0.418073	0.519603	0.486455	0.575692	
4.2152	0.208404	0.41654	0.521843	0.500735	0.27808	4.00296	3.87523	0.269442	0.417958	0.208313	0.209612	0.279755	3.93323	5.67951	0.416734	0.485753	0.277778	0.419055	0.212736	1.13808	0.417993	0.515335	0.48641	0.574381	
4.21497	0.208401	0.416536	0.521431	0.499519	0.278075	4.00294	3.87467	0.257569	0.41789	0.208296	0.209523	0.279562	3.93323	5.52108	0.416711	0.485753	0.277769	0.41879	0.212458	1.12144	0.417971	0.510823	0.486377	0.573104	
4.21474	0.208397	0.41653	0.521207	0.49786	0.278049	4.00292	3.87409	0.245935	0.417769	0.208287	0.209478	0.2795	3.93322	5.31029	0.416687	0.485753	0.277763	0.418736	0.212268	1.11098	0.417892	0.510359	0.486349	0.572619	
4.21464	0.208393	0.416508	0.520686	0.49632	0.278033	4.00278	3.87365	0.236162	0.417679	0.208281	0.209439	0.27941	3.93322	5.1929	0.416658	0.485753	0.277754	0.41853	0.212081	1.10043	0.417864	0.509049	0.486319	0.570333	
4.21444	0.208378	0.416492	0.520028	0.494536	0.27801	4.00274	3.87303	0.227175	0.4175	0.208268	0.209392	0.279347	3.93321	5.06132	0.41665	0.485753	0.277745	0.418391	0.211962	1.09085	0.417857	0.507319	0.486288	0.569515	
4.21433	0.208376	0.416482	0.519666	0.493944	0.278004	4.00273	3.87287	0.216552	0.417335	0.208263	0.209376	0.279297	3.93321	4.76177	0.416636	0.485753	0.277737	0.41826	0.211729	1.08023	0.417845	0.506094	0.486263	0.568599	
4.21419	0.208372	0.41648	0.51466	0.492838	0.277989	4.00272	3.87258	0.209241	0.417264	0.208255	0.209348	0.279232	3.9332	4.6615	0.416619	0.485753	0.277728	0.418088	0.211525	1.06946	0.417683	0.504928	0.486239	0.568038	
4.21405	0.208368	0.416474	0.512006	0.491677	0.27798	4.00272	3.87238	0.204932	0.417205	0.20825	0.209325	0.279202	3.9332	4.60145	0.416594	0.485753	0.277718	0.417975	0.211362	1.05664	0.417635	0.502988	0.486203	0.5673	
4.21338	0.208364	0.416471	0.51069	0.491311	0.277971	4.00271	3.87209	0.201198	0.417126	0.208247	0.209315	0.279169	3.9332	4.49729	0.416579	0.485753	0.277709	0.417866	0.21128	1.0498	0.417552	0.502392	0.486168	0.566636	
4.2132	0.20836	0.416467	0.51018	0.490633	0.277966	4.00271	3.87181	0.195614	0.41707	0.208246	0.209289	0.27914	3.9332	4.4574	0.416571	0.485753	0.277704	0.417767	0.211045	1.03843	0.417522	0.50145	0.486156	0.566389	
4.21304	0.20835	0.416461	0.509314	0.490578	0.277962	4.0027	3.8715	0.191247	0.416987	0.208244	0.209244	0.279115	3.9332	4.4057	0.416562	0.485753	0.277698	0.417646	0.210816	1.01781	0.41747	0.500609	0.486139	0.565868	
4.21295	0.208347	0.416456	0.503488	0.490232	0.277934	4.00269	3.87127	0.186952	0.416948	0.208243	0.209234	0.279093	3.93319	4.36248	0.416555	0.485753	0.27769	0.417452	0.210647	1.00436	0.417319	0.499901	0.486088	0.565285	
4.21282	0.208341	0.416454	0.503198	0.49005	0.277932	4.00268	3.87105	0.183146	0.416905	0.208243	0.209202	0.27905	3.93319	4.32999	0.416541	0.485753	0.277684	0.417382	0.210578	0.995224	0.417294	0.497734	0.486047	0.565059	
4.21277	0.208337	0.416452	0.502256	0.48986	0.277925	4.00267	3.87045	0.181668	0.416865	0.208242	0.209185	0.279042	3.93319	4.29862	0.416522	0.485753	0.277677	0.41729	0.210345	0.942409	0.417285	0.496934	0.486032	0.56465	
4.2127	0.208331	0.41645	0.501297	0.489674	0.277916	4.00266	3.87017	0.179857	0.41684	0.20824	0.209165	0.279028	3.93319	4.28029	0.416502	0.485753	0.277672	0.417179	0.210207	0.933586	0.417251	0.495707	0.486017	0.564348	
4.21264	0.208328	0.416448	0.500587	0.489567	0.277911	4.00266	3.86983	0.176189	0.416817	0.208236	0.209147	0.279016	3.93319	4.26505	0.416485	0.485753	0.277669	0.417119	0.209909	0.926793	0.417233	0.494773	0.486003	0.564027	
4.21254	0.208325	0.416446	0.499928	0.489244	0.277905	4.00264	3.86966	0.174632	0.4168	0.208235	0.209136	0.279004	3.93319	4.25359	0.416478	0.485753	0.277665	0.417074	0.209796	0.916737	0.417199	0.492933	0.485995	0.563207	
4.21251	0.208323	0.416444	0.499863	0.488881	0.277902	4.00264	3.86948	0.1721	0.416787	0.208233	0.209124	0.278997	3.93319	4.24368	0.416471	0.485753	0.27766	0.417043	0.209681	0.905365	0.417164	0.491076	0.485983	0.562938	
4.21248	0.208321	0.416442	0.499224	0.488724	0.277894	4.00264	3.86933	0.169287	0.416777	0.208231	0.209113	0.278984	3.93319	4.23671	0.416459	0.485753	0.277653	0.417018	0.209656	0.896121	0.417118	0.489488	0.485972	0.562549	
4.21243	0.208319	0.41644	0.498676	0.488187	0.277884	4.00263	3.86917	0.164718	0.416764	0.208228	0.209088	0.278975	3.93319	4.23671	0.416453	0.485753	0.277645	0.416992	0.20963	0.888873	0.417084	0.488253	0.485963	0.562059	
4.21238	0.208316	0.416439	0.498017	0.48804	0.277877	4.00263	3.86897	0.160905	0.416757	0.208227	0.209069	0.278964	3.93319	4.23094	0.416446	0.485753	0.277641	0.41698	0.209603	0.883123	0.41704	0.487665	0.485957	0.561689	
4.21235	0.208312	0.416437	0.497107	0.48792	0.277868	4.00263	3.86886	0.127595	0.416747	0.208226	0.209054	0.278954	3.93319	4.22775	0.416441	0.485753	0.277636	0.416966	0.209579	0.879053	0.417005	0.485721	0.48595	0.561446	
4.2123	0.20831	0.416436	0.496643	0.487849	0.277863	4.00263	3.8687	0.123692	0.416733	0.208224	0.208929	0.278945	3.93318	4.22129	0.416433	0.485753	0.277634	0.416955	0.209551	0.873336	0.416962	0.484301	0.485945	0.561143	
4.21223	0.208308	0.416434	0.496136	0.487773	0.277839	4.00263	3.86823	0.113956	0.416723	0.208222	0.208903	0.278936	3.93318	4.2193	0.41643	0.485753	0.27763	0.416922	0.209354	0.865612	0.416932	0.483271	0.485939	0.560917	
4.21217	0.208306	0.416433	0.495186	0.487712	0.277829	4.00262	3.86796	0.110342	0.416703	0.208216	0.208878	0.278929	3.93318	4.21654	0.416425	0.485753	0.277627	0.416902	0.209013	0.857776	0.416911	0.482196	0.485933	0.560726	
4.21206	0.208303	0.416432	0.494482	0.487526	0.277819	4.00262	3.86784	0.108226	0.416692	0.208215	0.208844	0.278915	3.93318	4.21582	0.416423	0.485753	0.277623	0.416887	0.208988	0.847381	0.416887	0.480157	0.485923	0.5605	
4.21201	0.208302	0.416431	0.493963	0.487469	0.277813	4.00262	3.86774	0.107184	0.416681	0.208214	0.208696	0.278905	3.93318	4.19507	0.416421	0.485753	0.27762	0.416863	0.208941	0.842113	0.416871	0.479343	0.485918	0.560357	
4.21199	0.208301	0.41643	0.493132	0.487391	0.277809	4.00262	3.86761	0.105587	0.416673	0.208212	0.208678	0.278876	3.93318	4.19113	0.41642	0.485753	0.277619	0.416846	0.208892	0.808319	0.416843	0.478355	0.485902	0.560211	
4.21195	0.208299	0.416425	0.492343	0.487272	0.277798	4.00262	3.86743	0.104283	0.416658	0.20821	0.208644	0.27885	3.93318	4.18679	0.416418	0.485753	0.277618	0.41683	0.208877	0.785797	0.416813	0.477779	0.485896	0.560057	
4.21193	0.208298	0.416423	0.49198	0.487201	0.277793	4.00262	3.86732	0.103979	0.41665	0.208208	0.208622	0.278829	3.93318	4.18328	0.416412	0.485753	0.277616	0.416815	0.20883	0.761211	0.416799	0.47715	0.485892	0.559933	
4.21191	0.208296	0.41642	0.491649	0.487124	0.277787	4.00262	3.86723	0.103031	0.416637	0.208207	0.208615	0.27881	3.93318	4.18109	0.416409	0.485753	0.277614	0.416804	0.208805	0.758384	0.416781	0.476195	0.485888	0.55984	
4.2119	0.208295	0.416416	0.491518	0.487061	0.277783	4.00261	3.86715	0.10137	0.416604	0.208206	0.208589	0.278789	3.93318	4.17995	0.416408	0.485753	0.27761	0.41679	0.208781	0.748039	0.416761	0.475544	0.485886	0.559574	
4.21186	0.208293	0.416415	0.491366	0.486945	0.277767	4.00261	3.86709	0.100152	0.416594	0.208204	0.20858	0.278778	3.93318	4.1797	0.416406	0.485753	0.277597	0.416776	0.208775	0.738427	0.416742	0.475245	0.48588	0.559495	
4.21183	0.208292	0.416413	0.491198	0.486897	0.277763	4.00261	3.86698	0.0978249	0.416577	0.208203	0.208558	0.278753	3.93318	4.17908	0.4164	0.485753	0.277595	0.416753	0.208761	0.730945	0.416707	0.474675	0.485876	0.559309	
4.21181	0.20829	0.416412	0.49109	0.486809	0.277759	4.00261	3.86675	0.0964513	0.416567	0.208202	0.208541	0.278741	3.93318	4.17786	0.416399	0.485753	0.277594	0.416741	0.208745	0.723844	0.416682	0.474006	0.485872	0.559007	
4.21179	0.208289	0.416411	0.49098	0.486738	0.277756	4.00261	3.86654	0.095674	0.41655	0.208201	0.208521	0.278732	3.93317	4.1773	0.416398	0.485753	0.277592	0.416727	0.208732	0.720526	0.416656	0.473478	0.485869	0.558845	
4.21173	0.208288	0.41641	0.490904	0.486565	0.277752	4.00261	3.86642	0.0944639	0.416545	0.2082	0.208508	0.278716	3.93317	4.17672	0.416398	0.485753	0.277591	0.416714	0.208714	0.716992	0.416639	0.472699	0.485867	0.558737	
4.21171	0.208287	0.416407	0.490778	0.486549	0.277749	4.00261	3.8663	0.092744	0.416537	0.208199	0.208484	0.278704	3.93317	4.17631	0.416397	0.485753	0.277589	0.4167	0.2087	0.710086	0.416633	0.472175	0.485863	0.5586	
4.21168	0.208284	0.416406	0.490694	0.486525	0.277745	4.00261	3.86615	0.0896548	0.416521	0.208198	0.208478	0.278699	3.93317	4.17593	0.416397	0.485753	0.277588	0.416692	0.208693	0.705797	0.416623	0.469694	0.485858	0.558448	
4.21165	0.208281	0.416405	0.490635	0.486512	0.277741	4.0026	3.86605	0.0888057	0.416505	0.208197	0.208449	0.278691	3.93317	4.1757	0.416396	0.485753	0.277588	0.416687	0.208676	0.703678	0.416617	0.468507	0.485855	0.558317	
4.21163	0.208279	0.416404	0.490608	0.486488	0.277738	4.0026	3.86592	0.0883269	0.416489	0.208196	0.208431	0.278686	3.93317	4.17535	0.416386	0.485753	0.277588	0.416676	0.208643	0.70065	0.416613	0.46744	0.48585	0.55819	
4.21161	0.208276	0.416403	0.490384	0.486474	0.277736	4.0026	3.86577	0.0871977	0.416483	0.208195	0.208424	0.278681	3.93317	4.17479	0.416384	0.485753	0.277587	0.416667	0.208627	0.700308	0.416605	0.466846	0.485845	0.558051	
4.21159	0.208274	0.416402	0.490291	0.486465	0.277733	4.0026	3.8656	0.0862541	0.416467	0.208195	0.208419	0.278672	3.93317	4.17427	0.416383	0.485753	0.277586	0.416658	0.208614	0.695855	0.416585	0.466011	0.485843	0.557893	
4.21158	0.208273	0.416402	0.490242	0.486447	0.27773	4.00259	3.86545	0.0849265	0.416462	0.208194	0.208414	0.278653	3.93317	4.17374	0.416382	0.485753	0.277585	0.416647	0.208605	0.681099	0.416576	0.465303	0.485839	0.55777	
4.21156	0.208271	0.416401	0.490174	0.486423	0.277727	4.00259	3.86535	0.0840795	0.416457	0.208193	0.208408	0.278646	3.93317	4.17344	0.41638	0.485753	0.277584	0.416638	0.20859	0.676443	0.416564	0.464612	0.485834	0.557676	
4.21153	0.20827	0.4164	0.490122	0.486401	0.277723	4.00259	3.86526	0.0833359	0.416451	0.208192	0.208403	0.278632	3.93317	4.17163	0.416378	0.485753	0.277584	0.416629	0.208575	0.672061	0.416555	0.46254	0.485829	0.557621	
4.21152	0.208268	0.416398	0.490046	0.486382	0.27772	4.00259	3.86518	0.0828493	0.416445	0.208192	0.208395	0.278613	3.93317	4.16523	0.416377	0.485753	0.277584	0.416622	0.208558	0.668334	0.416553	0.461942	0.485827	0.55737	
4.2115	0.208267	0.416396	0.490004	0.486348	0.277716	4.00259	3.86517	0.0822009	0.416435	0.208192	0.208392	0.278605	3.93317	4.16328	0.416376	0.485753	0.277583	0.416619	0.208549	0.666079	0.41655	0.460709	0.485825	0.55725	
4.21149	0.208265	0.416395	0.489924	0.486325	0.277712	4.00259	3.86512	0.0808282	0.416427	0.208192	0.208386	0.278592	3.93317	4.16253	0.416375	0.485753	0.277583	0.416614	0.208541	0.664491	0.416546	0.458723	0.485823	0.557165	
4.21147	0.208265	0.416394	0.489907	0.4863	0.27771	4.00259	3.8651	0.080381	0.416423	0.208191	0.208381	0.278581	3.93317	4.1619	0.416375	0.485753	0.277582	0.41661	0.208534	0.662431	0.416544	0.457534	0.485821	0.557057	
4.21145	0.208264	0.416393	0.489879	0.486273	0.277703	4.00259	3.86508	0.0789944	0.416419	0.20819	0.20837	0.278573	3.93317	4.16154	0.416374	0.485753	0.277582	0.416603	0.208531	0.659079	0.416538	0.456691	0.485819	0.556995	
4.21144	0.208263	0.416391	0.489842	0.486221	0.277698	4.00259	3.86505	0.0786497	0.416417	0.20819	0.208365	0.278566	3.93317	4.16118	0.416373	0.485753	0.277581	0.416601	0.208526	0.657612	0.416531	0.455612	0.485817	0.556896	
4.21144	0.208259	0.41639	0.489811	0.486177	0.277695	4.00258	3.86494	0.0780596	0.416415	0.208189	0.208362	0.278557	3.93317	4.16075	0.416373	0.485753	0.277581	0.416597	0.208518	0.656752	0.416522	0.453673	0.485815	0.556848	
4.21143	0.208257	0.416389	0.489783	0.486144	0.277691	4.00258	3.86489	0.0776744	0.416413	0.208189	0.208359	0.278552	3.93317	4.15828	0.416373	0.485753	0.277581	0.416594	0.208514	0.655389	0.416516	0.452104	0.485815	0.556822	
4.21142	0.208256	0.416388	0.489768	0.486128	0.277688	4.00258	3.86486	0.0771994	0.416411	0.208188	0.208356	0.278516	3.93317	4.15792	0.416372	0.485753	0.277581	0.41659	0.208506	0.653576	0.416505	0.449171	0.485814	0.556788	
4.21141	0.208255	0.416387	0.489748	0.486114	0.277684	4.00258	3.86484	0.0767512	0.41641	0.208188	0.208352	0.278464	3.93317	4.15756	0.416372	0.485753	0.277581	0.416585	0.208501	0.650275	0.4165	0.445825	0.485814	0.556788	
4.21141	0.208255	0.416386	0.489699	0.486105	0.277681	4.00258	3.86481	0.0761507	0.416407	0.208187	0.208348	0.278447	3.93317	4.15734	0.416372	0.485753	0.27758	0.416581	0.208497	0.648253	0.416495	0.443308	0.485813	0.55678	
4.2114	0.208254	0.416386	0.489671	0.4861	0.27768	4.00258	3.8647	0.0755508	0.416406	0.208187	0.208345	0.278437	3.93317	4.15695	0.416371	0.485753	0.277579	0.416576	0.208494	0.644496	0.416488	0.440927	0.485812	0.556764	
4.21139	0.208252	0.416385	0.48966	0.486095	0.277678	4.00258	3.86464	0.0752389	0.416405	0.208187	0.208344	0.27842	3.93317	4.15692	0.416371	0.485753	0.277579	0.416574	0.208487	0.642553	0.416479	0.440307	0.485812	0.556742	
4.21139	0.208251	0.416384	0.489643	0.486092	0.277677	4.00258	3.8646	0.0748461	0.416401	0.208186	0.208342	0.278407	3.93317	4.15669	0.41637	0.485753	0.277579	0.416568	0.208483	0.639658	0.416473	0.43826	0.485811	0.55673	
4.21138	0.20825	0.416384	0.48963	0.48609	0.277675	4.00258	3.86457	0.0743782	0.416398	0.208186	0.208341	0.278386	3.93317	4.15652	0.41637	0.485753	0.277579	0.416558	0.208479	0.636602	0.41647	0.435935	0.48581	0.556718	
4.21138	0.20825	0.416383	0.489605	0.486086	0.277673	4.00258	3.86455	0.0741882	0.416396	0.208185	0.20834	0.278357	3.93317	4.15576	0.416369	0.485753	0.277578	0.416553	0.208477	0.634458	0.416468	0.434464	0.48581	0.556712	
4.21137	0.208249	0.416382	0.489593	0.486083	0.277671	4.00258	3.86453	0.0740465	0.416393	0.208185	0.208336	0.278337	3.93317	4.15552	0.416369	0.485753	0.277578	0.416546	0.208474	0.632525	0.416466	0.430666	0.485809	0.556703	
4.21136	0.208249	0.416381	0.489582	0.486081	0.27767	4.00257	3.86452	0.0738092	0.416391	0.208185	0.208335	0.278316	3.93317	4.15505	0.416369	0.485753	0.277578	0.416542	0.208471	0.629777	0.416463	0.428835	0.485809	0.556691	
4.21136	0.208248	0.416381	0.489576	0.486077	0.277668	4.00257	3.86451	0.0735572	0.41639	0.208185	0.208334	0.278294	3.93317	4.15476	0.416368	0.485753	0.277578	0.41654	0.208468	0.627236	0.416461	0.427586	0.485807	0.556669	
4.21135	0.208247	0.41638	0.489568	0.486066	0.277665	4.00257	3.86449	0.073488	0.416388	0.208184	0.208332	0.27828	3.93317	4.15447	0.416368	0.485753	0.277578	0.416537	0.208464	0.622818	0.416459	0.426052	0.485807	0.556651	
4.21135	0.208247	0.416379	0.489559	0.486061	0.277663	4.00257	3.86446	0.0733317	0.416387	0.208184	0.20833	0.278269	3.93317	4.15426	0.416368	0.485753	0.277578	0.416534	0.208461	0.615966	0.416457	0.423952	0.485806	0.55663	
4.21135	0.208246	0.416378	0.48955	0.486057	0.27766	4.00257	3.86445	0.0732829	0.416386	0.208184	0.208328	0.278253	3.93317	4.15354	0.416368	0.485753	0.277578	0.416532	0.208459	0.608686	0.416454	0.422703	0.485804	0.556611	
4.21134	0.208246	0.416378	0.489538	0.486052	0.277659	4.00257	3.86443	0.0730847	0.416384	0.208184	0.208326	0.278234	3.93317	4.15295	0.416367	0.485753	0.277577	0.41653	0.208458	0.606403	0.41645	0.42172	0.485803	0.556595	
4.21134	0.208245	0.416378	0.489521	0.486045	0.277653	4.00257	3.86441	0.0729775	0.416383	0.208184	0.208325	0.278218	3.93317	4.15219	0.416367	0.485753	0.277577	0.416526	0.208457	0.602438	0.416444	0.420351	0.485802	0.556569	
4.21133	0.208245	0.416377	0.489503	0.486043	0.27765	4.00257	3.86438	0.0728897	0.416383	0.208184	0.208324	0.278199	3.93316	4.15162	0.416367	0.485753	0.277577	0.416524	0.208455	0.60059	0.41644	0.418018	0.485801	0.55655	
4.21133	0.208245	0.416377	0.489487	0.486038	0.277647	4.00257	3.86436	0.0728439	0.416382	0.208183	0.208323	0.278185	3.93316	4.15127	0.416367	0.485753	0.277577	0.416521	0.208451	0.597359	0.41644	0.416229	0.4858	0.556537	
4.21132	0.208245	0.416376	0.489472	0.486034	0.277646	4.00257	3.86435	0.0727496	0.416382	0.208183	0.208323	0.278176	3.93316	4.15093	0.416366	0.485753	0.277577	0.416517	0.208442	0.595674	0.416437	0.414477	0.485798	0.556517	
4.21131	0.208244	0.416376	0.489459	0.48603	0.277644	4.00257	3.86434	0.0726937	0.416381	0.208183	0.208322	0.278161	3.93316	4.15076	0.416366	0.485753	0.277577	0.416516	0.20844	0.594348	0.416436	0.413208	0.485797	0.5565	
4.21131	0.208244	0.416375	0.489441	0.486027	0.277643	4.00257	3.86434	0.0726415	0.416381	0.208183	0.20832	0.278146	3.93316	4.15064	0.416366	0.485753	0.277577	0.416512	0.208435	0.591336	0.416435	0.411313	0.485796	0.556484	
4.2113	0.208244	0.416375	0.489423	0.486022	0.277642	4.00257	3.86431	0.0725565	0.416381	0.208183	0.208319	0.278129	3.93316	4.15054	0.416366	0.485753	0.277577	0.41651	0.20843	0.587324	0.416433	0.409819	0.485795	0.556465	
4.2113	0.208243	0.416375	0.489414	0.486017	0.277641	4.00256	3.86429	0.0724991	0.41638	0.208183	0.208318	0.278114	3.93316	4.1503	0.416366	0.485753	0.277576	0.416507	0.208427	0.584691	0.416431	0.408983	0.485794	0.556439	
4.21129	0.208243	0.416375	0.4894	0.486015	0.27764	4.00256	3.86428	0.0724541	0.41638	0.208182	0.208317	0.278103	3.93316	4.15014	0.416365	0.485753	0.277576	0.416503	0.208421	0.580038	0.416426	0.408272	0.485794	0.556419	
4.21129	0.208243	0.416374	0.489374	0.486014	0.277639	4.00256	3.86427	0.0724106	0.41638	0.208182	0.208316	0.278064	3.93316	4.14999	0.416365	0.485753	0.277576	0.416496	0.208418	0.576809	0.416424	0.407891	0.485793	0.556405	
4.21128	0.208243	0.416374	0.489366	0.486012	0.277639	4.00256	3.86425	0.0723722	0.41638	0.208182	0.208314	0.278045	3.93316	4.1498	0.416365	0.485753	0.277576	0.416492	0.208412	0.575924	0.41642	0.407613	0.485792	0.556381	
4.21128	0.208243	0.416374	0.489358	0.48601	0.277638	4.00256	3.86423	0.0723379	0.41638	0.208182	0.208313	0.278028	3.93316	4.14968	0.416365	0.485753	0.277576	0.41649	0.208408	0.573615	0.416418	0.406649	0.48579	0.556353	
4.21127	0.208243	0.416374	0.489338	0.486009	0.277637	4.00256	3.86422	0.072283	0.416379	0.208182	0.208312	0.278014	3.93316	4.14953	0.416365	0.485753	0.277576	0.416487	0.208405	0.570074	0.416416	0.406412	0.485789	0.556316	
4.21127	0.208242	0.416374	0.48933	0.486007	0.277636	4.00256	3.86421	0.0722443	0.416379	0.208182	0.20831	0.278	3.93316	4.14946	0.416364	0.485753	0.277576	0.416485	0.2084	0.568498	0.416415	0.403868	0.485789	0.556295	
4.21126	0.208242	0.416373	0.489322	0.486005	0.27763	4.00256	3.8642	0.0722073	0.416379	0.208182	0.208309	0.277991	3.93316	4.14916	0.416364	0.485753	0.277576	0.416482	0.208396	0.566638	0.416414	0.40345	0.485788	0.556279	
4.21126	0.208241	0.416373	0.489306	0.486003	0.277628	4.00256	3.8642	0.0721561	0.416378	0.208182	0.208306	0.277985	3.93316	4.14899	0.416364	0.485753	0.277576	0.416479	0.208389	0.563965	0.416413	0.402761	0.485787	0.55627	
4.21125	0.208241	0.416373	0.48929	0.486001	0.277627	4.00256	3.86418	0.0721165	0.416378	0.208182	0.208303	0.277976	3.93316	4.14836	0.416364	0.485753	0.277576	0.416478	0.208383	0.56074	0.416412	0.402184	0.485787	0.556249	
4.21124	0.208241	0.416372	0.489272	0.485999	0.277626	4.00256	3.86415	0.0720519	0.416378	0.208182	0.208302	0.277962	3.93316	4.14804	0.416364	0.485753	0.277576	0.416476	0.208381	0.55781	0.416411	0.40193	0.485786	0.556221	
4.21124	0.208241	0.416372	0.489247	0.485998	0.277624	4.00256	3.86414	0.071997	0.416377	0.208182	0.2083	0.27795	3.93316	4.14754	0.416364	0.485753	0.277576	0.416472	0.208376	0.556348	0.416411	0.401599	0.485786	0.556206	
4.21123	0.20824	0.416372	0.489221	0.485996	0.277622	4.00256	3.86412	0.0719465	0.416377	0.208182	0.208299	0.277942	3.93316	4.1474	0.416364	0.485753	0.277576	0.41647	0.208369	0.554593	0.416411	0.401324	0.485785	0.556197	
4.21122	0.20824	0.416372	0.489182	0.485994	0.27762	4.00256	3.8641	0.0719231	0.416377	0.208182	0.208297	0.277936	3.93316	4.14732	0.416363	0.485753	0.277576	0.416467	0.208365	0.551976	0.41641	0.401145	0.485785	0.556165	
4.21121	0.20824	0.416372	0.489153	0.485994	0.277619	4.00256	3.86409	0.0718951	0.416377	0.208182	0.208295	0.277929	3.93316	4.14716	0.416363	0.485753	0.277576	0.416465	0.208359	0.55144	0.416409	0.400865	0.485784	0.556146	
4.21121	0.20824	0.416372	0.48911	0.485993	0.277618	4.00256	3.86408	0.0718831	0.416377	0.208182	0.208293	0.277925	3.93316	4.14703	0.416363	0.485753	0.277576	0.416464	0.208352	0.551002	0.416408	0.400684	0.485784	0.556128	
4.2112	0.20824	0.416372	0.489037	0.485992	0.277616	4.00256	3.86407	0.071847	0.416376	0.208182	0.208291	0.27792	3.93316	4.14688	0.416363	0.485753	0.277575	0.416463	0.208345	0.550019	0.416407	0.400462	0.485784	0.556113	
4.2112	0.20824	0.416372	0.488991	0.48599	0.277615	4.00256	3.86404	0.071821	0.416376	0.208182	0.20829	0.277916	3.93316	4.14674	0.416363	0.485753	0.277575	0.416462	0.208339	0.549531	0.416407	0.400229	0.485784	0.556096	
4.21119	0.208239	0.416371	0.488939	0.485989	0.277614	4.00256	3.86403	0.071779	0.416376	0.208182	0.208288	0.277915	3.93316	4.14656	0.416363	0.485753	0.277575	0.416462	0.208335	0.548212	0.416407	0.400042	0.485784	0.556081	
4.21118	0.208239	0.416371	0.488903	0.485989	0.277613	4.00256	3.86402	0.0717616	0.416376	0.208182	0.208287	0.277911	3.93316	4.14644	0.416363	0.485753	0.277575	0.41646	0.208329	0.546273	0.416405	0.399857	0.485784	0.55606	
4.21118	0.208239	0.416371	0.488862	0.485988	0.277611	4.00256	3.864	0.0717321	0.416375	0.208182	0.208286	0.277906	3.93316	4.14628	0.416363	0.485753	0.277575	0.416459	0.208324	0.543708	0.416405	0.399231	0.485783	0.556028	
4.21118	0.208239	0.416371	0.488838	0.485987	0.27761	4.00256	3.86399	0.0717288	0.416375	0.208182	0.208285	0.277904	3.93316	4.14618	0.416363	0.485753	0.277575	0.416458	0.208319	0.540134	0.416404	0.398719	0.485783	0.555995	
4.21117	0.208239	0.416371	0.488795	0.485985	0.27761	4.00256	3.86398	0.0716395	0.416375	0.208182	0.208283	0.277902	3.93316	4.14603	0.416363	0.485753	0.277575	0.416458	0.208316	0.537955	0.416403	0.398352	0.485783	0.555955	
4.21117	0.208239	0.416371	0.488745	0.485984	0.277606	4.00256	3.86397	0.0716291	0.416375	0.208182	0.208279	0.277899	3.93316	4.14597	0.416363	0.485753	0.277575	0.416457	0.208311	0.535306	0.416402	0.39739	0.485782	0.555898	
4.21117	0.208239	0.416371	0.488702	0.485984	0.277603	4.00256	3.86397	0.0715979	0.416375	0.208182	0.208276	0.277898	3.93316	4.14592	0.416362	0.485753	0.277575	0.416457	0.208307	0.533954	0.416402	0.397051	0.485782	0.55585	
4.21116	0.208238	0.41637	0.488677	0.485984	0.277602	4.00256	3.86395	0.0715607	0.416375	0.208182	0.208274	0.277896	3.93316	4.14585	0.416362	0.485753	0.277575	0.416456	0.208301	0.532032	0.4164	0.396468	0.485781	0.555816	
4.21116	0.208238	0.41637	0.488612	0.485983	0.277601	4.00255	3.86393	0.071533	0.416374	0.208181	0.208272	0.277894	3.93316	4.1458	0.416362	0.485753	0.277575	0.416456	0.208299	0.530664	0.416399	0.396144	0.485781	0.555792	
4.21115	0.208238	0.41637	0.488583	0.485982	0.277599	4.00255	3.86393	0.0714679	0.416374	0.208181	0.208267	0.277891	3.93316	4.14575	0.416362	0.485753	0.277575	0.416456	0.208297	0.527785	0.416398	0.395446	0.485781	0.555777	
4.21115	0.208237	0.41637	0.488544	0.485981	0.277599	4.00255	3.86392	0.0714193	0.416374	0.208181	0.208263	0.277889	3.93316	4.14568	0.416362	0.485753	0.277575	0.416456	0.208294	0.526892	0.416398	0.394489	0.485781	0.555757	
4.21115	0.208237	0.41637	0.488506	0.485981	0.277598	4.00255	3.86392	0.0713887	0.416374	0.208181	0.208259	0.277887	3.93316	4.14562	0.416361	0.485753	0.277575	0.416456	0.208291	0.524912	0.416397	0.393834	0.485781	0.555727	
4.21114	0.208237	0.41637	0.488478	0.48598	0.277597	4.00255	3.86391	0.0713744	0.416374	0.208181	0.208254	0.277877	3.93316	4.14551	0.416361	0.485753	0.277575	0.416455	0.208288	0.523115	0.416397	0.392859	0.485781	0.555689	
4.21114	0.208236	0.41637	0.488451	0.485978	0.277596	4.00255	3.8639	0.0713463	0.416373	0.208181	0.20825	0.277874	3.93316	4.14547	0.416361	0.485753	0.277575	0.416455	0.208282	0.522089	0.416396	0.392223	0.485781	0.555676	
4.21114	0.208236	0.416369	0.488352	0.485975	0.277595	4.00255	3.8639	0.0713286	0.416373	0.208181	0.208247	0.277871	3.93316	4.14543	0.416361	0.485753	0.277575	0.416455	0.208277	0.519443	0.416396	0.391996	0.48578	0.555666	
4.21114	0.208236	0.416369	0.488309	0.485974	0.277594	4.00255	3.8639	0.0713102	0.416373	0.208181	0.208246	0.277869	3.93316	4.14541	0.416361	0.485752	0.277575	0.416455	0.208274	0.518876	0.416395	0.3917	0.48578	0.555655	
4.21114	0.208236	0.416369	0.488279	0.485973	0.277592	4.00255	3.86389	0.0712949	0.416372	0.208181	0.208245	0.277867	3.93316	4.1454	0.416361	0.485752	0.277575	0.416454	0.20827	0.517836	0.416395	0.391475	0.48578	0.555632	
4.21114	0.208236	0.416369	0.48825	0.485972	0.277591	4.00255	3.86389	0.0712778	0.416372	0.208181	0.208243	0.277864	3.93316	4.14537	0.416361	0.485752	0.277575	0.416454	0.208267	0.517451	0.416394	0.390944	0.48578	0.555604	
4.21113	0.208235	0.416369	0.488216	0.485971	0.27759	4.00255	3.86389	0.0712611	0.416372	0.208181	0.208242	0.27786	3.93316	4.14535	0.416361	0.485752	0.277575	0.416454	0.208263	0.516832	0.416394	0.390456	0.48578	0.555588	
4.21113	0.208235	0.416369	0.488184	0.48597	0.277589	4.00255	3.86389	0.0712476	0.416371	0.208181	0.20824	0.277857	3.93316	4.14533	0.41636	0.485752	0.277575	0.416454	0.208261	0.516014	0.416393	0.390198	0.48578	0.555567	
4.21113	0.208235	0.416369	0.488141	0.485969	0.277588	4.00255	3.86388	0.071236	0.416371	0.208181	0.208239	0.277855	3.93316	4.1453	0.41636	0.485752	0.277575	0.416454	0.208258	0.514837	0.416392	0.389904	0.485779	0.555551	
4.21113	0.208235	0.416368	0.48807	0.485969	0.277587	4.00255	3.86388	0.0712215	0.416371	0.208181	0.208238	0.277852	3.93316	4.14529	0.41636	0.485752	0.277575	0.416454	0.208256	0.514566	0.416392	0.389692	0.485779	0.55554	
4.21113	0.208234	0.416368	0.488035	0.485968	0.277586	4.00255	3.86388	0.0712103	0.41637	0.208181	0.208235	0.277849	3.93316	4.14527	0.41636	0.485752	0.277575	0.416453	0.208255	0.514134	0.416391	0.389445	0.485779	0.555522	
4.21113	0.208234	0.416368	0.487996	0.485966	0.277586	4.00255	3.86388	0.071198	0.41637	0.208181	0.208233	0.277845	3.93316	4.14527	0.41636	0.485752	0.277574	0.416453	0.208254	0.513144	0.416391	0.389283	0.485779	0.555508	
4.21113	0.208234	0.416368	0.487974	0.485966	0.277585	4.00255	3.86388	0.0711882	0.41637	0.208181	0.208233	0.277844	3.93316	4.14525	0.41636	0.485752	0.277574	0.416453	0.208254	0.512766	0.416391	0.389044	0.485779	0.555495	
4.21113	0.208234	0.416368	0.487939	0.485965	0.277584	4.00255	3.86388	0.07118	0.416369	0.208181	0.20823	0.277842	3.93316	4.14524	0.41636	0.485752	0.277574	0.416453	0.208253	0.512046	0.41639	0.388354	0.485779	0.555483	
4.21113	0.208233	0.416368	0.487921	0.485965	0.277584	4.00255	3.86388	0.0711637	0.416369	0.208181	0.208229	0.27784	3.93316	4.14524	0.41636	0.485752	0.277574	0.416452	0.208253	0.510908	0.41639	0.388054	0.485779	0.555479	
4.21112	0.208233	0.416367	0.487884	0.485964	0.277583	4.00255	3.86388	0.0711482	0.416369	0.208181	0.208226	0.277838	3.93316	4.14523	0.41636	0.485752	0.277574	0.416452	0.208252	0.509839	0.416389	0.387885	0.485779	0.555476	
4.21112	0.208232	0.416367	0.487865	0.485964	0.277583	4.00255	3.86388	0.0711378	0.416369	0.208181	0.208225	0.277833	3.93316	4.14522	0.41636	0.485752	0.277574	0.416451	0.208251	0.509172	0.416389	0.387685	0.485779	0.555472	
4.21112	0.208232	0.416367	0.487831	0.485964	0.277582	4.00255	3.86388	0.0711289	0.416368	0.208181	0.208223	0.277829	3.93316	4.14521	0.41636	0.485752	0.277574	0.416451	0.20825	0.507244	0.416388	0.387339	0.485778	0.555468	
4.21112	0.208232	0.416367	0.487796	0.485963	0.277582	4.00255	3.86388	0.0711172	0.416368	0.208181	0.208221	0.277825	3.93316	4.14519	0.41636	0.485752	0.277574	0.416451	0.208249	0.505985	0.416388	0.386933	0.485778	0.555456	
4.21112	0.208231	0.416367	0.48777	0.485962	0.277582	4.00255	3.86388	0.0711098	0.416368	0.208181	0.20822	0.27782	3.93316	4.14517	0.41636	0.485752	0.277574	0.41645	0.208248	0.505221	0.416388	0.386615	0.485778	0.555452	
4.21112	0.208231	0.416367	0.487717	0.485961	0.277582	4.00255	3.86388	0.0711037	0.416368	0.208181	0.20822	0.277818	3.93316	4.14515	0.41636	0.485752	0.277574	0.41645	0.208247	0.504839	0.416387	0.386358	0.485778	0.55545	
4.21112	0.208231	0.416367	0.487691	0.48596	0.277582	4.00255	3.86388	0.0710804	0.416368	0.208181	0.208219	0.277816	3.93316	4.14515	0.41636	0.485752	0.277574	0.416449	0.208245	0.504463	0.416387	0.386193	0.485777	0.555447	
4.21112	0.20823	0.416367	0.487655	0.485959	0.277581	4.00255	3.86388	0.0710646	0.416368	0.208181	0.208218	0.277813	3.93316	4.14514	0.41636	0.485752	0.277574	0.416449	0.208244	0.504281	0.416387	0.385961	0.485777	0.555442	
4.21112	0.20823	0.416367	0.487613	0.485958	0.277581	4.00255	3.86388	0.0710486	0.416367	0.208181	0.208217	0.277811	3.93316	4.14513	0.41636	0.485752	0.277574	0.416449	0.208244	0.503974	0.416387	0.385481	0.485777	0.555439	
4.21111	0.20823	0.416367	0.487564	0.485957	0.277581	4.00255	3.86388	0.0710286	0.416367	0.208181	0.208216	0.277808	3.93316	4.14512	0.41636	0.485752	0.277574	0.416448	0.208243	0.503717	0.416387	0.38531	0.485777	0.555435	
4.21111	0.20823	0.416367	0.487533	0.485956	0.277581	4.00255	3.86388	0.0710149	0.416367	0.208181	0.208215	0.277804	3.93316	4.14511	0.41636	0.485752	0.277574	0.416448	0.208242	0.50357	0.416387	0.38509	0.485777	0.555432	
4.21111	0.208229	0.416367	0.487505	0.485955	0.277581	4.00255	3.86388	0.0709977	0.416367	0.208181	0.208212	0.277801	3.93316	4.1451	0.41636	0.485752	0.277574	0.416447	0.20824	0.502927	0.416387	0.38456	0.485777	0.555429	
4.21111	0.208229	0.416367	0.48747	0.485953	0.277581	4.00255	3.86388	0.0709819	0.416367	0.208181	0.208211	0.277796	3.93316	4.14509	0.41636	0.485752	0.277574	0.416447	0.208239	0.502727	0.416386	0.384319	0.485776	0.555426	
4.21111	0.208229	0.416367	0.487446	0.485952	0.277581	4.00255	3.86388	0.0709702	0.416367	0.208181	0.208211	0.277792	3.93316	4.14508	0.41636	0.485752	0.277574	0.416447	0.208238	0.502565	0.416386	0.38396	0.485776	0.555422	
4.21111	0.208228	0.416367	0.487429	0.485951	0.277581	4.00255	3.86388	0.0709536	0.416367	0.208181	0.20821	0.277786	3.93316	4.14507	0.41636	0.485752	0.277574	0.416447	0.208236	0.502408	0.416386	0.383519	0.485776	0.555419	
4.21111	0.208228	0.416367	0.487412	0.48595	0.277581	4.00255	3.86387	0.0709284	0.416367	0.208181	0.20821	0.27778	3.93316	4.14506	0.41636	0.485752	0.277574	0.416447	0.208236	0.502315	0.416386	0.383225	0.485775	0.555416	
4.21111	0.208228	0.416367	0.48739	0.48595	0.277581	4.00255	3.86387	0.0709136	0.416367	0.208181	0.20821	0.277773	3.93316	4.14505	0.41636	0.485752	0.277574	0.416447	0.208235	0.502187	0.416386	0.383073	0.485775	0.555411	
4.21111	0.208228	0.416367	0.487374	0.485949	0.277581	4.00255	3.86387	0.0708929	0.416367	0.208181	0.20821	0.277765	3.93316	4.14504	0.41636	0.485752	0.277574	0.416446	0.208233	0.502034	0.416385	0.382993	0.485775	0.555405	
4.21111	0.208228	0.416366	0.48735	0.485948	0.277581	4.00255	3.86387	0.070877	0.416367	0.208181	0.208209	0.277761	3.93316	4.14504	0.41636	0.485752	0.277574	0.416446	0.208232	0.501933	0.416385	0.38273	0.485775	0.555403	
4.21111	0.208227	0.416366	0.487329	0.485947	0.277581	4.00255	3.86387	0.0708561	0.416367	0.208181	0.208208	0.277759	3.93316	4.14503	0.41636	0.485752	0.277574	0.416446	0.208231	0.501846	0.416385	0.382599	0.485775	0.555399	
4.21111	0.208227	0.416366	0.487295	0.485947	0.277581	4.00255	3.86387	0.0708423	0.416367	0.208181	0.208208	0.277758	3.93316	4.14503	0.41636	0.485752	0.277574	0.416446	0.20823	0.501789	0.416384	0.382417	0.485775	0.555397	
4.21111	0.208227	0.416366	0.487278	0.485946	0.277581	4.00255	3.86387	0.0708302	0.416366	0.208181	0.208208	0.277757	3.93316	4.14502	0.41636	0.485752	0.277574	0.416446	0.208229	0.501714	0.416384	0.382248	0.485774	0.555393	
4.21111	0.208227	0.416366	0.48726	0.485946	0.277581	4.00255	3.86387	0.0708231	0.416366	0.208181	0.208207	0.277756	3.93316	4.14501	0.41636	0.485752	0.277574	0.416446	0.208229	0.501584	0.416384	0.38198	0.485774	0.555388	
4.21111	0.208227	0.416366	0.487215	0.485944	0.277581	4.00255	3.86387	0.0708131	0.416366	0.208181	0.208207	0.277755	3.93316	4.14501	0.41636	0.485752	0.277574	0.416446	0.208228	0.501534	0.416384	0.381573	0.485774	0.555384	
4.21111	0.208227	0.416366	0.487194	0.485944	0.277581	4.00255	3.86387	0.0708076	0.416366	0.208181	0.208207	0.277754	3.93316	4.145	0.41636	0.485752	0.277574	0.416446	0.208228	0.501327	0.416384	0.381447	0.485773	0.555382	
4.21111	0.208227	0.416366	0.487175	0.485943	0.277581	4.00255	3.86387	0.0708049	0.416366	0.208181	0.208207	0.277753	3.93316	4.145	0.41636	0.485752	0.277574	0.416445	0.208227	0.501159	0.416383	0.381267	0.485773	0.555381	
4.2111	0.208227	0.416366	0.487143	0.485942	0.277581	4.00255	3.86387	0.070799	0.416366	0.208181	0.208206	0.277753	3.93316	4.14499	0.41636	0.485752	0.277574	0.416445	0.208227	0.501031	0.416383	0.381158	0.485773	0.555378	
4.2111	0.208227	0.416366	0.487108	0.485942	0.277581	4.00255	3.86387	0.0707949	0.416366	0.208181	0.208206	0.277752	3.93316	4.14498	0.41636	0.485752	0.277574	0.416445	0.208227	0.500925	0.416383	0.381041	0.485773	0.555375	
4.2111	0.208227	0.416366	0.487084	0.485941	0.27758	4.00255	3.86387	0.0707919	0.416366	0.208181	0.208206	0.277751	3.93316	4.14498	0.41636	0.485752	0.277574	0.416445	0.208226	0.500831	0.416383	0.380904	0.485773	0.555373	
4.2111	0.208227	0.416366	0.487048	0.485941	0.27758	4.00255	3.86387	0.0707855	0.416366	0.208181	0.208206	0.27775	3.93316	4.14497	0.41636	0.485752	0.277574	0.416445	0.208226	0.500748	0.416383	0.380757	0.485773	0.555371	
4.2111	0.208226	0.416366	0.48703	0.485939	0.27758	4.00255	3.86387	0.0707753	0.416366	0.208181	0.208206	0.277749	3.93316	4.14496	0.41636	0.485752	0.277574	0.416445	0.208226	0.500615	0.416383	0.380557	0.485772	0.555368	
4.2111	0.208226	0.416366	0.487016	0.485938	0.27758	4.00255	3.86387	0.0707638	0.416366	0.208181	0.208206	0.277748	3.93316	4.14495	0.41636	0.485752	0.277574	0.416445	0.208225	0.500507	0.416382	0.380142	0.485772	0.555366	
4.2111	0.208226	0.416366	0.486998	0.485936	0.27758	4.00255	3.86387	0.0707528	0.416366	0.208181	0.208206	0.277747	3.93316	4.14495	0.41636	0.485752	0.277574	0.416444	0.208225	0.50036	0.416382	0.379865	0.485772	0.555364	
4.2111	0.208226	0.416366	0.486984	0.485935	0.27758	4.00255	3.86386	0.0707441	0.416366	0.208181	0.208206	0.277745	3.93316	4.14494	0.41636	0.485752	0.277574	0.416444	0.208224	0.500242	0.416382	0.379505	0.485772	0.55536	
4.2111	0.208226	0.416365	0.486974	0.485934	0.27758	4.00255	3.86386	0.0707396	0.416366	0.208181	0.208206	0.277745	3.93316	4.14494	0.41636	0.485752	0.277574	0.416444	0.208224	0.5001	0.416382	0.379257	0.485772	0.555359	
4.2111	0.208226	0.416365	0.486967	0.485933	0.27758	4.00255	3.86386	0.0707356	0.416366	0.208181	0.208206	0.277744	3.93316	4.14493	0.41636	0.485752	0.277574	0.416444	0.208223	0.49995	0.416381	0.378907	0.485772	0.555355	
4.2111	0.208226	0.416365	0.486963	0.485932	0.27758	4.00255	3.86386	0.0707303	0.416366	0.208181	0.208205	0.277743	3.93316	4.14493	0.41636	0.485752	0.277574	0.416443	0.208223	0.499847	0.416381	0.378643	0.485772	0.555352	
4.2111	0.208226	0.416365	0.486958	0.485931	0.27758	4.00255	3.86386	0.0707205	0.416366	0.208181	0.208205	0.277743	3.93316	4.14493	0.41636	0.485752	0.277574	0.416443	0.208222	0.499697	0.416381	0.378428	0.485771	0.55535	
4.2111	0.208226	0.416365	0.486952	0.48593	0.27758	4.00255	3.86386	0.0707114	0.416366	0.208181	0.208205	0.277742	3.93316	4.14493	0.41636	0.485752	0.277574	0.416443	0.208222	0.499569	0.416381	0.378102	0.485771	0.555348	
4.2111	0.208226	0.416365	0.486947	0.485929	0.27758	4.00255	3.86386	0.0706923	0.416366	0.208181	0.208205	0.277742	3.93316	4.14492	0.41636	0.485752	0.277574	0.416443	0.208222	0.499457	0.41638	0.377693	0.485771	0.555345	
4.21109	0.208226	0.416365	0.486942	0.485928	0.27758	4.00255	3.86386	0.0706801	0.416366	0.208181	0.208205	0.277741	3.93316	4.14492	0.41636	0.485752	0.277574	0.416443	0.208221	0.499406	0.41638	0.377369	0.485771	0.555343	
4.21109	0.208226	0.416365	0.486936	0.485927	0.27758	4.00255	3.86386	0.0706707	0.416366	0.208181	0.208205	0.277741	3.93316	4.14491	0.41636	0.485752	0.277574	0.416443	0.208221	0.499355	0.41638	0.377059	0.485771	0.555342	
4.21109	0.208226	0.416365	0.486925	0.485924	0.27758	4.00255	3.86386	0.0706599	0.416366	0.208181	0.208205	0.27774	3.93316	4.14491	0.41636	0.485752	0.277574	0.416443	0.208221	0.499217	0.416379	0.376825	0.485771	0.55534	
4.21109	0.208226	0.416365	0.486918	0.485923	0.27758	4.00255	3.86386	0.0706523	0.416366	0.208181	0.208205	0.277739	3.93316	4.1449	0.41636	0.485752	0.277574	0.416442	0.20822	0.499114	0.416379	0.376456	0.48577	0.555339	
4.21109	0.208226	0.416365	0.486914	0.485922	0.27758	4.00255	3.86386	0.0706465	0.416366	0.208181	0.208205	0.277739	3.93316	4.1449	0.41636	0.485752	0.277574	0.416442	0.20822	0.498973	0.416378	0.376291	0.48577	0.555336	
4.21109	0.208226	0.416365	0.486911	0.485921	0.27758	4.00255	3.86386	0.0706376	0.416366	0.208181	0.208205	0.277737	3.93316	4.1449	0.41636	0.485752	0.277574	0.416442	0.20822	0.498881	0.416378	0.375738	0.48577	0.555334	
4.21109	0.208226	0.416365	0.486909	0.485921	0.27758	4.00255	3.86386	0.0706318	0.416366	0.208181	0.208205	0.277736	3.93316	4.14489	0.41636	0.485752	0.277574	0.416442	0.20822	0.498824	0.416377	0.375343	0.48577	0.555332	
4.21109	0.208226	0.416365	0.486905	0.48592	0.27758	4.00255	3.86385	0.0706263	0.416366	0.208181	0.208205	0.277736	3.93316	4.14489	0.41636	0.485752	0.277574	0.416442	0.208219	0.498776	0.416377	0.375116	0.485769	0.55533	
4.21109	0.208226	0.416365	0.4869	0.485919	0.27758	4.00255	3.86385	0.0706132	0.416366	0.208181	0.208204	0.277735	3.93316	4.14488	0.41636	0.485752	0.277574	0.416442	0.208219	0.498711	0.416377	0.374882	0.485769	0.555329	
4.21109	0.208226	0.416365	0.48689	0.485919	0.27758	4.00255	3.86385	0.0706052	0.416366	0.208181	0.208204	0.277734	3.93316	4.14488	0.416359	0.485752	0.277574	0.416441	0.208219	0.498652	0.416376	0.374651	0.485768	0.555328	
4.21109	0.208226	0.416364	0.48688	0.485919	0.27758	4.00255	3.86385	0.0706012	0.416366	0.208181	0.208204	0.277733	3.93316	4.14487	0.416359	0.485752	0.277574	0.416441	0.208218	0.4986	0.416376	0.374555	0.485768	0.555327	
4.21109	0.208226	0.416364	0.486873	0.485919	0.27758	4.00255	3.86385	0.0705981	0.416366	0.208181	0.208204	0.277733	3.93316	4.14486	0.416359	0.485752	0.277574	0.416441	0.208218	0.498533	0.416376	0.374457	0.485767	0.555326	
4.21109	0.208226	0.416364	0.486862	0.485918	0.27758	4.00255	3.86385	0.0705948	0.416366	0.208181	0.208204	0.277732	3.93316	4.14485	0.416359	0.485752	0.277574	0.416441	0.208218	0.498502	0.416376	0.374347	0.485767	0.555325	
4.21109	0.208225	0.416364	0.486849	0.485918	0.27758	4.00255	3.86385	0.0705914	0.416366	0.208181	0.208204	0.277731	3.93316	4.14485	0.416359	0.485752	0.277574	0.416441	0.208218	0.498481	0.416376	0.374263	0.485767	0.555324	
4.21109	0.208225	0.416364	0.486834	0.485918	0.27758	4.00255	3.86385	0.0705895	0.416366	0.208181	0.208203	0.27773	3.93316	4.14484	0.416359	0.485752	0.277574	0.416441	0.208218	0.49846	0.416375	0.374133	0.485766	0.555322	
4.21109	0.208225	0.416364	0.486823	0.485918	0.27758	4.00255	3.86385	0.0705874	0.416366	0.208181	0.208203	0.277729	3.93316	4.14483	0.416359	0.485752	0.277574	0.416441	0.208218	0.498428	0.416375	0.374004	0.485766	0.555322	
4.21109	0.208225	0.416364	0.486809	0.485918	0.27758	4.00255	3.86385	0.070583	0.416366	0.208181	0.208203	0.277728	3.93316	4.14483	0.416359	0.485752	0.277574	0.416441	0.208218	0.498408	0.416375	0.373907	0.485765	0.555321	
4.21109	0.208225	0.416364	0.486793	0.485918	0.27758	4.00255	3.86385	0.0705788	0.416366	0.208181	0.208202	0.277727	3.93316	4.14482	0.416359	0.485752	0.277574	0.41644	0.208218	0.498374	0.416375	0.373785	0.485765	0.55532	
4.21109	0.208225	0.416364	0.486774	0.485918	0.27758	4.00255	3.86385	0.0705748	0.416365	0.208181	0.208202	0.277725	3.93316	4.14481	0.416359	0.485752	0.277574	0.41644	0.208218	0.498354	0.416375	0.373725	0.485764	0.555318	
4.21109	0.208225	0.416364	0.486744	0.485918	0.27758	4.00255	3.86385	0.0705705	0.416365	0.208181	0.208202	0.277725	3.93316	4.14481	0.416359	0.485752	0.277574	0.41644	0.208217	0.498333	0.416375	0.373625	0.485764	0.555316	
4.21109	0.208224	0.416364	0.48671	0.485918	0.27758	4.00255	3.86385	0.0705645	0.416365	0.208181	0.208202	0.277724	3.93316	4.1448	0.416359	0.485752	0.277574	0.41644	0.208217	0.498311	0.416374	0.37352	0.485763	0.555314	
4.21109	0.208224	0.416364	0.486668	0.485917	0.27758	4.00255	3.86384	0.0705597	0.416365	0.208181	0.208202	0.277723	3.93316	4.14479	0.416359	0.485752	0.277574	0.41644	0.208217	0.498297	0.416374	0.373352	0.485763	0.555311	
4.21108	0.208224	0.416364	0.486628	0.485917	0.27758	4.00255	3.86384	0.0705558	0.416365	0.208181	0.208202	0.277722	3.93316	4.14479	0.416359	0.485752	0.277574	0.41644	0.208217	0.498283	0.416374	0.373081	0.485763	0.55531	
4.21108	0.208224	0.416364	0.486587	0.485917	0.27758	4.00255	3.86384	0.0705504	0.416365	0.208181	0.208202	0.277721	3.93316	4.14479	0.416359	0.485752	0.277574	0.41644	0.208217	0.498262	0.416374	0.372836	0.485762	0.555308	
4.21108	0.208224	0.416364	0.48655	0.485917	0.27758	4.00255	3.86384	0.0705442	0.416365	0.208181	0.208201	0.277719	3.93316	4.14478	0.416359	0.485752	0.277574	0.41644	0.208217	0.498244	0.416374	0.372564	0.485762	0.555305	
4.21108	0.208224	0.416364	0.48652	0.485917	0.27758	4.00255	3.86384	0.0705397	0.416365	0.208181	0.208201	0.277718	3.93316	4.14478	0.416359	0.485752	0.277574	0.41644	0.208216	0.49823	0.416374	0.372333	0.485762	0.555303	
4.21108	0.208223	0.416364	0.486498	0.485916	0.277579	4.00255	3.86384	0.0705327	0.416365	0.208181	0.208201	0.277717	3.93316	4.14478	0.416359	0.485752	0.277574	0.41644	0.208216	0.498217	0.416374	0.372165	0.485761	0.555301	
4.21108	0.208223	0.416364	0.486458	0.485916	0.277579	4.00255	3.86384	0.0705256	0.416365	0.208181	0.208201	0.277716	3.93316	4.14478	0.416359	0.485752	0.277574	0.416439	0.208216	0.498204	0.416374	0.371966	0.485761	0.555299	
4.21108	0.208223	0.416364	0.486441	0.485916	0.277579	4.00255	3.86384	0.070518	0.416365	0.208181	0.208201	0.277716	3.93316	4.14478	0.416359	0.485752	0.277574	0.416439	0.208216	0.498193	0.416374	0.371855	0.485761	0.555296	
4.21108	0.208223	0.416364	0.486433	0.485915	0.277579	4.00255	3.86384	0.0705118	0.416365	0.208181	0.208201	0.277715	3.93316	4.14477	0.416359	0.485752	0.277574	0.416439	0.208215	0.498184	0.416374	0.371702	0.485761	0.555295	
4.21108	0.208222	0.416363	0.486425	0.485915	0.277579	4.00255	3.86384	0.0705063	0.416365	0.208181	0.208201	0.277715	3.93316	4.14477	0.416359	0.485752	0.277574	0.416439	0.208215	0.498167	0.416373	0.371513	0.48576	0.555293	
4.21108	0.208222	0.416363	0.486418	0.485915	0.277579	4.00255	3.86384	0.0705038	0.416365	0.208181	0.208201	0.277714	3.93316	4.14477	0.416359	0.485752	0.277574	0.416439	0.208214	0.498155	0.416373	0.371426	0.48576	0.555292	
4.21108	0.208222	0.416363	0.486415	0.485915	0.277579	4.00255	3.86384	0.0705005	0.416365	0.208181	0.2082	0.277713	3.93316	4.14477	0.416359	0.485752	0.277574	0.416439	0.208214	0.498145	0.416373	0.37126	0.48576	0.555291	
4.21108	0.208221	0.416363	0.486411	0.485914	0.277579	4.00255	3.86384	0.070496	0.416365	0.208181	0.2082	0.277712	3.93316	4.14477	0.416359	0.485752	0.277574	0.416439	0.208214	0.498136	0.416373	0.371006	0.48576	0.555289	
4.21108	0.208221	0.416363	0.486404	0.485914	0.277579	4.00255	3.86384	0.0704907	0.416365	0.208181	0.2082	0.277711	3.93316	4.14477	0.416359	0.485752	0.277574	0.416439	0.208214	0.498127	0.416373	0.370775	0.48576	0.555287	
4.21108	0.208221	0.416363	0.486399	0.485913	0.277579	4.00255	3.86384	0.0704862	0.416365	0.208181	0.2082	0.277709	3.93316	4.14477	0.416359	0.485752	0.277574	0.416439	0.208213	0.498119	0.416373	0.370394	0.48576	0.555286	
4.21108	0.20822	0.416363	0.486392	0.485913	0.277579	4.00255	3.86384	0.070482	0.416365	0.208181	0.2082	0.277708	3.93316	4.14477	0.416359	0.485752	0.277574	0.416439	0.208213	0.498113	0.416373	0.369924	0.485759	0.555284	
4.21108	0.20822	0.416363	0.486388	0.485913	0.277579	4.00255	3.86384	0.0704784	0.416365	0.208181	0.2082	0.277706	3.93316	4.14477	0.416359	0.485752	0.277574	0.416439	0.208213	0.498107	0.416373	0.369541	0.485759	0.555283	
4.21108	0.20822	0.416363	0.486385	0.485912	0.277579	4.00255	3.86384	0.0704754	0.416365	0.208181	0.2082	0.277706	3.93315	4.14476	0.416359	0.485752	0.277574	0.416439	0.208212	0.498099	0.416373	0.369074	0.485759	0.555282	
4.21108	0.20822	0.416363	0.486382	0.485912	0.277579	4.00255	3.86384	0.0704731	0.416365	0.208181	0.2082	0.277705	3.93315	4.14476	0.416359	0.485752	0.277574	0.416439	0.208212	0.49809	0.416373	0.368008	0.485759	0.555281	
4.21108	0.20822	0.416363	0.48638	0.485911	0.277579	4.00255	3.86384	0.0704713	0.416365	0.208181	0.2082	0.277704	3.93315	4.14476	0.416359	0.485752	0.277574	0.416439	0.208212	0.498084	0.416373	0.367129	0.485759	0.55528	
4.21108	0.208219	0.416363	0.486378	0.485911	0.277579	4.00255	3.86384	0.0704696	0.416365	0.208181	0.2082	0.277703	3.93315	4.14476	0.416359	0.485752	0.277574	0.416439	0.208212	0.498077	0.416372	0.366751	0.485758	0.555279	
4.21108	0.208219	0.416363	0.486375	0.48591	0.277579	4.00255	3.86384	0.0704664	0.416365	0.208181	0.2082	0.277703	3.93315	4.14475	0.416359	0.485752	0.277574	0.416439	0.208211	0.498066	0.416372	0.366499	0.485758	0.555278	
4.21107	0.208219	0.416363	0.486374	0.48591	0.277579	4.00255	3.86384	0.0704634	0.416365	0.208181	0.208199	0.277702	3.93315	4.14475	0.416359	0.485752	0.277574	0.416438	0.208211	0.498061	0.416372	0.366262	0.485758	0.555277	
4.21107	0.208219	0.416363	0.486371	0.48591	0.277579	4.00255	3.86384	0.0704582	0.416365	0.208181	0.208199	0.2777	3.93315	4.14475	0.416359	0.485752	0.277574	0.416438	0.208211	0.498053	0.416372	0.366107	0.485758	0.555276	
4.21107	0.208218	0.416363	0.486368	0.48591	0.277579	4.00255	3.86384	0.070454	0.416365	0.208181	0.208199	0.277698	3.93315	4.14474	0.416359	0.485752	0.277574	0.416438	0.208211	0.498044	0.416372	0.365828	0.485758	0.555275	
4.21107	0.208218	0.416363	0.486367	0.485909	0.277579	4.00255	3.86384	0.0704467	0.416365	0.208181	0.208199	0.277698	3.93315	4.14473	0.416359	0.485752	0.277574	0.416438	0.208211	0.498037	0.416372	0.365621	0.485758	0.555274	
4.21107	0.208218	0.416363	0.486366	0.485909	0.277579	4.00255	3.86384	0.0704383	0.416365	0.208181	0.208199	0.277697	3.93315	4.14473	0.416359	0.485752	0.277574	0.416438	0.208211	0.498033	0.416372	0.365361	0.485758	0.555273	
4.21107	0.208218	0.416363	0.486363	0.485909	0.277579	4.00255	3.86384	0.0704299	0.416365	0.208181	0.208199	0.277696	3.93315	4.14472	0.416359	0.485752	0.277574	0.416438	0.208211	0.498028	0.416372	0.365224	0.485758	0.555272	
4.21107	0.208217	0.416363	0.486362	0.485909	0.277579	4.00255	3.86384	0.0704243	0.416365	0.208181	0.208198	0.277694	3.93315	4.14471	0.416359	0.485752	0.277574	0.416438	0.208211	0.498024	0.416372	0.364995	0.485758	0.555271	
4.21107	0.208217	0.416363	0.486361	0.485909	0.277579	4.00255	3.86384	0.0704143	0.416365	0.208181	0.208198	0.277693	3.93315	4.14469	0.416359	0.485752	0.277574	0.416438	0.208211	0.498018	0.416372	0.364814	0.485758	0.55527	
4.21107	0.208217	0.416363	0.48636	0.485908	0.277579	4.00255	3.86384	0.0704069	0.416365	0.208181	0.208198	0.277693	3.93315	4.14468	0.416359	0.485752	0.277574	0.416438	0.208211	0.498012	0.416372	0.364667	0.485758	0.55527	
4.21107	0.208216	0.416363	0.486359	0.485908	0.277579	4.00255	3.86384	0.0704047	0.416365	0.208181	0.208197	0.277692	3.93315	4.14466	0.416359	0.485752	0.277574	0.416438	0.208211	0.498004	0.416372	0.36461	0.485758	0.555268	
4.21107	0.208216	0.416362	0.486358	0.485908	0.277579	4.00255	3.86384	0.0704009	0.416365	0.208181	0.208197	0.277691	3.93315	4.14465	0.416359	0.485752	0.277574	0.416438	0.208211	0.497995	0.416372	0.364469	0.485757	0.555267	
4.21107	0.208216	0.416362	0.486357	0.485908	0.277579	4.00255	3.86383	0.0703978	0.416365	0.208181	0.208197	0.277691	3.93315	4.14463	0.416359	0.485752	0.277574	0.416438	0.208211	0.497988	0.416372	0.364383	0.485757	0.555266	
4.21107	0.208215	0.416362	0.486356	0.485908	0.277579	4.00255	3.86383	0.070395	0.416365	0.208181	0.208196	0.27769	3.93315	4.14461	0.416359	0.485752	0.277574	0.416438	0.208211	0.497982	0.416372	0.364322	0.485757	0.555264	
4.21107	0.208215	0.416362	0.486356	0.485908	0.277579	4.00255	3.86383	0.0703893	0.416365	0.208181	0.208196	0.27769	3.93315	4.14458	0.416359	0.485752	0.277574	0.416438	0.208211	0.497976	0.416372	0.364271	0.485757	0.555263	
4.21107	0.208214	0.416362	0.486355	0.485907	0.277579	4.00255	3.86383	0.070387	0.416365	0.208181	0.208195	0.277689	3.93315	4.14452	0.416359	0.485752	0.277574	0.416437	0.208211	0.49797	0.416372	0.364236	0.485757	0.555262	
4.21107	0.208214	0.416362	0.486354	0.485907	0.277579	4.00255	3.86383	0.0703844	0.416365	0.208181	0.208195	0.277689	3.93315	4.1445	0.416359	0.485752	0.277574	0.416437	0.208211	0.497964	0.416372	0.364208	0.485757	0.555261	
4.21107	0.208214	0.416362	0.486354	0.485907	0.277579	4.00255	3.86383	0.0703789	0.416365	0.208181	0.208194	0.277688	3.93315	4.14445	0.416359	0.485752	0.277574	0.416437	0.208211	0.497959	0.416372	0.364174	0.485757	0.55526	
4.21107	0.208213	0.416362	0.486353	0.485906	0.277579	4.00255	3.86383	0.0703751	0.416365	0.208181	0.208194	0.277687	3.93315	4.14442	0.416359	0.485752	0.277574	0.416437	0.20821	0.497949	0.416372	0.364146	0.485757	0.555258	
4.21107	0.208213	0.416362	0.486352	0.485906	0.277579	4.00255	3.86383	0.070373	0.416365	0.208181	0.208194	0.277687	3.93315	4.14438	0.416359	0.485752	0.277574	0.416437	0.20821	0.49794	0.416372	0.364122	0.485757	0.555257	
4.21107	0.208213	0.416362	0.486352	0.485906	0.277579	4.00255	3.86383	0.0703712	0.416365	0.208181	0.208193	0.277687	3.93315	4.14435	0.416359	0.485752	0.277574	0.416437	0.20821	0.49793	0.416372	0.364097	0.485757	0.555257	
4.21107	0.208212	0.416362	0.48635	0.485905	0.277579	4.00255	3.86383	0.070369	0.416365	0.208181	0.208193	0.277686	3.93315	4.14431	0.416359	0.485752	0.277574	0.416437	0.20821	0.497916	0.416372	0.36406	0.485757	0.555256	
4.21107	0.208212	0.416362	0.48635	0.485905	0.277579	4.00255	3.86383	0.0703664	0.416365	0.208181	0.208193	0.277685	3.93315	4.14427	0.416359	0.485752	0.277574	0.416437	0.20821	0.497909	0.416372	0.364043	0.485757	0.555256	
4.21107	0.208212	0.416362	0.486349	0.485904	0.277579	4.00255	3.86383	0.0703646	0.416365	0.208181	0.208193	0.277684	3.93315	4.14423	0.416359	0.485752	0.277574	0.416437	0.20821	0.497898	0.416372	0.36401	0.485757	0.555255	
4.21106	0.208212	0.416362	0.486348	0.485904	0.277579	4.00255	3.86383	0.0703627	0.416365	0.208181	0.208193	0.277684	3.93315	4.14421	0.416359	0.485752	0.277574	0.416437	0.20821	0.497881	0.416372	0.363972	0.485757	0.555255	
4.21106	0.208212	0.416362	0.486348	0.485903	0.277579	4.00255	3.86383	0.0703615	0.416365	0.208181	0.208193	0.277684	3.93315	4.14419	0.416359	0.485752	0.277574	0.416437	0.20821	0.497867	0.416372	0.363929	0.485757	0.555255	
4.21106	0.208212	0.416362	0.486347	0.485903	0.277579	4.00255	3.86383	0.0703598	0.416365	0.208181	0.208193	0.277683	3.93315	4.14418	0.416359	0.485752	0.277574	0.416437	0.20821	0.497849	0.416372	0.363366	0.485757	0.555254	
4.21106	0.208211	0.416362	0.486346	0.485902	0.277579	4.00255	3.86383	0.070358	0.416365	0.208181	0.208193	0.277683	3.93315	4.14417	0.416359	0.485752	0.277574	0.416437	0.20821	0.497837	0.416372	0.363316	0.485757	0.555254	
4.21106	0.208211	0.416362	0.486346	0.485902	0.277579	4.00255	3.86383	0.0703551	0.416365	0.208181	0.208193	0.277682	3.93315	4.14415	0.416359	0.485752	0.277574	0.416437	0.20821	0.497831	0.416372	0.363272	0.485757	0.555254	
4.21106	0.208211	0.416362	0.486346	0.485901	0.277579	4.00255	3.86383	0.0703537	0.416365	0.208181	0.208193	0.277682	3.93315	4.14414	0.416359	0.485752	0.277574	0.416437	0.20821	0.497823	0.416372	0.363216	0.485757	0.555254	
4.21106	0.208211	0.416362	0.486345	0.485901	0.277579	4.00255	3.86383	0.0703515	0.416365	0.208181	0.208193	0.277682	3.93315	4.14412	0.416359	0.485752	0.277574	0.416437	0.20821	0.497814	0.416372	0.363172	0.485757	0.555254	
4.21106	0.208211	0.416362	0.486345	0.485901	0.277579	4.00255	3.86383	0.0703484	0.416365	0.208181	0.208193	0.277681	3.93315	4.1441	0.416359	0.485752	0.277574	0.416437	0.20821	0.497798	0.416372	0.363133	0.485757	0.555254	
4.21106	0.20821	0.416362	0.486344	0.485901	0.277579	4.00255	3.86383	0.0703465	0.416365	0.208181	0.208193	0.277681	3.93315	4.1441	0.416359	0.485752	0.277574	0.416437	0.20821	0.497786	0.416372	0.363063	0.485757	0.555254	
4.21106	0.20821	0.416362	0.486343	0.4859	0.277579	4.00255	3.86383	0.0703446	0.416365	0.208181	0.208192	0.27768	3.93315	4.14409	0.416359	0.485752	0.277574	0.416437	0.20821	0.497772	0.416372	0.362998	0.485757	0.555254	
4.21106	0.20821	0.416362	0.486342	0.485899	0.277579	4.00255	3.86383	0.0703431	0.416365	0.208181	0.208192	0.277679	3.93315	4.14408	0.416359	0.485752	0.277574	0.416437	0.20821	0.49776	0.416372	0.36298	0.485757	0.555254	
4.21106	0.20821	0.416362	0.486341	0.485899	0.277579	4.00255	3.86383	0.070342	0.416365	0.208181	0.208192	0.277679	3.93315	4.14408	0.416359	0.485752	0.277574	0.416436	0.20821	0.497756	0.416372	0.362956	0.485757	0.555254	
4.21106	0.20821	0.416362	0.48634	0.485899	0.277579	4.00255	3.86382	0.0703406	0.416364	0.208181	0.208192	0.277678	3.93315	4.14407	0.416359	0.485752	0.277574	0.416436	0.20821	0.497753	0.416372	0.362923	0.485757	0.555254	
4.21105	0.20821	0.416362	0.486339	0.485899	0.277579	4.00255	3.86382	0.0703388	0.416364	0.208181	0.208192	0.277677	3.93315	4.14406	0.416359	0.485752	0.277574	0.416436	0.20821	0.497743	0.416372	0.362885	0.485757	0.555253	
4.21105	0.20821	0.416362	0.486339	0.485898	0.277579	4.00255	3.86382	0.0703366	0.416364	0.208181	0.208192	0.277676	3.93315	4.14405	0.416359	0.485752	0.277574	0.416436	0.20821	0.497735	0.416372	0.362855	0.485757	0.555253	
4.21105	0.20821	0.416362	0.486338	0.485898	0.277579	4.00255	3.86382	0.0703344	0.416364	0.208181	0.208192	0.277675	3.93315	4.14405	0.416359	0.485752	0.277574	0.416436	0.20821	0.497729	0.416372	0.362819	0.485757	0.555253	
4.21105	0.208209	0.416362	0.486337	0.485897	0.277578	4.00255	3.86382	0.0703323	0.416364	0.208181	0.208192	0.277675	3.93315	4.14404	0.416359	0.485752	0.277574	0.416436	0.20821	0.497726	0.416372	0.362788	0.485757	0.555253	
4.21105	0.208209	0.416362	0.486335	0.485896	0.277578	4.00255	3.86382	0.07033	0.416364	0.208181	0.208192	0.277674	3.93315	4.14403	0.416359	0.485752	0.277574	0.416436	0.20821	0.497723	0.416372	0.36275	0.485757	0.555253	
4.21105	0.208209	0.416362	0.486333	0.485895	0.277578	4.00255	3.86382	0.0703274	0.416364	0.208181	0.208192	0.277674	3.93315	4.14403	0.416359	0.485752	0.277574	0.416436	0.20821	0.49772	0.416372	0.362709	0.485757	0.555253	
4.21105	0.208209	0.416362	0.486331	0.485894	0.277578	4.00255	3.86382	0.0703255	0.416364	0.208181	0.208192	0.277673	3.93315	4.14402	0.416359	0.485752	0.277574	0.416436	0.20821	0.497718	0.416372	0.362667	0.485757	0.555252	
4.21105	0.208209	0.416362	0.486328	0.485893	0.277578	4.00255	3.86382	0.070323	0.416364	0.208181	0.208192	0.277673	3.93315	4.14402	0.416359	0.485752	0.277574	0.416436	0.20821	0.497714	0.416371	0.362626	0.485757	0.555252	
4.21105	0.208209	0.416362	0.486327	0.485892	0.277578	4.00255	3.86382	0.0703213	0.416364	0.208181	0.208192	0.277672	3.93315	4.14402	0.416359	0.485752	0.277574	0.416436	0.20821	0.497712	0.416371	0.362596	0.485757	0.555252	
4.21105	0.208209	0.416362	0.486326	0.485892	0.277578	4.00255	3.86382	0.0703193	0.416364	0.208181	0.208192	0.277672	3.93315	4.14402	0.416359	0.485752	0.277574	0.416436	0.20821	0.497709	0.416371	0.362554	0.485757	0.555252	
4.21105	0.208209	0.416362	0.486325	0.485892	0.277578	4.00255	3.86382	0.0703174	0.416364	0.208181	0.208192	0.277672	3.93315	4.14402	0.416359	0.485752	0.277574	0.416436	0.20821	0.497706	0.416371	0.362535	0.485757	0.555252	
4.21105	0.208209	0.416362	0.486324	0.485891	0.277578	4.00255	3.86381	0.0703156	0.416364	0.208181	0.208192	0.277671	3.93315	4.14401	0.416359	0.485752	0.277574	0.416436	0.20821	0.497704	0.416371	0.362504	0.485757	0.555252	
4.21105	0.208209	0.416362	0.486322	0.485891	0.277578	4.00255	3.86381	0.0703139	0.416364	0.208181	0.208192	0.277671	3.93315	4.14401	0.416359	0.485752	0.277574	0.416436	0.20821	0.497702	0.416371	0.362485	0.485757	0.555252	
4.21105	0.208209	0.416362	0.48632	0.485891	0.277578	4.00255	3.86381	0.0703129	0.416364	0.208181	0.208192	0.27767	3.93315	4.14401	0.416359	0.485752	0.277574	0.416436	0.20821	0.497699	0.416371	0.362477	0.485757	0.555252	
4.21105	0.208209	0.416362	0.486319	0.485891	0.277578	4.00255	3.86381	0.0703113	0.416364	0.208181	0.208192	0.27767	3.93315	4.144	0.416359	0.485752	0.277574	0.416436	0.20821	0.497695	0.416371	0.362462	0.485757	0.555252	
4.21105	0.208209	0.416362	0.486318	0.485891	0.277578	4.00255	3.86381	0.0703096	0.416364	0.208181	0.208192	0.277668	3.93315	4.144	0.416359	0.485752	0.277574	0.416436	0.20821	0.497692	0.416371	0.362444	0.485757	0.555251	
4.21105	0.208209	0.416362	0.486318	0.485891	0.277578	4.00255	3.86381	0.0703049	0.416364	0.208181	0.208192	0.277666	3.93315	4.144	0.416359	0.485752	0.277574	0.416436	0.20821	0.497688	0.416371	0.36243	0.485757	0.555251	
4.21105	0.208209	0.416362	0.486318	0.485891	0.277578	4.00255	3.86381	0.0702999	0.416364	0.208181	0.208192	0.277665	3.93315	4.144	0.416359	0.485752	0.277574	0.416436	0.20821	0.497684	0.416371	0.362414	0.485757	0.555251	
4.21105	0.208209	0.416362	0.486317	0.485891	0.277578	4.00255	3.86381	0.0702933	0.416364	0.208181	0.208192	0.277662	3.93315	4.144	0.416359	0.485752	0.277574	0.416436	0.20821	0.497681	0.416371	0.362398	0.485757	0.555251	
4.21105	0.208209	0.416362	0.486317	0.48589	0.277578	4.00255	3.86381	0.0702892	0.416364	0.208181	0.208192	0.277658	3.93315	4.144	0.416359	0.485752	0.277574	0.416436	0.20821	0.497679	0.416371	0.362388	0.485757	0.555251	
4.21105	0.208209	0.416362	0.486317	0.48589	0.277578	4.00255	3.86381	0.0702867	0.416364	0.208181	0.208192	0.277656	3.93315	4.14399	0.416359	0.485752	0.277574	0.416436	0.20821	0.497677	0.416371	0.362374	0.485757	0.555251	
4.21105	0.208209	0.416362	0.486317	0.48589	0.277578	4.00255	3.86381	0.0702856	0.416364	0.208181	0.208192	0.277654	3.93315	4.14399	0.416359	0.485752	0.277574	0.416436	0.20821	0.497676	0.416371	0.362348	0.485757	0.555251	
4.21105	0.208208	0.416362	0.486316	0.48589	0.277578	4.00255	3.86381	0.0702834	0.416364	0.208181	0.208192	0.277653	3.93315	4.14399	0.416359	0.485752	0.277574	0.416436	0.20821	0.497674	0.416371	0.362332	0.485757	0.555251	
4.21105	0.208208	0.416362	0.486316	0.48589	0.277578	4.00255	3.86381	0.0702818	0.416364	0.208181	0.208192	0.277652	3.93315	4.14399	0.416359	0.485752	0.277574	0.416436	0.20821	0.497672	0.416371	0.362313	0.485757	0.555251	
4.21105	0.208208	0.416362	0.486316	0.48589	0.277578	4.00255	3.86381	0.0702797	0.416364	0.208181	0.208192	0.277651	3.93315	4.14399	0.416359	0.485752	0.277574	0.416436	0.20821	0.49767	0.416371	0.3623	0.485757	0.555251	
4.21105	0.208208	0.416362	0.486316	0.48589	0.277578	4.00255	3.86381	0.0702789	0.416364	0.208181	0.208191	0.27765	3.93315	4.14399	0.416359	0.485752	0.277574	0.416436	0.20821	0.497669	0.416371	0.362285	0.485757	0.555251	
4.21105	0.208208	0.416362	0.486315	0.48589	0.277578	4.00255	3.86381	0.0702777	0.416364	0.208181	0.208191	0.277649	3.93315	4.14399	0.416359	0.485752	0.277574	0.416436	0.20821	0.497668	0.416371	0.36227	0.485757	0.555251	
4.21105	0.208208	0.416362	0.486315	0.48589	0.277578	4.00255	3.86381	0.0702763	0.416364	0.208181	0.208191	0.277648	3.93315	4.14399	0.416359	0.485752	0.277574	0.416436	0.20821	0.497667	0.416371	0.362256	0.485757	0.555251	
4.21105	0.208208	0.416362	0.486315	0.48589	0.277578	4.00255	3.86381	0.0702754	0.416364	0.208181	0.208191	0.277648	3.93315	4.14399	0.416359	0.485752	0.277574	0.416436	0.20821	0.497666	0.416371	0.362241	0.485757	0.555251	
4.21105	0.208208	0.416362	0.486315	0.48589	0.277578	4.00255	3.86381	0.0702742	0.416364	0.208181	0.208191	0.277648	3.93315	4.14399	0.416359	0.485752	0.277574	0.416436	0.20821	0.497665	0.416371	0.361868	0.485757	0.555251	
4.21105	0.208208	0.416362	0.486315	0.48589	0.277578	4.00255	3.86381	0.0702736	0.416364	0.208181	0.208191	0.277648	3.93315	4.14399	0.416359	0.485752	0.277574	0.416436	0.20821	0.497664	0.416371	0.361861	0.485757	0.555251	
4.21105	0.208208	0.416362	0.486315	0.48589	0.277578	4.00255	3.86381	0.0702728	0.416364	0.208181	0.208191	0.277647	3.93315	4.14399	0.416359	0.485752	0.277574	0.416436	0.20821	0.497663	0.416371	0.361857	0.485756	0.555251	
4.21105	0.208208	0.416362	0.486315	0.48589	0.277578	4.00255	3.86381	0.0702722	0.416364	0.208181	0.208191	0.277647	3.93315	4.14399	0.416359	0.485752	0.277574	0.416436	0.20821	0.497662	0.416371	0.36185	0.485756	0.555251	
4.21105	0.208208	0.416362	0.486314	0.485889	0.277578	4.00255	3.86381	0.0702716	0.416364	0.208181	0.208191	0.277647	3.93315	4.14399	0.416359	0.485752	0.277574	0.416436	0.20821	0.497661	0.416371	0.361835	0.485756	0.555251	
4.21105	0.208208	0.416362	0.486314	0.485889	0.277578	4.00255	3.86381	0.0702709	0.416364	0.208181	0.208191	0.277647	3.93315	4.14399	0.416359	0.485752	0.277574	0.416436	0.20821	0.497657	0.416371	0.361827	0.485756	0.555251	
4.21105	0.208208	0.416362	0.486314	0.485889	0.277578	4.00255	3.86381	0.0702701	0.416364	0.208181	0.208191	0.277646	3.93315	4.14399	0.416359	0.485752	0.277574	0.416436	0.20821	0.497655	0.416371	0.361818	0.485756	0.555251	
4.21105	0.208208	0.416362	0.486313	0.485889	0.277578	4.00255	3.86381	0.0702694	0.416364	0.208181	0.208191	0.277646	3.93315	4.14399	0.416359	0.485752	0.277574	0.416436	0.20821	0.497654	0.416371	0.361813	0.485756	0.555251	
4.21105	0.208208	0.416362	0.486313	0.485889	0.277578	4.00255	3.86381	0.0702691	0.416364	0.208181	0.208191	0.277646	3.93315	4.14399	0.416359	0.485752	0.277574	0.416436	0.20821	0.497652	0.416371	0.36181	0.485756	0.555251	
4.21105	0.208208	0.416362	0.486311	0.485889	0.277578	4.00255	3.86381	0.0702685	0.416364	0.208181	0.208191	0.277646	3.93315	4.14399	0.416359	0.485752	0.277574	0.416436	0.20821	0.497651	0.416371	0.361806	0.485756	0.555251	
4.21105	0.208208	0.416362	0.486311	0.485889	0.277578	4.00255	3.86381	0.070268	0.416364	0.208181	0.208191	0.277645	3.93315	4.14399	0.416359	0.485752	0.277574	0.416436	0.20821	0.497649	0.416371	0.361801	0.485756	0.555251	
4.21105	0.208208	0.416362	0.486311	0.485889	0.277578	4.00255	3.86381	0.0702672	0.416364	0.208181	0.208191	0.277645	3.93315	4.14399	0.416359	0.485752	0.277574	0.416436	0.20821	0.497646	0.416371	0.361793	0.485756	0.555251	
4.21105	0.208208	0.416362	0.48631	0.485889	0.277578	4.00255	3.86381	0.0702654	0.416364	0.208181	0.208191	0.277645	3.93315	4.14398	0.416359	0.485752	0.277574	0.416436	0.20821	0.497645	0.416371	0.361785	0.485756	0.55525	
4.21105	0.208208	0.416362	0.48631	0.485889	0.277578	4.00255	3.86381	0.0702646	0.416364	0.208181	0.208191	0.277645	3.93315	4.14398	0.416359	0.485752	0.277574	0.416436	0.20821	0.497644	0.416371	0.361779	0.485756	0.55525	
4.21105	0.208208	0.416362	0.48631	0.485889	0.277578	4.00255	3.86381	0.0702643	0.416364	0.208181	0.208191	0.277645	3.93315	4.14398	0.416359	0.485752	0.277574	0.416436	0.20821	0.497644	0.416371	0.361776	0.485756	0.55525	
4.21105	0.208208	0.416362	0.48631	0.485889	0.277578	4.00255	3.86381	0.070264	0.416364	0.208181	0.208191	0.277645	3.93315	4.14398	0.416359	0.485752	0.277574	0.416436	0.20821	0.497643	0.416371	0.361774	0.485756	0.55525	
4.21105	0.208208	0.416362	0.486309	0.485889	0.277578	4.00255	3.86381	0.0702635	0.416364	0.208181	0.208191	0.277645	3.93315	4.14398	0.416359	0.485752	0.277574	0.416436	0.20821	0.497643	0.416371	0.361771	0.485756	0.55525	
4.21105	0.208208	0.416362	0.486309	0.485889	0.277578	4.00255	3.86381	0.0702632	0.416364	0.208181	0.208191	0.277644	3.93315	4.14398	0.416359	0.485752	0.277574	0.416436	0.20821	0.497642	0.416371	0.361769	0.485756	0.55525	
4.21105	0.208208	0.416362	0.486309	0.485889	0.277578	4.00255	3.86381	0.070263	0.416364	0.208181	0.208191	0.277644	3.93315	4.14398	0.416359	0.485752	0.277574	0.416436	0.20821	0.497642	0.416371	0.361764	0.485756	0.55525	
4.21105	0.208208	0.416362	0.486309	0.485889	0.277578	4.00255	3.86381	0.0702628	0.416364	0.208181	0.208191	0.277644	3.93315	4.14398	0.416359	0.485752	0.277574	0.416436	0.20821	0.497642	0.416371	0.361759	0.485756	0.55525	
4.21105	0.208208	0.416362	0.486309	0.485889	0.277578	4.00255	3.86381	0.0702625	0.416364	0.208181	0.208191	0.277644	3.93315	4.14398	0.416359	0.485752	0.277574	0.416436	0.20821	0.49764	0.416371	0.361758	0.485756	0.55525	
4.21105	0.208208	0.416362	0.486308	0.485889	0.277578	4.00255	3.86381	0.0702621	0.416364	0.208181	0.208191	0.277644	3.93315	4.14398	0.416359	0.485752	0.277574	0.416436	0.20821	0.49764	0.416371	0.361754	0.485756	0.555249	
4.21105	0.208208	0.416362	0.486308	0.485889	0.277578	4.00255	3.86381	0.0702613	0.416364	0.208181	0.208191	0.277644	3.93315	4.14398	0.416359	0.485752	0.277574	0.416436	0.20821	0.497639	0.416371	0.361753	0.485756	0.555249	
4.21105	0.208208	0.416362	0.486308	0.485889	0.277578	4.00255	3.86381	0.0702605	0.416364	0.208181	0.208191	0.277644	3.93315	4.14398	0.416359	0.485752	0.277574	0.416436	0.20821	0.497638	0.416371	0.361751	0.485756	0.555249	
4.21105	0.208208	0.416361	0.486308	0.485889	0.277578	4.00255	3.86381	0.0702598	0.416364	0.208181	0.208191	0.277644	3.93315	4.14398	0.416359	0.485752	0.277574	0.416436	0.20821	0.497636	0.416371	0.36175	0.485756	0.555249	
4.21105	0.208208	0.416361	0.486308	0.485889	0.277578	4.00255	3.86381	0.0702592	0.416364	0.208181	0.208191	0.277644	3.93315	4.14398	0.416359	0.485752	0.277574	0.416436	0.20821	0.497635	0.416371	0.361749	0.485756	0.555248	
4.21105	0.208208	0.416361	0.486308	0.485888	0.277578	4.00255	3.86381	0.070259	0.416364	0.208181	0.208191	0.277644	3.93315	4.14398	0.416359	0.485752	0.277574	0.416436	0.20821	0.497634	0.416371	0.361748	0.485756	0.555248	
4.21105	0.208208	0.416361	0.486308	0.485888	0.277578	4.00255	3.86381	0.0702589	0.416364	0.208181	0.208191	0.277644	3.93315	4.14398	0.416359	0.485752	0.277574	0.416436	0.20821	0.497633	0.416371	0.361747	0.485756	0.555248	
4.21105	0.208208	0.416361	0.486308	0.485888	0.277578	4.00255	3.86381	0.0702587	0.416364	0.208181	0.208191	0.277644	3.93315	4.14398	0.416359	0.485752	0.277574	0.416436	0.20821	0.497633	0.416371	0.361746	0.485756	0.555248	
4.21105	0.208208	0.416361	0.486308	0.485888	0.277578	4.00255	3.86381	0.0702587	0.416364	0.208181	0.208191	0.277644	3.93315	4.14398	0.416359	0.485752	0.277574	0.416436	0.20821	0.497633	0.416371	0.361745	0.485756	0.555248	
4.21105	0.208208	0.416361	0.486308	0.485888	0.277578	4.00255	3.86381	0.0702586	0.416364	0.208181	0.208191	0.277644	3.93315	4.14398	0.416359	0.485752	0.277574	0.416436	0.20821	0.497632	0.416371	0.361745	0.485756	0.555248	
4.21105	0.208208	0.416361	0.486308	0.485888	0.277578	4.00255	3.86381	0.0702585	0.416364	0.208181	0.208191	0.277644	3.93315	4.14398	0.416359	0.485752	0.277574	0.416436	0.20821	0.497632	0.416371	0.361743	0.485756	0.555248	
4.21105	0.208208	0.416361	0.486308	0.485888	0.277578	4.00255	3.86381	0.0702584	0.416364	0.208181	0.208191	0.277644	3.93315	4.14398	0.416359	0.485752	0.277574	0.416436	0.20821	0.497632	0.416371	0.36174	0.485756	0.555248	
4.21105	0.208208	0.416361	0.486308	0.485888	0.277578	4.00255	3.86381	0.0702583	0.416364	0.208181	0.208191	0.277644	3.93315	4.14398	0.416359	0.485752	0.277574	0.416436	0.20821	0.497631	0.416371	0.361738	0.485756	0.555248	
4.21105	0.208208	0.416361	0.486308	0.485888	0.277578	4.00255	3.86381	0.0702582	0.416364	0.208181	0.208191	0.277644	3.93315	4.14398	0.416359	0.485752	0.277574	0.416436	0.20821	0.497631	0.416371	0.361737	0.485756	0.555248	
4.21105	0.208207	0.416361	0.486308	0.485888	0.277578	4.00255	3.86381	0.0702581	0.416364	0.208181	0.208191	0.277644	3.93315	4.14398	0.416359	0.485752	0.277574	0.416436	0.20821	0.497631	0.416371	0.361736	0.485756	0.555247	
4.21105	0.208207	0.416361	0.486308	0.485888	0.277578	4.00255	3.86381	0.0702581	0.416364	0.208181	0.208191	0.277644	3.93315	4.14398	0.416359	0.485752	0.277574	0.416436	0.20821	0.497631	0.416371	0.361735	0.485756	0.555247	
4.21105	0.208207	0.416361	0.486308	0.485888	0.277578	4.00255	3.86381	0.0702581	0.416364	0.208181	0.208191	0.277644	3.93315	4.14398	0.416359	0.485752	0.277574	0.416436	0.20821	0.497631	0.416371	0.361733	0.485756	0.555247	
4.21105	0.208207	0.416361	0.486308	0.485888	0.277578	4.00255	3.86381	0.070258	0.416364	0.208181	0.208191	0.277644	3.93315	4.14398	0.416359	0.485752	0.277574	0.416436	0.20821	0.497631	0.416371	0.361732	0.485756	0.555247	
4.21105	0.208207	0.416361	0.486308	0.485888	0.277578	4.00255	3.86381	0.070258	0.416364	0.208181	0.208191	0.277644	3.93315	4.14398	0.416359	0.485752	0.277574	0.416436	0.20821	0.497631	0.416371	0.361732	0.485756	0.555247	
4.21105	0.208207	0.416361	0.486308	0.485888	0.277578	4.00255	3.86381	0.070258	0.416364	0.208181	0.208191	0.277644	3.93315	4.14398	0.416359	0.485752	0.277574	0.416436	0.20821	0.497631	0.416371	0.361731	0.485756	0.555247	
4.21105	0.208207	0.416361	0.486308	0.485888	0.277578	4.00255	3.86381	0.070258	0.416364	0.208181	0.208191	0.277644	3.93315	4.14398	0.416359	0.485752	0.277574	0.416436	0.20821	0.497631	0.416371	0.361731	0.485756	0.555247	
4.21105	0.208207	0.416361	0.486308	0.485888	0.277578	4.00255	3.86381	0.070258	0.416364	0.208181	0.208191	0.277644	3.93315	4.14398	0.416359	0.485752	0.277574	0.416436	0.20821	0.497631	0.416371	0.361731	0.485756	0.555247	
4.21105	0.208207	0.416361	0.486308	0.485888	0.277578	4.00255	3.86381	0.070258	0.416364	0.208181	0.208191	0.277644	3.93315	4.14398	0.416359	0.485752	0.277574	0.416436	0.20821	0.497631	0.416371	0.361731	0.485756	0.555247	
4.21105	0.208207	0.416361	0.486308	0.485888	0.277578	4.00255	3.86381	0.070258	0.416364	0.208181	0.208191	0.277644	3.93315	4.14398	0.416359	0.485752	0.277574	0.416436	0.20821	0.497631	0.416371	0.361731	0.485756	0.555247	
4.21105	0.208207	0.416361	0.486308	0.485888	0.277578	4.00255	3.86381	0.070258	0.416364	0.208181	0.208191	0.277644	3.93315	4.14398	0.416359	0.485752	0.277574	0.416436	0.20821	0.497631	0.416371	0.36173	0.485756	0.555247	
4.21105	0.208207	0.416361	0.486308	0.485888	0.277578	4.00255	3.86381	0.070258	0.416364	0.208181	0.208191	0.277644	3.93315	4.14398	0.416359	0.485752	0.277574	0.416436	0.20821	0.497631	0.416371	0.36173	0.485756	0.555247	
4.21105	0.208207	0.416361	0.486308	0.485888	0.277578	4.00255	3.86381	0.070258	0.416364	0.208181	0.208191	0.277644	3.93315	4.14398	0.416359	0.485752	0.277574	0.416436	0.20821	0.497631	0.416371	0.36173	0.485756	0.555247	
4.21105	0.208207	0.416361	0.486308	0.485888	0.277578	4.00255	3.86381	0.070258	0.416364	0.208181	0.208191	0.277644	3.93315	4.14398	0.416359	0.485752	0.277574	0.416436	0.20821	0.497631	0.416371	0.36173	0.485756	0.555247	
4.21105	0.208207	0.416361	0.486308	0.485888	0.277578	4.00255	3.86381	0.070258	0.416364	0.208181	0.208191	0.277644	3.93315	4.14398	0.416359	0.485752	0.277574	0.416436	0.20821	0.497631	0.416371	0.36173	0.485756	0.555247	
4.21105	0.208207	0.416361	0.486308	0.485888	0.277578	4.00255	3.86381	0.070258	0.416364	0.208181	0.208191	0.277644	3.93315	4.14398	0.416359	0.485752	0.277574	0.416436	0.20821	0.497631	0.416371	0.36173	0.485756	0.555247	
4.21105	0.208207	0.416361	0.486308	0.485888	0.277578	4.00255	3.86381	0.070258	0.416364	0.208181	0.208191	0.277644	3.93315	4.14398	0.416359	0.485752	0.277574	0.416436	0.20821	0.497631	0.416371	0.36173	0.485756	0.555247	
4.21105	0.208207	0.416361	0.486308	0.485888	0.277578	4.00255	3.86381	0.070258	0.416364	0.208181	0.208191	0.277644	3.93315	4.14398	0.416359	0.485752	0.277574	0.416436	0.20821	0.497631	0.416371	0.36173	0.485756	0.555247	
4.21105	0.208207	0.416361	0.486308	0.485888	0.277578	4.00255	3.86381	0.070258	0.416364	0.208181	0.208191	0.277644	3.93315	4.14398	0.416359	0.485752	0.277574	0.416436	0.20821	0.497631	0.416371	0.36173	0.485756	0.555247	
4.21105	0.208207	0.416361	0.486308	0.485888	0.277578	4.00255	3.86381	0.070258	0.416364	0.208181	0.208191	0.277644	3.93315	4.14398	0.416359	0.485752	0.277574	0.416436	0.20821	0.497631	0.416371	0.36173	0.485756	0.555247	
4.21105	0.208207	0.416361	0.486308	0.485888	0.277578	4.00255	3.86381	0.070258	0.416364	0.208181	0.208191	0.277644	3.93315	4.14398	0.416359	0.485752	0.277574	0.416436	0.20821	0.497631	0.416371	0.36173	0.485756	0.555247	
4.21105	0.208207	0.416361	0.486308	0.485888	0.277578	4.00255	3.86381	0.070258	0.416364	0.208181	0.208191	0.277644	3.93315	4.14398	0.416359	0.485752	0.277574	0.416436	0.20821	0.497631	0.416371	0.36173	0.485756	0.555247	
4.21105	0.208207	0.416361	0.486308	0.485888	0.277578	4.00255	3.86381	0.070258	0.416364	0.208181	0.208191	0.277644	3.93315	4.14398	0.416359	0.485752	0.277574	0.416436	0.20821	0.497631	0.416371	0.36173	0.485756	0.555247	
4.21105	0.208207	0.416361	0.486308	0.485888	0.277578	4.00255	3.86381	0.070258	0.416364	0.208181	0.208191	0.277644	3.93315	4.14398	0.416359	0.485752	0.277574	0.416436	0.20821	0.497631	0.416371	0.36173	0.485756	0.555247	
