2.17744e+09	1.8324e+09	1.51384e+09	1.54782e+09	3.11344e+09	3.06642e+09	3.90628e+09	3.03906e+09	1.58051e+09	1.99768e+09	3.39049e+09	2.18127e+09	1.29832e+09	4.65842e+09	3.43814e+09	3.72248e+09	1.7144e+09	1.28685e+09	1.92282e+09	1.62823e+09	1.80194e+09	1.84069e+09	2.17621e+09	7.71104e+08	2.35991e+09	
1.00675e+09	1.78788e+09	1.51384e+09	1.39711e+09	1.40047e+09	1.23012e+09	1.44281e+09	1.09365e+09	1.58051e+09	7.00367e+08	1.3968e+09	2.18127e+09	1.29832e+09	2.03471e+09	2.24533e+09	2.83927e+09	1.05408e+09	6.06523e+08	1.10792e+09	1.36286e+09	1.23127e+09	1.48685e+09	7.07178e+08	7.71104e+08	2.35991e+09	
1.00675e+09	1.29194e+09	7.43434e+08	1.39711e+09	1.33609e+09	1.23012e+09	8.04499e+08	1.09365e+09	7.78033e+08	7.00367e+08	1.21715e+09	4.42996e+08	1.0303e+09	1.04608e+09	1.67457e+09	1.3199e+09	1.05408e+09	6.06523e+08	7.45079e+08	1.11914e+09	1.17607e+09	1.21618e+09	5.51849e+08	7.71104e+08	1.74876e+09	
9.52285e+08	9.72706e+08	7.43434e+08	1.08732e+09	6.96379e+08	6.05647e+08	8.04499e+08	9.40164e+08	7.78033e+08	7.00367e+08	6.22369e+08	4.42996e+08	1.0303e+09	6.28695e+08	1.17516e+09	5.05616e+08	7.71111e+08	6.06523e+08	7.45079e+08	6.89134e+08	1.11471e+09	1.21618e+09	5.51849e+08	3.15582e+08	9.68761e+08	
9.52285e+08	9.50754e+08	6.27418e+08	7.70347e+08	6.96379e+08	6.05647e+08	5.107e+08	9.40164e+08	5.67227e+08	1.42232e+08	6.22369e+08	4.42996e+08	1.0303e+09	6.28695e+08	9.4188e+08	5.05616e+08	2.72366e+08	6.06523e+08	7.45079e+08	4.28122e+08	6.20133e+08	1.21618e+09	5.51849e+08	3.15582e+08	6.28357e+08	
3.33169e+08	5.17413e+08	6.27418e+08	7.70347e+08	5.04704e+08	6.05647e+08	3.92648e+08	8.99744e+08	5.67227e+08	1.42232e+08	4.45022e+08	4.42996e+08	1.0303e+09	5.7632e+08	3.86647e+08	5.05616e+08	2.72366e+08	6.06523e+08	3.76209e+08	4.28122e+08	6.20133e+08	8.24143e+08	4.44028e+08	3.15582e+08	5.54947e+08	
3.33169e+08	4.9391e+08	5.36364e+08	5.2865e+08	5.04704e+08	5.85981e+08	3.92648e+08	6.61659e+08	4.44897e+08	1.42232e+08	4.45022e+08	2.2678e+08	7.14856e+08	5.7632e+08	3.86647e+08	3.90759e+08	2.72366e+08	2.51931e+08	2.99643e+08	4.17635e+08	3.24569e+08	5.23361e+08	4.44028e+08	3.15582e+08	4.48594e+08	
3.07378e+08	2.54538e+08	1.136e+08	3.44374e+08	4.87236e+08	2.60898e+08	2.67874e+08	4.23226e+08	2.98971e+08	1.42232e+08	4.30085e+08	1.969e+08	4.61126e+08	5.07204e+08	3.12939e+08	3.90759e+08	2.67805e+08	1.86147e+08	2.3853e+08	3.58159e+08	3.2123e+08	3.46704e+08	2.40443e+08	3.15582e+08	1.9531e+08	
3.03664e+08	2.54538e+08	1.136e+08	2.00773e+08	1.91738e+08	2.60898e+08	1.44845e+08	4.03033e+08	2.98971e+08	1.42232e+08	3.97361e+08	1.969e+08	1.79346e+08	5.07204e+08	3.12939e+08	3.90759e+08	2.67805e+08	1.86147e+08	2.3853e+08	2.86975e+08	3.2123e+08	3.46704e+08	2.40443e+08	2.84518e+08	1.57937e+08	
3.03664e+08	2.54538e+08	1.136e+08	2.00773e+08	1.91738e+08	1.72474e+08	1.44845e+08	3.57815e+08	1.34427e+08	1.42232e+08	2.3839e+08	1.35236e+08	1.79346e+08	2.2586e+08	3.12939e+08	3.68894e+08	2.67805e+08	1.86147e+08	2.3853e+08	1.34315e+08	1.65838e+08	3.46704e+08	2.40443e+08	1.53621e+08	1.57937e+08	
2.76609e+08	1.88754e+08	1.136e+08	2.00773e+08	1.91738e+08	1.72474e+08	1.44845e+08	1.78774e+08	1.34427e+08	1.42232e+08	2.3839e+08	1.35236e+08	1.79346e+08	2.2586e+08	1.70425e+08	2.15179e+08	2.67805e+08	1.86147e+08	2.34653e+08	1.34315e+08	1.65838e+08	2.69176e+08	1.74036e+08	1.53621e+08	1.57937e+08	
1.85238e+08	1.88754e+08	1.01896e+08	1.55079e+08	1.88216e+08	1.47866e+08	1.44845e+08	1.78774e+08	1.34427e+08	1.42232e+08	2.3839e+08	1.35236e+08	1.79346e+08	2.2586e+08	7.01605e+07	1.54683e+08	2.16742e+08	1.86147e+08	2.34653e+08	1.34315e+08	1.5489e+08	1.28622e+08	1.72884e+08	1.53621e+08	1.57937e+08	
1.73261e+08	9.83239e+07	6.9268e+07	1.55079e+08	1.55771e+08	1.47866e+08	1.34068e+08	9.71717e+07	8.03704e+07	1.42232e+08	1.49433e+08	1.35236e+08	1.79346e+08	1.25536e+08	7.01605e+07	1.19704e+08	1.2537e+08	1.40023e+08	1.75109e+08	1.34315e+08	1.27793e+08	8.27259e+07	1.21312e+08	1.39354e+08	1.57937e+08	
9.34378e+07	9.83239e+07	6.9268e+07	1.55079e+08	8.43192e+07	1.47866e+08	1.34068e+08	9.71717e+07	8.03704e+07	1.42232e+08	8.17764e+07	1.35236e+08	1.32921e+08	1.25536e+08	7.01605e+07	1.19704e+08	1.2537e+08	1.40023e+08	1.02105e+08	1.34315e+08	8.94119e+07	8.27259e+07	1.21312e+08	1.24052e+08	1.57937e+08	
9.34378e+07	8.66877e+07	6.9268e+07	1.07461e+08	8.43192e+07	1.05123e+08	6.6949e+07	9.14415e+07	8.03704e+07	1.42232e+08	8.17764e+07	5.38618e+07	8.96374e+07	8.85274e+07	6.19952e+07	1.19704e+08	8.50283e+07	6.84851e+07	1.02105e+08	6.08064e+07	8.94119e+07	5.8483e+07	4.04922e+07	7.36997e+07	6.63653e+07	
6.39074e+07	8.66877e+07	6.9268e+07	7.66732e+07	8.43192e+07	1.05123e+08	6.6949e+07	6.35952e+07	6.57958e+07	7.74856e+07	8.17764e+07	5.38618e+07	8.96374e+07	8.85274e+07	6.19952e+07	1.19704e+08	8.50283e+07	6.84851e+07	1.02105e+08	6.08064e+07	8.94119e+07	5.8483e+07	4.04922e+07	7.36997e+07	6.12491e+07	
6.39074e+07	8.26907e+07	6.9268e+07	7.66732e+07	8.43192e+07	1.04018e+08	4.80068e+07	6.35952e+07	6.57958e+07	7.74856e+07	8.17764e+07	5.1531e+07	8.39483e+07	8.85274e+07	6.19952e+07	7.47077e+07	4.83489e+07	5.54153e+07	7.47304e+07	3.88649e+07	8.94119e+07	5.8483e+07	4.04922e+07	4.79575e+07	6.12491e+07	
3.83775e+07	6.91002e+07	6.9268e+07	7.66732e+07	8.43192e+07	7.98634e+07	4.80068e+07	6.35952e+07	5.80881e+07	7.74856e+07	6.79545e+07	5.1531e+07	6.55896e+07	6.52789e+07	5.59089e+07	6.17444e+07	4.83489e+07	4.63881e+07	7.47304e+07	2.70122e+07	7.6312e+07	5.8483e+07	4.04922e+07	4.79575e+07	6.12491e+07	
3.83775e+07	6.91002e+07	6.43028e+07	6.06085e+07	3.483e+07	7.98634e+07	4.80068e+07	3.21099e+07	5.80881e+07	7.15815e+07	6.07562e+07	5.1531e+07	5.39505e+07	6.2588e+07	3.75622e+07	6.17444e+07	4.83489e+07	4.63881e+07	7.47304e+07	2.70122e+07	5.12935e+07	5.8483e+07	4.04922e+07	4.16888e+07	6.12491e+07	
3.83775e+07	5.42229e+07	4.9674e+07	6.06085e+07	3.483e+07	4.14858e+07	4.80068e+07	3.21099e+07	3.53134e+07	3.5309e+07	6.07562e+07	5.1531e+07	5.36444e+07	6.2588e+07	3.75622e+07	4.37418e+07	4.83489e+07	3.5797e+07	6.21553e+07	2.70122e+07	5.12935e+07	2.45276e+07	3.36314e+07	4.06113e+07	5.74845e+07	
3.83775e+07	4.47529e+07	4.9674e+07	6.06085e+07	3.483e+07	4.14858e+07	2.97616e+07	3.21099e+07	3.53134e+07	3.5309e+07	4.99946e+07	4.48168e+07	5.36444e+07	5.36456e+07	3.75622e+07	4.37418e+07	4.09778e+07	3.5797e+07	3.79332e+07	2.60495e+07	4.94696e+07	2.45276e+07	3.36314e+07	3.5024e+07	5.74845e+07	
3.83775e+07	4.47529e+07	4.37254e+07	4.9981e+07	2.24986e+07	4.14858e+07	2.64067e+07	1.79393e+07	3.53134e+07	3.5309e+07	4.45303e+07	4.29099e+07	3.23328e+07	4.21158e+07	3.75622e+07	4.08562e+07	1.861e+07	3.5797e+07	3.79332e+07	2.3985e+07	4.94696e+07	2.45276e+07	3.36314e+07	3.5024e+07	4.32051e+07	
3.83775e+07	4.47529e+07	3.03413e+07	4.9981e+07	2.24986e+07	3.81355e+07	2.39841e+07	1.79393e+07	3.53134e+07	3.5309e+07	3.35129e+07	4.1772e+07	3.23328e+07	3.92075e+07	1.67826e+07	3.1405e+07	1.861e+07	3.5797e+07	2.85354e+07	2.3985e+07	4.94696e+07	2.10987e+07	2.14124e+07	2.13198e+07	2.20095e+07	
3.83775e+07	3.14672e+07	2.28661e+07	4.07452e+07	2.24986e+07	2.61218e+07	1.7975e+07	1.79393e+07	2.15906e+07	3.5309e+07	3.35129e+07	3.27337e+07	9.20838e+06	2.17318e+07	1.67826e+07	3.1405e+07	1.24914e+07	2.76057e+07	2.81574e+07	2.3985e+07	2.48442e+07	2.10987e+07	2.14124e+07	2.13198e+07	2.20095e+07	
3.83775e+07	2.88072e+07	2.28661e+07	2.64216e+07	2.24986e+07	2.61218e+07	1.60386e+07	1.79393e+07	2.15906e+07	3.5309e+07	3.35129e+07	2.40831e+07	9.20838e+06	2.17318e+07	1.67826e+07	3.1405e+07	1.24914e+07	2.76057e+07	1.03675e+07	2.22267e+07	2.48442e+07	2.10987e+07	2.14124e+07	2.13198e+07	2.20095e+07	
2.73496e+07	2.70818e+07	1.84943e+07	2.64216e+07	1.48846e+07	2.45927e+07	9.01896e+06	1.79393e+07	1.94235e+07	2.19712e+07	2.55296e+07	2.01554e+07	9.20838e+06	1.8693e+07	1.67826e+07	1.97361e+07	1.24914e+07	1.67923e+07	1.03675e+07	2.22267e+07	1.59127e+07	2.02892e+07	2.14124e+07	2.01281e+07	2.04245e+07	
2.66455e+07	2.32239e+07	1.09573e+07	1.75251e+07	1.48846e+07	2.45927e+07	9.01896e+06	1.79393e+07	1.73631e+07	2.19712e+07	2.37457e+07	1.19001e+07	9.20838e+06	1.8693e+07	1.67826e+07	1.97361e+07	1.24914e+07	1.67923e+07	1.03675e+07	1.3888e+07	1.59127e+07	1.75415e+07	2.14124e+07	1.21663e+07	1.17799e+07	
2.29018e+07	1.82374e+07	1.09573e+07	1.41472e+07	1.48846e+07	1.74992e+07	9.01896e+06	1.72028e+07	1.4758e+07	2.15296e+07	2.03194e+07	1.05173e+07	9.20838e+06	1.67189e+07	1.51772e+07	1.1253e+07	1.24914e+07	8.99403e+06	1.03675e+07	7.42283e+06	1.59127e+07	1.75415e+07	2.14124e+07	1.21663e+07	1.17799e+07	
1.21352e+07	1.82374e+07	1.09573e+07	9.30678e+06	1.48846e+07	1.74992e+07	9.01896e+06	1.46891e+07	1.10446e+07	1.23331e+07	1.93249e+07	9.89586e+06	9.20838e+06	1.67189e+07	1.2063e+07	1.1253e+07	1.24914e+07	8.99403e+06	5.96961e+06	7.42283e+06	1.59127e+07	1.75415e+07	1.53611e+07	1.21663e+07	1.17799e+07	
1.14406e+07	1.82374e+07	1.09573e+07	9.30678e+06	1.39134e+07	1.74992e+07	9.01896e+06	8.44868e+06	1.10446e+07	1.23331e+07	1.18799e+07	9.89586e+06	9.20838e+06	1.67189e+07	9.00222e+06	1.1253e+07	7.69484e+06	8.99403e+06	5.96961e+06	7.42283e+06	1.59127e+07	1.19554e+07	7.52762e+06	3.88061e+06	1.17799e+07	
1.13547e+07	1.0263e+07	1.09573e+07	9.30678e+06	8.86894e+06	1.6335e+07	9.01896e+06	8.44868e+06	7.49026e+06	1.23331e+07	1.18799e+07	6.68192e+06	6.48908e+06	1.27935e+07	9.00222e+06	1.1253e+07	7.69484e+06	8.99403e+06	5.96961e+06	7.42283e+06	1.54892e+07	1.08508e+07	7.52762e+06	3.88061e+06	1.17799e+07	
1.01459e+07	9.85207e+06	1.09573e+07	9.30678e+06	8.86894e+06	1.32335e+07	9.01896e+06	8.44868e+06	7.49026e+06	1.23331e+07	1.18799e+07	6.68192e+06	6.48908e+06	1.21213e+07	9.00222e+06	1.1253e+07	7.69484e+06	8.99403e+06	5.96961e+06	7.42283e+06	1.54892e+07	1.08508e+07	7.52762e+06	3.88061e+06	1.17799e+07	
1.01459e+07	8.88929e+06	1.09573e+07	4.08383e+06	8.86894e+06	7.58655e+06	4.98124e+06	8.44868e+06	7.49026e+06	1.09906e+07	1.18799e+07	6.68192e+06	6.48908e+06	7.58243e+06	9.00222e+06	3.51139e+06	7.69484e+06	8.88332e+06	5.96961e+06	7.42283e+06	1.2427e+07	1.08508e+07	7.52762e+06	3.88061e+06	1.17799e+07	
1.01459e+07	8.88929e+06	7.80883e+06	4.08383e+06	8.86894e+06	7.58655e+06	4.53737e+06	6.95904e+06	7.49026e+06	6.98487e+06	9.33925e+06	6.68192e+06	6.48908e+06	7.58243e+06	8.46155e+06	3.51139e+06	7.69484e+06	8.88332e+06	5.96961e+06	7.42283e+06	1.15038e+07	6.39881e+06	7.52762e+06	3.88061e+06	1.17799e+07	
1.01459e+07	6.40616e+06	7.80883e+06	4.08383e+06	8.47905e+06	7.58655e+06	4.53737e+06	5.16967e+06	4.50496e+06	6.98487e+06	7.83183e+06	6.68192e+06	6.48908e+06	7.58243e+06	8.46155e+06	3.51139e+06	7.69484e+06	8.88332e+06	4.66155e+06	7.42283e+06	1.15038e+07	6.39881e+06	7.52762e+06	3.83264e+06	8.96073e+06	
1.01459e+07	5.73891e+06	6.84053e+06	4.08383e+06	8.47905e+06	6.47266e+06	4.53737e+06	5.16967e+06	4.50496e+06	5.42788e+06	7.81082e+06	6.68192e+06	6.48908e+06	6.07758e+06	6.40558e+06	3.51139e+06	4.94009e+06	8.25638e+06	4.66155e+06	7.42283e+06	9.12045e+06	6.39881e+06	7.52762e+06	3.83264e+06	8.96073e+06	
6.01062e+06	5.64951e+06	4.39674e+06	4.08383e+06	7.20735e+06	6.19007e+06	4.53737e+06	5.16967e+06	4.50496e+06	5.42788e+06	5.02852e+06	6.68192e+06	6.48908e+06	6.07758e+06	5.54999e+06	3.51139e+06	4.54411e+06	8.1667e+06	4.66155e+06	3.61289e+06	9.12045e+06	5.42828e+06	7.52762e+06	3.83264e+06	6.17255e+06	
3.78544e+06	2.01203e+06	4.04871e+06	4.08383e+06	4.88056e+06	6.19007e+06	4.53737e+06	3.05972e+06	4.50496e+06	5.42788e+06	5.02852e+06	6.68192e+06	5.40706e+06	6.07758e+06	4.4971e+06	3.51139e+06	4.54411e+06	4.45963e+06	4.66155e+06	3.33536e+06	9.12045e+06	3.2788e+06	7.52762e+06	3.83264e+06	6.17255e+06	
3.78544e+06	2.01203e+06	4.04871e+06	3.64733e+06	4.88056e+06	6.19007e+06	4.53737e+06	3.05972e+06	4.50496e+06	5.42788e+06	4.2974e+06	6.68192e+06	4.29037e+06	6.07758e+06	4.4971e+06	3.51139e+06	4.48223e+06	3.97493e+06	4.66155e+06	3.33536e+06	9.12045e+06	3.2788e+06	7.13835e+06	3.83264e+06	6.17255e+06	
3.57749e+06	2.01203e+06	3.99544e+06	3.64733e+06	4.88056e+06	5.29187e+06	4.53737e+06	2.26048e+06	4.50496e+06	3.57953e+06	4.2974e+06	6.31316e+06	4.29037e+06	5.91782e+06	4.4971e+06	2.72812e+06	4.48223e+06	2.90825e+06	4.66155e+06	3.33536e+06	8.36867e+06	3.2788e+06	4.62188e+06	3.83264e+06	6.17255e+06	
3.57749e+06	2.01203e+06	3.99544e+06	3.64733e+06	4.66853e+06	4.49604e+06	4.01884e+06	2.26048e+06	4.22211e+06	3.57953e+06	3.42874e+06	5.95679e+06	4.29037e+06	5.91782e+06	2.85888e+06	2.72812e+06	4.37519e+06	2.90825e+06	4.66155e+06	3.33536e+06	6.47654e+06	3.1854e+06	3.35602e+06	1.56073e+06	6.10477e+06	
3.1874e+06	2.01203e+06	3.99544e+06	3.64733e+06	4.66853e+06	4.49604e+06	2.47328e+06	2.26048e+06	4.22211e+06	3.57953e+06	3.2184e+06	4.493e+06	4.29037e+06	3.06689e+06	2.34068e+06	2.72812e+06	2.65522e+06	2.90825e+06	3.08007e+06	3.33536e+06	5.80211e+06	3.1854e+06	3.35602e+06	1.56073e+06	6.10477e+06	
2.97208e+06	2.01203e+06	3.825e+06	3.64733e+06	3.54564e+06	4.49604e+06	2.47328e+06	2.09912e+06	3.22912e+06	3.57953e+06	3.2184e+06	4.19927e+06	2.25977e+06	2.98812e+06	2.34068e+06	2.72812e+06	2.65522e+06	2.62491e+06	2.91425e+06	3.33536e+06	5.80211e+06	3.1854e+06	3.35602e+06	1.56073e+06	3.85881e+06	
2.97208e+06	2.01203e+06	3.61767e+06	3.36094e+06	3.49538e+06	2.77305e+06	2.17288e+06	2.09912e+06	3.22912e+06	3.57953e+06	3.2184e+06	4.03891e+06	2.25977e+06	1.76222e+06	2.34068e+06	2.72812e+06	2.29166e+06	2.62491e+06	2.59856e+06	3.33536e+06	3.79355e+06	3.1854e+06	3.35602e+06	1.56073e+06	3.85881e+06	
2.73608e+06	2.01203e+06	2.57893e+06	2.67101e+06	3.00217e+06	2.77305e+06	2.17288e+06	1.05143e+06	3.15163e+06	2.71454e+06	3.09024e+06	1.8414e+06	2.07458e+06	1.76222e+06	1.4664e+06	2.72812e+06	1.60217e+06	2.50985e+06	2.59856e+06	2.45419e+06	3.11766e+06	3.1854e+06	3.2768e+06	1.56073e+06	3.85881e+06	
2.73608e+06	2.01203e+06	1.63156e+06	2.67101e+06	3.00217e+06	2.36436e+06	2.17288e+06	1.05143e+06	1.22312e+06	2.71454e+06	3.09024e+06	1.8414e+06	2.07458e+06	1.76222e+06	1.4664e+06	2.72812e+06	1.60217e+06	2.50985e+06	2.59856e+06	2.10894e+06	2.65018e+06	2.71557e+06	3.26155e+06	1.56073e+06	3.37172e+06	
2.38265e+06	2.01203e+06	1.63156e+06	2.31878e+06	3.00217e+06	2.36436e+06	2.17288e+06	1.05143e+06	1.22312e+06	2.45025e+06	3.09024e+06	1.8414e+06	2.07458e+06	1.76222e+06	1.4664e+06	2.72812e+06	1.60217e+06	2.50985e+06	2.59856e+06	1.89857e+06	2.65018e+06	2.43567e+06	3.26155e+06	1.56073e+06	2.47857e+06	
2.38265e+06	2.01203e+06	1.63156e+06	1.59466e+06	3.00217e+06	2.36436e+06	1.51492e+06	1.05143e+06	1.22312e+06	1.72787e+06	2.96453e+06	1.8414e+06	2.07458e+06	1.76222e+06	1.4664e+06	2.07824e+06	1.60217e+06	2.38759e+06	1.40238e+06	1.84902e+06	2.284e+06	2.10873e+06	2.61249e+06	1.56073e+06	2.47857e+06	
2.14144e+06	2.01203e+06	1.63156e+06	1.59466e+06	1.94913e+06	2.36436e+06	1.51492e+06	1.05143e+06	1.22312e+06	1.72787e+06	1.63093e+06	1.8414e+06	1.9568e+06	1.76222e+06	1.4664e+06	2.07824e+06	1.60217e+06	2.2344e+06	1.40238e+06	1.84902e+06	2.284e+06	2.10873e+06	1.91254e+06	1.56073e+06	2.47857e+06	
1.83795e+06	1.53031e+06	1.63156e+06	1.59466e+06	1.94913e+06	2.36436e+06	1.51492e+06	1.05143e+06	1.12011e+06	1.72787e+06	1.63093e+06	1.8414e+06	1.9568e+06	1.76222e+06	1.45954e+06	1.33835e+06	871235	2.2344e+06	1.40238e+06	1.83313e+06	2.284e+06	2.10873e+06	1.91254e+06	1.29904e+06	2.47857e+06	
1.83795e+06	1.53031e+06	1.63156e+06	1.51842e+06	1.55659e+06	2.16199e+06	1.51492e+06	1.05143e+06	1.12011e+06	1.72787e+06	1.63093e+06	1.52132e+06	1.32825e+06	1.76222e+06	1.45954e+06	1.33835e+06	871235	2.20566e+06	1.40238e+06	1.77025e+06	1.57325e+06	2.10873e+06	1.91254e+06	1.02259e+06	2.47857e+06	
1.83795e+06	1.50949e+06	1.38653e+06	1.51842e+06	1.55659e+06	2.16199e+06	1.51492e+06	681611	1.12011e+06	1.21381e+06	1.63093e+06	1.52132e+06	1.32825e+06	1.76222e+06	1.45954e+06	1.33835e+06	871235	1.83892e+06	1.40238e+06	1.18638e+06	1.57325e+06	1.35041e+06	1.91254e+06	1.02259e+06	1.44192e+06	
1.53121e+06	840754	1.38653e+06	1.51842e+06	1.27687e+06	1.71155e+06	925056	681611	1.12011e+06	1.12919e+06	1.51699e+06	1.52132e+06	1.32825e+06	1.76222e+06	1.45954e+06	1.33835e+06	871235	1.5358e+06	1.40238e+06	1.18638e+06	1.57325e+06	945341	1.89501e+06	1.02259e+06	1.44192e+06	
1.22893e+06	840754	1.12655e+06	1.0117e+06	1.27687e+06	1.71155e+06	925056	681611	843879	1.12919e+06	1.51699e+06	1.37692e+06	1.32825e+06	1.76222e+06	1.12405e+06	1.33835e+06	871235	992069	863285	1.18638e+06	852590	945341	1.68626e+06	1.02259e+06	1.44192e+06	
801604	708303	825321	1.0117e+06	1.27687e+06	1.71155e+06	706004	681611	843879	1.12919e+06	1.17077e+06	1.29485e+06	1.32825e+06	1.63179e+06	1.12405e+06	1.33835e+06	785278	992069	863285	969019	852590	945341	1.68626e+06	1.02259e+06	1.44192e+06	
801604	708303	825321	1.0117e+06	1.27687e+06	1.07082e+06	706004	681611	843879	987507	1.17077e+06	1.29485e+06	852497	1.63179e+06	1.12405e+06	993399	785278	992069	863285	844522	852590	945341	1.20109e+06	581121	1.10369e+06	
801604	708303	825321	1.0117e+06	1.27687e+06	743883	706004	681611	843879	713619	1.17077e+06	1.00818e+06	852497	1.4555e+06	788343	993399	785278	992069	863285	697429	852590	945341	1.20109e+06	516862	1.10369e+06	
575628	708303	825321	1.0117e+06	844957	743883	706004	681611	678300	713619	1.17077e+06	893453	852497	850752	788343	993399	557301	924766	863285	697429	852590	945341	1.20109e+06	516862	883115	
414754	708303	727912	1.0117e+06	844957	743883	706004	508659	678300	713619	1.17077e+06	893453	852497	850752	696869	993399	557301	924766	754830	697429	852590	800775	548119	516862	883115	
414754	665735	697781	1.0117e+06	796821	743883	706004	508659	678300	704251	1.17077e+06	893453	543535	659209	696869	940779	557301	913408	754830	697429	843832	800775	423939	481684	823042	
414754	515889	633623	901191	796821	743883	432387	508659	678300	495270	820104	852660	543535	659209	696869	782364	557301	913408	754830	697429	597726	800775	423939	481684	823042	
347576	515889	591982	901191	796821	743883	253754	508659	635955	495270	820104	683498	534362	397792	696869	363589	395262	446133	600054	569545	597726	456069	423939	481684	669752	
347576	456773	507548	517642	626147	743883	253754	508659	635955	495270	505063	683498	468910	397792	630138	363589	395262	446133	600054	527961	597726	456069	423939	481684	669752	
347576	456773	507548	517642	626147	712973	253754	333419	635955	495270	505063	683498	468910	397792	601867	363589	395262	446133	584209	527961	242871	456069	423939	386397	669752	
347576	305388	507548	517642	626147	515333	253754	333419	338938	429320	505063	497126	468910	397792	546166	363589	395262	446133	524920	514123	242871	456069	423939	321990	669752	
347576	305388	466355	517642	444255	515333	253754	333419	338938	429320	505063	497126	400001	365794	414403	363589	395262	446133	524920	479690	242871	456069	423939	321990	297571	
347576	305388	402752	517642	444255	468470	253754	333419	338938	429320	505063	497126	400001	365794	414403	363589	395262	446133	524920	387262	242871	343458	423939	321990	297571	
347576	167434	378150	517642	444255	338536	213275	244521	338938	429320	505063	497126	312169	365794	414403	363589	395262	446133	524920	387262	242871	343458	360372	321990	297571	
347576	167434	195692	388384	444255	338536	149580	244521	311860	429320	505063	306278	312169	365794	282751	363589	340497	315700	214532	286274	242871	343458	360372	314952	297571	
347576	167434	195692	336914	444255	338536	149580	244521	311860	278139	399612	306278	307855	365794	282751	241121	340497	315700	214532	286274	242871	297714	360372	314952	297571	
327316	167434	195692	336914	444255	338536	149580	186601	284504	261369	399612	306278	271537	365794	282751	241121	340497	315700	214532	286274	242871	236082	360372	278928	297571	
327316	140142	195692	336914	412612	338536	149580	186601	284504	261369	363270	306278	271537	365794	208134	211067	340497	315700	214532	286274	219646	236082	360372	251823	297571	
327316	140142	195692	336914	365657	295225	149580	186601	284504	261369	237805	306278	271537	180318	208134	211067	198984	315700	214532	286274	219646	149786	347847	251823	297571	
284223	140142	195692	336914	316294	295225	149580	173866	254877	247049	237805	306278	265242	180318	208134	211067	137491	315700	214532	258812	219646	149786	200568	64766.5	297571	
198787	140142	195692	283569	316294	216139	149580	97823.8	254877	199578	237805	232349	135381	180318	142856	211067	137491	249318	214532	249955	219646	149786	200568	64766.5	297571	
177394	140142	102261	256318	316294	216139	149580	97823.8	196501	199578	237805	232349	135381	180318	142856	173155	137491	239633	214532	203032	219646	149786	200568	64766.5	297571	
177394	140142	102261	253210	133397	216139	149580	97823.8	178221	199578	234959	232349	135381	180318	142856	173155	137491	236980	214532	192628	219646	149786	200568	64766.5	287769	
177394	130336	102261	253210	133397	216139	119679	97823.8	132189	199578	204445	157557	84156.2	180318	142856	173155	137491	158031	214532	176377	219646	149786	194328	64766.5	241786	
177394	113189	102261	201987	133397	74290.4	119679	97823.8	132189	117394	176956	157557	84156.2	180318	123155	149207	137491	158031	200589	141658	219646	149786	187273	64766.5	241786	
139450	113189	102261	146005	133397	74290.4	119679	97823.8	132189	117394	176956	157557	84156.2	180318	123155	149207	137491	158031	169596	109755	219646	149786	187273	64766.5	241786	
139450	100793	102261	146005	133397	74290.4	109887	97823.8	132189	117394	176956	157557	84156.2	180318	111531	130061	105555	158031	169596	109755	219646	128272	187273	64766.5	189245	
139450	85456	102261	146005	133397	74290.4	109887	97823.8	132189	117394	124069	147713	84156.2	149052	88020.4	130061	64826.6	158031	169596	109755	219646	128272	141002	64766.5	189245	
139450	85456	99912.5	146005	133397	74290.4	109887	97823.8	132189	117394	124069	147713	84156.2	149052	88020.4	130061	64826.6	158031	138595	109755	219646	128272	141002	64766.5	146449	
120149	85456	99912.5	146005	127976	74290.4	104498	86246.3	132189	117394	124069	140494	84156.2	99449.2	88020.4	121432	64826.6	158031	138595	74538.8	166200	90657.4	136273	64766.5	146449	
68151.4	85456	99912.5	146005	127976	74290.4	53965.6	86246.3	132189	100344	124069	140494	84156.2	99449.2	88020.4	121432	64826.6	118355	138595	74538.8	155965	90657.4	96222.9	64766.5	146449	
68151.4	85456	98111.5	102013	127976	74290.4	53965.6	84721.9	116501	100344	124069	134201	84156.2	99449.2	88020.4	121432	64826.6	118355	122441	74538.8	114039	90657.4	96222.9	64766.5	94391.6	
68151.4	74404.9	79001.3	102013	127976	74290.4	53965.6	84721.9	116331	91720.4	115969	101113	83365.8	99449.2	88020.4	89685.9	64826.6	118355	110148	74538.8	114039	85025.6	96222.9	48049.3	94391.6	
68151.4	46392.8	76959.5	100134	122999	74290.4	53965.6	80273.9	116331	91720.4	115969	101113	58181.9	99449.2	88020.4	89685.9	64826.6	118355	110148	74538.8	88815.4	85025.6	96222.9	48049.3	94391.6	
68151.4	46392.8	76959.5	100134	122999	74290.4	53965.6	80273.9	100327	75715.5	103611	69468.4	58181.9	99449.2	88020.4	89685.9	64826.6	109428	110148	63098.7	88815.4	85025.6	96222.9	42253	94391.6	
68151.4	46392.8	76959.5	87040.7	80410	74290.4	53965.6	80273.9	100327	74695.3	103611	69468.4	58181.9	95283.8	88020.4	53431.7	64826.6	46392	108843	58727.4	88815.4	85025.6	76097.8	42253	94391.6	
68151.4	46392.8	76959.5	79140.4	80410	52870.1	53965.6	48275.6	92039.6	42642	103611	57613.1	58181.9	74215.7	74555	53431.7	64826.6	46392	74941.8	58727.4	88815.4	73331.8	71143.7	42253	94391.6	
68151.4	41604.3	76959.5	79140.4	80410	52870.1	53965.6	48275.6	74987	42642	49122.1	57613.1	57210.6	74215.7	66065.6	53431.7	64826.6	46392	74941.8	58727.4	70402.4	73331.8	71143.7	42253	93038.6	
68151.4	41604.3	60038.8	79140.4	80410	52870.1	53965.6	48275.6	74987	42642	49122.1	57613.1	51852.1	70396.5	53039	53431.7	52316.4	46392	74941.8	57425.3	70402.4	73331.8	68428.8	42253	93038.6	
53834.3	41604.3	60038.8	66699.9	80410	52870.1	52164.7	48275.6	74987	42642	49122.1	57613.1	33578.5	51059.7	53039	53431.7	42607	46392	58905.2	54127	70402.4	73331.8	68428.8	42253	90608.7	
51733.3	41604.3	60038.8	47625.6	44447	52870.1	52164.7	41625.9	61295.3	42642	49122.1	57613.1	33578.5	51059.7	53039	42840.7	42607	46392	44186.1	54127	70402.4	61720.7	68428.8	29946.1	90608.7	
43964.9	41604.3	49706.8	47625.6	44447	52870.1	52164.7	41625.9	61295.3	39786.2	49122.1	57613.1	33578.5	51059.7	53039	42840.7	42607	46392	44186.1	54127	70402.4	61720.7	68428.8	29946.1	74327.8	
43964.9	39534.1	42569	47625.6	44447	47081.1	52164.7	41625.9	61295.3	39786.2	48717.9	44126.5	33578.5	51059.7	53039	41286.3	42607	46392	44186.1	53764.6	64866.2	40878	53158.3	29946.1	74327.8	
43964.9	33579.8	42569	47625.6	44447	41792.3	52164.7	41625.9	49690.5	39786.2	48717.9	35780.1	32558.5	51059.7	31503.9	41286.3	42607	45471.1	44186.1	39170	64866.2	40878	53158.3	29946.1	55363.5	
42454.9	31341.8	42569	47625.6	41661	40255.4	42458.1	34949.6	49690.5	39786.2	35613.6	35780.1	32558.5	44209.6	31503.9	41286.3	42607	45471.1	44186.1	33145.4	64866.2	40878	50438.1	29542.7	55363.5	
22142.2	25727.2	38992.1	47625.6	41661	40255.4	42458.1	34949.6	36314.7	38054.7	34366.9	35780.1	32558.5	44209.6	31503.9	34555.9	36012	45471.1	44186.1	33145.4	57036.2	40878	38706.3	29542.7	55363.5	
22142.2	25727.2	38992.1	47625.6	41661	39596.8	42458.1	34949.6	36314.7	27734.8	34366.9	35780.1	21627.6	42234	31503.9	34555.9	36012	45471.1	44186.1	33145.4	57036.2	40878	38706.3	29542.7	55363.5	
22142.2	25727.2	30639.7	38089	41661	39596.8	41400.9	34949.6	36314.7	27734.8	34366.9	34503.9	21627.6	42234	31503.9	31802.1	28407.9	39249.4	44186.1	30855.1	52438.5	40878	38706.3	29542.7	52350.2	
22142.2	25667.7	30639.7	38089	28160.6	39596.8	21930.6	34949.6	28141.7	27734.8	33199.2	34503.9	21627.6	26538.2	26793.7	31802.1	28407.9	39249.4	31424.1	26409.8	44985.7	40878	38706.3	28617.2	45836.5	
22142.2	25667.7	28745.1	38089	28160.6	39596.8	21930.6	29541.3	28141.7	22172.3	29669.8	30402.8	21627.6	26538.2	26793.7	28237.4	28407.9	39249.4	31424.1	26264.2	44985.7	40878	38706.3	28617.2	38800.2	
22142.2	25667.7	28745.1	38089	28160.6	33734.5	20157.3	22682.8	28141.7	22172.3	29669.8	30402.8	21627.6	26538.2	26793.7	27230.8	28407.9	30721.1	31424.1	20663.7	22320.1	33258.5	38706.3	27677.4	38800.2	
22142.2	21289.9	23293	24844.6	28160.6	33734.5	17775.8	22682.8	28141.7	20337.1	29669.8	25723	21627.6	26538.2	26793.7	27230.8	23254.8	30721.1	30773.2	20663.7	22320.1	33258.5	34683.4	24228	22345.5	
22142.2	20847.3	23293	24844.6	25880.6	33734.5	17775.8	22682.8	28141.7	20337.1	29669.8	25691.5	21627.6	26538.2	26793.7	27230.8	23254.8	30721.1	30773.2	20663.7	22320.1	33258.5	29642.7	21353.2	22345.5	
22142.2	20847.3	21769	24844.6	25880.6	21278.2	17775.8	22682.8	28141.7	20337.1	24828.5	21909.7	21627.6	25464.6	26793.7	27230.8	19563.7	21856	20957	20663.7	22320.1	30271.3	28926.8	16631.6	22345.5	
22142.2	20847.3	21769	24844.6	25880.6	21278.2	17775.8	22682.8	28141.7	20337.1	24828.5	21363.7	21627.6	25098.4	24143.8	27230.8	19563.7	21856	20957	20663.7	22320.1	30271.3	27588	16631.6	22345.5	
22142.2	20847.3	21769	24844.6	25880.6	21278.2	17775.8	22375	27145.1	20337.1	20898.4	21363.7	19508	24531	22826.9	27230.8	19563.7	21856	20957	20663.7	22320.1	29368.7	27588	16631.6	22345.5	
22142.2	20847.3	19723.7	24844.6	25880.6	21278.2	17775.8	22375	27145.1	20337.1	20898.4	21363.7	18841.5	19787.5	19701.7	26040.1	19563.7	21856	20957	20663.7	22320.1	26717.8	26674.9	16631.6	22166.3	
22142.2	14251.4	19723.7	24844.6	25880.6	20284.3	17775.8	22375	27145.1	20337.1	20898.4	15344	14157.9	19787.5	18438	20007.8	19563.7	21856	20957	20663.7	22320.1	17707	26674.9	16631.6	22166.3	
16622.4	13338.5	16237.2	24844.6	21944.5	20284.3	17775.8	16395.2	24738.7	20337.1	20898.4	15344	14157.9	19787.5	18438	20007.8	19563.7	21856	20957	19742.1	21279.3	17707	26674.9	16631.6	22166.3	
16622.4	13338.5	15982.7	24844.6	21944.5	20284.3	17775.8	13035.2	23354.3	19591.4	20898.4	15344	14157.9	19687.5	16339.4	20007.8	19563.7	19651	20957	19672.4	21279.3	17707	23889	13294.9	22166.3	
16556	13338.5	15982.7	24844.6	21944.5	20284.3	16825.1	13035.2	23354.3	19419.9	12414.5	15344	14157.9	19687.5	16003.7	20007.8	19563.7	19651	20957	15988.8	21279.3	17707	23660.4	13294.9	22166.3	
11840.5	13338.5	13850.3	24686.4	21944.5	20284.3	16825.1	13035.2	19786.3	19221.6	12414.5	15344	14157.9	13058.7	14411	15100.3	18806.4	16634.7	20015.5	13349.2	19459.5	17707	17838.2	13294.9	22166.3	
11840.5	12424.2	13850.3	21579.3	17615.3	16803.4	13732	13035.2	18008	17868.9	12414.5	15344	14157.9	13058.7	14411	15100.3	15972.7	16634.7	16927.3	13349.2	19459.5	17707	14155.3	11928	22166.3	
11840.5	12424.2	12926	21579.3	17615.3	16803.4	13732	13035.2	18008	15310.4	12414.5	15344	12230.9	13058.7	14322	15100.3	14200.8	16634.7	15756.8	13176.2	19459.5	15279.3	14155.3	11042.2	21241	
11840.5	10482.7	12926	21579.3	17615.3	16803.4	13732	13035.2	18008	15211.8	12414.5	15344	12230.9	13058.7	14322	15100.3	14200.8	16634.7	15756.8	13176.2	18720	15279.3	14155.3	9244.75	17880.7	
11840.5	10482.7	12926	21579.3	17615.3	15386.8	13683.1	13035.2	18008	12818.3	12414.5	15344	12230.9	13058.7	12294.4	10100.3	14200.8	16604.2	14825.6	11864.9	18720	15279.3	14155.3	9244.75	17880.7	
9961.47	10482.7	12926	19124.9	17615.3	13229.6	12333	13035.2	12224.8	12818.3	12414.5	15344	12230.9	11180.9	12294.4	10100.3	14200.8	12986	14825.6	11864.9	18720	14979.4	14155.3	9244.75	15763	
9961.47	10482.7	10191	15317.2	17615.3	10464.8	12333	13035.2	12224.8	12818.3	12414.5	10864.9	11722.3	11180.9	12294.4	10100.3	14200.8	12986	14825.6	10835	17134.8	14979.4	14155.3	9244.75	15763	
9961.47	10482.7	10191	15317.2	17519.4	10464.8	12333	13035.2	12224.8	12818.3	12414.5	10864.9	11315.2	11180.9	12294.4	10100.3	12116.5	12986	14825.6	10835	13558.8	14057.4	14155.3	9244.75	14155.8	
9961.47	10482.7	10191	13516.9	16347.1	10464.8	11217.6	11550.5	12224.8	12734.9	12414.5	10864.9	11315.2	11064.2	11351.3	10100.3	12116.5	12471.6	11665.6	10835	13558.8	14057.4	13459.6	9244.75	14155.8	
9961.47	10482.7	10191	13516.9	15528.5	10464.8	11217.6	11550.5	12224.8	11420.1	10486.3	10864.9	11315.2	10093.9	11351.3	10100.3	11982.9	12471.6	11665.6	10835	13558.8	13487.5	13459.6	9153.66	14155.8	
9961.47	10051.6	10191	13516.9	11702.6	10464.8	10350.5	11550.5	9832.77	11420.1	10486.3	10864.9	9733.99	10093.9	11351.3	10100.3	11982.9	10721.2	11665.6	10835	11562.3	12891.1	11647.7	9153.66	14155.8	
9961.47	9266.75	10191	13516.9	11702.6	10464.8	10350.5	10501.1	9832.77	10660.1	10486.3	10864.9	9733.99	10093.9	10711.9	10100.3	11773.5	10721.2	11665.6	9578.25	11562.3	12250.7	11024.7	8471.43	13244.6	
9961.47	8024.5	10191	13516.9	11702.6	10464.8	9872.89	10501.1	9832.77	10660.1	10486.3	10864.9	9733.99	8426.39	8712.77	10100.3	10573.8	10721.2	11535.3	9578.25	11073.6	12250.7	11024.7	8471.43	13244.6	
8861.52	8024.5	8907.74	12151.4	11702.6	10464.8	9179.63	10501.1	8023.21	10660.1	10486.3	10645.2	9733.99	8426.39	8712.77	10100.3	10573.8	9578.97	11535.3	9578.25	11073.6	12250.7	11024.7	7936.13	13244.6	
8861.52	8024.5	8907.74	11535.5	9533.37	10464.8	9179.63	10501.1	8023.21	10503.8	8244.99	10645.2	9733.99	8426.39	8712.77	9386.69	10573.8	9578.97	11473.9	9578.25	11073.6	8176.49	10945.1	7936.13	12651.8	
8861.52	8024.5	8907.74	10210.2	9533.37	10464.8	8714.77	10321.5	8023.21	8872.78	8244.99	10240.5	9274.81	7838.56	8712.77	8636.55	10330.3	8850.7	11031.9	6934.94	10472.5	8176.49	10555.1	7936.13	11282.7	
8861.52	8024.5	8907.74	10210.2	9533.37	10464.8	8714.77	9299.28	8023.21	8872.78	8244.99	8266.12	9274.68	7838.56	8712.77	8636.55	10052.8	8850.7	11031.9	6934.94	10413.4	8176.49	10555.1	7580.43	10329.6	
8861.52	8024.5	8907.74	10210.2	9145.19	8086.91	7991.91	9299.28	8023.21	8872.78	8244.99	8266.12	8414.37	7838.56	8712.77	8636.55	10008.3	8850.7	10464.8	6934.94	10413.4	8176.49	9715.42	7026.72	10269.4	
8861.52	8024.5	8907.74	10210.2	9145.19	8086.91	7758.87	9299.28	8023.21	7292.78	7796.57	8266.12	8111.32	7838.56	7974.68	7929.88	8343.72	8850.7	7930.38	6934.94	8010.55	8176.49	9625.99	7026.72	9534.64	
8506.54	7747.39	7933.22	10210.2	9145.19	8086.91	7181.12	8647.01	8023.21	7292.78	7796.57	7732.74	7849.57	7431.16	7764	7929.88	7885.12	8850.7	7930.38	6934.94	8010.55	8176.49	9625.99	7026.72	9534.64	
7849.54	7716.67	7933.22	9298.09	7518.17	7444.14	7181.12	8647.01	8023.21	7292.78	7796.57	7157.29	7825.98	7431.16	7764	7929.88	7885.12	8676.93	7930.38	6934.94	8010.55	8176.49	8913.56	6546.21	9534.64	
7849.54	6923.07	7933.22	8997.53	7518.17	7444.14	6845.31	7966.42	8023.21	7292.78	7698.45	7157.29	7825.98	7431.16	7493.53	7515.21	7867.11	8174.36	7930.38	6934.94	8010.55	7404.77	8103.59	6358.11	8245.4	
7251.84	6923.07	7933.22	8920.95	7518.17	7444.14	6845.31	7612.67	8023.21	7292.78	7698.45	7157.29	7116.3	7064.28	5516.56	6690.54	7124.49	7591.71	6937.14	6934.94	7918.54	7404.77	8103.59	6358.11	8245.4	
6928.99	6923.07	6835.91	8343.65	7518.17	7444.14	6731.04	7612.67	8023.21	7292.78	7698.45	6786.37	7116.3	7064.28	5516.56	6690.54	7124.49	7591.71	6937.14	6934.94	7169.61	7404.77	7604.14	6358.11	8245.4	
6928.99	5645.81	6835.91	8059.74	7518.17	7444.14	6731.04	6867.65	8023.21	5795.52	7698.45	6786.37	7116.3	6672.29	5516.56	6690.54	7124.49	6867.9	6490.46	6934.94	7169.61	7404.77	7604.14	5847.87	7648.42	
6352.02	5645.81	6835.91	8059.74	7518.17	7444.14	6731.04	6335.8	7609.36	5795.52	6807.55	6786.37	6854.9	6672.29	5516.56	6622.32	7124.49	6867.9	6490.46	6925.5	7169.61	7404.77	7586.3	5847.87	7648.42	
5987.67	5583.53	6835.91	7704.24	7406.49	6828.22	6731.04	6335.8	7609.36	5795.52	6746.5	6786.37	6608.6	6672.29	5516.56	6622.32	6489.83	6285.91	6490.46	6870.82	7169.61	7404.77	7537.06	5451.09	7648.42	
5987.67	5583.53	5689.75	7704.24	7406.49	6828.22	6682.24	6335.8	7609.36	5795.52	6746.5	6786.37	6608.6	6218.38	5516.56	6247.41	6489.83	6285.91	6490.46	6633.74	7169.61	6494.09	6758.74	5451.09	7648.42	
5987.67	5583.53	5689.75	7041.62	7331.86	6638.85	6121.42	6335.8	7609.36	5795.52	6746.5	6620.9	5683.08	6218.38	5516.56	6247.41	6489.83	6111.74	6292.2	5939.49	6239.31	6494.09	5737.85	5451.09	7152.66	
5358.88	5583.53	5689.75	6405.7	6251.56	6638.85	6121.42	6335.8	7609.36	5795.52	6046.24	6620.9	5683.08	6218.38	5516.56	6247.41	6152.58	6111.74	6292.2	5939.49	6239.31	6494.09	5737.85	5032.45	6295.65	
5358.88	5583.53	5689.75	6405.7	6251.56	6638.85	6121.42	6335.8	7526.04	5795.52	6046.24	6353.86	5621.73	5121.26	5516.56	5864.86	6152.58	5717.59	6062.83	5939.49	6239.31	6494.09	5737.85	5032.45	6003.64	
5358.88	5583.53	5689.75	6405.7	6251.56	6638.85	5334.05	6335.8	6449.59	5670.55	6046.24	6183.48	5563.5	5121.26	5516.56	5864.86	6106.93	5717.59	5876.49	5727.65	5738.76	6081.5	5737.85	4639.45	6003.64	
5033.86	5583.53	5689.75	6405.7	5445.65	5248.88	5334.05	6019.02	6449.59	5670.55	6046.24	6183.48	5563.5	5121.26	5008.5	5548.52	5588.78	5551.08	5876.49	4705.51	5738.76	6081.5	5437.9	4639.45	6003.64	
5033.86	5503.72	5689.75	6405.7	5332.11	5248.88	4704.77	6019.02	6241.66	5572.36	5428.24	6183.48	5563.5	5121.26	5008.5	5084.79	5295.29	5551.08	5876.49	4705.51	5738.76	6081.5	5437.9	4639.45	6003.64	
5033.86	5265.85	5689.75	6405.7	5332.11	5248.88	4704.77	5520.2	6241.66	5572.36	5428.24	5743.7	5386.17	5121.26	4827.13	5084.79	5295.29	5551.08	5736.94	4705.51	5738.76	5386.4	5437.9	4639.45	5866.12	
5033.86	5265.85	5626.58	6094.21	5332.11	5248.88	4704.77	5385.44	5799.2	5572.36	5428.24	5187.11	5386.17	5119.53	4827.13	5084.79	5273.3	5453.33	5512.21	4705.51	5738.76	5142.64	5437.9	4639.45	5866.12	
5033.86	4505.86	5577.77	5885.61	5332.11	5248.88	4704.77	5385.44	5616.13	5267.2	5428.24	5187.11	5386.17	4522.88	4210.66	4824.1	5273.3	5453.33	5512.21	4705.51	5738.76	5142.64	5084.94	3966.71	5866.12	
4547.2	4505.86	5537.33	5738.46	5332.11	5248.88	4704.77	5385.44	5616.13	5267.2	5428.24	5187.11	4799.75	4522.88	4210.66	4824.1	5273.3	5191.12	4847.33	4705.51	5738.76	5142.64	5084.94	3966.71	5343.6	
4547.2	4505.86	5391.43	5245.46	4003.2	5140.91	4704.77	5085.29	5311.2	5267.2	5428.24	4983.1	4656.92	4522.88	4210.66	4824.1	5273.3	4792.22	4847.33	4584.69	5738.76	5142.64	4803.9	3966.71	5343.6	
4547.2	4462.56	5154.3	5245.46	4003.2	5140.91	4704.77	5085.29	5311.2	4935.03	4846.7	4983.1	4656.92	4522.88	4210.66	4824.1	5273.3	4792.22	4847.33	4584.69	5738.76	4769.43	4803.9	3966.71	5343.6	
4338.24	4289.02	4390.65	5245.46	4003.2	4868.65	4269.97	5085.29	5311.2	4935.03	4846.7	4983.1	4656.92	4429.21	4193	4824.1	5273.3	4626.93	4847.33	4584.69	5253.33	4769.43	4803.9	3966.71	5343.6	
4338.24	4289.02	4390.65	5245.46	4003.2	4868.65	4269.97	5085.29	5129.95	4935.03	4846.7	4598.13	4406.62	4429.21	4106.24	4527.35	4739.4	4626.93	4360.98	4584.69	5253.33	4769.43	4509.9	3966.71	5343.6	
3900.4	4289.02	4390.65	4834.98	4003.2	4868.65	4269.97	5085.29	5129.95	4615.93	4846.7	4598.13	4377.58	4429.21	4106.24	4527.35	4723.79	4626.93	4360.98	4584.69	5253.33	4769.43	4509.9	3873.29	5229.35	
3900.4	4254.49	4390.65	4834.98	4003.2	4591.67	4269.97	4611.3	5129.95	4369.57	4846.7	4192.98	4377.58	4353.56	4042.82	4473.16	4723.79	4626.93	4360.98	4350.84	5246.25	4514.45	4509.9	3873.29	4862.11	
3900.4	4122.94	4390.65	4834.98	4003.2	4591.67	4081.05	4611.3	5019.85	4369.57	4634.95	4192.98	4377.58	4353.56	3972.73	4339.61	4723.79	4345.14	4051.93	4350.84	5037.02	4514.45	4373.54	3873.29	4804.27	
3900.4	4122.94	4348.24	4834.98	4003.2	4591.67	3870.58	4512.37	4796.07	4369.57	4311.94	4145.79	4302.89	4102.26	3863.21	4339.61	4647.9	4331.82	4051.93	4230.26	4877.24	4164.43	4373.54	3612.38	4799.14	
3900.4	4064.22	4348.24	4834.98	4003.2	4591.67	3870.58	4512.37	4796.07	4369.57	4209.05	3986.15	4250.3	3888.07	3863.21	4223.87	4538.58	4173.95	4051.93	4230.26	4361.21	4164.43	4233.16	3612.38	4356.48	
3900.4	3686.3	4348.24	4445.21	4003.2	4270.78	3870.58	4494.03	4796.07	4309.71	4209.05	3986.15	4156.09	3888.07	3863.21	4137.28	4131.18	3997.48	4018.38	4230.26	4361.21	4164.43	4233.16	3612.38	4356.48	
3900.4	3686.3	4348.24	4445.21	4003.2	4205.78	3870.58	4167.4	4796.07	4122.75	4209.05	3986.15	4096.13	3888.07	3662.35	3790.94	4131.18	3997.48	4018.38	3989.73	4361.21	4164.43	4233.16	3612.38	4356.48	
3900.4	3686.3	4159.83	4445.21	4003.2	4205.78	3837.14	4167.4	4712.39	4122.75	4209.05	3909.36	4096.13	3888.07	3662.35	3481.85	4131.18	3997.48	4018.38	3968.19	4361.21	4164.43	4024.22	3612.38	4356.48	
3900.4	3686.3	3555.95	4284.28	3959.36	4205.78	3766.76	4040.48	4519.45	4073.55	4209.05	3909.22	4083.49	3888.07	3662.35	3481.85	4077.61	3997.48	3971.19	3968.19	4323.46	4153.24	3756.09	3384.51	4117.97	
3900.4	3686.3	3555.95	4284.28	3959.36	3942.03	3766.76	4027.06	4519.45	4008.64	4080.53	3846.51	3885.8	3840.86	3662.35	3481.85	4077.61	3975.7	3820	3911.4	3910.05	4153.24	3756.09	3384.51	4117.97	
3779.34	3395.43	3555.95	3657.13	3959.36	3942.03	3682.25	3610.22	4339.44	4008.64	4080.53	3741.73	3885.8	3840.86	3662.35	3481.85	4077.61	3975.7	3820	3911.4	3910.05	4001.87	3756.09	3384.51	4117.97	
3408.57	3395.43	3555.95	3657.13	3959.36	3942.03	3535.19	3610.22	4339.44	3915.37	4080.53	3603.86	3775.22	3840.86	3607.37	3481.85	4077.61	3624.52	3820	3734.84	3910.05	3966.49	3756.09	3384.51	3905.87	
3408.57	3395.43	3555.95	3657.13	3959.36	3479.9	3535.19	3610.22	4339.44	3829.77	4014.37	3603.86	3697.59	3692.85	3527.09	3481.85	4039.81	3624.52	3630.27	3517.25	3643.56	3966.49	3756.09	3384.51	3905.87	
3408.57	3395.43	3537.24	3657.13	3959.36	3479.9	3535.19	3610.22	4256.98	3829.77	4014.37	3603.86	3697.59	3692.85	3143.73	3481.85	4002.61	3582.29	3630.27	3517.25	3643.56	3597.43	3616.92	3384.51	3775.12	
3408.57	3395.43	3508.56	3440.65	3887.5	3479.9	3535.19	3610.22	4256.98	3829.77	3806.34	3603.86	3405.07	3362.92	3143.73	3481.85	3944.29	3552.37	3630.27	3517.25	3643.56	3558.92	3616.92	3376.78	3775.12	
3408.57	3395.43	3459.08	3440.65	3864.14	3479.9	3523.6	3610.22	4256.98	3526.05	3806.34	3603.86	3405.07	3362.92	3143.73	3481.85	3944.29	3552.37	3602.83	3517.25	3643.56	3558.92	3501.19	3323.56	3650.74	
3321.76	3395.43	3459.08	3440.65	3864.14	3479.9	3410.26	3610.22	4215.28	3513.72	3806.34	3432.24	3405.07	3362.92	3143.73	3372.82	3799.3	3446.45	3602.83	3517.25	3643.56	3558.92	3501.19	3323.56	3621.16	
3321.76	3323.53	3459.08	3440.65	3780.32	3479.9	3410.26	3587.1	4039.73	3513.72	3722.4	3432.24	3405.07	3362.92	3143.73	3372.82	3768.95	3446.45	3602.83	3517.25	3643.56	3455.91	3501.19	3250	3621.16	
3295.43	3323.53	3459.08	3440.65	3606.44	3479.9	3275.67	3566.69	4015.61	3513.72	3596.85	3432.24	3377.32	3362.92	3143.73	3265.51	3745.24	3361.79	3511.98	3517.25	3643.56	3455.91	3486.4	3250	3621.16	
3295.43	3323.53	3227.03	3337.64	3586.07	3358.57	3275.67	3566.69	3922.41	3513.72	3556.48	3426.51	3259.5	3328.49	3143.73	3201.47	3718.29	3271.94	3433.09	3477.73	3643.56	3433.19	3421.46	3101.31	3621.16	
3248.68	3230.55	3227.03	3337.64	3586.07	3358.57	3158.2	3434.12	3922.41	3414.21	3556.48	3369.56	2891.65	3328.49	3143.73	3201.47	3718.29	3186.51	3433.09	3477.73	3363.49	3433.19	3277.81	3101.31	3621.16	
3248.68	3177.73	3163.65	3337.64	3540.63	3298.72	3158.2	3396.54	3922.41	3414.21	3497.39	3312.61	2891.65	3328.49	3143.73	3193.3	3645.95	3186.51	3235.87	3477.73	3363.49	3433.19	3277.81	2948.55	3621.16	
3132.07	3177.73	3163.65	3284.26	3540.63	3298.72	3158.2	3332.56	3922.41	3414.21	3331.25	3312.61	2891.65	3328.49	3097.57	3193.3	3645.95	3186.51	3235.87	3372.21	3363.49	3200.81	3277.81	2948.55	3498.27	
3095.67	3177.73	3058.88	3284.26	3387.69	3298.72	3158.2	3254.79	3830.68	3410.11	3309.85	3312.61	2891.65	3326.08	3097.57	3155.7	3474.88	3057.89	3235.87	3372.21	3198.83	3200.81	3082.5	2948.55	3498.27	
3089.15	3094.37	3058.88	3246.14	3362.94	3298.72	3158.2	3254.79	3779.64	3238.43	3280.97	3312.61	2891.65	3275.45	3097.57	3148.67	3474.88	3057.89	3210.36	3280.12	3198.83	3200.81	3082.5	2948.55	3408	
3089.15	3094.37	3058.88	3246.14	3362.94	3298.72	3158.2	3204.35	3720.73	3238.43	3280.97	3209.68	2891.65	3251.85	3097.57	3123.84	3474.88	3057.89	3210.36	3277.05	3182.62	3200.81	3082.5	2948.55	3261.17	
3049.45	3094.37	3058.88	3207.39	3362.94	3189.2	3158.2	3180.93	3598.57	3238.43	3267.3	3209.68	2891.65	3148.59	2958.94	3074.92	3474.88	3057.89	3046.62	3204.8	3182.62	3200.81	3082.5	2831.31	3209.84	
3049.45	2954.96	2936.09	3207.39	3186.03	3189.2	2983.44	3180.93	3598.57	3238.43	3129.63	3111.15	2891.65	3115.65	2958.94	2988.83	3402.3	2942.21	3046.62	3049.79	3182.62	3200.81	3082.5	2831.31	3209.84	
2926.61	2954.96	2936.09	3207.39	3186.03	3189.2	2972.38	3158.61	3565.09	3177.93	3129.63	3054.8	2891.65	3115.65	2958.94	2988.83	3402.3	2942.21	3046.62	3049.79	2421.66	3166.27	3082.5	2831.31	3137.91	
2926.61	2954.96	2878.9	3207.39	3186.03	3189.2	2972.38	3158.61	3477.87	3142.4	3129.63	3032.68	2891.65	3006.43	2955.13	2988.83	3268.38	2942.21	3046.62	3041.4	2421.66	3166.27	3082.5	2831.31	3137.91	
2926.61	2905.62	2878.9	3108.32	3147.71	3161.84	2972.38	3082.84	3412.41	2989.4	3020.5	3032.68	2891.65	2953.94	2893.86	2965.13	3268.38	2942.21	3046.62	3041.4	2421.66	3131.26	3082.5	2831.31	3068.23	
2926.61	2874.21	2859.67	3108.27	3147.71	3161.84	2972.38	2860.05	3412.41	2989.4	3020.5	3032.68	2883	2953.94	2893.86	2965.13	3076.89	2942.21	3046.62	3031.29	2421.66	3131.26	2945.17	2831.31	3015.05	
2808.98	2874.21	2859.67	3047.05	3147.71	3051.28	2916.13	2860.05	3387.74	2989.4	3020.5	2881.91	2883	2953.94	2893.86	2965.13	3076.89	2942.21	3046.62	2965.75	2421.66	3021.36	2945.17	2827.39	3015.05	
2808.98	2874.21	2859.67	3009.77	3147.71	3025.42	2838.16	2860.05	3368.05	2980.64	3020.5	2881.91	2883	2953.94	2893.86	2908.18	3076.89	2942.21	3046.62	2962.21	2421.66	3021.36	2945.17	2827.39	3015.05	
2808.98	2874.21	2859.67	2923.12	3147.71	3012.05	2838.16	2860.05	3213.17	2980.64	2953.55	2881.91	2872.22	2940.71	2852.76	2908.18	2977.75	2942.21	3000.78	2962.21	2421.66	3007.4	2945.17	2827.39	3015.05	
2808.98	2874.21	2818.67	2923.12	2912.38	2733.8	2838.16	2860.05	3213.17	2847.71	2953.55	2881.91	2872.22	2940.37	2815.51	2826.53	2977.75	2942.21	2922.51	2911.85	2421.66	3007.4	2945.17	2827.39	3015.05	
2808.98	2688.68	2818.67	2865.16	2912.38	2733.8	2810.02	2860.05	3050.14	2847.71	2953.55	2861.2	2795.34	2737.22	2799.53	2826.53	2877.86	2915.17	2922.51	2765.17	2421.66	3007.4	2945.17	2764.73	3015.05	
2808.98	2688.68	2818.67	2822.62	2912.38	2733.8	2763.43	2860.05	3046.95	2847.71	2953.55	2861.2	2795.34	2737.22	2799.53	2826.53	2877.86	2791.93	2922.51	2765.17	2421.66	2993.1	2945.17	2764.73	2969.73	
2789.53	2688.68	2785.32	2822.62	2912.38	2733.8	2711.76	2860.05	3046.95	2847.71	2862.23	2848.56	2736.12	2737.22	2789.68	2820.4	2877.86	2791.93	2922.51	2765.17	2421.66	2992.37	2940.44	2736.96	2969.73	
2747.64	2688.68	2785.32	2822.62	2912.38	2733.8	2711.76	2860.05	3046.95	2802.57	2862.23	2772.32	2736.12	2737.22	2763.8	2820.4	2877.86	2791.93	2824.68	2765.17	2421.66	2972.09	2915.95	2736.96	2917.24	
2747.64	2688.68	2759.23	2822.62	2912.38	2733.8	2711.76	2772.75	3046.95	2782.01	2845.44	2772.32	2735.32	2737.22	2763.8	2654.99	2877.86	2784.7	2824.68	2765.17	2421.66	2887.5	2834.49	2736.96	2917.24	
2747.64	2688.68	2759.23	2798.01	2912.38	2733.8	2711.76	2754.43	2942.96	2782.01	2845.44	2766.46	2703.65	2737.22	2699.6	2654.99	2757.49	2772.8	2690.7	2765.17	2421.66	2852.56	2834.49	2736.96	2897.85	
2723.14	2688.68	2739.36	2798.01	2912.38	2733.8	2711.76	2754.43	2942.96	2687.28	2845.44	2708.4	2687.09	2730.32	2699.6	2654.99	2757.49	2772.8	2690.7	2765.17	2421.66	2817.14	2834.49	2694.22	2845.06	
2705.41	2679.84	2676.28	2666.59	2912.38	2733.8	2671.65	2744.5	2942.96	2687.28	2845.44	2708.4	2624.23	2730.32	2694.37	2654.99	2757.49	2772.8	2690.7	2765.17	2421.66	2776.14	2834.49	2694.22	2845.06	
2678.85	2679.84	2676.28	2666.59	2887.37	2733.8	2652.76	2735.2	2942.96	2687.28	2835.78	2708.4	2621.34	2730.32	2684.97	2654.99	2757.49	2694.16	2683.11	2596.92	2421.66	2776.14	2834.49	2667.47	2835.4	
2653.45	2679.84	2601.94	2666.59	2836.13	2733.8	2652.76	2706.73	2934.96	2631.41	2835.78	2708.4	2621.34	2637.04	2627.88	2654.99	2757.49	2694.16	2683.11	2596.92	2421.66	2764.64	2834.42	2667.47	2750.45	
2622.23	2660.44	2601.94	2666.59	2775.04	2733.8	2615.98	2704.67	2892.95	2631.41	2823.51	2577.52	2560.52	2637.04	2615.89	2565.56	2741.75	2677.99	2673.73	2596.92	2421.66	2764.64	2795.73	2591.86	2750.45	
2601.88	2597.57	2601.94	2666.59	2733.39	2729.73	2615.98	2703.28	2830.82	2590.22	2818.26	2577.52	2503.87	2637.04	2606.22	2565.56	2720.88	2677.99	2673.16	2596.92	2421.66	2762.12	2758.3	2518.86	2750.45	
2601.88	2597.57	2590.73	2666.59	2733.39	2729.73	2607.84	2651.38	2830.82	2590.22	2735.79	2577.52	2503.87	2637.04	2589.29	2565.56	2658.52	2677.99	2610.65	2596.92	2421.66	2694.67	2732.18	2518.86	2750.45	
2590.23	2558.66	2590.73	2639.09	2716.62	2644.43	2607.84	2651.38	2816.99	2590.22	2735.79	2548.11	2503.87	2637.04	2589.29	2565.56	2658.52	2608.52	2610.65	2596.92	2421.66	2694.67	2732.18	2518.86	2737.73	
2590.23	2558.66	2566.02	2639.09	2716.62	2644.43	2589.28	2625.35	2784	2590.22	2735.79	2548.11	2503.87	2615.01	2589.29	2565.56	2658.52	2608.52	2574.73	2596.92	2421.66	2694.67	2721.39	2463.17	2732.72	
2559.62	2558.66	2566.02	2639.09	2716.62	2644.43	2569.51	2625.35	2719.41	2590.22	2689.34	2548.11	2503.87	2587.52	2577.85	2565.56	2641.17	2608.52	2574.73	2593.17	2421.66	2603.04	2694.64	2463.17	2711.73	
2540.04	2493.18	2566.02	2639.09	2716.62	2644.43	2543.41	2595.98	2712.41	2590.22	2689.34	2548.11	2503.87	2587.52	2574.73	2565.56	2602.71	2564.8	2574.73	2593.17	2421.66	2603.04	2674.13	2463.17	2681.14	
2540.04	2493.18	2562.27	2579.58	2714.64	2623.83	2540.07	2595.98	2672.35	2586.93	2689.34	2527.1	2458.95	2587.52	2521.9	2565.56	2602.71	2564.8	2574.73	2590.61	2421.66	2603.04	2655.45	2463.17	2671.47	
2524.69	2493.18	2532.43	2550.73	2714.64	2607.3	2530	2570.6	2672.35	2586.93	2689.34	2527.1	2458.95	2506.92	2521.9	2556.61	2602.71	2564.8	2571.92	2584.3	2421.66	2603.04	2653.18	2463.17	2596.17	
2503.8	2465.22	2516.16	2550.73	2681.34	2566.29	2530	2570.28	2573.8	2543.78	2642.12	2527.1	2458.95	2501.75	2521.9	2548.06	2602.71	2564.8	2556.77	2583.58	2421.66	2596.76	2628.84	2455.03	2596.17	
2503.8	2465.22	2487.47	2550.73	2635.74	2566.29	2489.39	2502.55	2573.8	2530.04	2642.12	2512.84	2456.47	2421.89	2521.9	2524.56	2557.91	2268.85	2556.77	2510.13	2421.66	2557.51	2593.34	2455.03	2596.17	
2490.89	2465.22	2487.47	2550.73	2625.68	2566.29	2489.39	2502.55	2553.57	2530.04	2579.67	2512.84	2409.01	2421.89	2521.9	2496.14	2543.15	2268.85	2544.93	2510.13	2421.66	2557.51	2593.34	2455.03	2596.17	
2490.89	2452.7	2475.53	2550.73	2621.37	2566.29	2489.39	2502.55	2553.57	2530.04	2579.67	2512.84	2409.01	2421.89	2470.85	2496.14	2522.75	2268.85	2544.93	2510.13	2421.66	2520.08	2550.92	2455.03	2596.17	
2482.79	2421.85	2475.53	2550.73	2566.27	2566.29	2468.22	2502.55	2553.57	2487.94	2579.67	2492.05	2406.76	2421.89	2413.96	2460.43	2522.75	2268.85	2510.48	2510.13	2421.66	2520.08	2506.1	2455.03	2596.17	
2459.48	2405.5	2475.53	2528.9	2566.27	2557.36	2468.22	2502.55	2553.57	2487.94	2513.88	2492.05	2406.76	2421.89	2413.96	2460.43	2522.75	2268.85	2478.86	2494.98	2421.66	2482.79	2506.1	2450.81	2556.4	
2453.87	2405.5	2470.42	2471.68	2556.62	2523.19	2378.86	2502.55	2553.57	2456.33	2513.88	2490.83	2406.76	2421.89	2413.96	2456.62	2522.75	2268.85	2478.86	2468.26	2421.66	2482.79	2506.1	2414.24	2511.59	
2403.91	2262.58	2450.37	2471.68	2556.62	2523.19	2378.86	2456.2	2553.57	2456.33	2513.88	2490.72	2397.22	2421.89	2413.96	2447.29	2486.87	2268.85	2429.58	2468.26	2421.66	2482.79	2464.73	2414.24	2511.59	
2403.91	2262.58	2448.13	2471.68	2484.32	2498.34	2378.86	2456.2	2502.43	2456.33	2513.88	2462.73	2370.18	2421.89	2402.96	2417.24	2486.87	2268.85	2429.58	2462.1	2395.87	2482.79	2454.39	2414.24	2506.45	
2381.74	2262.58	2443.31	2441.06	2484.32	2470.69	2378.86	2452.32	2498.82	2456.33	2503.93	2426.33	2370.18	2421.89	2402.96	2408.16	2486.87	2268.85	2429.58	2438.6	2395.87	2482.79	2454.39	2388.94	2498.15	
2381.74	2262.58	2416.51	2441.06	2467.13	2470.69	2378.86	2452.32	2473.56	2456.33	2503.93	2426.33	2337.2	2421.89	2402.96	2408.16	2410.76	2268.85	2429.58	2434.59	2395.87	2482.79	2454.39	2354.84	2498.15	
2381.74	2262.58	2400.49	2441.06	2467.13	2454.37	2378.86	2435.2	2473.56	2456.33	2502.07	2426.33	2315.44	2417.51	2385.54	2406.76	2410.76	2268.85	2417.72	2412.94	2395.87	2482.79	2454.39	2354.84	2473.74	
2356.81	2262.58	2394.2	2429.79	2467.13	2454.37	2378.86	2435.2	2471.44	2455.16	2499.43	2424.62	2315.44	2417.51	2385.54	2406.76	2410.76	2268.85	2417.72	2398.54	2388.21	2385.86	2442.9	2354.84	2466.53	
2350.04	2262.58	2394.2	2429.79	2466.91	2431.57	2378.86	2429.01	2431.43	2449.16	2499.43	2424.62	2315.44	2412.86	2371.1	2346.78	2410.76	2268.85	2362.08	2346.75	2388.21	2385.86	2442.9	2354.84	2465.6	
2350.04	2262.58	2371.89	2429.79	2466.91	2431.57	2378.86	2429.01	2431.43	2408.95	2455.04	2410.49	2315.44	2412.86	2371.1	2344.31	2410.76	2268.85	2362.08	2346.75	2388.21	2385.86	2439.94	2354.84	2431.42	
2350.04	2262.58	2371.89	2399.43	2466.91	2431.57	2374.77	2427.86	2431.43	2408.95	2455.04	2385.73	2315.44	2373.17	2371.1	2344.31	2372.22	2268.85	2362.08	2346.75	2388.21	2385.86	2439.94	2349.48	2431.42	
2350.04	2262.58	2360.13	2399.43	2445.78	2413.33	2363.36	2395.82	2416.46	2408.95	2440.2	2385.73	2315.44	2336.96	2360.62	2328.79	2365.78	2268.85	2362.08	2346.75	2368.68	2353.32	2414.33	2349.48	2431.42	
2346.15	2262.58	2350.89	2399.43	2423.66	2413.33	2338.37	2395.82	2416.46	2408.95	2432.36	2385.73	2315.44	2336.96	2348.54	2328.79	2365.78	2268.85	2360.66	2326.53	2361.69	2353.32	2407.28	2349.48	2431.42	
2340.29	2262.58	2331.09	2399.43	2405.94	2413.33	2318.65	2382.59	2416.46	2403.87	2405.25	2385.73	2294.68	2336.96	2339.68	2322.01	2344.45	2268.85	2346.09	2326.53	2327.79	2353.32	2393.32	2325.07	2431.42	
2340.29	2262.58	2331.09	2398.06	2405.94	2380.36	2296.55	2364.93	2416.46	2379.22	2397.71	2385.73	2294.68	2336.96	2339.68	2322.01	2344.45	2268.85	2340.8	2326.53	2322.01	2353.32	2393.32	2325.07	2431.42	
2340.29	2262.58	2331.09	2378.64	2391.14	2380.36	2296.55	2363.07	2368.92	2379.22	2397.71	2379.39	2294.68	2336.96	2316.18	2322.01	2344.45	2268.85	2340.8	2315.86	2322.01	2353.32	2384.2	2305.78	2405.67	
2338.16	2262.58	2331.09	2335.61	2391.14	2360.9	2296.55	2357.05	2368.92	2379.22	2397.71	2379.2	2276.75	2336.96	2316.18	2304.9	2341.2	2268.85	2340.8	2304.65	2322.01	2350.7	2384.2	2300.67	2397.85	
2298.51	2262.58	2331.09	2335.61	2391.14	2345.65	2280.99	2346.46	2368.92	2357.02	2362.25	2374.39	2276.75	2336.96	2316.18	2285.78	2341.2	2268.85	2331.34	2304.65	2319.76	2350.7	2347.6	2300.67	2383.77	
2271.68	2262.58	2311.38	2332.34	2387.61	2345.65	2280.99	2336.53	2368.92	2345.71	2362.25	2338.38	2263.44	2312	2316.18	2285.78	2304.87	2268.85	2331.34	2304.65	2297.18	2350.7	2347.6	2300.67	2383.77	
2271.68	2262.58	2311.38	2332.34	2387.61	2335.65	2255.04	2336.14	2359.32	2309.38	2362.25	2332.32	2263.44	2312	2316.18	2285.78	2304.87	2268.85	2284.17	2280.68	2297.18	2311.2	2325.94	2279.1	2383.77	
2271.68	2262.58	2287.75	2310.71	2387.34	2335.65	2255.04	2328.03	2359.32	2309.38	2356.47	2332.32	2260.21	2312	2313.16	2279.93	2287.11	2268.85	2284.17	2280.59	2297.18	2311.2	2325.94	2268.03	2370.68	
2271.68	2262.58	2287.75	2310.71	2376.36	2335.65	2248.7	2305.84	2339.46	2309.38	2323	2298.05	2249.32	2296.28	2313.16	2279.93	2285.6	2268.85	2284.17	2280.59	2253.75	2287.01	2325.94	2268.03	2362.22	
2271.68	1891.72	2269.92	2310.71	2363.87	2335.65	2248.7	2305.84	2339.46	2309.38	2323	2298.05	2249.32	2275.53	2313.14	2263.55	2285.6	2268.85	2284.17	2276.76	2253.75	2287.01	2325.94	2268.03	2348.55	
2271.68	1891.72	2269.92	2304.69	2363.87	2322.86	2248.7	2305.84	2339.46	2309.38	2323	2298.05	2249.32	2270.94	2308.23	2263.55	2272.14	2268.85	2284.17	2266.67	2245.54	2285.42	2325.94	2258.26	2348.55	
2271.68	1891.72	2268.83	2304.69	2339.24	2322.86	2248.7	2291.48	2316.52	2309.38	2323	2288.9	2249.32	2268.15	2308.23	2241.45	2272.14	2268.85	2284.17	2266.67	2245.54	2285.42	2325.94	2258.26	2348.55	
2264.19	1891.72	2250.59	2304.69	2338.36	2322.86	2248.7	2284.7	2316.52	2309.38	1622.34	2259.72	2249.32	2268.15	2304.76	2241.45	2272.14	2268.85	2284.17	2262.26	2245.54	2285.42	2325.94	2258.26	2336.56	
2264.19	1891.72	2245.47	2264.53	2319.87	2322.86	2243.14	2274.22	2316.52	2284.74	1622.34	2259.72	2234.89	2255.01	2277.69	2241.45	2253.22	2267.65	2255.79	2238.63	2245.54	2281.17	2309.06	2254.19	2332.55	
2264.19	1891.72	2245.47	2250.31	2319.87	2306.03	2235.01	2274.22	2291.49	2284.74	1622.34	2249.92	2210.2	2255.01	2277.69	2237.57	2253.22	2267.65	2255.79	2238.63	2240.78	2264.43	2259.35	2254.19	2330.44	
2250.96	1891.72	2245.47	2250.31	2319.87	2298.44	2235.01	2258.6	2291.49	2284.74	1622.34	2249.92	2210.2	2255.01	2272.32	2213.2	2253.22	2257.28	2255.79	2238.63	2240.78	2256.85	2259.35	2242.38	2287.76	
2250.96	1891.72	2232.96	2250.31	2298.21	2298.44	2235.01	2258.6	2291.49	2284.74	1622.34	2249.92	2188.39	2255.01	2272.32	2213.2	2253.22	2226.59	2255.79	2238.63	2235.12	2256.85	2259.35	2215.01	2287.76	
2250.96	1891.72	2225.68	2250.31	2298.21	2288.42	2235.01	2258.6	2286.99	2279.53	1622.34	2249.87	2188.39	2243.47	2270.04	2213.2	2253.22	2226.59	2255.79	2238.63	2224.33	2255.19	2259.35	2215.01	2286.75	
2250.96	1891.72	2225.68	2250.31	2298.21	2288.05	2199.81	2253.58	2271.55	2276.78	1622.34	2249.87	2188.39	2243.47	2240.31	2213.2	2230.89	2226.59	2241.37	2223.96	2224.33	2255.19	2259.35	2215.01	2286.75	
2250.74	1891.72	2197.01	2239.33	2280.81	2274.25	2199.81	2217.12	2271.55	2263.68	1622.34	2249.22	2188.39	2243.47	2240.31	2213.2	2230.49	2226.59	2241.37	2216.39	2200.63	2255.19	2259.35	2215.01	2271.09	
2250.08	1891.72	2197.01	2239.05	2280.81	2245.92	2195.78	2217.12	2271.55	2263.68	1622.34	2249.22	2188.39	2235.39	2240.31	2213.2	2217.48	2214.74	2222.67	2216.39	2200.63	2254.44	2259.35	2202.71	2271.09	
2223.16	1891.72	2197.01	2233.41	2280.81	2245.92	2195.78	2211.59	2271.55	2247.84	1622.34	2239.99	2173.25	2228.63	2240.31	2208.12	2213.27	2214.74	2222.67	2216.39	2200.63	2250.79	2259.35	2202.71	2271.09	
2223.16	1891.72	2197.01	2233.41	2280.81	2245.92	2192.19	2211.59	2264.9	2247.35	1622.34	2239.99	2173.25	2228.63	2197.16	2174.54	2194.48	2214.74	2222.67	2208.01	1785.08	2245.47	2258.97	2202.71	2271.09	
2223.16	1891.72	2197.01	2214.43	2267.5	2211.35	2192.19	2211.59	2220.42	2247.35	1622.34	2210	2173.25	2202.58	2197.16	2174.54	2194.48	2194.42	2208.21	2208.01	1785.08	2230.07	2258.97	2202.71	2244.36	
2223.16	1891.72	2197.01	2214.43	2267.5	2211.35	2192.19	2188.13	2220.42	2244.43	1622.34	2210	2173.25	2199.09	2197.16	2174.54	2194.48	2194.42	2187.57	2208.01	1785.08	2230.07	2258.97	2202.71	2242.56	
2211.72	1891.72	2191.95	2214.43	2267.5	2211.35	2189.55	2188.13	2220.42	2216.46	1622.34	2210	2173.25	2199.09	2197.16	2174.54	2194.48	2193.37	2187.57	2198.21	1785.08	2228.22	2251.81	2186.97	2242.56	
2208.31	1891.72	2191.95	2214.43	2267.5	2211.35	2189.55	2188.13	2210.44	2210.34	1622.34	2210	2173.25	2199.09	2197.16	2163.6	2177.68	2187.02	2187.57	2196.47	1785.08	2203.92	2235.26	2185.44	2242.56	
2208.31	1891.72	2180.41	2214.43	2267.5	2211.35	2188.57	2188.13	2210.44	2210.34	1622.34	2210	2170.91	2190.44	2197.16	2163.6	2160.59	2187.02	2187.57	2196.47	1785.08	2203.92	2235.26	2177.39	2242.56	
2202.55	1891.72	2180.41	2214.43	2263.68	2200.77	2164.92	2184.12	2210.44	2210.34	1622.34	2200.89	2170.91	2181.13	2197.16	2163.6	2152.29	2187.02	2187.57	2177.81	1785.08	2203.92	2235.26	2177.39	2242.56	
2202.54	1891.72	2174.91	2214.43	2253.85	2200.77	2164.92	2184.12	2210.44	2210.34	1622.34	2178.53	2152.7	2181.13	2197.16	2161.32	2152.29	2187.02	2187.18	2177.81	1785.08	2203.92	2225.6	2177.39	2242.56	
2202.54	1891.72	2174.91	2213.52	2217.33	2200.77	2164.92	2182.29	2210.44	2210.34	1515.32	2178.53	2152.7	2160.17	2197.09	2161.32	2152.29	2187.02	2167.47	2176.84	1785.08	2200.16	2205.77	2177.39	2236.1	
2181.02	1891.72	2174.91	2204.66	2217.33	2190.87	2164.92	2182.29	2210.44	2210.34	1515.32	2178.53	2152.7	2160.17	2197.09	2155.53	2152.29	2187.02	2167.47	2165.28	1785.08	2197.48	2205.77	2171.41	2219.01	
2181.02	1891.72	2173.61	2185.12	2217.33	2190.87	2157.2	2167.9	2170.53	2208.8	1515.32	2178.53	2152.7	2160.17	2171.43	2144.46	2152.29	2180.81	2167.47	2140.04	1785.08	2197.48	2205.77	2153.55	2219.01	
2181.02	1891.72	2173.5	2185.12	2217.33	2184.32	2149.92	2151.9	2170.53	2200.58	1515.32	2174.56	2152.7	2160.17	2171.43	2144.46	2152.29	2173.63	2161.7	2140.04	1785.08	2179.58	2205.77	2151.09	2219.01	
2173.8	1891.72	2159.02	2183.12	2201.17	2184.32	2149.92	2151.9	2170.53	2200.58	1515.32	2174.56	2136.97	2160.17	2171.43	2139.45	2152.29	2157.31	2134.48	2140.04	1785.08	2179.58	2201.83	2151.09	2215.87	
2173.8	1891.72	2159.02	2183.12	2201.17	2161.51	2149.92	2151.9	2170.53	2183.49	1515.32	2165.82	2136.97	2160.17	2171.43	2139.45	2145.16	2157.31	2134.48	2140.04	1785.08	2176.16	2201.83	2151.09	2215.87	
2155.13	1891.72	2159.02	2182.68	2201.17	2161.51	2149.92	2151.9	2170.53	2183.49	1515.32	2165.82	2136.97	2160.17	2171.43	2128.12	2142.22	2154.52	2134.48	2140.04	1785.08	2176.16	2188.48	2151.09	2215.87	
2155.13	1891.72	2142.74	2172.93	2201.17	2161.05	2135.64	2151.9	2159.71	2183.49	1515.32	2165.82	2136.97	2136.07	2171.43	2128.12	2141.03	2132.46	2134.48	2140.04	1785.08	2166.64	2188.48	2151.09	2214.64	
2142.46	1891.72	2142.74	2159.74	2196.74	2161.05	2135.64	2141.49	2159.71	2170.31	1515.32	2158.38	2136.97	2136.07	2160	2128.12	2141.03	2132.46	2117.65	2139.45	1785.08	2160.84	2188.36	2145.75	2191.36	
2142.46	1891.72	2142.74	2159.74	2194.59	2137.53	2135.64	2141.49	2159.71	2170.31	1515.32	2158.38	2136.97	2136.07	2158.05	2128.12	2135.3	2132.46	2117.65	2139.45	1785.08	2160.84	2176.58	2139.48	2191.36	
2142.46	1891.72	2142.74	2159.74	2194.59	2137.53	2135.64	2137.28	2143.41	2161.69	1515.32	2155.74	2131.31	2136.07	2158.05	2123.78	2129.34	2132.46	2117.65	2138.11	1785.08	2159.93	2167.36	2139.48	2191.36	
2142.46	1891.72	2142.74	2149.82	2194.59	2137.53	2135.64	2137.28	2143.41	2161.69	1515.32	2155.74	2121.36	2132.54	2158.05	2119.95	2114.05	2114.71	2117.65	2138.11	1785.08	2150.85	2167.36	2134.54	2182.74	
2142.46	1891.72	2142.74	2149.82	2183.47	2137.53	2116.93	2137.28	2142.53	2158.68	1515.32	2155.74	2121.36	2132.54	2155.76	2115.54	2114.05	2114.71	2114.06	2138.11	1785.08	2150.85	2167.36	2122.68	2173.53	
2142.46	1891.72	2137.5	2149.82	2164.07	2137.53	2116.93	2117.68	2129.07	2157.87	1515.32	2155.74	2121.36	2132.54	2155.76	2115.54	2114.05	2114.71	2114.06	2128.95	1785.08	2143.5	2147.5	2119.66	2173.53	
2142.46	1891.72	2133.37	2139.78	2164.07	2130.31	2116.93	2117.68	2129.07	2149.07	1515.32	2148.97	2115.98	2123.09	2155.76	2098.93	2114.05	2114.71	2114.06	2122.54	1785.08	2143.5	2147.5	2119.66	2173.53	
2129.1	1891.72	2125.94	2139.78	2164.07	2116.86	2116.93	2117.68	2129.07	2122.91	1515.32	2148.97	2091.35	2123.09	2147.96	2098.93	2108	2111.2	2107.39	2116.9	1785.08	2139.01	2147.5	2119.66	2158.14	
2129.1	1891.72	2125.94	2139.78	2164.07	2116.86	2115.17	2115.2	2127.44	2122.91	1515.32	2145.94	2091.35	2118.96	2147.96	2098.93	2108	2102.04	2107.39	2116.9	1785.08	2128.72	2142.96	2093.02	2158.14	
2129.1	1891.72	2111.35	2137.15	2164.07	2113.03	2113.36	2115.2	2119.94	2116.43	1515.32	2145.94	2091.35	2118.96	2147.96	2098.93	2093.73	2093.87	2107.39	2112.17	1785.08	2104.37	2139	2093.02	2139.92	
2129.1	1891.72	2102.72	2120.24	2156.97	2113.03	2090.53	2114.96	2119.94	2116.43	1515.32	2143.89	2091.35	2110.74	2147.96	2098.93	2093.73	2082.09	2107.04	2112.17	1785.08	2104.37	2128.31	2093.02	2139.92	
2117.7	1891.72	2102.72	2120.24	2142.12	2113.03	2087.86	2112.36	2114.49	2116.43	1515.32	2134.71	2091.35	2085.83	2147.96	2098.93	2093.73	2082.09	2085.89	2112.17	1785.08	2104.37	2125.68	2093.02	2139.92	
2117.7	1891.72	2102.72	2120.24	2142.12	2113.03	2087.86	2096.64	2104.8	2116.43	1515.32	2130.23	2091.35	2085.83	2147.14	2098.93	2093.73	2082.09	2085.89	2111.42	1785.08	2104.37	2125.68	2093.02	2139.92	
2117.7	1891.72	2102.72	2119.79	2142.12	2112.58	2076.72	2093.69	2104.8	2116.43	1515.32	2129.07	2091.35	2085.83	2128.73	2098.93	2093.73	2082.09	2085.89	2105.2	1785.08	2102.76	2098.82	2093.02	2139.92	
2117.7	1891.72	2102.72	2117.79	2132.53	2112.58	2071.09	2093.66	2104.8	2111.95	1515.32	2128.08	2090.56	2085.83	2128.73	2098.06	2091.07	2082.09	2085.89	2104.49	1785.08	2102.76	2098.82	2093.02	2139.92	
2117.7	1891.72	2102.72	2096.44	2132.53	2106.97	2071.09	2093.66	2093.83	2101.87	1515.32	2122.31	2063.95	2085.83	2128.73	2096.4	2073.56	2082.09	2070.05	2092.38	1785.08	2102.76	2098.82	2081.92	2126.8	
2117.7	1891.72	2102.72	2096.44	2132.53	2096.48	2071.09	2093.66	2093.83	2101.87	1515.32	2108.17	2063.95	2085.83	2125.47	2091.13	2073.56	2082.09	2070.05	2092.38	1785.08	2089.53	2098.82	2081.92	2123.04	
2111.87	1891.72	2098.56	2096.44	2132.53	2096.48	2069.82	2084.59	2093.83	2101.87	1515.32	2108.17	2063.95	2085.83	2125.47	2088.83	2073.56	2071.14	2070.05	2092.38	1785.08	2088.32	2098.82	2081.92	2123.04	
2109.04	1891.72	2098.56	2096.44	2132.53	2092.21	2069.82	2084.02	2090.38	2101.87	1515.32	2108.17	2063.95	2085.65	2103.36	2087.31	2063.29	2071.14	2070.05	2092.38	1785.08	2088.32	2097.06	2071.76	2118.11	
2104.44	1891.72	2088.77	2096.44	2129.45	2092.21	2068.69	2080.43	2090.38	2091.73	1515.32	2108.17	2054.65	2084.46	2103.36	2081.54	2063.29	2069.99	2070.05	2087.9	1785.08	2086.09	2095.64	2071.76	2100.56	
2104.44	1891.72	2088.77	2096.44	2122.14	2084.1	2056.41	2080.43	2090.38	2091.73	1515.32	2108.17	2054.65	2075.62	2103.36	2079.13	2063.29	2069.67	2070.05	2083.77	1785.08	2086.09	2080.86	2071.76	2100.56	
2078.82	1891.72	2088.77	2093.01	2115.62	2083.73	2056.41	2080.43	2084.77	2081.17	1515.32	2099.33	2054.65	2075.62	2103.36	2077.43	2063.29	2067.22	2070.05	2083.77	1785.08	2086.09	2080.86	2071.76	2098.92	
2078.82	1891.72	2088.77	2086.06	2115.62	2083.73	2044.38	2073.24	2071.35	2081.17	1515.32	2090.01	2054.65	2070.23	2102.4	2072	2063.29	2065.94	2070.05	2083.77	1785.08	2080.45	2080.86	2066.04	2098.92	
2078.82	1891.72	2088.77	2086.06	2115.62	2073.46	2044.38	2073.24	2071.35	2068.88	1515.32	2090.01	2054.65	2070.23	2102.4	2062.95	2062.68	2065.94	2065.72	2083.77	1785.08	2077.28	2075.82	2066.04	2092.33	
2078.82	1891.72	2077.49	2083.85	2093.67	2073.46	2044.38	2066.85	2071.35	2068.88	1515.32	2090.01	2054.65	2060.74	2102.4	2062.95	2062.68	2056.33	2065.72	2079.11	1785.08	2021.17	2074.89	2066.04	2049.16	
2078.82	1891.72	2077.49	2083.85	2093.67	2072.37	2044.38	2066.85	2067.6	2068.88	1515.32	2082.49	2054.65	2060.74	2086.08	2062.02	2060.91	2056.33	2064.74	2079.11	1785.08	2021.17	2067.75	2063.02	2049.16	
2078.82	1891.72	2077.49	2078.41	2093.67	2070.94	2042.28	2053.58	2067.6	2067.18	1515.32	2081.55	2051.78	1795.85	2086.08	2061.25	2060.82	2056.33	2064.74	2079.11	1785.08	2021.17	2067.75	2049.91	2049.16	
2078.82	1891.72	2077.49	2077.06	2093.67	2067.57	2042.28	2053.58	2058.38	2067.18	1515.32	2078.13	2051.78	1795.85	2086.08	2061.25	2053.24	2054.92	2058.37	2072.59	1785.08	2021.17	2067.75	2046.32	2049.16	
2078.82	1891.72	2077.49	2065.98	2093.67	2067.57	2029.72	2053.58	2054.79	2067.18	1515.32	2068.46	2044.45	1795.85	2086.08	2061.25	2053.24	2054.92	2057.26	2070	1785.08	2021.17	2059.56	2046.32	2049.16	
2075.89	1891.72	2077.49	2065.98	2089.53	2064.93	2029.72	2053.58	2054.79	2067.18	1515.32	2068.46	2044.45	1795.85	2086.08	2054.26	2044.33	2054.92	2057.05	2070	1785.08	2021.17	2059.56	1799.32	2049.16	
2067.07	1891.72	2073.8	2065.98	2089.53	2060.89	2029.72	2053.58	2054.79	2063.9	1515.32	2068.46	2044.45	1795.85	2084.41	2050.99	2044.33	2053.69	2051.99	2070	1785.08	2021.17	2053.28	1799.32	2049.16	
2067.07	1891.72	2073.8	2065.98	2083.28	2060.89	2024.98	2053.49	2050.17	2053.01	1515.32	2061.13	2044.45	1795.85	2083.08	2050.99	2044.33	2049.45	2051.99	2062.93	1785.08	2021.17	2053.28	1799.32	2049.16	
2063.6	1891.72	2069.62	2065.98	2074.54	2058.57	2024.98	2049.75	2050.17	2053.01	1515.32	2059.42	2044.45	1795.85	2083.05	2048.63	2044.33	2048.66	2048.84	2061.23	1785.08	2021.17	2046.65	1799.32	2049.16	
2062.55	1891.72	2069.62	2065.98	2074.54	2058.57	2024.98	2049.75	2050.17	2051.48	1515.32	2059.42	2042.65	1795.85	2076.99	2046.68	2044.33	2046.75	2047.19	2059.2	1785.08	2021.17	2046.65	1799.32	2049.16	
2062.55	1891.72	2069.62	2064.66	2074.54	2056.67	2023.44	2049.75	2050.17	2051.48	1515.32	2059.42	2041.21	1795.85	2072.88	2045.87	2044.33	2046.75	2047.19	2056.47	1785.08	2021.17	2046.65	1799.32	2049.16	
2055.74	1891.72	2065.05	2064.66	2064.61	2054.06	2022	2044.55	2047.19	2049.58	1515.32	2059.42	2041.21	1795.85	2072.62	2040.27	2044.33	2044.03	2047.19	2052.38	1785.08	2021.17	2046.65	1799.32	2049.16	
2053.44	1891.72	2065.05	2064.08	2064.61	2045.79	2021.21	2042.95	2047.19	2049.58	1515.32	2057.44	2026.61	1795.85	2070.06	2040.27	2037.11	2044.03	2045.57	2052.38	1785.08	2021.17	2046.65	1799.32	2049.16	
2048.61	1891.72	2053.43	2051.43	2064.61	2045.79	2020.56	2042.95	2045.06	2049.58	1515.32	2050.34	1639.34	1795.85	2069.32	2039.8	2037.11	2040.33	2041.27	2052.38	1785.08	2021.17	1936.16	1799.32	2049.16	
2038.72	1891.72	2053.43	2051.43	2059.67	2045.79	2014.46	2039.79	2044.84	2041.22	1515.32	2050.34	1639.34	1795.85	2059.03	2035.25	2037.11	2040.33	2041.27	2049.99	1785.08	2021.17	1936.16	1799.32	2049.16	
2038.72	1891.72	2053.43	2051.43	2059.67	2042.29	2008.38	2035.75	2038.9	2039.95	1515.32	2046.81	1639.34	1795.85	2059.03	2033.63	2034.18	2040.33	2041.27	2043.34	1785.08	2021.17	1936.16	1799.32	2041.8	
2035.24	1891.72	2053.43	2051.43	2056.69	2042.29	2008.38	2034.31	2025.91	2039.95	1515.32	2045.52	1639.34	1795.85	2059.03	2033.63	2034.18	2040.33	2037.07	2043.34	1785.08	2021.17	1936.16	1799.32	2041.8	
2035.24	1891.72	2050.46	2050.49	2056.69	2042.06	2008.38	2034.31	2025.91	2039.95	1515.32	2045.52	1639.34	1529.42	2058.15	2033.63	2034.18	2040.33	2034.02	2043.34	1785.08	2021.17	1936.16	1799.32	2041.8	
2033.97	1891.72	2050.46	2050.49	2050.94	2041.78	2008.38	2034.31	2025.91	2039.27	1515.32	2045.52	1639.34	1529.42	2057.07	2031.88	2033.86	2039.43	2032.91	2038.19	1785.08	2021.17	1936.16	1799.32	2041.8	
2032.13	1891.72	2050.46	2046.34	2050.94	2039.27	2007.82	2032.38	2025.91	2039.27	1515.32	2042.75	1639.34	1529.42	2054.3	2031.58	2033.86	2038.63	2032.91	2038.19	1785.08	2021.17	1936.16	1799.32	2041.8	
2029.68	1891.72	2050.46	2042.51	2049.61	2038.61	2007.82	2032.38	2025.91	2038.27	1515.32	2041.95	1639.34	1529.42	2052.4	2026.42	2032.21	2037.42	2030.99	2035.63	1785.08	2021.17	1936.16	1799.32	2041.8	
2029.68	1891.72	2050.46	2039.22	2049.61	2033.62	2001.35	2028.7	2025.91	2038.27	1515.32	2040.62	1639.34	1529.42	2043.95	2026.42	2030.85	2032.05	2026.1	2035.63	1785.08	2021.17	1936.16	1799.32	2041.8	
2022.01	1891.72	2050.46	2039.22	2045.03	2016.73	2000.89	2027	2025.91	2037.79	1515.32	2038.73	1639.34	1529.42	2041	2022.84	1991.89	2032.05	2026.1	2030.7	1785.08	2021.17	1936.16	1799.32	2041.8	
2022.01	1891.72	2048.65	2017.89	2044.72	2016.73	2000.89	2026.06	2025.91	2033.25	1515.32	2038.44	1639.34	1529.42	2041	2019.43	1991.89	2031.43	2024.19	2030.7	1785.08	2021.17	1936.16	1799.32	2039.07	
2022.01	1891.72	2046.37	2017.89	2040.52	2016.73	2000.89	2023.9	2025.91	2032.86	1515.32	2038.44	1639.34	1529.42	2036.39	2011.65	1991.89	2031.43	2024.19	2028.31	1785.08	2021.17	1936.16	1799.32	2037.36	
2022.01	1891.72	2041.42	2017.89	2039.93	2016.73	1997.67	2023.9	2025.91	2029.94	1515.32	2036.59	1639.34	1529.42	2036.39	2011.65	1991.89	2029.65	2024.19	2028.31	1785.08	2021.17	1936.16	1799.32	2036.28	
2018.32	1891.72	2041.42	2017.89	2039.79	2016.73	1992.8	2023.71	1949.64	2029.58	1515.32	2035.26	1639.34	1529.42	2031.39	2011.65	1991.89	2027.35	2024.19	2026.97	1785.08	2021.17	1936.16	1799.32	2036.28	
2017.04	1891.72	2041.2	2017.89	2034.78	2016.73	1992.8	2019.37	1949.64	2029.58	1515.32	2035.26	1639.34	1529.42	2031.39	2011.65	1991.89	2027.35	2023.57	2025.56	1785.08	2021.17	1936.16	1799.32	2034.37	
2017.04	1891.72	2041.2	2017.89	2034.78	2016.73	1992.8	2019.37	1949.64	2029.58	1515.32	2031.29	1639.34	1529.42	2030.77	2011.65	1991.89	2027.35	2020.93	2022.5	1785.08	2021.17	1936.16	1799.32	2034.37	
2014.81	1891.72	2035.39	2017.89	2028.51	2016.73	1987.52	2018.78	1949.64	2027.66	1515.32	2030.53	1639.34	1529.42	2028.27	2011.65	1991.89	2026.48	1962.63	2019.63	1785.08	2021.17	1936.16	1799.32	2032.51	
2014.81	1891.72	2032.96	2017.89	2028.51	2016.73	1987.52	2017.61	1949.64	2027.66	1515.32	2025.1	1639.34	1529.42	2027.42	2011.65	1991.89	2022.72	1962.63	2019.63	1785.08	2021.17	1936.16	1799.32	2032.51	
2014.81	1891.72	2029.36	2017.89	2028.31	2016.73	1987.52	2017.2	1949.64	2025.71	1515.32	2025.1	1639.34	1529.42	2026.97	2011.65	1991.89	2022.72	1962.63	2019.63	1785.08	2021.17	1936.16	1799.32	1909.41	
2012.75	1891.72	2023.76	2017.89	2028.31	2016.73	1987.52	2015.71	1949.64	2024.4	1515.32	2023.85	1639.34	1529.42	2022.34	2011.65	1991.89	2022.72	1962.63	2019.48	1785.08	2020.45	1936.16	1799.32	1909.41	
2012.75	1891.72	2023.76	2017.89	2025.32	2016.73	1986.49	2015.71	1949.64	2024.26	1515.32	2023.85	1639.34	1529.42	2018.5	2011.65	1991.89	2020.97	1962.63	2019.48	1785.08	2020.45	1936.16	1799.32	1909.41	
2009.88	1891.72	2020.07	2017.89	2025.04	2016.73	1986.49	2012.07	1949.64	1997.31	1515.32	2023.85	1639.34	1529.42	2018.5	2010.63	1991.89	2019.49	1962.63	2019.46	1785.08	2019.9	1936.16	1799.32	1909.41	
2009.88	1891.72	1974.91	2017.89	2024.59	2016.73	1986.49	2012.07	1949.64	1997.31	1515.32	2023.59	1639.34	1529.42	2016.59	2010.63	1991.89	2018.31	1962.63	2018.62	1785.08	2019.9	1936.16	1799.32	1909.41	
2009.35	1891.72	1974.91	2005.77	2023.86	2016.73	1986.49	2012.07	1949.64	1997.31	1515.32	2023.23	1639.34	1529.42	2013.25	2009.82	1991.89	2015.56	1962.63	2013.39	1785.08	2019.19	1936.16	1799.32	1909.41	
2007.46	1891.72	1974.91	2005.77	2019.56	2016.73	1986.49	2012.07	1949.64	1997.31	1515.32	2021.89	1639.34	1529.42	2013.25	2009.82	1991.89	2015.56	1962.63	2013.39	1785.08	2016.79	1936.16	1799.32	1909.41	
2002.32	1891.72	1974.91	2005.77	2019.56	2016.73	1986.49	2012.07	1949.64	1997.31	1515.32	2020.1	1639.34	1529.42	2013.25	2009.19	1991.89	2015.56	1962.63	2013.39	1785.08	2016.79	1936.16	1799.32	1909.41	
2002.32	1891.72	1974.91	2005.77	2019.56	2016.73	1984.6	2010.93	1949.64	1997.31	1515.32	2016.91	1639.34	1529.42	1992.86	2006.44	1991.89	2015.38	1962.63	2011.95	1785.08	2016.79	1936.16	1799.32	1909.41	
1991.54	1891.72	1974.91	2005.77	2017.54	2011.81	1983.95	2010.93	1949.64	1997.31	1515.32	2016.91	1639.34	1529.42	1992.86	2006.44	1991.89	2014.78	1962.63	2011.95	1785.08	2015.97	1936.16	1799.32	1909.41	
1991.54	1891.72	1974.91	2005.77	2016.17	2011.81	1981.1	2010.29	1949.64	1997.31	1515.32	2016.91	1639.34	1529.42	1992.86	2006.44	1991.89	2014.78	1962.63	2011.95	1785.08	2014.13	1936.16	1799.32	1909.41	
1991.54	1891.72	1974.91	2005.77	2016.17	2011.81	1981.1	2003.75	1949.64	1997.31	1515.32	2016.91	1639.34	1529.42	1992.86	2006.44	1991.89	2013.49	1962.63	2011.95	1785.08	2014.13	1936.16	1799.32	1909.41	
1991.54	1891.72	1974.91	2005.77	2014.89	2011.81	1976.05	2003.75	1949.64	1997.31	1515.32	2010.11	1639.34	1529.42	1992.86	2006.44	1991.89	2013.49	1962.63	1896.35	1785.08	2014.13	1936.16	1799.32	1909.41	
1991.54	1891.72	1974.91	2005.77	2014.89	2011.81	1976.05	2003.75	1498.49	1997.31	1515.32	2010.11	1639.34	1529.42	1992.86	2006.44	1991.89	2013.3	1962.63	1896.35	1785.08	2012.95	1936.16	1799.32	1909.41	
1991.54	1891.72	1974.91	2005.77	2014.89	2011.81	1976.05	2003.75	1498.49	1997.31	1515.32	2010.11	1639.34	1529.42	1992.86	2005.9	1991.89	2012.01	1962.63	1896.35	1760.81	2011.22	1936.16	1799.32	1909.41	
1991.54	1891.72	1974.91	2005.77	2013.78	2009.53	1976.05	2003.75	1498.49	1997.31	1515.32	2010.11	1639.34	1529.42	1992.86	2005.33	1991.89	2012.01	1962.63	1896.35	1760.81	2011.22	1936.16	1799.32	1909.41	
1991.54	1891.72	1974.91	2005.77	2013.78	2009.53	1975.4	2003.75	1498.49	1997.31	1515.32	2010.11	1639.34	1529.42	1992.86	2004.87	1991.89	2011.21	1962.63	1896.35	1760.81	2011.11	1936.16	1799.32	1909.41	
1991.54	1891.72	1974.91	2005.77	2012.24	2009.53	1975.4	2003.75	1498.49	1997.31	1515.32	2010.11	1639.34	1529.42	1992.86	2004.87	1991.89	2009.64	1962.63	1896.35	1760.81	2009.68	1936.16	1799.32	1909.41	
1991.54	1891.72	1974.91	2005.77	2012.24	2009.53	1975.4	2003.75	1498.49	1997.31	1515.32	2010.11	1639.34	1529.42	1992.86	2004.54	1991.89	2009.64	1962.63	1896.35	1760.81	2009.68	1936.16	1799.32	1909.41	
1991.54	1891.72	1974.91	2005.77	2011.83	2009.53	1975.4	2003.75	1498.49	1997.31	1515.32	2010.11	1639.34	1529.42	1992.86	2001.99	1991.89	2009.48	1962.63	1896.35	1760.81	1754.34	1936.16	1799.32	1909.41	
1991.54	1891.72	1974.91	2005.77	2011.83	2009.53	1975.4	2003.75	1498.49	1997.31	1515.32	2010.11	1639.34	1529.42	1992.86	2001.99	1991.89	2009.48	1962.63	1896.35	1760.81	1754.34	1936.16	1799.32	1909.41	
1990.82	1891.72	1974.91	2005.77	2011.77	2009.53	1975.4	2003.75	1498.49	1997.31	1515.32	2010.11	1639.34	1529.42	1992.86	2001.99	1991.89	2008.9	1962.63	1896.35	1760.81	1754.34	1936.16	1799.32	1909.41	
1988.91	1891.72	1974.91	2005.77	2008.19	2007.65	1975.4	2003.75	1498.49	1997.31	1515.32	2010.11	1639.34	1529.42	1992.86	2001.99	1991.89	2008.9	1962.63	1896.35	1760.81	1754.34	1936.16	1799.32	1909.41	
1987.19	1891.72	1974.91	1999.41	2008.19	2007.65	1975.4	2003.75	1498.49	1997.31	1515.32	2008.34	1639.34	1529.42	1992.86	2001.99	1991.89	2008.03	1962.63	1896.35	1760.81	1754.34	1936.16	1799.32	1909.41	
1955.74	1891.72	1974.91	1999.41	2008.07	2007.65	1975.4	2003.75	1498.49	1988.35	1515.32	2008.34	1639.34	1529.42	1992.86	2001.99	1991.89	2008.03	1962.63	1896.35	1760.81	1754.34	1936.16	1799.32	1909.41	
1955.74	1891.72	1974.91	1999.41	2007.28	2007.65	1967.8	2003.75	1498.49	1988.35	1515.32	2008.34	1639.34	1529.42	1992.86	2001.98	1991.89	2008.03	1962.63	1896.35	1760.81	1754.34	1936.16	1799.32	1909.41	
1955.74	1891.72	1974.91	1999.41	2006.06	2006.25	1967.8	2003.75	1498.49	1988.35	1515.32	2006.72	1639.34	1529.42	1992.86	2001.98	1991.89	2006.28	1962.63	1896.35	1760.81	1754.34	1936.16	1799.32	1909.41	
1955.74	1891.72	1974.91	1999.41	2006.06	2006.25	1967.8	2003.75	1498.49	1988.35	1515.32	2006.72	1639.34	1529.42	1992.86	2001.98	1991.89	2006.27	1962.63	1896.35	1760.81	1754.34	1936.16	1799.32	1909.41	
1955.74	1891.72	1974.91	1999.41	2005.61	2006.25	1967.8	2002.09	1498.49	1988.35	1515.32	2006.63	1639.34	1529.42	1991.37	2001.98	1991.89	2005.83	1962.63	1352.03	1760.81	1754.34	1936.16	1799.32	1909.41	
1955.74	1891.72	1974.91	1999.41	2005.61	2001.45	1967.8	2002.09	1498.49	1988.35	1515.32	2004.39	1639.34	1529.42	1990.87	2001.98	1991.89	2005.83	1962.63	1352.03	1760.81	1754.34	1936.16	1799.32	1909.41	
1955.74	1891.72	1974.91	1999.41	2003.92	2001.45	1967.8	2002.09	1498.49	1988.35	1515.32	2004.39	1639.34	1529.42	1990.87	2000.35	1991.89	2003.99	1962.63	1352.03	1760.81	1754.34	1936.16	1799.32	1909.41	
1955.74	1891.72	1974.91	1999.41	2003.92	2001.45	1967.8	2002.09	1498.49	1988.35	1515.32	2004.39	1639.34	1529.42	1990.87	2000.35	1991.89	2003.99	1962.63	1352.03	1760.81	1754.34	1936.16	1799.32	1909.41	
1955.74	1891.72	1974.91	1999.41	2003.92	2001.45	1967.8	2001.76	1498.49	1988.35	1515.32	2004.39	1639.34	1529.42	1990.24	2000.35	1991.89	2003.99	1962.63	1352.03	1760.81	1754.34	1936.16	1799.32	1909.41	
1955.74	1891.72	1974.91	1999.41	2003.52	2001.45	1967.8	2001.76	1498.49	1988.35	1515.32	2000.25	1639.34	1529.42	1990.24	2000.35	1991.89	2003.99	1962.63	1352.03	1760.81	1754.34	1936.16	1799.32	1909.41	
1955.74	1891.72	1974.91	1999.41	2002.86	2001.45	1967.8	2001.76	1498.49	1988.35	1515.32	2000.25	1639.34	1529.42	1989.11	2000.03	1983.49	2003.99	1962.63	1352.03	1760.81	1754.34	1936.16	1799.32	1909.41	
1955.74	1891.72	1974.91	1999.41	2002.86	2001.45	1967.8	2000.47	1498.49	1988.35	1515.32	2000.25	1639.34	1529.42	1988.61	1999.91	1983.49	2003.99	1962.63	1352.03	1760.81	1754.34	1936.16	1799.32	1909.41	
1955.74	1891.72	1974.91	1999.41	2002.23	2001.45	1967.8	2000.47	1498.49	1988.35	1515.32	2000.25	1639.34	1529.42	1988.61	1999.91	1983.49	2003.99	1962.63	1352.03	1760.81	1754.34	1936.16	1799.32	1909.41	
1955.74	1891.72	1974.91	1932.47	2002.23	2001.45	1967.8	2000.47	1498.49	1988.35	1515.32	2000.25	1639.34	1529.42	1988.11	1999.46	1983.49	1971.19	1962.63	1352.03	1760.81	1754.34	1936.16	1799.32	1909.41	
1955.74	1891.72	1974.91	1755.5	2002.23	2001.45	1967.8	2000.19	1498.49	1988.35	1515.32	2000.25	1639.34	1529.42	1988.11	1999.46	1983.49	1971.19	1962.63	1352.03	1760.81	1754.34	1936.16	1799.32	1909.41	
1955.74	1891.72	1974.91	1755.5	2002.23	2001.45	1967.8	2000.19	1498.49	1988.35	1515.32	2000.25	1639.34	1529.42	1985.4	1999.3	1983.49	1971.19	1962.63	1352.03	1760.81	1754.34	1936.16	1799.32	1909.41	
1955.74	1891.72	1974.91	1755.5	2001.04	2001.45	1967.8	2000.09	1498.49	1988.35	1515.32	2000.25	1639.34	1529.42	1985.4	1999.3	1983.49	1971.19	1962.63	1352.03	1760.81	1754.34	1936.16	1799.32	1909.41	
1955.74	1891.72	1974.91	1755.5	1996.07	2001.45	1967.8	1999.67	1498.49	1988.35	1515.32	2000.25	1639.34	1529.42	1985.4	1995.93	1983.49	1971.19	1962.63	1352.03	1760.81	1754.34	1936.16	1799.32	1909.41	
1955.74	1891.72	1974.91	1755.5	1996.07	2001.45	1967.8	1999.67	1498.49	1988.35	1515.32	2000.25	1639.34	1529.42	1985.4	1995.93	1983.49	1971.19	1962.63	1352.03	1760.81	1754.34	1936.16	1799.32	1909.41	
1955.74	1891.72	1974.91	1755.5	1996.07	2001.45	1967.8	1999.67	1498.49	1988.35	1515.32	2000.25	1639.34	1529.42	1985.4	1995.93	1983.49	1971.19	1962.63	1352.03	1760.81	1754.34	1936.16	1799.32	1909.41	
1955.74	1891.72	1974.91	1755.5	1996.07	2001.45	1967.8	1999.62	1498.49	1988.35	1515.32	2000.25	1639.34	1529.42	1977.72	1995.93	1983.49	1971.19	1962.63	1352.03	1760.81	1754.34	1936.16	1799.32	1909.41	
1955.74	1891.72	1974.91	1755.5	1996.07	2001.45	1967.8	1999.32	1498.49	1988.35	1515.32	2000.25	1639.34	1529.42	1977.72	1995.93	1983.49	1971.19	1962.63	1352.03	1760.81	1754.34	1936.16	1799.32	1909.41	
1955.74	1891.72	1974.91	1755.5	1996.07	2001.36	1966.36	1999.32	1498.49	1988.35	1515.32	2000.25	1639.34	1529.42	1977.72	1995.93	1983.49	1971.19	1962.63	1352.03	1760.81	1754.34	1936.16	1799.32	1909.41	
1955.74	1891.72	1974.91	1755.5	1996.07	1988.07	1966.36	1997.44	1498.49	1988.35	1515.32	2000.25	1639.34	1529.42	1977.72	1995.93	1983.49	1971.19	1962.63	1352.03	1760.81	1754.34	1936.16	1799.32	1909.41	
1955.74	1891.72	1974.91	1755.5	1994.52	1988.07	1966.36	1997.44	1498.49	1988.35	1515.32	2000.25	1639.34	1529.42	1977.72	1995.93	1983.49	1971.19	1962.63	1352.03	1760.81	1754.34	1936.16	1799.32	1909.41	
1955.74	1891.72	1974.91	1755.5	1994.52	1988.07	1966.36	1997.44	1498.49	1988.35	1515.32	2000.25	1639.34	1529.42	1977.72	1995.93	1983.49	1971.19	1962.63	1352.03	1760.81	1754.34	1936.16	1799.32	1909.41	
1955.74	1891.72	1974.91	1755.5	1994.52	1988.07	1966.36	1997.44	1498.49	1988.35	1515.32	2000.25	1639.34	1529.42	1977.72	1995.93	1983.49	1971.19	1905.47	1352.03	1760.81	1754.34	1936.16	1799.32	1909.41	
1955.74	1891.72	1974.91	1755.5	1994.52	1988.07	1966.36	1997.44	1498.49	1988.35	1515.32	1998.92	1639.34	1529.42	1977.72	1995.93	1983.49	1971.19	1905.47	1352.03	1760.81	1754.34	1936.16	1799.32	1909.41	
1955.74	1891.72	1974.91	1755.5	1994.52	1988.07	1966.36	1997.44	1498.49	1988.35	1515.32	1998.92	1639.34	1529.42	1977.72	1995.93	1983.49	1971.19	1905.47	1352.03	1760.81	1754.34	1936.16	1799.32	1909.41	
1955.74	1891.72	1974.91	1755.5	1994.52	1988.07	1804.54	1991.51	1498.49	1988.35	1515.32	1998.92	1639.34	1529.42	1977.72	1995.93	1983.49	1971.19	1905.47	1352.03	1760.81	1754.34	1936.16	1799.32	1909.41	
1955.74	1891.72	1974.91	1755.5	1994.52	1988.07	1804.54	1991.51	1498.49	1988.35	1515.32	1998.92	1639.34	1529.42	1977.72	1995.93	1983.49	1971.19	1905.47	1352.03	1760.81	1754.34	1936.16	1799.32	1909.41	
1955.74	1891.72	1974.91	1755.5	1994.52	1988.07	1804.54	1991.51	1498.49	1988.35	1515.32	1995.1	1639.34	1529.42	1977.72	1995.93	1983.49	1971.19	1905.47	1352.03	1760.81	1754.34	1936.16	1799.32	1909.41	
1955.74	1891.72	1974.91	1755.5	1994.52	1988.07	1804.54	1991.51	1498.49	1988.35	1515.32	1995.1	1639.34	1529.42	1977.72	1995.93	1983.49	1933.91	1905.47	1352.03	1760.81	1754.34	1936.16	1799.32	1909.41	
1955.74	1891.72	1974.91	1755.5	1994.52	1988.07	1804.54	1991.51	1498.49	1988.35	1515.32	1995.1	1639.34	1529.42	1977.72	1995.93	1983.49	1933.91	1905.47	1352.03	1760.81	1754.34	1936.16	1799.32	1909.41	
1955.74	1891.72	1974.91	1755.5	1994.52	1988.07	1804.54	1991.51	1498.49	1988.35	1515.32	1974.75	1639.34	1529.42	1977.72	1995.93	1983.49	1933.91	1905.47	1352.03	1760.81	1754.34	1936.16	1799.32	1909.41	
1955.74	1891.72	1974.91	1755.5	1994.52	1988.07	1804.54	1991.51	1498.49	1988.35	1515.32	1974.75	1639.34	1529.42	1977.72	1995.93	1983.49	1933.91	1905.47	1352.03	1760.81	1754.34	1936.16	1799.32	1909.41	
1955.74	1891.72	1974.91	1755.5	1994.52	1988.07	1804.54	1991.51	1498.49	1988.35	1515.32	1974.75	1639.34	1529.42	1977.72	1995.93	1983.49	1933.91	1905.47	1352.03	1760.81	1754.34	1936.16	1799.32	1909.41	
1955.74	1891.72	1964.32	1755.5	1994.52	1988.07	1804.54	1991.51	1498.49	1988.35	1515.32	1974.75	1639.34	1529.42	1977.72	1995.93	1983.49	1933.91	1905.47	1352.03	1760.81	1754.34	1936.16	1799.32	1909.41	
1955.74	1891.72	1964.32	1755.5	1994.52	1988.07	1804.54	1991.51	1498.49	1988.35	1515.32	1974.75	1639.34	1529.42	1977.72	1978.9	1983.49	1933.91	1905.47	1352.03	1760.81	1754.34	1936.16	1799.32	1909.41	
1955.74	1891.72	1964.32	1755.5	1994.52	1988.07	1804.54	1991.51	1498.49	1988.35	1515.32	1974.75	1639.34	1529.42	1977.72	1978.9	1983.49	1933.91	1905.47	1352.03	1760.81	1754.34	1936.16	1799.32	1909.41	
1955.74	1891.72	1964.32	1755.5	1994.52	1988.07	1804.54	1991.51	1498.49	1988.35	1515.32	1974.75	1639.34	1529.42	1977.72	1978.9	1983.49	1933.91	1905.47	1352.03	1760.81	1754.34	1936.16	1799.32	1909.41	
1955.74	1891.72	1964.32	1755.5	1974.12	1988.07	1804.54	1991.51	1498.49	1988.35	1515.32	1974.75	1639.34	1529.42	1977.72	1978.9	1983.49	1933.91	1905.47	1352.03	1760.81	1754.34	1936.16	1799.32	1909.41	
1955.74	1891.72	1964.32	1755.5	1974.12	1988.07	1804.54	1991.51	1498.49	1988.35	1515.32	1974.75	1639.34	1529.42	1977.72	1978.9	1983.49	1933.91	1905.47	1352.03	1760.81	1754.34	1936.16	1799.32	1909.41	
1955.74	1891.72	1964.32	1755.5	1974.12	1988.07	1804.54	1991.51	1498.49	1988.35	1515.32	1974.75	1639.34	1529.42	1977.72	1978.9	1983.49	1933.91	1905.47	1352.03	1760.81	1754.34	1936.16	1799.32	1909.41	
1955.74	1891.72	1964.32	1755.5	1974.12	1988.07	1804.54	1991.51	1498.49	1987.16	1515.32	1974.75	1639.34	1529.42	1977.72	1978.9	1983.49	1933.91	1905.47	1352.03	1760.81	1754.34	1936.16	1799.32	1909.41	
1955.74	1891.72	1964.32	1755.5	1974.12	1988.07	1804.54	1991.51	1498.49	1987.16	1515.32	1974.75	1639.34	1529.42	1977.72	1978.9	1983.49	1933.91	1905.47	1352.03	1760.81	1754.34	1936.16	1799.32	1909.41	
1955.74	1891.72	1964.32	1755.5	1974.12	1988.07	1804.54	1991.51	1498.49	1987.16	1515.32	1974.75	1639.34	1529.42	1977.72	1978.9	1983.49	1933.91	1905.47	1352.03	1760.81	1754.34	1936.16	1799.32	1909.41	
1955.74	1891.72	1964.32	1755.5	1974.12	1988.07	1804.54	1991.51	1498.49	1987.16	1515.32	1974.75	1639.34	1529.42	1285.5	1978.9	1983.49	1933.91	1905.47	1352.03	1760.81	1754.34	1936.16	1799.32	1909.41	
1955.74	1891.72	1964.32	1755.5	1974.12	1988.07	1804.54	1991.51	1498.49	1987.16	1515.32	1974.75	1639.34	1529.42	1285.5	1978.9	1983.49	1933.91	1905.47	1352.03	1760.81	1754.34	1936.16	1799.32	1909.41	
1955.74	1891.72	1964.32	1755.5	1974.12	1988.07	1804.54	1991.51	1498.49	1987.16	1515.32	1959.55	1639.34	1529.42	1285.5	1978.9	1983.49	1933.91	1905.47	1352.03	1760.81	1754.34	1936.16	1799.32	1909.41	
1955.74	1891.72	1964.32	1755.5	1974.12	1988.07	1804.54	1991.51	1498.49	1987.16	1515.32	1959.55	1639.34	1529.42	1285.5	1978.9	1983.49	1933.91	1905.47	1352.03	1760.81	1754.34	1936.16	1799.32	1909.41	
1955.74	1891.72	1964.32	1755.5	1974.12	1988.07	1804.54	1991.51	1498.49	1987.16	1515.32	1959.55	1639.34	1529.42	1285.5	1978.9	1983.49	1933.91	1905.47	1352.03	1760.81	1754.34	1936.16	1799.32	1909.41	
1955.74	1891.72	1964.32	1755.5	1974.12	1988.07	1804.54	1991.51	1498.49	1987.16	1515.32	1959.55	1639.34	1529.42	1285.5	1978.9	1983.49	1933.91	1905.47	1352.03	1760.81	1754.34	1936.16	1799.32	1909.41	
1955.74	1891.72	1964.32	1755.5	1974.12	1988.07	1804.54	1991.51	1498.49	1987.16	1515.32	1959.55	1639.34	1529.42	1285.5	1978.9	1983.49	1933.91	1905.47	1352.03	1760.81	1754.34	1936.16	1799.32	1909.41	
1955.74	1891.72	1964.32	1755.5	1974.12	1988.07	1804.54	1991.51	1498.49	1987.16	1515.32	1959.55	1639.34	1529.42	1285.5	1978.9	1983.49	1933.91	1905.47	1352.03	1760.81	1754.34	1936.16	1799.32	1909.41	
1955.74	1891.72	1964.32	1755.5	1974.12	1988.07	1804.54	1991.51	1498.49	1987.16	1515.32	1959.55	1639.34	1529.42	1285.5	1978.9	1983.49	1933.91	1905.47	1352.03	1760.81	1754.34	1936.16	1799.32	1909.41	
1955.74	1891.72	1964.32	1755.5	1974.12	1988.07	1804.54	1991.51	1498.49	1987.16	1515.32	1959.55	1639.34	1529.42	1285.5	1978.9	1983.49	1933.91	1905.47	1352.03	1760.81	1754.34	1936.16	1799.32	1909.41	
1955.03	1891.72	1964.32	1755.5	1974.12	1986.09	1804.54	1991.51	1498.49	1987.16	1515.32	1959.55	1639.34	1529.42	1285.5	1978.9	1983.49	1498.52	1905.47	1352.03	1760.81	1754.34	1936.16	1799.32	1909.41	
1955.03	1891.72	1964.32	1755.5	1974.12	1986.09	1804.54	1991.51	1498.49	1987.16	1515.32	1959.55	1639.34	1529.42	1285.5	1978.9	1983.49	1498.52	1905.47	1352.03	1760.81	1754.34	1936.16	1799.32	1909.41	
1955.03	1891.72	1964.32	1755.5	1974.12	1986.09	1804.54	1991.51	1498.49	1987.16	1515.32	1959.55	1639.34	1529.42	1285.5	1978.9	1983.49	1498.52	1905.47	1352.03	1760.81	1754.34	1936.16	1799.32	1909.41	
1955.03	1891.72	1964.32	1755.5	1974.12	1986.09	1804.54	1955.88	1498.49	1987.16	1515.32	1959.55	1639.34	1529.42	1285.5	1978.9	1983.49	1498.52	1905.47	1352.03	1760.81	1754.34	1936.16	1799.32	1909.41	
1955.03	1891.72	1964.32	1755.5	1974.12	1986.09	1804.54	1955.88	1498.49	1987.16	1515.32	1959.55	1639.34	1529.42	1285.5	1978.9	1983.49	1498.52	1905.47	1352.03	1760.81	1754.34	1936.16	1799.32	1909.41	
1955.03	1891.72	1964.32	1755.5	1974.12	1986.09	1804.54	1955.88	1498.49	1987.16	1515.32	1959.55	1639.34	1529.42	1285.5	1978.9	1983.49	1498.52	1905.47	1352.03	1760.81	1754.34	1936.16	1799.32	1909.41	
1955.03	1891.72	1964.32	1755.5	1974.12	1986.09	1804.54	1904.63	1498.49	1987.16	1515.32	1959.55	1639.34	1529.42	1285.5	1978.9	1983.49	1498.52	1905.47	1352.03	1760.81	1754.34	1936.16	1799.32	1909.41	
1955.03	1891.72	1964.32	1755.5	1974.12	1986.09	1804.54	1904.63	1498.49	1987.16	1515.32	1959.55	1639.34	1529.42	1285.5	1978.9	1983.49	1498.52	1905.47	1352.03	1760.81	1754.34	1936.16	1799.32	1909.41	
1955.03	1891.72	1964.32	1755.5	1974.12	1986.09	1804.54	1904.63	1498.49	1987.16	1515.32	1959.55	1639.34	1529.42	1285.5	1978.9	1983.49	1498.52	1905.47	1352.03	1760.81	1754.34	1936.16	1799.32	1909.41	
1955.03	1891.72	1964.32	1755.5	1974.12	1986.09	1804.54	1904.63	1498.49	1987.16	1515.32	1959.55	1639.34	1529.42	1285.5	1978.9	1983.49	1498.52	1905.47	1352.03	1760.81	1754.34	1936.16	1799.32	1909.41	
1955.03	1891.72	1964.32	1755.5	1974.12	1986.09	1804.54	1904.63	1498.49	1987.16	1515.32	1959.55	1639.34	1529.42	1285.5	1978.9	1983.49	1498.52	1905.47	1352.03	1760.81	1754.34	1936.16	1799.32	1909.41	
1955.03	1885.05	1964.32	1755.5	1764.99	1986.09	1804.54	1904.63	1498.49	1987.16	1515.32	1959.55	1639.34	1529.42	1285.5	1978.9	1983.49	1498.52	1905.47	1352.03	1760.81	1754.34	1936.16	1799.32	1909.41	
1955.03	1885.05	1964.32	1755.5	1764.99	1986.09	1804.54	1904.63	1498.49	1987.16	1515.32	1959.55	1639.34	1529.42	1285.5	1978.9	1983.49	1498.52	1905.47	1352.03	1760.81	1754.34	1936.16	1799.32	1909.41	
1955.03	1885.05	1964.32	1755.5	1764.99	1986.09	1804.54	1904.63	1498.49	1987.16	1515.32	1959.55	1639.34	1529.42	1285.5	1978.9	1983.49	1498.52	1905.47	1352.03	1760.81	1754.34	1936.16	1799.32	1909.41	
1955.03	1885.05	1964.32	1755.5	1764.99	1986.09	1804.54	1904.63	1498.49	1987.16	1515.32	1959.55	1639.34	1529.42	1285.5	1978.9	1983.49	1498.52	1905.47	1352.03	1760.81	1754.34	1936.16	1799.32	1909.41	
1955.03	1885.05	1941.78	1755.5	1764.99	1986.09	1804.54	1904.63	1498.49	1987.16	1515.32	1959.55	1639.34	1529.42	1285.5	1978.9	1983.49	1498.52	1905.47	1352.03	1760.81	1754.34	1521.79	1799.32	1909.41	
1955.03	1885.05	1941.78	1755.5	1764.99	1986.09	1804.54	1904.63	1498.49	1987.16	1515.32	1959.55	1639.34	1529.42	1285.5	1978.9	1983.49	1498.52	1905.47	1352.03	1760.81	1754.34	1521.79	1799.32	1909.41	
1955.03	1885.05	1941.78	1755.5	1764.99	1986.09	1804.54	1904.63	1498.49	1987.16	1515.32	1959.55	1639.34	1529.42	1285.5	1956.15	1983.49	1498.52	1905.47	1352.03	1760.81	1754.34	1521.79	1799.32	1909.41	
1955.03	1885.05	1941.78	1755.5	1764.99	1986.09	1804.54	1904.63	1498.49	1987.16	1515.32	1959.55	1639.34	1529.42	1285.5	1956.15	1983.49	1498.52	1905.47	1352.03	1760.81	1754.34	1521.79	1799.32	1909.41	
1945.43	1885.05	1941.78	1755.5	1764.99	1986.09	1804.54	1904.63	1498.49	1987.16	1515.32	1959.55	1639.34	1529.42	1285.5	1956.15	1983.49	1498.52	1905.47	1352.03	1760.81	1754.34	1521.79	1799.32	1909.41	
1945.43	1885.05	1941.78	1755.5	1764.99	1986.09	1804.54	1904.63	1498.49	1987.16	1515.32	1959.55	1639.34	1529.42	1285.5	1956.15	1983.49	1498.52	1905.47	1352.03	1760.81	1754.34	1521.79	1799.32	1909.41	
1945.43	1885.05	1941.78	1755.5	1764.99	1986.09	1804.54	1904.63	1498.49	1987.16	1515.32	1959.55	1639.34	1529.42	1285.5	1907.35	1983.49	1498.52	1905.47	1352.03	1760.81	1754.34	1521.79	1799.32	1909.41	
1945.43	1885.05	1941.78	1755.5	1764.99	1986.09	1804.54	1904.63	1498.49	1987.16	1515.32	1959.55	1639.34	1529.42	1285.5	1907.35	1983.49	1498.52	1905.47	1352.03	1760.81	1754.34	1521.79	1799.32	1909.41	
1945.43	1885.05	1941.78	1755.5	1764.99	1986.09	1804.54	1904.63	1498.49	1978.19	1515.32	1959.55	1639.34	1529.42	1285.5	1907.35	1983.49	1498.52	1905.47	1352.03	1760.81	1754.34	1521.79	1799.32	1909.41	
1933.42	1885.05	1941.78	1755.5	1764.99	1986.09	1804.54	1904.63	1498.49	1978.19	1515.32	1959.55	1639.34	1529.42	1285.5	1907.35	1983.49	1498.52	1905.47	1352.03	1760.81	1754.34	1521.79	1799.32	1909.41	
1933.42	1885.05	1941.78	1755.5	1764.99	1986.09	1804.54	1904.63	1498.49	1978.19	1515.32	1959.55	1639.34	1529.42	1285.5	1907.35	1983.49	1498.52	1905.47	1352.03	1760.81	1754.34	1521.79	1799.32	1909.41	
1933.42	1885.05	1941.78	1755.5	1764.99	1986.09	1804.54	1904.63	1498.49	1978.19	1515.32	1959.55	1639.34	1529.42	1285.5	1907.35	1983.49	1498.52	1905.47	1352.03	1760.81	1754.34	1521.79	1799.32	1909.41	
1933.42	1885.05	1941.78	1755.5	1764.99	1986.09	1804.54	1904.63	1498.49	1978.19	1515.32	1959.55	1639.34	1529.42	1285.5	1907.35	1983.49	1498.52	1905.47	1352.03	1760.81	1754.34	1521.79	1799.32	1909.41	
1927.07	1885.05	1941.78	1755.5	1764.99	1986.09	1804.54	1628.91	1498.49	1963.93	1515.32	1959.55	1639.34	1529.42	1285.5	1907.35	1983.49	1498.52	1905.47	1352.03	1760.81	1754.34	1521.79	1799.32	1909.41	
1927.07	1885.05	1941.78	1755.5	1764.99	1986.09	1804.54	1628.91	1498.49	1963.93	1515.32	1959.55	1639.34	1529.42	1285.5	1907.35	1983.19	1498.52	1905.47	1352.03	1760.81	1754.34	1521.79	1799.32	1909.41	
1927.07	1885.05	1941.78	1755.5	1764.99	1986.09	1804.54	1628.91	1498.49	1963.93	1515.32	1959.55	1639.34	1529.42	1285.5	1907.35	1983.19	1498.52	1905.47	1352.03	1760.81	1754.34	1521.79	1799.32	1909.41	
1927.07	1885.05	1941.78	1755.5	1764.99	1986.09	1804.54	1628.91	1498.49	1963.93	1515.32	1959.55	1639.34	1529.42	1285.5	1907.35	1983.19	1498.52	1905.47	1352.03	1760.81	1754.34	1521.79	1799.32	1909.41	
1927.07	1885.05	1941.78	1755.5	1764.99	1986.09	1804.54	1628.91	1498.49	1963.93	1515.32	1959.55	1639.34	1529.42	1285.5	1907.35	1983.19	1498.52	1905.47	1352.03	1760.81	1754.34	1521.79	1799.32	1909.41	
1921.16	1885.05	1941.78	1755.5	1764.99	1986.09	1804.54	1628.91	1498.49	1963.93	1515.32	1959.55	1639.34	1529.42	1285.5	1907.35	1983.19	1498.52	1905.47	1352.03	1760.81	1496.26	1521.79	1799.32	1909.41	
1921.16	1885.05	1941.78	1755.5	1764.99	1986.09	1804.54	1628.91	1498.49	1963.93	1515.32	1959.55	1639.34	1529.42	1285.5	1907.35	1983.19	1498.52	1905.47	1352.03	1760.81	1496.26	1521.79	1799.32	1909.41	
1921.16	1885.05	1941.78	1755.5	1764.99	1986.09	1804.54	1622.91	1498.49	1963.93	1515.32	1959.55	1639.34	1529.42	1285.5	1907.35	1983.19	1498.52	1905.47	1352.03	1760.81	1496.26	1521.79	1799.32	1909.41	
1921.16	1885.05	1941.78	1755.5	1764.99	1986.09	1804.54	1622.91	1498.49	1963.93	1515.32	1959.55	1639.34	1529.42	1285.5	1907.35	1983.19	1498.52	1905.47	1352.03	1760.81	1496.26	1521.79	1799.32	1909.41	
1921.16	1885.05	1941.78	1755.5	1764.99	1986.09	1804.54	1622.91	1498.49	1963.93	1515.32	1959.55	1639.34	1529.42	1285.5	1907.35	1845.02	1498.52	1905.47	1352.03	1760.81	1496.26	1521.79	1799.32	1909.41	
1921.16	1885.05	1941.78	1755.5	1764.99	1314.67	1804.54	1622.91	1498.49	1963.93	1515.32	1959.55	1639.34	1529.42	1285.5	1907.35	1845.02	1498.52	1905.47	1352.03	1760.81	1496.26	1521.79	1799.32	1909.41	
1921.16	1885.05	1941.78	1755.5	1764.99	1314.67	1804.54	1622.91	1498.49	1963.93	1515.32	1959.55	1639.34	1529.42	1285.5	1907.35	1845.02	1498.52	1905.47	1352.03	1760.81	1496.26	1521.79	1799.32	1909.41	
1921.16	1885.05	1941.78	1755.5	1764.99	1314.67	1804.54	1622.91	1498.49	1963.93	1515.32	1959.55	1639.34	1529.42	1285.5	1907.35	1845.02	1498.52	1905.47	1352.03	1760.81	1496.26	1521.79	1799.32	1909.41	
1921.16	1885.05	1941.78	1755.5	1764.99	1314.67	1804.54	1622.91	1498.49	1963.93	1515.32	1959.55	1639.34	1529.42	1285.5	1907.35	1845.02	1498.52	1905.47	1352.03	1760.81	1496.26	1521.79	1799.32	1909.41	
1921.16	1885.05	1941.78	1755.5	1764.99	1314.33	1804.54	1622.91	1498.49	1963.93	1515.32	1959.55	1639.34	1529.42	1285.5	1907.35	1845.02	1498.52	1905.47	1352.03	1760.81	1496.26	1521.79	1799.32	1909.41	
1921.16	1885.05	1941.78	1755.5	1764.99	1314.33	1804.54	1622.91	1498.49	1963.93	1515.32	1959.55	1639.34	1529.42	1285.5	1907.35	1845.02	1498.52	1905.47	1352.03	1760.81	1496.26	1521.79	1799.32	1909.41	
1921.16	1885.05	1941.78	1755.5	1764.99	1314.33	1804.54	1622.91	1498.49	1468.31	1515.32	1959.55	1639.34	1529.42	1285.5	1907.35	1845.02	1498.52	1905.47	1352.03	1760.81	1496.26	1521.79	1799.32	1909.41	
1921.16	1885.05	1941.78	1755.5	1764.99	1314.33	1804.54	1622.91	1498.49	1468.31	1515.32	1959.55	1639.34	1529.42	1285.5	1907.35	1845.02	1498.52	1905.47	1352.03	1760.81	1496.26	1521.79	1799.32	1909.41	
1921.16	1885.05	1941.78	1755.5	1764.99	1314.33	1804.54	1622.91	1498.49	1468.31	1515.32	1959.55	1639.34	1529.42	1285.5	1907.35	1845.02	1498.52	1905.47	1352.03	1760.81	1496.26	1521.79	1799.32	1909.41	
1921.16	1885.05	1941.78	1755.5	1764.99	1314.33	1804.54	1622.91	1498.49	1468.31	1515.32	1959.55	1639.34	1529.42	1285.5	1907.35	1845.02	1498.52	1905.47	1352.03	1760.81	1496.26	1521.79	1799.32	1909.41	
1921.16	1885.05	1941.78	1755.5	1764.99	1314.33	1804.54	1622.91	1498.49	1468.31	1515.32	1959.08	1639.34	1529.42	1285.5	1907.35	1845.02	1498.52	1905.47	1352.03	1760.81	1496.26	1521.79	1799.32	1909.41	
1921.16	1885.05	1941.78	1755.5	1764.99	1314.33	1804.54	1622.91	1498.49	1468.31	1515.32	1959.08	1639.34	1529.42	1285.5	1907.35	1845.02	1498.52	1905.47	1352.03	1760.81	1496.26	1521.79	1799.32	1909.41	
1921.16	1885.05	1941.78	1755.5	1764.99	1314.33	1804.54	1622.91	1498.49	1468.31	1515.32	1959.08	1639.34	1529.42	1285.5	1907.35	1845.02	1498.52	1905.47	1352.03	1760.81	1496.26	1521.79	1799.32	1909.41	
1921.16	1885.05	1941.78	1755.5	1764.99	1314.33	1804.54	1622.91	1498.49	1468.31	1515.32	1959.08	1639.34	1529.42	1285.5	1907.35	1845.02	1498.52	1905.47	1352.03	1760.81	1496.26	1521.79	1799.32	1909.41	
1921.16	1885.05	1941.78	1755.5	1764.99	1314.33	1804.54	1622.91	1498.49	1468.31	1515.32	1959.08	1639.34	1529.42	1285.5	1907.35	1845.02	1498.52	1905.47	1352.03	1760.81	1496.26	1521.79	1799.32	1909.41	
1921.16	1885.05	1941.78	1755.5	1764.99	1314.33	1804.54	1622.91	1498.49	1468.31	1515.32	1959.08	1639.34	1529.42	1285.5	1907.35	1845.02	1498.52	1905.47	1352.03	1760.81	1496.26	1521.79	1799.32	1909.41	
1921.16	1885.05	1941.78	1755.5	1764.99	1314.33	1804.54	1622.91	1498.49	1468.31	1515.32	1959.08	1639.34	1529.42	1285.5	1907.35	1845.02	1498.52	1905.47	1352.03	1760.81	1496.26	1521.79	1799.32	1909.41	
1921.16	1885.05	1941.78	1755.5	1764.99	1314.33	1804.54	1622.91	1498.49	1468.31	1515.32	1959.08	1639.34	1529.42	1285.5	1907.35	1845.02	1498.52	1905.47	1352.03	1760.81	1496.26	1521.79	1799.32	1909.41	
1921.16	1885.05	1941.78	1755.5	1764.99	1314.33	1804.54	1622.91	1498.49	1468.31	1515.32	1959.08	1639.34	1529.42	1285.5	1907.35	1845.02	1498.52	1905.47	1352.03	1760.81	1496.26	1521.79	1799.32	1909.41	
1921.16	1885.05	1941.78	1755.5	1764.99	1314.33	1804.54	1622.91	1498.49	1468.31	1515.32	1959.08	1639.34	1529.42	1285.5	1907.35	1845.02	1498.52	1905.47	1352.03	1760.81	1496.26	1521.79	1799.32	1909.41	
1921.16	1885.05	1941.78	1755.5	1764.99	1314.33	1804.54	1622.91	1498.49	1468.31	1515.32	1959.08	1639.34	1529.42	1285.5	1907.35	1845.02	1498.52	1905.47	1352.03	1760.81	1496.26	1521.79	1799.32	1909.41	
1921.16	1885.05	1941.78	1755.5	1764.99	1314.33	1804.54	1622.91	1498.49	1468.31	1515.32	1959.08	1639.34	1529.42	1285.5	1907.35	1845.02	1498.52	1905.47	1352.03	1760.81	1496.26	1521.79	1799.32	1909.41	
1921.16	1885.05	1941.78	1755.5	1764.99	1314.33	1804.54	1622.91	1498.49	1468.31	1515.32	1959.08	1639.34	1529.42	1285.5	1907.35	1845.02	1498.52	1905.47	1352.03	1760.81	1496.26	1521.79	1799.32	1909.41	
1921.16	1885.05	1940.54	1755.5	1764.99	1314.33	1804.54	1622.91	1498.49	1468.31	1515.32	1959.08	1639.34	1529.42	1285.5	1907.35	1845.02	1498.52	1905.47	1352.03	1760.81	1496.26	1521.79	1799.32	1909.41	
1921.16	1885.05	1940.54	1755.5	1764.99	1314.33	1804.54	1622.91	1498.49	1468.31	1515.32	1959.08	1639.34	1529.42	1285.5	1907.35	1845.02	1498.52	1905.47	1352.03	1760.81	1496.26	1521.79	1799.32	1909.41	
1921.16	1885.05	1940.54	1755.5	1764.99	1314.33	1804.54	1622.91	1498.49	1468.31	1515.32	1959.08	1639.34	1529.42	1285.5	1907.35	1845.02	1498.52	1905.47	1352.03	1760.81	1496.26	1521.79	1799.32	1872.64	
1921.16	1885.05	1940.54	1755.5	1764.99	1314.33	1804.54	1622.91	1498.49	1468.31	1515.32	1959.08	1639.34	1529.42	1285.5	1907.35	1845.02	1498.52	1905.47	1352.03	1760.81	1496.26	1521.79	1799.32	1872.64	
1921.16	1885.05	1940.54	1755.5	1764.99	1314.33	1804.54	1622.91	1498.49	1468.31	1515.32	1959.08	1639.34	1529.42	1285.5	1907.35	1845.02	1498.52	1905.47	1352.03	1760.81	1496.26	1521.79	1799.32	1872.64	
1921.16	1885.05	1940.54	1755.5	1764.99	1314.33	1804.54	1622.91	1498.49	1468.31	1515.32	1959.08	1639.34	1529.42	1285.5	1907.35	1845.02	1498.52	1905.47	1352.03	1760.81	1496.26	1521.79	1799.32	1872.64	
1921.16	1885.05	1940.54	1755.5	1764.99	1314.33	1804.54	1622.91	1498.49	1468.31	1515.32	1959.08	1639.34	1529.42	1285.5	1907.35	1845.02	1498.52	1905.47	1352.03	1760.81	1496.26	1521.79	1799.32	1872.64	
1921.16	1885.05	1940.54	1755.5	1764.99	1314.33	1804.54	1622.91	1498.49	1468.31	1515.32	1794.68	1639.34	1529.42	1285.5	1907.35	1845.02	1498.52	1905.47	1352.03	1760.81	1496.26	1521.79	1799.32	1872.64	
1921.16	1885.05	1940.54	1755.5	1764.99	1314.33	1804.54	1622.91	1498.49	1468.31	1515.32	1794.68	1639.34	1529.42	1285.5	1907.35	1845.02	1498.52	1905.47	1352.03	1760.81	1496.26	1521.79	1799.32	1872.64	
1921.16	1885.05	1940.54	1755.5	1764.99	1314.33	1804.54	1622.91	1498.49	1468.31	1515.32	1794.68	1639.34	1529.42	1285.5	1907.35	1845.02	1498.52	1905.47	1352.03	1760.81	1496.26	1521.79	1799.32	1872.64	
1921.16	1885.05	1940.54	1755.5	1764.99	1314.33	1804.54	1622.91	1498.49	1468.31	1515.32	1794.68	1639.34	1529.42	1285.5	1907.35	1845.02	1498.52	1905.47	1352.03	1760.81	1496.26	1521.79	1799.32	1872.64	
1921.16	1885.05	1940.54	1755.5	1764.99	1314.33	1804.54	1622.91	1498.49	1468.31	1515.32	1794.68	1639.34	1529.42	1285.5	1907.35	1845.02	1498.52	1905.47	1352.03	1760.81	1496.26	1521.79	1799.32	1872.64	
1921.16	1885.05	1940.54	1755.5	1764.99	1314.33	1804.54	1622.91	1498.49	1468.31	1515.32	1794.68	1639.34	1529.42	1285.5	1907.35	1845.02	1498.52	1905.47	1352.03	1760.81	1496.26	1521.79	1799.32	1872.64	
1921.16	1885.05	1940.54	1755.5	1764.99	1314.33	1804.54	1622.91	1498.49	1468.31	1515.32	1794.68	1639.34	1529.42	1285.5	1907.35	1845.02	1498.52	1905.47	1352.03	1760.81	1496.26	1521.79	1799.32	1872.64	
1921.16	1885.05	1940.54	1755.5	1764.99	1314.33	1804.54	1622.91	1498.49	1468.31	1515.32	1794.68	1639.34	1529.42	1285.5	1907.35	1845.02	1498.52	1905.47	1352.03	1760.81	1496.26	1521.79	1799.32	1872.64	
1921.16	1885.05	1940.54	1755.5	1764.99	1314.33	1804.54	1622.91	1498.49	1468.31	1515.32	1794.68	1639.34	1529.42	1285.5	1907.35	1845.02	1498.52	1905.47	1352.03	1760.81	1496.26	1521.79	1799.32	1872.64	
1921.16	1885.05	1940.54	1755.5	1764.99	1314.33	1804.54	1622.91	1498.49	1468.31	1515.32	1794.68	1639.34	1529.42	1285.5	1907.35	1845.02	1498.52	1905.47	1352.03	1760.81	1496.26	1521.79	1799.32	1872.64	
1921.16	1885.05	1940.54	1755.5	1764.99	1314.33	1804.54	1622.91	1498.49	1468.31	1515.32	1794.68	1639.34	1529.42	1285.5	1907.35	1845.02	1498.52	1905.47	1352.03	1760.81	1496.26	1521.79	1799.32	1322.21	
1921.16	1885.05	1940.54	1755.5	1764.99	1314.33	1804.54	1622.91	1498.49	1468.31	1515.32	1794.68	1639.34	1529.42	1285.5	1907.35	1845.02	1498.52	1905.47	1352.03	1760.81	1496.26	1521.79	1799.32	1322.21	
1921.16	1885.05	1940.54	1755.5	1764.99	1314.33	1804.54	1622.91	1498.49	1468.31	1515.32	1794.68	1639.34	1529.42	1285.5	1907.35	1845.02	1498.52	1905.47	1352.03	1760.81	1496.26	1521.79	1799.32	1322.21	
1921.16	1885.05	1940.54	1755.5	1764.99	1314.33	1804.54	1622.91	1498.49	1468.31	1515.32	1794.68	1639.34	1529.42	1285.5	1907.35	1845.02	1498.52	1905.47	1352.03	1760.81	1496.26	1521.79	1799.32	1322.21	
1921.16	1885.05	1940.54	1755.5	1764.99	1314.33	1804.54	1622.91	1498.49	1468.31	1515.32	1794.68	1639.34	1529.42	1285.5	1907.35	1845.02	1498.52	1905.47	1352.03	1760.81	1496.26	1521.79	1799.32	1322.21	
1921.16	1885.05	1940.54	1755.5	1764.99	1314.33	1804.54	1622.91	1498.49	1468.31	1515.32	1794.68	1639.34	1529.42	1285.5	1907.35	1845.02	1498.52	1905.47	1352.03	1760.81	1496.26	1521.79	1799.32	1322.21	
1921.16	1885.05	1940.54	1755.5	1764.99	1314.33	1804.54	1622.91	1498.49	1468.31	1515.32	1794.68	1639.34	1529.42	1285.5	1907.35	1845.02	1498.52	1905.47	1352.03	1760.81	1496.26	1521.79	1799.32	1322.21	
1921.16	1885.05	1940.54	1755.5	1764.99	1314.33	1804.54	1622.91	1498.49	1468.31	1515.32	1794.68	1639.34	1529.42	1285.5	1907.35	1845.02	1498.52	1905.47	1352.03	1760.81	1496.26	1521.79	1799.32	1322.21	
1921.16	1885.05	1940.54	1755.5	1764.99	1314.33	1804.54	1622.91	1498.49	1468.31	1515.32	1794.68	1639.34	1529.42	1285.5	1907.35	1845.02	1498.52	1905.47	1352.03	1760.81	1496.26	1521.79	1799.32	1322.21	
1921.16	1885.05	1940.54	1755.5	1764.99	1314.33	1804.54	1622.91	1498.49	1468.31	1515.32	1794.68	1639.34	1529.42	1285.5	1907.35	1845.02	1498.52	1905.47	1352.03	1760.81	1496.26	1521.79	1799.32	1322.21	
1921.16	1838.35	1940.54	1755.5	1764.99	1314.33	1804.54	1622.91	1498.49	1468.31	1515.32	1794.68	1639.34	1529.42	1285.5	1907.35	1845.02	1498.52	1905.47	1352.03	1760.81	1496.26	1521.79	1799.32	1322.21	
1921.16	1838.35	1940.54	1755.5	1764.99	1314.33	1804.54	1622.91	1498.49	1468.31	1515.32	1794.68	1639.34	1529.42	1285.5	1907.35	1845.02	1498.52	1905.47	1352.03	1760.81	1496.26	1521.79	1799.32	1322.21	
1921.16	1838.35	1940.54	1755.5	1764.99	1314.33	1804.54	1622.91	1498.49	1468.31	1515.32	1794.68	1639.34	1529.42	1285.5	1907.35	1845.02	1498.52	1905.47	1352.03	1760.81	1496.26	1521.79	1799.32	1322.21	
1921.16	1838.35	1940.54	1755.5	1764.99	1314.33	1804.54	1622.91	1498.49	1468.31	1515.32	1794.68	1639.34	1529.42	1285.5	1907.35	1845.02	1498.52	1905.47	1352.03	1760.81	1496.26	1521.79	1799.32	1322.21	
1921.16	1838.35	1940.54	1755.5	1764.99	1314.33	1804.54	1622.91	1498.49	1468.31	1515.32	1794.68	1639.34	1529.42	1285.5	1907.35	1845.02	1498.52	1905.47	1352.03	1760.81	1496.26	1521.79	1799.32	1322.21	
1921.16	1838.35	1940.54	1755.5	1764.99	1314.33	1804.54	1622.91	1498.49	1468.31	1515.32	1794.68	1639.34	1529.42	1285.5	1907.35	1845.02	1498.52	1905.47	1352.03	1760.81	1496.26	1521.79	1799.32	1322.21	
1921.16	1838.35	1940.54	1755.5	1764.99	1314.33	1804.54	1622.91	1498.49	1468.31	1515.32	1794.68	1639.34	1529.42	1285.5	1907.35	1845.02	1498.52	1905.47	1352.03	1760.81	1496.26	1521.79	1799.32	1322.21	
1921.16	1838.35	1940.54	1755.5	1764.99	1314.33	1804.54	1622.91	1498.49	1468.31	1515.32	1794.68	1639.34	1529.42	1285.5	1907.35	1845.02	1498.52	1905.47	1352.03	1760.81	1496.26	1521.79	1799.32	1322.21	
1921.16	1838.35	1940.54	1755.5	1764.99	1314.33	1804.54	1622.91	1498.49	1468.31	1515.32	1794.68	1639.34	1529.42	1285.5	1907.35	1845.02	1498.52	1905.47	1352.03	1760.81	1496.26	1521.79	1799.32	1322.21	
1921.16	1838.35	1940.54	1755.5	1764.99	1314.33	1804.54	1622.91	1498.49	1468.31	1515.32	1794.68	1639.34	1529.42	1285.5	1907.35	1845.02	1498.52	1905.47	1352.03	1760.81	1496.26	1521.79	1799.32	1322.21	
1921.16	1838.35	1940.54	1755.5	1764.99	1314.33	1804.54	1622.91	1498.49	1468.31	1515.32	1794.68	1639.34	1529.42	1285.5	1907.35	1845.02	1498.52	1905.47	1352.03	1760.81	1496.26	1521.79	1799.32	1322.21	
1921.16	1838.35	1940.54	1755.5	1764.99	1314.33	1804.54	1622.91	1498.49	1468.31	1515.32	1794.68	1639.34	1529.42	1285.5	1907.35	1845.02	1498.52	1905.47	1352.03	1760.81	1496.26	1521.79	1799.32	1322.21	
1921.16	1838.35	1940.54	1755.5	1764.99	1314.33	1804.54	1622.91	1498.49	1468.31	1515.32	1794.68	1639.34	1529.42	1285.5	1907.35	1845.02	1498.52	1905.47	1352.03	1760.81	1496.26	1521.79	1799.32	1322.21	
1921.16	1838.35	1940.54	1755.5	1764.99	1314.33	1804.54	1622.91	1498.49	1468.31	1515.32	1794.68	1639.34	1529.42	1285.5	1907.35	1845.02	1498.52	1905.47	1352.03	1760.81	1496.26	1521.79	1799.32	1322.21	
1921.16	1838.35	1940.54	1755.5	1764.99	1314.33	1804.54	1622.91	1498.49	1468.31	1515.32	1794.68	1639.34	1529.42	1285.5	1907.35	1845.02	1498.52	1905.47	1352.03	1760.81	1496.26	1521.79	1799.32	1322.21	
1921.16	1838.35	1940.54	1755.5	1764.99	1314.33	1804.54	1622.91	1498.49	1468.31	1515.32	1794.68	1639.34	1529.42	1285.5	1907.35	1845.02	1498.52	1905.47	1352.03	1760.81	1496.26	1521.79	1799.32	1322.21	
1921.16	1838.35	1940.54	1755.5	1764.99	1314.33	1804.54	1622.91	1498.49	1468.31	1515.32	1794.68	1639.34	1529.42	1285.5	1907.35	1845.02	1498.52	1905.47	1352.03	1760.81	1496.26	1521.79	1799.32	1322.21	
1921.16	1838.35	1940.54	1755.5	1764.99	1314.33	1804.54	1622.91	1498.49	1468.31	1515.32	1794.68	1639.34	1529.42	1285.5	1907.35	1845.02	1498.52	1905.47	1352.03	1760.81	1496.26	1521.79	1799.32	1322.21	
1921.16	1838.35	1940.54	1755.5	1764.99	1314.33	1804.54	1622.91	1498.49	1468.31	1515.32	1794.68	1639.34	1529.42	1285.5	1907.35	1845.02	1498.52	1905.47	1352.03	1311.49	1496.26	1521.79	1799.32	1322.21	
1921.16	1838.35	1940.54	1755.5	1764.99	1314.33	1804.54	1622.91	1498.49	1468.31	1515.32	1794.68	1639.34	1529.42	1285.5	1907.35	1845.02	1498.52	1905.47	1352.03	1311.49	1496.26	1521.79	1799.32	1322.21	
1921.16	1838.35	1940.54	1755.5	1764.99	1314.33	1804.54	1622.91	1498.49	1468.31	1515.32	1794.68	1639.34	1529.42	1285.5	1907.35	1845.02	1498.52	1905.47	1352.03	1311.49	1496.26	1521.79	1799.32	1322.21	
1921.16	1838.35	1940.54	1755.5	1764.99	1314.33	1804.54	1622.91	1498.49	1468.31	1515.32	1794.68	1639.34	1529.42	1285.5	1907.35	1845.02	1498.52	1905.47	1352.03	1311.49	1496.26	1521.79	1799.32	1322.21	
1921.16	1838.35	1940.54	1755.5	1764.99	1314.33	1804.54	1622.91	1498.49	1468.31	1515.32	1794.68	1639.34	1529.42	1285.5	1907.35	1845.02	1498.52	1905.47	1352.03	1311.49	1496.26	1521.79	1799.32	1322.21	
1921.16	1838.35	1940.54	1755.5	1764.99	1314.33	1804.54	1622.91	1498.49	1468.31	1515.32	1794.68	1639.34	1529.42	1285.5	1907.35	1845.02	1498.52	1905.47	1352.03	1311.49	1496.26	1521.79	1799.32	1322.21	
1921.16	1838.35	1940.54	1755.5	1764.99	1314.33	1804.54	1622.91	1498.49	1468.31	1515.32	1794.68	1639.34	1529.42	1285.5	1907.35	1845.02	1498.52	1905.47	1352.03	1311.49	1496.26	1521.79	1799.32	1322.21	
1921.16	1838.35	1940.54	1755.5	1764.99	1314.33	1804.54	1622.91	1498.49	1468.31	1515.32	1794.68	1639.34	1529.42	1285.5	1907.35	1845.02	1498.52	1905.47	1352.03	1311.49	1496.26	1521.79	1799.32	1322.21	
1921.16	1838.35	1940.54	1755.5	1764.99	1314.33	1804.54	1622.91	1498.49	1468.31	1515.32	1794.68	1639.34	1529.42	1285.5	1907.35	1845.02	1498.52	1905.47	1352.03	1311.49	1496.26	1521.79	1799.32	1322.21	
1921.16	1838.35	1940.54	1755.5	1764.99	1314.33	1804.54	1622.91	1498.49	1468.31	1515.32	1794.68	1639.34	1529.42	1285.5	1907.35	1845.02	1498.52	1905.47	1352.03	1311.49	1496.26	1521.79	1799.32	1322.21	
1921.16	1838.35	1940.54	1755.5	1764.99	1314.33	1804.54	1622.91	1498.49	1468.31	1515.32	1794.68	1639.34	1529.42	1285.5	1907.35	1845.02	1498.52	1905.47	1352.03	1311.49	1496.26	1521.79	1799.32	1322.21	
1921.16	1838.35	1940.54	1755.5	1764.99	1314.33	1804.54	1622.91	1498.49	1468.31	1515.32	1794.68	1639.34	1529.42	1285.5	1907.35	1845.02	1498.52	1905.47	1352.03	1311.49	1496.26	1521.79	1799.32	1322.21	
1921.16	1838.35	1940.54	1755.5	1764.99	1314.33	1804.54	1622.91	1498.49	1468.31	1515.32	1794.68	1639.34	1529.42	1285.5	1907.35	1845.02	1498.52	1905.47	1352.03	1311.49	1496.26	1521.79	1799.32	1322.21	
1921.16	1838.35	1940.54	1755.5	1764.99	1314.33	1804.54	1622.91	1498.49	1468.31	1515.32	1794.68	1639.34	1529.42	1285.5	1907.35	1845.02	1498.52	1905.47	1352.03	1311.49	1496.26	1521.79	1799.32	1322.21	
1921.16	1838.35	1940.54	1755.5	1764.99	1314.33	1804.54	1622.91	1498.49	1468.31	1515.32	1794.68	1639.34	1529.42	1285.5	1907.35	1845.02	1498.52	1905.47	1352.03	1308	1496.26	1521.79	1799.32	1322.21	
1921.16	1838.35	1940.54	1755.5	1764.99	1314.33	1804.54	1622.91	1498.49	1468.31	1515.32	1794.68	1639.34	1529.42	1285.5	1907.35	1845.02	1498.52	1905.47	1352.03	1308	1496.26	1521.79	1799.32	1322.21	
1921.16	1838.35	1940.54	1755.5	1764.99	1314.33	1804.54	1622.91	1498.49	1468.31	1515.32	1794.68	1639.34	1529.42	1285.5	1907.35	1845.02	1498.52	1905.47	1352.03	1308	1496.26	1521.79	1799.32	1322.21	
1921.16	1838.35	1940.54	1755.5	1764.99	1314.33	1804.54	1622.91	1498.49	1468.31	1515.32	1794.68	1639.34	1529.42	1285.5	1907.35	1845.02	1498.52	1905.47	1352.03	1308	1496.26	1521.79	1799.32	1322.21	
1921.16	1838.35	1940.54	1755.5	1764.99	1314.33	1804.54	1622.91	1498.49	1468.31	1515.32	1794.68	1639.34	1529.42	1285.5	1907.35	1845.02	1498.52	1905.47	1352.03	1308	1496.26	1521.79	1799.32	1322.21	
1921.16	1838.35	1940.54	1755.5	1764.99	1314.33	1804.54	1622.91	1498.49	1468.31	1515.32	1794.68	1639.34	1529.42	1285.5	1907.35	1845.02	1498.52	1905.47	1352.03	1308	1496.26	1521.79	1799.32	1322.21	
1921.16	1838.35	1940.54	1755.5	1764.99	1314.33	1804.54	1622.91	1498.49	1468.31	1515.32	1794.68	1639.34	1529.42	1285.5	1907.35	1845.02	1498.52	1905.47	1352.03	1308	1496.26	1521.79	1799.32	1322.21	
1921.16	1838.35	1940.54	1755.5	1764.99	1314.33	1804.54	1622.91	1498.49	1468.31	1515.32	1794.68	1639.34	1529.42	1285.5	1907.35	1845.02	1498.52	1905.47	1352.03	1308	1496.26	1521.79	1799.32	1322.21	
1921.16	1838.35	1940.54	1755.5	1764.99	1314.33	1804.54	1622.91	1498.49	1468.31	1515.32	1794.68	1639.34	1529.42	1285.5	1907.35	1845.02	1498.52	1905.47	1352.03	1308	1496.26	1521.79	1799.32	1322.21	
1921.16	1838.35	1940.54	1755.5	1764.99	1314.33	1804.54	1622.91	1498.49	1468.31	1515.32	1794.68	1639.34	1529.42	1285.5	1907.35	1845.02	1498.52	1905.47	1352.03	1308	1496.26	1521.79	1799.32	1322.21	
1860.28	1838.35	1940.54	1755.5	1764.99	1314.33	1804.54	1622.91	1498.49	1468.31	1515.32	1794.68	1639.34	1529.42	1285.5	1907.35	1845.02	1498.52	1905.47	1352.03	1308	1496.26	1521.79	1799.32	1322.21	
1860.28	1838.35	1940.54	1755.5	1764.99	1314.33	1801.69	1622.91	1498.49	1468.31	1515.32	1794.68	1639.34	1529.42	1285.5	1907.35	1845.02	1498.52	1905.47	1352.03	1308	1496.26	1521.79	1799.32	1322.21	
1860.28	1838.35	1940.54	1755.5	1764.99	1314.33	1801.69	1622.91	1498.49	1468.31	1515.32	1794.68	1639.34	1529.42	1285.5	1907.35	1845.02	1498.52	1905.47	1352.03	1308	1496.26	1521.79	1799.32	1322.21	
1860.28	1838.35	1940.54	1755.5	1764.99	1314.33	1801.69	1622.91	1498.49	1468.31	1515.32	1794.68	1639.34	1529.42	1285.5	1907.35	1845.02	1498.52	1905.47	1352.03	1308	1496.26	1521.79	1799.32	1322.21	
1860.28	1838.35	1940.54	1755.5	1764.99	1314.33	1801.69	1622.91	1498.49	1468.31	1515.32	1794.68	1639.34	1529.42	1285.5	1907.35	1845.02	1498.52	1905.47	1352.03	1308	1496.26	1521.79	1799.32	1322.21	
1860.28	1838.35	1940.54	1755.5	1764.99	1314.33	1801.69	1622.91	1498.49	1468.31	1515.32	1794.68	1639.34	1529.42	1285.5	1907.35	1845.02	1498.52	1905.47	1352.03	1308	1496.26	1521.79	1799.32	1322.21	
1860.28	1838.35	1940.54	1755.5	1764.99	1314.33	1801.69	1622.91	1498.49	1468.31	1515.32	1794.68	1639.34	1529.42	1285.5	1907.35	1845.02	1498.52	1905.47	1352.03	1308	1496.26	1521.79	1799.32	1322.21	
1860.28	1838.35	1940.54	1755.5	1764.99	1314.33	1801.69	1622.91	1498.49	1468.31	1515.32	1794.68	1639.34	1529.42	1285.5	1907.35	1845.02	1498.52	1905.47	1352.03	1308	1496.26	1521.79	1799.32	1322.21	
1860.28	1838.35	1940.54	1755.5	1764.99	1314.33	1801.69	1622.91	1498.49	1468.31	1515.32	1794.68	1639.34	1529.42	1285.5	1907.35	1845.02	1498.52	1905.47	1352.03	1308	1496.26	1521.79	1799.32	1322.21	
1860.28	1838.35	1940.54	1755.5	1764.99	1314.33	1801.69	1622.91	1498.49	1468.31	1515.32	1794.68	1639.34	1529.42	1285.5	1907.35	1845.02	1498.52	1905.47	1352.03	1308	1496.26	1521.79	1799.32	1322.21	
1860.28	1838.35	1940.54	1755.5	1764.99	1314.33	1801.69	1622.91	1498.49	1468.31	1515.32	1794.68	1639.34	1529.42	1285.5	1907.35	1845.02	1498.52	1905.47	1352.03	1308	1496.26	1521.79	1799.32	1322.21	
1860.28	1838.35	1940.54	1755.5	1764.99	1314.33	1801.69	1622.91	1498.49	1468.31	1515.32	1794.68	1518.63	1529.42	1285.5	1907.35	1845.02	1498.52	1905.47	1352.03	1308	1496.26	1521.79	1799.32	1322.21	
1860.28	1838.35	1940.54	1755.5	1764.99	1314.33	1801.69	1622.91	1498.49	1468.31	1515.32	1794.68	1518.63	1529.42	1285.5	1907.35	1845.02	1498.52	1905.47	1352.03	1308	1496.26	1521.79	1799.32	1322.21	
1860.28	1838.35	1940.54	1755.5	1764.99	1314.33	1801.69	1622.91	1498.49	1468.31	1515.32	1794.68	1518.63	1529.42	1285.5	1907.35	1845.02	1498.52	1905.47	1352.03	1308	1496.26	1521.79	1799.32	1322.21	
1860.28	1838.35	1940.54	1755.5	1764.99	1314.33	1801.69	1622.91	1498.49	1468.31	1515.32	1794.68	1518.63	1529.42	1285.5	1907.35	1845.02	1498.52	1905.47	1352.03	1308	1496.26	1521.79	1799.32	1322.21	
1860.28	1838.35	1940.54	1755.5	1764.99	1314.33	1801.69	1622.91	1498.49	1468.31	1515.32	1794.68	1518.63	1529.42	1285.5	1907.35	1845.02	1498.52	1905.47	1352.03	1308	1496.26	1521.79	1799.32	1322.21	
1860.28	1838.35	1940.54	1755.5	1764.99	1314.33	1801.69	1622.91	1498.49	1468.31	1515.32	1794.68	1518.63	1529.42	1285.5	1907.35	1845.02	1498.52	1905.47	1352.03	1308	1496.26	1521.79	1799.32	1322.21	
1860.28	1838.35	1940.54	1755.5	1764.99	1314.33	1801.69	1622.91	1498.49	1468.31	1515.32	1794.68	1518.63	1529.42	1285.5	1907.35	1845.02	1498.52	1905.47	1352.03	1308	1496.26	1521.79	1799.32	1322.21	
1860.28	1838.35	1940.54	1755.5	1764.99	1314.33	1801.69	1622.91	1498.49	1468.31	1515.32	1794.68	1518.63	1529.42	1285.5	1907.35	1845.02	1498.52	1905.47	1352.03	1308	1496.26	1521.79	1799.32	1322.21	
1860.28	1703.62	1940.54	1755.5	1764.99	1314.33	1801.69	1622.91	1498.49	1468.31	1515.32	1794.68	1518.63	1529.42	1285.5	1907.35	1845.02	1498.52	1905.47	1352.03	1308	1496.26	1521.79	1799.32	1322.21	
1860.28	1703.62	1940.54	1755.5	1764.99	1314.33	1801.69	1622.91	1498.49	1468.31	1515.32	1794.68	1518.63	1529.42	1285.5	1907.35	1845.02	1498.52	1905.47	1352.03	1308	1496.26	1521.79	1799.32	1322.21	
1860.28	1703.62	1940.54	1755.5	1764.99	1314.33	1801.69	1622.91	1498.49	1468.31	1515.32	1794.68	1518.63	1529.42	1285.5	1907.35	1845.02	1498.52	1905.47	1352.03	1308	1496.26	1521.79	1799.32	1322.21	
1853.41	1703.62	1826.26	1755.5	1764.99	1314.33	1801.69	1622.91	1498.49	1468.31	1515.32	1794.68	1518.63	1529.42	1285.5	1907.35	1845.02	1498.52	1905.47	1352.03	1308	1496.26	1521.79	1799.32	1322.21	
1853.41	1703.62	1826.26	1755.5	1764.99	1314.33	1627.92	1622.91	1498.49	1468.31	1515.32	1794.68	1518.63	1529.42	1285.5	1907.35	1845.02	1498.52	1905.47	1352.03	1308	1496.26	1521.79	1799.32	1322.21	
1853.41	1703.62	1826.26	1755.5	1764.99	1314.33	1627.92	1622.91	1498.49	1468.31	1515.32	1794.68	1518.63	1529.42	1285.5	1907.35	1845.02	1498.52	1905.47	1352.03	1308	1496.26	1521.79	1799.32	1322.21	
1853.41	1703.62	1826.26	1755.5	1764.99	1314.33	1627.92	1622.91	1498.49	1468.31	1515.32	1794.68	1518.63	1529.42	1285.5	1907.35	1845.02	1498.52	1905.47	1352.03	1308	1496.26	1521.79	1799.32	1322.21	
1853.41	1703.62	1826.26	1755.5	1764.99	1314.33	1627.92	1622.91	1498.49	1468.31	1515.32	1794.68	1518.63	1529.42	1285.5	1907.35	1845.02	1498.52	1905.47	1352.03	1308	1496.26	1521.79	1799.32	1322.21	
1853.41	1703.62	1826.26	1755.5	1764.99	1314.33	1627.92	1622.91	1498.49	1468.31	1515.32	1794.68	1518.63	1529.42	1285.5	1907.35	1845.02	1498.52	1905.47	1352.03	1308	1496.26	1521.79	1799.32	1322.21	
1853.41	1703.62	1826.26	1755.5	1764.99	1314.33	1627.92	1622.91	1498.49	1468.31	1515.32	1794.68	1518.63	1529.42	1285.5	1845.46	1845.02	1498.52	1905.47	1352.03	1308	1496.26	1521.79	1799.32	1322.21	
1853.41	1439.26	1826.26	1755.5	1764.99	1314.33	1627.92	1622.91	1498.49	1468.31	1515.32	1794.68	1518.63	1529.42	1285.5	1845.46	1845.02	1498.52	1905.47	1352.03	1308	1496.26	1521.79	1799.32	1322.21	
1853.41	1439.26	1826.26	1755.5	1764.99	1314.33	1627.92	1622.91	1498.49	1468.31	1515.32	1794.68	1518.63	1529.42	1285.5	1845.46	1845.02	1498.52	1905.47	1352.03	1308	1496.26	1521.79	1799.32	1322.21	
1853.41	1439.26	1826.26	1755.5	1764.99	1314.33	1627.92	1622.91	1498.49	1468.31	1515.32	1794.68	1518.63	1529.42	1285.5	1845.46	1845.02	1498.52	1483.75	1352.03	1308	1496.26	1521.79	1799.32	1322.21	
1853.41	1439.26	1826.26	1755.5	1764.99	1314.33	1627.92	1622.91	1498.49	1468.31	1515.32	1794.68	1518.63	1529.42	1285.5	1845.46	1845.02	1498.52	1483.75	1352.03	1308	1496.26	1521.79	1799.32	1322.21	
1853.41	1439.26	1826.26	1755.5	1764.99	1314.33	1627.92	1622.91	1498.49	1468.31	1515.32	1794.68	1518.63	1529.42	1285.5	1845.46	1845.02	1498.52	1483.75	1352.03	1308	1496.26	1521.79	1799.32	1322.21	
1853.41	1359.68	1826.26	1755.5	1764.99	1314.33	1627.92	1622.91	1498.49	1468.31	1515.32	1794.68	1518.63	1529.42	1285.5	1845.46	1845.02	1498.52	1483.75	1352.03	1308	1327.94	1521.79	1799.32	1322.21	
1853.41	1359.68	1826.26	1755.5	1764.99	1314.33	1627.92	1622.91	1498.49	1468.31	1515.32	1794.68	1518.63	1529.42	1285.5	1845.46	1845.02	1498.52	1483.75	1352.03	1308	1327.94	1521.79	1799.32	1322.21	
1853.41	1338.09	1826.26	1755.5	1764.99	1314.33	1627.92	1622.91	1498.49	1468.31	1515.32	1794.68	1518.63	1529.42	1285.5	1845.46	1845.02	1297	1483.75	1352.03	1308	1327.94	1521.79	1799.32	1322.21	
1853.41	1323.7	1826.26	1755.5	1764.99	1314.33	1627.92	1622.91	1498.49	1468.31	1515.32	1794.68	1518.63	1529.42	1285.5	1845.46	1845.02	1297	1483.75	1352.03	1308	1327.94	1521.79	1799.32	1322.21	
1853.41	1323.7	1826.26	1755.5	1764.99	1314.33	1627.92	1622.91	1498.49	1468.31	1515.32	1794.68	1518.63	1529.42	1285.5	1845.46	1845.02	1297	1483.75	1352.03	1308	1327.94	1521.79	1799.32	1322.21	
1853.41	1323.7	1826.26	1755.5	1764.99	1314.33	1627.92	1622.91	1498.49	1468.31	1515.32	1794.68	1518.63	1529.42	1285.5	1845.46	1845.02	1297	1483.75	1352.03	1308	1327.94	1521.79	1799.32	1322.21	
1853.41	1323.7	1826.26	1755.5	1764.99	1314.33	1627.92	1622.91	1498.49	1468.31	1515.32	1794.68	1518.63	1529.42	1285.5	1845.46	1845.02	1297	1483.75	1352.03	1308	1327.94	1521.79	1799.32	1322.21	
1853.41	1323.7	1826.26	1755.5	1764.99	1314.33	1627.92	1622.91	1498.49	1468.31	1515.32	1794.68	1518.63	1529.42	1285.5	1845.46	1845.02	1297	1483.75	1352.03	1308	1327.94	1389.62	1799.32	1322.21	
1853.41	1323.7	1826.26	1755.5	1764.99	1314.33	1627.92	1622.91	1498.49	1468.31	1515.32	1794.68	1518.63	1529.42	1285.5	1845.46	1845.02	1297	1483.75	1352.03	1308	1327.94	1389.62	1771.68	1322.21	
1853.41	1323.7	1826.26	1649.88	1764.99	1314.33	1627.92	1622.91	1498.49	1468.31	1515.32	1794.68	1518.63	1529.42	1285.5	1845.46	1845.02	1297	1483.75	1352.03	1308	1327.94	1389.62	1771.68	1322.21	
1853.41	1323.7	1826.26	1649.88	1764.99	1314.33	1627.92	1622.91	1498.49	1468.31	1515.32	1794.68	1518.63	1529.42	1285.5	1845.46	1845.02	1297	1483.75	1352.03	1308	1327.94	1389.62	1771.68	1322.21	
1853.41	1323.7	1826.26	1649.88	1764.99	1314.33	1627.92	1622.91	1498.49	1468.31	1515.32	1794.68	1518.63	1529.42	1285.5	1845.46	1845.02	1297	1483.75	1352.03	1308	1327.94	1389.62	1771.68	1322.21	
1853.41	1323.7	1826.26	1649.88	1764.99	1314.33	1627.92	1622.91	1498.49	1468.31	1515.32	1794.68	1518.63	1529.42	1285.5	1845.46	1845.02	1297	1483.75	1352.03	1308	1327.94	1389.62	1771.68	1322.21	
1853.41	1323.7	1826.26	1649.88	1764.99	1314.33	1627.92	1622.91	1498.49	1468.31	1515.32	1794.68	1518.63	1529.42	1285.5	1845.46	1845.02	1297	1483.75	1352.03	1308	1327.94	1336.04	1771.68	1322.21	
1853.41	1323.7	1826.26	1649.88	1764.99	1314.33	1283.64	1622.91	1498.49	1468.31	1515.32	1794.68	1518.63	1529.42	1285.5	1845.46	1845.02	1297	1483.75	1352.03	1308	1327.94	1336.04	1771.68	1322.21	
1853.41	1323.7	1826.26	1649.88	1764.99	1314.33	1283.64	1622.91	1498.49	1468.31	1515.32	1794.68	1518.63	1529.42	1285.5	1845.46	1845.02	1297	1483.75	1352.03	1308	1327.94	1336.04	1771.68	1322.21	
1853.41	1323.7	1826.26	1649.88	1764.99	1314.33	1283.64	1622.91	1498.49	1468.31	1515.32	1794.68	1518.63	1529.42	1285.5	1845.46	1845.02	1297	1483.75	1352.03	1308	1327.94	1336.04	1771.68	1322.21	
1853.41	1305.47	1826.26	1649.88	1764.99	1314.33	1283.64	1622.91	1498.49	1468.31	1515.32	1794.68	1518.63	1529.42	1285.5	1845.46	1845.02	1297	1483.75	1352.03	1308	1327.94	1336.04	1771.68	1322.21	
1853.41	1305.47	1826.26	1649.88	1764.99	1314.33	1283.64	1622.91	1498.49	1468.31	1515.32	1794.68	1518.63	1529.42	1285.5	1845.46	1845.02	1297	1483.75	1352.03	1308	1327.94	1336.04	1771.68	1322.21	
1853.41	1305.47	1826.26	1649.88	1764.99	1314.33	1283.64	1622.91	1498.49	1468.31	1515.32	1794.68	1518.63	1529.42	1285.5	1845.46	1845.02	1297	1483.75	1352.03	1308	1327.94	1336.04	1771.68	1322.21	
1853.41	1305.47	1826.26	1649.88	1764.99	1314.33	1283.64	1622.91	1498.49	1468.31	1515.32	1794.68	1518.63	1529.42	1285.5	1845.46	1845.02	1297	1483.75	1352.03	1308	1327.94	1336.04	1771.68	1322.21	
1853.41	1305.47	1826.26	1649.88	1764.99	1314.33	1283.64	1622.91	1498.49	1468.31	1515.32	1794.68	1518.63	1529.42	1285.5	1845.46	1845.02	1297	1483.75	1352.03	1308	1327.94	1336.04	1771.68	1322.21	
1853.41	1305.47	1826.26	1649.88	1764.99	1314.33	1283.64	1622.91	1498.49	1468.31	1515.32	1794.68	1518.63	1529.42	1285.5	1845.46	1845.02	1297	1483.75	1352.03	1308	1327.94	1336.04	1771.68	1322.21	
1853.41	1305.47	1826.26	1649.88	1764.99	1314.33	1283.64	1622.91	1498.49	1468.31	1515.32	1794.68	1518.63	1529.42	1285.5	1845.46	1845.02	1297	1483.75	1352.03	1308	1327.94	1336.04	1771.68	1322.21	
1853.41	1305.47	1826.26	1649.88	1764.99	1314.33	1283.64	1622.91	1498.49	1468.31	1515.32	1794.68	1518.63	1529.42	1285.5	1845.46	1845.02	1297	1483.75	1352.03	1308	1327.94	1336.04	1771.68	1322.21	
1853.41	1305.47	1826.26	1649.88	1764.99	1314.33	1283.64	1622.91	1498.49	1468.31	1515.32	1794.68	1518.63	1529.42	1285.5	1845.46	1845.02	1297	1483.75	1352.03	1308	1327.94	1336.04	1771.68	1322.21	
1853.41	1305.47	1826.26	1649.88	1764.99	1314.33	1283.64	1622.91	1498.49	1468.31	1515.32	1794.68	1518.63	1529.42	1285.5	1845.46	1845.02	1297	1483.75	1352.03	1308	1327.94	1336.04	1771.68	1322.21	
1853.41	1305.47	1826.26	1649.88	1764.99	1314.33	1283.64	1622.91	1498.49	1468.31	1515.32	1794.68	1518.63	1529.42	1285.5	1845.46	1845.02	1297	1483.75	1352.03	1308	1327.94	1336.04	1771.68	1322.21	
1853.41	1305.47	1826.26	1649.88	1764.99	1314.33	1283.64	1622.91	1498.49	1468.31	1515.32	1794.68	1518.63	1529.42	1285.5	1845.46	1845.02	1297	1483.75	1352.03	1308	1327.94	1336.04	1771.68	1322.21	
1853.41	1305.47	1826.26	1649.88	1764.99	1314.33	1283.64	1622.91	1498.49	1468.31	1515.32	1794.68	1518.63	1529.42	1285.5	1845.46	1845.02	1297	1483.75	1352.03	1308	1327.94	1336.04	1771.68	1322.21	
1853.41	1305.47	1826.26	1649.88	1764.99	1314.33	1283.64	1622.91	1498.49	1468.31	1515.32	1794.68	1518.63	1529.42	1285.5	1845.46	1845.02	1297	1483.75	1352.03	1308	1327.94	1336.04	1771.68	1322.21	
1853.41	1305.47	1826.26	1649.88	1764.99	1314.33	1283.64	1622.91	1498.49	1468.31	1515.32	1794.68	1518.63	1529.42	1285.5	1845.46	1845.02	1297	1483.75	1352.03	1308	1327.94	1336.04	1771.68	1322.21	
1853.41	1305.47	1826.26	1649.88	1764.99	1314.33	1283.64	1622.91	1498.49	1468.31	1435.31	1794.68	1518.63	1529.42	1285.5	1845.46	1845.02	1297	1483.75	1352.03	1308	1327.94	1336.04	1771.68	1322.21	
1853.41	1305.47	1826.26	1649.88	1764.99	1314.33	1283.64	1622.91	1498.49	1468.31	1435.31	1794.68	1518.63	1529.42	1285.5	1845.46	1845.02	1297	1483.75	1352.03	1308	1327.94	1336.04	1771.68	1322.21	
1853.41	1305.47	1826.26	1649.88	1764.99	1314.33	1283.64	1622.91	1498.49	1468.31	1435.31	1794.68	1518.63	1529.42	1285.5	1845.46	1845.02	1297	1483.75	1352.03	1308	1327.94	1336.04	1771.68	1322.21	
1853.41	1305.47	1826.26	1649.88	1764.99	1314.33	1283.64	1622.91	1498.49	1468.31	1435.31	1794.68	1518.63	1529.42	1285.5	1845.46	1845.02	1297	1483.75	1352.03	1308	1327.94	1336.04	1771.68	1322.21	
1853.41	1305.47	1826.26	1649.88	1764.99	1314.33	1283.64	1622.91	1498.49	1468.31	1435.31	1794.68	1518.63	1529.42	1285.5	1845.46	1845.02	1297	1483.75	1352.03	1308	1327.94	1336.04	1771.68	1322.21	
1853.41	1305.47	1826.26	1626.41	1764.99	1314.33	1283.64	1622.91	1498.49	1468.31	1435.31	1794.68	1518.63	1529.42	1285.5	1845.46	1845.02	1297	1483.75	1352.03	1308	1327.94	1336.04	1771.68	1322.21	
1853.41	1305.47	1826.26	1626.41	1764.99	1314.33	1283.64	1622.91	1498.49	1468.31	1435.31	1794.68	1518.63	1529.42	1285.5	1845.46	1845.02	1297	1483.75	1352.03	1308	1327.94	1336.04	1771.68	1322.21	
1853.41	1305.47	1826.26	1626.41	1764.99	1314.33	1283.64	1622.91	1498.49	1468.31	1435.31	1794.68	1518.63	1529.42	1285.5	1845.46	1845.02	1297	1483.75	1352.03	1308	1327.94	1336.04	1771.68	1322.21	
1853.41	1305.47	1826.26	1626.41	1764.99	1314.33	1283.64	1622.91	1498.49	1468.31	1435.31	1794.68	1518.63	1529.42	1285.5	1845.46	1845.02	1297	1483.75	1352.03	1308	1327.94	1336.04	1771.68	1322.21	
1853.41	1305.47	1826.26	1626.41	1764.99	1314.33	1283.64	1622.91	1498.49	1468.31	1435.31	1794.68	1518.63	1529.42	1285.5	1845.46	1845.02	1297	1483.75	1352.03	1308	1327.94	1336.04	1771.68	1322.21	
1853.41	1305.47	1826.26	1626.41	1764.99	1314.33	1283.64	1622.91	1498.49	1468.31	1435.31	1794.68	1518.63	1529.42	1285.5	1845.46	1845.02	1297	1483.75	1352.03	1308	1327.94	1336.04	1771.68	1322.21	
1853.41	1305.47	1826.26	1626.41	1764.99	1314.33	1283.64	1622.91	1498.49	1468.31	1435.31	1794.68	1518.63	1529.42	1285.5	1845.46	1845.02	1297	1483.75	1352.03	1308	1327.94	1336.04	1771.68	1322.21	
1853.41	1305.47	1826.26	1626.41	1764.99	1314.33	1283.64	1622.91	1498.49	1468.31	1435.31	1794.68	1518.63	1529.42	1285.5	1845.46	1845.02	1297	1483.75	1352.03	1308	1327.94	1336.04	1771.68	1322.21	
1853.41	1305.47	1826.26	1626.41	1764.99	1314.33	1283.64	1622.91	1498.49	1468.31	1435.31	1794.68	1518.63	1529.42	1285.5	1845.46	1845.02	1297	1483.75	1352.03	1308	1327.94	1336.04	1771.68	1322.21	
1853.41	1305.47	1826.26	1626.41	1764.99	1314.33	1283.64	1622.91	1498.49	1468.31	1435.31	1794.68	1518.63	1529.42	1285.5	1845.46	1845.02	1297	1483.75	1352.03	1308	1327.94	1336.04	1771.68	1322.21	
1853.41	1305.47	1826.26	1626.41	1764.99	1314.33	1283.64	1622.91	1498.49	1468.31	1435.31	1794.68	1518.63	1529.42	1285.5	1845.46	1845.02	1297	1483.75	1352.03	1308	1327.94	1336.04	1771.68	1322.21	
1853.41	1305.47	1826.26	1626.41	1764.99	1314.33	1283.64	1622.91	1498.49	1468.31	1435.31	1794.68	1518.63	1529.42	1285.5	1845.46	1845.02	1297	1483.75	1352.03	1308	1327.94	1336.04	1771.68	1322.21	
1853.41	1305.47	1826.26	1626.41	1764.99	1314.33	1283.64	1622.91	1498.49	1468.31	1435.31	1794.68	1518.63	1529.42	1285.5	1845.46	1845.02	1297	1483.75	1352.03	1308	1327.94	1336.04	1771.68	1322.21	
1853.41	1305.47	1826.26	1626.41	1764.99	1314.33	1283.64	1622.91	1498.49	1468.31	1435.31	1794.68	1518.63	1529.42	1285.5	1845.46	1845.02	1297	1483.75	1352.03	1308	1327.94	1336.04	1771.68	1322.21	
1853.41	1305.47	1826.26	1626.41	1764.99	1314.33	1283.64	1622.91	1498.49	1468.31	1435.31	1794.68	1518.63	1529.42	1285.5	1845.46	1845.02	1297	1483.75	1352.03	1308	1327.94	1336.04	1771.68	1322.21	
1853.41	1305.47	1826.26	1626.41	1764.99	1314.33	1283.64	1622.91	1498.49	1468.31	1435.31	1794.68	1518.63	1529.42	1285.5	1845.46	1845.02	1297	1483.75	1352.03	1308	1327.94	1336.04	1771.68	1322.21	
1853.41	1305.47	1826.26	1626.41	1764.99	1314.33	1283.64	1622.91	1498.49	1468.31	1435.31	1794.68	1518.63	1529.42	1285.5	1845.46	1845.02	1297	1483.75	1352.03	1308	1327.94	1336.04	1771.68	1322.21	
1853.41	1305.47	1826.26	1626.41	1764.99	1314.33	1283.64	1622.91	1498.49	1468.31	1435.31	1794.68	1518.63	1529.42	1285.5	1845.46	1845.02	1297	1483.75	1352.03	1308	1327.94	1336.04	1771.68	1322.21	
1853.41	1305.47	1826.26	1626.41	1764.99	1314.33	1283.64	1622.91	1498.49	1468.31	1435.31	1794.68	1518.63	1529.42	1285.5	1845.46	1845.02	1297	1483.75	1352.03	1308	1327.94	1336.04	1771.68	1322.21	
1853.41	1305.47	1826.26	1626.41	1764.99	1314.33	1283.64	1622.91	1498.49	1468.31	1435.31	1794.68	1518.63	1529.42	1285.5	1845.46	1845.02	1297	1483.75	1352.03	1308	1327.94	1336.04	1771.68	1322.21	
1853.41	1305.47	1826.26	1626.41	1764.99	1314.33	1283.64	1622.91	1498.49	1468.31	1435.31	1794.68	1518.63	1529.42	1285.5	1845.46	1845.02	1297	1483.75	1352.03	1308	1327.94	1336.04	1771.68	1322.21	
1853.41	1305.47	1826.26	1626.41	1764.99	1314.33	1283.64	1622.91	1498.49	1468.31	1435.31	1794.68	1518.63	1529.42	1285.5	1845.46	1845.02	1297	1483.75	1352.03	1308	1327.94	1336.04	1771.68	1322.21	
1853.41	1305.21	1826.26	1626.41	1764.99	1314.33	1283.64	1622.91	1498.49	1468.31	1435.31	1794.68	1518.63	1529.42	1285.5	1845.46	1845.02	1297	1483.75	1352.03	1308	1327.94	1336.04	1771.68	1322.21	
1853.41	1305.21	1826.26	1626.41	1764.99	1314.33	1283.64	1622.91	1498.49	1468.31	1435.31	1794.68	1518.63	1529.42	1285.5	1845.46	1845.02	1297	1483.75	1352.03	1308	1327.94	1336.04	1771.68	1322.21	
1853.41	1305.21	1826.26	1626.41	1764.99	1314.33	1283.64	1622.91	1498.49	1468.31	1435.31	1794.68	1518.63	1529.42	1285.5	1845.46	1845.02	1297	1483.75	1352.03	1308	1327.94	1336.04	1771.68	1322.21	
1853.41	1305.21	1826.26	1626.41	1764.99	1314.33	1283.64	1622.91	1498.49	1468.31	1435.31	1794.68	1518.63	1529.42	1285.5	1845.46	1845.02	1297	1483.75	1352.03	1308	1327.94	1336.04	1771.68	1322.21	
1853.41	1299.28	1826.26	1626.41	1764.99	1314.33	1283.64	1622.91	1498.49	1468.31	1435.31	1794.68	1518.63	1529.42	1285.5	1845.46	1845.02	1297	1483.75	1352.03	1308	1327.94	1336.04	1771.68	1322.21	
1853.41	1299.28	1826.26	1626.41	1764.99	1314.33	1283.64	1622.91	1498.49	1468.31	1435.31	1794.68	1518.63	1529.42	1285.5	1845.46	1845.02	1297	1483.75	1352.03	1308	1327.94	1336.04	1771.68	1322.21	
1853.41	1299.28	1826.26	1626.41	1764.99	1314.33	1283.64	1622.91	1498.49	1468.31	1435.31	1794.68	1518.63	1529.42	1285.5	1845.46	1845.02	1297	1483.75	1352.03	1308	1327.94	1336.04	1771.68	1322.21	
1853.41	1299.28	1826.26	1626.41	1764.99	1314.33	1283.64	1622.91	1498.49	1468.31	1435.31	1794.68	1518.63	1529.42	1285.5	1845.46	1845.02	1297	1483.75	1352.03	1308	1327.94	1336.04	1771.68	1322.21	
1853.41	1299.28	1826.26	1626.41	1764.99	1314.33	1283.64	1622.91	1498.49	1468.31	1435.31	1794.68	1518.63	1529.42	1285.5	1845.46	1845.02	1297	1483.75	1352.03	1308	1327.94	1336.04	1771.68	1322.21	
1853.41	1299.28	1826.26	1626.41	1764.99	1314.33	1283.64	1622.91	1498.49	1468.31	1435.31	1794.68	1518.63	1529.42	1285.5	1845.46	1845.02	1297	1483.75	1352.03	1308	1327.94	1336.04	1771.68	1322.21	
1853.41	1299.28	1826.26	1626.41	1764.99	1314.33	1283.64	1622.91	1498.49	1468.31	1435.31	1794.68	1518.63	1529.42	1285.5	1845.46	1845.02	1297	1483.75	1352.03	1308	1327.94	1336.04	1771.68	1322.21	
1853.41	1299.28	1826.26	1626.41	1764.99	1314.33	1283.64	1622.91	1498.49	1468.31	1435.31	1794.68	1518.63	1529.42	1285.5	1845.46	1845.02	1297	1483.75	1352.03	1308	1327.94	1336.04	1771.68	1322.21	
1853.41	1299.28	1826.26	1626.41	1764.99	1314.33	1283.64	1622.91	1498.49	1468.31	1435.31	1794.68	1518.63	1529.42	1285.5	1845.46	1845.02	1297	1483.75	1352.03	1308	1327.94	1336.04	1771.68	1322.21	
1853.41	1299.28	1826.26	1626.41	1764.99	1314.33	1283.64	1622.91	1498.49	1468.31	1435.31	1794.68	1518.63	1529.42	1285.5	1845.46	1845.02	1297	1483.75	1352.03	1308	1327.94	1336.04	1771.68	1322.21	
1853.41	1299.28	1826.26	1626.41	1764.99	1314.33	1283.64	1622.91	1498.49	1468.31	1435.31	1794.68	1518.63	1529.42	1285.5	1845.46	1845.02	1297	1483.75	1352.03	1308	1327.94	1336.04	1771.68	1322.21	
1853.41	1299.28	1826.26	1626.41	1764.99	1314.33	1283.64	1321.87	1498.49	1468.31	1435.31	1794.68	1518.63	1529.42	1285.5	1845.46	1845.02	1297	1483.75	1352.03	1308	1327.94	1336.04	1771.68	1322.21	
1853.41	1299.28	1826.26	1626.41	1764.99	1314.33	1283.64	1321.87	1498.49	1468.31	1435.31	1794.68	1518.63	1529.42	1285.5	1845.46	1845.02	1297	1483.75	1352.03	1308	1327.94	1336.04	1771.68	1322.21	
1853.41	1299.28	1826.26	1626.41	1764.99	1314.33	1283.64	1321.87	1498.49	1468.31	1435.31	1794.68	1518.63	1529.42	1285.5	1845.46	1845.02	1297	1483.75	1352.03	1308	1327.94	1336.04	1771.68	1322.21	
1853.41	1299.28	1826.26	1626.41	1764.99	1314.33	1283.64	1321.87	1498.49	1468.31	1435.31	1794.68	1518.63	1529.42	1285.5	1845.46	1845.02	1297	1483.75	1352.03	1308	1327.94	1336.04	1771.68	1322.21	
1853.41	1299.28	1826.26	1626.41	1764.99	1314.33	1283.64	1321.87	1498.49	1468.31	1435.31	1794.68	1518.63	1529.42	1285.5	1845.46	1845.02	1297	1483.75	1352.03	1308	1327.94	1336.04	1771.68	1322.21	
1853.41	1299.28	1826.26	1626.41	1764.99	1314.33	1283.64	1321.87	1498.49	1468.31	1435.31	1794.68	1518.63	1529.42	1285.5	1845.46	1845.02	1297	1483.75	1352.03	1308	1327.94	1336.04	1771.68	1322.21	
1853.41	1299.28	1826.26	1626.41	1764.99	1314.33	1283.64	1321.87	1498.49	1468.31	1435.31	1794.68	1518.63	1529.42	1285.5	1845.46	1845.02	1297	1483.75	1352.03	1308	1327.94	1336.04	1771.68	1322.21	
1853.41	1293.73	1826.26	1626.41	1764.99	1314.33	1283.64	1321.87	1498.49	1468.31	1435.31	1794.68	1518.63	1529.42	1285.5	1845.46	1845.02	1297	1483.75	1352.03	1308	1327.94	1336.04	1771.68	1322.21	
1853.41	1293.73	1826.26	1626.41	1764.99	1314.33	1283.64	1321.87	1498.49	1468.31	1435.31	1794.68	1518.63	1529.42	1285.5	1845.46	1845.02	1297	1483.75	1352.03	1308	1327.94	1336.04	1771.68	1322.21	
1853.41	1293.73	1826.26	1626.41	1764.99	1314.33	1283.64	1321.87	1498.49	1468.31	1435.31	1794.68	1518.63	1529.42	1285.5	1845.46	1845.02	1297	1483.75	1352.03	1308	1327.94	1336.04	1771.68	1322.21	
1853.41	1293.73	1826.26	1626.41	1764.99	1314.33	1283.64	1321.87	1498.49	1468.31	1435.31	1794.68	1518.63	1529.42	1285.5	1845.46	1845.02	1297	1483.75	1352.03	1308	1327.94	1336.04	1771.68	1322.21	
1853.41	1293.73	1826.26	1626.41	1764.99	1314.33	1283.64	1321.87	1498.49	1468.31	1435.31	1794.68	1518.63	1529.42	1285.5	1845.46	1845.02	1297	1483.75	1352.03	1308	1327.94	1336.04	1771.68	1322.21	
1853.41	1293.73	1826.26	1626.41	1764.99	1314.33	1283.64	1321.87	1498.49	1468.31	1435.31	1794.68	1518.63	1529.42	1285.5	1845.46	1298.34	1297	1483.75	1352.03	1308	1327.94	1336.04	1771.68	1322.21	
1853.41	1293.73	1826.26	1626.41	1764.99	1314.33	1283.64	1321.87	1498.49	1468.31	1435.31	1794.68	1518.63	1529.42	1285.5	1845.46	1298.34	1297	1483.75	1352.03	1308	1327.94	1336.04	1771.68	1322.21	
1853.41	1279.78	1826.26	1626.41	1764.99	1314.33	1283.64	1321.87	1498.49	1468.31	1435.31	1794.68	1518.63	1529.42	1285.5	1845.46	1298.34	1297	1483.75	1352.03	1308	1327.94	1336.04	1771.68	1322.21	
1297.18	1279.78	1826.26	1626.41	1764.99	1314.33	1283.64	1321.87	1498.49	1468.31	1435.31	1794.68	1518.63	1529.42	1285.5	1845.46	1298.34	1297	1483.75	1352.03	1308	1327.94	1336.04	1771.68	1322.21	
1297.18	1279.78	1826.26	1626.41	1764.99	1314.33	1283.64	1321.87	1498.49	1468.31	1435.31	1794.68	1518.63	1529.42	1285.5	1845.46	1298.34	1297	1483.75	1352.03	1308	1327.94	1336.04	1771.68	1322.21	
1297.18	1272.99	1826.26	1626.41	1764.99	1314.33	1283.64	1321.87	1498.49	1468.31	1435.31	1794.68	1518.63	1529.42	1285.5	1845.46	1298.34	1297	1483.75	1352.03	1308	1327.94	1336.04	1771.68	1322.21	
1297.18	1272.99	1826.26	1626.41	1764.99	1314.33	1283.64	1321.87	1498.49	1468.31	1435.31	1794.68	1518.63	1529.42	1285.5	1845.46	1298.34	1297	1483.75	1352.03	1308	1327.94	1336.04	1771.68	1322.21	
1297.18	1272.99	1826.26	1626.41	1764.99	1314.33	1283.64	1321.87	1498.49	1468.31	1435.31	1794.68	1518.63	1529.42	1285.5	1845.46	1298.34	1297	1483.75	1352.03	1308	1327.94	1336.04	1771.68	1322.21	
1297.18	1272.99	1826.26	1626.41	1764.99	1314.33	1283.64	1321.12	1498.49	1468.31	1435.31	1794.68	1518.63	1529.42	1285.5	1845.46	1298.34	1297	1483.75	1352.03	1308	1327.94	1336.04	1771.68	1322.21	
1297.18	1272.99	1826.26	1626.41	1764.99	1314.33	1283.64	1321.12	1498.49	1468.31	1435.31	1794.68	1518.63	1529.42	1285.5	1845.46	1298.34	1297	1483.75	1352.03	1308	1327.94	1336.04	1771.68	1322.21	
1297.18	1272.99	1826.26	1626.41	1764.99	1314.33	1283.64	1321.12	1498.49	1468.31	1435.31	1794.68	1518.63	1529.42	1285.5	1845.46	1298.34	1297	1483.75	1352.03	1308	1327.94	1336.04	1771.68	1322.21	
1297.18	1272.99	1826.26	1626.41	1764.99	1314.33	1283.64	1321.12	1498.49	1468.31	1435.31	1794.68	1518.63	1529.42	1285.5	1845.46	1298.34	1297	1483.75	1352.03	1308	1327.94	1336.04	1771.68	1322.21	
1297.18	1272.99	1826.26	1626.41	1764.99	1314.33	1283.64	1321.12	1498.49	1468.31	1435.31	1794.68	1518.63	1529.42	1285.5	1845.46	1298.34	1297	1483.75	1352.03	1308	1327.94	1336.04	1771.68	1322.21	
1297.18	1272.99	1826.26	1626.41	1764.99	1314.33	1283.64	1321.12	1498.49	1468.31	1435.31	1794.68	1518.63	1529.42	1285.5	1845.46	1298.34	1297	1483.75	1352.03	1308	1327.94	1336.04	1770.52	1322.21	
1297.18	1272.99	1826.26	1621.06	1764.99	1314.33	1283.64	1321.12	1498.49	1468.31	1435.31	1794.68	1518.63	1529.42	1285.5	1845.46	1298.34	1297	1483.75	1352.03	1308	1327.94	1336.04	1770.52	1322.21	
1297.18	1272.99	1826.26	1621.06	1764.99	1314.33	1283.64	1321.12	1498.49	1468.31	1435.31	1794.68	1518.63	1529.42	1285.5	1845.46	1298.34	1297	1483.75	1352.03	1308	1327.94	1336.04	1770.52	1322.21	
1297.18	1272.99	1826.26	1621.06	1764.99	1314.33	1283.64	1321.12	1498.49	1468.31	1435.31	1794.68	1518.63	1529.42	1285.5	1845.46	1298.34	1297	1483.75	1352.03	1308	1327.94	1336.04	1770.52	1322.21	
1297.18	1030.58	1826.26	1621.06	1764.99	1314.33	1283.64	1321.12	1498.49	1468.31	1435.31	1794.68	1518.63	1529.42	1285.5	1845.46	1298.34	1297	1483.75	1352.03	1308	1327.94	1336.04	1770.52	1322.21	
1297.18	1030.58	1826.26	1621.06	1764.99	1314.33	1283.64	1321.12	1498.49	1468.31	1435.31	1794.68	1518.63	1529.42	1285.5	1845.46	1298.34	1297	1483.75	1352.03	1308	1327.94	1336.04	1770.52	1322.21	
1297.18	1030.58	1826.26	1621.06	1764.99	1314.33	1283.64	1321.12	1498.49	1468.31	1435.31	1794.68	1518.63	1529.42	1285.5	1845.46	1298.34	1297	1483.75	1352.03	1308	1327.94	1336.04	1770.52	1322.21	
1297.18	1030.58	1826.26	1621.06	1764.99	1314.33	1283.64	1321.12	1498.49	1468.31	1435.31	1794.68	1518.63	1529.42	1285.5	1845.46	1298.34	1297	1483.75	1352.03	1308	1327.94	1336.04	1770.52	1322.21	
1297.18	1030.58	1826.26	1621.06	1764.99	1314.33	1283.64	1321.12	1498.49	1468.31	1435.31	1794.68	1518.63	1529.42	1285.5	1845.46	1298.34	1297	1483.75	1352.03	1308	1327.94	1336.04	1770.52	1322.21	
1297.18	1030.58	1826.26	1621.06	1764.99	1314.33	1283.64	1321.12	1498.49	1468.31	1435.31	1794.68	1518.63	1529.42	1285.5	1845.46	1298.34	1297	1483.75	1352.03	1308	1327.94	1336.04	1770.52	1322.21	
1297.18	1030.58	1826.26	1621.06	1764.99	1314.33	1283.64	1321.12	1498.49	1468.31	1435.31	1794.68	1518.63	1529.42	1285.5	1845.46	1298.34	1297	1483.75	1352.03	1308	1327.94	1336.04	1770.52	1322.21	
1297.18	1030.58	1826.26	1621.06	1764.99	1314.33	1283.64	1321.12	1498.49	1468.31	1435.31	1794.68	1518.63	1529.42	1285.5	1845.46	1298.34	1297	1483.75	1352.03	1308	1327.94	1336.04	1770.52	1322.21	
1297.18	1030.58	1826.26	1621.06	1764.99	1314.33	1283.64	1321.12	1498.49	1468.31	1435.31	1794.68	1518.63	1529.42	1285.5	1845.46	1298.34	1297	1483.75	1352.03	1308	1327.94	1336.04	1770.52	1322.21	
1297.18	1030.58	1826.26	1621.06	1764.99	1314.33	1283.64	1321.12	1498.49	1468.31	1435.31	1794.68	1518.63	1529.42	1285.5	1845.46	1298.34	1297	1483.75	1352.03	1308	1327.94	1336.04	1770.52	1322.21	
1297.18	1030.58	1826.26	1621.06	1764.99	1314.33	1283.64	1321.12	1498.49	1468.31	1435.31	1794.68	1518.63	1529.42	1285.5	1845.46	1298.34	1297	1483.75	1352.03	1308	1327.94	1336.04	1770.52	1322.21	
1297.18	1030.58	1826.26	1621.06	1764.99	1314.33	1283.64	1321.12	1498.49	1468.31	1435.31	1794.68	1518.63	1529.42	1285.5	1845.46	1298.34	1297	1483.75	1352.03	1308	1327.94	1336.04	1770.52	1322.21	
1297.18	1030.58	1826.26	1621.06	1764.99	1314.33	1283.64	1321.12	1498.49	1468.31	1435.31	1794.68	1518.63	1315.78	1285.5	1845.46	1298.34	1297	1483.75	1352.03	1308	1327.94	1336.04	1770.52	1322.21	
1297.18	1030.58	1826.26	1621.06	1764.99	1314.33	1283.64	1321.12	1498.49	1468.31	1435.31	1794.68	1518.63	1315.78	1285.5	1845.46	1298.34	1297	1483.75	1352.03	1308	1327.94	1336.04	1770.52	1322.21	
1297.18	1030.58	1826.26	1621.06	1764.99	1314.33	1283.64	1321.12	1498.49	1468.31	1435.31	1794.68	1518.63	1315.78	1285.5	1845.46	1298.34	1297	1483.75	1352.03	1308	1327.94	1336.04	1770.52	1322.21	
1297.18	1030.58	1826.26	1608.49	1764.99	1314.33	1283.64	1321.12	1498.49	1468.31	1435.31	1794.68	1518.63	1315.78	1285.5	1845.46	1298.34	1297	1483.75	1352.03	1308	1327.94	1336.04	1770.52	1322.21	
1297.18	1030.58	1826.26	1608.49	1764.99	1314.33	1283.64	1321.12	1498.49	1468.31	1435.31	1794.68	1518.63	1315.78	1285.5	1845.46	1298.34	1297	1483.75	1352.03	1308	1327.94	1336.04	1770.52	1322.21	
1297.18	1030.58	1826.26	1608.49	1764.99	1314.33	1283.64	1321.12	1498.49	1468.31	1435.31	1794.68	1356.39	1315.78	1285.5	1845.46	1298.34	1297	1483.75	1352.03	1308	1327.94	1336.04	1770.52	1322.21	
1297.18	1030.58	1826.26	1608.49	1764.99	1314.33	1283.64	1319.81	1498.49	1468.31	1435.31	1794.68	1356.39	1315.78	1285.5	1845.46	1298.34	1297	1483.75	1352.03	1308	1327.94	1336.04	1770.52	1322.21	
1297.18	1030.58	1826.26	1608.49	1764.99	1314.33	1283.64	1319.81	1498.49	1468.31	1435.31	1794.68	1356.39	1315.78	1285.5	1845.46	1298.34	1297	1483.75	1352.03	1308	1327.94	1336.04	1770.52	1322.21	
1297.18	1030.58	1826.26	1608.49	1764.99	1314.33	1283.64	1319.81	1498.49	1468.31	1435.31	1794.68	1356.39	1315.78	1285.5	1845.46	1298.34	1297	1483.75	1352.03	1308	1327.94	1336.04	1770.52	1322.21	
1297.18	1030.58	1826.26	1608.49	1764.99	1314.33	1283.64	1319.81	1498.49	1468.31	1435.31	1794.68	1356.39	1315.78	1285.5	1845.46	1298.34	1297	1483.75	1352.03	1308	1327.94	1336.04	1770.52	1322.21	
1297.18	1030.58	1826.26	1608.49	1764.99	1314.33	1283.64	1319.81	1498.49	1468.31	1435.31	1794.68	1356.39	1315.78	1285.5	1845.46	1298.34	1297	1483.75	1352.03	1308	1327.94	1336.04	1770.52	1322.21	
1297.18	1030.58	1826.26	1608.49	1764.99	1314.33	1283.64	1319.65	1498.49	1468.31	1435.31	1794.68	1356.39	1315.78	1285.5	1845.46	1298.34	1297	1483.75	1352.03	1308	1327.94	1336.04	1770.52	1322.21	
1297.18	1030.58	1826.26	1608.49	1764.99	1314.33	1283.64	1319.65	1498.49	1468.31	1435.31	1794.68	1356.39	1315.78	1285.5	1845.46	1298.34	1297	1483.75	1352.03	1308	1327.94	1336.04	1770.52	1322.21	
1293.37	1030.58	1826.26	1608.49	1764.99	1314.33	1283.64	1319.65	1498.49	1468.31	1435.31	1794.68	1356.39	1315.78	1285.5	1845.46	1298.34	1297	1483.75	1352.03	1308	1327.94	1336.04	1770.52	1322.21	
1293.37	1030.58	1826.26	1608.49	1764.99	1314.33	1283.64	1319.65	1498.49	1468.31	1435.31	1794.68	1356.39	1315.78	1285.5	1845.46	1298.34	1297	1483.75	1352.03	1308	1327.94	1336.04	1770.52	1322.21	
1293.37	1030.58	1826.26	1608.49	1764.99	1314.33	1283.64	1319.65	1498.49	1468.31	1435.31	1794.68	1356.39	1315.78	1285.5	1845.46	1298.34	1297	1483.75	1352.03	1308	1327.94	1336.04	1770.52	1322.21	
1293.37	1030.58	1826.26	1595.9	1764.99	1314.33	1283.64	1319.65	1498.49	1468.31	1435.31	1794.68	1356.39	1315.78	1285.5	1845.46	1298.34	1297	1483.75	1352.03	1308	1327.94	1336.04	1770.52	1322.21	
1293.37	1030.58	1826.26	1595.9	1764.99	1314.33	1283.64	1319.65	1498.49	1468.31	1435.31	1794.68	1356.39	1315.78	1285.5	1845.46	1298.34	1297	1483.75	1352.03	1308	1327.94	1336.04	1770.52	1322.21	
1293.37	1030.58	1826.26	1595.9	1764.99	1314.33	1283.64	1319.65	1498.49	1468.31	1435.31	1794.68	1356.39	1315.78	1285.5	1845.46	1298.34	1297	1483.75	1352.03	1308	1327.94	1336.04	1770.52	1322.21	
1293.37	1030.58	1826.26	1595.9	1764.99	1314.33	1283.64	1315.52	1498.49	1468.31	1435.31	1794.68	1356.39	1315.78	1285.5	1845.46	1298.34	1297	1483.75	1352.03	1308	1327.94	1336.04	1770.52	1322.21	
1293.37	1030.58	1826.26	1595.9	1764.99	1314.33	1283.64	1315.52	1498.49	1468.31	1435.31	1794.68	1356.39	1315.78	1285.5	1845.46	1298.34	1297	1483.75	1352.03	1308	1327.94	1336.04	1770.52	1322.21	
1293.37	1030.58	1826.26	1595.9	1764.99	1314.33	1283.64	1315.52	1498.49	1468.31	1435.31	1794.68	1356.39	1315.78	1285.5	1845.46	1298.34	1297	1483.75	1352.03	1308	1327.94	1336.04	1770.52	1322.21	
1293.37	1030.58	1826.26	1595.9	1764.99	1314.33	1283.64	1315.52	1498.49	1468.31	1435.31	1794.68	1356.39	1315.78	1285.5	1845.46	1298.34	1297	1483.75	1352.03	1308	1327.94	1336.04	1770.52	1322.21	
1293.37	1024.16	1826.26	1595.9	1764.99	1314.33	1283.64	1315.52	1498.49	1468.31	1435.31	1794.68	1356.39	1315.78	1285.5	1845.46	1298.34	1297	1483.75	1352.03	1308	1327.94	1336.04	1770.52	1322.21	
1293.37	1003.34	1826.26	1595.9	1764.99	1314.33	1283.64	1315.52	1498.49	1468.31	1435.31	1794.68	1356.39	1315.78	1285.5	1845.46	1298.34	1297	1483.75	1352.03	1308	1327.94	1336.04	1770.52	1322.21	
1293.37	950.55	1826.26	1595.9	1764.99	1314.33	1283.64	1315.52	1498.49	1468.31	1435.31	1794.68	1356.39	1315.78	1285.5	1845.46	1298.34	1297	1483.75	1352.03	1308	1327.94	1336.04	1770.52	1322.21	
1293.37	919.923	1826.26	1595.9	1764.99	1314.33	1283.64	1315.52	1498.49	1468.31	1435.31	1794.68	1356.39	1315.78	1285.5	1845.46	1298.34	1297	1483.75	1352.03	1308	1327.94	1336.04	1770.52	1322.21	
1293.37	919.923	1826.26	1595.9	1764.99	1314.33	1283.64	1315.52	1498.49	1468.31	1435.31	1794.68	1356.39	1315.78	1285.5	1845.46	1298.34	1297	1483.75	1352.03	1308	1327.94	1336.04	1770.52	1322.21	
1293.37	919.923	1826.26	1595.9	1764.99	1314.33	1283.64	1315.52	1498.49	1468.31	1435.31	1794.68	1356.39	1315.78	1285.5	1845.46	1298.34	1297	1483.75	1352.03	1308	1327.94	1336.04	1770.52	1322.21	
1293.37	919.923	1826.26	1595.9	1764.99	1314.33	1283.64	1315.52	1498.49	1468.31	1435.31	1794.68	1356.39	1315.78	1285.5	1845.46	1298.34	1297	1483.75	1352.03	1308	1327.94	1336.04	1770.52	1322.21	
1293.37	919.923	1826.26	1595.9	1764.99	1314.33	1283.64	1315.52	1498.49	1468.31	1435.31	1794.68	1356.39	1315.78	1285.5	1845.46	1298.34	1297	1483.75	1352.03	1308	1327.94	1336.04	1770.52	1322.21	
1293.37	919.923	1826.26	1595.9	1764.99	1314.33	1283.64	1315.52	1498.49	1468.31	1435.31	1794.68	1356.39	1315.78	1285.5	1845.46	1298.34	1297	1483.75	1352.03	1308	1327.94	1336.04	1770.52	1322.21	
1293.37	919.923	1826.26	1595.9	1764.99	1314.33	1283.64	1315.52	1498.49	1468.31	1435.31	1794.68	1356.39	1315.78	1285.5	1845.46	1298.34	1297	1483.75	1352.03	1308	1327.94	1336.04	1770.52	1322.21	
1293.37	891.862	1826.26	1595.9	1764.99	1314.33	1283.64	1315.52	1498.49	1468.31	1435.31	1794.68	1356.39	1315.78	1285.5	1845.46	1298.34	1297	1483.75	1352.03	1308	1327.94	1336.04	1770.52	1322.21	
1293.12	877.895	1826.26	1595.9	1764.99	1314.33	1283.64	1315.52	1498.49	1468.31	1435.31	1794.68	1356.39	1315.78	1285.5	1845.46	1298.34	1297	1483.75	1352.03	1308	1327.94	1336.04	1770.52	1322.21	
1293.12	877.895	1826.26	1595.9	1764.99	1314.33	1283.64	1314.01	1498.49	1468.31	1435.31	1794.68	1356.39	1315.78	1285.5	1845.46	1298.34	1297	1483.75	1352.03	1308	1327.94	1336.04	1770.52	1322.21	
1293.12	834.702	1826.26	1595.9	1764.99	1314.33	1283.64	1314.01	1498.49	1468.31	1435.31	1794.68	1356.39	1315.78	1284.31	1845.46	1298.34	1297	1483.75	1352.03	1308	1327.94	1336.04	1770.52	1322.21	
1293.12	834.702	1826.26	1595.9	1764.99	1314.33	1283.64	1314.01	1498.49	1468.31	1435.31	1794.68	1356.39	1315.78	1284.31	1845.46	1298.34	1297	1483.75	1352.03	1308	1327.94	1336.04	1770.52	1322.21	
1293.12	834.702	1826.26	1595.9	1764.99	1314.33	1283.64	1314.01	1498.49	1468.31	1435.31	1794.68	1356.39	1315.78	1284.31	1845.46	1298.34	1297	1483.75	1352.03	1308	1327.94	1336.04	1770.52	1322.21	
1293.12	834.702	1826.26	1595.9	1764.99	1314.33	1283.64	1314.01	1498.49	1468.31	1435.31	1794.68	1356.39	1315.78	1284.31	1845.46	1298.34	1297	1483.75	1352.03	1308	1327.94	1336.04	1770.52	1322.21	
1293.12	834.702	1826.26	1595.9	1764.99	1314.33	1283.64	1314.01	1498.49	1468.31	1435.31	1794.68	1356.39	1315.78	1284.31	1845.46	1298.34	1297	1483.75	1352.03	1308	1327.94	1336.04	1770.52	1322.21	
1293.12	834.702	1826.26	1595.9	1764.99	1314.33	1283.64	1314.01	1498.49	1468.31	1435.31	1794.68	1356.39	1315.78	1284.31	1845.46	1298.34	1297	1483.75	1352.03	1308	1327.94	1336.04	1770.52	1322.21	
1293.12	834.38	1826.26	1595.9	1764.99	1314.33	1283.64	1312.83	1498.49	1468.31	1435.31	1794.68	1356.39	1315.78	1284.31	1845.46	1298.34	1297	1483.75	1352.03	1308	1327.94	1336.04	1770.52	1322.21	
1293.12	832.866	1826.26	1595.9	1764.99	1314.33	1283.64	1312.83	1498.49	1468.31	1435.31	1794.68	1356.39	1315.78	1284.31	1845.46	1298.34	1297	1483.75	1352.03	1308	1327.94	1336.04	1770.52	1322.21	
1291.64	832.866	1826.26	1595.9	1764.99	1314.33	1283.64	1312.83	1498.49	1468.31	1435.31	1794.68	1356.39	1315.78	1284.31	1845.46	1298.34	1297	1483.75	1352.03	1308	1327.94	1336.04	1770.52	1322.21	
1291.64	828.023	1826.26	1595.9	1764.99	1314.33	1283.64	1312.83	1498.49	1468.31	1435.31	1794.68	1356.39	1315.78	1284.31	1845.46	1298.34	1297	1483.75	1352.03	1308	1327.94	1336.04	1770.52	1322.21	
1290.82	828.023	1826.26	1595.9	1764.99	1314.33	1283.64	1312.83	1498.49	1468.31	1435.31	1794.68	1356.39	1315.78	1284.31	1845.46	1298.34	1297	1483.75	1352.03	1308	1327.94	1336.04	1770.52	1322.21	
1290.82	758.896	1826.26	1595.9	1764.99	1314.33	1283.64	1312.83	1498.49	1468.31	1435.31	1794.68	1356.39	1315.78	1284.31	1845.46	1298.34	1297	1483.75	1352.03	1308	1327.94	1336.04	1770.52	1322.21	
1289.9	758.896	1826.26	1595.9	1764.99	1314.33	1283.64	1298.33	1498.49	1468.31	1435.31	1794.68	1356.39	1315.78	1284.31	1845.46	1298.34	1297	1483.75	1352.03	1308	1327.94	1336.04	1770.52	1322.21	
1289.9	758.896	1826.26	1595.9	1764.99	1314.33	1283.64	1298.33	1498.49	1468.31	1435.31	1794.68	1356.39	1315.78	1284.31	1845.46	1298.34	1297	1483.75	1352.03	1308	1327.94	1336.04	1770.52	1322.21	
1289.9	758.896	1826.26	1595.9	1764.99	1314.33	1283.64	1298.33	1498.49	1468.31	1435.31	1794.68	1356.39	1315.78	1284.31	1845.46	1298.34	1297	1483.75	1352.03	1308	1327.94	1336.04	1770.52	1322.21	
1289.9	758.896	1826.26	1595.9	1764.99	1314.33	1283.64	1298.33	1498.49	1468.31	1435.31	1794.68	1356.39	1315.78	1284.31	1845.46	1298.34	1297	1483.75	1352.03	1308	1327.94	1336.04	1770.52	1322.21	
1289.9	758.896	1826.26	1595.9	1764.99	1314.33	1283.64	1298.33	1498.49	1468.31	1435.31	1794.68	1356.39	1315.78	1284.31	1845.46	1298.34	1297	1483.75	1352.03	1308	1327.94	1336.04	1770.52	1322.21	
1289.9	758.896	1826.26	1595.9	1764.99	1314.33	1283.64	1298.33	1498.49	1468.31	1435.31	1794.68	1356.39	1315.78	1284.31	1845.46	1298.34	1297	1483.75	1352.03	1308	1327.94	1336.04	1770.52	1322.21	
1289.9	758.896	1826.26	1595.9	1764.99	1314.33	1283.64	1298.33	1498.49	1468.31	1435.31	1794.68	1356.39	1315.78	1284.31	1845.46	1298.34	1297	1483.75	1352.03	1308	1327.94	1336.04	1770.52	1322.21	
1289.9	758.896	1826.26	1595.9	1764.99	1314.33	1283.64	1297.83	1498.49	1468.31	1435.31	1752.97	1356.39	1315.78	1284.31	1845.46	1298.34	1297	1483.75	1352.03	1308	1327.94	1336.04	1770.52	1322.21	
1289.9	758.896	1826.26	1595.9	1764.99	1314.33	1283.64	1297.83	1498.49	1468.31	1435.31	1313.89	1356.39	1315.78	1284.31	1845.46	1298.34	1297	1483.75	1352.03	1308	1327.94	1336.04	1770.52	1322.21	
1289.83	758.896	1826.26	1595.9	1764.99	1314.33	1283.64	1297.83	1498.49	1468.31	1312.07	1313.89	1356.39	1315.78	1284.31	1845.46	1298.34	1297	1483.75	1352.03	1308	1327.94	1336.04	1770.52	1322.21	
1289.83	753.108	1826.26	1595.9	1764.99	1314.33	1283.64	1297.83	1498.49	1468.31	1312.07	1313.89	1356.39	1315.78	1284.31	1845.46	1298.34	1297	1483.75	1352.03	1308	1327.94	1336.04	1770.52	1322.21	
1281.14	753.108	1826.26	1595.9	1764.99	1314.33	1283.64	1296.91	1498.49	1468.31	1312.07	1313.89	1356.39	1315.78	1284.31	1845.46	1298.34	1297	1483.75	1352.03	1308	1327.94	1336.04	1770.52	1322.21	
1281.14	753.108	1826.26	1595.9	1764.99	1314.33	1283.64	1296.91	1498.49	1468.31	1312.07	1313.89	1356.39	1315.22	1284.31	1845.46	1298.34	1297	1483.75	1352.03	1308	1327.94	1336.04	1770.52	1322.21	
1281.14	738.781	1826.26	1595.9	1764.99	1314.33	1283.64	1296.91	1498.49	1468.31	1312.07	1313.89	1356.39	1315.22	1284.31	1845.46	1298.34	1297	1483.75	1352.03	1308	1327.94	1336.04	1770.52	1322.21	
1281.14	738.781	1826.26	1595.9	1764.99	1314.33	1283.64	1296.91	1498.49	1468.31	1312.07	1313.89	1356.39	1315.22	1284.31	1845.46	1298.34	1297	1483.75	1352.03	1308	1327.94	1336.04	1770.52	1322.21	
1281.14	727.365	1826.26	1595.9	1764.99	1314.33	1283.64	1296.91	1498.49	1468.31	1312.07	1313.89	1356.39	1315.22	1284.31	1845.46	1298.34	1297	1483.75	1352.03	1308	1327.94	1336.04	1770.52	1322.21	
1281.14	727.365	1826.26	1595.9	1764.99	1314.33	1283.64	1291.67	1498.49	1468.31	1312.07	1313.89	1356.39	1315.22	1283.38	1845.46	1298.34	1297	1483.75	1352.03	1308	1327.94	1336.04	1770.52	1322.21	
1281.14	727.365	1826.26	1595.9	1764.99	1314.33	1283.64	1291.67	1332.36	1468.31	1312.07	1313.89	1356.39	1315.22	1283.38	1845.46	1298.34	1297	1483.75	1352.03	1308	1327.94	1336.04	1770.52	1322.21	
1281.14	727.365	1826.26	1595.9	1764.99	1314.33	1283.64	1291.67	1329.73	1468.31	1312.07	1313.89	1356.39	1311.36	1282.41	1845.46	1298.34	1297	1483.75	1352.03	1308	1327.94	1336.04	1770.52	1322.21	
1281.14	727.365	1826.26	1595.9	1764.99	1314.33	1283.64	1291.67	1329.73	1468.31	1312.07	1313.89	1356.39	1311.36	1282.41	1845.46	1298.34	1297	1483.75	1352.03	1308	1327.94	1336.04	1770.52	1322.21	
1257.9	727.365	1826.26	1595.9	1764.99	1314.33	1283.64	1291.67	1329.73	1468.31	1312.07	1313.89	1356.39	1311.36	1282.41	1845.46	1298.34	1297	1483.75	1352.03	1308	1327.94	1336.04	1770.52	1322.21	
1257.9	727.365	1826.26	1595.9	1764.99	1314.33	1283.64	1288.68	1329.73	1468.31	1312.07	1313.89	1356.39	1311.36	1282.41	1845.46	1298.34	1297	1483.75	1352.03	1308	1327.94	1336.04	1770.52	1322.21	
1257.9	727.365	1826.26	1595.9	1764.99	1314.33	1283.64	1288.68	1329.73	1468.31	1312.07	1313.89	1356.39	1311.36	1282.41	1845.46	1298.34	1297	1483.75	1352.03	1308	1327.94	1332.22	1770.52	1322.21	
1257.9	727.365	1826.26	1595.9	1764.99	1314.33	1283.64	1288.68	1329.73	1468.31	1312.07	1313.89	1356.39	1311.36	1282.41	1845.46	1298.34	1297	1483.75	1352.03	1308	1327.94	1332.22	1770.52	1322.21	
1257.9	727.365	1826.26	1595.9	1764.99	1314.33	1283.64	1282.7	1329.73	1468.31	1312.07	1313.89	1356.39	1311.36	1282.41	1845.46	1298.34	1297	1483.75	1352.03	1308	1327.94	1332.22	1770.52	1322.21	
1257.9	727.365	1826.26	1595.9	1764.99	1314.33	1283.64	1282.7	1329.73	1468.31	1312.07	1313.89	1356.39	1311.36	1282.41	1845.46	1298.34	1297	1483.75	1352.03	1308	1327.94	1332.22	1770.52	1322.21	
1257.9	727.365	1826.26	1595.9	1764.99	1314.33	1283.64	1197.66	1329.5	1468.31	1312.07	1313.89	1356.39	1311.36	1282.41	1845.46	1298.34	1297	1483.75	1352.03	1308	1327.94	1332.22	1770.52	1322.21	
1257.9	727.365	1826.26	1595.9	1764.99	1314.33	1283.64	1197.66	1329.5	1468.31	1312.07	1313.89	1356.39	1309.34	1282.41	1845.46	1298.34	1297	1483.75	1352.03	1308	1327.94	1321.78	1770.52	1322.21	
1257.9	727.365	1826.26	1595.9	1764.99	1314.33	1283.64	1197.66	1329.5	1468.31	1312.07	1313.89	1356.39	1309.34	1282.41	1845.46	1298.34	1297	1483.75	1352.03	1308	1327.94	1321.78	1770.52	1322.21	
1257.9	727.365	1826.26	1595.9	1764.99	1314.33	1283.64	1197.21	1329.5	1468.31	1312.07	1313.89	1356.39	1309.34	1282.41	1845.46	1298.34	1297	1483.75	1352.03	1308	1327.94	1321.78	1770.52	1322.21	
1257.9	727.365	1826.26	1595.9	1764.99	1314.33	1283.64	1176.59	1329.5	1468.31	1312.07	1313.89	1356.39	1309.34	1282.41	1845.46	1298.34	1297	1483.75	1352.03	1308	1327.94	1321.78	1770.52	1322.21	
1257.9	727.365	1826.26	1595.9	1764.99	1314.33	1283.64	1176.59	1329.5	1468.31	1312.07	1313.89	1356.39	1309.34	1282.41	1845.46	1298.34	1297	1483.75	1352.03	1308	1327.94	1321.78	1770.52	1322.21	
1257.84	727.365	1334.15	1595.9	1764.99	1314.33	1283.64	1176.59	1329.5	1468.31	1312.07	1313.89	1356.39	1309.34	1282.41	1845.46	1298.34	1297	1483.75	1352.03	1308	1327.94	1321.78	1770.52	1322.21	
1252.59	727.365	1334.15	1595.9	1764.99	1314.33	1283.64	1141.2	1329.5	1468.31	1312.07	1313.89	1356.39	1309.34	1282.41	1845.46	1298.34	1297	1483.75	1352.03	1308	1327.94	1321.78	1770.52	1322.21	
1252.59	727.365	1334.15	1595.9	1764.99	1314.33	1283.64	1141.2	1322.35	1468.31	1312.07	1313.89	1356.39	1309.34	1282.41	1845.46	1298.34	1297	1483.75	1352.03	1308	1327.94	1321.78	1770.52	1322.21	
1230.1	727.365	1334.15	1595.9	1764.99	1314.33	1283.64	1141.2	1322.35	1468.31	1312.07	1310.18	1350.83	1309.34	1282.41	1845.46	1298.34	1297	1483.75	1352.03	1308	1327.94	1321.78	1770.52	1322.21	
1230.1	727.365	1334.15	1595.9	1764.99	1314.33	1283.64	1141.2	1322.35	1468.31	1312.07	1310.18	1350.83	1304.25	1282.41	1845.46	1298.34	1297	1483.75	1352.03	1308	1327.94	1321.78	1770.52	1322.21	
1230.1	727.365	1334.15	1595.9	1764.99	1314.33	1283.64	1141.2	1321.21	1468.31	1312.07	1310.18	1350.83	1304.25	1282.41	1845.46	1298.34	1297	1483.75	1352.03	1308	1327.94	1321.78	1770.52	1322.21	
1183.48	727.365	1334.15	1595.9	1764.99	1314.33	1283.64	1013.66	1321.21	1468.31	1312.07	1310.18	1350.83	1304.25	1281.46	1845.46	1298.34	1297	1483.75	1352.03	1308	1327.94	1321.78	1770.52	1322.21	
1183.48	727.365	1334.15	1595.9	1764.99	1314.33	1283.64	1013.66	1321.21	1468.31	1312.07	1310.18	1350.83	1304.25	1281.46	1845.46	1298.34	1297	1483.75	1352.03	1308	1327.94	1321.78	1770.52	1322.21	
1179.35	727.365	1334.15	1595.9	1764.99	1314.33	1283.64	1013.66	1321.21	1468.31	1312.07	1310.18	1350.83	1304.25	1281.46	1845.46	1298.34	1297	1483.75	1352.03	1308	1327.94	1321.78	1770.52	1322.21	
1179.35	727.365	1334.15	1595.9	1764.99	1314.33	1283.64	1013.66	1321.21	1468.31	1312.07	1309.59	1350.83	1304.25	1281.46	1845.46	1298.34	1297	1483.75	1352.03	1308	1327.94	1321.78	1770.52	1322.21	
1179.35	727.365	1334.15	1595.9	1764.99	1314.33	1283.64	1013.66	1321.21	1468.31	1312.07	1309.59	1350.83	1304.25	1281.46	1845.46	1298.34	1297	1483.75	1352.03	1308	1327.94	1321.78	1770.52	1322.21	
1179.35	727.365	1334.15	1595.9	1764.99	1314.33	1283.64	1013.66	1321.21	1468.31	1312.07	1309.59	1350.83	1304.25	1281.46	1845.46	1298.34	1297	1483.75	1352.03	1308	1327.94	1321.78	1770.52	1322.21	
1177.68	724.108	1325.03	1595.9	1764.99	1314.33	1283.64	929.151	1321.21	1468.31	1312.07	1309.59	1350.83	1304.25	1281.46	1845.46	1298.34	1297	1483.75	1352.03	1308	1327.94	1321.78	1770.52	1322.21	
1153.38	697.916	1325.03	1595.9	1764.99	1314.33	1283.64	929.151	1321.21	1468.31	1312.07	1309.59	1350.83	1304.25	1281.46	1845.46	1298.34	1297	1483.75	1352.03	1308	1327.94	1321.78	1770.52	1322.21	
1153.38	697.916	1325.03	1595.9	1764.99	1314.33	1283.64	929.151	1321.21	1468.31	1312.07	1309.59	1350.83	1304.25	1281.13	1845.46	1298.34	1297	1483.75	1352.03	1308	1327.94	1321.78	1770.52	1322.21	
1153.38	697.916	1325.03	1595.9	1764.99	1314.33	1283.64	870.788	1321.21	1468.31	1312.07	1309.59	1350.83	1304.25	1281.13	1845.46	1298.34	1297	1483.75	1352.03	1308	1327.94	1321.78	1770.52	1322.21	
1145	697.916	1323.63	1595.9	1764.99	1314.33	1283.64	870.788	1321.21	1468.31	1312.07	1309.59	1350.83	1304.25	1281.13	1845.46	1298.34	1297	1483.75	1352.03	1308	1327.94	1321.78	1770.52	1322.21	
1121.17	697.916	1323.63	1595.9	1764.99	1314.33	1283.64	847.407	1321.21	1468.31	1312.07	1309.59	1350.83	1304.25	1281.13	1845.46	1298.34	1297	1483.75	1352.03	1308	1327.94	1321.78	1770.52	1322.21	
1121.17	697.916	1323.63	1595.9	1764.99	1314.33	1283.64	847.407	1321.21	1468.31	1312.07	1309.59	1350.83	1304.25	1281.13	1845.46	1298.34	1297	1483.75	1352.03	1308	1327.94	1321.78	1770.52	1322.21	
1121.17	697.916	1323.02	1595.9	1764.99	1314.33	1283.64	847.407	1309.71	1468.31	1312.07	1309.59	1350.83	1304.25	1281.13	1845.46	1298.34	1297	1483.75	1352.03	1308	1327.94	1321.78	1770.52	1322.21	
1052.19	697.916	1323.02	1595.9	1764.99	1314.33	1283.64	783.859	1309.71	1468.31	1312.07	1309.59	1350.83	1304.25	1279.42	1845.46	1298.34	1297	1483.75	1352.03	1308	1327.94	1321.78	1770.52	1322.21	
1052.19	697.916	1323.02	1595.9	1764.99	1314.33	1283.64	783.859	1309.71	1468.31	1312.07	1309.59	1350.83	1304.25	1275.45	1845.46	1298.34	1297	1483.75	1352.03	1308	1327.94	1321.78	1770.52	1322.21	
1052.19	697.916	1323.02	1595.9	1764.99	1314.33	1283.64	783.859	1303.09	1468.31	1312.07	1305.41	1350.83	1304.25	1275.45	1845.46	1298.34	1297	1483.75	1352.03	1308	1327.94	1321.78	1770.52	1322.21	
1052.19	697.916	1323.02	1595.9	1764.99	1314.33	1283.64	772.942	1303.09	1468.31	1312.07	1305.41	1350.83	1304.25	1275.45	1845.46	1298.34	1297	1483.75	1352.03	1308	1327.94	1321.78	1770.52	1322.21	
1052.19	678.743	1321.09	1595.9	1764.99	1314.33	1283.64	772.942	1303.09	1468.31	1312.07	1305.41	1350.83	1304.25	1275.45	1845.46	1298.34	1297	1483.75	1352.03	1308	1327.94	1321.78	1770.52	1322.21	
1052.19	678.743	1321.09	1595.9	1764.99	1314.33	1283.64	772.942	1303.09	1468.31	1312.07	1305.41	1350.83	1041.55	1274.13	1845.46	1298.34	1297	1483.75	1352.03	1308	1327.94	1321.78	1770.52	1322.21	
1052.19	678.743	1320.48	1595.9	1764.99	1314.33	1283.64	772.942	1303.09	1468.31	1312.07	1305.41	1350.83	1041.55	1274.13	1845.46	1298.34	1297	1483.75	1352.03	1308	1327.94	1321.78	1770.52	1322.21	
997.31	678.743	1320.48	1595.9	1764.99	1314.33	1283.64	734.784	1292.87	1468.31	1312.07	1305.41	1350.83	1041.55	1269.19	1845.46	1298.34	1297	1483.75	1352.03	1308	1327.94	1321.78	1770.52	1322.21	
997.31	678.743	1091.28	1595.9	1764.99	1314.33	1283.64	730.284	1292.87	1468.31	1312.07	1305.41	1350.83	1041.55	1269.19	1845.46	1298.34	1297	1483.75	1352.03	1308	1327.94	1321.78	1770.52	1322.21	
997.31	678.743	1091.28	1595.9	1764.99	1314.33	1283.64	720.976	1292.87	1468.31	1312.07	1305.41	1350.83	1041.55	1269.19	1845.46	1298.34	1297	1483.75	1352.03	1308	1327.94	1321.78	1770.52	1322.21	
997.25	678.743	1091.28	1595.9	1764.99	1314.33	1283.64	720.976	1292.87	1468.31	1312.07	1305.41	1350.83	1041.55	1269.19	1845.46	1298.34	1297	1483.75	1352.03	1308	1327.94	1321.78	1770.52	1322.21	
997.25	678.743	1091.28	1595.9	1764.99	1314.33	1283.64	690.013	1292.87	1468.31	1312.07	1305.41	1350.83	1041.55	1269.19	1845.46	1298.34	1297	1483.75	1352.03	1308	1327.94	1321.78	1770.52	1322.21	
993.251	675.764	1091.28	1595.9	1764.99	1314.33	1283.64	690.013	1292.87	1468.31	1312.07	1299.29	1350.83	1041.55	1269.19	1845.46	1298.34	1297	1483.75	1352.03	1308	1327.94	1321.78	1770.52	1322.21	
971.252	675.764	1091.28	1595.9	1764.99	1314.33	1283.64	690.013	1292.87	1468.31	1312.07	1299.29	1350.83	1041.55	1269.19	1845.46	1298.34	1297	1483.75	1352.03	1308	1327.94	1321.78	1770.52	1322.21	
971.252	675.764	1091.28	1595.9	1764.99	1314.33	1283.64	657.803	1292.87	1468.31	1312.07	1299.29	1350.83	862.898	1269.19	1845.46	1298.34	1297	1483.75	1352.03	1308	1327.94	1321.78	1770.52	1322.21	
971.252	675.764	1091.28	1595.9	1764.99	1314.33	1283.64	641.732	1292.87	1468.31	1312.07	1296.18	1350.83	862.898	1265.77	1845.46	1298.34	1297	1483.75	1352.03	1308	1327.94	1321.78	1770.52	1322.21	
951.825	671.382	1091.28	1595.9	1764.99	1314.33	1283.64	641.732	1292.87	1468.31	1312.07	1296.18	1350.83	862.898	1265.77	1845.46	1298.34	1297	1483.75	1352.03	1308	1327.94	1321.78	1770.52	1322.21	
884.072	671.382	1091.28	1595.9	1764.99	1314.33	1283.64	641.732	1292.87	1468.31	1312.07	1296.18	1350.83	862.898	1261.63	1845.46	1298.34	1297	1483.75	1352.03	1308	1327.94	1321.78	1770.52	1322.21	
884.072	671.382	1091.28	1595.9	1764.99	1314.33	1283.64	641.732	1292.87	1468.31	1312.07	1296.18	1350.83	862.898	1254.79	1845.46	1298.34	1297	1483.75	1352.03	1308	1327.94	1321.78	1770.52	1322.21	
884.072	659.356	1091.28	1595.9	1764.99	1314.33	1283.64	637.761	1292.87	1468.31	1312.07	1296.18	1350.83	860.472	1250.35	1845.46	1298.34	1297	1483.75	1352.03	1308	1327.94	1321.78	1770.52	1322.21	
884.072	659.356	1091.28	1595.9	1764.99	1314.33	1283.64	637.761	1292.87	1468.31	1312.07	1296.18	1350.83	786.789	1238.24	1845.46	1298.34	1297	1483.75	1352.03	1308	1327.94	1321.78	1770.52	1322.21	
884.072	653.533	1091.28	1595.9	1764.99	1314.33	1283.64	623.594	1292.87	1468.31	1312.07	1296.18	1350.83	751.168	1238.24	1845.46	1298.34	1297	1483.75	1352.03	1308	1327.94	1321.78	1770.52	1322.21	
884.072	642.199	1091.28	1595.9	1764.99	1314.33	1283.64	623.594	1292.87	1468.31	1312.07	1296.18	1350.83	701.356	1238.24	1845.46	1298.34	1297	1483.75	1352.03	1308	1327.94	1321.78	1770.52	1322.21	
884.072	642.199	1091.28	1595.9	1764.99	1314.33	1283.64	618.762	1160.7	1468.31	1312.07	1296.18	1350.83	611.857	1238.24	1845.46	1298.34	1297	1483.75	1352.03	1308	1327.94	1321.78	1770.52	1322.21	
852.889	642.199	1091.28	1595.9	1764.99	1314.33	1283.64	604.863	1160.7	1468.31	1312.07	1296.18	1350.83	611.857	1238.24	1845.46	1298.34	1297	1319.53	1352.03	1308	1327.94	1321.78	1770.52	1322.21	
852.889	641.619	1091.28	1595.9	1764.99	1314.33	1283.64	604.863	1160.7	1468.31	1312.07	1295.77	1350.83	611.857	1238.24	1845.46	1298.34	1297	1319.53	1352.03	1308	1327.94	1320.82	1770.52	1322.21	
852.889	636.195	1083.85	1595.9	1764.99	1314.33	1283.64	600.887	1160.7	1468.31	1312.07	1283.66	1350.83	611.857	1221.9	1845.46	1298.34	1297	1317.82	1352.03	1308	1327.94	1320.82	1770.52	1322.21	
852.889	636.195	1083.85	1595.9	1764.99	1314.33	1283.64	591.581	1160.7	1468.31	1312.07	1283.66	1350.83	611.857	1218.41	1845.46	1298.34	1297	1317.82	1351.79	1308	1327.94	1320.82	1770.52	1322.21	
852.889	628.591	1083.85	1595.9	1764.99	1314.33	1283.64	591.581	1153.32	1468.31	1312.07	1283.66	1350.83	611.857	1218.41	1845.46	1298.34	1297	1317.82	1351.79	1308	1327.94	1320.82	1770.52	1322.21	
852.889	628.591	1011.82	1595.9	1764.99	1314.33	1283.64	580.535	1153.32	1468.31	1312.07	1280.17	1350.83	573.511	1218.41	1845.46	1298.34	1297	1317.82	1351.79	1308	1327.94	1320.82	1770.52	1322.21	
852.889	628.591	1011.82	1595.9	1764.99	1314.33	1283.64	580.535	1101.9	1468.31	1312.07	1276.89	1350.83	573.511	1197.01	1845.46	1298.34	1297	1317.82	1351.79	1308	1327.94	1316.97	1770.52	1322.21	
852.889	628.591	891.32	1595.9	1764.99	1314.33	1283.64	580.535	1101.9	1468.31	1312.07	1276.89	1350.83	544.991	1197.01	1845.46	1298.34	1297	1317.82	1351.79	1308	1327.94	1316.4	1770.52	1322.21	
852.889	628.591	891.32	1595.9	1764.99	1314.33	1283.64	580.535	1042.25	1468.31	1312.07	1276.83	1350.83	531.157	1197.01	1845.46	1298.34	1297	1317.82	1351.61	1308	1327.94	1301.75	1770.52	1322.21	
852.889	626.685	832.464	1595.9	1764.99	1314.33	1283.64	576.495	1007.31	1468.31	1312.07	1267.74	1350.83	524.275	1197.01	1845.46	1298.34	1297	1317.82	1336.93	1308	1327.94	1301.75	1770.52	1322.21	
852.889	626.408	700.38	1595.9	1764.99	1314.33	1283.64	576.495	929.398	1468.31	1312.07	1266.17	1350.83	524.275	1190.14	1845.46	1298.34	1297	1317.82	1336.93	1308	1327.94	1301.75	1770.52	1322.21	
852.889	610.069	700.38	1595.9	1764.99	1314.33	1283.64	576.495	869.281	1468.31	1312.07	1265.39	1350.83	510.302	1161.39	1845.46	1298.34	1297	1309.8	1336.93	1308	1327.94	1301.75	1770.52	1322.21	
846.864	610.069	700.38	1595.9	1764.99	1314.33	1283.64	560.401	869.281	1468.31	1312.07	1230.62	1350.83	510.302	1133.31	1845.46	1298.34	1297	1309.8	1336.93	1308	1327.94	1301.75	1770.52	1322.21	
846.864	606.011	700.38	1595.9	1764.99	1314.33	1283.64	560.401	813.379	1468.31	1312.07	1225.29	1350.83	501.67	1133.31	1845.46	1298.34	1297	1309.8	1336.93	1308	1327.94	1301.75	1557.58	1322.21	
846.864	606.011	684.388	1595.9	1764.99	1314.33	1283.64	545.917	807.581	1468.31	1312.07	1225.29	1350.83	501.67	1133.31	1845.46	1298.34	1297	1309.8	1336.93	1308	1327.94	1301.75	1557.58	1322.21	
829.177	606.011	684.388	1595.9	1764.99	1314.33	1283.64	545.917	758.238	1468.31	1312.07	1192.94	1350.83	501.67	1133.31	1845.46	1298.34	1297	1309.69	1336.93	1308	1327.94	1301.75	1557.58	1322.21	
822.571	606.011	684.388	1595.9	1764.99	1314.33	1283.64	545.917	729.09	1468.31	1312.07	1192.94	1350.83	497.49	1133.31	1845.46	1298.34	1297	1309.69	1336.93	1308	1327.94	1301.75	1557.58	1322.21	
822.571	606.011	666.416	1595.9	1764.99	1314.33	1283.64	532.291	729.09	1468.31	1312.07	1192.94	1350.83	497.49	1121.91	1845.46	1298.34	1297	1309.69	1336.93	1308	1327.94	1298.06	1551.21	1322.21	
812.986	606.011	666.416	1595.9	1764.99	1314.33	1283.64	532.007	729.09	1468.31	1312.07	1192.94	1350.83	497.49	1077.79	1845.46	1298.34	1297	1309.69	1336.93	1308	1327.94	1297.45	1547.94	1322.21	
770.304	606.011	666.416	1595.9	1764.99	1314.33	1283.64	532.007	659.878	1468.31	1312.07	1188.18	1350.83	489.627	1077.79	1845.46	1298.34	1297	1300.12	1336.93	1308	1327.94	1297.45	1547.94	1322.21	
761.779	606.011	641.869	1595.9	1764.99	1314.33	1283.64	526.437	621.826	1468.31	1312.07	1177.98	1350.83	483.544	1009.93	1845.46	1298.34	1297	1300.12	1336.93	1308	1327.94	1297.45	1400.49	1322.21	
741.986	606.011	641.869	1595.9	1764.99	1314.33	1283.64	522.664	621.826	1468.31	1312.07	1177.98	1350.83	483.544	996.211	1845.46	1298.34	1297	1300.12	1336.93	1308	1327.94	1297.45	1400.49	1322.21	
741.986	606.011	641.869	1595.9	1764.99	1314.33	1283.64	522.139	621.826	1468.31	1312.07	1173.68	1350.83	483.544	961.869	1845.46	1298.34	1297	1300.12	1336.93	1308	1327.94	1297.45	1400.49	1322.21	
741.986	605.647	601.173	1595.9	1764.99	1314.33	1283.64	522.139	620.64	1468.31	1312.07	1140.5	1350.83	483.544	961.869	1845.46	1298.34	1297	1300.12	1331.9	1308	1327.94	1291.46	1400.49	1322.21	
741.986	605.647	601.173	1595.9	1764.99	1314.33	1283.64	518.509	609.349	1468.31	1312.07	1138.26	1350.83	476.842	960.514	1845.46	1298.34	1297	1300.12	1331.4	1308	1327.94	1283.23	1400.49	1322.21	
737.784	600.152	599.253	1595.9	1764.99	1314.33	1283.64	508.364	609.349	1468.31	1312.07	1138.26	1350.83	476.842	907.353	1845.46	1298.34	1297	1300.12	1331.4	1308	1327.94	1283.23	1400.49	1322.21	
737.784	600.152	599.253	1595.9	1764.99	1314.33	1283.64	508.364	559.363	1468.31	1312.07	1131	1350.83	476.842	873.034	1845.46	1298.34	1297	1300.12	1325.39	1308	1327.94	1282.14	1384.17	1322.21	
737.784	595.627	599.253	1595.9	1764.99	1314.33	1283.64	508.364	559.363	1468.31	1312.07	1092.86	1350.83	476.842	843.867	1845.46	1298.34	1297	1300.12	1325.39	1308	1327.94	1280.04	1384.17	1322.21	
737.784	594.749	599.253	1595.9	1764.99	1314.33	1283.64	498.966	559.363	1468.31	1312.07	1029.97	1350.83	476.842	827.386	1845.46	1298.34	1297	1300.12	1322.29	1308	1327.94	1269.27	1384.17	1322.21	
716.984	594.749	584.767	1595.9	1764.99	1314.33	1283.64	495.759	559.363	1468.31	1312.07	992.159	1350.83	476.842	780.873	1845.46	1298.34	1297	1300.12	1302.09	1308	1327.94	1269.27	1378.61	1322.21	
693.249	594.749	584.767	1595.9	1764.99	1314.33	1283.64	493.878	559.363	1468.31	1312.07	959.116	1350.83	476.842	780.873	1845.46	1298.34	1297	1299.85	1302.09	1308	1327.94	1269.27	1378.61	1322.21	
693.249	594.749	584.041	1595.9	1764.99	1314.33	1283.64	493.878	544.99	1468.31	1312.07	941.954	1350.83	476.842	771.007	1845.46	1298.34	1297	1295.01	1302.09	1308	1327.94	1263.98	1356.09	1322.21	
693.249	594.749	584.041	1595.9	1764.99	1314.33	1283.64	493.401	544.977	1468.31	1312.07	923.546	1350.83	476.525	771.007	1845.46	1298.34	1297	1291.19	1302.09	1308	1327.94	1261.49	1356.09	1322.21	
690.458	594.749	584.041	1595.9	1764.99	1314.33	1283.64	493.401	544.977	1468.31	1312.07	901.787	1350.83	476.525	656.553	1845.46	1298.34	1297	1263.41	1302.09	1308	1327.94	1261.49	1356.09	1322.21	
669.393	594.749	584.041	1595.9	1764.99	1314.33	1283.64	492.999	544.977	1468.31	1312.07	891.029	1350.83	468.022	656.553	1845.46	1298.34	1297	1253.15	1298.36	1308	1327.94	1261.49	1322.94	1322.21	
669.393	593.849	584.041	1595.9	1764.99	1314.33	1283.64	490.034	535.414	1468.31	1312.07	834.192	1350.83	468.022	656.553	1845.46	1298.34	1297	1234.37	1298.36	1308	1327.94	1261.49	1304.28	1322.21	
669.393	593.849	567.876	1595.9	1764.99	1314.33	1283.64	479.848	526.966	1468.31	1312.07	806.384	1350.83	468.022	644.433	1845.46	1298.34	1297	1227.8	1298.36	1308	1327.94	1261.49	1304.28	1322.21	
669.393	593.849	567.876	1595.9	1764.99	1314.33	1283.64	479.848	526.966	1468.31	1312.07	767.394	1350.83	468.022	644.433	1845.46	1298.34	1297	1131.37	1298.36	1308	1327.94	1253.23	1304.28	1322.21	
669.393	587.009	567.876	1595.9	1764.99	1314.33	1283.64	478.446	526.966	1468.31	1312.07	767.394	1350.83	467.287	633.415	1845.46	1298.34	1297	985.531	1286.87	1308	1327.94	1249.54	1304.28	1322.21	
667.612	587.009	567.876	1595.9	1764.99	1314.33	1283.64	478.446	526.966	1468.31	1312.07	745.466	1350.83	467.287	633.415	1845.46	1298.34	1297	920.697	1280.86	1308	1327.94	1233.14	1304.28	1322.21	
667.612	587.009	567.876	1595.9	1764.99	1314.33	1283.64	477.154	526.966	1468.31	1312.07	716.012	1350.83	458.137	633.415	1845.46	1298.34	1297	832.85	1276.36	1308	1327.94	1222.16	1304.28	1322.21	
667.612	587.009	563.334	1595.9	1764.99	1314.33	1283.64	473.559	526.966	1468.31	1312.07	679.858	1350.83	458.137	631.541	1845.46	1298.34	1297	744.756	1269.85	1308	1327.94	1216.01	1299.04	1322.21	
667.612	587.009	563.334	1595.9	1764.99	1314.33	1283.64	473.559	525.531	1468.31	1312.07	643.892	1350.83	451.932	571.091	1845.46	1298.34	1297	744.756	1259.61	1308	1327.94	1197.41	1299.04	1322.21	
667.612	587.009	563.334	1595.9	1764.99	1314.33	1283.64	467.915	518.923	1468.31	1312.07	604.053	1350.83	451.932	551.369	1845.46	1298.34	1297	720.329	1259.61	1308	1327.94	1197.41	1299.04	1322.21	
667.422	587.009	563.334	1593.67	1764.99	1314.33	1283.64	467.915	518.923	1468.31	1312.07	604.053	1350.83	450.744	524.254	1845.46	1298.34	1297	700.672	1259.61	1308	1327.94	1192.18	1270.11	1322.21	
667.422	576.533	553.558	1593.67	1764.99	1314.33	1283.64	467.915	517.454	1468.31	1312.07	604.053	1350.83	449.359	524.254	1845.46	1298.34	1297	586.786	1238.85	1308	1327.94	1192.18	1270.11	1322.21	
667.422	576.533	553.558	1593.67	1764.99	1314.33	1283.64	467.915	517.454	1468.31	1312.07	604.053	1350.83	449.359	524.254	1845.46	1298.34	1297	586.786	1202.14	1308	1327.94	1192.18	1270.11	1322.21	
667.422	570.041	553.558	1593.67	1764.99	1314.33	1283.64	466.589	514.045	1468.31	1312.07	599.337	1350.83	449.172	524.254	1845.46	1298.34	1297	586.521	1202.14	1308	1327.94	1164.37	1270.11	1322.21	
660.361	568.012	553.558	1588.59	1764.99	1314.33	1283.64	466.589	514.045	1468.31	1312.07	582.03	1350.83	449.172	502.511	1845.46	1298.34	1297	571.386	1187.15	1308	1327.94	1154.28	1267.9	1322.21	
659.516	565.657	553.558	1588.59	1764.99	1314.33	1283.64	463.714	514.045	1468.31	1312.07	579.496	1350.83	448.997	502.511	1845.46	1298.34	1297	555.376	1171.49	1308	1327.94	1152.49	1246.69	1322.21	
659.516	564.455	553.558	1584.57	1764.99	1314.33	1283.64	462.604	514.045	1468.31	1312.07	572.074	1350.83	448.997	497.465	1845.46	1298.34	1297	543.081	1165.94	1308	1327.94	1089.05	1246.69	1322.21	
648.685	564.455	553.558	1582.01	1764.99	1314.33	1283.64	462.604	514.045	1468.31	1312.07	555.857	1350.83	445.104	497.465	1845.46	1298.34	1297	533.461	1158.58	1308	1327.94	1089.05	1241.84	1322.21	
648.685	562.691	553.558	1581.21	1764.99	1314.33	1283.64	462.604	510.302	1468.31	1312.07	550.109	1350.83	445.104	497.465	1845.46	1298.34	1297	532.523	1158.58	1308	1327.94	1089.05	1227.87	1322.21	
648.685	562.691	553.558	1581.21	1764.99	1314.33	1283.64	462.604	510.302	1468.31	1312.07	548.855	1350.83	445.104	495.7	1845.46	1298.34	1297	532.523	1158.58	1308	1327.94	1089.05	1214.62	1322.21	
648.685	556.677	553.558	1581.21	1764.99	1314.33	1283.64	462.604	510.302	1468.31	1312.07	546.575	1350.83	444.658	492.786	1845.46	1298.34	1297	509.93	1155.18	1308	1327.94	1081.91	1184.36	1322.21	
648.685	556.677	553.558	1581.21	1764.99	1314.33	1283.64	462.604	510.302	1468.31	1312.07	532.019	1350.83	444.23	492.786	1845.46	1298.34	1297	509.93	1155.18	1308	1327.94	1081.91	1145.88	1322.21	
648.685	556.677	550.681	1579.05	1764.99	1314.33	1283.64	459.608	510.302	1468.31	1312.07	526.836	1350.83	441.757	492.786	1845.46	1298.34	1297	506.422	1147.23	1308	1327.94	1038.2	1145.88	1322.21	
648.685	556.677	547.951	1575.34	1764.99	1314.33	1283.64	459.608	510.302	1468.31	1312.07	526.534	1350.83	441.075	491.76	1845.46	1298.34	1297	501.815	1147.23	1308	1327.94	1038.2	1145.88	1322.21	
635.941	556.677	545.958	1561.41	1764.99	1314.33	1283.64	459.608	509.961	1468.31	1312.07	516.188	1350.83	437.511	454.052	1845.46	1298.34	1297	501.815	1138.73	1308	1327.94	1038.2	1128.89	1322.21	
635.941	556.677	545.958	1561.41	1764.99	1314.33	1283.64	459.608	509.961	1468.31	1312.07	515.267	1350.83	436.346	454.052	1845.46	1298.34	1297	501.815	1135.33	1308	1327.94	1038.2	1128.89	1322.21	
606.38	556.677	543.491	1561.41	1764.99	1314.33	1283.64	459.608	509.961	1468.31	1312.07	509.83	1350.83	436.346	450.677	1845.46	1298.34	1297	501.815	1119.18	1308	1327.94	1038.2	1114.34	1322.21	
606.38	556.539	543.491	1561.41	1764.99	1314.33	1283.64	459.108	509.961	1468.31	1312.07	509.83	1350.83	433.849	450.677	1845.46	1298.34	1297	496.874	1119.18	1308	1327.94	1038.2	1114.34	1322.21	
606.38	556.315	540.58	1406.51	1764.99	1314.33	1283.64	459.108	509.961	1468.31	1312.07	509.83	1350.83	433.849	450.677	1845.46	1298.34	1297	496.874	1118.32	1308	1327.94	1038.2	1105.19	1322.21	
606.38	556.315	536.135	1406.51	1764.99	1314.33	1283.64	455.428	509.961	1468.31	1312.07	489.698	1350.83	433.849	450.677	1845.46	1298.34	1297	493.755	1118.32	1308	1327.94	1022.63	1096.29	1322.21	
606.38	556.315	536.135	1397.01	1764.99	1314.33	1283.64	455.428	509.509	1468.31	1312.07	489.698	1350.83	433.849	450.677	1845.46	1298.34	1297	493.273	1118.32	1308	1327.94	1017.57	1043.39	1322.21	
606.38	554.531	536.135	1395.54	1764.99	1314.33	1283.64	454.261	509.509	1468.31	1312.07	489.698	1350.83	433.849	450.677	1845.46	1298.34	1297	493.273	1112.31	1308	1327.94	1017.57	1042.06	1322.21	
606.38	554.396	536.135	1395.54	1764.99	1314.33	1283.64	454.261	509.509	1468.31	1312.07	489.539	1350.83	433.849	450.677	1845.46	1298.34	1297	492.41	1111.3	1308	1327.94	1009.72	1012.14	1322.21	
606.38	554.396	531.628	1395.54	1764.99	1314.33	1283.64	454.261	509.045	1468.31	1312.07	488.422	1350.83	433.849	450.677	1845.46	1298.34	1297	490.736	1111.3	1308	1327.94	1009.72	1011.3	1322.21	
606.38	552.801	531.628	1395.54	1764.99	1314.33	1283.64	453.313	509.045	1468.31	1312.07	483.997	1350.83	433.849	450.677	1845.46	1298.34	1297	489.557	1111.3	1308	1327.94	981.357	912.347	1322.21	
606.38	546.176	531.628	1351.99	1764.99	1314.33	1283.64	452.551	508.061	1468.31	1312.07	483.533	1350.83	433.849	439.069	1845.46	1298.34	1297	489.557	1092.26	1308	1327.94	981.357	897.166	1322.21	
606.38	545.304	530.497	1351.99	1764.99	1314.33	1283.64	452.551	507.89	1468.31	1312.07	483.533	1350.83	433.849	439.069	1845.46	1298.34	1297	488.485	1092.26	1308	1327.94	981.357	878.091	1322.21	
606.38	537.964	524.227	1346.11	1764.99	1314.33	1283.64	450.999	507.89	1468.31	1312.07	483.533	1350.83	431.71	439.069	1845.46	1298.34	1297	488.052	1092.26	1308	1327.94	943.502	866.078	1322.21	
606.38	537.964	524.227	1346.11	1764.99	1314.33	1283.64	450.999	506.27	1468.31	1312.07	482.517	1350.83	431.71	432.314	1845.46	1298.34	1297	487.718	1092.26	1308	1327.94	912.299	825.459	1322.21	
606.139	537.964	524.145	1346.11	1764.99	1314.33	1283.64	449.86	506.27	1468.31	1312.07	481.951	1350.83	431.71	432.314	1845.46	1298.34	1297	487.718	1092.26	1308	1327.94	912.299	824.247	1322.21	
606.139	536.463	523.492	1346.11	1764.99	1314.33	1283.64	449.86	506.27	1468.31	1312.07	481.951	1350.83	430.717	432.314	1845.46	1298.34	1297	484.578	1092.26	1308	1327.94	911.335	808.479	1322.21	
589.948	536.463	516.449	1346.11	1764.99	1314.33	1283.64	449.86	506.27	1468.31	1312.07	477.76	1350.83	430.717	432.314	1845.46	1298.34	1297	484.578	1090.26	1308	1327.94	901.928	798.81	1322.21	
565.865	533.911	516.449	1346.11	1764.99	1314.33	1283.64	449.86	506.27	1468.31	1312.07	477.76	1350.83	430.156	432.314	1845.46	1298.34	1297	484.142	1083.58	1308	1327.94	886.053	789.659	1322.21	
542.583	533.911	514.528	1346.11	1764.99	1314.33	1283.64	448.961	506.27	1468.31	1312.07	477.76	1350.83	430.156	432.314	1845.46	1298.34	1297	484.142	1083.58	1308	1327.94	870.467	777.657	1322.21	
515.296	533.911	514.528	1346.11	1764.99	1314.33	1283.64	448.779	506.27	1468.31	1312.07	477.731	1350.83	429.033	432.314	1845.46	1298.34	1297	484.142	1083.58	1308	1327.94	870.467	750.935	1322.21	
508.972	529.813	507.018	1346.11	1764.99	1314.33	1283.64	448.779	506.27	1468.31	1312.07	477.731	1350.83	429.033	413.022	1845.46	1298.34	1297	484.142	1082.17	1308	1327.94	858.023	729.412	1322.21	
508.972	529.813	507.018	1346.11	1764.99	1314.33	1283.64	446.274	506.27	1468.31	1312.07	477.357	1350.83	422.715	413.022	1845.46	1298.34	1297	484.142	1076.5	1308	1327.94	824.472	729.412	1322.21	
508.972	528.746	507.018	1346.11	1764.99	1314.33	1283.64	446.274	506.27	1468.31	1312.07	475.46	1350.83	422.715	413.022	1845.46	1298.34	1297	484.142	1076.5	1308	1327.94	824.472	729.412	1322.21	
508.972	528.746	507.018	1325.5	1764.99	1314.33	1283.64	446.274	504.432	1468.31	1312.07	475.46	1350.83	422.715	413.022	1845.46	1298.34	1297	481.824	1075.36	1308	1327.94	824.472	729.412	1322.21	
508.972	522.239	507.018	1325.5	1764.99	1314.33	1283.64	446.274	504.432	1468.31	1312.07	475.09	1350.83	420.756	413.022	1845.46	1298.34	1297	481.824	1075.18	1308	1327.94	824.472	702.755	1322.21	
508.972	522.239	507.018	1325.5	1764.99	1314.33	1283.64	446.274	504.432	1468.31	1312.07	475.09	1350.83	420.756	413.022	1845.46	1298.34	1297	481.824	1072.72	1308	1327.94	812.963	684.347	1322.21	
508.972	522.239	497.272	1313.57	1764.99	1314.33	1283.64	444.4	504.432	1468.31	1312.07	473.34	1350.83	420.756	413.022	1845.46	1298.34	1297	480.676	1072.24	1308	1327.94	800.703	684.347	1322.21	
508.972	522.239	497.272	1313.57	1764.99	1314.33	1283.64	444.4	503.518	1468.31	1312.07	473.268	1350.83	420.756	413.022	1845.46	1298.34	1297	479.846	1068.65	1308	1327.94	800.703	665.301	1322.21	
508.972	522.239	497.272	1313.57	1764.99	1314.33	1283.64	444.4	502.488	1468.31	1312.07	473.268	1350.83	420.756	413.022	1845.46	1298.34	1297	479.846	1065.55	1308	1327.94	800.703	664.528	1322.21	
508.972	521.153	496.881	1313.57	1764.99	1314.33	1283.64	444.4	502.488	1468.31	1312.07	473.268	1350.83	420.756	413.022	1845.46	1298.34	1297	479.846	1065.55	1308	1327.94	784.463	656.367	1322.21	
508.972	520.311	493.281	1313.57	1764.99	1314.33	1283.64	444.4	502.488	1468.31	1312.07	473.268	1350.83	420.756	413.022	1845.46	1298.34	1297	479.846	1065.55	1308	1327.94	772.135	656.367	1322.21	
508.972	517.424	491.522	1313.57	1764.99	1314.33	1283.64	444.4	502.488	1468.31	1312.07	472.568	1350.83	420.756	413.022	1845.46	1298.34	1297	479.846	1060.87	1308	1327.94	772.135	629.446	1322.21	
508.972	517.424	487.76	1313.57	1764.99	1314.33	1283.64	444.4	501.662	1468.31	1312.07	472.568	1350.83	420.638	413.022	1845.46	1298.34	1297	479.279	1056.76	1308	1327.94	772.135	628.818	1322.21	
508.972	517.424	485.084	1313.57	1764.99	1314.33	1283.64	444.4	501.662	1468.31	1312.07	472.568	1350.83	418.363	413.022	1845.46	1298.34	1297	477.863	1055.76	1308	1327.94	761.405	628.818	1322.21	
476.931	516.991	484.784	1313.57	1764.99	1314.33	1283.64	444.4	501.662	1468.31	1312.07	472.107	1350.83	417.376	411.774	1845.46	1298.34	1297	477.008	1053.74	1308	1327.94	758.471	628.818	1322.21	
476.931	516.991	484.784	1313.23	1764.99	1314.33	1283.64	444.4	501.662	1468.31	1312.07	472.107	1350.83	417.376	411.774	1845.46	1298.34	1297	477.008	1050.75	1308	1327.94	749.551	619.609	1322.21	
476.931	515.965	483.362	1313.23	1764.99	1314.33	1283.64	444.208	500.513	1468.31	1312.07	472.107	1350.83	417.376	411.774	1845.46	1298.34	1297	475.78	1049.95	1308	1327.94	742.22	603.383	1322.21	
476.506	514.271	483.362	1303.77	1764.99	1314.33	1283.64	444.208	500.513	1468.31	1312.07	472.107	1350.83	417.343	411.774	1845.46	1298.34	1297	475.78	1049.61	1308	1327.94	727.201	603.383	1322.21	
476.506	513.579	482.346	1303.77	1764.99	1314.33	1283.64	444.208	500.513	1468.31	1312.07	472.107	1350.83	417.343	411.774	1845.46	1296.05	1297	475.78	1049.61	1308	1327.94	723.688	603.383	1322.21	
471.596	511.279	481.368	1303.77	1764.99	1314.33	1283.64	444.208	500.347	1468.31	1312.07	472.107	1350.83	416.928	411.774	1845.46	1296.05	1297	475.78	1047.84	1308	1327.94	719.428	566.585	1322.21	
471.596	511.279	480.813	1172.76	1764.99	1314.33	1283.64	444.208	500.347	1468.31	1312.07	471.434	1350.83	416.928	411.774	1845.46	1286.26	1297	475.78	1047.84	1308	1327.94	711.839	557.049	1322.21	
471.596	511.279	480.389	1172.76	1764.99	1314.33	1283.64	444.011	500.347	1468.31	1312.07	471.434	1350.83	416.928	411.774	1845.46	1286.26	1297	475.78	1046.62	1308	1327.94	711.71	552.631	1322.21	
471.596	510.685	479	1172.76	1764.99	1314.33	1283.64	444.011	500.347	1468.31	1312.07	471.434	1350.83	416.928	411.774	1845.46	1269.79	1297	475.78	1046.62	1308	1327.94	704.816	547.399	1322.21	
471.596	510.212	476.192	1160.18	1764.99	1314.33	1283.64	444.011	500.347	1468.31	1312.07	471.434	1350.83	416.331	411.774	1845.46	1265.58	1297	475.78	1046.62	1308	1327.94	698.526	534.359	1322.21	
471.596	510.212	476.192	1143.07	1764.99	1314.33	1283.64	437.026	500.347	1468.31	1312.07	470.516	1350.83	415.927	406.208	1845.46	1246.44	1297	475.78	1045.65	1308	1327.94	694.566	534.359	1322.21	
471.596	510.212	475.13	1120.9	1764.99	1314.33	1283.64	437.026	500.273	1468.31	1312.07	470.516	1350.83	414.133	406.208	1845.46	1235.3	1297	475.605	1041.25	1308	1327.94	691.367	528.222	1322.21	
471.596	509.982	472.721	1107.75	1764.99	1314.33	1283.64	437.026	500.273	1468.31	1312.07	470.516	1350.83	414.133	406.208	1845.46	1225.02	1297	475.605	1041.25	1308	1327.94	682.196	528.222	1322.21	
471.596	509.982	469.551	1102.57	1764.99	1314.33	1283.64	436.459	498.007	1468.31	1312.07	470.516	1350.83	414.133	406.208	1845.46	1211.54	1297	475.605	1041.25	1308	1327.94	673.81	524.828	1322.21	
471.596	509.537	469.551	1071.83	1764.99	1314.33	1283.64	436.459	498.007	1468.31	1312.07	470.516	1350.83	414.133	405.507	1845.46	1211.54	1297	475.605	1041.25	1308	1327.94	672.012	523.212	1322.21	
471.596	509.537	469.551	1050.94	1764.99	1314.33	1283.64	436.459	498.007	1468.31	1312.07	470.516	1350.83	414.133	405.507	1845.46	1191.7	1297	474.285	1041.25	1308	1327.94	670.241	520.393	1322.21	
471.596	509.537	469.551	1025.87	1764.99	1314.33	1283.64	436.459	498.007	1468.31	1312.07	470.516	1350.83	411.773	405.507	1845.46	1184.17	1297	474.285	1039.99	1308	1327.94	666.589	519.432	1322.21	
471.596	508.192	469.551	977.451	1764.99	1314.33	1283.64	435.705	498.007	1468.31	1312.07	470.323	1350.83	411.773	405.507	1845.46	1184.17	1297	472.645	1039.59	1308	1327.94	663.701	513.766	1322.21	
471.596	508.192	468.588	852.612	1764.99	1314.33	1283.64	432.669	498.007	1468.31	1312.07	469.933	1350.83	411.773	405.507	1845.46	1176.91	1297	472.645	1038.63	1308	1327.94	659.127	513.766	1322.21	
471.596	508.192	468.588	818.883	1764.99	1314.33	1283.64	432.669	498.007	1468.31	1312.07	469.68	1350.83	411.773	405.507	1845.46	1176.91	1297	472.645	1035.49	1308	1327.94	654.949	503.75	1322.21	
471.596	506.349	468.588	791.305	1764.99	1314.33	1283.64	432.669	498.007	1468.31	1312.07	469.68	1350.83	411.773	404.255	1845.46	1176.91	1297	472.645	1030.44	1308	1327.94	653.696	502.807	1322.21	
471.596	506.349	466.753	787.795	1764.99	1314.33	1283.64	432.669	497.167	1468.31	1312.07	469.68	1350.83	411.773	404.255	1845.46	1176.91	1297	472.645	1030.44	1308	1327.94	650.043	500.479	1322.21	
471.596	506.349	466.753	769.763	1764.99	1314.33	1283.64	432.669	496.421	1468.31	1312.07	469.68	1350.83	411.773	403.357	1845.46	1176.91	1297	472.645	1030.12	1308	1327.94	650.043	500.479	1322.21	
471.596	505.91	463.547	763.695	1764.99	1314.33	1283.64	432.669	496.421	1468.31	1312.07	469.68	1350.83	411.773	403.357	1845.46	1176.91	1297	472.645	1028.8	1308	1327.94	564.894	498.772	1322.21	
471.596	505.91	463.547	756.442	1764.99	1314.33	1283.64	432.669	496.421	1468.31	1312.07	469.534	1350.83	411.773	399.241	1845.46	1171.29	1297	472.645	1025.76	1308	1327.94	564.894	498.772	1322.21	
471.596	505.91	462.336	750.224	1764.99	1314.33	1283.64	432.669	496.421	1468.31	1312.07	469.534	1350.83	411.773	399.241	1845.46	1170.93	1297	472.065	1025.76	1308	1327.94	564.894	495.356	1322.21	
471.596	505.91	460.96	749.638	1764.99	1314.33	1283.64	432.412	495.713	1468.31	1312.07	469.534	1350.83	411.773	399.241	1845.46	1169.95	1297	472.065	1025.76	1308	1327.94	564.894	490.666	1322.21	
471.596	505.91	459.517	746.898	1764.99	1314.33	1283.64	432.412	494.152	1468.31	1312.07	469.534	1350.83	411.773	399.241	1845.46	1169.95	1297	472.065	1025.41	1308	1327.94	564.894	488.335	1322.21	
471.596	505.91	459.067	740.301	1764.99	1314.33	1268.09	432.32	494.152	1468.31	1312.07	469.534	1350.83	411.773	399.241	1845.46	1169.95	1297	471.637	1024.02	1308	1327.94	564.894	487.672	1322.21	
471.596	505.91	458.804	725.556	1764.99	1314.33	1268.09	432.32	494.152	1468.31	1312.07	469.219	1350.83	411.773	399.241	1845.46	1162.48	1297	471.637	1024.02	1308	1327.94	564.894	487.672	1322.21	
471.596	505.495	457.963	725.556	1764.99	1314.33	1268.09	432.32	494.152	1468.31	1312.07	469.219	1350.83	411.773	399.241	1845.46	1162.48	1297	471.637	1023.62	1308	1327.94	564.894	484.449	1322.21	
471.596	505.451	457.963	725.556	1764.99	1314.33	1268.09	432.32	493.559	1468.31	1312.07	469.219	1350.83	411.773	398.851	1845.46	1162.48	1297	471.637	1023.53	1308	1327.94	564.894	483.809	1322.21	
471.596	505.365	457.963	725.556	1764.99	1314.33	1268.09	432.32	493.559	1468.31	1312.07	469.219	1350.83	411.773	398.851	1845.46	1162.48	1297	471.637	1023.11	1308	1327.94	564.894	483.809	1322.21	
471.596	505.365	455.441	725.556	1764.99	1314.33	1268.09	432.32	493.419	1468.31	1312.07	469.219	1350.83	411.773	398.851	1845.46	1160.69	1297	471.637	1023.11	1308	1327.94	564.894	481.342	1322.21	
471.24	505.365	455.441	725.556	1764.99	1314.33	1268.09	432.32	493.419	1468.31	1312.07	469.219	1350.83	411.773	395.702	1845.46	1154.39	1297	470.991	1023.11	1308	1327.94	564.894	481.342	1322.21	
471.24	504.879	455.441	725.556	1764.99	1314.33	1268.09	430.483	493.419	1468.31	1312.07	469.219	1350.83	411.773	395.702	1845.46	1154.39	1297	470.991	1023.06	1308	1327.94	564.894	481.342	1322.21	
471.24	504.402	455.441	720.734	1764.99	1314.33	1268.09	430.483	493.419	1468.31	1312.07	469.219	1350.83	411.773	395.702	1845.46	1154.39	1297	470.991	1022.17	1308	1327.94	564.894	478.573	1322.21	
470.939	504.192	455.441	720.734	1764.99	1314.33	1268.09	430.483	492.696	1251.04	1312.07	469.219	1350.83	411.773	395.702	1845.46	1152.8	1297	470.822	1022.17	1308	1327.94	564.894	478.573	1322.21	
470.939	503.853	455.441	720.734	1764.99	1314.33	1268.09	430.483	492.696	1251.04	1312.07	468.327	1350.83	411.244	395.702	1845.46	1141.91	1297	470.79	1020.79	1308	1327.94	564.894	473.809	1322.21	
470.939	503.853	455.441	720.734	1764.99	1314.33	1268.09	430.483	492.696	1251.04	1312.07	468.09	1350.83	411.244	389.771	1845.46	1141.52	1297	470.79	1019.24	1308	1327.94	564.894	473.809	1322.21	
468.921	503.558	454.651	720.734	1764.99	1314.33	1268.09	430.483	492.696	1251.04	1312.07	468.09	1350.83	411.244	382.714	1845.46	1141.52	1297	470.557	1019.24	1308	1327.94	564.894	471.707	1322.21	
468.921	503.504	454.614	720.623	1764.99	1314.33	1268.09	430.317	491.589	1251.04	1312.07	467.716	1350.83	410.773	382.714	1845.46	1141.52	1297	470.547	1019.24	1308	1327.94	564.894	470.221	1322.21	
468.921	503.309	454.614	718.69	1764.99	1314.33	1261.27	430.255	491.589	1121.32	1312.07	467.468	1350.83	410.631	382.571	1845.46	1139.76	1297	470.349	1019.24	1308	1327.94	564.894	470.221	1322.21	
468.921	503.244	454.614	718.371	1764.99	1314.33	1235.76	429.522	491.002	1121.32	1312.07	466.762	1350.83	409.261	380.344	1845.46	1139.76	1297	470.349	1019.24	1308	1327.94	564.894	470.221	1322.21	
468.921	502.583	454.614	718.128	1764.99	1314.33	1161.67	429.522	490.479	1121.32	1312.07	466.762	1350.83	409.261	380.344	1845.46	1139.76	1297	470.321	1019.21	1308	1327.94	564.894	470.221	1322.21	
468.655	502.583	454.091	717.628	1764.99	1314.33	1114.15	429.522	490.479	1121.32	1312.07	466.73	1350.83	409.261	379.544	1845.46	1138.44	1297	470.165	1019.21	1308	1327.94	564.894	470.221	1322.21	
468.655	502.496	454.091	716.673	1764.99	1314.33	1114.15	429.522	490.479	1121.32	1312.07	466.549	1350.83	409.261	377.434	1845.46	1136.87	1297	469.938	1018.18	1308	1327.94	564.894	470.221	1322.21	
468.655	502.355	453.209	716.673	1764.99	1314.33	1105.22	429.19	490.479	1121.32	1312.07	466.383	1350.83	409.261	375.218	1845.46	1135.54	1297	469.627	1017.93	1308	1327.94	564.894	468.827	1322.21	
468.655	502.181	452.343	716.673	1764.99	1314.33	1105.22	428.64	490.184	1121.32	1312.07	466.357	1350.83	408.537	375.024	1845.46	1134.91	1297	469.528	1017.93	1308	1327.94	564.894	468.827	1322.21	
468.655	502.091	452.343	716.673	1764.99	1314.33	1103.55	428.64	490.148	1113.18	1312.07	466.349	1350.83	408.537	371.95	1845.46	1133.66	1297	469.528	1017.93	1308	1327.94	564.894	468.827	1322.21	
468.655	496.87	452.071	716.673	1764.99	1314.33	1088.1	428.315	490.148	1113.18	1312.07	466.203	1350.83	408.537	371.441	1845.46	1132.6	1297	469.428	1017.43	1308	1327.94	564.894	468.827	1322.21	
468.463	496.87	452.071	716.673	1764.99	1314.33	1084.69	428.173	490.148	1113.18	1312.07	466.158	1350.83	408.537	368.065	1845.46	1131.2	1297	469.408	1017.24	1308	1327.94	564.894	468.289	1322.21	
466.063	496.87	451.847	716.673	1764.99	1314.33	1084.69	428.173	488.263	1102.88	1312.07	466.121	1350.83	408.537	368.065	1845.46	1130.08	1297	469.355	1017.07	1308	1327.94	564.894	468.289	1322.21	
465.516	496.87	451.537	716.673	1764.99	1314.33	1057.1	428.001	488.263	1079.69	1312.07	466.109	1350.83	408.497	368.065	1845.46	1130.08	1297	469.318	1016.59	1308	1327.94	564.894	468.289	1322.21	
464.627	496.87	450.456	716.673	1764.99	1314.33	1027.27	427.926	488.263	1047.79	1312.07	466.012	1350.83	408.476	367.557	1845.46	1122.9	1297	469.299	1016.37	1308	1327.94	564.894	466.902	1322.21	
464.627	496.87	450.346	716.673	1764.99	1314.33	1026.87	427.614	487.658	1020.76	1312.07	465.955	1350.83	408.476	367.493	1845.46	1122.9	1297	469.183	1016.15	1308	1327.94	564.894	466.902	1322.21	
464.627	496.87	449.841	716.673	1764.99	1314.33	1002.77	427.452	487.658	922.967	1312.07	465.945	1350.83	408.476	367.264	1845.46	1122.9	1297	469.125	1016.01	1308	1327.94	564.894	466.902	1322.21	
463.224	496.87	449.659	716.673	1764.99	1314.33	1000.75	427.278	487.658	854.164	1312.07	465.923	1350.83	408.476	367.264	1845.46	1120.99	1297	469.125	1015.71	1308	1327.94	564.894	466.902	1322.21	
463.224	496.87	449.225	716.673	1764.99	1314.33	963.511	427.215	487.249	788.416	1312.07	465.792	1350.83	408.168	367.264	1845.46	1120.99	1297	469.088	1015.67	1308	1327.94	564.894	466.902	1322.21	
463.224	496.87	448.224	716.673	1764.99	1314.33	929.909	427.186	486.151	726.929	1312.07	465.704	1350.83	408.168	366.207	1845.46	1120.79	1297	469.083	1015.47	1308	1327.94	564.894	466.902	1322.21	
463.224	496.87	448.224	716.673	1764.99	1314.33	877.384	427.11	485.847	620.086	1312.07	465.542	1350.83	407.138	364.082	1845.46	1120.79	1297	469.064	1015.3	1308	1327.94	564.894	466.902	1322.21	
463.224	496.87	448.224	716.673	1764.99	1314.33	824.259	426.917	485.847	576.895	1312.07	465.508	1350.83	407.138	364.082	1845.46	1120.78	1297	469.064	1015.2	1308	1327.94	564.894	466.252	1322.21	
462.67	496.87	448.224	716.673	1764.99	1314.33	810.509	426.869	485.847	570.264	1312.07	465.457	1350.83	407.138	363.333	1845.46	1120.78	1297	469.045	1014.95	1308	1327.94	564.894	465.263	1322.21	
462.409	496.87	448.224	716.673	1764.99	1314.33	750.939	426.759	485.437	551.921	1312.07	465.454	1350.83	407.138	362.305	1845.46	1120.56	1297	469.016	1014.86	1308	1327.94	564.894	465.124	1322.21	
462.379	496.87	448.224	716.673	1764.99	1314.33	741.441	426.736	485.437	534.464	1312.07	465.377	1350.83	405.344	361.551	1845.46	1119.71	1297	469.009	1014.65	1308	1327.94	564.894	464.507	1322.21	
462.168	496.87	448.224	716.673	1764.99	1314.33	713.023	426.667	483.803	533.61	1312.07	465.333	1350.83	405.344	361.199	1845.46	1119.13	1297	468.995	1013.53	1308	1327.94	564.894	463.98	1322.21	
462.168	496.87	448.104	716.673	1764.99	1314.33	686.591	426.656	483.615	531.234	1312.07	465.284	1350.83	405.344	361.049	1845.46	1118.62	1297	468.972	1013.53	1308	1327.94	564.894	463.118	1322.21	
462.024	496.87	447.862	716.673	1764.99	1314.33	672.137	426.608	483.615	526.352	1312.07	465.247	1350.83	405.344	360.717	1430.44	1117.8	1297	468.969	1013.53	1308	1327.94	564.894	462.833	1322.21	
461.805	496.87	447.761	716.673	1764.99	1314.33	669.007	426.578	483.52	526.179	1312.07	465.24	1350.83	405.344	360.717	1430.44	1117.34	1297	468.969	1013.53	1308	1327.94	564.894	462.8	1322.21	
461.398	496.87	447.761	716.673	1764.99	1314.33	658.589	426.55	483.276	524.764	1312.07	465.187	1350.83	405.344	359.897	1430.44	1117.21	1297	468.961	1013.53	1308	1327.94	564.894	462.656	1322.21	
461.324	496.87	447.598	716.673	1764.99	1314.33	647.943	426.546	483.079	522.664	1312.07	465.166	1350.83	404.916	359.767	1430.44	1117.13	1297	468.957	1013.53	1308	1327.94	564.894	462.576	1322.21	
461.324	496.87	447.332	716.673	1764.99	1314.33	639.683	426.535	482.668	522.151	1312.07	465.142	1350.83	404.916	359.699	1430.44	1116.97	1297	468.955	1013.53	1308	1327.94	564.894	462.551	1322.21	
461.324	496.87	446.536	716.673	1764.99	1314.33	632.633	426.522	482.177	522.075	1312.07	465.086	1350.83	404.916	359.699	1430.44	1116.89	1297	468.955	1010.63	1308	1327.94	564.894	462.524	1322.21	
461.324	496.87	446.536	716.673	1764.99	1314.33	621.292	426.518	482.137	515.86	1312.07	465.071	1350.83	404.78	359.195	1430.44	1116.83	1297	468.953	1010.58	1308	1327.94	564.894	462.504	1322.21	
461.324	496.87	446.536	716.673	1764.99	1314.33	618.261	426.513	481.828	515.648	1312.07	465.046	1350.83	404.684	359.195	1430.44	1116.78	1297	468.952	1009.99	1308	1327.94	564.894	462.458	1322.21	
461.202	496.87	446.536	716.673	1764.99	1314.33	592.076	426.507	481.744	515.648	1312.07	465.043	1350.83	404.684	359.129	1430.44	1116.65	1297	468.952	1009.99	1308	1327.94	564.894	462.45	1322.21	
461.198	496.87	446.536	716.673	1764.99	1314.33	566.314	426.506	481.587	515.648	1312.07	465.037	1350.83	404.684	358.908	1396.75	1116.59	1297	468.952	1009.99	1308	1327.94	564.894	462.448	1322.21	
461.079	496.87	446.536	716.673	1764.99	1314.33	556.82	426.505	481.429	511.827	1312.07	465.037	1350.83	403.289	358.839	1396.75	1116.52	1297	468.952	1009.99	1308	1327.94	564.894	462.441	1322.21	
460.904	496.87	446.536	716.673	1764.99	1314.33	555.133	426.505	481.349	511.81	1312.07	465.036	1350.83	403.289	358.817	1388.81	1116.44	1297	468.952	1009.99	1308	1327.94	564.894	462.426	1322.21	
460.834	496.87	446.536	716.673	1764.99	1314.33	552.425	426.504	481.336	511.638	1312.07	465.035	1350.83	403.289	358.713	1374.39	1116.4	1297	468.95	1009.99	1308	1327.94	564.894	462.418	1322.21	
460.771	496.87	446.536	716.673	1764.99	1314.33	551.974	426.504	481.292	511.638	1312.07	465.034	1350.83	403.289	358.702	1373.12	1116.39	1297	468.949	1009.99	1308	1327.94	564.894	462.405	1322.21	
460.703	496.87	446.536	716.673	1764.99	1314.33	551.029	426.504	481.263	511.638	1312.07	465.033	1350.83	403.015	357.526	1373.12	1116.38	1297	468.945	1009.99	1308	1327.94	564.894	462.392	1322.21	
460.678	496.87	446.536	716.673	1764.99	1314.33	549.304	426.503	481.217	511.638	1312.07	465.032	1350.83	403.015	357.025	1350.7	1116.37	1297	468.941	1009.99	1308	1327.94	564.894	462.379	1322.21	
447.546	496.87	446.536	716.673	1708.01	1314.33	548.054	426.503	481.061	511.638	1312.07	465.031	1350.83	402.821	356.92	1348.25	1116.36	1297	468.938	1009.99	1308	1327.94	564.894	462.335	1322.21	
443.687	496.87	446.536	716.673	1708.01	1314.33	547.579	426.497	480.941	511.638	1312.07	465.03	1350.83	402.686	356.737	1342.1	1116.36	1297	468.933	1009.99	1308	1327.94	564.894	462.291	1322.21	
443.046	496.87	446.536	716.673	1704.76	1314.33	545.673	426.496	480.928	511.638	1312.07	465.03	1350.83	402.651	356.586	1342.1	1116.36	1297	468.93	1009.99	1308	1327.94	564.894	462.285	1322.21	
441.74	496.87	446.536	716.673	1704.76	1314.33	544.355	426.496	480.913	511.638	1312.07	465.03	1350.83	402.618	356.555	1342.1	1116.36	1297	468.929	1009.99	1308	1327.94	564.894	462.282	1322.21	
437.775	496.87	446.536	716.673	1704.76	1314.33	544.355	426.496	480.907	511.638	1312.07	465.03	1350.83	402.611	356.542	1342.1	1116.36	1297	468.928	1009.99	1308	1327.94	564.894	462.277	1322.21	
437.434	496.87	446.536	716.673	1704.76	1314.33	544.355	426.496	480.903	511.638	1312.07	465.03	1350.83	402.603	356.539	1302.21	1116.36	1297	468.928	1009.99	1308	1327.94	564.894	462.276	1322.21	
437.26	496.87	446.536	716.673	1704.76	1314.33	542.7	426.496	480.903	511.638	1312.07	465.03	1350.83	402.59	356.538	1230.42	1116.36	1297	468.928	1009.99	1308	1327.94	564.894	462.274	1322.21	
437.127	496.87	446.536	716.673	1704.76	1314.33	542.19	426.496	480.872	511.638	1312.07	465.03	1350.83	402.59	356.538	1211.06	1116.36	1297	468.928	1009.99	1308	1327.94	564.894	462.273	1322.21	
437.083	496.87	446.536	716.673	1704.76	1314.33	540.639	426.496	480.871	511.638	1312.07	465.03	1350.83	402.589	356.537	1201.15	1116.36	1297	468.928	1009.99	1308	1327.94	564.894	462.273	1322.21	
436.455	496.87	446.536	716.673	1704.76	1314.33	540.127	426.46	480.871	511.638	1312.07	465.03	1350.83	402.589	356.537	1196.09	1116.36	1297	468.928	1009.99	1308	1327.94	564.894	462.273	1322.21	
433.207	496.87	446.536	716.673	1704.76	1314.33	540.127	426.455	480.871	511.638	1312.07	465.03	1350.83	402.589	356.537	1193.85	1116.36	1297	468.928	1009.99	1308	1327.94	564.894	462.273	1322.21	
433.151	496.87	446.536	716.673	1704.76	1314.33	537.318	426.454	480.871	511.638	1312.07	465.03	1350.83	402.589	356.537	1193.07	1116.36	1297	468.928	1009.99	1308	1327.94	564.894	462.273	1322.21	
433.142	496.87	446.536	716.673	1704.76	1314.33	536.521	426.454	480.871	511.638	1312.07	465.03	1350.83	402.589	356.537	1193.07	1116.36	1297	468.928	1009.99	1308	1327.94	564.894	462.273	1322.21	
433.141	496.87	446.536	716.673	1704.76	1314.33	536.481	426.454	480.871	511.638	1312.07	465.03	1350.83	402.589	356.537	1192.8	1116.36	1297	468.928	1009.99	1308	1327.94	564.894	462.273	1322.21	
433.141	496.87	446.536	716.673	1704.76	1314.33	535.714	426.454	480.871	511.638	1312.07	465.03	1350.83	402.589	356.537	1191.89	1116.36	1297	468.928	1009.99	1308	1327.94	564.894	462.273	1322.21	
428.269	495.868	446.536	716.673	1704.76	1314.33	535.348	426.454	480.871	511.638	1312.07	465.03	1350.83	402.589	356.537	1191.74	1116.36	1297	468.928	1009.99	1308	1327.94	564.894	462.273	1322.21	
428.269	489.585	446.536	716.673	1704.76	1314.33	535.273	426.443	480.871	511.638	1312.07	465.03	1350.83	402.589	356.537	1191.18	1116.36	1297	468.928	1009.99	1308	1327.94	564.894	462.273	1322.21	
