288752	260494	262887	344427	234032	312680	449176	215393	181493	339470	379605	252689	1.91026e+06	178719	324337	272781	522284	301942	535691	297823	455315	2.51386e+06	8.37735e+06	483790	277166	
288752	195535	237473	194776	234032	258675	441248	215393	181493	268524	299383	252689	192342	178719	324337	272781	341958	301942	227792	242455	352007	242762	239880	483790	277166	
288752	195535	174059	194776	234032	258675	231887	161509	181493	164565	299383	252689	192342	178719	324337	272781	304426	301942	227792	229111	352007	197809	239880	262964	236110	
288752	174765	174059	194776	234032	234457	188001	161509	181493	164565	247702	212685	192342	95542.6	324337	205056	172686	173854	179231	229111	236631	129159	216233	252224	236110	
195356	174765	174059	194776	195088	203522	188001	161509	181493	164565	239983	212685	192342	95542.6	324337	166755	172686	151705	168918	203425	236631	127454	216233	252224	236110	
195356	174765	174059	194776	195088	203522	188001	161509	181493	164565	239983	212685	192342	95542.6	324337	166755	172686	151705	127172	203425	174095	127454	124103	200160	236110	
174786	174765	174059	194776	163493	195697	188001	161509	181493	164565	239983	212685	174909	95542.6	170421	166755	135023	151705	127172	203425	174095	127454	124103	196494	188497	
167893	174765	174059	194776	163493	195697	188001	161509	137530	103489	154385	165414	119123	95542.6	158204	166755	135023	151705	127172	203425	174095	127454	124103	196494	176573	
118213	167586	139045	194776	163493	195697	147667	161509	137530	103489	154385	165414	119123	95542.6	158204	166755	135023	151705	127172	203425	167093	127454	124103	142393	176573	
118213	164961	139045	194776	163493	195697	147667	161509	137530	103489	154385	165414	119123	95542.6	158204	166755	135023	151705	127172	203425	167093	127454	124103	107940	176573	
118213	160808	139045	194776	163493	195697	147667	161509	137530	103489	154385	165414	119123	95542.6	158204	166755	135023	151705	127172	197895	167093	127454	124103	107940	176573	
118213	148718	137541	168729	163493	145695	147667	152127	137530	103489	154385	165414	119123	95542.6	145705	166755	135023	118671	127172	197895	167093	127454	124103	107940	176006	
118213	148718	137541	168729	163493	145695	147667	152127	115445	103489	154385	165414	119123	95542.6	145705	149156	135023	118671	127172	197895	118436	127454	124103	107940	169512	
118213	148718	137541	168729	163493	145695	147667	152127	115445	102601	154385	165414	119123	95542.6	145705	149156	135023	118671	127172	197895	118436	127454	124103	107940	111840	
118213	148718	137541	168729	163493	86099	147667	130856	115445	102601	135932	115835	119123	95542.6	145705	149156	135023	118671	127172	197895	118436	127454	96616	107940	111840	
118213	148718	137541	168729	163493	86099	147667	130856	115445	102601	135932	115835	119123	95542.6	145705	149156	135023	118671	92614.9	197895	118436	127454	96616	107940	111840	
118213	148718	137541	168729	163493	86099	147667	130856	115445	102601	135932	115835	118592	95542.6	145705	149156	135023	118671	92614.9	83506.1	118436	127454	96616	107940	111840	
87092.4	148718	137541	168729	163493	86099	147667	130856	115445	102601	135932	115835	111337	95542.6	145705	149156	135023	118671	92614.9	83506.1	118436	114247	96616	107940	111840	
87092.4	148718	137541	168729	163493	86099	147667	130856	115445	102601	135932	115835	111337	95542.6	145705	149156	135023	118671	92614.9	83506.1	118436	114247	96616	107940	111840	
87092.4	148718	137541	124366	163493	86099	128943	130856	115445	102601	116570	115835	111337	95542.6	145705	143523	135023	118671	92614.9	83506.1	118436	114247	96616	107940	111840	
87092.4	146689	137541	124366	155615	86099	128943	130856	115445	102601	98064.9	115835	111337	95542.6	145705	143523	135023	118671	92614.9	83506.1	118436	114247	96616	102521	111840	
87092.4	113792	137541	124366	153608	86099	98497.8	130856	115445	102601	98064.9	113368	80361	95542.6	145705	143523	135023	118671	92614.9	83506.1	102071	114247	96616	102521	111840	
87092.4	113792	137541	124366	111401	86099	98497.8	130856	115445	102601	98064.9	113368	80361	95542.6	122777	118045	100605	118671	92614.9	83506.1	102071	114247	96616	102521	91916.4	
87092.4	113792	100678	124366	111401	86099	98497.8	92671.6	115445	102601	98064.9	113368	80361	95542.6	122777	118045	100605	103653	92614.9	83506.1	102071	114247	96616	81640.8	91916.4	
87092.4	113792	100678	124366	111401	86099	98497.8	92671.6	115445	102601	98064.9	113368	80361	95542.6	122777	118045	100605	103653	92614.9	83506.1	102071	114247	96616	81640.8	91916.4	
87092.4	113792	100678	124366	111401	86099	98497.8	92671.6	115445	102601	98064.9	113368	80361	95542.6	122777	118045	100605	103653	92614.9	83506.1	102071	114247	96616	81640.8	91916.4	
87092.4	113792	77480.1	124366	111401	86099	98497.8	92671.6	115445	82294.7	98064.9	113368	80361	95542.6	118278	118045	100605	103653	92614.9	83506.1	102071	114247	96616	81640.8	91916.4	
87092.4	113792	77480.1	124366	111401	86099	98497.8	92671.6	115445	82294.7	98064.9	103621	80361	95542.6	118278	118045	100605	103653	92614.9	83506.1	102071	114247	96616	76337.4	91916.4	
87092.4	113792	77480.1	124366	99542.7	86099	98497.8	92671.6	115445	82294.7	98064.9	103621	80361	95542.6	118278	118045	100605	103653	92614.9	83506.1	102071	114247	96616	76337.4	91916.4	
87092.4	113286	77480.1	118541	99542.7	86099	64003.2	92671.6	76814.8	82294.7	96244.3	103621	80361	95542.6	118278	118045	100605	103653	78145.5	83506.1	102071	114247	96616	76337.4	91916.4	
87092.4	113286	77480.1	109719	99542.7	86099	64003.2	92671.6	76814.8	82294.7	96244.3	79768.1	80361	88285.6	118278	118045	100605	87059.6	78145.5	83506.1	102071	114247	96616	76337.4	91916.4	
87092.4	113286	77480.1	103920	99542.7	86099	64003.2	92671.6	76814.8	82294.7	96244.3	79768.1	80361	88285.6	115944	118045	85826.8	87059.6	78145.5	83506.1	102071	75183.4	96616	71759.4	91916.4	
87092.4	113286	77480.1	103920	99542.7	86099	64003.2	92671.6	76814.8	82294.7	96244.3	79768.1	80361	88285.6	115944	118045	85826.8	61363.9	78145.5	82270.9	102071	75183.4	96616	71759.4	91916.4	
87092.4	113286	77480.1	103920	99542.7	86099	64003.2	92671.6	76814.8	82294.7	96244.3	79768.1	80361	88285.6	115944	118045	85826.8	61363.9	78145.5	82270.9	102071	75183.4	96616	71759.4	91916.4	
87092.4	83564.5	77480.1	103920	71844.4	86099	64003.2	89565.6	76814.8	82294.7	96244.3	79768.1	80361	88285.6	115944	118045	85826.8	61363.9	78145.5	82270.9	91494.3	75183.4	94974.7	71759.4	91916.4	
87092.4	83564.5	77480.1	96535.5	71844.4	86099	64003.2	89565.6	76814.8	82294.7	96244.3	79768.1	80361	86948	115944	118045	85826.8	61363.9	78145.5	82270.9	91494.3	75183.4	94974.7	71759.4	91916.4	
87092.4	83564.5	77480.1	96535.5	71844.4	86099	64003.2	89565.6	76814.8	67942.1	96244.3	79768.1	80361	86948	114675	96006.2	85826.8	61363.9	78145.5	82270.9	91494.3	75183.4	94974.7	71759.4	91916.4	
87092.4	83564.5	77480.1	84035	71844.4	86099	64003.2	89565.6	76814.8	67942.1	96244.3	79768.1	80361	86948	103566	68456.4	85826.8	61363.9	78145.5	80596.7	91494.3	75183.4	80339.9	71759.4	91916.4	
87092.4	83564.5	77480.1	84035	71844.4	86099	64003.2	89565.6	76814.8	67942.1	96244.3	79768.1	80361	79355.6	88498	68456.4	85826.8	61363.9	78145.5	80596.7	82652.6	75183.4	70536.5	71759.4	91916.4	
87092.4	83564.5	77480.1	84035	71844.4	79508.3	64003.2	89565.6	70533.2	67942.1	85507.1	79768.1	80361	79355.6	88498	68456.4	82164.1	61363.9	78145.5	80596.7	82556.5	74763.1	70536.5	71759.4	91916.4	
83125.4	83564.5	77480.1	84035	71844.4	79508.3	64003.2	89565.6	70533.2	67942.1	71635.9	79768.1	80361	79355.6	88498	68456.4	82164.1	61363.9	78145.5	57922.8	80450.7	74763.1	70536.5	71759.4	83339.7	
77722.9	83564.5	77480.1	84035	51722.3	79508.3	64003.2	89565.6	70533.2	67942.1	71635.9	79768.1	80361	79355.6	88498	68456.4	81740.2	61363.9	78145.5	57922.8	80450.7	74763.1	70536.5	71759.4	83339.7	
76570.7	83564.5	77480.1	84035	51722.3	79508.3	64003.2	89565.6	70533.2	67942.1	49090.2	76839.7	80361	79355.6	79294.2	68456.4	81740.2	61363.9	78145.5	57922.8	80450.7	74763.1	70536.5	70153.7	83339.7	
67363.1	83564.5	77480.1	76650.5	51722.3	79508.3	64003.2	89565.6	69456.9	64583.3	49090.2	76839.7	80361	67349.8	79294.2	68456.4	81740.2	61363.9	59351	57922.8	80450.7	56689.5	70536.5	70153.7	81258.4	
67363.1	83564.5	77480.1	76650.5	51722.3	79508.3	64003.2	71982.4	69456.9	64583.3	49090.2	76839.7	66246.6	67349.8	65404	68456.4	81740.2	57322.9	59351	57922.8	66810.2	56689.5	70536.5	70153.7	81258.4	
67363.1	83564.5	77480.1	65499.6	51722.3	79508.3	64003.2	70904.9	69456.9	52829.2	49090.2	72618.4	66246.6	46824.3	65404	68456.4	81740.2	57322.9	59351	57044.2	66810.2	56689.5	70536.5	70153.7	81258.4	
53672	80366.3	77480.1	65499.6	51722.3	79508.3	50463.1	70460.8	69456.9	50352	49090.2	72618.4	66246.6	46824.3	65404	68456.4	81740.2	57322.9	59351	57044.2	66810.2	56689.5	62785	70153.7	69572.3	
53672	78251.1	77480.1	65499.6	51722.3	79508.3	50463.1	68571.4	63690.5	42146.1	49090.2	68156.9	66246.6	46824.3	59028.4	68456.4	51651.6	57322.9	59351	56294.2	66810.2	56689.5	57509.3	60910.6	58980.7	
53672	68345.9	77480.1	53936.6	51722.3	79508.3	49622	63930.7	61170.1	42146.1	49090.2	68156.9	66246.6	46824.3	59028.4	64201	51651.6	57322.9	59351	56294.2	60346.8	56689.5	57509.3	60910.6	58980.7	
41975.7	64236.7	72367.8	53874.5	50390.7	71040.5	49622	63930.7	56158.2	42146.1	49090.2	68156.9	66246.6	33832.6	59028.4	46301.1	51651.6	54488.1	57795.3	55895.2	60346.8	56689.5	57509.3	60910.6	58980.7	
41975.7	49754.8	72367.8	53874.5	50390.7	71040.5	49622	50067.6	56158.2	42146.1	49090.2	48146.5	56177.4	33832.6	59028.4	46301.1	51651.6	43968.8	52391.6	55895.2	60346.8	56689.5	52123.3	60033.5	58980.7	
41975.7	49754.8	61725.7	53874.5	50390.7	62071.8	49622	50067.6	56158.2	42146.1	49090.2	48146.5	56177.4	33832.6	50059.1	46301.1	51651.6	43968.8	48430.7	47473.7	59251.1	56689.5	52123.3	52628.9	58980.7	
41975.7	49754.8	47921.5	53460.7	49155.2	56429.9	49622	48423.7	53743.4	42146.1	49090.2	48146.5	56177.4	33832.6	50059.1	46301.1	51651.6	43968.8	48430.7	47473.7	51375.3	56689.5	52123.3	52628.9	58980.7	
41975.7	49754.8	47921.5	37598.3	47748.6	56429.9	49622	48423.7	44318.5	42146.1	49090.2	48146.5	55035.8	33832.6	49676.3	45984.7	51651.6	43968.8	47545.3	47473.7	51375.3	49367.1	52123.3	50547.8	58980.7	
39343.6	41850.7	47921.5	37598.3	45056.9	56049	47296.7	48423.7	44318.5	42146.1	42077.4	47727.7	48000.3	33832.6	46917.8	45984.7	50073.7	43968.8	46342	46149.7	49871.3	49367.1	38599.7	48143	58980.7	
39343.6	41850.7	47921.5	32760.2	45056.9	51641.2	47101.1	46015.5	44318.5	42146.1	41416.4	41230.3	48000.3	33832.6	42794.3	45984.7	50073.7	34930.2	37797.5	46149.7	42762.8	49367.1	38599.7	48143	49385.2	
39343.6	41436.5	47921.5	32760.2	45056.9	51641.2	40050.1	46015.5	39660.7	32491.3	37772.2	41230.3	45234.9	33832.6	39717.1	45984.7	49918.4	34930.2	37358	30950.9	41148.4	47229	38599.7	40768	32114.3	
39343.6	41436.5	47921.5	32760.2	38473.5	51641.2	40050.1	44898.7	36568.3	32491.3	37772.2	41230.3	43995.4	33832.6	39717.1	39415	49918.4	34500.4	37358	30950.9	39605.1	41076.4	38599.7	36412.5	32114.3	
39343.6	41436.5	40586.3	29122.8	33865.4	48294.3	33497.1	39927.3	36568.3	32491.3	36202.3	41230.3	37776	33832.6	35951	37761.3	49918.4	34500.4	37358	30950.9	39605.1	41076.4	36674.6	36412.5	32114.3	
19522.2	33482.1	40586.3	29122.8	24251	48294.3	33497.1	39927.3	36568.3	32491.3	36202.3	41230.3	37776	33832.6	35951	31406.7	49918.4	34500.4	37358	30950.9	35018.6	41076.4	36674.6	29399	32114.3	
19522.2	25911.7	40508.8	29122.8	24251	48294.3	33497.1	38545.6	36568.3	32491.3	36202.3	36326.2	35428.5	33832.6	25954.7	31406.7	47864.5	34269.5	32275.1	30950.9	35018.6	41076.4	27970.8	29399	32114.3	
19522.2	25911.7	40508.8	24739.6	24251	45735.4	28096	30363.5	35914.9	26254.2	27831.3	36326.2	35428.5	27467.4	25954.7	31406.7	32109.5	30913.8	32106.1	30950.9	35018.6	32652.4	27970.8	29399	32114.3	
19522.2	25911.7	40508.8	24739.6	24251	36400.8	28096	29294	35914.9	26254.2	27831.3	36326.2	35428.5	24909.4	25954.7	31406.7	32109.5	30684	27117.5	30950.9	35018.6	32652.4	27970.8	29399	32114.3	
19522.2	25911.7	21999.8	24739.6	17033.6	30328.3	28096	29294	26365.4	23117	27831.3	24933.7	28846.4	24909.4	25954.7	26802.5	32109.5	26856.2	27117.5	30431.2	31559.3	32652.4	27970.8	28380	27557.9	
19522.2	25911.7	21999.8	24507.3	17033.6	30328.3	26616.7	29294	26365.4	23117	27831.3	24933.7	28846.4	24909.4	24782	23537.6	24961.4	26856.2	24752.6	30431.2	20670.5	32652.4	26653.5	28380	27557.9	
19522.2	25911.7	21999.8	24507.3	17033.6	30328.3	24301.4	24078.1	26365.4	23117	21836.5	24933.7	28846.4	24909.4	24782	20380.9	24961.4	20216.1	24752.6	30431.2	20670.5	31430.7	24736.7	18004.6	27557.9	
19522.2	25911.7	21999.8	17418.4	17033.6	30328.3	24301.4	24078.1	26365.4	23117	21836.5	24933.7	24087.4	24909.4	24782	20380.9	24961.4	20216.1	24752.6	20022.7	20670.5	31430.7	23916.2	18004.6	27557.9	
19522.2	23143.9	21999.8	17418.4	17033.6	30328.3	23728.3	24078.1	21556.5	22141.7	21720.6	24933.7	24061.7	20444.6	16222.2	19333.1	24961.4	13918	24752.6	20022.7	20670.5	25514.5	21021.8	18004.6	27557.9	
14177.7	17238.2	21999.8	17418.4	17033.6	26235	20582.8	24078.1	21556.5	22141.7	21720.6	22368	21458.8	20444.6	16222.2	19333.1	24961.4	13918	24752.6	20022.7	20670.5	25514.5	19380.5	18004.6	25505	
14177.7	17238.2	21999.8	17418.4	17033.6	25983.8	16297.6	20374.9	21556.5	21691.5	19804.9	22368	21458.8	16512.8	16222.2	19333.1	24247.3	13918	17031.1	20022.7	20670.5	19452.6	17090.5	17912.6	23938.1	
14177.7	17238.2	21999.8	17418.4	17033.6	23250.4	16297.6	20374.9	21556.5	21691.5	19804.9	22368	18168.7	13683.1	16222.2	19333.1	23995.6	13918	17031.1	20022.7	20670.5	16364.3	17090.5	17912.6	22470.4	
14177.7	17238.2	21999.8	14404.9	17033.6	18253.9	16297.6	20342	21556.5	20788.2	19804.9	18142.9	18168.7	13683.1	16222.2	16087.8	22797.3	13918	17031.1	20022.7	20670.5	16364.3	17090.5	17912.6	22470.4	
14177.7	17238.2	21999.8	14404.9	17033.6	18253.9	16297.6	19771.4	19073.2	19825.6	19804.9	18142.9	18168.7	13683.1	16222.2	16087.8	20616.4	13918	17031.1	19685.1	20670.5	16364.3	13281.3	11509.3	21399.8	
14177.7	12783.9	20828.1	11706.7	13952.1	18253.9	12679.1	18903.2	16933.1	16109.4	16590.9	18142.9	18168.7	13683.1	15015.6	16087.8	19867.7	13918	17031.1	19685.1	16246.5	16364.3	13281.3	11509.3	20973.9	
14177.7	12783.9	20588.6	11706.7	13952.1	18253.9	12679.1	16483.8	16933.1	16109.4	13454.5	14934.8	17668.4	13683.1	14888.8	16087.8	17472.7	13918	16887.5	19685.1	16246.5	15344.1	13281.3	11509.3	19255.7	
14177.7	12783.9	18780.1	9226.01	13624.2	18253.9	12679.1	16483.8	14038.2	16109.4	13454.5	14934.8	14224.7	13683.1	11793.1	15833.4	17472.7	11706	15466.8	16696.5	16246.5	14425	13281.3	11509.3	14360.6	
14177.7	10146.7	18780.1	9226.01	13624.2	18253.9	12679.1	16483.8	14038.2	11213.2	13454.5	14726.2	14224.7	10422.2	11793.1	13838.4	14707.8	11706	15466.8	16644.8	11953.7	14425	12599.7	11509.3	14360.6	
14177.7	10146.7	18701.4	9226.01	13624.2	18253.9	9669.59	16483.8	14038.2	11213.2	10675	14726.2	14224.7	10422.2	11793.1	12688.9	14707.8	11706	15123.8	16644.8	11953.7	14425	12599.7	11509.3	14360.6	
14136	10146.7	14069.4	9226.01	13624.2	11696.1	9669.59	15167.8	14038.2	11213.2	10675	14373.3	14224.7	10422.2	11793.1	12688.9	11059.6	8045.42	12278.2	15952.9	11953.7	14425	11536.4	11509.3	12474.9	
11355.9	10146.7	14069.4	9226.01	12150.1	11696.1	9161.73	13385.9	14038.2	11213.2	10675	14373.3	14028	10422.2	11725.8	9908.18	11059.6	8045.42	12278.2	14441.3	11953.7	14425	9216.93	11509.3	12474.9	
11355.9	10146.7	14069.4	8638.57	9606.17	11696.1	9161.73	13385.9	12501.4	11213.2	10675	11382.4	12516.9	10422.2	11698	9908.18	8579.09	8045.42	12278.2	9558.16	11953.7	9639.83	9216.93	10223.5	12474.9	
11355.9	10146.7	14069.4	8638.57	9606.17	11696.1	9161.73	13385.9	11495.7	11213.2	10675	11382.4	12516.9	10416.8	11698	9908.18	8579.09	8045.42	12278.2	9558.16	11953.7	9639.83	9216.93	10223.5	12474.9	
11355.9	10146.7	10661.3	8510.07	9606.17	11696.1	9138.11	13062.7	11218.4	9140.35	10675	11382.4	12516.9	9851.7	11698	9908.18	8579.09	8045.42	11811.6	9558.16	9692.07	9639.83	9216.93	10223.5	12474.9	
11188.6	10146.7	10405	8510.07	9606.17	11502.4	8775.18	12529.7	11140.9	9140.35	10675	11382.4	8847	5873.3	10612.1	9908.18	8579.09	8045.42	9956.05	9014.31	9692.07	9639.83	5821.14	9083.93	10211.6	
10553.8	10146.7	10405	8510.07	5315.76	9210.13	8024.48	9232.3	9121.47	9140.35	8454.19	9556.23	8847	5873.3	10190.9	9908.18	8579.09	8045.42	9266.43	9014.31	9692.07	9639.83	5821.14	8896.71	10211.6	
10553.8	10146.7	10405	8510.07	5315.76	9210.13	8024.48	9232.3	9121.47	8971.5	8454.19	9556.23	8847	5873.3	9894.96	6543.41	8579.09	8045.42	9266.43	9014.31	9692.07	9639.83	5821.14	8896.71	10211.6	
10553.8	7980.51	8306.28	6270.74	5315.76	9210.13	6539.3	9232.3	8704.48	8971.5	5134.78	9556.23	8847	5873.3	9496.67	6543.41	8579.09	8045.42	7316.5	9014.31	9692.07	7453.09	5821.14	8896.71	8844.86	
6525.94	6810.26	8306.28	6270.74	5315.76	9210.13	6539.3	9232.3	5524.91	8558.47	5134.78	9556.23	7465.44	5873.3	7567.71	6543.41	8579.09	8045.42	7316.5	8663.08	9692.07	7453.09	5821.14	8369.71	8844.86	
6525.94	6810.26	8306.28	6270.74	5315.76	9210.13	6539.3	8422.56	5524.91	8317.24	5134.78	9556.23	6990.09	5873.3	4993.08	6543.41	8160.3	7766.37	7316.5	8663.08	7736.42	7453.09	5821.14	6152.59	8075.61	
6525.94	6810.26	8306.28	6270.74	5315.76	9210.13	6539.3	7588.08	5524.91	7579.01	5134.78	9228.64	6990.09	5873.3	4993.08	6543.41	8160.3	5417.68	7316.5	8381.77	6828.7	7347.28	5541.16	6152.59	8075.61	
6525.94	6342.89	7684.1	6270.74	5315.76	8385.12	6292.52	7588.08	5524.91	7579.01	5134.78	9228.64	6990.09	5873.3	4993.08	6543.41	7093.09	5417.68	7316.5	6706.91	6828.7	6291.94	5541.16	6152.59	7499.56	
6525.94	6342.89	7684.1	6128.96	5315.76	7921.35	6292.52	6692.84	5524.91	5950.02	5134.78	5785.42	5975.38	5873.3	4993.08	6338.57	6824.08	5417.68	7316.5	6706.91	4659.5	6066.84	5541.16	6152.59	7499.56	
5273.5	6342.89	6497.46	5408.67	5315.76	7921.35	4917.15	6256.34	5276.77	5662.66	5134.78	5785.42	5975.38	5050.57	4696.2	3183.85	6824.08	4477.19	4944.53	5810.74	4659.5	5602.26	5541.16	6078.88	4801.73	
5273.5	6342.89	6497.46	5408.67	5315.76	7921.35	4559.67	6256.34	4820.15	5662.66	5134.78	5785.42	5975.38	5050.57	4696.2	3183.85	6824.08	4477.19	4944.53	5810.74	4137.17	5579.44	5541.16	3994.76	4801.73	
5273.5	6342.89	6497.46	5408.67	5174.52	7921.35	4559.67	5930.91	3896.18	5263.11	5134.78	5785.42	5975.38	4208.47	4696.2	3183.85	6253.29	4477.19	4944.53	5810.74	4137.17	5331.8	3884.49	3994.76	4801.73	
5273.5	6165.05	5893.59	4346.18	5174.52	6062.86	4559.67	5930.91	3896.18	4490.86	5134.78	5785.42	5975.38	3852.76	4696.2	3183.85	4766.66	4477.19	4944.53	5810.74	4137.17	4582.79	3884.49	3994.76	4801.73	
5273.5	5878.59	5893.59	3220.57	4998.13	6062.86	4015.89	5051.82	3896.18	4490.86	5134.78	5785.42	5975.38	3852.76	4296.71	3183.85	4766.66	4477.19	4944.53	5640.67	4137.17	4582.79	3884.49	3994.76	4801.73	
5273.5	5144.79	5088.56	3220.57	4998.13	4618.26	4015.89	5051.82	3896.18	4490.86	5134.78	4747.81	2894.25	3852.76	4296.71	3152.64	4331.93	4477.19	4810.15	5640.67	4137.17	4582.79	3884.49	3994.76	4801.73	
5273.5	5144.79	5088.56	3220.57	4187.82	4618.26	4015.89	5051.82	3896.18	3811.32	5134.78	4747.81	2894.25	3852.76	4296.71	3152.64	4331.93	4477.19	4810.15	5640.67	3883.12	4582.79	3296.78	3994.76	4801.73	
5273.5	5114.57	5088.56	3220.57	4187.82	4618.26	4015.89	3894.45	3896.18	3811.32	4932.17	3914.18	2894.25	3733.59	3393.25	3152.64	3946.43	4477.19	4810.15	5640.67	3883.12	4183.69	3111.24	3994.76	4371.7	
4954.68	2923.37	4586.33	3220.57	4187.82	4376.68	4015.89	3894.45	3896.18	3811.32	4836.08	3914.18	2894.25	3168.31	2070.5	2729.97	3946.43	4471.94	4058.17	5274.9	3274.16	4183.69	3111.24	3994.76	4371.7	
4694.49	2923.37	4586.33	3220.57	4054.23	4376.68	3151.04	3894.45	3896.18	3414.15	3570.2	3914.18	2894.25	3168.31	2070.5	2729.97	3946.43	2787.5	4058.17	5274.9	3274.16	4183.69	2085.75	3994.76	3329.3	
3864.12	2923.37	4586.33	3220.57	3873.96	4376.68	3151.04	3809.33	3896.18	3414.15	3570.2	3914.18	2894.25	2980.7	2070.5	2729.97	3754.38	2787.5	3183.3	4429.14	3274.16	3947.54	1754.59	3994.76	3329.3	
3864.12	2923.37	3055.48	3220.57	3042.06	3382.66	3151.04	3645.51	3147.15	3244.37	3570.2	3914.18	2894.25	2980.7	2070.5	2729.97	2808.83	2350.23	3183.3	4429.14	3274.16	3547.09	1754.59	3994.76	3185.71	
3864.12	2923.37	3055.48	2913.97	3042.06	3382.66	2999.39	3535.87	2423.56	3244.37	2843.44	3914.18	2894.25	2980.7	2070.5	2533.65	2808.83	2350.23	3183.3	4038.42	3274.16	3440.33	1754.59	3096.98	3125.98	
3864.12	2923.37	3055.48	2913.97	3042.06	3382.66	2999.39	3535.87	2423.56	3215.62	2843.44	3330.43	2894.25	2097.22	2070.5	2533.65	2808.83	2350.23	3166.99	4038.42	3274.16	3440.33	1754.59	3096.98	3125.98	
3359.69	2923.37	3055.48	2540.59	3042.06	3382.66	2981.07	2696.35	2423.56	3172.2	2843.44	3294.39	2894.25	2097.22	2070.5	2533.65	2808.83	2350.23	2728.61	3564.21	2316.06	2833.23	1754.59	3004.46	3125.98	
2759.04	2923.37	3055.48	2441.19	3023.52	3382.66	1485.01	2544.19	2423.56	3172.2	2843.44	3294.39	2894.25	2097.22	2070.5	2492.7	2808.83	2350.23	2728.61	2215.38	2316.06	2747.3	1754.59	2942.08	3125.98	
2759.04	2923.37	3055.48	2372.32	3023.52	2894.1	1485.01	2544.19	2423.56	3172.2	2629.21	3075.79	2894.25	2097.22	2070.5	2492.7	2808.83	1714.38	2728.61	2215.38	2316.06	2747.3	1754.59	2942.08	3125.98	
2691.9	2923.37	2770.03	1588.75	2526.38	2894.1	1485.01	2544.19	2423.56	1909.1	2629.21	2825.87	2805.18	1530.18	1509.3	2492.7	2289.45	1387.8	2728.61	2215.38	2311.36	2413.75	1754.59	2857.2	1730.8	
2691.9	2923.37	1715.09	1588.75	2228.11	2894.1	1485.01	2275.28	2423.56	1909.1	2259.28	1923.77	2607.55	1530.18	1433.59	2492.7	2289.45	1387.8	2702.96	2215.38	2311.36	2411.48	1714.61	2530.73	1730.8	
2691.9	2381.09	1715.09	1588.75	2228.11	1986.55	1485.01	1918.85	2423.56	1909.1	1891.5	1923.77	2520.39	1530.18	1433.59	2492.7	2289.45	1387.8	2690.41	2215.38	1945.7	1806.08	1714.61	2505.24	1730.8	
2691.9	2381.09	1715.09	1588.75	2005.99	1986.55	1485.01	1918.85	2423.56	1909.1	1891.5	1923.77	2520.39	1530.18	1433.59	2226.14	2289.45	1387.8	2553.45	2215.38	1783.62	1806.08	1714.61	2195.18	1730.8	
2691.9	2381.09	1715.09	1588.75	2005.99	1986.55	1477.12	1918.85	2305.97	1747.75	1891.5	1923.77	2517.67	1525.36	1088.77	2226.14	1892.7	1387.8	2215.86	2215.38	1783.62	1806.08	1714.61	2195.18	1730.8	
2691.9	2110.04	1715.09	1588.75	2005.99	1891.37	1158.56	1918.85	2084.53	1747.75	1891.5	1923.77	2259.56	1525.36	1088.77	1645.43	1892.7	1387.8	2215.86	2215.38	1783.62	1707.43	1399.95	2195.18	1730.8	
2624.18	1397.96	1715.09	1588.75	1755.56	1891.37	1158.56	1918.85	2084.53	1747.75	1719.32	1923.77	2259.56	1525.36	1088.77	1544.39	1892.7	1387.8	1869.91	2215.38	1626.87	1707.43	1399.95	1523.36	1583.55	
1509.93	1397.96	1715.09	1208.21	1755.56	1891.37	1158.56	1918.85	1522.09	1747.75	1293.05	1369.35	2259.56	1525.36	1088.77	1544.39	1762.9	1387.8	1869.91	2215.38	1626.87	1583.57	1288.26	1485.86	1583.55	
1509.93	1397.96	1715.09	1208.21	1755.56	1891.37	1158.56	1918.85	1522.09	1747.75	1293.05	1369.35	1764.45	1525.36	1088.77	1383.56	1762.9	1364.52	1239.28	1383.9	1626.87	1583.57	915.826	1171.5	1583.55	
1509.93	1397.96	1715.09	1208.21	1755.56	1891.37	1158.56	1918.85	1522.09	1747.75	1293.05	1369.35	1764.45	1525.36	1088.77	1383.56	1752.38	922.679	1239.28	1257.01	1332.15	1583.57	915.826	1171.5	1504.27	
1509.93	1397.96	1715.09	934.846	1755.56	1891.37	1158.56	1918.85	1522.09	1648.53	1293.05	1369.35	1558.67	1525.36	1088.77	1383.56	1752.38	922.679	1239.28	988.025	1260.43	1233.28	915.826	1171.5	1504.27	
1509.93	1367.71	1715.09	934.846	1679.75	1607.39	1158.56	1314.17	926.214	1536.66	853.233	1369.35	1459.86	1324.28	1088.77	788.83	1709.07	922.679	1239.28	988.025	1260.43	1136.77	915.826	1138.62	1504.27	
1509.93	1367.71	1715.09	934.846	1526.95	1574.02	1148.92	1314.17	926.214	1481.93	853.233	1283.36	1459.86	1324.28	1088.77	788.83	1119.82	867.421	1239.28	768.894	1260.43	1136.77	869.723	1138.62	1045.22	
1509.93	1367.71	1473.55	934.846	1254.63	1574.02	1148.92	1314.17	926.214	1481.93	853.233	1283.36	1459.86	1324.28	1088.77	788.83	1119.16	867.421	1239.28	768.894	1260.43	1136.77	662.489	1138.62	1045.22	
1509.93	990.834	1473.55	934.846	1254.63	1574.02	1148.92	1246.31	926.214	1481.93	853.233	1283.36	1459.86	1083.3	729.441	788.83	1119.16	867.421	1239.28	768.894	1260.43	1136.77	662.489	1023.74	1045.22	
1358.44	990.834	1176.26	934.846	1153.93	974.96	921.599	1246.31	926.214	1425.81	853.233	1283.36	1281.18	677.094	729.441	788.83	1119.16	785.372	1239.28	768.894	868.828	1136.77	662.489	1023.74	972.91	
1358.44	990.834	1176.26	848.543	1153.93	974.96	862.712	906.741	926.214	1196.35	853.233	888.997	1281.18	677.094	729.441	788.83	1119.16	785.372	1239.28	768.894	868.828	1136.77	662.489	1023.74	911.57	
1358.44	990.834	1176.26	691.055	1153.93	974.96	862.712	906.741	926.214	1196.35	853.233	888.997	983.397	677.094	686.805	788.83	1119.16	785.372	1046.69	768.894	868.828	761.132	662.489	583.137	911.57	
1295.93	990.834	1126.87	691.055	956.51	974.96	643.234	906.741	926.214	1196.35	853.233	888.997	983.397	677.094	686.805	788.83	1119.16	785.372	1046.69	768.894	868.828	761.132	655.538	583.137	911.57	
1122.59	990.834	1126.87	691.055	956.51	944.583	643.234	879.722	666.787	849.247	853.233	888.997	957.053	677.094	686.805	788.83	971.501	705.699	1046.69	768.894	868.828	761.132	655.538	583.137	911.57	
1022.53	990.834	1126.87	691.055	791.746	944.583	643.234	879.722	666.787	849.247	828.265	792.804	918.005	677.094	686.805	788.83	971.501	705.699	1046.69	768.894	868.828	761.132	655.538	583.137	821.155	
1022.53	863.393	1102.35	691.055	590.021	636.203	643.234	879.722	517.726	849.247	828.265	792.804	918.005	648.906	674.407	690.55	643.149	705.699	775.468	768.894	742.142	761.132	655.538	583.137	821.155	
895.407	863.393	894.861	691.055	590.021	636.203	643.234	879.722	517.726	849.247	672.993	733.863	918.005	648.906	595.417	690.55	643.149	705.699	387.776	768.894	619.915	761.132	654.534	583.137	821.155	
869.235	568.949	894.861	568.7	590.021	636.203	643.234	731.98	517.726	849.247	672.993	733.863	918.005	604.578	468.885	577.528	643.149	589.193	387.776	768.894	619.915	761.132	616.895	583.137	821.155	
869.235	568.949	849.668	568.7	590.021	636.203	597.416	731.98	517.726	849.247	672.993	733.863	852.24	604.578	468.885	577.528	643.149	589.193	387.776	768.894	619.915	761.132	559.073	583.137	621.907	
555.012	568.949	822.345	568.7	590.021	636.203	597.416	679.511	517.726	670.632	435.937	605.052	813.943	378.663	468.885	577.528	643.149	589.193	387.776	768.894	539.562	761.132	525.163	576.51	621.907	
555.012	568.949	623.75	568.7	590.021	636.203	495.57	627.282	517.726	670.632	435.937	605.052	796.875	378.663	468.885	577.528	570.481	589.193	387.776	619.97	539.562	761.132	525.163	531.774	555.39	
555.012	351.636	623.75	475.977	590.021	636.203	495.57	627.282	517.726	574.342	435.937	605.052	796.875	378.663	468.885	577.528	570.481	589.193	387.776	619.97	512.841	761.132	525.163	531.774	555.39	
528.798	351.636	558.525	475.977	590.021	614.611	495.57	627.282	301.63	574.342	435.937	488.596	670.146	334.986	468.885	577.528	525.039	503.433	387.776	619.97	512.841	754.759	431.408	439.297	555.39	
528.798	351.636	400.954	475.977	590.021	609.8	495.57	627.282	301.63	393.305	435.937	488.596	593.361	334.986	445.235	577.528	525.039	503.433	387.776	619.97	502.365	754.759	431.408	387.832	555.39	
528.798	351.636	400.954	351.885	453.901	609.8	489.657	627.282	301.63	393.305	435.937	488.596	558.933	334.986	340.077	566.236	442.804	503.433	387.776	619.97	377.681	551.199	431.408	387.832	360.724	
528.798	351.636	400.954	351.885	453.901	548.008	489.657	600.754	301.63	393.305	435.937	488.596	476.885	334.986	340.077	503.745	442.804	348.878	387.776	484.237	377.681	551.199	278.515	257.468	360.724	
528.798	351.636	385.625	351.885	453.901	548.008	433.933	576.579	301.63	393.305	435.937	230.181	476.885	334.986	340.077	409.05	442.804	348.878	387.776	363.001	377.681	322.538	278.515	257.468	360.724	
528.798	351.636	385.625	351.885	453.901	479.421	433.933	471.713	288.318	393.305	435.937	230.181	476.885	334.986	340.077	409.05	438.269	348.878	387.776	363.001	311.402	322.538	278.515	257.468	360.724	
528.798	207.047	385.625	351.885	427.772	479.421	433.933	471.713	288.318	393.305	420.905	230.181	476.885	239.718	340.077	394.626	438.269	348.878	387.776	363.001	311.402	322.538	278.515	242.698	360.724	
484.746	207.047	385.625	351.885	427.772	461.589	394.722	471.713	288.318	393.305	317.298	230.181	476.885	239.718	340.077	394.626	438.269	316.065	387.776	363.001	311.402	322.538	278.515	242.698	360.724	
418.203	207.047	304.261	351.885	427.772	461.589	394.722	471.713	288.318	262.513	198.25	230.181	476.885	211.024	214.494	394.626	438.269	311.753	387.776	363.001	311.402	322.538	278.515	242.698	360.724	
418.203	207.047	304.261	332.086	383.252	461.589	329.645	299.872	288.318	262.513	198.25	230.181	405.771	211.024	214.494	386.642	337.293	291.175	358.77	363.001	257.733	322.538	205.501	215.439	360.724	
418.203	207.047	304.261	257.28	277.317	409.726	240.088	279.336	288.318	262.513	198.25	230.181	405.771	211.024	214.494	386.642	337.293	291.175	358.77	363.001	257.733	305.488	205.501	215.439	360.724	
353.174	207.047	304.261	257.28	277.317	313.131	240.088	279.336	288.318	262.513	198.25	230.181	405.771	198.957	214.494	309.959	323.958	291.175	290.968	363.001	257.733	295.533	205.501	215.439	292.548	
353.174	207.047	304.261	257.28	277.317	313.131	196.728	279.336	264.322	262.513	198.25	230.181	385.554	198.957	214.494	309.959	323.958	291.175	290.968	316.964	257.733	295.533	176.892	215.439	292.548	
353.174	207.047	304.261	237.276	277.317	313.131	196.728	279.336	264.322	251.637	198.25	230.181	385.554	157.907	178.064	309.959	253.67	291.175	290.968	253.027	257.733	295.533	176.892	205.874	292.548	
352.487	195.711	304.261	199.345	265.057	275.382	196.728	279.336	264.137	251.637	198.25	230.181	345.054	119.77	178.064	254.727	253.67	291.175	290.968	253.027	257.733	229.957	149.941	199.272	292.548	
345.556	189.658	304.261	199.345	265.057	275.382	196.728	279.336	193.033	251.637	198.25	230.181	345.054	119.77	178.064	254.324	253.67	224.096	208.568	253.027	257.733	229.957	149.941	199.272	199.603	
345.556	189.658	304.261	199.345	265.057	275.382	188.096	279.336	193.033	251.637	198.25	230.181	285.766	119.77	152.655	254.324	253.67	212.46	208.568	244.046	178.809	184.312	149.941	199.272	199.603	
285.576	189.658	245.851	137.934	219.142	247.242	188.096	200.029	192.56	235.071	198.25	181.431	285.766	119.77	152.655	231.441	253.67	201.396	208.568	177.358	178.809	184.312	149.941	183.939	199.603	
260.58	186.298	223.958	137.934	219.142	247.242	188.096	200.029	159.158	227.153	198.25	181.431	265.871	119.77	152.655	231.441	253.67	201.396	208.568	177.358	178.809	184.312	115.278	183.939	199.603	
260.58	186.298	223.958	137.934	219.142	216.255	142.73	200.029	159.158	213.662	198.25	181.431	265.871	119.77	152.655	231.441	224.023	201.396	208.568	177.358	178.809	184.312	115.278	138.217	199.603	
260.58	186.298	222.175	137.934	157.481	216.255	140.461	200.029	159.158	213.662	198.25	162.059	194.056	119.77	102.069	231.441	224.023	201.396	201.332	177.358	178.433	184.312	65.3206	138.217	199.603	
242.355	99.7708	206.591	137.934	157.481	216.255	140.461	200.029	154.296	116.676	198.25	162.059	194.056	119.77	102.069	115.435	205.09	176.222	175.069	177.358	159.416	184.312	65.3206	138.217	167.656	
207.869	99.7708	161.503	99.1263	155.856	207.722	140.461	133.302	154.296	116.676	161.963	162.059	194.056	119.77	102.069	115.435	205.09	129.576	175.054	177.358	159.416	184.312	65.3206	138.217	167.656	
180.585	99.7708	161.503	99.1263	155.856	154.794	136.976	133.302	152.277	116.046	161.963	162.059	194.056	48.2978	102.069	115.435	205.09	129.576	175.054	177.358	119.998	184.312	65.3206	138.217	167.656	
180.585	99.7708	161.503	99.1263	155.856	154.794	136.976	133.302	152.277	116.046	161.963	162.059	184.182	48.2978	102.069	115.435	198.909	129.576	175.054	166.537	117.411	180.263	65.3206	123.137	167.656	
149.05	78.0747	161.503	99.1263	155.856	154.794	119.581	133.302	115.797	116.046	99.8035	162.059	184.182	48.2978	67.5138	115.435	196.379	129.576	134.069	166.537	117.411	140.6	65.3206	117.378	167.656	
149.05	78.0747	146.944	99.1263	128.663	154.794	117.98	133.302	101.782	116.046	99.8035	162.059	184.182	48.2978	67.5138	115.435	114.506	129.576	134.069	118.848	117.411	123.081	65.3206	98.2297	167.656	
149.05	78.0747	146.944	99.1263	128.663	147.806	117.98	133.302	86.384	116.046	99.8035	126.674	178.295	48.2978	67.5138	115.435	114.506	127.922	134.069	118.848	117.411	123.081	65.3206	98.2297	143.857	
149.05	78.0747	113.885	99.1263	127.471	138.592	107.973	133.302	86.384	116.046	99.8035	126.674	158.225	48.2978	67.5138	115.435	114.506	115.354	129.873	118.848	117.411	111.729	65.3206	98.2297	136.13	
77.3256	78.0747	113.885	99.1263	127.471	138.592	107.973	133.302	86.384	116.046	99.8035	126.674	145.059	48.2978	67.5138	115.435	114.506	115.354	129.873	118.848	112.365	111.729	65.3206	74.3161	136.13	
77.3256	78.0747	113.885	99.1263	127.471	138.592	107.973	133.302	86.384	116.046	99.8035	122.28	145.059	48.2978	63.0876	114.87	114.506	113.391	93.9333	81.8315	79.2547	111.729	65.3206	68.5082	121.093	
77.3256	78.0747	113.885	99.1263	120.648	138.592	107.973	120.335	86.1843	108.07	73.5977	118.708	110.693	48.2978	63.0876	114.87	109.555	113.391	93.9333	81.8315	63.9947	46.4791	65.3206	68.5082	79.4373	
77.3256	71.2153	109.109	90.6842	102.246	138.592	58.7401	79.1047	73.8343	108.07	73.5977	116.387	110.693	48.2978	63.0876	93.0119	109.555	67.6682	93.9333	56.8512	63.9947	46.4791	65.3206	68.5082	79.4373	
77.3256	67.4884	109.109	66.9971	102.246	134.82	58.7401	79.1047	73.8343	87.218	73.5977	97.5554	86.092	48.2978	60.3985	93.0119	79.6458	67.6682	93.9333	56.8512	63.9947	46.4791	50.999	68.5082	72.7938	
77.3256	67.4884	109.109	66.9971	102.246	112.498	58.7401	79.1047	73.8343	74.0521	73.5977	97.5554	86.092	48.2978	60.3985	93.0119	79.6458	67.6682	93.9333	56.8512	63.9947	46.4791	50.999	68.5082	72.7938	
77.3256	67.4884	65.1852	66.1518	58.8948	75.6001	52.4909	79.1047	54.0119	74.0521	73.5977	91.6794	86.092	48.2978	48.2909	70.0492	59.749	67.6682	70.4241	56.8512	63.5033	46.4791	50.999	68.5082	72.7938	
77.3256	59.4775	65.1852	66.1518	58.8948	75.6001	52.4909	65.0195	51.7965	74.0521	73.5977	91.6794	72.6735	48.2978	48.2909	70.0492	59.749	61.3712	70.4241	56.8512	63.5033	46.4791	50.999	64.9393	72.7938	
77.3256	51.3413	65.1852	66.1518	58.8948	75.6001	52.4909	65.0195	51.7965	74.0521	73.5977	68.3496	72.6735	32.944	48.2909	70.0492	59.749	61.3712	70.4241	56.8512	63.5033	46.4791	50.999	64.6088	64.0519	
77.3256	51.3413	65.1852	60.3434	58.8948	75.6001	52.4909	60.2107	51.7965	64.6406	73.5977	61.6387	71.3893	32.944	48.2909	70.0492	59.749	53.5586	55.8438	56.8512	50.6646	46.4791	50.0411	43.1939	59.8778	
65.516	51.3413	65.1852	45.072	58.8948	72.3983	52.4909	60.2107	51.7965	64.6406	65.0788	61.6387	71.3893	32.944	39.5076	69.4238	59.749	53.5586	55.8438	56.8512	50.6646	46.4791	50.0411	43.1939	59.8778	
48.4627	51.3413	65.1852	45.072	58.8948	72.3983	46.4241	60.2107	51.7965	64.6406	65.0788	38.3678	71.3893	32.944	39.5076	64.848	59.749	51.4334	55.8438	56.8512	50.6646	46.4791	43.2833	43.1939	59.8778	
48.4627	51.3413	65.1852	45.072	44.972	69.6728	46.4241	60.2107	51.7965	50.2307	44.8658	38.3678	71.3893	32.944	39.5076	64.3397	59.6618	51.4334	55.8438	56.8512	50.6428	46.4791	35.7536	33.9778	59.8778	
48.4627	51.3413	65.1852	45.072	44.972	69.6728	37.7136	60.2107	51.7965	40.0278	44.8658	38.3678	71.3893	32.944	25.8466	62.0173	59.6618	51.4334	55.8438	56.8512	50.6428	46.4791	35.7536	33.9778	44.9989	
48.4627	51.3413	51.4483	45.072	44.972	69.5199	37.7136	45.4302	46.2048	40.0278	44.8658	38.3678	54.2684	32.944	22.8572	61.6121	57.465	51.4334	55.8438	56.8512	50.6428	46.4791	35.7536	33.9778	40.687	
45.5042	51.3413	51.4483	44.6267	44.972	69.5199	37.7136	45.4302	46.2048	40.0278	44.8658	38.3678	54.2684	32.944	22.8572	61.6121	40.987	51.4334	54.3822	56.8512	26.181	46.4791	32.9099	33.9778	40.687	
45.5042	41.4715	51.4483	40.1814	44.972	64.8273	37.7136	45.4302	27.9252	35.9367	44.8658	29.6041	54.2684	30.4871	22.8572	40.1021	40.987	51.4334	54.3822	48.494	26.181	46.4791	32.9099	33.9778	40.687	
45.5042	30.175	47.9304	40.1814	26.6249	45.0212	37.7136	36.6856	27.9252	35.9367	44.8658	29.2568	54.2684	30.4871	22.8572	40.1021	40.987	50.0924	54.3822	48.494	26.181	46.4791	32.9099	28.683	40.687	
45.5042	30.175	44.9638	40.1814	26.6249	45.0212	37.7136	36.6856	27.9252	35.9367	44.8658	29.2568	54.2684	30.4871	22.8572	40.1021	40.987	42.9241	49.1237	46.8911	26.181	36.0298	32.9099	28.683	40.687	
45.5042	30.175	44.9638	40.1814	26.6249	45.0212	37.7136	36.6856	27.9252	35.9367	44.8658	29.2568	54.2684	30.4871	22.8572	38.4914	40.987	42.9241	40.1632	46.8911	26.181	36.0298	27.0855	28.683	34.8147	
45.5042	30.175	36.2479	36.8877	26.6249	45.0212	33.3111	27.4981	23.658	35.9367	44.8658	29.2568	43.5912	27.9854	22.689	38.4914	36.9772	42.9241	28.0905	34.9946	26.181	35.508	27.0855	28.683	34.8147	
43.4085	30.175	36.2479	36.8877	26.6249	42.9529	28.4451	27.4981	23.658	35.9367	33.1465	29.2568	41.8288	27.9854	14.7898	36.6915	20.8885	35.7183	28.0905	32.3652	26.181	35.3215	23.698	28.683	34.8147	
34.5933	24.9846	36.2479	31.3395	21.3486	42.5197	23.7971	27.4981	23.658	31.4339	33.1465	29.2568	41.8288	27.9854	14.7898	27.4841	20.8885	34.3664	28.0905	32.3652	26.181	35.3215	23.698	25.6448	23.3381	
34.5933	24.9846	36.2479	31.3395	21.3486	33.8035	23.7971	27.4981	23.658	31.4339	33.1465	29.2568	41.8288	22.6196	14.7898	27.4841	20.8885	34.3664	18.4021	31.7586	26.181	35.3215	18.455	22.1267	23.3381	
34.5933	24.9846	18.1565	25.0937	21.3486	33.8035	18.4961	27.4981	15.7613	27.2278	32.07	24.1882	41.8288	20.1888	14.7898	24.4253	20.8885	31.5379	18.4021	31.7586	19.2747	35.3215	18.455	20.8477	23.3381	
34.5933	20.9905	18.1565	23.8803	21.3486	33.8035	18.4961	27.4981	15.7613	27.2278	30.2384	24.1882	31.8797	20.1888	14.7898	23.804	20.8885	31.5379	18.4021	31.7586	19.2747	33.6234	18.455	20.8477	22.214	
34.5933	20.9905	18.1565	20.5231	21.1263	28.8222	18.4961	27.4981	15.7613	27.2278	26.5324	22.5885	31.8797	19.7841	14.7898	23.804	20.8885	31.5379	18.4021	31.7586	19.2747	23.0495	18.455	20.8477	22.214	
27.6185	19.636	18.1565	17.9687	21.1263	28.8222	18.4961	27.4981	15.6167	27.2278	26.5324	22.5885	24.4395	17.5315	13.3429	23.804	20.8885	28.9392	18.4021	23.1168	19.2747	23.0495	18.455	20.8477	22.214	
27.6185	19.636	18.1565	17.9687	21.1263	28.8222	17.1923	22.6079	15.6167	26.208	21.5232	21.3631	24.4395	15.8411	13.3429	14.9551	20.8885	28.9392	15.636	23.1168	19.2747	23.0495	18.455	20.8477	22.214	
25.2008	19.636	18.1565	13.7525	21.1263	28.8222	16.914	22.6079	15.6167	20.8476	21.3031	21.3631	24.4395	15.8411	10.518	14.9551	20.8885	23.2049	15.636	19.4723	14.9156	23.0495	18.169	20.3598	20.2405	
25.2008	19.5588	18.1565	13.7525	19.7605	11.5688	16.914	16.0141	15.6167	20.8476	21.3031	21.3631	22.2656	15.8411	10.518	14.9551	20.8885	22.0039	15.636	19.4723	14.4173	23.0495	18.169	20.3598	20.2405	
25.2008	16.5887	18.1565	13.7525	19.7605	11.5688	16.914	16.0141	15.6167	18.929	18.7454	19.4291	22.2656	15.8411	10.518	14.9551	20.8885	20.5849	15.636	19.3753	14.4173	22.5669	9.81869	15.2038	11.8786	
25.2008	16.5887	18.1565	13.7525	19.4484	11.5688	13.1212	16.0141	15.6167	14.3446	18.7454	16.8716	20.3805	15.118	8.02048	14.9551	19.5624	20.5849	15.636	17.19	14.4173	13.5473	9.81869	11.2708	11.8786	
20.7613	16.5887	18.1565	10.1424	18.6646	11.5688	13.1212	16.0141	13.3205	14.3446	18.7454	16.5461	20.3805	12.9451	8.02048	14.9551	19.5624	15.682	15.636	9.81503	14.4173	13.5473	9.81869	11.2708	11.8786	
20.6359	11.9929	18.1565	10.1424	15.9589	11.5688	11.3336	15.9111	13.3205	14.3446	17.5369	16.5461	18.7123	12.9451	8.02048	13.9234	19.5624	15.682	15.636	9.81503	13.3631	13.5473	9.81869	11.2708	9.43141	
18.4977	10.3282	14.8903	10.1424	15.9589	11.5688	11.3336	15.9111	9.88824	14.3446	12.8055	14.2992	18.7123	11.8139	8.02048	13.9234	18.215	15.682	15.636	9.81503	13.3631	13.5473	9.81869	11.2708	9.43141	
17.6638	10.3282	14.8903	10.1424	12.7608	11.5688	10.6991	15.9111	9.88824	14.3446	12.8055	14.2992	13.6459	9.34189	8.02048	12.0842	10.1871	12.6666	13.7731	9.19525	8.30545	13.5473	9.81869	11.2708	9.43141	
17.4841	10.3282	14.8903	10.1424	12.7608	11.5688	10.6695	15.9111	9.88824	14.3446	12.8055	14.2095	13.6459	9.34189	8.02048	12.0842	10.1871	12.6643	13.7731	9.19525	8.30545	13.5473	9.81869	10.832	9.43141	
12.7525	10.3282	14.8903	10.1424	10.1417	11.5688	9.82687	14.0045	9.88824	10.5501	12.8055	10.9681	13.6459	9.16211	8.02048	10.2242	10.1871	12.6643	13.7731	9.19525	8.30545	13.5473	9.81869	10.832	9.38305	
12.7525	10.326	14.8903	9.47159	8.37683	11.5688	9.31442	10.9283	5.56132	10.5501	11.2082	10.9681	12.3088	9.16211	8.02048	10.2242	10.1871	12.6643	13.7731	9.19525	8.30545	13.5473	7.12711	10.832	9.38305	
12.7525	10.2332	14.8903	8.37331	8.37683	11.5688	9.31442	10.9283	5.56132	10.5501	11.2082	10.9681	12.3088	9.16211	6.61526	10.2242	10.1871	12.6643	12.9941	9.19525	8.30545	12.8259	7.12711	9.83251	9.38305	
12.3974	6.14841	6.98013	8.37331	8.37683	11.5688	9.31442	9.24402	5.56132	10.5501	10.208	10.6706	11.3591	6.44288	6.61526	10.2242	10.1871	12.6643	12.9941	7.27031	8.30545	12.4339	7.12711	9.83251	5.5211	
12.3974	6.14841	6.98013	6.84009	8.37683	11.5688	7.78063	9.24402	3.83221	10.5501	10.208	6.96682	7.86814	6.44288	6.19825	10.2242	10.1871	12.6643	12.9941	7.27031	8.30545	12.2409	7.12711	9.30088	5.5211	
12.3974	6.14841	6.98013	6.84009	8.37683	9.10754	7.78063	8.2641	3.83221	9.40557	10.208	6.96682	7.86814	6.44288	6.19825	10.027	6.99407	10.2519	9.01466	6.85878	7.42762	12.0244	7.12711	7.15811	5.5211	
12.3473	6.14841	6.58625	6.84009	7.90337	9.10754	3.86807	8.2641	3.83221	9.40557	10.208	6.96682	6.55761	6.44288	5.71543	10.027	6.99407	8.9688	9.01466	6.85878	7.42762	10.9324	6.74722	7.15811	5.5211	
12.3473	4.83631	6.58625	6.84009	7.78983	9.10754	3.86807	8.2641	3.83221	9.40557	10.208	6.96682	6.55761	6.18845	5.71543	10.027	5.51918	7.91923	9.01466	6.85878	7.42762	10.3186	6.74722	7.15811	5.5211	
9.63892	4.83631	6.58625	6.84009	7.78983	8.876	3.86807	8.2641	3.83221	8.38892	8.11936	6.96682	6.55761	6.18845	5.65626	7.4558	5.51918	7.91923	9.01466	6.85878	6.52551	8.06695	6.61549	6.77972	5.5211	
9.37473	4.83631	6.58625	6.84009	7.04508	8.876	3.86807	8.2641	3.83221	7.56561	8.11936	6.96682	6.55761	4.01056	4.38638	7.4558	5.41896	7.91923	7.18052	4.21131	6.52551	8.06695	6.61549	5.81439	5.5211	
9.22726	4.83631	6.58625	5.22522	6.85111	8.876	3.86807	8.2641	3.83221	7.56561	7.47742	6.96682	6.55761	4.01056	4.36795	7.4558	5.41896	7.91923	7.18052	4.21131	6.52551	8.06695	5.18219	5.81439	5.5211	
8.72832	4.83631	6.58625	5.22522	6.85111	8.876	3.86807	8.2641	3.83221	6.46349	7.2109	6.96682	6.55761	4.01056	4.36795	7.4558	4.95965	7.67884	6.68945	4.21131	5.98483	8.06695	3.07965	5.81439	5.5211	
8.72832	4.83631	6.58625	5.22522	6.4808	8.876	3.86807	5.52114	3.83221	6.46349	7.2109	6.96682	6.55761	4.01056	4.36795	6.93169	4.35432	7.27544	6.68945	4.21131	5.98483	7.57278	3.07965	5.81439	5.5211	
6.1388	4.35802	4.23894	5.22522	6.4808	7.24023	3.86807	5.52114	3.83221	4.8298	7.2109	6.84895	6.55761	4.01056	3.36417	6.64421	4.35432	5.59755	6.68945	4.21131	5.98483	7.57278	3.07965	3.78776	5.5211	
5.47272	3.38478	4.23894	3.8927	4.27444	7.24023	3.41861	5.52114	3.83221	4.79883	6.33904	5.22386	6.42096	3.77507	3.36417	5.89567	4.35432	5.59755	5.93488	4.21131	5.08567	7.57278	3.07965	3.78776	5.04528	
5.47272	3.38478	4.23894	3.8927	4.0701	4.98293	3.38537	5.38297	3.52156	4.46043	6.2769	5.22386	6.42096	2.60423	2.86532	5.89567	4.35432	4.62402	5.93488	4.21131	4.23936	7.27765	3.07965	3.78776	3.53797	
5.47272	3.38478	4.23894	3.8927	4.0701	4.98293	3.38537	3.64538	3.52156	2.49455	5.82211	5.22386	4.54079	2.60423	2.86532	3.95398	4.35432	4.62402	4.96718	4.21131	4.23936	6.19179	3.07965	3.78776	3.53797	
4.41637	2.91452	4.23894	3.8927	4.0701	4.98293	3.38537	3.64538	3.52156	2.49455	5.27829	3.04446	4.54079	2.60423	2.86532	3.95398	4.35432	4.62402	4.96718	4.21131	3.90707	5.84735	3.07965	3.78776	3.53797	
4.41637	2.91452	4.23894	3.8927	4.0701	4.98293	3.38537	3.64538	3.52156	2.49455	4.63539	3.04446	4.54079	2.60423	2.86532	3.95398	3.84342	4.62402	4.96718	3.60329	3.88363	5.84735	3.03178	3.78776	3.53797	
4.41637	2.91452	4.23894	2.80822	4.0701	4.7951	3.38537	3.64538	2.56505	2.49455	3.41542	3.04446	4.51789	2.60423	2.768	3.41671	3.84342	4.62402	4.96718	3.60329	2.8671	5.84735	3.03178	3.59835	3.53797	
4.41637	2.91452	3.8974	2.80822	3.82231	4.7951	2.90489	3.64538	2.56505	2.49455	3.41542	3.04446	4.51789	2.45085	2.768	2.80767	2.47529	2.8549	4.08095	3.60329	2.8671	5.84735	2.58851	3.59835	3.48431	
3.40673	2.91452	2.12024	2.80822	3.26328	4.7951	2.90489	3.53051	2.56505	2.49455	2.4583	3.04446	3.87857	2.13788	2.50529	2.51452	2.47529	2.8549	4.08095	3.30833	2.8671	5.22611	2.50402	3.59835	3.48431	
3.40673	2.91452	2.12024	2.76411	3.26328	4.76772	2.47382	3.53051	2.56505	2.49455	2.4583	2.01836	3.87857	2.13788	1.42249	2.51452	2.47529	2.8549	4.08095	2.1469	2.8671	3.87427	2.50402	3.59835	2.94433	
3.40673	2.14674	2.12024	2.76411	3.26328	4.12657	2.47382	3.53051	2.30155	2.49455	2.4583	2.01836	3.23502	2.13788	1.42249	2.51452	2.28305	2.8549	4.08095	2.1469	2.72471	3.87427	2.02264	2.81578	1.12389	
3.40673	2.14674	2.12024	2.76411	3.26328	4.12657	2.47382	3.50804	2.30155	2.49455	2.4583	2.01836	3.23502	2.13788	1.42249	2.51452	2.28305	2.82984	3.22518	2.1469	2.72471	3.87427	2.02264	2.64025	1.12389	
3.40673	2.14674	1.85133	2.53632	3.22949	4.12657	2.47382	2.51742	1.71641	2.49455	2.4583	2.01836	2.64654	2.13788	1.42249	2.09031	2.28305	2.82984	3.19071	2.1469	2.13458	3.87427	2.02264	2.64025	1.12389	
3.40673	2.14674	1.85133	2.04615	2.7564	4.12657	1.45769	2.51742	1.71641	2.49455	2.4583	2.01836	2.64654	2.13788	1.42249	2.09031	2.28305	2.82984	3.18278	2.1469	2.13458	3.87427	1.99471	1.93098	1.12389	
3.00093	2.14674	1.85133	2.04615	2.41441	3.43801	1.45769	2.51742	1.45333	1.99528	2.4583	2.01836	2.64654	1.44668	1.42249	2.09031	2.00225	1.62433	2.10981	2.1469	2.13458	2.68883	1.99471	1.93098	1.12389	
2.76485	2.14674	1.58347	2.04615	2.41441	3.43801	1.45769	2.51742	1.45333	1.99528	2.4583	2.01836	2.64654	1.44668	1.42249	2.09031	2.00225	1.62433	1.95996	2.1469	2.13458	2.68883	1.99471	1.93098	1.12389	
2.76485	1.88727	1.58347	2.04615	2.29429	2.65784	1.45769	2.51742	1.45333	1.99528	2.4583	2.01836	2.64654	1.44668	1.42249	2.03978	1.87052	1.62433	1.95996	2.09507	1.52664	2.68883	1.99471	1.93098	1.12389	
2.45709	1.88727	1.58347	2.00624	2.29429	2.65784	1.45769	1.91598	1.45333	1.88826	2.09838	1.58855	2.00685	1.33705	1.30964	2.03978	1.87052	1.62433	1.95996	2.09507	1.52664	2.68883	1.66058	1.93098	1.12389	
2.20994	1.60273	1.58347	1.59868	2.29429	2.65784	1.45769	1.91598	1.34286	1.88826	2.09838	1.58855	2.00685	1.33705	1.28586	2.03978	1.87052	1.62433	1.34447	2.09507	1.07214	2.15335	1.66058	1.93098	1.12389	
1.42995	1.32571	1.58347	1.59868	2.10487	2.54417	1.45769	1.91598	1.34286	1.88826	1.9065	1.58855	1.61488	1.33705	1.28586	1.34735	1.66322	1.62433	1.34447	1.53578	1.07214	2.15335	1.66058	1.4037	1.02096	
1.42995	1.32571	1.522	1.35063	1.53201	2.54417	1.45769	1.91598	1.13669	1.88826	1.9065	1.24696	1.61488	1.33705	0.801321	1.34735	1.58668	1.62433	1.34447	1.30709	1.07214	2.15335	1.11937	1.4037	1.02096	
1.42995	1.18778	1.07869	1.25263	1.53201	1.5046	1.45769	1.90013	1.13669	1.88595	1.80233	1.24696	1.61488	1.33705	0.801321	1.34735	1.41535	1.62433	1.04962	1.30709	1.07214	2.15335	1.11937	1.4037	1.02096	
1.42995	1.18778	1.07869	1.25263	1.53201	1.5046	1.1683	1.70609	1.08544	1.15387	1.66411	1.24696	1.61488	1.0129	0.724841	1.34735	0.9952	1.48256	1.04962	1.30709	1.07214	2.12612	0.720537	1.4037	1.02096	
1.42995	1.18778	0.845234	1.25263	1.36911	1.5046	1.1683	1.6892	0.655684	1.15387	1.41603	1.24696	1.61488	1.0129	0.624779	1.09561	0.9952	1.48256	1.04962	1.30709	1.07214	1.84952	0.720537	1.4037	1.02096	
1.42995	1.08083	0.845234	0.835775	0.999512	1.5046	1.1683	1.67775	0.655684	1.15387	1.41603	1.24696	1.25628	1.0129	0.624779	1.09561	0.9952	1.07205	1.04962	1.30709	1.07214	1.84952	0.720537	1.35854	1.02096	
1.42995	0.936993	0.845234	0.835775	0.999512	1.5046	1.09678	1.05205	0.655684	1.07527	1.41603	1.24696	1.25628	0.934645	0.624779	1.02523	0.884849	1.07205	1.04962	0.993071	0.883361	1.30131	0.720537	1.14049	1.02096	
1.42995	0.936993	0.845234	0.835775	0.916681	1.5046	1.09678	0.891758	0.655684	1.07527	1.26651	1.04056	0.707481	0.934645	0.470121	1.02523	0.884849	1.07205	1.04962	0.993071	0.883361	1.30131	0.720537	1.12359	1.02096	
1.31724	0.89371	0.845234	0.835775	0.618701	1.5046	1.09678	0.891758	0.655684	1.07527	1.18189	1.04056	0.707481	0.690132	0.470121	1.02523	0.480494	1.07205	1.04962	0.993071	0.883161	1.30131	0.720537	0.94035	1.02096	
1.31724	0.610237	0.845234	0.835775	0.618701	1.18784	0.97781	0.891758	0.655684	0.908354	1.18189	1.04056	0.707481	0.690132	0.470121	1.02523	0.480494	1.07205	0.572682	0.993071	0.883161	1.30131	0.523478	0.927253	0.647136	
1.31724	0.610237	0.653846	0.835775	0.618701	1.18784	0.739724	0.891758	0.655684	0.902485	0.983461	0.821311	0.707481	0.690132	0.426161	0.887237	0.480494	0.848713	0.572682	0.993071	0.85913	1.30131	0.523478	0.927253	0.647136	
0.836525	0.610237	0.653846	0.718538	0.618701	0.807072	0.67789	0.891758	0.655684	0.902485	0.965181	0.821311	0.707481	0.690132	0.426161	0.887237	0.480494	0.848713	0.572682	0.90161	0.611892	1.30131	0.507541	0.754275	0.647136	
0.836525	0.610237	0.653846	0.718538	0.618701	0.807072	0.656119	0.87384	0.492979	0.902485	0.965181	0.821311	0.707481	0.690132	0.426161	0.668979	0.480494	0.848713	0.572682	0.901455	0.611892	1.15758	0.507541	0.754275	0.647136	
0.836525	0.610237	0.653846	0.718538	0.618701	0.759681	0.656119	0.828374	0.492979	0.570646	0.965181	0.796142	0.562781	0.622968	0.426161	0.668979	0.480494	0.848713	0.572682	0.765812	0.611892	1.15758	0.507541	0.754275	0.647136	
0.836525	0.610237	0.52518	0.718538	0.490424	0.759681	0.656119	0.511386	0.492979	0.528631	0.788067	0.78699	0.562781	0.517397	0.426161	0.548229	0.480494	0.848713	0.572682	0.765812	0.611892	1.09739	0.507541	0.754275	0.647136	
0.836525	0.610237	0.52518	0.718538	0.490424	0.759681	0.656119	0.511386	0.492979	0.475871	0.788067	0.692743	0.562781	0.517397	0.397922	0.548229	0.480494	0.848713	0.572682	0.727214	0.611892	0.85407	0.439567	0.491478	0.647136	
0.836525	0.610237	0.52518	0.498384	0.430531	0.759681	0.656119	0.511386	0.492979	0.475871	0.598038	0.682212	0.350306	0.517397	0.397922	0.44352	0.480494	0.848713	0.440733	0.670659	0.611892	0.85407	0.399505	0.47583	0.647136	
0.836525	0.539535	0.52518	0.391305	0.430531	0.759681	0.44947	0.448456	0.454786	0.475871	0.598038	0.605539	0.350306	0.517397	0.383668	0.44352	0.480494	0.579965	0.440733	0.535406	0.448778	0.786887	0.399505	0.47583	0.647136	
0.79504	0.447797	0.52518	0.391305	0.430531	0.759681	0.44947	0.448456	0.454786	0.475871	0.598038	0.438608	0.350306	0.517397	0.383668	0.33314	0.480494	0.579965	0.440733	0.535406	0.448778	0.786887	0.399505	0.47583	0.586303	
0.79504	0.438054	0.502878	0.391305	0.412003	0.759681	0.44947	0.448456	0.421757	0.475871	0.598038	0.438608	0.350306	0.41091	0.254395	0.33314	0.480494	0.579965	0.404752	0.535406	0.448778	0.786887	0.380505	0.47583	0.495657	
0.681746	0.41111	0.502878	0.389426	0.412003	0.455295	0.335459	0.448456	0.401558	0.475871	0.454894	0.438608	0.350306	0.294858	0.254395	0.33314	0.480494	0.51401	0.31707	0.524043	0.448778	0.786887	0.380505	0.47583	0.462314	
0.489267	0.399243	0.406268	0.382535	0.412003	0.455295	0.335459	0.3435	0.242112	0.475871	0.454894	0.395672	0.350306	0.294858	0.254395	0.33314	0.343277	0.467719	0.31707	0.372609	0.443479	0.786887	0.380505	0.35989	0.336368	
0.489267	0.164207	0.406268	0.382535	0.412003	0.455295	0.335459	0.3435	0.242112	0.475871	0.454894	0.395672	0.350306	0.294858	0.254395	0.33314	0.343277	0.467719	0.31707	0.372609	0.443479	0.53734	0.152817	0.35989	0.336368	
0.393712	0.164207	0.400081	0.356263	0.412003	0.455295	0.212925	0.3435	0.242112	0.421136	0.396475	0.372059	0.291207	0.24389	0.254395	0.33314	0.343277	0.467719	0.31707	0.372609	0.443479	0.53734	0.152817	0.35989	0.325882	
0.393712	0.164207	0.349762	0.356263	0.384842	0.455295	0.212925	0.312181	0.242112	0.365273	0.389694	0.372059	0.291207	0.24389	0.185107	0.33314	0.322168	0.321473	0.31707	0.358354	0.39021	0.53734	0.152817	0.35989	0.325882	
0.393712	0.164207	0.162289	0.356263	0.331069	0.282334	0.212925	0.312181	0.192188	0.365273	0.389694	0.372059	0.291207	0.157	0.185107	0.33314	0.294744	0.321473	0.31707	0.358354	0.383607	0.433785	0.152817	0.35989	0.169572	
0.343577	0.164207	0.162289	0.348889	0.230906	0.282334	0.212925	0.312181	0.192188	0.355647	0.389694	0.372059	0.291207	0.157	0.185107	0.26687	0.294744	0.321473	0.31707	0.318582	0.261299	0.433785	0.152817	0.35989	0.169572	
0.343577	0.164207	0.162289	0.3286	0.230906	0.282334	0.212925	0.312181	0.149342	0.355647	0.34772	0.340268	0.268155	0.157	0.185107	0.26687	0.287388	0.321473	0.31707	0.28791	0.261299	0.433785	0.152817	0.319129	0.169572	
0.276607	0.164207	0.162289	0.25162	0.230906	0.282334	0.186791	0.311218	0.146408	0.263561	0.322442	0.24119	0.268155	0.157	0.185107	0.26687	0.251733	0.294375	0.31707	0.243122	0.261299	0.416027	0.152817	0.319129	0.169572	
0.276607	0.164207	0.162289	0.242192	0.230906	0.282334	0.186791	0.238133	0.146408	0.256825	0.322442	0.24119	0.268155	0.157	0.163714	0.255904	0.251198	0.294375	0.248322	0.194324	0.261299	0.416027	0.152817	0.275166	0.169572	
0.271231	0.155084	0.162289	0.242192	0.230906	0.193552	0.180157	0.21724	0.146408	0.256825	0.318667	0.219542	0.268155	0.157	0.163714	0.225631	0.216422	0.220814	0.195681	0.194324	0.261299	0.399348	0.152817	0.275166	0.169572	
0.271231	0.155084	0.162289	0.242192	0.230906	0.193552	0.180157	0.21724	0.146408	0.245593	0.318667	0.219542	0.268155	0.157	0.163714	0.200436	0.216422	0.216123	0.195681	0.194324	0.261299	0.319085	0.152817	0.257646	0.169572	
0.254559	0.155084	0.153834	0.222871	0.187485	0.193552	0.1517	0.199384	0.146408	0.245593	0.318667	0.219542	0.252873	0.157	0.163714	0.200436	0.216422	0.216123	0.195681	0.187512	0.178291	0.319085	0.152817	0.257646	0.169572	
0.254559	0.155084	0.125431	0.220565	0.187485	0.193552	0.147752	0.185196	0.146408	0.241869	0.260354	0.219542	0.252873	0.157	0.163714	0.200436	0.216422	0.190498	0.163244	0.137381	0.178291	0.293452	0.152817	0.254217	0.169572	
0.248105	0.113535	0.125431	0.139991	0.179645	0.193552	0.147752	0.107487	0.146408	0.23307	0.260354	0.184035	0.170638	0.0851204	0.128787	0.101311	0.165353	0.190498	0.103025	0.137381	0.158749	0.250646	0.152817	0.175195	0.11712	
0.238226	0.113535	0.0936059	0.139991	0.168208	0.193552	0.132153	0.107487	0.146408	0.2104	0.249226	0.184035	0.170638	0.0851204	0.128787	0.101311	0.142875	0.187015	0.103025	0.137381	0.130699	0.250646	0.151392	0.175195	0.11712	
0.183099	0.113535	0.0936059	0.138229	0.161788	0.193552	0.132153	0.107487	0.100163	0.151358	0.211611	0.166937	0.162565	0.0851204	0.124712	0.101311	0.142875	0.157367	0.0883866	0.137381	0.130699	0.239554	0.137007	0.175195	0.11712	
0.171965	0.113535	0.0936059	0.138229	0.151971	0.193552	0.118547	0.107487	0.100163	0.151358	0.211611	0.166937	0.162565	0.0851204	0.124712	0.101311	0.142875	0.157367	0.0883866	0.137381	0.130699	0.232489	0.0868152	0.175195	0.100933	
0.171965	0.113535	0.089759	0.138229	0.151971	0.161308	0.118547	0.107487	0.100163	0.151358	0.176859	0.135024	0.162565	0.0851204	0.124712	0.101311	0.119499	0.157367	0.0883866	0.137381	0.130699	0.207833	0.0868152	0.175195	0.100933	
0.143104	0.113535	0.089759	0.138229	0.148574	0.161308	0.106526	0.107487	0.07969	0.129907	0.176859	0.135024	0.122758	0.0851204	0.112418	0.101311	0.115145	0.122255	0.0883866	0.0965449	0.130699	0.207833	0.0868152	0.128138	0.100933	
0.115839	0.113535	0.0717172	0.128039	0.148574	0.161308	0.0901374	0.107487	0.07969	0.129907	0.145048	0.135024	0.122758	0.0851204	0.0667607	0.0794945	0.111031	0.122255	0.0883866	0.0632311	0.130699	0.207833	0.079444	0.128138	0.0799498	
0.115839	0.0768922	0.0717172	0.128039	0.111732	0.134868	0.0690433	0.107487	0.07969	0.129907	0.140223	0.135024	0.122729	0.0851204	0.0667607	0.0794945	0.111031	0.122255	0.0823449	0.0632311	0.130699	0.171949	0.079444	0.128138	0.0689237	
0.115839	0.0768922	0.0717172	0.113692	0.0704099	0.134868	0.0690433	0.093545	0.0562599	0.11294	0.140223	0.135024	0.115724	0.0819618	0.0667607	0.0794945	0.10784	0.122255	0.0823449	0.0632311	0.130573	0.171949	0.079444	0.128138	0.0689237	
0.115839	0.0768922	0.0575454	0.108745	0.0704099	0.0978682	0.0690433	0.093545	0.0562599	0.11294	0.096777	0.0816672	0.115724	0.0649929	0.0667607	0.0794945	0.0877912	0.119361	0.0823449	0.0632311	0.11079	0.171949	0.0674277	0.128138	0.0689237	
0.115839	0.0768922	0.049768	0.108745	0.0704099	0.0978682	0.0690433	0.093545	0.0562599	0.11294	0.096777	0.0816672	0.115724	0.0583953	0.0664005	0.0794945	0.0751761	0.108199	0.0823449	0.0592861	0.11079	0.132239	0.0674277	0.115677	0.0677797	
0.104347	0.0673407	0.049768	0.101146	0.0418098	0.0978682	0.0546695	0.089267	0.0562599	0.11294	0.096777	0.0794144	0.0895753	0.0583953	0.0664005	0.0794945	0.073937	0.108199	0.0558812	0.0592861	0.0713021	0.121041	0.0674277	0.115677	0.0677797	
0.0967674	0.0673407	0.0495145	0.101146	0.0418098	0.0978682	0.0546695	0.0594138	0.0562599	0.107943	0.0755491	0.0794144	0.0895753	0.0583953	0.0664005	0.0779696	0.073937	0.0866499	0.0558812	0.0592861	0.0713021	0.121041	0.0636018	0.113518	0.0604902	
0.0964857	0.0673407	0.0495145	0.0624949	0.0418098	0.0978682	0.0546695	0.0594138	0.0524771	0.0789012	0.0755491	0.0618429	0.0853628	0.0568213	0.0559081	0.0664632	0.0656491	0.0804694	0.0548211	0.0592861	0.0691157	0.10406	0.0636018	0.103911	0.0604902	
0.0941825	0.0621019	0.0495145	0.0624949	0.0418098	0.0978682	0.0546695	0.0594138	0.0323738	0.0789012	0.0755491	0.0618429	0.0853628	0.0568213	0.0333521	0.0579739	0.0619664	0.0804694	0.0548211	0.0592861	0.0691157	0.0990653	0.0636018	0.0942788	0.0604902	
0.0941825	0.0621019	0.0495145	0.0624949	0.0418098	0.0978682	0.0546695	0.0580967	0.0323738	0.0789012	0.0755491	0.0618429	0.0853628	0.0562184	0.0333521	0.0439059	0.0526627	0.0712215	0.0548211	0.0571318	0.0691157	0.0990653	0.0636018	0.0942788	0.0604902	
0.0810685	0.0429191	0.0426014	0.0603906	0.0418098	0.0915365	0.0540466	0.050322	0.0323738	0.0789012	0.0560241	0.0435143	0.0668431	0.0562184	0.0333521	0.0439059	0.0526627	0.0712215	0.0478378	0.0495713	0.0638908	0.0990653	0.0534167	0.0846374	0.0517456	
0.0810685	0.0429191	0.0345718	0.0603906	0.0418098	0.0798451	0.0540466	0.0495653	0.0315035	0.0789012	0.0560241	0.0435143	0.0668431	0.0562184	0.0333521	0.0439059	0.0526627	0.0653883	0.0478378	0.0495713	0.0638908	0.0990653	0.0303223	0.0763828	0.0517456	
0.0810685	0.0429191	0.0345718	0.0543346	0.0418098	0.0697672	0.052287	0.0495653	0.0315035	0.0690903	0.0560241	0.0435143	0.0668431	0.0385458	0.0333521	0.0439059	0.0433859	0.0653883	0.0435805	0.0495713	0.0545896	0.0972615	0.0303223	0.0661539	0.0517456	
0.0694616	0.0429191	0.0345718	0.0529507	0.0418098	0.0697672	0.052287	0.0495653	0.0315035	0.0554625	0.0424608	0.035152	0.0668431	0.0375651	0.0333521	0.0259377	0.0433859	0.0615857	0.0377578	0.0346176	0.0517068	0.0888211	0.0303223	0.0661539	0.0446816	
0.0637387	0.0429191	0.030083	0.0362221	0.0418098	0.0690535	0.0512704	0.0495653	0.0315035	0.0444775	0.0424608	0.035152	0.0518709	0.0375651	0.0333521	0.0259377	0.0433859	0.053601	0.0377578	0.0346176	0.045421	0.0816605	0.0303223	0.0606643	0.0394059	
0.0613239	0.0320485	0.0295947	0.0362221	0.0418098	0.0492511	0.0396635	0.0443004	0.0315035	0.0444775	0.0424608	0.035152	0.0342597	0.0348116	0.0308496	0.0259377	0.0361579	0.0395453	0.0377578	0.0346176	0.045421	0.0738455	0.0253668	0.0606643	0.0394059	
0.0308994	0.0320485	0.0295561	0.0362221	0.0418098	0.0492511	0.0396635	0.0443004	0.029926	0.0444775	0.0424608	0.0282585	0.0342597	0.0346554	0.0308496	0.0259377	0.0291285	0.0395453	0.0360498	0.0346176	0.0448441	0.0673244	0.0217212	0.0606643	0.0394059	
0.0308994	0.0247725	0.0287138	0.0362221	0.0418098	0.0423262	0.0396635	0.0335789	0.029926	0.0444775	0.0424608	0.0282585	0.0342597	0.0319689	0.0282791	0.0259377	0.0291285	0.0395453	0.0360498	0.0346176	0.0448441	0.0673244	0.0217212	0.0561105	0.0338834	
0.0308994	0.0241117	0.0287138	0.0362221	0.041468	0.0423262	0.0396635	0.0335789	0.029926	0.0444775	0.0397488	0.0251707	0.0342597	0.0319689	0.0271248	0.0259377	0.0291285	0.0395453	0.0360498	0.02875	0.0279989	0.0537009	0.0217212	0.0561105	0.0338834	
0.0308994	0.0194843	0.0287138	0.0212815	0.041468	0.0423262	0.0288041	0.0335789	0.029926	0.0444775	0.0397488	0.0251707	0.0342597	0.0300988	0.0187608	0.0259377	0.0271981	0.0395453	0.0360498	0.02875	0.0279989	0.0537009	0.0133063	0.0430954	0.0313576	
0.0308994	0.0194843	0.0279632	0.0212815	0.041468	0.0423262	0.0288041	0.0335789	0.0202442	0.0422914	0.033356	0.0251707	0.0342597	0.0220398	0.0187608	0.022617	0.0271981	0.033542	0.0293834	0.02875	0.0279989	0.0416739	0.0133063	0.039943	0.0313576	
0.0308994	0.0194843	0.0260218	0.0212815	0.0278407	0.0227572	0.0288041	0.0335789	0.0202442	0.021154	0.033356	0.0251707	0.0200223	0.0220398	0.0187608	0.022617	0.0271981	0.0195796	0.0293834	0.014779	0.0131731	0.0401916	0.0133063	0.039943	0.0286623	
0.0308994	0.0180101	0.0260218	0.0212815	0.0272107	0.0227572	0.0239901	0.0256786	0.0167604	0.021154	0.0307503	0.0251707	0.0200223	0.0220398	0.0187608	0.022617	0.0266289	0.0195796	0.0293834	0.014779	0.0131731	0.0401916	0.0133063	0.0207247	0.0284563	
0.0308994	0.0180101	0.0224646	0.0212815	0.025126	0.0227572	0.0239901	0.0256786	0.0167604	0.021154	0.0307503	0.0251707	0.0200223	0.0220398	0.0152276	0.022617	0.024746	0.0195796	0.027978	0.014779	0.0131731	0.0377103	0.0133063	0.0207247	0.0269032	
0.0191792	0.0174453	0.0182176	0.0175216	0.025126	0.0227572	0.0239901	0.0229415	0.0167604	0.021154	0.0307503	0.0251707	0.0200223	0.0195924	0.0152276	0.0207377	0.0179729	0.0195796	0.027978	0.014779	0.0131731	0.0368505	0.0133063	0.0173551	0.0245086	
0.0191792	0.0174453	0.016796	0.0175216	0.025126	0.0227572	0.0239901	0.0176181	0.0167604	0.021154	0.0211979	0.0251707	0.0200223	0.0183616	0.0123386	0.0207377	0.0179729	0.0195796	0.0240547	0.014779	0.0131731	0.0347416	0.0133063	0.0173551	0.0187523	
0.0191792	0.008683	0.016796	0.0156744	0.0233622	0.0227572	0.020578	0.0123598	0.0167604	0.021154	0.0211979	0.0227372	0.0194646	0.0161201	0.0123386	0.0207377	0.0160784	0.0195796	0.0185779	0.014779	0.0131731	0.0259047	0.0133063	0.0173551	0.0168675	
0.0191792	0.008683	0.0144492	0.0156744	0.0206952	0.0227572	0.020578	0.0123598	0.0167604	0.0208355	0.0211979	0.0176581	0.0194646	0.015077	0.0123386	0.0184416	0.015702	0.0195796	0.0185779	0.014779	0.0131731	0.0252605	0.0133063	0.0173551	0.0154353	
0.0191792	0.008683	0.0117949	0.0156744	0.0206952	0.0227572	0.0179198	0.0123598	0.0167604	0.0208355	0.0202232	0.0176581	0.0162199	0.015077	0.0110371	0.016815	0.0138857	0.0189122	0.0171642	0.014779	0.0131731	0.0252605	0.0122247	0.0173551	0.0154353	
0.0191792	0.008683	0.00822704	0.0156744	0.0206952	0.0227572	0.016381	0.01175	0.0137081	0.0175511	0.0202232	0.0176581	0.0162199	0.015077	0.0110371	0.0149008	0.0138857	0.0164767	0.0171642	0.014779	0.0131731	0.0252605	0.0109703	0.0159174	0.0154353	
0.0191792	0.008683	0.00822704	0.0129571	0.0162341	0.0227572	0.0103418	0.01175	0.00846076	0.0175511	0.0202232	0.0176581	0.0162199	0.0105141	0.0102915	0.0149008	0.0138857	0.0164767	0.0136883	0.014779	0.0131731	0.0252605	0.0109703	0.0159174	0.0154353	
0.0191792	0.008683	0.00822704	0.0129571	0.0162341	0.0227572	0.0103418	0.01175	0.00846076	0.0149953	0.0125297	0.0176581	0.0150734	0.0103833	0.0102915	0.0130135	0.0138857	0.0164767	0.0136883	0.0126712	0.0131731	0.0202157	0.0109703	0.0159174	0.014399	
0.0191792	0.008683	0.00822704	0.0129571	0.0116169	0.0189879	0.0103418	0.01175	0.00846076	0.0149953	0.0125297	0.0176581	0.0150734	0.0103833	0.00777074	0.0110961	0.00933102	0.0146971	0.0136883	0.0118819	0.0122675	0.0202157	0.0109703	0.0159174	0.014399	
0.0191792	0.008683	0.00822704	0.00978804	0.0116169	0.017007	0.0103418	0.01175	0.00846076	0.0143704	0.0125297	0.0176581	0.00760639	0.0103833	0.00777074	0.0110961	0.00933102	0.0146971	0.013445	0.0118819	0.0122675	0.0202157	0.00907006	0.013311	0.0125659	
0.0178065	0.008683	0.00778277	0.00978804	0.0116169	0.01637	0.0103418	0.0104114	0.00846076	0.00954054	0.0125297	0.0168247	0.00760639	0.0103833	0.00777074	0.0108638	0.00933102	0.00981775	0.0108403	0.0118819	0.00845041	0.018191	0.00907006	0.011933	0.0116989	
0.017474	0.00782097	0.00778277	0.00978804	0.0116169	0.01637	0.0103418	0.0104114	0.00677284	0.00873191	0.0125297	0.0128274	0.00760639	0.0103833	0.00719123	0.0107056	0.00933102	0.00981775	0.00958092	0.0102003	0.00839145	0.018191	0.008883	0.011933	0.0116989	
0.0140084	0.00782097	0.00605728	0.00821574	0.00972528	0.0151636	0.00852713	0.00965405	0.00677284	0.00676893	0.00975491	0.0101738	0.00760639	0.00894447	0.00719123	0.0101781	0.00685427	0.00816927	0.00917994	0.00838484	0.00839145	0.0175544	0.008883	0.011933	0.0116989	
0.0121085	0.00782097	0.00605728	0.00821574	0.00924611	0.0103165	0.00852713	0.00965405	0.00677284	0.00676893	0.00975491	0.0101738	0.00760639	0.00883676	0.00632798	0.00886667	0.00685427	0.00816927	0.00917994	0.00838484	0.00839145	0.0166418	0.00664285	0.011933	0.0113725	
0.0121085	0.00713762	0.00448283	0.00821574	0.00753461	0.0103165	0.00852713	0.00929409	0.00677284	0.00676893	0.00975491	0.00896907	0.00760639	0.00866183	0.0048973	0.00869866	0.00685427	0.00816927	0.00917994	0.00838484	0.00839145	0.015917	0.00614555	0.0106887	0.0076335	
0.00892645	0.00530482	0.00448283	0.00699962	0.00753461	0.0103165	0.00613673	0.00919873	0.00627056	0.00676893	0.00975491	0.00896907	0.00760639	0.00785585	0.0048973	0.00607943	0.00685427	0.00816927	0.00917994	0.00838484	0.00472155	0.0156049	0.00614555	0.0106887	0.0076335	
0.00892645	0.00519412	0.00406031	0.00699962	0.00459875	0.0103165	0.00613673	0.00919873	0.00627056	0.00676893	0.00700136	0.00896907	0.00760639	0.00655262	0.0048973	0.00607943	0.00554811	0.00806184	0.00714348	0.00693143	0.00472155	0.0134775	0.00614555	0.0106887	0.0076335	
0.00866664	0.00519412	0.00402423	0.00699962	0.00459875	0.00788544	0.00613673	0.00613013	0.00567297	0.00676893	0.00700136	0.00896907	0.00760639	0.00607178	0.0048973	0.00553054	0.00554811	0.00806184	0.00714348	0.00693143	0.00472155	0.0134775	0.00533667	0.00888408	0.00635439	
0.00866664	0.00519412	0.00402423	0.00699962	0.00459875	0.00788544	0.00613673	0.00438358	0.00496241	0.00676893	0.00700136	0.00773359	0.00760639	0.00607178	0.0048973	0.00553054	0.00554811	0.00806184	0.00714348	0.00693143	0.00472155	0.0120639	0.00533667	0.00888408	0.00438428	
0.00866664	0.00519412	0.00402423	0.00405921	0.00459875	0.00788544	0.00613673	0.00438358	0.00377125	0.0062778	0.00700136	0.00773359	0.00547546	0.00572333	0.00482443	0.00553054	0.00550672	0.00657381	0.0064041	0.00676409	0.00435046	0.00924472	0.00480608	0.00799007	0.00438428	
0.00866664	0.00436384	0.00383808	0.00405921	0.00459875	0.00739605	0.00555631	0.00438358	0.00377125	0.0062778	0.00700136	0.00658702	0.00481617	0.00451624	0.00419003	0.00471176	0.00486287	0.00573904	0.0064041	0.00534286	0.00417154	0.00924472	0.00439179	0.00764667	0.00289033	
0.0053508	0.00416625	0.00353599	0.00405921	0.00459875	0.00706985	0.00555631	0.00438358	0.00377125	0.00557969	0.00480804	0.00574889	0.00481617	0.00277533	0.00273297	0.00471176	0.00486287	0.00513014	0.00474287	0.00503994	0.0030717	0.00924472	0.0029995	0.00584332	0.00289033	
0.0053508	0.00354965	0.00281668	0.00405921	0.00459875	0.00706985	0.00373024	0.00438358	0.00377125	0.00557969	0.00480804	0.00574889	0.00481617	0.00277533	0.00273297	0.00471176	0.00486287	0.00513014	0.00474287	0.00503994	0.0030717	0.00853276	0.0029995	0.00550219	0.00289033	
0.0053508	0.00354965	0.00281668	0.00405921	0.00459875	0.00706985	0.00373024	0.00363599	0.00377125	0.00532915	0.00480804	0.00574889	0.00481617	0.00277533	0.00273297	0.00471176	0.00440019	0.00513014	0.00469414	0.00430284	0.0030717	0.00712221	0.0029995	0.00550219	0.00289033	
0.00533831	0.00331176	0.00281668	0.00400976	0.00319178	0.00462199	0.00373024	0.00363599	0.00320619	0.00490565	0.00480804	0.00574889	0.00481617	0.00275739	0.00271481	0.00471176	0.00276688	0.00360465	0.00469414	0.00400686	0.0028438	0.00712221	0.0029013	0.00467199	0.00289033	
0.00533831	0.00331176	0.00250841	0.00400976	0.00319178	0.00449927	0.00373024	0.0033321	0.00317196	0.00363712	0.00468451	0.00574889	0.00473243	0.00275739	0.00271481	0.00342957	0.00269282	0.00360465	0.00460947	0.00330911	0.0028438	0.00712221	0.0029013	0.00467199	0.00289033	
0.00445025	0.00291386	0.00249633	0.00333772	0.00295389	0.00449927	0.00295095	0.00306479	0.00317196	0.00349279	0.00468451	0.00481197	0.00340916	0.00275739	0.00271481	0.00264697	0.00269282	0.00360465	0.00285196	0.00296157	0.0028438	0.00511515	0.0029013	0.00385501	0.00289033	
0.00445025	0.00270669	0.002018	0.00333772	0.00206563	0.00449927	0.00295095	0.00299232	0.00317196	0.00349279	0.00350133	0.00468626	0.00340916	0.00223865	0.00237864	0.00264697	0.00269282	0.00300485	0.00280501	0.00296157	0.0028438	0.00511515	0.00268687	0.00385501	0.00289033	
0.00445025	0.00270669	0.00161058	0.00251561	0.00206563	0.00449927	0.00267937	0.00299232	0.00283424	0.00349279	0.00350133	0.00314337	0.00340916	0.00223865	0.00160725	0.00264697	0.00269282	0.00300485	0.00280501	0.00284958	0.00212295	0.00511515	0.00264642	0.00385501	0.0027206	
0.00445025	0.00184248	0.00161058	0.00251561	0.00206563	0.00350879	0.00267937	0.00299232	0.00283424	0.00320117	0.0029359	0.00314337	0.00331521	0.00223865	0.00160725	0.00264697	0.00269282	0.00270166	0.00280501	0.0017233	0.00183429	0.00511515	0.00264642	0.00373198	0.0027206	
0.00327137	0.00184248	0.00161058	0.00251561	0.00206563	0.00350879	0.00267937	0.00299232	0.00193796	0.00296521	0.0029359	0.00292003	0.00269939	0.00209382	0.00160725	0.00264697	0.0026754	0.00227855	0.00280501	0.00162968	0.00183429	0.00511515	0.00238422	0.00318807	0.00271502	
0.00312582	0.00184248	0.00161058	0.00214369	0.00158155	0.00215927	0.00266011	0.00259172	0.00193796	0.00296521	0.0029359	0.00292003	0.00186151	0.0014025	0.00157908	0.00264697	0.00195163	0.00124563	0.00280501	0.00162968	0.00179345	0.00352149	0.00211897	0.00318807	0.00254673	
0.00281934	0.0016429	0.00161058	0.00209113	0.00158155	0.00209737	0.0023023	0.00230355	0.00186233	0.00296521	0.00257403	0.00292003	0.00186151	0.00120079	0.00157908	0.00264697	0.00195163	0.00124563	0.0027478	0.00162968	0.00179345	0.00352149	0.00209289	0.00177813	0.00252123	
0.00281934	0.0016429	0.00123126	0.00209113	0.00158155	0.00209737	0.00155792	0.00230355	0.00186233	0.00239584	0.00220334	0.00292003	0.00186151	0.00120079	0.00134266	0.00258998	0.00144852	0.00124563	0.00266357	0.00162968	0.00122117	0.00352149	0.00176735	0.00177813	0.00180942	
0.00220938	0.0016429	0.00123126	0.00184586	0.00158155	0.00209737	0.00155792	0.00197856	0.00184788	0.00209077	0.00220334	0.00292003	0.0013398	0.00120079	0.00134266	0.00213558	0.00139107	0.00124563	0.0023904	0.00151581	0.000912752	0.00287591	0.00130515	0.00177813	0.00180942	
0.00220938	0.00126052	0.000993518	0.00143493	0.00158155	0.00153819	0.00155792	0.00197856	0.00184788	0.00209077	0.00220334	0.00230274	0.0013398	0.00103914	0.00134266	0.00213558	0.00139107	0.00124563	0.00157964	0.00151581	0.000912752	0.00235928	0.00130515	0.00177813	0.00180942	
0.00220938	0.00126052	0.000906191	0.00143493	0.00158155	0.00153819	0.00124058	0.00164189	0.00137513	0.00209077	0.00220334	0.00230274	0.0013398	0.00103914	0.00130899	0.00181835	0.00137632	0.00124563	0.00157964	0.00151581	0.000912752	0.00235928	0.00104456	0.00177813	0.00180942	
0.00206375	0.00126052	0.000906191	0.00126761	0.00152151	0.00153819	0.00124058	0.00160557	0.00133066	0.00171418	0.00214673	0.00213849	0.0013398	0.00103914	0.00130899	0.00165867	0.00137632	0.00124563	0.00157964	0.00151581	0.000912752	0.00212833	0.00104456	0.00177813	0.00143913	
0.00128582	0.00126052	0.000906191	0.00126761	0.00152151	0.00153819	0.00124058	0.00135852	0.00115487	0.00171418	0.00161143	0.00213849	0.0013398	0.0010017	0.00118845	0.00165867	0.0010567	0.00124563	0.00143131	0.00133008	0.000912752	0.00212833	0.00089187	0.00138899	0.00111455	
0.00100555	0.00126052	0.000859556	0.00126761	0.00130802	0.00140291	0.00124058	0.00103571	0.00115487	0.00155228	0.00161143	0.00180781	0.00104568	0.000762387	0.000935054	0.00145681	0.0010567	0.00106712	0.00143131	0.00133008	0.000912752	0.00212833	0.00089187	0.00138899	0.00108584	
0.00100555	0.000562911	0.000859556	0.00126761	0.00127657	0.00140291	0.00124058	0.000974821	0.00115487	0.00155228	0.00153855	0.00177868	0.00104568	0.000762387	0.000693327	0.00145681	0.00101402	0.00103604	0.000806131	0.0013044	0.000912752	0.00189357	0.00089187	0.00138899	0.00108584	
0.00100555	0.000505851	0.000859556	0.00126761	0.00115922	0.00128079	0.00124058	0.000974821	0.00107297	0.00155228	0.00153855	0.00177868	0.00104568	0.000762387	0.000693327	0.00145681	0.00101402	0.000992539	0.000806131	0.00109321	0.000707303	0.00189357	0.00089187	0.000952006	0.00108584	
0.00100555	0.000505851	0.000750634	0.00111345	0.000865052	0.0010198	0.00115979	0.000974821	0.00104495	0.00151804	0.00131671	0.00177135	0.00080525	0.000762387	0.000693327	0.00115344	0.00101402	0.000992539	0.000806131	0.000781116	0.000707303	0.00189357	0.00089187	0.000952006	0.000698153	
0.00100555	0.000505851	0.000750634	0.000687661	0.000865052	0.0010198	0.000958446	0.000974821	0.000983575	0.00107361	0.00131671	0.00116734	0.000633573	0.000646548	0.000507076	0.00115344	0.0008413	0.00080835	0.000806131	0.000781116	0.000707303	0.00146879	0.000741056	0.000952006	0.000698153	
0.00100555	0.000430816	0.000750634	0.000495352	0.000681944	0.0010198	0.000958446	0.000905591	0.000799156	0.000792651	0.00131671	0.00101801	0.000633573	0.000646548	0.000507076	0.000760139	0.000825689	0.00080835	0.000806131	0.000781116	0.000707303	0.00118369	0.000741056	0.000952006	0.000698153	
0.00100555	0.000430816	0.000603331	0.000495352	0.000681944	0.000926863	0.00089995	0.000905591	0.000611575	0.000792651	0.0012803	0.00101801	0.000633573	0.000646548	0.000507076	0.000760139	0.000445379	0.00080835	0.000806131	0.000781116	0.000506544	0.00118369	0.00068693	0.000952006	0.000698153	
0.000924683	0.000430816	0.000603331	0.000495352	0.000681944	0.000586829	0.00089995	0.000715724	0.000503547	0.000792651	0.000832824	0.00101801	0.000633573	0.000563425	0.000507076	0.000672514	0.000445379	0.00080835	0.000806131	0.000667085	0.000506544	0.000653414	0.000653374	0.000911317	0.000505814	
0.000924683	0.000430816	0.000363354	0.000495352	0.000681944	0.000586829	0.000578741	0.000715724	0.000456833	0.000792651	0.000832824	0.00101801	0.000633573	0.000440003	0.000507076	0.000451685	0.000445379	0.000670611	0.000806131	0.000665525	0.000506544	0.000653414	0.000653374	0.000911317	0.000390705	
0.000746455	0.000430816	0.000363354	0.000495352	0.00067639	0.000586829	0.000578741	0.000563461	0.000456833	0.000792651	0.000832824	0.00101801	0.000633573	0.000440003	0.000507076	0.000451685	0.000445379	0.000652385	0.000806131	0.000642444	0.000506544	0.000653414	0.000548392	0.000750996	0.000390705	
0.000746455	0.000430816	0.000363354	0.000495352	0.000443962	0.000544985	0.000578741	0.000563461	0.000456833	0.000779045	0.000634566	0.000802647	0.000633573	0.000440003	0.000502304	0.000451685	0.000445379	0.000629116	0.000806131	0.000606828	0.000506544	0.000653414	0.000548392	0.000750996	0.000390705	
0.000471895	0.000430816	0.00032845	0.000400304	0.000443962	0.000544985	0.000578741	0.000546675	0.000352077	0.000779045	0.000308426	0.000548888	0.000589111	0.000440003	0.00042191	0.000451685	0.000394999	0.000610933	0.000599694	0.000419765	0.00044286	0.000653414	0.000378844	0.000483488	0.000390705	
0.000471895	0.000408443	0.00032845	0.000308624	0.00044332	0.000544985	0.00045939	0.000488409	0.000352077	0.000691755	0.000308426	0.000548888	0.000499104	0.000440003	0.00042191	0.000451685	0.000394999	0.000427145	0.000599694	0.000419765	0.000377015	0.000653414	0.000378844	0.000363648	0.000390705	
0.000468329	0.000408443	0.00032845	0.000256125	0.00044332	0.000544985	0.00045939	0.000488409	0.000352077	0.000585589	0.000308426	0.000548888	0.000371568	0.000380819	0.000258171	0.000451685	0.000394999	0.000427145	0.000527917	0.000389896	0.000340875	0.000653414	0.000378844	0.000363648	0.000390705	
0.000468329	0.000398158	0.00032845	0.000256125	0.00044332	0.000463852	0.00045939	0.000488409	0.000352077	0.000466077	0.000308426	0.000548888	0.000371568	0.000380819	0.000258171	0.000451685	0.000394999	0.000427145	0.000462127	0.000380921	0.000340875	0.000653414	0.000341911	0.000363648	0.000390705	
0.000468329	0.000298067	0.00030174	0.000256125	0.00044332	0.000463852	0.00045939	0.000444695	0.000352077	0.000466077	0.000308426	0.000414393	0.000353681	0.000297852	0.000258171	0.000388576	0.000394999	0.000395858	0.000337956	0.000380921	0.000303244	0.000653414	0.000341911	0.000363648	0.000286521	
0.000468329	0.000298067	0.000256339	0.000256125	0.000277869	0.000463852	0.000449899	0.00038401	0.000352077	0.000466077	0.000308426	0.000414393	0.000353681	0.000297852	0.000188478	0.000223557	0.000262867	0.000289884	0.000337956	0.000338762	0.000303244	0.000653414	0.000277593	0.000304355	0.000286521	
0.000451472	0.000290294	0.00022206	0.000256125	0.000277869	0.00034229	0.00029383	0.000318159	0.000271199	0.000328988	0.000308426	0.000370445	0.000264855	0.000275883	0.000188478	0.000223557	0.000262867	0.000289884	0.000337956	0.0003007	0.000256492	0.000378526	0.000277593	0.000304355	0.000286521	
0.000322918	0.000212214	0.00022206	0.000256125	0.000277869	0.00034229	0.00029383	0.000318159	0.000271199	0.000260554	0.000308183	0.000181086	0.000264855	0.000275883	0.000188478	0.000223557	0.000200607	0.000289884	0.000337956	0.0003007	0.000256492	0.000378526	0.000244529	0.000304355	0.000233674	
0.000322918	0.000212214	0.000186667	0.0002001	0.000277869	0.00029549	0.00029383	0.000318159	0.000221671	0.000260554	0.000308183	0.000181086	0.000264855	0.000275883	0.000188478	0.000223557	0.000200607	0.000202477	0.000325544	0.0003007	0.000256492	0.000378526	0.000244529	0.000304355	0.000233674	
0.000322918	0.000199032	0.000131614	0.0002001	0.000277869	0.00029549	0.00029383	0.000318159	0.000221671	0.000260554	0.000308183	0.000181086	0.000193361	0.000203186	0.000188478	0.000223557	0.000200607	0.000202477	0.000208662	0.000190311	0.000256492	0.000350197	0.00016314	0.00023687	0.000162993	
0.000322918	0.000147828	0.000131614	0.0002001	0.000254211	0.00029549	0.00029383	0.000252005	0.000205302	0.000260554	0.000246115	0.000181086	0.000193361	0.000203186	0.000186141	0.000223557	0.000200607	0.000202477	0.000208662	0.000190311	0.000190981	0.000350197	0.00016314	0.000226417	0.000162993	
0.000317994	0.000147828	0.000131614	0.0002001	0.000249114	0.00029549	0.000266434	0.000252005	0.000205302	0.000259536	0.000246115	0.000181086	0.000123508	0.000187881	0.000186141	0.000223557	0.000172041	0.000202477	0.000208662	0.000190311	0.000190981	0.000297468	0.00016314	0.000226417	0.000162993	
0.000284742	0.000147828	0.000131614	0.0002001	0.000249114	0.00029549	0.000266434	0.000184853	0.000205302	0.000248063	0.000246115	0.000181086	0.000123508	0.000187881	0.00016131	0.000223557	0.000116616	0.000164806	0.000208662	0.000190311	0.000186369	0.000297468	0.00016314	0.000218914	0.000162993	
0.000284742	0.000147828	0.000131614	0.000178225	0.000239986	0.00029549	0.000253054	0.000170147	0.000172506	0.000201477	0.000246115	0.000181086	0.000123508	0.000146766	0.00011366	0.000173667	0.000116616	0.000144885	0.000201885	0.000166342	0.000176979	0.000294589	0.000155194	0.000165512	0.000157162	
0.000264877	0.000147828	6.12116e-05	0.000170781	0.000182035	0.000252363	0.000236474	0.000170147	0.000169064	0.000201477	0.000246115	0.000181086	0.000123508	0.000146766	0.00011366	0.000173667	0.000116616	0.000137931	0.000201885	0.000135042	0.000176979	0.000294589	0.000112094	0.000165512	0.000157162	
0.000245255	8.96568e-05	6.12116e-05	0.000153273	0.000182035	0.000252363	0.000210385	0.000132245	0.000169064	0.000181298	0.000246115	0.000181086	0.000123508	0.000146766	0.00011366	0.000173667	0.000116616	0.000137931	0.000193056	0.000135042	0.000102421	0.000250091	0.000112094	0.000147799	0.000157162	
0.000221825	8.96568e-05	6.12116e-05	0.00014656	0.000163593	0.000222954	0.000133889	0.000120558	0.000154296	0.000122665	0.000185515	0.00017353	0.000123508	8.64649e-05	0.00011366	0.000173667	0.000116616	0.000137931	0.000193056	0.000135042	0.000102421	0.000164009	0.000112094	0.000122379	0.000139437	
0.000180807	8.96568e-05	6.12116e-05	0.000141944	0.000100471	0.000221776	0.000133889	0.000120558	0.000130298	0.000122665	0.000185515	0.00017353	0.000123508	8.64649e-05	0.00011366	0.000103384	0.000104866	0.000137931	0.000143244	0.000135042	0.000102421	0.000164009	9.62693e-05	0.000122379	0.000129642	
0.000180807	5.39088e-05	6.12116e-05	0.000112378	0.000100471	0.000165183	0.000133889	0.000120558	0.000130298	0.000122665	0.000146016	0.00017353	0.000116198	8.64649e-05	0.000112937	8.03474e-05	0.000104866	0.000123395	0.000117883	0.000109105	0.000102421	0.000164009	6.59411e-05	0.000109603	9.89087e-05	
0.000180807	5.39088e-05	5.39337e-05	0.000112378	0.000100471	0.000165183	0.000130477	0.000116617	0.000113512	9.62943e-05	0.000146016	0.000162552	9.7603e-05	8.64649e-05	8.02799e-05	8.03474e-05	8.64176e-05	0.000123395	9.97525e-05	8.67832e-05	0.000102421	0.000164009	6.59411e-05	0.000109603	9.89087e-05	
0.000173863	5.39088e-05	5.39337e-05	0.000112378	0.000100471	0.000165183	0.000130477	0.000107746	0.000113512	9.62943e-05	0.000146016	0.000125584	9.7603e-05	8.64649e-05	8.02799e-05	8.03474e-05	8.64176e-05	0.000123395	9.97525e-05	8.67832e-05	8.43555e-05	0.000143618	5.63274e-05	0.00010721	9.89087e-05	
9.87732e-05	5.39088e-05	5.39337e-05	7.22016e-05	9.98774e-05	0.000163225	0.000130477	0.000106943	0.00010067	9.62943e-05	0.00012689	0.000125584	9.24256e-05	8.64649e-05	7.75826e-05	8.03474e-05	8.64176e-05	0.000101661	9.97525e-05	8.67832e-05	6.65721e-05	0.000143618	5.63274e-05	0.00010721	9.87301e-05	
9.87732e-05	5.27377e-05	4.08365e-05	7.22016e-05	9.98774e-05	0.000108947	0.000109147	0.000106943	7.95764e-05	9.62943e-05	0.000114016	0.000125584	9.01912e-05	8.64649e-05	7.55879e-05	7.99541e-05	8.64176e-05	0.000101661	9.37523e-05	7.25853e-05	6.65721e-05	0.000143618	5.63274e-05	0.000103144	8.88071e-05	
9.87732e-05	5.27377e-05	4.08365e-05	7.22016e-05	9.70958e-05	0.000108947	8.5374e-05	7.6406e-05	7.95764e-05	8.70096e-05	0.000114016	0.00012491	8.59791e-05	7.4667e-05	6.74253e-05	7.82485e-05	8.64176e-05	8.88628e-05	9.17371e-05	7.25853e-05	6.05407e-05	9.95229e-05	5.63274e-05	8.91319e-05	8.34703e-05	
9.87732e-05	5.27377e-05	3.9738e-05	7.22016e-05	8.36477e-05	0.000108947	8.29966e-05	7.6406e-05	6.32971e-05	8.70096e-05	8.13716e-05	0.00011318	8.59791e-05	7.33771e-05	5.63359e-05	7.065e-05	8.64176e-05	8.88628e-05	9.17371e-05	7.25853e-05	6.05407e-05	9.95229e-05	5.29259e-05	8.91319e-05	8.1071e-05	
9.73543e-05	5.27377e-05	3.9738e-05	6.54063e-05	8.30263e-05	0.000108947	8.29966e-05	7.6406e-05	6.32971e-05	8.70096e-05	8.13716e-05	0.000106235	5.78561e-05	4.29556e-05	5.63359e-05	5.89786e-05	7.73201e-05	8.08512e-05	9.17371e-05	5.97801e-05	6.05407e-05	9.95229e-05	5.29259e-05	8.7332e-05	7.77284e-05	
9.73543e-05	5.27377e-05	3.9738e-05	6.54063e-05	7.08615e-05	9.80919e-05	8.29966e-05	4.40595e-05	6.32971e-05	8.33643e-05	8.13716e-05	7.0501e-05	5.78561e-05	4.29556e-05	5.58437e-05	5.89786e-05	7.09633e-05	8.08512e-05	7.79526e-05	5.97801e-05	6.05407e-05	7.9986e-05	5.29259e-05	7.32591e-05	7.77284e-05	
9.37219e-05	4.03072e-05	3.9738e-05	5.17073e-05	6.30094e-05	9.77126e-05	7.56077e-05	4.40595e-05	5.69674e-05	7.79275e-05	8.13716e-05	7.0501e-05	5.0654e-05	4.29556e-05	4.64748e-05	5.89786e-05	7.09633e-05	5.77849e-05	7.2584e-05	4.74001e-05	5.43144e-05	7.9986e-05	4.9577e-05	6.84037e-05	5.86093e-05	
9.37219e-05	4.03072e-05	3.28324e-05	5.17073e-05	6.30094e-05	8.16045e-05	6.65944e-05	4.40595e-05	4.99047e-05	7.79275e-05	8.13716e-05	7.0501e-05	5.0654e-05	4.29556e-05	4.55602e-05	5.24975e-05	6.44491e-05	5.40173e-05	6.90369e-05	4.74001e-05	4.91893e-05	7.9986e-05	4.9577e-05	4.79147e-05	5.80021e-05	
8.48649e-05	3.48635e-05	2.86851e-05	5.17073e-05	6.30094e-05	6.87867e-05	6.51524e-05	3.90089e-05	4.99047e-05	6.18855e-05	6.86177e-05	7.0501e-05	4.87507e-05	3.92494e-05	4.55602e-05	4.56731e-05	5.09041e-05	4.59379e-05	5.0359e-05	4.74001e-05	4.30915e-05	5.15979e-05	4.61811e-05	4.79147e-05	5.6186e-05	
4.37878e-05	3.48635e-05	2.86851e-05	4.04373e-05	5.87262e-05	6.87867e-05	6.51524e-05	3.34553e-05	4.99047e-05	5.18359e-05	5.22353e-05	7.0501e-05	4.86022e-05	3.92494e-05	4.55602e-05	4.56731e-05	3.65945e-05	4.59379e-05	4.95719e-05	4.74001e-05	4.30915e-05	5.15979e-05	4.61811e-05	3.50014e-05	4.17079e-05	
4.37878e-05	3.16032e-05	1.60595e-05	4.04373e-05	5.25956e-05	6.87867e-05	5.73944e-05	2.86168e-05	4.99047e-05	5.18359e-05	5.22353e-05	6.69166e-05	4.63535e-05	3.83263e-05	4.00495e-05	4.4042e-05	3.65945e-05	4.59379e-05	4.95719e-05	3.258e-05	2.99005e-05	5.15979e-05	4.29569e-05	3.50014e-05	4.17079e-05	
3.62914e-05	3.16032e-05	1.60595e-05	3.64971e-05	4.25747e-05	6.87867e-05	4.25478e-05	2.86168e-05	4.31357e-05	5.15604e-05	5.22353e-05	6.69166e-05	3.75651e-05	3.83263e-05	3.01094e-05	4.4042e-05	3.65945e-05	4.06068e-05	4.45961e-05	3.258e-05	2.51912e-05	5.15979e-05	2.81846e-05	3.50014e-05	4.17079e-05	
3.62914e-05	3.16032e-05	1.60595e-05	3.64971e-05	4.25747e-05	4.9737e-05	3.97198e-05	2.86168e-05	4.30512e-05	5.15604e-05	3.61136e-05	3.99544e-05	3.75651e-05	3.66338e-05	3.01094e-05	3.68362e-05	3.65945e-05	4.06068e-05	3.99377e-05	3.258e-05	2.51912e-05	5.15979e-05	2.81846e-05	2.76015e-05	4.17079e-05	
3.62914e-05	2.61245e-05	1.60595e-05	3.64971e-05	3.56475e-05	4.9737e-05	3.97198e-05	2.46097e-05	3.92757e-05	4.67086e-05	3.61136e-05	3.99544e-05	3.75651e-05	2.65723e-05	2.42728e-05	3.68362e-05	3.1467e-05	3.0646e-05	3.99377e-05	3.258e-05	2.51912e-05	5.15979e-05	2.81846e-05	1.99942e-05	2.98127e-05	
3.62914e-05	2.61245e-05	1.60595e-05	2.8808e-05	3.56475e-05	4.9737e-05	3.97198e-05	2.46097e-05	3.92757e-05	4.419e-05	3.61136e-05	3.73509e-05	2.82379e-05	2.65723e-05	2.42728e-05	2.81443e-05	3.1467e-05	2.42188e-05	3.43798e-05	3.258e-05	2.20368e-05	5.15979e-05	2.81846e-05	1.99942e-05	2.7603e-05	
3.62914e-05	2.13531e-05	1.25574e-05	2.79528e-05	3.29147e-05	4.9737e-05	3.97198e-05	2.06696e-05	2.6299e-05	4.419e-05	3.61136e-05	3.34233e-05	2.82379e-05	2.52304e-05	2.11843e-05	2.81443e-05	2.52001e-05	2.42188e-05	2.7372e-05	3.03813e-05	2.20368e-05	3.86108e-05	2.43523e-05	1.99942e-05	2.7603e-05	
3.62914e-05	2.13531e-05	1.25574e-05	2.79528e-05	3.29147e-05	4.9737e-05	3.74633e-05	2.06696e-05	2.6299e-05	3.75652e-05	3.61136e-05	3.34233e-05	2.82379e-05	2.52304e-05	2.11843e-05	2.81443e-05	2.35684e-05	2.42188e-05	2.7372e-05	3.03813e-05	1.92274e-05	3.86108e-05	1.98699e-05	1.99942e-05	2.74595e-05	
2.03976e-05	2.13531e-05	1.25557e-05	2.79528e-05	2.43857e-05	4.17844e-05	3.70188e-05	2.06696e-05	2.6299e-05	3.75652e-05	3.61136e-05	2.36788e-05	1.6745e-05	1.78033e-05	2.11843e-05	2.81443e-05	2.35684e-05	2.37652e-05	2.23013e-05	2.43221e-05	1.92274e-05	3.86108e-05	1.98699e-05	1.99702e-05	2.27187e-05	
2.03976e-05	1.58895e-05	1.25557e-05	1.60921e-05	2.43857e-05	4.17844e-05	2.61315e-05	2.06696e-05	2.6299e-05	3.60142e-05	3.61136e-05	2.36788e-05	1.6745e-05	1.78033e-05	2.00854e-05	2.07789e-05	2.06097e-05	2.01025e-05	2.1296e-05	2.40237e-05	1.92274e-05	3.652e-05	1.44804e-05	1.99702e-05	2.27187e-05	
2.03976e-05	1.47396e-05	8.36727e-06	1.60921e-05	2.13818e-05	3.54707e-05	2.61315e-05	1.50365e-05	2.46264e-05	2.32913e-05	3.1199e-05	2.33065e-05	1.6745e-05	1.78033e-05	1.61252e-05	2.07789e-05	1.51001e-05	2.01025e-05	2.1296e-05	1.98173e-05	1.92274e-05	2.3575e-05	1.44804e-05	1.99702e-05	2.23376e-05	
1.89348e-05	1.36699e-05	8.36727e-06	1.60921e-05	1.69155e-05	2.26553e-05	2.57934e-05	1.50365e-05	1.8392e-05	2.04998e-05	2.94748e-05	2.33065e-05	1.51493e-05	1.78033e-05	1.61252e-05	1.658e-05	1.51001e-05	2.01025e-05	2.08334e-05	1.91703e-05	1.92274e-05	2.3575e-05	1.44804e-05	1.97905e-05	1.26085e-05	
1.8751e-05	1.36699e-05	8.36727e-06	1.47903e-05	1.46918e-05	2.26553e-05	2.21157e-05	1.23792e-05	1.49473e-05	2.04998e-05	2.70001e-05	2.33065e-05	1.51493e-05	1.65759e-05	1.00886e-05	1.34725e-05	1.51001e-05	1.24111e-05	1.56135e-05	1.91703e-05	1.92274e-05	2.3575e-05	1.22617e-05	1.97905e-05	1.26085e-05	
1.8751e-05	1.17358e-05	8.36727e-06	1.41474e-05	1.46918e-05	2.26553e-05	2.21157e-05	1.23792e-05	1.49473e-05	2.04998e-05	2.70001e-05	2.33065e-05	1.51493e-05	1.62098e-05	1.00886e-05	1.34725e-05	1.21444e-05	1.24111e-05	1.56135e-05	1.69395e-05	1.92274e-05	2.02004e-05	1.22617e-05	1.77604e-05	1.26085e-05	
1.51035e-05	1.17358e-05	6.91468e-06	1.41474e-05	8.42038e-06	1.49476e-05	1.74776e-05	1.19765e-05	1.49473e-05	1.93416e-05	2.10261e-05	2.2193e-05	1.51493e-05	1.62098e-05	1.00886e-05	1.08127e-05	1.20587e-05	1.24111e-05	1.46818e-05	1.69395e-05	1.7167e-05	2.02004e-05	1.22617e-05	1.58671e-05	1.26085e-05	
1.51035e-05	9.96467e-06	5.59203e-06	1.41474e-05	8.42038e-06	1.49476e-05	1.74776e-05	1.19765e-05	1.4595e-05	1.93416e-05	1.9686e-05	1.90759e-05	1.40466e-05	1.44066e-05	1.00886e-05	7.97194e-06	1.11448e-05	1.24111e-05	1.33809e-05	1.66554e-05	1.2709e-05	2.02004e-05	1.22617e-05	1.4844e-05	1.26085e-05	
1.49341e-05	9.96467e-06	5.59203e-06	1.32988e-05	8.42038e-06	1.49476e-05	1.38878e-05	9.34551e-06	1.4595e-05	1.78168e-05	1.9686e-05	1.5442e-05	1.19255e-05	1.44066e-05	1.00886e-05	7.97194e-06	1.11448e-05	1.13231e-05	1.06795e-05	1.21502e-05	1.2709e-05	1.92332e-05	1.22617e-05	1.22155e-05	1.26085e-05	
1.49341e-05	9.96467e-06	5.59203e-06	1.32988e-05	8.42038e-06	1.38418e-05	1.22915e-05	8.24177e-06	1.35089e-05	1.32635e-05	1.61972e-05	1.52539e-05	1.19255e-05	1.15883e-05	1.00886e-05	7.97194e-06	9.37642e-06	1.13231e-05	9.52176e-06	1.21502e-05	1.03043e-05	1.81546e-05	9.24749e-06	1.22155e-05	1.25293e-05	
1.03958e-05	9.96467e-06	5.59203e-06	9.0774e-06	7.29959e-06	1.38418e-05	1.22915e-05	8.24177e-06	1.35089e-05	1.32635e-05	1.61972e-05	1.52539e-05	9.56028e-06	7.03642e-06	1.00886e-05	6.43668e-06	9.37642e-06	1.13231e-05	9.52176e-06	1.21502e-05	1.03043e-05	1.45736e-05	4.84159e-06	9.999e-06	1.25293e-05	
1.03958e-05	7.45349e-06	5.59203e-06	9.0774e-06	7.29959e-06	1.37272e-05	1.22915e-05	8.24177e-06	1.08055e-05	1.30027e-05	1.60889e-05	1.35651e-05	6.32537e-06	7.03642e-06	9.10221e-06	6.43668e-06	8.29453e-06	9.0277e-06	9.52176e-06	1.21502e-05	1.03043e-05	8.69915e-06	4.84159e-06	7.61401e-06	6.48416e-06	
7.68424e-06	7.45349e-06	5.59203e-06	9.0774e-06	7.29959e-06	1.37272e-05	1.10342e-05	6.94765e-06	1.08055e-05	1.30027e-05	1.32155e-05	8.9964e-06	6.32537e-06	7.03642e-06	7.18857e-06	6.43668e-06	7.90938e-06	8.62486e-06	7.31123e-06	9.8473e-06	8.21505e-06	8.69915e-06	4.84159e-06	7.61401e-06	6.48416e-06	
7.68424e-06	7.45349e-06	4.30233e-06	7.22981e-06	7.29959e-06	1.37272e-05	1.09371e-05	6.94765e-06	9.91593e-06	1.01468e-05	1.32155e-05	8.9964e-06	6.32537e-06	7.03642e-06	7.00041e-06	6.43668e-06	7.90938e-06	8.30016e-06	6.61663e-06	9.37282e-06	7.57333e-06	8.69915e-06	4.84159e-06	5.65431e-06	6.48416e-06	
7.68424e-06	5.48368e-06	4.30233e-06	7.22981e-06	5.24366e-06	1.28199e-05	9.77666e-06	6.94765e-06	9.91593e-06	8.17932e-06	1.25797e-05	8.27492e-06	6.32537e-06	4.94098e-06	7.00041e-06	6.14952e-06	7.20361e-06	7.97869e-06	6.61663e-06	6.08367e-06	6.62449e-06	8.58858e-06	4.84159e-06	5.56137e-06	6.48416e-06	
7.68424e-06	5.48368e-06	4.30233e-06	7.22981e-06	5.24366e-06	1.18337e-05	9.19574e-06	6.94765e-06	8.53548e-06	8.17932e-06	9.55729e-06	8.27492e-06	6.32537e-06	4.94098e-06	6.29171e-06	4.69649e-06	4.9298e-06	6.12159e-06	5.62642e-06	6.08367e-06	5.4813e-06	8.06613e-06	4.84159e-06	5.56137e-06	6.48416e-06	
7.68424e-06	4.80157e-06	4.30233e-06	7.22981e-06	5.24366e-06	1.18337e-05	7.15087e-06	6.91971e-06	7.29925e-06	7.63569e-06	9.55729e-06	8.08552e-06	5.15014e-06	4.94098e-06	6.29171e-06	4.69649e-06	4.9298e-06	5.33665e-06	5.62642e-06	6.08367e-06	4.15264e-06	8.06613e-06	4.84159e-06	5.32158e-06	5.28446e-06	
7.68424e-06	4.35062e-06	3.65497e-06	4.73831e-06	5.24366e-06	1.01222e-05	7.15087e-06	4.57851e-06	7.29925e-06	6.19492e-06	7.62856e-06	8.08552e-06	5.15014e-06	4.94098e-06	6.29171e-06	4.69649e-06	4.9298e-06	4.53342e-06	5.62642e-06	5.25205e-06	4.15264e-06	6.99427e-06	4.84159e-06	5.32158e-06	5.06266e-06	
7.68424e-06	4.35062e-06	3.01065e-06	4.73831e-06	5.24366e-06	1.01222e-05	7.15087e-06	4.57851e-06	5.10896e-06	6.19492e-06	7.62856e-06	7.10049e-06	5.15014e-06	4.94098e-06	4.57513e-06	4.69649e-06	3.0665e-06	3.82878e-06	4.55186e-06	5.25205e-06	4.15264e-06	6.99427e-06	4.84159e-06	5.32158e-06	5.06266e-06	
6.94086e-06	3.71061e-06	3.01065e-06	4.73831e-06	5.24366e-06	9.79177e-06	5.43574e-06	3.94544e-06	5.10896e-06	6.08878e-06	7.62856e-06	7.10049e-06	4.52812e-06	4.36385e-06	4.57513e-06	4.13807e-06	3.0665e-06	3.66189e-06	2.95133e-06	5.25205e-06	4.15264e-06	5.83552e-06	4.78194e-06	4.2961e-06	5.06266e-06	
4.88413e-06	3.71061e-06	2.21241e-06	4.42892e-06	4.20653e-06	9.60214e-06	4.2817e-06	2.80226e-06	4.59474e-06	4.61616e-06	5.96046e-06	7.10049e-06	3.28166e-06	4.36385e-06	4.57513e-06	4.13807e-06	3.0665e-06	2.7989e-06	2.95133e-06	5.25205e-06	3.56721e-06	4.93952e-06	4.78194e-06	4.2961e-06	3.53167e-06	
4.88413e-06	3.68518e-06	2.21241e-06	3.7349e-06	4.07682e-06	6.33439e-06	4.2817e-06	2.80226e-06	4.59474e-06	4.61616e-06	5.62581e-06	5.62656e-06	3.28166e-06	3.04436e-06	3.82766e-06	3.92449e-06	3.0665e-06	2.7989e-06	2.95133e-06	5.19874e-06	3.22624e-06	4.93952e-06	3.80043e-06	4.14767e-06	3.53167e-06	
4.24898e-06	2.25666e-06	1.61191e-06	3.7349e-06	4.07682e-06	6.33439e-06	4.2817e-06	2.80226e-06	4.59474e-06	4.61616e-06	5.11011e-06	5.49798e-06	3.28166e-06	3.04436e-06	3.82766e-06	2.00956e-06	2.88495e-06	2.00445e-06	2.95133e-06	5.19874e-06	3.22624e-06	4.09299e-06	3.65939e-06	3.32319e-06	3.53167e-06	
4.24898e-06	2.25666e-06	1.61191e-06	3.7349e-06	2.84039e-06	5.37294e-06	4.2817e-06	2.80226e-06	4.53514e-06	4.61616e-06	5.11011e-06	5.35952e-06	3.28166e-06	3.04436e-06	3.33411e-06	2.00956e-06	2.88495e-06	2.00445e-06	2.95133e-06	5.12997e-06	3.22624e-06	3.01728e-06	2.1327e-06	3.32319e-06	2.74783e-06	
4.24898e-06	2.25666e-06	1.45603e-06	3.69655e-06	2.83678e-06	4.94959e-06	4.2817e-06	2.80226e-06	4.12877e-06	4.17255e-06	5.11011e-06	4.94291e-06	2.68612e-06	3.04436e-06	3.08129e-06	2.00956e-06	2.88495e-06	2.00445e-06	2.93438e-06	4.5472e-06	2.86774e-06	3.01728e-06	2.1327e-06	3.32319e-06	2.74783e-06	
4.24898e-06	2.25666e-06	1.45603e-06	2.67385e-06	2.83678e-06	4.94959e-06	3.24369e-06	2.75694e-06	4.12877e-06	4.17255e-06	5.11011e-06	4.04602e-06	2.25096e-06	2.10994e-06	2.32139e-06	2.00956e-06	2.88495e-06	2.00445e-06	2.36299e-06	3.85902e-06	2.52277e-06	3.01728e-06	2.1327e-06	2.60219e-06	2.69871e-06	
4.02668e-06	2.25666e-06	1.45603e-06	2.67385e-06	1.56591e-06	3.77607e-06	3.24369e-06	2.52259e-06	3.81576e-06	2.72301e-06	4.79637e-06	3.9876e-06	2.25096e-06	2.10994e-06	2.32139e-06	2.00956e-06	2.39071e-06	2.00445e-06	1.99985e-06	3.85902e-06	2.52277e-06	3.01728e-06	2.1327e-06	2.20245e-06	2.68549e-06	
2.75393e-06	2.09921e-06	1.23864e-06	2.67385e-06	1.56591e-06	3.77607e-06	3.24369e-06	2.39724e-06	2.75858e-06	2.72301e-06	4.37186e-06	3.9876e-06	2.25096e-06	2.10994e-06	2.32139e-06	2.00956e-06	2.39071e-06	2.00445e-06	1.46831e-06	3.61856e-06	2.34198e-06	2.1881e-06	2.1327e-06	2.08906e-06	2.10954e-06	
2.75393e-06	1.88353e-06	1.23864e-06	1.87461e-06	1.56591e-06	3.77607e-06	3.1589e-06	2.36319e-06	2.35458e-06	2.7177e-06	3.44185e-06	3.00656e-06	2.24334e-06	1.5279e-06	1.99488e-06	1.9832e-06	2.01125e-06	1.93693e-06	1.46831e-06	3.10464e-06	2.1147e-06	2.1881e-06	1.85908e-06	2.03035e-06	2.10766e-06	
2.75393e-06	1.88353e-06	1.23864e-06	1.87461e-06	1.56591e-06	3.77607e-06	2.17235e-06	2.36319e-06	2.35458e-06	2.36323e-06	2.9321e-06	3.00656e-06	1.77987e-06	1.5279e-06	1.5904e-06	1.79277e-06	1.89844e-06	1.93693e-06	1.46831e-06	2.60923e-06	1.93826e-06	1.84999e-06	1.85908e-06	1.95823e-06	1.14799e-06	
2.54451e-06	9.81799e-07	1.23864e-06	1.87461e-06	1.56591e-06	3.77607e-06	2.17235e-06	2.19402e-06	2.35458e-06	2.36323e-06	2.9321e-06	3.00656e-06	1.45291e-06	1.28347e-06	1.5904e-06	1.79277e-06	1.12106e-06	1.42377e-06	1.45795e-06	2.584e-06	1.93826e-06	1.84999e-06	1.59557e-06	1.73054e-06	1.14799e-06	
1.5689e-06	9.81799e-07	1.23864e-06	1.80146e-06	1.56591e-06	2.94669e-06	2.17235e-06	1.50556e-06	2.35458e-06	2.23733e-06	2.9321e-06	2.89957e-06	1.17918e-06	1.28347e-06	1.5904e-06	1.63991e-06	1.12106e-06	1.42377e-06	1.45795e-06	2.46834e-06	1.78847e-06	1.73247e-06	1.42796e-06	1.66983e-06	1.14799e-06	
1.5689e-06	9.81799e-07	1.09436e-06	1.80146e-06	1.55803e-06	2.94669e-06	2.17235e-06	1.47044e-06	1.86581e-06	2.23733e-06	2.76026e-06	1.59816e-06	1.17918e-06	1.28347e-06	1.5904e-06	1.43398e-06	8.65023e-07	1.42377e-06	1.16855e-06	2.32815e-06	1.2416e-06	1.19462e-06	1.42796e-06	1.35708e-06	7.38897e-07	
1.33526e-06	9.81799e-07	1.09436e-06	1.80146e-06	1.32721e-06	1.45699e-06	1.39919e-06	1.47044e-06	1.86581e-06	1.58685e-06	1.8153e-06	1.59816e-06	1.17918e-06	1.28347e-06	1.5904e-06	1.13324e-06	8.65023e-07	1.42377e-06	8.14165e-07	2.14344e-06	1.14387e-06	1.19462e-06	1.29198e-06	9.99852e-07	6.73942e-07	
1.11805e-06	8.48951e-07	1.05067e-06	1.37226e-06	1.08105e-06	1.45699e-06	1.38634e-06	1.25556e-06	1.83182e-06	1.37413e-06	1.8153e-06	1.59816e-06	1.17918e-06	1.05791e-06	1.51851e-06	1.13324e-06	8.65023e-07	1.3529e-06	8.14165e-07	2.14344e-06	1.14387e-06	1.19436e-06	1.20305e-06	9.99852e-07	6.73942e-07	
1.11805e-06	8.1994e-07	8.94097e-07	1.31668e-06	1.08105e-06	1.45699e-06	1.38634e-06	1.25556e-06	1.69769e-06	1.36861e-06	1.8153e-06	1.59816e-06	9.82071e-07	1.03343e-06	1.22607e-06	1.01838e-06	8.65023e-07	1.21641e-06	6.9086e-07	1.67244e-06	8.38789e-07	1.19436e-06	8.14741e-07	9.99852e-07	6.73942e-07	
1.11805e-06	8.06462e-07	8.94097e-07	1.31668e-06	1.08105e-06	1.45699e-06	1.00454e-06	1.25556e-06	1.4319e-06	1.36105e-06	1.56427e-06	1.59816e-06	8.20038e-07	9.1689e-07	1.22607e-06	1.01838e-06	8.65023e-07	9.9827e-07	6.9086e-07	1.41103e-06	8.38789e-07	1.10381e-06	8.14741e-07	8.10382e-07	6.73942e-07	
1.11805e-06	7.03595e-07	6.88207e-07	1.15153e-06	1.07274e-06	1.45699e-06	1.00454e-06	1.09682e-06	7.87409e-07	1.17546e-06	1.4351e-06	1.37369e-06	8.20038e-07	6.24517e-07	1.22607e-06	7.90237e-07	8.52914e-07	9.02761e-07	6.9086e-07	1.41103e-06	8.38789e-07	7.77773e-07	8.14741e-07	8.10382e-07	6.73942e-07	
1.11805e-06	7.03595e-07	6.65523e-07	1.15153e-06	1.04275e-06	1.45699e-06	1.00454e-06	9.82581e-07	7.87409e-07	1.15884e-06	1.4351e-06	1.37369e-06	8.20038e-07	5.93301e-07	9.87908e-07	7.90237e-07	8.52914e-07	9.02761e-07	6.87583e-07	1.3141e-06	8.38789e-07	7.77773e-07	7.36712e-07	8.10382e-07	5.43663e-07	
1.11805e-06	5.54206e-07	4.90781e-07	1.02101e-06	7.62768e-07	1.45699e-06	1.00454e-06	7.2439e-07	7.87409e-07	1.04965e-06	1.39322e-06	1.22184e-06	5.39113e-07	5.93301e-07	9.47336e-07	7.90237e-07	7.58555e-07	5.31874e-07	5.57078e-07	8.88007e-07	8.38789e-07	7.77773e-07	5.93592e-07	7.45423e-07	5.43663e-07	
9.15913e-07	5.54206e-07	4.90781e-07	6.59278e-07	7.62768e-07	1.45699e-06	1.00454e-06	7.2439e-07	7.87409e-07	6.38789e-07	1.30418e-06	1.19579e-06	5.39113e-07	5.93301e-07	8.41802e-07	7.90237e-07	7.58555e-07	5.31874e-07	5.08622e-07	8.30889e-07	8.38789e-07	7.77773e-07	5.93592e-07	4.1506e-07	5.43663e-07	
8.01334e-07	3.68959e-07	4.90781e-07	6.59278e-07	6.17655e-07	1.45699e-06	1.00454e-06	5.79149e-07	7.87409e-07	6.38789e-07	1.06187e-06	1.11323e-06	5.39113e-07	5.65529e-07	4.94129e-07	6.97269e-07	5.67365e-07	5.07265e-07	5.08622e-07	8.30889e-07	8.38789e-07	7.73609e-07	5.47956e-07	4.1506e-07	4.13184e-07	
7.61987e-07	2.11538e-07	4.90781e-07	6.59278e-07	5.44526e-07	1.22318e-06	8.27581e-07	5.79149e-07	7.87409e-07	3.41112e-07	1.05627e-06	7.07705e-07	5.39113e-07	5.65529e-07	4.94129e-07	6.97269e-07	5.67365e-07	5.07265e-07	5.08622e-07	7.56966e-07	7.68877e-07	7.73609e-07	4.71308e-07	4.1506e-07	4.13184e-07	
7.61987e-07	2.11538e-07	3.65029e-07	6.59278e-07	5.44526e-07	1.16045e-06	7.7752e-07	5.79149e-07	7.87409e-07	3.41112e-07	1.05627e-06	7.07705e-07	5.01155e-07	4.30472e-07	4.94129e-07	5.83e-07	5.05792e-07	3.92279e-07	5.08622e-07	7.19719e-07	5.55709e-07	5.89078e-07	2.93394e-07	4.1506e-07	4.13184e-07	
4.15357e-07	1.93865e-07	3.42936e-07	6.59278e-07	5.44526e-07	1.16045e-06	6.1702e-07	4.41155e-07	7.67314e-07	3.41112e-07	8.60378e-07	7.07705e-07	3.59565e-07	4.26947e-07	4.94129e-07	5.83e-07	3.56428e-07	3.92279e-07	3.8762e-07	7.19719e-07	5.55709e-07	5.89078e-07	2.93394e-07	3.48202e-07	4.13184e-07	
4.15357e-07	1.93865e-07	3.00829e-07	6.42353e-07	5.44526e-07	7.6609e-07	6.1702e-07	3.69201e-07	6.80033e-07	3.41112e-07	5.84958e-07	6.54249e-07	3.00842e-07	2.87484e-07	4.94129e-07	5.83e-07	3.56428e-07	3.92279e-07	3.69995e-07	7.19719e-07	5.55709e-07	5.28219e-07	2.93394e-07	3.48202e-07	2.69769e-07	
4.15357e-07	1.93865e-07	3.00829e-07	4.65115e-07	4.01037e-07	7.61364e-07	6.1702e-07	3.69201e-07	6.80024e-07	3.41112e-07	5.84958e-07	6.54249e-07	1.67045e-07	2.87484e-07	4.94129e-07	5.22539e-07	3.56428e-07	3.87054e-07	3.69995e-07	7.19719e-07	4.72091e-07	4.20273e-07	2.93394e-07	3.48202e-07	2.38849e-07	
4.15357e-07	1.93865e-07	2.26735e-07	3.25551e-07	3.11974e-07	7.47383e-07	6.1702e-07	3.69201e-07	5.03191e-07	3.41112e-07	5.84958e-07	5.27601e-07	1.67045e-07	2.87484e-07	4.94129e-07	5.04607e-07	3.56428e-07	3.87054e-07	3.44808e-07	5.7295e-07	3.53531e-07	4.20273e-07	2.93394e-07	3.34904e-07	2.13135e-07	
4.15357e-07	1.93865e-07	2.26735e-07	3.25551e-07	3.11974e-07	7.47383e-07	6.1702e-07	3.69201e-07	4.05463e-07	3.41112e-07	5.84958e-07	5.27601e-07	1.67045e-07	2.73312e-07	3.20725e-07	4.0155e-07	3.1041e-07	3.0824e-07	3.44808e-07	5.7295e-07	3.53531e-07	3.32853e-07	2.93394e-07	3.21065e-07	1.88929e-07	
4.15357e-07	1.93865e-07	1.79481e-07	3.25551e-07	3.11974e-07	6.78662e-07	5.52988e-07	3.69201e-07	4.05463e-07	3.41112e-07	4.30731e-07	4.03549e-07	1.67045e-07	2.73312e-07	3.20725e-07	4.0155e-07	2.97918e-07	3.0824e-07	3.18996e-07	5.37801e-07	3.06443e-07	2.56995e-07	2.93394e-07	2.37701e-07	1.85668e-07	
3.69941e-07	1.93865e-07	1.79481e-07	2.41883e-07	2.41904e-07	6.0895e-07	4.52843e-07	3.69201e-07	4.05463e-07	3.41112e-07	4.30731e-07	4.03549e-07	1.30813e-07	2.53701e-07	3.20725e-07	3.22369e-07	2.97918e-07	1.57271e-07	2.85337e-07	4.18035e-07	3.06443e-07	2.56995e-07	2.52796e-07	2.37701e-07	1.39313e-07	
3.69941e-07	1.93865e-07	1.79481e-07	2.41883e-07	2.41904e-07	6.0895e-07	4.52843e-07	3.27653e-07	3.35101e-07	3.01953e-07	3.75832e-07	4.03549e-07	1.30813e-07	2.33092e-07	2.84596e-07	3.22369e-07	2.49471e-07	1.57271e-07	2.36228e-07	4.18035e-07	2.5462e-07	2.56995e-07	1.76218e-07	2.37701e-07	1.39313e-07	
2.96195e-07	1.83994e-07	1.69742e-07	2.41883e-07	2.41904e-07	6.0895e-07	3.88942e-07	2.50213e-07	2.32738e-07	2.23363e-07	3.56639e-07	3.42235e-07	1.30813e-07	2.33092e-07	2.84596e-07	2.69358e-07	2.49471e-07	1.57271e-07	2.36228e-07	3.97164e-07	2.38006e-07	2.20496e-07	1.63562e-07	2.21735e-07	1.39313e-07	
2.35248e-07	1.60348e-07	1.45758e-07	1.73586e-07	2.36287e-07	4.83416e-07	3.15084e-07	2.33786e-07	2.32738e-07	2.23363e-07	3.56639e-07	2.22742e-07	1.30813e-07	1.82047e-07	2.31346e-07	2.40862e-07	2.30574e-07	1.57271e-07	1.72978e-07	3.97164e-07	2.24973e-07	2.20496e-07	1.58536e-07	1.98147e-07	1.39313e-07	
2.35248e-07	1.27776e-07	1.45758e-07	1.73586e-07	1.8312e-07	4.83416e-07	3.12664e-07	1.98039e-07	2.32738e-07	2.23363e-07	3.20272e-07	2.22742e-07	1.30813e-07	1.60354e-07	2.31346e-07	1.96453e-07	2.02862e-07	1.57271e-07	1.72978e-07	3.19175e-07	2.04936e-07	2.20496e-07	1.58536e-07	1.98147e-07	1.30537e-07	
2.07624e-07	1.16331e-07	1.45758e-07	1.73586e-07	1.50047e-07	4.83416e-07	2.19975e-07	1.85259e-07	2.32738e-07	2.23363e-07	2.58545e-07	2.22742e-07	1.20297e-07	1.49275e-07	2.31346e-07	1.96453e-07	2.02862e-07	1.57271e-07	1.72749e-07	3.03724e-07	2.04936e-07	1.99146e-07	1.58536e-07	1.50215e-07	1.30537e-07	
2.07624e-07	9.96269e-08	1.40763e-07	1.53242e-07	1.27073e-07	4.00825e-07	2.19975e-07	1.85259e-07	2.32738e-07	2.23363e-07	1.79128e-07	1.80528e-07	1.20297e-07	1.49275e-07	1.63546e-07	1.6576e-07	1.53633e-07	1.55818e-07	1.54244e-07	2.96517e-07	1.67523e-07	1.99146e-07	1.58536e-07	1.22003e-07	1.25986e-07	
1.534e-07	9.96269e-08	1.3337e-07	1.53242e-07	1.08242e-07	4.00825e-07	2.19975e-07	8.6481e-08	1.96683e-07	2.05378e-07	1.79128e-07	1.80528e-07	9.51782e-08	1.49275e-07	1.63546e-07	1.6576e-07	1.25814e-07	1.11383e-07	1.05338e-07	2.37448e-07	1.67523e-07	1.74347e-07	1.58292e-07	1.22003e-07	1.04517e-07	
1.534e-07	8.94115e-08	1.28368e-07	1.53242e-07	1.08242e-07	3.35032e-07	2.19975e-07	8.6481e-08	1.83698e-07	1.86449e-07	1.78234e-07	1.80528e-07	9.51782e-08	1.12121e-07	1.63546e-07	1.65722e-07	1.25814e-07	1.11383e-07	1.05338e-07	2.37448e-07	1.55994e-07	1.74347e-07	1.27302e-07	1.00857e-07	6.44935e-08	
1.534e-07	8.37322e-08	1.15528e-07	1.53242e-07	1.08242e-07	2.73556e-07	1.97373e-07	8.6481e-08	1.77918e-07	1.81288e-07	1.78234e-07	1.67426e-07	9.29979e-08	1.12121e-07	1.45022e-07	1.47762e-07	8.71346e-08	1.11383e-07	1.05338e-07	2.28616e-07	1.55994e-07	1.54368e-07	1.26278e-07	8.07247e-08	6.44935e-08	
1.15894e-07	8.37322e-08	1.01571e-07	1.28247e-07	1.04065e-07	2.73556e-07	1.97373e-07	6.85414e-08	1.77918e-07	1.54638e-07	1.29774e-07	1.67426e-07	8.85923e-08	8.41421e-08	1.3708e-07	1.474e-07	8.71346e-08	9.79455e-08	1.05338e-07	2.22929e-07	1.088e-07	1.54368e-07	9.06505e-08	8.07247e-08	6.44935e-08	
1.15894e-07	6.88775e-08	9.81505e-08	1.28247e-07	1.04065e-07	2.73556e-07	1.97373e-07	6.85414e-08	1.68709e-07	1.54638e-07	1.29774e-07	1.59491e-07	5.8721e-08	8.41421e-08	1.3708e-07	1.38678e-07	8.71346e-08	9.56194e-08	1.05338e-07	1.98229e-07	1.088e-07	1.05235e-07	9.06505e-08	8.07247e-08	6.1352e-08	
8.87276e-08	6.88775e-08	9.81505e-08	1.18529e-07	1.00554e-07	2.56986e-07	1.59698e-07	6.85414e-08	1.56318e-07	1.51297e-07	1.29774e-07	1.40476e-07	5.31476e-08	7.45151e-08	1.00886e-07	1.36314e-07	8.71346e-08	6.24807e-08	8.53053e-08	1.51767e-07	8.65895e-08	1.05235e-07	6.42701e-08	7.51501e-08	6.01507e-08	
8.87276e-08	4.80945e-08	7.30116e-08	1.08962e-07	9.61998e-08	2.18037e-07	1.59698e-07	6.85414e-08	1.18551e-07	1.31883e-07	1.16115e-07	1.18773e-07	5.1441e-08	7.45151e-08	1.00886e-07	1.36314e-07	8.71346e-08	5.65534e-08	7.24006e-08	1.28736e-07	8.65895e-08	1.05235e-07	6.42701e-08	6.88565e-08	6.01507e-08	
8.87276e-08	4.80945e-08	7.30116e-08	9.60447e-08	7.19212e-08	1.90463e-07	1.4811e-07	6.85414e-08	9.95288e-08	1.22433e-07	8.08766e-08	1.17961e-07	5.1441e-08	7.45151e-08	8.77947e-08	1.10142e-07	7.15e-08	5.65534e-08	6.18273e-08	1.21627e-07	6.9214e-08	1.05235e-07	5.99013e-08	5.89927e-08	4.82024e-08	
5.89549e-08	4.80945e-08	6.73854e-08	6.84838e-08	7.19212e-08	1.88492e-07	1.4811e-07	6.85414e-08	9.95288e-08	9.06859e-08	7.82299e-08	9.84802e-08	5.1441e-08	7.45151e-08	8.77947e-08	1.10142e-07	7.15e-08	5.65534e-08	4.71098e-08	1.17879e-07	6.76824e-08	1.05235e-07	5.99013e-08	4.7567e-08	4.73625e-08	
5.89549e-08	4.80945e-08	6.73854e-08	6.84838e-08	7.19212e-08	1.64693e-07	1.25462e-07	5.62878e-08	9.95288e-08	9.06859e-08	7.82299e-08	9.29971e-08	5.0812e-08	5.84267e-08	7.37959e-08	1.09193e-07	7.15e-08	5.65534e-08	4.71098e-08	9.81274e-08	6.76824e-08	9.10185e-08	5.99013e-08	4.7567e-08	3.81253e-08	
4.49819e-08	2.81375e-08	5.57717e-08	5.42145e-08	7.19212e-08	1.5914e-07	1.25462e-07	5.32916e-08	9.95288e-08	7.82183e-08	6.52026e-08	8.46048e-08	5.0812e-08	5.84267e-08	7.37959e-08	1.03328e-07	6.02467e-08	5.65534e-08	4.71098e-08	9.81274e-08	5.5559e-08	7.65465e-08	5.99013e-08	4.68459e-08	3.64523e-08	
4.49819e-08	2.81375e-08	5.57717e-08	5.42145e-08	5.69343e-08	1.48633e-07	9.44447e-08	4.10261e-08	9.39053e-08	6.32456e-08	4.58006e-08	8.46048e-08	4.56186e-08	4.74826e-08	5.11831e-08	7.88552e-08	4.75206e-08	4.85139e-08	4.71098e-08	9.22527e-08	5.5559e-08	7.51148e-08	4.69264e-08	4.5339e-08	3.2834e-08	
4.49819e-08	2.81375e-08	4.90285e-08	5.42145e-08	5.69343e-08	1.3862e-07	5.87823e-08	4.10261e-08	8.81357e-08	6.32456e-08	4.58006e-08	7.17126e-08	3.31395e-08	4.74826e-08	5.11831e-08	7.02858e-08	4.75206e-08	4.1578e-08	4.71098e-08	8.87968e-08	5.5559e-08	7.28344e-08	4.34625e-08	3.37492e-08	3.19543e-08	
4.49819e-08	2.63502e-08	3.3906e-08	5.42145e-08	4.95629e-08	1.3322e-07	5.87823e-08	2.2818e-08	6.28932e-08	6.32456e-08	4.0095e-08	6.9688e-08	3.31395e-08	2.76733e-08	4.91175e-08	6.94916e-08	3.92325e-08	3.10532e-08	4.30152e-08	7.29191e-08	5.5559e-08	7.28344e-08	4.07622e-08	3.37492e-08	3.19543e-08	
4.37772e-08	2.63502e-08	3.3906e-08	4.93479e-08	4.08541e-08	1.30285e-07	5.87823e-08	2.2818e-08	6.28932e-08	5.1085e-08	4.0095e-08	5.41998e-08	3.31395e-08	2.76733e-08	4.64686e-08	6.54724e-08	3.49713e-08	3.10532e-08	4.24259e-08	6.13847e-08	4.44539e-08	6.69326e-08	2.85793e-08	3.29727e-08	2.66492e-08	
2.87656e-08	2.63502e-08	3.3906e-08	3.95139e-08	4.08541e-08	1.09384e-07	5.34668e-08	2.2818e-08	6.28932e-08	5.1085e-08	4.0095e-08	5.41998e-08	3.31395e-08	2.76733e-08	3.66732e-08	5.77822e-08	3.49713e-08	2.28416e-08	3.82406e-08	6.13847e-08	4.01303e-08	6.62631e-08	2.85793e-08	2.87498e-08	2.56164e-08	
2.87656e-08	2.63502e-08	3.24827e-08	3.79874e-08	3.50946e-08	9.80538e-08	5.34668e-08	2.2818e-08	6.28932e-08	4.50676e-08	4.0095e-08	5.41998e-08	1.92304e-08	2.76733e-08	3.66732e-08	5.77822e-08	3.47089e-08	2.28416e-08	3.46001e-08	5.41569e-08	3.75907e-08	5.99715e-08	2.73905e-08	2.16963e-08	2.0533e-08	
2.87656e-08	2.32668e-08	3.24827e-08	3.79874e-08	2.92356e-08	8.72531e-08	3.86028e-08	2.2818e-08	5.72454e-08	4.09322e-08	3.44239e-08	5.41998e-08	1.92304e-08	2.76733e-08	3.66732e-08	4.60544e-08	3.25613e-08	2.28416e-08	2.57256e-08	5.41569e-08	3.18632e-08	4.05726e-08	1.94105e-08	2.16963e-08	2.0533e-08	
2.87656e-08	2.27896e-08	2.34299e-08	3.60967e-08	2.7284e-08	7.16392e-08	3.86028e-08	1.96351e-08	4.10329e-08	4.09322e-08	3.20667e-08	4.46541e-08	1.92304e-08	2.73812e-08	2.93622e-08	4.60544e-08	3.25613e-08	2.28416e-08	2.53011e-08	4.14466e-08	3.18632e-08	4.05726e-08	1.94105e-08	2.16963e-08	1.86664e-08	
2.32616e-08	1.8041e-08	2.15055e-08	2.58173e-08	1.614e-08	5.57187e-08	3.86028e-08	1.96351e-08	4.10329e-08	3.73665e-08	3.20667e-08	4.04545e-08	1.92304e-08	1.8136e-08	2.6554e-08	3.75192e-08	2.57042e-08	1.60435e-08	2.0172e-08	4.08531e-08	2.58743e-08	4.05726e-08	1.86386e-08	1.74159e-08	1.73974e-08	
1.69142e-08	1.52118e-08	2.15055e-08	2.58173e-08	1.614e-08	5.10547e-08	3.86028e-08	1.40859e-08	3.74988e-08	3.13946e-08	2.26382e-08	3.919e-08	1.92304e-08	1.8136e-08	2.19043e-08	2.73212e-08	2.29733e-08	1.60435e-08	2.0172e-08	3.6645e-08	2.42453e-08	3.65255e-08	1.58569e-08	1.74159e-08	1.6063e-08	
1.69142e-08	1.52118e-08	1.90659e-08	2.58173e-08	1.614e-08	5.00782e-08	3.86028e-08	1.40859e-08	3.3255e-08	3.13946e-08	2.06896e-08	3.55609e-08	1.48898e-08	1.8136e-08	2.05563e-08	2.73212e-08	1.49521e-08	1.60435e-08	1.01968e-08	3.42686e-08	2.42453e-08	3.65255e-08	1.58569e-08	1.74159e-08	1.55201e-08	
1.42693e-08	1.25826e-08	1.62407e-08	2.58173e-08	1.614e-08	3.571e-08	3.76818e-08	1.40859e-08	3.3255e-08	2.74993e-08	2.06896e-08	3.2369e-08	1.48898e-08	1.76009e-08	2.05563e-08	2.73212e-08	1.49521e-08	1.31007e-08	1.01968e-08	3.30861e-08	2.17486e-08	2.88529e-08	1.58569e-08	1.46309e-08	1.2302e-08	
1.42693e-08	1.25826e-08	1.50662e-08	2.35867e-08	1.27341e-08	3.571e-08	2.69271e-08	0	2.79547e-08	2.74993e-08	1.77286e-08	2.57254e-08	1.20648e-08	1.76009e-08	1.80719e-08	2.73212e-08	1.04777e-08	1.31007e-08	1.01968e-08	2.31188e-08	2.17486e-08	2.88529e-08	1.3137e-08	1.01061e-08	1.2302e-08	
1.42693e-08	1.14695e-08	1.26739e-08	1.76012e-08	1.27341e-08	3.571e-08	2.69271e-08	0	2.27794e-08	2.42323e-08	1.73259e-08	2.27929e-08	1.05753e-08	1.76009e-08	1.53547e-08	2.42541e-08	1.04777e-08	1.19011e-08	1.01968e-08	2.31188e-08	1.84729e-08	2.5793e-08	1.03484e-08	1.01061e-08	1.02438e-08	
1.25927e-08	0	1.26739e-08	1.48619e-08	1.26528e-08	3.3065e-08	2.46332e-08	0	2.14818e-08	1.63713e-08	1.53029e-08	2.18068e-08	1.05753e-08	1.62201e-08	1.4663e-08	1.35099e-08	1.04777e-08	1.19011e-08	1.01968e-08	1.79744e-08	1.39373e-08	2.45078e-08	1.03484e-08	0	1.02438e-08	
1.1663e-08	0	1.11927e-08	1.27633e-08	0	2.78098e-08	2.46332e-08	0	2.03271e-08	1.56472e-08	1.53029e-08	2.05e-08	0	1.31339e-08	1.28493e-08	1.35099e-08	1.04777e-08	1.19011e-08	0	1.79744e-08	1.39373e-08	2.19488e-08	0	0	0	
1.09257e-08	0	0	1.27633e-08	0	2.70725e-08	2.33514e-08	0	1.5432e-08	1.56472e-08	1.31687e-08	1.8271e-08	0	1.31339e-08	1.22384e-08	1.35099e-08	0	1.04511e-08	0	1.71132e-08	1.12123e-08	2.19241e-08	0	0	0	
1.02378e-08	0	0	1.12375e-08	0	2.21727e-08	2.30734e-08	0	1.2064e-08	1.44266e-08	0	1.58323e-08	0	0	1.22384e-08	1.35099e-08	0	0	0	1.71132e-08	1.01728e-08	1.69772e-08	0	0	0	
1.01422e-08	0	0	1.12375e-08	0	1.81713e-08	2.05818e-08	0	1.05247e-08	0	0	1.58323e-08	0	0	0	1.1951e-08	0	0	0	1.39321e-08	0	1.69772e-08	0	0	0	
1.01422e-08	0	0	1.12375e-08	0	1.56937e-08	1.48468e-08	0	1.05247e-08	0	0	1.17589e-08	0	0	0	1.19349e-08	0	0	0	1.39321e-08	0	1.6816e-08	0	0	0	
0	0	0	1.10472e-08	0	1.30087e-08	1.38663e-08	0	0	0	0	1.13426e-08	0	0	0	1.19349e-08	0	0	0	1.2976e-08	0	1.38415e-08	0	0	0	
0	0	0	0	0	1.22175e-08	1.1442e-08	0	0	0	0	1.13426e-08	0	0	0	0	0	0	0	0	0	1.3296e-08	0	0	0	
0	0	0	0	0	1.22175e-08	1.04772e-08	0	0	0	0	0	0	0	0	0	0	0	0	0	0	1.20113e-08	0	0	0	
0	0	0	0	0	1.09582e-08	0	0	0	0	0	0	0	0	0	0	0	0	0	0	0	1.20113e-08	0	0	0	
0	0	0	0	0	0	0	0	0	0	0	0	0	0	0	0	0	0	0	0	0	1.00012e-08	0	0	0	
0	0	0	0	0	0	0	0	0	0	0	0	0	0	0	0	0	0	0	0	0	1.00012e-08	0	0	0	
0	0	0	0	0	0	0	0	0	0	0	0	0	0	0	0	0	0	0	0	0	0	0	0	0	
0	0	0	0	0	0	0	0	0	0	0	0	0	0	0	0	0	0	0	0	0	0	0	0	0	
0	0	0	0	0	0	0	0	0	0	0	0	0	0	0	0	0	0	0	0	0	0	0	0	0	
0	0	0	0	0	0	0	0	0	0	0	0	0	0	0	0	0	0	0	0	0	0	0	0	0	
0	0	0	0	0	0	0	0	0	0	0	0	0	0	0	0	0	0	0	0	0	0	0	0	0	
0	0	0	0	0	0	0	0	0	0	0	0	0	0	0	0	0	0	0	0	0	0	0	0	0	
0	0	0	0	0	0	0	0	0	0	0	0	0	0	0	0	0	0	0	0	0	0	0	0	0	
0	0	0	0	0	0	0	0	0	0	0	0	0	0	0	0	0	0	0	0	0	0	0	0	0	
0	0	0	0	0	0	0	0	0	0	0	0	0	0	0	0	0	0	0	0	0	0	0	0	0	
0	0	0	0	0	0	0	0	0	0	0	0	0	0	0	0	0	0	0	0	0	0	0	0	0	
0	0	0	0	0	0	0	0	0	0	0	0	0	0	0	0	0	0	0	0	0	0	0	0	0	
0	0	0	0	0	0	0	0	0	0	0	0	0	0	0	0	0	0	0	0	0	0	0	0	0	
0	0	0	0	0	0	0	0	0	0	0	0	0	0	0	0	0	0	0	0	0	0	0	0	0	
0	0	0	0	0	0	0	0	0	0	0	0	0	0	0	0	0	0	0	0	0	0	0	0	0	
0	0	0	0	0	0	0	0	0	0	0	0	0	0	0	0	0	0	0	0	0	0	0	0	0	
0	0	0	0	0	0	0	0	0	0	0	0	0	0	0	0	0	0	0	0	0	0	0	0	0	
0	0	0	0	0	0	0	0	0	0	0	0	0	0	0	0	0	0	0	0	0	0	0	0	0	
0	0	0	0	0	0	0	0	0	0	0	0	0	0	0	0	0	0	0	0	0	0	0	0	0	
0	0	0	0	0	0	0	0	0	0	0	0	0	0	0	0	0	0	0	0	0	0	0	0	0	
0	0	0	0	0	0	0	0	0	0	0	0	0	0	0	0	0	0	0	0	0	0	0	0	0	
0	0	0	0	0	0	0	0	0	0	0	0	0	0	0	0	0	0	0	0	0	0	0	0	0	
0	0	0	0	0	0	0	0	0	0	0	0	0	0	0	0	0	0	0	0	0	0	0	0	0	
0	0	0	0	0	0	0	0	0	0	0	0	0	0	0	0	0	0	0	0	0	0	0	0	0	
0	0	0	0	0	0	0	0	0	0	0	0	0	0	0	0	0	0	0	0	0	0	0	0	0	
0	0	0	0	0	0	0	0	0	0	0	0	0	0	0	0	0	0	0	0	0	0	0	0	0	
0	0	0	0	0	0	0	0	0	0	0	0	0	0	0	0	0	0	0	0	0	0	0	0	0	
0	0	0	0	0	0	0	0	0	0	0	0	0	0	0	0	0	0	0	0	0	0	0	0	0	
0	0	0	0	0	0	0	0	0	0	0	0	0	0	0	0	0	0	0	0	0	0	0	0	0	
0	0	0	0	0	0	0	0	0	0	0	0	0	0	0	0	0	0	0	0	0	0	0	0	0	
0	0	0	0	0	0	0	0	0	0	0	0	0	0	0	0	0	0	0	0	0	0	0	0	0	
0	0	0	0	0	0	0	0	0	0	0	0	0	0	0	0	0	0	0	0	0	0	0	0	0	
0	0	0	0	0	0	0	0	0	0	0	0	0	0	0	0	0	0	0	0	0	0	0	0	0	
0	0	0	0	0	0	0	0	0	0	0	0	0	0	0	0	0	0	0	0	0	0	0	0	0	
0	0	0	0	0	0	0	0	0	0	0	0	0	0	0	0	0	0	0	0	0	0	0	0	0	
0	0	0	0	0	0	0	0	0	0	0	0	0	0	0	0	0	0	0	0	0	0	0	0	0	
0	0	0	0	0	0	0	0	0	0	0	0	0	0	0	0	0	0	0	0	0	0	0	0	0	
0	0	0	0	0	0	0	0	0	0	0	0	0	0	0	0	0	0	0	0	0	0	0	0	0	
0	0	0	0	0	0	0	0	0	0	0	0	0	0	0	0	0	0	0	0	0	0	0	0	0	
0	0	0	0	0	0	0	0	0	0	0	0	0	0	0	0	0	0	0	0	0	0	0	0	0	
0	0	0	0	0	0	0	0	0	0	0	0	0	0	0	0	0	0	0	0	0	0	0	0	0	
0	0	0	0	0	0	0	0	0	0	0	0	0	0	0	0	0	0	0	0	0	0	0	0	0	
0	0	0	0	0	0	0	0	0	0	0	0	0	0	0	0	0	0	0	0	0	0	0	0	0	
0	0	0	0	0	0	0	0	0	0	0	0	0	0	0	0	0	0	0	0	0	0	0	0	0	
0	0	0	0	0	0	0	0	0	0	0	0	0	0	0	0	0	0	0	0	0	0	0	0	0	
0	0	0	0	0	0	0	0	0	0	0	0	0	0	0	0	0	0	0	0	0	0	0	0	0	
0	0	0	0	0	0	0	0	0	0	0	0	0	0	0	0	0	0	0	0	0	0	0	0	0	
0	0	0	0	0	0	0	0	0	0	0	0	0	0	0	0	0	0	0	0	0	0	0	0	0	
0	0	0	0	0	0	0	0	0	0	0	0	0	0	0	0	0	0	0	0	0	0	0	0	0	
0	0	0	0	0	0	0	0	0	0	0	0	0	0	0	0	0	0	0	0	0	0	0	0	0	
0	0	0	0	0	0	0	0	0	0	0	0	0	0	0	0	0	0	0	0	0	0	0	0	0	
0	0	0	0	0	0	0	0	0	0	0	0	0	0	0	0	0	0	0	0	0	0	0	0	0	
0	0	0	0	0	0	0	0	0	0	0	0	0	0	0	0	0	0	0	0	0	0	0	0	0	
0	0	0	0	0	0	0	0	0	0	0	0	0	0	0	0	0	0	0	0	0	0	0	0	0	
0	0	0	0	0	0	0	0	0	0	0	0	0	0	0	0	0	0	0	0	0	0	0	0	0	
0	0	0	0	0	0	0	0	0	0	0	0	0	0	0	0	0	0	0	0	0	0	0	0	0	
0	0	0	0	0	0	0	0	0	0	0	0	0	0	0	0	0	0	0	0	0	0	0	0	0	
0	0	0	0	0	0	0	0	0	0	0	0	0	0	0	0	0	0	0	0	0	0	0	0	0	
0	0	0	0	0	0	0	0	0	0	0	0	0	0	0	0	0	0	0	0	0	0	0	0	0	
0	0	0	0	0	0	0	0	0	0	0	0	0	0	0	0	0	0	0	0	0	0	0	0	0	
0	0	0	0	0	0	0	0	0	0	0	0	0	0	0	0	0	0	0	0	0	0	0	0	0	
0	0	0	0	0	0	0	0	0	0	0	0	0	0	0	0	0	0	0	0	0	0	0	0	0	
0	0	0	0	0	0	0	0	0	0	0	0	0	0	0	0	0	0	0	0	0	0	0	0	0	
0	0	0	0	0	0	0	0	0	0	0	0	0	0	0	0	0	0	0	0	0	0	0	0	0	
0	0	0	0	0	0	0	0	0	0	0	0	0	0	0	0	0	0	0	0	0	0	0	0	0	
0	0	0	0	0	0	0	0	0	0	0	0	0	0	0	0	0	0	0	0	0	0	0	0	0	
0	0	0	0	0	0	0	0	0	0	0	0	0	0	0	0	0	0	0	0	0	0	0	0	0	
0	0	0	0	0	0	0	0	0	0	0	0	0	0	0	0	0	0	0	0	0	0	0	0	0	
0	0	0	0	0	0	0	0	0	0	0	0	0	0	0	0	0	0	0	0	0	0	0	0	0	
0	0	0	0	0	0	0	0	0	0	0	0	0	0	0	0	0	0	0	0	0	0	0	0	0	
0	0	0	0	0	0	0	0	0	0	0	0	0	0	0	0	0	0	0	0	0	0	0	0	0	
0	0	0	0	0	0	0	0	0	0	0	0	0	0	0	0	0	0	0	0	0	0	0	0	0	
0	0	0	0	0	0	0	0	0	0	0	0	0	0	0	0	0	0	0	0	0	0	0	0	0	
0	0	0	0	0	0	0	0	0	0	0	0	0	0	0	0	0	0	0	0	0	0	0	0	0	
0	0	0	0	0	0	0	0	0	0	0	0	0	0	0	0	0	0	0	0	0	0	0	0	0	
0	0	0	0	0	0	0	0	0	0	0	0	0	0	0	0	0	0	0	0	0	0	0	0	0	
0	0	0	0	0	0	0	0	0	0	0	0	0	0	0	0	0	0	0	0	0	0	0	0	0	
0	0	0	0	0	0	0	0	0	0	0	0	0	0	0	0	0	0	0	0	0	0	0	0	0	
0	0	0	0	0	0	0	0	0	0	0	0	0	0	0	0	0	0	0	0	0	0	0	0	0	
0	0	0	0	0	0	0	0	0	0	0	0	0	0	0	0	0	0	0	0	0	0	0	0	0	
0	0	0	0	0	0	0	0	0	0	0	0	0	0	0	0	0	0	0	0	0	0	0	0	0	
0	0	0	0	0	0	0	0	0	0	0	0	0	0	0	0	0	0	0	0	0	0	0	0	0	
0	0	0	0	0	0	0	0	0	0	0	0	0	0	0	0	0	0	0	0	0	0	0	0	0	
0	0	0	0	0	0	0	0	0	0	0	0	0	0	0	0	0	0	0	0	0	0	0	0	0	
0	0	0	0	0	0	0	0	0	0	0	0	0	0	0	0	0	0	0	0	0	0	0	0	0	
0	0	0	0	0	0	0	0	0	0	0	0	0	0	0	0	0	0	0	0	0	0	0	0	0	
0	0	0	0	0	0	0	0	0	0	0	0	0	0	0	0	0	0	0	0	0	0	0	0	0	
0	0	0	0	0	0	0	0	0	0	0	0	0	0	0	0	0	0	0	0	0	0	0	0	0	
0	0	0	0	0	0	0	0	0	0	0	0	0	0	0	0	0	0	0	0	0	0	0	0	0	
0	0	0	0	0	0	0	0	0	0	0	0	0	0	0	0	0	0	0	0	0	0	0	0	0	
0	0	0	0	0	0	0	0	0	0	0	0	0	0	0	0	0	0	0	0	0	0	0	0	0	
0	0	0	0	0	0	0	0	0	0	0	0	0	0	0	0	0	0	0	0	0	0	0	0	0	
0	0	0	0	0	0	0	0	0	0	0	0	0	0	0	0	0	0	0	0	0	0	0	0	0	
0	0	0	0	0	0	0	0	0	0	0	0	0	0	0	0	0	0	0	0	0	0	0	0	0	
0	0	0	0	0	0	0	0	0	0	0	0	0	0	0	0	0	0	0	0	0	0	0	0	0	
0	0	0	0	0	0	0	0	0	0	0	0	0	0	0	0	0	0	0	0	0	0	0	0	0	
0	0	0	0	0	0	0	0	0	0	0	0	0	0	0	0	0	0	0	0	0	0	0	0	0	
0	0	0	0	0	0	0	0	0	0	0	0	0	0	0	0	0	0	0	0	0	0	0	0	0	
0	0	0	0	0	0	0	0	0	0	0	0	0	0	0	0	0	0	0	0	0	0	0	0	0	
0	0	0	0	0	0	0	0	0	0	0	0	0	0	0	0	0	0	0	0	0	0	0	0	0	
0	0	0	0	0	0	0	0	0	0	0	0	0	0	0	0	0	0	0	0	0	0	0	0	0	
0	0	0	0	0	0	0	0	0	0	0	0	0	0	0	0	0	0	0	0	0	0	0	0	0	
0	0	0	0	0	0	0	0	0	0	0	0	0	0	0	0	0	0	0	0	0	0	0	0	0	
0	0	0	0	0	0	0	0	0	0	0	0	0	0	0	0	0	0	0	0	0	0	0	0	0	
0	0	0	0	0	0	0	0	0	0	0	0	0	0	0	0	0	0	0	0	0	0	0	0	0	
0	0	0	0	0	0	0	0	0	0	0	0	0	0	0	0	0	0	0	0	0	0	0	0	0	
0	0	0	0	0	0	0	0	0	0	0	0	0	0	0	0	0	0	0	0	0	0	0	0	0	
0	0	0	0	0	0	0	0	0	0	0	0	0	0	0	0	0	0	0	0	0	0	0	0	0	
0	0	0	0	0	0	0	0	0	0	0	0	0	0	0	0	0	0	0	0	0	0	0	0	0	
0	0	0	0	0	0	0	0	0	0	0	0	0	0	0	0	0	0	0	0	0	0	0	0	0	
0	0	0	0	0	0	0	0	0	0	0	0	0	0	0	0	0	0	0	0	0	0	0	0	0	
0	0	0	0	0	0	0	0	0	0	0	0	0	0	0	0	0	0	0	0	0	0	0	0	0	
0	0	0	0	0	0	0	0	0	0	0	0	0	0	0	0	0	0	0	0	0	0	0	0	0	
0	0	0	0	0	0	0	0	0	0	0	0	0	0	0	0	0	0	0	0	0	0	0	0	0	
0	0	0	0	0	0	0	0	0	0	0	0	0	0	0	0	0	0	0	0	0	0	0	0	0	
0	0	0	0	0	0	0	0	0	0	0	0	0	0	0	0	0	0	0	0	0	0	0	0	0	
0	0	0	0	0	0	0	0	0	0	0	0	0	0	0	0	0	0	0	0	0	0	0	0	0	
0	0	0	0	0	0	0	0	0	0	0	0	0	0	0	0	0	0	0	0	0	0	0	0	0	
0	0	0	0	0	0	0	0	0	0	0	0	0	0	0	0	0	0	0	0	0	0	0	0	0	
0	0	0	0	0	0	0	0	0	0	0	0	0	0	0	0	0	0	0	0	0	0	0	0	0	
0	0	0	0	0	0	0	0	0	0	0	0	0	0	0	0	0	0	0	0	0	0	0	0	0	
0	0	0	0	0	0	0	0	0	0	0	0	0	0	0	0	0	0	0	0	0	0	0	0	0	
0	0	0	0	0	0	0	0	0	0	0	0	0	0	0	0	0	0	0	0	0	0	0	0	0	
0	0	0	0	0	0	0	0	0	0	0	0	0	0	0	0	0	0	0	0	0	0	0	0	0	
0	0	0	0	0	0	0	0	0	0	0	0	0	0	0	0	0	0	0	0	0	0	0	0	0	
0	0	0	0	0	0	0	0	0	0	0	0	0	0	0	0	0	0	0	0	0	0	0	0	0	
0	0	0	0	0	0	0	0	0	0	0	0	0	0	0	0	0	0	0	0	0	0	0	0	0	
0	0	0	0	0	0	0	0	0	0	0	0	0	0	0	0	0	0	0	0	0	0	0	0	0	
0	0	0	0	0	0	0	0	0	0	0	0	0	0	0	0	0	0	0	0	0	0	0	0	0	
0	0	0	0	0	0	0	0	0	0	0	0	0	0	0	0	0	0	0	0	0	0	0	0	0	
0	0	0	0	0	0	0	0	0	0	0	0	0	0	0	0	0	0	0	0	0	0	0	0	0	
0	0	0	0	0	0	0	0	0	0	0	0	0	0	0	0	0	0	0	0	0	0	0	0	0	
0	0	0	0	0	0	0	0	0	0	0	0	0	0	0	0	0	0	0	0	0	0	0	0	0	
0	0	0	0	0	0	0	0	0	0	0	0	0	0	0	0	0	0	0	0	0	0	0	0	0	
0	0	0	0	0	0	0	0	0	0	0	0	0	0	0	0	0	0	0	0	0	0	0	0	0	
0	0	0	0	0	0	0	0	0	0	0	0	0	0	0	0	0	0	0	0	0	0	0	0	0	
0	0	0	0	0	0	0	0	0	0	0	0	0	0	0	0	0	0	0	0	0	0	0	0	0	
0	0	0	0	0	0	0	0	0	0	0	0	0	0	0	0	0	0	0	0	0	0	0	0	0	
0	0	0	0	0	0	0	0	0	0	0	0	0	0	0	0	0	0	0	0	0	0	0	0	0	
0	0	0	0	0	0	0	0	0	0	0	0	0	0	0	0	0	0	0	0	0	0	0	0	0	
0	0	0	0	0	0	0	0	0	0	0	0	0	0	0	0	0	0	0	0	0	0	0	0	0	
0	0	0	0	0	0	0	0	0	0	0	0	0	0	0	0	0	0	0	0	0	0	0	0	0	
0	0	0	0	0	0	0	0	0	0	0	0	0	0	0	0	0	0	0	0	0	0	0	0	0	
0	0	0	0	0	0	0	0	0	0	0	0	0	0	0	0	0	0	0	0	0	0	0	0	0	
0	0	0	0	0	0	0	0	0	0	0	0	0	0	0	0	0	0	0	0	0	0	0	0	0	
0	0	0	0	0	0	0	0	0	0	0	0	0	0	0	0	0	0	0	0	0	0	0	0	0	
0	0	0	0	0	0	0	0	0	0	0	0	0	0	0	0	0	0	0	0	0	0	0	0	0	
0	0	0	0	0	0	0	0	0	0	0	0	0	0	0	0	0	0	0	0	0	0	0	0	0	
0	0	0	0	0	0	0	0	0	0	0	0	0	0	0	0	0	0	0	0	0	0	0	0	0	
0	0	0	0	0	0	0	0	0	0	0	0	0	0	0	0	0	0	0	0	0	0	0	0	0	
0	0	0	0	0	0	0	0	0	0	0	0	0	0	0	0	0	0	0	0	0	0	0	0	0	
0	0	0	0	0	0	0	0	0	0	0	0	0	0	0	0	0	0	0	0	0	0	0	0	0	
0	0	0	0	0	0	0	0	0	0	0	0	0	0	0	0	0	0	0	0	0	0	0	0	0	
0	0	0	0	0	0	0	0	0	0	0	0	0	0	0	0	0	0	0	0	0	0	0	0	0	
0	0	0	0	0	0	0	0	0	0	0	0	0	0	0	0	0	0	0	0	0	0	0	0	0	
0	0	0	0	0	0	0	0	0	0	0	0	0	0	0	0	0	0	0	0	0	0	0	0	0	
0	0	0	0	0	0	0	0	0	0	0	0	0	0	0	0	0	0	0	0	0	0	0	0	0	
0	0	0	0	0	0	0	0	0	0	0	0	0	0	0	0	0	0	0	0	0	0	0	0	0	
0	0	0	0	0	0	0	0	0	0	0	0	0	0	0	0	0	0	0	0	0	0	0	0	0	
0	0	0	0	0	0	0	0	0	0	0	0	0	0	0	0	0	0	0	0	0	0	0	0	0	
0	0	0	0	0	0	0	0	0	0	0	0	0	0	0	0	0	0	0	0	0	0	0	0	0	
0	0	0	0	0	0	0	0	0	0	0	0	0	0	0	0	0	0	0	0	0	0	0	0	0	
0	0	0	0	0	0	0	0	0	0	0	0	0	0	0	0	0	0	0	0	0	0	0	0	0	
0	0	0	0	0	0	0	0	0	0	0	0	0	0	0	0	0	0	0	0	0	0	0	0	0	
0	0	0	0	0	0	0	0	0	0	0	0	0	0	0	0	0	0	0	0	0	0	0	0	0	
0	0	0	0	0	0	0	0	0	0	0	0	0	0	0	0	0	0	0	0	0	0	0	0	0	
0	0	0	0	0	0	0	0	0	0	0	0	0	0	0	0	0	0	0	0	0	0	0	0	0	
0	0	0	0	0	0	0	0	0	0	0	0	0	0	0	0	0	0	0	0	0	0	0	0	0	
0	0	0	0	0	0	0	0	0	0	0	0	0	0	0	0	0	0	0	0	0	0	0	0	0	
0	0	0	0	0	0	0	0	0	0	0	0	0	0	0	0	0	0	0	0	0	0	0	0	0	
0	0	0	0	0	0	0	0	0	0	0	0	0	0	0	0	0	0	0	0	0	0	0	0	0	
0	0	0	0	0	0	0	0	0	0	0	0	0	0	0	0	0	0	0	0	0	0	0	0	0	
0	0	0	0	0	0	0	0	0	0	0	0	0	0	0	0	0	0	0	0	0	0	0	0	0	
0	0	0	0	0	0	0	0	0	0	0	0	0	0	0	0	0	0	0	0	0	0	0	0	0	
0	0	0	0	0	0	0	0	0	0	0	0	0	0	0	0	0	0	0	0	0	0	0	0	0	
0	0	0	0	0	0	0	0	0	0	0	0	0	0	0	0	0	0	0	0	0	0	0	0	0	
0	0	0	0	0	0	0	0	0	0	0	0	0	0	0	0	0	0	0	0	0	0	0	0	0	
0	0	0	0	0	0	0	0	0	0	0	0	0	0	0	0	0	0	0	0	0	0	0	0	0	
0	0	0	0	0	0	0	0	0	0	0	0	0	0	0	0	0	0	0	0	0	0	0	0	0	
0	0	0	0	0	0	0	0	0	0	0	0	0	0	0	0	0	0	0	0	0	0	0	0	0	
0	0	0	0	0	0	0	0	0	0	0	0	0	0	0	0	0	0	0	0	0	0	0	0	0	
0	0	0	0	0	0	0	0	0	0	0	0	0	0	0	0	0	0	0	0	0	0	0	0	0	
0	0	0	0	0	0	0	0	0	0	0	0	0	0	0	0	0	0	0	0	0	0	0	0	0	
0	0	0	0	0	0	0	0	0	0	0	0	0	0	0	0	0	0	0	0	0	0	0	0	0	
0	0	0	0	0	0	0	0	0	0	0	0	0	0	0	0	0	0	0	0	0	0	0	0	0	
0	0	0	0	0	0	0	0	0	0	0	0	0	0	0	0	0	0	0	0	0	0	0	0	0	
0	0	0	0	0	0	0	0	0	0	0	0	0	0	0	0	0	0	0	0	0	0	0	0	0	
0	0	0	0	0	0	0	0	0	0	0	0	0	0	0	0	0	0	0	0	0	0	0	0	0	
0	0	0	0	0	0	0	0	0	0	0	0	0	0	0	0	0	0	0	0	0	0	0	0	0	
0	0	0	0	0	0	0	0	0	0	0	0	0	0	0	0	0	0	0	0	0	0	0	0	0	
0	0	0	0	0	0	0	0	0	0	0	0	0	0	0	0	0	0	0	0	0	0	0	0	0	
0	0	0	0	0	0	0	0	0	0	0	0	0	0	0	0	0	0	0	0	0	0	0	0	0	
0	0	0	0	0	0	0	0	0	0	0	0	0	0	0	0	0	0	0	0	0	0	0	0	0	
0	0	0	0	0	0	0	0	0	0	0	0	0	0	0	0	0	0	0	0	0	0	0	0	0	
0	0	0	0	0	0	0	0	0	0	0	0	0	0	0	0	0	0	0	0	0	0	0	0	0	
0	0	0	0	0	0	0	0	0	0	0	0	0	0	0	0	0	0	0	0	0	0	0	0	0	
0	0	0	0	0	0	0	0	0	0	0	0	0	0	0	0	0	0	0	0	0	0	0	0	0	
0	0	0	0	0	0	0	0	0	0	0	0	0	0	0	0	0	0	0	0	0	0	0	0	0	
0	0	0	0	0	0	0	0	0	0	0	0	0	0	0	0	0	0	0	0	0	0	0	0	0	
0	0	0	0	0	0	0	0	0	0	0	0	0	0	0	0	0	0	0	0	0	0	0	0	0	
0	0	0	0	0	0	0	0	0	0	0	0	0	0	0	0	0	0	0	0	0	0	0	0	0	
0	0	0	0	0	0	0	0	0	0	0	0	0	0	0	0	0	0	0	0	0	0	0	0	0	
0	0	0	0	0	0	0	0	0	0	0	0	0	0	0	0	0	0	0	0	0	0	0	0	0	
0	0	0	0	0	0	0	0	0	0	0	0	0	0	0	0	0	0	0	0	0	0	0	0	0	
0	0	0	0	0	0	0	0	0	0	0	0	0	0	0	0	0	0	0	0	0	0	0	0	0	
0	0	0	0	0	0	0	0	0	0	0	0	0	0	0	0	0	0	0	0	0	0	0	0	0	
0	0	0	0	0	0	0	0	0	0	0	0	0	0	0	0	0	0	0	0	0	0	0	0	0	
0	0	0	0	0	0	0	0	0	0	0	0	0	0	0	0	0	0	0	0	0	0	0	0	0	
0	0	0	0	0	0	0	0	0	0	0	0	0	0	0	0	0	0	0	0	0	0	0	0	0	
0	0	0	0	0	0	0	0	0	0	0	0	0	0	0	0	0	0	0	0	0	0	0	0	0	
0	0	0	0	0	0	0	0	0	0	0	0	0	0	0	0	0	0	0	0	0	0	0	0	0	
0	0	0	0	0	0	0	0	0	0	0	0	0	0	0	0	0	0	0	0	0	0	0	0	0	
0	0	0	0	0	0	0	0	0	0	0	0	0	0	0	0	0	0	0	0	0	0	0	0	0	
0	0	0	0	0	0	0	0	0	0	0	0	0	0	0	0	0	0	0	0	0	0	0	0	0	
0	0	0	0	0	0	0	0	0	0	0	0	0	0	0	0	0	0	0	0	0	0	0	0	0	
0	0	0	0	0	0	0	0	0	0	0	0	0	0	0	0	0	0	0	0	0	0	0	0	0	
0	0	0	0	0	0	0	0	0	0	0	0	0	0	0	0	0	0	0	0	0	0	0	0	0	
0	0	0	0	0	0	0	0	0	0	0	0	0	0	0	0	0	0	0	0	0	0	0	0	0	
0	0	0	0	0	0	0	0	0	0	0	0	0	0	0	0	0	0	0	0	0	0	0	0	0	
0	0	0	0	0	0	0	0	0	0	0	0	0	0	0	0	0	0	0	0	0	0	0	0	0	
0	0	0	0	0	0	0	0	0	0	0	0	0	0	0	0	0	0	0	0	0	0	0	0	0	
0	0	0	0	0	0	0	0	0	0	0	0	0	0	0	0	0	0	0	0	0	0	0	0	0	
0	0	0	0	0	0	0	0	0	0	0	0	0	0	0	0	0	0	0	0	0	0	0	0	0	
0	0	0	0	0	0	0	0	0	0	0	0	0	0	0	0	0	0	0	0	0	0	0	0	0	
0	0	0	0	0	0	0	0	0	0	0	0	0	0	0	0	0	0	0	0	0	0	0	0	0	
0	0	0	0	0	0	0	0	0	0	0	0	0	0	0	0	0	0	0	0	0	0	0	0	0	
0	0	0	0	0	0	0	0	0	0	0	0	0	0	0	0	0	0	0	0	0	0	0	0	0	
0	0	0	0	0	0	0	0	0	0	0	0	0	0	0	0	0	0	0	0	0	0	0	0	0	
0	0	0	0	0	0	0	0	0	0	0	0	0	0	0	0	0	0	0	0	0	0	0	0	0	
0	0	0	0	0	0	0	0	0	0	0	0	0	0	0	0	0	0	0	0	0	0	0	0	0	
0	0	0	0	0	0	0	0	0	0	0	0	0	0	0	0	0	0	0	0	0	0	0	0	0	
0	0	0	0	0	0	0	0	0	0	0	0	0	0	0	0	0	0	0	0	0	0	0	0	0	
0	0	0	0	0	0	0	0	0	0	0	0	0	0	0	0	0	0	0	0	0	0	0	0	0	
0	0	0	0	0	0	0	0	0	0	0	0	0	0	0	0	0	0	0	0	0	0	0	0	0	
0	0	0	0	0	0	0	0	0	0	0	0	0	0	0	0	0	0	0	0	0	0	0	0	0	
0	0	0	0	0	0	0	0	0	0	0	0	0	0	0	0	0	0	0	0	0	0	0	0	0	
0	0	0	0	0	0	0	0	0	0	0	0	0	0	0	0	0	0	0	0	0	0	0	0	0	
0	0	0	0	0	0	0	0	0	0	0	0	0	0	0	0	0	0	0	0	0	0	0	0	0	
0	0	0	0	0	0	0	0	0	0	0	0	0	0	0	0	0	0	0	0	0	0	0	0	0	
0	0	0	0	0	0	0	0	0	0	0	0	0	0	0	0	0	0	0	0	0	0	0	0	0	
0	0	0	0	0	0	0	0	0	0	0	0	0	0	0	0	0	0	0	0	0	0	0	0	0	
0	0	0	0	0	0	0	0	0	0	0	0	0	0	0	0	0	0	0	0	0	0	0	0	0	
0	0	0	0	0	0	0	0	0	0	0	0	0	0	0	0	0	0	0	0	0	0	0	0	0	
0	0	0	0	0	0	0	0	0	0	0	0	0	0	0	0	0	0	0	0	0	0	0	0	0	
0	0	0	0	0	0	0	0	0	0	0	0	0	0	0	0	0	0	0	0	0	0	0	0	0	
0	0	0	0	0	0	0	0	0	0	0	0	0	0	0	0	0	0	0	0	0	0	0	0	0	
0	0	0	0	0	0	0	0	0	0	0	0	0	0	0	0	0	0	0	0	0	0	0	0	0	
0	0	0	0	0	0	0	0	0	0	0	0	0	0	0	0	0	0	0	0	0	0	0	0	0	
0	0	0	0	0	0	0	0	0	0	0	0	0	0	0	0	0	0	0	0	0	0	0	0	0	
0	0	0	0	0	0	0	0	0	0	0	0	0	0	0	0	0	0	0	0	0	0	0	0	0	
0	0	0	0	0	0	0	0	0	0	0	0	0	0	0	0	0	0	0	0	0	0	0	0	0	
0	0	0	0	0	0	0	0	0	0	0	0	0	0	0	0	0	0	0	0	0	0	0	0	0	
0	0	0	0	0	0	0	0	0	0	0	0	0	0	0	0	0	0	0	0	0	0	0	0	0	
0	0	0	0	0	0	0	0	0	0	0	0	0	0	0	0	0	0	0	0	0	0	0	0	0	
0	0	0	0	0	0	0	0	0	0	0	0	0	0	0	0	0	0	0	0	0	0	0	0	0	
0	0	0	0	0	0	0	0	0	0	0	0	0	0	0	0	0	0	0	0	0	0	0	0	0	
0	0	0	0	0	0	0	0	0	0	0	0	0	0	0	0	0	0	0	0	0	0	0	0	0	
0	0	0	0	0	0	0	0	0	0	0	0	0	0	0	0	0	0	0	0	0	0	0	0	0	
0	0	0	0	0	0	0	0	0	0	0	0	0	0	0	0	0	0	0	0	0	0	0	0	0	
0	0	0	0	0	0	0	0	0	0	0	0	0	0	0	0	0	0	0	0	0	0	0	0	0	
0	0	0	0	0	0	0	0	0	0	0	0	0	0	0	0	0	0	0	0	0	0	0	0	0	
0	0	0	0	0	0	0	0	0	0	0	0	0	0	0	0	0	0	0	0	0	0	0	0	0	
0	0	0	0	0	0	0	0	0	0	0	0	0	0	0	0	0	0	0	0	0	0	0	0	0	
0	0	0	0	0	0	0	0	0	0	0	0	0	0	0	0	0	0	0	0	0	0	0	0	0	
0	0	0	0	0	0	0	0	0	0	0	0	0	0	0	0	0	0	0	0	0	0	0	0	0	
0	0	0	0	0	0	0	0	0	0	0	0	0	0	0	0	0	0	0	0	0	0	0	0	0	
0	0	0	0	0	0	0	0	0	0	0	0	0	0	0	0	0	0	0	0	0	0	0	0	0	
0	0	0	0	0	0	0	0	0	0	0	0	0	0	0	0	0	0	0	0	0	0	0	0	0	
0	0	0	0	0	0	0	0	0	0	0	0	0	0	0	0	0	0	0	0	0	0	0	0	0	
0	0	0	0	0	0	0	0	0	0	0	0	0	0	0	0	0	0	0	0	0	0	0	0	0	
0	0	0	0	0	0	0	0	0	0	0	0	0	0	0	0	0	0	0	0	0	0	0	0	0	
0	0	0	0	0	0	0	0	0	0	0	0	0	0	0	0	0	0	0	0	0	0	0	0	0	
0	0	0	0	0	0	0	0	0	0	0	0	0	0	0	0	0	0	0	0	0	0	0	0	0	
0	0	0	0	0	0	0	0	0	0	0	0	0	0	0	0	0	0	0	0	0	0	0	0	0	
0	0	0	0	0	0	0	0	0	0	0	0	0	0	0	0	0	0	0	0	0	0	0	0	0	
0	0	0	0	0	0	0	0	0	0	0	0	0	0	0	0	0	0	0	0	0	0	0	0	0	
0	0	0	0	0	0	0	0	0	0	0	0	0	0	0	0	0	0	0	0	0	0	0	0	0	
0	0	0	0	0	0	0	0	0	0	0	0	0	0	0	0	0	0	0	0	0	0	0	0	0	
0	0	0	0	0	0	0	0	0	0	0	0	0	0	0	0	0	0	0	0	0	0	0	0	0	
0	0	0	0	0	0	0	0	0	0	0	0	0	0	0	0	0	0	0	0	0	0	0	0	0	
0	0	0	0	0	0	0	0	0	0	0	0	0	0	0	0	0	0	0	0	0	0	0	0	0	
0	0	0	0	0	0	0	0	0	0	0	0	0	0	0	0	0	0	0	0	0	0	0	0	0	
0	0	0	0	0	0	0	0	0	0	0	0	0	0	0	0	0	0	0	0	0	0	0	0	0	
0	0	0	0	0	0	0	0	0	0	0	0	0	0	0	0	0	0	0	0	0	0	0	0	0	
0	0	0	0	0	0	0	0	0	0	0	0	0	0	0	0	0	0	0	0	0	0	0	0	0	
0	0	0	0	0	0	0	0	0	0	0	0	0	0	0	0	0	0	0	0	0	0	0	0	0	
0	0	0	0	0	0	0	0	0	0	0	0	0	0	0	0	0	0	0	0	0	0	0	0	0	
0	0	0	0	0	0	0	0	0	0	0	0	0	0	0	0	0	0	0	0	0	0	0	0	0	
0	0	0	0	0	0	0	0	0	0	0	0	0	0	0	0	0	0	0	0	0	0	0	0	0	
0	0	0	0	0	0	0	0	0	0	0	0	0	0	0	0	0	0	0	0	0	0	0	0	0	
0	0	0	0	0	0	0	0	0	0	0	0	0	0	0	0	0	0	0	0	0	0	0	0	0	
0	0	0	0	0	0	0	0	0	0	0	0	0	0	0	0	0	0	0	0	0	0	0	0	0	
0	0	0	0	0	0	0	0	0	0	0	0	0	0	0	0	0	0	0	0	0	0	0	0	0	
0	0	0	0	0	0	0	0	0	0	0	0	0	0	0	0	0	0	0	0	0	0	0	0	0	
0	0	0	0	0	0	0	0	0	0	0	0	0	0	0	0	0	0	0	0	0	0	0	0	0	
0	0	0	0	0	0	0	0	0	0	0	0	0	0	0	0	0	0	0	0	0	0	0	0	0	
0	0	0	0	0	0	0	0	0	0	0	0	0	0	0	0	0	0	0	0	0	0	0	0	0	
0	0	0	0	0	0	0	0	0	0	0	0	0	0	0	0	0	0	0	0	0	0	0	0	0	
0	0	0	0	0	0	0	0	0	0	0	0	0	0	0	0	0	0	0	0	0	0	0	0	0	
0	0	0	0	0	0	0	0	0	0	0	0	0	0	0	0	0	0	0	0	0	0	0	0	0	
0	0	0	0	0	0	0	0	0	0	0	0	0	0	0	0	0	0	0	0	0	0	0	0	0	
0	0	0	0	0	0	0	0	0	0	0	0	0	0	0	0	0	0	0	0	0	0	0	0	0	
0	0	0	0	0	0	0	0	0	0	0	0	0	0	0	0	0	0	0	0	0	0	0	0	0	
0	0	0	0	0	0	0	0	0	0	0	0	0	0	0	0	0	0	0	0	0	0	0	0	0	
0	0	0	0	0	0	0	0	0	0	0	0	0	0	0	0	0	0	0	0	0	0	0	0	0	
0	0	0	0	0	0	0	0	0	0	0	0	0	0	0	0	0	0	0	0	0	0	0	0	0	
0	0	0	0	0	0	0	0	0	0	0	0	0	0	0	0	0	0	0	0	0	0	0	0	0	
0	0	0	0	0	0	0	0	0	0	0	0	0	0	0	0	0	0	0	0	0	0	0	0	0	
0	0	0	0	0	0	0	0	0	0	0	0	0	0	0	0	0	0	0	0	0	0	0	0	0	
0	0	0	0	0	0	0	0	0	0	0	0	0	0	0	0	0	0	0	0	0	0	0	0	0	
0	0	0	0	0	0	0	0	0	0	0	0	0	0	0	0	0	0	0	0	0	0	0	0	0	
0	0	0	0	0	0	0	0	0	0	0	0	0	0	0	0	0	0	0	0	0	0	0	0	0	
0	0	0	0	0	0	0	0	0	0	0	0	0	0	0	0	0	0	0	0	0	0	0	0	0	
0	0	0	0	0	0	0	0	0	0	0	0	0	0	0	0	0	0	0	0	0	0	0	0	0	
0	0	0	0	0	0	0	0	0	0	0	0	0	0	0	0	0	0	0	0	0	0	0	0	0	
0	0	0	0	0	0	0	0	0	0	0	0	0	0	0	0	0	0	0	0	0	0	0	0	0	
0	0	0	0	0	0	0	0	0	0	0	0	0	0	0	0	0	0	0	0	0	0	0	0	0	
0	0	0	0	0	0	0	0	0	0	0	0	0	0	0	0	0	0	0	0	0	0	0	0	0	
0	0	0	0	0	0	0	0	0	0	0	0	0	0	0	0	0	0	0	0	0	0	0	0	0	
0	0	0	0	0	0	0	0	0	0	0	0	0	0	0	0	0	0	0	0	0	0	0	0	0	
0	0	0	0	0	0	0	0	0	0	0	0	0	0	0	0	0	0	0	0	0	0	0	0	0	
0	0	0	0	0	0	0	0	0	0	0	0	0	0	0	0	0	0	0	0	0	0	0	0	0	
0	0	0	0	0	0	0	0	0	0	0	0	0	0	0	0	0	0	0	0	0	0	0	0	0	
0	0	0	0	0	0	0	0	0	0	0	0	0	0	0	0	0	0	0	0	0	0	0	0	0	
0	0	0	0	0	0	0	0	0	0	0	0	0	0	0	0	0	0	0	0	0	0	0	0	0	
0	0	0	0	0	0	0	0	0	0	0	0	0	0	0	0	0	0	0	0	0	0	0	0	0	
0	0	0	0	0	0	0	0	0	0	0	0	0	0	0	0	0	0	0	0	0	0	0	0	0	
0	0	0	0	0	0	0	0	0	0	0	0	0	0	0	0	0	0	0	0	0	0	0	0	0	
0	0	0	0	0	0	0	0	0	0	0	0	0	0	0	0	0	0	0	0	0	0	0	0	0	
0	0	0	0	0	0	0	0	0	0	0	0	0	0	0	0	0	0	0	0	0	0	0	0	0	
0	0	0	0	0	0	0	0	0	0	0	0	0	0	0	0	0	0	0	0	0	0	0	0	0	
0	0	0	0	0	0	0	0	0	0	0	0	0	0	0	0	0	0	0	0	0	0	0	0	0	
0	0	0	0	0	0	0	0	0	0	0	0	0	0	0	0	0	0	0	0	0	0	0	0	0	
0	0	0	0	0	0	0	0	0	0	0	0	0	0	0	0	0	0	0	0	0	0	0	0	0	
0	0	0	0	0	0	0	0	0	0	0	0	0	0	0	0	0	0	0	0	0	0	0	0	0	
0	0	0	0	0	0	0	0	0	0	0	0	0	0	0	0	0	0	0	0	0	0	0	0	0	
0	0	0	0	0	0	0	0	0	0	0	0	0	0	0	0	0	0	0	0	0	0	0	0	0	
0	0	0	0	0	0	0	0	0	0	0	0	0	0	0	0	0	0	0	0	0	0	0	0	0	
0	0	0	0	0	0	0	0	0	0	0	0	0	0	0	0	0	0	0	0	0	0	0	0	0	
0	0	0	0	0	0	0	0	0	0	0	0	0	0	0	0	0	0	0	0	0	0	0	0	0	
0	0	0	0	0	0	0	0	0	0	0	0	0	0	0	0	0	0	0	0	0	0	0	0	0	
0	0	0	0	0	0	0	0	0	0	0	0	0	0	0	0	0	0	0	0	0	0	0	0	0	
0	0	0	0	0	0	0	0	0	0	0	0	0	0	0	0	0	0	0	0	0	0	0	0	0	
0	0	0	0	0	0	0	0	0	0	0	0	0	0	0	0	0	0	0	0	0	0	0	0	0	
0	0	0	0	0	0	0	0	0	0	0	0	0	0	0	0	0	0	0	0	0	0	0	0	0	
0	0	0	0	0	0	0	0	0	0	0	0	0	0	0	0	0	0	0	0	0	0	0	0	0	
0	0	0	0	0	0	0	0	0	0	0	0	0	0	0	0	0	0	0	0	0	0	0	0	0	
0	0	0	0	0	0	0	0	0	0	0	0	0	0	0	0	0	0	0	0	0	0	0	0	0	
0	0	0	0	0	0	0	0	0	0	0	0	0	0	0	0	0	0	0	0	0	0	0	0	0	
0	0	0	0	0	0	0	0	0	0	0	0	0	0	0	0	0	0	0	0	0	0	0	0	0	
0	0	0	0	0	0	0	0	0	0	0	0	0	0	0	0	0	0	0	0	0	0	0	0	0	
0	0	0	0	0	0	0	0	0	0	0	0	0	0	0	0	0	0	0	0	0	0	0	0	0	
0	0	0	0	0	0	0	0	0	0	0	0	0	0	0	0	0	0	0	0	0	0	0	0	0	
0	0	0	0	0	0	0	0	0	0	0	0	0	0	0	0	0	0	0	0	0	0	0	0	0	
0	0	0	0	0	0	0	0	0	0	0	0	0	0	0	0	0	0	0	0	0	0	0	0	0	
0	0	0	0	0	0	0	0	0	0	0	0	0	0	0	0	0	0	0	0	0	0	0	0	0	
0	0	0	0	0	0	0	0	0	0	0	0	0	0	0	0	0	0	0	0	0	0	0	0	0	
0	0	0	0	0	0	0	0	0	0	0	0	0	0	0	0	0	0	0	0	0	0	0	0	0	
0	0	0	0	0	0	0	0	0	0	0	0	0	0	0	0	0	0	0	0	0	0	0	0	0	
0	0	0	0	0	0	0	0	0	0	0	0	0	0	0	0	0	0	0	0	0	0	0	0	0	
0	0	0	0	0	0	0	0	0	0	0	0	0	0	0	0	0	0	0	0	0	0	0	0	0	
0	0	0	0	0	0	0	0	0	0	0	0	0	0	0	0	0	0	0	0	0	0	0	0	0	
0	0	0	0	0	0	0	0	0	0	0	0	0	0	0	0	0	0	0	0	0	0	0	0	0	
0	0	0	0	0	0	0	0	0	0	0	0	0	0	0	0	0	0	0	0	0	0	0	0	0	
0	0	0	0	0	0	0	0	0	0	0	0	0	0	0	0	0	0	0	0	0	0	0	0	0	
0	0	0	0	0	0	0	0	0	0	0	0	0	0	0	0	0	0	0	0	0	0	0	0	0	
0	0	0	0	0	0	0	0	0	0	0	0	0	0	0	0	0	0	0	0	0	0	0	0	0	
0	0	0	0	0	0	0	0	0	0	0	0	0	0	0	0	0	0	0	0	0	0	0	0	0	
0	0	0	0	0	0	0	0	0	0	0	0	0	0	0	0	0	0	0	0	0	0	0	0	0	
0	0	0	0	0	0	0	0	0	0	0	0	0	0	0	0	0	0	0	0	0	0	0	0	0	
0	0	0	0	0	0	0	0	0	0	0	0	0	0	0	0	0	0	0	0	0	0	0	0	0	
0	0	0	0	0	0	0	0	0	0	0	0	0	0	0	0	0	0	0	0	0	0	0	0	0	
0	0	0	0	0	0	0	0	0	0	0	0	0	0	0	0	0	0	0	0	0	0	0	0	0	
0	0	0	0	0	0	0	0	0	0	0	0	0	0	0	0	0	0	0	0	0	0	0	0	0	
0	0	0	0	0	0	0	0	0	0	0	0	0	0	0	0	0	0	0	0	0	0	0	0	0	
0	0	0	0	0	0	0	0	0	0	0	0	0	0	0	0	0	0	0	0	0	0	0	0	0	
0	0	0	0	0	0	0	0	0	0	0	0	0	0	0	0	0	0	0	0	0	0	0	0	0	
0	0	0	0	0	0	0	0	0	0	0	0	0	0	0	0	0	0	0	0	0	0	0	0	0	
0	0	0	0	0	0	0	0	0	0	0	0	0	0	0	0	0	0	0	0	0	0	0	0	0	
0	0	0	0	0	0	0	0	0	0	0	0	0	0	0	0	0	0	0	0	0	0	0	0	0	
0	0	0	0	0	0	0	0	0	0	0	0	0	0	0	0	0	0	0	0	0	0	0	0	0	
0	0	0	0	0	0	0	0	0	0	0	0	0	0	0	0	0	0	0	0	0	0	0	0	0	
0	0	0	0	0	0	0	0	0	0	0	0	0	0	0	0	0	0	0	0	0	0	0	0	0	
0	0	0	0	0	0	0	0	0	0	0	0	0	0	0	0	0	0	0	0	0	0	0	0	0	
0	0	0	0	0	0	0	0	0	0	0	0	0	0	0	0	0	0	0	0	0	0	0	0	0	
0	0	0	0	0	0	0	0	0	0	0	0	0	0	0	0	0	0	0	0	0	0	0	0	0	
0	0	0	0	0	0	0	0	0	0	0	0	0	0	0	0	0	0	0	0	0	0	0	0	0	
0	0	0	0	0	0	0	0	0	0	0	0	0	0	0	0	0	0	0	0	0	0	0	0	0	
0	0	0	0	0	0	0	0	0	0	0	0	0	0	0	0	0	0	0	0	0	0	0	0	0	
0	0	0	0	0	0	0	0	0	0	0	0	0	0	0	0	0	0	0	0	0	0	0	0	0	
0	0	0	0	0	0	0	0	0	0	0	0	0	0	0	0	0	0	0	0	0	0	0	0	0	
0	0	0	0	0	0	0	0	0	0	0	0	0	0	0	0	0	0	0	0	0	0	0	0	0	
0	0	0	0	0	0	0	0	0	0	0	0	0	0	0	0	0	0	0	0	0	0	0	0	0	
0	0	0	0	0	0	0	0	0	0	0	0	0	0	0	0	0	0	0	0	0	0	0	0	0	
0	0	0	0	0	0	0	0	0	0	0	0	0	0	0	0	0	0	0	0	0	0	0	0	0	
0	0	0	0	0	0	0	0	0	0	0	0	0	0	0	0	0	0	0	0	0	0	0	0	0	
0	0	0	0	0	0	0	0	0	0	0	0	0	0	0	0	0	0	0	0	0	0	0	0	0	
0	0	0	0	0	0	0	0	0	0	0	0	0	0	0	0	0	0	0	0	0	0	0	0	0	
0	0	0	0	0	0	0	0	0	0	0	0	0	0	0	0	0	0	0	0	0	0	0	0	0	
0	0	0	0	0	0	0	0	0	0	0	0	0	0	0	0	0	0	0	0	0	0	0	0	0	
0	0	0	0	0	0	0	0	0	0	0	0	0	0	0	0	0	0	0	0	0	0	0	0	0	
0	0	0	0	0	0	0	0	0	0	0	0	0	0	0	0	0	0	0	0	0	0	0	0	0	
0	0	0	0	0	0	0	0	0	0	0	0	0	0	0	0	0	0	0	0	0	0	0	0	0	
0	0	0	0	0	0	0	0	0	0	0	0	0	0	0	0	0	0	0	0	0	0	0	0	0	
0	0	0	0	0	0	0	0	0	0	0	0	0	0	0	0	0	0	0	0	0	0	0	0	0	
0	0	0	0	0	0	0	0	0	0	0	0	0	0	0	0	0	0	0	0	0	0	0	0	0	
0	0	0	0	0	0	0	0	0	0	0	0	0	0	0	0	0	0	0	0	0	0	0	0	0	
0	0	0	0	0	0	0	0	0	0	0	0	0	0	0	0	0	0	0	0	0	0	0	0	0	
0	0	0	0	0	0	0	0	0	0	0	0	0	0	0	0	0	0	0	0	0	0	0	0	0	
0	0	0	0	0	0	0	0	0	0	0	0	0	0	0	0	0	0	0	0	0	0	0	0	0	
0	0	0	0	0	0	0	0	0	0	0	0	0	0	0	0	0	0	0	0	0	0	0	0	0	
0	0	0	0	0	0	0	0	0	0	0	0	0	0	0	0	0	0	0	0	0	0	0	0	0	
0	0	0	0	0	0	0	0	0	0	0	0	0	0	0	0	0	0	0	0	0	0	0	0	0	
0	0	0	0	0	0	0	0	0	0	0	0	0	0	0	0	0	0	0	0	0	0	0	0	0	
0	0	0	0	0	0	0	0	0	0	0	0	0	0	0	0	0	0	0	0	0	0	0	0	0	
0	0	0	0	0	0	0	0	0	0	0	0	0	0	0	0	0	0	0	0	0	0	0	0	0	
0	0	0	0	0	0	0	0	0	0	0	0	0	0	0	0	0	0	0	0	0	0	0	0	0	
0	0	0	0	0	0	0	0	0	0	0	0	0	0	0	0	0	0	0	0	0	0	0	0	0	
0	0	0	0	0	0	0	0	0	0	0	0	0	0	0	0	0	0	0	0	0	0	0	0	0	
0	0	0	0	0	0	0	0	0	0	0	0	0	0	0	0	0	0	0	0	0	0	0	0	0	
0	0	0	0	0	0	0	0	0	0	0	0	0	0	0	0	0	0	0	0	0	0	0	0	0	
0	0	0	0	0	0	0	0	0	0	0	0	0	0	0	0	0	0	0	0	0	0	0	0	0	
0	0	0	0	0	0	0	0	0	0	0	0	0	0	0	0	0	0	0	0	0	0	0	0	0	
0	0	0	0	0	0	0	0	0	0	0	0	0	0	0	0	0	0	0	0	0	0	0	0	0	
0	0	0	0	0	0	0	0	0	0	0	0	0	0	0	0	0	0	0	0	0	0	0	0	0	
0	0	0	0	0	0	0	0	0	0	0	0	0	0	0	0	0	0	0	0	0	0	0	0	0	
0	0	0	0	0	0	0	0	0	0	0	0	0	0	0	0	0	0	0	0	0	0	0	0	0	
0	0	0	0	0	0	0	0	0	0	0	0	0	0	0	0	0	0	0	0	0	0	0	0	0	
0	0	0	0	0	0	0	0	0	0	0	0	0	0	0	0	0	0	0	0	0	0	0	0	0	
0	0	0	0	0	0	0	0	0	0	0	0	0	0	0	0	0	0	0	0	0	0	0	0	0	
0	0	0	0	0	0	0	0	0	0	0	0	0	0	0	0	0	0	0	0	0	0	0	0	0	
0	0	0	0	0	0	0	0	0	0	0	0	0	0	0	0	0	0	0	0	0	0	0	0	0	
0	0	0	0	0	0	0	0	0	0	0	0	0	0	0	0	0	0	0	0	0	0	0	0	0	
0	0	0	0	0	0	0	0	0	0	0	0	0	0	0	0	0	0	0	0	0	0	0	0	0	
0	0	0	0	0	0	0	0	0	0	0	0	0	0	0	0	0	0	0	0	0	0	0	0	0	
0	0	0	0	0	0	0	0	0	0	0	0	0	0	0	0	0	0	0	0	0	0	0	0	0	
0	0	0	0	0	0	0	0	0	0	0	0	0	0	0	0	0	0	0	0	0	0	0	0	0	
0	0	0	0	0	0	0	0	0	0	0	0	0	0	0	0	0	0	0	0	0	0	0	0	0	
0	0	0	0	0	0	0	0	0	0	0	0	0	0	0	0	0	0	0	0	0	0	0	0	0	
0	0	0	0	0	0	0	0	0	0	0	0	0	0	0	0	0	0	0	0	0	0	0	0	0	
0	0	0	0	0	0	0	0	0	0	0	0	0	0	0	0	0	0	0	0	0	0	0	0	0	
0	0	0	0	0	0	0	0	0	0	0	0	0	0	0	0	0	0	0	0	0	0	0	0	0	
0	0	0	0	0	0	0	0	0	0	0	0	0	0	0	0	0	0	0	0	0	0	0	0	0	
0	0	0	0	0	0	0	0	0	0	0	0	0	0	0	0	0	0	0	0	0	0	0	0	0	
0	0	0	0	0	0	0	0	0	0	0	0	0	0	0	0	0	0	0	0	0	0	0	0	0	
0	0	0	0	0	0	0	0	0	0	0	0	0	0	0	0	0	0	0	0	0	0	0	0	0	
0	0	0	0	0	0	0	0	0	0	0	0	0	0	0	0	0	0	0	0	0	0	0	0	0	
0	0	0	0	0	0	0	0	0	0	0	0	0	0	0	0	0	0	0	0	0	0	0	0	0	
0	0	0	0	0	0	0	0	0	0	0	0	0	0	0	0	0	0	0	0	0	0	0	0	0	
0	0	0	0	0	0	0	0	0	0	0	0	0	0	0	0	0	0	0	0	0	0	0	0	0	
0	0	0	0	0	0	0	0	0	0	0	0	0	0	0	0	0	0	0	0	0	0	0	0	0	
0	0	0	0	0	0	0	0	0	0	0	0	0	0	0	0	0	0	0	0	0	0	0	0	0	
0	0	0	0	0	0	0	0	0	0	0	0	0	0	0	0	0	0	0	0	0	0	0	0	0	
0	0	0	0	0	0	0	0	0	0	0	0	0	0	0	0	0	0	0	0	0	0	0	0	0	
0	0	0	0	0	0	0	0	0	0	0	0	0	0	0	0	0	0	0	0	0	0	0	0	0	
0	0	0	0	0	0	0	0	0	0	0	0	0	0	0	0	0	0	0	0	0	0	0	0	0	
0	0	0	0	0	0	0	0	0	0	0	0	0	0	0	0	0	0	0	0	0	0	0	0	0	
0	0	0	0	0	0	0	0	0	0	0	0	0	0	0	0	0	0	0	0	0	0	0	0	0	
0	0	0	0	0	0	0	0	0	0	0	0	0	0	0	0	0	0	0	0	0	0	0	0	0	
0	0	0	0	0	0	0	0	0	0	0	0	0	0	0	0	0	0	0	0	0	0	0	0	0	
0	0	0	0	0	0	0	0	0	0	0	0	0	0	0	0	0	0	0	0	0	0	0	0	0	
0	0	0	0	0	0	0	0	0	0	0	0	0	0	0	0	0	0	0	0	0	0	0	0	0	
0	0	0	0	0	0	0	0	0	0	0	0	0	0	0	0	0	0	0	0	0	0	0	0	0	
0	0	0	0	0	0	0	0	0	0	0	0	0	0	0	0	0	0	0	0	0	0	0	0	0	
0	0	0	0	0	0	0	0	0	0	0	0	0	0	0	0	0	0	0	0	0	0	0	0	0	
0	0	0	0	0	0	0	0	0	0	0	0	0	0	0	0	0	0	0	0	0	0	0	0	0	
0	0	0	0	0	0	0	0	0	0	0	0	0	0	0	0	0	0	0	0	0	0	0	0	0	
0	0	0	0	0	0	0	0	0	0	0	0	0	0	0	0	0	0	0	0	0	0	0	0	0	
0	0	0	0	0	0	0	0	0	0	0	0	0	0	0	0	0	0	0	0	0	0	0	0	0	
0	0	0	0	0	0	0	0	0	0	0	0	0	0	0	0	0	0	0	0	0	0	0	0	0	
0	0	0	0	0	0	0	0	0	0	0	0	0	0	0	0	0	0	0	0	0	0	0	0	0	
0	0	0	0	0	0	0	0	0	0	0	0	0	0	0	0	0	0	0	0	0	0	0	0	0	
0	0	0	0	0	0	0	0	0	0	0	0	0	0	0	0	0	0	0	0	0	0	0	0	0	
0	0	0	0	0	0	0	0	0	0	0	0	0	0	0	0	0	0	0	0	0	0	0	0	0	
0	0	0	0	0	0	0	0	0	0	0	0	0	0	0	0	0	0	0	0	0	0	0	0	0	
0	0	0	0	0	0	0	0	0	0	0	0	0	0	0	0	0	0	0	0	0	0	0	0	0	
0	0	0	0	0	0	0	0	0	0	0	0	0	0	0	0	0	0	0	0	0	0	0	0	0	
0	0	0	0	0	0	0	0	0	0	0	0	0	0	0	0	0	0	0	0	0	0	0	0	0	
0	0	0	0	0	0	0	0	0	0	0	0	0	0	0	0	0	0	0	0	0	0	0	0	0	
0	0	0	0	0	0	0	0	0	0	0	0	0	0	0	0	0	0	0	0	0	0	0	0	0	
0	0	0	0	0	0	0	0	0	0	0	0	0	0	0	0	0	0	0	0	0	0	0	0	0	
0	0	0	0	0	0	0	0	0	0	0	0	0	0	0	0	0	0	0	0	0	0	0	0	0	
0	0	0	0	0	0	0	0	0	0	0	0	0	0	0	0	0	0	0	0	0	0	0	0	0	
0	0	0	0	0	0	0	0	0	0	0	0	0	0	0	0	0	0	0	0	0	0	0	0	0	
0	0	0	0	0	0	0	0	0	0	0	0	0	0	0	0	0	0	0	0	0	0	0	0	0	
0	0	0	0	0	0	0	0	0	0	0	0	0	0	0	0	0	0	0	0	0	0	0	0	0	
0	0	0	0	0	0	0	0	0	0	0	0	0	0	0	0	0	0	0	0	0	0	0	0	0	
0	0	0	0	0	0	0	0	0	0	0	0	0	0	0	0	0	0	0	0	0	0	0	0	0	
0	0	0	0	0	0	0	0	0	0	0	0	0	0	0	0	0	0	0	0	0	0	0	0	0	
0	0	0	0	0	0	0	0	0	0	0	0	0	0	0	0	0	0	0	0	0	0	0	0	0	
0	0	0	0	0	0	0	0	0	0	0	0	0	0	0	0	0	0	0	0	0	0	0	0	0	
0	0	0	0	0	0	0	0	0	0	0	0	0	0	0	0	0	0	0	0	0	0	0	0	0	
0	0	0	0	0	0	0	0	0	0	0	0	0	0	0	0	0	0	0	0	0	0	0	0	0	
0	0	0	0	0	0	0	0	0	0	0	0	0	0	0	0	0	0	0	0	0	0	0	0	0	
0	0	0	0	0	0	0	0	0	0	0	0	0	0	0	0	0	0	0	0	0	0	0	0	0	
0	0	0	0	0	0	0	0	0	0	0	0	0	0	0	0	0	0	0	0	0	0	0	0	0	
0	0	0	0	0	0	0	0	0	0	0	0	0	0	0	0	0	0	0	0	0	0	0	0	0	
0	0	0	0	0	0	0	0	0	0	0	0	0	0	0	0	0	0	0	0	0	0	0	0	0	
0	0	0	0	0	0	0	0	0	0	0	0	0	0	0	0	0	0	0	0	0	0	0	0	0	
0	0	0	0	0	0	0	0	0	0	0	0	0	0	0	0	0	0	0	0	0	0	0	0	0	
0	0	0	0	0	0	0	0	0	0	0	0	0	0	0	0	0	0	0	0	0	0	0	0	0	
0	0	0	0	0	0	0	0	0	0	0	0	0	0	0	0	0	0	0	0	0	0	0	0	0	
0	0	0	0	0	0	0	0	0	0	0	0	0	0	0	0	0	0	0	0	0	0	0	0	0	
0	0	0	0	0	0	0	0	0	0	0	0	0	0	0	0	0	0	0	0	0	0	0	0	0	
0	0	0	0	0	0	0	0	0	0	0	0	0	0	0	0	0	0	0	0	0	0	0	0	0	
0	0	0	0	0	0	0	0	0	0	0	0	0	0	0	0	0	0	0	0	0	0	0	0	0	
0	0	0	0	0	0	0	0	0	0	0	0	0	0	0	0	0	0	0	0	0	0	0	0	0	
0	0	0	0	0	0	0	0	0	0	0	0	0	0	0	0	0	0	0	0	0	0	0	0	0	
0	0	0	0	0	0	0	0	0	0	0	0	0	0	0	0	0	0	0	0	0	0	0	0	0	
0	0	0	0	0	0	0	0	0	0	0	0	0	0	0	0	0	0	0	0	0	0	0	0	0	
0	0	0	0	0	0	0	0	0	0	0	0	0	0	0	0	0	0	0	0	0	0	0	0	0	
0	0	0	0	0	0	0	0	0	0	0	0	0	0	0	0	0	0	0	0	0	0	0	0	0	
0	0	0	0	0	0	0	0	0	0	0	0	0	0	0	0	0	0	0	0	0	0	0	0	0	
0	0	0	0	0	0	0	0	0	0	0	0	0	0	0	0	0	0	0	0	0	0	0	0	0	
0	0	0	0	0	0	0	0	0	0	0	0	0	0	0	0	0	0	0	0	0	0	0	0	0	
0	0	0	0	0	0	0	0	0	0	0	0	0	0	0	0	0	0	0	0	0	0	0	0	0	
0	0	0	0	0	0	0	0	0	0	0	0	0	0	0	0	0	0	0	0	0	0	0	0	0	
0	0	0	0	0	0	0	0	0	0	0	0	0	0	0	0	0	0	0	0	0	0	0	0	0	
0	0	0	0	0	0	0	0	0	0	0	0	0	0	0	0	0	0	0	0	0	0	0	0	0	
