1419.55	1511.29	1497.18	1393.46	1421.74	1305.77	1521.55	1226.52	1377.14	1466.11	1580.72	1252.43	1455.54	1444.95	1437.98	1414.15	1373.86	1244.88	1273.3	1581.28	1440.18	1610.22	1501.58	1505.06	1702.15	
1262.46	1508.85	1393.57	1347.8	1270.74	1305.77	1327.99	1226.52	1377.14	1329.6	1348.71	1156.53	1369.28	1288.94	1407.44	1243.73	1373.86	1244.88	1273.3	1125.15	1370.09	1224.45	1420.92	1382.74	1399.38	
1165.18	1154.95	1351.48	1128.62	1063.18	1089.66	1270.48	1226.52	1132.27	1131.47	1195.2	1107.78	1346.82	1288.94	1073.16	1113.17	1267.83	1244.88	1206.27	1098.85	1210.21	1224.45	1223.26	1320.43	1187.6	
1165.18	1154.95	1165.37	1128.62	1063.18	1040.61	1198.66	1097.56	1132.27	1131.47	1195.2	920.686	1174.54	1165.91	936.324	1010.81	1158.85	1218.41	1167	1053.65	1210.21	1143.4	1062.8	1157.74	1107.71	
1131.82	1080.28	1151.22	1114.96	1063.18	994.472	1160.51	991.35	1132.27	1131.47	1100.79	920.686	1144.82	1104.56	936.324	984.379	1086.4	1084.94	1059.31	1053.65	1071.62	1055.32	1062.8	1095.31	1107.71	
1065.52	969.055	1082	1113.91	992.263	994.472	1086.66	991.35	1071.08	891.088	1036.26	920.686	1069.39	1104.56	936.324	984.379	1086.4	947.267	1022.62	1029.05	1064.86	1055.32	972.642	1051.08	1046.34	
1065.52	945.59	1082	875.872	927.13	963.878	1007.84	955.703	1062.65	891.088	1036.26	920.686	1053.91	1029.15	936.324	931.07	961.388	947.267	1022.62	1012.05	927.253	1055.32	955.518	989.104	962.374	
1026.48	945.59	984.401	875.872	864.08	963.878	969.688	917.093	931.988	891.088	1036.26	915.659	934.356	1029.15	936.324	880.833	961.388	947.267	943.316	961.651	924.668	1024.05	955.518	946.481	947.304	
1015.67	932.034	984.401	875.872	864.08	963.878	969.688	917.093	931.988	891.088	998.438	915.659	934.356	1004.98	936.324	880.833	935.954	947.267	932.964	961.651	922.684	942.889	880.091	946.481	947.304	
996.852	932.034	984.401	875.872	864.08	840.863	824.927	873.814	828.181	852.569	998.438	915.659	924.889	982.452	888.973	880.833	828.402	947.267	927.078	949.984	886.975	942.889	880.091	946.481	947.304	
919.412	867.064	984.401	875.872	864.08	840.863	824.927	873.814	828.181	852.569	950.48	909.031	924.889	982.452	852.545	880.833	828.402	937.731	927.078	949.984	886.975	942.889	880.091	892.546	942.677	
829.162	867.064	906.848	875.872	864.08	840.863	824.927	871.853	828.181	852.569	943.007	909.031	924.889	898.178	852.545	880.833	828.402	900.405	847.081	888.328	886.975	942.889	880.091	892.546	904.542	
829.162	867.064	804.118	865.89	864.08	840.863	807.232	871.853	828.181	852.569	907.709	884.294	869.611	898.178	852.545	860.448	813.857	900.405	847.081	888.328	886.975	911.781	880.091	824.735	863.496	
829.162	821.964	804.118	820.342	864.08	840.863	807.232	838.195	828.181	839.535	903.725	884.294	869.611	898.178	837.347	860.448	761.329	848.602	847.081	878.549	886.975	905.016	810.844	824.735	863.496	
829.162	821.964	804.118	820.342	863.942	840.863	807.232	821.682	828.181	839.535	839.105	838	869.611	821.982	836.149	860.448	761.329	848.602	847.081	806.107	835.689	903.421	810.844	824.735	863.496	
829.162	821.964	804.118	820.342	822.102	748.439	807.232	821.682	828.181	839.535	807.435	818.345	757.586	814.306	836.149	830.691	761.329	848.602	847.081	806.107	835.689	869.81	810.248	824.735	855.627	
792.917	819.974	804.118	820.342	822.102	748.439	768.466	821.682	828.181	839.535	807.435	796.585	757.586	814.306	797.795	822.857	761.329	848.602	847.081	806.107	835.689	866.916	810.248	734.916	811.026	
792.917	811.424	804.118	804.233	822.102	748.439	768.466	805.073	828.181	839.535	807.435	784.506	757.586	787.256	797.795	822.857	754.21	848.602	847.081	806.107	835.689	768.201	810.248	734.916	811.026	
792.917	787.561	804.118	804.233	809.716	748.439	768.466	805.073	828.181	834.582	807.435	733.434	757.586	780.144	797.795	822.857	754.21	848.602	844.637	806.107	818.622	768.201	810.248	734.916	811.026	
792.917	765.885	804.118	804.233	809.716	748.439	768.466	777.429	828.181	816.101	807.435	733.434	757.586	780.144	773.389	822.857	749.749	848.602	844.637	806.107	818.622	768.201	801.892	734.916	811.026	
792.917	754.898	804.118	799.003	809.716	745.216	762.916	761.764	812.861	785.399	785.961	733.434	757.586	780.144	773.389	822.857	749.749	847.044	802.237	806.107	818.622	768.201	801.892	734.916	811.026	
755.788	754.898	789.438	786.389	809.716	745.216	711.217	761.764	812.861	785.399	748.186	733.434	757.586	780.144	773.389	799.511	749.749	788.154	776.996	806.107	818.622	768.201	787.457	734.916	778.588	
755.788	754.898	789.438	786.389	768.338	745.216	711.217	761.764	790.514	785.399	748.186	733.434	757.586	767.234	735.25	772.616	749.749	788.154	776.996	779.739	790.524	768.201	787.457	734.916	762.676	
740.816	734.557	789.438	786.389	746.494	745.216	711.217	729.592	790.514	777.784	687.722	733.434	757.586	767.234	735.25	772.616	749.749	775.015	776.996	769.914	749.013	768.201	787.457	734.916	762.676	
740.816	734.557	702.198	749.711	746.494	745.216	667.292	729.592	790.514	777.784	687.722	727.949	746.065	765.66	735.25	772.616	717.583	775.015	776.996	769.914	749.013	727.291	783.837	734.916	762.676	
740.816	734.557	702.198	749.711	746.494	745.216	667.292	729.592	790.514	769.956	687.722	714.065	746.065	734.377	735.25	772.616	716.167	775.015	776.996	769.914	634.586	727.291	752.875	713.83	762.676	
740.816	734.557	702.198	749.711	746.494	745.216	667.292	729.592	784.254	707.541	687.722	714.065	746.065	734.377	735.25	737.296	716.167	742.062	765.674	769.914	634.586	727.291	752.875	713.83	762.676	
679.705	724.076	702.198	749.711	746.494	745.216	667.292	729.592	780.03	707.541	687.722	714.065	746.065	734.377	735.25	737.296	706.466	728.248	765.674	740.052	634.586	727.291	743.824	713.83	744.911	
679.705	724.076	702.198	712.844	746.494	745.216	667.292	670.014	731.174	707.541	687.722	669.301	712.502	734.377	735.25	737.296	706.466	728.248	765.674	740.052	634.586	727.291	743.824	713.83	724.13	
679.705	724.076	702.198	712.844	746.494	745.216	667.292	670.014	731.174	707.541	687.722	648.344	712.502	734.377	735.25	733.751	706.466	728.248	729.507	740.052	634.586	727.291	743.824	713.83	724.13	
679.705	696.195	702.198	712.844	741.418	745.216	667.292	670.014	725.856	705.468	687.722	648.344	712.502	712.257	735.25	694.668	706.466	728.248	723.476	720.585	634.586	727.291	728.661	690.35	724.13	
679.705	696.195	702.198	712.844	730.392	689.889	667.292	670.014	725.856	705.468	687.722	648.344	712.502	704.451	721.515	694.668	706.466	728.248	723.476	720.585	634.586	727.291	728.661	690.35	724.108	
679.705	696.195	668.321	712.844	730.392	689.889	667.292	670.014	703.041	705.468	687.722	648.344	712.502	704.451	720.23	694.668	706.466	728.248	723.476	720.585	634.586	727.291	724.492	690.35	698.323	
679.705	696.195	668.321	712.844	730.392	689.889	667.292	670.014	703.041	705.468	687.722	648.344	712.502	704.451	720.23	694.668	700.386	728.248	707.349	695.751	634.586	727.291	724.492	690.35	698.323	
679.705	662.213	646.113	693.046	719.7	689.889	667.292	667.512	703.041	705.468	687.722	648.344	686.407	693.376	715.76	694.668	700.386	722.773	707.349	693.353	634.586	727.291	724.492	671.285	698.323	
679.705	662.213	646.113	693.046	678.947	689.889	667.292	667.512	698.38	705.468	687.722	648.344	686.407	693.376	688.571	694.525	658.165	697.821	707.349	693.353	634.586	714.161	724.492	671.285	698.323	
679.705	662.213	646.113	693.046	678.947	689.889	667.292	667.512	698.38	632.742	687.722	648.344	686.407	693.376	688.571	694.525	658.165	666.924	707.349	693.353	634.586	714.161	724.492	671.285	698.323	
679.705	662.213	646.113	693.046	678.947	689.889	667.292	667.512	698.38	632.742	687.722	648.344	686.407	693.376	688.571	694.525	637.157	666.924	698.357	693.353	634.586	714.161	710.553	671.285	689.305	
679.705	662.213	646.113	693.046	678.947	666.111	667.292	665.968	698.38	632.742	687.722	648.344	686.407	693.376	688.571	659.867	637.157	666.924	698.357	693.353	634.586	682.501	680.034	671.285	689.305	
679.705	627.314	646.113	684.98	678.947	666.111	667.292	665.968	674.362	632.742	687.722	648.344	630.768	693.376	680.411	659.867	637.157	666.924	698.357	682.029	634.586	682.501	680.034	671.285	639.407	
679.705	627.314	646.113	684.98	678.947	666.111	667.292	665.968	674.362	632.742	682.199	648.344	630.768	678.045	680.411	659.867	637.157	666.924	651.471	682.029	634.586	682.501	659.726	671.285	639.407	
676.113	627.314	646.113	684.98	678.947	666.111	667.292	665.968	674.362	632.742	650.758	638.032	630.768	678.045	674.819	659.867	637.157	666.924	651.471	660.338	634.586	682.501	659.726	658.38	624.936	
669.183	627.314	646.113	657.822	638.466	666.111	667.292	665.968	674.362	632.742	650.758	638.032	630.768	678.045	674.819	659.867	637.157	659.849	651.471	653.711	634.586	682.501	659.726	658.38	624.936	
669.183	627.314	646.113	657.822	638.466	666.111	667.292	665.968	674.362	632.742	650.758	638.032	630.768	678.045	674.819	659.867	637.157	659.849	651.471	653.711	634.586	682.501	659.726	658.38	624.936	
669.183	627.314	633.648	657.822	638.466	666.111	667.292	665.968	674.362	632.742	650.758	638.032	630.768	678.045	674.819	659.867	637.157	659.849	651.471	653.711	634.586	682.501	659.726	644.88	624.936	
669.062	627.314	633.648	657.822	638.466	666.111	653.611	662.933	674.362	632.742	650.758	638.032	630.768	678.045	654.189	659.867	637.157	659.849	651.471	653.711	634.586	682.501	659.726	644.88	624.936	
669.062	627.314	629.066	624.649	638.466	652.803	640.207	662.933	670.073	632.742	650.758	638.032	630.768	668.548	654.189	631.588	637.157	659.849	651.471	653.711	634.586	668.677	659.726	644.88	624.936	
622.801	627.314	629.066	624.649	638.466	652.803	640.207	571.768	670.073	632.742	650.758	638.032	630.768	659.987	636.31	622.149	613.679	658.199	651.471	653.711	634.586	668.677	659.726	644.88	624.936	
622.801	627.314	629.066	624.649	634.337	652.803	640.207	571.768	670.073	632.742	650.758	638.032	630.768	632.481	636.31	609.175	613.679	658.199	651.471	653.711	634.586	650.546	659.075	630.501	624.936	
622.801	627.314	629.066	624.649	634.337	652.803	640.207	571.768	670.073	632.742	650.758	638.032	630.768	632.481	636.31	609.175	613.679	658.199	651.471	653.711	634.586	638.31	654.968	630.501	619.564	
622.801	627.314	629.066	624.649	634.337	652.803	637.226	571.768	670.073	632.742	650.758	638.032	630.768	632.481	636.31	609.175	613.679	658.199	638.178	653.711	634.586	638.31	654.968	630.501	619.564	
622.801	627.314	629.066	624.649	634.337	652.803	637.226	571.768	625.946	632.742	649.266	638.032	630.768	632.481	636.31	609.175	613.679	658.199	638.178	653.711	634.586	638.31	654.968	630.501	619.564	
622.801	627.314	629.066	624.649	634.337	652.803	637.226	571.768	625.946	632.361	649.266	638.032	628.926	632.481	636.31	609.175	613.679	658.199	629.317	653.711	634.586	638.31	654.968	630.501	619.564	
622.801	627.314	629.066	624.649	627.401	652.803	637.226	571.768	625.946	632.361	594.048	638.032	628.926	632.481	636.31	609.175	613.679	620.74	629.317	653.711	634.586	609.942	651.62	630.501	619.564	
622.801	627.314	629.066	624.649	627.401	645.421	637.226	571.768	625.946	632.361	594.048	638.032	628.926	632.481	636.31	609.175	613.679	620.74	629.317	653.711	634.586	609.942	642.946	630.501	619.564	
622.801	627.314	629.066	624.649	627.401	645.421	623.488	571.768	625.946	632.361	594.048	617.804	628.926	632.481	636.31	609.175	613.679	620.74	629.317	653.711	634.586	602.058	642.946	603.374	619.564	
622.801	627.314	629.066	624.649	627.401	634.361	623.488	571.768	625.946	632.361	594.048	617.804	628.926	632.481	636.31	598.336	613.679	620.74	629.317	653.711	634.586	602.058	642.946	603.374	619.564	
622.801	627.314	629.066	624.455	626.816	634.361	623.488	571.768	625.946	631.832	594.048	617.804	623.003	632.481	636.31	598.336	613.679	620.74	629.317	620.866	634.586	602.058	642.946	603.374	619.564	
622.801	618.578	616.014	623.94	619.137	623.719	623.488	571.768	625.946	631.832	594.048	617.804	623.003	625.758	616.708	598.336	581.892	620.74	629.317	620.866	634.586	602.058	642.946	603.374	619.564	
622.801	618.578	616.014	623.94	597.727	623.719	623.488	571.768	625.946	631.832	594.048	609.069	623.003	625.758	616.708	596.943	581.892	620.74	629.317	620.866	634.586	602.058	642.946	603.374	619.564	
616.043	618.578	616.014	623.94	597.727	623.719	623.488	571.768	625.946	608.083	594.048	609.069	595.065	625.374	616.708	596.943	581.892	620.74	629.317	620.866	634.586	602.058	608.345	603.374	619.564	
616.043	618.578	616.014	623.94	597.727	623.719	623.488	571.768	607.411	608.083	594.048	609.069	595.065	625.374	616.708	596.943	581.892	620.74	629.317	620.866	634.586	602.058	602.603	603.374	608.637	
616.043	618.578	616.014	623.94	597.727	623.719	623.488	571.768	606.898	584.112	594.048	609.069	595.065	625.374	616.708	596.943	581.892	620.74	629.317	612.433	611.771	602.058	602.603	603.374	608.637	
610.621	618.578	616.014	588.426	597.727	623.509	623.488	571.768	606.898	584.112	594.048	604.582	595.065	625.374	616.708	596.943	581.892	620.74	629.317	612.433	611.771	602.058	602.603	603.374	608.637	
573.78	618.578	616.014	588.426	597.727	623.509	623.488	571.768	606.898	584.112	594.048	604.582	595.065	625.374	616.708	596.943	581.892	620.74	629.317	577.822	611.771	602.058	598.088	603.374	608.637	
573.78	618.578	616.014	588.426	597.727	623.509	577.999	571.768	606.898	584.112	594.048	604.582	595.065	625.374	616.708	596.943	581.892	620.74	622.734	577.822	611.771	602.058	598.088	603.374	608.637	
573.78	616.4	616.014	588.426	597.727	623.509	577.999	571.768	606.898	584.112	594.048	604.582	595.065	609.428	616.708	596.943	581.892	620.74	622.734	577.822	611.771	602.058	598.088	603.374	608.637	
573.78	616.4	603.158	588.426	597.727	615.877	577.999	571.768	606.898	584.112	594.048	604.582	595.065	609.428	616.708	596.943	581.892	620.74	622.734	577.822	611.771	602.058	598.088	603.374	608.637	
573.78	611.572	603.158	588.426	597.727	615.877	577.999	571.768	606.898	584.112	594.048	604.582	568.503	609.428	616.708	596.943	581.892	620.74	622.734	577.822	607.134	602.058	598.088	603.374	601.981	
573.78	611.572	603.158	588.426	597.727	615.877	577.999	571.768	606.898	584.112	594.048	604.582	568.503	609.428	616.708	596.943	581.892	620.74	613.012	577.822	607.134	602.058	598.088	603.374	601.981	
573.78	611.572	603.158	564.713	597.727	615.877	577.999	571.768	606.898	584.112	594.048	604.582	568.503	609.428	616.708	596.943	581.892	620.74	613.012	577.822	607.134	577.161	598.088	603.374	601.981	
573.78	609.476	603.158	564.713	597.727	615.877	577.999	571.768	606.898	584.112	594.048	604.582	568.503	599.302	616.708	596.943	581.892	620.74	589.205	577.822	599.493	577.161	598.088	603.374	601.981	
573.78	607.929	603.158	564.713	597.727	615.877	577.999	571.768	606.898	584.112	594.048	604.582	568.503	599.302	616.708	596.943	581.892	620.74	589.205	577.822	599.493	577.161	598.088	603.374	590.04	
573.78	607.929	603.158	564.713	597.727	615.877	577.999	571.768	606.898	584.112	594.048	604.582	568.503	599.302	616.708	583.738	581.892	586.192	589.205	577.822	595.251	577.161	598.088	603.374	590.04	
573.78	607.929	603.158	564.713	597.727	615.877	577.999	571.768	606.898	584.112	594.048	604.582	568.503	599.302	616.708	578.895	581.892	586.192	589.205	571.226	595.251	577.161	539.702	603.374	590.04	
573.78	607.929	603.158	564.713	597.727	608.48	577.999	571.768	593.102	584.112	594.048	604.582	568.503	582.095	604.222	578.895	581.892	586.192	589.205	571.226	595.251	577.161	539.702	603.374	590.04	
573.78	601.579	595.13	564.713	597.727	608.48	577.999	571.768	593.102	584.112	594.048	601.489	568.503	582.095	604.222	578.895	581.892	586.192	589.205	571.226	595.251	577.161	539.702	603.374	590.04	
573.78	601.579	595.13	564.713	597.727	608.48	577.999	571.768	593.102	584.112	594.048	600.596	568.503	582.095	604.222	578.895	581.892	586.192	589.205	571.226	595.251	577.161	539.702	531.496	590.04	
573.78	600.476	595.13	564.713	597.727	608.48	577.999	571.768	593.102	584.112	594.048	600.596	568.503	582.095	604.222	578.895	581.892	586.192	589.205	571.226	595.251	577.161	539.702	531.496	590.04	
573.78	598.654	595.13	564.713	597.727	608.48	577.999	571.768	593.102	584.112	594.048	600.596	568.503	582.095	604.222	576.515	581.892	586.192	589.205	571.226	584.286	577.161	539.702	531.496	590.04	
573.78	598.654	595.13	564.713	597.727	608.48	577.999	571.768	593.102	584.112	594.048	600.596	568.503	582.095	604.222	576.515	570.602	586.192	589.205	571.226	571.053	577.161	539.702	531.496	590.04	
573.78	598.654	595.13	564.713	597.727	608.48	577.999	571.768	593.102	584.112	594.048	600.596	537.703	582.095	604.222	576.515	570.602	586.192	589.205	571.226	566.666	577.161	539.702	531.496	590.04	
573.78	594.192	595.13	564.713	597.727	602.577	577.999	571.768	593.102	584.112	594.048	600.596	537.703	582.095	604.222	576.515	570.602	560.208	589.205	571.226	566.666	577.161	539.702	531.496	590.04	
572.943	594.192	595.13	564.713	597.727	602.577	577.999	571.768	593.102	584.112	594.048	600.596	537.703	582.095	602.615	576.515	570.602	560.208	589.205	571.226	566.666	577.161	539.702	531.496	576.013	
572.943	580.815	595.13	564.713	597.727	602.577	577.999	568.916	593.102	584.112	567.326	542.021	537.703	560.193	602.615	576.515	570.602	560.208	589.205	571.226	566.666	577.161	539.702	531.496	576.013	
572.943	580.815	595.13	564.713	597.727	602.577	577.999	568.916	593.102	568.494	567.326	542.021	537.703	560.193	597.774	576.515	570.602	560.208	589.205	571.226	566.666	577.161	539.702	531.496	576.013	
572.943	580.815	595.13	564.713	597.224	602.577	577.999	568.916	593.102	568.494	567.326	542.021	537.703	560.193	597.774	576.515	570.602	560.208	589.205	571.226	566.666	577.161	539.702	531.496	576.013	
572.943	580.815	595.13	564.713	597.224	602.577	577.999	568.916	570.168	568.494	567.326	542.021	537.703	560.193	597.774	576.515	570.602	560.208	589.205	571.226	566.666	577.161	539.702	531.496	576.013	
572.943	580.815	574.875	564.713	597.189	589.028	577.999	568.916	570.168	568.494	567.326	542.021	537.703	560.193	597.774	576.515	570.602	560.208	560.737	571.226	566.666	577.161	539.702	531.496	576.013	
572.943	580.815	574.875	564.713	597.189	589.028	577.999	568.916	570.168	568.494	567.326	542.021	537.703	560.193	572.934	576.515	570.602	560.208	560.737	571.226	566.666	577.161	539.702	531.496	576.013	
572.943	580.815	574.875	564.713	597.189	572.337	577.999	568.916	570.168	568.494	567.326	542.021	537.703	560.193	572.934	576.515	570.602	560.208	560.737	571.226	566.666	577.161	539.702	531.496	576.013	
572.943	580.815	574.875	564.713	597.189	572.337	577.999	568.916	570.168	568.494	567.326	542.021	537.703	560.193	572.934	576.515	570.602	560.208	560.737	571.226	566.666	577.161	539.702	531.496	576.013	
572.943	580.815	574.875	564.713	597.189	572.337	577.999	568.916	564.628	568.494	543.335	542.021	537.703	560.193	572.934	542.894	570.602	560.208	560.737	571.226	566.666	576.927	539.702	531.496	576.013	
572.943	580.815	574.567	564.713	597.189	572.337	577.999	568.916	564.628	568.494	543.335	542.021	537.703	560.193	572.934	542.894	570.602	560.208	560.737	571.226	566.666	576.927	539.702	531.496	576.013	
572.943	575.174	574.567	564.713	555.496	572.337	577.999	568.916	564.628	568.494	543.335	542.021	537.703	560.193	572.934	542.894	570.602	560.208	560.737	571.226	566.666	576.927	539.702	531.496	576.013	
572.943	575.174	574.567	564.713	555.496	572.337	577.999	564.477	564.628	568.494	543.335	542.021	537.703	560.193	572.934	542.894	570.602	560.208	560.737	563.72	566.666	576.927	539.702	531.496	576.013	
572.943	575.174	574.567	564.713	555.496	571.677	577.999	564.477	564.628	568.494	543.335	542.021	537.703	560.193	572.934	542.894	540.309	560.208	560.737	563.72	566.666	576.927	539.702	531.496	576.013	
572.943	575.174	574.567	556.15	555.496	571.677	577.999	564.477	564.628	568.494	543.335	542.021	537.703	560.193	572.934	542.894	540.309	560.208	560.737	563.72	566.666	576.927	539.702	531.496	570.865	
572.943	575.174	574.567	556.15	555.496	571.677	577.999	564.477	564.628	568.494	543.335	542.021	537.703	560.193	572.934	542.894	540.309	560.208	560.737	563.72	552.63	576.927	539.702	531.496	570.865	
572.943	575.174	574.567	556.15	555.496	571.677	574.543	564.477	564.628	568.494	543.335	542.021	537.703	560.193	572.934	542.894	540.309	560.208	560.737	563.72	546.074	576.927	539.702	531.496	570.865	
572.943	575.174	574.567	556.15	555.496	571.677	574.543	564.477	564.628	566.299	543.335	542.021	537.703	560.193	572.934	542.894	540.309	560.208	560.737	563.72	546.074	576.927	539.702	531.496	570.865	
572.943	575.174	574.567	556.15	555.496	571.677	574.543	564.477	564.628	566.299	543.335	542.021	537.703	560.193	572.934	542.894	540.309	560.208	560.737	563.72	546.074	576.927	539.702	531.496	555.847	
572.943	575.174	573.838	556.15	555.496	571.677	574.543	564.477	564.628	566.299	543.335	542.021	537.703	560.193	572.934	542.894	540.309	560.208	560.737	563.72	546.074	576.927	539.702	531.496	555.847	
572.943	575.174	573.838	556.15	546.753	571.677	574.543	564.477	564.628	566.299	543.335	542.021	537.703	560.193	572.934	542.894	540.309	560.208	560.737	548.512	546.074	570.389	539.702	531.496	555.847	
563.954	555.565	573.838	556.15	546.753	571.677	568.17	564.477	564.628	566.299	543.335	542.021	537.703	560.193	572.934	542.894	540.309	560.208	560.737	548.512	546.074	570.389	539.702	531.496	555.847	
563.954	555.565	573.838	556.15	546.753	571.481	568.17	564.477	564.628	566.299	543.335	542.021	537.703	560.193	572.934	542.894	540.309	560.208	560.737	548.512	546.074	543.811	539.702	531.496	555.847	
563.954	555.565	573.838	556.15	546.753	571.481	568.17	564.477	564.628	566.299	543.335	542.021	537.703	560.193	567.212	542.894	540.309	560.208	560.737	548.512	546.074	543.811	539.702	531.496	555.847	
563.954	555.565	573.838	556.15	546.753	571.481	568.17	564.477	564.628	566.299	543.335	542.021	537.703	560.193	567.212	542.894	540.309	560.208	560.737	548.512	546.074	543.811	539.702	531.496	555.847	
563.954	555.565	532.228	556.15	546.753	571.481	568.17	564.477	564.628	566.299	543.335	542.021	537.703	560.193	567.212	542.894	540.309	560.208	560.737	548.512	546.074	543.811	539.702	531.496	540.354	
563.954	555.565	532.228	556.15	546.753	571.481	568.17	564.477	564.628	566.299	543.335	542.021	537.703	560.193	567.212	542.894	540.309	560.208	560.737	548.512	546.074	543.811	539.702	531.496	540.354	
563.954	555.565	532.228	556.15	546.753	571.481	568.17	564.477	564.628	566.299	543.335	542.021	537.703	560.193	567.212	542.894	540.309	560.208	560.737	545.759	546.074	543.811	539.702	531.496	540.354	
563.954	555.565	508.757	556.15	546.753	571.481	568.17	564.477	564.628	566.299	543.335	542.021	537.703	560.193	567.212	542.894	540.309	560.208	560.737	545.759	546.074	543.811	539.702	531.496	540.354	
563.954	555.565	508.757	556.15	546.753	571.481	568.17	564.477	564.628	566.299	543.335	542.021	537.703	560.193	567.212	542.894	540.309	560.208	560.737	545.759	546.074	543.811	539.702	531.496	540.354	
555.043	555.565	508.757	556.15	546.753	571.481	553.595	564.477	564.628	566.299	543.335	542.021	537.703	560.193	567.212	542.894	540.309	560.049	560.737	545.759	546.074	543.811	539.702	531.496	540.354	
555.043	555.565	508.757	556.15	546.753	571.481	553.595	564.477	564.628	538.423	543.335	542.021	537.703	560.193	567.212	542.894	540.309	560.049	560.737	545.759	546.074	543.811	539.702	531.496	540.354	
555.043	555.565	508.757	556.15	546.753	571.481	553.595	564.477	564.628	538.423	543.335	542.021	537.703	560.193	567.212	542.894	540.309	560.049	560.737	545.759	546.074	543.811	539.702	531.496	540.354	
555.043	555.565	508.757	556.15	546.753	571.481	553.595	564.477	564.628	538.423	543.335	542.021	537.703	560.193	567.212	542.894	540.309	560.049	560.737	545.759	546.074	543.811	539.702	531.496	540.354	
555.043	555.565	508.757	556.15	546.753	571.481	553.595	564.477	553.786	538.423	543.335	542.021	537.703	560.193	567.212	542.894	540.309	560.049	560.737	545.759	546.074	543.811	539.702	531.496	540.354	
555.043	555.565	508.757	556.15	546.753	571.481	553.595	564.477	553.786	538.423	543.335	542.021	537.703	560.193	567.212	542.894	540.309	560.049	560.737	545.759	546.074	543.811	539.702	531.496	540.354	
555.043	553.049	508.757	556.15	546.753	571.481	550.287	564.477	553.786	538.423	543.335	542.021	537.703	559.403	550.041	542.894	540.309	560.049	560.737	545.759	546.074	543.811	539.702	531.496	540.354	
555.043	553.049	508.757	556.15	546.753	571.481	550.287	564.477	553.786	538.423	543.335	542.021	537.703	559.403	550.041	542.894	540.309	560.049	560.737	545.759	543.696	543.811	539.702	531.496	540.354	
555.043	553.049	508.757	556.15	546.753	571.481	550.287	564.477	553.786	538.423	543.335	542.021	537.703	559.403	550.041	542.894	540.309	560.049	560.737	545.759	543.696	543.811	533.671	531.496	540.354	
555.043	553.049	508.757	556.15	546.753	571.481	550.287	564.477	553.786	538.423	543.335	542.021	537.703	559.403	550.041	542.894	540.309	560.049	560.737	545.759	543.696	543.811	533.671	531.496	540.354	
555.043	553.049	508.757	556.15	546.753	569.671	550.287	564.477	553.786	538.423	543.335	542.021	537.703	559.403	550.041	542.894	540.309	560.049	560.737	545.759	543.696	543.811	533.671	531.496	540.354	
555.043	553.049	508.757	556.15	546.753	569.671	550.287	564.477	551.059	538.423	543.335	542.021	537.703	559.403	550.041	542.894	540.309	560.049	560.737	545.759	543.696	543.811	533.671	531.496	540.354	
555.043	553.049	508.757	556.15	546.753	569.229	550.287	564.477	551.059	538.423	543.335	542.021	537.703	559.403	550.041	542.894	540.309	560.049	560.737	545.759	543.696	543.811	533.671	531.496	540.354	
555.043	553.049	508.757	556.15	546.753	569.229	550.287	564.477	551.059	538.423	543.335	542.021	537.703	559.403	550.041	542.894	540.309	555.391	560.737	545.759	543.696	543.811	533.671	531.496	540.354	
555.043	553.049	508.757	556.15	546.753	533.8	545.462	564.477	551.059	538.423	543.335	542.021	537.703	559.403	550.041	542.894	540.309	555.391	560.737	545.759	543.696	543.811	533.671	531.496	540.354	
555.043	553.049	508.757	556.15	546.753	533.8	545.462	564.477	551.059	538.423	543.335	542.021	537.703	559.403	550.041	542.894	540.309	555.391	560.737	545.759	543.696	543.811	533.671	531.496	540.354	
555.043	553.049	508.757	556.15	546.753	533.8	545.462	555.19	551.059	538.423	543.335	542.021	537.703	559.403	550.041	542.894	540.309	555.391	560.737	545.759	543.696	543.811	533.671	531.496	540.354	
555.043	553.049	508.757	556.15	546.753	533.8	545.462	553.685	551.059	538.423	543.335	542.021	537.703	559.403	550.041	542.894	540.309	555.391	560.737	545.759	543.696	543.811	533.671	531.496	540.354	
555.043	553.049	508.757	556.15	546.753	533.8	545.462	553.685	551.059	538.423	543.335	542.021	537.703	559.403	550.041	542.894	540.309	555.391	560.737	545.759	543.696	543.811	533.671	531.496	540.354	
555.043	553.049	508.757	556.15	546.753	533.8	545.462	553.685	551.059	538.423	543.335	523.392	537.703	559.403	550.041	542.894	540.309	555.391	560.737	545.759	543.696	543.811	533.671	531.496	540.354	
555.043	553.049	508.757	556.15	546.753	533.8	545.462	552.175	551.059	538.423	543.335	523.392	537.703	559.403	550.041	542.894	540.309	555.391	560.737	545.759	543.696	543.811	533.671	531.496	540.354	
555.043	553.049	508.757	556.15	546.753	533.8	545.462	552.175	551.059	538.423	543.335	523.392	537.703	559.403	550.041	542.894	540.309	555.391	560.737	545.759	543.696	543.811	533.671	531.496	540.354	
536.689	553.049	508.757	556.15	546.753	533.8	545.462	552.175	551.059	538.423	543.335	523.392	537.703	559.403	550.041	542.894	540.309	555.391	560.737	545.759	543.696	543.811	533.671	531.496	540.354	
536.689	553.049	508.757	556.15	546.753	533.8	545.462	543.463	551.059	538.423	543.335	523.392	537.703	559.403	550.041	542.894	540.309	555.391	560.737	545.759	543.696	543.811	533.671	531.496	540.354	
536.689	553.049	508.757	556.15	546.753	533.8	545.462	543.463	551.059	538.423	543.335	523.392	537.703	559.403	550.041	542.894	522.617	555.391	560.737	545.759	543.696	543.811	533.671	531.496	540.354	
536.689	527.998	508.757	556.15	546.753	533.8	545.462	543.463	551.059	538.423	543.335	523.392	537.703	559.403	550.041	542.894	522.617	555.391	560.737	545.759	543.696	543.811	533.671	531.496	540.354	
536.689	527.998	508.757	556.15	546.753	533.8	545.462	543.463	551.059	538.423	543.335	523.392	537.703	559.403	550.041	542.894	522.617	555.391	560.737	545.759	543.696	543.811	533.671	531.496	540.354	
536.689	527.998	508.757	556.15	546.753	533.8	545.462	543.463	551.059	538.423	543.335	523.392	537.703	559.403	550.041	542.894	522.617	548.403	560.737	545.759	543.696	543.811	533.671	531.496	540.354	
536.689	527.998	508.757	556.15	539.803	533.8	545.462	543.463	551.059	538.423	543.335	523.392	537.703	559.403	543.217	542.894	522.617	548.403	560.737	545.759	543.696	543.811	533.671	531.496	540.354	
536.689	527.998	508.757	556.15	539.803	533.8	545.462	543.463	551.059	538.423	543.335	523.392	537.703	559.403	543.217	542.894	522.617	548.403	560.737	545.759	543.696	543.811	533.671	531.496	540.354	
536.689	527.998	508.757	556.15	539.803	533.8	545.462	543.463	551.059	538.423	543.335	523.392	537.703	549.916	543.217	542.894	522.617	548.403	560.737	545.759	543.696	543.811	533.671	531.496	540.354	
536.689	527.998	508.757	556.15	539.803	533.8	545.462	543.463	551.059	538.423	543.335	523.392	537.703	549.916	543.217	542.894	522.617	548.403	560.737	545.759	543.696	543.811	533.671	531.496	540.354	
536.689	527.998	508.757	556.15	539.803	533.8	545.462	543.463	551.059	538.423	543.335	523.392	537.703	549.916	543.217	542.894	522.617	548.403	521.765	545.759	543.696	543.811	533.671	531.496	540.354	
536.689	527.998	508.757	556.15	539.803	533.8	545.462	543.463	551.059	538.423	543.335	523.392	537.703	549.916	543.217	542.894	522.617	548.403	521.765	545.759	543.696	543.811	533.671	531.496	540.354	
536.689	527.998	508.757	556.15	539.803	533.8	545.462	532.793	551.059	538.423	543.335	523.392	537.703	549.916	543.217	542.894	522.617	548.403	521.765	545.759	543.696	543.811	533.671	531.496	540.354	
536.689	527.998	508.757	556.15	539.803	533.8	545.257	532.793	522.921	538.423	543.335	523.392	537.703	549.916	543.217	542.894	522.617	548.403	521.765	545.759	543.696	543.811	530.463	531.496	540.354	
536.689	527.998	508.757	556.15	539.803	533.8	545.257	532.793	522.921	538.423	543.335	523.392	537.703	549.916	543.217	467.555	522.617	548.403	521.765	545.759	543.696	543.015	530.463	531.496	540.354	
536.689	527.998	508.757	556.15	539.803	533.8	545.257	532.793	522.921	538.423	543.335	523.392	537.703	549.916	543.217	467.555	522.617	548.403	521.765	545.759	543.696	543.015	530.463	531.496	540.354	
536.689	527.998	508.757	555.119	539.803	533.8	545.257	532.793	522.921	538.423	543.335	523.392	537.703	549.916	543.217	467.555	522.617	548.403	521.765	545.759	543.696	543.015	530.463	531.496	540.354	
536.689	527.998	508.757	525.885	539.803	533.8	545.257	532.793	522.921	538.423	543.335	523.392	537.703	549.916	543.217	467.555	522.617	548.403	521.765	545.759	543.696	543.015	530.463	531.496	540.354	
536.689	527.998	508.757	525.885	536.766	533.8	545.257	532.793	522.921	538.423	543.335	523.392	537.703	549.916	543.217	467.555	522.617	548.403	521.765	533.451	543.178	543.015	530.463	531.496	540.354	
536.689	527.998	508.757	525.885	536.766	533.8	545.257	532.793	522.921	538.423	543.335	523.392	537.703	549.916	543.217	467.555	522.617	548.403	521.765	533.451	543.178	543.015	530.463	531.496	540.354	
536.689	527.998	508.757	525.885	536.766	533.8	545.257	529.771	522.921	538.423	543.335	523.392	537.703	547.131	533.385	467.555	522.617	548.403	521.765	533.451	543.178	543.015	530.463	531.496	540.354	
536.689	527.998	508.757	525.885	536.766	533.8	545.257	529.771	522.921	538.423	543.335	523.392	537.703	547.131	533.385	467.555	522.617	548.403	521.765	532.201	543.178	543.015	530.463	531.496	540.354	
536.689	527.998	508.757	525.885	536.766	533.8	544.745	529.771	522.921	538.423	543.335	523.392	537.703	547.131	533.385	467.555	522.617	540.302	521.765	532.201	543.178	543.015	530.463	531.496	540.354	
536.689	527.998	508.757	525.885	536.766	533.8	544.745	529.771	522.921	538.423	543.335	523.392	537.703	547.131	533.385	467.555	522.617	540.302	521.765	532.201	543.178	543.015	530.463	531.496	540.354	
536.689	527.998	508.757	525.885	536.766	533.8	544.745	529.771	522.921	538.423	543.335	523.392	537.703	547.131	533.385	467.555	522.617	540.302	521.765	532.201	543.178	543.015	530.463	531.496	540.354	
536.689	527.998	508.757	525.885	536.766	533.8	540.661	529.771	522.921	538.423	543.335	523.392	537.703	547.131	533.385	467.555	522.617	540.302	521.765	532.201	543.178	543.015	530.463	531.496	540.354	
536.689	527.998	508.757	525.885	536.766	533.8	530.528	527.521	522.921	538.423	543.335	523.392	537.703	547.131	533.385	467.555	522.617	540.302	521.765	532.201	543.178	543.015	530.463	531.496	540.354	
532.666	527.998	508.757	525.885	536.766	533.8	530.528	527.521	522.921	538.423	543.335	523.392	537.703	547.131	533.385	467.555	522.617	540.302	521.765	532.201	543.178	543.015	530.463	531.496	540.354	
532.666	527.998	508.757	525.885	536.766	533.8	530.528	527.521	522.921	538.423	539.48	523.392	537.703	543.394	533.385	467.555	522.617	540.302	521.765	532.201	543.178	543.015	530.463	531.496	540.354	
532.666	527.998	508.757	525.885	536.766	533.8	530.528	527.521	522.921	538.423	539.48	523.392	537.703	543.394	533.385	467.555	522.617	540.302	521.765	532.201	543.178	543.015	530.463	531.496	540.354	
532.666	527.998	508.757	525.885	536.766	533.8	530.277	527.521	522.921	538.423	539.48	523.392	527.003	543.394	533.385	467.555	522.617	540.302	521.765	532.201	543.178	543.015	530.463	531.496	540.354	
532.666	527.998	508.757	525.885	536.766	533.8	530.277	527.521	522.921	538.423	539.48	523.392	527.003	543.394	533.385	467.555	522.617	540.302	521.765	532.201	543.178	543.015	530.463	531.496	540.354	
532.666	527.998	508.757	525.885	536.766	533.8	530.277	527.521	522.921	517.756	539.48	523.392	527.003	543.394	533.385	467.555	522.617	540.302	521.765	532.201	543.178	543.015	530.463	531.496	540.354	
532.666	527.998	508.757	525.885	536.766	533.8	530.277	527.521	522.921	517.756	539.48	523.392	527.003	543.394	533.385	467.555	522.617	540.302	521.765	532.201	543.178	543.015	530.463	531.496	540.354	
532.666	527.998	508.757	525.885	536.766	533.8	530.277	527.521	522.921	517.756	539.48	523.392	505.467	543.394	533.385	467.555	522.617	540.302	521.765	532.201	543.178	543.015	530.463	531.496	540.354	
532.666	527.998	508.757	525.885	536.766	533.8	530.277	527.521	522.921	517.756	539.48	523.392	505.467	543.394	533.385	467.555	522.617	540.302	521.765	532.201	543.178	543.015	530.463	531.496	540.354	
532.666	527.998	508.757	525.885	532.429	533.8	530.277	527.521	522.921	517.756	539.48	523.392	505.467	543.394	533.385	467.555	510.303	540.302	521.765	532.201	543.178	543.015	530.463	531.496	536.994	
532.666	527.998	508.757	525.885	532.429	533.8	530.277	527.521	522.921	517.756	539.48	523.392	505.467	543.394	533.385	467.555	510.303	540.302	521.765	532.201	543.178	543.015	530.463	531.496	536.994	
532.666	527.998	508.757	525.885	522.375	533.8	530.277	527.521	522.921	517.756	539.48	523.392	505.467	543.394	533.385	467.555	510.303	540.302	521.765	532.201	543.178	543.015	530.463	531.496	514.797	
532.666	527.998	508.757	525.885	522.375	533.8	530.277	527.521	522.921	517.756	539.48	523.392	505.467	538.383	533.385	467.555	510.303	540.302	521.765	532.201	539.084	543.015	530.463	531.496	514.797	
532.666	527.998	508.757	525.885	522.375	533.8	530.277	527.521	522.921	517.756	539.48	522.835	505.467	538.383	533.385	467.555	510.303	540.302	521.765	530.515	537.175	536.711	530.463	531.496	514.797	
532.666	527.998	508.757	525.885	522.375	528.988	530.277	527.521	522.921	517.756	539.48	522.835	505.467	538.383	533.385	467.555	510.303	540.302	521.765	530.515	537.175	536.711	530.463	531.496	514.797	
532.666	527.998	508.757	525.885	522.375	528.988	530.277	527.521	522.921	517.756	539.48	522.835	505.467	538.383	533.385	467.555	510.303	524.782	521.765	530.515	537.175	536.711	530.463	531.496	492.253	
532.666	527.998	508.757	525.885	522.375	528.988	530.277	527.521	522.921	517.756	539.48	522.835	505.467	538.383	533.385	467.555	510.303	519.57	521.765	530.515	537.175	536.711	530.463	523.16	492.253	
532.666	527.998	508.757	525.885	522.375	528.988	530.277	527.521	522.921	517.756	521.089	522.835	505.467	538.383	533.385	467.555	510.303	519.57	521.765	530.515	537.175	536.711	530.463	523.16	492.253	
532.666	527.998	508.757	525.885	522.375	528.988	530.277	527.521	522.921	517.756	521.089	522.835	505.467	509.531	533.385	467.555	510.303	519.57	521.765	530.515	537.175	536.711	530.463	523.16	492.253	
532.666	527.998	508.757	525.885	522.375	528.988	530.277	527.521	522.921	517.756	521.089	522.835	505.467	509.531	533.385	467.555	510.303	519.57	521.765	530.515	537.175	536.711	530.463	523.16	492.253	
532.666	527.998	508.757	525.885	522.375	528.988	530.277	527.521	522.921	517.756	521.089	522.835	505.467	509.531	533.385	467.555	510.303	519.57	521.765	530.515	537.175	536.711	530.463	523.16	492.253	
532.666	527.998	508.757	525.885	522.375	528.988	530.277	527.521	522.921	517.756	521.089	522.835	505.467	509.531	532.381	467.555	510.303	519.57	521.765	530.515	537.175	536.711	530.463	523.16	492.253	
532.666	527.998	508.757	525.885	522.375	528.988	530.277	527.521	522.921	517.756	521.089	522.835	505.467	509.531	532.381	467.555	510.303	519.57	521.765	530.515	536.375	536.711	530.463	523.16	492.253	
532.666	527.998	508.757	525.885	522.375	528.988	530.277	527.521	522.921	517.756	521.089	522.835	505.467	509.531	516.87	467.555	510.303	519.57	521.765	530.515	536.375	536.711	530.463	523.16	492.253	
532.666	527.998	508.757	525.885	522.375	528.988	530.277	527.521	522.921	517.756	521.089	522.835	505.467	509.531	516.87	467.555	510.303	519.57	521.765	530.515	536.375	536.711	530.463	523.16	492.253	
526.048	527.998	508.757	525.885	522.375	528.988	530.277	527.521	522.921	517.756	521.089	522.835	505.467	509.531	487.312	467.555	510.303	517.351	521.765	530.515	536.375	536.711	530.105	523.16	492.253	
515.293	527.998	508.757	525.885	522.375	528.988	530.277	527.521	522.921	517.756	521.089	520.013	505.467	509.531	487.312	467.555	510.303	517.351	521.765	530.515	536.375	536.711	530.105	523.16	492.253	
515.293	527.998	508.757	525.885	522.375	528.988	502.015	519.774	522.921	517.756	521.089	520.013	505.467	509.531	487.312	467.555	510.303	517.351	521.765	530.515	536.375	532.3	530.105	523.16	492.253	
515.293	527.998	508.757	525.885	522.375	528.988	493.412	519.774	522.921	517.756	521.089	520.013	505.467	509.531	487.312	467.555	510.303	517.351	521.765	530.515	532.743	532.3	530.105	523.16	492.253	
515.293	527.998	508.757	525.885	522.375	528.988	493.412	519.774	522.921	517.756	521.089	520.013	505.467	509.531	487.312	467.555	510.303	517.351	521.765	530.515	532.743	532.3	530.105	523.16	492.253	
515.293	527.998	508.757	525.885	522.375	528.988	493.412	519.774	522.921	517.756	521.089	520.013	505.467	509.531	487.312	467.555	510.303	517.351	521.765	530.515	532.743	532.3	530.105	523.16	492.253	
515.293	527.998	508.757	525.885	522.375	528.988	493.412	519.774	522.921	517.756	521.089	520.013	505.467	509.531	487.312	467.555	510.303	517.351	521.765	530.515	532.743	532.3	530.105	523.16	492.253	
515.293	527.998	508.757	525.885	522.375	528.988	493.412	519.774	522.921	517.756	521.089	520.013	505.467	509.531	487.312	467.555	510.303	517.351	521.765	530.515	532.743	532.3	530.105	523.16	492.253	
515.293	527.998	508.757	525.885	522.375	528.988	493.412	519.774	522.921	517.756	521.089	520.013	505.467	509.531	487.312	467.555	510.303	517.351	521.765	530.515	532.743	532.3	530.105	523.16	492.253	
515.293	527.998	508.757	525.885	522.375	528.988	493.412	519.774	522.921	517.756	521.089	520.013	505.467	509.531	487.312	467.555	510.303	517.351	521.765	530.515	532.743	532.3	530.105	523.16	492.253	
515.293	527.998	508.757	525.885	522.375	528.988	493.412	519.774	522.921	517.756	521.089	520.013	505.467	509.531	487.312	467.555	510.303	517.351	521.765	530.515	532.743	532.3	530.105	523.16	492.253	
515.293	527.998	508.757	525.885	522.375	528.988	493.412	517.494	522.921	517.756	521.089	520.013	505.467	509.531	487.312	467.555	510.303	517.351	521.765	530.515	509.207	532.3	530.105	523.16	492.253	
515.293	527.998	508.757	525.885	522.375	528.988	493.412	517.494	522.921	517.756	521.089	511.538	505.467	509.531	487.312	467.555	510.303	517.351	521.765	530.515	509.207	532.3	530.105	523.16	492.253	
515.293	527.998	508.757	525.885	522.375	528.988	493.412	517.494	522.921	517.756	521.089	511.538	505.467	509.531	487.312	467.555	510.303	517.351	521.765	530.515	509.207	532.3	530.105	523.16	492.253	
515.293	527.998	508.757	525.885	522.375	528.988	493.412	517.494	522.921	517.756	521.089	511.538	505.467	509.531	487.312	467.555	510.303	517.351	521.765	530.515	509.207	532.3	530.105	523.16	492.253	
515.293	527.998	508.757	525.885	522.375	528.988	493.412	517.494	522.921	517.756	521.089	511.538	505.467	509.531	487.312	467.555	510.303	517.351	521.765	530.515	509.207	532.3	530.105	523.16	492.253	
515.293	527.998	505.884	525.885	522.375	528.988	493.412	517.494	522.921	517.756	521.089	511.538	505.467	509.531	487.312	467.555	510.303	517.351	521.765	530.515	509.207	532.3	530.105	523.16	492.253	
515.293	527.998	505.884	525.885	522.375	528.988	493.412	517.494	522.921	517.756	521.089	511.538	505.467	509.531	487.312	467.555	510.303	517.351	521.765	530.515	509.207	532.3	496.554	523.16	492.253	
515.293	527.998	505.884	525.885	522.375	528.988	493.412	517.494	522.921	517.756	521.089	511.538	505.467	509.531	487.312	467.555	510.303	517.351	521.765	530.515	509.207	532.3	496.554	523.16	492.253	
515.293	527.998	505.884	525.885	522.375	523.06	493.412	517.494	522.921	517.756	521.089	511.538	505.467	509.531	487.312	467.555	510.303	517.351	521.765	530.515	509.207	532.3	496.554	523.16	492.253	
515.293	520.102	505.884	524.584	522.375	523.06	493.412	517.494	522.921	517.756	521.089	511.538	505.467	509.531	487.312	467.555	510.303	517.351	521.765	530.515	509.207	532.3	496.554	523.16	492.253	
515.293	520.102	505.884	524.584	522.375	523.06	493.412	517.494	522.921	517.756	521.089	511.538	505.467	509.531	487.312	467.555	510.303	511.934	521.765	530.515	509.207	532.3	496.554	523.16	492.253	
515.293	520.102	505.884	524.584	522.375	523.06	493.412	517.494	522.921	517.756	521.089	511.538	505.467	509.531	487.312	467.555	510.303	511.934	521.765	530.515	509.207	532.3	496.554	523.16	492.253	
515.293	520.102	505.884	524.584	522.375	523.06	493.412	517.494	522.921	517.756	508.732	511.538	505.467	509.531	487.312	467.555	510.303	511.934	521.765	530.515	509.207	532.3	496.554	523.16	492.253	
515.293	520.102	505.884	524.584	522.375	523.06	493.412	517.494	522.921	515.634	508.732	511.538	505.467	509.531	487.312	467.555	510.303	511.934	521.765	530.515	509.207	532.3	496.554	523.16	492.253	
515.293	520.102	505.884	524.584	522.375	508.328	493.412	517.494	522.921	515.634	505.499	482.54	505.467	509.531	487.312	467.555	510.303	511.934	521.765	530.515	509.207	532.3	496.554	523.16	492.253	
515.293	520.102	505.884	507.331	522.375	508.328	493.412	517.494	522.921	515.634	505.499	482.54	505.467	509.531	487.312	467.555	510.303	511.934	521.765	530.515	509.207	532.3	496.554	523.16	492.253	
515.293	520.102	505.884	507.331	522.375	508.328	493.412	517.494	522.921	513.274	505.499	482.54	505.467	509.531	487.312	467.555	510.303	511.934	521.765	530.515	509.207	532.3	496.554	523.16	492.253	
515.293	480.246	505.884	507.331	522.375	508.328	493.412	517.494	522.921	513.274	505.499	482.54	505.467	509.531	487.312	467.555	510.303	511.934	516.517	530.515	509.207	532.3	496.554	522.152	492.253	
515.293	480.246	505.884	507.331	501.735	508.328	493.412	517.494	522.921	513.274	505.499	482.54	505.467	509.531	487.312	467.555	510.303	511.934	516.517	530.515	509.207	532.3	496.554	522.152	492.253	
515.293	480.246	505.884	507.331	501.735	508.328	493.412	517.494	522.921	513.274	505.499	482.54	505.467	509.531	487.312	467.555	510.303	511.934	516.517	530.515	509.207	532.3	496.554	522.152	492.253	
515.293	480.246	505.884	507.331	501.735	508.328	493.412	517.494	522.921	513.274	505.499	482.54	505.467	509.531	487.312	467.555	510.303	511.934	516.517	530.515	509.207	532.3	496.554	522.152	492.253	
515.293	480.246	505.884	507.331	501.735	508.328	493.412	517.494	522.921	513.274	505.499	482.54	505.467	509.531	487.312	467.555	510.303	511.934	516.517	530.515	509.207	532.3	496.554	522.152	492.253	
515.293	480.246	505.884	507.331	501.735	508.328	493.412	517.494	522.921	513.274	505.499	482.54	505.467	509.531	487.312	467.555	510.303	511.934	516.517	530.515	488.769	532.3	496.554	522.152	492.253	
515.293	480.246	505.884	507.331	501.735	508.328	493.412	517.494	522.921	513.274	505.499	482.54	505.467	509.531	487.312	467.555	510.303	511.934	516.517	530.515	488.769	532.3	496.554	522.152	492.253	
515.293	480.246	505.884	507.331	501.735	508.328	493.412	517.494	522.921	513.274	505.499	482.54	505.467	509.531	487.312	467.555	510.303	511.934	516.517	530.515	488.769	532.3	496.554	514.149	492.253	
515.293	480.246	505.884	507.331	501.735	508.328	493.412	517.494	522.921	513.274	505.499	482.54	505.467	509.531	487.312	467.555	510.303	500.734	516.517	530.515	488.769	532.3	496.554	514.149	492.253	
515.293	480.246	505.884	507.331	501.735	508.328	493.412	517.494	522.921	513.274	505.499	482.54	505.467	509.531	487.312	467.555	510.303	500.734	516.517	530.515	488.769	522.654	496.554	514.149	492.253	
515.293	480.246	505.884	507.331	501.735	508.328	493.412	517.494	522.921	513.274	505.499	482.54	505.467	509.531	487.312	467.555	510.303	500.734	516.517	530.515	488.769	522.654	496.554	514.149	492.253	
515.293	480.246	505.884	507.331	501.735	508.328	493.412	517.494	522.921	513.274	505.499	482.54	505.467	509.531	487.312	467.555	510.303	500.734	516.517	530.515	488.769	522.654	496.554	514.149	492.253	
515.293	480.246	505.884	507.331	501.735	508.111	493.412	517.494	522.921	513.274	505.499	482.54	505.467	509.531	487.312	467.555	510.303	500.734	516.517	530.515	488.769	522.654	496.554	514.149	492.253	
515.293	480.246	505.884	507.331	501.735	508.111	493.412	517.494	522.921	513.274	505.499	482.54	505.467	509.531	487.312	467.555	510.303	500.734	516.517	530.515	488.769	522.654	496.554	514.149	492.253	
515.293	480.246	505.884	507.331	501.735	508.111	493.412	517.494	522.921	513.274	505.499	482.54	505.467	509.531	487.312	467.555	510.303	500.734	516.517	530.515	488.769	522.654	496.554	514.149	492.253	
515.293	480.246	505.884	507.331	501.735	508.111	493.412	517.494	522.921	513.274	505.499	482.54	505.467	509.531	487.312	467.555	510.303	500.734	516.517	530.515	488.769	522.654	496.554	514.149	492.253	
511.252	480.246	505.884	507.331	501.735	508.111	493.412	517.494	522.921	513.274	505.499	482.54	505.467	509.531	487.312	467.555	510.303	500.734	516.517	530.515	488.769	522.654	496.554	514.149	492.253	
511.252	480.246	505.884	507.331	501.735	508.111	493.412	517.494	522.921	513.274	505.499	482.54	505.467	509.531	487.312	467.555	510.303	500.734	516.517	530.515	488.769	522.654	496.554	514.149	492.253	
511.252	480.246	505.884	507.331	501.735	508.111	493.412	517.494	522.921	513.274	505.499	482.54	505.467	509.531	487.312	467.555	510.303	500.734	516.517	530.515	488.769	522.654	496.554	514.149	492.253	
511.252	480.246	505.884	507.331	494.047	508.111	493.412	517.494	522.921	513.274	505.499	482.54	505.467	509.531	487.312	467.555	510.303	500.734	516.517	530.515	488.769	522.654	496.554	514.149	492.253	
511.252	480.246	505.884	506.214	494.047	508.111	493.412	514.37	522.921	513.274	505.499	482.54	505.467	509.531	487.312	467.555	510.303	500.734	516.517	530.515	488.769	522.654	496.554	514.149	492.253	
511.252	480.246	505.884	506.214	494.047	508.111	493.412	514.37	522.921	513.274	505.499	482.54	505.467	509.531	487.312	467.555	510.303	500.734	516.517	530.515	488.769	522.654	496.554	514.149	492.253	
491.888	480.246	505.884	506.214	494.047	508.111	493.412	514.37	522.921	513.274	505.499	482.54	505.467	509.531	487.312	467.555	510.303	500.734	516.517	530.515	488.769	522.654	496.554	509.732	492.253	
491.888	480.246	505.884	506.214	494.047	508.111	493.412	514.37	522.921	513.274	505.499	482.54	505.467	509.531	487.312	467.555	510.303	500.734	516.517	530.515	488.769	513.658	496.554	509.732	492.253	
491.888	480.246	505.884	506.214	494.047	508.111	493.412	514.37	509.701	513.274	491.7	482.54	505.467	509.531	487.312	467.555	510.303	500.734	516.517	530.515	488.769	513.658	496.554	509.065	492.253	
491.888	480.246	505.884	506.214	494.047	508.111	493.412	514.37	509.701	513.274	491.7	482.54	505.467	509.531	487.312	467.555	506.113	500.734	516.517	510.822	488.769	513.658	496.554	509.065	492.253	
491.888	480.246	505.884	506.214	494.047	508.111	493.412	514.37	509.701	513.274	491.7	482.54	505.467	509.531	487.312	467.555	506.113	500.734	516.517	510.822	488.769	513.658	496.554	509.065	492.253	
491.888	480.246	491.879	506.214	494.047	508.111	493.412	514.37	509.701	513.274	491.7	482.54	505.467	509.531	487.312	467.555	506.113	500.734	516.517	510.822	488.769	513.658	496.554	509.065	492.253	
491.888	480.246	491.879	506.214	494.047	508.111	493.412	514.37	509.701	513.274	491.7	482.54	505.467	509.531	487.312	467.555	506.113	500.734	516.517	510.822	488.769	513.658	496.554	509.065	492.253	
491.888	480.246	491.879	506.214	494.047	508.111	493.412	514.37	509.701	513.274	491.7	482.54	505.467	509.531	487.312	467.555	506.113	500.734	516.517	510.822	488.769	513.658	496.554	509.065	492.253	
491.888	480.246	491.879	506.214	494.047	508.111	493.412	514.37	509.701	513.274	491.7	482.54	505.467	509.531	487.312	467.555	506.113	500.734	516.517	510.822	488.769	513.658	496.554	509.065	492.253	
491.888	480.246	491.879	506.214	494.047	508.111	493.412	514.37	509.701	513.274	491.7	482.54	505.467	509.531	487.312	467.555	506.113	500.734	516.517	510.822	488.769	513.658	496.554	509.065	492.253	
491.888	480.246	491.879	506.214	494.047	508.111	493.412	514.37	509.701	512.287	491.7	482.54	505.467	509.531	487.312	467.555	506.113	500.734	516.517	510.822	488.769	513.658	496.554	509.065	492.253	
491.888	480.246	491.879	506.214	494.047	508.111	493.412	514.37	509.701	512.287	491.7	482.54	505.467	509.531	487.312	467.555	506.113	500.734	516.517	510.822	488.769	513.658	496.554	509.065	492.253	
491.888	480.246	491.879	506.214	494.047	508.111	493.412	514.37	509.701	512.287	491.7	482.54	505.467	509.531	485.819	467.555	506.113	500.734	507.136	510.822	488.769	513.658	496.554	509.065	492.253	
491.888	480.246	491.879	506.214	494.047	508.111	493.412	514.37	509.701	512.287	491.7	482.54	505.467	509.531	485.819	467.555	506.113	500.734	507.136	510.822	488.769	513.658	496.554	509.065	492.253	
491.888	480.246	491.879	506.214	494.047	508.111	493.412	514.37	509.701	512.287	491.7	482.54	505.467	509.531	485.819	467.555	506.113	500.734	507.136	510.822	488.769	513.658	496.554	509.065	492.253	
491.888	480.246	491.879	506.214	494.047	508.111	493.412	511.46	509.701	512.287	491.7	482.54	505.467	509.531	485.819	467.555	506.113	500.734	507.136	510.822	488.769	513.658	496.554	509.065	492.253	
491.888	480.246	491.879	506.214	494.047	508.111	493.412	511.46	509.701	512.287	491.7	482.54	505.467	509.531	485.819	467.555	506.113	500.734	507.136	510.822	488.769	513.658	496.554	509.065	492.253	
491.888	480.246	491.879	506.214	494.047	508.111	493.412	511.46	509.701	512.287	491.7	482.54	505.467	509.531	485.819	467.555	506.113	500.734	507.136	510.822	488.769	513.658	496.554	509.065	492.253	
491.888	480.246	491.879	506.214	494.047	508.111	493.412	497.848	509.701	512.287	491.7	482.54	505.467	507.312	485.819	467.555	506.113	489.589	502.63	510.822	488.769	513.658	496.554	504.767	492.253	
491.888	480.246	491.879	506.214	494.047	508.111	493.412	497.848	509.701	512.287	491.7	482.54	505.467	507.312	485.819	467.555	506.113	489.589	502.63	510.822	488.769	513.658	496.554	504.767	492.253	
491.888	480.246	491.879	506.214	494.047	508.111	493.412	497.848	509.701	512.287	491.7	482.54	505.467	507.312	485.819	467.555	506.113	489.589	502.63	510.822	488.769	513.658	496.554	504.767	492.253	
491.888	480.246	491.879	506.214	494.047	508.111	493.412	497.848	509.701	512.287	491.7	482.54	505.467	507.312	485.819	467.555	506.113	489.589	502.63	510.822	488.769	513.658	496.554	504.767	492.253	
491.888	480.246	491.879	506.214	494.047	508.111	493.412	497.848	509.701	512.287	491.7	482.54	505.467	507.312	485.819	467.555	506.113	489.589	502.63	510.822	488.662	513.658	496.554	504.767	492.253	
491.888	480.246	491.879	506.214	494.047	508.111	493.412	497.848	509.701	512.287	491.7	482.54	503.289	507.312	485.819	467.555	506.113	489.589	502.63	510.822	488.662	513.658	496.554	504.767	492.253	
491.888	480.246	491.879	506.214	494.047	508.111	493.412	497.848	509.701	512.287	491.7	482.54	503.289	507.312	485.819	467.555	506.113	489.589	502.63	510.822	488.662	503.723	496.554	504.767	492.253	
491.888	480.246	491.879	506.214	494.047	508.111	493.412	497.848	509.701	512.287	491.7	482.54	503.289	507.312	485.819	467.555	506.113	489.589	502.63	510.822	488.662	503.723	496.554	504.767	492.253	
491.888	480.246	491.879	506.214	494.047	508.111	493.412	490.37	509.701	512.287	491.7	482.54	503.289	507.312	485.819	467.555	506.113	489.589	502.63	510.822	488.662	503.723	496.554	504.767	492.253	
491.888	480.246	491.879	506.214	494.047	508.111	493.412	490.37	509.701	512.287	491.7	482.54	501.85	507.312	485.819	467.555	506.113	489.589	502.63	510.822	488.662	503.723	496.554	504.767	492.253	
491.888	480.246	491.879	506.214	494.047	508.111	493.412	490.37	509.701	512.287	491.7	482.54	499.19	507.312	485.819	467.555	506.113	489.589	502.63	510.822	488.662	503.723	496.554	504.767	492.253	
491.888	480.246	491.879	506.214	494.047	508.111	493.412	490.37	509.701	512.287	491.7	482.54	499.19	507.312	485.819	467.555	506.113	489.589	502.63	510.822	488.662	503.723	496.554	504.767	492.253	
491.888	480.246	491.879	506.214	494.047	508.111	493.412	490.37	509.701	512.287	491.7	482.54	499.19	507.312	485.819	467.555	477.778	489.589	502.63	510.822	488.662	503.723	496.554	504.767	492.253	
491.888	480.246	491.879	506.214	494.047	508.111	493.412	490.37	509.701	512.287	491.7	482.54	499.19	507.312	485.819	467.555	477.778	489.589	502.63	510.822	488.662	503.723	496.554	504.767	492.253	
491.888	480.246	491.879	506.214	494.047	508.111	493.412	490.37	509.701	512.287	491.7	482.54	499.19	507.312	485.819	467.555	477.778	489.589	502.63	510.822	488.662	503.723	496.554	504.767	482.644	
491.888	480.246	491.879	506.214	494.047	508.111	493.412	490.37	509.701	512.287	491.7	482.54	499.19	507.312	485.819	467.555	477.778	489.589	502.63	510.822	488.662	503.723	496.554	504.767	482.644	
491.888	480.246	491.879	506.214	494.047	507.718	493.412	490.37	509.701	512.287	491.7	482.54	499.19	503.185	485.819	467.555	477.778	489.589	502.63	510.822	488.662	503.723	496.554	504.767	482.644	
480.659	480.246	491.879	506.214	494.047	507.718	493.412	490.37	509.701	512.287	491.7	482.54	499.19	503.185	485.819	467.555	477.778	489.589	502.63	508.778	488.662	503.723	477.854	492.694	482.644	
480.659	480.246	491.879	506.214	494.047	507.718	493.412	490.37	509.701	512.287	491.7	482.54	491.988	503.185	485.819	467.555	477.778	489.589	502.63	508.778	488.662	503.723	477.854	492.694	482.644	
480.659	480.246	491.879	506.214	494.047	507.718	493.412	490.37	509.701	512.287	491.7	482.54	486.277	503.185	485.819	467.555	477.778	489.589	476.539	508.778	488.662	503.723	477.854	492.694	482.644	
480.659	480.246	491.879	506.214	494.047	507.718	493.412	490.37	509.701	512.287	491.7	482.54	486.277	503.185	485.819	467.555	477.778	473.026	476.539	508.778	488.662	503.723	477.854	492.694	482.644	
480.659	480.246	491.879	506.214	494.047	507.718	493.412	490.37	509.701	512.287	491.7	482.54	486.277	503.185	485.819	467.555	477.778	473.026	476.539	508.778	488.662	503.723	477.854	492.694	482.644	
480.659	480.246	491.879	506.214	494.047	507.718	493.412	490.37	509.701	512.287	491.7	482.54	486.277	503.185	485.819	467.555	477.778	473.026	476.539	508.778	488.662	503.723	477.854	492.694	482.644	
480.659	480.246	491.879	506.214	494.047	507.718	493.412	490.37	509.701	512.287	491.7	482.54	486.277	503.185	485.819	467.555	477.778	473.026	476.539	504.644	488.662	503.723	477.854	492.694	482.644	
480.659	480.246	458.26	506.214	494.047	491.271	460.847	490.37	509.701	512.287	491.7	482.54	486.277	503.185	485.819	467.555	477.778	473.026	476.539	504.644	488.662	503.723	477.854	492.694	482.644	
480.659	480.246	458.26	506.214	494.047	491.271	460.847	490.37	509.701	512.287	491.7	482.54	486.277	503.185	485.819	467.555	477.778	473.026	476.539	486.08	488.662	503.723	477.854	492.694	482.644	
480.659	480.246	458.26	506.214	494.047	491.271	460.847	490.37	509.701	512.287	491.7	482.54	486.277	503.185	485.06	467.555	477.778	473.026	476.539	486.08	488.662	503.723	477.854	492.694	482.644	
480.659	480.246	458.26	506.214	490.923	491.271	460.847	480.61	509.701	512.287	491.7	482.54	486.277	503.185	485.06	467.555	477.778	473.026	476.539	486.08	488.662	477.281	477.854	475.884	482.644	
480.659	480.246	458.26	506.214	485.693	491.271	460.847	476.742	509.701	512.287	491.7	482.54	486.277	503.185	485.06	467.555	477.778	473.026	476.539	486.08	488.662	477.281	477.854	475.884	482.644	
480.659	480.246	458.26	506.214	485.693	491.271	460.847	476.742	509.701	512.287	491.7	482.54	486.277	503.185	485.06	467.555	477.778	473.026	476.539	486.08	488.662	477.281	477.854	475.884	482.644	
480.659	480.246	458.26	506.214	485.693	491.271	460.847	476.742	509.701	512.287	491.7	482.54	486.277	503.185	485.06	467.555	477.778	473.026	476.539	486.08	488.662	477.281	477.854	475.884	482.644	
480.659	480.246	458.26	506.214	485.693	491.271	460.847	476.742	503.689	498.526	491.7	482.54	486.277	503.185	485.06	467.555	477.778	473.026	476.539	486.08	488.662	477.281	477.854	475.884	482.644	
480.659	480.246	458.26	506.214	485.693	491.271	460.847	476.742	494.317	498.526	491.7	482.54	486.277	503.185	485.06	467.555	477.778	473.026	476.539	486.08	488.662	477.281	477.854	475.884	482.644	
480.659	480.246	458.26	506.214	485.693	491.271	460.847	476.742	494.317	498.526	491.7	482.54	486.277	503.185	485.06	467.555	477.778	473.026	476.539	486.08	488.662	477.281	477.854	475.884	482.644	
480.659	480.246	458.26	506.214	485.693	491.271	460.847	476.742	494.317	498.526	491.7	482.54	486.277	503.185	485.06	467.555	477.778	473.026	476.539	486.08	488.662	477.281	477.854	475.884	482.644	
480.659	480.246	458.26	506.214	485.693	491.271	460.847	476.742	494.317	498.526	491.7	482.54	486.277	503.185	485.06	467.555	477.778	473.026	476.539	486.08	488.662	477.281	477.854	475.884	482.644	
480.659	480.246	458.26	506.214	485.693	491.271	460.847	476.742	494.317	498.526	491.7	482.54	486.277	503.185	485.06	467.555	477.778	473.026	476.539	486.08	488.662	477.281	477.854	475.884	482.644	
480.659	480.246	458.26	506.214	485.693	491.271	460.847	473.994	494.317	498.526	491.7	482.54	486.277	503.185	485.06	467.555	477.778	473.026	476.539	486.08	488.662	477.281	477.854	475.884	482.644	
480.659	480.246	458.26	506.031	485.693	491.271	460.847	473.994	494.317	498.526	491.7	482.54	486.277	503.185	485.06	467.39	477.778	473.026	476.539	486.08	488.662	477.281	477.854	475.884	482.644	
480.659	480.246	458.26	506.031	485.693	491.271	460.847	473.994	494.317	498.526	491.7	482.54	486.277	503.185	485.06	467.39	477.778	473.026	476.539	486.08	476.363	477.281	477.854	475.884	482.644	
480.659	480.246	458.26	495.728	485.693	491.271	460.847	473.994	494.317	498.526	491.7	482.54	486.277	503.185	485.06	467.39	477.778	473.026	476.539	486.08	476.363	477.281	477.854	475.884	482.644	
479.719	480.246	458.26	495.728	485.693	491.271	460.847	471.547	494.317	498.526	491.7	482.54	486.277	503.185	485.06	467.39	477.778	473.026	476.539	486.08	476.363	477.281	477.854	475.884	482.644	
479.719	480.246	458.26	495.728	485.693	491.271	460.847	471.547	494.317	498.526	491.7	482.54	486.277	503.185	485.06	467.39	477.778	473.026	476.539	486.08	476.363	477.281	477.854	475.884	482.644	
479.719	480.246	458.26	495.728	485.693	491.271	460.847	471.547	494.317	496.974	491.7	482.54	484.395	503.185	476.647	467.39	477.778	469.174	476.539	486.08	476.363	477.281	477.854	475.884	482.644	
479.719	480.246	458.26	495.728	485.693	491.271	460.847	471.547	494.317	496.974	491.7	482.54	484.395	503.185	476.647	467.39	477.778	469.174	476.539	486.08	476.363	477.281	477.854	475.884	482.644	
479.719	480.246	458.26	495.728	485.693	491.271	460.847	452.013	494.317	496.974	491.7	482.54	484.395	503.185	476.647	467.39	477.778	469.174	476.539	486.08	476.363	477.281	477.854	475.884	482.644	
479.719	480.246	458.26	495.728	485.693	491.271	460.847	452.013	494.317	496.974	491.7	482.54	484.395	503.185	476.647	467.39	477.778	469.174	476.539	486.08	476.363	473.685	477.854	475.884	482.644	
479.719	480.246	458.26	495.728	482.029	491.271	460.847	452.013	494.317	496.974	491.7	482.54	484.395	503.185	476.647	467.39	477.778	469.174	476.539	486.08	476.363	473.685	477.854	475.884	482.644	
479.719	480.246	458.26	495.728	482.029	491.271	423.211	449.602	494.317	496.974	491.7	482.54	484.395	503.185	469.979	467.39	477.778	469.174	476.539	486.08	476.363	473.685	477.854	475.884	482.644	
471.649	475.913	458.26	494.852	482.029	491.271	423.211	449.602	494.317	496.974	491.7	482.54	484.395	503.185	469.979	467.39	477.778	469.174	476.539	486.08	476.363	473.685	477.854	475.884	482.644	
471.649	475.913	458.26	494.852	482.029	489.759	423.211	449.602	494.317	496.974	491.7	482.54	484.395	503.185	436.619	467.39	477.778	469.174	476.539	486.08	459.192	473.685	477.854	475.884	482.644	
471.649	467.365	458.26	494.852	482.029	489.759	423.211	439.355	494.317	496.974	491.7	482.54	481.405	503.185	436.619	467.39	477.778	469.174	476.539	486.08	459.192	473.685	477.854	475.884	482.644	
466.784	467.365	458.26	494.852	482.029	489.759	423.211	439.355	494.317	496.974	491.7	482.54	481.405	503.185	436.619	467.39	477.778	469.174	476.539	486.08	459.192	473.685	477.854	475.884	482.644	
466.784	454.214	458.26	493.505	482.029	489.759	423.211	439.355	494.317	496.974	491.7	482.54	481.405	503.185	436.619	467.39	477.778	469.174	476.539	486.08	459.192	473.685	477.854	475.884	482.532	
466.784	454.214	458.26	483.335	474.207	489.759	423.211	435.157	494.317	496.974	491.7	482.54	481.405	503.185	436.619	466.289	477.778	464.225	476.539	486.08	459.192	473.685	477.854	475.884	482.532	
466.784	454.214	458.26	483.335	474.207	489.759	423.211	435.157	494.317	496.974	491.7	482.54	477.624	503.185	436.619	466.289	477.778	457.164	476.539	486.08	459.192	473.685	477.854	475.884	482.532	
466.784	454.214	458.26	483.335	467.938	489.759	423.211	426.8	494.317	496.974	491.7	482.54	477.624	503.185	436.619	466.289	477.778	457.164	476.539	486.08	459.192	473.685	477.854	475.884	482.532	
466.784	454.214	458.26	477.147	467.938	489.759	423.211	426.8	494.317	495.758	491.7	479.734	477.624	503.185	436.619	466.289	477.778	457.164	476.539	486.08	459.192	473.685	477.854	475.884	482.532	
466.784	454.214	458.26	477.147	467.938	489.759	423.211	406.458	494.317	495.758	491.7	479.734	477.624	503.185	436.619	432.165	477.778	457.164	476.539	486.08	459.192	473.685	477.854	475.884	482.532	
466.784	454.214	458.26	477.147	467.938	489.759	423.211	406.458	494.317	495.758	491.7	479.734	477.624	503.185	431.384	432.165	476.598	439.437	476.539	486.08	459.192	473.685	477.854	475.884	482.532	
464.489	454.214	458.26	477.147	467.938	489.759	423.211	406.458	494.317	495.758	491.7	479.734	455.037	503.185	431.384	432.165	476.598	439.437	476.539	486.08	459.192	473.685	477.854	475.884	482.532	
464.489	454.214	458.26	477.147	467.938	489.759	423.211	406.458	494.317	481.175	491.7	464.213	455.037	503.185	431.384	432.165	476.598	439.437	476.539	486.08	454.276	473.685	477.854	475.884	482.532	
464.489	454.214	458.26	477.147	467.938	489.759	423.211	406.458	494.317	466.751	491.7	464.213	455.037	503.185	431.384	432.165	476.598	427.136	476.539	486.08	454.276	473.685	477.854	462.444	482.532	
464.489	454.214	458.26	477.147	467.938	489.759	423.211	406.458	494.317	466.751	491.7	445.348	455.037	503.185	431.384	432.165	464.459	427.136	476.539	486.08	454.276	473.685	477.854	462.444	482.532	
464.489	454.214	458.26	477.147	467.938	489.759	423.211	406.458	494.317	466.751	491.7	445.348	455.037	503.185	431.384	432.165	464.459	427.136	476.539	486.08	454.276	473.685	477.854	462.444	482.532	
464.489	454.214	458.26	475.772	467.938	489.759	423.211	406.458	494.317	466.751	491.7	445.348	455.037	503.185	431.384	432.165	464.459	427.136	467.59	486.08	454.276	473.685	477.854	462.444	482.532	
464.489	454.214	456.8	475.772	467.938	489.759	423.211	406.458	494.317	466.751	491.7	445.348	455.037	503.185	431.384	432.165	464.459	427.136	467.59	486.08	454.276	473.685	477.532	462.444	482.532	
464.489	454.214	455.398	475.772	467.938	489.759	423.211	406.458	482.298	466.751	491.7	445.348	455.037	503.185	431.384	432.165	464.459	427.136	467.59	486.08	454.276	473.685	477.532	462.444	482.532	
464.489	454.214	455.398	459.083	467.938	489.759	423.211	406.458	482.298	466.751	491.7	445.348	455.037	503.185	431.384	432.165	464.459	427.136	467.59	486.08	454.276	473.685	477.532	462.444	482.532	
464.489	437.918	450.12	459.083	467.938	489.759	423.211	406.458	482.298	466.751	491.7	445.348	455.037	501.001	431.384	432.165	464.459	427.136	467.59	486.08	436.566	473.685	477.532	462.444	482.532	
464.489	429.449	448.131	459.083	467.938	489.759	423.211	406.458	482.298	466.751	491.7	445.348	455.037	501.001	431.384	431.995	464.459	427.136	467.59	486.08	436.566	473.685	457.919	462.444	481.632	
464.489	429.449	439.036	459.083	461.077	483.281	423.211	406.458	482.298	466.751	491.7	445.348	444.929	501.001	431.384	431.995	464.459	427.136	452.87	473.476	436.566	473.685	457.919	462.444	481.632	
464.489	429.449	439.036	459.083	461.077	483.281	423.211	406.458	482.298	466.751	491.7	445.348	441.847	487.949	431.384	431.995	464.459	427.136	452.87	473.476	436.566	473.685	457.919	462.444	481.632	
464.489	429.449	427.327	459.083	461.077	483.281	423.211	404.429	482.298	466.751	491.7	445.348	441.847	487.949	423.988	431.995	464.459	427.136	452.87	473.476	436.566	473.685	457.919	462.444	481.632	
464.489	429.449	427.327	459.083	461.077	457.333	423.211	395.442	482.298	466.751	491.7	445.348	441.847	487.949	423.988	431.995	464.459	424.77	452.87	473.476	436.566	473.685	457.919	462.444	481.632	
464.489	423.901	420.143	459.083	461.077	457.333	423.211	395.106	482.298	466.751	491.7	444.863	441.847	487.949	423.988	431.995	464.459	424.77	452.87	473.476	436.566	472.308	456.88	462.444	481.632	
459.327	423.901	420.143	459.083	442.839	457.333	423.211	395.106	482.298	466.751	491.7	444.863	441.847	487.949	417.96	431.995	461.442	421.459	452.87	473.476	436.566	469.249	447.257	462.444	481.632	
459.327	423.901	414.191	454.784	442.839	457.333	423.211	378.496	482.298	466.751	469.928	444.863	441.847	487.949	417.96	431.995	461.442	421.459	452.87	473.476	394.374	461.811	436.789	462.444	481.632	
436.451	423.901	414.191	453.259	442.839	457.333	423.211	378.496	482.298	466.751	469.928	444.863	441.847	487.949	417.96	431.995	461.442	421.459	452.87	473.476	394.374	454.705	436.789	462.444	480.646	
436.451	423.901	413.463	450.615	442.839	455.931	423.211	378.496	474.745	466.751	469.928	444.863	438.299	487.949	417.96	431.995	461.442	421.459	452.87	473.476	394.374	454.705	436.789	462.444	480.646	
436.451	420.733	413.463	442.218	442.839	455.931	423.211	378.496	474.745	466.751	469.928	444.863	438.299	464.707	417.96	431.995	461.442	402.333	452.87	473.476	394.374	454.705	436.789	462.444	480.646	
436.451	420.733	413.463	442.053	442.839	455.931	423.211	378.496	474.745	466.751	469.928	444.863	424.515	464.707	416.881	431.995	461.442	402.333	452.87	473.476	394.374	454.705	436.789	462.444	480.646	
436.451	404.969	413.463	442.053	442.839	455.931	423.211	378.496	474.745	466.751	469.928	444.863	424.515	464.707	400.98	431.995	461.442	402.333	452.87	473.476	394.374	454.705	436.789	458.49	480.646	
436.451	404.969	398.017	442.053	442.839	455.931	414.44	378.496	474.745	465.035	469.928	444.735	424.515	464.707	400.98	429.923	461.442	402.333	452.87	473.476	394.374	454.705	436.789	458.49	480.646	
436.451	404.969	398.017	433.535	429.514	455.931	414.44	378.496	474.745	465.035	469.928	443.212	424.515	464.707	400.98	423.926	461.442	402.333	452.87	473.476	394.374	454.705	436.789	458.49	480.646	
436.451	404.969	398.017	433.535	429.514	455.931	405.894	378.496	474.745	465.035	469.928	434.231	424.211	464.707	400.98	423.926	461.442	402.333	452.87	473.476	394.374	450.746	436.789	458.49	480.646	
436.451	404.969	398.017	433.535	429.514	455.931	405.894	378.496	474.745	465.035	469.928	434.231	398.039	464.707	400.98	414.562	461.442	402.333	452.87	473.476	394.374	449.638	436.789	458.49	480.646	
436.451	404.969	398.017	433.535	429.514	455.931	405.894	378.496	474.745	465.035	469.928	431.072	398.039	464.707	400.98	414.562	461.442	402.333	452.87	473.476	394.374	449.638	429.874	458.49	480.646	
436.451	404.969	398.017	433.535	429.514	452.592	396.766	378.496	474.692	465.035	469.928	431.072	398.039	464.707	400.98	414.562	456.799	402.333	452.87	473.476	394.374	447.924	429.874	456.731	480.646	
436.451	404.969	398.017	415.759	429.514	452.592	396.766	365.446	470.571	465.035	469.928	431.072	398.039	464.707	391.244	414.562	456.799	402.333	452.87	473.476	394.374	446.776	429.874	456.731	480.646	
428.942	404.969	398.017	415.759	429.514	452.592	396.766	365.446	470.571	465.035	469.928	431.072	398.039	464.707	391.244	414.562	456.799	402.333	425.982	473.476	394.374	438.277	429.874	456.731	480.646	
428.942	404.969	390.115	415.759	429.514	452.592	396.766	365.446	470.571	464.618	469.928	431.072	398.039	464.707	391.244	414.562	442.812	400.209	425.982	473.476	392.397	438.277	429.874	456.731	480.646	
428.942	404.969	390.115	415.759	429.514	452.592	396.766	365.446	459.216	464.618	469.928	421.31	392.023	464.707	391.244	413.603	442.812	400.209	425.982	473.476	392.397	405.208	429.874	456.731	480.646	
428.942	404.969	390.115	415.759	429.514	452.592	396.766	365.329	459.216	459.279	457.048	421.31	392.023	464.707	391.244	395.769	442.812	395.433	425.982	473.476	392.397	405.208	429.874	454.447	480.646	
428.942	404.969	386.408	415.759	429.514	452.592	396.766	365.329	458.51	459.279	457.048	421.31	392.023	464.707	391.244	395.769	427.22	391.945	425.982	473.476	392.397	405.208	429.874	454.447	480.646	
428.942	404.969	386.408	415.759	407.307	452.592	391.525	358.643	454.227	456.479	457.048	418.754	387.608	464.707	391.244	395.769	427.22	391.945	425.982	473.476	392.397	405.208	429.874	442.03	480.646	
428.942	404.969	386.408	415.759	407.307	452.592	391.525	358.643	454.227	456.479	457.048	418.754	387.608	464.707	391.244	395.769	427.22	391.945	413.351	473.476	392.397	405.208	429.874	442.03	480.646	
427.488	404.969	381.124	411.381	407.307	452.592	391.525	358.643	454.227	456.479	457.048	418.754	387.608	464.707	391.244	395.769	422.13	378.425	413.351	473.476	390.141	405.208	425.264	442.03	480.646	
427.488	404.969	381.124	411.381	407.307	452.592	391.525	355.967	454.227	454.36	457.048	410.617	387.608	464.707	391.244	395.769	422.13	378.425	413.351	473.476	390.141	405.208	413.328	416.293	476.894	
426.327	400.923	381.124	411.381	407.307	452.592	391.525	352.2	454.227	451.627	457.048	408.545	387.608	464.707	390.924	395.769	422.13	378.425	413.351	473.476	379.348	405.208	406.585	416.293	476.894	
426.327	400.923	381.124	411.381	407.307	449.854	391.525	352.2	429.771	451.627	457.048	408.545	382.422	464.707	390.924	395.769	422.13	378.425	413.351	473.476	379.348	405.208	406.585	416.293	476.894	
418.125	400.923	381.124	411.381	407.307	449.854	391.525	352.2	429.771	451.627	457.048	408.545	382.422	464.707	368.46	393.394	422.13	378.425	413.351	473.476	379.348	405.208	406.585	416.293	476.288	
404.737	400.923	379.8	411.381	407.307	449.854	391.525	352.2	429.771	451.627	457.048	408.545	382.422	464.707	368.46	393.394	422.13	373.433	413.351	473.476	376.141	405.208	406.585	416.293	476.288	
403.888	400.923	375.171	411.381	407.307	449.854	391.525	352.2	429.771	451.627	457.048	408.545	379.226	464.707	368.46	393.394	422.13	373.433	413.351	473.476	376.141	405.208	406.585	416.293	471.703	
403.888	393.445	375.171	411.381	405.019	440.739	391.525	352.2	429.771	448.436	457.048	408.545	379.226	464.707	368.46	393.394	419.935	369.617	413.351	473.476	376.141	396.174	406.585	416.293	471.703	
401.988	393.445	375.171	409.432	405.019	440.739	388.172	352.2	429.771	448.436	457.048	408.545	379.226	464.707	368.46	387.017	419.935	369.617	413.351	453.002	372.527	396.174	406.585	416.293	471.703	
401.988	393.445	375.171	409.432	405.019	440.73	387.658	352.2	429.771	448.436	457.048	408.545	379.226	464.707	368.46	387.017	419.935	369.617	413.351	453.002	372.527	396.174	406.585	416.293	437.754	
390.437	393.445	368.757	405.604	402.487	440.73	387.658	352.2	429.771	448.436	457.048	405.036	379.226	464.707	368.46	387.017	419.935	367.603	413.351	453.002	366.188	396.174	406.585	416.293	437.754	
387.851	393.445	368.757	405.604	396.157	440.73	387.658	352.139	429.771	440.423	457.048	400.615	377.761	464.707	368.46	382.507	419.935	366.531	413.351	453.002	366.188	396.174	406.007	416.293	437.754	
387.851	393.445	368.757	405.604	396.157	440.73	387.658	350.79	429.771	440.423	457.048	394.439	368.574	452.96	368.46	373.135	419.935	352.575	413.351	453.002	366.188	396.174	393.528	416.293	437.754	
387.851	385.996	368.757	393.622	396.157	438.783	384.519	347.511	429.771	426.451	457.048	394.439	368.574	452.96	368.46	373.135	419.935	352.575	407.485	453.002	366.188	396.174	393.437	416.293	437.754	
387.851	385.996	367.025	393.622	396.157	438.783	384.519	347.511	429.771	426.451	457.048	394.439	368.574	452.96	368.46	373.135	419.935	352.575	407.485	453.002	366.188	391.99	393.437	416.293	437.754	
384.52	385.996	367.025	393.622	396.157	438.783	379.146	347.511	429.771	426.451	457.048	394.439	368.574	452.96	368.46	373.135	419.935	352.575	407.485	453.002	366.188	381.096	393.437	416.293	437.754	
384.52	380.275	356.767	393.622	391.535	436.344	379.146	347.511	429.771	426.451	457.048	391.225	366.843	452.96	368.46	373.135	416.686	352.575	407.485	453.002	360.954	381.096	391.654	416.293	437.754	
367.965	380.275	356.767	393.622	390.463	410.598	368.763	346.529	429.771	426.451	457.048	391.225	366.843	452.96	368.46	373.135	409.689	352.575	407.485	443.966	360.954	381.096	391.654	416.293	437.754	
367.965	380.275	356.767	393.32	390.463	410.598	368.763	346.529	429.771	418.691	457.048	389.475	366.843	452.96	368.46	364.81	409.689	352.575	407.485	443.966	360.954	381.096	391.654	408.992	437.754	
367.965	380.275	352.225	392.423	390.463	410.598	368.763	346.529	423.925	418.691	457.048	389.475	366.843	452.96	368.46	364.81	398.355	352.575	405.984	443.966	358.007	377.861	391.654	408.992	437.754	
362.416	380.275	352.225	373.938	390.463	410.598	367.224	346.529	423.925	418.691	445.232	383.078	365.83	452.96	368.46	364.81	398.355	351.204	399.392	443.966	358.007	377.861	391.654	408.992	437.754	
362.262	379.774	352.225	373.938	390.463	388.132	367.224	346.529	423.925	418.691	445.232	383.078	365.83	452.96	368.46	364.81	395.644	348.901	399.392	443.966	358.007	377.861	391.654	407.363	437.754	
362.262	367.877	352.225	373.938	377.73	388.132	367.224	346.529	417.986	418.691	445.232	377.588	365.83	452.96	368.46	364.81	395.644	348.073	399.392	442.065	358.007	377.861	391.654	407.363	437.754	
362.262	367.877	349.254	370.398	377.73	388.132	367.224	344.244	417.986	418.691	445.232	377.588	359.845	452.96	368.46	364.81	391.09	348.073	399.392	439.205	357.24	377.861	385.054	407.363	437.754	
362.262	367.877	349.254	370.398	377.73	388.132	366.741	344.244	417.986	418.691	445.232	377.588	359.071	452.96	364.93	364.81	391.09	348.058	394.417	416.302	357.24	377.861	385.054	407.363	427.517	
354.034	365.83	349.254	370.398	377.73	388.132	366.741	344.244	415.114	418.691	445.232	377.588	356.931	452.96	364.93	364.81	389.549	346.319	394.417	416.302	356.855	368.269	381.237	391.762	427.517	
354.034	357.766	349.254	370.398	377.73	388.132	365.131	344.244	415.114	415.489	445.232	377.588	356.807	452.96	364.93	364.81	387.18	345.667	394.417	416.302	352.662	368.269	380.08	391.762	421.124	
354.034	357.766	348.712	364.213	372.913	388.132	361.623	344.244	415.114	415.489	430.394	377.588	356.807	452.96	364.93	364.81	380.581	345.667	394.417	416.302	352.662	368.269	380.08	391.762	419.917	
353.848	357.766	344.634	364.213	372.913	388.132	361.438	343.661	415.114	415.489	430.394	377.588	356.754	450.985	364.93	364.81	380.581	345.555	384.916	416.302	351.975	368.269	380.08	391.762	419.917	
353.848	357.766	344.634	364.213	372.913	388.132	361.438	342.808	415.114	410.242	430.394	374.891	356.754	426.238	364.93	364.81	380.581	345.555	384.916	416.302	351.975	367.763	380.08	391.762	409.184	
353.848	357.766	341.091	364.213	372.913	388.132	356.774	342.808	414.155	407.51	430.394	364.843	351.245	426.238	364.93	364.81	380.581	345.265	384.916	416.302	348.11	365.322	380.08	391.762	409.184	
353.848	357.766	341.091	364.213	364.705	388.132	356.774	342.608	412.864	407.51	430.394	364.843	351.245	426.238	364.169	364.81	380.581	343.635	384.916	416.302	346.911	356.946	370.407	390.333	409.184	
353.848	357.766	341.091	356.919	360.925	388.132	356.774	342.608	412.864	407.51	430.394	364.843	347.193	426.238	364.169	364.81	380.581	343.635	384.916	416.302	345.025	356.946	370.407	378.767	409.184	
349.706	357.766	341.091	356.919	359.59	383.818	356.774	341.665	412.864	407.51	426.316	364.843	347.193	426.238	364.169	364.81	380.581	343.212	381.748	416.302	344.705	356.946	370.407	378.767	409.184	
349.617	355.915	341.091	356.919	359.59	383.818	356.774	341.597	412.864	405.651	426.316	364.843	347.193	426.238	364.134	364.81	380.581	343.212	381.748	412.598	340.106	356.946	370.407	378.767	409.184	
349.617	355.915	341.091	356.919	359.59	383.818	356.774	341.365	412.497	403.254	426.316	364.843	346.285	426.238	364.134	362.571	380.581	343.057	381.748	404.264	340.106	356.946	366.797	377.331	409.184	
349.391	355.915	338.697	356.919	356.08	383.818	356.774	341.268	400.391	378.565	409.379	362.983	346.285	426.238	361.169	362.571	379.009	342.235	381.748	404.264	339.426	356.946	366.797	377.331	399.313	
347.641	355.564	338.697	356.919	356.08	383.818	356.774	341.268	400.391	378.565	409.379	362.983	346.205	418.566	358.002	362.571	379.009	342.235	381.748	404.264	339.426	356.946	359.855	376.757	399.313	
347.641	353.072	338.697	356.919	356.08	383.818	355.984	341.198	399.161	374.785	409.379	351.806	346.205	418.566	358.002	362.571	379.009	341.522	381.748	404.264	339.426	356.946	359.855	376.757	399.313	
347.641	351.421	338.697	356.919	356.08	382.806	354.131	340.933	390.497	374.785	409.379	351.806	346.205	418.566	358.002	358.802	371.588	341.522	381.748	404.264	339.368	356.281	359.855	376.757	396.727	
347.176	351.421	338.697	356.919	356.08	374.254	354.131	340.6	390.497	374.676	409.379	351.806	346.205	418.566	358.002	358.802	371.588	341.367	366.843	396.579	338.902	356.281	359.855	366.572	396.727	
347.176	350.284	338.697	353.413	352.739	373.594	353.097	340.6	379.376	369.818	397.024	351.806	344.539	413.663	358.002	358.802	371.588	340.442	366.843	396.579	338.641	353.273	357.28	366.572	396.727	
345.393	349.422	337.267	353.413	352.739	373.594	349.662	340.378	379.376	369.818	397.024	351.806	342.778	413.663	358.002	358.802	371.588	340.442	366.843	396.579	338.641	353.273	357.28	366.572	395.551	
345.393	348.675	337.267	353.37	352.739	372.884	349.662	340.158	379.376	369.818	393.936	351.806	341.157	409.933	358.002	353.56	371.588	340.442	366.316	396.579	338.248	353.273	357.28	366.572	395.551	
345.393	345.872	337.267	353.37	349.772	371.933	349.662	340.158	379.376	369.818	388.84	351.806	340.347	402.046	354.273	353.56	371.588	340.442	366.316	396.579	337.705	353.189	351.851	365.775	391.096	
345.35	345.872	337.11	345.035	347.826	368.134	347.318	340.158	379.376	369.818	388.84	351.806	340.007	396.537	354.273	353.56	371.588	340.046	366.316	396.579	337.705	353.189	351.851	365.775	391.096	
344.963	345.872	337.11	345.035	347.667	368.134	347.318	340.158	373.022	369.818	388.84	351.806	340.007	396.537	354.273	351.378	371.588	340.046	366.316	396.579	337.705	352.079	351.851	365.775	391.096	
344.963	345.872	335.583	345.035	347.013	365.535	347.318	339.895	373.022	369.818	381.509	351.806	340.007	396.537	354.273	351.378	369.969	340.046	366.316	395.777	337.354	352.079	351.851	365.775	391.096	
344.134	344.571	335.583	345.035	345.572	365.491	344.142	339.895	372.042	365.618	381.509	351.705	340.007	396.537	354.273	351.378	369.653	339.701	366.316	395.777	337.354	347.213	348.463	365.775	391.096	
344.134	342.55	335.583	345.035	343.49	363.316	344.142	339.895	372.042	364.481	381.509	350.424	339.19	396.537	354.273	350.648	369.653	339.701	366.316	395.777	337.146	347.213	348.463	362.17	386.025	
344.134	342.55	335.359	345.035	343.49	361.156	344.142	339.895	372.042	358.245	371.562	350.424	338.18	380.423	353.103	346.896	368.4	339.668	362.877	393.611	337.146	345.873	346.086	358.497	383.845	
343.787	342.55	335.359	345.035	343.393	360.463	344.142	339.829	372.042	358.245	370.41	350.424	337.138	380.423	353.103	346.404	362.55	339.668	362.877	390.722	336.715	345.873	346.086	358.497	383.845	
343.48	342.55	335.134	345.035	343.393	360.463	343.302	339.829	366.816	358.245	366.732	349.116	336.108	380.423	353.103	346.404	362.55	339.647	362.877	387.555	336.715	345.873	345.887	358.497	383.845	
343.48	342.55	334.884	345.035	342.978	359.666	343.302	339.829	366.816	358.245	366.003	349.116	336.108	380.423	353.103	346.404	362.55	339.58	362.877	387.555	336.35	345.873	345.887	358.497	383.845	
343.48	340.742	334.875	344.831	342.645	358.236	343.302	339.829	366.816	358.245	363.284	349.116	335.591	380.423	351.668	345.794	362.55	339.561	362.877	387.555	336.228	345.873	345.887	354.405	383.845	
343.48	340.742	334.875	344.729	341.178	358.236	343.302	339.77	366.816	356.447	358.582	349.116	335.536	380.423	349.469	345.794	361.892	339.537	362.026	385.329	336.228	345.873	345.773	354.405	383.845	
343.48	340.742	334.875	343.909	341.178	358.236	342.61	339.764	362.171	355.827	358.582	347.791	335.013	380.423	349.469	345.794	361.892	339.447	361.544	385.329	336.228	345.873	343.152	353.788	375.912	
343.139	340.742	334.708	343.909	341.021	357.668	342.61	339.761	359.553	351.557	358.582	346.895	334.387	380.423	349.469	345.151	358.671	339.303	361.544	377.886	336.228	344.501	343.152	353.788	375.912	
343.139	340.168	334.591	342.104	341.021	357.294	342.311	339.654	359.553	351.557	358.582	346.895	334.387	380.423	349.469	344.423	358.671	339.303	361.544	376.433	335.889	344.501	342.807	353.788	375.912	
343.07	340.168	334.591	340.527	340.269	357.294	341.968	339.654	359.553	351.068	353.962	346.576	334.352	380.423	349.223	344.423	358.671	339.276	361.544	376.433	335.889	344.501	342.807	353.129	375.912	
342.981	340.168	334.433	340.527	340.269	356.204	341.453	339.611	359.553	347.114	353.962	345.239	334.352	380.423	349.223	343.834	358.671	339.276	357.993	374.6	335.769	344.501	341.97	352.598	375.912	
342.981	340.014	334.433	340.527	340.269	355.845	340.986	339.523	359.553	347.114	350.276	344.835	334.015	376.471	349.223	343.834	358.671	339.276	357.993	374.6	335.769	344.304	341.749	351.27	372.852	
342.884	339.517	334.433	340.069	339.923	354.848	340.837	339.523	356.838	347.114	350.276	343.426	333.906	376.471	349.223	343.834	358.671	339.252	357.993	371.314	335.769	344.304	340.893	349.755	370.05	
342.772	339.517	334.433	340.069	339.503	354.848	340.837	339.523	354.555	346.161	348.412	343.426	333.906	376.471	349.223	343.834	357.925	339.183	356.346	371.314	335.769	343.967	340.893	349.236	356.739	
342.772	339.517	334.373	340.069	339.321	354.848	340.837	339.523	350.232	345.571	348.412	341.582	333.576	369.603	349.223	343.585	357.034	339.183	356.009	371.09	335.767	343.967	340.594	349.236	356.739	
342.531	339.517	334.373	340.069	339.321	353.996	340.464	339.523	350.232	345.571	348.412	341.582	333.576	369.603	348.632	343.521	355.021	339.16	356.009	371.09	335.767	343.915	340.39	348.959	356.739	
342.531	339.269	334.318	340.028	339.14	353.996	340.429	339.523	347.43	345.571	347.382	341.582	333.576	369.603	345.97	343.274	355.021	339.094	356.009	363.61	335.683	343.511	339.568	348.959	356.739	
342.531	339.269	334.19	338.883	338.64	353.283	340.429	339.514	347.43	345.058	346.963	341.582	333.4	369.603	345.97	342.814	355.021	339.094	352.21	363.61	335.683	342.714	339.394	348.79	356.739	
342.531	339.228	334.19	338.883	338.64	353.283	340.424	339.514	347.43	343.314	344.732	341.582	333.4	369.603	345.97	342.762	355.021	339.094	351.774	360.82	335.683	342.714	339.296	347.641	356.739	
342.531	339.07	334.19	338.883	338.448	352.622	340.391	339.492	347.43	341.987	342.909	341.18	333.139	369.603	345.97	342.762	355.021	339.094	351.774	360.82	335.645	342.714	338.715	347.641	356.739	
342.531	339.036	334.19	338.883	338.448	352.622	340.316	339.488	347.43	341.987	342.909	341.159	333.139	369.603	345.97	342.647	355.021	339.094	351.351	360.82	335.645	342.099	338.715	347.396	356.739	
342.531	339.036	334.19	338.883	338.448	352.622	339.87	339.488	347.43	341.987	342.909	341	333.139	369.603	345.97	342.647	354.5	339.082	351.351	355.201	335.56	341.803	338.505	346.442	354.054	
342.486	338.99	334.14	338.774	338.448	352.622	339.87	339.479	347.43	341.156	342.909	341	333.139	369.603	345.97	342.561	353.325	339.076	350.441	355.201	335.56	341.542	338.47	345.872	354.054	
342.44	338.836	334.13	338.607	338.448	352.622	339.87	339.461	346.8	341.156	342.909	340.23	333.139	367.319	344.382	342.561	351.224	339.076	349.259	355.201	335.539	341.542	338.195	345.397	352.445	
342.439	338.836	334.118	338.467	338.408	352.321	339.87	339.461	345.908	341.156	342.72	340.23	333.139	367.319	344.382	342.474	351.224	339.076	349.259	355.201	335.539	341.542	338.122	345.397	352.445	
342.439	338.813	334.118	338.301	338.363	352.321	339.87	339.459	343.302	340.217	342.35	340.23	333.075	367.319	344.382	342.374	351.224	339.066	349.259	355.201	335.522	341.542	337.92	345.386	350.012	
342.439	338.644	334.1	338.301	338.149	352.321	339.827	339.456	343.302	340.129	341.528	340.23	333.075	367.319	344.327	342.374	350.119	339.066	349.147	355.201	335.522	341.189	337.92	345.386	350.012	
342.385	338.644	334.059	338.029	338.149	352.176	339.827	339.441	343.302	340.129	341.528	340.177	333.012	367.319	344.327	342.241	348.478	339.043	348.538	355.201	335.466	341.121	337.548	344.391	350.012	
342.385	338.636	334.034	337.866	338.069	352.083	339.731	339.441	343.302	340.052	341.492	339.88	333.012	362.134	344.327	342.241	348.478	339.028	348.538	355.201	335.466	341.121	337.548	344.391	350.012	
342.385	338.636	334.034	337.756	338.069	351.92	339.731	339.441	343.302	339.608	341.098	339.88	333.003	362.134	344.327	342.071	348.478	339.028	347.983	353.445	335.466	341.121	337.548	344.391	349.412	
342.376	338.592	334.024	337.755	338.034	351.92	339.659	339.44	343.302	339.608	340.607	339.876	333.003	362.134	344.32	342.071	348.478	339.028	347.983	353.362	335.466	340.97	337.469	344.391	347.981	
342.376	338.592	334.009	337.753	338.022	351.822	339.659	339.437	343.302	339.416	340.561	339.65	332.982	362.134	342.94	341.883	347.902	339.028	347.844	349.586	335.466	340.78	337.397	344.106	347.981	
342.343	338.592	334.009	337.558	338.022	351.676	339.659	339.433	341.062	339.416	340.308	339.609	332.982	362.134	342.94	341.883	347.902	339.028	347.772	349.586	335.465	340.78	337.397	344.106	346.431	
342.343	338.527	334.004	337.531	338.022	351.676	339.659	339.43	341.062	339.308	340.008	339.424	332.982	359.219	342.022	341.883	347.902	339.028	347.772	349.586	335.465	340.745	337.397	343.968	346.388	
342.315	338.527	334.004	337.531	337.944	351.676	339.659	339.429	340.535	339.308	340.008	339.424	332.904	359.219	342.022	341.883	347.902	339.027	347.766	349.586	335.439	340.745	337.313	343.968	346.388	
342.315	338.487	333.984	337.482	337.944	351.676	339.618	339.429	340.383	339.005	339.945	339.354	332.904	359.219	342.022	341.869	347.834	339.027	347.136	349.586	335.439	340.742	337.212	343.915	346.109	
342.315	338.461	333.984	337.425	337.918	351.676	339.605	339.426	339.275	338.971	339.93	339.354	332.883	358.025	342.022	341.869	347.792	339.022	347.113	348.672	335.437	340.692	337.212	343.727	345.547	
342.315	338.461	333.984	337.425	337.918	351.628	339.601	339.42	339.275	338.781	339.648	339.354	332.883	357.304	341.887	341.807	347.215	339.012	347.113	348.672	335.437	340.541	337.21	343.727	344.944	
342.313	338.461	333.984	337.425	337.886	351.581	339.599	339.42	339.275	338.652	339.603	339.273	332.883	357.304	341.713	341.791	347.215	339.012	346.999	347.376	335.433	340.534	337.086	343.48	344.087	
342.313	338.452	333.976	337.406	337.886	351.574	339.569	339.42	339.027	338.652	339.552	339.273	332.868	354.846	341.713	341.791	347.076	339.012	346.746	347.376	335.433	340.515	337.086	343.48	343.196	
342.306	338.452	333.971	337.406	337.886	351.509	339.526	339.419	338.783	338.42	339.41	339.254	332.867	354.846	341.628	341.711	347.076	339.012	346.746	347.376	335.431	340.408	337.046	343.381	343.196	
342.303	338.433	333.971	337.372	337.859	351.509	339.51	339.417	337.811	338.42	339.41	339.195	332.852	354.674	341.628	341.711	346.644	339.012	346.676	347.376	335.428	340.408	337.046	343.381	342.803	
342.297	338.433	333.971	337.37	337.859	351.509	339.508	339.417	337.811	338.42	339.41	339.195	332.848	351.695	341.497	341.711	346.644	339.012	346.676	346.877	335.427	340.408	337.039	343.363	342.803	
342.297	338.423	333.967	337.359	337.856	351.509	339.508	339.417	337.807	338.42	339.367	339.191	332.848	351.695	341.442	341.619	346.544	339.011	346.624	346.877	335.425	340.408	337.029	343.345	342.41	
342.295	338.406	333.967	337.261	337.845	351.502	339.508	339.416	337.807	338.42	339.271	339.174	332.833	348.844	341.38	341.619	346.544	339.011	346.567	346.728	335.419	340.408	337.029	343.123	342.41	
342.295	338.406	333.965	337.258	337.845	351.5	339.492	339.416	337.613	338.42	339.271	339.174	332.832	348.844	341.38	341.619	346.381	339.01	346.567	346.584	335.419	340.408	337.011	343.123	342.17	
342.294	338.403	333.965	337.258	337.845	351.471	339.492	339.416	337.525	338.42	339.231	339.134	332.816	348.844	341.288	341.619	346.29	339.008	346.567	346.17	335.419	340.408	337.011	343.123	341.252	
342.293	338.403	333.962	337.243	337.845	351.466	339.475	339.416	337.283	338.34	339.134	339.134	332.816	347.811	341.282	341.619	346.29	339.007	346.491	346.17	335.414	340.399	337.01	343.088	341.252	
342.293	338.403	333.962	337.202	337.83	351.454	339.453	339.415	337.205	338.326	339.065	339.122	332.814	347.811	341.265	341.619	346.144	339.006	346.482	346.1	335.413	340.378	336.97	343.088	341.252	
342.288	338.398	333.962	337.199	337.83	351.454	339.453	339.413	336.932	338.326	339.065	339.122	332.808	347.811	341.156	341.619	346.144	339.005	346.364	345.971	335.413	340.37	336.97	343.088	341.175	
342.287	338.394	333.96	337.199	337.828	351.42	339.435	339.413	336.768	338.275	339.065	339.114	332.808	347.811	340.996	341.588	346.144	339.005	346.364	345.586	335.412	340.353	336.97	343.088	341.175	
342.284	338.388	333.96	337.199	337.814	351.42	339.435	339.413	336.768	338.275	339.035	339.1	332.808	347.332	340.996	341.588	346.112	339.005	346.362	345.586	335.412	340.353	336.97	343.034	340.978	
342.284	338.386	333.96	337.199	337.814	351.42	339.429	339.412	336.768	338.275	338.981	339.061	332.799	347.13	340.996	341.58	346.043	339.004	346.35	345.586	335.41	340.336	336.949	343.029	340.943	
342.28	338.383	333.959	337.189	337.814	351.42	339.429	339.412	336.768	338.255	338.958	339.061	332.796	347.13	340.996	341.579	346.043	339.004	346.284	345.583	335.41	340.336	336.948	343.013	340.87	
342.28	338.383	333.959	337.169	337.814	351.42	339.429	339.412	336.747	338.255	338.958	339.061	332.796	347.13	340.996	341.557	346.043	339.004	346.284	345.282	335.406	340.336	336.948	342.994	340.827	
342.28	338.383	333.959	337.169	337.814	351.409	339.429	339.412	336.648	338.239	338.958	339.047	332.794	346.64	340.996	341.557	346.021	339.004	346.284	345.162	335.406	340.336	336.939	342.994	340.827	
342.28	338.378	333.956	337.151	337.813	351.397	339.429	339.411	336.584	338.239	338.938	339.047	332.794	345.844	340.94	341.557	345.927	339.003	346.284	345.162	335.406	340.331	336.939	342.99	340.753	
342.276	338.375	333.956	337.151	337.81	351.397	339.427	339.411	336.584	338.232	338.938	339.047	332.793	345.844	340.94	341.556	345.897	339.003	346.24	345.162	335.406	340.331	336.917	342.981	340.735	
342.276	338.375	333.956	337.151	337.81	351.396	339.427	339.411	336.584	338.232	338.912	339.047	332.793	345.606	340.94	341.544	345.897	339.003	346.24	345.162	335.406	340.31	336.917	342.964	340.6	
342.276	338.375	333.956	337.137	337.808	351.396	339.422	339.411	336.563	338.208	338.902	339.042	332.79	345.606	340.911	341.544	345.888	339.003	346.24	344.977	335.405	340.31	336.917	342.96	340.594	
342.276	338.375	333.956	337.137	337.806	351.391	339.416	339.411	336.478	338.195	338.902	339.037	332.79	345.606	340.84	341.542	345.882	339.002	346.19	344.896	335.405	340.31	336.917	342.96	340.539	
342.275	338.373	333.955	337.137	337.806	351.391	339.416	339.411	336.478	338.195	338.894	339.032	332.788	345.606	340.84	341.538	345.84	339.002	346.19	344.741	335.404	340.31	336.916	342.954	340.531	
342.275	338.371	333.955	337.137	337.806	351.386	339.412	339.411	336.478	338.189	338.888	339.032	332.788	345.504	340.84	341.531	345.833	339.002	346.19	344.741	335.404	340.31	336.916	342.947	340.431	
342.275	338.371	333.955	337.131	337.806	351.384	339.412	339.411	336.478	338.189	338.888	339.032	332.787	345.178	340.84	341.528	345.823	339.002	346.143	344.741	335.404	340.31	336.911	342.947	340.431	
342.275	338.37	333.954	337.131	337.804	351.384	339.412	339.411	336.472	338.182	338.888	339.029	332.786	345.178	340.84	341.528	345.804	339.002	346.132	344.741	335.403	340.31	336.908	342.947	340.43	
342.274	338.37	333.954	337.131	337.801	351.384	339.411	339.411	336.406	338.182	338.88	339.019	332.785	345.178	340.829	341.521	345.804	339.002	346.092	344.674	335.403	340.303	336.908	342.934	340.374	
342.274	338.368	333.954	337.13	337.801	351.383	339.411	339.41	336.406	338.176	338.874	339.018	332.785	345.178	340.829	341.52	345.772	339.002	346.092	344.674	335.403	340.301	336.903	342.934	340.316	
342.273	338.367	333.953	337.125	337.801	351.382	339.41	339.41	336.406	338.171	338.872	339.017	332.785	345.11	340.811	341.517	345.772	339.002	346.088	344.658	335.402	340.3	336.903	342.924	340.287	
342.273	338.367	333.953	337.125	337.801	351.38	339.408	339.41	336.402	338.171	338.871	339.017	332.782	345.039	340.811	341.516	345.772	339.002	346.077	344.646	335.402	340.298	336.899	342.92	340.287	
342.273	338.366	333.953	337.121	337.801	351.378	339.408	339.41	336.387	338.162	338.858	339.017	332.782	344.795	340.8	341.516	345.767	339.001	346.046	344.63	335.402	340.298	336.899	342.92	340.287	
342.273	338.365	333.953	337.121	337.801	351.377	339.407	339.41	336.366	338.161	338.858	339.014	332.781	344.795	340.799	341.512	345.767	339.001	346.046	344.608	335.402	340.295	336.899	342.92	340.287	
342.272	338.365	333.953	337.121	337.801	351.377	339.407	339.41	336.364	338.158	338.858	339.008	332.781	344.795	340.799	341.511	345.767	339.001	346.046	344.591	335.402	340.295	336.899	342.911	340.275	
342.272	338.364	333.953	337.121	337.801	351.374	339.406	339.41	336.358	338.157	338.858	339.008	332.78	344.795	340.799	341.508	345.761	339.001	346.046	344.576	335.402	340.294	336.899	342.905	340.25	
342.272	338.364	333.953	337.12	337.801	351.374	339.406	339.41	336.358	338.156	338.848	339.008	332.78	344.795	340.796	341.505	345.761	339.001	346.007	344.576	335.402	340.294	336.899	342.905	340.25	
342.272	338.364	333.953	337.117	337.801	351.374	339.405	339.41	336.352	338.156	338.847	339.008	332.78	344.795	340.793	341.505	345.748	339.001	345.999	344.52	335.402	340.293	336.899	342.905	340.247	
342.272	338.364	333.953	337.117	337.801	351.374	339.404	339.41	336.349	338.153	338.844	339.008	332.78	344.795	340.793	341.505	345.748	339.001	345.971	344.52	335.402	340.293	336.899	342.902	340.234	
342.272	338.364	333.953	337.117	337.8	351.372	339.404	339.41	336.334	338.152	338.844	339.008	332.78	344.78	340.777	341.505	345.748	339.001	345.971	344.52	335.402	340.292	336.899	342.902	340.226	
342.271	338.363	333.953	337.117	337.8	351.371	339.403	339.41	336.334	338.149	338.836	339.008	332.78	344.78	340.777	341.502	345.748	339.001	345.97	344.496	335.402	340.292	336.898	342.901	340.226	
342.271	338.363	333.953	337.117	337.8	351.371	339.403	339.41	336.321	338.149	338.836	339.007	332.78	344.744	340.777	341.497	345.745	339.001	345.966	344.496	335.402	340.29	336.898	342.897	340.219	
342.271	338.362	333.953	337.117	337.8	351.371	339.403	339.41	336.321	338.145	338.836	339.007	332.779	344.744	340.777	341.497	345.745	339.001	345.951	344.496	335.402	340.29	336.898	342.897	340.219	
342.271	338.362	333.953	337.117	337.799	351.371	339.402	339.41	336.321	338.145	338.836	339.005	332.779	344.721	340.777	341.497	345.739	339.001	345.951	344.487	335.402	340.289	336.897	342.897	340.219	
342.271	338.362	333.953	337.117	337.799	351.371	339.402	339.41	336.319	338.145	338.835	339.005	332.778	344.69	340.775	341.497	345.739	339.001	345.932	344.468	335.402	340.289	336.897	342.895	340.218	
342.271	338.362	333.952	337.116	337.799	351.37	339.402	339.41	336.319	338.145	338.835	339.005	332.778	344.668	340.772	341.496	345.739	339.001	345.932	344.468	335.402	340.289	336.897	342.894	340.202	
342.271	338.362	333.952	337.116	337.799	351.37	339.401	339.41	336.315	338.143	338.835	339.004	332.778	344.66	340.772	341.496	345.737	339.001	345.928	344.468	335.402	340.289	336.897	342.893	340.202	
342.271	338.362	333.952	337.116	337.799	351.37	339.401	339.41	336.315	338.142	338.834	339.004	332.778	344.626	340.771	341.493	345.735	339.001	345.912	344.468	335.401	340.288	336.896	342.893	340.202	
342.271	338.362	333.952	337.116	337.799	351.37	339.401	339.41	336.314	338.142	338.833	339.004	332.778	344.626	340.77	341.493	345.733	339.001	345.912	344.458	335.401	340.288	336.896	342.892	340.201	
342.271	338.362	333.952	337.116	337.799	351.37	339.401	339.41	336.31	338.142	338.833	339.004	332.778	344.611	340.77	341.493	345.732	339.001	345.91	344.458	335.401	340.288	336.896	342.892	340.201	
342.271	338.362	333.952	337.116	337.799	351.369	339.401	339.41	336.31	338.141	338.833	339.003	332.778	344.611	340.77	341.493	345.732	339.001	345.91	344.44	335.401	340.287	336.896	342.891	340.197	
342.271	338.362	333.952	337.115	337.799	351.369	339.401	339.41	336.305	338.14	338.833	339.003	332.778	344.611	340.768	341.493	345.73	339.001	345.91	344.44	335.401	340.287	336.896	342.891	340.193	
342.271	338.362	333.952	337.115	337.799	351.369	339.401	339.41	336.305	338.14	338.833	339.003	332.778	344.583	340.768	341.493	345.73	339.001	345.909	344.44	335.401	340.287	336.895	342.891	340.192	
342.271	338.361	333.952	337.115	337.799	351.369	339.401	339.41	336.305	338.139	338.832	339.003	332.778	344.566	340.767	341.492	345.728	339.001	345.908	344.436	335.401	340.287	336.895	342.89	340.19	
342.271	338.361	333.952	337.115	337.799	351.369	339.4	339.41	336.301	338.139	338.831	339.003	332.778	344.566	340.767	341.492	345.728	339.001	345.905	344.432	335.401	340.287	336.895	342.889	340.19	
342.271	338.361	333.952	337.115	337.799	351.369	339.4	339.41	336.301	338.139	338.831	339.003	332.778	344.566	340.767	341.492	345.728	339.001	345.904	344.432	335.401	340.286	336.895	342.889	340.19	
342.271	338.361	333.952	337.115	337.799	351.369	339.4	339.41	336.301	338.139	338.83	339.002	332.778	344.557	340.765	341.492	345.728	339.001	345.904	344.429	335.401	340.286	336.895	342.889	340.19	
342.271	338.361	333.952	337.115	337.799	351.369	339.4	339.41	336.299	338.139	338.83	339.002	332.778	344.551	340.765	341.492	345.727	339.001	345.9	344.429	335.401	340.286	336.895	342.889	340.19	
342.271	338.361	333.952	337.115	337.799	351.369	339.4	339.41	336.299	338.138	338.83	339.002	332.778	344.55	340.765	341.491	345.727	339.001	345.9	344.417	335.401	340.286	336.895	342.889	340.189	
342.271	338.361	333.952	337.115	337.799	351.369	339.4	339.41	336.297	338.138	338.83	339.002	332.778	344.548	340.765	341.491	345.726	339.001	345.898	344.417	335.401	340.286	336.895	342.889	340.187	
342.271	338.361	333.952	337.115	337.799	351.368	339.4	339.41	336.297	338.137	338.83	339.002	332.778	344.541	340.765	341.491	345.726	339.001	345.896	344.417	335.401	340.286	336.895	342.888	340.186	
342.271	338.361	333.952	337.115	337.799	351.368	339.4	339.41	336.296	338.137	338.83	339.002	332.778	344.535	340.765	341.491	345.726	339.001	345.896	344.416	335.401	340.286	336.895	342.888	340.186	
342.271	338.361	333.952	337.115	337.799	351.368	339.4	339.41	336.296	338.137	338.83	339.002	332.778	344.532	340.765	341.491	345.726	339.001	345.895	344.416	335.401	340.286	336.895	342.888	340.186	
342.271	338.361	333.952	337.115	337.799	351.368	339.4	339.41	336.294	338.137	338.83	339.002	332.778	344.523	340.765	341.49	345.726	339.001	345.894	344.412	335.401	340.286	336.895	342.888	340.186	
342.271	338.361	333.952	337.115	337.799	351.368	339.4	339.41	336.294	338.137	338.83	339.002	332.778	344.523	340.764	341.49	345.725	339.001	345.89	344.41	335.401	340.286	336.895	342.888	340.186	
342.271	338.361	333.952	337.115	337.799	351.368	339.4	339.41	336.293	338.137	338.83	339.002	332.778	344.523	340.764	341.49	345.725	339.001	345.89	344.41	335.401	340.286	336.895	342.888	340.185	
342.271	338.361	333.952	337.115	337.799	351.368	339.4	339.41	336.293	338.137	338.83	339.002	332.778	344.522	340.764	341.49	345.725	339.001	345.89	344.409	335.401	340.286	336.895	342.888	340.185	
342.271	338.361	333.952	337.115	337.799	351.368	339.4	339.41	336.293	338.137	338.829	339.002	332.778	344.522	340.764	341.49	345.725	339.001	345.889	344.409	335.401	340.286	336.895	342.888	340.185	
342.271	338.361	333.952	337.115	337.799	351.368	339.4	339.41	336.293	338.137	338.829	339.002	332.778	344.52	340.764	341.49	345.725	339.001	345.889	344.406	335.401	340.286	336.895	342.888	340.184	
342.271	338.361	333.952	337.115	337.798	351.368	339.4	339.41	336.293	338.137	338.829	339.002	332.778	344.52	340.764	341.49	345.725	339.001	345.888	344.405	335.401	340.286	336.895	342.888	340.184	
342.271	338.361	333.952	337.115	337.798	351.368	339.4	339.41	336.292	338.137	338.829	339.002	332.778	344.52	340.764	341.49	345.725	339.001	345.887	344.405	335.401	340.286	336.895	342.888	340.184	
342.271	338.361	333.952	337.115	337.798	351.368	339.4	339.41	336.292	338.137	338.829	339.002	332.778	344.517	340.763	341.49	345.725	339.001	345.887	344.404	335.401	340.286	336.895	342.888	340.184	
342.271	338.361	333.952	337.115	337.798	351.368	339.4	339.41	336.292	338.137	338.829	339.002	332.778	344.516	340.763	341.49	345.725	339.001	345.887	344.403	335.401	340.286	336.895	342.888	340.184	
342.271	338.361	333.952	337.115	337.798	351.368	339.4	339.41	336.291	338.137	338.829	339.002	332.778	344.514	340.763	341.49	345.724	339.001	345.887	344.403	335.401	340.286	336.895	342.888	340.184	
342.271	338.361	333.952	337.115	337.798	351.368	339.4	339.41	336.291	338.137	338.829	339.002	332.778	344.514	340.763	341.49	345.724	339.001	345.886	344.403	335.401	340.286	336.895	342.888	340.184	
342.271	338.361	333.952	337.115	337.798	351.368	339.4	339.41	336.291	338.136	338.829	339.002	332.778	344.514	340.763	341.49	345.724	339.001	345.886	344.402	335.401	340.286	336.895	342.888	340.184	
342.271	338.361	333.952	337.115	337.798	351.368	339.4	339.41	336.291	338.136	338.829	339.002	332.778	344.514	340.763	341.49	345.724	339.001	345.886	344.402	335.401	340.286	336.894	342.888	340.184	
342.271	338.361	333.952	337.115	337.798	351.368	339.4	339.41	336.291	338.136	338.829	339.002	332.778	344.514	340.763	341.49	345.724	339.001	345.886	344.402	335.401	340.286	336.894	342.888	340.184	
342.271	338.361	333.952	337.115	337.798	351.368	339.4	339.41	336.291	338.136	338.829	339.002	332.778	344.514	340.763	341.49	345.724	339.001	345.886	344.401	335.401	340.286	336.894	342.888	340.184	
342.271	338.361	333.952	337.115	337.798	351.368	339.4	339.41	336.291	338.136	338.829	339.002	332.778	344.514	340.763	341.49	345.724	339.001	345.885	344.401	335.401	340.286	336.894	342.887	340.184	
342.271	338.361	333.952	337.115	337.798	351.368	339.4	339.41	336.291	338.136	338.829	339.002	332.778	344.513	340.763	341.49	345.724	339.001	345.885	344.401	335.401	340.286	336.894	342.887	340.184	
342.271	338.361	333.952	337.115	337.798	351.368	339.4	339.41	336.291	338.136	338.829	339.002	332.778	344.513	340.763	341.49	345.724	339.001	345.885	344.4	335.401	340.286	336.894	342.887	340.184	
342.271	338.361	333.952	337.115	337.798	351.368	339.4	339.41	336.291	338.136	338.829	339.002	332.778	344.513	340.763	341.49	345.724	339.001	345.885	344.4	335.401	340.286	336.894	342.887	340.184	
342.271	338.361	333.952	337.115	337.798	351.368	339.4	339.41	336.291	338.136	338.829	339.002	332.778	344.513	340.763	341.49	345.724	339.001	345.885	344.4	335.401	340.286	336.894	342.887	340.183	
342.271	338.361	333.952	337.115	337.798	351.368	339.4	339.41	336.291	338.136	338.829	339.002	332.778	344.513	340.763	341.49	345.724	339.001	345.884	344.4	335.401	340.286	336.894	342.887	340.183	
342.271	338.361	333.952	337.115	337.798	351.368	339.4	339.41	336.291	338.136	338.829	339.002	332.778	344.513	340.763	341.49	345.724	339.001	345.884	344.4	335.401	340.286	336.894	342.887	340.183	
342.271	338.361	333.952	337.115	337.798	351.368	339.4	339.41	336.29	338.136	338.829	339.002	332.778	344.512	340.763	341.49	345.724	339.001	345.884	344.4	335.401	340.286	336.894	342.887	340.183	
342.271	338.361	333.952	337.115	337.798	351.368	339.4	339.41	336.29	338.136	338.829	339.002	332.778	344.512	340.763	341.49	345.724	339.001	345.884	344.4	335.401	340.286	336.894	342.887	340.183	
342.271	338.361	333.952	337.115	337.798	351.368	339.4	339.41	336.29	338.136	338.829	339.002	332.778	344.512	340.763	341.49	345.724	339.001	345.884	344.4	335.401	340.286	336.894	342.887	340.183	
342.271	338.361	333.952	337.115	337.798	351.368	339.4	339.41	336.29	338.136	338.829	339.002	332.778	344.512	340.763	341.49	345.724	339.001	345.884	344.399	335.401	340.286	336.894	342.887	340.183	
342.271	338.361	333.952	337.115	337.798	351.368	339.4	339.41	336.29	338.136	338.829	339.002	332.778	344.512	340.763	341.49	345.724	339.001	345.884	344.399	335.401	340.286	336.894	342.887	340.183	
342.271	338.361	333.952	337.115	337.798	351.368	339.4	339.41	336.29	338.136	338.829	339.002	332.778	344.512	340.763	341.49	345.724	339.001	345.884	344.399	335.401	340.286	336.894	342.887	340.183	
342.271	338.361	333.952	337.115	337.798	351.368	339.4	339.41	336.29	338.136	338.829	339.002	332.778	344.512	340.763	341.49	345.724	339.001	345.884	344.399	335.401	340.286	336.894	342.887	340.183	
342.271	338.361	333.952	337.115	337.798	351.368	339.4	339.41	336.29	338.136	338.829	339.002	332.778	344.512	340.763	341.49	345.724	339.001	345.884	344.399	335.401	340.286	336.894	342.887	340.183	
342.271	338.361	333.952	337.115	337.798	351.368	339.4	339.41	336.29	338.136	338.829	339.002	332.778	344.512	340.763	341.49	345.724	339.001	345.884	344.399	335.401	340.286	336.894	342.887	340.183	
342.271	338.361	333.952	337.115	337.798	351.368	339.4	339.41	336.29	338.136	338.829	339.002	332.778	344.512	340.763	341.49	345.724	339.001	345.884	344.399	335.401	340.286	336.894	342.887	340.183	
342.271	338.361	333.952	337.115	337.798	351.368	339.4	339.41	336.29	338.136	338.829	339.002	332.778	344.512	340.763	341.49	345.724	339.001	345.884	344.399	335.401	340.286	336.894	342.887	340.183	
342.271	338.361	333.952	337.115	337.798	351.368	339.4	339.41	336.29	338.136	338.829	339.002	332.778	344.512	340.763	341.49	345.724	339.001	345.884	344.399	335.401	340.286	336.894	342.887	340.183	
342.271	338.361	333.952	337.115	337.798	351.368	339.4	339.41	336.29	338.136	338.829	339.002	332.778	344.512	340.763	341.49	345.724	339.001	345.883	344.399	335.401	340.286	336.894	342.887	340.183	
342.271	338.361	333.952	337.115	337.798	351.368	339.4	339.41	336.29	338.136	338.829	339.002	332.778	344.512	340.763	341.49	345.724	339.001	345.883	344.399	335.401	340.286	336.894	342.887	340.183	
342.271	338.361	333.952	337.115	337.798	351.368	339.4	339.41	336.29	338.136	338.829	339.002	332.778	344.512	340.763	341.49	345.724	339.001	345.883	344.399	335.401	340.286	336.894	342.887	340.183	
342.271	338.361	333.952	337.115	337.798	351.368	339.4	339.41	336.29	338.136	338.829	339.002	332.778	344.512	340.763	341.49	345.724	339.001	345.883	344.399	335.401	340.286	336.894	342.887	340.183	
342.271	338.361	333.952	337.115	337.798	351.368	339.4	339.41	336.29	338.136	338.829	339.002	332.778	344.512	340.763	341.49	345.724	339.001	345.883	344.399	335.401	340.286	336.894	342.887	340.183	
342.271	338.361	333.952	337.115	337.798	351.368	339.4	339.41	336.29	338.136	338.829	339.002	332.778	344.512	340.763	341.49	345.724	339.001	345.883	344.399	335.401	340.286	336.894	342.887	340.183	
342.271	338.361	333.952	337.115	337.798	351.368	339.4	339.41	336.29	338.136	338.829	339.002	332.778	344.512	340.763	341.49	345.724	339.001	345.883	344.399	335.401	340.286	336.894	342.887	340.183	
342.271	338.361	333.952	337.114	337.798	351.368	339.4	339.41	336.29	338.136	338.829	339.002	332.778	344.512	340.763	341.49	345.724	339.001	345.883	344.399	335.401	340.286	336.894	342.887	340.183	
342.271	338.361	333.952	337.114	337.798	351.368	339.4	339.41	336.29	338.136	338.829	339.002	332.778	344.512	340.763	341.49	345.724	339.001	345.883	344.399	335.401	340.286	336.894	342.887	340.183	
342.271	338.361	333.952	337.114	337.798	351.368	339.4	339.41	336.29	338.136	338.829	339.002	332.778	344.512	340.763	341.49	345.724	339.001	345.883	344.399	335.401	340.286	336.894	342.887	340.183	
342.271	338.361	333.952	337.114	337.798	351.368	339.4	339.41	336.29	338.136	338.829	339.002	332.778	344.512	340.763	341.49	345.724	339.001	345.883	344.399	335.401	340.286	336.894	342.887	340.183	
342.271	338.361	333.952	337.114	337.798	351.368	339.4	339.41	336.29	338.136	338.829	339.002	332.778	344.512	340.763	341.49	345.724	339.001	345.883	344.399	335.401	340.286	336.894	342.887	340.183	
342.271	338.361	333.952	337.114	337.798	351.368	339.4	339.41	336.29	338.136	338.829	339.002	332.778	344.512	340.763	341.49	345.724	339.001	345.883	344.399	335.401	340.286	336.894	342.887	340.183	
342.271	338.361	333.952	337.114	337.798	351.368	339.4	339.41	336.29	338.136	338.829	339.002	332.778	344.512	340.763	341.49	345.724	339.001	345.883	344.399	335.401	340.286	336.894	342.887	340.183	
342.271	338.361	333.952	337.114	337.798	351.368	339.4	339.41	336.29	338.136	338.829	339.002	332.778	344.512	340.763	341.49	345.724	339.001	345.883	344.399	335.401	340.286	336.894	342.887	340.183	
342.271	338.361	333.952	337.114	337.798	351.368	339.4	339.41	336.29	338.136	338.829	339.002	332.778	344.512	340.763	341.49	345.724	339.001	345.883	344.399	335.401	340.286	336.894	342.887	340.183	
342.271	338.361	333.952	337.114	337.798	351.368	339.4	339.41	336.29	338.136	338.829	339.002	332.778	344.512	340.763	341.49	345.724	339.001	345.883	344.399	335.401	340.286	336.894	342.887	340.183	
342.271	338.361	333.952	337.114	337.798	351.368	339.4	339.41	336.29	338.136	338.829	339.002	332.778	344.512	340.763	341.49	345.724	339.001	345.883	344.399	335.401	340.286	336.894	342.887	340.183	
342.271	338.361	333.952	337.114	337.798	351.368	339.4	339.41	336.29	338.136	338.829	339.002	332.778	344.512	340.763	341.49	345.724	339.001	345.883	344.399	335.401	340.286	336.894	342.887	340.183	
342.271	338.361	333.952	337.114	337.798	351.368	339.4	339.41	336.29	338.136	338.829	339.002	332.778	344.512	340.763	341.49	345.724	339.001	345.883	344.399	335.401	340.286	336.894	342.887	340.183	
342.271	338.361	333.952	337.114	337.798	351.368	339.4	339.41	336.29	338.136	338.829	339.002	332.778	344.512	340.763	341.49	345.724	339.001	345.883	344.399	335.401	340.286	336.894	342.887	340.183	
342.271	338.361	333.952	337.114	337.798	351.368	339.4	339.41	336.29	338.136	338.829	339.002	332.778	344.512	340.763	341.49	345.724	339.001	345.883	344.399	335.401	340.286	336.894	342.887	340.183	
342.271	338.361	333.952	337.114	337.798	351.368	339.4	339.41	336.29	338.136	338.829	339.002	332.778	344.512	340.763	341.49	345.724	339.001	345.883	344.399	335.401	340.286	336.894	342.887	340.183	
342.271	338.361	333.952	337.114	337.798	351.368	339.4	339.41	336.29	338.136	338.829	339.002	332.778	344.512	340.763	341.49	345.724	339.001	345.883	344.399	335.401	340.286	336.894	342.887	340.183	
342.271	338.361	333.952	337.114	337.798	351.368	339.4	339.41	336.29	338.136	338.829	339.002	332.778	344.512	340.763	341.49	345.724	339.001	345.883	344.399	335.401	340.286	336.894	342.887	340.183	
342.271	338.361	333.952	337.114	337.798	351.368	339.4	339.41	336.29	338.136	338.829	339.002	332.778	344.512	340.763	341.49	345.724	339.001	345.883	344.399	335.401	340.286	336.894	342.887	340.183	
342.271	338.361	333.952	337.114	337.798	351.368	339.4	339.41	336.29	338.136	338.829	339.002	332.778	344.512	340.763	341.49	345.724	339.001	345.883	344.399	335.401	340.286	336.894	342.887	340.183	
342.271	338.361	333.952	337.114	337.798	351.368	339.4	339.41	336.29	338.136	338.829	339.002	332.778	344.512	340.763	341.49	345.724	339.001	345.883	344.399	335.401	340.286	336.894	342.887	340.183	
342.271	338.361	333.952	337.114	337.798	351.368	339.4	339.41	336.29	338.136	338.829	339.002	332.778	344.512	340.763	341.49	345.724	339.001	345.883	344.399	335.401	340.286	336.894	342.887	340.183	
342.271	338.361	333.952	337.114	337.798	351.368	339.4	339.41	336.29	338.136	338.829	339.002	332.778	344.512	340.763	341.49	345.724	339.001	345.883	344.399	335.401	340.286	336.894	342.887	340.183	
342.271	338.361	333.952	337.114	337.798	351.368	339.4	339.41	336.29	338.136	338.829	339.002	332.778	344.512	340.763	341.49	345.724	339.001	345.883	344.399	335.401	340.286	336.894	342.887	340.183	
342.271	338.361	333.952	337.114	337.798	351.368	339.4	339.41	336.29	338.136	338.829	339.002	332.778	344.512	340.763	341.49	345.724	339.001	345.883	344.399	335.401	340.286	336.894	342.887	340.183	
342.271	338.361	333.952	337.114	337.798	351.368	339.4	339.41	336.29	338.136	338.829	339.002	332.778	344.512	340.763	341.49	345.724	339.001	345.883	344.399	335.401	340.286	336.894	342.887	340.183	
342.271	338.361	333.952	337.114	337.798	351.368	339.4	339.41	336.29	338.136	338.829	339.002	332.778	344.512	340.763	341.49	345.724	339.001	345.883	344.399	335.401	340.286	336.894	342.887	340.183	
342.271	338.361	333.952	337.114	337.798	351.368	339.4	339.41	336.29	338.136	338.829	339.002	332.778	344.512	340.763	341.49	345.724	339.001	345.883	344.399	335.401	340.286	336.894	342.887	340.183	
342.271	338.361	333.952	337.114	337.798	351.368	339.4	339.41	336.29	338.136	338.829	339.002	332.778	344.512	340.763	341.49	345.724	339.001	345.883	344.399	335.401	340.286	336.894	342.887	340.183	
342.271	338.361	333.952	337.114	337.798	351.368	339.4	339.41	336.29	338.136	338.829	339.002	332.778	344.512	340.763	341.49	345.724	339.001	345.883	344.399	335.401	340.286	336.894	342.887	340.183	
342.271	338.361	333.952	337.114	337.798	351.368	339.4	339.41	336.29	338.136	338.829	339.002	332.778	344.512	340.763	341.49	345.724	339.001	345.883	344.399	335.401	340.286	336.894	342.887	340.183	
342.271	338.361	333.952	337.114	337.798	351.368	339.4	339.41	336.29	338.136	338.829	339.002	332.778	344.512	340.763	341.49	345.724	339.001	345.883	344.399	335.401	340.286	336.894	342.887	340.183	
342.271	338.361	333.952	337.114	337.798	351.368	339.4	339.41	336.29	338.136	338.829	339.002	332.778	344.512	340.763	341.49	345.724	339.001	345.883	344.399	335.401	340.286	336.894	342.887	340.183	
342.271	338.361	333.952	337.114	337.798	351.368	339.4	339.41	336.29	338.136	338.829	339.002	332.778	344.512	340.763	341.49	345.724	339.001	345.883	344.399	335.401	340.286	336.894	342.887	340.183	
342.271	338.361	333.952	337.114	337.798	351.368	339.4	339.41	336.29	338.136	338.829	339.002	332.778	344.512	340.763	341.49	345.724	339.001	345.883	344.399	335.401	340.286	336.894	342.887	340.183	
342.271	338.361	333.952	337.114	337.798	351.368	339.4	339.41	336.29	338.136	338.829	339.002	332.778	344.512	340.763	341.49	345.724	339.001	345.883	344.399	335.401	340.286	336.894	342.887	340.183	
342.271	338.361	333.952	337.114	337.798	351.368	339.4	339.41	336.29	338.136	338.829	339.002	332.778	344.512	340.763	341.49	345.724	339.001	345.883	344.399	335.401	340.286	336.894	342.887	340.183	
342.271	338.361	333.952	337.114	337.798	351.368	339.4	339.41	336.29	338.136	338.829	339.002	332.778	344.512	340.763	341.49	345.724	339.001	345.883	344.399	335.401	340.286	336.894	342.887	340.183	
342.271	338.361	333.952	337.114	337.798	351.368	339.4	339.41	336.29	338.136	338.829	339.002	332.778	344.512	340.763	341.49	345.724	339.001	345.883	344.399	335.401	340.286	336.894	342.887	340.183	
342.271	338.361	333.952	337.114	337.798	351.368	339.4	339.41	336.29	338.136	338.829	339.002	332.778	344.512	340.763	341.49	345.724	339.001	345.883	344.399	335.401	340.286	336.894	342.887	340.183	
342.271	338.361	333.952	337.114	337.798	351.368	339.4	339.41	336.29	338.136	338.829	339.002	332.778	344.512	340.763	341.49	345.724	339.001	345.883	344.399	335.401	340.286	336.894	342.887	340.183	
342.271	338.361	333.952	337.114	337.798	351.368	339.4	339.41	336.29	338.136	338.829	339.002	332.778	344.512	340.763	341.49	345.724	339.001	345.883	344.399	335.401	340.286	336.894	342.887	340.183	
342.271	338.361	333.952	337.114	337.798	351.368	339.4	339.41	336.29	338.136	338.829	339.002	332.778	344.512	340.763	341.49	345.724	339.001	345.883	344.399	335.401	340.286	336.894	342.887	340.183	
342.271	338.361	333.952	337.114	337.798	351.368	339.4	339.41	336.29	338.136	338.829	339.002	332.778	344.512	340.763	341.49	345.724	339.001	345.883	344.399	335.401	340.286	336.894	342.887	340.183	
342.271	338.361	333.952	337.114	337.798	351.368	339.4	339.41	336.29	338.136	338.829	339.002	332.778	344.512	340.763	341.49	345.724	339.001	345.883	344.399	335.401	340.286	336.894	342.887	340.183	
342.271	338.361	333.952	337.114	337.798	351.368	339.4	339.41	336.29	338.136	338.829	339.002	332.778	344.512	340.763	341.49	345.724	339.001	345.883	344.399	335.401	340.286	336.894	342.887	340.183	
342.271	338.361	333.952	337.114	337.798	351.368	339.4	339.41	336.29	338.136	338.829	339.002	332.778	344.512	340.763	341.49	345.724	339.001	345.883	344.399	335.401	340.286	336.894	342.887	340.183	
342.271	338.361	333.952	337.114	337.798	351.368	339.4	339.41	336.29	338.136	338.829	339.002	332.778	344.512	340.763	341.49	345.724	339.001	345.883	344.399	335.401	340.286	336.894	342.887	340.183	
342.271	338.361	333.952	337.114	337.798	351.368	339.4	339.41	336.29	338.136	338.829	339.002	332.778	344.512	340.763	341.49	345.724	339.001	345.883	344.399	335.401	340.286	336.894	342.887	340.183	
342.271	338.361	333.952	337.114	337.798	351.368	339.4	339.41	336.29	338.136	338.829	339.002	332.778	344.512	340.763	341.49	345.724	339.001	345.883	344.399	335.401	340.286	336.894	342.887	340.183	
342.271	338.361	333.952	337.114	337.798	351.368	339.4	339.41	336.29	338.136	338.829	339.002	332.778	344.512	340.763	341.49	345.724	339.001	345.883	344.399	335.401	340.286	336.894	342.887	340.183	
342.271	338.361	333.952	337.114	337.798	351.368	339.4	339.41	336.29	338.136	338.829	339.002	332.778	344.512	340.763	341.49	345.724	339.001	345.883	344.399	335.401	340.286	336.894	342.887	340.183	
342.271	338.361	333.952	337.114	337.798	351.368	339.4	339.41	336.29	338.136	338.829	339.002	332.778	344.512	340.763	341.49	345.724	339.001	345.883	344.399	335.401	340.286	336.894	342.887	340.183	
342.271	338.361	333.952	337.114	337.798	351.368	339.4	339.41	336.29	338.136	338.829	339.002	332.778	344.512	340.763	341.49	345.724	339.001	345.883	344.399	335.401	340.286	336.894	342.887	340.183	
342.271	338.361	333.952	337.114	337.798	351.368	339.4	339.41	336.29	338.136	338.829	339.002	332.778	344.512	340.763	341.49	345.724	339.001	345.883	344.399	335.401	340.286	336.894	342.887	340.183	
342.271	338.361	333.952	337.114	337.798	351.368	339.4	339.41	336.29	338.136	338.829	339.002	332.778	344.512	340.763	341.49	345.724	339.001	345.883	344.399	335.401	340.286	336.894	342.887	340.183	
342.271	338.361	333.952	337.114	337.798	351.368	339.4	339.41	336.29	338.136	338.829	339.002	332.778	344.512	340.763	341.49	345.724	339.001	345.883	344.399	335.401	340.286	336.894	342.887	340.183	
342.271	338.361	333.952	337.114	337.798	351.368	339.4	339.41	336.29	338.136	338.829	339.002	332.778	344.512	340.763	341.49	345.724	339.001	345.883	344.399	335.401	340.286	336.894	342.887	340.183	
342.271	338.361	333.952	337.114	337.798	351.368	339.4	339.41	336.29	338.136	338.829	339.002	332.778	344.512	340.763	341.49	345.724	339.001	345.883	344.399	335.401	340.286	336.894	342.887	340.183	
342.271	338.361	333.952	337.114	337.798	351.368	339.4	339.41	336.29	338.136	338.829	339.002	332.778	344.512	340.763	341.49	345.724	339.001	345.883	344.399	335.401	340.286	336.894	342.887	340.183	
342.271	338.361	333.952	337.114	337.798	351.368	339.4	339.41	336.29	338.136	338.829	339.002	332.778	344.512	340.763	341.49	345.724	339.001	345.883	344.399	335.401	340.286	336.894	342.887	340.183	
342.271	338.361	333.952	337.114	337.798	351.368	339.4	339.41	336.29	338.136	338.829	339.002	332.778	344.512	340.763	341.49	345.724	339.001	345.883	344.399	335.401	340.286	336.894	342.887	340.183	
342.271	338.361	333.952	337.114	337.798	351.368	339.4	339.41	336.29	338.136	338.829	339.002	332.778	344.512	340.763	341.49	345.724	339.001	345.883	344.399	335.401	340.286	336.894	342.887	340.183	
342.271	338.361	333.952	337.114	337.798	351.368	339.4	339.41	336.29	338.136	338.829	339.002	332.778	344.512	340.763	341.49	345.724	339.001	345.883	344.399	335.401	340.286	336.894	342.887	340.183	
342.271	338.361	333.952	337.114	337.798	351.368	339.4	339.41	336.29	338.136	338.829	339.002	332.778	344.512	340.763	341.49	345.724	339.001	345.883	344.399	335.401	340.286	336.894	342.887	340.183	
342.271	338.361	333.952	337.114	337.798	351.368	339.4	339.41	336.29	338.136	338.829	339.002	332.778	344.512	340.763	341.49	345.724	339.001	345.883	344.399	335.401	340.286	336.894	342.887	340.183	
342.271	338.361	333.952	337.114	337.798	351.368	339.4	339.41	336.29	338.136	338.829	339.002	332.778	344.512	340.763	341.49	345.724	339.001	345.883	344.399	335.401	340.286	336.894	342.887	340.183	
342.271	338.361	333.952	337.114	337.798	351.368	339.4	339.41	336.29	338.136	338.829	339.002	332.778	344.512	340.763	341.49	345.724	339.001	345.883	344.399	335.401	340.286	336.894	342.887	340.183	
342.271	338.361	333.952	337.114	337.798	351.368	339.4	339.41	336.29	338.136	338.829	339.002	332.778	344.512	340.763	341.49	345.724	339.001	345.883	344.399	335.401	340.286	336.894	342.887	340.183	
342.271	338.361	333.952	337.114	337.798	351.368	339.4	339.41	336.29	338.136	338.829	339.002	332.778	344.512	340.763	341.49	345.724	339.001	345.883	344.399	335.401	340.286	336.894	342.887	340.183	
342.271	338.361	333.952	337.114	337.798	351.368	339.4	339.41	336.29	338.136	338.829	339.002	332.778	344.512	340.763	341.49	345.724	339.001	345.883	344.399	335.401	340.286	336.894	342.887	340.183	
342.271	338.361	333.952	337.114	337.798	351.368	339.4	339.41	336.29	338.136	338.829	339.002	332.778	344.512	340.763	341.49	345.724	339.001	345.883	344.399	335.401	340.286	336.894	342.887	340.183	
342.271	338.361	333.952	337.114	337.798	351.368	339.4	339.41	336.29	338.136	338.829	339.002	332.778	344.512	340.763	341.49	345.724	339.001	345.883	344.399	335.401	340.286	336.894	342.887	340.183	
342.271	338.361	333.952	337.114	337.798	351.368	339.4	339.41	336.29	338.136	338.829	339.002	332.778	344.512	340.763	341.49	345.724	339.001	345.883	344.399	335.401	340.286	336.894	342.887	340.183	
342.271	338.361	333.952	337.114	337.798	351.368	339.4	339.41	336.29	338.136	338.829	339.002	332.778	344.512	340.763	341.49	345.724	339.001	345.883	344.399	335.401	340.286	336.894	342.887	340.183	
342.271	338.361	333.952	337.114	337.798	351.368	339.4	339.41	336.29	338.136	338.829	339.002	332.778	344.512	340.763	341.49	345.724	339.001	345.883	344.399	335.401	340.286	336.894	342.887	340.183	
342.271	338.361	333.952	337.114	337.798	351.368	339.4	339.41	336.29	338.136	338.829	339.002	332.778	344.512	340.763	341.49	345.724	339.001	345.883	344.399	335.401	340.286	336.894	342.887	340.183	
342.271	338.361	333.952	337.114	337.798	351.368	339.4	339.41	336.29	338.136	338.829	339.002	332.778	344.512	340.763	341.49	345.724	339.001	345.883	344.399	335.401	340.286	336.894	342.887	340.183	
342.271	338.361	333.952	337.114	337.798	351.368	339.4	339.41	336.29	338.136	338.829	339.002	332.778	344.512	340.763	341.49	345.724	339.001	345.883	344.399	335.401	340.286	336.894	342.887	340.183	
342.271	338.361	333.952	337.114	337.798	351.368	339.4	339.41	336.29	338.136	338.829	339.002	332.778	344.512	340.763	341.49	345.724	339.001	345.883	344.399	335.401	340.286	336.894	342.887	340.183	
342.271	338.361	333.952	337.114	337.798	351.368	339.4	339.41	336.29	338.136	338.829	339.002	332.778	344.512	340.763	341.49	345.724	339.001	345.883	344.399	335.401	340.286	336.894	342.887	340.183	
342.271	338.361	333.952	337.114	337.798	351.368	339.4	339.41	336.29	338.136	338.829	339.002	332.778	344.512	340.763	341.49	345.724	339.001	345.883	344.399	335.401	340.286	336.894	342.887	340.183	
342.271	338.361	333.952	337.114	337.798	351.368	339.4	339.41	336.29	338.136	338.829	339.002	332.778	344.512	340.763	341.49	345.724	339.001	345.883	344.399	335.401	340.286	336.894	342.887	340.183	
342.271	338.361	333.952	337.114	337.798	351.368	339.4	339.41	336.29	338.136	338.829	339.002	332.778	344.512	340.763	341.49	345.724	339.001	345.883	344.399	335.401	340.286	336.894	342.887	340.183	
342.271	338.361	333.952	337.114	337.798	351.368	339.4	339.41	336.29	338.136	338.829	339.002	332.778	344.512	340.763	341.49	345.724	339.001	345.883	344.399	335.401	340.286	336.894	342.887	340.183	
342.271	338.361	333.952	337.114	337.798	351.368	339.4	339.41	336.29	338.136	338.829	339.002	332.778	344.512	340.763	341.49	345.724	339.001	345.883	344.399	335.401	340.286	336.894	342.887	340.183	
342.271	338.361	333.952	337.114	337.798	351.368	339.4	339.41	336.29	338.136	338.829	339.002	332.778	344.512	340.763	341.49	345.724	339.001	345.883	344.399	335.401	340.286	336.894	342.887	340.183	
342.271	338.361	333.952	337.114	337.798	351.368	339.4	339.41	336.29	338.136	338.829	339.002	332.778	344.512	340.763	341.49	345.724	339.001	345.883	344.399	335.401	340.286	336.894	342.887	340.183	
342.271	338.361	333.952	337.114	337.798	351.368	339.4	339.41	336.29	338.136	338.829	339.002	332.778	344.512	340.763	341.49	345.724	339.001	345.883	344.399	335.401	340.286	336.894	342.887	340.183	
342.271	338.361	333.952	337.114	337.798	351.368	339.4	339.41	336.29	338.136	338.829	339.002	332.778	344.512	340.763	341.49	345.724	339.001	345.883	344.399	335.401	340.286	336.894	342.887	340.183	
342.271	338.361	333.952	337.114	337.798	351.368	339.4	339.41	336.29	338.136	338.829	339.002	332.778	344.512	340.763	341.49	345.724	339.001	345.883	344.399	335.401	340.286	336.894	342.887	340.183	
342.271	338.361	333.952	337.114	337.798	351.368	339.4	339.41	336.29	338.136	338.829	339.002	332.778	344.512	340.763	341.49	345.724	339.001	345.883	344.399	335.401	340.286	336.894	342.887	340.183	
342.271	338.361	333.952	337.114	337.798	351.368	339.4	339.41	336.29	338.136	338.829	339.002	332.778	344.512	340.763	341.49	345.724	339.001	345.883	344.399	335.401	340.286	336.894	342.887	340.183	
342.271	338.361	333.952	337.114	337.798	351.368	339.4	339.41	336.29	338.136	338.829	339.002	332.778	344.512	340.763	341.49	345.724	339.001	345.883	344.399	335.401	340.286	336.894	342.887	340.183	
342.271	338.361	333.952	337.114	337.798	351.368	339.4	339.41	336.29	338.136	338.829	339.002	332.778	344.512	340.763	341.49	345.724	339.001	345.883	344.399	335.401	340.286	336.894	342.887	340.183	
342.271	338.361	333.952	337.114	337.798	351.368	339.4	339.41	336.29	338.136	338.829	339.002	332.778	344.512	340.763	341.49	345.724	339.001	345.883	344.399	335.401	340.286	336.894	342.887	340.183	
342.271	338.361	333.952	337.114	337.798	351.368	339.4	339.41	336.29	338.136	338.829	339.002	332.778	344.512	340.763	341.49	345.724	339.001	345.883	344.399	335.401	340.286	336.894	342.887	340.183	
342.271	338.361	333.952	337.114	337.798	351.368	339.4	339.41	336.29	338.136	338.829	339.002	332.778	344.512	340.763	341.49	345.724	339.001	345.883	344.399	335.401	340.286	336.894	342.887	340.183	
342.271	338.361	333.952	337.114	337.798	351.368	339.4	339.41	336.29	338.136	338.829	339.002	332.778	344.512	340.763	341.49	345.724	339.001	345.883	344.399	335.401	340.286	336.894	342.887	340.183	
342.271	338.361	333.952	337.114	337.798	351.368	339.4	339.41	336.29	338.136	338.829	339.002	332.778	344.512	340.763	341.49	345.724	339.001	345.883	344.399	335.401	340.286	336.894	342.887	340.183	
342.271	338.361	333.952	337.114	337.798	351.368	339.4	339.41	336.29	338.136	338.829	339.002	332.778	344.512	340.763	341.49	345.724	339.001	345.883	344.399	335.401	340.286	336.894	342.887	340.183	
342.271	338.361	333.952	337.114	337.798	351.368	339.4	339.41	336.29	338.136	338.829	339.002	332.778	344.512	340.763	341.49	345.724	339.001	345.883	344.399	335.401	340.286	336.894	342.887	340.183	
342.271	338.361	333.952	337.114	337.798	351.368	339.4	339.41	336.29	338.136	338.829	339.002	332.778	344.512	340.763	341.49	345.724	339.001	345.883	344.399	335.401	340.286	336.894	342.887	340.183	
342.271	338.361	333.952	337.114	337.798	351.368	339.4	339.41	336.29	338.136	338.829	339.002	332.778	344.512	340.763	341.49	345.724	339.001	345.883	344.399	335.401	340.286	336.894	342.887	340.183	
342.271	338.361	333.952	337.114	337.798	351.368	339.4	339.41	336.29	338.136	338.829	339.002	332.778	344.512	340.763	341.49	345.724	339.001	345.883	344.399	335.401	340.286	336.894	342.887	340.183	
342.271	338.361	333.952	337.114	337.798	351.368	339.4	339.41	336.29	338.136	338.829	339.002	332.778	344.512	340.763	341.49	345.724	339.001	345.883	344.399	335.401	340.286	336.894	342.887	340.183	
342.271	338.361	333.952	337.114	337.798	351.368	339.4	339.41	336.29	338.136	338.829	339.002	332.778	344.512	340.763	341.49	345.724	339.001	345.883	344.399	335.401	340.286	336.894	342.887	340.183	
342.271	338.361	333.952	337.114	337.798	351.368	339.4	339.41	336.29	338.136	338.829	339.002	332.778	344.512	340.763	341.49	345.724	339.001	345.883	344.399	335.401	340.286	336.894	342.887	340.183	
342.271	338.361	333.952	337.114	337.798	351.368	339.4	339.41	336.29	338.136	338.829	339.002	332.778	344.512	340.763	341.49	345.724	339.001	345.883	344.399	335.401	340.286	336.894	342.887	340.183	
342.271	338.361	333.952	337.114	337.798	351.368	339.4	339.41	336.29	338.136	338.829	339.002	332.778	344.512	340.763	341.49	345.724	339.001	345.883	344.399	335.401	340.286	336.894	342.887	340.183	
342.271	338.361	333.952	337.114	337.798	351.368	339.4	339.41	336.29	338.136	338.829	339.002	332.778	344.512	340.763	341.49	345.724	339.001	345.883	344.399	335.401	340.286	336.894	342.887	340.183	
342.271	338.361	333.952	337.114	337.798	351.368	339.4	339.41	336.29	338.136	338.829	339.002	332.778	344.512	340.763	341.49	345.724	339.001	345.883	344.399	335.401	340.286	336.894	342.887	340.183	
342.271	338.361	333.952	337.114	337.798	351.368	339.4	339.41	336.29	338.136	338.829	339.002	332.778	344.512	340.763	341.49	345.724	339.001	345.883	344.399	335.401	340.286	336.894	342.887	340.183	
342.271	338.361	333.952	337.114	337.798	351.368	339.4	339.41	336.29	338.136	338.829	339.002	332.778	344.512	340.763	341.49	345.724	339.001	345.883	344.399	335.401	340.286	336.894	342.887	340.183	
342.271	338.361	333.952	337.114	337.798	351.368	339.4	339.41	336.29	338.136	338.829	339.002	332.778	344.512	340.763	341.49	345.724	339.001	345.883	344.399	335.401	340.286	336.894	342.887	340.183	
342.271	338.361	333.952	337.114	337.798	351.368	339.4	339.41	336.29	338.136	338.829	339.002	332.778	344.512	340.763	341.49	345.724	339.001	345.883	344.399	335.401	340.286	336.894	342.887	340.183	
342.271	338.361	333.952	337.114	337.798	351.368	339.4	339.41	336.29	338.136	338.829	339.002	332.778	344.512	340.763	341.49	345.724	339.001	345.883	344.399	335.401	340.286	336.894	342.887	340.183	
342.271	338.361	333.952	337.114	337.798	351.368	339.4	339.41	336.29	338.136	338.829	339.002	332.778	344.512	340.763	341.49	345.724	339.001	345.883	344.399	335.401	340.286	336.894	342.887	340.183	
342.271	338.361	333.952	337.114	337.798	351.368	339.4	339.41	336.29	338.136	338.829	339.002	332.778	344.512	340.763	341.49	345.724	339.001	345.883	344.399	335.401	340.286	336.894	342.887	340.183	
342.271	338.361	333.952	337.114	337.798	351.368	339.4	339.41	336.29	338.136	338.829	339.002	332.778	344.512	340.763	341.49	345.724	339.001	345.883	344.399	335.401	340.286	336.894	342.887	340.183	
342.271	338.361	333.952	337.114	337.798	351.368	339.4	339.41	336.29	338.136	338.829	339.002	332.778	344.512	340.763	341.49	345.724	339.001	345.883	344.399	335.401	340.286	336.894	342.887	340.183	
342.271	338.361	333.952	337.114	337.798	351.368	339.4	339.41	336.29	338.136	338.829	339.002	332.778	344.512	340.763	341.49	345.724	339.001	345.883	344.399	335.401	340.286	336.894	342.887	340.183	
342.271	338.361	333.952	337.114	337.798	351.368	339.4	339.41	336.29	338.136	338.829	339.002	332.778	344.512	340.763	341.49	345.724	339.001	345.883	344.399	335.401	340.286	336.894	342.887	340.183	
342.271	338.361	333.952	337.114	337.798	351.368	339.4	339.41	336.29	338.136	338.829	339.002	332.778	344.512	340.763	341.49	345.724	339.001	345.883	344.399	335.401	340.286	336.894	342.887	340.183	
342.271	338.361	333.952	337.114	337.798	351.368	339.4	339.41	336.29	338.136	338.829	339.002	332.778	344.512	340.763	341.49	345.724	339.001	345.883	344.399	335.401	340.286	336.894	342.887	340.183	
342.271	338.361	333.952	337.114	337.798	351.368	339.4	339.41	336.29	338.136	338.829	339.002	332.778	344.512	340.763	341.49	345.724	339.001	345.883	344.399	335.401	340.286	336.894	342.887	340.183	
342.271	338.361	333.952	337.114	337.798	351.368	339.4	339.41	336.29	338.136	338.829	339.002	332.778	344.512	340.763	341.49	345.724	339.001	345.883	344.399	335.401	340.286	336.894	342.887	340.183	
342.271	338.361	333.952	337.114	337.798	351.368	339.4	339.41	336.29	338.136	338.829	339.002	332.778	344.512	340.763	341.49	345.724	339.001	345.883	344.399	335.401	340.286	336.894	342.887	340.183	
342.271	338.361	333.952	337.114	337.798	351.368	339.4	339.41	336.29	338.136	338.829	339.002	332.778	344.512	340.763	341.49	345.724	339.001	345.883	344.399	335.401	340.286	336.894	342.887	340.183	
342.271	338.361	333.952	337.114	337.798	351.368	339.4	339.41	336.29	338.136	338.829	339.002	332.778	344.512	340.763	341.49	345.724	339.001	345.883	344.399	335.401	340.286	336.894	342.887	340.183	
342.271	338.361	333.952	337.114	337.798	351.368	339.4	339.41	336.29	338.136	338.829	339.002	332.778	344.512	340.763	341.49	345.724	339.001	345.883	344.399	335.401	340.286	336.894	342.887	340.183	
342.271	338.361	333.952	337.114	337.798	351.368	339.4	339.41	336.29	338.136	338.829	339.002	332.778	344.512	340.763	341.49	345.724	339.001	345.883	344.399	335.401	340.286	336.894	342.887	340.183	
342.271	338.361	333.952	337.114	337.798	351.368	339.4	339.41	336.29	338.136	338.829	339.002	332.778	344.512	340.763	341.49	345.724	339.001	345.883	344.399	335.401	340.286	336.894	342.887	340.183	
342.271	338.361	333.952	337.114	337.798	351.368	339.4	339.41	336.29	338.136	338.829	339.002	332.778	344.512	340.763	341.49	345.724	339.001	345.883	344.399	335.401	340.286	336.894	342.887	340.183	
342.271	338.361	333.952	337.114	337.798	351.368	339.4	339.41	336.29	338.136	338.829	339.002	332.778	344.512	340.763	341.49	345.724	339.001	345.883	344.399	335.401	340.286	336.894	342.887	340.183	
342.271	338.361	333.952	337.114	337.798	351.368	339.4	339.41	336.29	338.136	338.829	339.002	332.778	344.512	340.763	341.49	345.724	339.001	345.883	344.399	335.401	340.286	336.894	342.887	340.183	
342.271	338.361	333.952	337.114	337.798	351.368	339.4	339.41	336.29	338.136	338.829	339.002	332.778	344.512	340.763	341.49	345.724	339.001	345.883	344.399	335.401	340.286	336.894	342.887	340.183	
342.271	338.361	333.952	337.114	337.798	351.368	339.4	339.41	336.29	338.136	338.829	339.002	332.778	344.512	340.763	341.49	345.724	339.001	345.883	344.399	335.401	340.286	336.894	342.887	340.183	
342.271	338.361	333.952	337.114	337.798	351.368	339.4	339.41	336.29	338.136	338.829	339.002	332.778	344.512	340.763	341.49	345.724	339.001	345.883	344.399	335.401	340.286	336.894	342.887	340.183	
342.271	338.361	333.952	337.114	337.798	351.368	339.4	339.41	336.29	338.136	338.829	339.002	332.778	344.512	340.763	341.49	345.724	339.001	345.883	344.399	335.401	340.286	336.894	342.887	340.183	
342.271	338.361	333.952	337.114	337.798	351.368	339.4	339.41	336.29	338.136	338.829	339.002	332.778	344.512	340.763	341.49	345.724	339.001	345.883	344.399	335.401	340.286	336.894	342.887	340.183	
342.271	338.361	333.952	337.114	337.798	351.368	339.4	339.41	336.29	338.136	338.829	339.002	332.778	344.512	340.763	341.49	345.724	339.001	345.883	344.399	335.401	340.286	336.894	342.887	340.183	
342.271	338.361	333.952	337.114	337.798	351.368	339.4	339.41	336.29	338.136	338.829	339.002	332.778	344.512	340.763	341.49	345.724	339.001	345.883	344.399	335.401	340.286	336.894	342.887	340.183	
342.271	338.361	333.952	337.114	337.798	351.368	339.4	339.41	336.29	338.136	338.829	339.002	332.778	344.512	340.763	341.49	345.724	339.001	345.883	344.399	335.401	340.286	336.894	342.887	340.183	
342.271	338.361	333.952	337.114	337.798	351.368	339.4	339.41	336.29	338.136	338.829	339.002	332.778	344.512	340.763	341.49	345.724	339.001	345.883	344.399	335.401	340.286	336.894	342.887	340.183	
342.271	338.361	333.952	337.114	337.798	351.368	339.4	339.41	336.29	338.136	338.829	339.002	332.778	344.512	340.763	341.49	345.724	339.001	345.883	344.399	335.401	340.286	336.894	342.887	340.183	
342.271	338.361	333.952	337.114	337.798	351.368	339.4	339.41	336.29	338.136	338.829	339.002	332.778	344.512	340.763	341.49	345.724	339.001	345.883	344.399	335.401	340.286	336.894	342.887	340.183	
342.271	338.361	333.952	337.114	337.798	351.368	339.4	339.41	336.29	338.136	338.829	339.002	332.778	344.512	340.763	341.49	345.724	339.001	345.883	344.399	335.401	340.286	336.894	342.887	340.183	
342.271	338.361	333.952	337.114	337.798	351.368	339.4	339.41	336.29	338.136	338.829	339.002	332.778	344.512	340.763	341.49	345.724	339.001	345.883	344.399	335.401	340.286	336.894	342.887	340.183	
342.271	338.361	333.952	337.114	337.798	351.368	339.4	339.41	336.29	338.136	338.829	339.002	332.778	344.512	340.763	341.49	345.724	339.001	345.883	344.399	335.401	340.286	336.894	342.887	340.183	
342.271	338.361	333.952	337.114	337.798	351.368	339.4	339.41	336.29	338.136	338.829	339.002	332.778	344.512	340.763	341.49	345.724	339.001	345.883	344.399	335.401	340.286	336.894	342.887	340.183	
342.271	338.361	333.952	337.114	337.798	351.368	339.4	339.41	336.29	338.136	338.829	339.002	332.778	344.512	340.763	341.49	345.724	339.001	345.883	344.399	335.401	340.286	336.894	342.887	340.183	
342.271	338.361	333.952	337.114	337.798	351.368	339.4	339.41	336.29	338.136	338.829	339.002	332.778	344.512	340.763	341.49	345.724	339.001	345.883	344.399	335.401	340.286	336.894	342.887	340.183	
342.271	338.361	333.952	337.114	337.798	351.368	339.4	339.41	336.29	338.136	338.829	339.002	332.778	344.512	340.763	341.49	345.724	339.001	345.883	344.399	335.401	340.286	336.894	342.887	340.183	
342.271	338.361	333.952	337.114	337.798	351.368	339.4	339.41	336.29	338.136	338.829	339.002	332.778	344.512	340.763	341.49	345.724	339.001	345.883	344.399	335.401	340.286	336.894	342.887	340.183	
342.271	338.361	333.952	337.114	337.798	351.368	339.4	339.41	336.29	338.136	338.829	339.002	332.778	344.512	340.763	341.49	345.724	339.001	345.883	344.399	335.401	340.286	336.894	342.887	340.183	
342.271	338.361	333.952	337.114	337.798	351.368	339.4	339.41	336.29	338.136	338.829	339.002	332.778	344.512	340.763	341.49	345.724	339.001	345.883	344.399	335.401	340.286	336.894	342.887	340.183	
342.271	338.361	333.952	337.114	337.798	351.368	339.4	339.41	336.29	338.136	338.829	339.002	332.778	344.512	340.763	341.49	345.724	339.001	345.883	344.399	335.401	340.286	336.894	342.887	340.183	
342.271	338.361	333.952	337.114	337.798	351.368	339.4	339.41	336.29	338.136	338.829	339.002	332.778	344.512	340.763	341.49	345.724	339.001	345.883	344.399	335.401	340.286	336.894	342.887	340.183	
342.271	338.361	333.952	337.114	337.798	351.368	339.4	339.41	336.29	338.136	338.829	339.002	332.778	344.512	340.763	341.49	345.724	339.001	345.883	344.399	335.401	340.286	336.894	342.887	340.183	
342.271	338.361	333.952	337.114	337.798	351.368	339.4	339.41	336.29	338.136	338.829	339.002	332.778	344.512	340.763	341.49	345.724	339.001	345.883	344.399	335.401	340.286	336.894	342.887	340.183	
342.271	338.361	333.952	337.114	337.798	351.368	339.4	339.41	336.29	338.136	338.829	339.002	332.778	344.512	340.763	341.49	345.724	339.001	345.883	344.399	335.401	340.286	336.894	342.887	340.183	
342.271	338.361	333.952	337.114	337.798	351.368	339.4	339.41	336.29	338.136	338.829	339.002	332.778	344.512	340.763	341.49	345.724	339.001	345.883	344.399	335.401	340.286	336.894	342.887	340.183	
342.271	338.361	333.952	337.114	337.798	351.368	339.4	339.41	336.29	338.136	338.829	339.002	332.778	344.512	340.763	341.49	345.724	339.001	345.883	344.399	335.401	340.286	336.894	342.887	340.183	
342.271	338.361	333.952	337.114	337.798	351.368	339.4	339.41	336.29	338.136	338.829	339.002	332.778	344.512	340.763	341.49	345.724	339.001	345.883	344.399	335.401	340.286	336.894	342.887	340.183	
342.271	338.361	333.952	337.114	337.798	351.368	339.4	339.41	336.29	338.136	338.829	339.002	332.778	344.512	340.763	341.49	345.724	339.001	345.883	344.399	335.401	340.286	336.894	342.887	340.183	
342.271	338.361	333.952	337.114	337.798	351.368	339.4	339.41	336.29	338.136	338.829	339.002	332.778	344.512	340.763	341.49	345.724	339.001	345.883	344.399	335.401	340.286	336.894	342.887	340.183	
342.271	338.361	333.952	337.114	337.798	351.368	339.4	339.41	336.29	338.136	338.829	339.002	332.778	344.512	340.763	341.49	345.724	339.001	345.883	344.399	335.401	340.286	336.894	342.887	340.183	
342.271	338.361	333.952	337.114	337.798	351.368	339.4	339.41	336.29	338.136	338.829	339.002	332.778	344.512	340.763	341.49	345.724	339.001	345.883	344.399	335.401	340.286	336.894	342.887	340.183	
342.271	338.361	333.952	337.114	337.798	351.368	339.4	339.41	336.29	338.136	338.829	339.002	332.778	344.512	340.763	341.49	345.724	339.001	345.883	344.399	335.401	340.286	336.894	342.887	340.183	
342.271	338.361	333.952	337.114	337.798	351.368	339.4	339.41	336.29	338.136	338.829	339.002	332.778	344.512	340.763	341.49	345.724	339.001	345.883	344.399	335.401	340.286	336.894	342.887	340.183	
342.271	338.361	333.952	337.114	337.798	351.368	339.4	339.41	336.29	338.136	338.829	339.002	332.778	344.512	340.763	341.49	345.724	339.001	345.883	344.399	335.401	340.286	336.894	342.887	340.183	
342.271	338.361	333.952	337.114	337.798	351.368	339.4	339.41	336.29	338.136	338.829	339.002	332.778	344.512	340.763	341.49	345.724	339.001	345.883	344.399	335.401	340.286	336.894	342.887	340.183	
342.271	338.361	333.952	337.114	337.798	351.368	339.4	339.41	336.29	338.136	338.829	339.002	332.778	344.512	340.763	341.49	345.724	339.001	345.883	344.399	335.401	340.286	336.894	342.887	340.183	
342.271	338.361	333.952	337.114	337.798	351.368	339.4	339.41	336.29	338.136	338.829	339.002	332.778	344.512	340.763	341.49	345.724	339.001	345.883	344.399	335.401	340.286	336.894	342.887	340.183	
342.271	338.361	333.952	337.114	337.798	351.368	339.4	339.41	336.29	338.136	338.829	339.002	332.778	344.512	340.763	341.49	345.724	339.001	345.883	344.399	335.401	340.286	336.894	342.887	340.183	
342.271	338.361	333.952	337.114	337.798	351.368	339.4	339.41	336.29	338.136	338.829	339.002	332.778	344.512	340.763	341.49	345.724	339.001	345.883	344.399	335.401	340.286	336.894	342.887	340.183	
342.271	338.361	333.952	337.114	337.798	351.368	339.4	339.41	336.29	338.136	338.829	339.002	332.778	344.512	340.763	341.49	345.724	339.001	345.883	344.399	335.401	340.286	336.894	342.887	340.183	
342.271	338.361	333.952	337.114	337.798	351.368	339.4	339.41	336.29	338.136	338.829	339.002	332.778	344.512	340.763	341.49	345.724	339.001	345.883	344.399	335.401	340.286	336.894	342.887	340.183	
342.271	338.361	333.952	337.114	337.798	351.368	339.4	339.41	336.29	338.136	338.829	339.002	332.778	344.512	340.763	341.49	345.724	339.001	345.883	344.399	335.401	340.286	336.894	342.887	340.183	
342.271	338.361	333.952	337.114	337.798	351.368	339.4	339.41	336.29	338.136	338.829	339.002	332.778	344.512	340.763	341.49	345.724	339.001	345.883	344.399	335.401	340.286	336.894	342.887	340.183	
342.271	338.361	333.952	337.114	337.798	351.368	339.4	339.41	336.29	338.136	338.829	339.002	332.778	344.512	340.763	341.49	345.724	339.001	345.883	344.399	335.401	340.286	336.894	342.887	340.183	
342.271	338.361	333.952	337.114	337.798	351.368	339.4	339.41	336.29	338.136	338.829	339.002	332.778	344.512	340.763	341.49	345.724	339.001	345.883	344.399	335.401	340.286	336.894	342.887	340.183	
342.271	338.361	333.952	337.114	337.798	351.368	339.4	339.41	336.29	338.136	338.829	339.002	332.778	344.512	340.763	341.49	345.724	339.001	345.883	344.399	335.401	340.286	336.894	342.887	340.183	
342.271	338.361	333.952	337.114	337.798	351.368	339.4	339.41	336.29	338.136	338.829	339.002	332.778	344.512	340.763	341.49	345.724	339.001	345.883	344.399	335.401	340.286	336.894	342.887	340.183	
342.271	338.361	333.952	337.114	337.798	351.368	339.4	339.41	336.29	338.136	338.829	339.002	332.778	344.512	340.763	341.49	345.724	339.001	345.883	344.399	335.401	340.286	336.894	342.887	340.183	
342.271	338.361	333.952	337.114	337.798	351.368	339.4	339.41	336.29	338.136	338.829	339.002	332.778	344.512	340.763	341.49	345.724	339.001	345.883	344.399	335.401	340.286	336.894	342.887	340.183	
342.271	338.361	333.952	337.114	337.798	351.368	339.4	339.41	336.29	338.136	338.829	339.002	332.778	344.512	340.763	341.49	345.724	339.001	345.883	344.399	335.401	340.286	336.894	342.887	340.183	
342.271	338.361	333.952	337.114	337.798	351.368	339.4	339.41	336.29	338.136	338.829	339.002	332.778	344.512	340.763	341.49	345.724	339.001	345.883	344.399	335.401	340.286	336.894	342.887	340.183	
342.271	338.361	333.952	337.114	337.798	351.368	339.4	339.41	336.29	338.136	338.829	339.002	332.778	344.512	340.763	341.49	345.724	339.001	345.883	344.399	335.401	340.286	336.894	342.887	340.183	
342.271	338.361	333.952	337.114	337.798	351.368	339.4	339.41	336.29	338.136	338.829	339.002	332.778	344.512	340.763	341.49	345.724	339.001	345.883	344.399	335.401	340.286	336.894	342.887	340.183	
342.271	338.361	333.952	337.114	337.798	351.368	339.4	339.41	336.29	338.136	338.829	339.002	332.778	344.512	340.763	341.49	345.724	339.001	345.883	344.399	335.401	340.286	336.894	342.887	340.183	
342.271	338.361	333.952	337.114	337.798	351.368	339.4	339.41	336.29	338.136	338.829	339.002	332.778	344.512	340.763	341.49	345.724	339.001	345.883	344.399	335.401	340.286	336.894	342.887	340.183	
342.271	338.361	333.952	337.114	337.798	351.368	339.4	339.41	336.29	338.136	338.829	339.002	332.778	344.512	340.763	341.49	345.724	339.001	345.883	344.399	335.401	340.286	336.894	342.887	340.183	
342.271	338.361	333.952	337.114	337.798	351.368	339.4	339.41	336.29	338.136	338.829	339.002	332.778	344.512	340.763	341.49	345.724	339.001	345.883	344.399	335.401	340.286	336.894	342.887	340.183	
342.271	338.361	333.952	337.114	337.798	351.368	339.4	339.41	336.29	338.136	338.829	339.002	332.778	344.512	340.763	341.49	345.724	339.001	345.883	344.399	335.401	340.286	336.894	342.887	340.183	
342.271	338.361	333.952	337.114	337.798	351.368	339.4	339.41	336.29	338.136	338.829	339.002	332.778	344.512	340.763	341.49	345.724	339.001	345.883	344.399	335.401	340.286	336.894	342.887	340.183	
342.271	338.361	333.952	337.114	337.798	351.368	339.4	339.41	336.29	338.136	338.829	339.002	332.778	344.512	340.763	341.49	345.724	339.001	345.883	344.399	335.401	340.286	336.894	342.887	340.183	
342.271	338.361	333.952	337.114	337.798	351.368	339.4	339.41	336.29	338.136	338.829	339.002	332.778	344.512	340.763	341.49	345.724	339.001	345.883	344.399	335.401	340.286	336.894	342.887	340.183	
342.271	338.361	333.952	337.114	337.798	351.368	339.4	339.41	336.29	338.136	338.829	339.002	332.778	344.512	340.763	341.49	345.724	339.001	345.883	344.399	335.401	340.286	336.894	342.887	340.183	
342.271	338.361	333.952	337.114	337.798	351.368	339.4	339.41	336.29	338.136	338.829	339.002	332.778	344.512	340.763	341.49	345.724	339.001	345.883	344.399	335.401	340.286	336.894	342.887	340.183	
342.271	338.361	333.952	337.114	337.798	351.368	339.4	339.41	336.29	338.136	338.829	339.002	332.778	344.512	340.763	341.49	345.724	339.001	345.883	344.399	335.401	340.286	336.894	342.887	340.183	
342.271	338.361	333.952	337.114	337.798	351.368	339.4	339.41	336.29	338.136	338.829	339.002	332.778	344.512	340.763	341.49	345.724	339.001	345.883	344.399	335.401	340.286	336.894	342.887	340.183	
342.271	338.361	333.952	337.114	337.798	351.368	339.4	339.41	336.29	338.136	338.829	339.002	332.778	344.512	340.763	341.49	345.724	339.001	345.883	344.399	335.401	340.286	336.894	342.887	340.183	
342.271	338.361	333.952	337.114	337.798	351.368	339.4	339.41	336.29	338.136	338.829	339.002	332.778	344.512	340.763	341.49	345.724	339.001	345.883	344.399	335.401	340.286	336.894	342.887	340.183	
342.271	338.361	333.952	337.114	337.798	351.368	339.4	339.41	336.29	338.136	338.829	339.002	332.778	344.512	340.763	341.49	345.724	339.001	345.883	344.399	335.401	340.286	336.894	342.887	340.183	
342.271	338.361	333.952	337.114	337.798	351.368	339.4	339.41	336.29	338.136	338.829	339.002	332.778	344.512	340.763	341.49	345.724	339.001	345.883	344.399	335.401	340.286	336.894	342.887	340.183	
342.271	338.361	333.952	337.114	337.798	351.368	339.4	339.41	336.29	338.136	338.829	339.002	332.778	344.512	340.763	341.49	345.724	339.001	345.883	344.399	335.401	340.286	336.894	342.887	340.183	
342.271	338.361	333.952	337.114	337.798	351.368	339.4	339.41	336.29	338.136	338.829	339.002	332.778	344.512	340.763	341.49	345.724	339.001	345.883	344.399	335.401	340.286	336.894	342.887	340.183	
342.271	338.361	333.952	337.114	337.798	351.368	339.4	339.41	336.29	338.136	338.829	339.002	332.778	344.512	340.763	341.49	345.724	339.001	345.883	344.399	335.401	340.286	336.894	342.887	340.183	
342.271	338.361	333.952	337.114	337.798	351.368	339.4	339.41	336.29	338.136	338.829	339.002	332.778	344.512	340.763	341.49	345.724	339.001	345.883	344.399	335.401	340.286	336.894	342.887	340.183	
342.271	338.361	333.952	337.114	337.798	351.368	339.4	339.41	336.29	338.136	338.829	339.002	332.778	344.512	340.763	341.49	345.724	339.001	345.883	344.399	335.401	340.286	336.894	342.887	340.183	
342.271	338.361	333.952	337.114	337.798	351.368	339.4	339.41	336.29	338.136	338.829	339.002	332.778	344.512	340.763	341.49	345.724	339.001	345.883	344.399	335.401	340.286	336.894	342.887	340.183	
342.271	338.361	333.952	337.114	337.798	351.368	339.4	339.41	336.29	338.136	338.829	339.002	332.778	344.512	340.763	341.49	345.724	339.001	345.883	344.399	335.401	340.286	336.894	342.887	340.183	
342.271	338.361	333.952	337.114	337.798	351.368	339.4	339.41	336.29	338.136	338.829	339.002	332.778	344.512	340.763	341.49	345.724	339.001	345.883	344.399	335.401	340.286	336.894	342.887	340.183	
342.271	338.361	333.952	337.114	337.798	351.368	339.4	339.41	336.29	338.136	338.829	339.002	332.778	344.512	340.763	341.49	345.724	339.001	345.883	344.399	335.401	340.286	336.894	342.887	340.183	
342.271	338.361	333.952	337.114	337.798	351.368	339.4	339.41	336.29	338.136	338.829	339.002	332.778	344.512	340.763	341.49	345.724	339.001	345.883	344.399	335.401	340.286	336.894	342.887	340.183	
342.271	338.361	333.952	337.114	337.798	351.368	339.4	339.41	336.29	338.136	338.829	339.002	332.778	344.512	340.763	341.49	345.724	339.001	345.883	344.399	335.401	340.286	336.894	342.887	340.183	
342.271	338.361	333.952	337.114	337.798	351.368	339.4	339.41	336.29	338.136	338.829	339.002	332.778	344.512	340.763	341.49	345.724	339.001	345.883	344.399	335.401	340.286	336.894	342.887	340.183	
342.271	338.361	333.952	337.114	337.798	351.368	339.4	339.41	336.29	338.136	338.829	339.002	332.778	344.512	340.763	341.49	345.724	339.001	345.883	344.399	335.401	340.286	336.894	342.887	340.183	
342.271	338.361	333.952	337.114	337.798	351.368	339.4	339.41	336.29	338.136	338.829	339.002	332.778	344.512	340.763	341.49	345.724	339.001	345.883	344.399	335.401	340.286	336.894	342.887	340.183	
342.271	338.361	333.952	337.114	337.798	351.368	339.4	339.41	336.29	338.136	338.829	339.002	332.778	344.512	340.763	341.49	345.724	339.001	345.883	344.399	335.401	340.286	336.894	342.887	340.183	
342.271	338.361	333.952	337.114	337.798	351.368	339.4	339.41	336.29	338.136	338.829	339.002	332.778	344.512	340.763	341.49	345.724	339.001	345.883	344.399	335.401	340.286	336.894	342.887	340.183	
342.271	338.361	333.952	337.114	337.798	351.368	339.4	339.41	336.29	338.136	338.829	339.002	332.778	344.512	340.763	341.49	345.724	339.001	345.883	344.399	335.401	340.286	336.894	342.887	340.183	
342.271	338.361	333.952	337.114	337.798	351.368	339.4	339.41	336.29	338.136	338.829	339.002	332.778	344.512	340.763	341.49	345.724	339.001	345.883	344.399	335.401	340.286	336.894	342.887	340.183	
342.271	338.361	333.952	337.114	337.798	351.368	339.4	339.41	336.29	338.136	338.829	339.002	332.778	344.512	340.763	341.49	345.724	339.001	345.883	344.399	335.401	340.286	336.894	342.887	340.183	
342.271	338.361	333.952	337.114	337.798	351.368	339.4	339.41	336.29	338.136	338.829	339.002	332.778	344.512	340.763	341.49	345.724	339.001	345.883	344.399	335.401	340.286	336.894	342.887	340.183	
342.271	338.361	333.952	337.114	337.798	351.368	339.4	339.41	336.29	338.136	338.829	339.002	332.778	344.512	340.763	341.49	345.724	339.001	345.883	344.399	335.401	340.286	336.894	342.887	340.183	
342.271	338.361	333.952	337.114	337.798	351.368	339.4	339.41	336.29	338.136	338.829	339.002	332.778	344.512	340.763	341.49	345.724	339.001	345.883	344.399	335.401	340.286	336.894	342.887	340.183	
342.271	338.361	333.952	337.114	337.798	351.368	339.4	339.41	336.29	338.136	338.829	339.002	332.778	344.512	340.763	341.49	345.724	339.001	345.883	344.399	335.401	340.286	336.894	342.887	340.183	
342.271	338.361	333.952	337.114	337.798	351.368	339.4	339.41	336.29	338.136	338.829	339.002	332.778	344.512	340.763	341.49	345.724	339.001	345.883	344.399	335.401	340.286	336.894	342.887	340.183	
342.271	338.361	333.952	337.114	337.798	351.368	339.4	339.41	336.29	338.136	338.829	339.002	332.778	344.512	340.763	341.49	345.724	339.001	345.883	344.399	335.401	340.286	336.894	342.887	340.183	
342.271	338.361	333.952	337.114	337.798	351.368	339.4	339.41	336.29	338.136	338.829	339.002	332.778	344.512	340.763	341.49	345.724	339.001	345.883	344.399	335.401	340.286	336.894	342.887	340.183	
342.271	338.361	333.952	337.114	337.798	351.368	339.4	339.41	336.29	338.136	338.829	339.002	332.778	344.512	340.763	341.49	345.724	339.001	345.883	344.399	335.401	340.286	336.894	342.887	340.183	
342.271	338.361	333.952	337.114	337.798	351.368	339.4	339.41	336.29	338.136	338.829	339.002	332.778	344.512	340.763	341.49	345.724	339.001	345.883	344.399	335.401	340.286	336.894	342.887	340.183	
342.271	338.361	333.952	337.114	337.798	351.368	339.4	339.41	336.29	338.136	338.829	339.002	332.778	344.512	340.763	341.49	345.724	339.001	345.883	344.399	335.401	340.286	336.894	342.887	340.183	
342.271	338.361	333.952	337.114	337.798	351.368	339.4	339.41	336.29	338.136	338.829	339.002	332.778	344.512	340.763	341.49	345.724	339.001	345.883	344.399	335.401	340.286	336.894	342.887	340.183	
342.271	338.361	333.952	337.114	337.798	351.368	339.4	339.41	336.29	338.136	338.829	339.002	332.778	344.512	340.763	341.49	345.724	339.001	345.883	344.399	335.401	340.286	336.894	342.887	340.183	
342.271	338.361	333.952	337.114	337.798	351.368	339.4	339.41	336.29	338.136	338.829	339.002	332.778	344.512	340.763	341.49	345.724	339.001	345.883	344.399	335.401	340.286	336.894	342.887	340.183	
342.271	338.361	333.952	337.114	337.798	351.368	339.4	339.41	336.29	338.136	338.829	339.002	332.778	344.512	340.763	341.49	345.724	339.001	345.883	344.399	335.401	340.286	336.894	342.887	340.183	
342.271	338.361	333.952	337.114	337.798	351.368	339.4	339.41	336.29	338.136	338.829	339.002	332.778	344.512	340.763	341.49	345.724	339.001	345.883	344.399	335.401	340.286	336.894	342.887	340.183	
342.271	338.361	333.952	337.114	337.798	351.368	339.4	339.41	336.29	338.136	338.829	339.002	332.778	344.512	340.763	341.49	345.724	339.001	345.883	344.399	335.401	340.286	336.894	342.887	340.183	
342.271	338.361	333.952	337.114	337.798	351.368	339.4	339.41	336.29	338.136	338.829	339.002	332.778	344.512	340.763	341.49	345.724	339.001	345.883	344.399	335.401	340.286	336.894	342.887	340.183	
342.271	338.361	333.952	337.114	337.798	351.368	339.4	339.41	336.29	338.136	338.829	339.002	332.778	344.512	340.763	341.49	345.724	339.001	345.883	344.399	335.401	340.286	336.894	342.887	340.183	
342.271	338.361	333.952	337.114	337.798	351.368	339.4	339.41	336.29	338.136	338.829	339.002	332.778	344.512	340.763	341.49	345.724	339.001	345.883	344.399	335.401	340.286	336.894	342.887	340.183	
342.271	338.361	333.952	337.114	337.798	351.368	339.4	339.41	336.29	338.136	338.829	339.002	332.778	344.512	340.763	341.49	345.724	339.001	345.883	344.399	335.401	340.286	336.894	342.887	340.183	
342.271	338.361	333.952	337.114	337.798	351.368	339.4	339.41	336.29	338.136	338.829	339.002	332.778	344.512	340.763	341.49	345.724	339.001	345.883	344.399	335.401	340.286	336.894	342.887	340.183	
342.271	338.361	333.952	337.114	337.798	351.368	339.4	339.41	336.29	338.136	338.829	339.002	332.778	344.512	340.763	341.49	345.724	339.001	345.883	344.399	335.401	340.286	336.894	342.887	340.183	
342.271	338.361	333.952	337.114	337.798	351.368	339.4	339.41	336.29	338.136	338.829	339.002	332.778	344.512	340.763	341.49	345.724	339.001	345.883	344.399	335.401	340.286	336.894	342.887	340.183	
342.271	338.361	333.952	337.114	337.798	351.368	339.4	339.41	336.29	338.136	338.829	339.002	332.778	344.512	340.763	341.49	345.724	339.001	345.883	344.399	335.401	340.286	336.894	342.887	340.183	
342.271	338.361	333.952	337.114	337.798	351.368	339.4	339.41	336.29	338.136	338.829	339.002	332.778	344.512	340.763	341.49	345.724	339.001	345.883	344.399	335.401	340.286	336.894	342.887	340.183	
342.271	338.361	333.952	337.114	337.798	351.368	339.4	339.41	336.29	338.136	338.829	339.002	332.778	344.512	340.763	341.49	345.724	339.001	345.883	344.399	335.401	340.286	336.894	342.887	340.183	
342.271	338.361	333.952	337.114	337.798	351.368	339.4	339.41	336.29	338.136	338.829	339.002	332.778	344.512	340.763	341.49	345.724	339.001	345.883	344.399	335.401	340.286	336.894	342.887	340.183	
342.271	338.361	333.952	337.114	337.798	351.368	339.4	339.41	336.29	338.136	338.829	339.002	332.778	344.512	340.763	341.49	345.724	339.001	345.883	344.399	335.401	340.286	336.894	342.887	340.183	
342.271	338.361	333.952	337.114	337.798	351.368	339.4	339.41	336.29	338.136	338.829	339.002	332.778	344.512	340.763	341.49	345.724	339.001	345.883	344.399	335.401	340.286	336.894	342.887	340.183	
342.271	338.361	333.952	337.114	337.798	351.368	339.4	339.41	336.29	338.136	338.829	339.002	332.778	344.512	340.763	341.49	345.724	339.001	345.883	344.399	335.401	340.286	336.894	342.887	340.183	
342.271	338.361	333.952	337.114	337.798	351.368	339.4	339.41	336.29	338.136	338.829	339.002	332.778	344.512	340.763	341.49	345.724	339.001	345.883	344.399	335.401	340.286	336.894	342.887	340.183	
342.271	338.361	333.952	337.114	337.798	351.368	339.4	339.41	336.29	338.136	338.829	339.002	332.778	344.512	340.763	341.49	345.724	339.001	345.883	344.399	335.401	340.286	336.894	342.887	340.183	
342.271	338.361	333.952	337.114	337.798	351.368	339.4	339.41	336.29	338.136	338.829	339.002	332.778	344.512	340.763	341.49	345.724	339.001	345.883	344.399	335.401	340.286	336.894	342.887	340.183	
342.271	338.361	333.952	337.114	337.798	351.368	339.4	339.41	336.29	338.136	338.829	339.002	332.778	344.512	340.763	341.49	345.724	339.001	345.883	344.399	335.401	340.286	336.894	342.887	340.183	
342.271	338.361	333.952	337.114	337.798	351.368	339.4	339.41	336.29	338.136	338.829	339.002	332.778	344.512	340.763	341.49	345.724	339.001	345.883	344.399	335.401	340.286	336.894	342.887	340.183	
342.271	338.361	333.952	337.114	337.798	351.368	339.4	339.41	336.29	338.136	338.829	339.002	332.778	344.512	340.763	341.49	345.724	339.001	345.883	344.399	335.401	340.286	336.894	342.887	340.183	
342.271	338.361	333.952	337.114	337.798	351.368	339.4	339.41	336.29	338.136	338.829	339.002	332.778	344.512	340.763	341.49	345.724	339.001	345.883	344.399	335.401	340.286	336.894	342.887	340.183	
342.271	338.361	333.952	337.114	337.798	351.368	339.4	339.41	336.29	338.136	338.829	339.002	332.778	344.512	340.763	341.49	345.724	339.001	345.883	344.399	335.401	340.286	336.894	342.887	340.183	
342.271	338.361	333.952	337.114	337.798	351.368	339.4	339.41	336.29	338.136	338.829	339.002	332.778	344.512	340.763	341.49	345.724	339.001	345.883	344.399	335.401	340.286	336.894	342.887	340.183	
342.271	338.361	333.952	337.114	337.798	351.368	339.4	339.41	336.29	338.136	338.829	339.002	332.778	344.512	340.763	341.49	345.724	339.001	345.883	344.399	335.401	340.286	336.894	342.887	340.183	
342.271	338.361	333.952	337.114	337.798	351.368	339.4	339.41	336.29	338.136	338.829	339.002	332.778	344.512	340.763	341.49	345.724	339.001	345.883	344.399	335.401	340.286	336.894	342.887	340.183	
342.271	338.361	333.952	337.114	337.798	351.368	339.4	339.41	336.29	338.136	338.829	339.002	332.778	344.512	340.763	341.49	345.724	339.001	345.883	344.399	335.401	340.286	336.894	342.887	340.183	
342.271	338.361	333.952	337.114	337.798	351.368	339.4	339.41	336.29	338.136	338.829	339.002	332.778	344.512	340.763	341.49	345.724	339.001	345.883	344.399	335.401	340.286	336.894	342.887	340.183	
342.271	338.361	333.952	337.114	337.798	351.368	339.4	339.41	336.29	338.136	338.829	339.002	332.778	344.512	340.763	341.49	345.724	339.001	345.883	344.399	335.401	340.286	336.894	342.887	340.183	
342.271	338.361	333.952	337.114	337.798	351.368	339.4	339.41	336.29	338.136	338.829	339.002	332.778	344.512	340.763	341.49	345.724	339.001	345.883	344.399	335.401	340.286	336.894	342.887	340.183	
342.271	338.361	333.952	337.114	337.798	351.368	339.4	339.41	336.29	338.136	338.829	339.002	332.778	344.512	340.763	341.49	345.724	339.001	345.883	344.399	335.401	340.286	336.894	342.887	340.183	
342.271	338.361	333.952	337.114	337.798	351.368	339.4	339.41	336.29	338.136	338.829	339.002	332.778	344.512	340.763	341.49	345.724	339.001	345.883	344.399	335.401	340.286	336.894	342.887	340.183	
342.271	338.361	333.952	337.114	337.798	351.368	339.4	339.41	336.29	338.136	338.829	339.002	332.778	344.512	340.763	341.49	345.724	339.001	345.883	344.399	335.401	340.286	336.894	342.887	340.183	
342.271	338.361	333.952	337.114	337.798	351.368	339.4	339.41	336.29	338.136	338.829	339.002	332.778	344.512	340.763	341.49	345.724	339.001	345.883	344.399	335.401	340.286	336.894	342.887	340.183	
342.271	338.361	333.952	337.114	337.798	351.368	339.4	339.41	336.29	338.136	338.829	339.002	332.778	344.512	340.763	341.49	345.724	339.001	345.883	344.399	335.401	340.286	336.894	342.887	340.183	
342.271	338.361	333.952	337.114	337.798	351.368	339.4	339.41	336.29	338.136	338.829	339.002	332.778	344.512	340.763	341.49	345.724	339.001	345.883	344.399	335.401	340.286	336.894	342.887	340.183	
342.271	338.361	333.952	337.114	337.798	351.368	339.4	339.41	336.29	338.136	338.829	339.002	332.778	344.512	340.763	341.49	345.724	339.001	345.883	344.399	335.401	340.286	336.894	342.887	340.183	
342.271	338.361	333.952	337.114	337.798	351.368	339.4	339.41	336.29	338.136	338.829	339.002	332.778	344.512	340.763	341.49	345.724	339.001	345.883	344.399	335.401	340.286	336.894	342.887	340.183	
342.271	338.361	333.952	337.114	337.798	351.368	339.4	339.41	336.29	338.136	338.829	339.002	332.778	344.512	340.763	341.49	345.724	339.001	345.883	344.399	335.401	340.286	336.894	342.887	340.183	
342.271	338.361	333.952	337.114	337.798	351.368	339.4	339.41	336.29	338.136	338.829	339.002	332.778	344.512	340.763	341.49	345.724	339.001	345.883	344.399	335.401	340.286	336.894	342.887	340.183	
342.271	338.361	333.952	337.114	337.798	351.368	339.4	339.41	336.29	338.136	338.829	339.002	332.778	344.512	340.763	341.49	345.724	339.001	345.883	344.399	335.401	340.286	336.894	342.887	340.183	
342.271	338.361	333.952	337.114	337.798	351.368	339.4	339.41	336.29	338.136	338.829	339.002	332.778	344.512	340.763	341.49	345.724	339.001	345.883	344.399	335.401	340.286	336.894	342.887	340.183	
342.271	338.361	333.952	337.114	337.798	351.368	339.4	339.41	336.29	338.136	338.829	339.002	332.778	344.512	340.763	341.49	345.724	339.001	345.883	344.399	335.401	340.286	336.894	342.887	340.183	
342.271	338.361	333.952	337.114	337.798	351.368	339.4	339.41	336.29	338.136	338.829	339.002	332.778	344.512	340.763	341.49	345.724	339.001	345.883	344.399	335.401	340.286	336.894	342.887	340.183	
342.271	338.361	333.952	337.114	337.798	351.368	339.4	339.41	336.29	338.136	338.829	339.002	332.778	344.512	340.763	341.49	345.724	339.001	345.883	344.399	335.401	340.286	336.894	342.887	340.183	
342.271	338.361	333.952	337.114	337.798	351.368	339.4	339.41	336.29	338.136	338.829	339.002	332.778	344.512	340.763	341.49	345.724	339.001	345.883	344.399	335.401	340.286	336.894	342.887	340.183	
342.271	338.361	333.952	337.114	337.798	351.368	339.4	339.41	336.29	338.136	338.829	339.002	332.778	344.512	340.763	341.49	345.724	339.001	345.883	344.399	335.401	340.286	336.894	342.887	340.183	
342.271	338.361	333.952	337.114	337.798	351.368	339.4	339.41	336.29	338.136	338.829	339.002	332.778	344.512	340.763	341.49	345.724	339.001	345.883	344.399	335.401	340.286	336.894	342.887	340.183	
342.271	338.361	333.952	337.114	337.798	351.368	339.4	339.41	336.29	338.136	338.829	339.002	332.778	344.512	340.763	341.49	345.724	339.001	345.883	344.399	335.401	340.286	336.894	342.887	340.183	
342.271	338.361	333.952	337.114	337.798	351.368	339.4	339.41	336.29	338.136	338.829	339.002	332.778	344.512	340.763	341.49	345.724	339.001	345.883	344.399	335.401	340.286	336.894	342.887	340.183	
342.271	338.361	333.952	337.114	337.798	351.368	339.4	339.41	336.29	338.136	338.829	339.002	332.778	344.512	340.763	341.49	345.724	339.001	345.883	344.399	335.401	340.286	336.894	342.887	340.183	
342.271	338.361	333.952	337.114	337.798	351.368	339.4	339.41	336.29	338.136	338.829	339.002	332.778	344.512	340.763	341.49	345.724	339.001	345.883	344.399	335.401	340.286	336.894	342.887	340.183	
342.271	338.361	333.952	337.114	337.798	351.368	339.4	339.41	336.29	338.136	338.829	339.002	332.778	344.512	340.763	341.49	345.724	339.001	345.883	344.399	335.401	340.286	336.894	342.887	340.183	
342.271	338.361	333.952	337.114	337.798	351.368	339.4	339.41	336.29	338.136	338.829	339.002	332.778	344.512	340.763	341.49	345.724	339.001	345.883	344.399	335.401	340.286	336.894	342.887	340.183	
342.271	338.361	333.952	337.114	337.798	351.368	339.4	339.41	336.29	338.136	338.829	339.002	332.778	344.512	340.763	341.49	345.724	339.001	345.883	344.399	335.401	340.286	336.894	342.887	340.183	
342.271	338.361	333.952	337.114	337.798	351.368	339.4	339.41	336.29	338.136	338.829	339.002	332.778	344.512	340.763	341.49	345.724	339.001	345.883	344.399	335.401	340.286	336.894	342.887	340.183	
342.271	338.361	333.952	337.114	337.798	351.368	339.4	339.41	336.29	338.136	338.829	339.002	332.778	344.512	340.763	341.49	345.724	339.001	345.883	344.399	335.401	340.286	336.894	342.887	340.183	
342.271	338.361	333.952	337.114	337.798	351.368	339.4	339.41	336.29	338.136	338.829	339.002	332.778	344.512	340.763	341.49	345.724	339.001	345.883	344.399	335.401	340.286	336.894	342.887	340.183	
342.271	338.361	333.952	337.114	337.798	351.368	339.4	339.41	336.29	338.136	338.829	339.002	332.778	344.512	340.763	341.49	345.724	339.001	345.883	344.399	335.401	340.286	336.894	342.887	340.183	
342.271	338.361	333.952	337.114	337.798	351.368	339.4	339.41	336.29	338.136	338.829	339.002	332.778	344.512	340.763	341.49	345.724	339.001	345.883	344.399	335.401	340.286	336.894	342.887	340.183	
342.271	338.361	333.952	337.114	337.798	351.368	339.4	339.41	336.29	338.136	338.829	339.002	332.778	344.512	340.763	341.49	345.724	339.001	345.883	344.399	335.401	340.286	336.894	342.887	340.183	
342.271	338.361	333.952	337.114	337.798	351.368	339.4	339.41	336.29	338.136	338.829	339.002	332.778	344.512	340.763	341.49	345.724	339.001	345.883	344.399	335.401	340.286	336.894	342.887	340.183	
342.271	338.361	333.952	337.114	337.798	351.368	339.4	339.41	336.29	338.136	338.829	339.002	332.778	344.512	340.763	341.49	345.724	339.001	345.883	344.399	335.401	340.286	336.894	342.887	340.183	
342.271	338.361	333.952	337.114	337.798	351.368	339.4	339.41	336.29	338.136	338.829	339.002	332.778	344.512	340.763	341.49	345.724	339.001	345.883	344.399	335.401	340.286	336.894	342.887	340.183	
342.271	338.361	333.952	337.114	337.798	351.368	339.4	339.41	336.29	338.136	338.829	339.002	332.778	344.512	340.763	341.49	345.724	339.001	345.883	344.399	335.401	340.286	336.894	342.887	340.183	
342.271	338.361	333.952	337.114	337.798	351.368	339.4	339.41	336.29	338.136	338.829	339.002	332.778	344.512	340.763	341.49	345.724	339.001	345.883	344.399	335.401	340.286	336.894	342.887	340.183	
342.271	338.361	333.952	337.114	337.798	351.368	339.4	339.41	336.29	338.136	338.829	339.002	332.778	344.512	340.763	341.49	345.724	339.001	345.883	344.399	335.401	340.286	336.894	342.887	340.183	
342.271	338.361	333.952	337.114	337.798	351.368	339.4	339.41	336.29	338.136	338.829	339.002	332.778	344.512	340.763	341.49	345.724	339.001	345.883	344.399	335.401	340.286	336.894	342.887	340.183	
342.271	338.361	333.952	337.114	337.798	351.368	339.4	339.41	336.29	338.136	338.829	339.002	332.778	344.512	340.763	341.49	345.724	339.001	345.883	344.399	335.401	340.286	336.894	342.887	340.183	
342.271	338.361	333.952	337.114	337.798	351.368	339.4	339.41	336.29	338.136	338.829	339.002	332.778	344.512	340.763	341.49	345.724	339.001	345.883	344.399	335.401	340.286	336.894	342.887	340.183	
342.271	338.361	333.952	337.114	337.798	351.368	339.4	339.41	336.29	338.136	338.829	339.002	332.778	344.512	340.763	341.49	345.724	339.001	345.883	344.399	335.401	340.286	336.894	342.887	340.183	
342.271	338.361	333.952	337.114	337.798	351.368	339.4	339.41	336.29	338.136	338.829	339.002	332.778	344.512	340.763	341.49	345.724	339.001	345.883	344.399	335.401	340.286	336.894	342.887	340.183	
342.271	338.361	333.952	337.114	337.798	351.368	339.4	339.41	336.29	338.136	338.829	339.002	332.778	344.512	340.763	341.49	345.724	339.001	345.883	344.399	335.401	340.286	336.894	342.887	340.183	
342.271	338.361	333.952	337.114	337.798	351.368	339.4	339.41	336.29	338.136	338.829	339.002	332.778	344.512	340.763	341.49	345.724	339.001	345.883	344.399	335.401	340.286	336.894	342.887	340.183	
342.271	338.361	333.952	337.114	337.798	351.368	339.4	339.41	336.29	338.136	338.829	339.002	332.778	344.512	340.763	341.49	345.724	339.001	345.883	344.399	335.401	340.286	336.894	342.887	340.183	
342.271	338.361	333.952	337.114	337.798	351.368	339.4	339.41	336.29	338.136	338.829	339.002	332.778	344.512	340.763	341.49	345.724	339.001	345.883	344.399	335.401	340.286	336.894	342.887	340.183	
342.271	338.361	333.952	337.114	337.798	351.368	339.4	339.41	336.29	338.136	338.829	339.002	332.778	344.512	340.763	341.49	345.724	339.001	345.883	344.399	335.401	340.286	336.894	342.887	340.183	
342.271	338.361	333.952	337.114	337.798	351.368	339.4	339.41	336.29	338.136	338.829	339.002	332.778	344.512	340.763	341.49	345.724	339.001	345.883	344.399	335.401	340.286	336.894	342.887	340.183	
342.271	338.361	333.952	337.114	337.798	351.368	339.4	339.41	336.29	338.136	338.829	339.002	332.778	344.512	340.763	341.49	345.724	339.001	345.883	344.399	335.401	340.286	336.894	342.887	340.183	
342.271	338.361	333.952	337.114	337.798	351.368	339.4	339.41	336.29	338.136	338.829	339.002	332.778	344.512	340.763	341.49	345.724	339.001	345.883	344.399	335.401	340.286	336.894	342.887	340.183	
342.271	338.361	333.952	337.114	337.798	351.368	339.4	339.41	336.29	338.136	338.829	339.002	332.778	344.512	340.763	341.49	345.724	339.001	345.883	344.399	335.401	340.286	336.894	342.887	340.183	
342.271	338.361	333.952	337.114	337.798	351.368	339.4	339.41	336.29	338.136	338.829	339.002	332.778	344.512	340.763	341.49	345.724	339.001	345.883	344.399	335.401	340.286	336.894	342.887	340.183	
342.271	338.361	333.952	337.114	337.798	351.368	339.4	339.41	336.29	338.136	338.829	339.002	332.778	344.512	340.763	341.49	345.724	339.001	345.883	344.399	335.401	340.286	336.894	342.887	340.183	
342.271	338.361	333.952	337.114	337.798	351.368	339.4	339.41	336.29	338.136	338.829	339.002	332.778	344.512	340.763	341.49	345.724	339.001	345.883	344.399	335.401	340.286	336.894	342.887	340.183	
342.271	338.361	333.952	337.114	337.798	351.368	339.4	339.41	336.29	338.136	338.829	339.002	332.778	344.512	340.763	341.49	345.724	339.001	345.883	344.399	335.401	340.286	336.894	342.887	340.183	
342.271	338.361	333.952	337.114	337.798	351.368	339.4	339.41	336.29	338.136	338.829	339.002	332.778	344.512	340.763	341.49	345.724	339.001	345.883	344.399	335.401	340.286	336.894	342.887	340.183	
342.271	338.361	333.952	337.114	337.798	351.368	339.4	339.41	336.29	338.136	338.829	339.002	332.778	344.512	340.763	341.49	345.724	339.001	345.883	344.399	335.401	340.286	336.894	342.887	340.183	
342.271	338.361	333.952	337.114	337.798	351.368	339.4	339.41	336.29	338.136	338.829	339.002	332.778	344.512	340.763	341.49	345.724	339.001	345.883	344.399	335.401	340.286	336.894	342.887	340.183	
342.271	338.361	333.952	337.114	337.798	351.368	339.4	339.41	336.29	338.136	338.829	339.002	332.778	344.512	340.763	341.49	345.724	339.001	345.883	344.399	335.401	340.286	336.894	342.887	340.183	
342.271	338.361	333.952	337.114	337.798	351.368	339.4	339.41	336.29	338.136	338.829	339.002	332.778	344.512	340.763	341.49	345.724	339.001	345.883	344.399	335.401	340.286	336.894	342.887	340.183	
342.271	338.361	333.952	337.114	337.798	351.368	339.4	339.41	336.29	338.136	338.829	339.002	332.778	344.512	340.763	341.49	345.724	339.001	345.883	344.399	335.401	340.286	336.894	342.887	340.183	
342.271	338.361	333.952	337.114	337.798	351.368	339.4	339.41	336.29	338.136	338.829	339.002	332.778	344.512	340.763	341.49	345.724	339.001	345.883	344.399	335.401	340.286	336.894	342.887	340.183	
342.271	338.361	333.952	337.114	337.798	351.368	339.4	339.41	336.29	338.136	338.829	339.002	332.778	344.512	340.763	341.49	345.724	339.001	345.883	344.399	335.401	340.286	336.894	342.887	340.183	
342.271	338.361	333.952	337.114	337.798	351.368	339.4	339.41	336.29	338.136	338.829	339.002	332.778	344.512	340.763	341.49	345.724	339.001	345.883	344.399	335.401	340.286	336.894	342.887	340.183	
342.271	338.361	333.952	337.114	337.798	351.368	339.4	339.41	336.29	338.136	338.829	339.002	332.778	344.512	340.763	341.49	345.724	339.001	345.883	344.399	335.401	340.286	336.894	342.887	340.183	
342.271	338.361	333.952	337.114	337.798	351.368	339.4	339.41	336.29	338.136	338.829	339.002	332.778	344.512	340.763	341.49	345.724	339.001	345.883	344.399	335.401	340.286	336.894	342.887	340.183	
342.271	338.361	333.952	337.114	337.798	351.368	339.4	339.41	336.29	338.136	338.829	339.002	332.778	344.512	340.763	341.49	345.724	339.001	345.883	344.399	335.401	340.286	336.894	342.887	340.183	
342.271	338.361	333.952	337.114	337.798	351.368	339.4	339.41	336.29	338.136	338.829	339.002	332.778	344.512	340.763	341.49	345.724	339.001	345.883	344.399	335.401	340.286	336.894	342.887	340.183	
342.271	338.361	333.952	337.114	337.798	351.368	339.4	339.41	336.29	338.136	338.829	339.002	332.778	344.512	340.763	341.49	345.724	339.001	345.883	344.399	335.401	340.286	336.894	342.887	340.183	
342.271	338.361	333.952	337.114	337.798	351.368	339.4	339.41	336.29	338.136	338.829	339.002	332.778	344.512	340.763	341.49	345.724	339.001	345.883	344.399	335.401	340.286	336.894	342.887	340.183	
342.271	338.361	333.952	337.114	337.798	351.368	339.4	339.41	336.29	338.136	338.829	339.002	332.778	344.512	340.763	341.49	345.724	339.001	345.883	344.399	335.401	340.286	336.894	342.887	340.183	
342.271	338.361	333.952	337.114	337.798	351.368	339.4	339.41	336.29	338.136	338.829	339.002	332.778	344.512	340.763	341.49	345.724	339.001	345.883	344.399	335.401	340.286	336.894	342.887	340.183	
342.271	338.361	333.952	337.114	337.798	351.368	339.4	339.41	336.29	338.136	338.829	339.002	332.778	344.512	340.763	341.49	345.724	339.001	345.883	344.399	335.401	340.286	336.894	342.887	340.183	
342.271	338.361	333.952	337.114	337.798	351.368	339.4	339.41	336.29	338.136	338.829	339.002	332.778	344.512	340.763	341.49	345.724	339.001	345.883	344.399	335.401	340.286	336.894	342.887	340.183	
342.271	338.361	333.952	337.114	337.798	351.368	339.4	339.41	336.29	338.136	338.829	339.002	332.778	344.512	340.763	341.49	345.724	339.001	345.883	344.399	335.401	340.286	336.894	342.887	340.183	
342.271	338.361	333.952	337.114	337.798	351.368	339.4	339.41	336.29	338.136	338.829	339.002	332.778	344.512	340.763	341.49	345.724	339.001	345.883	344.399	335.401	340.286	336.894	342.887	340.183	
342.271	338.361	333.952	337.114	337.798	351.368	339.4	339.41	336.29	338.136	338.829	339.002	332.778	344.512	340.763	341.49	345.724	339.001	345.883	344.399	335.401	340.286	336.894	342.887	340.183	
342.271	338.361	333.952	337.114	337.798	351.368	339.4	339.41	336.29	338.136	338.829	339.002	332.778	344.512	340.763	341.49	345.724	339.001	345.883	344.399	335.401	340.286	336.894	342.887	340.183	
342.271	338.361	333.952	337.114	337.798	351.368	339.4	339.41	336.29	338.136	338.829	339.002	332.778	344.512	340.763	341.49	345.724	339.001	345.883	344.399	335.401	340.286	336.894	342.887	340.183	
342.271	338.361	333.952	337.114	337.798	351.368	339.4	339.41	336.29	338.136	338.829	339.002	332.778	344.512	340.763	341.49	345.724	339.001	345.883	344.399	335.401	340.286	336.894	342.887	340.183	
342.271	338.361	333.952	337.114	337.798	351.368	339.4	339.41	336.29	338.136	338.829	339.002	332.778	344.512	340.763	341.49	345.724	339.001	345.883	344.399	335.401	340.286	336.894	342.887	340.183	
342.271	338.361	333.952	337.114	337.798	351.368	339.4	339.41	336.29	338.136	338.829	339.002	332.778	344.512	340.763	341.49	345.724	339.001	345.883	344.399	335.401	340.286	336.894	342.887	340.183	
342.271	338.361	333.952	337.114	337.798	351.368	339.4	339.41	336.29	338.136	338.829	339.002	332.778	344.512	340.763	341.49	345.724	339.001	345.883	344.399	335.401	340.286	336.894	342.887	340.183	
342.271	338.361	333.952	337.114	337.798	351.368	339.4	339.41	336.29	338.136	338.829	339.002	332.778	344.512	340.763	341.49	345.724	339.001	345.883	344.399	335.401	340.286	336.894	342.887	340.183	
342.271	338.361	333.952	337.114	337.798	351.368	339.4	339.41	336.29	338.136	338.829	339.002	332.778	344.512	340.763	341.49	345.724	339.001	345.883	344.399	335.401	340.286	336.894	342.887	340.183	
342.271	338.361	333.952	337.114	337.798	351.368	339.4	339.41	336.29	338.136	338.829	339.002	332.778	344.512	340.763	341.49	345.724	339.001	345.883	344.399	335.401	340.286	336.894	342.887	340.183	
342.271	338.361	333.952	337.114	337.798	351.368	339.4	339.41	336.29	338.136	338.829	339.002	332.778	344.512	340.763	341.49	345.724	339.001	345.883	344.399	335.401	340.286	336.894	342.887	340.183	
342.271	338.361	333.952	337.114	337.798	351.368	339.4	339.41	336.29	338.136	338.829	339.002	332.778	344.512	340.763	341.49	345.724	339.001	345.883	344.399	335.401	340.286	336.894	342.887	340.183	
342.271	338.361	333.952	337.114	337.798	351.368	339.4	339.41	336.29	338.136	338.829	339.002	332.778	344.512	340.763	341.49	345.724	339.001	345.883	344.399	335.401	340.286	336.894	342.887	340.183	
342.271	338.361	333.952	337.114	337.798	351.368	339.4	339.41	336.29	338.136	338.829	339.002	332.778	344.512	340.763	341.49	345.724	339.001	345.883	344.399	335.401	340.286	336.894	342.887	340.183	
342.271	338.361	333.952	337.114	337.798	351.368	339.4	339.41	336.29	338.136	338.829	339.002	332.778	344.512	340.763	341.49	345.724	339.001	345.883	344.399	335.401	340.286	336.894	342.887	340.183	
342.271	338.361	333.952	337.114	337.798	351.368	339.4	339.41	336.29	338.136	338.829	339.002	332.778	344.512	340.763	341.49	345.724	339.001	345.883	344.399	335.401	340.286	336.894	342.887	340.183	
342.271	338.361	333.952	337.114	337.798	351.368	339.4	339.41	336.29	338.136	338.829	339.002	332.778	344.512	340.763	341.49	345.724	339.001	345.883	344.399	335.401	340.286	336.894	342.887	340.183	
342.271	338.361	333.952	337.114	337.798	351.368	339.4	339.41	336.29	338.136	338.829	339.002	332.778	344.512	340.763	341.49	345.724	339.001	345.883	344.399	335.401	340.286	336.894	342.887	340.183	
342.271	338.361	333.952	337.114	337.798	351.368	339.4	339.41	336.29	338.136	338.829	339.002	332.778	344.512	340.763	341.49	345.724	339.001	345.883	344.399	335.401	340.286	336.894	342.887	340.183	
342.271	338.361	333.952	337.114	337.798	351.368	339.4	339.41	336.29	338.136	338.829	339.002	332.778	344.512	340.763	341.49	345.724	339.001	345.883	344.399	335.401	340.286	336.894	342.887	340.183	
342.271	338.361	333.952	337.114	337.798	351.368	339.4	339.41	336.29	338.136	338.829	339.002	332.778	344.512	340.763	341.49	345.724	339.001	345.883	344.399	335.401	340.286	336.894	342.887	340.183	
342.271	338.361	333.952	337.114	337.798	351.368	339.4	339.41	336.29	338.136	338.829	339.002	332.778	344.512	340.763	341.49	345.724	339.001	345.883	344.399	335.401	340.286	336.894	342.887	340.183	
342.271	338.361	333.952	337.114	337.798	351.368	339.4	339.41	336.29	338.136	338.829	339.002	332.778	344.512	340.763	341.49	345.724	339.001	345.883	344.399	335.401	340.286	336.894	342.887	340.183	
342.271	338.361	333.952	337.114	337.798	351.368	339.4	339.41	336.29	338.136	338.829	339.002	332.778	344.512	340.763	341.49	345.724	339.001	345.883	344.399	335.401	340.286	336.894	342.887	340.183	
342.271	338.361	333.952	337.114	337.798	351.368	339.4	339.41	336.29	338.136	338.829	339.002	332.778	344.512	340.763	341.49	345.724	339.001	345.883	344.399	335.401	340.286	336.894	342.887	340.183	
342.271	338.361	333.952	337.114	337.798	351.368	339.4	339.41	336.29	338.136	338.829	339.002	332.778	344.512	340.763	341.49	345.724	339.001	345.883	344.399	335.401	340.286	336.894	342.887	340.183	
342.271	338.361	333.952	337.114	337.798	351.368	339.4	339.41	336.29	338.136	338.829	339.002	332.778	344.512	340.763	341.49	345.724	339.001	345.883	344.399	335.401	340.286	336.894	342.887	340.183	
342.271	338.361	333.952	337.114	337.798	351.368	339.4	339.41	336.29	338.136	338.829	339.002	332.778	344.512	340.763	341.49	345.724	339.001	345.883	344.399	335.401	340.286	336.894	342.887	340.183	
342.271	338.361	333.952	337.114	337.798	351.368	339.4	339.41	336.29	338.136	338.829	339.002	332.778	344.512	340.763	341.49	345.724	339.001	345.883	344.399	335.401	340.286	336.894	342.887	340.183	
342.271	338.361	333.952	337.114	337.798	351.368	339.4	339.41	336.29	338.136	338.829	339.002	332.778	344.512	340.763	341.49	345.724	339.001	345.883	344.399	335.401	340.286	336.894	342.887	340.183	
342.271	338.361	333.952	337.114	337.798	351.368	339.4	339.41	336.29	338.136	338.829	339.002	332.778	344.512	340.763	341.49	345.724	339.001	345.883	344.399	335.401	340.286	336.894	342.887	340.183	
342.271	338.361	333.952	337.114	337.798	351.368	339.4	339.41	336.29	338.136	338.829	339.002	332.778	344.512	340.763	341.49	345.724	339.001	345.883	344.399	335.401	340.286	336.894	342.887	340.183	
342.271	338.361	333.952	337.114	337.798	351.368	339.4	339.41	336.29	338.136	338.829	339.002	332.778	344.512	340.763	341.49	345.724	339.001	345.883	344.399	335.401	340.286	336.894	342.887	340.183	
342.271	338.361	333.952	337.114	337.798	351.368	339.4	339.41	336.29	338.136	338.829	339.002	332.778	344.512	340.763	341.49	345.724	339.001	345.883	344.399	335.401	340.286	336.894	342.887	340.183	
342.271	338.361	333.952	337.114	337.798	351.368	339.4	339.41	336.29	338.136	338.829	339.002	332.778	344.512	340.763	341.49	345.724	339.001	345.883	344.399	335.401	340.286	336.894	342.887	340.183	
342.271	338.361	333.952	337.114	337.798	351.368	339.4	339.41	336.29	338.136	338.829	339.002	332.778	344.512	340.763	341.49	345.724	339.001	345.883	344.399	335.401	340.286	336.894	342.887	340.183	
342.271	338.361	333.952	337.114	337.798	351.368	339.4	339.41	336.29	338.136	338.829	339.002	332.778	344.512	340.763	341.49	345.724	339.001	345.883	344.399	335.401	340.286	336.894	342.887	340.183	
342.271	338.361	333.952	337.114	337.798	351.368	339.4	339.41	336.29	338.136	338.829	339.002	332.778	344.512	340.763	341.49	345.724	339.001	345.883	344.399	335.401	340.286	336.894	342.887	340.183	
342.271	338.361	333.952	337.114	337.798	351.368	339.4	339.41	336.29	338.136	338.829	339.002	332.778	344.512	340.763	341.49	345.724	339.001	345.883	344.399	335.401	340.286	336.894	342.887	340.183	
342.271	338.361	333.952	337.114	337.798	351.368	339.4	339.41	336.29	338.136	338.829	339.002	332.778	344.512	340.763	341.49	345.724	339.001	345.883	344.399	335.401	340.286	336.894	342.887	340.183	
342.271	338.361	333.952	337.114	337.798	351.368	339.4	339.41	336.29	338.136	338.829	339.002	332.778	344.512	340.763	341.49	345.724	339.001	345.883	344.399	335.401	340.286	336.894	342.887	340.183	
342.271	338.361	333.952	337.114	337.798	351.368	339.4	339.41	336.29	338.136	338.829	339.002	332.778	344.512	340.763	341.49	345.724	339.001	345.883	344.399	335.401	340.286	336.894	342.887	340.183	
342.271	338.361	333.952	337.114	337.798	351.368	339.4	339.41	336.29	338.136	338.829	339.002	332.778	344.512	340.763	341.49	345.724	339.001	345.883	344.399	335.401	340.286	336.894	342.887	340.183	
342.271	338.361	333.952	337.114	337.798	351.368	339.4	339.41	336.29	338.136	338.829	339.002	332.778	344.512	340.763	341.49	345.724	339.001	345.883	344.399	335.401	340.286	336.894	342.887	340.183	
342.271	338.361	333.952	337.114	337.798	351.368	339.4	339.41	336.29	338.136	338.829	339.002	332.778	344.512	340.763	341.49	345.724	339.001	345.883	344.399	335.401	340.286	336.894	342.887	340.183	
342.271	338.361	333.952	337.114	337.798	351.368	339.4	339.41	336.29	338.136	338.829	339.002	332.778	344.512	340.763	341.49	345.724	339.001	345.883	344.399	335.401	340.286	336.894	342.887	340.183	
342.271	338.361	333.952	337.114	337.798	351.368	339.4	339.41	336.29	338.136	338.829	339.002	332.778	344.512	340.763	341.49	345.724	339.001	345.883	344.399	335.401	340.286	336.894	342.887	340.183	
342.271	338.361	333.952	337.114	337.798	351.368	339.4	339.41	336.29	338.136	338.829	339.002	332.778	344.512	340.763	341.49	345.724	339.001	345.883	344.399	335.401	340.286	336.894	342.887	340.183	
342.271	338.361	333.952	337.114	337.798	351.368	339.4	339.41	336.29	338.136	338.829	339.002	332.778	344.512	340.763	341.49	345.724	339.001	345.883	344.399	335.401	340.286	336.894	342.887	340.183	
342.271	338.361	333.952	337.114	337.798	351.368	339.4	339.41	336.29	338.136	338.829	339.002	332.778	344.512	340.763	341.49	345.724	339.001	345.883	344.399	335.401	340.286	336.894	342.887	340.183	
342.271	338.361	333.952	337.114	337.798	351.368	339.4	339.41	336.29	338.136	338.829	339.002	332.778	344.512	340.763	341.49	345.724	339.001	345.883	344.399	335.401	340.286	336.894	342.887	340.183	
342.271	338.361	333.952	337.114	337.798	351.368	339.4	339.41	336.29	338.136	338.829	339.002	332.778	344.512	340.763	341.49	345.724	339.001	345.883	344.399	335.401	340.286	336.894	342.887	340.183	
342.271	338.361	333.952	337.114	337.798	351.368	339.4	339.41	336.29	338.136	338.829	339.002	332.778	344.512	340.763	341.49	345.724	339.001	345.883	344.399	335.401	340.286	336.894	342.887	340.183	
342.271	338.361	333.952	337.114	337.798	351.368	339.4	339.41	336.29	338.136	338.829	339.002	332.778	344.512	340.763	341.49	345.724	339.001	345.883	344.399	335.401	340.286	336.894	342.887	340.183	
342.271	338.361	333.952	337.114	337.798	351.368	339.4	339.41	336.29	338.136	338.829	339.002	332.778	344.512	340.763	341.49	345.724	339.001	345.883	344.399	335.401	340.286	336.894	342.887	340.183	
342.271	338.361	333.952	337.114	337.798	351.368	339.4	339.41	336.29	338.136	338.829	339.002	332.778	344.512	340.763	341.49	345.724	339.001	345.883	344.399	335.401	340.286	336.894	342.887	340.183	
342.271	338.361	333.952	337.114	337.798	351.368	339.4	339.41	336.29	338.136	338.829	339.002	332.778	344.512	340.763	341.49	345.724	339.001	345.883	344.399	335.401	340.286	336.894	342.887	340.183	
342.271	338.361	333.952	337.114	337.798	351.368	339.4	339.41	336.29	338.136	338.829	339.002	332.778	344.512	340.763	341.49	345.724	339.001	345.883	344.399	335.401	340.286	336.894	342.887	340.183	
342.271	338.361	333.952	337.114	337.798	351.368	339.4	339.41	336.29	338.136	338.829	339.002	332.778	344.512	340.763	341.49	345.724	339.001	345.883	344.399	335.401	340.286	336.894	342.887	340.183	
342.271	338.361	333.952	337.114	337.798	351.368	339.4	339.41	336.29	338.136	338.829	339.002	332.778	344.512	340.763	341.49	345.724	339.001	345.883	344.399	335.401	340.286	336.894	342.887	340.183	
342.271	338.361	333.952	337.114	337.798	351.368	339.4	339.41	336.29	338.136	338.829	339.002	332.778	344.512	340.763	341.49	345.724	339.001	345.883	344.399	335.401	340.286	336.894	342.887	340.183	
342.271	338.361	333.952	337.114	337.798	351.368	339.4	339.41	336.29	338.136	338.829	339.002	332.778	344.512	340.763	341.49	345.724	339.001	345.883	344.399	335.401	340.286	336.894	342.887	340.183	
342.271	338.361	333.952	337.114	337.798	351.368	339.4	339.41	336.29	338.136	338.829	339.002	332.778	344.512	340.763	341.49	345.724	339.001	345.883	344.399	335.401	340.286	336.894	342.887	340.183	
342.271	338.361	333.952	337.114	337.798	351.368	339.4	339.41	336.29	338.136	338.829	339.002	332.778	344.512	340.763	341.49	345.724	339.001	345.883	344.399	335.401	340.286	336.894	342.887	340.183	
342.271	338.361	333.952	337.114	337.798	351.368	339.4	339.41	336.29	338.136	338.829	339.002	332.778	344.512	340.763	341.49	345.724	339.001	345.883	344.399	335.401	340.286	336.894	342.887	340.183	
342.271	338.361	333.952	337.114	337.798	351.368	339.4	339.41	336.29	338.136	338.829	339.002	332.778	344.512	340.763	341.49	345.724	339.001	345.883	344.399	335.401	340.286	336.894	342.887	340.183	
342.271	338.361	333.952	337.114	337.798	351.368	339.4	339.41	336.29	338.136	338.829	339.002	332.778	344.512	340.763	341.49	345.724	339.001	345.883	344.399	335.401	340.286	336.894	342.887	340.183	
342.271	338.361	333.952	337.114	337.798	351.368	339.4	339.41	336.29	338.136	338.829	339.002	332.778	344.512	340.763	341.49	345.724	339.001	345.883	344.399	335.401	340.286	336.894	342.887	340.183	
342.271	338.361	333.952	337.114	337.798	351.368	339.4	339.41	336.29	338.136	338.829	339.002	332.778	344.512	340.763	341.49	345.724	339.001	345.883	344.399	335.401	340.286	336.894	342.887	340.183	
342.271	338.361	333.952	337.114	337.798	351.368	339.4	339.41	336.29	338.136	338.829	339.002	332.778	344.512	340.763	341.49	345.724	339.001	345.883	344.399	335.401	340.286	336.894	342.887	340.183	
342.271	338.361	333.952	337.114	337.798	351.368	339.4	339.41	336.29	338.136	338.829	339.002	332.778	344.512	340.763	341.49	345.724	339.001	345.883	344.399	335.401	340.286	336.894	342.887	340.183	
342.271	338.361	333.952	337.114	337.798	351.368	339.4	339.41	336.29	338.136	338.829	339.002	332.778	344.512	340.763	341.49	345.724	339.001	345.883	344.399	335.401	340.286	336.894	342.887	340.183	
342.271	338.361	333.952	337.114	337.798	351.368	339.4	339.41	336.29	338.136	338.829	339.002	332.778	344.512	340.763	341.49	345.724	339.001	345.883	344.399	335.401	340.286	336.894	342.887	340.183	
342.271	338.361	333.952	337.114	337.798	351.368	339.4	339.41	336.29	338.136	338.829	339.002	332.778	344.512	340.763	341.49	345.724	339.001	345.883	344.399	335.401	340.286	336.894	342.887	340.183	
342.271	338.361	333.952	337.114	337.798	351.368	339.4	339.41	336.29	338.136	338.829	339.002	332.778	344.512	340.763	341.49	345.724	339.001	345.883	344.399	335.401	340.286	336.894	342.887	340.183	
342.271	338.361	333.952	337.114	337.798	351.368	339.4	339.41	336.29	338.136	338.829	339.002	332.778	344.512	340.763	341.49	345.724	339.001	345.883	344.399	335.401	340.286	336.894	342.887	340.183	
342.271	338.361	333.952	337.114	337.798	351.368	339.4	339.41	336.29	338.136	338.829	339.002	332.778	344.512	340.763	341.49	345.724	339.001	345.883	344.399	335.401	340.286	336.894	342.887	340.183	
342.271	338.361	333.952	337.114	337.798	351.368	339.4	339.41	336.29	338.136	338.829	339.002	332.778	344.512	340.763	341.49	345.724	339.001	345.883	344.399	335.401	340.286	336.894	342.887	340.183	
342.271	338.361	333.952	337.114	337.798	351.368	339.4	339.41	336.29	338.136	338.829	339.002	332.778	344.512	340.763	341.49	345.724	339.001	345.883	344.399	335.401	340.286	336.894	342.887	340.183	
342.271	338.361	333.952	337.114	337.798	351.368	339.4	339.41	336.29	338.136	338.829	339.002	332.778	344.512	340.763	341.49	345.724	339.001	345.883	344.399	335.401	340.286	336.894	342.887	340.183	
342.271	338.361	333.952	337.114	337.798	351.368	339.4	339.41	336.29	338.136	338.829	339.002	332.778	344.512	340.763	341.49	345.724	339.001	345.883	344.399	335.401	340.286	336.894	342.887	340.183	
342.271	338.361	333.952	337.114	337.798	351.368	339.4	339.41	336.29	338.136	338.829	339.002	332.778	344.512	340.763	341.49	345.724	339.001	345.883	344.399	335.401	340.286	336.894	342.887	340.183	
342.271	338.361	333.952	337.114	337.798	351.368	339.4	339.41	336.29	338.136	338.829	339.002	332.778	344.512	340.763	341.49	345.724	339.001	345.883	344.399	335.401	340.286	336.894	342.887	340.183	
342.271	338.361	333.952	337.114	337.798	351.368	339.4	339.41	336.29	338.136	338.829	339.002	332.778	344.512	340.763	341.49	345.724	339.001	345.883	344.399	335.401	340.286	336.894	342.887	340.183	
342.271	338.361	333.952	337.114	337.798	351.368	339.4	339.41	336.29	338.136	338.829	339.002	332.778	344.512	340.763	341.49	345.724	339.001	345.883	344.399	335.401	340.286	336.894	342.887	340.183	
342.271	338.361	333.952	337.114	337.798	351.368	339.4	339.41	336.29	338.136	338.829	339.002	332.778	344.512	340.763	341.49	345.724	339.001	345.883	344.399	335.401	340.286	336.894	342.887	340.183	
342.271	338.361	333.952	337.114	337.798	351.368	339.4	339.41	336.29	338.136	338.829	339.002	332.778	344.512	340.763	341.49	345.724	339.001	345.883	344.399	335.401	340.286	336.894	342.887	340.183	
342.271	338.361	333.952	337.114	337.798	351.368	339.4	339.41	336.29	338.136	338.829	339.002	332.778	344.512	340.763	341.49	345.724	339.001	345.883	344.399	335.401	340.286	336.894	342.887	340.183	
342.271	338.361	333.952	337.114	337.798	351.368	339.4	339.41	336.29	338.136	338.829	339.002	332.778	344.512	340.763	341.49	345.724	339.001	345.883	344.399	335.401	340.286	336.894	342.887	340.183	
342.271	338.361	333.952	337.114	337.798	351.368	339.4	339.41	336.29	338.136	338.829	339.002	332.778	344.512	340.763	341.49	345.724	339.001	345.883	344.399	335.401	340.286	336.894	342.887	340.183	
342.271	338.361	333.952	337.114	337.798	351.368	339.4	339.41	336.29	338.136	338.829	339.002	332.778	344.512	340.763	341.49	345.724	339.001	345.883	344.399	335.401	340.286	336.894	342.887	340.183	
342.271	338.361	333.952	337.114	337.798	351.368	339.4	339.41	336.29	338.136	338.829	339.002	332.778	344.512	340.763	341.49	345.724	339.001	345.883	344.399	335.401	340.286	336.894	342.887	340.183	
342.271	338.361	333.952	337.114	337.798	351.368	339.4	339.41	336.29	338.136	338.829	339.002	332.778	344.512	340.763	341.49	345.724	339.001	345.883	344.399	335.401	340.286	336.894	342.887	340.183	
342.271	338.361	333.952	337.114	337.798	351.368	339.4	339.41	336.29	338.136	338.829	339.002	332.778	344.512	340.763	341.49	345.724	339.001	345.883	344.399	335.401	340.286	336.894	342.887	340.183	
342.271	338.361	333.952	337.114	337.798	351.368	339.4	339.41	336.29	338.136	338.829	339.002	332.778	344.512	340.763	341.49	345.724	339.001	345.883	344.399	335.401	340.286	336.894	342.887	340.183	
342.271	338.361	333.952	337.114	337.798	351.368	339.4	339.41	336.29	338.136	338.829	339.002	332.778	344.512	340.763	341.49	345.724	339.001	345.883	344.399	335.401	340.286	336.894	342.887	340.183	
342.271	338.361	333.952	337.114	337.798	351.368	339.4	339.41	336.29	338.136	338.829	339.002	332.778	344.512	340.763	341.49	345.724	339.001	345.883	344.399	335.401	340.286	336.894	342.887	340.183	
342.271	338.361	333.952	337.114	337.798	351.368	339.4	339.41	336.29	338.136	338.829	339.002	332.778	344.512	340.763	341.49	345.724	339.001	345.883	344.399	335.401	340.286	336.894	342.887	340.183	
342.271	338.361	333.952	337.114	337.798	351.368	339.4	339.41	336.29	338.136	338.829	339.002	332.778	344.512	340.763	341.49	345.724	339.001	345.883	344.399	335.401	340.286	336.894	342.887	340.183	
342.271	338.361	333.952	337.114	337.798	351.368	339.4	339.41	336.29	338.136	338.829	339.002	332.778	344.512	340.763	341.49	345.724	339.001	345.883	344.399	335.401	340.286	336.894	342.887	340.183	
342.271	338.361	333.952	337.114	337.798	351.368	339.4	339.41	336.29	338.136	338.829	339.002	332.778	344.512	340.763	341.49	345.724	339.001	345.883	344.399	335.401	340.286	336.894	342.887	340.183	
342.271	338.361	333.952	337.114	337.798	351.368	339.4	339.41	336.29	338.136	338.829	339.002	332.778	344.512	340.763	341.49	345.724	339.001	345.883	344.399	335.401	340.286	336.894	342.887	340.183	
342.271	338.361	333.952	337.114	337.798	351.368	339.4	339.41	336.29	338.136	338.829	339.002	332.778	344.512	340.763	341.49	345.724	339.001	345.883	344.399	335.401	340.286	336.894	342.887	340.183	
342.271	338.361	333.952	337.114	337.798	351.368	339.4	339.41	336.29	338.136	338.829	339.002	332.778	344.512	340.763	341.49	345.724	339.001	345.883	344.399	335.401	340.286	336.894	342.887	340.183	
342.271	338.361	333.952	337.114	337.798	351.368	339.4	339.41	336.29	338.136	338.829	339.002	332.778	344.512	340.763	341.49	345.724	339.001	345.883	344.399	335.401	340.286	336.894	342.887	340.183	
342.271	338.361	333.952	337.114	337.798	351.368	339.4	339.41	336.29	338.136	338.829	339.002	332.778	344.512	340.763	341.49	345.724	339.001	345.883	344.399	335.401	340.286	336.894	342.887	340.183	
342.271	338.361	333.952	337.114	337.798	351.368	339.4	339.41	336.29	338.136	338.829	339.002	332.778	344.512	340.763	341.49	345.724	339.001	345.883	344.399	335.401	340.286	336.894	342.887	340.183	
342.271	338.361	333.952	337.114	337.798	351.368	339.4	339.41	336.29	338.136	338.829	339.002	332.778	344.512	340.763	341.49	345.724	339.001	345.883	344.399	335.401	340.286	336.894	342.887	340.183	
342.271	338.361	333.952	337.114	337.798	351.368	339.4	339.41	336.29	338.136	338.829	339.002	332.778	344.512	340.763	341.49	345.724	339.001	345.883	344.399	335.401	340.286	336.894	342.887	340.183	
