1.70052e+08	8.01837e+07	3.49272e+08	2.23066e+08	1.57202e+08	2.34001e+08	1.73314e+08	2.63745e+08	1.90689e+08	2.35533e+08	2.51676e+08	6.33031e+08	1.66798e+08	3.02035e+08	3.42443e+08	1.33583e+08	1.76709e+08	2.51357e+08	2.90949e+08	9.60011e+07	3.33355e+08	9.8856e+07	2.98576e+08	1.74083e+08	1.84308e+08	
1.70052e+08	8.01837e+07	3.31462e+07	6.96454e+07	1.38591e+08	1.14899e+08	1.73314e+08	2.63745e+08	1.86331e+08	2.35533e+08	2.51676e+08	9.38765e+07	1.66798e+08	3.02035e+08	2.29403e+08	1.33583e+08	9.07727e+07	2.51357e+08	3.92273e+07	9.60011e+07	3.33355e+08	8.07163e+07	2.00754e+08	8.48087e+07	1.59317e+08	
1.70052e+08	4.80735e+07	3.31462e+07	6.96454e+07	8.91651e+07	1.14899e+08	1.73314e+08	1.98638e+08	6.06148e+07	5.28253e+07	1.7907e+08	8.93857e+07	1.66798e+08	2.02866e+08	2.00856e+08	8.41985e+07	9.07727e+07	8.7079e+07	3.92273e+07	9.60011e+07	1.12221e+08	8.07163e+07	9.87048e+07	8.48087e+07	1.59317e+08	
1.69822e+08	4.80735e+07	3.31462e+07	6.96454e+07	8.91651e+07	1.14899e+08	2.25702e+07	9.10904e+07	6.06148e+07	5.28253e+07	1.31943e+08	8.93857e+07	1.66798e+08	5.43892e+07	1.0695e+08	8.41985e+07	9.07727e+07	8.7079e+07	3.0771e+07	9.60011e+07	5.14614e+07	8.07163e+07	9.87048e+07	2.69256e+07	1.59317e+08	
1.6456e+08	4.23685e+07	3.31462e+07	5.47302e+07	8.91651e+07	3.57579e+07	2.25702e+07	8.15844e+07	6.06148e+07	5.28253e+07	1.12495e+08	8.93857e+07	1.66017e+08	4.97103e+07	1.0695e+08	8.41985e+07	9.07727e+07	6.17405e+07	3.0771e+07	8.42615e+07	5.14614e+07	7.81479e+07	9.87048e+07	2.69256e+07	1.0552e+08	
8.889e+07	4.23685e+07	2.72002e+07	5.47302e+07	8.91651e+07	3.57579e+07	2.25702e+07	4.93669e+07	6.06148e+07	4.37519e+07	1.12495e+08	8.93857e+07	6.9596e+07	4.97103e+07	6.49498e+06	4.68272e+07	3.15394e+07	3.8434e+07	3.0771e+07	8.42615e+07	4.04551e+07	2.83453e+07	4.02723e+07	2.69256e+07	1.0552e+08	
5.92039e+07	4.23685e+07	2.72002e+07	5.47302e+07	7.92115e+07	9.62916e+06	2.25702e+07	4.08253e+07	6.06148e+07	2.14154e+07	8.31553e+07	7.17981e+07	6.74929e+07	2.83122e+07	6.49498e+06	3.55931e+07	3.15394e+07	1.52731e+07	3.0771e+07	7.49037e+07	4.04551e+07	2.83453e+07	4.02723e+07	2.69256e+07	1.0552e+08	
5.92039e+07	3.26343e+07	2.72002e+07	5.47302e+07	6.4628e+07	9.62916e+06	2.25702e+07	4.08253e+07	1.41918e+07	2.14154e+07	2.0831e+07	5.2636e+07	6.74929e+07	2.83122e+07	6.49498e+06	1.3603e+07	3.15394e+07	1.52731e+07	3.0771e+07	7.49037e+07	4.04551e+07	2.83453e+07	4.02723e+07	2.64913e+07	7.01718e+07	
5.92039e+07	3.26343e+07	2.72002e+07	2.96602e+07	5.96253e+07	9.62916e+06	2.25702e+07	4.08253e+07	1.41918e+07	2.01e+07	2.0831e+07	5.2636e+07	5.82458e+07	1.68144e+07	6.49498e+06	1.3603e+07	2.97669e+07	1.52731e+07	3.0771e+07	7.49037e+07	4.04551e+07	2.83453e+07	4.02723e+07	2.64913e+07	6.32018e+07	
5.25064e+07	3.26343e+07	1.50688e+07	2.96602e+07	5.96253e+07	9.62916e+06	2.25702e+07	3.38487e+07	1.41918e+07	2.01e+07	2.0831e+07	5.2636e+07	4.02926e+07	1.68144e+07	6.49498e+06	1.3603e+07	2.97669e+07	1.52731e+07	3.0771e+07	4.6089e+07	1.1173e+07	2.83453e+07	4.02723e+07	2.64913e+07	4.89689e+07	
3.14008e+07	2.37061e+07	1.50688e+07	2.89473e+07	5.96253e+07	9.62916e+06	2.25702e+07	9.68184e+06	1.39904e+07	2.01e+07	2.0831e+07	2.41835e+07	4.02926e+07	1.33916e+07	6.49498e+06	1.3603e+07	2.97669e+07	1.52731e+07	3.0771e+07	1.39759e+07	1.1173e+07	2.83453e+07	4.02723e+07	4.3995e+06	4.41906e+07	
3.14008e+07	1.7919e+07	1.50688e+07	2.89473e+07	8.49726e+06	9.463e+06	9.60436e+06	9.68184e+06	9.72759e+06	2.01e+07	3.81655e+06	1.95716e+07	2.75461e+07	1.33916e+07	6.49498e+06	1.3603e+07	1.16602e+07	1.52731e+07	3.0771e+07	1.39759e+07	1.1173e+07	2.05254e+07	6.77634e+06	4.3995e+06	1.517e+07	
2.04917e+07	1.7919e+07	1.50688e+07	2.47865e+07	8.49726e+06	9.463e+06	9.60436e+06	9.68184e+06	9.72759e+06	2.01e+07	3.81655e+06	1.95716e+07	2.75461e+07	1.33916e+07	6.49498e+06	1.3603e+07	6.37356e+06	8.5836e+06	1.59715e+06	1.39759e+07	1.1173e+07	2.05254e+07	6.77634e+06	4.3995e+06	1.517e+07	
2.04917e+07	1.7919e+07	1.28504e+07	5.23145e+06	8.49726e+06	9.463e+06	9.60436e+06	9.68184e+06	9.72759e+06	2.01e+07	3.81655e+06	1.95716e+07	2.75461e+07	1.17874e+07	6.49498e+06	1.3603e+07	6.37356e+06	8.5836e+06	1.59715e+06	1.39759e+07	5.81008e+06	2.05254e+07	6.77634e+06	4.3995e+06	1.517e+07	
7.95697e+06	1.7919e+07	1.28504e+07	5.23145e+06	8.49726e+06	9.463e+06	9.60436e+06	9.68184e+06	9.72759e+06	6.42163e+06	3.81655e+06	1.10977e+07	2.75461e+07	1.17874e+07	6.49498e+06	7.63586e+06	6.37356e+06	2.96686e+06	1.59715e+06	1.22049e+07	5.81008e+06	2.05254e+07	6.77634e+06	4.3995e+06	1.517e+07	
7.95697e+06	1.7919e+07	1.28504e+07	5.23145e+06	8.49726e+06	9.463e+06	9.60436e+06	9.68184e+06	9.72759e+06	3.06945e+06	3.81655e+06	7.3088e+06	1.6695e+07	1.08069e+07	5.39529e+06	7.63586e+06	6.37356e+06	2.96686e+06	1.59715e+06	1.22049e+07	5.81008e+06	6.91923e+06	6.77634e+06	4.3995e+06	8.83077e+06	
7.57533e+06	4.59454e+06	1.28504e+07	5.23145e+06	8.49726e+06	9.463e+06	9.60436e+06	9.68184e+06	9.72759e+06	2.33062e+06	3.81655e+06	7.3088e+06	1.20792e+07	8.25408e+06	5.0585e+06	7.63586e+06	6.37356e+06	2.96686e+06	1.59715e+06	1.22049e+07	5.81008e+06	6.91923e+06	6.77634e+06	4.3995e+06	8.83077e+06	
7.57533e+06	4.59454e+06	5.2733e+06	5.23145e+06	8.49726e+06	9.463e+06	9.60436e+06	5.75948e+06	9.72759e+06	2.33062e+06	3.81655e+06	7.3088e+06	616237	8.25408e+06	5.0585e+06	7.63586e+06	6.37356e+06	2.96686e+06	1.59715e+06	1.22049e+07	5.81008e+06	6.55388e+06	6.77634e+06	4.3995e+06	7.46332e+06	
7.57533e+06	4.59454e+06	5.2733e+06	5.23145e+06	1.38441e+06	9.463e+06	5.84463e+06	5.75948e+06	3.30339e+06	2.33062e+06	3.41257e+06	7.3088e+06	616237	1.00303e+06	5.0585e+06	5.97232e+06	6.37356e+06	2.96686e+06	1.59715e+06	1.22049e+07	5.81008e+06	6.55388e+06	6.08479e+06	4.3995e+06	6.66567e+06	
4.84079e+06	2.08679e+06	5.2733e+06	3.7131e+06	1.38441e+06	2.87516e+06	5.84463e+06	5.75948e+06	3.30339e+06	2.33062e+06	2.89457e+06	5.12117e+06	616237	1.00303e+06	5.0585e+06	5.97232e+06	6.28332e+06	2.96686e+06	1.59715e+06	1.18236e+07	5.81008e+06	6.55388e+06	6.08479e+06	4.3995e+06	4.54095e+06	
4.84079e+06	2.08679e+06	4.71581e+06	3.7131e+06	1.38441e+06	2.87516e+06	5.49959e+06	5.75948e+06	3.30339e+06	2.33062e+06	2.89457e+06	2.88087e+06	616237	1.00303e+06	5.0585e+06	3.69028e+06	6.00396e+06	1.35695e+06	1.59715e+06	5.4865e+06	5.51317e+06	6.55388e+06	5.55256e+06	4.3995e+06	4.54095e+06	
2.03295e+06	2.08679e+06	1.48474e+06	1.77979e+06	1.38441e+06	2.87516e+06	5.49959e+06	2.97596e+06	3.30339e+06	2.33062e+06	2.89457e+06	2.88087e+06	616237	1.00303e+06	2.51409e+06	3.00911e+06	4.22344e+06	1.35695e+06	1.59715e+06	3.11187e+06	5.51317e+06	6.24306e+06	5.55256e+06	3.29395e+06	1.06766e+06	
2.03295e+06	2.08679e+06	1.48474e+06	1.77979e+06	1.38441e+06	2.87516e+06	5.49959e+06	2.15873e+06	3.30339e+06	2.33062e+06	2.89457e+06	2.88087e+06	616237	1.00303e+06	2.51409e+06	3.00911e+06	4.22344e+06	1.35695e+06	1.59715e+06	3.11187e+06	5.51317e+06	2.81997e+06	5.55256e+06	3.29395e+06	1.06766e+06	
2.03295e+06	2.08679e+06	1.48474e+06	1.77979e+06	1.38441e+06	2.74716e+06	983916	2.15873e+06	3.30339e+06	2.33062e+06	2.49828e+06	2.88087e+06	616237	1.00303e+06	1.99095e+06	2.78652e+06	4.22344e+06	1.35695e+06	1.59715e+06	3.11187e+06	2.43895e+06	2.73126e+06	5.55256e+06	1.34576e+06	1.06766e+06	
2.03295e+06	2.08679e+06	1.48474e+06	1.77979e+06	1.38441e+06	1.65583e+06	983916	2.15873e+06	3.30339e+06	829394	1.78585e+06	2.88087e+06	616237	1.00303e+06	1.99095e+06	2.78652e+06	1.61917e+06	1.27729e+06	1.59715e+06	3.11187e+06	2.28851e+06	2.73126e+06	3.73515e+06	1.34576e+06	1.06766e+06	
2.03295e+06	2.08679e+06	1.48474e+06	1.77979e+06	1.38441e+06	1.65583e+06	983916	2.15873e+06	2.43859e+06	829394	1.78585e+06	2.81633e+06	616237	1.00303e+06	1.68207e+06	2.39823e+06	1.61917e+06	1.27729e+06	1.59715e+06	2.17876e+06	1.46969e+06	2.73126e+06	2.91372e+06	1.34576e+06	1.06766e+06	
2.03295e+06	2.08679e+06	1.0903e+06	1.77979e+06	1.07665e+06	1.65583e+06	983916	2.15873e+06	1.55657e+06	829394	1.20419e+06	2.81633e+06	616237	1.00303e+06	1.68207e+06	2.36302e+06	1.61917e+06	1.27729e+06	1.51592e+06	1.85503e+06	1.46969e+06	2.14577e+06	850466	1.34576e+06	1.06766e+06	
2.03295e+06	2.08679e+06	1.0903e+06	1.66262e+06	1.07665e+06	1.65583e+06	983916	2.15873e+06	1.55657e+06	829394	1.20419e+06	1.07634e+06	616237	1.00303e+06	1.68207e+06	956381	1.61917e+06	1.27729e+06	1.51592e+06	1.21655e+06	1.46969e+06	2.14577e+06	850466	968455	1.06766e+06	
1.44011e+06	2.03477e+06	1.0903e+06	1.66262e+06	1.02634e+06	1.65583e+06	983916	1.82458e+06	1.55657e+06	829394	1.20419e+06	1.07634e+06	616237	1.00303e+06	1.12685e+06	956381	1.61917e+06	1.27729e+06	1.51592e+06	1.20419e+06	1.44705e+06	2.14577e+06	850466	806521	1.06766e+06	
1.41784e+06	2.03477e+06	1.0903e+06	1.66262e+06	1.02634e+06	1.65583e+06	983916	1.41917e+06	1.55657e+06	829394	721631	1.07634e+06	616237	1.00303e+06	1.12685e+06	956381	1.33249e+06	1.27729e+06	1.51592e+06	1.20419e+06	1.44705e+06	1.14837e+06	850466	806521	1.06766e+06	
1.41784e+06	804561	1.0903e+06	1.04756e+06	604349	937093	378016	1.41917e+06	1.21369e+06	829394	721631	928867	616237	683631	874362	956381	1.33249e+06	388617	1.36788e+06	529369	1.30641e+06	898292	850466	806521	1.06766e+06	
508523	745939	1.0903e+06	1.04756e+06	604349	937093	378016	1.41917e+06	925367	601226	721631	925857	616237	683631	874362	956381	888303	388617	1.36788e+06	529369	274035	898292	409180	569536	200815	
508523	396213	990761	1.04756e+06	604349	919759	378016	675902	925367	601226	641978	925857	616237	683631	368882	956381	495493	388617	1.04921e+06	529369	274035	452325	409180	569536	200815	
508523	396213	990761	965560	558751	411377	378016	599840	925367	601226	641978	925857	616237	607944	368882	956381	495493	388617	1.04921e+06	336876	274035	452325	409180	569536	200815	
508523	396213	703695	965560	558751	371395	378016	599840	478214	601226	641978	925857	616237	607944	368882	329608	495493	388617	475975	336876	274035	452325	409180	399096	200815	
508523	396213	482414	285565	558751	371395	378016	599840	478214	601226	641978	614978	221150	561744	368882	329608	495493	388617	406400	336876	274035	452325	409180	399096	200815	
252591	311183	482414	285565	445151	371395	378016	339043	478214	601226	641978	614978	221150	561744	258412	329608	495493	388617	406400	311290	274035	452325	409180	399096	200815	
192993	311183	482414	234164	316223	371395	339329	339043	478214	532241	304013	251861	221150	291006	258412	329608	405976	388617	406400	311290	186604	452325	409180	399096	200815	
192993	311183	156119	234164	316223	304444	339329	339043	478214	532241	304013	251861	221150	291006	258412	188569	405976	388617	294219	149274	186604	262304	362797	399096	200815	
192993	311183	156119	234164	316223	304444	281426	339043	413281	365628	304013	251861	221150	291006	231099	188569	335792	308814	294219	149274	186604	262304	166922	399096	200815	
192993	236272	156119	234164	316223	304444	281426	242100	413281	257140	256530	251861	221150	291006	230194	188569	335792	278530	294219	149274	121047	262304	166922	337427	200815	
192993	236272	156119	234164	316223	304444	281426	242100	413281	203812	204256	211651	221150	271710	80021	188569	218150	252864	294219	134906	121047	262304	166922	196460	200815	
131405	236272	156119	234164	256259	246912	248372	202407	278322	203812	117003	211651	201510	179108	80021	152003	218150	188918	245069	134906	121047	262304	166922	196460	200815	
131405	218314	156119	234164	256259	194422	248372	202407	278322	203812	117003	211651	201510	154900	80021	152003	218150	188918	147383	101594	121047	262304	166922	196460	200815	
131405	218314	150748	234164	147059	194422	183381	117962	197009	169471	117003	211651	201510	102225	80021	123330	215917	144934	147383	101594	121047	262304	85071.2	196460	200815	
131405	132028	150748	234164	127140	194422	183381	117962	164255	164551	103968	175382	201510	102225	80021	123330	150059	106608	147383	101594	121047	245220	85071.2	182667	114191	
131405	132028	95660.9	135242	118868	182080	183381	117962	164255	164551	103968	98394.3	166068	102225	66599.7	96832.2	144747	106608	147383	31931.5	121047	133089	85071.2	182667	114191	
123835	132028	95660.9	135242	118868	182080	183381	117962	164255	157795	66620.2	98394.3	101933	56792.3	66599.7	96832.2	144747	106608	147383	31931.5	99783.2	133089	85071.2	182667	114191	
123835	121641	95660.9	98318.3	118868	126733	183381	117238	164255	157795	66620.2	98394.3	65560.4	56792.3	59444	82825	54022.5	100990	128451	31931.5	99783.2	80342.3	85071.2	42562.8	75812.1	
123835	107940	72462.7	98318.3	118868	114314	103908	68743.9	136296	157795	62881.2	98394.3	65560.4	56792.3	59444	82825	54022.5	100990	92189.4	31931.5	73705.5	80342.3	85071.2	42562.8	75812.1	
56855.6	100709	72462.7	98318.3	117209	95638.2	103908	64014.5	96954.5	147988	62881.2	80159.4	65560.4	56792.3	57894.8	82825	54022.5	100990	79464.2	31931.5	64924.1	80342.3	85071.2	42562.8	75812.1	
56855.6	27637.1	45980.4	92999	117209	95638.2	75548	64014.5	74203	110466	62881.2	71030.8	65560.4	56792.3	57894.8	82825	54022.5	67066.3	79464.2	31931.5	60444	80342.3	54272	42562.8	75812.1	
56855.6	27637.1	45980.4	88514	60615.4	95638.2	75548	64014.5	74203	110466	62881.2	65143.9	65560.4	56792.3	57894.8	49710.8	54022.5	49984.1	49550.2	31931.5	60444	44107.7	54272	42372.4	63684.6	
53536.8	27637.1	45980.4	82951.6	41573.3	95638.2	75548	64014.5	60714.2	110466	50046.7	65143.9	65560.4	56792.3	51856.8	41610.4	54022.5	49984.1	49550.2	31931.5	22922.1	44107.7	54272	42372.4	63684.6	
33752.4	27637.1	45980.4	72056.2	41573.3	66705.6	38711.9	62707.5	60714.2	75080.5	29259.9	65143.9	47114.3	56792.3	50206.3	37421.9	54022.5	49797.2	43155.8	31931.5	15479.2	44107.7	54272	42372.4	63684.6	
33752.4	27637.1	45980.4	67121.5	41573.3	66705.6	38711.9	37349.6	60714.2	52717.8	29259.9	65143.9	47114.3	33274.2	27524.7	37421.9	54022.5	49797.2	43155.8	31931.5	15479.2	44107.7	54272	42372.4	32773.5	
29965	27637.1	43109.4	56880.7	41573.3	61405.5	38711.9	37349.6	53595.7	37807.5	29259.9	59186.8	37901.2	33274.2	27524.7	32929.6	50653.1	45242.9	35430.3	31931.5	15479.2	44107.7	41687.3	42372.4	32773.5	
25804.9	27637.1	40273.9	56880.7	36727.2	49868.3	38711.9	37349.6	49971	37807.5	29259.9	54450	27864.7	23585.3	27524.7	31203.9	50653.1	20797.9	32843	23913.1	15479.2	44107.7	33066.7	31917.5	32773.5	
25804.9	27637.1	26144.8	41559	36727.2	44484.6	35416.1	37349.6	49971	32852.7	29259.9	46266.5	27864.7	23585.3	23408.8	31203.9	50653.1	20797.9	32843	23913.1	15479.2	39222.5	33066.7	28476.9	32773.5	
19103.2	27637.1	26144.8	41559	27845.5	35900.5	35416.1	37349.6	49971	32852.7	29258.8	38344.5	27864.7	23585.3	17307.1	31203.9	33785.5	20797.9	21272	23913.1	15479.2	39222.5	33066.7	16224.6	31205.4	
19103.2	27637.1	26144.8	23142.4	25519.8	31260.8	35416.1	37349.6	26664.5	22606.1	18244.2	31311.5	25000.3	23585.3	17307.1	26624	29459.2	20797.9	18466.2	23913.1	15479.2	39222.5	8540.12	16224.6	29363.3	
15650.3	18602.6	24429.3	23142.4	25519.8	27046.7	30165.4	36203.4	26664.5	22606.1	18244.2	29087.2	25000.3	23585.3	17307.1	26427.4	23552.8	20797.9	18466.2	12721.7	10660.1	33173.7	8540.12	16224.6	29363.3	
15650.3	10875.6	14725.5	23142.4	25519.8	25999.6	25067.9	28265.3	26664.5	12692	18244.2	29087.2	22585.8	23585.3	13247.9	23310.4	23552.8	20797.9	18466.2	12721.7	10660.1	33173.7	8540.12	16224.6	25967.8	
15650.3	10875.6	14725.5	23142.4	21132.1	25999.6	21216.4	28265.3	26664.5	12692	18244.2	28366.4	22156	15724	13247.9	22885.7	23552.8	15864.7	13312.4	12721.7	10660.1	33173.7	8540.12	16224.6	16383.5	
15650.3	10875.6	14725.5	13575.3	19876.5	23651.7	18723.5	28265.3	26664.5	11037.8	13143.8	14318.1	22156	15694.6	13247.9	22885.7	23552.8	13248.6	11537.3	12640.5	10040.8	23656.4	8540.12	13124.5	16383.5	
10902.7	10875.6	14725.5	13575.3	19876.5	12810.7	13601.9	16196.6	20361.4	11037.8	13143.8	14318.1	17305.4	15694.6	6044.39	12044.9	21715.9	13248.6	11537.3	11377.7	9841.72	15538.9	8540.12	13124.5	14121.7	
10902.7	10875.6	13215.2	13575.3	17375.2	12810.7	13601.9	16196.6	20361.4	9145.01	13143.8	14318.1	17305.4	8103.19	6044.39	12044.9	19209.8	10836.5	11260.5	11377.7	9841.72	15538.9	8540.12	11801.4	14121.7	
9611.79	10875.6	13215.2	13575.3	10077.2	12810.7	10316.6	16196.6	12196.3	9145.01	11309.8	14318.1	13757.2	8103.19	6044.39	12044.9	17570.7	10836.5	10822.7	8475.04	6579.35	15538.9	8540.12	9206.56	12962.5	
9027.58	10875.6	13215.2	11095.7	10077.2	12810.7	6129.57	13812.7	7228.7	9145.01	9902.17	8336.84	12289.3	8103.19	6044.39	10151.2	17570.7	9573.55	10822.7	8475.04	6579.35	15538.9	8540.12	8939.99	10265	
9027.58	9340.82	6857.59	11095.7	7492.37	6196.18	6129.57	13812.7	7228.7	9145.01	9902.17	8336.84	12289.3	6790.53	6044.39	4719.03	10947.7	9573.55	7648.66	8475.04	6579.35	14927.2	8540.12	7564.1	7647.05	
8636.21	9340.82	6857.59	11095.7	7492.37	6196.18	6129.57	12821.7	7228.7	5238.13	9073.51	8336.84	9097.78	6790.53	6044.39	4719.03	8579.75	9573.55	6970.31	8475.04	6579.35	10960.1	8540.12	7564.1	7647.05	
8636.21	8786.42	6857.59	10218.8	7492.37	6159.76	6129.57	7959.76	7228.7	5238.13	8453.48	8336.84	9097.78	6790.53	5818.64	4719.03	4759.92	8555.59	5188.46	4734.65	6579.35	10960.1	8540.12	7437.12	7647.05	
7553.51	7562.78	6857.59	6694.49	7492.37	6159.76	6129.57	6539.4	6414.46	5238.13	4716.76	8336.84	9097.78	6790.53	5818.64	4719.03	4759.92	5081.79	5188.46	4734.65	6579.35	10188.1	7898.88	7437.12	6852.69	
4112.44	7321.93	6857.59	5358.79	7492.37	6159.76	6129.57	6539.4	6414.46	4098.11	4716.76	5904.58	9097.78	5948.59	5818.64	4225.19	4759.92	5081.79	4128.12	4171.23	4979.98	7677.66	3278.08	6279.95	5296.57	
4112.44	5559.44	4591.03	5358.79	7492.37	4894.55	6129.57	6539.4	5037.76	3429.63	4716.76	4166.44	7567.29	5948.59	4476.9	4225.19	4759.92	5081.79	4128.12	2987.72	4453.71	7113.44	3278.08	3185.19	5149.43	
3803.38	4796.59	4591.03	5358.79	6593.62	4894.55	3389.19	5027.92	5037.76	3429.63	4716.76	4166.44	7284.08	4413.37	4021.16	4225.19	4759.92	4010.05	3498.72	2673.13	4453.71	7113.44	3044.87	3185.19	4910.37	
2898.67	4796.59	4520.18	5358.79	4498.2	4510.72	3389.19	5027.92	5037.76	3429.63	3382.49	4166.44	7091.44	3746.57	3940.76	3475.17	4759.92	4010.05	3498.72	2673.13	4453.71	7113.44	3044.87	2872.88	4475.36	
2898.67	3399.54	4520.18	2819.8	3248.91	3256.02	3389.19	3958.97	5037.76	3429.63	3098.23	3070.28	4841.53	3746.57	2009.16	3475.17	2371.31	4010.05	3498.72	2673.13	4288.88	6029.15	3044.87	2872.88	4475.36	
2898.67	3399.54	2840.29	2819.8	3248.91	3014.3	3204.96	3958.97	3673.79	3429.63	2343.07	3070.28	4841.53	2942.13	2009.16	3475.17	2371.31	3453.44	3143.24	2673.13	3646.65	6029.15	3044.87	2624.91	3331.66	
2761.46	3399.54	2840.29	2819.8	2905.11	2983.16	3204.96	3903.28	3673.79	3429.63	2343.07	3070.28	4515.33	2942.13	2009.16	3111.94	2371.31	3453.44	3143.24	2612.17	3057.47	3818.35	3044.87	2624.91	3331.66	
2761.46	2879.87	2840.29	2819.8	2504.32	2983.16	2088.08	3301.81	2530.12	2762.51	2343.07	3070.28	4004.04	2072.97	2009.16	2982.61	2371.31	3451.13	2134.31	2281.49	2755.77	3818.35	2431.83	2624.91	2341.15	
2240.51	904.001	2840.29	2517.67	2504.32	2983.16	2088.08	3281.08	2530.12	2762.51	2107.19	3070.28	4004.04	2072.97	2009.16	2169.2	2371.31	1963.66	1982.36	2281.49	2755.77	3507.01	2233.86	2146.17	2341.15	
2240.51	904.001	2840.29	2517.67	2504.32	2983.16	2088.08	3281.08	2340.89	2762.51	2107.19	2284.03	4004.04	1472.1	2009.16	2169.2	1739.47	1963.66	1982.36	1225.08	1756.3	2401.89	2209.62	1920.59	2341.15	
2240.51	904.001	2356.9	2517.67	2504.32	2386.96	1332.52	3281.08	2340.89	2237.05	1763.09	1295.33	3035.66	1472.1	1826.71	2169.2	1739.47	1957.99	1982.36	1225.08	1756.3	2401.89	2029.53	1920.59	2201.32	
2240.51	904.001	2356.9	2481.23	2150.48	1693.31	1332.52	2621.14	1996.91	2237.05	1426.97	1295.33	3035.66	1472.1	1826.71	2169.2	1739.47	1517.23	1982.36	1225.08	1753.57	1960.52	2029.53	1920.59	1417.12	
1224.64	904.001	1545.46	2481.23	2150.48	1693.31	1332.52	2038.63	1996.91	1397.27	1426.97	1295.33	2721.54	1472.1	1257.53	1871.5	1341.2	1517.23	1982.36	1225.08	1753.57	1960.52	1405.81	1920.59	1417.12	
1224.64	904.001	1545.46	1897.67	1708.15	1693.31	1248.08	2013.79	1886.94	1397.27	1426.97	1295.33	2721.54	1192.58	1235.62	1809.96	1341.2	1172.2	1571.71	1000.82	1753.57	1960.52	1009.22	1790.05	1417.12	
1224.64	904.001	1545.46	1897.67	1708.15	1248.96	1248.08	1626.46	1886.94	1397.27	1352.29	1295.33	1902.74	1192.58	1235.62	1614.86	1341.2	1172.2	1438.14	1000.82	1618.03	1923.12	1009.22	1442.44	1417.12	
940.549	904.001	1335.64	1826.11	1506.24	1248.96	1248.08	1626.46	1353.03	1370.99	1305.05	1295.33	1902.74	1192.58	1235.62	1586.93	946.193	1073.1	1027.66	1000.82	787.743	1923.12	1009.22	954.914	1417.12	
940.549	904.001	1335.64	1216.74	1029.16	1248.96	1209.13	1626.46	1353.03	1360.59	1102.57	1289.76	1902.74	872.073	1042.58	1586.93	663.251	988.914	821.331	888.507	787.743	1615.76	1009.22	954.914	963.265	
777.147	904.001	1227.22	1216.74	1029.16	1098.07	1201	1351.04	1353.03	1360.59	1102.57	1289.76	1902.74	872.073	753.723	1586.93	663.251	988.914	821.331	888.507	787.743	1615.76	1009.22	954.914	963.265	
777.147	904.001	778.412	1087.49	939.886	796.341	1017.33	1293.85	1228.23	926.696	1019.63	1096.56	1239.1	872.073	743.373	821.038	663.251	737.362	821.331	749.768	787.743	917.317	934.344	953.511	963.265	
777.147	727.371	778.412	1087.49	939.886	796.341	714.97	936.221	1228.23	926.696	1019.63	1096.56	1239.1	872.073	607.058	821.038	663.251	737.362	821.331	749.768	787.743	917.317	857.105	839.404	963.265	
777.147	727.371	778.412	1087.49	939.886	796.341	714.97	895.327	1228.23	675.399	930.326	961.454	1239.1	684.052	607.058	821.038	652.362	737.362	538.494	749.768	787.743	917.317	824.968	839.404	837.015	
566.276	727.371	778.412	732.876	939.886	796.341	714.97	895.327	938.255	675.399	754.022	961.454	1101.17	424.301	607.058	821.038	652.362	737.362	538.494	749.768	787.743	917.317	789.284	627.52	814.52	
566.276	727.371	778.412	732.876	939.886	796.341	622.678	895.327	938.255	486.767	705.927	914.807	965.856	424.301	607.058	821.038	575.91	737.362	538.494	749.768	697.704	917.317	656.254	627.52	705.975	
566.276	727.371	589.721	732.876	936.612	796.341	622.678	871.339	938.255	486.767	523.788	720.064	965.856	424.301	607.058	821.038	575.91	628.599	538.494	586.356	697.704	744.245	633.59	627.52	629.497	
566.276	706.174	589.721	665.74	936.612	564.203	509.428	362.39	671.058	486.767	523.788	720.064	941.738	424.301	607.058	580.466	575.91	628.599	538.494	586.356	587.494	719.393	633.59	627.52	629.497	
566.276	706.174	589.721	665.74	656.877	564.203	509.428	362.39	665.64	486.767	523.788	720.064	941.738	424.301	607.058	580.466	575.91	613.993	538.494	500.892	587.494	719.393	605.283	627.52	554.689	
495.381	667.64	490.799	665.74	546.563	451.263	459.77	362.39	639.97	486.767	523.788	619.949	751.543	424.301	400.203	574.148	450.607	420.135	480.431	423.941	587.494	706.699	438.159	467.224	554.689	
495.381	520.572	490.799	602.36	503.802	408.132	459.77	362.39	514.696	383.509	523.788	619.949	751.543	362.517	400.203	572.615	450.607	420.135	324.361	423.941	565.029	548.476	438.159	397.44	483.286	
399.107	380.983	490.799	447.07	478.486	408.132	459.77	362.39	514.696	383.509	483.317	534.277	751.543	362.517	400.203	539.063	450.607	420.135	324.361	402.835	513.594	489.329	355.032	397.44	425.595	
399.107	380.983	430.964	447.07	478.486	408.132	459.77	362.39	514.696	383.509	483.317	416.311	700.28	362.517	398.09	539.063	450.607	420.135	324.361	322.625	459.683	489.329	328.258	397.44	422.074	
371.942	380.983	430.964	447.07	440.989	408.132	348.045	362.39	490.21	383.509	422.974	416.311	472.964	362.517	378.391	539.063	327.999	361.642	324.361	322.625	458.746	401.64	328.258	397.44	422.074	
299.315	308.631	430.964	433.034	440.989	392.095	348.045	362.39	490.21	374.078	406.221	416.311	469.756	278.861	378.391	502.918	327.999	358.95	324.361	322.625	381.199	401.64	328.258	388.93	378.359	
277.604	308.631	398.598	417.47	440.989	266.46	322.63	362.39	410.05	365.188	406.221	416.311	469.756	278.861	318.268	311.283	327.999	358.95	324.361	286.133	365.845	401.64	319.498	254.961	330.297	
277.604	308.631	398.598	417.47	379.353	266.46	322.63	362.39	410.05	365.188	401.266	377.332	469.756	278.861	290.274	311.283	327.999	358.95	324.361	286.133	349.504	383.511	319.498	254.961	273.724	
277.604	308.631	342.761	417.47	321.135	266.46	322.63	362.39	410.05	336.934	358.766	307.093	469.756	273.314	290.274	311.283	285.41	345.784	324.361	286.133	336.35	383.511	312.373	254.961	273.724	
277.604	308.631	342.761	417.47	264.966	262.027	276.188	362.39	389.177	328.924	195.518	307.093	420.654	273.314	272.864	300.693	285.41	299.038	253.244	286.133	307.24	331.4	299.992	254.961	273.724	
234.445	271.869	342.761	312.419	264.966	262.027	276.188	290.781	331.513	267.528	195.518	307.093	413.418	266.28	272.864	300.693	285.41	277.318	253.244	236.654	307.24	331.4	299.992	254.961	259.072	
234.445	271.869	330.685	312.419	264.966	216.705	276.188	290.781	327.114	267.528	195.518	305.321	413.418	192.948	174.519	300.693	285.41	277.318	253.244	236.654	307.24	331.4	243.15	254.961	259.072	
207.619	247.558	318.163	312.419	264.966	216.705	276.188	290.781	327.114	206.124	195.518	278.822	346.617	192.948	174.519	300.693	186.227	244.017	235.289	227.621	307.24	307.295	243.15	254.961	259.072	
207.619	247.558	251.593	312.419	264.966	216.705	250.054	194.634	284.02	206.124	195.518	259.001	278.071	192.948	174.519	248.192	186.227	221.361	226.635	227.621	185.457	307.295	243.15	203.365	222.552	
207.619	240.931	251.593	287.336	241.458	216.705	250.054	194.634	256.03	206.124	195.518	259.001	278.071	192.948	174.519	248.192	186.227	200.874	226.635	199.295	185.457	291.71	211.826	203.365	222.552	
207.619	240.931	190.204	257.006	238.463	205.078	219.267	194.634	256.03	206.124	195.518	220.137	278.071	192.948	174.519	242.375	186.227	197.689	215.788	195.405	185.457	291.71	211.826	198.541	222.552	
207.619	188.723	190.204	202.771	238.463	205.078	215.888	194.634	249.128	206.124	195.518	220.137	232.215	184.548	171.087	242.375	122.521	197.689	204.208	195.405	185.457	209.706	211.826	198.541	215.368	
205.323	160.199	190.204	202.771	168.512	205.078	215.888	194.634	249.128	187.398	195.518	220.137	232.215	184.548	171.087	235.975	122.521	195.62	204.208	138.318	185.457	209.706	190.894	176.808	215.368	
204.573	160.199	190.204	175.854	168.512	205.078	215.888	194.634	187.793	182.614	189.984	220.137	195.86	163.561	171.087	222.686	122.521	178.053	204.208	138.318	182.319	209.706	190.894	176.808	192.712	
166.476	160.199	190.204	175.854	168.512	196.272	186.93	181.59	187.793	182.614	189.984	166.463	195.86	163.561	155.416	191.302	122.521	178.053	200.361	138.318	182.319	209.706	167.03	156.303	192.712	
166.476	158.02	173.838	175.854	168.512	196.272	186.93	181.59	187.793	182.614	184.899	166.463	195.86	163.561	155.416	191.302	122.521	178.053	178.015	138.318	182.319	209.706	167.03	152.726	192.712	
166.476	158.02	170.401	175.854	168.512	187.658	186.93	180.016	187.793	177.507	166.541	166.463	193.458	160.951	147.058	144.005	122.521	158.845	127.957	138.318	182.319	180.284	129.812	152.726	170.329	
154.038	158.02	170.401	175.854	139.9	168.62	158.942	160.163	187.793	177.507	166.541	166.463	179.573	155.037	147.058	144.005	122.521	158.845	127.957	104.683	182.319	180.284	129.812	152.726	170.329	
141.858	158.02	150.65	175.854	139.9	168.62	158.942	151.587	187.793	166.276	166.541	166.463	179.573	155.037	147.058	144.005	122.521	113.503	127.957	104.683	177.347	169.698	129.812	152.726	170.329	
141.858	149.05	150.65	175.854	139.9	161.636	158.942	151.587	182.806	159.2	146.198	154.817	179.573	146.253	147.058	144.005	122.521	113.503	127.957	104.683	171.581	169.698	129.812	149.014	157.389	
137.134	148.471	134.527	166.384	135.544	159.867	158.894	144.789	173.313	159.2	146.198	154.817	179.573	121.313	139.447	144.005	122.521	113.503	127.957	104.683	171.581	167.71	129.812	139.038	108.834	
103.476	129.79	134.527	166.384	135.544	159.867	158.894	144.52	168.383	150.752	134.765	154.817	170.159	121.313	112.157	144.005	122.521	113.503	127.957	104.683	151.522	156.129	125.783	139.038	108.834	
103.476	129.79	134.527	152.612	135.544	137.051	103.636	144.52	168.383	150.752	134.765	154.817	164.327	121.313	76.5465	136.182	122.521	113.503	120.863	104.683	151.522	156.129	117.473	139.038	108.834	
103.476	129.79	125.071	124.202	125.569	131.619	103.636	124.087	168.127	150.752	117.178	146.141	156.403	121.313	76.5465	136.182	110.969	113.503	120.863	104.683	120.756	154.534	117.473	139.038	108.834	
103.476	122.027	116.898	124.202	107.129	129.308	103.636	124.087	135.36	148.517	117.178	118.266	156.403	115.558	76.5465	136.182	110.969	113.503	120.863	104.683	120.756	145.191	117.473	139.038	108.834	
103.476	121.567	107.75	124.202	107.129	113.575	103.636	124.087	135.36	127.353	117.178	113.916	134.495	115.558	76.5465	136.182	110.969	110.83	120.863	101.636	120.756	128.603	117.473	139.038	108.834	
103.476	96.3457	107.75	107.595	107.129	113.575	103.636	124.087	135.36	127.353	117.178	113.916	134.495	115.558	76.5465	136.182	110.969	110.83	109.099	101.636	120.756	120.774	117.473	139.038	108.834	
97.9759	96.3457	107.75	107.595	107.129	113.575	103.636	124.087	132.889	127.353	117.178	113.916	134.495	104.334	76.5465	136.182	110.969	110.83	109.099	101.636	120.756	120.774	117.473	110.557	108.834	
97.9759	96.3457	107.75	107.595	107.129	110.703	103.636	124.087	118.099	78.8836	117.178	108.181	134.495	104.334	76.5465	116.56	110.969	110.83	109.099	101.636	120.756	120.774	117.473	110.557	108.834	
97.9759	96.3457	100.008	104.9	107.129	102.378	103.636	96.2137	118.099	78.8836	107.656	108.181	134.495	104.334	76.5465	116.56	110.969	110.83	109.099	100.024	120.756	120.774	113.688	110.557	108.834	
97.9759	96.3457	100.008	104.9	103.485	102.378	103.636	96.2137	118.099	78.8836	101.054	102.514	130.024	104.334	76.5465	116.56	107.06	95.9944	109.099	96.3105	120.168	119.986	98.8818	110.063	101.155	
97.9759	96.3457	100.008	104.9	97.2382	102.378	103.636	96.2137	118.099	78.8836	101.054	102.514	130.024	88.0661	76.5465	116.56	100.957	95.9944	95.0048	96.3105	119.324	113.817	96.8088	87.9077	101.155	
95.5073	93.6166	100.008	104.9	97.2382	102.378	103.636	96.2137	118.099	78.8836	101.054	102.514	109.202	88.0661	76.5465	116.56	100.957	95.9944	94.8897	96.3105	119.324	113.817	86.4767	87.9077	101.155	
92.1167	93.6166	77.7111	104.9	97.2382	102.378	103.636	96.2137	118.099	78.8836	101.054	102.514	109.202	82.1423	76.5465	107.098	96.6483	95.9944	94.8897	96.3105	98.7585	105.743	86.4767	87.9077	100.438	
91.3687	93.6166	77.7111	97.974	92.8865	102.378	82.0322	96.2137	111.095	78.8836	101.054	101.549	109.202	82.1423	76.5465	106.64	96.6483	95.9944	94.8897	96.3105	98.7585	105.743	86.4767	87.9077	100.438	
88.4516	88.3377	77.7111	90.5879	86.1523	102.378	82.0322	96.2137	100.683	78.8836	101.054	83.8051	109.202	82.1423	76.5465	93.5173	89.6781	95.9944	84.766	96.3105	93.2221	94.7409	86.4767	87.9077	99.9691	
84.8409	88.3377	77.7111	90.5879	86.1523	94.0711	72.5381	69.4886	100.683	78.8836	99.79	83.8051	109.202	82.1423	76.5465	93.5173	89.6781	95.9944	84.766	67.2875	93.2221	93.4423	86.4767	87.9077	99.0126	
84.8409	88.3377	77.7111	86.8207	86.1523	89.5216	72.5381	69.4886	100.683	78.8836	99.79	83.8051	103.183	82.1423	76.5465	93.5173	89.6377	79.7773	79.3394	67.2875	93.2221	93.4423	81.4305	87.9077	99.0126	
78.264	88.3377	77.7111	86.8207	86.1523	83.4386	72.5381	69.4886	100.683	78.8836	99.79	83.8051	93.412	79.8853	76.5465	78.7508	89.6377	73.6156	79.3394	67.2875	93.2221	93.4423	81.4305	87.9077	98.6335	
78.264	83.4351	77.7111	86.8207	86.1523	83.4386	72.5381	69.4886	90.118	78.8836	99.79	80.49	93.412	79.8853	76.5465	78.7508	89.6377	73.6156	79.3394	67.2875	93.2221	93.4423	81.4305	85.2207	83.8347	
78.2558	83.4351	77.7111	66.2456	86.1523	83.4386	72.5381	69.4886	90.118	78.8836	91.0769	79.996	76.1024	79.421	76.5465	78.7508	71.7423	73.6156	79.3394	67.2875	93.2221	93.4423	81.4305	85.2207	83.8347	
78.2558	83.4351	77.7111	66.2456	86.1523	83.4386	72.5381	69.4886	87.0017	78.8836	91.0769	79.996	76.1024	79.421	76.5465	78.7508	71.7423	73.6156	79.3394	67.2875	75.309	78.5909	80.5819	84.9357	64.3352	
78.2558	83.4351	76.0491	66.2456	86.1523	83.4386	72.5381	69.4886	87.0017	73.1508	91.0769	79.996	76.1024	79.421	76.5465	78.7508	71.7423	73.6156	79.3394	67.2875	75.309	78.5909	60.9231	84.9357	64.3352	
71.0466	83.4351	76.0491	66.2456	86.1523	83.4386	72.5381	69.4886	87.0017	73.1508	91.0769	79.996	75.2952	79.421	76.5465	76.6911	71.7423	73.6156	79.3394	67.2875	75.309	78.5909	60.9231	84.9357	64.3352	
71.0466	83.4005	76.0491	66.2456	77.9133	70.8697	72.5381	69.4886	87.0017	73.1508	79.2013	79.996	75.2952	79.2698	65.5159	68.1544	71.7423	73.6156	79.3394	67.2875	75.309	78.5909	60.9231	84.8816	64.3352	
71.0466	83.4005	65.2993	66.2456	77.9133	70.8697	72.5381	69.4886	86.7499	73.1508	79.2013	79.996	75.2952	79.2698	65.5159	68.1544	71.7423	73.6156	79.3394	67.2875	75.309	78.5909	60.6612	84.8816	64.3352	
71.0466	83.4005	65.2993	66.2456	72.6872	70.8697	72.5381	60.7179	86.7499	73.1508	79.2013	79.996	75.2952	79.2698	63.6654	68.1544	71.7423	73.6156	75.5337	67.2875	75.309	78.5909	60.6612	65.8756	64.3352	
71.0466	83.4005	65.2993	66.2456	72.6872	66.7233	72.5381	60.7179	82.4196	73.1508	63.1545	79.996	75.2952	79.2698	63.6654	68.1544	71.7423	73.6156	75.5337	67.2875	75.309	78.5909	60.6612	64.4391	56.1396	
71.0466	76.4487	65.2993	66.2456	72.6872	66.7233	72.5381	60.7179	82.4196	73.1508	63.1545	78.2629	75.2952	79.2698	63.6654	68.1544	71.7423	73.6156	57.0868	67.2875	75.309	78.5909	60.6612	64.4391	56.1396	
60.1065	76.4487	65.2993	66.2456	72.6872	66.7233	69.2938	60.7179	82.2676	73.1508	63.1545	72.5855	75.2952	79.2698	63.6654	68.1544	71.7423	73.6156	57.0868	67.2875	75.309	78.5909	60.6612	64.4391	56.1396	
60.1065	76.4487	65.2993	66.2456	72.6872	66.7233	54.9193	60.7179	81.7539	66.6608	63.1545	72.5855	68.4955	78.2051	63.6654	68.1544	71.1265	73.6156	57.0868	66.2767	71.6628	78.5909	60.6612	64.4391	56.1396	
57.9108	76.4487	65.2993	66.2456	72.6872	66.525	54.9193	60.7179	81.7539	66.6608	63.1545	72.5855	68.4955	78.2051	63.6654	68.1544	71.1265	73.6156	57.0868	66.2767	71.6628	78.5909	60.6612	64.4391	56.1396	
57.9108	76.4487	65.2993	66.2456	72.6872	66.525	54.9193	60.7179	81.7539	66.6608	63.1545	72.5855	68.4955	78.2051	63.6654	52.5156	71.1265	73.6156	57.0868	66.2767	71.6628	78.5909	60.6612	64.4391	56.1396	
57.9108	76.4487	65.2993	66.2456	72.6872	66.525	54.9193	60.7179	78.0413	66.6608	63.1545	72.5855	68.4955	57.6681	63.6654	52.5156	58.6182	73.6156	57.0868	53.7664	71.6628	78.5909	57.8908	64.4391	56.1396	
57.9108	76.4487	65.2993	64.8263	58.2311	65.9699	54.9193	60.7179	78.0413	66.6608	63.1545	72.5855	68.4955	57.6681	63.6654	52.5156	58.6182	72.5199	57.0868	53.7664	60.5309	76.3497	57.8908	64.4391	56.1396	
57.9108	69.9803	65.2993	64.8263	58.2311	65.9699	54.9193	60.7179	78.0413	66.6608	63.1545	72.5855	68.4955	57.6681	63.6654	52.5156	58.6182	64.6725	57.0868	53.7664	60.5309	73.9096	57.8908	64.4391	56.1396	
57.9108	57.9048	59.3762	62.9398	58.2311	65.9699	54.9193	60.7179	72.6255	66.6608	63.1545	70.4438	68.4955	57.6681	63.6654	52.5156	58.6182	64.6725	57.0868	53.7664	60.5309	73.9096	57.8908	64.4391	56.1396	
57.9108	57.9048	59.3762	51.8132	58.2311	65.9699	54.9193	54.6396	72.2051	66.6608	63.1545	70.4438	67.4111	57.6681	63.6654	52.5156	58.6182	64.6725	57.0868	53.7664	56.9913	73.9096	57.8908	64.4391	56.1396	
57.9108	57.9048	59.3762	51.8132	58.2311	65.9699	54.9193	54.6396	68.152	66.6608	63.1545	70.4438	60.7366	57.6681	53.3776	52.5156	58.6182	64.6725	57.0868	53.7664	56.9913	59.9221	57.8908	62.0702	56.1396	
57.9108	57.9048	59.3762	51.8132	58.2311	65.9699	54.9193	54.6396	65.9586	66.6608	63.1545	70.4438	60.7366	57.6681	53.3776	52.5156	58.6182	64.671	57.0868	53.7664	56.9913	59.1299	57.8908	62.0702	56.1396	
57.9108	57.9048	59.3762	51.8132	58.2311	65.9699	54.9193	54.6396	65.9586	62.7071	63.1545	57.4382	60.7366	57.6681	53.3776	52.5156	55.2453	64.671	57.0868	53.7664	56.9913	59.1299	57.8908	62.0702	55.0359	
57.9108	57.9048	59.3762	51.8132	58.2311	65.9699	54.9193	54.6396	65.9586	62.7071	63.1545	57.4382	60.7366	57.6681	53.3776	52.5156	55.2453	62.1899	57.0868	53.7664	56.9913	59.1299	57.0869	62.0702	55.0359	
57.9108	57.9048	59.3762	51.8132	58.2311	65.9699	54.9193	54.6396	65.9586	62.7071	61.7557	51.8355	60.7366	57.6681	53.3776	52.5156	55.2453	62.1899	57.0868	53.7664	56.9913	59.1299	57.0869	59.9133	55.0359	
57.9108	57.9048	59.3762	51.8132	58.2311	65.9699	54.9193	54.6396	65.9586	62.7071	61.7557	51.8355	60.7366	57.5326	53.3776	52.5156	55.2453	62.1899	57.0868	53.7664	56.9913	59.1299	48.9418	57.8083	55.0359	
54.7539	57.9048	59.3762	51.8132	58.2311	65.9699	54.9193	54.6396	65.9586	62.7071	61.7557	51.8355	60.7366	54.2593	51.5585	52.5156	55.2453	62.1899	57.0868	53.7664	56.9913	59.1299	48.9418	57.8083	55.0359	
54.7539	57.9048	59.3762	51.8132	58.2311	58.9062	54.9193	54.6396	65.9586	54.808	59.0736	51.8355	60.7366	54.2593	51.5585	52.5156	55.2453	62.1899	57.0868	53.7664	56.9913	59.1299	48.9418	57.8083	55.0359	
54.7539	57.9048	53.8475	51.8132	58.2311	58.9062	54.9193	54.6396	57.4092	54.808	59.0736	51.8355	60.7366	54.2593	47.6412	52.5156	55.2453	61.758	57.0868	51.4378	55.9988	59.1299	48.9418	50.3496	55.0359	
54.7539	57.9048	53.8475	51.8132	58.2311	58.9062	54.9193	54.6396	57.4092	54.808	55.8531	51.8355	60.7366	54.2593	47.6412	52.5156	55.2453	61.758	57.0868	51.4378	55.9988	59.1299	48.9418	50.3496	55.0359	
54.7539	57.9048	53.8475	51.8132	58.2311	53.2315	54.9193	54.6396	57.4092	54.808	55.8531	51.8355	56.9922	51.9942	47.6412	52.5156	55.2453	56.378	57.0868	51.4378	55.9988	59.1299	48.9418	50.3496	55.0359	
54.7539	57.9048	53.8475	51.8132	58.2311	53.2315	54.9193	54.6396	57.4092	54.2597	55.8531	51.8355	56.9922	51.9942	47.6412	52.5156	47.9297	56.378	57.0868	51.4378	55.9988	59.1299	48.9418	50.3496	55.0359	
54.7539	57.9048	53.8475	51.5473	55.9165	53.2315	51.5391	54.6396	57.4092	54.2597	55.8531	51.2776	56.9922	51.9942	47.6412	52.5156	47.9297	56.378	57.0868	51.4378	55.9988	59.1299	48.9418	50.3496	55.0359	
54.7539	57.9048	53.8475	51.5473	55.9165	53.2315	51.5391	54.6396	57.4092	54.2597	55.8531	51.2776	52.7978	51.9942	47.6412	52.5156	47.9297	56.378	57.0868	51.4378	55.9988	59.1299	43.5605	50.3496	55.0359	
54.7539	52.4006	53.8475	51.5473	55.9165	53.2315	51.5391	54.6396	57.4092	51.6344	54.1515	51.2776	52.7978	51.9942	47.6412	52.5156	47.9297	56.378	57.0868	51.4378	55.9988	59.1299	43.5605	50.3496	55.0359	
54.7539	52.4006	53.8475	51.5473	55.9165	53.2315	51.5391	54.6396	57.4092	51.6344	52.8558	51.2776	52.7978	51.9942	47.6412	52.5156	47.9297	56.378	57.0868	51.4378	55.9988	59.1299	43.5605	50.3496	55.0359	
54.7539	52.4006	53.8475	51.5473	51.4533	53.2315	51.5391	54.6396	57.4092	46.565	52.8558	51.2776	52.7978	51.9942	47.6412	50.5092	47.9297	56.378	57.0868	51.4378	55.9988	53.7963	43.5605	50.3496	55.0359	
54.7539	52.4006	53.8475	51.5473	51.4533	53.2315	51.5391	54.6396	57.4092	46.565	52.8558	51.2776	52.7978	51.9942	47.6412	50.5092	47.9297	56.378	57.0868	51.4378	55.9988	53.7963	43.5605	50.3496	47.3611	
54.7539	52.4006	53.8475	43.4521	51.4533	53.2315	51.5391	54.6396	57.4092	46.565	52.8558	51.2776	52.7978	51.9942	47.6412	50.5092	47.9297	42.3522	53.8185	51.4378	55.9988	53.7963	43.5605	50.3496	47.3611	
54.7539	52.4006	53.8475	43.4521	51.4533	45.8385	51.5391	54.6396	57.4092	46.565	52.8558	51.2776	52.7978	51.9942	47.6412	50.5092	47.9297	42.3522	53.8185	51.4378	55.9988	53.7963	43.5605	50.3496	47.3498	
54.7539	52.4006	53.8475	43.4521	49.8536	45.8385	51.5391	42.0736	45.8445	46.565	52.8558	51.2776	52.7978	51.9942	47.6412	50.5092	47.9297	42.3522	53.8185	51.4378	55.9988	53.7963	43.5605	50.3496	47.3498	
54.059	48.4713	53.8475	43.4521	49.8536	45.8385	51.5391	42.0736	45.8445	46.565	52.8558	51.2776	52.7978	51.9942	47.6412	50.5092	47.9297	42.3522	53.8185	51.4378	55.9988	53.7963	43.5605	50.3496	47.3498	
54.059	48.4713	53.8475	43.4521	49.8536	45.8385	51.5391	42.0736	45.8445	46.565	52.8558	51.2776	52.7978	51.494	47.2432	50.5092	47.9297	42.3522	53.8185	51.4378	55.9988	53.7963	43.5605	46.317	47.3498	
54.059	48.4713	53.8475	43.4521	49.8536	45.8385	48.4403	42.0736	45.8445	46.565	52.8558	51.2776	52.7978	51.494	47.2432	50.5092	47.9297	42.3522	52.5319	51.4378	55.9988	53.7963	43.5605	46.317	47.3498	
54.059	48.4713	53.8475	43.4521	49.8536	45.8385	48.4403	42.0736	45.8445	46.565	44.1064	51.2776	52.7978	51.494	47.2432	50.5092	47.9297	42.3522	40.2386	51.4378	55.9988	49.7817	43.5605	46.317	47.3498	
50.5895	48.4713	53.8475	43.4521	49.8536	45.8385	48.4403	42.0736	45.8445	46.565	44.1064	51.2776	52.7978	51.494	47.2432	50.5092	47.9297	42.3522	40.2386	51.4378	55.9988	49.7817	42.6936	46.317	47.3498	
45.3358	48.4713	53.8475	43.4521	49.8536	45.8385	48.4403	42.0736	45.8445	44.0739	44.1064	51.2776	52.7978	51.494	47.2432	50.5092	47.9297	42.3522	40.2386	51.4378	55.9988	49.7817	42.6936	46.317	47.3498	
45.3358	48.4713	52.0574	43.4521	49.8536	45.8385	48.4403	42.0736	45.8445	44.0739	44.1064	51.2776	52.7978	51.494	47.2432	38.1625	47.9297	42.3522	40.2386	51.4378	55.9988	49.7817	42.6936	46.317	47.3498	
45.3358	48.4713	52.0574	43.4521	49.8536	45.8385	43.2585	42.0736	45.8445	44.0739	44.1064	49.8165	52.7978	51.494	47.2432	38.1625	45.4243	42.3522	40.2386	51.4378	55.9988	49.7817	42.6936	46.317	47.3498	
45.3358	48.4713	52.0574	43.4521	48.8349	45.8385	43.2585	42.0736	45.8445	44.0739	44.1064	49.8165	52.7978	51.494	47.2432	38.1625	44.0313	42.3522	40.2386	51.4378	53.165	49.7817	42.6936	46.317	47.3498	
45.3358	48.4713	52.0574	43.4521	48.8349	45.8385	43.2585	42.0736	45.8445	44.0739	44.1064	49.8165	49.303	51.494	47.2432	38.1625	44.0313	42.3522	40.2386	51.4378	51.6427	49.7817	42.6936	46.317	47.3498	
45.3358	48.4713	52.0574	43.4521	48.8349	43.7404	43.2585	42.0736	45.8445	44.0739	44.1064	49.8165	49.303	51.494	47.2432	38.1625	44.0313	42.3522	40.2386	51.4378	51.6427	49.7817	42.6936	39.4574	47.3498	
41.7731	43.8195	52.0574	43.4521	41.73	43.7404	43.2585	42.0736	45.8445	44.0739	44.1064	45.3949	49.303	51.494	47.2432	38.1625	44.0313	42.3522	40.2386	45.454	51.6427	49.7817	42.6936	39.4574	47.3498	
41.7731	43.8195	52.0574	43.4521	41.73	43.7404	43.2585	42.0736	45.8445	37.0704	44.1064	45.3949	47.9472	50.2457	47.119	38.1625	44.0313	42.3522	40.2386	45.454	51.6427	49.7817	42.6936	39.4574	47.3498	
36.1655	43.8195	52.0574	43.4521	41.73	43.7404	43.2585	42.0736	45.8445	37.0704	44.1064	45.3949	47.9472	50.2457	47.119	38.1625	44.0313	42.3522	40.2386	45.454	50.5001	49.7817	42.6936	39.4574	47.3498	
36.1655	43.8195	52.0574	43.4521	41.73	43.7404	43.2585	42.0736	42.2984	37.0704	44.1064	43.6793	47.9472	47.6434	47.119	38.1625	44.0313	42.3522	40.2386	45.454	50.5001	49.7817	42.6936	39.4574	47.3498	
36.1655	43.8195	46.3504	43.4521	41.73	43.7404	43.2585	42.0736	42.2984	37.0704	43.8526	43.6793	45.7213	47.6434	46.5234	38.1625	44.0313	42.3522	40.2386	45.454	47.6114	45.7179	42.6936	39.4574	47.3498	
36.1655	43.8195	46.3504	43.4521	41.73	43.7404	43.2585	42.0736	42.2984	37.0704	43.8526	43.6793	45.7213	47.6434	40.928	38.1625	44.0313	42.3522	40.2386	45.454	47.6114	45.7179	42.6936	39.4574	44.193	
36.1655	43.8195	46.3504	43.4521	41.73	43.7404	43.2585	42.0736	42.2984	37.0704	43.8526	43.6793	45.7213	47.6434	40.928	38.1625	44.0313	42.3522	40.2386	45.454	47.6114	45.7179	42.6936	39.4574	44.193	
36.1655	43.6326	46.3504	43.4521	41.73	43.7404	43.2585	42.0736	42.2984	37.0704	43.8526	43.6793	45.7213	47.6434	40.928	38.1625	44.0313	42.3522	40.2386	45.454	47.6114	45.7179	42.6936	39.4574	44.193	
36.1655	43.6326	46.3504	43.4521	41.73	43.7404	43.2585	39.3819	42.2984	37.0704	43.751	43.6793	45.7213	47.6434	40.928	38.1625	44.0313	42.3522	40.2386	45.454	47.6114	45.7179	42.6936	39.4574	44.193	
36.1655	43.6326	46.3504	43.4521	41.73	43.7404	43.2585	39.3819	42.2984	37.0704	43.751	43.6793	45.7213	47.6434	40.928	38.1625	44.0313	42.3522	40.2386	45.454	47.6114	45.7179	42.6936	39.4574	44.193	
36.1655	43.6326	46.3504	43.4521	41.73	43.7404	43.2585	39.3819	42.2984	37.0704	43.751	43.6793	45.7213	47.6434	40.928	38.1625	44.0313	42.3522	40.2386	45.454	47.6114	45.7179	42.6936	39.4574	44.193	
36.1655	43.3778	46.3504	38.5934	41.73	43.7404	43.2585	39.3819	42.2984	37.0704	43.751	43.6793	45.7213	47.6434	40.928	38.1625	44.0313	42.3522	40.2386	43.8493	47.6114	45.7179	42.6936	39.4574	44.193	
36.1655	43.3778	46.3504	38.5934	41.73	38.796	43.2585	39.3819	42.2984	37.0704	43.751	43.6793	45.7213	47.6434	40.928	38.1625	44.0313	42.3522	40.2386	43.8493	47.6114	45.7179	42.6936	39.4574	44.193	
36.1655	43.3778	46.3504	38.5934	41.73	38.796	43.2585	39.3819	42.2984	37.0704	43.751	43.6793	45.7213	47.6434	40.928	38.1625	44.0313	35.485	40.2386	43.8493	47.6114	45.7179	42.6936	39.4574	44.193	
36.1655	43.3778	40.658	38.5934	41.73	38.796	39.3501	39.3819	42.2984	37.0704	43.751	43.6793	45.7213	47.6434	37.8227	38.1625	44.0313	35.485	40.2386	43.8493	47.6114	45.7179	42.6936	39.4574	44.193	
36.1655	43.3778	40.658	38.5934	41.73	38.796	39.3501	39.3819	42.2984	37.0704	43.751	43.6793	41.9439	47.6434	37.8227	38.1625	44.0313	35.485	40.2386	43.8493	47.6114	45.7179	42.6936	39.4574	44.193	
36.1655	43.3778	40.658	38.5934	41.73	38.796	39.3501	39.3819	42.2984	37.0704	43.751	43.6793	41.9439	47.6434	37.8227	38.1625	43.368	35.485	40.2386	43.8493	47.6114	45.0724	42.6936	39.4574	44.193	
36.1655	43.3778	40.658	38.5934	41.73	38.796	39.3501	39.3819	42.2984	37.0704	43.751	43.6793	41.9439	47.6434	37.8227	38.1625	43.368	35.485	40.2386	38.6713	42.8312	45.0724	42.6936	39.4574	44.193	
36.1655	43.3778	40.658	38.5934	41.73	38.796	39.3501	39.3819	42.2984	37.0704	43.751	43.6793	41.9439	47.6434	37.8227	38.1625	43.368	35.485	40.2386	38.6713	42.8312	45.0724	42.6936	39.4574	44.193	
36.1655	43.3778	40.658	38.5934	41.73	38.796	39.3501	39.3819	42.2984	37.0704	43.751	39.7317	41.9439	47.6434	37.8227	38.1625	43.368	35.485	40.2386	38.6713	42.8312	45.0724	42.6936	39.4574	41.8819	
36.1655	43.3778	40.658	38.5934	41.73	38.796	39.3501	39.3819	42.2984	37.0704	43.751	39.7317	41.9439	46.2871	37.8227	38.1625	43.368	35.485	39.2778	38.6713	42.8312	45.0724	42.6936	39.4574	41.8819	
36.1655	43.3778	40.658	38.5934	41.73	38.796	39.3501	39.3819	42.2984	37.0704	43.751	39.7317	41.9439	44.8605	37.8227	38.1625	43.368	35.485	39.2778	38.6713	42.8312	39.6445	42.6936	39.4574	41.8819	
36.1655	43.3778	40.658	38.5934	41.73	38.796	39.3501	39.3819	42.2984	37.0704	43.751	39.7317	41.9439	44.8605	37.8227	38.1625	43.368	35.485	39.2778	38.6713	42.8312	39.6445	42.6936	39.4574	41.8819	
36.1655	43.3778	40.658	38.5934	41.73	38.796	39.3501	39.3819	42.2984	37.0704	43.751	39.7317	41.9439	44.8605	37.8227	38.1625	43.368	35.485	39.2778	38.6713	42.8312	39.6445	42.6936	39.4574	41.8819	
36.1655	43.3778	40.658	38.5934	41.73	38.796	39.3501	39.3819	42.2984	37.0704	43.751	39.7317	41.9439	41.383	32.8267	38.1625	43.368	35.485	39.2778	38.6713	42.8312	39.6445	42.6936	39.4574	41.8819	
36.1655	43.3778	40.658	38.5934	41.73	38.796	39.3501	39.3819	42.2984	37.0704	43.751	39.7317	41.9439	41.383	32.8267	38.1625	43.368	35.485	39.2778	38.6713	42.8312	39.6445	42.6936	39.4574	41.8819	
36.1655	43.3778	40.658	38.5934	41.73	38.796	39.3501	39.3819	42.2984	37.0704	43.751	39.7317	41.9439	41.383	32.8267	38.1625	43.368	35.485	39.2778	38.6713	42.8312	39.6445	42.6936	39.4574	41.8819	
36.1655	43.3778	40.658	38.5934	41.73	38.796	39.3501	36.4422	42.2984	36.6662	43.751	39.7317	41.9439	41.383	32.8267	38.1625	43.368	35.485	39.2778	38.6713	38.3659	39.6445	42.6936	39.4574	41.8819	
36.1655	43.3778	40.658	38.5934	41.73	38.796	39.3501	36.4422	42.2984	36.6662	43.751	39.7317	38.421	41.383	32.8267	38.1625	43.368	35.485	39.2778	38.6713	38.3659	39.6445	36.1525	39.4574	41.8819	
36.1655	43.3778	40.658	38.5934	39.7047	38.796	39.3501	36.4422	42.2984	36.6662	43.751	39.7317	38.421	41.383	32.8267	38.1625	43.368	35.485	39.2778	38.6713	38.3659	39.6445	36.1525	39.4574	41.8819	
36.1655	43.3778	40.658	38.5934	39.7047	38.796	39.3501	36.4422	42.2984	36.6662	43.751	39.7317	37.0461	35.6213	32.8267	38.1625	39.2922	35.485	39.2778	38.6713	38.3659	39.6445	36.1525	39.4574	41.8819	
36.1655	43.3778	40.658	38.5934	39.7047	38.796	39.3501	36.4422	42.2984	36.6662	43.751	39.7317	37.0461	35.6213	32.8267	38.1625	39.2922	35.485	39.2778	38.6713	38.3659	38.0615	36.1525	39.4574	38.0397	
36.1655	43.3778	40.4264	38.5934	38.9614	38.796	39.3501	36.4422	42.2984	36.6662	43.751	39.7317	37.0461	35.6213	32.8267	38.1625	39.2922	35.485	39.2778	38.6713	38.3659	38.0615	36.1525	39.4574	38.0397	
36.1655	43.3778	40.4264	38.5934	38.9614	38.796	39.3501	32.686	42.2984	36.6662	43.751	39.7317	37.0461	35.6213	32.8267	38.1625	39.2922	35.485	39.2778	38.6713	38.3659	38.0615	36.1525	39.4574	38.0397	
36.1655	43.3778	40.4264	38.5934	38.9614	38.796	39.3501	32.686	42.2984	36.6662	43.751	39.7317	37.0461	35.6213	32.8267	38.1625	39.2922	35.485	39.2778	38.6713	38.3659	38.0615	36.1525	39.4574	38.0397	
36.1655	43.3778	40.4264	38.5934	38.9614	38.796	39.3501	32.686	41.0971	36.6662	43.751	39.7317	37.0461	35.6213	32.8267	38.1625	39.2922	35.485	39.2778	38.6713	38.3659	38.0615	36.1525	39.4574	38.0397	
36.1655	43.3778	40.4264	35.9438	38.9614	38.796	39.3501	32.686	41.0971	36.6662	43.751	39.7317	37.0461	35.6213	32.8267	38.1625	39.2922	35.485	39.2778	35.8325	38.3659	38.0615	36.1525	39.4574	38.0397	
36.1655	43.3778	40.4264	35.9438	38.9614	38.796	39.3501	32.686	41.0971	36.6662	43.751	39.7317	37.0461	35.6213	32.8267	38.1625	39.2922	35.485	39.2778	35.8325	38.3659	38.0615	35.2118	39.4574	38.0397	
36.1655	43.3778	40.4264	35.9438	38.9614	38.796	39.3501	32.686	41.0971	36.6662	43.751	39.7317	37.0461	35.6213	32.8267	38.1625	39.2922	35.485	39.2778	35.8325	38.3659	38.0615	35.2118	39.4574	37.4754	
36.1655	37.3318	40.4264	35.9438	38.9614	38.796	39.3501	32.686	41.0971	36.6662	43.751	39.7317	37.0461	35.6213	32.8267	38.1625	39.2922	35.485	39.2778	35.8325	38.3659	38.0615	35.2118	39.4574	37.4754	
36.1655	37.3318	40.4264	35.9438	38.9614	38.796	36.7365	32.686	41.0971	36.6662	43.751	39.7317	37.0461	35.6213	32.8267	38.1625	39.2922	35.485	39.2778	35.8325	38.3659	38.0615	35.2118	39.4574	37.4754	
36.1655	37.3318	40.4264	35.9438	38.9614	37.9108	36.7365	32.686	41.0971	36.6662	43.751	39.7317	37.0461	35.6213	32.8267	38.1625	39.2922	35.485	39.2778	35.8325	38.3659	38.0615	35.2118	36.2404	37.4754	
36.1655	37.3318	40.4264	35.9438	38.9614	37.9108	36.7365	32.686	41.0971	36.6662	42.8266	39.7317	37.0461	35.6213	32.8267	38.1625	39.2922	35.485	39.2778	35.8325	37.1579	38.0615	35.2118	36.2404	37.4754	
36.1655	37.3318	40.4264	35.9438	38.9614	37.9108	36.7365	32.686	41.0971	36.6662	42.8266	39.7317	37.0461	35.6213	32.8267	38.1625	39.2922	35.485	39.2778	35.8325	37.1579	38.0615	35.2118	36.2404	37.4754	
36.1655	37.3318	40.4264	35.9438	38.9614	37.9108	36.7365	32.686	41.0971	36.6662	40.7855	39.7317	37.0461	35.6213	32.8267	38.1625	39.2922	35.485	39.2778	35.8325	37.1579	38.0615	35.2118	36.2404	37.4754	
36.1655	37.3318	40.4264	35.9438	38.9614	37.9108	36.7365	32.686	41.0971	36.6662	40.7855	37.5816	37.0461	35.6213	32.8267	38.1625	39.2922	35.485	39.2778	35.8325	37.1579	38.0615	35.2118	36.2404	37.4754	
36.1655	37.3318	40.4264	35.9438	38.9614	37.9108	36.7365	32.686	41.0971	36.6662	40.7855	37.5816	37.0461	35.6213	32.8267	38.1625	39.2922	35.485	39.2778	35.8325	37.1579	38.0615	35.2118	36.2404	37.4754	
36.1655	37.3318	38.7109	35.9438	38.9614	37.9108	36.7365	32.686	41.0971	36.6662	40.7855	37.5816	37.0461	33.6658	32.8267	38.1625	39.2922	35.485	39.2778	35.8325	37.1579	38.0615	35.2118	34.3426	37.4754	
36.1655	37.3318	38.7109	35.9438	33.7638	36.5294	36.7365	32.686	41.0971	36.6662	40.7855	37.5816	37.0461	33.6658	32.8267	36.3506	39.2922	35.485	39.2778	35.8325	36.4215	38.0615	35.2118	34.3426	37.4754	
36.1655	37.3318	38.7109	35.9438	33.7638	36.5294	36.7365	32.686	40.1287	36.4889	38.2561	37.5816	37.0461	33.6658	32.8267	36.3506	39.2922	35.485	39.2778	35.8325	36.4215	38.0615	35.2118	34.3426	37.4754	
36.1655	37.3318	38.7109	35.9438	33.7638	36.5294	36.7365	32.686	38.2049	36.4889	38.2561	37.5816	37.0461	33.6658	32.8267	36.3506	39.2922	35.485	39.2778	35.8325	36.4215	38.0615	35.2118	34.3426	37.4754	
36.1655	37.3318	38.7109	35.9438	33.7638	36.5294	36.7365	32.686	38.2049	36.4889	38.2561	37.5816	37.0461	33.6658	32.8267	36.1194	39.2922	35.485	39.2778	35.8325	36.4215	35.0937	35.2118	34.3426	37.4754	
36.1655	37.3318	38.7109	35.9438	33.7638	36.5294	36.7365	32.686	38.2049	36.4889	38.2561	37.5816	37.0461	33.6658	32.8267	36.1194	39.2922	35.485	39.2778	35.8325	36.4215	35.0937	35.2118	34.3426	37.4754	
36.1655	37.3318	38.7109	35.9438	33.7638	36.5294	36.7365	32.686	38.2049	36.4889	38.2561	37.5816	37.0461	33.6658	32.8267	36.1194	39.2922	35.485	39.2778	35.8325	36.4215	35.0937	35.2118	34.3426	37.4754	
36.1655	37.3318	38.7109	35.9438	33.7638	36.5294	36.7365	32.686	38.2049	36.4889	38.2561	37.5816	37.0461	33.6658	32.8267	36.1194	39.2922	35.485	39.2778	35.8325	36.4215	35.0937	35.2118	34.3426	37.4754	
36.1655	37.3318	38.7109	33.862	33.7638	36.5294	36.7365	32.686	38.2049	36.4889	38.2561	37.5816	37.0461	33.6658	32.8267	31.9284	39.2922	35.485	39.2778	35.8325	36.4215	35.0937	35.2118	34.3426	37.4754	
36.1655	37.3318	38.7109	33.862	33.7638	36.5294	36.7365	32.686	38.2049	36.4889	38.2561	37.5816	37.0461	33.6658	32.8267	31.9284	39.2922	35.485	39.2778	35.8325	36.4215	35.0937	35.2118	34.3426	37.4754	
36.1655	37.3318	38.7109	33.862	33.7638	36.5294	36.7365	32.686	38.2049	36.4889	38.2561	37.5816	37.0461	33.6658	32.8267	31.9284	39.2922	35.485	39.2778	35.8325	36.4215	35.0937	35.2118	34.3426	37.4754	
36.1655	37.3318	38.7109	33.862	33.7638	36.5294	36.7365	32.686	38.2049	36.4889	38.2561	37.5816	37.0461	33.6658	32.8267	31.9284	36.835	35.485	39.2778	35.8325	36.4215	35.0937	35.2118	34.3426	35.0294	
36.1655	37.3318	38.7109	33.862	33.7638	36.5294	36.7365	32.686	38.2049	36.4889	38.2561	37.5816	37.0461	33.6658	32.8267	31.9284	36.835	35.485	39.2778	35.8325	36.4215	35.0937	35.2118	34.3426	35.0294	
36.1655	37.3318	38.7109	33.862	33.7638	36.5294	36.7365	32.686	38.2049	36.4889	38.2561	37.5816	37.0461	33.6658	32.8267	31.9284	36.835	35.485	39.2778	35.8325	36.4215	35.0937	34.7207	34.3426	35.0294	
36.1655	37.3318	36.2961	33.862	33.7638	36.5294	36.7365	32.686	38.2049	36.4889	38.2561	37.5816	37.0461	33.6658	32.8267	31.9284	36.835	35.485	33.657	35.8325	36.4215	35.0937	34.7207	34.3426	35.0294	
36.1655	37.3318	36.2961	33.862	33.7638	36.5294	36.7365	32.686	38.2049	36.4889	38.2561	35.1458	37.0461	33.6658	32.8267	31.9284	36.835	35.485	33.657	35.3564	36.4215	35.0937	34.7207	34.3426	35.0294	
36.1655	37.3318	36.2961	33.862	33.7638	36.5294	36.7365	32.686	38.2049	36.4889	38.2561	35.1458	37.0461	33.6658	32.8267	31.9284	36.835	35.485	33.657	35.3564	36.4215	35.0937	34.7207	34.3426	35.0294	
36.1655	37.3318	36.2961	33.862	33.7638	36.5294	36.7365	32.686	38.2049	36.4889	38.2561	35.1458	37.0461	33.6658	32.8267	31.9284	36.835	35.485	33.657	35.3564	36.4215	35.0937	34.7207	34.3426	35.0294	
36.1655	37.3318	36.2961	33.862	33.7638	35.7767	36.7365	32.686	38.2049	36.4889	38.2561	35.1458	35.7806	33.6658	32.8267	31.9284	36.835	35.485	33.657	35.3564	36.4215	35.0937	34.7207	34.3426	35.0294	
36.1655	37.3318	36.2961	33.862	33.7638	35.7767	36.7365	32.686	36.7862	36.4889	38.2561	35.1458	35.7806	33.6658	32.8267	31.9284	36.835	35.485	33.657	35.3564	36.4215	35.0937	28.9593	34.3426	35.0294	
36.1655	37.3318	36.2961	33.862	33.7638	35.7767	36.7365	32.686	36.7862	36.4889	36.0913	35.1458	35.7806	33.6658	32.8267	31.9284	36.835	35.485	33.657	35.3564	36.4215	35.0937	28.9593	34.3426	35.0294	
36.1655	37.3318	36.2961	33.862	33.7638	35.7767	36.7365	32.686	36.7862	36.4889	36.0913	35.1458	35.7806	33.6658	32.8267	31.9284	36.835	35.485	33.657	35.3564	36.4215	35.0937	28.9593	34.3426	35.0294	
36.1655	37.3318	36.2961	33.862	33.7638	35.7767	36.7365	32.686	36.7862	36.4889	36.0913	35.1458	35.7806	33.6658	32.8267	31.9284	36.835	35.485	33.657	35.3564	36.4215	35.0937	28.9593	34.3426	35.0294	
36.1655	37.3318	36.2961	33.862	33.7638	35.7767	36.7365	32.686	36.7862	36.4889	36.0913	35.1458	35.7806	33.6658	32.8267	31.9284	36.835	35.485	33.657	35.3564	36.4215	35.0937	28.9593	34.3426	35.0294	
36.1655	37.3318	36.2961	33.862	33.7638	35.7767	36.7365	32.686	36.7862	36.4889	36.0913	35.1458	35.7806	33.6658	32.8267	31.9284	36.835	35.485	33.657	35.3564	34.439	35.0937	28.9593	34.3426	35.0294	
36.1655	37.3318	36.2961	33.862	33.7638	35.7767	36.7365	32.686	36.7862	36.4889	36.0913	33.3154	35.7806	33.6658	32.8267	31.9284	36.835	35.485	33.657	35.3564	34.439	35.0937	28.9593	34.3426	35.0294	
36.1655	37.3318	36.2961	33.862	33.7638	35.7767	36.7365	32.686	36.7862	36.4889	35.3256	33.3154	35.7806	33.6658	32.8267	31.9284	36.835	35.485	33.657	35.3564	34.439	35.0937	28.9593	34.3426	35.0294	
36.1655	37.3318	36.2961	33.862	33.7638	35.7767	33.5152	32.686	36.7862	36.4889	35.3256	33.3154	35.7806	33.6658	32.8267	31.9284	36.835	35.485	33.657	35.3564	34.439	35.0937	28.9593	34.3426	35.0294	
36.1655	37.3318	36.2961	33.862	33.7638	33.3103	33.5152	29.0405	36.7862	36.4889	35.3256	33.3154	35.7806	33.6658	32.8267	31.9284	36.835	35.485	33.2732	35.3564	34.439	35.0937	28.9593	34.3426	35.0294	
36.1655	36.9423	36.2961	33.862	33.7638	33.3103	33.5152	29.0405	36.7862	36.4889	35.3256	33.3154	35.7806	33.6658	32.8267	31.9284	36.835	35.485	33.2732	30.4482	34.439	35.0937	28.9593	34.3426	35.0294	
36.1655	36.9423	36.2961	33.862	33.7638	33.3103	33.5152	29.0405	36.7862	36.4889	35.3256	33.3154	35.7806	33.6658	32.8267	31.9284	35.8629	35.485	33.2732	30.4482	34.439	35.0937	28.9593	34.3426	35.0294	
36.1655	36.9423	36.2961	33.862	33.7638	33.3103	33.5152	29.0405	36.7862	36.4889	35.3256	33.3154	35.7806	33.6658	32.8267	31.9284	35.8629	35.485	33.2732	30.4482	34.1371	35.0937	28.9593	34.3426	35.0294	
33.1403	36.9423	34.8191	32.6377	33.7638	33.3103	33.5152	29.0405	36.7862	36.4889	35.3256	33.3154	35.7806	33.6658	32.8267	31.9284	35.8629	35.485	33.2732	30.4482	34.1371	33.1495	28.9593	34.3426	35.0294	
33.1403	36.9423	34.8191	32.6377	33.7638	33.3103	33.5152	29.0405	35.8007	36.4889	33.6681	33.3154	35.7806	32.432	30.6044	31.9284	35.8629	35.485	33.2732	30.4482	34.1371	33.1495	28.9593	34.3426	35.0294	
33.1403	36.9423	34.8191	32.6377	33.7638	33.3103	33.5152	29.0405	35.8007	36.4889	33.6681	33.3154	35.7806	32.432	30.6044	31.9284	35.8629	35.485	33.2732	30.4482	34.1371	33.1495	28.9593	34.3426	35.0294	
33.1403	36.9423	34.8191	32.6377	31.3286	33.3103	33.5152	29.0405	35.8007	36.4889	33.6681	33.3154	35.7806	32.432	30.6044	31.9284	35.8629	35.485	33.2732	30.4482	34.1371	33.1495	28.9593	34.3426	35.0294	
33.1403	36.9423	34.8191	32.6377	31.3286	33.3103	33.5152	29.0405	35.8007	36.4889	33.6681	33.3154	35.7806	32.432	30.6044	31.9284	35.8629	35.485	33.2732	30.4482	34.1371	33.1495	28.9593	34.3426	35.0294	
33.1403	36.9423	34.8191	32.6377	31.3286	33.3103	33.5152	29.0405	35.8007	36.4889	33.6681	33.3154	35.7806	32.432	30.6044	31.9284	35.8629	35.485	33.2732	30.4482	34.1371	33.1495	28.9593	34.3426	35.0294	
33.1403	36.9423	34.8191	32.6377	31.3286	33.3103	33.5152	29.0405	35.8007	36.4889	33.4804	33.3154	35.7806	32.432	30.6044	31.9284	35.8629	35.485	33.1558	30.4482	34.1371	33.1495	28.9593	34.3426	35.0294	
33.1403	36.9423	34.8191	32.6377	31.3286	33.3103	33.5152	29.0405	35.8007	36.4889	33.4804	33.3154	35.7806	32.432	30.6044	31.9284	35.8629	35.485	33.1558	30.4482	34.1371	33.1495	28.9593	34.3426	35.0294	
33.1403	36.9423	34.8191	32.6377	31.3286	33.3103	33.5152	29.0405	35.8007	34.6976	33.4804	33.3154	35.7806	32.432	30.6044	31.9284	35.8629	35.485	33.1558	30.4482	34.1371	33.1495	28.9593	34.3426	35.0294	
33.1403	36.9423	34.8191	32.6377	31.3286	33.3103	33.5152	29.0405	35.8007	34.6976	33.4804	33.3154	35.7806	32.432	30.6044	31.9284	35.8629	35.485	33.1558	30.4482	34.1371	33.1495	28.9593	34.3426	35.0294	
33.1403	36.9423	34.8191	32.6377	31.3286	33.3103	30.957	29.0405	35.8007	30.5903	33.4804	33.3154	35.7806	32.432	30.6044	31.9284	35.8629	35.485	33.1558	30.4482	34.1371	33.1495	28.9593	34.3426	35.0294	
33.1403	36.9423	34.8191	32.6377	31.3286	29.9533	30.957	29.0405	35.8007	30.5903	33.4804	33.3154	35.7806	32.432	30.6044	31.9284	35.8629	35.485	33.1558	30.4482	34.1371	33.1495	28.9593	34.3426	35.0294	
33.1403	36.9423	34.8191	32.6377	31.3286	29.9533	30.957	29.0405	35.8007	30.5903	33.4804	33.3154	35.7806	32.432	30.6044	31.9284	35.8629	35.485	33.1558	30.4482	34.1371	33.1495	28.9593	34.3426	35.0294	
33.1403	36.9423	34.8191	32.6377	31.3286	29.9533	30.957	29.0405	35.8007	30.5903	33.4804	33.3154	35.7806	32.432	30.6044	31.9284	34.4814	35.485	33.1558	30.4482	34.1371	33.1495	28.9593	34.3426	35.0294	
33.1403	36.9423	34.8191	32.6377	31.3286	28.0804	30.957	29.0405	35.8007	30.5903	33.4804	33.3154	35.7806	32.432	30.6044	31.9284	34.4814	35.485	33.1558	30.4482	34.1371	33.1495	28.9593	34.3426	35.0136	
33.1403	36.9423	34.8191	32.6377	31.3286	28.0804	30.957	29.0405	35.8007	30.5903	33.4804	33.3154	35.7806	32.432	30.6044	31.9284	34.4814	34.4843	33.1558	30.4482	34.1371	33.1495	28.9593	34.3426	35.0136	
33.1403	36.9423	34.8191	32.6377	31.3286	28.0804	30.957	29.0405	33.3253	30.5903	33.4804	33.3154	35.7806	32.432	30.6044	31.9284	34.4814	34.4843	33.1558	30.4482	30.4366	33.1495	28.9593	34.3426	35.0136	
29.605	36.9423	34.8191	32.6377	31.3286	28.0804	30.957	29.0405	33.3253	30.5903	33.4804	33.3154	35.7806	32.432	30.6044	31.9284	34.4814	34.4843	33.1558	30.4482	30.4366	33.1495	28.9593	34.3426	32.9949	
29.605	35.468	34.8191	32.6377	31.3286	28.0804	30.957	29.0405	33.0303	30.5903	33.4804	33.3154	35.7806	32.432	30.6044	31.9284	34.4814	31.3353	33.1558	30.4482	30.4366	33.1495	28.9593	34.3426	32.9949	
29.605	35.468	34.8191	32.6377	31.3286	28.0804	30.957	29.0405	33.0303	30.5903	33.4804	33.3154	35.7806	32.432	30.6044	31.9284	34.4814	31.3353	33.1558	30.4482	30.4366	33.1495	28.9593	34.3426	32.9949	
29.605	34.9357	34.8191	32.6377	31.3286	28.0804	30.957	29.0405	33.0303	30.5903	33.4804	33.3154	35.7806	29.4793	30.6044	31.9284	34.4814	31.3353	33.1558	30.4482	30.4366	33.1495	28.9593	34.3426	32.9949	
29.605	34.9357	34.8191	31.053	31.3286	28.0804	30.957	28.8694	33.0303	30.5903	33.4804	33.3154	35.7806	29.4793	30.6044	31.9284	34.4814	31.3353	33.1558	30.4482	30.4366	33.1495	28.9593	34.3426	32.9949	
29.605	34.9357	34.8191	31.053	31.3286	28.0804	30.957	28.8694	33.0303	30.5903	33.4804	28.7409	35.7806	29.4793	29.763	31.9284	34.4814	31.3353	33.1558	30.4482	30.4366	33.1316	28.9593	34.0373	32.9949	
29.2593	34.9357	34.8191	31.053	31.2653	28.0804	30.957	28.8694	33.0303	30.5903	33.4804	28.7409	35.7806	29.4793	29.763	31.9284	34.4814	31.3353	33.1558	30.4482	30.4366	33.1316	28.9593	34.0373	32.9949	
29.2593	34.1697	34.8191	31.053	31.2653	28.0804	30.957	28.8694	33.0303	30.5903	33.4804	28.7409	35.7806	29.4793	29.763	31.9284	34.4814	31.3353	33.1558	30.4482	30.4366	33.1316	28.9593	34.0373	28.7525	
29.2593	34.1697	34.8191	31.053	31.2653	28.0804	30.957	28.8694	32.6012	30.5903	33.4804	28.7409	35.7806	29.4793	29.763	31.9284	34.4814	31.3353	33.1558	30.4482	30.4366	33.1316	28.9593	34.0373	28.7525	
29.2593	34.1697	34.8191	31.053	31.2653	28.0804	30.957	28.8694	27.2291	30.5903	33.4804	28.7409	34.4754	29.4793	29.763	31.9284	34.4814	31.3353	31.4555	30.4482	30.4366	33.1316	28.9593	34.0373	28.7525	
29.2593	34.1697	34.8191	31.053	29.2167	28.0804	30.957	28.8694	27.2291	30.5903	33.4804	28.7409	34.4754	29.4793	29.763	31.9284	34.4814	31.3353	31.4555	30.4482	30.4366	33.1316	28.9593	34.0373	28.7525	
29.2593	34.1697	34.8191	31.053	28.8894	28.0804	30.957	28.8694	27.2291	30.5903	33.4804	28.7409	34.4754	29.4793	29.763	30.6343	34.4814	31.3353	31.4555	30.4482	30.4366	33.1316	28.9593	34.0373	28.7525	
29.2593	34.1697	34.8191	31.053	28.8894	28.0804	30.957	28.8694	27.2291	30.5903	33.4804	28.7409	34.4754	29.4793	29.763	30.6343	34.4814	31.3353	31.4555	30.4482	30.4366	33.1316	28.9593	34.0373	28.7525	
29.2593	33.4459	34.8191	31.053	28.8894	28.0804	30.957	28.8694	27.2291	30.5903	32.2917	28.7409	34.4754	29.4793	29.763	30.6343	34.4814	31.3353	31.4555	30.4482	30.4366	33.1316	28.9593	34.0373	28.7525	
29.2593	33.4459	34.8191	31.053	28.8894	28.0804	30.957	28.8694	27.2291	30.5903	32.2917	28.7409	34.4754	29.4793	29.763	30.6343	34.4814	31.3353	31.4555	30.4482	30.4366	33.1316	28.9593	34.0373	28.7525	
29.2593	33.4459	34.8191	31.053	27.9826	28.0804	30.957	28.8694	27.2291	30.5903	32.2917	28.7409	34.4754	29.4793	29.763	30.6343	34.4814	31.3353	31.4555	30.4482	30.4366	33.1316	28.9593	34.0373	28.7525	
29.2593	33.4459	34.8191	31.053	27.9826	28.0804	30.957	28.8694	27.2291	30.5903	32.2917	28.7409	34.4754	29.4793	29.763	30.6343	34.4814	31.3353	31.4555	30.4482	30.4366	33.1316	28.9593	34.0373	28.7525	
29.2593	33.4459	34.8191	31.053	27.9515	28.0804	30.957	28.8694	27.2291	30.5903	32.2917	28.7409	31.4221	29.4793	29.763	30.6343	31.2457	31.3353	29.7339	30.4482	30.4366	33.1316	28.9593	34.0373	28.7525	
29.2593	33.4459	34.8191	31.053	27.5064	28.0804	30.957	28.8694	27.2291	30.5903	32.2917	28.7409	31.4221	29.4793	29.763	30.6343	31.2457	31.3353	29.7339	30.4482	30.4366	33.1316	28.9593	34.0373	28.7525	
29.2593	33.4459	34.5924	31.053	26.0797	27.1432	30.957	28.8694	27.2291	30.3311	32.2917	28.7409	30.6177	29.4793	29.763	30.6343	31.2457	31.3353	29.7339	30.4482	30.4366	33.1316	28.9593	33.0282	28.7525	
29.2593	33.4459	34.5924	31.053	25.4467	27.1432	30.957	28.8694	27.2291	30.3311	32.2917	28.7409	30.6177	29.4793	29.763	30.6343	31.2457	31.3353	29.7339	30.4482	30.4366	33.1316	28.9593	33.0282	28.7525	
29.2593	33.4459	34.5924	30.7682	25.4467	27.1432	30.957	28.8694	27.2291	30.3311	29.1804	28.7409	30.6177	29.4793	29.763	30.6343	31.2457	31.3353	29.7339	30.4482	30.0996	33.1316	28.9593	33.0282	28.7525	
29.2593	33.4459	34.5924	30.7682	25.4467	27.1432	30.957	28.8694	27.2291	30.3311	29.1804	28.7409	30.6177	29.4793	29.763	30.6343	31.2457	31.3353	29.7339	30.4482	30.0996	33.1316	28.9593	33.0282	28.7525	
27.4789	32.5501	34.5924	30.7682	25.4467	27.1432	30.957	28.8694	27.2291	30.3311	29.1804	28.7409	30.6177	29.4793	29.763	30.6343	31.2457	30.7485	29.7339	29.9086	30.0996	33.1316	28.9593	33.0282	28.7525	
27.4789	32.5501	34.5924	30.7682	24.3296	27.1432	30.957	28.8694	27.2291	30.3311	29.1804	28.7409	30.6177	29.4793	29.763	30.6343	31.2457	27.2846	29.7339	29.9086	29.7602	33.1316	28.9593	33.0282	28.7525	
27.4789	32.5501	34.5924	30.7682	23.9508	27.1432	30.957	28.8694	27.2291	30.3311	29.1804	28.7409	30.6177	29.4793	29.763	30.6343	31.2457	27.2846	29.7339	29.9086	29.7602	33.1316	28.9593	33.0282	28.7525	
27.4789	32.5501	30.4889	30.7682	23.9508	27.1432	30.957	28.8694	27.2291	30.3311	29.1804	28.7409	30.6177	29.3619	29.763	28.7941	31.2457	27.2846	29.7339	29.9086	29.7602	33.1316	28.9593	33.0282	28.7525	
27.4789	32.5501	30.4889	30.7682	23.6694	27.1432	29.7572	28.8694	27.2291	29.1118	29.1804	28.7409	30.6177	29.3619	29.763	28.7941	31.2457	27.2846	29.7339	29.9086	29.7602	33.1316	28.9593	33.0282	28.7525	
27.4789	32.5501	30.4889	30.7682	23.6694	27.1432	29.7572	27.1094	27.2291	29.1118	29.1804	28.7409	30.6177	28.9823	29.763	28.7941	31.2457	27.2846	29.7339	29.9086	28.5868	33.1316	28.9593	33.0282	28.7525	
27.4789	32.5501	30.4889	30.7682	23.6694	27.1432	29.7572	25.4741	27.1077	29.1118	29.1804	28.7409	30.6177	28.9823	29.763	28.7941	31.2457	27.2846	29.7339	29.9086	28.5868	33.1316	28.9593	33.0282	28.7525	
27.4789	32.5501	30.4889	30.7682	23.5514	27.1432	29.7572	25.4741	27.1077	29.1118	29.1804	28.7409	30.6177	28.9823	29.763	28.7941	31.2457	27.2846	29.7339	29.9086	28.5868	33.1316	28.9593	33.0282	28.7525	
27.4789	32.5501	30.4889	28.1113	23.0984	27.1432	29.7572	25.4741	26.3887	29.1118	29.1804	28.7409	30.6177	28.9823	29.763	28.7941	31.2457	27.2846	29.7339	29.9086	28.5868	32.983	28.9593	31.6126	28.7525	
27.4789	32.5501	30.4889	28.1113	23.0984	27.1389	29.7572	25.4741	26.3887	29.1118	29.1804	28.7409	30.5966	28.9823	29.763	28.7941	31.2457	27.2846	29.7339	29.1881	28.5868	32.983	28.9593	31.6126	28.7525	
27.4789	32.5501	30.4889	27.6619	23.0984	27.1389	29.7572	25.4741	26.3887	29.1118	29.1804	27.4833	30.5966	28.9823	28.0604	28.7941	31.2457	27.2846	29.7339	28.7636	28.5868	30.1435	28.9593	31.6126	28.7525	
27.4789	32.5501	30.4889	27.6619	23.0984	27.1389	29.7572	25.4741	25.034	29.1118	29.1804	27.4833	30.5966	26.865	28.0604	28.7941	31.2457	27.2846	29.7339	28.7636	28.5868	30.1435	28.9593	31.6126	28.7525	
27.4789	32.5501	30.4889	27.6619	23.0984	27.1389	29.7572	25.4741	25.034	29.1118	29.1804	27.4833	26.9825	26.865	28.0604	28.7941	29.4283	27.2846	29.7339	28.7462	28.5868	30.1435	28.9593	30.708	28.7525	
27.4789	32.199	30.4889	27.6619	23.0984	27.1389	29.7572	25.4741	25.034	29.1118	29.1804	27.4833	26.9825	26.865	28.0604	28.7941	29.4283	27.2846	29.7339	27.5348	28.5868	30.1435	28.9593	30.708	28.7525	
27.4789	31.4796	30.4889	27.6619	23.0074	27.1389	29.7572	25.4741	25.034	29.1118	29.1804	27.4833	26.9825	26.865	28.0604	25.1807	29.3588	27.0478	29.7339	27.5348	28.5868	30.1435	28.9593	30.708	28.7525	
27.4789	31.4796	30.4889	27.6619	22.7887	27.1389	29.7572	25.4741	24.7814	29.1118	29.1804	27.4833	26.5031	26.865	26.8466	25.1807	29.3588	27.0478	29.7339	27.5348	28.5868	30.1435	28.9593	30.708	28.7525	
27.4789	31.4796	30.4889	27.6619	22.4921	27.1389	29.7572	25.4741	24.6502	29.1118	29.1804	27.4833	26.5031	26.865	26.8466	25.1807	27.0215	27.0478	29.7339	27.5348	28.5868	30.1435	28.9593	30.708	28.7525	
27.0079	31.4796	30.4889	27.6619	22.4921	27.1389	29.7572	25.4741	24.6502	29.1118	29.1804	27.4833	26.5031	26.865	26.8466	25.1807	27.0215	27.0478	29.7339	27.5348	28.5868	30.1435	28.9593	30.708	28.7525	
26.9527	31.4796	30.4889	27.6619	22.4921	27.1389	29.7572	25.4741	24.1708	29.1118	27.8371	27.4833	26.5031	26.8192	26.8466	25.1807	27.0215	27.0478	29.7339	27.5348	28.5868	30.1435	27.5236	30.708	28.7525	
26.9527	31.4796	29.3655	27.6619	22.4921	27.1389	29.7572	25.4741	24.1708	29.1118	27.8371	27.4833	26.5031	26.8192	26.8466	25.1807	27.0215	27.0478	29.7339	26.4878	28.5868	30.1435	27.5236	30.708	28.7525	
26.9527	31.3097	29.3655	27.6619	22.4921	27.1389	29.7572	25.4741	24.007	29.1118	27.8371	27.4833	26.5031	26.8192	25.7629	25.1807	27.0215	27.0478	29.7339	26.4115	28.1049	30.1435	27.5236	30.708	28.7525	
25.7135	31.3097	29.3655	27.6619	22.4921	27.1389	27.0304	25.4741	23.7285	29.1118	27.8371	27.4833	26.5031	26.8192	25.7629	25.1807	27.0215	27.0478	29.361	26.0685	28.1049	30.1435	27.5236	30.708	28.7525	
25.7135	31.3097	29.3655	27.6619	22.4921	27.1389	27.0304	25.4741	23.2886	29.1118	27.8371	27.4833	26.2866	26.8192	25.7629	25.1807	27.0215	27.0478	29.361	24.5322	28.1049	30.1435	27.5236	30.708	28.7525	
25.7135	31.3097	29.3655	27.6619	22.1524	27.1389	27.0304	25.4741	23.2319	29.1118	27.8371	27.3596	26.2866	26.8192	25.4571	25.1807	27.0215	27.0478	27.4877	24.0346	28.1049	30.1435	27.5236	30.708	28.7525	
25.7135	31.3097	29.3655	27.6619	22.1524	27.1389	27.0304	25.4741	23.2319	29.1118	27.8371	27.3596	26.2619	26.2471	25.0838	25.1807	27.0215	27.0478	27.4877	24.0346	28.1049	30.1435	27.5236	30.708	28.7525	
24.2965	31.3097	29.3655	27.6619	22.1524	27.1389	27.0304	25.4741	23.2319	29.1118	27.8371	27.3596	26.2619	26.2471	24.7302	25.1807	27.0215	27.0478	27.4877	24.0346	28.1049	30.1435	27.5236	30.708	28.7525	
24.2965	31.3097	29.3655	27.6619	22.1524	26.7041	24.989	25.4741	23.2319	29.1118	27.8371	24.2006	26.2619	26.2471	24.7302	25.1807	27.0215	25.6376	27.4877	24.0346	27.449	30.1435	27.5236	30.708	28.7525	
24.2965	31.3097	29.3655	27.6619	22.1524	26.7041	24.989	25.4741	23.2192	29.1118	27.8371	24.2006	26.2619	26.2208	23.9437	24.8788	27.0215	25.6376	27.4877	23.0649	27.449	30.1435	27.5236	30.708	28.7525	
24.2965	30.2301	29.3655	27.6619	22.0002	26.7041	24.989	25.4741	23.2192	29.1118	27.8371	24.2006	25.6165	26.2208	23.9437	24.8788	26.8329	25.6376	27.4877	23.0649	27.449	30.1435	27.5236	29.8449	28.7525	
24.2965	30.2301	29.3655	27.6619	22.0002	26.7041	24.989	25.4741	23.2192	29.1118	25.5373	24.2006	25.6165	26.2208	23.9437	24.8788	26.6257	25.6376	27.4877	23.0649	27.449	30.1435	27.5236	29.8449	28.7525	
24.2965	30.2301	29.3655	27.6619	22.0002	26.7041	24.989	25.4741	22.9698	29.1118	25.5373	24.2006	25.6165	26.2208	23.2264	24.0942	26.0997	25.6376	26.9225	23.0649	27.449	30.1435	27.5236	29.8449	28.7525	
24.2965	30.2301	29.3655	27.6619	21.6735	26.7041	24.989	25.4741	22.9698	29.1118	25.5373	24.2006	25.6165	25.9491	23.2264	23.8058	25.3699	25.6376	26.9225	23.044	26.3401	30.1435	27.5236	29.8449	28.7525	
24.2424	30.2301	29.3655	27.6619	21.6735	26.7041	24.989	25.4685	22.5227	29.1118	25.5373	24.2006	25.408	25.9491	23.2264	23.8058	25.3699	25.2252	26.9225	22.5603	26.2411	30.1435	27.5236	29.8449	28.7525	
24.2341	30.2301	29.3655	27.6619	21.6735	26.7041	24.6514	25.1277	22.3439	29.1118	24.73	24.2006	25.408	25.9491	23.2264	23.8058	25.3699	25.2252	26.9225	22.5603	25.7292	30.1435	27.5236	29.8449	28.7525	
23.6221	30.2301	28.4471	27.6619	21.6735	26.7041	24.6514	24.4854	22.3439	28.6767	24.73	24.2006	24.5106	25.4571	23.2264	23.4447	24.6496	25.2252	26.9225	22.5603	25.7292	30.1435	27.5236	29.8449	28.7525	
23.6221	29.4276	28.4471	27.6619	21.6735	26.7041	24.2939	23.7603	22.3439	28.6767	24.73	24.2006	24.5106	25.4571	23.2264	22.6217	24.6496	25.2252	26.9225	22.5603	25.7292	29.0838	27.5236	29.8449	28.7525	
23.4834	27.8547	28.4471	27.6619	21.6735	26.7041	24.2939	23.7603	22.3439	28.6767	24.73	23.6955	24.0195	24.9423	23.2264	22.6217	24.6496	23.5971	26.9225	22.5603	25.7292	29.0838	27.5236	29.8449	28.7525	
23.4834	27.8547	28.4471	27.6619	21.6735	26.7041	24.2939	23.7603	21.9199	28.6767	24.73	23.6955	24.0195	24.9423	22.7873	22.6217	24.6496	23.5971	26.9225	22.5603	25.7292	29.0838	27.5236	29.8449	28.7525	
23.4834	27.8547	28.4471	27.6619	21.6735	26.7041	23.1557	23.7603	21.9199	28.6767	24.1023	23.6955	23.3133	24.7815	22.7873	22.6217	24.2394	23.5971	26.9225	22.5603	25.6883	28.8524	27.4109	29.5962	28.7525	
23.4736	27.8547	28.4471	27.6619	21.6735	26.7041	23.1557	23.7603	21.9199	28.6767	24.1023	23.6955	23.3133	24.4757	22.7873	22.6217	24.2394	23.5971	26.1589	22.5603	25.4716	28.8524	27.4109	29.5962	28.7525	
23.4736	26.7394	28.4471	27.6619	21.6735	26.7041	22.8221	23.4817	21.9199	28.6767	23.7212	23.6955	23.3133	24.4757	22.7873	22.6217	23.8324	23.5971	26.1589	22.5603	25.4716	27.2423	27.4109	29.5962	28.7525	
23.4736	26.7394	28.4471	27.6619	21.6735	26.7041	22.8221	23.4817	21.9199	28.6767	23.7212	23.6955	23.1609	24.04	22.7873	22.6217	23.5453	23.5971	26.1589	22.1984	25.4716	27.2423	27.4109	27.3901	28.7525	
23.2393	26.7394	28.4471	27.2512	21.6735	26.7041	22.8221	23.0784	21.9199	28.6767	23.7212	23.6955	23.1609	24.04	22.7873	22.6217	23.5453	23.5971	26.1589	22.1984	25.4716	27.2423	27.4109	27.3901	28.7525	
23.2393	26.7394	28.4471	27.2512	21.6735	26.7041	22.8221	23.0784	21.9199	28.6767	23.5562	23.5059	23.1609	23.4386	22.7873	22.6217	23.4789	23.5971	26.1589	22.1984	24.7425	27.2423	26.5179	27.3901	28.7525	
23.2393	26.7394	28.4471	27.2512	21.6735	26.7041	22.5194	23.0784	21.9199	28.6767	23.5562	22.9753	23.0073	23.4386	22.4788	22.3451	23.478	23.5971	26.1589	22.1984	24.6767	27.2423	26.5179	27.3901	28.7525	
23.2393	26.7241	27.9815	27.0257	21.6735	26.7041	22.5194	23.0201	21.9199	28.6767	23.5562	22.9753	23.0073	23.1867	22.4788	22.3451	23.0041	22.9263	25.2693	22.1984	24.0807	27.2423	26.5179	26.9599	28.7525	
22.5102	25.7003	27.9815	27.0257	21.6639	24.7511	22.5194	22.4592	21.9199	28.6767	23.5562	22.9753	22.9146	23.1867	22.4269	22.11	23.0041	22.8263	25.2693	22.1984	23.7215	25.8865	26.5179	26.9599	28.7525	
22.2341	25.7003	27.9815	25.083	21.4911	24.7511	22.5194	22.4592	21.9199	28.6767	22.6963	22.5865	22.789	23.0538	22.3695	22.11	23.0041	22.8263	23.4508	22.1204	23.7215	25.8865	26.5179	26.9599	28.7525	
22.0012	25.7003	27.9815	25.083	21.4911	24.7511	22.5194	22.4592	21.741	28.5157	22.6963	22.072	22.6136	23.0382	22.3695	22.11	23.0041	22.7452	23.4508	22.1204	23.7215	25.3832	26.3329	26.9599	28.7525	
22.0012	25.7003	27.9815	25.083	21.4911	24.7511	22.5194	22.4592	21.741	28.5157	22.558	22.072	22.6136	23.0167	22.3695	22.11	23.0041	22.7452	23.4508	22.1204	23.6937	25.3832	25.8706	26.5428	28.7525	
22.0012	24.7883	27.5341	25.083	21.4911	24.7511	21.9841	22.4592	21.741	28.5157	22.558	22.072	22.5404	23.0167	22.3695	22.11	23.0041	22.5681	23.4508	21.6781	23.4559	25.3832	24.7838	25.8445	28.7525	
22.0012	24.7883	27.4827	25.083	21.4911	24.7511	21.9841	22.4592	21.741	28.5157	22.558	22.072	22.5404	22.7757	22.3695	22.11	23.0041	22.5681	23.4508	21.6781	23.4245	25.3832	24.7838	25.8445	28.7525	
22.0012	24.7883	27.2404	25.083	21.4911	24.7511	21.9841	22.4592	21.741	28.5157	22.558	22.072	22.5404	22.5177	22.3695	22.11	22.9772	22.5681	23.4508	21.6781	23.2829	24.3678	24.7838	25.4118	28.7525	
22.0012	24.7883	26.9629	25.083	21.4911	24.7511	21.9841	22.4592	21.741	28.5157	22.558	22.0166	22.4249	22.5177	22.3695	22.0991	22.6439	22.478	23.4508	21.6781	23.2829	24.3678	24.1744	25.4118	28.7525	
22.0012	24.433	26.7202	25.083	21.4911	24.3244	21.9841	22.4592	21.741	26.8079	22.4869	22.0166	22.4249	22.4431	22.1928	21.5738	22.5484	22.478	23.4508	21.6685	23.2077	24.0748	24.1744	25.0186	28.7525	
22.0012	24.433	26.5427	24.66	21.4082	23.9709	21.9841	22.1212	21.741	26.8079	22.4869	22.0166	21.7702	22.4431	22.1928	21.5738	22.5484	22.3186	23.4508	21.6685	22.888	23.7633	24.0344	24.4546	28.7525	
22.0012	23.9176	25.1428	24.0274	21.4082	23.9355	21.9841	22.1212	21.741	26.8079	22.4869	21.8876	21.7702	22.4431	22.1377	21.5738	22.5484	22.3186	23.3597	21.6685	22.6435	23.7633	24.0344	24.4546	28.7525	
22.0012	23.7775	25.1428	24.0274	21.4082	23.9355	21.8024	22.1212	21.5804	25.637	22.4869	21.8876	21.7702	22.4431	22.0654	21.5738	22.5484	22.0495	22.5561	21.6685	22.6435	23.5538	23.6216	24.007	28.7525	
22.0012	23.6854	24.835	24.0274	21.4082	23.5521	21.8024	22.1212	21.5804	25.637	22.2375	21.6319	21.7702	22.4431	22.0654	21.5738	22.3212	22.0495	22.5561	21.6372	22.6435	23.5538	23.6216	23.9492	27.7044	
22.0012	23.5622	24.835	23.9039	21.4082	23.5521	21.8024	21.6478	21.5804	25.2662	22.2375	21.6319	21.7702	22.4025	22.0654	21.5738	22.3212	21.9725	22.5561	21.6328	22.6054	23.5538	23.6216	23.9492	27.7044	
20.5524	23.3701	24.8265	23.7192	21.4082	23.0282	21.8024	21.6478	21.5804	25.2662	22.2375	21.6319	21.7702	22.079	22.0654	21.5738	22.3212	21.9725	22.5561	21.6328	22.6054	23.3042	23.6216	23.3815	27.7044	
20.5524	23.3701	24.5095	23.6539	21.4082	23.0282	21.8024	21.6478	21.5804	25.2662	22.2375	21.6319	21.7702	22.079	22.0654	21.5738	22.3212	21.9725	22.5561	21.6328	22.5492	23.3042	23.5459	23.2919	27.7044	
20.5524	23.3701	23.8045	23.1811	21.4082	23.0234	21.8024	21.6478	21.5771	25.2662	22.2375	21.6319	21.7702	22.079	22.0654	21.5738	22.03	21.9465	22.1568	21.6328	22.5046	23.3042	23.2684	23.2919	27.7044	
20.5524	23.1536	23.5646	23.1682	21.4082	23.0234	21.8024	21.6478	21.5771	25.2662	22.2375	21.6319	21.7702	21.8031	22.0654	21.5738	22.03	21.9465	22.1568	21.5774	22.4763	22.9333	23.0712	23.1427	27.7044	
20.5524	23.1536	23.5646	23.1682	21.4082	23.0234	21.8024	21.6478	21.5771	25.2662	22.1475	21.6319	21.7702	21.8031	21.809	21.5738	22.03	21.9465	22.1568	21.5774	22.4763	22.9333	23.0712	23.1427	27.7044	
20.5524	23.1536	23.5026	23.1682	21.3771	23.0234	21.8024	21.6478	21.5771	25.2662	22.1475	21.6319	21.7702	21.8031	21.6385	21.5738	22.03	21.9465	22.1568	21.5774	22.3366	22.9333	22.7439	23.1427	27.7044	
20.5524	22.7701	23.3761	23.1682	21.3771	23.0234	21.8024	21.6478	21.5183	25.2662	21.8026	21.6319	21.7702	21.8031	21.6385	21.5738	22.03	21.9465	22.1568	21.5774	22.2711	22.5882	22.7439	23.1427	26.4952	
20.5524	22.7701	22.9882	23.1682	21.3771	22.825	21.8024	21.6478	21.5183	25.1537	21.7742	21.6319	21.7702	21.7265	21.6385	21.5738	22.03	21.9465	22.1568	21.4714	22.2711	22.3682	22.6144	23.1427	26.4952	
20.5524	22.5671	22.0228	21.8653	21.3771	22.825	21.8024	21.6478	21.5048	25.1537	21.7742	21.6319	21.6702	21.7265	21.6385	21.5738	21.9744	21.9465	22.1568	21.4714	22.2711	22.3682	22.6144	23.1427	26.4952	
20.5524	22.5671	22.0228	21.8653	21.3771	22.6826	21.2626	21.6478	21.2217	24.5248	21.7742	21.6319	21.6702	21.6632	21.6385	21.5738	21.9744	21.9465	22.1568	21.4714	22.2355	22.3682	22.4709	22.6566	26.4952	
20.5524	22.5671	22.0228	21.8653	21.3771	22.6826	21.2626	21.6478	21.2217	24.5248	21.7742	21.6319	21.5685	21.6632	21.6385	21.5738	21.9327	21.9465	22.1568	21.4714	22.2355	22.3682	22.4709	22.6189	26.4952	
20.432	22.1924	22.0228	21.8653	21.2842	22.6826	21.2626	21.6478	21.2217	24.5248	21.7742	21.5264	21.5685	21.6632	21.6385	21.3643	21.9327	21.9465	22.07	21.4714	22.2355	22.3682	22.4709	22.6189	26.4952	
20.432	22.1924	22.0228	21.8653	21.2842	22.6826	21.2626	21.6478	21.2217	23.4231	21.7742	21.5142	21.5685	21.6632	21.6385	21.3643	21.9327	21.4215	22.07	21.4714	22.2355	22.3682	22.4709	22.4467	26.1866	
20.432	22.1924	21.0644	21.8653	21.2842	22.6669	21.2626	21.6232	21.2217	23.4231	21.7742	21.5142	21.5685	21.6632	21.6385	21.3643	21.9327	21.4215	22.07	21.4714	22.2355	22.3682	22.3228	22.4467	25.7204	
19.4232	22.1924	21.0644	21.8653	21.2842	22.0851	21.2626	21.5722	21.2217	23.4231	21.7742	21.5142	21.5685	21.6632	21.6385	21.3643	21.9327	21.4215	21.9767	21.4714	22.2355	22.3682	22.054	22.4467	25.0964	
16.6702	22.1924	21.0644	21.8653	21.2842	22.0851	21.2626	21.5722	21.2217	23.4231	21.5017	21.5142	21.5685	21.6632	21.6385	21.3643	21.9327	21.4215	21.9767	21.4714	22.0935	22.3164	22.054	22.4467	25.0964	
16.6702	22.1924	21.0644	21.8653	21.2842	22.0851	21.2626	21.5722	21.2217	23.4231	21.5017	21.5142	21.5685	21.6632	21.5989	21.3643	21.9327	21.4215	21.9767	21.4714	22.0935	22.2503	22.054	22.4467	25.0964	
16.6702	22.1924	21.0644	21.8653	21.2842	22.0851	21.2626	21.5531	20.9792	22.8662	21.5017	21.5142	21.5685	21.5199	21.5989	21.3643	21.726	21.4215	21.9767	21.4714	21.8545	22.2503	22.054	22.4467	25.0964	
16.6702	22.1924	21.0644	21.8653	21.2842	22.0851	21.2626	21.5531	20.9792	22.8662	21.5017	21.5142	21.5685	21.5199	21.5989	21.3643	21.726	21.4215	21.9767	21.4714	21.7658	22.115	22.054	22.4467	25.0964	
16.6702	22.1924	21.0644	21.8653	21.2842	22.0851	21.2626	21.5531	20.9792	22.8662	21.5017	21.5142	21.5685	21.5199	21.4203	21.3643	21.726	21.4215	21.869	21.459	21.7658	22.115	21.9433	21.8933	24.5819	
16.6702	22.1924	21.0644	21.6335	21.2842	22.0851	21.2626	21.4193	20.9792	22.426	21.5017	21.5142	21.5685	21.5199	21.4203	21.3643	21.726	21.4215	21.869	21.0808	21.7658	22.115	21.9381	21.8933	24.5819	
14.9391	22.1882	21.0644	21.6335	21.2842	22.0851	21.2626	21.4193	20.9792	22.426	21.5017	21.5142	21.5685	21.5199	21.4203	21.3643	21.726	21.4215	21.869	21.0808	21.7658	22.115	21.9381	21.8933	24.5708	
14.9391	22.1452	21.0644	21.6335	21.2842	22.0851	21.2626	21.4193	20.9792	22.426	21.5017	21.5142	21.5675	21.5199	21.4203	21.3643	21.726	21.4215	21.8562	21.0808	21.7658	21.9811	21.9381	21.8933	24.5708	
14.9391	22.0304	17.4875	21.6335	21.2842	22.0851	21.2626	21.3445	20.9792	22.426	21.5017	21.5142	21.5675	21.5199	21.4203	21.3643	21.726	21.4215	21.8562	21.0808	21.7658	21.9811	21.9381	21.8933	24.3478	
14.9391	22.0304	17.4875	21.6335	21.2842	21.405	21.2626	21.3445	20.9792	22.426	21.5017	21.5142	21.5675	21.5199	21.0673	21.3643	21.726	21.4215	21.5999	21.0808	21.7318	21.9811	21.5178	21.8933	24.3478	
12.5454	21.7674	15.6081	21.6335	21.2842	21.405	21.2626	21.3445	20.9792	22.426	21.5017	21.5142	21.4167	21.5199	21.0673	21.3643	21.6574	21.4215	21.5999	21.0808	21.7318	21.9811	21.5178	21.8933	24.2107	
12.5454	21.7674	15.6081	21.6335	21.2842	21.405	21.2626	21.3445	20.9792	22.426	21.5017	21.5142	21.4167	21.5199	21.0673	21.3643	21.6574	21.4215	21.5999	21.0808	21.7318	21.9811	21.5178	21.8933	24.1581	
9.85338	21.7674	15.6081	21.6335	21.2576	21.405	21.2626	21.3445	20.9792	22.426	21.5017	21.5142	21.4167	21.4831	21.0673	21.3643	21.6574	21.4215	21.5999	21.0808	21.7318	21.4326	21.5178	21.8933	24.1581	
9.85338	21.7674	15.6081	21.6335	21.0355	21.405	21.2626	21.3445	20.9792	22.426	21.5017	21.5142	21.4167	21.4831	21.0673	21.3643	21.6574	21.4215	21.5999	21.0808	21.6861	21.4326	21.5178	21.8933	24.0223	
9.85338	21.7674	15.6081	21.6335	21.0355	21.405	21.2626	21.3445	20.9792	22.402	21.5017	21.5142	21.4167	21.4831	21.0673	21.3643	21.6574	21.4215	21.5999	21.0808	21.6861	21.4326	21.5178	21.8933	23.7257	
6.78537	21.7674	15.6081	21.6335	21.0355	21.405	21.2626	21.3445	20.9792	21.4737	21.5017	21.4872	21.4167	21.4831	20.8619	21.1548	21.6574	21.4215	21.5999	21.0808	21.6861	21.3986	21.5178	21.8742	23.7257	
6.78537	21.7674	15.6081	21.6335	21.0355	21.405	21.2626	21.3445	20.9792	21.4737	21.5017	21.4872	21.4167	21.4831	20.8619	21.1548	21.6574	21.4215	21.5999	21.0808	21.6861	21.3986	21.5178	21.8742	23.7037	
6.78537	21.7674	15.6081	21.6335	21.0355	21.405	21.2626	21.3445	19.8805	21.4737	21.2706	21.4872	21.4167	21.4013	20.8619	21.1548	21.6574	21.4215	21.5272	21.0808	21.6861	21.3986	21.5178	21.8742	23.7037	
6.78537	21.7674	15.6081	21.6335	21.0355	21.405	21.2626	21.3445	19.8805	21.4737	21.2706	21.2066	21.4167	21.4013	20.8619	21.1548	21.3178	21.4215	21.5272	21.0808	21.66	21.3986	21.5178	21.8742	23.7037	
6.78537	21.7674	15.6081	21.6335	21.0355	21.405	21.2626	21.3445	19.8805	21.4737	21.2706	21.2066	21.4167	21.3939	20.8619	21.1548	21.315	21.4215	21.5272	21.0808	21.66	21.3986	21.5178	21.8742	23.3823	
6.78537	21.7674	15.6081	21.6335	21.0355	21.0615	21.2626	21.3445	19.8805	21.4737	21.2706	21.2066	21.4167	21.3939	20.8619	21.1548	21.315	21.4215	21.5272	21.0808	21.5596	21.3986	21.5178	21.8742	23.3095	
6.78537	21.7674	15.6081	21.6335	20.8646	21.0615	21.2626	21.3445	19.8805	21.4737	21.2706	21.2066	21.1528	21.3939	20.8619	21.1548	21.315	21.2363	21.5272	21.0808	21.5596	21.3986	21.5178	21.8742	23.3095	
6.12038	21.7674	15.6081	21.6335	20.8646	21.0615	21.2626	21.3445	19.8805	21.4737	21.2706	21.2066	21.1528	21.3939	20.8619	21.1548	21.315	21.2363	21.5272	21.0808	21.5596	21.3986	21.5178	21.8742	23.3095	
4.82586	21.7674	15.6081	21.6335	20.8646	21.0615	21.2465	21.3445	19.8805	21.4737	21.2706	21.2066	21.1528	21.3939	20.8619	21.1548	21.315	21.2363	21.3039	21.0808	21.4811	21.3986	21.5178	21.8437	23.2943	
4.82586	21.6912	15.6081	21.4093	20.8646	21.0615	21.2465	21.3445	19.8805	21.4737	21.2706	21.2066	21.1528	21.3939	20.8619	21.1548	21.315	21.2363	21.3039	21.0808	21.4811	21.3986	21.5178	21.3809	23.2943	
4.78851	21.6912	13.2488	21.4093	20.8646	21.0615	21.2465	21.3445	16.4686	21.4737	21.2706	21.2066	21.1528	21.3939	20.8619	21.1548	21.315	21.2363	21.3039	21.0808	21.4811	21.3986	21.5178	21.3809	22.9936	
4.78851	21.6912	13.1713	21.4093	20.8646	21.0615	21.2465	21.3445	16.4686	21.4737	21.2706	21.2066	21.1528	21.3939	20.8619	20.6566	21.315	21.2363	21.3039	21.0808	21.4811	21.0065	21.5178	21.3809	22.9936	
4.53944	21.5293	13.1713	21.4093	20.8646	21.0615	21.2465	21.3445	16.4686	21.4737	21.2706	21.2066	21.1528	21.3939	20.8619	20.6566	21.315	21.2363	21.3039	21.0808	21.4811	21.0065	21.5178	21.3809	22.9936	
4.53944	21.5293	11.8482	21.4093	20.8646	21.0615	21.2465	21.3445	16.4686	21.4737	21.2706	21.2066	21.1528	21.3939	20.8619	20.6566	21.315	21.2363	21.3039	21.0808	21.4811	21.0065	21.4685	21.3809	22.9936	
4.53944	21.5293	7.94177	21.4093	20.8646	21.0615	21.2465	21.2232	16.4686	21.4737	21.2706	21.2066	21.1528	21.3939	20.8619	20.6566	21.315	21.2363	21.3039	21.0808	21.2819	21.0065	21.4685	21.3809	22.9936	
2.95085	21.5293	7.94177	21.4093	20.8646	21.0615	21.2465	21.2232	16.4686	21.4737	21.2706	21.2066	21.1528	21.3939	20.8619	20.6566	21.315	21.2363	21.3039	21.0808	21.2819	21.0065	21.4685	21.3809	22.9708	
2.95085	21.5293	7.94177	21.4093	20.8646	21.0615	21.2465	21.2232	16.4686	21.4737	21.2706	21.1924	21.1528	21.157	20.8619	20.6566	21.315	21.2363	21.1777	21.0808	21.2819	21.0065	21.4685	21.3809	22.9708	
2.95085	21.5293	7.94177	21.4093	20.8646	21.0615	21.2465	21.0837	16.4686	21.4737	21.2706	21.1924	21.1528	21.157	20.8619	20.6566	21.315	21.2363	21.1777	21.0808	21.2819	21.0065	21.2972	21.3809	22.9182	
2.95085	21.5293	7.94177	21.4093	20.8646	21.0615	21.2402	21.0837	13.7126	21.4737	21.2706	21.1924	21.1528	21.157	20.8619	20.6566	21.315	21.2363	21.1777	20.9205	21.2819	21.0065	21.2972	21.3809	22.9182	
2.95085	21.5293	6.61734	21.4093	20.8646	21.0615	21.2402	21.0837	12.9116	21.4737	21.2706	21.1924	21.1528	21.157	20.8619	20.6566	21.315	21.2363	21.1777	20.9205	21.2819	21.0065	21.2972	21.3809	22.917	
2.95085	21.5293	6.61734	21.4093	20.8646	21.0615	21.2402	21.0837	12.9116	21.4737	21.2706	21.1924	21.1528	21.157	20.8619	20.6566	21.315	21.2363	21.1777	20.9205	21.2819	21.0065	21.2972	21.3809	22.903	
2.8817	21.5293	6.61734	21.4093	20.8646	21.0615	21.2402	21.0837	12.9116	21.1688	21.2706	21.1924	21.1528	21.157	20.4117	20.6566	21.315	21.0652	21.1777	20.9205	21.2819	21.0065	21.2972	21.3809	22.5549	
1.97591	21.5293	6.61734	21.4093	20.8646	21.0615	21.2402	21.0837	12.9116	21.1688	21.2706	21.1924	21.1528	21.157	20.4117	20.6566	21.315	21.0652	21.1777	20.9205	21.2819	21.0065	21.2972	21.3809	22.5549	
1.97591	21.5293	6.11021	21.4093	20.8646	21.0615	21.2402	21.0837	11.0829	21.1688	21.2706	21.1924	21.1528	21.157	20.4117	20.6566	21.315	21.0652	21.1777	20.9205	21.2819	21.0065	21.2972	21.3809	22.5549	
1.97591	21.5293	5.92098	21.4093	20.8646	21.0615	21.1758	21.0837	9.21574	21.1688	21.2706	21.1924	21.1528	21.157	20.4117	20.6566	21.315	21.0652	21.1777	20.9205	21.2819	21.0065	21.2972	21.3809	22.5549	
1.97591	21.5293	5.07496	21.4093	20.8646	21.0615	21.1758	21.0837	9.21574	21.1688	21.2706	21.1924	21.1528	21.157	20.4117	20.6566	21.315	21.0652	21.17	20.9205	21.2819	21.0065	21.2972	21.3809	22.5549	
1.97495	21.5293	5.07496	21.2801	20.8646	21.0615	20.9571	21.0837	9.21574	21.1688	21.2706	21.1924	21.1528	21.157	20.4117	20.6566	21.315	21.0652	21.17	20.9205	21.2819	21.0065	21.2972	21.3809	22.5549	
1.6266	21.5293	3.81736	21.2801	20.8646	21.0615	20.9571	21.0837	6.64317	21.1688	21.2706	21.1924	21.1528	21.157	20.4117	20.6566	21.1129	21.0652	21.17	20.9205	21.2819	19.4049	21.2972	21.3809	22.5549	
1.6266	21.282	3.81736	21.2801	20.8646	21.0615	20.9571	21.0837	6.64317	21.1688	21.2706	21.088	21.1528	21.157	20.4117	20.6566	21.1129	21.0652	21.17	20.9205	21.2819	19.4049	21.2972	21.3809	22.5549	
1.6266	21.282	3.81307	21.2801	20.8646	21.0615	20.9571	21.0837	6.0738	21.1688	21.2706	21.088	21.1528	21.157	20.4117	20.6566	21.1129	21.0652	21.17	20.9205	21.2819	19.4049	21.2972	21.3809	22.5549	
1.51944	21.282	3.81307	21.2801	20.8646	21.0615	20.9571	21.0837	5.4278	21.1688	21.2706	21.088	21.1528	21.157	20.4117	20.6566	21.1129	21.0652	21.17	20.9205	20.9468	18.0624	21.2972	21.3809	22.5549	
1.3389	21.282	3.81307	21.2801	20.8646	21.0615	20.9571	21.0837	5.4278	21.1688	21.2706	21.088	21.1528	21.157	20.4117	20.6566	21.1129	21.0652	21.17	20.9205	20.9468	18.0624	21.2972	21.3809	22.5549	
1.3389	21.282	3.81307	21.2801	20.8625	21.0615	20.9571	21.0837	5.40404	21.1688	21.2706	21.088	21.1528	21.157	20.4117	20.6566	21.1129	21.0652	21.17	20.9205	20.9468	18.0624	21.2972	21.3809	22.5426	
1.25443	21.282	3.81307	21.2801	20.8625	21.0615	20.9571	21.0837	5.40404	21.1688	21.2706	21.088	21.1528	21.157	20.4117	20.6566	21.1129	21.0652	21.17	20.9205	20.9468	18.0624	21.2366	21.3624	22.5426	
1.08965	21.282	3.3039	21.2801	20.8625	21.0615	20.9571	21.0111	5.40229	21.1688	21.2706	21.088	21.1528	21.157	20.4117	20.6566	21.1129	21.0652	21.17	20.9205	20.9468	18.0624	21.2366	21.3624	22.5426	
1.08965	21.282	3.3039	21.2801	20.8625	21.0615	20.9571	21.0111	4.75713	21.1688	21.2706	21.088	21.1528	21.157	20.4117	20.6566	21.1129	21.0652	21.17	20.9205	20.9468	18.0624	21.2366	21.3624	22.4094	
1.08965	21.282	3.3039	21.2801	20.8625	21.0615	20.9571	21.0111	4.21299	21.1688	21.2706	21.088	21.1528	21.157	20.4117	20.6566	21.1129	21.0652	21.17	20.9205	20.9468	18.0624	21.2366	21.3624	22.4094	
1.08191	21.282	2.89331	21.2801	20.8625	21.0615	20.9571	21.0111	4.21299	21.1688	21.2706	20.9912	21.1528	21.157	20.4117	20.6566	21.1129	21.0652	21.17	20.9205	20.9468	17.8477	21.2366	21.3624	22.4094	
1.02856	21.282	2.82856	21.2193	20.8625	21.0615	20.9571	21.0111	3.55108	21.1688	21.2706	20.9912	21.1528	21.0091	20.4117	20.6566	21.1129	21.0652	21.17	20.9205	20.9468	17.8477	21.2366	21.3624	22.4094	
1.02856	21.282	2.54025	21.2193	20.8625	21.0615	20.9571	21.0111	2.94894	21.1688	21.2706	20.9912	21.1528	21.0091	20.4117	20.6566	21.1129	21.0652	21.17	20.9205	20.9468	17.8477	21.2366	21.3624	22.4094	
0.839171	21.282	2.54025	21.2193	20.8625	21.0615	20.9571	21.0111	2.94894	21.1688	21.2706	20.9912	21.1528	21.0091	20.2642	20.6566	21.1129	21.0652	21.17	20.9205	20.9468	17.8477	21.2366	21.3624	22.4094	
0.839171	21.282	2.29727	21.2193	20.8625	21.0615	20.9571	21.0111	2.94894	21.1688	21.2706	20.9912	21.1528	21.0091	20.2642	20.6566	21.1129	21.0652	21.17	20.9205	20.9468	17.8477	21.2366	21.3624	22.4094	
0.839171	21.282	2.29727	21.2193	20.8625	21.0615	20.9571	21.0111	2.94894	21.1688	21.2706	20.9912	20.8477	21.0091	20.2642	20.6566	21.1129	21.0652	21.17	20.9205	20.9468	17.8477	21.2366	21.3624	22.4094	
0.765182	21.282	2.27907	21.2193	20.8625	21.0615	20.9571	21.0111	2.71666	21.1688	21.2706	20.9912	20.8477	21.0091	20.2642	20.6566	21.1129	21.0652	21.17	20.9205	20.9468	17.8477	21.1222	21.3624	22.4094	
0.747824	21.282	2.24103	21.2193	20.8625	21.0615	20.9571	21.0111	2.71666	21.1688	21.2706	20.9912	20.8477	21.0091	20.2642	20.6566	21.1129	21.0652	21.17	20.9205	20.9468	17.8477	21.1222	21.3624	22.0801	
0.747824	21.282	1.76287	21.2193	20.8625	21.0615	20.9571	21.0111	2.16705	21.1688	21.2706	20.9912	20.8477	20.9101	20.2642	20.6566	21.1129	21.0652	21.17	20.9205	20.9468	17.8477	21.1222	21.2468	22.0801	
0.747824	21.2334	1.76287	21.1656	20.8625	21.0615	20.9571	21.0111	2.13503	21.1688	20.9661	20.9912	20.8477	20.9101	20.2642	20.6566	21.1129	21.0652	21.17	20.9205	20.9468	17.8477	21.1222	21.2468	22.0801	
0.747824	21.2334	1.58609	21.1656	20.8625	21.0615	20.9571	21.0111	1.66187	21.1688	20.9661	20.9912	20.8477	20.9101	20.2642	20.6566	21.1129	21.0652	21.17	20.9205	20.9468	17.1174	21.1222	21.2468	22.0801	
0.747824	21.2334	1.30625	21.1656	20.8625	21.0615	20.9571	21.0111	1.66187	21.1688	20.9661	20.9912	20.8477	20.9101	20.2642	20.6566	21.1129	21.0652	21.17	20.9205	20.9468	17.1174	21.1222	21.2468	22.0801	
0.742821	21.2334	1.30625	21.1656	20.8625	21.0615	20.9571	21.0111	1.66187	21.1688	20.9661	20.9912	20.8477	20.9101	20.2642	20.6566	21.1129	21.0652	21.17	20.9205	20.9468	14.7179	21.1222	21.2468	22.0801	
0.719344	21.1856	1.29146	21.1656	20.8625	21.0615	20.9571	21.0111	1.66187	21.1688	20.9661	20.9912	20.8477	20.9101	20.2642	20.6566	21.1129	21.0652	21.17	20.9205	20.9468	14.7179	21.1222	21.2468	22.0801	
0.662737	21.1856	1.29146	21.1656	20.8625	21.0615	20.9571	21.0111	1.28147	21.1688	20.9661	20.9912	20.8477	20.9101	20.2642	20.6566	21.1129	21.0652	21.17	20.9205	20.9468	13.9429	21.1222	21.2468	22.0801	
0.662737	21.1856	1.27382	21.1656	20.8625	21.0615	20.9571	21.0111	1.24567	21.1688	20.9661	20.9912	20.8477	20.9101	20.2642	20.6566	21.1129	21.0652	21.17	20.9205	20.9468	12.9772	21.1222	21.2468	22.0801	
0.662737	21.1856	0.983283	21.1656	20.8625	21.0615	20.9571	21.0111	1.24567	21.1688	20.9661	20.9912	20.8477	20.9101	20.2642	20.6566	21.1129	21.0652	21.17	20.9205	20.9468	12.9772	21.1222	21.2468	22.0801	
0.662737	21.1856	0.983283	21.1656	20.8625	21.0615	20.9571	21.0111	1.24567	21.1688	20.9661	20.9912	20.8477	20.9101	20.2642	20.6566	21.1129	21.0652	21.17	20.9205	20.9468	12.2848	21.1222	21.2025	22.0801	
0.662737	21.1856	0.983283	21.1656	20.8625	21.0615	20.9571	21.0111	0.985401	21.1688	20.9661	20.9912	20.8477	20.9101	19.9141	20.6566	21.1129	21.0652	21.17	20.9205	20.9468	10.0229	21.1222	21.2025	22.0801	
0.659024	21.1856	0.983283	21.1656	20.8625	21.0615	20.9571	21.0111	0.985401	21.1688	20.9661	20.9912	20.8477	20.9101	19.9141	20.6566	21.1129	21.0652	21.17	20.9205	20.9468	10.0229	21.1222	21.2025	22.0801	
0.65804	21.1856	0.983283	21.1656	20.8625	21.0615	20.9571	21.0111	0.985401	21.1688	20.9661	20.9912	20.8477	20.9101	18.1418	20.6566	21.1129	21.0652	21.17	20.9205	20.9468	9.23712	21.1222	21.2025	22.0801	
0.64768	21.1856	0.983283	21.1656	20.8625	21.0615	20.9571	21.0111	0.985401	21.0765	20.9661	20.9912	20.8477	20.9101	18.1418	20.6566	21.0806	21.0281	21.17	20.9205	20.9468	8.26477	21.1222	21.2025	22.0801	
0.625065	21.1856	0.959091	21.1656	20.8625	21.0615	20.9571	21.0111	0.985401	21.0765	20.9661	20.9912	20.8477	20.9101	18.1418	20.6566	21.0806	21.0281	21.17	20.9205	20.9468	6.04478	21.1222	21.2025	22.0801	
0.609062	21.1856	0.925025	21.1656	20.8625	21.0615	20.9571	21.0111	0.933118	21.0765	20.9661	20.9912	20.8477	20.9101	18.1418	20.6566	21.0806	21.0281	21.17	20.9205	20.9468	6.04478	21.1222	21.2025	22.0801	
0.570296	21.1856	0.925025	21.1656	20.8625	21.0615	20.9571	21.0111	0.933118	21.0765	20.9661	20.9912	20.8477	20.9101	18.1418	20.6566	21.0806	21.0281	21.17	20.9205	20.9468	6.04478	21.1222	21.2025	22.0801	
0.570296	21.1856	0.757399	21.1656	20.8625	21.0615	20.9571	21.0111	0.928005	21.0765	20.9661	20.9912	20.6581	20.9101	18.1418	20.0975	21.0806	20.9518	21.17	20.9205	20.9468	5.69839	21.1222	21.2025	22.0801	
0.570296	21.1856	0.757399	21.1656	20.8625	21.0615	20.9571	21.0111	0.843475	21.0765	20.9661	20.9912	20.6581	20.9101	18.1418	20.0975	21.0806	20.9518	21.17	20.9205	20.9468	5.69839	21.1222	21.2025	22.0801	
0.570296	21.1856	0.757399	21.1656	18.3131	21.0615	20.9571	21.0111	0.792345	21.0765	20.9661	20.9912	20.6581	20.9101	17.3227	20.0975	21.0806	20.9518	21.17	20.9205	20.9468	5.13527	21.1222	21.2025	22.0801	
0.570296	21.1856	0.757399	21.1656	18.3131	21.0615	20.9571	21.0111	0.758706	21.0765	20.9661	20.9912	20.6581	20.9101	17.3227	20.0975	21.0806	20.9518	21.17	20.9205	20.9468	4.39966	21.1222	21.2025	22.0801	
0.570296	21.1856	0.757399	21.1318	18.3131	21.0615	20.9571	21.0111	0.707538	21.0765	20.9661	20.9912	20.6581	20.9101	17.3227	20.0975	21.0806	20.9518	21.17	20.9205	20.9468	4.39966	21.1222	21.2025	22.0801	
0.567668	21.1856	0.757399	21.1318	18.3131	21.0615	20.9571	21.0111	0.707538	21.0765	20.9661	20.9912	20.6581	20.9101	17.3227	20.0975	21.0806	20.9518	21.17	20.9205	20.9468	4.22227	21.1222	21.2025	22.0801	
0.554079	21.1856	0.753656	21.1318	18.3131	21.0615	20.9571	21.0111	0.707538	21.0765	20.9661	20.9912	19.7156	20.9101	17.3227	20.0975	21.0806	20.9518	21.17	20.9205	20.9468	4.00565	21.1222	21.2025	22.0801	
0.551569	21.1856	0.749037	21.1318	18.3131	21.0615	20.9571	21.0111	0.707538	21.0765	20.9661	20.9912	19.7156	20.9101	17.3227	20.0975	21.0806	20.9518	21.17	20.9205	20.9468	3.79466	21.1222	21.2025	22.0801	
0.551569	21.1856	0.749037	21.1318	18.3131	21.0615	20.9571	21.0111	0.707538	21.0765	20.9661	20.9912	19.7156	20.9101	17.3227	20.0975	21.0387	20.9518	20.9538	20.9205	20.9468	2.53459	21.0417	21.1868	22.0801	
0.548461	21.1856	0.742437	21.1318	18.3131	20.4161	20.9571	21.0111	0.698686	21.0765	20.9661	20.965	19.7156	20.9101	17.3227	20.0975	21.0363	20.9518	20.9538	20.9205	20.9468	2.53459	21.0417	21.1868	22.0801	
0.541634	21.1856	0.739327	21.1318	18.3131	20.4161	20.9571	21.0111	0.695994	21.0765	20.9661	20.9517	19.7156	20.9101	17.3227	20.0975	21.0363	20.9518	20.9538	20.9205	20.9468	2.53459	21.0417	21.1868	22.0801	
0.534561	21.1856	0.725097	21.1318	18.3131	20.4161	20.9571	21.0111	0.685725	21.0765	20.9661	20.9517	19.7156	20.9101	17.3227	20.0975	21.0363	20.9518	20.9538	20.9205	20.9468	2.53459	21.0417	21.1868	22.0801	
0.529717	21.1856	0.657918	21.1318	18.3131	20.4161	20.9571	21.0111	0.657819	21.0765	20.9661	20.9517	19.7156	20.9101	16.5825	20.0975	21.0363	20.8246	20.9538	20.9205	20.9468	2.50325	21.0417	21.1868	22.0801	
0.527041	21.1856	0.644844	21.1318	18.3131	20.4161	20.9571	21.0111	0.657819	21.0765	20.9661	20.9517	19.7156	20.9101	16.5825	20.0975	21.0363	20.8246	20.9538	20.9205	20.9468	2.43299	21.0417	21.1868	22.0801	
0.527041	21.1856	0.644844	21.1318	18.3131	20.4161	20.9571	21.0111	0.63039	21.0765	20.9661	20.9517	19.7156	20.9101	14.404	20.0975	21.0363	20.8246	20.9538	20.9205	20.9468	2.39847	21.0417	20.8455	22.0801	
0.525911	21.1069	0.644844	21.1318	18.3131	20.4161	20.8686	21.0111	0.63039	21.0765	20.9661	20.9517	19.7156	20.9101	14.404	20.0975	21.0363	20.8246	20.9538	20.9205	20.9468	2.26956	21.0417	20.8455	22.0801	
0.525911	21.1069	0.644844	21.1318	18.3131	20.4161	20.8686	21.0111	0.62453	21.0765	20.9661	20.9517	19.7156	20.9101	13.6667	20.0975	21.0363	20.8246	20.9538	20.9205	20.9468	1.77756	21.0417	20.8455	22.0801	
0.517612	21.1069	0.612479	21.1318	18.3131	20.4161	20.8686	21.0111	0.604999	21.0765	20.9661	20.9517	19.7156	20.9101	12.7164	20.0975	21.0363	20.8246	20.9538	20.9205	20.9468	1.63555	21.0417	20.8455	22.0801	
0.517612	21.1069	0.612479	21.1318	18.3131	20.4161	20.8686	20.9652	0.604999	21.0765	20.9661	20.9517	19.7156	20.9101	12.2991	20.0975	21.0363	20.8246	20.9538	20.9205	20.9468	1.63555	20.961	20.8455	22.0801	
0.517612	21.1069	0.603429	21.1318	18.3131	20.4161	20.8686	20.9652	0.58179	21.0592	20.9661	20.9517	19.7156	20.9101	11.1253	18.6137	21.0363	20.8246	20.9538	20.9205	20.9468	1.25805	20.961	20.8455	22.0801	
0.516041	21.0961	0.603429	21.1318	18.3131	20.4161	20.8686	20.9652	0.58179	21.0592	20.9661	20.9517	19.7156	20.9101	10.3001	18.6137	21.0363	20.8246	20.9538	20.9205	20.9468	1.25805	20.961	20.8455	22.0801	
0.514264	21.0961	0.603429	21.1318	18.3131	20.4161	20.8686	20.9652	0.579105	21.0592	20.9661	20.9517	19.7156	20.9101	8.63643	18.5043	21.0363	20.8246	20.9538	20.9205	20.9468	1.19886	20.961	20.8455	22.0801	
0.51108	21.0961	0.597554	21.1318	18.3131	20.4161	20.8686	20.9652	0.562221	21.0592	20.9661	20.9517	19.7156	20.9101	8.63643	18.5043	21.0363	20.8246	20.9538	20.9205	20.9468	1.19886	20.961	20.8455	22.0801	
0.51108	20.9233	0.597554	21.1318	18.3131	20.4161	20.8686	20.9652	0.562221	20.9974	20.9661	20.9517	19.7156	20.9101	5.62288	18.5043	21.0363	20.8246	20.9538	20.9205	20.9468	1.19024	20.961	20.8455	22.0801	
0.51108	20.9233	0.597554	21.1318	18.3131	20.4161	20.8686	20.9652	0.562221	20.9974	20.9661	20.9517	19.7156	20.9101	5.62288	18.5043	21.0363	20.8246	20.9538	20.9205	20.9468	1.08877	20.961	20.8455	22.0801	
0.51108	20.9233	0.597554	21.1318	18.3131	20.4161	20.8686	20.9652	0.558901	20.9974	20.9661	20.9517	19.7156	20.9101	5.62288	18.5043	21.0363	20.8246	20.9538	20.9205	20.9468	1.06242	20.961	20.8455	22.0801	
0.50832	20.9233	0.597554	21.1318	18.3131	20.4161	20.8686	20.9652	0.533396	20.9974	20.9661	20.9517	19.0146	20.9101	5.62288	18.5043	21.0363	20.8246	20.9538	20.8211	20.9468	1.03959	20.961	20.8455	22.0801	
0.50832	20.9233	0.592047	21.1318	18.3131	20.4161	20.8686	20.9652	0.533396	20.9974	20.9661	20.9517	19.0146	20.9101	5.46408	18.3172	21.0363	20.8246	20.9538	20.8211	20.9131	1.03959	20.961	20.8455	22.0801	
0.504855	20.9233	0.592047	21.1318	18.3131	20.4161	20.8686	20.9652	0.533396	20.9974	20.9661	20.9517	19.0146	20.9101	5.0355	18.3172	21.0363	20.8246	20.9538	20.8211	20.9131	1.0008	20.961	20.8455	22.0801	
0.504855	20.9233	0.592047	21.1318	18.3131	20.4161	20.8686	20.9652	0.533396	20.9974	20.9661	20.9517	17.9511	20.9101	4.24318	18.3172	21.0363	20.8246	20.9538	20.8211	20.9131	0.915371	20.961	20.8455	22.0801	
0.504855	20.9233	0.579116	21.1318	18.3131	20.4161	20.8686	20.9652	0.533396	20.9974	20.9661	20.9517	17.9511	20.9101	4.24318	18.3172	21.0363	20.8246	20.9538	20.8211	20.9131	0.90941	20.961	20.8455	22.0801	
0.504855	20.9233	0.577238	21.1318	18.3131	20.4161	20.8686	20.9652	0.533396	20.9974	20.9661	20.9517	17.9511	20.9101	4.24318	18.3172	21.0363	20.8246	20.9538	20.8211	20.9131	0.812174	20.961	20.8455	21.9074	
0.504855	20.9233	0.577238	21.1318	18.3131	20.4161	20.8686	20.9652	0.524375	20.9974	20.9661	20.9517	17.9511	20.9101	3.82717	16.9973	21.0363	20.8246	20.9538	20.8211	20.9131	0.794493	20.961	20.8455	21.9074	
0.504855	20.9233	0.557586	21.1318	18.3131	19.7886	20.8686	20.9652	0.524375	20.9974	20.9661	20.9517	17.9511	20.9101	3.82717	16.9973	21.0363	20.8246	20.9538	20.8211	20.9131	0.774024	20.961	20.8455	21.9074	
0.504855	20.9233	0.557586	21.0128	18.3131	19.7886	20.8686	20.9652	0.524375	20.9974	20.9661	20.9517	17.9511	20.9101	3.39724	16.9973	21.0363	20.8246	20.9538	20.8211	20.9131	0.774024	20.961	20.8455	21.9074	
0.504855	20.9233	0.553241	21.0128	18.3131	19.7886	20.8686	20.9652	0.524375	20.9974	20.9661	20.9517	17.9511	20.9101	2.31807	15.9986	21.0363	20.8246	20.9538	20.8211	20.9131	0.736357	20.961	20.8455	21.9074	
0.504855	20.9233	0.552101	21.0128	18.3131	19.7886	20.8686	20.9652	0.524375	20.9974	20.9661	20.9517	17.9511	20.9101	2.31807	15.9986	21.0363	20.8246	20.9538	20.8211	20.9131	0.702996	20.961	20.8455	21.9074	
0.504855	20.9233	0.552101	21.0128	18.3131	19.7886	20.8686	20.9652	0.524375	20.9974	20.9661	20.9517	17.9511	20.9101	2.19177	13.4683	21.0363	20.8246	20.9538	20.8211	20.9131	0.702996	20.961	20.8455	21.9074	
0.504855	20.9233	0.552101	21.0128	18.3131	19.7886	20.8686	20.9652	0.523608	20.9974	20.9661	20.9517	17.9511	20.9101	2.19177	13.4683	21.0363	20.8246	20.9538	20.8211	20.9131	0.702996	20.961	20.8455	21.9074	
0.504855	20.9233	0.552101	21.0128	18.3131	19.7886	20.8686	20.9652	0.520557	20.9974	20.9661	20.9517	17.9511	20.9101	1.89153	9.26297	21.0351	20.8246	20.9538	20.8211	20.9131	0.6774	20.961	20.8455	21.9074	
0.504815	20.9233	0.550266	21.0128	18.3131	19.7886	20.8686	20.9652	0.520242	20.9974	20.9661	20.9517	17.9511	20.9101	1.89153	9.26297	21.0351	20.8246	20.9538	20.8211	20.9131	0.6774	20.961	20.8455	21.9074	
0.504815	20.9233	0.550266	21.0128	18.3131	19.7886	20.8686	20.9652	0.516744	20.9974	20.9661	20.9517	17.9511	20.9101	1.87606	9.26297	21.0351	20.8246	20.9538	20.8211	20.9131	0.6774	20.961	20.8455	21.9074	
0.504632	20.9233	0.550266	21.0128	18.3131	16.5313	20.8686	20.9652	0.516744	20.9974	20.9661	20.9517	17.9511	20.9101	1.5003	8.52988	21.0351	20.8246	20.9538	20.8211	20.9131	0.645804	20.961	20.8455	21.9074	
0.503995	20.9233	0.541277	21.0128	18.3131	16.5313	20.8686	20.9652	0.516493	20.9974	20.9661	20.9517	17.9511	20.9101	1.30696	8.52988	21.0351	20.8246	20.9538	20.8211	20.9131	0.628229	20.961	20.8455	21.9074	
0.503976	20.9233	0.533565	21.0128	18.3131	16.5313	20.8686	20.9652	0.515779	20.9974	20.9661	20.9517	15.2421	20.9101	1.30696	6.70028	21.0351	20.8246	20.9538	20.8211	20.9131	0.627907	20.961	20.8455	21.9074	
0.503976	20.9233	0.533565	21.0128	18.3131	15.2477	20.8686	20.9648	0.515779	20.9974	20.9661	20.9517	15.2421	20.9101	1.12512	6.70028	21.0351	20.8246	20.9538	20.7715	20.9131	0.615334	20.961	20.7441	21.9074	
0.503654	20.9233	0.533565	21.0128	18.3131	15.2477	20.8686	20.9648	0.515752	20.9974	20.9661	20.9517	15.2421	20.9101	1.12512	6.14909	21.0351	20.8246	20.9538	20.7715	20.9131	0.609655	20.961	20.7441	21.9074	
0.503654	20.9233	0.521723	21.0128	18.3131	15.2477	20.8686	20.9648	0.51381	20.9974	20.9661	20.9517	15.2421	20.9101	1.12512	6.04635	21.0351	20.8246	20.9538	20.7715	20.9131	0.587808	20.961	20.7441	21.9074	
0.503654	20.9233	0.521723	21.0128	18.3131	15.2477	20.8686	20.9648	0.508459	20.9974	20.9661	20.9517	15.2421	20.9101	1.11519	5.10746	21.0351	20.8246	20.9538	20.7715	20.9131	0.587808	20.961	20.7441	21.9074	
0.503349	20.9233	0.521723	21.0128	18.3131	15.2477	20.8686	20.9648	0.508459	20.8048	20.9661	20.9517	15.2421	20.9101	1.02672	2.37525	21.0351	20.8246	20.9538	20.7715	20.9131	0.569397	20.961	20.7441	21.9074	
0.503349	20.9233	0.521723	21.0128	18.3131	13.1668	20.8686	20.9648	0.508459	20.8048	20.9661	20.9517	15.2421	20.9101	0.803441	2.37525	20.9679	20.8246	20.9538	20.7715	20.9131	0.569397	20.961	20.7441	21.9074	
0.502856	20.9233	0.521723	21.0128	18.3131	13.1668	20.8686	20.9648	0.508459	20.8048	20.9661	20.9517	15.2421	20.9101	0.803441	2.37525	20.9679	20.8246	20.9538	20.7715	20.9131	0.545646	20.961	20.7441	21.9074	
0.502011	20.9233	0.52019	21.0128	18.3131	12.7089	20.8686	20.9648	0.508459	20.8048	20.9661	20.9517	15.2421	20.9101	0.770536	2.37525	20.9679	20.8246	20.9538	20.7715	20.9131	0.545646	20.961	20.7441	21.9074	
0.502011	20.9233	0.52019	21.0128	18.3131	11.3125	20.8686	20.9648	0.508459	20.8048	20.9661	20.9517	9.39996	20.9101	0.770536	2.37525	20.9679	20.8246	20.9538	20.7715	20.9131	0.545646	20.961	20.7441	21.9074	
0.502011	20.9233	0.52019	20.9274	18.3131	9.0891	20.8686	20.9648	0.508459	20.8048	20.9464	20.9517	9.39996	20.9101	0.709735	2.37525	20.9679	20.8246	20.9538	20.7715	20.9131	0.545646	20.961	20.7441	21.9074	
0.502011	20.9233	0.515817	20.9274	18.3131	8.68323	20.8686	20.9648	0.508459	20.8048	20.9464	20.9517	9.39996	20.9101	0.709735	2.37525	20.9679	20.8246	20.9538	20.7715	20.9131	0.545646	20.961	20.7441	21.9074	
0.502011	20.9233	0.515817	20.9274	18.3131	8.3966	20.8686	20.9648	0.507703	20.8048	20.9464	20.9517	9.39996	20.9101	0.709735	2.37525	20.9679	20.8246	20.9538	20.7715	20.9131	0.545646	20.961	20.5943	21.9074	
0.502011	20.9233	0.515817	20.9274	18.3131	7.84023	20.8686	20.9648	0.506951	20.8048	20.9464	20.945	6.7919	20.9101	0.690666	2.37525	20.9679	20.8246	20.9538	20.7715	20.9131	0.545646	20.961	20.5943	21.9074	
0.502011	20.9233	0.515817	20.9274	18.3131	6.1877	20.8686	20.9648	0.506951	20.8048	20.9464	20.945	6.7919	20.9101	0.664596	1.34852	20.9679	20.8246	20.9538	20.7715	20.9131	0.5328	20.961	20.5943	21.9074	
0.502011	20.9233	0.511893	20.9274	18.3131	5.43757	20.8686	20.9648	0.506099	20.8048	20.9464	20.945	6.7919	20.9101	0.66122	1.34852	20.9679	20.8246	20.9538	20.7715	20.9131	0.532719	20.961	20.5943	21.9074	
0.502011	20.9233	0.509888	20.9274	18.3131	5.43757	20.8686	20.9648	0.506099	20.8048	20.9464	20.945	6.7919	20.9101	0.660785	1.34852	20.9679	20.8246	20.9538	20.7715	20.9131	0.524186	20.961	20.0065	21.9074	
0.501845	20.9233	0.509888	20.9274	18.3131	4.24632	20.8686	20.9648	0.506099	20.8048	20.9464	20.945	4.72158	20.9101	0.623748	1.23039	20.9679	20.8246	20.9538	20.7715	20.9131	0.524186	20.961	20.0065	21.9074	
0.501351	20.9233	0.509888	20.9274	18.3131	3.75745	20.8686	20.9648	0.506029	20.8048	20.9464	20.945	4.72158	20.9101	0.623748	1.23039	20.9679	20.8246	20.9128	20.7715	20.9131	0.524186	20.961	20.0065	21.9074	
0.501351	20.9233	0.509888	20.9155	18.3131	3.75745	20.8686	20.9648	0.505715	20.8048	20.8484	20.945	4.41821	20.9101	0.623748	1.23039	20.9679	20.8246	20.8891	20.7715	20.9131	0.524186	20.961	20.0065	21.9074	
0.500677	20.9233	0.509888	20.9155	18.3131	3.75745	20.8686	20.9648	0.504917	20.8048	20.8484	20.945	4.41821	20.9101	0.623748	1.23039	20.9679	20.8246	20.8891	20.7715	20.9131	0.518927	20.961	20.0065	21.9074	
0.500677	20.9233	0.501521	20.9155	18.3131	3.75745	20.8686	20.9648	0.504076	20.8048	20.8484	20.945	4.41821	20.9101	0.587299	1.19732	20.9679	20.8246	20.8891	20.7715	20.9131	0.518927	20.961	20.0065	21.9074	
0.500677	20.9233	0.501521	20.9155	18.3131	3.75745	20.8686	20.9648	0.504076	20.8048	20.8484	20.945	3.4276	20.9101	0.587299	1.06133	20.9679	20.8246	20.8891	20.7715	20.9131	0.518927	20.961	19.2054	21.9074	
0.500677	20.9233	0.499899	20.9155	18.3131	3.75745	20.8686	20.9648	0.504076	20.8048	20.8484	20.945	3.4276	20.9101	0.586901	1.06133	20.9679	20.8246	20.8891	20.7715	20.9131	0.518927	20.961	19.2054	21.9074	
0.500677	20.9233	0.499899	20.9155	18.3131	3.75745	20.8686	20.9648	0.503483	20.8048	20.8484	20.945	3.4276	20.9101	0.573852	0.838726	20.9679	20.8246	20.8891	20.7715	20.9131	0.512893	20.961	18.2362	21.9074	
0.500677	20.9233	0.499899	20.9155	18.3131	3.43837	20.8686	20.9648	0.503483	20.8048	20.8484	20.945	3.4276	20.9101	0.567604	0.838726	20.9679	20.8246	20.8891	20.7715	20.9131	0.512893	20.961	18.2362	21.9074	
0.500677	20.9233	0.499899	20.9155	18.3131	2.8007	20.8686	20.9648	0.503464	20.8048	20.8484	20.945	3.4276	20.9101	0.563017	0.816994	20.9679	20.8246	20.8891	20.7715	20.9131	0.512893	20.961	18.2362	21.9074	
0.500677	20.9233	0.498459	20.9155	18.3131	2.17127	20.8686	20.9648	0.503371	20.8048	20.8484	20.945	2.99303	20.9101	0.547705	0.816994	20.9679	20.8246	20.8891	20.7715	20.9131	0.510574	20.961	18.163	21.9074	
0.500677	20.9233	0.498459	20.9155	18.3131	2.12387	20.8686	20.9648	0.502832	20.8048	20.8484	20.945	2.99303	20.9101	0.547705	0.747363	20.9679	20.8246	20.8891	20.7715	20.9131	0.509546	20.961	18.163	21.9074	
0.500657	20.9233	0.49442	20.9155	18.3131	2.12387	20.8686	20.9648	0.502725	20.8048	20.8484	20.945	2.46446	20.9101	0.54579	0.747363	20.9679	20.8246	20.8891	20.7715	20.9131	0.509546	20.961	17.7381	21.9074	
0.500442	20.9233	0.49442	20.9155	18.3131	1.64511	20.8686	20.9648	0.502725	20.8048	20.8484	20.945	2.46446	20.9101	0.54579	0.714178	20.9679	20.8246	20.8891	20.7715	20.9131	0.509546	20.961	17.7381	21.9074	
0.500442	20.9233	0.490711	20.9155	18.3131	1.17732	20.8686	20.9648	0.502725	20.8048	20.8484	20.945	2.1022	20.9101	0.542846	0.709077	20.9679	20.8246	20.8891	20.7715	20.9131	0.509546	20.961	17.7381	21.9074	
0.500442	20.9233	0.490711	20.9155	18.3131	1.17732	20.8686	20.9648	0.502672	20.8048	20.8484	20.945	1.62768	20.9101	0.542846	0.707616	20.9679	20.8246	20.8891	20.7715	20.9131	0.508639	20.961	17.7381	21.9074	
0.500442	20.9233	0.490711	20.9155	18.3131	1.17732	20.8686	20.9648	0.502217	20.8048	20.8484	20.945	1.62768	20.9101	0.542846	0.674798	20.9679	20.8246	20.8891	20.7715	20.9131	0.508639	20.961	16.377	21.9074	
0.500442	20.9233	0.490711	20.9155	18.3131	1.15868	20.8686	20.9648	0.502125	20.8048	20.8484	20.945	1.34928	20.9101	0.537844	0.674798	20.9679	20.8246	20.8891	20.7715	20.9131	0.508392	20.961	14.9713	21.9074	
0.500442	20.8964	0.490711	20.9155	18.3131	1.15868	20.8686	20.9648	0.502113	20.8048	20.8484	20.9357	1.34928	20.9101	0.531231	0.644514	20.9679	20.8246	20.8891	20.7715	20.9131	0.506183	20.961	14.6389	21.9074	
0.500442	20.8964	0.490711	20.9155	18.3131	1.13037	20.8686	20.9648	0.502113	20.8048	20.8484	20.9357	1.14522	20.9101	0.531069	0.625074	20.87	20.8246	20.8039	20.7715	20.9131	0.506122	20.961	14.6389	21.9074	
0.500442	20.8964	0.490711	20.9155	18.3131	0.998065	20.8686	20.9648	0.502113	20.8048	20.8484	20.9357	1.14522	20.9101	0.531069	0.612169	20.87	20.8246	20.8039	20.7715	20.9131	0.505735	20.961	13.416	21.9074	
0.500442	20.8964	0.490711	20.9155	18.3131	0.965353	20.8686	20.9648	0.501563	20.8048	20.8484	20.9357	1.14522	20.9101	0.530252	0.611767	20.87	20.8246	20.8039	20.7715	20.9131	0.505735	20.961	9.83248	21.9074	
0.500442	20.8964	0.49007	20.9155	18.3131	0.93336	20.8686	20.9648	0.501563	20.8048	20.8484	20.9357	0.920295	20.9101	0.528701	0.611767	20.87	20.8246	20.8039	20.7715	20.9131	0.504708	20.961	6.52782	21.9074	
0.500442	20.8964	0.484528	20.9155	18.3131	0.918445	20.8686	20.9648	0.501563	20.8048	20.8484	20.9357	0.920295	20.9101	0.52291	0.595675	20.87	20.8246	20.8039	20.7715	20.9131	0.504708	20.961	6.52782	21.9074	
0.500357	20.8964	0.484528	20.9155	18.3131	0.785851	20.8686	20.9648	0.501563	20.8048	20.8364	20.9357	0.842107	20.9101	0.52291	0.595675	20.87	20.8246	20.8039	20.7715	20.9131	0.504165	20.961	6.52782	21.9074	
0.500355	20.8964	0.484528	20.9155	18.3131	0.782741	20.8686	20.9648	0.501563	20.8048	20.8364	20.9357	0.771206	20.9101	0.521047	0.58876	20.87	20.8246	20.8039	20.7715	20.9131	0.504165	20.961	6.52782	21.9074	
0.500355	20.8964	0.484528	20.9155	18.3131	0.773144	20.8686	20.9648	0.501563	20.8048	20.8364	20.9357	0.756657	20.9101	0.521047	0.582616	20.87	20.8246	20.8039	20.7715	20.9131	0.502858	20.961	5.857	21.9074	
0.499689	20.8964	0.484528	20.9155	18.3131	0.773144	20.8686	20.9648	0.50154	20.8048	20.8364	20.9357	0.756657	20.9101	0.520926	0.574588	20.87	20.8246	20.8039	20.7715	20.9131	0.502858	20.961	5.857	21.9074	
0.499689	20.8964	0.484528	20.9155	18.3131	0.72616	20.8686	20.9648	0.501474	20.8048	20.8364	20.9357	0.756657	20.9101	0.520814	0.566367	20.87	20.8246	20.8039	20.7715	20.9131	0.502858	20.961	5.31257	21.9074	
0.499689	20.8964	0.484528	20.9155	18.3131	0.72616	20.8686	20.9648	0.501329	20.8048	20.8364	20.9357	0.672809	20.9101	0.512033	0.565018	20.87	20.8246	20.8039	20.7715	20.9131	0.502427	20.961	5.14036	21.9074	
0.499689	20.8964	0.484528	20.9155	18.3131	0.674289	20.8686	20.9648	0.501315	20.8048	20.8364	20.9357	0.662963	20.866	0.512033	0.565018	20.87	20.8246	20.8039	20.7715	20.9131	0.502026	20.961	4.57984	21.9074	
0.499689	20.8964	0.484528	20.9155	18.3131	0.665648	20.8686	20.9648	0.50107	20.8048	20.8364	20.9357	0.637647	20.8514	0.511607	0.555557	20.87	20.8246	20.8039	20.7715	20.9131	0.502026	20.961	4.36724	21.9074	
0.499689	20.8964	0.484528	20.9155	18.3131	0.66258	20.8686	20.9648	0.50107	20.8048	20.8364	20.9357	0.637647	20.8514	0.511607	0.555557	20.87	20.8246	20.8039	20.7715	20.9131	0.501713	20.961	3.98883	21.9074	
0.499689	20.7855	0.484528	20.9155	18.3131	0.645609	20.8686	20.9648	0.5009	20.8048	20.8364	20.9357	0.637647	20.8514	0.5111	0.555557	20.87	20.8246	20.8039	20.7715	20.9131	0.501713	20.8062	3.98883	21.9074	
0.499689	20.7855	0.484528	20.9155	18.3131	0.636025	20.8686	20.9648	0.500775	20.8048	20.8364	20.9357	0.587169	20.8514	0.5111	0.555557	20.87	20.8246	20.8039	20.7715	20.9131	0.501608	20.8062	3.28176	21.9074	
0.499689	20.7855	0.484528	20.9155	18.3131	0.632633	20.8686	20.9648	0.500775	20.8048	20.8364	20.9357	0.587169	20.8514	0.5111	0.552864	20.87	20.8246	20.8039	20.7715	20.9131	0.501591	20.8062	2.93146	21.9074	
0.499689	20.7855	0.479577	20.9155	18.3131	0.608883	20.8686	20.9648	0.500775	20.8048	20.8364	20.9357	0.587169	20.8514	0.5111	0.546172	20.87	20.8246	20.8039	20.7715	20.9131	0.501591	20.8062	2.93146	21.9074	
0.499689	20.7855	0.479577	20.9155	18.3131	0.608883	20.8686	20.9569	0.500775	20.8048	20.8364	20.9332	0.587169	20.8514	0.509684	0.546172	20.87	20.8142	20.8039	20.7715	20.9131	0.501591	20.8062	2.88935	21.9074	
0.499385	20.7855	0.479577	20.9155	18.3131	0.608883	20.8686	20.9569	0.500775	20.8048	20.8364	20.9332	0.587169	20.8514	0.508712	0.546172	20.87	20.8142	20.8039	20.7715	20.9131	0.50135	20.8062	2.29538	21.9074	
0.499385	20.7855	0.479577	20.9155	18.3131	0.608883	20.8686	20.9569	0.500714	20.8048	20.8364	20.9332	0.578217	20.8514	0.508712	0.543059	20.87	20.8142	20.8039	20.7715	20.9131	0.500973	20.8062	2.29538	21.8972	
0.499385	20.7855	0.479577	20.9155	18.3131	0.594865	20.8686	20.9569	0.500714	20.8048	20.8364	20.9332	0.578217	20.8514	0.508712	0.527125	20.87	20.8142	20.8039	20.7715	20.9131	0.500973	20.8062	1.97417	21.8972	
0.499385	20.7855	0.479577	20.9155	18.3131	0.58315	20.8686	20.9569	0.500714	20.8048	20.8364	20.9332	0.567525	20.8514	0.50859	0.527125	20.87	20.8142	20.8039	20.7715	20.9131	0.500914	20.8062	1.80799	21.8972	
0.499385	20.7855	0.478967	20.9155	18.3131	0.58315	20.8686	20.9569	0.500714	20.8048	20.8364	20.9332	0.561348	20.8514	0.50859	0.527125	20.87	20.8142	20.8039	20.7715	20.9131	0.500914	20.8062	1.2087	21.8972	
0.499361	20.7855	0.478967	20.9155	18.3131	0.58315	20.8686	20.9569	0.500497	20.8048	20.8364	20.9332	0.558102	20.8514	0.50859	0.527125	20.87	20.8142	20.8039	20.7715	20.9131	0.500914	20.8062	1.2087	21.8972	
0.499361	20.6764	0.478967	20.9155	18.3131	0.572317	20.8686	20.9569	0.500497	20.8048	20.8364	20.9332	0.552189	20.8514	0.508036	0.527125	20.87	20.8142	20.8039	20.7715	20.9131	0.500894	20.8062	1.2087	21.8972	
0.499361	20.6764	0.478863	20.9155	18.3131	0.569498	20.8686	20.9569	0.500492	20.8048	20.8364	20.9332	0.544628	20.8514	0.508036	0.527125	20.87	20.8142	20.8039	20.7715	20.9131	0.500864	20.8062	1.14758	21.8972	
0.499361	20.6764	0.478798	20.9155	18.3131	0.561799	20.8686	20.9569	0.500492	20.8048	20.8364	20.9332	0.544628	20.8514	0.506633	0.527125	20.87	20.8142	20.8039	20.7715	20.9131	0.500808	20.8062	1.09554	21.8972	
0.499361	20.6764	0.478798	20.9155	18.3131	0.557079	20.8686	20.9569	0.500486	20.8048	20.8364	20.9332	0.536763	20.8514	0.506633	0.527125	20.87	20.8142	20.8039	20.7715	20.9131	0.50054	20.8062	1.09554	21.8972	
0.499361	20.6764	0.478657	20.9155	18.3131	0.55541	20.8686	20.9569	0.500486	20.8048	20.8364	20.9332	0.533914	20.8514	0.506002	0.527125	20.87	20.8142	20.8039	20.7715	20.9131	0.50054	20.8062	1.09554	21.8972	
0.499361	20.6764	0.477784	20.9155	18.3131	0.55097	20.8686	20.9569	0.500414	20.8048	20.8364	20.9332	0.533914	20.8514	0.505347	0.526957	20.87	20.8142	20.8039	20.7715	20.9131	0.50054	20.8062	0.914319	21.8972	
0.499361	20.6764	0.477784	20.9155	18.3131	0.55097	20.8686	20.9569	0.500414	20.8048	20.8364	20.9332	0.533914	20.8514	0.505347	0.524002	20.87	20.8142	20.8039	20.7715	20.9131	0.50054	20.8062	0.764361	21.8972	
0.499361	20.6764	0.473158	20.9155	18.3131	0.54449	20.8686	20.874	0.500414	20.8048	20.8364	20.9332	0.530751	20.8514	0.505347	0.524002	20.87	20.8142	20.8039	20.7715	20.9131	0.500502	20.8062	0.764361	21.8972	
0.499361	20.6764	0.473158	20.9155	18.3131	0.54449	20.8686	20.874	0.500414	20.8048	20.8364	20.9332	0.529151	20.8514	0.505277	0.52353	20.87	20.8142	20.8039	20.7715	20.9131	0.500459	20.788	0.764361	21.8972	
0.499266	20.6764	0.473158	20.9155	18.3131	0.538454	20.8686	20.874	0.500315	20.8048	20.8364	20.9332	0.526152	20.8514	0.503712	0.52353	20.87	20.7557	20.8039	20.7715	20.9131	0.50044	20.788	0.764361	21.8972	
0.499266	20.6764	0.473158	20.9155	18.3131	0.535969	20.8686	20.874	0.500301	20.8048	20.8364	20.9332	0.526152	20.8514	0.503712	0.521787	20.87	20.7557	20.8039	20.7715	20.9131	0.500418	20.788	0.761577	21.8972	
0.499249	20.6764	0.473158	20.9155	18.3131	0.531353	20.8686	20.874	0.500301	20.8048	20.8364	20.9332	0.523691	20.8514	0.503712	0.517122	20.87	20.7557	20.8039	20.7715	20.9131	0.500384	20.788	0.74474	21.8972	
0.499249	20.6764	0.473158	20.9155	18.3131	0.530443	20.8686	20.874	0.500301	20.8048	20.8364	20.9332	0.519666	20.8514	0.50357	0.516504	20.87	20.7557	20.8039	20.7715	20.9131	0.500372	20.788	0.737591	21.8972	
0.499055	20.6764	0.473158	20.9155	18.3131	0.528394	20.8686	20.874	0.500301	20.8048	20.8364	20.9332	0.519666	20.8514	0.50357	0.516504	20.87	20.7557	20.8039	20.7715	20.9131	0.500339	20.788	0.712509	21.8972	
0.499055	20.6764	0.473158	20.9155	18.3131	0.526459	20.8686	20.874	0.500267	20.8048	20.8364	20.9332	0.519666	20.8514	0.50357	0.516504	20.87	20.7557	20.8039	20.7715	20.9131	0.500299	20.788	0.682684	21.8972	
0.498992	20.6764	0.473158	20.9155	18.3131	0.526459	20.8686	20.874	0.500208	20.8048	20.8364	20.7788	0.518182	20.8514	0.50357	0.516504	20.87	20.7557	20.8039	20.7715	20.9131	0.500292	20.788	0.65878	21.8972	
0.498992	20.6764	0.473158	20.9155	18.3131	0.526459	20.8686	20.874	0.500135	20.8048	20.8364	20.7788	0.518182	20.8514	0.502457	0.516504	20.87	20.7557	20.8039	20.7715	20.9131	0.500291	20.788	0.640129	21.8972	
0.498992	20.6764	0.473158	20.9155	18.3131	0.522967	20.8686	20.874	0.500135	20.8048	20.8364	20.7788	0.518182	20.8514	0.502457	0.516504	20.87	20.7557	20.8039	20.7715	20.9131	0.500252	20.788	0.640129	21.8972	
0.498992	20.6764	0.473158	20.9155	18.3131	0.522967	20.8686	20.874	0.500135	20.8048	20.8364	20.7788	0.517468	20.8514	0.502457	0.515268	20.87	20.7557	20.8039	20.7715	20.9131	0.500227	20.788	0.63748	21.8972	
0.498992	20.6764	0.473158	20.9155	18.3131	0.522273	20.8686	20.874	0.500135	20.8048	20.8364	20.7788	0.515046	20.8514	0.502457	0.512614	20.87	20.7557	20.8039	20.7715	20.9131	0.500219	20.788	0.633295	21.8972	
0.498992	20.6764	0.473158	20.9155	18.3131	0.520681	20.8686	20.874	0.500135	20.8048	20.8364	20.7788	0.515046	20.8514	0.502457	0.512614	20.87	20.7557	20.8039	20.7715	20.9131	0.500207	20.788	0.599363	21.8972	
0.498992	20.6764	0.471315	20.9155	18.3131	0.518789	20.8686	20.874	0.500135	20.8048	20.8364	20.7788	0.515046	20.8514	0.502457	0.512614	20.87	20.7557	20.8039	20.7715	20.9131	0.500198	20.788	0.599363	21.8972	
0.498992	20.6764	0.471315	20.9155	18.3131	0.51713	20.8686	20.874	0.500135	20.8048	20.8364	20.7788	0.515046	20.8514	0.502457	0.512614	20.87	20.7557	20.8039	20.7715	20.9131	0.500172	20.788	0.599363	21.8972	
0.498992	20.6764	0.471315	20.9155	18.3131	0.51713	20.8686	20.874	0.500135	20.8048	20.8364	20.7788	0.514466	20.8514	0.502457	0.512614	20.87	20.7557	20.8039	20.7715	20.9131	0.500159	20.788	0.58665	21.8972	
0.498992	20.6764	0.471315	20.9155	18.3131	0.51713	20.8582	20.874	0.500135	20.8048	20.8364	20.7788	0.513502	20.8514	0.502457	0.512614	20.87	20.7557	20.8039	20.7715	20.9131	0.500157	20.788	0.582862	21.8972	
0.498992	20.6764	0.471315	20.9155	18.3131	0.516448	20.8582	20.874	0.500135	20.8048	20.8364	20.7788	0.513502	20.8514	0.501207	0.512614	20.87	20.7557	20.8039	20.7715	20.9131	0.500147	20.788	0.568996	21.8972	
0.498992	20.6764	0.468871	20.9155	18.3131	0.516444	20.8582	20.874	0.500135	20.8048	20.8364	20.7788	0.512908	20.8514	0.501207	0.512614	20.87	20.7557	20.8039	20.7715	20.9131	0.50014	20.788	0.568996	21.8972	
0.498992	20.6764	0.468871	20.9155	18.3131	0.516444	20.8582	20.874	0.500135	20.8048	20.8364	20.7788	0.510479	20.8514	0.501207	0.511433	20.87	20.7557	20.8039	20.7715	20.9131	0.500132	20.788	0.568996	21.8972	
0.498992	20.6764	0.468871	20.9155	18.3131	0.51286	20.8582	20.874	0.500135	20.8048	20.8364	20.7788	0.510479	20.8514	0.501207	0.511433	20.87	20.7557	20.8039	20.7715	20.9131	0.500128	20.788	0.562869	21.8972	
0.498992	20.6764	0.468871	20.9155	18.3131	0.51286	20.8582	20.874	0.500066	20.8048	20.8364	20.7788	0.510479	20.8514	0.501207	0.511433	20.87	20.7557	20.8039	20.7715	20.9131	0.50012	20.788	0.562869	21.8972	
0.498992	20.6764	0.468871	20.9155	18.3131	0.51286	20.8582	20.8255	0.500066	20.8048	20.8364	20.7788	0.509686	20.8514	0.501207	0.511433	20.87	20.7557	20.8039	20.7715	20.9131	0.500111	20.788	0.559115	21.8972	
0.498992	20.6764	0.468871	20.9155	18.3131	0.51286	20.8582	20.8255	0.500066	20.8048	20.8364	20.7788	0.509686	20.8514	0.500915	0.509887	20.87	20.7557	20.8039	20.7715	20.9131	0.500104	20.788	0.553683	21.8972	
0.498992	20.6764	0.468871	20.9155	18.3131	0.51286	20.8582	20.8255	0.500066	20.8048	20.8364	20.7788	0.509686	20.8514	0.500708	0.50864	20.87	20.7557	20.8039	20.7715	20.9131	0.500102	20.788	0.54864	21.8972	
0.498988	20.6764	0.468871	20.9155	18.3131	0.51286	20.8582	20.8255	0.500046	20.8048	20.8364	20.7788	0.507896	20.8514	0.500708	0.50864	20.87	20.7557	20.8039	20.7715	20.9131	0.50009	20.788	0.54864	21.8972	
0.498988	20.6764	0.468871	20.9155	18.3131	0.51286	20.8582	20.8255	0.500046	20.8048	20.8364	20.7788	0.507896	20.8514	0.500708	0.50864	20.87	20.7557	20.8039	20.7715	20.9131	0.50009	20.788	0.545067	21.8972	
0.498942	20.6764	0.468871	20.9155	18.3131	0.512066	20.8582	20.8255	0.500009	20.8048	20.8364	20.7788	0.507896	20.8514	0.500708	0.50864	20.87	20.7557	20.8039	20.7715	20.9131	0.500075	20.788	0.538314	21.8972	
0.498942	20.6764	0.468871	20.9155	18.3131	0.510979	20.8582	20.8255	0.500009	20.8048	20.8364	20.7788	0.507896	20.8514	0.500708	0.50864	20.87	20.7557	20.8039	20.7715	20.9131	0.500075	20.788	0.53489	21.8972	
0.498925	20.6764	0.468871	20.9155	18.3131	0.510979	20.8582	20.8255	0.500009	20.8048	20.8364	20.7788	0.507896	20.8514	0.500497	0.507204	20.87	20.7557	20.8039	20.7715	20.9131	0.500074	20.788	0.53489	21.8972	
0.498925	20.6764	0.468871	20.9155	18.3131	0.510979	20.8582	20.8255	0.500009	20.8048	20.8364	20.7788	0.507563	20.8514	0.500497	0.506108	20.87	20.7557	20.8039	20.7715	20.9131	0.500064	20.788	0.53489	21.8972	
0.498925	20.6764	0.468871	20.9155	18.3131	0.510065	20.8582	20.8255	0.499996	20.8048	20.8364	20.7788	0.507563	20.8514	0.500364	0.506108	20.87	20.7557	20.8039	20.7715	20.9131	0.500057	20.788	0.53489	21.8972	
0.498925	20.6764	0.468871	20.9155	18.3131	0.510065	20.8582	20.8255	0.499979	20.8048	20.8364	20.7788	0.507563	20.8514	0.500364	0.506108	20.87	20.7557	20.8039	20.7715	20.9131	0.500057	20.788	0.528309	21.8972	
0.498925	20.6764	0.468871	20.9155	18.3131	0.509886	20.8582	20.8255	0.499979	20.8048	20.8364	20.7788	0.507563	20.8514	0.500364	0.506108	20.87	20.7557	20.8039	20.7715	20.9131	0.500056	20.788	0.528309	21.8972	
0.498925	20.6764	0.468871	20.9155	18.3131	0.509886	20.8582	20.8255	0.499979	20.8048	20.8364	20.7788	0.507563	20.8514	0.500364	0.506108	20.87	20.7557	20.8039	20.7715	20.9131	0.500047	20.788	0.528309	21.8972	
0.498925	20.6764	0.467203	20.9155	18.3131	0.509615	20.8582	20.8255	0.499926	20.8048	20.8364	20.7788	0.506431	20.8514	0.500364	0.505759	20.87	20.7557	20.8039	20.7715	20.9131	0.500043	20.788	0.525145	21.8972	
0.498925	20.6764	0.467203	20.9155	18.3131	0.509056	20.8582	20.8255	0.499926	20.8048	20.8364	20.7788	0.506431	20.8514	0.500224	0.505759	20.87	20.7557	20.8039	20.7715	20.9131	0.500042	20.788	0.525145	21.8972	
0.498925	20.6764	0.467203	20.9155	18.3131	0.508415	20.8582	20.8255	0.499926	20.8048	20.8364	20.7788	0.506431	20.8514	0.500224	0.505759	20.87	20.7557	20.8039	20.7715	20.9131	0.500039	20.788	0.522958	21.8972	
0.498893	20.6764	0.467203	20.9155	18.3131	0.507572	20.8582	20.8255	0.499926	20.8048	20.8364	20.7788	0.506431	20.8514	0.500224	0.505759	20.87	20.7557	20.8039	20.7715	20.9131	0.500034	20.788	0.521224	21.8972	
0.498893	20.6764	0.467203	20.9155	18.3131	0.507572	20.8582	20.8255	0.499926	20.8048	20.8364	20.7788	0.505485	20.8514	0.500224	0.501612	20.87	20.7557	20.8039	20.7715	20.9131	0.500034	20.788	0.521224	21.8972	
0.498893	20.6764	0.467203	20.9155	18.3131	0.507572	20.8582	20.8255	0.499926	20.8048	20.8364	20.7788	0.505485	20.8514	0.500224	0.501612	20.87	20.7557	20.8039	20.7715	20.9131	0.500034	20.788	0.521224	21.8972	
0.498704	20.6764	0.467203	20.9155	18.3131	0.507572	20.8582	20.8255	0.499926	20.8048	20.8364	20.7788	0.505485	20.8514	0.500224	0.501612	20.87	20.7557	20.8039	20.7715	20.9131	0.500034	20.788	0.521224	21.8972	
0.498564	20.6764	0.467203	20.9155	18.3131	0.507572	20.8582	20.8255	0.499906	20.8048	20.8364	20.7788	0.505485	20.8514	0.500142	0.501612	20.87	20.7557	20.8039	20.7715	20.9131	0.500032	20.788	0.519454	21.8972	
0.498564	20.6764	0.467203	20.9155	18.3131	0.507536	20.8582	20.8255	0.499906	20.8048	20.8364	20.7788	0.505485	20.8514	0.500142	0.50143	20.87	20.7557	20.8039	20.7715	20.9131	0.500032	20.788	0.514067	21.8972	
0.498564	20.6764	0.467203	20.9155	18.3131	0.507212	20.8582	20.8255	0.499906	20.8048	20.8364	20.7788	0.504478	20.8514	0.500142	0.50143	20.87	20.7557	20.8039	20.7715	20.9131	0.50003	20.788	0.514067	21.8972	
0.498564	20.6764	0.467203	20.9155	18.3131	0.507212	20.8582	20.8255	0.499906	20.8048	20.8364	20.7788	0.504478	20.8514	0.500091	0.50143	20.87	20.7557	20.8039	20.7715	20.9131	0.50003	20.788	0.514067	21.8972	
0.498564	20.6764	0.467203	20.9155	18.3131	0.507161	20.8582	20.8255	0.499906	20.8048	20.8364	20.7788	0.503683	20.8514	0.500074	0.50143	20.87	20.7557	20.8039	20.7715	20.9131	0.500028	20.788	0.514067	21.8972	
0.498564	20.6764	0.467203	20.9155	16.4522	0.507059	20.8582	20.8255	0.499906	20.8048	20.8364	20.7788	0.503683	20.8514	0.500074	0.50143	20.87	20.7557	20.8039	20.7715	20.9131	0.500028	20.788	0.514067	21.8972	
0.498564	20.6764	0.467203	20.9155	16.4522	0.505802	20.8582	20.8255	0.499906	20.8048	20.8364	20.7788	0.503683	20.8514	0.499922	0.50143	20.87	20.7557	20.8039	20.7715	20.9131	0.500027	20.788	0.514067	21.8972	
0.498564	20.6764	0.467203	20.9155	16.4522	0.505802	20.8582	20.8255	0.499906	20.8048	20.8364	20.7788	0.503683	20.8514	0.499922	0.50143	20.87	20.7557	20.8039	20.7715	20.9131	0.500025	20.788	0.514067	21.8972	
0.498564	20.6764	0.467203	20.9155	16.4522	0.505802	20.8582	20.8255	0.499906	20.8048	20.8364	20.7788	0.502687	20.8514	0.499777	0.50143	20.87	20.7557	20.7797	20.7715	20.9131	0.500025	20.788	0.514067	21.8972	
0.498564	20.6764	0.467203	20.9155	16.4522	0.505802	20.8582	20.8255	0.499906	20.8048	20.8364	20.7788	0.502687	20.8514	0.499775	0.50143	20.87	20.7557	20.7797	20.7715	20.9131	0.500024	20.788	0.514067	21.8972	
0.498564	20.6764	0.467203	20.9155	16.4522	0.50555	20.8582	20.8255	0.499906	20.8048	20.8364	20.7788	0.502687	20.8514	0.499644	0.500845	20.87	20.7557	20.7797	20.7715	20.9131	0.500023	20.788	0.512068	21.8972	
0.498564	20.6764	0.467203	20.9155	16.4522	0.505418	20.8582	20.8255	0.499906	20.8048	20.8364	20.7788	0.502687	20.8514	0.499644	0.500572	20.87	20.7557	20.7797	20.7715	20.9131	0.500022	20.788	0.512068	21.8972	
0.498564	20.6764	0.467203	20.9155	16.4522	0.505418	20.8582	20.8255	0.499906	20.8048	20.8364	20.7788	0.502687	20.8514	0.499644	0.500572	20.87	20.7557	20.7797	20.7715	20.9131	0.500022	20.788	0.512068	21.8972	
0.498556	20.6764	0.467136	20.9155	16.4522	0.505418	20.8582	20.8255	0.499903	20.8048	20.8364	20.7788	0.502687	20.8514	0.49958	0.498022	20.87	20.7557	20.7797	20.7715	20.9131	0.496574	20.788	0.510868	21.8972	
0.498556	20.6764	0.467136	20.9155	16.4522	0.50526	20.8057	20.8255	0.499903	20.8048	20.8364	20.7788	0.502347	20.8514	0.49958	0.498022	20.87	20.7557	20.7797	20.7715	20.9131	0.496574	20.788	0.510812	21.8972	
0.498556	20.6764	0.467136	20.9155	16.4522	0.504693	20.8057	20.8255	0.499897	20.8048	20.8364	20.7788	0.502347	20.8514	0.499563	0.498022	20.87	20.7557	20.7797	20.7715	20.9131	0.496574	20.788	0.510812	21.8972	
0.498556	20.6764	0.465912	20.9155	15.9061	0.504693	20.8057	20.8255	0.499869	20.8048	20.8364	20.7788	0.501355	20.8514	0.499563	0.498022	20.87	20.7557	20.7797	20.7715	20.9131	0.496574	20.788	0.510812	21.8972	
0.498556	20.6764	0.465912	20.9155	15.9061	0.504693	20.8057	20.8255	0.499869	20.8048	20.8364	20.7788	0.501355	20.8514	0.499497	0.498022	20.87	20.7557	20.7797	20.7715	20.8442	0.496574	20.788	0.510812	21.8972	
0.498556	20.6764	0.465912	20.9155	11.2081	0.504326	20.8057	20.8255	0.499869	20.8048	20.8364	20.7788	0.501355	20.8514	0.499497	0.498022	20.87	20.7557	20.7797	20.7715	20.8442	0.496574	20.788	0.508592	21.8972	
0.498556	20.6764	0.465912	20.9155	11.2081	0.504326	20.8057	20.825	0.499869	20.8048	20.8364	20.7788	0.501355	20.8514	0.499497	0.497614	20.87	20.7557	20.7797	20.7715	20.8442	0.496574	20.788	0.508592	21.8972	
0.498556	20.6764	0.465912	20.9155	11.2081	0.504326	20.8057	20.825	0.499869	20.8048	20.8364	20.7788	0.501355	20.8514	0.499497	0.497614	20.87	20.7557	20.7797	20.7715	20.8442	0.496574	20.788	0.508592	21.8972	
0.498556	20.6764	0.465912	20.9155	9.39363	0.504326	20.8057	20.825	0.499869	20.8048	20.8364	20.7788	0.501355	20.8514	0.499497	0.497614	20.87	20.7557	20.7797	20.7715	20.8442	0.496574	20.788	0.508592	21.8972	
0.498553	20.6764	0.465912	20.9155	8.32848	0.504151	20.8057	20.825	0.499869	20.8048	20.8364	20.7788	0.501355	20.8514	0.499359	0.496713	20.87	20.7557	20.7797	20.7715	20.8442	0.496574	20.788	0.505897	21.8972	
0.498512	20.6764	0.465912	20.9155	6.38803	0.504151	20.8057	20.825	0.499869	20.8048	20.8364	20.7788	0.500963	20.8514	0.499359	0.496713	20.87	20.7557	20.7797	20.7715	20.8442	0.496574	20.788	0.505459	21.8972	
0.498512	20.6764	0.465912	20.9155	6.38803	0.504101	20.8057	20.825	0.499869	20.8048	20.8364	20.7788	0.500466	20.8514	0.499208	0.496713	20.87	20.7557	20.7797	20.7715	20.8442	0.496574	20.788	0.504898	21.8972	
0.498512	20.6764	0.465912	20.9155	6.38803	0.503821	20.8057	20.825	0.499869	20.8048	20.8364	20.7788	0.500466	20.8514	0.499208	0.495778	20.87	20.7557	20.7797	20.7715	20.8442	0.496574	20.788	0.503931	21.8972	
0.498512	20.6764	0.465912	20.9155	5.84975	0.503821	20.8057	20.825	0.499855	20.8048	20.8364	20.7788	0.500466	20.8514	0.499208	0.495778	20.87	20.7557	20.7797	20.7715	20.8442	0.496574	20.788	0.503931	21.8972	
0.498512	20.6764	0.465912	20.9155	5.27759	0.503821	20.8057	20.825	0.499855	20.8048	20.8364	20.7788	0.500466	20.8514	0.499199	0.495591	20.87	20.7557	20.7797	20.7715	20.8442	0.496574	20.788	0.503931	21.8972	
0.498474	20.6764	0.465912	20.9155	4.86419	0.503533	20.8057	20.825	0.499855	20.8048	20.8364	20.7788	0.500212	20.8514	0.499199	0.495591	20.87	20.7557	20.7797	20.7715	20.8442	0.496574	20.788	0.503931	21.8972	
0.498439	20.6764	0.465592	20.9155	4.2618	0.503406	20.8057	20.825	0.499855	20.8048	20.8364	20.7788	0.500212	20.8514	0.499199	0.495591	20.87	20.7557	20.7797	20.7715	20.8442	0.496574	20.788	0.503122	21.8972	
0.498439	20.6764	0.46543	20.9155	3.68887	0.503406	20.8057	20.825	0.499855	20.8048	20.7801	20.7788	0.500212	20.8514	0.499199	0.494943	20.87	20.7557	20.7797	20.7715	20.8442	0.496574	20.788	0.502776	21.8972	
0.4984	20.6764	0.46543	20.9155	2.48581	0.503366	20.8057	20.825	0.499855	20.8048	20.7801	20.7788	0.500212	20.8514	0.499199	0.494315	20.87	20.7557	20.7797	20.7715	20.8442	0.496574	20.788	0.50264	21.8972	
0.4984	20.6764	0.46474	20.9155	2.48581	0.503298	20.8057	20.825	0.499855	20.8048	20.7801	20.7788	0.500212	20.8514	0.499164	0.494315	20.87	20.7557	20.7797	20.7715	20.8442	0.496574	20.788	0.502441	21.8972	
0.4984	20.6764	0.46474	20.9155	2.48581	0.503221	20.8057	20.825	0.499854	20.8048	20.7801	20.7788	0.499835	20.8514	0.499164	0.494043	20.87	20.7557	20.7797	20.7715	20.8442	0.496574	20.788	0.501476	21.8972	
0.4984	20.6764	0.46474	20.9155	2.39632	0.503221	20.8057	20.825	0.49983	20.8048	20.7801	20.7788	0.499835	20.8514	0.49903	0.493548	20.87	20.7557	20.7797	20.7715	20.8442	0.496574	20.788	0.500803	21.8972	
0.4984	20.6764	0.464687	20.9155	2.1174	0.503184	20.8057	20.825	0.49983	20.8048	20.7801	20.7788	0.499835	20.8514	0.49894	0.493548	20.87	20.7557	20.7797	20.7715	20.8442	0.496574	20.788	0.500803	21.8972	
0.4984	20.6764	0.464476	20.9155	1.87979	0.503184	20.8057	20.825	0.49983	20.8048	20.7801	20.7788	0.499827	20.8514	0.49894	0.493548	20.87	20.7557	20.7797	20.7715	20.8442	0.496574	20.788	0.500803	21.8972	
0.4984	20.6764	0.464476	20.9155	1.78335	0.503184	20.8057	20.825	0.49983	20.8048	20.7801	20.7788	0.499673	20.8514	0.49894	0.493541	20.87	20.7557	20.7797	20.7715	20.8442	0.496574	20.788	0.500803	21.8972	
0.4984	20.6764	0.464476	20.9155	1.58948	0.503184	20.8057	20.825	0.49983	20.8048	20.7801	20.7788	0.499673	20.8099	0.49894	0.493327	20.87	20.7557	20.7797	20.7715	20.8442	0.496574	20.788	0.500136	21.8972	
0.4984	20.6764	0.464183	20.9155	1.45469	0.503043	20.8057	20.825	0.49983	20.8048	20.7801	20.7788	0.499673	20.8099	0.49894	0.492979	20.87	20.7557	20.7797	20.7715	20.8442	0.496574	20.788	0.500136	21.8972	
0.4984	20.6764	0.464183	20.9155	1.24689	0.502855	20.8057	20.825	0.49983	20.8048	20.7801	20.7788	0.499604	20.8099	0.49894	0.492979	20.87	20.7557	20.7797	20.7715	20.8442	0.496574	20.788	0.500136	21.8972	
0.4984	20.6764	0.464183	20.9155	0.97234	0.502855	20.8057	20.825	0.49983	20.8048	20.7801	20.7788	0.499604	20.8099	0.49894	0.492649	20.87	20.7557	20.7797	20.7715	20.8442	0.496574	20.788	0.499548	21.8972	
0.4984	20.6764	0.464183	20.9155	0.97234	0.502812	20.8057	20.825	0.499795	20.8048	20.7801	20.7788	0.499077	20.8099	0.498887	0.491906	20.87	20.7557	20.7797	20.7715	20.8442	0.496574	20.788	0.499168	21.8085	
0.4984	20.6764	0.464183	20.9155	0.97234	0.502812	20.8057	20.825	0.499793	20.8048	20.7801	20.7788	0.499077	20.8099	0.498887	0.491719	20.87	20.7557	20.7797	20.7715	20.8442	0.496574	20.788	0.499168	21.8085	
0.4984	20.6764	0.464183	20.9155	0.97234	0.502812	20.8057	20.825	0.499793	20.8048	20.7801	20.7788	0.499077	20.8099	0.498819	0.491688	20.87	20.7557	20.7797	20.7715	20.8442	0.496574	20.788	0.499168	21.8085	
0.4984	20.6764	0.464183	20.9155	0.948747	0.502812	20.8057	20.825	0.499793	20.8048	20.7801	20.7788	0.499077	20.8099	0.498819	0.491577	20.87	20.7557	20.7797	20.7715	20.8442	0.496574	20.788	0.49915	21.8085	
0.498386	20.6764	0.464183	20.9155	0.867169	0.502613	20.8057	20.825	0.499793	20.8048	20.7801	20.7788	0.499077	20.8099	0.498734	0.49138	20.87	20.7557	20.7797	20.7715	20.8442	0.496574	20.788	0.49915	21.8085	
0.498386	20.6764	0.463685	20.8012	0.865844	0.502613	20.8057	20.825	0.499793	20.8048	20.7801	20.7788	0.499077	20.8099	0.498734	0.490664	20.87	20.7557	20.7797	20.7715	20.8442	0.496574	20.788	0.49915	21.8085	
0.498386	20.6764	0.463685	20.8012	0.806597	0.5026	20.8057	20.825	0.499787	20.8048	20.7801	20.7788	0.499077	20.8099	0.498734	0.490318	20.87	20.7557	20.7797	20.7715	20.8442	0.496574	20.788	0.498696	21.8085	
0.498355	20.6764	0.463685	20.8012	0.722647	0.5026	20.8057	20.825	0.499725	20.8048	20.7801	20.7788	0.499077	20.8099	0.498734	0.490318	20.87	20.7557	20.7797	20.7715	20.8442	0.496574	20.7673	0.498696	21.8085	
0.498347	20.6764	0.463685	20.8012	0.695632	0.502259	20.8057	20.825	0.499725	20.8048	20.7801	20.7788	0.499077	20.8099	0.498734	0.48995	20.87	20.7557	20.7797	20.7715	20.8442	0.496574	20.7673	0.498335	21.8085	
0.498347	20.6764	0.463685	20.8012	0.695632	0.502259	20.8057	20.825	0.499725	20.8048	20.7801	20.7788	0.499077	20.8099	0.498734	0.489747	20.87	20.7557	20.7797	20.7715	20.8442	0.496574	20.7673	0.498335	21.8085	
0.498347	20.6764	0.463685	20.8012	0.67247	0.502259	20.8057	20.825	0.499725	20.8048	20.7801	20.7788	0.499077	20.8099	0.498734	0.489747	20.87	20.7557	20.7797	20.7715	20.8442	0.496574	20.7673	0.498335	21.8085	
0.498347	20.6764	0.463685	20.8012	0.671169	0.502069	20.8057	20.825	0.499725	20.8048	20.7801	20.7788	0.498842	20.8099	0.498683	0.489747	20.87	20.7557	20.7797	20.7715	20.8442	0.496574	20.7673	0.498335	21.8085	
0.498347	20.6764	0.463685	20.8012	0.671169	0.502069	20.8057	20.825	0.499683	20.8048	20.7801	20.7788	0.498842	20.8099	0.498683	0.489494	20.87	20.7557	20.7797	20.7715	20.8442	0.496574	20.7673	0.49807	21.8085	
0.498347	20.6764	0.462803	20.8012	0.639617	0.502069	20.8057	20.825	0.499683	20.8048	20.7801	20.7788	0.498826	20.8099	0.498683	0.489494	20.8488	20.7557	20.7797	20.7715	20.8442	0.496574	20.7673	0.497941	21.8085	
0.498347	20.6764	0.462803	20.8012	0.630126	0.502069	20.8057	20.825	0.499664	20.8048	20.7801	20.7788	0.498826	20.8099	0.498683	0.489301	20.8488	20.7557	20.7797	20.7715	20.8442	0.496574	20.7673	0.4978	21.8085	
0.498347	20.6764	0.462726	20.8012	0.62914	0.502069	20.8057	20.825	0.499656	20.8048	20.7801	20.7788	0.498826	20.8099	0.49862	0.489301	20.8488	20.7557	20.7797	20.7715	20.8442	0.496574	20.7673	0.4978	21.8085	
0.498347	20.6764	0.462726	20.8012	0.623558	0.502016	20.8057	20.825	0.499615	20.8048	20.7801	20.7788	0.498826	20.8099	0.498614	0.489301	20.8488	20.7557	20.7797	20.7715	20.8442	0.496574	20.7673	0.497499	21.8085	
0.498347	20.6764	0.462726	20.8012	0.62122	0.502016	20.8057	20.825	0.499604	20.8048	20.7801	20.7788	0.498826	20.8099	0.498614	0.489301	20.8488	20.7557	20.7797	20.7715	20.8442	0.496574	20.7673	0.497285	21.8085	
0.498344	20.6764	0.462726	20.8012	0.616395	0.502016	20.8057	20.825	0.499604	20.8048	20.7801	20.7788	0.498706	20.8099	0.498614	0.489301	20.8488	20.7557	20.7797	20.7715	20.8442	0.496574	20.7673	0.497177	21.8085	
0.498344	20.6764	0.462014	20.8012	0.609241	0.502016	20.8057	20.825	0.499597	20.8048	20.7801	20.7788	0.498706	20.8099	0.498614	0.489252	20.8488	20.7557	20.7797	20.7715	20.8442	0.496574	20.7673	0.497177	21.8085	
0.498343	20.6764	0.462014	20.8012	0.609241	0.502016	20.8057	20.825	0.499597	20.8048	20.7801	20.7788	0.498706	20.8099	0.498614	0.489071	20.8488	20.7557	20.7797	20.7715	20.8442	0.496574	20.7673	0.497177	21.8085	
0.498313	20.6764	0.462014	20.8012	0.606621	0.502016	20.8057	20.825	0.499589	20.8048	20.7801	20.7788	0.498706	20.8099	0.498584	0.489071	20.8488	20.7557	20.7797	20.7715	20.8442	0.496574	20.7673	0.496917	21.8085	
0.498313	20.6764	0.462014	20.8012	0.605304	0.502016	20.8057	20.825	0.499577	20.8048	20.7801	20.7788	0.498641	20.8099	0.498569	0.489071	20.8488	20.7557	20.7797	20.7715	20.8442	0.496574	20.7673	0.496917	21.8085	
0.498313	20.6764	0.462014	20.8012	0.605304	0.501852	20.8057	20.825	0.49956	20.8048	20.7801	20.7788	0.498641	20.8099	0.498569	0.488774	20.8488	20.7557	20.7797	20.7715	20.8442	0.496574	20.7673	0.496917	21.8085	
0.498313	20.6764	0.462014	20.8012	0.597359	0.501852	20.8057	20.825	0.49956	20.8048	20.7801	20.7788	0.498541	20.8099	0.498569	0.488774	20.8488	20.7557	20.7797	20.7715	20.8442	0.496574	20.7673	0.496813	21.8085	
0.498293	20.6764	0.462014	20.8012	0.595042	0.501852	20.8057	20.825	0.49956	20.8048	20.7801	20.7788	0.498541	20.8099	0.498569	0.488419	20.7845	20.7557	20.7797	20.7715	20.8442	0.496574	20.7673	0.496813	21.8085	
0.498293	20.6764	0.462014	20.8012	0.592363	0.501852	20.8057	20.825	0.49956	20.8048	20.7801	20.7788	0.498541	20.8099	0.498551	0.488419	20.7845	20.7557	20.7797	20.7715	20.8442	0.496574	20.7673	0.496813	21.8085	
0.498291	20.6764	0.461425	20.8012	0.584882	0.501852	20.8057	20.825	0.49956	20.8048	20.7801	20.7788	0.498541	20.8099	0.498527	0.488419	20.7845	20.7557	20.7797	20.7715	20.8442	0.496574	20.7673	0.496564	21.8085	
0.498291	20.6764	0.461425	20.8012	0.578699	0.501852	20.8057	20.825	0.49956	20.8048	20.7801	20.7788	0.49848	20.8099	0.498501	0.488419	20.7845	20.7557	20.7797	20.7715	20.8442	0.496574	20.7673	0.496416	21.8085	
0.498291	20.6764	0.461425	20.8012	0.577375	0.501852	20.8057	20.825	0.499554	20.8048	20.7801	20.7788	0.498448	20.8099	0.498478	0.488419	20.7845	20.7557	20.7797	20.7715	20.8442	0.496574	20.7673	0.49614	21.8085	
0.498291	20.6764	0.461425	20.8012	0.573488	0.501748	20.8057	20.825	0.499546	20.8048	20.7801	20.7788	0.498448	20.8099	0.498478	0.488253	20.7845	20.7557	20.7797	20.7715	20.8442	0.496574	20.7673	0.49614	21.8085	
0.498284	20.6764	0.461425	20.8012	0.569947	0.501748	20.8057	20.825	0.499546	20.8048	20.7801	20.7788	0.498448	20.8099	0.498461	0.488253	20.7845	20.7557	20.7797	20.7715	20.8442	0.496574	20.7673	0.49614	21.8085	
0.498278	20.6764	0.461425	20.8012	0.565391	0.501677	20.8057	20.825	0.499546	20.8048	20.7801	20.7788	0.498448	20.8099	0.498461	0.488253	20.7845	20.7557	20.7797	20.7715	20.8442	0.496574	20.7673	0.49614	21.8085	
0.498278	20.6764	0.461425	20.8012	0.55813	0.501677	20.8057	20.825	0.499546	20.8048	20.7801	20.7788	0.498433	20.8099	0.498433	0.488188	20.7845	20.7557	20.7797	20.7715	20.8442	0.496574	20.7673	0.496072	21.8085	
0.498246	20.6764	0.461425	20.8012	0.555393	0.501566	20.8057	20.825	0.499546	20.8048	20.7801	20.7788	0.498266	20.8099	0.498433	0.488181	20.7845	20.7557	20.7797	20.7715	20.8442	0.496574	20.7673	0.495899	21.8085	
0.498246	20.6764	0.461425	20.8012	0.551765	0.501566	20.8057	20.825	0.499546	20.8048	20.7801	20.7788	0.498266	20.8099	0.498427	0.488073	20.7845	20.7557	20.7797	20.7715	20.8442	0.496574	20.7673	0.495878	21.8085	
0.498246	20.6764	0.461425	20.8012	0.549793	0.501566	20.8057	20.825	0.499539	20.8048	20.7801	20.7788	0.498266	20.8099	0.49837	0.487909	20.7845	20.7557	20.7797	20.7715	20.8442	0.496574	20.7673	0.495758	21.8085	
0.498243	20.6764	0.461425	20.8012	0.549299	0.501492	20.8057	20.825	0.499532	20.8048	20.7801	20.7788	0.498266	20.8099	0.49837	0.487909	20.7845	20.7557	20.7797	20.7715	20.8442	0.496574	20.7673	0.495758	21.8085	
0.498243	20.6764	0.461425	20.8012	0.549299	0.50147	20.8057	20.825	0.499517	20.8048	20.7801	20.7788	0.498266	20.8099	0.498352	0.487778	20.7845	20.7557	20.7797	20.7715	20.8442	0.496574	20.7673	0.495758	21.8085	
0.498243	20.6764	0.461425	20.8012	0.547562	0.501429	20.8057	20.825	0.499517	20.8048	20.7801	20.7788	0.498185	20.8099	0.498352	0.487778	20.7845	20.7557	20.7639	20.7715	20.8442	0.496574	20.7673	0.495609	21.8085	
0.498243	20.6764	0.461425	20.8012	0.546232	0.501429	20.8057	20.825	0.499517	20.8048	20.7801	20.7788	0.498185	20.8099	0.498352	0.487778	20.7845	20.7557	20.7639	20.7715	20.8442	0.496574	20.7673	0.495609	21.8085	
0.498226	20.6764	0.460879	20.8012	0.545573	0.501429	20.8057	20.825	0.499517	20.8048	20.7801	20.7788	0.498162	20.8099	0.498352	0.487759	20.7845	20.7557	20.7639	20.7715	20.8442	0.496574	20.7673	0.495609	21.8085	
0.498226	20.6764	0.460879	20.8012	0.544957	0.501429	20.8057	20.825	0.499517	20.8048	20.7801	20.7788	0.498097	20.8099	0.498313	0.487759	20.7845	20.7557	20.7639	20.7715	20.8442	0.496574	20.7087	0.49551	21.8085	
0.498226	20.6764	0.460879	20.8012	0.544271	0.501379	20.8057	20.7905	0.499517	20.8048	20.7801	20.7788	0.498097	20.8099	0.498313	0.487715	20.7845	20.7557	20.7639	20.7715	20.8442	0.494874	20.7087	0.49551	21.8085	
0.498226	20.6764	0.460879	20.8012	0.543325	0.501291	20.8057	20.7905	0.499516	20.8048	20.7801	20.7788	0.498097	20.8099	0.498313	0.487644	20.7845	20.7557	20.7639	20.7715	20.8442	0.493118	20.7087	0.49551	21.8085	
0.49822	20.6764	0.460879	20.8012	0.54266	0.501058	20.8057	20.7905	0.499516	20.8048	20.7801	20.7788	0.498059	20.8099	0.498313	0.487644	20.7845	20.7557	20.7639	20.7715	20.8442	0.493118	20.7087	0.49551	21.8085	
0.49822	20.6764	0.460879	20.8012	0.5412	0.501058	20.8057	20.7905	0.499512	20.8048	20.7801	20.7788	0.497996	20.8099	0.498313	0.487515	20.7845	20.7557	20.7639	20.7715	20.8442	0.493118	20.7087	0.495459	21.8085	
0.49822	20.6764	0.460879	20.8012	0.540857	0.50089	20.8057	20.7905	0.499512	20.8048	20.7801	20.7788	0.497989	20.8099	0.498295	0.487515	20.7845	20.7557	20.7639	20.7715	20.8442	0.487887	20.7087	0.495457	21.8085	
0.49822	20.6764	0.460879	20.8012	0.537923	0.500854	20.8057	20.7905	0.499512	20.8048	20.7801	20.7788	0.497881	20.8099	0.498295	0.487515	20.7845	20.7557	20.7639	20.7715	20.8442	0.487829	20.7087	0.49539	21.8085	
0.49822	20.6764	0.460879	20.8012	0.537923	0.500823	20.8057	20.7905	0.499508	20.8048	20.7801	20.7788	0.497842	20.8099	0.498278	0.487515	20.7845	20.7557	20.7639	20.7715	20.8442	0.487829	20.7087	0.495338	21.8085	
0.498214	20.6764	0.460879	20.8012	0.535414	0.500791	20.8057	20.7905	0.499507	20.8048	20.7801	20.7788	0.497767	20.8099	0.498274	0.487515	20.7845	20.7557	20.7639	20.7715	20.8442	0.487829	20.7087	0.495259	21.8085	
0.498214	20.6764	0.460879	20.8012	0.534175	0.500702	20.8057	20.7905	0.499507	20.8048	20.7801	20.7788	0.497767	20.8099	0.498251	0.487437	20.7845	20.7557	20.7639	20.7715	20.8442	0.487728	20.7087	0.495211	21.8085	
0.498214	20.6764	0.460879	20.8012	0.533052	0.500633	20.8057	20.7905	0.499506	20.8048	20.7801	20.7788	0.497714	20.8099	0.498248	0.487437	20.7845	20.7557	20.7639	20.7715	20.8442	0.487728	20.7087	0.495211	21.8085	
0.498214	20.6764	0.460879	20.8012	0.531876	0.500498	20.8057	20.7905	0.499504	20.8048	20.7801	20.7788	0.497714	20.8099	0.498248	0.487437	20.7845	20.7557	20.7639	20.7715	20.8442	0.487584	20.7087	0.495192	21.8085	
0.498214	20.6764	0.460879	20.8012	0.530791	0.500429	20.8057	20.7905	0.499504	20.8048	20.7801	20.7788	0.497634	20.8099	0.498234	0.487339	20.7845	20.7557	20.7639	20.7715	20.8442	0.487584	20.7087	0.495192	21.8085	
0.498207	20.6764	0.460879	20.8012	0.53067	0.500347	20.8057	20.7905	0.499504	20.8048	20.7801	20.7788	0.497634	20.8099	0.498196	0.487339	20.7845	20.7557	20.7639	20.7715	20.8442	0.487584	20.7087	0.495167	21.8085	
0.4982	20.6764	0.460879	20.8012	0.529678	0.500219	20.8057	20.7905	0.499504	20.7759	20.7801	20.7788	0.497627	20.8099	0.498125	0.487273	20.7845	20.7557	20.7639	20.7715	20.8442	0.48756	20.7087	0.495148	21.8085	
0.4982	20.6764	0.460873	20.8012	0.528708	0.50014	20.8057	20.7905	0.499501	20.7759	20.7801	20.7788	0.497627	20.8099	0.498077	0.487273	20.7845	20.7557	20.7639	20.7715	20.8442	0.487488	20.7087	0.495111	21.8085	
0.4982	20.6764	0.460791	20.8012	0.528524	0.500057	20.8057	20.7905	0.499501	20.7677	20.7801	20.7788	0.497573	20.8099	0.498063	0.487254	20.7845	20.7557	20.7639	20.7715	20.8442	0.487469	20.7087	0.495007	21.8085	
0.498195	20.6764	0.460791	20.8012	0.52831	0.499896	20.8057	20.7905	0.499501	20.7677	20.7801	20.7788	0.497573	20.8099	0.498042	0.487254	20.7845	20.7557	20.7639	20.7715	20.8442	0.487469	20.7087	0.495007	21.8085	
0.498195	20.6764	0.460791	20.8012	0.528022	0.499825	20.8057	20.7905	0.499501	20.7677	20.7801	20.7788	0.497521	20.8099	0.497999	0.487254	20.7845	20.7557	20.7639	20.7715	20.8442	0.487469	20.7087	0.495007	21.8085	
0.498178	20.6764	0.460725	20.8012	0.528022	0.499715	20.8057	20.7905	0.499501	20.7677	20.7801	20.7788	0.497521	20.8099	0.497986	0.48722	20.7845	20.7557	20.7639	20.7715	20.8442	0.487453	20.7087	0.494956	21.8085	
0.498178	20.6764	0.460725	20.8012	0.528021	0.499604	20.8057	20.7905	0.4995	20.7677	20.7801	20.7788	0.497497	20.8099	0.497967	0.487138	20.7845	20.7557	20.7639	20.7715	20.8442	0.487452	20.7087	0.494905	21.8085	
0.498178	20.6764	0.460725	20.8012	0.527914	0.499586	20.8057	20.7905	0.4995	20.7677	20.7801	20.7788	0.497468	20.8099	0.497967	0.487118	20.7845	20.7557	20.7639	20.7715	20.8442	0.487452	20.7087	0.494852	21.8085	
0.498178	20.6764	0.460608	20.8012	0.527727	0.499522	20.8057	20.7905	0.4995	20.7677	20.7801	20.7788	0.497468	20.8099	0.497962	0.487118	20.7845	20.7557	20.7639	20.7715	20.8442	0.487451	20.7087	0.494723	21.8085	
0.498178	20.6764	0.460608	20.8012	0.527573	0.499498	20.8057	20.7905	0.499498	20.7677	20.7801	20.7788	0.497447	20.8099	0.497923	0.487024	20.7845	20.7557	20.7639	20.7715	20.8442	0.48745	20.7087	0.494681	21.8085	
0.498178	20.6764	0.460586	20.8012	0.52712	0.499418	20.8057	20.7905	0.499498	20.7677	20.7801	20.7788	0.497447	20.8099	0.497888	0.486961	20.7845	20.7557	20.7639	20.7715	20.8442	0.487444	20.7087	0.494611	21.8085	
0.498178	20.6764	0.460586	20.8012	0.524552	0.49937	20.8057	20.7905	0.499497	20.7677	20.7801	20.7788	0.497418	20.8099	0.497878	0.486961	20.7845	20.7557	20.7639	20.7715	20.8442	0.487441	20.7087	0.494505	21.8085	
0.498178	20.6764	0.460359	20.8012	0.522389	0.499341	20.8057	20.7905	0.499497	20.7677	20.7801	20.7788	0.497418	20.8099	0.497856	0.486959	20.7845	20.7557	20.7639	20.7715	20.8442	0.487441	20.7087	0.494465	21.8085	
0.498178	20.6764	0.460359	20.8012	0.519036	0.499308	20.8057	20.7905	0.499497	20.7677	20.7801	20.7788	0.497408	20.8099	0.497807	0.486924	20.7845	20.7557	20.7639	20.7715	20.8442	0.487441	20.7087	0.494465	21.8085	
0.498178	20.6764	0.460359	20.8012	0.517364	0.499282	20.8057	20.7905	0.499497	20.7677	20.7801	20.7788	0.49738	20.8099	0.4978	0.486924	20.7845	20.7557	20.7639	20.7715	20.8442	0.48744	20.7087	0.494451	21.8085	
0.498178	20.6764	0.460359	20.8012	0.516031	0.499248	20.8057	20.7905	0.499496	20.7677	20.7801	20.7788	0.497353	20.8099	0.497792	0.486916	20.7845	20.7557	20.7639	20.7715	20.8442	0.487438	20.7087	0.4944	21.8085	
0.498175	20.6764	0.460359	20.8012	0.515093	0.499238	20.8057	20.7905	0.499496	20.7677	20.7801	20.7788	0.497346	20.8099	0.497767	0.486864	20.7845	20.7557	20.7639	20.7715	20.8442	0.487438	20.7087	0.494398	21.8085	
0.498175	20.6764	0.460359	20.8012	0.514919	0.49922	20.8057	20.7905	0.499496	20.7677	20.7801	20.7788	0.497318	20.8099	0.497745	0.486864	20.7845	20.7557	20.7639	20.7715	20.8442	0.487437	20.7087	0.494374	21.8085	
0.498175	20.6764	0.460359	20.8012	0.514658	0.499209	20.8057	20.7905	0.499496	20.7677	20.7801	20.7788	0.4973	20.8099	0.497736	0.486846	20.7845	20.7557	20.7639	20.7715	20.8442	0.487437	20.7087	0.494367	21.8085	
0.498173	20.6764	0.460359	20.8012	0.514543	0.499196	20.8057	20.7905	0.499496	20.7677	20.7801	20.7788	0.497283	20.8099	0.497716	0.486846	20.7845	20.7557	20.7639	20.7715	20.8442	0.487436	20.7087	0.494332	21.8085	
0.498173	20.6764	0.460359	20.8012	0.514149	0.499185	20.8057	20.7905	0.499496	20.7677	20.7801	20.7788	0.49727	20.8099	0.497703	0.486834	20.7845	20.7557	20.7639	20.7715	20.8442	0.487434	20.7087	0.494332	21.8085	
0.498173	20.6764	0.460326	20.8012	0.513777	0.499157	20.8057	20.7905	0.499496	20.7677	20.7801	20.7788	0.497261	20.8099	0.497691	0.486828	20.7845	20.7557	20.7639	20.7715	20.8442	0.487433	20.7087	0.494332	21.8085	
0.498173	20.6764	0.460044	20.8012	0.513542	0.499153	20.8057	20.7905	0.499496	20.7677	20.7801	20.7788	0.497241	20.8099	0.497679	0.486822	20.7845	20.7557	20.7639	20.7715	20.8442	0.487433	20.7087	0.49431	21.8085	
0.498173	20.6764	0.460044	20.8012	0.513251	0.499149	20.8057	20.7905	0.499495	20.7173	20.7801	20.7788	0.49723	20.8099	0.497673	0.486801	20.7845	20.7557	20.7639	20.7715	20.8442	0.487433	20.7087	0.494291	21.8085	
0.49817	20.6764	0.460004	20.8012	0.512789	0.499126	20.8057	20.7905	0.499495	20.7173	20.7801	20.7788	0.49722	20.8099	0.497651	0.486782	20.7845	20.7557	20.7639	20.7715	20.8442	0.487433	20.7087	0.49427	21.8085	
0.49817	20.6764	0.460004	20.8012	0.512593	0.499116	20.8057	20.7905	0.499495	20.7173	20.7801	20.7788	0.497211	20.8099	0.497647	0.486759	20.7845	20.7557	20.7639	20.7715	20.8442	0.487433	20.7087	0.494259	21.7641	
0.49817	20.6764	0.460004	20.8012	0.51223	0.499109	20.8057	20.7905	0.499494	20.7173	20.77	20.7788	0.4972	20.8099	0.497641	0.486748	20.7845	20.7557	20.7639	20.7715	20.8442	0.487433	20.7074	0.494238	21.7641	
0.49817	20.6764	0.460004	20.8012	0.512142	0.499093	20.8057	20.79	0.499492	20.7173	20.77	20.7788	0.497192	20.8099	0.497632	0.486744	20.7845	20.7557	20.7639	20.7715	20.7313	0.487431	20.7074	0.494231	21.7641	
0.49817	20.6764	0.460004	20.7898	0.511828	0.499083	20.7024	20.79	0.499492	20.7173	20.7664	20.7788	0.497192	20.7853	0.497632	0.486733	20.7845	20.7557	20.7639	20.7715	20.7313	0.487431	20.7074	0.494215	21.7641	
0.498167	20.6764	0.460004	20.7898	0.511644	0.499061	20.7024	20.79	0.499492	20.7173	20.7616	20.7788	0.497173	20.7853	0.497626	0.486688	20.7845	20.7557	20.7639	20.7715	20.7144	0.487431	20.7074	0.494182	21.7605	
0.498167	20.6764	0.460004	20.7898	0.511535	0.499045	20.7024	20.79	0.499492	20.7173	20.7312	20.7661	0.497165	20.7853	0.497622	0.486678	20.7648	20.7557	20.7639	20.7715	20.7122	0.487431	20.693	0.494161	21.6965	
0.498166	20.6764	0.460004	20.7898	0.511401	0.499027	20.7024	20.7886	0.499492	20.7173	20.706	20.7661	0.497144	20.7853	0.497622	0.486646	20.7497	20.7557	20.7639	20.7715	20.7096	0.487431	20.6587	0.494156	21.6965	
0.498165	20.6764	0.459958	20.7898	0.511301	0.499001	20.7024	20.7841	0.499491	20.7173	20.6937	20.7661	0.497127	20.7853	0.497618	0.48663	20.7329	20.7557	20.7639	20.7715	20.7013	0.487431	20.6482	0.494142	21.6965	
0.498165	20.6764	0.459815	20.7898	0.511158	0.498979	20.7024	20.7789	0.499491	20.7173	20.6615	20.7661	0.497098	20.7853	0.497615	0.486546	20.7224	20.7557	20.7639	20.7715	20.6772	0.487431	20.6474	0.494127	21.6965	
0.498164	20.6764	0.459815	20.7898	0.511116	0.498963	20.7024	20.7715	0.499491	20.7137	20.6522	20.7661	0.497082	20.7853	0.497603	0.486544	20.6566	20.7557	20.7639	20.7715	20.6594	0.487431	20.6206	0.494118	21.6965	
0.498164	20.6764	0.459612	20.7898	0.511006	0.498945	20.7024	20.7666	0.499491	20.7137	20.643	20.7661	0.49707	20.7853	0.497599	0.486511	20.5867	20.7557	20.7639	20.7715	20.6491	0.487431	20.612	0.494118	21.6965	
0.498164	20.6764	0.459612	20.7898	0.510941	0.498928	20.7024	20.7557	0.49949	20.6848	20.6332	20.7661	0.497043	20.7853	0.497589	0.486487	20.571	20.7557	20.7639	20.7715	20.6491	0.487431	20.6057	0.494114	21.6965	
0.498164	20.6764	0.459578	20.7898	0.510853	0.498908	20.7024	20.7298	0.499488	20.6506	20.6201	20.7608	0.497028	20.7853	0.497585	0.486442	20.5651	20.7557	20.7639	20.7715	20.6456	0.487431	20.594	0.494105	21.6885	
0.498163	20.6764	0.459578	20.7888	0.510705	0.4989	20.7024	20.697	0.499488	20.6316	20.6082	20.7608	0.49702	20.7853	0.49758	0.486423	20.5594	20.7557	20.7639	20.7715	20.585	0.487431	20.5762	0.494105	21.6885	
0.498161	20.6764	0.459578	20.7876	0.510632	0.498884	20.7024	20.6876	0.499488	20.6019	20.6023	20.7608	0.497002	20.7853	0.497573	0.486396	20.559	20.7557	20.7639	20.7715	20.5813	0.487431	20.5762	0.494099	21.6885	
0.498161	20.6764	0.459578	20.7721	0.51045	0.498857	20.7024	20.6825	0.499488	20.5917	20.5921	20.7608	0.496994	20.7853	0.497569	0.486383	20.5513	20.7557	20.7639	20.7643	20.5804	0.487431	20.5654	0.494095	21.6885	
0.498159	20.6764	0.459578	20.772	0.51045	0.498677	20.7024	20.6799	0.499487	20.5907	20.5907	20.7608	0.496975	20.7853	0.497564	0.486379	20.5486	20.7557	20.7639	20.7643	20.5798	0.487431	20.5578	0.494095	21.6878	
0.498159	20.6764	0.459578	20.7442	0.510406	0.498618	20.7024	20.675	0.499487	20.5868	20.5824	20.7608	0.496957	20.7853	0.49756	0.486357	20.5471	20.7557	20.7639	20.7643	20.5796	0.487431	20.5495	0.494081	21.6878	
0.498156	20.6764	0.459578	20.7442	0.510382	0.49858	20.701	20.6577	0.499485	20.5855	20.5715	20.7608	0.496944	20.7853	0.497555	0.486347	20.5454	20.7557	20.7639	20.7643	20.5795	0.487431	20.5469	0.494079	21.677	
0.498156	20.6764	0.459446	20.7421	0.510362	0.498577	20.698	20.6439	0.499484	20.5807	20.5698	20.7608	0.49692	20.7853	0.497548	0.486326	20.5418	20.7557	20.7639	20.751	20.5791	0.487431	20.5407	0.494076	21.6718	
0.498156	20.6764	0.459446	20.7331	0.51034	0.498566	20.696	20.6407	0.499483	20.5796	20.5653	20.7608	0.496897	20.7853	0.497541	0.486307	20.54	20.7557	20.7639	20.7168	20.5791	0.48743	20.5353	0.494072	21.6718	
0.498156	20.6764	0.459446	20.73	0.510324	0.498563	20.6903	20.6386	0.499483	20.5781	20.5641	20.7608	0.49688	20.7853	0.497534	0.486295	20.5385	20.7557	20.7639	20.6714	20.5788	0.48743	20.5328	0.494072	21.6717	
0.498154	20.6764	0.459446	20.6803	0.510294	0.498542	20.6568	20.6377	0.499482	20.5759	20.563	20.7608	0.496868	20.7853	0.497529	0.486287	20.5385	20.7557	20.7639	20.6545	20.5788	0.48743	20.5322	0.494066	21.6626	
0.498154	20.6764	0.459446	20.626	0.510289	0.498519	20.6497	20.6369	0.499482	20.5755	20.5622	20.7608	0.49685	20.778	0.497524	0.486283	20.538	20.7557	20.7639	20.6431	20.5788	0.48743	20.5322	0.494062	21.6596	
0.498153	20.6764	0.459202	20.62	0.510277	0.498494	20.647	20.6361	0.499482	20.5734	20.5614	20.7608	0.496839	20.7775	0.49752	0.48627	20.534	20.7557	20.7639	20.6289	20.5784	0.48743	20.5312	0.494061	21.6508	
0.498149	20.6764	0.459202	20.6114	0.510255	0.498479	20.6153	20.6359	0.499481	20.5725	20.5614	20.757	0.496828	20.7319	0.497517	0.486254	20.5332	20.7557	20.6547	20.6251	20.5782	0.48743	20.5248	0.494056	21.6508	
0.498149	20.6764	0.459202	20.6033	0.510229	0.498461	20.5913	20.6359	0.499481	20.5708	20.5614	20.5872	0.496823	20.7274	0.497512	0.486244	20.5324	20.7557	20.6547	20.6073	20.5782	0.48743	20.5239	0.494053	21.6465	
0.498149	20.6764	0.459202	20.5806	0.510205	0.498444	20.5852	20.6359	0.499481	20.5708	20.5614	20.5642	0.49681	20.726	0.497511	0.48624	20.5314	20.7557	20.6547	20.6033	20.5781	0.48743	20.5229	0.494048	21.6384	
0.498149	20.6764	0.459183	20.5736	0.510189	0.498428	20.5806	20.6357	0.49948	20.5701	20.5612	20.5564	0.496783	20.7132	0.497509	0.486222	20.5314	20.7557	20.6547	20.5991	20.5647	0.48743	20.522	0.494047	21.6384	
0.498149	20.6764	0.459183	20.5671	0.510169	0.498416	20.5786	20.6162	0.49948	20.5674	20.5608	20.5293	0.496767	20.7114	0.497507	0.486204	20.5314	20.7557	20.6547	20.5868	20.5611	0.48743	20.5214	0.494045	21.6378	
0.498149	20.6764	0.459183	20.562	0.510151	0.498409	20.5769	20.5557	0.499479	20.5653	20.5607	20.5293	0.496756	20.7087	0.497504	0.48619	20.5314	20.7557	20.6547	20.5852	20.5605	0.48743	20.5208	0.494043	21.6378	
0.498148	20.6764	0.459183	20.5554	0.510126	0.498401	20.5768	20.5534	0.499478	20.5646	20.5607	20.5293	0.496753	20.7075	0.497501	0.486183	20.5314	20.7557	20.6547	20.5798	20.5603	0.48743	20.5207	0.494032	21.6378	
0.498146	20.6716	0.459121	20.5467	0.510089	0.498399	20.5743	20.5468	0.499478	20.5641	20.5606	20.5276	0.496746	20.7051	0.497498	0.486173	20.5313	20.7113	20.6547	20.5713	20.56	0.48743	20.5202	0.494022	21.6352	
0.498146	20.6716	0.459085	20.5406	0.510078	0.498395	20.5743	20.5464	0.499478	20.5632	20.5604	20.5256	0.496738	20.7032	0.497496	0.48616	20.5313	20.7113	20.6547	20.5644	20.5598	0.48743	20.52	0.494009	21.6335	
0.498145	20.6716	0.459085	20.5406	0.510061	0.498389	20.5713	20.5458	0.499477	20.5632	20.5603	20.5237	0.496717	20.7032	0.497495	0.486147	20.5312	20.7113	20.6547	20.5588	20.5595	0.48743	20.5196	0.493966	21.6335	
0.498145	20.6716	0.459085	20.54	0.51004	0.498386	20.5685	20.5451	0.499476	20.5627	20.5603	20.5216	0.496703	20.7028	0.497492	0.486141	20.5238	20.6886	20.6547	20.5573	20.5593	0.48743	20.5194	0.49392	21.6322	
0.498145	20.6714	0.459085	20.5377	0.51003	0.498383	20.568	20.5451	0.499476	20.5624	20.5603	20.5173	0.496687	20.6848	0.497489	0.486135	20.5208	20.6842	20.6547	20.5547	20.5592	0.48743	20.5191	0.493857	21.6322	
0.498144	20.645	0.458806	20.5374	0.510014	0.49838	20.5673	20.545	0.499476	20.562	20.5603	20.5164	0.496675	20.6834	0.497488	0.486129	20.5191	20.6782	20.6547	20.5537	20.5591	0.48743	20.5191	0.493766	21.6318	
0.498144	20.6391	0.458806	20.5374	0.51001	0.498377	20.5673	20.5445	0.499475	20.5617	20.5603	20.5155	0.496665	20.6819	0.497486	0.486117	20.5181	20.6782	20.6547	20.5523	20.5588	0.48743	20.5188	0.493696	21.6318	
0.498144	20.6378	0.458806	20.5374	0.509998	0.498374	20.5667	20.5444	0.499474	20.5614	20.5603	20.5146	0.496659	20.6721	0.497483	0.48611	20.5168	20.6782	20.6547	20.5521	20.5588	0.48743	20.5188	0.493611	21.6318	
0.498144	20.6254	0.458806	20.5367	0.509987	0.498371	20.5667	20.5441	0.499474	20.5613	20.5602	20.5139	0.496648	20.6709	0.497481	0.486106	20.5162	20.6775	20.6547	20.5513	20.5587	0.48743	20.5187	0.493482	21.6309	
0.498142	20.5945	0.458806	20.5367	0.50997	0.498369	20.5665	20.5441	0.499473	20.5612	20.5602	20.5137	0.496598	20.6697	0.497479	0.486101	20.5161	20.6775	20.6547	20.5504	20.5587	0.48743	20.5185	0.493361	21.6309	
0.498142	20.5851	0.458806	20.5366	0.509945	0.498368	20.5662	20.544	0.499473	20.5611	20.5602	20.5131	0.496549	20.669	0.497476	0.486095	20.5159	20.6498	20.6547	20.5503	20.5587	0.48743	20.5185	0.493194	21.6294	
0.498142	20.5771	0.458806	20.5366	0.509925	0.498364	20.5659	20.544	0.499472	20.5611	20.5602	20.5126	0.496503	20.6685	0.497473	0.486093	20.5159	20.6397	20.6275	20.5501	20.5586	0.48743	20.5184	0.49305	21.6294	
0.498142	20.5687	0.458806	20.5361	0.509908	0.498361	20.5657	20.544	0.499472	20.561	20.5602	20.5116	0.49643	20.6682	0.497469	0.486089	20.5157	20.6315	20.6275	20.5493	20.5586	0.48743	20.5183	0.492958	21.6294	
0.498142	20.5634	0.458806	20.536	0.509898	0.498359	20.5656	20.5439	0.499471	20.5609	20.5602	20.5109	0.496403	20.6682	0.497465	0.486085	20.5156	20.6302	20.6275	20.5487	20.5586	0.48743	20.5183	0.492898	21.6294	
0.498142	20.553	0.458806	20.536	0.509892	0.498359	20.5655	20.5438	0.499471	20.5609	20.5602	20.5102	0.49637	20.6682	0.497464	0.486081	20.5156	20.6297	20.6275	20.5481	20.5586	0.48743	20.5182	0.492849	21.6294	
0.498142	20.5449	0.458806	20.536	0.509882	0.498355	20.5653	20.5438	0.49947	20.5608	20.5601	20.5102	0.496338	20.585	0.497462	0.486077	20.5156	20.6271	20.6235	20.5475	20.5586	0.48743	20.5181	0.492807	21.6293	
0.498142	20.5408	0.458772	20.536	0.509871	0.498352	20.5653	20.5438	0.49947	20.5607	20.5601	20.5099	0.496323	20.5738	0.497459	0.486074	20.5155	20.6235	20.6039	20.5467	20.5586	0.487429	20.5181	0.492777	21.6232	
0.498139	20.5383	0.458772	20.5358	0.50986	0.49835	20.5652	20.5437	0.499469	20.5607	20.5601	20.5097	0.496304	20.5732	0.497458	0.486072	20.5155	20.6136	20.5786	20.5463	20.5585	0.487429	20.518	0.492758	21.6205	
0.498137	20.5368	0.458772	20.5357	0.509851	0.49835	20.5652	20.5437	0.499469	20.5606	20.5601	20.5096	0.496285	20.5732	0.497456	0.486071	20.5155	20.6016	20.5772	20.5451	20.5585	0.487429	20.518	0.492735	21.6198	
0.498137	20.5341	0.458772	20.5355	0.509834	0.498348	20.5651	20.5437	0.499469	20.5606	20.5601	20.5095	0.496265	20.5732	0.497453	0.48607	20.5155	20.5661	20.5772	20.5447	20.5585	0.487429	20.5179	0.492712	21.6194	
0.498136	20.5328	0.458772	20.5355	0.509823	0.498347	20.5651	20.5437	0.499468	20.5606	20.5601	20.5094	0.496251	20.5731	0.49745	0.48607	20.5155	20.5646	20.5703	20.5442	20.5585	0.487429	20.5179	0.492695	21.596	
0.498136	20.5323	0.458772	20.5354	0.509812	0.498345	20.5651	20.5437	0.499468	20.5605	20.5601	20.5093	0.496219	20.573	0.497447	0.486069	20.5154	20.5608	20.5703	20.5433	20.5585	0.487429	20.5179	0.492673	21.5892	
0.498136	20.5318	0.458748	20.5353	0.509778	0.498344	20.5651	20.5437	0.499467	20.5605	20.5601	20.5093	0.496197	20.5729	0.497445	0.486069	20.5154	20.5593	20.569	20.543	20.5585	0.487429	20.5179	0.49266	21.5808	
0.498134	20.5313	0.458745	20.5353	0.509721	0.498343	20.565	20.5437	0.499467	20.5605	20.5601	20.5093	0.496183	20.5727	0.497438	0.486069	20.5154	20.5583	20.5667	20.5425	20.5585	0.487429	20.5178	0.492651	21.5778	
0.498134	20.5311	0.458738	20.5352	0.50964	0.49834	20.5619	20.5436	0.499466	20.5604	20.5601	20.5093	0.496164	20.5726	0.497438	0.486068	20.5154	20.5578	20.5641	20.542	20.5585	0.487429	20.5178	0.492633	21.5772	
0.498134	20.5305	0.458738	20.535	0.509563	0.498339	20.5619	20.5435	0.499465	20.5604	20.5601	20.5092	0.496108	20.5725	0.497436	0.486068	20.5154	20.5569	20.5554	20.5416	20.5585	0.487428	20.5178	0.492616	21.5752	
0.498133	20.5305	0.458657	20.535	0.509499	0.498336	20.5619	20.5435	0.499464	20.5604	20.56	20.5092	0.496078	20.5723	0.497434	0.486067	20.5154	20.5569	20.5491	20.5413	20.5585	0.487428	20.5178	0.492596	21.5736	
0.498133	20.5304	0.458657	20.5347	0.509407	0.498331	20.5618	20.5435	0.499463	20.5604	20.56	20.5092	0.496053	20.5722	0.497433	0.486065	20.5154	20.5566	20.5477	20.5411	20.5585	0.487427	20.5178	0.492578	21.5729	
0.498132	20.5303	0.458657	20.5347	0.509276	0.498325	20.5618	20.5435	0.499463	20.5603	20.56	20.5092	0.496031	20.5718	0.497431	0.486063	20.5154	20.5558	20.5448	20.5409	20.5585	0.487427	20.5178	0.492571	21.5708	
0.498131	20.5303	0.458657	20.5347	0.50912	0.49832	20.5618	20.5435	0.499462	20.5603	20.56	20.5092	0.496008	20.5713	0.49743	0.48606	20.5154	20.5558	20.5448	20.5407	20.5585	0.487427	20.5177	0.492551	21.5701	
0.49813	20.5302	0.458657	20.5347	0.509	0.498313	20.5618	20.5435	0.499462	20.5603	20.56	20.5092	0.495991	20.5704	0.497428	0.486058	20.5154	20.5558	20.5423	20.5405	20.5585	0.487427	20.5177	0.49254	21.5692	
0.49813	20.5302	0.458657	20.5347	0.508839	0.498309	20.5617	20.5435	0.499462	20.5602	20.5599	20.5092	0.495972	20.5698	0.497426	0.486056	20.5154	20.5555	20.5357	20.5404	20.5585	0.487427	20.5177	0.492531	21.5688	
0.49813	20.5302	0.458656	20.5346	0.508638	0.4983	20.5617	20.5435	0.499461	20.5602	20.5599	20.5092	0.495952	20.5694	0.497426	0.486054	20.5153	20.5548	20.5357	20.5401	20.5585	0.487427	20.5177	0.49252	21.5677	
0.498129	20.5301	0.458639	20.5346	0.508449	0.498294	20.5617	20.5435	0.499461	20.5601	20.5598	20.5092	0.495926	20.5688	0.497424	0.48605	20.5153	20.5546	20.5357	20.5398	20.5585	0.487427	20.5176	0.492514	21.5665	
0.498128	20.5301	0.458639	20.5345	0.508283	0.498288	20.5617	20.5435	0.499461	20.5601	20.5597	20.5092	0.495905	20.5683	0.497424	0.486042	20.5152	20.5544	20.5347	20.5396	20.5585	0.487427	20.5176	0.492501	21.566	
0.498128	20.5301	0.458639	20.5345	0.507796	0.498276	20.5612	20.5435	0.49946	20.56	20.5596	20.5092	0.495894	20.5673	0.497423	0.48603	20.5152	20.5535	20.5336	20.5393	20.5585	0.487427	20.5176	0.492487	21.5647	
0.498127	20.5301	0.458639	20.5345	0.507291	0.498266	20.5612	20.5435	0.49946	20.56	20.5595	20.5092	0.495872	20.5667	0.497423	0.486021	20.5152	20.5534	20.5246	20.539	20.5585	0.487427	20.5175	0.492481	21.5638	
0.498127	20.5301	0.458639	20.5345	0.506602	0.498259	20.5611	20.5435	0.49946	20.5599	20.5594	20.5092	0.495861	20.5662	0.497422	0.486011	20.5152	20.5528	20.5234	20.5389	20.5585	0.487427	20.5174	0.492477	21.5635	
0.498126	20.5301	0.458634	20.5345	0.505878	0.498248	20.5611	20.5435	0.49946	20.5599	20.5593	20.5091	0.495855	20.5657	0.497421	0.486	20.5152	20.5526	20.522	20.5388	20.5585	0.487427	20.5174	0.492471	21.5632	
0.498126	20.5301	0.458634	20.5344	0.505142	0.498238	20.5611	20.5435	0.499459	20.5599	20.5591	20.5091	0.495839	20.5655	0.49742	0.485985	20.5152	20.5521	20.5208	20.5386	20.5585	0.487427	20.5174	0.492463	21.5625	
0.498126	20.5301	0.458634	20.5344	0.504412	0.498225	20.5611	20.5435	0.499459	20.5598	20.5586	20.5091	0.49581	20.5653	0.497419	0.485963	20.5152	20.5516	20.5183	20.5385	20.5585	0.487427	20.5173	0.49246	21.5617	
0.498126	20.5301	0.458624	20.5344	0.503885	0.498216	20.5611	20.5434	0.499458	20.5598	20.5584	20.5091	0.495809	20.5653	0.497418	0.485946	20.5151	20.5513	20.5181	20.5384	20.5585	0.487427	20.5172	0.492456	21.5612	
0.498126	20.5301	0.458582	20.5344	0.503284	0.498209	20.5611	20.5434	0.499458	20.5598	20.5581	20.5091	0.495806	20.5652	0.497417	0.485934	20.5151	20.5513	20.5168	20.5384	20.5585	0.487427	20.5172	0.492453	21.5601	
0.498126	20.5301	0.458545	20.5344	0.502799	0.498201	20.5611	20.5434	0.499458	20.5597	20.5577	20.5091	0.4958	20.5651	0.497416	0.485876	20.5151	20.551	20.5164	20.5383	20.5585	0.487427	20.5171	0.49245	21.5587	
0.498125	20.5301	0.458545	20.5344	0.50262	0.498195	20.5611	20.5434	0.499457	20.5597	20.5572	20.5091	0.495795	20.565	0.497415	0.485862	20.5151	20.5507	20.5161	20.5382	20.5585	0.487427	20.5171	0.492447	21.558	
0.498125	20.5301	0.458545	20.5344	0.502199	0.498186	20.5611	20.5434	0.499457	20.5596	20.5567	20.5091	0.495791	20.565	0.497415	0.48585	20.5151	20.5506	20.5137	20.5382	20.5585	0.487427	20.5171	0.492444	21.5571	
0.498124	20.5301	0.458545	20.5344	0.50199	0.498178	20.5611	20.5434	0.499456	20.5596	20.5563	20.5091	0.495786	20.565	0.497414	0.485844	20.5151	20.5502	20.5131	20.5381	20.5585	0.487427	20.517	0.492441	21.556	
0.498124	20.5301	0.458533	20.5344	0.50184	0.498168	20.5611	20.5434	0.499456	20.5596	20.5558	20.5091	0.495784	20.565	0.497413	0.485835	20.5151	20.5499	20.5126	20.538	20.5585	0.487427	20.517	0.492438	21.5552	
0.498123	20.5301	0.458533	20.5344	0.501612	0.49816	20.5611	20.5433	0.499456	20.5596	20.5551	20.5091	0.495781	20.565	0.497412	0.485829	20.5151	20.5498	20.512	20.5379	20.5585	0.487427	20.5169	0.492434	21.5542	
0.498123	20.5301	0.458519	20.5344	0.501343	0.498152	20.5611	20.5433	0.499456	20.5596	20.5545	20.5091	0.495779	20.565	0.497411	0.48582	20.5151	20.5498	20.5118	20.5379	20.5585	0.487427	20.5168	0.492433	21.5526	
0.498123	20.5301	0.458489	20.5343	0.501173	0.498144	20.5611	20.5433	0.499455	20.5595	20.5538	20.5091	0.495778	20.565	0.49741	0.485812	20.5151	20.5497	20.5116	20.5378	20.5585	0.487427	20.5167	0.492431	21.5516	
0.498123	20.5301	0.458481	20.5343	0.50102	0.498137	20.5611	20.5433	0.499455	20.5595	20.5528	20.5091	0.495775	20.565	0.49741	0.485806	20.5151	20.5496	20.5114	20.5378	20.5585	0.487427	20.5166	0.492431	21.5505	
0.498118	20.5301	0.458474	20.5343	0.500938	0.498125	20.5611	20.5433	0.499455	20.5595	20.5516	20.5091	0.495772	20.565	0.497409	0.4858	20.5151	20.5493	20.5111	20.5377	20.5585	0.487426	20.5165	0.492429	21.5501	
0.498118	20.5301	0.458465	20.5343	0.500844	0.49812	20.5611	20.5433	0.499455	20.5595	20.5501	20.5091	0.495768	20.565	0.497407	0.485792	20.5151	20.5491	20.5109	20.5377	20.5585	0.487426	20.5163	0.492428	21.5499	
0.498117	20.5301	0.458436	20.5343	0.500739	0.498117	20.5611	20.5433	0.499455	20.5594	20.548	20.5091	0.495764	20.565	0.497406	0.485782	20.5151	20.549	20.5106	20.5376	20.5585	0.487426	20.5162	0.492426	21.5497	
0.498117	20.5301	0.458414	20.5343	0.500672	0.498111	20.5611	20.5433	0.499454	20.5594	20.5467	20.5091	0.495761	20.565	0.497405	0.485769	20.5151	20.5485	20.5103	20.5376	20.5585	0.487426	20.5161	0.492424	21.5494	
0.498117	20.5301	0.458387	20.5343	0.500593	0.49811	20.5611	20.5433	0.499454	20.5594	20.5447	20.5091	0.49576	20.565	0.497396	0.485755	20.5151	20.5484	20.51	20.5376	20.5585	0.487426	20.5161	0.492423	21.5491	
0.498117	20.5301	0.458376	20.5343	0.500497	0.498107	20.5611	20.5433	0.499453	20.5594	20.5432	20.5091	0.495759	20.565	0.497394	0.485741	20.5151	20.5482	20.51	20.5375	20.5585	0.487426	20.5159	0.492422	21.5491	
0.498117	20.5301	0.458343	20.5343	0.500389	0.498104	20.5611	20.5433	0.499453	20.5594	20.5415	20.5091	0.495758	20.565	0.497392	0.485731	20.5151	20.548	20.5099	20.5375	20.5585	0.487426	20.5159	0.492421	21.549	
0.498117	20.5301	0.458319	20.5343	0.500337	0.4981	20.5611	20.5432	0.499453	20.5594	20.5404	20.5091	0.495756	20.565	0.49739	0.485721	20.5151	20.5479	20.5098	20.5375	20.5585	0.487426	20.5157	0.492419	21.5489	
0.498117	20.5301	0.458292	20.5343	0.500263	0.498097	20.5611	20.5432	0.499453	20.5594	20.5395	20.5091	0.495755	20.565	0.497387	0.485717	20.5151	20.5478	20.5096	20.5375	20.5585	0.487426	20.5154	0.492418	21.5488	
0.498117	20.5301	0.458275	20.5343	0.500205	0.498094	20.5611	20.5432	0.499453	20.5594	20.5391	20.5091	0.495754	20.565	0.497385	0.485715	20.5151	20.5476	20.5093	20.5375	20.5585	0.487426	20.5152	0.492417	21.5487	
0.498117	20.5301	0.458268	20.5343	0.500135	0.49809	20.5611	20.5432	0.499453	20.5594	20.5386	20.5091	0.495753	20.565	0.497383	0.485709	20.5151	20.5475	20.5092	20.5375	20.5585	0.487426	20.5149	0.492415	21.5487	
0.498117	20.5301	0.458261	20.5343	0.500094	0.498088	20.5611	20.5432	0.499453	20.5594	20.538	20.5091	0.495752	20.565	0.49738	0.485704	20.5151	20.5474	20.5088	20.5374	20.5585	0.487426	20.5147	0.492413	21.5486	
0.498117	20.5301	0.458261	20.5343	0.500044	0.498086	20.5611	20.5432	0.499453	20.5593	20.5376	20.5091	0.495752	20.565	0.497379	0.485702	20.5151	20.5473	20.5083	20.5374	20.5585	0.487426	20.5146	0.492411	21.5485	
0.498116	20.5301	0.458254	20.5343	0.499975	0.498085	20.5611	20.5432	0.499452	20.5593	20.5371	20.5091	0.495751	20.565	0.497377	0.485701	20.5151	20.5472	20.5082	20.5374	20.5585	0.487426	20.5144	0.492409	21.5484	
0.498116	20.5301	0.45825	20.5343	0.499949	0.498083	20.5611	20.5432	0.499452	20.5593	20.5369	20.5091	0.495751	20.565	0.497375	0.485699	20.5151	20.5451	20.5078	20.5374	20.5585	0.487426	20.5142	0.492408	21.5484	
0.498116	20.5301	0.458243	20.5343	0.499917	0.498081	20.5611	20.5432	0.499452	20.5593	20.5367	20.5091	0.49575	20.565	0.497373	0.485695	20.5151	20.5449	20.5077	20.5374	20.5585	0.487426	20.5138	0.492407	21.5482	
0.498115	20.5301	0.458236	20.5343	0.499884	0.498079	20.5611	20.5432	0.499452	20.5593	20.5364	20.5091	0.49575	20.565	0.497373	0.485693	20.5151	20.5448	20.5075	20.5373	20.5585	0.487426	20.5135	0.492406	21.548	
0.498115	20.5301	0.458233	20.5343	0.499867	0.498078	20.5611	20.5432	0.499452	20.5592	20.5362	20.5091	0.49575	20.565	0.497372	0.485692	20.5151	20.5447	20.5074	20.5373	20.5585	0.487426	20.5134	0.492405	21.5479	
0.498115	20.5301	0.458227	20.5343	0.499842	0.498075	20.5611	20.5432	0.499452	20.5592	20.5361	20.5091	0.49575	20.565	0.497371	0.48569	20.5151	20.5447	20.5073	20.5373	20.5585	0.487426	20.5133	0.492404	21.5477	
0.498114	20.5301	0.458223	20.5343	0.499795	0.498072	20.5611	20.5432	0.499452	20.5592	20.5359	20.5091	0.49575	20.565	0.49737	0.485689	20.5151	20.5446	20.5073	20.5372	20.5585	0.487426	20.5132	0.492403	21.5476	
0.498113	20.5301	0.458221	20.5343	0.499785	0.498069	20.5611	20.5432	0.499451	20.5592	20.5357	20.5091	0.495749	20.565	0.49737	0.485688	20.5151	20.5446	20.5072	20.5372	20.5585	0.487426	20.5131	0.492402	21.5474	
0.498113	20.5301	0.458215	20.5343	0.499755	0.498065	20.5611	20.5432	0.499451	20.5592	20.5357	20.5091	0.495749	20.565	0.497369	0.485686	20.5151	20.5446	20.5071	20.5371	20.5585	0.487426	20.513	0.492401	21.5472	
0.498112	20.5301	0.458212	20.5343	0.499729	0.49806	20.5611	20.5432	0.499451	20.5591	20.5357	20.5091	0.495749	20.565	0.497369	0.485684	20.5151	20.5446	20.507	20.5371	20.5585	0.487426	20.5129	0.492399	21.5468	
0.498111	20.5301	0.458206	20.5343	0.499713	0.498055	20.5611	20.5432	0.499451	20.5591	20.5356	20.5091	0.495748	20.565	0.497368	0.485683	20.5151	20.5446	20.5069	20.5371	20.5585	0.487426	20.5128	0.492395	21.5467	
0.498111	20.5301	0.458203	20.5343	0.499701	0.498047	20.5611	20.5432	0.49945	20.5591	20.5356	20.5091	0.495748	20.565	0.497368	0.485682	20.5151	20.5446	20.5068	20.537	20.5585	0.487426	20.5127	0.492391	21.5464	
0.49811	20.5301	0.458199	20.5343	0.499693	0.498042	20.5611	20.5432	0.49945	20.5591	20.5356	20.5091	0.495747	20.565	0.497367	0.485681	20.5151	20.5445	20.5068	20.5369	20.5585	0.487426	20.5127	0.492384	21.5462	
0.498109	20.5301	0.458197	20.5343	0.499683	0.498035	20.5611	20.5432	0.49945	20.5591	20.5356	20.5091	0.495747	20.565	0.497367	0.485681	20.5151	20.5445	20.5068	20.5369	20.5585	0.487426	20.5125	0.492372	21.5461	
0.498108	20.5301	0.458194	20.5343	0.49965	0.498026	20.5611	20.5432	0.499449	20.559	20.5356	20.5091	0.495747	20.565	0.497367	0.485681	20.5151	20.5445	20.5067	20.5368	20.5585	0.487426	20.5124	0.492366	21.546	
0.498108	20.5301	0.458189	20.5343	0.499627	0.498017	20.5611	20.5432	0.499448	20.559	20.5356	20.5091	0.495742	20.565	0.497366	0.48568	20.5151	20.5445	20.5067	20.5367	20.5585	0.487426	20.5123	0.492365	21.5458	
0.498106	20.5301	0.458186	20.5343	0.499593	0.498007	20.5611	20.5432	0.499447	20.559	20.5355	20.5091	0.495742	20.565	0.497365	0.485679	20.5151	20.5445	20.5067	20.5367	20.5585	0.487426	20.512	0.492363	21.5458	
0.498105	20.5301	0.458181	20.5343	0.499575	0.497992	20.5611	20.5432	0.499446	20.5589	20.5355	20.5091	0.495742	20.565	0.497364	0.485679	20.5151	20.5445	20.5067	20.5366	20.5585	0.487426	20.5119	0.492359	21.5456	
0.498104	20.5301	0.458171	20.5343	0.49956	0.497973	20.5611	20.5432	0.499446	20.5588	20.5355	20.5091	0.495741	20.565	0.497363	0.485678	20.5151	20.5445	20.5067	20.5365	20.5585	0.487426	20.5117	0.492351	21.5455	
0.498097	20.5301	0.458163	20.5343	0.499549	0.497948	20.5611	20.5432	0.499445	20.5588	20.5354	20.5091	0.495741	20.565	0.497363	0.485678	20.5151	20.5445	20.5067	20.5364	20.5585	0.487426	20.5115	0.492345	21.5454	
0.498095	20.5301	0.458159	20.5343	0.499534	0.497898	20.5611	20.5432	0.499444	20.5587	20.5354	20.5091	0.495741	20.565	0.497362	0.485678	20.5151	20.5445	20.5066	20.5361	20.5585	0.487426	20.5113	0.492336	21.5452	
0.498095	20.5301	0.45815	20.5343	0.499515	0.497872	20.5611	20.5432	0.499444	20.5587	20.5354	20.5091	0.49574	20.565	0.497362	0.485677	20.5151	20.5445	20.5066	20.5356	20.5585	0.487426	20.5111	0.492325	21.545	
0.498094	20.5301	0.458146	20.5343	0.499498	0.49784	20.5611	20.5432	0.499444	20.5586	20.5353	20.5091	0.49574	20.565	0.497361	0.485677	20.5151	20.5445	20.5066	20.5354	20.5585	0.487426	20.5109	0.492317	21.5449	
0.498093	20.5301	0.458141	20.5343	0.499483	0.497821	20.5611	20.5432	0.499443	20.5585	20.5352	20.5091	0.495739	20.565	0.49736	0.485677	20.5151	20.5445	20.5066	20.5349	20.5585	0.487426	20.5107	0.492308	21.5448	
0.498093	20.5301	0.458136	20.5343	0.499473	0.497813	20.5611	20.5432	0.499443	20.5585	20.5352	20.5091	0.495738	20.565	0.497359	0.485676	20.5151	20.5445	20.5066	20.5346	20.5585	0.487426	20.5107	0.4923	21.5446	
0.498093	20.5301	0.458131	20.5343	0.499466	0.497786	20.5611	20.5432	0.499442	20.5584	20.5352	20.5091	0.495737	20.565	0.497359	0.485676	20.5151	20.5445	20.5065	20.5341	20.5585	0.487426	20.5106	0.49229	21.5445	
0.498093	20.5301	0.458126	20.5343	0.499458	0.497772	20.5611	20.5432	0.499442	20.5583	20.5351	20.509	0.495737	20.565	0.497358	0.485675	20.5151	20.5445	20.5065	20.5337	20.5585	0.487426	20.5106	0.492276	21.5444	
0.498092	20.5301	0.458124	20.5343	0.499448	0.497756	20.5611	20.5432	0.499441	20.5582	20.535	20.509	0.495736	20.565	0.497357	0.485675	20.5151	20.5445	20.5065	20.5333	20.5585	0.487426	20.5105	0.492269	21.5443	
0.498092	20.5301	0.458122	20.5343	0.499438	0.497735	20.5611	20.5432	0.499441	20.5581	20.5349	20.509	0.495736	20.565	0.497348	0.485675	20.5151	20.5445	20.5065	20.5329	20.5585	0.487426	20.5105	0.492266	21.5442	
0.498092	20.5301	0.458121	20.5343	0.499418	0.49771	20.5611	20.5432	0.49944	20.5581	20.5347	20.509	0.495735	20.565	0.497348	0.485674	20.5151	20.5445	20.5065	20.5324	20.5585	0.487426	20.5105	0.492258	21.5441	
0.498091	20.5301	0.45812	20.5194	0.499409	0.497644	20.5611	20.5432	0.49944	20.558	20.5345	20.509	0.495735	20.565	0.497346	0.485674	20.5151	20.5445	20.5065	20.5318	20.5585	0.487426	20.5105	0.492255	21.544	
0.498091	20.5301	0.458118	20.5194	0.499394	0.497624	20.5611	20.5432	0.49944	20.558	20.5344	20.509	0.495734	20.565	0.497345	0.485673	20.5151	20.5445	20.5064	20.5312	20.5585	0.487426	20.5104	0.492253	21.5439	
0.49809	20.5301	0.458116	20.5194	0.499389	0.497606	20.5611	20.5432	0.499439	20.558	20.5342	20.509	0.495733	20.565	0.497344	0.485668	20.5151	20.5445	20.5064	20.5302	20.5585	0.487425	20.5104	0.492233	21.5438	
0.49809	20.5301	0.458115	20.5194	0.499384	0.497596	20.5611	20.5432	0.499439	20.5579	20.534	20.509	0.495732	20.565	0.497343	0.485664	20.5151	20.5445	20.5064	20.5299	20.5585	0.487425	20.5103	0.492228	21.5437	
0.49809	20.5301	0.458114	20.5194	0.499365	0.497581	20.5611	20.5432	0.499438	20.5578	20.5338	20.509	0.495732	20.565	0.497342	0.485663	20.5151	20.5445	20.5064	20.5296	20.5585	0.487425	20.5103	0.492217	21.5436	
0.49809	20.5301	0.458114	20.5194	0.499347	0.497574	20.5611	20.5432	0.499438	20.5578	20.5333	20.5089	0.495731	20.565	0.497342	0.485661	20.5151	20.5445	20.5064	20.529	20.5585	0.487425	20.5103	0.492208	21.5434	
0.498089	20.5301	0.458112	20.5194	0.499342	0.49757	20.5611	20.5432	0.499438	20.5577	20.5328	20.5089	0.495731	20.565	0.497341	0.48566	20.5151	20.5445	20.5064	20.5282	20.5585	0.487425	20.5103	0.492198	21.5431	
0.498089	20.5301	0.458111	20.5194	0.499333	0.497564	20.5611	20.5432	0.499438	20.5576	20.5325	20.5089	0.49573	20.565	0.497341	0.485657	20.5151	20.5445	20.5064	20.5278	20.5585	0.487425	20.5102	0.49219	21.543	
0.498089	20.5301	0.458111	20.5194	0.499328	0.497556	20.5611	20.5432	0.499437	20.5576	20.5323	20.5089	0.495729	20.565	0.497341	0.485655	20.5151	20.5445	20.5064	20.5273	20.5585	0.487425	20.5101	0.492183	21.5428	
0.498089	20.5301	0.45811	20.5194	0.499324	0.497544	20.5611	20.5432	0.499437	20.5574	20.5322	20.5089	0.495729	20.565	0.49734	0.485652	20.5151	20.5445	20.5063	20.5267	20.5585	0.487425	20.5101	0.492171	21.5426	
0.498088	20.5301	0.45811	20.5194	0.499319	0.49753	20.5611	20.5432	0.499437	20.5573	20.532	20.5089	0.495728	20.565	0.49734	0.485649	20.5151	20.5445	20.5063	20.5263	20.5454	0.487425	20.5101	0.492158	21.5424	
0.498088	20.5301	0.458109	20.5194	0.499313	0.497524	20.5611	20.5432	0.499437	20.5572	20.5319	20.5089	0.495728	20.565	0.49734	0.485645	20.5151	20.5445	20.5063	20.5258	20.5454	0.487425	20.51	0.49215	21.5423	
0.498088	20.5301	0.458108	20.5194	0.499307	0.497516	20.5611	20.5432	0.499437	20.5571	20.5319	20.5089	0.495727	20.565	0.49734	0.485637	20.5151	20.5445	20.5063	20.5254	20.5454	0.487424	20.51	0.492144	21.5422	
0.498088	20.5301	0.458108	20.5194	0.499299	0.497507	20.5611	20.5432	0.499437	20.5569	20.5318	20.5089	0.495726	20.565	0.49734	0.485627	20.5151	20.5445	20.5063	20.5248	20.5454	0.487424	20.5099	0.49214	21.542	
0.498088	20.5301	0.458107	20.5194	0.499286	0.497496	20.5611	20.5432	0.499436	20.5567	20.5317	20.5089	0.495725	20.565	0.497339	0.485622	20.5151	20.5445	20.5063	20.5241	20.5454	0.487424	20.5099	0.492138	21.5419	
0.498088	20.5301	0.458106	20.5194	0.49928	0.49749	20.5611	20.5432	0.499436	20.5566	20.5315	20.5089	0.495724	20.565	0.497339	0.48562	20.5151	20.5445	20.5063	20.5237	20.5454	0.487424	20.5098	0.492134	21.5418	
0.498087	20.5301	0.458105	20.5194	0.499277	0.497486	20.5611	20.5432	0.499436	20.5562	20.5313	20.5089	0.495723	20.565	0.497339	0.485618	20.5151	20.5445	20.5062	20.5232	20.5454	0.487424	20.5097	0.49213	21.5417	
0.498087	20.5301	0.458104	20.5194	0.499273	0.497483	20.5611	20.5432	0.499436	20.5559	20.5312	20.5089	0.495723	20.565	0.497339	0.485615	20.5151	20.5445	20.5061	20.5225	20.5454	0.487424	20.5096	0.492125	21.5416	
0.498087	20.5301	0.458103	20.5194	0.499267	0.497477	20.5611	20.5432	0.499434	20.5558	20.531	20.5089	0.495722	20.565	0.497339	0.485612	20.5151	20.5445	20.5061	20.5222	20.5454	0.487424	20.5096	0.492122	21.5414	
0.498087	20.5301	0.458101	20.5194	0.499264	0.497474	20.5611	20.5432	0.499434	20.5556	20.5309	20.5089	0.495721	20.565	0.497339	0.485611	20.5151	20.5445	20.506	20.5214	20.5454	0.487423	20.5095	0.49212	21.5413	
0.498087	20.5301	0.4581	20.5194	0.49926	0.497471	20.5611	20.5432	0.499434	20.5553	20.5309	20.5088	0.495718	20.565	0.497339	0.485609	20.5151	20.5445	20.5059	20.5213	20.5454	0.487423	20.5094	0.492118	21.5412	
0.498087	20.5301	0.458099	20.5194	0.499256	0.497469	20.5611	20.5432	0.499434	20.555	20.5309	20.5088	0.495715	20.565	0.497339	0.485607	20.5151	20.5445	20.5058	20.5211	20.5454	0.487423	20.5093	0.492117	21.5411	
0.498087	20.5301	0.458097	20.5194	0.499249	0.497467	20.5611	20.5432	0.499434	20.5547	20.5308	20.5088	0.495712	20.565	0.497339	0.485606	20.5151	20.5409	20.5057	20.5209	20.5454	0.487423	20.5092	0.492112	21.5411	
0.498087	20.5301	0.458096	20.5194	0.499243	0.497464	20.5611	20.5432	0.499434	20.5543	20.5308	20.5088	0.495707	20.565	0.497339	0.485604	20.5151	20.5409	20.5056	20.5207	20.5454	0.487423	20.5091	0.492108	21.541	
0.498087	20.5301	0.458095	20.5194	0.49924	0.49746	20.5611	20.5432	0.499434	20.554	20.5308	20.5088	0.495702	20.565	0.497339	0.485603	20.5151	20.5409	20.5055	20.5205	20.5454	0.487423	20.509	0.492104	21.541	
0.498087	20.5301	0.458095	20.5194	0.499235	0.497452	20.5611	20.5432	0.499434	20.5537	20.5308	20.5088	0.495697	20.565	0.497339	0.485601	20.5151	20.5409	20.5053	20.5201	20.5454	0.487423	20.5088	0.4921	21.5409	
0.498087	20.5301	0.458094	20.5194	0.499233	0.497446	20.5611	20.5432	0.499434	20.5533	20.5307	20.5088	0.495693	20.565	0.497339	0.485599	20.5151	20.5409	20.5052	20.5196	20.5454	0.487422	20.5088	0.492098	21.5408	
0.498086	20.5301	0.458094	20.5194	0.499231	0.497443	20.5611	20.5432	0.499434	20.5528	20.5307	20.5088	0.495692	20.565	0.497339	0.485597	20.5151	20.5409	20.505	20.5192	20.5454	0.487422	20.5087	0.492097	21.5407	
0.498086	20.5301	0.458094	20.5194	0.49923	0.497437	20.5611	20.5432	0.499434	20.5524	20.5307	20.5088	0.49569	20.565	0.497339	0.485595	20.5151	20.5409	20.5049	20.519	20.5454	0.487422	20.5085	0.492097	21.5406	
0.498086	20.5301	0.458094	20.5194	0.499229	0.497432	20.5611	20.5432	0.499434	20.5522	20.5307	20.5088	0.495688	20.565	0.497338	0.485594	20.5151	20.5409	20.5047	20.5188	20.5454	0.487422	20.5084	0.492096	21.5405	
0.498085	20.5301	0.458088	20.5194	0.499227	0.497428	20.5611	20.5432	0.499434	20.5518	20.5306	20.5088	0.495687	20.565	0.497338	0.485593	20.5151	20.5409	20.5046	20.5186	20.5454	0.487422	20.5083	0.492095	21.5404	
0.498085	20.5301	0.458073	20.5194	0.499224	0.497421	20.5611	20.5432	0.499434	20.5512	20.5306	20.5088	0.495682	20.565	0.497338	0.485593	20.5151	20.5409	20.5045	20.5182	20.5454	0.487422	20.5082	0.492094	21.5403	
0.498085	20.5301	0.458072	20.5194	0.499213	0.497417	20.5611	20.5432	0.499434	20.5509	20.5306	20.5088	0.495681	20.565	0.497338	0.485581	20.5151	20.5409	20.5044	20.518	20.5454	0.487422	20.5081	0.492093	21.5402	
0.498085	20.5301	0.458072	20.5194	0.49921	0.497412	20.5611	20.5432	0.499434	20.5506	20.5305	20.5088	0.49568	20.565	0.497338	0.48558	20.5151	20.5409	20.5044	20.5179	20.5454	0.487422	20.508	0.492093	21.54	
0.498085	20.5301	0.458071	20.5194	0.499201	0.497407	20.5611	20.5432	0.499434	20.5505	20.5305	20.5088	0.49568	20.565	0.497338	0.485579	20.5151	20.5409	20.5044	20.5177	20.5454	0.487422	20.5079	0.492092	21.5399	
0.498084	20.5301	0.458071	20.5194	0.499193	0.497401	20.5611	20.5432	0.499434	20.5504	20.5305	20.5087	0.495679	20.565	0.497338	0.485579	20.5151	20.5409	20.5043	20.5176	20.5454	0.487422	20.5078	0.492091	21.5398	
0.498084	20.5301	0.45807	20.5194	0.499189	0.497395	20.5611	20.5432	0.499434	20.5504	20.5304	20.5087	0.495678	20.565	0.497338	0.485578	20.5151	20.5409	20.5043	20.5173	20.5454	0.487422	20.5077	0.492089	21.5398	
0.498084	20.5301	0.45807	20.5194	0.499184	0.497385	20.5611	20.5432	0.499434	20.5502	20.5304	20.5087	0.495678	20.565	0.497338	0.485577	20.5151	20.5409	20.5042	20.5172	20.5454	0.487422	20.5076	0.492088	21.5397	
0.498084	20.5301	0.45807	20.5194	0.499179	0.497376	20.5611	20.5432	0.499434	20.5502	20.5304	20.5087	0.495676	20.565	0.497338	0.485576	20.5151	20.5409	20.5042	20.517	20.5454	0.487422	20.5074	0.492087	21.5396	
0.498084	20.5301	0.45807	20.5194	0.499172	0.497367	20.5611	20.5432	0.499434	20.5501	20.5304	20.5087	0.495675	20.565	0.497338	0.485575	20.5151	20.5409	20.5042	20.5168	20.5454	0.487422	20.5073	0.492087	21.5395	
0.498084	20.5301	0.458069	20.5194	0.499164	0.49736	20.5611	20.5432	0.499433	20.5501	20.5304	20.5087	0.495674	20.565	0.497338	0.485574	20.5151	20.5409	20.5042	20.5167	20.5454	0.487421	20.5072	0.492087	21.5394	
0.498083	20.5301	0.458069	20.5194	0.49916	0.497352	20.5611	20.5432	0.499433	20.5501	20.5303	20.5087	0.495673	20.565	0.497338	0.485574	20.5151	20.5409	20.5041	20.5166	20.5454	0.487421	20.507	0.492086	21.5393	
0.498083	20.5301	0.458069	20.5194	0.499156	0.497345	20.5611	20.5432	0.499433	20.55	20.5303	20.5087	0.495672	20.565	0.497338	0.485573	20.5151	20.5409	20.5041	20.5165	20.5454	0.487421	20.5069	0.492086	21.539	
0.498083	20.5301	0.458069	20.5194	0.499154	0.497315	20.5611	20.5432	0.499433	20.55	20.5303	20.5087	0.495671	20.565	0.497338	0.485572	20.5151	20.5409	20.5041	20.5165	20.5454	0.487421	20.5067	0.492085	21.5388	
0.498082	20.5301	0.458069	20.5194	0.499152	0.497313	20.5611	20.5432	0.499433	20.5499	20.5303	20.5087	0.495671	20.565	0.497338	0.485572	20.5151	20.5409	20.5041	20.5165	20.5454	0.487421	20.5066	0.492084	21.5387	
0.498082	20.5301	0.458069	20.5194	0.499148	0.497309	20.5611	20.5432	0.499433	20.5499	20.5303	20.5087	0.495671	20.565	0.497338	0.485571	20.5151	20.5409	20.5041	20.5164	20.5454	0.487421	20.5064	0.492083	21.5385	
0.498082	20.5301	0.458069	20.5194	0.499145	0.497298	20.5611	20.5432	0.499433	20.5499	20.5302	20.5086	0.49567	20.565	0.497338	0.48557	20.5151	20.5409	20.5041	20.5163	20.5454	0.487421	20.5062	0.492082	21.5382	
0.498082	20.5301	0.458069	20.5194	0.499142	0.497284	20.5611	20.5432	0.499433	20.5498	20.5302	20.5086	0.49567	20.565	0.497338	0.485569	20.5151	20.5409	20.5041	20.5163	20.5454	0.487421	20.506	0.492082	21.5377	
0.498082	20.5301	0.458069	20.5194	0.499139	0.497275	20.5611	20.5432	0.499433	20.5498	20.5302	20.5086	0.49567	20.565	0.497338	0.485569	20.5151	20.5409	20.5041	20.5163	20.5454	0.487421	20.5057	0.492081	21.5373	
0.498082	20.5301	0.458068	20.5194	0.499133	0.49727	20.5611	20.5432	0.499433	20.5498	20.5302	20.5086	0.495669	20.565	0.497338	0.485568	20.5151	20.5409	20.5041	20.5162	20.5454	0.48742	20.5056	0.49208	21.5369	
0.498082	20.5301	0.458068	20.5194	0.499128	0.497266	20.5611	20.5432	0.499433	20.5498	20.5301	20.5086	0.495669	20.565	0.497338	0.485567	20.5151	20.5409	20.5041	20.5162	20.5454	0.48742	20.5056	0.49208	21.5361	
0.498082	20.5301	0.458068	20.5194	0.499119	0.497262	20.5611	20.5432	0.499433	20.5497	20.5301	20.5086	0.495669	20.565	0.497338	0.485565	20.5151	20.5409	20.5041	20.5161	20.5454	0.48742	20.5056	0.492079	21.5356	
0.498082	20.5301	0.458068	20.5194	0.499117	0.497253	20.5611	20.5432	0.499433	20.5497	20.53	20.5085	0.495669	20.565	0.497338	0.485565	20.5151	20.5409	20.5041	20.5161	20.5454	0.48742	20.5055	0.492079	21.5354	
0.498082	20.5301	0.458068	20.5194	0.499113	0.497243	20.5611	20.5432	0.499433	20.5492	20.5299	20.5085	0.495668	20.565	0.497338	0.485564	20.5151	20.5409	20.5041	20.5161	20.5454	0.48742	20.5054	0.492078	21.5351	
0.498081	20.5301	0.458068	20.5194	0.499107	0.497236	20.5611	20.5432	0.499433	20.5492	20.5299	20.5085	0.495667	20.565	0.497338	0.485564	20.5151	20.5409	20.5041	20.5161	20.5454	0.48742	20.5054	0.492078	21.5346	
0.498081	20.5301	0.458068	20.5194	0.499099	0.497224	20.5611	20.5432	0.499433	20.5491	20.5299	20.5085	0.495667	20.565	0.497338	0.485563	20.5151	20.5409	20.5041	20.516	20.5454	0.48742	20.5054	0.492077	21.5337	
0.498081	20.5301	0.458068	20.5194	0.49909	0.497222	20.5611	20.5432	0.499433	20.5491	20.5298	20.5085	0.495666	20.565	0.497338	0.485563	20.5151	20.5409	20.5041	20.516	20.5454	0.48742	20.5053	0.492076	21.5333	
0.498081	20.5301	0.458068	20.5194	0.499081	0.497219	20.5611	20.5432	0.499433	20.5491	20.5298	20.5084	0.495665	20.565	0.497338	0.485562	20.5151	20.5409	20.5041	20.5159	20.5454	0.48742	20.5052	0.492074	21.5328	
0.498081	20.5301	0.458068	20.5194	0.499076	0.497215	20.5611	20.5432	0.499433	20.5491	20.5297	20.5084	0.495663	20.565	0.497337	0.485561	20.5151	20.5409	20.5041	20.5159	20.5454	0.48742	20.5051	0.492073	21.5324	
0.498081	20.5301	0.458068	20.5194	0.499071	0.497214	20.5611	20.5432	0.499433	20.549	20.5296	20.5083	0.495663	20.565	0.497337	0.485561	20.5151	20.5409	20.5041	20.5158	20.5454	0.48742	20.505	0.492072	21.5322	
0.498081	20.5301	0.458068	20.5194	0.499064	0.497213	20.5611	20.5432	0.499433	20.549	20.5295	20.5082	0.495662	20.565	0.497337	0.48556	20.5151	20.5409	20.5041	20.5158	20.5454	0.48742	20.505	0.492065	21.5321	
0.498081	20.5301	0.458068	20.5194	0.499052	0.497212	20.5611	20.5432	0.499432	20.5489	20.5295	20.5082	0.495661	20.565	0.497337	0.485559	20.5151	20.5409	20.5041	20.5158	20.5454	0.48742	20.5049	0.492055	21.532	
0.498079	20.5301	0.458068	20.5194	0.49902	0.49721	20.5611	20.5432	0.499432	20.5488	20.5295	20.5081	0.495661	20.565	0.497337	0.485558	20.5151	20.5409	20.5041	20.5158	20.5454	0.48742	20.5049	0.492049	21.5318	
0.498079	20.5301	0.458068	20.5194	0.499012	0.497207	20.5611	20.5432	0.499432	20.5487	20.5294	20.5081	0.49566	20.565	0.497337	0.485557	20.5151	20.5409	20.5041	20.5157	20.5454	0.48742	20.5049	0.492036	21.5315	
0.498079	20.5301	0.458068	20.5194	0.498996	0.497204	20.5611	20.5432	0.499432	20.5486	20.5294	20.508	0.495659	20.565	0.497336	0.485555	20.5151	20.5409	20.5041	20.5157	20.5454	0.48742	20.5049	0.492024	21.5313	
0.498079	20.5301	0.458068	20.5194	0.498988	0.497203	20.5611	20.5432	0.499432	20.5485	20.5294	20.508	0.495658	20.565	0.497336	0.485554	20.5151	20.5409	20.5041	20.5157	20.5454	0.48742	20.5049	0.492022	21.5312	
0.498079	20.5301	0.458068	20.5194	0.498974	0.497201	20.5611	20.5432	0.499432	20.5484	20.5294	20.508	0.495658	20.565	0.497336	0.485553	20.5151	20.5409	20.5041	20.5157	20.5454	0.48742	20.5049	0.49202	21.5311	
0.498079	20.5301	0.458068	20.5194	0.498961	0.497199	20.5611	20.5432	0.499431	20.5483	20.5294	20.5079	0.495657	20.565	0.497336	0.485549	20.5151	20.5409	20.5041	20.5157	20.5454	0.48742	20.5049	0.492019	21.531	
0.498079	20.5301	0.458068	20.5194	0.498953	0.497183	20.5611	20.5432	0.499431	20.5483	20.5293	20.5079	0.495656	20.565	0.497335	0.485544	20.5151	20.5409	20.5041	20.5157	20.5454	0.48742	20.5048	0.492016	21.531	
0.498079	20.5301	0.458068	20.5194	0.498947	0.497181	20.5611	20.5432	0.499431	20.5483	20.5293	20.5079	0.495654	20.565	0.497335	0.48554	20.5151	20.5409	20.5041	20.5156	20.5454	0.48742	20.5048	0.492013	21.5309	
0.498079	20.5301	0.458068	20.5194	0.498936	0.497179	20.5611	20.5432	0.499431	20.5482	20.5293	20.5079	0.495652	20.565	0.497334	0.485539	20.5151	20.5409	20.5041	20.5156	20.5454	0.48742	20.5048	0.492011	21.5309	
0.498079	20.5301	0.458068	20.5194	0.49893	0.497176	20.5611	20.5432	0.49943	20.5482	20.5293	20.5078	0.49565	20.565	0.497334	0.485538	20.5151	20.5409	20.5041	20.5156	20.5454	0.48742	20.5048	0.492009	21.5308	
0.498079	20.5301	0.458068	20.5194	0.498922	0.497175	20.5611	20.5432	0.49943	20.5481	20.5293	20.5078	0.495648	20.565	0.497334	0.485536	20.5151	20.5409	20.5041	20.5156	20.5454	0.48742	20.5048	0.492008	21.5308	
0.498079	20.5301	0.458068	20.5194	0.498919	0.497171	20.5611	20.5432	0.49943	20.5481	20.5293	20.5077	0.495646	20.565	0.497334	0.485532	20.5151	20.5409	20.5041	20.5156	20.5454	0.48742	20.5048	0.492005	21.5307	
0.498079	20.5301	0.458068	20.5194	0.498918	0.497169	20.5611	20.5432	0.49943	20.5481	20.5293	20.5077	0.495644	20.565	0.497333	0.485529	20.5151	20.5409	20.5041	20.5156	20.5454	0.48742	20.5048	0.492	21.5307	
0.498079	20.5301	0.458068	20.5194	0.498914	0.497167	20.5611	20.5432	0.49943	20.5481	20.5293	20.5077	0.495639	20.565	0.497332	0.485525	20.5151	20.5409	20.5041	20.5156	20.5454	0.48742	20.5048	0.491997	21.5307	
0.498079	20.5301	0.458068	20.5194	0.498912	0.497166	20.5611	20.5432	0.49943	20.548	20.5293	20.5077	0.495636	20.565	0.497331	0.485523	20.5151	20.5409	20.5041	20.5156	20.5454	0.48742	20.5048	0.491995	21.5307	
0.498079	20.5301	0.458068	20.5194	0.49891	0.497164	20.5611	20.5432	0.49943	20.548	20.5293	20.5077	0.495634	20.565	0.497331	0.485521	20.5151	20.5409	20.5041	20.5156	20.5454	0.48742	20.5048	0.491991	21.5307	
0.498079	20.5301	0.458068	20.5194	0.498909	0.497163	20.5611	20.5432	0.49943	20.548	20.5293	20.5077	0.495633	20.565	0.49733	0.485518	20.5151	20.5409	20.5041	20.5156	20.5454	0.48742	20.5048	0.491986	21.5306	
0.498079	20.5301	0.458068	20.5194	0.498907	0.497162	20.5611	20.5432	0.49943	20.548	20.5293	20.5077	0.495632	20.565	0.49733	0.485515	20.5151	20.5409	20.5041	20.5156	20.5454	0.48742	20.5047	0.491983	21.5306	
0.498079	20.5296	0.458068	20.5194	0.498907	0.497161	20.5611	20.5432	0.49943	20.548	20.5293	20.5077	0.495631	20.565	0.49733	0.485514	20.5151	20.5409	20.5041	20.5156	20.5454	0.48742	20.5047	0.491981	21.5306	
0.498079	20.5296	0.458068	20.5194	0.498906	0.49716	20.5611	20.5432	0.49943	20.548	20.5292	20.5077	0.495631	20.565	0.497329	0.485513	20.5151	20.5409	20.5041	20.5155	20.5454	0.48742	20.5047	0.49198	21.5306	
0.498079	20.5296	0.458068	20.5194	0.498904	0.497159	20.5611	20.5432	0.49943	20.548	20.5292	20.5077	0.495631	20.565	0.497329	0.485512	20.5151	20.5409	20.5041	20.5155	20.5454	0.48742	20.5047	0.491977	21.5306	
0.498079	20.5296	0.458067	20.5194	0.498904	0.497158	20.5611	20.5432	0.49943	20.548	20.5292	20.5077	0.495631	20.565	0.497328	0.48551	20.5151	20.5409	20.5041	20.5155	20.5454	0.48742	20.5047	0.491977	21.5306	
0.498079	20.5296	0.458067	20.5194	0.498903	0.497156	20.5611	20.5432	0.49943	20.548	20.5291	20.5077	0.49563	20.565	0.497328	0.48551	20.5151	20.5409	20.5041	20.5155	20.5454	0.48742	20.5047	0.491976	21.5306	
0.498079	20.5296	0.458067	20.5194	0.498897	0.497142	20.5611	20.5432	0.49943	20.548	20.5291	20.5077	0.49563	20.565	0.497328	0.485509	20.5151	20.5409	20.5041	20.5155	20.5454	0.48742	20.5047	0.491974	21.5305	
0.498079	20.5296	0.458066	20.5194	0.498889	0.49714	20.5611	20.5432	0.49943	20.548	20.5291	20.5077	0.49563	20.565	0.497328	0.485509	20.5151	20.5409	20.5041	20.5155	20.5454	0.48742	20.5047	0.491974	21.5305	
0.498079	20.5296	0.458066	20.5194	0.498881	0.49714	20.5611	20.5432	0.49943	20.548	20.5291	20.5077	0.49563	20.565	0.497328	0.485508	20.5151	20.5409	20.5041	20.5155	20.5454	0.48742	20.5047	0.491973	21.5305	
0.498079	20.5296	0.458066	20.5194	0.498877	0.497138	20.5611	20.5432	0.49943	20.548	20.5291	20.5077	0.49563	20.565	0.497328	0.485508	20.5151	20.5409	20.5041	20.5155	20.5454	0.48742	20.5047	0.491971	21.5305	
0.498079	20.5296	0.458066	20.5194	0.498875	0.497136	20.5611	20.5432	0.49943	20.548	20.5291	20.5077	0.49563	20.565	0.497328	0.485507	20.5151	20.5409	20.5041	20.5155	20.5454	0.48742	20.5047	0.491969	21.5304	
0.498079	20.5296	0.458066	20.5194	0.498875	0.497135	20.5611	20.5432	0.49943	20.548	20.5291	20.5077	0.495629	20.565	0.497328	0.485507	20.5151	20.5409	20.5041	20.5155	20.5454	0.48742	20.5047	0.491968	21.5304	
0.498079	20.5296	0.458066	20.5194	0.498874	0.497134	20.5611	20.5432	0.49943	20.548	20.5291	20.5076	0.495629	20.565	0.497328	0.485506	20.5151	20.5409	20.5041	20.5155	20.5454	0.48742	20.5047	0.491967	21.5304	
0.498079	20.5296	0.458066	20.5194	0.498872	0.497133	20.5611	20.5432	0.49943	20.548	20.5291	20.5076	0.495629	20.565	0.497328	0.485506	20.5151	20.5409	20.5041	20.5155	20.5454	0.48742	20.5046	0.491966	21.5304	
0.498079	20.5296	0.458065	20.5194	0.498871	0.497132	20.5611	20.5432	0.49943	20.548	20.5291	20.5076	0.495629	20.565	0.497328	0.485506	20.5151	20.5409	20.5041	20.5155	20.5454	0.48742	20.5046	0.491963	21.5304	
0.498079	20.5296	0.458065	20.5194	0.498871	0.497131	20.5611	20.5432	0.49943	20.5479	20.5291	20.5076	0.495629	20.565	0.497327	0.485506	20.5151	20.5409	20.5041	20.5155	20.5454	0.48742	20.5046	0.491962	21.5303	
0.498079	20.5296	0.458065	20.5194	0.49887	0.49713	20.5611	20.5432	0.49943	20.5479	20.5291	20.5076	0.495629	20.565	0.497327	0.485506	20.5151	20.5409	20.5041	20.5155	20.5454	0.48742	20.5046	0.491961	21.5302	
0.498079	20.5296	0.458065	20.5194	0.498869	0.49713	20.5611	20.5432	0.49943	20.5479	20.5291	20.5076	0.495629	20.565	0.497327	0.485505	20.5151	20.5409	20.5041	20.5155	20.5454	0.48742	20.5045	0.491959	21.5302	
0.498078	20.5296	0.458065	20.5194	0.498869	0.49713	20.5611	20.5432	0.49943	20.5479	20.5291	20.5076	0.495629	20.565	0.497327	0.485505	20.5151	20.5409	20.5041	20.5155	20.5454	0.48742	20.5045	0.491959	21.5301	
0.498078	20.5296	0.458065	20.5194	0.498869	0.49713	20.5611	20.5432	0.49943	20.5479	20.5291	20.5076	0.495629	20.565	0.497327	0.485504	20.5151	20.5409	20.5041	20.5155	20.5454	0.48742	20.5045	0.491958	21.5301	
0.498078	20.5296	0.458065	20.5194	0.498869	0.497129	20.5611	20.5432	0.49943	20.5479	20.5291	20.5076	0.495629	20.565	0.497327	0.485504	20.5151	20.5409	20.5041	20.5155	20.5454	0.48742	20.5044	0.491958	21.5301	
0.498078	20.5296	0.458065	20.5194	0.498869	0.497129	20.5611	20.5432	0.49943	20.5479	20.5291	20.5076	0.495629	20.565	0.497327	0.485503	20.5151	20.5409	20.5041	20.5155	20.5454	0.48742	20.5044	0.491957	21.5301	
0.498078	20.5296	0.458065	20.5194	0.498869	0.497129	20.5611	20.5432	0.49943	20.5479	20.5291	20.5076	0.495629	20.565	0.497327	0.485501	20.5151	20.5409	20.5041	20.5155	20.5454	0.48742	20.5043	0.491957	21.5301	
0.498078	20.5296	0.458065	20.5194	0.498868	0.497128	20.5611	20.5432	0.49943	20.5479	20.5291	20.5076	0.495629	20.565	0.497327	0.485501	20.5151	20.5409	20.5041	20.5154	20.5454	0.48742	20.5043	0.491957	21.53	
0.498078	20.5296	0.458065	20.5194	0.498868	0.497128	20.5611	20.5432	0.49943	20.5479	20.5291	20.5076	0.495629	20.565	0.497327	0.485501	20.5151	20.5409	20.504	20.5154	20.5454	0.48742	20.5043	0.491957	21.53	
0.498078	20.5296	0.458065	20.5194	0.498868	0.497128	20.5611	20.5432	0.49943	20.5479	20.5291	20.5076	0.495629	20.565	0.497327	0.485501	20.5151	20.5409	20.504	20.5154	20.5454	0.48742	20.5043	0.491957	21.53	
0.498078	20.5296	0.458065	20.5194	0.498868	0.497127	20.5611	20.5432	0.49943	20.5479	20.5291	20.5076	0.495628	20.565	0.497327	0.4855	20.5151	20.5409	20.504	20.5154	20.5454	0.48742	20.5043	0.491957	21.53	
0.498078	20.5296	0.458065	20.5194	0.498868	0.497127	20.5611	20.5432	0.49943	20.5479	20.5291	20.5076	0.495628	20.565	0.497327	0.4855	20.5151	20.5409	20.504	20.5154	20.5454	0.48742	20.5043	0.491957	21.53	
0.498078	20.5296	0.458065	20.5194	0.498868	0.497127	20.5611	20.5432	0.49943	20.5479	20.5291	20.5076	0.495628	20.565	0.497327	0.4855	20.5151	20.5409	20.504	20.5154	20.5454	0.48742	20.5043	0.491957	21.53	
0.498078	20.5296	0.458065	20.5194	0.498867	0.497124	20.5611	20.5432	0.49943	20.5479	20.5291	20.5076	0.495628	20.565	0.497327	0.4855	20.5151	20.5409	20.504	20.5154	20.5454	0.48742	20.5043	0.491957	21.53	
0.498078	20.5296	0.458065	20.5194	0.498867	0.497124	20.5611	20.5432	0.49943	20.5479	20.5291	20.5076	0.495628	20.565	0.497327	0.4855	20.5151	20.5409	20.504	20.5154	20.5454	0.48742	20.5043	0.491957	21.53	
0.498078	20.5296	0.458065	20.5194	0.498867	0.497123	20.5611	20.5432	0.49943	20.5479	20.5291	20.5076	0.495628	20.565	0.497327	0.4855	20.5151	20.5409	20.504	20.5154	20.5454	0.48742	20.5043	0.491957	21.53	
0.498078	20.5296	0.458065	20.5194	0.498867	0.497123	20.5611	20.5432	0.49943	20.5479	20.5291	20.5076	0.495628	20.565	0.497327	0.4855	20.5151	20.5409	20.504	20.5154	20.5454	0.48742	20.5043	0.491957	21.53	
0.498078	20.5296	0.458065	20.5194	0.498867	0.497123	20.5611	20.5432	0.49943	20.5479	20.5291	20.5076	0.495628	20.565	0.497327	0.4855	20.5151	20.5409	20.504	20.5154	20.5454	0.48742	20.5043	0.491957	21.53	
0.498078	20.5296	0.458065	20.5194	0.498867	0.497123	20.5611	20.5432	0.49943	20.5479	20.5291	20.5076	0.495628	20.565	0.497327	0.4855	20.5151	20.5409	20.504	20.5154	20.5454	0.48742	20.5043	0.491957	21.53	
0.498078	20.5296	0.458065	20.5194	0.498867	0.497123	20.5611	20.5432	0.49943	20.5479	20.5291	20.5076	0.495628	20.565	0.497327	0.4855	20.5151	20.5409	20.504	20.5154	20.5454	0.48742	20.5043	0.491957	21.53	
0.498078	20.5296	0.458065	20.5194	0.498867	0.497123	20.5611	20.5432	0.49943	20.5479	20.5291	20.5076	0.495628	20.565	0.497327	0.4855	20.5151	20.5409	20.504	20.5154	20.5454	0.48742	20.5043	0.491957	21.53	
0.498078	20.5296	0.458065	20.5194	0.498867	0.497123	20.5611	20.5432	0.49943	20.5479	20.5291	20.5076	0.495628	20.565	0.497327	0.4855	20.5151	20.5409	20.504	20.5154	20.5454	0.48742	20.5043	0.491957	21.53	
0.498078	20.5296	0.458065	20.5194	0.498867	0.497123	20.5611	20.5432	0.49943	20.5479	20.5291	20.5076	0.495628	20.565	0.497327	0.4855	20.5151	20.5409	20.504	20.5154	20.5454	0.48742	20.5043	0.491957	21.53	
0.498078	20.5296	0.458065	20.5194	0.498867	0.497123	20.5611	20.5432	0.49943	20.5479	20.5291	20.5076	0.495628	20.565	0.497327	0.4855	20.5151	20.5409	20.504	20.5154	20.5454	0.48742	20.5043	0.491957	21.53	
0.498078	20.5296	0.458065	20.5194	0.498867	0.497123	20.5611	20.5432	0.49943	20.5479	20.5291	20.5076	0.495628	20.565	0.497327	0.4855	20.5151	20.5409	20.504	20.5154	20.5454	0.48742	20.5043	0.491957	21.53	
0.498078	20.5296	0.458065	20.5194	0.498867	0.497123	20.5611	20.5432	0.49943	20.5479	20.5291	20.5076	0.495628	20.565	0.497327	0.4855	20.5151	20.5409	20.504	20.5154	20.5454	0.48742	20.5043	0.491957	21.53	
0.498078	20.5296	0.458065	20.5194	0.498867	0.497123	20.5611	20.5432	0.49943	20.5479	20.5291	20.5076	0.495628	20.565	0.497327	0.4855	20.5151	20.5409	20.504	20.5154	20.5454	0.48742	20.5043	0.491957	21.53	
0.498078	20.5296	0.458065	20.5194	0.498867	0.497123	20.5611	20.5432	0.49943	20.5479	20.5291	20.5076	0.495628	20.565	0.497327	0.4855	20.5151	20.5409	20.504	20.5154	20.5454	0.48742	20.5043	0.491957	21.53	
0.498078	20.5296	0.458065	20.5194	0.498867	0.497123	20.5611	20.5432	0.49943	20.5479	20.5291	20.5076	0.495628	20.565	0.497327	0.485499	20.5151	20.5409	20.504	20.5154	20.5454	0.48742	20.5043	0.491957	21.53	
0.498078	20.5296	0.458065	20.5194	0.498867	0.497123	20.5611	20.5432	0.49943	20.5479	20.5291	20.5076	0.495628	20.565	0.497327	0.485499	20.5151	20.5409	20.504	20.5154	20.5454	0.48742	20.5043	0.491957	21.53	
0.498078	20.5296	0.458065	20.5194	0.498867	0.497123	20.5611	20.5432	0.49943	20.5479	20.5291	20.5076	0.495628	20.565	0.497327	0.485499	20.5151	20.5409	20.504	20.5154	20.5454	0.48742	20.5043	0.491957	21.53	
0.498078	20.5296	0.458065	20.5194	0.498867	0.497123	20.5611	20.5432	0.49943	20.5479	20.5291	20.5076	0.495628	20.565	0.497327	0.485499	20.5151	20.5409	20.504	20.5154	20.5454	0.48742	20.5043	0.491957	21.53	
0.498078	20.5296	0.458065	20.5194	0.498867	0.497123	20.5611	20.5432	0.49943	20.5479	20.5291	20.5076	0.495628	20.565	0.497327	0.485499	20.5151	20.5409	20.504	20.5154	20.5454	0.48742	20.5043	0.491957	21.53	
0.498078	20.5296	0.458065	20.5194	0.498867	0.497123	20.5611	20.5432	0.49943	20.5479	20.5291	20.5076	0.495628	20.565	0.497327	0.485499	20.5151	20.5409	20.504	20.5154	20.5454	0.48742	20.5043	0.491957	21.53	
0.498078	20.5296	0.458065	20.5194	0.498867	0.497123	20.5611	20.5432	0.49943	20.5479	20.5291	20.5076	0.495628	20.565	0.497327	0.485499	20.5151	20.5409	20.504	20.5154	20.5454	0.48742	20.5043	0.491957	21.53	
