1.13535e+11	1.00049e+11	1.12282e+11	7.50791e+10	1.01521e+11	7.98888e+10	9.65989e+10	1.09056e+11	9.59208e+10	1.15589e+11	9.33698e+10	6.60679e+10	8.68706e+10	1.02252e+11	1.07436e+11	9.6311e+10	1.09948e+11	7.96832e+10	6.94725e+10	1.00721e+11	1.05478e+11	1.2268e+11	9.75856e+10	9.75792e+10	1.04829e+11	
6.58911e+10	6.98595e+10	8.64983e+10	7.50791e+10	8.81953e+10	7.98888e+10	7.69919e+10	8.05834e+10	9.15138e+10	9.58894e+10	8.25868e+10	6.60679e+10	8.0989e+10	7.46223e+10	7.36444e+10	8.98211e+10	8.20519e+10	7.96832e+10	6.94725e+10	1.00721e+11	6.73561e+10	9.06997e+10	5.61227e+10	9.40853e+10	8.8651e+10	
5.58236e+10	6.06341e+10	7.54861e+10	7.50791e+10	6.75779e+10	6.01381e+10	7.6228e+10	6.01229e+10	5.95779e+10	8.00457e+10	6.89255e+10	5.21371e+10	7.05139e+10	6.5898e+10	6.5225e+10	6.34351e+10	7.35955e+10	5.84006e+10	6.44518e+10	6.19584e+10	5.68152e+10	7.23524e+10	5.61227e+10	5.56955e+10	4.28663e+10	
4.85127e+10	5.87525e+10	5.30941e+10	4.70776e+10	6.27973e+10	4.22546e+10	6.59844e+10	5.52424e+10	5.21721e+10	4.44345e+10	5.00237e+10	5.21371e+10	7.05139e+10	6.5898e+10	5.91349e+10	5.87283e+10	5.46308e+10	5.84006e+10	5.35392e+10	5.41278e+10	5.24287e+10	4.55987e+10	5.11271e+10	5.56955e+10	4.28663e+10	
4.85127e+10	5.87525e+10	5.30941e+10	4.70776e+10	4.93547e+10	4.22546e+10	4.96428e+10	5.52424e+10	5.21721e+10	4.44345e+10	5.00237e+10	5.21371e+10	6.38528e+10	6.25647e+10	4.25088e+10	4.81196e+10	5.25394e+10	5.46547e+10	5.35392e+10	4.81121e+10	5.24287e+10	4.55987e+10	3.95011e+10	4.35313e+10	3.64787e+10	
4.10931e+10	4.82002e+10	5.30941e+10	3.9868e+10	4.0775e+10	4.22546e+10	4.14192e+10	3.94213e+10	2.8268e+10	3.65972e+10	4.66383e+10	3.5794e+10	4.87568e+10	4.71534e+10	4.25088e+10	3.71294e+10	4.9457e+10	4.63334e+10	3.13855e+10	4.69205e+10	5.24287e+10	4.11712e+10	2.36369e+10	4.35313e+10	3.64787e+10	
3.7044e+10	4.82002e+10	3.85932e+10	2.87967e+10	3.64751e+10	3.19784e+10	4.14192e+10	3.94213e+10	2.8268e+10	3.65972e+10	4.66383e+10	3.5794e+10	4.87568e+10	4.44686e+10	3.12818e+10	3.36416e+10	4.9457e+10	4.3686e+10	3.13855e+10	3.42491e+10	5.24287e+10	4.11712e+10	2.36369e+10	4.35313e+10	3.55519e+10	
3.4644e+10	3.69547e+10	3.73689e+10	2.87967e+10	3.64751e+10	3.0044e+10	2.89557e+10	2.45245e+10	2.8268e+10	3.65972e+10	4.28428e+10	3.5794e+10	4.14537e+10	4.17492e+10	3.12818e+10	3.36416e+10	3.62626e+10	3.05428e+10	3.13855e+10	3.42491e+10	4.59073e+10	4.05338e+10	2.36369e+10	3.76552e+10	3.30508e+10	
3.4644e+10	3.00893e+10	3.73689e+10	2.43216e+10	3.54728e+10	3.0044e+10	2.89557e+10	2.45245e+10	2.8268e+10	3.464e+10	4.09311e+10	3.00528e+10	2.75831e+10	3.7791e+10	3.12818e+10	3.36416e+10	3.62626e+10	3.05428e+10	3.13855e+10	3.42491e+10	3.36223e+10	3.23132e+10	2.36369e+10	3.76552e+10	3.30508e+10	
3.20943e+10	3.00893e+10	3.64318e+10	2.32438e+10	2.58196e+10	2.89623e+10	2.27299e+10	2.45245e+10	2.22307e+10	3.464e+10	3.8877e+10	3.00528e+10	2.75831e+10	2.81333e+10	2.98848e+10	3.13356e+10	2.99022e+10	2.19349e+10	3.13855e+10	3.42491e+10	3.36223e+10	3.23132e+10	2.36369e+10	2.21461e+10	2.91811e+10	
3.20943e+10	2.68203e+10	3.03163e+10	2.32438e+10	2.58196e+10	2.89623e+10	2.25704e+10	2.45245e+10	2.22307e+10	3.16696e+10	3.59263e+10	2.49358e+10	2.75831e+10	2.71443e+10	2.79034e+10	3.13356e+10	2.79622e+10	2.19349e+10	3.13855e+10	2.15777e+10	3.20878e+10	2.75878e+10	2.36369e+10	2.21461e+10	2.0559e+10	
2.36152e+10	2.68203e+10	3.03163e+10	2.17511e+10	2.09545e+10	2.89623e+10	2.25704e+10	2.45245e+10	2.22307e+10	3.05656e+10	2.02706e+10	2.24742e+10	2.33535e+10	2.71443e+10	2.52178e+10	3.10937e+10	2.79622e+10	2.19349e+10	3.08768e+10	2.15777e+10	2.0655e+10	2.69678e+10	1.53475e+10	2.21461e+10	2.0559e+10	
2.36152e+10	2.68203e+10	2.71753e+10	2.04698e+10	2.09545e+10	2.18456e+10	2.25704e+10	2.38991e+10	2.22307e+10	2.09755e+10	2.02706e+10	2.24742e+10	2.33535e+10	2.71443e+10	2.26938e+10	3.10937e+10	2.34404e+10	1.92642e+10	2.62531e+10	1.98705e+10	1.70584e+10	2.35688e+10	1.53475e+10	2.21461e+10	2.0559e+10	
2.32745e+10	2.68203e+10	1.78425e+10	2.04698e+10	1.49603e+10	1.98742e+10	2.25704e+10	1.81346e+10	2.22307e+10	2.09755e+10	2.02706e+10	2.16146e+10	2.33535e+10	2.45122e+10	2.26938e+10	2.78291e+10	1.92137e+10	1.75025e+10	2.62531e+10	1.98705e+10	1.70584e+10	2.35688e+10	1.53475e+10	2.21461e+10	2.0182e+10	
2.06983e+10	2.68203e+10	1.78425e+10	2.04698e+10	1.49603e+10	1.98742e+10	1.96047e+10	1.67971e+10	2.22307e+10	2.09755e+10	2.02706e+10	2.16146e+10	1.48395e+10	1.66055e+10	2.13332e+10	2.42753e+10	1.92137e+10	1.75025e+10	2.48099e+10	1.98705e+10	1.70584e+10	2.35688e+10	1.53475e+10	2.21461e+10	2.0182e+10	
2.06983e+10	2.64806e+10	1.78425e+10	1.48477e+10	1.49603e+10	1.5416e+10	1.91575e+10	1.67971e+10	2.12269e+10	2.09755e+10	2.02706e+10	1.89338e+10	1.48395e+10	1.66055e+10	2.07029e+10	2.38911e+10	1.35393e+10	1.75025e+10	2.48099e+10	1.98705e+10	1.70584e+10	2.35688e+10	1.53475e+10	2.21461e+10	2.0182e+10	
1.41187e+10	2.40854e+10	1.70194e+10	1.48156e+10	1.49603e+10	1.5416e+10	1.84974e+10	1.55832e+10	2.12198e+10	2.09755e+10	1.61196e+10	1.44133e+10	1.48395e+10	1.66055e+10	1.97615e+10	2.30961e+10	1.35393e+10	1.73231e+10	1.85359e+10	1.77522e+10	1.70584e+10	2.12938e+10	1.42212e+10	2.21461e+10	1.30888e+10	
1.41187e+10	2.24518e+10	1.36361e+10	1.39168e+10	1.49603e+10	1.41946e+10	1.49025e+10	1.55832e+10	2.1021e+10	1.72231e+10	1.61196e+10	1.44133e+10	1.48395e+10	1.66055e+10	1.97615e+10	2.0589e+10	1.35393e+10	1.73231e+10	1.85359e+10	1.4633e+10	1.70584e+10	1.64186e+10	1.42212e+10	2.12913e+10	1.30888e+10	
1.41187e+10	1.47568e+10	1.36361e+10	1.39168e+10	1.35651e+10	1.41946e+10	1.49025e+10	1.55832e+10	1.52643e+10	1.6286e+10	1.5798e+10	1.44133e+10	1.48395e+10	1.58729e+10	1.30789e+10	1.77022e+10	1.29412e+10	1.40983e+10	1.81398e+10	1.4633e+10	1.58798e+10	1.64186e+10	1.42212e+10	1.49281e+10	1.30888e+10	
1.41187e+10	1.47568e+10	1.36361e+10	1.39168e+10	1.26115e+10	1.3882e+10	1.39549e+10	1.55832e+10	1.52643e+10	1.60987e+10	1.5483e+10	1.41421e+10	1.48395e+10	1.58729e+10	1.30789e+10	1.77022e+10	1.29412e+10	1.40983e+10	1.28138e+10	1.4633e+10	1.58798e+10	1.50724e+10	1.01795e+10	1.49281e+10	1.30888e+10	
1.41187e+10	1.47568e+10	1.35388e+10	1.12426e+10	1.12176e+10	1.3882e+10	1.39549e+10	1.55832e+10	1.52643e+10	1.19693e+10	1.51789e+10	1.08962e+10	1.48395e+10	1.52378e+10	1.0576e+10	1.77022e+10	1.29412e+10	1.40983e+10	1.28138e+10	1.4451e+10	1.54218e+10	1.44272e+10	1.01795e+10	1.45805e+10	1.30888e+10	
1.28537e+10	1.47568e+10	1.33289e+10	1.12426e+10	7.72684e+09	1.22339e+10	1.37366e+10	1.12726e+10	1.46261e+10	1.19693e+10	1.20813e+10	1.08962e+10	1.42827e+10	1.24028e+10	1.05059e+10	1.42276e+10	1.18759e+10	1.32776e+10	1.28138e+10	1.05323e+10	1.15363e+10	1.44272e+10	1.01795e+10	1.45805e+10	8.46564e+09	
1.28537e+10	1.47568e+10	1.33289e+10	7.46674e+09	7.72684e+09	1.01642e+10	1.34997e+10	1.12726e+10	1.46261e+10	1.19693e+10	1.1872e+10	1.08962e+10	1.22896e+10	1.24028e+10	1.05059e+10	1.42276e+10	9.9774e+09	1.32776e+10	1.28138e+10	1.05323e+10	1.15363e+10	1.44272e+10	1.01795e+10	1.45805e+10	8.46564e+09	
1.15306e+10	1.36811e+10	9.1334e+09	7.46674e+09	7.72684e+09	1.01642e+10	1.32208e+10	9.41102e+09	1.37481e+10	1.19693e+10	1.14053e+10	1.05553e+10	9.48347e+09	1.24028e+10	1.05059e+10	1.30502e+10	9.9774e+09	1.32776e+10	1.28138e+10	1.05323e+10	1.14258e+10	1.09285e+10	1.01795e+10	1.31185e+10	8.46564e+09	
1.15306e+10	1.09275e+10	9.1334e+09	7.46674e+09	7.72684e+09	1.01157e+10	8.77753e+09	9.41102e+09	1.16425e+10	1.19693e+10	1.14053e+10	1.05553e+10	9.48347e+09	1.24028e+10	1.05059e+10	1.30502e+10	9.9774e+09	1.32776e+10	1.28138e+10	1.05323e+10	1.14258e+10	1.09285e+10	1.01795e+10	1.31185e+10	8.46564e+09	
8.66299e+09	1.09275e+10	9.1334e+09	7.46674e+09	7.72684e+09	7.05454e+09	8.77753e+09	9.41102e+09	7.32066e+09	1.04388e+10	1.14053e+10	1.05553e+10	8.26973e+09	1.15599e+10	9.97075e+09	1.30502e+10	8.52879e+09	1.05678e+10	1.22693e+10	1.05323e+10	1.14258e+10	1.09285e+10	1.01795e+10	1.31185e+10	8.46564e+09	
8.66299e+09	1.09275e+10	9.1334e+09	7.46674e+09	7.72684e+09	7.05454e+09	8.77753e+09	9.41102e+09	7.32066e+09	1.04388e+10	1.05643e+10	1.02269e+10	8.26973e+09	1.15599e+10	5.97095e+09	8.01881e+09	8.52879e+09	1.03474e+10	1.22693e+10	8.70605e+09	7.85069e+09	1.09285e+10	9.37927e+09	1.20485e+10	8.46564e+09	
8.66299e+09	9.8297e+09	9.1334e+09	7.46674e+09	7.72684e+09	7.05454e+09	8.77753e+09	8.24741e+09	7.32066e+09	8.06751e+09	1.05643e+10	9.91637e+09	7.32267e+09	6.08471e+09	5.97095e+09	8.01881e+09	8.15048e+09	8.04684e+09	9.73045e+09	8.3821e+09	6.28297e+09	7.21513e+09	9.37927e+09	8.48618e+09	8.46564e+09	
5.40459e+09	9.8297e+09	9.1334e+09	7.46674e+09	6.39101e+09	6.28187e+09	8.77753e+09	8.24741e+09	7.32066e+09	8.06751e+09	9.84032e+09	9.58612e+09	5.78514e+09	6.08471e+09	5.97095e+09	8.01881e+09	8.15048e+09	8.04684e+09	9.73045e+09	8.3821e+09	6.28297e+09	7.21513e+09	6.24627e+09	8.48618e+09	8.43342e+09	
5.40459e+09	9.8297e+09	7.62733e+09	7.46674e+09	6.39101e+09	6.28187e+09	6.62733e+09	8.2407e+09	7.32066e+09	8.06751e+09	9.21514e+09	7.32961e+09	5.78514e+09	6.08471e+09	5.97095e+09	8.01881e+09	8.15048e+09	8.04684e+09	9.60286e+09	8.3821e+09	6.28297e+09	7.21513e+09	6.24627e+09	8.48618e+09	8.43342e+09	
5.40459e+09	7.48223e+09	4.76079e+09	7.46674e+09	6.39101e+09	6.28187e+09	6.62733e+09	8.2407e+09	7.32066e+09	8.06751e+09	7.51316e+09	6.91266e+09	5.78514e+09	6.08471e+09	5.97095e+09	8.01881e+09	8.15048e+09	8.04684e+09	8.0063e+09	4.05582e+09	6.28297e+09	5.47175e+09	6.24627e+09	8.48618e+09	8.43342e+09	
5.40459e+09	7.11998e+09	4.76079e+09	7.46674e+09	6.39101e+09	6.28187e+09	6.62733e+09	7.69183e+09	7.32066e+09	8.06751e+09	7.51316e+09	6.91266e+09	5.78514e+09	6.08471e+09	5.10074e+09	6.91772e+09	7.37645e+09	7.7031e+09	8.0063e+09	4.05582e+09	6.28297e+09	5.47175e+09	6.24627e+09	8.04884e+09	7.29903e+09	
5.40459e+09	7.11998e+09	4.76079e+09	4.14855e+09	6.39101e+09	6.28187e+09	6.62733e+09	7.44087e+09	7.32066e+09	5.24063e+09	6.50654e+09	6.91266e+09	5.78514e+09	6.08471e+09	5.10074e+09	6.91772e+09	7.37645e+09	7.31632e+09	7.06905e+09	4.05582e+09	5.19735e+09	5.47175e+09	6.24627e+09	5.98075e+09	7.29903e+09	
5.40459e+09	6.9015e+09	3.79792e+09	4.14855e+09	6.39101e+09	6.28187e+09	6.62733e+09	7.44087e+09	5.78317e+09	5.24063e+09	6.00967e+09	6.91266e+09	5.61768e+09	6.08471e+09	5.10074e+09	6.91772e+09	7.36139e+09	7.31632e+09	5.51819e+09	4.05582e+09	5.19735e+09	5.47175e+09	6.24627e+09	5.98075e+09	7.29903e+09	
5.40459e+09	5.25306e+09	3.79792e+09	4.14855e+09	5.41314e+09	5.66353e+09	6.62733e+09	6.20267e+09	5.78317e+09	5.24063e+09	5.90622e+09	5.88542e+09	5.61768e+09	6.08471e+09	5.10074e+09	6.91772e+09	6.87728e+09	5.84986e+09	5.51819e+09	4.05582e+09	5.19735e+09	5.47175e+09	4.60277e+09	5.98075e+09	6.56568e+09	
5.33432e+09	5.25306e+09	3.79792e+09	4.14855e+09	5.1253e+09	5.66353e+09	5.42467e+09	5.71648e+09	5.78317e+09	4.40824e+09	5.90622e+09	5.88542e+09	5.61768e+09	6.08471e+09	5.10074e+09	6.48042e+09	6.68005e+09	5.84986e+09	5.41637e+09	4.05582e+09	5.19735e+09	5.47175e+09	4.12557e+09	5.66277e+09	5.74263e+09	
4.74085e+09	5.25306e+09	3.79792e+09	3.67785e+09	5.1253e+09	5.66353e+09	5.42467e+09	5.71648e+09	4.75854e+09	4.40824e+09	4.32453e+09	5.88542e+09	5.57531e+09	5.82495e+09	5.10074e+09	3.86557e+09	5.78692e+09	5.84986e+09	5.41637e+09	4.05582e+09	5.19735e+09	4.57028e+09	4.12557e+09	5.66277e+09	4.33261e+09	
4.74085e+09	4.63563e+09	3.79792e+09	3.67785e+09	5.1253e+09	3.7247e+09	5.42467e+09	4.55798e+09	3.54122e+09	4.40824e+09	4.32453e+09	5.3509e+09	5.57531e+09	3.66782e+09	4.03197e+09	3.86557e+09	5.78692e+09	4.7047e+09	5.41637e+09	4.05582e+09	5.19735e+09	4.57028e+09	2.9985e+09	5.66277e+09	4.33261e+09	
4.74085e+09	4.63563e+09	3.79792e+09	3.67785e+09	4.5423e+09	3.7247e+09	5.42467e+09	4.55798e+09	2.74384e+09	4.40824e+09	4.32453e+09	5.3509e+09	4.3038e+09	3.66782e+09	4.03197e+09	3.86557e+09	4.62583e+09	4.7047e+09	4.15454e+09	1.81404e+09	5.19735e+09	4.57028e+09	2.9985e+09	4.91464e+09	4.0214e+09	
4.74085e+09	4.63563e+09	3.79792e+09	3.00344e+09	4.16582e+09	3.7247e+09	4.14293e+09	3.97147e+09	2.74384e+09	3.29661e+09	4.30186e+09	5.19836e+09	4.3038e+09	3.66782e+09	4.03197e+09	3.86557e+09	4.62583e+09	4.7047e+09	4.15454e+09	1.81404e+09	5.02765e+09	4.24063e+09	2.9985e+09	3.45656e+09	4.0214e+09	
4.64562e+09	4.63563e+09	3.52856e+09	3.00344e+09	4.16582e+09	3.7247e+09	4.14293e+09	3.97147e+09	2.74384e+09	3.29661e+09	2.71322e+09	4.45001e+09	4.3038e+09	3.66782e+09	3.81508e+09	3.86557e+09	3.80469e+09	4.7047e+09	4.15454e+09	1.81404e+09	5.02765e+09	4.23444e+09	2.9985e+09	3.45656e+09	4.0214e+09	
4.64562e+09	3.18262e+09	3.52856e+09	3.00344e+09	4.13512e+09	3.7247e+09	4.14293e+09	3.97147e+09	2.74384e+09	3.29661e+09	2.71322e+09	3.87166e+09	4.3038e+09	3.66782e+09	3.81508e+09	3.86557e+09	3.80469e+09	4.7047e+09	3.36474e+09	1.81404e+09	4.77569e+09	4.22876e+09	2.9985e+09	3.45656e+09	4.0214e+09	
2.22424e+09	3.18262e+09	3.52856e+09	3.00344e+09	4.09264e+09	3.7247e+09	3.23073e+09	3.97147e+09	2.74384e+09	3.22654e+09	2.71322e+09	3.67537e+09	2.60344e+09	3.39913e+09	3.81508e+09	3.42161e+09	3.63207e+09	3.91434e+09	3.36474e+09	1.81404e+09	3.02152e+09	4.22876e+09	2.9985e+09	3.45656e+09	3.78107e+09	
2.22424e+09	3.18262e+09	3.52856e+09	1.7447e+09	3.50008e+09	3.27833e+09	3.23073e+09	3.97147e+09	2.74384e+09	3.22654e+09	2.71322e+09	3.67537e+09	2.60344e+09	3.39913e+09	3.81508e+09	3.42161e+09	3.63207e+09	3.91434e+09	2.88427e+09	1.81404e+09	3.02152e+09	4.22876e+09	2.9985e+09	2.42279e+09	3.78107e+09	
2.22424e+09	3.18262e+09	3.43008e+09	1.7447e+09	3.27172e+09	2.34078e+09	3.14285e+09	3.33915e+09	2.74384e+09	2.85248e+09	2.71322e+09	2.51449e+09	2.60344e+09	3.39913e+09	3.76044e+09	3.42161e+09	2.34956e+09	3.40602e+09	2.41108e+09	1.81404e+09	2.54948e+09	3.69765e+09	2.9985e+09	2.42279e+09	3.78107e+09	
2.22424e+09	3.18262e+09	3.43008e+09	1.7447e+09	3.27172e+09	2.34078e+09	3.14285e+09	2.75705e+09	2.74384e+09	2.85248e+09	2.71322e+09	2.51449e+09	2.60344e+09	3.39913e+09	3.21376e+09	3.42161e+09	2.34956e+09	2.98314e+09	2.41108e+09	1.81404e+09	2.54948e+09	3.37467e+09	2.9985e+09	2.42279e+09	3.70186e+09	
2.22424e+09	3.18262e+09	3.43008e+09	1.7447e+09	3.27172e+09	2.34078e+09	3.14285e+09	2.75705e+09	2.74384e+09	2.85248e+09	2.71322e+09	2.3895e+09	2.60344e+09	2.26568e+09	3.21376e+09	2.84894e+09	2.34956e+09	2.98314e+09	2.41108e+09	1.79994e+09	2.54948e+09	3.37467e+09	2.9985e+09	2.42279e+09	3.03802e+09	
2.22424e+09	3.18262e+09	3.34977e+09	1.7447e+09	3.27172e+09	2.34078e+09	3.14285e+09	2.75705e+09	2.74384e+09	2.85248e+09	2.71322e+09	2.3895e+09	2.60344e+09	2.16346e+09	2.59306e+09	2.84894e+09	2.34956e+09	2.72956e+09	2.41108e+09	1.79994e+09	2.54948e+09	2.26176e+09	2.44407e+09	2.42279e+09	3.03802e+09	
2.22424e+09	3.10592e+09	3.25712e+09	1.7447e+09	2.97736e+09	2.34078e+09	2.38444e+09	2.75705e+09	2.74384e+09	2.85248e+09	1.0222e+09	2.3895e+09	1.9459e+09	1.75088e+09	2.59306e+09	2.84894e+09	2.11271e+09	2.72956e+09	2.41108e+09	1.79994e+09	2.54948e+09	2.13321e+09	2.44407e+09	2.42279e+09	3.03802e+09	
2.22424e+09	2.67258e+09	2.80027e+09	1.7447e+09	2.97736e+09	2.34078e+09	2.38444e+09	2.75705e+09	2.49231e+09	1.77551e+09	1.0222e+09	2.25819e+09	1.9459e+09	1.75088e+09	2.35786e+09	2.84894e+09	2.11271e+09	2.72956e+09	2.0885e+09	1.79994e+09	2.54948e+09	2.13321e+09	2.44407e+09	2.14394e+09	2.28042e+09	
2.22424e+09	2.67258e+09	2.60824e+09	1.7447e+09	1.92482e+09	1.71584e+09	2.38444e+09	2.20357e+09	2.3844e+09	1.77551e+09	1.0222e+09	2.25819e+09	1.9459e+09	1.75088e+09	2.35786e+09	1.88914e+09	2.1026e+09	2.72956e+09	2.0885e+09	1.79994e+09	2.54948e+09	2.13321e+09	2.44407e+09	2.14394e+09	2.28042e+09	
2.22424e+09	2.54795e+09	2.48591e+09	1.7447e+09	1.92482e+09	1.71584e+09	2.38444e+09	2.20357e+09	1.6573e+09	1.77551e+09	1.0222e+09	2.25819e+09	1.9459e+09	1.75088e+09	2.35786e+09	1.88914e+09	2.09524e+09	2.72956e+09	2.0885e+09	1.79994e+09	2.54948e+09	2.13321e+09	2.44407e+09	1.34361e+09	2.00636e+09	
2.04292e+09	2.40579e+09	2.48591e+09	1.7447e+09	1.92482e+09	1.71584e+09	2.38444e+09	2.20357e+09	1.6573e+09	1.72707e+09	1.0222e+09	2.25819e+09	1.9459e+09	1.64497e+09	1.98752e+09	1.66573e+09	2.09524e+09	2.3626e+09	2.0885e+09	1.79994e+09	2.46979e+09	1.46342e+09	2.44407e+09	1.34361e+09	2.00636e+09	
2.04292e+09	2.15021e+09	2.48591e+09	1.7447e+09	1.92482e+09	1.42068e+09	2.31086e+09	1.87711e+09	1.6573e+09	1.41254e+09	1.0222e+09	2.25819e+09	1.88207e+09	1.64497e+09	1.98752e+09	1.66573e+09	2.09332e+09	2.3626e+09	2.0885e+09	1.79994e+09	2.46979e+09	1.46342e+09	2.44407e+09	1.34361e+09	1.46649e+09	
2.04292e+09	2.15021e+09	1.72091e+09	1.34644e+09	1.92482e+09	1.42068e+09	1.79677e+09	1.87711e+09	1.6573e+09	1.41254e+09	1.0222e+09	2.05528e+09	1.88207e+09	1.64497e+09	1.74173e+09	1.66573e+09	8.94871e+08	1.90554e+09	2.05863e+09	1.63252e+09	2.17535e+09	1.46342e+09	2.24595e+09	1.34361e+09	1.46649e+09	
1.62064e+09	2.15021e+09	1.72091e+09	1.30965e+09	1.8217e+09	1.42068e+09	1.79677e+09	1.87711e+09	1.6573e+09	1.41254e+09	1.0222e+09	1.94465e+09	1.61039e+09	1.64497e+09	1.74173e+09	1.66573e+09	8.94871e+08	1.90554e+09	2.05863e+09	1.63252e+09	2.17535e+09	1.46342e+09	2.16049e+09	1.34361e+09	1.46649e+09	
1.31878e+09	1.73002e+09	1.72091e+09	9.17393e+08	1.8217e+09	1.27496e+09	1.79677e+09	1.87711e+09	1.6573e+09	1.41254e+09	1.0222e+09	1.94465e+09	1.54707e+09	1.64497e+09	1.74173e+09	1.66573e+09	8.94871e+08	1.90554e+09	1.24851e+09	1.49698e+09	2.04878e+09	1.46342e+09	1.90416e+09	1.34361e+09	1.46649e+09	
1.31878e+09	1.73002e+09	1.63138e+09	9.17393e+08	1.74999e+09	9.58813e+08	1.79677e+09	1.87711e+09	1.6573e+09	1.41254e+09	1.0222e+09	1.81083e+09	1.54707e+09	1.3589e+09	1.74173e+09	1.66573e+09	8.94871e+08	1.90554e+09	1.24851e+09	1.08392e+09	1.51593e+09	1.46342e+09	1.86795e+09	1.34361e+09	1.46649e+09	
1.09398e+09	1.52835e+09	1.63138e+09	9.17393e+08	1.64044e+09	9.58813e+08	1.71807e+09	1.60985e+09	1.6573e+09	1.31546e+09	1.0222e+09	1.50806e+09	1.29186e+09	1.3589e+09	1.60603e+09	1.66573e+09	8.94871e+08	1.90554e+09	1.24851e+09	1.08392e+09	1.51593e+09	1.43762e+09	1.45095e+09	1.34361e+09	1.46649e+09	
1.09398e+09	1.52835e+09	1.63138e+09	9.17393e+08	1.64044e+09	9.58813e+08	1.71807e+09	1.60985e+09	1.61588e+09	1.06991e+09	1.0222e+09	1.26717e+09	1.28214e+09	1.27219e+09	1.60603e+09	1.66573e+09	8.94871e+08	1.22703e+09	1.24851e+09	1.08392e+09	1.51593e+09	1.43762e+09	1.38588e+09	1.31927e+09	1.46649e+09	
1.08425e+09	1.52835e+09	1.38246e+09	9.17393e+08	6.64982e+08	9.58813e+08	1.71807e+09	1.60985e+09	1.60493e+09	1.06991e+09	1.0222e+09	1.26717e+09	1.28214e+09	1.27219e+09	1.60603e+09	9.06822e+08	8.94871e+08	1.22703e+09	1.24851e+09	1.07121e+09	1.51593e+09	1.41054e+09	7.90728e+08	1.31927e+09	1.46649e+09	
1.08425e+09	1.25597e+09	1.38246e+09	9.17393e+08	6.64982e+08	9.58813e+08	1.43001e+09	1.59984e+09	1.60493e+09	1.06991e+09	1.0222e+09	1.07548e+09	1.28214e+09	1.27219e+09	1.37656e+09	9.06822e+08	8.94871e+08	1.22703e+09	1.24851e+09	1.07121e+09	1.40279e+09	1.41054e+09	7.90728e+08	1.31927e+09	1.46649e+09	
1.08425e+09	1.25597e+09	1.38246e+09	9.17393e+08	6.64982e+08	9.58813e+08	1.43001e+09	1.59984e+09	1.60188e+09	9.46613e+08	1.0222e+09	9.74947e+08	1.19346e+09	1.27219e+09	1.37656e+09	9.06822e+08	8.94871e+08	1.22703e+09	1.24851e+09	9.70419e+08	1.10721e+09	1.41054e+09	7.90728e+08	1.31927e+09	1.46649e+09	
1.08425e+09	1.25597e+09	1.18944e+09	9.17393e+08	6.64982e+08	9.58813e+08	1.43001e+09	1.58986e+09	1.54263e+09	9.46613e+08	1.0222e+09	9.47078e+08	1.19346e+09	1.27219e+09	1.22365e+09	9.06822e+08	8.94871e+08	1.11655e+09	1.23723e+09	8.18357e+08	7.66687e+08	1.2272e+09	7.90728e+08	1.16923e+09	1.3499e+09	
1.08425e+09	1.25597e+09	1.18944e+09	8.41452e+08	6.64982e+08	9.58813e+08	1.43001e+09	1.2232e+09	1.12484e+09	9.46613e+08	1.0222e+09	8.02208e+08	1.15824e+09	1.02667e+09	9.07409e+08	9.06822e+08	8.94871e+08	1.02621e+09	1.23723e+09	8.18357e+08	7.66687e+08	7.6311e+08	7.90728e+08	8.79982e+08	1.29572e+09	
7.98052e+08	1.25597e+09	1.18944e+09	8.41452e+08	6.64982e+08	9.58813e+08	1.43001e+09	1.2232e+09	1.12484e+09	9.46613e+08	8.12684e+08	8.02208e+08	1.02604e+09	1.02667e+09	9.07409e+08	9.06822e+08	8.54584e+08	1.02621e+09	1.23723e+09	8.18357e+08	7.66687e+08	7.6311e+08	7.90728e+08	8.34444e+08	1.18463e+09	
7.98052e+08	1.25597e+09	1.18944e+09	8.41452e+08	6.45522e+08	9.58813e+08	8.71376e+08	8.87043e+08	9.30188e+08	9.46613e+08	7.42936e+08	8.02208e+08	6.78207e+08	8.5963e+08	9.07409e+08	9.06822e+08	6.70156e+08	1.02621e+09	6.96029e+08	8.18357e+08	7.66687e+08	7.6311e+08	5.8474e+08	8.34444e+08	8.531e+08	
7.98052e+08	1.251e+09	8.84449e+08	7.57498e+08	6.45522e+08	9.01209e+08	8.71376e+08	8.87043e+08	9.30188e+08	7.9211e+08	7.42936e+08	8.02208e+08	5.80124e+08	8.5963e+08	8.54901e+08	9.06822e+08	6.70156e+08	9.66507e+08	6.96029e+08	8.18357e+08	7.66687e+08	7.6311e+08	5.8474e+08	8.34444e+08	8.531e+08	
7.98052e+08	8.26522e+08	8.84449e+08	7.57498e+08	6.45522e+08	8.96974e+08	8.71376e+08	6.99644e+08	8.15358e+08	6.54674e+08	7.42936e+08	8.02208e+08	5.80124e+08	8.5963e+08	8.54901e+08	9.06822e+08	6.70156e+08	9.66507e+08	6.96029e+08	6.60308e+08	7.14149e+08	7.6311e+08	5.36004e+08	8.34444e+08	6.74104e+08	
7.80537e+08	8.26522e+08	8.84449e+08	5.64805e+08	6.45522e+08	8.627e+08	8.71376e+08	6.99644e+08	8.15358e+08	6.54674e+08	7.42936e+08	8.02208e+08	5.80124e+08	6.69565e+08	7.96342e+08	9.06822e+08	3.1491e+08	9.66507e+08	6.96029e+08	6.60308e+08	5.68763e+08	7.6311e+08	5.36004e+08	8.34444e+08	6.74104e+08	
7.80537e+08	8.26522e+08	8.80374e+08	4.84116e+08	6.45522e+08	8.627e+08	8.71376e+08	6.99644e+08	8.15358e+08	6.54674e+08	5.70579e+08	8.02208e+08	5.80124e+08	6.69565e+08	7.96342e+08	8.76676e+08	3.1491e+08	9.66507e+08	6.96029e+08	5.4531e+08	5.68763e+08	7.6311e+08	5.36004e+08	8.34444e+08	6.74104e+08	
7.80537e+08	8.26522e+08	8.80374e+08	4.84116e+08	6.45522e+08	8.627e+08	7.99031e+08	6.84082e+08	5.5671e+08	6.54674e+08	5.48003e+08	6.68219e+08	5.80124e+08	6.69565e+08	7.16183e+08	8.76676e+08	3.1491e+08	9.66507e+08	5.34952e+08	5.4531e+08	3.79234e+08	6.53978e+08	5.36004e+08	7.40063e+08	6.57182e+08	
6.9851e+08	8.26522e+08	4.53872e+08	4.84116e+08	5.13586e+08	8.627e+08	7.99031e+08	6.84082e+08	5.5671e+08	5.8094e+08	5.48003e+08	6.68219e+08	5.80124e+08	6.69565e+08	7.16183e+08	6.27048e+08	3.1491e+08	9.66507e+08	5.34952e+08	5.4531e+08	3.79234e+08	6.53978e+08	5.36004e+08	6.62625e+08	6.57182e+08	
5.54357e+08	6.53406e+08	4.53872e+08	4.84116e+08	5.13586e+08	5.99168e+08	7.99031e+08	4.25708e+08	5.5671e+08	5.8094e+08	5.00218e+08	4.125e+08	5.66701e+08	6.69565e+08	6.1875e+08	6.27048e+08	3.1491e+08	9.66507e+08	5.34952e+08	5.4531e+08	3.79234e+08	6.53978e+08	5.36004e+08	6.62625e+08	6.57182e+08	
4.58645e+08	6.53406e+08	4.53872e+08	4.84116e+08	5.13586e+08	5.99168e+08	5.62898e+08	4.25708e+08	5.5671e+08	5.8094e+08	5.00218e+08	4.125e+08	5.66701e+08	6.69565e+08	6.04219e+08	6.27048e+08	3.1491e+08	9.66507e+08	5.34952e+08	3.62527e+08	3.79234e+08	6.53978e+08	5.31818e+08	6.58061e+08	6.57182e+08	
4.58645e+08	6.53406e+08	4.53872e+08	4.84116e+08	5.13586e+08	5.99168e+08	4.82406e+08	3.50601e+08	5.19359e+08	5.8094e+08	4.90896e+08	4.125e+08	5.66701e+08	4.88228e+08	6.04219e+08	6.27048e+08	3.1491e+08	8.09598e+08	5.34952e+08	3.62527e+08	3.79234e+08	6.53978e+08	5.31818e+08	3.85999e+08	6.57182e+08	
4.25e+08	6.53406e+08	4.53872e+08	4.69757e+08	4.78577e+08	5.99168e+08	4.82406e+08	3.50601e+08	5.19359e+08	4.35739e+08	4.90896e+08	4.125e+08	5.66701e+08	4.88228e+08	6.04219e+08	6.27048e+08	3.1491e+08	8.09598e+08	5.10576e+08	3.62527e+08	3.79234e+08	6.53978e+08	5.31818e+08	3.85999e+08	6.19814e+08	
4.15166e+08	6.53406e+08	3.74922e+08	4.23438e+08	4.69363e+08	4.49242e+08	4.82406e+08	3.50601e+08	5.19359e+08	4.35739e+08	4.79729e+08	4.125e+08	5.17473e+08	4.88228e+08	5.99467e+08	5.13168e+08	3.1491e+08	8.09598e+08	5.10576e+08	3.62527e+08	3.79234e+08	5.64461e+08	3.84168e+08	3.85999e+08	4.74221e+08	
4.15166e+08	4.1753e+08	3.74922e+08	4.23438e+08	3.69784e+08	4.49242e+08	4.82406e+08	3.50601e+08	5.19359e+08	4.35739e+08	3.9201e+08	4.125e+08	3.46689e+08	4.88228e+08	2.3304e+08	4.75983e+08	3.1491e+08	6.74092e+08	5.10576e+08	3.62527e+08	3.79234e+08	5.64461e+08	3.84168e+08	3.85999e+08	4.74221e+08	
2.60772e+08	4.1753e+08	3.74922e+08	3.61408e+08	3.69784e+08	4.49242e+08	4.82406e+08	3.50601e+08	5.19359e+08	3.94901e+08	3.9201e+08	3.86831e+08	3.46689e+08	4.32529e+08	2.3304e+08	4.75983e+08	3.1491e+08	6.31615e+08	4.20267e+08	3.62527e+08	3.79234e+08	5.64461e+08	3.84168e+08	3.63187e+08	4.49828e+08	
2.60772e+08	4.1753e+08	3.74922e+08	3.26509e+08	3.02672e+08	4.30939e+08	4.82406e+08	3.50601e+08	3.71272e+08	3.61346e+08	3.44362e+08	3.86831e+08	3.46689e+08	4.32529e+08	2.3304e+08	4.75983e+08	3.1491e+08	5.95993e+08	4.20267e+08	3.62527e+08	3.31843e+08	5.39083e+08	3.84168e+08	3.63187e+08	4.19519e+08	
2.60772e+08	4.1753e+08	3.74922e+08	3.21941e+08	3.02672e+08	4.30939e+08	4.43435e+08	3.50601e+08	3.71272e+08	3.61346e+08	3.44362e+08	3.86831e+08	3.46689e+08	3.70705e+08	2.3304e+08	4.75983e+08	2.86178e+08	5.95993e+08	4.20267e+08	3.62527e+08	3.31843e+08	4.90268e+08	3.01901e+08	2.87003e+08	3.78797e+08	
2.60772e+08	4.1753e+08	3.74922e+08	3.21941e+08	3.02672e+08	4.30939e+08	4.43435e+08	2.21247e+08	3.71272e+08	3.61346e+08	3.44362e+08	3.86831e+08	3.46689e+08	3.70705e+08	2.3304e+08	4.75983e+08	2.86178e+08	5.32184e+08	3.88824e+08	3.62527e+08	3.31843e+08	4.90268e+08	3.01901e+08	2.87003e+08	3.78797e+08	
1.20339e+08	3.88642e+08	3.74922e+08	2.74045e+08	2.29109e+08	3.96665e+08	4.43435e+08	2.21247e+08	3.67573e+08	3.61346e+08	3.44362e+08	3.86831e+08	3.46689e+08	3.70705e+08	2.3304e+08	4.75983e+08	2.31732e+08	5.32184e+08	3.88824e+08	3.62527e+08	3.31843e+08	4.7185e+08	3.01901e+08	2.87003e+08	3.78797e+08	
1.20339e+08	3.88642e+08	3.74922e+08	2.726e+08	2.29109e+08	3.96665e+08	4.43435e+08	2.21247e+08	3.67573e+08	3.61346e+08	3.44362e+08	3.86831e+08	3.46689e+08	3.70705e+08	2.3304e+08	4.25057e+08	2.31732e+08	4.34922e+08	3.31466e+08	3.62527e+08	3.31843e+08	4.7185e+08	3.01901e+08	2.87003e+08	3.02599e+08	
1.20339e+08	3.88642e+08	3.74922e+08	2.726e+08	2.29109e+08	3.289e+08	3.66755e+08	2.21247e+08	3.61572e+08	3.61346e+08	3.44362e+08	3.24318e+08	3.46689e+08	3.3404e+08	2.3304e+08	2.2028e+08	2.31732e+08	4.34922e+08	3.31466e+08	3.09191e+08	3.31843e+08	3.82754e+08	2.94882e+08	2.87003e+08	3.02599e+08	
1.20339e+08	3.57809e+08	3.65677e+08	2.726e+08	2.29109e+08	3.13199e+08	3.66755e+08	2.21247e+08	3.61572e+08	3.21805e+08	3.44362e+08	3.24318e+08	2.69703e+08	2.81654e+08	2.3304e+08	2.2028e+08	2.31732e+08	4.34922e+08	3.31466e+08	2.57762e+08	2.02858e+08	3.82754e+08	2.94882e+08	2.87003e+08	3.02599e+08	
1.20339e+08	3.57809e+08	3.65677e+08	2.6482e+08	1.89339e+08	2.90624e+08	3.66755e+08	2.21247e+08	2.2168e+08	2.77301e+08	3.32478e+08	3.24318e+08	2.69703e+08	2.43295e+08	2.3304e+08	2.2028e+08	2.19897e+08	4.34922e+08	3.31466e+08	2.57762e+08	2.02858e+08	3.69882e+08	2.94882e+08	2.87003e+08	3.02599e+08	
1.20339e+08	3.11474e+08	2.43345e+08	2.6482e+08	1.89339e+08	2.90624e+08	2.70842e+08	2.21247e+08	2.2168e+08	1.75115e+08	2.88633e+08	3.24318e+08	2.69703e+08	2.43295e+08	2.3304e+08	2.2028e+08	2.19897e+08	2.72415e+08	2.84675e+08	2.32165e+08	2.02858e+08	3.69882e+08	2.15866e+08	2.87003e+08	3.02599e+08	
1.20339e+08	2.53761e+08	2.43345e+08	1.92415e+08	1.89339e+08	2.90624e+08	2.70842e+08	2.21247e+08	2.2168e+08	1.75115e+08	2.87567e+08	2.95084e+08	2.59753e+08	2.43295e+08	2.3304e+08	2.2028e+08	2.19897e+08	2.72415e+08	2.58403e+08	2.32165e+08	2.02858e+08	2.54195e+08	2.15866e+08	1.5462e+08	2.81961e+08	
1.20339e+08	2.53761e+08	2.43345e+08	1.92415e+08	1.89339e+08	2.90624e+08	2.70842e+08	2.21247e+08	2.2168e+08	1.72913e+08	2.17342e+08	2.50955e+08	2.27204e+08	2.43295e+08	2.3304e+08	2.2028e+08	1.42005e+08	2.72415e+08	2.58403e+08	2.32165e+08	2.02858e+08	2.36735e+08	2.15866e+08	1.5462e+08	2.81961e+08	
1.20339e+08	2.45523e+08	2.43345e+08	1.92415e+08	1.89339e+08	2.90624e+08	2.70842e+08	2.21247e+08	2.2168e+08	1.72913e+08	2.17342e+08	2.50955e+08	1.88763e+08	2.37466e+08	2.3304e+08	2.14818e+08	1.42005e+08	2.72415e+08	2.58403e+08	2.32165e+08	2.02858e+08	2.36735e+08	1.88373e+08	1.5462e+08	1.81563e+08	
1.20339e+08	2.45523e+08	2.39638e+08	1.82472e+08	1.64777e+08	2.53091e+08	2.70842e+08	2.21247e+08	2.04e+08	1.72913e+08	1.77406e+08	2.10389e+08	1.88763e+08	2.35381e+08	1.52247e+08	2.14818e+08	1.42005e+08	2.72415e+08	2.58403e+08	1.44215e+08	2.02858e+08	2.36735e+08	1.88373e+08	1.5462e+08	1.81563e+08	
1.20339e+08	2.45523e+08	2.39638e+08	1.82472e+08	1.64777e+08	2.18759e+08	2.70842e+08	2.21247e+08	2.04e+08	1.72913e+08	1.77406e+08	2.10389e+08	1.44744e+08	2.17799e+08	1.52247e+08	2.14818e+08	1.42005e+08	2.72415e+08	2.28971e+08	1.1499e+08	2.02858e+08	2.17272e+08	1.88373e+08	1.5462e+08	1.81563e+08	
1.20339e+08	1.7734e+08	2.39638e+08	1.82472e+08	1.55891e+08	1.83863e+08	2.50201e+08	2.15973e+08	2.04e+08	1.72913e+08	1.67178e+08	2.10389e+08	1.44744e+08	1.52078e+08	1.52247e+08	2.13929e+08	1.42005e+08	2.72415e+08	1.72809e+08	1.1499e+08	2.02858e+08	2.17272e+08	1.81324e+08	1.5462e+08	1.41352e+08	
1.20339e+08	1.7734e+08	2.39638e+08	1.17895e+08	1.30128e+08	1.65931e+08	2.35558e+08	2.15973e+08	2.04e+08	1.31851e+08	1.67178e+08	2.10389e+08	1.44744e+08	1.52078e+08	1.52247e+08	1.78395e+08	1.42005e+08	2.4525e+08	1.72809e+08	1.1499e+08	1.87383e+08	2.17272e+08	1.4392e+08	1.5462e+08	1.41352e+08	
1.20339e+08	1.73021e+08	1.96884e+08	1.17895e+08	1.23944e+08	1.65931e+08	2.28584e+08	1.8982e+08	2.04e+08	1.31851e+08	1.67178e+08	1.50566e+08	1.44744e+08	1.52078e+08	1.52247e+08	1.78395e+08	1.42005e+08	1.88508e+08	1.72809e+08	1.1499e+08	1.87383e+08	2.17272e+08	1.4392e+08	1.45453e+08	1.41352e+08	
1.20339e+08	1.73021e+08	1.96884e+08	1.17895e+08	1.23944e+08	1.15158e+08	2.28584e+08	1.34106e+08	1.85371e+08	1.31851e+08	1.67178e+08	1.50566e+08	1.44744e+08	1.52078e+08	1.38728e+08	1.23001e+08	1.42005e+08	1.88508e+08	1.72809e+08	1.1499e+08	1.87383e+08	2.17272e+08	1.4392e+08	1.40554e+08	1.41352e+08	
1.20339e+08	1.73021e+08	1.96884e+08	1.17895e+08	1.0644e+08	1.15158e+08	2.28584e+08	1.34106e+08	1.68739e+08	1.31851e+08	1.67178e+08	1.50566e+08	1.44744e+08	1.13268e+08	1.05983e+08	1.23001e+08	9.27979e+07	1.88508e+08	1.72809e+08	1.1499e+08	1.65158e+08	2.17272e+08	1.4392e+08	1.40554e+08	1.26899e+08	
1.20339e+08	1.56895e+08	1.96884e+08	1.17895e+08	1.0644e+08	1.15158e+08	1.4863e+08	1.34106e+08	1.63808e+08	1.31851e+08	1.67178e+08	1.50566e+08	1.26631e+08	1.13268e+08	1.05983e+08	1.23001e+08	9.27979e+07	1.81856e+08	1.27893e+08	1.1499e+08	1.65158e+08	2.07081e+08	9.98481e+07	6.69752e+07	1.26899e+08	
1.1939e+08	1.25345e+08	1.84679e+08	1.15324e+08	1.0644e+08	1.15158e+08	1.4863e+08	1.34106e+08	1.63808e+08	1.31851e+08	1.63295e+08	1.50566e+08	1.26631e+08	1.13268e+08	1.05983e+08	1.23001e+08	9.27979e+07	1.50112e+08	1.27893e+08	1.1499e+08	9.75525e+07	1.90259e+08	9.98481e+07	6.69752e+07	1.26899e+08	
1.18105e+08	1.11617e+08	1.74005e+08	7.75814e+07	1.0644e+08	1.15158e+08	1.4863e+08	1.34106e+08	1.24965e+08	9.38253e+07	1.63295e+08	1.39158e+08	1.26631e+08	1.12439e+08	1.05983e+08	1.23001e+08	6.5708e+07	1.50112e+08	1.27893e+08	1.1499e+08	9.75525e+07	1.2961e+08	9.98481e+07	6.69752e+07	1.26899e+08	
9.70942e+07	1.11617e+08	1.62133e+08	7.75814e+07	1.0644e+08	1.15158e+08	1.4863e+08	1.13412e+08	1.24965e+08	9.38253e+07	1.49582e+08	1.39158e+08	1.09448e+08	1.12439e+08	1.05983e+08	9.89149e+07	6.5708e+07	1.02741e+08	1.1423e+08	1.11453e+08	9.75525e+07	1.2961e+08	9.98481e+07	6.69752e+07	1.21753e+08	
9.44921e+07	1.11617e+08	1.34097e+08	7.75814e+07	6.50672e+07	1.15158e+08	1.36577e+08	1.13412e+08	1.24965e+08	9.38253e+07	1.49582e+08	1.26753e+08	1.09448e+08	9.79307e+07	8.25208e+07	9.50901e+07	6.5708e+07	1.02741e+08	1.1423e+08	1.11453e+08	9.75525e+07	1.2961e+08	9.98481e+07	6.69752e+07	1.06155e+08	
8.60687e+07	1.11617e+08	1.34097e+08	7.75814e+07	6.50672e+07	1.15158e+08	1.36577e+08	1.13412e+08	1.24965e+08	9.38253e+07	1.2605e+08	9.53306e+07	1.06259e+08	9.79307e+07	8.25208e+07	9.50901e+07	6.5708e+07	1.02469e+08	1.1423e+08	1.11453e+08	9.75525e+07	1.2961e+08	9.98481e+07	6.69752e+07	1.06155e+08	
8.60687e+07	1.11617e+08	1.34097e+08	7.43548e+07	6.50672e+07	1.06469e+08	1.36577e+08	9.84465e+07	1.24965e+08	6.07064e+07	1.2605e+08	9.53306e+07	7.98875e+07	9.39073e+07	8.25208e+07	9.50901e+07	6.5708e+07	1.02469e+08	1.02698e+08	1.09871e+08	9.28223e+07	1.20251e+08	9.98481e+07	6.69752e+07	9.61474e+07	
8.60687e+07	1.04046e+08	1.34097e+08	7.43548e+07	6.50672e+07	1.06469e+08	1.36577e+08	7.43148e+07	1.07337e+08	6.07064e+07	1.17168e+08	9.53306e+07	7.98875e+07	9.39073e+07	8.25208e+07	9.50901e+07	6.5708e+07	1.02469e+08	1.02698e+08	1.02699e+08	9.28223e+07	7.87294e+07	9.17017e+07	6.69752e+07	8.87173e+07	
6.90516e+07	1.04046e+08	1.29568e+08	7.43548e+07	6.50672e+07	9.04517e+07	1.15234e+08	7.43148e+07	1.07337e+08	6.07064e+07	9.17677e+07	9.53306e+07	7.09097e+07	9.39073e+07	8.25208e+07	8.52998e+07	6.5708e+07	1.02469e+08	9.68141e+07	9.71786e+07	8.76554e+07	7.87294e+07	7.80059e+07	5.04362e+07	8.87173e+07	
6.90516e+07	1.04046e+08	1.20399e+08	7.43548e+07	6.50672e+07	9.04517e+07	9.81962e+07	7.43148e+07	9.20911e+07	6.07064e+07	6.66062e+07	9.53306e+07	7.09097e+07	9.39073e+07	8.25208e+07	8.52998e+07	6.5708e+07	1.02469e+08	7.35603e+07	9.71786e+07	8.76554e+07	7.87294e+07	7.80059e+07	5.04362e+07	8.87173e+07	
6.50322e+07	9.10678e+07	1.20399e+08	7.43548e+07	5.01098e+07	9.04517e+07	9.81962e+07	7.43148e+07	9.20911e+07	6.07064e+07	6.66062e+07	9.53306e+07	7.09097e+07	9.39073e+07	8.25208e+07	6.9838e+07	6.5708e+07	1.02469e+08	7.35603e+07	5.85762e+07	7.63571e+07	6.14855e+07	4.95464e+07	5.04362e+07	7.47929e+07	
6.50322e+07	6.29904e+07	1.03462e+08	7.43548e+07	5.01098e+07	9.04517e+07	8.4267e+07	7.43148e+07	9.20911e+07	6.07064e+07	6.66062e+07	9.07845e+07	7.09097e+07	9.39073e+07	6.09307e+07	6.9838e+07	5.2591e+07	1.02469e+08	7.35603e+07	5.85762e+07	7.63571e+07	6.14855e+07	4.95464e+07	5.04362e+07	7.47929e+07	
6.50322e+07	6.29904e+07	9.21163e+07	7.25186e+07	5.01098e+07	8.90519e+07	8.4267e+07	7.43148e+07	9.20911e+07	6.07064e+07	6.66062e+07	9.07845e+07	7.09097e+07	5.33879e+07	6.09307e+07	6.9838e+07	5.2591e+07	1.02469e+08	7.06948e+07	5.85762e+07	7.22684e+07	6.14855e+07	4.95464e+07	5.04362e+07	7.47929e+07	
5.04197e+07	6.29904e+07	6.76838e+07	7.25186e+07	5.01098e+07	6.72693e+07	8.4267e+07	7.43148e+07	9.20911e+07	5.19251e+07	6.66062e+07	9.07845e+07	6.87049e+07	5.33879e+07	6.09307e+07	6.9838e+07	5.2591e+07	8.43766e+07	7.06948e+07	5.85762e+07	7.15025e+07	6.14855e+07	4.95464e+07	5.04362e+07	5.92305e+07	
3.31942e+07	6.29904e+07	6.76838e+07	7.01232e+07	5.01098e+07	5.96885e+07	6.12785e+07	7.43148e+07	9.20911e+07	3.59716e+07	6.66062e+07	8.62165e+07	6.27424e+07	5.33879e+07	6.09307e+07	6.9838e+07	5.2591e+07	8.43766e+07	5.99412e+07	5.85762e+07	5.60414e+07	6.14855e+07	4.95464e+07	5.04362e+07	5.92305e+07	
3.31942e+07	4.49631e+07	6.76838e+07	6.07006e+07	5.01098e+07	5.96885e+07	6.12785e+07	7.43148e+07	7.9893e+07	3.59716e+07	6.66062e+07	8.62165e+07	6.27424e+07	3.23836e+07	6.09307e+07	6.9838e+07	5.2591e+07	7.3564e+07	5.99178e+07	5.64392e+07	5.60414e+07	6.14855e+07	4.95464e+07	5.04362e+07	5.92305e+07	
3.31942e+07	4.49631e+07	6.70382e+07	5.72375e+07	4.68658e+07	5.88737e+07	6.12785e+07	5.90393e+07	7.9893e+07	3.59716e+07	6.66062e+07	7.74641e+07	6.27424e+07	3.23836e+07	5.51303e+07	6.23342e+07	3.87661e+07	7.3564e+07	5.99178e+07	5.64392e+07	3.82741e+07	6.14855e+07	4.95464e+07	5.04362e+07	5.92305e+07	
3.31942e+07	4.49631e+07	6.43515e+07	5.72375e+07	4.68658e+07	4.17249e+07	6.12785e+07	5.90393e+07	7.9893e+07	3.59716e+07	5.97398e+07	7.74641e+07	6.27424e+07	3.23836e+07	4.98814e+07	5.95537e+07	3.87661e+07	7.3564e+07	5.99178e+07	4.25867e+07	3.82741e+07	5.54171e+07	4.95464e+07	3.39806e+07	3.39541e+07	
3.31942e+07	4.49631e+07	5.88458e+07	5.29867e+07	4.68658e+07	4.17249e+07	6.12785e+07	5.90393e+07	7.9893e+07	3.59716e+07	5.97398e+07	6.76844e+07	6.0886e+07	3.23836e+07	4.98814e+07	5.95537e+07	3.87661e+07	5.27726e+07	4.94392e+07	4.25867e+07	3.82741e+07	5.54171e+07	4.02611e+07	3.39806e+07	3.39541e+07	
3.31942e+07	4.49631e+07	4.726e+07	5.29867e+07	3.47999e+07	4.17249e+07	6.12785e+07	5.5545e+07	7.9893e+07	3.59716e+07	4.16101e+07	6.53696e+07	3.01882e+07	3.23836e+07	4.98814e+07	4.38574e+07	3.69488e+07	5.27726e+07	4.43103e+07	4.25867e+07	3.82741e+07	5.06679e+07	4.02611e+07	3.39806e+07	3.39541e+07	
3.31942e+07	4.49631e+07	4.726e+07	4.59951e+07	3.47999e+07	4.17249e+07	6.12785e+07	5.5545e+07	6.69977e+07	3.59716e+07	3.87632e+07	5.82598e+07	3.01882e+07	3.23836e+07	4.98814e+07	4.38574e+07	3.69488e+07	3.18635e+07	4.43103e+07	4.25867e+07	3.82741e+07	5.06679e+07	3.69956e+07	3.39806e+07	3.39541e+07	
3.31942e+07	2.90589e+07	4.726e+07	4.59951e+07	3.47999e+07	4.17249e+07	6.12785e+07	4.0937e+07	4.53716e+07	3.18241e+07	3.87632e+07	5.82598e+07	3.01882e+07	3.23836e+07	3.4965e+07	4.38574e+07	3.671e+07	3.18635e+07	4.43103e+07	4.25867e+07	3.82741e+07	5.06679e+07	3.69956e+07	3.39806e+07	3.17843e+07	
3.31942e+07	2.90589e+07	3.45795e+07	3.37636e+07	3.47999e+07	4.17249e+07	5.60161e+07	4.0937e+07	4.53716e+07	3.18241e+07	3.87632e+07	5.82598e+07	3.01882e+07	3.23836e+07	3.4965e+07	4.21942e+07	2.65359e+07	3.18635e+07	4.43103e+07	3.56486e+07	3.82741e+07	5.06679e+07	2.87204e+07	3.39806e+07	3.17843e+07	
3.31942e+07	2.90589e+07	3.43329e+07	3.37636e+07	3.47999e+07	3.07181e+07	5.60161e+07	4.0937e+07	4.53716e+07	3.18241e+07	3.07767e+07	4.10986e+07	3.01882e+07	3.23836e+07	3.4965e+07	4.21942e+07	2.65359e+07	3.18635e+07	3.48002e+07	3.56486e+07	3.82741e+07	4.89131e+07	2.87204e+07	3.39806e+07	3.17843e+07	
2.41349e+07	2.90589e+07	3.43329e+07	3.37636e+07	2.93768e+07	3.07181e+07	5.60161e+07	4.0937e+07	4.53716e+07	3.18241e+07	3.07767e+07	4.10986e+07	3.01882e+07	3.23836e+07	3.4965e+07	3.01687e+07	2.65359e+07	3.18635e+07	3.15408e+07	3.56486e+07	3.16508e+07	4.1587e+07	2.87204e+07	3.39806e+07	3.17843e+07	
2.41349e+07	2.90589e+07	3.43329e+07	2.97591e+07	2.93768e+07	3.07181e+07	5.2202e+07	4.0937e+07	4.53716e+07	3.18241e+07	3.07767e+07	4.10986e+07	3.01882e+07	3.22865e+07	3.49094e+07	3.01687e+07	2.65359e+07	3.18635e+07	3.15408e+07	3.56486e+07	3.16508e+07	4.1587e+07	2.4303e+07	3.39806e+07	3.17843e+07	
2.41349e+07	2.90589e+07	3.43329e+07	2.75966e+07	2.93768e+07	3.07181e+07	5.01055e+07	2.92786e+07	4.53716e+07	3.18241e+07	3.07767e+07	4.10986e+07	3.01882e+07	2.6805e+07	3.49094e+07	2.4258e+07	2.38365e+07	3.18635e+07	3.15408e+07	3.56486e+07	2.66671e+07	2.96404e+07	2.4303e+07	3.39806e+07	3.17843e+07	
2.16571e+07	2.90589e+07	2.59431e+07	2.75966e+07	2.08662e+07	3.07181e+07	3.59916e+07	2.92786e+07	4.53716e+07	2.95232e+07	3.07767e+07	4.10986e+07	3.01882e+07	2.22767e+07	3.49094e+07	2.4258e+07	2.37977e+07	3.18635e+07	3.15408e+07	2.99517e+07	2.66671e+07	2.96404e+07	2.4303e+07	2.79018e+07	3.17843e+07	
2.16571e+07	2.52296e+07	2.59431e+07	2.75966e+07	2.08662e+07	3.07181e+07	3.55237e+07	2.92786e+07	4.15024e+07	2.30659e+07	3.07767e+07	3.51157e+07	2.83821e+07	2.22767e+07	2.98352e+07	2.4258e+07	1.87589e+07	3.18635e+07	2.564e+07	2.41066e+07	2.66671e+07	2.96404e+07	2.4303e+07	1.51721e+07	2.62717e+07	
2.16571e+07	2.52296e+07	2.59431e+07	2.75966e+07	2.08662e+07	3.07181e+07	3.55237e+07	2.92786e+07	4.15024e+07	2.30659e+07	2.90143e+07	3.51157e+07	2.23366e+07	2.22767e+07	2.98352e+07	2.0037e+07	1.87589e+07	2.34542e+07	2.564e+07	2.41066e+07	2.21205e+07	2.96404e+07	2.42648e+07	1.51721e+07	2.62717e+07	
1.73586e+07	2.52296e+07	2.56758e+07	2.73912e+07	1.70109e+07	2.06186e+07	3.12795e+07	2.92786e+07	4.15024e+07	2.30659e+07	2.16687e+07	2.6248e+07	2.23366e+07	2.12977e+07	2.98352e+07	2.0037e+07	1.87589e+07	2.34542e+07	2.564e+07	2.41066e+07	2.21205e+07	2.96404e+07	1.9485e+07	1.51721e+07	2.52069e+07	
1.73586e+07	2.4757e+07	2.56758e+07	2.29028e+07	1.70109e+07	2.06186e+07	3.12795e+07	2.92786e+07	2.93404e+07	2.30659e+07	2.16687e+07	2.6248e+07	2.23366e+07	2.12977e+07	2.98352e+07	2.0037e+07	1.87589e+07	2.23422e+07	2.10995e+07	2.41066e+07	2.21205e+07	2.96404e+07	1.78153e+07	1.51721e+07	2.52069e+07	
1.73586e+07	2.12001e+07	2.56758e+07	2.08073e+07	1.70109e+07	2.06186e+07	3.12795e+07	2.89138e+07	2.93404e+07	1.68814e+07	2.16687e+07	2.6248e+07	2.23366e+07	2.12977e+07	2.98352e+07	2.0037e+07	1.87589e+07	2.23422e+07	2.10995e+07	2.41066e+07	2.21205e+07	2.57697e+07	1.78153e+07	1.51721e+07	2.52069e+07	
1.73586e+07	1.68741e+07	2.34382e+07	2.08073e+07	1.70109e+07	2.06186e+07	3.00434e+07	2.89138e+07	1.83754e+07	1.68814e+07	2.16687e+07	2.07568e+07	2.04593e+07	2.12977e+07	2.98352e+07	2.0037e+07	1.5975e+07	2.23422e+07	2.10995e+07	2.41066e+07	2.21205e+07	2.19112e+07	1.63236e+07	1.51721e+07	2.52069e+07	
1.73586e+07	1.62452e+07	2.34382e+07	2.08073e+07	1.70109e+07	2.06186e+07	1.99141e+07	2.63104e+07	1.83754e+07	1.68814e+07	2.06697e+07	2.07568e+07	2.04593e+07	1.92086e+07	2.27726e+07	2.0037e+07	1.5975e+07	2.23422e+07	2.10995e+07	2.00808e+07	1.11577e+07	2.19112e+07	1.38694e+07	1.51721e+07	2.39258e+07	
1.44716e+07	1.62452e+07	1.76768e+07	2.08073e+07	1.64297e+07	2.06186e+07	1.99141e+07	2.62119e+07	1.83754e+07	1.68814e+07	2.06697e+07	2.07568e+07	1.49508e+07	1.78439e+07	2.26277e+07	2.0037e+07	1.5975e+07	2.16817e+07	2.10995e+07	2.00808e+07	1.11577e+07	1.95024e+07	1.38694e+07	1.51721e+07	2.22436e+07	
1.44716e+07	9.42957e+06	1.76768e+07	2.08073e+07	1.55622e+07	1.8517e+07	1.99141e+07	1.58486e+07	1.83754e+07	1.48889e+07	1.79464e+07	2.07568e+07	1.49508e+07	1.56757e+07	2.19391e+07	1.38106e+07	1.34475e+07	2.16817e+07	2.10995e+07	1.91184e+07	1.11577e+07	1.95024e+07	1.38694e+07	1.51721e+07	1.42097e+07	
9.70579e+06	9.42957e+06	1.76768e+07	1.89303e+07	1.26855e+07	1.82885e+07	1.99141e+07	1.58486e+07	1.83754e+07	1.11769e+07	9.84104e+06	2.07568e+07	1.49508e+07	1.56757e+07	2.19391e+07	1.38106e+07	1.34475e+07	1.99312e+07	2.02156e+07	1.89623e+07	1.11577e+07	1.71173e+07	1.38694e+07	1.51721e+07	1.42097e+07	
9.70579e+06	9.42957e+06	1.76768e+07	1.63701e+07	1.14761e+07	1.82885e+07	1.99141e+07	1.58486e+07	1.51328e+07	1.11769e+07	9.84104e+06	2.07568e+07	1.49508e+07	1.56757e+07	2.13717e+07	1.33904e+07	1.34475e+07	1.65106e+07	2.02156e+07	1.45194e+07	1.11577e+07	1.31323e+07	1.38694e+07	1.51721e+07	1.42097e+07	
9.70579e+06	9.42957e+06	1.76768e+07	1.59336e+07	1.14761e+07	1.82885e+07	1.99141e+07	1.58486e+07	1.51328e+07	1.11769e+07	9.84104e+06	1.3792e+07	1.34978e+07	1.31303e+07	1.99162e+07	1.33904e+07	7.21396e+06	1.65106e+07	2.02156e+07	1.45194e+07	1.11577e+07	1.31323e+07	1.38041e+07	1.51721e+07	1.42097e+07	
9.70579e+06	9.42957e+06	1.59734e+07	1.32013e+07	1.14761e+07	1.82885e+07	1.99141e+07	1.27367e+07	1.51328e+07	1.11769e+07	9.84104e+06	1.3792e+07	1.20479e+07	1.31303e+07	1.72704e+07	1.16469e+07	7.21396e+06	9.15144e+06	1.72101e+07	1.26991e+07	1.11577e+07	1.31323e+07	1.0963e+07	1.51721e+07	1.03526e+07	
9.70579e+06	9.42957e+06	1.58655e+07	1.32013e+07	1.12922e+07	1.74777e+07	1.8913e+07	1.27367e+07	1.51328e+07	1.11769e+07	9.84104e+06	1.3792e+07	9.93422e+06	1.31303e+07	1.72704e+07	1.16469e+07	7.21396e+06	9.15144e+06	1.40345e+07	1.26991e+07	1.11577e+07	1.12246e+07	1.0963e+07	1.23433e+07	1.03526e+07	
9.70579e+06	8.76857e+06	1.58655e+07	1.1282e+07	1.12922e+07	1.36909e+07	1.80807e+07	1.27367e+07	1.51328e+07	7.34915e+06	9.84104e+06	1.3792e+07	9.93422e+06	1.28902e+07	1.38495e+07	1.16469e+07	7.21396e+06	9.15144e+06	1.38508e+07	1.26991e+07	1.11577e+07	1.12246e+07	1.0963e+07	9.14359e+06	1.03526e+07	
9.70579e+06	8.76857e+06	1.19672e+07	1.1282e+07	1.12922e+07	1.08699e+07	1.80807e+07	1.27367e+07	1.51328e+07	7.34915e+06	9.84104e+06	1.3792e+07	8.0058e+06	8.60333e+06	1.28428e+07	9.68759e+06	7.21396e+06	9.15144e+06	1.38508e+07	1.12585e+07	1.10558e+07	1.12246e+07	8.85312e+06	9.14359e+06	1.03526e+07	
9.70579e+06	8.76857e+06	1.19672e+07	1.1282e+07	1.12922e+07	1.08699e+07	1.51984e+07	1.27367e+07	1.51328e+07	7.34915e+06	9.84104e+06	1.3792e+07	8.0058e+06	8.60333e+06	1.28414e+07	9.68759e+06	7.21396e+06	9.15144e+06	1.38508e+07	1.12585e+07	1.10558e+07	1.12246e+07	8.72032e+06	9.14359e+06	1.03526e+07	
9.70579e+06	8.76857e+06	1.19672e+07	1.11681e+07	8.50604e+06	1.08699e+07	1.36481e+07	1.27367e+07	1.51328e+07	7.34915e+06	9.84104e+06	1.3792e+07	7.99358e+06	8.60333e+06	1.28414e+07	6.5298e+06	7.21396e+06	9.15144e+06	1.38508e+07	1.12585e+07	1.10558e+07	1.12246e+07	7.1496e+06	9.14359e+06	1.03526e+07	
8.32449e+06	8.76857e+06	1.19672e+07	1.08922e+07	8.50604e+06	9.07378e+06	8.40416e+06	1.26757e+07	1.51328e+07	7.34915e+06	9.84104e+06	1.1008e+07	7.99358e+06	8.60333e+06	1.28414e+07	6.5298e+06	7.21396e+06	9.15144e+06	9.39065e+06	9.01794e+06	1.00123e+07	8.05565e+06	7.1496e+06	9.06046e+06	9.81584e+06	
8.20341e+06	8.76857e+06	1.18811e+07	5.87098e+06	8.50604e+06	9.07378e+06	8.40416e+06	1.14277e+07	1.51328e+07	7.34915e+06	9.42946e+06	1.1008e+07	7.69585e+06	8.60333e+06	9.93651e+06	6.5298e+06	7.21396e+06	6.61072e+06	9.39065e+06	9.01794e+06	1.00123e+07	8.05565e+06	7.1496e+06	8.76683e+06	7.82109e+06	
8.20341e+06	7.9466e+06	1.0494e+07	5.87098e+06	8.50604e+06	9.07378e+06	8.40416e+06	1.14277e+07	1.51328e+07	6.11839e+06	7.77341e+06	1.1008e+07	7.69585e+06	8.60333e+06	7.87441e+06	6.5298e+06	7.21396e+06	6.61072e+06	9.39065e+06	9.01794e+06	1.00123e+07	8.05565e+06	7.1496e+06	8.41366e+06	7.82109e+06	
7.21166e+06	7.9466e+06	1.00691e+07	5.87098e+06	8.50604e+06	9.07378e+06	8.40416e+06	1.14277e+07	1.51328e+07	5.91957e+06	7.77341e+06	1.1008e+07	7.69585e+06	7.85168e+06	7.87441e+06	6.5298e+06	6.05769e+06	6.61072e+06	9.39065e+06	9.01794e+06	8.58194e+06	7.69712e+06	7.1496e+06	6.44051e+06	7.82109e+06	
7.21166e+06	7.9466e+06	6.69474e+06	5.87098e+06	8.15091e+06	8.06403e+06	6.36011e+06	1.02811e+07	1.00534e+07	5.46844e+06	6.7207e+06	1.06756e+07	7.69585e+06	7.85168e+06	7.87441e+06	6.5298e+06	5.4061e+06	6.61072e+06	9.39065e+06	7.48485e+06	7.66356e+06	5.8434e+06	7.1496e+06	6.44051e+06	7.82109e+06	
7.21166e+06	5.872e+06	6.69474e+06	5.87098e+06	6.17997e+06	8.06403e+06	6.36011e+06	8.56955e+06	7.21595e+06	5.46844e+06	6.7207e+06	1.06756e+07	4.8312e+06	7.85168e+06	5.55033e+06	6.5298e+06	5.4061e+06	6.61072e+06	9.39065e+06	5.90803e+06	5.65996e+06	2.7361e+06	7.1496e+06	6.44051e+06	7.82109e+06	
5.57483e+06	5.872e+06	6.69474e+06	5.87098e+06	6.17997e+06	6.33797e+06	6.36011e+06	8.56955e+06	7.21595e+06	5.46844e+06	6.7207e+06	4.79003e+06	4.8312e+06	7.85168e+06	5.55033e+06	6.5298e+06	4.58901e+06	6.12881e+06	9.02286e+06	5.90571e+06	5.65996e+06	2.7361e+06	4.82102e+06	6.44051e+06	5.45172e+06	
4.4839e+06	5.48551e+06	6.69474e+06	5.87098e+06	6.17997e+06	6.33797e+06	5.482e+06	8.31835e+06	7.21595e+06	2.59269e+06	6.7207e+06	4.79003e+06	3.4708e+06	7.85168e+06	5.55033e+06	4.02436e+06	4.58901e+06	6.01665e+06	5.55463e+06	5.90571e+06	5.42218e+06	2.7361e+06	4.82102e+06	5.63321e+06	3.95812e+06	
4.4839e+06	5.48551e+06	6.69474e+06	5.87098e+06	4.08588e+06	6.33797e+06	5.482e+06	8.31835e+06	7.21595e+06	2.59269e+06	6.19355e+06	4.79003e+06	3.4708e+06	7.66017e+06	5.55033e+06	4.02436e+06	4.58901e+06	6.01665e+06	5.55463e+06	5.90571e+06	5.42218e+06	2.7361e+06	3.82475e+06	5.63321e+06	3.95812e+06	
3.55485e+06	5.48551e+06	6.37513e+06	5.87098e+06	4.08588e+06	6.33797e+06	5.482e+06	7.45835e+06	7.21595e+06	2.59269e+06	6.19355e+06	4.79003e+06	3.4708e+06	5.45772e+06	5.55033e+06	4.02436e+06	4.58901e+06	5.61173e+06	5.55463e+06	5.0988e+06	4.91036e+06	2.7361e+06	3.82475e+06	5.63321e+06	3.95812e+06	
3.55485e+06	5.48551e+06	6.37513e+06	5.87098e+06	4.08588e+06	6.33797e+06	5.482e+06	6.65447e+06	7.21595e+06	2.59269e+06	6.19355e+06	4.79003e+06	3.4708e+06	4.67633e+06	5.55033e+06	4.02436e+06	3.58899e+06	5.38507e+06	5.55463e+06	4.11013e+06	4.91036e+06	2.7361e+06	3.82475e+06	4.33002e+06	3.95812e+06	
3.55485e+06	5.48551e+06	6.37513e+06	5.87098e+06	3.88841e+06	5.67949e+06	5.482e+06	6.35251e+06	7.21595e+06	2.59269e+06	5.65748e+06	4.79003e+06	3.4708e+06	4.67633e+06	5.55033e+06	4.02436e+06	3.58899e+06	5.20323e+06	5.10266e+06	4.11013e+06	4.91036e+06	2.7361e+06	3.18788e+06	4.33002e+06	3.95812e+06	
3.33784e+06	5.48551e+06	4.06541e+06	5.00506e+06	3.88841e+06	5.5414e+06	5.482e+06	6.20591e+06	7.21595e+06	2.59269e+06	5.08859e+06	3.51526e+06	3.4708e+06	4.67633e+06	5.55033e+06	2.5948e+06	3.58899e+06	4.58518e+06	3.58076e+06	4.11013e+06	4.91036e+06	2.7361e+06	3.18788e+06	4.33002e+06	3.95812e+06	
3.33784e+06	4.97259e+06	4.06541e+06	4.91179e+06	3.88841e+06	5.5414e+06	5.42089e+06	6.20591e+06	7.21595e+06	2.59269e+06	5.08859e+06	3.51526e+06	3.23298e+06	4.67633e+06	5.55033e+06	2.5948e+06	3.58899e+06	4.58518e+06	3.58076e+06	4.11013e+06	4.71082e+06	2.7361e+06	3.18788e+06	4.33002e+06	3.95812e+06	
3.33784e+06	4.94556e+06	3.81453e+06	4.91179e+06	3.88841e+06	4.12837e+06	5.42089e+06	5.49389e+06	7.21595e+06	2.59269e+06	5.08859e+06	3.51526e+06	3.23298e+06	4.67633e+06	4.97441e+06	2.5948e+06	3.35122e+06	4.58518e+06	3.58076e+06	4.11013e+06	4.71082e+06	2.7361e+06	3.18788e+06	4.25384e+06	3.95812e+06	
3.33784e+06	4.94231e+06	3.81453e+06	4.91179e+06	3.13445e+06	4.12837e+06	5.42089e+06	4.83642e+06	7.21595e+06	2.59269e+06	3.98125e+06	3.51526e+06	3.23298e+06	4.32755e+06	4.53637e+06	2.5948e+06	3.04164e+06	4.53042e+06	3.58076e+06	4.11013e+06	4.07854e+06	2.7361e+06	2.87598e+06	4.17241e+06	3.95812e+06	
3.33784e+06	4.49351e+06	3.81453e+06	3.11519e+06	3.13445e+06	2.77415e+06	5.38436e+06	4.83642e+06	4.44268e+06	2.59269e+06	3.98125e+06	3.51526e+06	3.23298e+06	4.08357e+06	4.53637e+06	2.5948e+06	3.04164e+06	4.53042e+06	3.58076e+06	4.11013e+06	4.07854e+06	2.7361e+06	2.71189e+06	4.17241e+06	3.95812e+06	
3.33784e+06	4.39203e+06	2.90313e+06	3.11519e+06	3.13445e+06	2.77415e+06	4.85983e+06	4.50396e+06	4.44268e+06	2.50169e+06	3.87156e+06	3.51526e+06	3.23298e+06	3.78988e+06	4.44222e+06	2.5948e+06	2.954e+06	4.21498e+06	3.36343e+06	3.77799e+06	4.07854e+06	2.7361e+06	2.62181e+06	2.83366e+06	1.96662e+06	
3.33784e+06	3.01881e+06	2.90313e+06	3.11519e+06	3.13445e+06	2.77415e+06	4.85983e+06	4.50396e+06	4.44268e+06	2.27979e+06	2.85279e+06	3.51526e+06	3.23298e+06	2.91147e+06	4.27743e+06	2.5948e+06	2.954e+06	4.02701e+06	3.36343e+06	2.73356e+06	3.80108e+06	2.50201e+06	2.62181e+06	2.83366e+06	1.96662e+06	
2.74173e+06	3.01881e+06	2.90313e+06	3.03038e+06	2.42512e+06	2.77415e+06	4.05416e+06	3.91545e+06	4.24489e+06	2.27979e+06	2.85279e+06	3.51526e+06	3.23298e+06	2.60225e+06	3.11162e+06	2.43149e+06	2.91685e+06	4.02701e+06	3.36343e+06	2.73356e+06	3.4731e+06	2.50201e+06	2.22882e+06	2.83366e+06	1.96662e+06	
2.74173e+06	3.01881e+06	2.90313e+06	3.03038e+06	2.42512e+06	2.04505e+06	4.05416e+06	3.48642e+06	4.24489e+06	2.27979e+06	2.75388e+06	3.51526e+06	3.23298e+06	2.60225e+06	3.11162e+06	2.39785e+06	2.48876e+06	3.39184e+06	2.64255e+06	2.65682e+06	3.4731e+06	2.50201e+06	2.22882e+06	2.83366e+06	1.96662e+06	
2.74173e+06	3.01881e+06	2.88502e+06	3.03038e+06	2.31452e+06	2.04505e+06	3.50412e+06	3.48642e+06	4.24489e+06	2.27979e+06	2.75388e+06	3.51526e+06	2.62417e+06	2.60225e+06	2.94707e+06	2.13062e+06	2.05757e+06	3.39184e+06	2.64255e+06	2.65682e+06	3.4731e+06	1.97788e+06	2.22882e+06	2.00666e+06	1.9081e+06	
2.35523e+06	2.68178e+06	2.88502e+06	2.06622e+06	2.31452e+06	2.04505e+06	3.50412e+06	2.80263e+06	2.12699e+06	2.27979e+06	2.75388e+06	3.51526e+06	1.72554e+06	2.60225e+06	2.84641e+06	2.0339e+06	2.02098e+06	2.82395e+06	2.64255e+06	2.65682e+06	2.64345e+06	1.97788e+06	1.60236e+06	2.00666e+06	1.9081e+06	
2.2028e+06	2.68178e+06	2.61608e+06	1.48317e+06	2.31452e+06	2.04505e+06	3.24917e+06	2.38194e+06	2.12699e+06	2.21989e+06	2.28775e+06	3.49736e+06	1.72554e+06	1.88062e+06	2.27015e+06	2.0339e+06	2.02098e+06	2.82395e+06	2.64255e+06	2.65682e+06	2.4882e+06	1.97788e+06	1.406e+06	2.00666e+06	932061	
1.9669e+06	2.48448e+06	2.61608e+06	1.48317e+06	2.31452e+06	2.04505e+06	3.105e+06	2.38194e+06	2.12699e+06	1.51448e+06	2.28775e+06	3.49736e+06	1.72554e+06	1.88062e+06	2.27015e+06	2.0339e+06	2.02098e+06	2.58055e+06	1.95095e+06	2.54156e+06	2.4882e+06	1.97788e+06	1.406e+06	2.00666e+06	932061	
1.9669e+06	2.43565e+06	2.56405e+06	1.48317e+06	2.10719e+06	2.04505e+06	2.9626e+06	1.43187e+06	2.12699e+06	1.51448e+06	1.98547e+06	3.17359e+06	1.72554e+06	1.88062e+06	2.27015e+06	2.0339e+06	2.02098e+06	2.58055e+06	1.95095e+06	2.54156e+06	2.4882e+06	1.32511e+06	1.32149e+06	1.57736e+06	932061	
1.9669e+06	2.43565e+06	2.56405e+06	1.48317e+06	2.0042e+06	2.04505e+06	2.9626e+06	1.43187e+06	2.12699e+06	1.39279e+06	1.98547e+06	2.36294e+06	1.72554e+06	1.57289e+06	2.27015e+06	2.0339e+06	1.88912e+06	1.40169e+06	1.95095e+06	1.46148e+06	2.3211e+06	1.32511e+06	1.32149e+06	1.57736e+06	932061	
1.45448e+06	2.43565e+06	2.56405e+06	1.48317e+06	1.85303e+06	1.89569e+06	2.23348e+06	1.43187e+06	2.12699e+06	1.39279e+06	1.84125e+06	2.36294e+06	1.72554e+06	1.57289e+06	2.27015e+06	1.67105e+06	1.54157e+06	1.40169e+06	1.95095e+06	1.46148e+06	2.1927e+06	1.32511e+06	1.32149e+06	1.51279e+06	932061	
1.45448e+06	1.79669e+06	2.3051e+06	1.48317e+06	1.85303e+06	1.52192e+06	2.23348e+06	1.43187e+06	2.12699e+06	1.38468e+06	1.84125e+06	2.36294e+06	1.72554e+06	1.28554e+06	2.27015e+06	1.44094e+06	1.1543e+06	1.40169e+06	1.95095e+06	1.4471e+06	1.60774e+06	1.32511e+06	1.32149e+06	1.43227e+06	932061	
1.45448e+06	1.66803e+06	2.06183e+06	1.48317e+06	1.54979e+06	1.52192e+06	1.59399e+06	1.43187e+06	2.12699e+06	1.38468e+06	1.72956e+06	2.12274e+06	1.72554e+06	1.28554e+06	2.07669e+06	1.44094e+06	1.1543e+06	1.28252e+06	1.95095e+06	1.4471e+06	1.60774e+06	1.32511e+06	1.26296e+06	1.43227e+06	932061	
1.45448e+06	1.43846e+06	1.72445e+06	1.48317e+06	1.49349e+06	1.48483e+06	1.59399e+06	1.43187e+06	2.12699e+06	1.38468e+06	1.72956e+06	1.90069e+06	1.27596e+06	1.28554e+06	2.07669e+06	1.39768e+06	1.1543e+06	1.0266e+06	1.95095e+06	1.4471e+06	1.60774e+06	1.32511e+06	1.26296e+06	827938	932061	
1.03157e+06	1.43846e+06	1.60051e+06	1.48317e+06	1.49349e+06	1.48483e+06	1.59399e+06	1.43187e+06	2.12699e+06	1.2228e+06	1.72956e+06	1.8871e+06	1.27596e+06	1.25089e+06	2.07669e+06	1.28976e+06	1.1543e+06	1.0266e+06	1.95095e+06	1.4471e+06	1.60774e+06	906299	1.26296e+06	827938	932061	
1.00852e+06	1.43846e+06	1.60051e+06	1.03234e+06	1.31628e+06	1.48483e+06	1.59399e+06	1.37478e+06	1.67989e+06	1.2228e+06	975846	1.8871e+06	1.27596e+06	1.25089e+06	1.18534e+06	1.0376e+06	804849	1.0266e+06	1.54655e+06	1.2836e+06	1.60774e+06	906299	1.26296e+06	827938	932061	
1.00852e+06	1.43846e+06	1.40501e+06	1.03234e+06	1.31628e+06	1.48483e+06	1.52882e+06	1.37478e+06	1.67989e+06	1.2228e+06	975846	1.8871e+06	736479	661273	1.18534e+06	1.0376e+06	804849	855444	1.43135e+06	1.2836e+06	1.60774e+06	906299	934501	827938	932061	
1.00852e+06	1.43846e+06	1.32991e+06	849868	1.16361e+06	1.48483e+06	1.22975e+06	1.37478e+06	1.67989e+06	1.18691e+06	975846	1.8871e+06	736479	661273	1.18534e+06	992348	804849	855444	1.1556e+06	1.2836e+06	1.60774e+06	906299	445243	827938	932061	
1.00852e+06	1.28009e+06	781845	849868	1.16361e+06	1.07047e+06	1.22975e+06	1.37478e+06	1.47921e+06	1.18691e+06	975846	1.86154e+06	736479	661273	1.18534e+06	979302	804849	855444	1.1556e+06	1.02946e+06	1.22563e+06	851962	445243	827938	932061	
1.00852e+06	898602	781845	849868	964607	1.07047e+06	1.22975e+06	1.37478e+06	1.33779e+06	587750	975846	1.52299e+06	736479	661273	1.18534e+06	979302	776341	855444	1.1556e+06	996146	1.22563e+06	851962	445243	827938	932061	
1.00852e+06	898602	781845	849868	964607	1.07047e+06	1.09914e+06	1.37478e+06	1.33779e+06	587750	975846	1.34737e+06	736479	661273	1.18534e+06	941898	776341	855444	1.1556e+06	852421	1.12691e+06	851962	445243	827938	932061	
913897	898602	739298	849868	823671	1.07047e+06	1.09914e+06	1.01688e+06	1.30981e+06	587750	975846	1.34737e+06	736479	661273	1.18534e+06	880197	776341	855444	1.02256e+06	829418	1.12691e+06	834738	445243	827938	860869	
831469	898602	739298	849868	572288	1.01614e+06	1.09914e+06	1.01688e+06	1.30981e+06	587750	823502	1.34737e+06	736479	661273	1.18534e+06	880197	776341	760461	1.02256e+06	829418	1.12691e+06	659845	445243	784217	860869	
831469	898602	739298	736167	572288	1.01614e+06	1.09914e+06	1.01688e+06	1.14682e+06	587750	823502	1.19456e+06	583430	430029	944159	726198	776341	760461	1.02256e+06	829418	1.12691e+06	659845	341915	730072	860869	
804618	898602	739298	736167	572288	1.01614e+06	947875	1.01688e+06	979038	587750	805540	996611	583430	430029	906155	726198	776341	748712	1.02256e+06	668998	1.09308e+06	659845	341915	730072	731259	
724675	860938	739298	736167	572288	1.01614e+06	822551	1.01688e+06	979038	587750	793941	996611	583430	430029	876932	494169	571287	697836	788179	668998	1.09308e+06	545637	341915	693208	731259	
724675	566536	739298	736167	572288	978922	822551	1.01688e+06	979038	587750	630447	996611	583430	430029	876932	494169	529731	697836	788179	594016	699239	545637	314131	693208	707811	
624457	566536	665577	558188	572288	978922	822551	875566	976990	507012	584036	880514	583430	403320	876932	494169	529731	697836	788179	585478	560010	483441	314131	680764	674423	
624457	452934	524702	558188	572288	978922	822551	875566	976990	380603	530992	853698	583430	403320	639066	456399	524512	531914	788179	585478	560010	483441	314131	640872	642737	
539170	452934	524702	558188	572288	870495	822551	847653	950635	303996	345060	800602	558457	403320	639066	456399	240812	531914	668405	585478	560010	483441	314131	598297	613998	
539170	452934	524702	422918	554256	868601	822551	761830	785290	303996	345060	800602	470422	403320	634622	456399	240812	337104	668405	440960	560010	483441	305957	598297	446412	
539170	452934	524702	422918	509490	793627	747678	738375	726580	303996	345060	649939	470422	403320	634622	456399	240812	320057	668405	440960	555169	483441	305957	409865	446412	
383172	452934	524702	411471	509490	629300	747678	575261	726580	303996	345060	496083	470422	403320	634622	447339	240812	320057	631683	374472	555169	452270	290502	409865	397980	
383172	403154	524702	411471	385359	629300	690811	575261	726580	289046	345060	496083	381411	403320	626313	425886	240812	320057	474559	374472	555169	446765	290502	399696	397980	
383172	403154	524702	250428	385359	548020	680852	569577	686866	289046	285899	496083	271001	325471	560692	425886	240812	222637	474559	374472	484517	446765	290502	399696	397980	
383172	403154	476732	187487	385359	517303	503128	569577	602646	289046	285899	474608	271001	325471	344492	264227	240812	222637	458594	374472	484517	367269	261961	312097	397980	
292665	372890	427747	187487	256997	517303	470116	569577	602646	242113	285899	474608	271001	325471	344492	264227	240812	222637	458594	374472	364915	364225	247798	312097	328204	
292665	297757	421123	187487	256997	517303	470116	366997	514838	242113	285899	447548	199939	325471	344492	264227	240812	222637	458594	374472	364915	290234	219904	284035	300847	
292665	297757	307297	187487	256997	517303	470116	366997	481215	242113	243510	395751	199939	317078	344492	264227	240812	222637	458594	313298	364915	290234	163589	200484	300847	
292665	297757	307297	187487	256997	398716	453548	324702	481215	242113	160621	395751	199939	317078	344492	264227	240812	222637	335531	276480	339579	290234	163589	200484	300847	
292665	237972	307297	187487	256997	398716	369142	324702	481215	178967	160621	395751	199939	271760	344492	222638	240812	222637	335531	258197	339579	254910	163589	200484	224255	
292665	237972	307297	187487	256997	349688	290650	324702	371790	178967	160621	328813	199939	271760	344492	178957	218937	222637	335531	224049	219975	179177	163589	176358	224255	
232041	237972	307297	187487	256997	349688	250893	309514	300700	178967	160621	281107	199939	231851	233499	178957	218937	207555	335531	224049	219975	157264	163589	134947	167415	
226028	237972	307297	187487	256997	349688	250893	300622	300700	178967	160621	281107	199939	231851	233499	178957	218937	207555	222812	224049	219975	157264	159244	134947	167415	
226028	237972	262257	187487	256997	319735	250893	300622	281929	178967	160621	281107	199939	231851	233499	155089	142277	142333	222812	224049	219975	157264	126620	129264	167415	
209197	220515	185226	187487	249307	283365	250893	294676	281929	167954	160621	242221	188064	207722	210206	155089	142277	142333	222812	179219	149234	157264	126620	129264	167415	
209197	220515	185226	187487	249307	283365	250893	238751	252143	114866	110000	216778	188064	207722	210206	155089	142277	142333	222812	166296	149234	157264	126620	129264	156429	
182766	213584	185226	163232	231025	249919	218084	238751	252143	114866	110000	216778	188064	121980	210206	155089	142277	142333	222812	166296	149234	157264	126620	125139	128365	
137671	143806	185226	147997	203819	201937	218084	238751	252143	114866	94209.7	216778	161314	121980	210206	146579	142277	116890	222812	159868	149234	145159	115984	125139	128365	
137671	143806	185226	142385	148735	201937	218084	235448	252143	114866	94209.7	216778	161314	121980	210206	146579	142277	116890	222812	159868	149234	137076	115984	125139	128365	
137671	143806	176531	137437	148735	201937	179939	235448	164063	114866	94209.7	216778	139660	121980	210206	136166	142277	116890	177628	153475	149234	100958	115984	125139	79808.4	
123102	143305	176531	137437	148735	201937	132674	235448	164063	114866	85079.8	216778	139660	121980	210206	124996	142277	116890	177628	153475	138260	100958	103486	74715.7	76905.8	
123102	143305	170552	122069	148735	201937	132674	208115	130337	101158	46640.9	216778	119342	121980	210206	124996	129217	103339	176571	113635	138260	100958	45873.1	74715.7	76905.8	
114709	108809	137649	122069	128488	201937	132674	168919	130337	61513.6	46640.9	216778	119342	121980	210206	124996	129217	101210	116619	87634.8	138260	79543.3	45873.1	74715.7	76905.8	
76241.7	108809	117514	122069	87495.8	156454	113867	168919	121557	61513.6	46640.9	172570	119342	96767	194202	100499	129217	101210	116619	87634.8	130217	79543.3	45873.1	74715.7	76905.8	
76241.7	103572	117514	113142	87495.8	156085	113867	168919	95279.1	56762.7	46640.9	138925	119342	96767	166525	100499	101088	101210	116619	87634.8	107512	79543.3	45873.1	74715.7	76905.8	
76241.7	103572	114314	113142	87495.8	156085	113867	168919	95279.1	56762.7	46640.9	138925	95972.2	96767	157665	80541.8	101088	101210	116619	87634.8	79932	79543.3	45873.1	74715.7	76905.8	
76241.7	96737.3	100399	82408.7	87495.8	156085	113867	162275	95279.1	56762.7	46640.9	131470	95972.2	70295.5	135384	79357	101088	62731.7	116619	87634.8	79932	71492.6	38790.3	74715.7	76905.8	
76241.7	96737.3	100399	82408.7	75977.9	154010	113867	119628	95279.1	56762.7	46640.9	131470	95972.2	70295.5	127343	71777.6	93407.5	62731.7	109952	87634.8	79932	71492.6	38790.3	74715.7	76905.8	
76241.7	94084.3	100399	82408.7	75977.9	136229	99455.7	119628	95279.1	56762.7	46640.9	105865	72955.8	70295.5	116109	71777.6	88746.8	54435.6	109551	87634.8	79932	50229.5	38790.3	61415.9	71834.7	
76241.7	94084.3	100399	79237.7	75977.9	78246.7	99455.7	109869	95279.1	55292.4	23618.5	105865	72955.8	70295.5	116109	71777.6	49952.5	54435.6	91695.4	83650.7	65225.1	50229.5	37164.8	61415.9	71834.7	
76241.7	60742.8	88376.7	61121.1	75977.9	78246.7	99455.7	109869	95279.1	55292.4	23618.5	105865	67027.5	66100.4	114855	71777.6	49952.5	54435.6	91695.4	83440.1	65225.1	50229.5	37164.8	53341.9	71834.7	
69956.1	60742.8	88376.7	59731.7	75977.9	78246.7	68253.5	109869	95279.1	48797.5	23618.5	89223.3	67027.5	66100.4	114855	71625.3	49952.5	41711.6	83882.2	63013.8	65225.1	50229.5	37164.8	50067.2	46982.6	
69956.1	60742.8	88376.7	56812	72639.6	78246.7	64473.8	109869	74309.2	48797.5	19626.2	89223.3	67027.5	55351	64036.6	66397.4	49952.5	41711.6	83882.2	63013.8	65225.1	50229.5	25619.1	50067.2	46982.6	
65287.4	54843.8	66155.2	52921.5	70193.1	78246.7	64473.8	85461.6	74309.2	48797.5	19626.2	63489.7	67027.5	46731.5	64036.6	49572.1	49952.5	41711.6	83882.2	63013.8	58946.5	50229.5	25619.1	50067.2	46982.6	
58291.8	54843.8	66155.2	52921.5	63086.9	78246.7	53516.8	85461.6	64594.1	26853.1	19626.2	60981.3	60135.6	38115.5	64036.6	49572.1	42497.9	41711.6	58572.2	63013.8	53399.8	46887.3	25619.1	50067.2	46982.6	
58291.8	44122.2	60301.3	39516.8	59795.2	78246.7	53516.8	85461.6	64594.1	26853.1	19626.2	60981.3	60135.6	38115.5	64036.6	49572.1	42497.9	41711.6	58572.2	63013.8	39964.6	46887.3	25619.1	33643.3	46982.6	
46164.5	44122.2	60301.3	39516.8	59795.2	60654.4	53516.8	85461.6	63520.4	26853.1	19626.2	60981.3	60135.6	38115.5	64036.6	49373.1	42497.9	33242.2	58572.2	56262.3	28642.8	43953.1	25619.1	33643.3	46982.6	
46164.5	44122.2	60301.3	39516.8	59795.2	60654.4	48960.4	85461.6	56532.8	26853.1	19626.2	57991.3	53683.9	38115.5	58092.6	41207.3	42355.6	33242.2	53975.5	48455.3	28642.8	39694.4	24713.2	33643.3	46982.6	
46164.5	44122.2	60012.2	39516.8	54214.5	60654.4	48960.4	81803.2	50908.2	26853.1	19626.2	56655.9	53683.9	38115.5	58092.6	38226.2	42355.6	33242.2	48063.3	48455.3	28642.8	39694.4	24713.2	33643.3	43384.5	
36072.6	43516.7	32837.2	39516.8	54214.5	59162.5	48960.4	75547.1	50908.2	26853.1	19626.2	56655.9	53683.9	38115.5	58092.6	38226.2	42355.6	33242.2	48063.3	48201.1	28642.8	39694.4	24713.2	33643.3	36482.7	
36072.6	29140.6	32837.2	39516.8	48440.3	59162.5	48960.4	67893.2	50908.2	26853.1	19626.2	56655.9	44280.1	38115.5	58092.6	38226.2	25963.2	33242.2	48063.3	48201.1	28642.8	35482.3	24713.2	33643.3	36482.7	
36072.6	26123.6	32837.2	37223.3	46767.2	58131.5	45987.1	67393.3	50908.2	21701.4	13847.8	46124.3	44280.1	38115.5	35027.4	35605.6	25963.2	33242.2	42163.1	48201.1	28642.8	33709.9	14734.7	33643.3	28959.5	
36072.6	25283.9	32837.2	37223.3	43526.7	47920.8	41171.9	59779.3	40782.1	21701.4	13847.8	46124.3	42714.8	30675.3	35027.4	30075.7	25963.2	33242.2	42163.1	45642.6	28642.8	25092	14734.7	32469.2	28959.5	
36072.6	25283.9	32837.2	34014.1	43526.7	40003.6	30392.5	51015.7	40782.1	19208.1	13847.8	44672.1	42714.8	20912.9	35027.4	19925.7	25963.2	33242.2	35282.3	35249.9	23677.5	24672.9	14734.7	22175.4	26515.4	
36072.6	25283.9	32837.2	32292.9	42374.1	40003.6	30392.5	51015.7	40782.1	16614	13836.5	44672.1	38053.2	20912.9	35027.4	17581.2	25963.2	25824.5	29439.2	35249.9	23677.5	24019.2	14734.7	22175.4	26515.4	
36072.6	25283.9	32837.2	28315.4	39970.3	33015.7	30392.5	33355.6	38108.4	16614	13836.5	43712.7	31361.3	16882	35027.4	17581.2	25963.2	21058.6	29439.2	33919.6	23677.5	23146.1	14734.7	22175.4	26515.4	
32111.5	18525.4	32394.6	28315.4	27806.1	27837	30392.5	33355.6	38108.4	14803.2	13836.5	43576.3	31361.3	16882	35027.4	17581.2	22908.6	21044.7	24773.4	32886.9	23677.5	21874.9	14734.7	19050.1	19296.1	
32111.5	18525.4	21770.6	22342.8	27806.1	27837	28020.1	33355.6	31687.1	14803.2	13836.5	33835.4	31361.3	16882	29881.2	17581.2	16899.2	21044.7	24773.4	25360.4	21754.6	21185.8	14734.7	19050.1	19296.1	
24505.7	18525.4	21770.6	17890.1	17766.7	27837	28020.1	22273.5	29931	14803.2	13324.9	31073.2	18559.2	16530.9	29881.2	17581.2	16899.2	14153.5	24773.4	25360.4	21754.6	19157.7	14734.7	19050.1	18441	
24505.7	18525.4	21770.6	17890.1	17766.7	24911.7	28020.1	22273.5	29931	14803.2	12847.4	31073.2	18559.2	16530.9	27283.9	17581.2	16899.2	14153.5	24773.4	25360.4	21754.6	19157.7	14734.7	19050.1	18441	
21425.9	18525.4	21770.6	17890.1	17766.7	24911.7	28020.1	22273.5	29931	14803.2	10457.7	23688.5	18559.2	16376	27283.9	17581.2	16899.2	14153.5	24773.4	23794.9	19734.6	19157.7	12866.7	17116.6	18441	
21425.9	18525.4	21770.6	17890.1	17766.7	22642	28020.1	22273.5	28991.6	13115.7	10457.7	23688.5	18559.2	16376	27283.9	17350.9	16899.2	14153.5	20577.5	23794.9	19734.6	14215.9	11917	17116.6	17766.2	
13972.1	11121.7	21770.6	17480.1	17766.7	22642	13791.8	22273.5	21986.5	8703.1	10457.7	23688.5	18559.2	14827.2	27283.9	17350.9	16899.2	14153.5	19611.6	13028	18629.4	14215.9	11917	16673.4	15393.8	
13972.1	11121.7	21770.6	13856.9	17766.7	22642	13791.8	22273.5	21773.7	8703.1	10457.7	23688.5	18559.2	13771.7	19194.4	16795.8	15682.9	10438.6	19540.1	13028	18629.4	12342.3	8965.83	15952.7	14680.7	
13972.1	11121.7	15527.9	13856.9	17067	20940.9	13791.8	22273.5	16964.7	8703.1	7668.06	23688.5	15565.6	13218.5	18639.9	16795.8	14457.7	10438.6	16415	13028	16364.7	12342.3	8965.83	12824.8	12169.6	
13972.1	11121.7	15527.9	13856.9	17067	18945.7	13791.8	22273.5	13428.9	8703.1	7668.06	23093.7	13377.3	13218.5	18639.9	15496.2	11695.8	10438.6	16415	12804.5	15706.7	12342.3	8965.83	12824.8	12169.6	
13972.1	11121.7	15527.9	11300.9	17067	18945.7	13791.8	22273.5	13428.9	8703.1	7668.06	18165.4	13377.3	7898.11	12960.6	15032.1	11695.8	10438.6	15500.3	12804.5	12770.2	10171.5	6335.74	9691.74	12169.6	
13972.1	11121.7	15527.9	7443.12	16862.8	12280.1	13791.8	19783.1	13428.9	8670.55	6752.84	17436.1	13377.3	7898.11	12960.6	13408.3	5003.48	10438.6	10915.8	12804.5	12770.2	10171.5	6335.74	9691.74	12169.6	
13972.1	11121.7	10208.5	7443.12	10729.2	12280.1	13791.8	19783.1	13428.9	8506.69	5957.82	17344.9	13377.3	7898.11	12960.6	12287	5003.48	10438.6	10915.8	12804.5	11237.3	8854.45	6335.74	9691.74	8499.75	
12370.1	11121.7	10208.5	7443.12	10729.2	12280.1	13791.8	8800.42	13428.9	8337.98	5556.21	17344.9	12284.3	7898.11	12960.6	10728.9	5003.48	10438.6	10915.8	12804.5	10890.1	8854.45	6335.74	7617.28	8499.75	
12370.1	11121.7	7213.8	7443.12	10676.4	12280.1	13791.8	8800.42	10862	7850.37	5556.21	15023.7	9816.1	4079.72	12960.6	10728.9	5003.48	7774.91	10915.8	12804.5	10890.1	8854.45	5240.18	6148.55	8499.75	
12370.1	11121.7	7213.8	7443.12	8951.32	12280.1	12925.2	8800.42	8120.73	4462.12	5556.21	14795.1	9816.1	4079.72	12960.6	7726.85	5003.48	7689.19	10915.8	12804.5	7972.58	8854.45	5240.18	6148.55	8499.75	
10096.5	8788.99	7213.8	7186.62	8951.32	11325	12925.2	8800.42	8120.73	4462.12	4660.05	13437.9	9816.1	4079.72	12960.6	7726.85	5003.48	3792.69	10812.6	12804.5	7972.58	8232.51	5240.18	6148.55	8499.75	
10096.5	8788.99	7213.8	7186.62	8951.32	11202.2	12580.2	8800.42	8120.73	4462.12	4660.05	12143.6	9517.87	4079.72	10307.7	7726.85	5003.48	3792.69	10347.5	11455.8	6229.09	6189.63	5240.18	6148.55	7536.68	
10053.7	8788.99	7213.8	7186.62	8726.68	11202.2	10460.4	8800.42	8120.73	4462.12	4660.05	12143.6	9517.87	4079.72	10057.3	7021.08	5003.48	3792.69	9988.25	8174.17	5909.39	6189.63	5240.18	4512.3	7536.68	
9282.06	8022.55	7213.8	6243.63	8726.68	11202.2	10460.4	8800.42	8120.73	4292.15	4660.05	8038.08	9412.63	4079.72	10057.3	7021.08	5003.48	3792.69	9988.25	8174.17	5909.39	5304.83	5240.18	4512.3	6136.79	
7945.59	8022.55	3805.55	6243.63	6073.48	6972.47	6615.19	8800.42	7539.82	4292.15	4660.05	8038.08	9412.63	4079.72	10057.3	7021.08	5003.48	3792.69	7532.92	8174.17	5909.39	5304.83	5240.18	4512.3	5700.73	
7945.59	6855.34	3805.55	5445.25	6073.48	6972.47	6615.19	8800.42	6114.13	4292.15	4072.54	8038.08	5746.38	4079.72	8598.85	5625.66	3788.12	3792.69	7532.92	7035.8	5909.39	5304.83	3523.1	4512.3	5700.73	
6869.15	6855.34	3805.55	5033.65	6073.48	6972.47	6615.19	8800.42	6114.13	4172.92	4072.54	8038.08	5746.38	3696.89	8598.85	5625.66	3788.12	3792.69	7532.92	7035.8	5909.39	5082.62	3523.1	3688.76	5700.73	
6576.67	4172.38	3805.55	5033.65	5426.95	6972.47	6615.19	8800.42	6114.13	3965.35	4055.77	7241.32	5746.38	3696.89	8598.85	4555.89	3788.12	3792.69	4622.23	6352.86	5909.39	5082.62	3523.1	3482.43	5382.05	
6576.67	4172.38	3805.55	4581.75	5426.95	6972.47	6045.05	8198.25	4883.83	3381.21	3941.9	7241.32	5746.38	3696.89	7514.91	3638.75	3788.12	3792.69	4622.23	6352.86	5709.96	2540.08	2394	3482.43	5355.74	
6334	4172.38	3805.55	3367.39	3440.04	5102.21	6045.05	8198.25	4883.83	3250.84	2714.61	7241.32	5242.63	3696.89	6221.7	3638.75	3788.12	3345.12	4622.23	5236.62	4662.82	2540.08	2394	3482.43	3087.23	
6334	4172.38	3805.55	3367.39	3440.04	5102.21	5802.32	7786.4	4883.83	2346.89	2714.61	7241.32	5242.63	3696.89	6221.7	3610.77	3788.12	3345.12	4622.23	5236.62	4062.71	2352.41	2394	3482.43	3087.23	
6334	4172.38	3805.55	3367.39	3440.04	4505.16	5442.37	7786.4	4883.83	2284.28	2714.61	7241.32	5242.63	3696.89	6221.7	3610.77	3339.99	3345.12	4622.23	4638.06	3592.31	2352.41	2394	3482.43	3087.23	
6006.93	4172.38	3805.55	3367.39	3440.04	4505.16	4253.14	7786.4	4528.81	1946.12	2714.61	6283.99	3937.58	3686.91	4355.87	3610.77	3320.45	3345.12	4622.23	3864.85	3592.31	2123.35	2394	2087.3	2085.64	
4231.34	4172.38	3805.55	2516.9	3440.04	4505.16	4253.14	7786.4	4282.78	1946.12	2714.61	6283.99	3937.58	3617.33	4355.87	3101.12	3166.41	3345.12	4622.23	3864.85	2886.48	2123.35	1930.6	2087.3	2085.64	
4231.34	2495.92	3805.55	2516.9	3440.04	4505.16	4253.14	4949.02	4282.78	1808.83	2261.85	5956.34	3763.47	2841.37	4355.87	3015.02	2431.69	3345.12	4622.23	3864.85	2886.48	2123.35	1930.6	2087.3	2085.64	
3583	2495.92	3805.55	2516.9	3008.46	4049.41	4253.14	4949.02	3564.44	1808.83	1880.46	5956.34	3753.72	2374.93	4355.87	2536.04	2381.51	2618.7	4622.23	3864.85	2557.76	1972.47	1309.88	2087.3	2085.64	
3583	2495.92	3805.55	2516.9	2618.33	4049.41	4064.38	4949.02	3564.44	1421.69	1880.46	5956.34	3753.72	2374.93	4355.87	2536.04	2030.07	2571.26	3755.86	3864.85	2557.76	1972.47	1309.88	2087.3	2024.22	
2711.13	1885.87	3805.55	2492.4	2618.33	3182.5	4064.38	4949.02	3540.31	1355.32	1880.46	5047.58	2870.33	2374.93	4355.87	2536.04	2030.07	2571.26	3755.86	2501.7	2557.76	1972.47	1309.88	2087.3	2024.22	
2711.13	1885.87	3456.58	2492.4	2074.92	3182.5	4064.38	4949.02	2727.07	1165.3	1656.02	3139	2542.04	2290.73	4355.87	2536.04	2030.07	1968.17	3189.14	2501.7	2557.76	1620.45	1031.34	2087.3	2024.22	
2711.13	1885.87	3456.58	2492.4	2074.92	3182.5	3823.14	4949.02	2494.37	1165.3	1656.02	2792.71	2183.14	1557.75	3338.62	2536.04	2030.07	1968.17	3189.14	2501.7	2288.69	1620.45	1031.34	1818.02	1724.97	
2471.75	1885.87	3230.98	1784.92	2074.92	3182.5	2019.53	3926	2307.68	1165.3	1444.88	2792.71	2183.14	1557.75	3338.62	2096.85	1456.83	1876.44	2651.41	2501.7	2288.69	1620.45	1031.34	1818.02	1724.97	
2302.8	1885.87	2770.89	1710.37	1739.42	2317.87	2019.53	3926	2001.66	1165.3	1325.81	2792.71	2183.14	1557.75	3338.62	1924.28	1456.83	1876.44	2651.41	1456.72	1683.16	1620.45	1031.34	1818.02	1724.97	
2302.8	1800.59	2770.89	1710.37	1739.42	2317.87	2019.53	3738.08	1734.3	1165.3	1325.81	2792.71	2183.14	1557.75	3338.62	1924.28	1342.31	1493.13	1441.05	1456.72	1683.16	1620.45	1031.34	1818.02	1724.97	
2302.8	1535.78	2770.89	1528.19	1415.79	2317.87	2019.53	3453.24	1734.3	1165.3	1163.07	2564.37	2183.14	1358.49	3058.38	1841.57	1342.31	1493.13	1441.05	1456.72	1683.16	670.873	1031.34	1759.1	1724.97	
2302.8	1535.78	2273.77	1528.19	1415.79	2317.87	2019.53	3011.52	1218.49	1110.89	1163.07	2564.37	2092.6	1358.49	2389.69	1414.18	1210.07	781.8	1441.05	1456.72	1607.76	670.873	1031.34	1759.1	1481.89	
2266.92	1535.78	2273.77	1528.19	1415.79	2046.92	2019.53	3011.52	1218.49	1110.89	1060.82	2564.37	1755.53	1358.49	2266.44	1399.57	1210.07	781.8	1441.05	1456.72	1374.61	670.873	1031.34	1509.4	1481.89	
2127.24	1248.39	1788.69	1342.37	1415.79	2046.92	2019.53	3011.52	1218.49	780.161	939.682	1717.07	1755.53	1331.63	2030.53	1327.73	1210.07	781.8	1441.05	1456.72	1275.55	670.873	890.179	1213.58	1340.68	
1522.75	1248.39	1788.69	1342.37	1415.79	2040.19	2019.53	3011.52	1218.49	780.161	939.682	1717.07	1755.53	1331.63	2000.11	1303.86	1019.71	781.8	1441.05	1456.72	1275.55	670.873	726.474	1213.58	1198.2	
1522.75	1227.83	1788.69	1305.92	1218.77	1916.38	2019.53	2808.74	1218.49	699.727	784.343	1650.47	1745.42	793.876	1974.67	1257.17	1019.71	781.8	1441.05	1456.72	893.155	670.873	726.474	885.82	1198.2	
1217.82	743.723	1650.22	1305.92	1032.16	1866.9	1986	2337.86	968.95	688.38	784.343	1650.47	1009.77	793.876	1974.67	851.116	1019.71	781.8	1441.05	1456.72	893.155	670.873	726.474	885.82	1140.44	
1217.82	743.723	1492.11	1264.27	1032.16	1659.63	1471.87	2274.75	968.95	688.38	784.343	1237.54	1009.77	614.104	1826.75	851.116	1019.71	781.8	1198.77	1456.72	893.155	670.873	647.015	885.82	1057.62	
1217.82	599.662	1492.11	618.679	922.919	1215.65	1471.87	2274.75	968.95	688.38	703.754	995.16	1009.77	614.104	1087.32	851.116	889.091	781.8	1198.77	1456.72	893.155	586.233	608.73	654.292	799.461	
1185.66	599.662	1115.76	618.679	922.919	1215.65	1471.87	1954.4	864.398	586.637	681.42	995.16	1009.77	614.104	1087.32	851.116	889.091	781.8	1198.77	1391.02	893.155	586.233	608.73	654.292	799.461	
1185.66	599.662	1115.76	618.679	655.26	1215.65	1194.78	1899.76	864.398	504.004	681.42	995.16	975.546	614.104	1087.32	851.116	808.899	781.8	1198.77	1253.35	893.155	586.233	608.73	654.292	625.852	
959.323	357.163	1115.76	618.679	655.26	1007.83	936.648	1863.51	864.398	504.004	628.111	995.16	975.546	614.104	1087.32	851.116	694.093	730.163	1198.77	720.672	893.155	554.035	608.73	646.051	625.852	
830.151	357.163	879.69	618.679	655.26	1007.83	936.648	1681.76	624.182	494.955	386.518	995.16	972.103	614.104	1087.32	851.116	580.651	414.241	893.084	720.672	778.529	554.035	608.73	646.051	510.878	
722.34	357.163	879.69	603.24	655.26	997.546	936.648	1681.76	624.182	494.955	386.518	935.735	852.222	614.104	1087.32	772.96	580.651	414.241	893.084	720.672	778.529	529.857	542.907	599.75	510.878	
722.34	357.163	879.69	564.69	655.26	905.055	930.238	1442.62	526.338	494.955	380.837	935.735	852.222	614.104	864.106	772.96	533.046	414.241	892.646	720.672	778.529	506.014	402.875	599.75	510.878	
722.34	357.163	879.69	562.896	655.26	905.055	782.945	1197.52	526.338	494.955	380.837	935.735	852.222	568.402	864.106	568.478	533.046	414.241	892.646	720.672	517.725	506.014	402.875	502.692	510.878	
692.676	357.163	687.545	513.763	577.967	680.161	782.945	1006.26	526.338	356.857	380.837	935.735	824.558	568.402	864.106	568.478	298.221	414.241	892.646	633.969	517.725	258.929	348.675	400.252	510.878	
692.676	357.163	594.486	513.763	577.967	487.81	782.945	774.082	526.338	356.857	347.447	935.735	723.554	568.402	560.162	468.45	298.221	414.241	771.598	633.969	517.725	258.929	327.922	400.252	363.102	
635.66	357.163	594.486	490.214	444.969	487.81	704.888	774.082	455.044	356.857	336.795	671.993	565.419	447.219	560.162	468.45	298.221	273.224	439.748	633.969	394.456	258.929	327.922	326.828	363.102	
635.66	357.163	594.486	483.291	444.969	487.81	601.058	774.082	455.044	356.857	307.694	671.993	565.419	427.761	560.162	368.853	298.221	273.224	439.748	514.519	394.456	258.929	327.922	326.828	363.102	
635.66	357.163	594.486	439.201	444.969	423.991	426.682	727.243	455.044	218.444	307.694	671.993	565.419	427.761	560.162	368.853	298.221	273.224	439.748	514.519	394.456	258.929	307.905	299.124	363.102	
521.296	209.224	424.742	410.367	371.081	286.679	426.682	727.243	455.044	218.444	307.694	671.993	565.419	420.849	560.162	368.853	298.221	171.413	439.748	514.519	386.128	204.755	307.905	299.124	363.102	
521.296	209.224	286.863	382.06	371.081	286.679	426.682	709.125	455.044	218.444	281.27	600.516	492.118	390.344	560.162	358.166	249.655	171.413	439.748	497.506	386.128	204.755	258.167	233.649	363.102	
351.348	209.224	286.863	372.202	371.081	286.679	426.682	595.928	336.67	218.444	236.61	577.039	443.996	283.001	476.525	358.166	249.655	171.413	439.748	497.506	386.128	204.755	174.735	220.871	337.185	
351.348	209.224	286.863	314.322	338.792	286.679	406.391	595.928	318.863	218.444	194.111	332.852	443.996	214.702	476.525	314.97	249.655	171.413	358.808	446.034	246.518	204.755	174.735	220.871	337.185	
331.641	209.224	286.863	293.292	289.223	286.679	406.391	595.928	318.863	218.444	194.111	332.852	443.996	214.702	476.525	314.97	249.655	171.413	358.808	295.453	246.518	204.755	174.735	220.871	200.451	
331.641	209.224	241.89	255.344	288.123	280.238	288.651	569.045	318.863	159.402	194.111	332.852	415.684	129.192	447.743	286.283	249.655	171.413	358.808	295.453	246.518	204.755	174.735	200.105	200.451	
331.641	209.224	241.89	225.174	265.642	268.315	288.651	496.034	257.891	159.402	162.768	332.852	373.138	129.192	447.743	286.283	183.135	171.413	358.808	295.453	246.518	164.164	174.735	191.229	200.451	
271.972	209.224	241.89	201.035	265.642	268.315	288.651	496.034	257.891	137.57	162.768	332.852	287.67	129.192	371.195	248.201	183.135	171.413	319.635	295.453	192.646	164.164	174.735	130.845	200.451	
229.964	172.594	241.89	194.808	265.642	268.315	279.381	496.034	257.891	127.847	155.684	332.852	287.67	129.192	371.195	248.201	183.135	171.413	271.209	288.478	192.646	137.933	128.382	130.845	200.451	
212.849	159.977	187.85	194.808	222.931	246.316	224.599	468.153	250.459	123.973	155.684	332.852	287.67	129.192	224.674	248.201	166.152	171.413	271.209	224.178	192.646	137.933	128.382	130.845	200.451	
212.849	159.977	187.85	132.687	209.833	246.316	224.599	420.863	218.055	123.973	120.518	332.852	287.67	129.192	224.674	203.158	166.152	139.586	228.806	224.178	149.779	137.933	91.5886	130.845	149.933	
212.849	159.977	187.85	132.687	103.916	176.505	224.599	420.863	218.055	123.973	120.518	260.115	216.833	129.192	220.412	173.343	133.5	139.586	228.806	224.178	149.779	135.641	91.5886	130.845	149.933	
165.843	159.977	149.014	132.687	103.916	176.505	124.707	340.894	142.191	121.3	107.864	258.823	216.833	129.192	220.412	173.343	133.5	139.586	217.912	224.178	149.779	123.561	91.5886	85.2785	149.933	
150.077	159.977	149.014	132.687	103.916	176.505	124.707	315.836	142.191	121.3	88.0598	258.823	214.219	129.192	211.983	173.343	132.537	128.117	217.912	210.551	145.881	103.382	91.5886	85.2785	125.116	
150.077	137.419	149.014	132.687	103.916	173.802	124.707	312.654	142.191	121.3	83.0165	248.221	130.122	129.192	211.983	173.343	132.537	128.117	217.912	193.742	145.881	79.9489	91.5886	85.2785	125.116	
150.077	137.419	148.697	132.687	85.2355	173.802	124.707	312.654	142.191	113.159	59.0448	248.221	130.122	76.23	211.983	108.322	87.906	85.367	156.422	193.742	91.8306	79.9489	87.6397	83.0094	125.116	
150.077	77.2286	148.697	132.687	85.2355	105.426	124.707	297.791	106.783	90.093	59.0448	232.85	130.122	76.23	211.983	102.905	75.5637	85.367	156.422	98.3757	91.8306	75.3158	68.3556	83.0094	102.796	
140.433	77.2286	148.697	130.327	85.2355	94.6545	124.707	292.425	106.783	68.2568	47.3913	176.481	130.122	76.23	160.859	102.905	75.5637	85.367	156.422	98.3757	91.8306	53.961	68.3556	83.0094	99.8342	
135.261	77.2286	101.475	114.425	85.2355	94.6545	124.707	199.443	106.783	54.1956	47.3913	147.391	130.122	76.23	160.859	102.905	65.0931	85.367	139.991	98.3757	69.7963	53.961	67.6208	83.0094	96.2912	
135.261	77.2286	101.475	86.4993	85.2355	82.4341	124.707	199.443	106.783	54.1956	47.3913	145.305	129.214	76.23	138.596	99.6177	54.1097	85.367	139.991	98.3757	69.7963	37.3129	61.3692	83.0094	96.2912	
110.587	65.6525	92.8448	86.4993	85.2355	81.7374	124.707	199.443	106.783	54.1956	47.3913	145.305	98.8722	76.23	138.596	86.1387	54.1097	78.014	110.523	98.3757	69.7963	37.3129	52.0994	83.0094	68.4392	
53.9265	65.6525	67.4914	86.4993	83.2291	81.7374	121.255	180.445	106.783	54.1956	45.8645	145.305	98.8722	76.23	138.397	86.1387	54.1097	78.014	82.5458	98.3757	69.7963	37.3129	52.0994	75.0576	68.4392	
53.9265	65.6525	67.4914	86.4993	83.2291	67.2535	90.8393	180.445	97.0701	51.8909	37.0868	145.305	75.2059	62.4088	88.2715	81.9937	54.1097	58.4807	82.5458	98.3757	69.7963	37.3129	52.0994	68.3701	68.4392	
53.9265	65.6525	67.4914	76.5947	58.7128	62.0409	90.8393	180.445	80.6302	41.898	37.0868	119.492	62.0925	62.4088	88.2715	67.484	54.1097	58.4807	82.5458	98.3757	50.3173	37.3129	41.1934	57.9978	63.261	
53.9265	52.1533	67.4914	76.5947	58.7128	62.0409	90.8393	174.087	80.6302	41.898	37.0868	119.492	62.0925	52.8902	88.2715	67.484	54.1097	49.4379	82.5458	98.3757	50.3173	37.3129	20.9916	57.9978	40.0809	
53.9265	52.1533	67.4914	75.9284	58.7128	57.7223	90.8393	161.303	65.3327	41.898	37.0868	109.522	62.0925	52.8902	70.5048	61.0504	54.1097	49.4379	63.4484	64.8457	50.3173	34.8428	20.9916	57.9978	40.0809	
45.5075	52.1533	63.4293	71.9792	52.4042	57.7223	89.0773	142.34	42.1799	41.898	30.4252	97.9029	62.0925	52.0047	42.4099	59.0631	45.4743	39.6604	63.4484	64.8457	50.3173	34.8428	20.9916	51.4275	40.0809	
45.5075	47.2286	63.4293	70.0572	52.4042	57.7223	53.8272	113.64	42.1799	41.6762	29.5219	64.4363	62.0925	42.3237	42.4099	39.4071	45.4743	39.6604	63.4484	64.8457	42.0333	34.8428	20.9384	41.6305	40.0809	
45.5075	47.2286	63.4293	67.3121	52.4042	38.0621	53.4792	110.163	42.1799	41.6762	29.5219	64.4363	62.0243	42.3237	42.4099	39.4071	32.2576	28.5356	63.4484	63.6062	40.2014	34.8428	20.9384	34.8495	34.044	
42.8343	44.2449	52.6855	44.7054	50.6904	38.0621	51.115	99.3112	42.1799	37.0943	23.4014	53.1073	62.0243	42.3237	42.4099	37.6565	32.2576	28.5356	63.4484	63.6062	38.7936	34.8428	20.9384	34.8495	34.044	
42.8343	44.2449	49.126	42.4332	49.2794	22.8052	51.115	99.3112	42.1799	29.8471	23.4014	53.1073	39.2788	41.0884	42.4099	30.9325	30.0266	28.5356	50.3384	54.4631	38.7936	34.8428	20.9384	34.8495	34.044	
42.8343	28.1483	49.126	39.9368	38.1034	22.8052	51.115	99.3112	42.1799	28.582	23.4014	53.1073	39.2788	41.0314	42.4099	30.9325	29.2564	27.5547	50.3384	54.4631	38.7936	26.0348	20.9384	34.8495	31.7901	
32.7808	28.1483	37.4205	39.2546	38.1034	22.8052	51.115	81.6115	28.4776	22.937	23.4014	53.1073	39.2788	28.9148	42.4099	30.9325	25.8138	27.5547	50.3384	52.0299	32.6389	26.0348	20.9384	34.8495	31.7901	
32.7808	28.1483	37.2885	39.2546	38.1034	22.8052	45.9114	81.6115	28.4776	21.8503	21.7008	48.325	39.2788	28.9148	29.1265	22.8804	15.8146	21.2301	50.3384	49.9868	32.6389	25.9826	17.6292	24.587	30.5723	
31.4958	28.1483	37.2885	18.4858	28.3003	22.8052	34.9023	68.5258	28.4776	21.3935	21.7008	41.2357	39.2788	27.0629	29.1265	22.8804	15.8146	15.6251	37.1648	43.2953	32.6389	22.9865	17.6292	24.587	30.5723	
31.4958	27.7695	37.2885	18.4858	28.3003	22.8052	34.9023	55.616	28.4776	18.3366	19.3301	41.2357	39.2788	23.2701	29.1265	20.9912	15.8146	15.6251	29.6486	43.2953	28.987	18.0726	17.6292	24.587	22.43	
22.3769	27.7695	26.047	18.4858	15.0373	22.8052	34.9023	55.616	28.4776	16.1043	17.8439	41.2357	39.2788	23.2701	29.1265	20.9912	15.8146	15.6251	29.6486	37.494	26.6202	18.0726	13.7865	22.8247	22.43	
22.3769	23.3595	26.047	18.4858	15.0373	21.0672	34.9023	55.616	28.4776	16.1043	17.1567	30.0841	27.1558	22.455	29.1265	20.9912	15.8146	15.6251	29.6486	37.494	24.0905	12.2895	10.6886	22.8247	22.43	
21.497	19.3184	25.1294	18.4858	15.0373	21.0672	31.9261	32.4581	24.8474	16.1043	17.1567	27.0649	23.7295	22.056	29.1265	16.1389	15.8146	15.397	25.5603	22.4302	23.1278	12.2895	10.6886	18.7217	21.3896	
17.4501	13.944	22.174	18.4858	15.0373	21.0672	23.1809	32.4581	24.0894	14.3032	15.8815	27.0649	23.7295	18.304	27.1651	16.1389	15.6913	13.2115	25.5603	22.4302	18.0961	12.2895	7.63437	13.3338	19.9908	
13.9733	12.5134	22.174	18.4858	15.0373	16.5273	22.0648	32.4581	19.0554	14.3032	15.124	27.0649	23.7295	18.304	24.8468	16.1389	11.4398	13.2115	25.2459	22.4302	17.7581	12.2895	6.84333	13.3338	19.9908	
13.9733	12.5134	21.1595	16.1387	15.0373	16.5273	22.0648	32.4581	16.8941	14.3032	6.57832	27.0649	21.1847	17.0401	24.8468	16.1389	11.4398	13.2115	24.797	22.2762	14.4307	10.82	6.84333	11.718	12.8181	
13.9733	12.5134	17.0952	16.1387	15.0373	13.689	22.0648	30.6247	16.8941	13.8425	6.57832	20.817	21.1847	10.7326	18.0337	12.6251	11.4398	13.2115	23.8407	22.2762	14.4307	10.82	5.05659	11.718	12.8181	
13.9733	12.5134	17.0952	16.1387	15.0373	13.689	21.6226	30.6247	12.3103	9.85604	6.57832	19.3836	14.8126	10.7326	18.0337	12.6251	9.25854	7.50996	20.526	22.2762	14.4307	10.82	5.05659	8.20539	12.8181	
12.0778	9.80046	17.0952	16.1387	12.9382	13.689	21.6226	30.6247	12.3103	9.85604	6.57832	19.3836	14.8126	10.7326	14.7136	12.6251	9.25854	7.50996	20.526	13.1936	13.0524	8.05594	5.05659	8.20539	9.09283	
10.7535	9.80046	15.0124	16.1387	12.9382	13.689	16.3914	28.5748	12.3103	7.816	6.57832	19.3836	14.6996	10.7326	13.2733	9.21992	9.25854	7.50996	11.0555	13.1936	13.0524	8.05594	5.05659	7.38458	9.09283	
10.7535	9.80046	13.481	13.3844	12.9158	13.689	16.3914	18.626	11.0888	6.56833	6.57832	19.3836	14.531	9.51228	13.2733	9.21992	9.25854	7.50996	11.0555	13.1936	8.52364	8.05594	5.05659	7.38458	9.09283	
10.7535	9.80046	11.3919	11.6539	9.90956	13.689	12.6344	18.626	11.0888	6.56833	6.57832	16.4111	14.531	8.62126	9.97812	9.21992	3.82642	7.50996	11.0555	9.00642	8.52364	8.05594	5.05659	7.38458	7.96455	
10.7535	9.80046	10.7487	11.6539	9.90956	13.689	12.6344	18.626	11.0888	6.56833	6.57832	9.90123	14.531	8.62126	9.97812	9.21992	3.82642	7.28236	11.0555	9.00642	7.31845	8.05594	5.05659	7.36736	7.20759	
7.89286	9.80046	10.7487	10.5451	9.90956	12.7671	12.6344	18.0328	11.0888	6.56833	6.07571	9.90123	11.2154	7.53008	9.97812	9.21992	3.82642	5.82691	11.0555	9.00642	7.31845	5.93421	4.77469	7.36736	7.20759	
7.89286	8.97242	10.4805	10.5451	8.26665	11.0938	12.6344	18.0328	10.8795	6.56833	6.07571	9.90123	6.39498	7.53008	9.97812	6.44045	3.82642	5.82691	11.0555	9.00642	5.4986	5.93421	4.77469	6.57595	7.20759	
7.89286	8.85622	5.45849	10.5451	8.26665	10.2669	12.6344	18.0328	9.60925	5.30148	6.07571	9.90123	6.39498	6.22523	9.97812	6.44045	3.82642	5.82691	11.0555	9.00642	5.4986	5.93421	3.49341	6.30256	7.20759	
7.89286	8.85622	5.45849	8.82529	8.26665	9.14532	8.18308	15.7494	8.43007	4.7943	3.09124	9.90123	6.39498	6.22523	7.97542	6.44045	3.82642	5.58383	7.89392	9.00642	5.4986	5.93421	3.42922	4.94947	6.23335	
6.78811	5.20972	5.45849	6.52345	8.25249	7.08584	8.18308	15.7494	6.58083	4.7943	3.09124	9.90123	6.39498	4.97717	7.36997	6.04973	3.82642	5.58383	7.89392	6.34936	5.4986	4.98198	2.69373	4.94947	6.23335	
6.78811	5.20972	5.45849	6.52345	8.03478	6.6881	8.18308	15.7127	6.58083	4.66698	3.09124	9.90123	6.39498	3.60928	7.36997	4.00917	3.82642	3.33314	7.89392	6.34936	4.42749	4.98198	2.69373	3.43272	4.40147	
6.62252	4.52546	5.45849	6.52345	7.8494	6.6881	8.18308	15.7127	6.58083	4.66698	3.09124	7.88058	6.39498	3.60928	7.36997	3.05827	3.82642	3.33314	7.89392	6.34936	4.42749	4.55793	2.69373	3.43272	4.40147	
5.66638	4.52546	5.45849	6.52345	6.43413	6.5652	7.01173	7.62549	4.93277	4.66698	3.09124	7.88058	6.39498	3.30047	5.80348	3.05827	2.55583	3.33314	7.89392	6.34936	4.42749	3.87261	1.86602	3.43272	3.51646	
5.2919	4.52546	5.32796	4.659	5.60093	6.15436	7.01173	7.62549	4.93277	2.58147	3.09124	7.88058	4.36385	3.23605	5.80348	3.05827	2.55583	3.33314	6.52813	6.34936	4.42749	3.28688	1.86602	3.43272	2.85904	
4.5393	4.52546	4.99025	4.659	5.60093	6.15436	7.01173	7.62549	4.93277	2.58147	3.09124	6.0871	4.36385	3.18052	5.80348	3.05827	2.55583	3.33314	6.52813	5.56966	4.42749	3.28688	1.86602	3.43272	1.42832	
4.15028	3.25814	3.87807	4.07793	5.60093	5.99083	6.36938	7.62549	4.93277	2.40256	2.9061	5.62912	2.41931	3.18052	5.03975	3.05827	2.55583	3.33314	6.52813	5.56966	4.42749	2.32754	1.86602	2.6959	1.42832	
4.01931	2.57295	2.94809	4.07793	4.48069	5.07814	6.31874	7.44794	4.76133	2.40256	2.9061	5.62912	2.41931	2.55351	4.63719	3.05827	2.55583	3.25822	5.87778	4.03154	3.40128	2.32754	1.86602	2.6959	1.42832	
3.8429	2.57295	2.94809	2.48738	4.48069	5.0335	5.9615	7.44794	4.58412	2.40256	1.98753	5.62912	2.41931	2.55351	4.01897	2.84243	2.36947	2.67827	5.32756	4.03154	3.26663	2.32754	1.86602	2.60562	1.42832	
2.40823	2.57295	2.94809	2.48738	3.33204	3.70025	2.88005	7.05331	4.58412	2.40256	1.4647	5.62912	2.41931	2.55351	4.01897	2.84243	2.36947	2.27763	5.00665	4.03154	3.26663	2.32754	1.45873	1.70678	1.42832	
2.40823	2.57295	2.94809	2.48738	2.90786	3.70025	2.88005	5.79677	4.15916	2.40256	1.4647	4.39501	2.41931	1.64965	4.01897	2.84243	2.36947	2.27763	5.00665	3.38872	3.26663	2.29074	1.45873	1.70678	1.42832	
2.40823	2.56571	2.38142	2.48738	2.90786	3.70025	2.88005	5.79677	3.50951	1.8195	1.4647	4.39501	2.41931	1.33471	3.92793	2.47052	1.6306	2.0247	5.00665	3.38872	3.15938	2.15878	1.33726	1.70678	1.42832	
1.81023	2.56571	2.09984	2.48738	2.45018	3.13629	2.88005	5.58704	3.23142	1.8195	1.4647	4.39501	2.41931	1.33471	3.92793	1.7958	1.6306	1.65521	4.67426	3.38872	3.07648	2.15878	1.33726	1.70678	1.42832	
1.81023	1.41443	2.09984	2.48738	2.45018	3.13629	1.84969	5.33683	3.23142	1.8195	1.4647	3.40534	2.41931	1.33471	2.42257	1.70655	1.6306	1.65521	2.65283	2.80914	2.24505	1.52648	1.16364	1.70678	1.42832	
1.81023	1.41443	2.02658	2.48738	2.45018	3.13629	1.84969	5.24057	3.2094	1.7509	1.4647	3.40534	1.87769	1.33471	2.42257	1.61422	1.52925	1.50205	2.65283	2.80914	2.24505	1.48595	1.16364	1.27878	1.42832	
1.81023	1.41443	2.02658	1.85974	2.36204	2.02308	1.84969	5.24057	3.17223	1.59422	1.26006	3.40534	1.87769	1.33471	2.42257	1.61422	1.44676	1.22771	2.65283	2.80914	1.87885	1.48595	1.16364	1.27878	1.42832	
1.81023	1.41443	1.76822	1.85974	2.18181	2.02308	1.84969	4.47662	2.10831	1.59422	1.26006	3.03231	1.87769	1.33471	2.1561	1.44173	1.1981	1.15676	2.65283	2.80914	1.87885	1.48595	0.851089	0.927389	1.42832	
1.29319	1.41443	1.52293	1.85974	2.11121	2.02308	1.84969	4.47662	2.10831	1.59422	1.26006	2.88369	1.78047	1.33471	2.1561	1.38632	0.939221	1.15676	2.65283	2.80914	1.87885	1.30047	0.851089	0.927389	1.25893	
1.29319	1.41443	1.2991	1.8025	1.7428	2.02308	1.84969	3.72583	2.10831	1.38884	1.26006	2.24615	1.70937	1.3288	2.1561	1.36551	0.695578	0.991775	2.65283	2.66573	1.87885	1.05467	0.851089	0.927389	1.25893	
1.26241	1.38581	1.2991	1.36948	1.32778	1.38154	1.84969	3.50946	2.10831	1.37967	1.26006	1.88055	1.70937	1.21807	1.8263	1.35998	0.695578	0.778468	2.65283	2.09292	1.65203	0.981962	0.808962	0.927389	1.25893	
1.26241	0.956088	1.11638	1.36948	1.32778	1.38154	1.84969	3.06328	1.51231	0.995472	1.21966	1.88055	1.70937	0.897659	1.8263	1.19543	0.695578	0.778468	2.39566	1.54132	1.60476	0.981962	0.569777	0.616264	1.25893	
1.01112	0.956088	1.04223	1.36948	1.32778	1.38154	1.84626	3.06328	1.51231	0.873585	0.822371	1.88055	1.56261	0.878644	1.61796	0.973064	0.695578	0.778468	1.92485	1.54132	1.28493	0.820937	0.569777	0.616264	1.18216	
1.01112	0.956088	1.01151	1.24982	1.32778	1.3098	1.84626	3.02025	1.51231	0.747732	0.655658	1.87905	1.07462	0.624865	1.61796	0.682557	0.695578	0.778468	1.55777	1.36266	0.861928	0.820937	0.569777	0.616264	1.18216	
0.878397	0.956088	1.00807	1.08805	1.16758	1.01886	1.37467	2.45857	1.51231	0.747732	0.655658	1.87905	0.905321	0.617824	1.39459	0.682557	0.695578	0.556085	1.55777	1.36266	0.793869	0.687348	0.569777	0.505063	0.848829	
0.878397	0.60859	0.881609	1.08805	1.16758	0.927533	1.37467	2.44483	1.29407	0.514087	0.641448	1.84137	0.905321	0.617824	1.14657	0.682557	0.609298	0.556085	1.55777	0.968991	0.793869	0.687348	0.372841	0.492474	0.848829	
0.878397	0.60859	0.734874	0.77048	1.01384	0.927533	0.843878	2.27766	1.24957	0.514087	0.604014	1.7381	0.905321	0.588599	1.11044	0.682557	0.461977	0.359924	1.48362	0.968991	0.793869	0.522174	0.372841	0.492474	0.848829	
0.664141	0.60859	0.734874	0.755138	0.832466	0.801641	0.843878	2.07056	0.874767	0.514087	0.455138	1.17268	0.878689	0.552656	1.11044	0.548632	0.461977	0.359924	1.48159	0.968991	0.597857	0.522174	0.358483	0.492474	0.752675	
0.638818	0.60859	0.734874	0.755138	0.61243	0.801641	0.843878	2.07056	0.874767	0.514087	0.455138	1.17268	0.769191	0.541111	1.05374	0.393251	0.461977	0.359924	1.25058	0.785783	0.597857	0.522174	0.358483	0.492474	0.701992	
0.478595	0.59431	0.734874	0.734892	0.61243	0.686149	0.843878	1.53533	0.874767	0.514087	0.455138	1.17268	0.496997	0.541111	0.836422	0.393251	0.461977	0.354143	1.05732	0.785783	0.597857	0.522174	0.358483	0.492474	0.650615	
0.478595	0.577487	0.522393	0.734892	0.61243	0.686149	0.843878	0.870596	0.788181	0.463597	0.455138	1.17268	0.496997	0.473306	0.733183	0.393251	0.461977	0.312929	1.05732	0.785783	0.597857	0.514705	0.256874	0.415699	0.564208	
0.466294	0.577487	0.522393	0.70062	0.450409	0.405966	0.776593	0.870596	0.788181	0.412978	0.265617	0.821578	0.373152	0.408794	0.733183	0.368457	0.432076	0.266709	1.04402	0.644469	0.597857	0.391233	0.178919	0.385637	0.409929	
0.466294	0.577487	0.46788	0.633183	0.450409	0.405966	0.763884	0.870596	0.788181	0.39982	0.265617	0.821578	0.373152	0.408794	0.601986	0.368457	0.272437	0.266709	0.841998	0.644469	0.507196	0.391233	0.178919	0.31772	0.409929	
0.466294	0.314512	0.46788	0.54658	0.450409	0.405966	0.697452	0.870596	0.661108	0.384083	0.265617	0.821578	0.306831	0.408794	0.601986	0.368457	0.260289	0.266709	0.714237	0.550928	0.507196	0.315638	0.178919	0.31772	0.409929	
0.466294	0.314512	0.401531	0.415177	0.439361	0.405966	0.697452	0.870596	0.661108	0.379144	0.265617	0.631686	0.306831	0.336811	0.458843	0.199093	0.229103	0.230854	0.714237	0.447021	0.420469	0.315638	0.15703	0.29367	0.409929	
0.373176	0.314512	0.401531	0.415177	0.439361	0.405966	0.697452	0.870596	0.612489	0.285897	0.265617	0.631686	0.306831	0.269061	0.443997	0.199093	0.229103	0.230854	0.538171	0.447021	0.420469	0.271633	0.15703	0.275248	0.40052	
0.346546	0.314512	0.401531	0.415177	0.398527	0.405966	0.594884	0.819264	0.457251	0.261145	0.265617	0.631686	0.287405	0.269061	0.425202	0.199093	0.194195	0.182299	0.538171	0.405723	0.420469	0.271633	0.15703	0.261671	0.320025	
0.346546	0.264141	0.401531	0.415177	0.351204	0.241734	0.364264	0.705575	0.441175	0.25652	0.206593	0.429652	0.287405	0.269061	0.425202	0.199093	0.194195	0.170424	0.538171	0.405723	0.322882	0.209492	0.15703	0.261671	0.320025	
0.346546	0.264141	0.401531	0.415177	0.351204	0.241734	0.364264	0.671802	0.441175	0.25652	0.200635	0.429652	0.287405	0.176953	0.425202	0.199093	0.173886	0.170424	0.538171	0.32695	0.322882	0.209492	0.128874	0.157916	0.252156	
0.221982	0.261075	0.272911	0.375288	0.260859	0.241734	0.364264	0.671802	0.390732	0.106978	0.200635	0.429652	0.287405	0.138595	0.425202	0.199093	0.173886	0.170424	0.493432	0.32695	0.322882	0.19913	0.122339	0.157916	0.252156	
0.204237	0.261075	0.272911	0.317006	0.260859	0.241734	0.364264	0.549919	0.294232	0.106978	0.200635	0.383183	0.23885	0.138595	0.376785	0.199093	0.12471	0.118805	0.422833	0.32695	0.294399	0.171419	0.122339	0.157916	0.252156	
0.204237	0.261075	0.178894	0.305888	0.260859	0.241734	0.352291	0.549919	0.240762	0.106978	0.169621	0.359958	0.23885	0.138595	0.362291	0.188374	0.12471	0.118805	0.410017	0.197674	0.268651	0.171419	0.106345	0.157916	0.252156	
0.204237	0.24434	0.178894	0.305888	0.260859	0.241734	0.281696	0.549919	0.211889	0.106978	0.162971	0.359958	0.169815	0.138595	0.323104	0.145629	0.12471	0.112385	0.360979	0.197674	0.258293	0.171419	0.0980177	0.128906	0.214781	
0.204237	0.172007	0.178894	0.200078	0.260859	0.241734	0.236979	0.448995	0.211889	0.106978	0.15182	0.259221	0.169664	0.125247	0.275033	0.139222	0.12471	0.112385	0.360979	0.197674	0.213129	0.171419	0.0842658	0.0765985	0.173184	
0.138795	0.172007	0.133264	0.200078	0.2461	0.241734	0.236979	0.326697	0.211889	0.106978	0.15182	0.259221	0.143383	0.124173	0.199203	0.125236	0.121693	0.112385	0.324409	0.187018	0.158394	0.166159	0.0842658	0.0765985	0.173184	
0.138795	0.172007	0.113911	0.200078	0.166434	0.216507	0.233281	0.320784	0.211889	0.106978	0.142439	0.259221	0.143383	0.105102	0.199203	0.125236	0.0795799	0.112385	0.284957	0.187018	0.158394	0.138617	0.0842658	0.0765985	0.110741	
0.104108	0.11763	0.113911	0.19434	0.166434	0.210185	0.141284	0.320784	0.129307	0.0894635	0.0997692	0.237683	0.124242	0.0926092	0.199203	0.114743	0.0795799	0.0967831	0.284957	0.185026	0.0994145	0.12253	0.0769815	0.0765985	0.110741	
0.104108	0.11763	0.0953864	0.184285	0.166434	0.197144	0.141284	0.309844	0.129307	0.0894635	0.0837445	0.237683	0.092916	0.0926092	0.160705	0.114743	0.0795799	0.0967831	0.241328	0.127996	0.0994145	0.12253	0.0427641	0.0765985	0.110741	
0.10097	0.11763	0.0953864	0.0887856	0.166434	0.119853	0.141284	0.211061	0.120299	0.0670708	0.0837445	0.218968	0.092916	0.0746945	0.143395	0.111419	0.0795799	0.0634266	0.241328	0.127996	0.0994145	0.103046	0.0427641	0.0725974	0.110741	
0.0810941	0.0953671	0.0953864	0.0887856	0.0950772	0.119853	0.141284	0.211061	0.0570663	0.0670708	0.0837445	0.214201	0.092916	0.0746945	0.143395	0.0983895	0.0730789	0.0634266	0.195269	0.0975382	0.0994145	0.0971374	0.0427641	0.0725974	0.110741	
0.0810941	0.0953671	0.0953864	0.0887856	0.0950772	0.119853	0.141284	0.211061	0.0570663	0.0670708	0.0610781	0.174742	0.0873719	0.0746945	0.143395	0.0455966	0.055195	0.0634266	0.195269	0.0975382	0.0994145	0.0897186	0.0427641	0.0725974	0.110741	
0.0810941	0.0953671	0.0953864	0.0887856	0.0950772	0.0950345	0.119639	0.211061	0.0570663	0.0670708	0.0610781	0.158282	0.0873719	0.0663645	0.131075	0.0455966	0.055195	0.0634266	0.17826	0.0975382	0.0994145	0.0782732	0.0427641	0.0425072	0.0933891	
0.0810941	0.0807176	0.0953864	0.0717504	0.0950772	0.0950345	0.119639	0.154151	0.0570663	0.0670708	0.0578528	0.144777	0.0807661	0.0601809	0.102119	0.0455966	0.0333586	0.051596	0.164573	0.0749014	0.0994145	0.0782732	0.037713	0.0425072	0.0933891	
0.0810941	0.0807176	0.0891918	0.0717504	0.0802458	0.0950345	0.119639	0.154151	0.0570663	0.043758	0.0412269	0.13869	0.0781244	0.0601809	0.102119	0.0455966	0.0333586	0.051596	0.151657	0.0749014	0.0772283	0.0782732	0.037713	0.0425072	0.0933891	
0.0645563	0.0570138	0.0788155	0.0717504	0.0777306	0.0920085	0.0918143	0.154151	0.0570663	0.043758	0.0412269	0.100019	0.0624599	0.0601809	0.0861887	0.0455966	0.0330325	0.0467866	0.13836	0.0749014	0.0772283	0.0782732	0.0251187	0.0425072	0.0933891	
0.05894	0.0570138	0.0788155	0.0717504	0.0637381	0.087566	0.0918143	0.15219	0.0570663	0.0418619	0.0367475	0.100019	0.0581715	0.0601809	0.0725702	0.0455966	0.0175263	0.0391471	0.117505	0.0749014	0.0772283	0.0559225	0.0251187	0.0425072	0.0933891	
0.05894	0.0570138	0.0635234	0.051618	0.0637381	0.0836439	0.0555923	0.0983115	0.0479832	0.0418619	0.0282053	0.0978792	0.0478547	0.0517696	0.0725702	0.0360709	0.0175263	0.0391471	0.102602	0.073929	0.0668707	0.0559225	0.0251187	0.0272995	0.0930078	
0.0534542	0.0529561	0.0608185	0.051618	0.0637381	0.0763659	0.0555923	0.0983115	0.0479832	0.0385068	0.0282053	0.0762967	0.0478547	0.0444601	0.0725702	0.0360709	0.0175263	0.0391471	0.102602	0.0421053	0.0521212	0.0516715	0.0251187	0.0272995	0.081136	
0.0534542	0.0521403	0.0563043	0.051618	0.0519033	0.0693287	0.0555923	0.0873809	0.0479832	0.0280241	0.0282053	0.0490395	0.0454919	0.0444601	0.058424	0.0319007	0.0175263	0.0356523	0.102602	0.0421053	0.0315048	0.0516715	0.0248808	0.0272995	0.0552233	
0.0519211	0.0428682	0.0395356	0.051618	0.0519033	0.0693287	0.0555923	0.0873809	0.0479832	0.0280241	0.0282053	0.0490395	0.0441582	0.0337729	0.058424	0.0319007	0.0175263	0.0356523	0.0986355	0.0421053	0.0315048	0.0516715	0.0176456	0.0272995	0.049497	
0.0329254	0.0390473	0.0395356	0.048598	0.0462744	0.059316	0.0510652	0.0873809	0.0457505	0.0280241	0.0282053	0.0490395	0.0393263	0.0337729	0.058424	0.030267	0.0175263	0.0226066	0.0986355	0.0339859	0.0315048	0.0445816	0.0176456	0.023091	0.049497	
0.0329254	0.0328894	0.0323421	0.048598	0.0281682	0.059316	0.0500725	0.0873809	0.0457505	0.0280241	0.0282053	0.0490395	0.0343584	0.0315933	0.0499764	0.030267	0.0175263	0.0226066	0.0758304	0.0339859	0.0315048	0.0281504	0.0153056	0.023091	0.049497	
0.0329254	0.0328894	0.0302669	0.048598	0.0281682	0.0439153	0.0452469	0.0674246	0.0311671	0.0202004	0.0214693	0.0490395	0.0314071	0.0274156	0.0471695	0.0232445	0.0174911	0.0226066	0.0659624	0.0339859	0.0315048	0.0267994	0.010792	0.0172997	0.049497	
0.030243	0.0328894	0.0302669	0.0372318	0.0281682	0.0388133	0.0452469	0.0674246	0.0311671	0.0202004	0.0214693	0.0388751	0.0206092	0.0230296	0.0398872	0.0205086	0.0136441	0.0226066	0.0588083	0.0339859	0.0315048	0.0267994	0.010792	0.0172997	0.0484689	
0.0267194	0.0277239	0.0201701	0.029003	0.0281682	0.0369745	0.0433672	0.0674246	0.0191889	0.0193457	0.0207159	0.0388751	0.0206092	0.0230296	0.0339254	0.0199188	0.0128108	0.0219299	0.0588083	0.0339859	0.0315048	0.0267994	0.00970695	0.0172997	0.0274671	
0.0267194	0.0277239	0.0201701	0.029003	0.0187821	0.0353792	0.0433672	0.0547617	0.0191889	0.0193457	0.0159744	0.0388751	0.0206092	0.0200435	0.0296943	0.0199188	0.0128108	0.0219299	0.0548782	0.0339859	0.0174034	0.0253687	0.00970695	0.0172997	0.0274671	
0.0264031	0.0270494	0.0142339	0.0206395	0.0187821	0.0281469	0.0270772	0.0462896	0.0191889	0.0176136	0.0159744	0.0388751	0.0206092	0.0200435	0.0296943	0.0199188	0.0123125	0.0178155	0.0447224	0.0297843	0.0174034	0.0209074	0.00970695	0.0149939	0.0274671	
0.0264031	0.0219555	0.0142339	0.0206395	0.0187821	0.0252395	0.0270772	0.0462896	0.0191889	0.0176136	0.0133387	0.0323139	0.0192358	0.0200099	0.0225267	0.0185044	0.00907598	0.0113453	0.0447224	0.0229248	0.0174034	0.017918	0.00796068	0.010801	0.0267099	
0.0135647	0.0193207	0.0142339	0.0206395	0.0187821	0.0220143	0.0270772	0.0408046	0.0191889	0.0176136	0.0133387	0.0230029	0.0192358	0.0178603	0.0225267	0.0144918	0.00907598	0.0104001	0.0447224	0.022551	0.0174034	0.0165463	0.00796068	0.0102222	0.0267099	
0.0135647	0.013374	0.0142339	0.018876	0.0187821	0.015975	0.0270772	0.0408046	0.0122591	0.0138878	0.0133387	0.0230029	0.0128036	0.0178603	0.0202555	0.0116285	0.00907598	0.0104001	0.0447224	0.022551	0.0174034	0.0121992	0.00796068	0.0102222	0.0243364	
0.0135647	0.013374	0.0114256	0.0174427	0.0173585	0.015975	0.0256313	0.0359683	0.0122591	0.00980446	0.0133387	0.0230029	0.0128036	0.0116512	0.0202555	0.0116285	0.00750847	0.0104001	0.0447224	0.022551	0.0173872	0.0121992	0.00690542	0.00777086	0.022638	
0.0109129	0.013374	0.0114256	0.0174427	0.00994681	0.015975	0.0256313	0.035748	0.0122591	0.00980446	0.0120484	0.0217088	0.0098498	0.0116512	0.0129273	0.0114578	0.00750847	0.0104001	0.0411995	0.0174444	0.0128927	0.0121992	0.00439075	0.0073631	0.0225967	
0.0109129	0.0129286	0.0114256	0.0174427	0.00994681	0.015975	0.0224569	0.032572	0.0122591	0.0082039	0.0106619	0.0206932	0.0098498	0.0116512	0.0129273	0.0108474	0.00605653	0.00909119	0.0347692	0.0168241	0.0114995	0.0121992	0.00439075	0.00474002	0.0204062	
0.0109129	0.0119905	0.0114256	0.0118428	0.00994681	0.0145965	0.0158924	0.0264307	0.0122591	0.00791076	0.0106529	0.0206932	0.0098498	0.0115619	0.0113043	0.00939727	0.00605653	0.00791634	0.0344085	0.0130971	0.0112973	0.00983693	0.00439075	0.00474002	0.0155787	
0.0109129	0.01075	0.00937058	0.0118428	0.00935714	0.0119197	0.0158924	0.0190096	0.0122591	0.00645155	0.00890269	0.0200427	0.0098498	0.0115619	0.0111166	0.00817206	0.00601669	0.00743585	0.0300522	0.011203	0.00992463	0.00983693	0.00439075	0.00474002	0.0117169	
0.00742701	0.00988254	0.0073676	0.0095097	0.00577097	0.0119197	0.0132901	0.0190096	0.0117064	0.00645155	0.00742969	0.0183659	0.0098498	0.00857597	0.0111166	0.00680052	0.00446146	0.00708915	0.0251561	0.011203	0.00992463	0.00498989	0.00439075	0.00474002	0.00856104	
0.00551386	0.00988254	0.0073676	0.00923572	0.00577097	0.00890194	0.0126093	0.0190096	0.0117064	0.00645155	0.00737938	0.0146509	0.00790542	0.00848751	0.00797286	0.00680052	0.00446146	0.00482716	0.0229197	0.011203	0.00766277	0.00498989	0.00383369	0.00474002	0.00856104	
0.00551386	0.00737738	0.00611166	0.00807504	0.00577097	0.0085599	0.0126093	0.0190096	0.00823972	0.00645155	0.00693539	0.0129874	0.00790542	0.00838908	0.00788237	0.00680052	0.00426249	0.00482716	0.018967	0.0106133	0.00680389	0.00498989	0.00359543	0.00458456	0.00856104	
0.00551386	0.00737738	0.00611166	0.00659349	0.00577097	0.00814856	0.0111155	0.0190096	0.00823972	0.00539818	0.00531772	0.0129409	0.00790542	0.00628459	0.00788237	0.0055825	0.00379285	0.00362157	0.018967	0.0099375	0.00599326	0.00498989	0.00359543	0.00405063	0.0078875	
0.00496245	0.00686836	0.00611166	0.0034778	0.00577097	0.00765583	0.0105196	0.0163822	0.00823972	0.0030809	0.00531772	0.0114148	0.00747747	0.00628459	0.00788237	0.00532924	0.00353923	0.00362157	0.018967	0.0099375	0.00599326	0.00498989	0.00326906	0.00405063	0.0078875	
0.00407629	0.00686836	0.00611166	0.0034778	0.00418603	0.00669093	0.0105196	0.0148305	0.00754369	0.0030809	0.00324676	0.01092	0.00737053	0.00386322	0.00788237	0.00532924	0.00353923	0.00331514	0.0189482	0.00776151	0.00340656	0.00498989	0.00275256	0.00343917	0.00732235	
0.00407629	0.00602915	0.0060946	0.0034778	0.00418603	0.00669093	0.00975296	0.0148305	0.0059336	0.0030809	0.00324676	0.00602516	0.00593499	0.00386322	0.00624161	0.00487727	0.00353923	0.00330443	0.0108212	0.00776151	0.00340656	0.00498989	0.00275256	0.00343917	0.00537844	
0.00407629	0.00598613	0.00602753	0.0034778	0.00418603	0.00669093	0.00577039	0.0119643	0.0059336	0.0030809	0.00324676	0.00602516	0.00436843	0.00386322	0.00570429	0.00447883	0.00279883	0.00330443	0.0108212	0.00776151	0.00340656	0.00498989	0.00275256	0.00252064	0.00534987	
0.00407629	0.00491453	0.00542784	0.0034778	0.00418603	0.00651578	0.00577039	0.00905062	0.00456398	0.00299099	0.00301579	0.00602516	0.00436843	0.00321608	0.00452579	0.00447883	0.00243739	0.00294604	0.0108212	0.00541501	0.00318269	0.00420951	0.00179989	0.00178116	0.00524156	
0.00252719	0.00491453	0.00464628	0.0034778	0.00418603	0.00440003	0.00577039	0.00905062	0.00429466	0.00299099	0.00301579	0.00579589	0.00389648	0.00321608	0.00452579	0.00335152	0.00243739	0.00200792	0.00857007	0.00501828	0.00318269	0.00403384	0.00179989	0.00178116	0.00469067	
0.00252719	0.00343829	0.00464628	0.00316918	0.00266514	0.00432985	0.00429817	0.00905062	0.00429466	0.00269435	0.00273882	0.00579589	0.00342909	0.00321608	0.00452579	0.00331443	0.00214744	0.00200792	0.00857007	0.00501828	0.00318269	0.00227223	0.00179989	0.00178116	0.00464004	
0.00252719	0.00343829	0.00350358	0.00316918	0.00266514	0.00416423	0.00429817	0.00666196	0.00416733	0.00249959	0.00263252	0.00579589	0.00338482	0.00321608	0.00452579	0.00266556	0.00203003	0.00200792	0.00807921	0.00430604	0.00282193	0.00227223	0.00179311	0.00174783	0.00319004	
0.00252719	0.00301089	0.00343087	0.00216597	0.00266514	0.00416423	0.00429817	0.00666196	0.00388473	0.00156463	0.00248088	0.00579589	0.00338482	0.00286701	0.00240644	0.00208108	0.00143813	0.00200792	0.00807921	0.00345895	0.00282193	0.00227223	0.00169165	0.0013588	0.00319004	
0.00181557	0.00301089	0.00300386	0.00201698	0.00266514	0.00372765	0.00429817	0.00666196	0.00380157	0.00156463	0.00196017	0.00579589	0.00338482	0.00286701	0.00240644	0.00180825	0.00143813	0.00189373	0.00558715	0.00345895	0.00221418	0.00227223	0.00135927	0.0013588	0.00293054	
0.00181557	0.00301089	0.00214667	0.00201698	0.00216239	0.00362359	0.00382277	0.00575341	0.00344398	0.00156463	0.00196017	0.00438203	0.00275224	0.00244477	0.00240644	0.00180825	0.00115128	0.00165264	0.00558715	0.00345895	0.0021556	0.00215402	0.0010524	0.0013588	0.00277995	
0.00181557	0.00301089	0.00168844	0.00201698	0.00216239	0.00362359	0.00382277	0.00575341	0.00322314	0.00156463	0.00155261	0.00327177	0.00164693	0.00216626	0.00235317	0.00152292	0.000952858	0.00165264	0.00558715	0.00316623	0.00146088	0.00209073	0.00104409	0.001188	0.00250789	
0.0014937	0.0026697	0.00168844	0.00190622	0.00216239	0.00317657	0.00283266	0.0046776	0.00261689	0.00114498	0.00155261	0.00327177	0.00164693	0.00123511	0.00235317	0.00135388	0.000952858	0.00126097	0.00480792	0.00260117	0.00146088	0.00152335	0.000962874	0.00113208	0.00243798	
0.0014937	0.00214798	0.00168844	0.00168608	0.00216239	0.0022345	0.00283266	0.0046776	0.00260359	0.00114498	0.00155261	0.00327177	0.00164693	0.00123511	0.00200433	0.000842437	0.000952858	0.00102574	0.00274042	0.00260117	0.00131987	0.00152335	0.000962874	0.00106265	0.00243798	
0.00112762	0.00200763	0.00132808	0.00168608	0.00163968	0.0022345	0.00283266	0.0046776	0.00220996	0.00114498	0.00155261	0.00269657	0.00164693	0.00123511	0.00200433	0.000842437	0.000952858	0.00101361	0.00274042	0.00217713	0.00131987	0.00149077	0.000777668	0.000851631	0.00189804	
0.00112762	0.00200763	0.00132808	0.00103461	0.00146117	0.0022345	0.0026256	0.0029654	0.00215412	0.00103707	0.000941926	0.00269657	0.00150472	0.00123511	0.00200433	0.000842437	0.000952858	0.000687862	0.00274042	0.00217713	0.00131987	0.00149077	0.000748128	0.000835335	0.00186864	
0.00105717	0.00166503	0.00129991	0.00103461	0.00128572	0.00194391	0.00233498	0.0029654	0.0020661	0.00101895	0.000930802	0.00269657	0.00150472	0.00123511	0.0010848	0.000842437	0.000728453	0.000687862	0.00274042	0.00212973	0.00130409	0.00149077	0.000592985	0.000835335	0.00186864	
0.000870106	0.00166503	0.00129991	0.00103461	0.000918944	0.0019353	0.00226299	0.00294422	0.00101165	0.000929989	0.000930802	0.00201527	0.00150472	0.000912984	0.0010848	0.000842437	0.000728453	0.000687862	0.00251704	0.00204443	0.00111216	0.00118059	0.000474585	0.000570215	0.00153168	
0.000870106	0.000686643	0.00109872	0.00103461	0.000918944	0.00150393	0.00212487	0.00231073	0.00101165	0.00080477	0.000862803	0.00201527	0.00128621	0.000912984	0.0010848	0.000637528	0.000628035	0.000687862	0.00224358	0.00151513	0.00105728	0.000961143	0.000474585	0.000570215	0.00153168	
0.000644718	0.000686643	0.000813779	0.00103461	0.000918944	0.00150393	0.00212487	0.00231073	0.00101165	0.00062116	0.000678995	0.00178329	0.00128621	0.000912984	0.0010848	0.000637528	0.000609201	0.000662077	0.00215121	0.00151204	0.000942491	0.000961143	0.000474585	0.000570215	0.00138951	
0.000630494	0.000686643	0.000813779	0.000721014	0.000849535	0.00150393	0.00179982	0.00231073	0.00101165	0.00062116	0.000678995	0.00178329	0.00128621	0.000743962	0.0010848	0.000637528	0.000431681	0.000567106	0.00128633	0.00131084	0.000907127	0.000961143	0.00038068	0.000570215	0.000964205	
0.000630494	0.000686643	0.000813779	0.000721014	0.000849535	0.00130006	0.00162093	0.00182278	0.00101165	0.00062116	0.0005961	0.00127472	0.00109382	0.000743962	0.000839709	0.00060697	0.000352014	0.000500958	0.00128633	0.00131084	0.000907127	0.000953653	0.00038068	0.000470797	0.000829268	
0.000630494	0.000686643	0.000719606	0.000671218	0.000621391	0.00107087	0.00155903	0.00182278	0.000851231	0.000556292	0.0005961	0.00127472	0.000947924	0.000743962	0.00083879	0.000584541	0.000352014	0.000500958	0.00128633	0.00104625	0.000714869	0.000902414	0.000333296	0.000470797	0.000829268	
0.000444719	0.000686643	0.000645162	0.000671218	0.000621391	0.000795914	0.000932383	0.00182278	0.000851231	0.000486194	0.000487448	0.00127472	0.000947924	0.000677883	0.00083879	0.000455131	0.000352014	0.000403225	0.000926239	0.000960944	0.000714869	0.000902414	0.000293584	0.000385849	0.000701572	
0.000444719	0.000686643	0.000598308	0.000559286	0.000456526	0.000795914	0.000932383	0.0014363	0.000842447	0.000257331	0.000487448	0.00084759	0.000745767	0.000570185	0.00083879	0.000351233	0.000299688	0.000403225	0.000926239	0.000690155	0.00055424	0.000544298	0.000293584	0.000365099	0.000701572	
0.00043253	0.000582989	0.000598308	0.000559286	0.000407249	0.000665517	0.000932383	0.0014363	0.000656712	0.000257331	0.00044485	0.0007713	0.000672209	0.000493293	0.000732449	0.000306905	0.000299688	0.000403225	0.000926239	0.000690155	0.000537806	0.000544298	0.000269162	0.000224016	0.000456967	
0.000365986	0.000582989	0.000542284	0.000382411	0.000407249	0.000665517	0.000932383	0.000989311	0.000553176	0.000160507	0.00032696	0.000662981	0.000569425	0.000493293	0.000732449	0.000306905	0.000299688	0.000316763	0.000926239	0.000690155	0.000414328	0.000477951	0.000269162	0.000224016	0.000456967	
0.000365986	0.000582989	0.000526128	0.000382411	0.000338271	0.000665517	0.00090372	0.000989311	0.000553176	0.000160507	0.00032696	0.000662981	0.000569425	0.000427627	0.000586359	0.000268568	0.000199954	0.000256563	0.000841801	0.00059385	0.000407798	0.000477951	0.000236574	0.000224016	0.000456967	
0.000365986	0.000317184	0.000526128	0.000240624	0.000338271	0.000665517	0.000846357	0.000989311	0.000493174	0.000160507	0.000308018	0.000555376	0.000477814	0.000427627	0.000585943	0.000268568	0.000199954	0.000256563	0.000729345	0.000533735	0.000379909	0.000439956	0.00020687	0.000207776	0.000434594	
0.000319088	0.000233539	0.000437975	0.000240624	0.000333636	0.000537281	0.000582727	0.000989311	0.000493174	0.000160507	0.000308018	0.000555376	0.000477814	0.000334014	0.000550968	0.000248974	0.000199954	0.000256563	0.000729345	0.000533735	0.000290708	0.000367806	0.000132705	0.000207776	0.000344581	
0.000316057	0.000233539	0.00025215	0.000240624	0.000333636	0.000433949	0.000582727	0.000819111	0.000464641	0.000160507	0.000236845	0.000555376	0.000420877	0.000334014	0.00053171	0.000208867	0.000174785	0.000212954	0.000526996	0.000482629	0.000263763	0.000259549	0.000132705	0.000144655	0.000344581	
0.000264868	0.000233539	0.00025215	0.000240624	0.000249024	0.000276094	0.000582727	0.000747108	0.000274902	0.000160507	0.000236845	0.000555376	0.000420877	0.000291666	0.000409959	0.000208867	0.000174785	0.000212954	0.000526996	0.000387983	0.000263763	0.000259549	0.000119365	0.000144655	0.000344581	
0.000264868	0.000233539	0.00025215	0.000240624	0.000249024	0.000276094	0.000507059	0.000588486	0.000274902	0.000160507	0.000236845	0.000518088	0.000316348	0.000251219	0.000409339	0.000153342	0.000131082	0.000170126	0.000526996	0.000387983	0.000263763	0.00020485	0.000111606	0.000113102	0.000258343	
0.000200617	0.000233539	0.00025215	0.000234241	0.000230706	0.000276094	0.000495435	0.000428291	0.000274902	0.000160507	0.000207363	0.000376451	0.000316348	0.000251219	0.000363031	0.000153342	0.000131082	0.000169318	0.000416186	0.000344818	0.000167227	0.00020485	8.3499e-05	0.000113102	0.000196728	
0.00015573	0.000233539	0.000221319	0.000196178	0.000230706	0.000276094	0.000428643	0.000428291	0.000247121	0.000151406	0.000201953	0.000257852	0.000302088	0.0001946	0.000311137	0.000153342	0.000131082	0.000142506	0.000250493	0.000344818	0.000166716	0.00018259	8.3499e-05	0.000113102	0.000196728	
0.00015573	0.000170767	0.000221319	0.000196178	0.000230706	0.000276094	0.00038444	0.000428291	0.000247121	0.000142892	0.000147117	0.000257852	0.00021223	0.000153474	0.000311137	0.000134265	0.000125383	0.000142128	0.000250493	0.000221492	0.000166716	0.000159322	8.3499e-05	0.000113102	0.000196728	
0.000142557	0.000170767	0.000200651	0.000183901	0.000149615	0.000256296	0.000360513	0.000364534	0.000216903	8.89221e-05	0.000130448	0.000215427	0.000212229	0.000153474	0.000240865	0.000134265	0.000115069	8.10897e-05	0.000250493	0.000221492	0.000166716	0.000159322	8.3499e-05	8.44247e-05	0.000191917	
0.000142557	0.000165404	0.00018692	0.000183901	0.000149615	0.00014394	0.000316605	0.000364534	0.000207472	7.99215e-05	0.000105073	0.000215427	0.000212229	0.000153474	0.000175739	0.000134265	0.000115069	8.10897e-05	0.000250493	0.000221492	0.000126143	0.000131685	8.05086e-05	8.44247e-05	0.000177234	
0.000142557	0.000119928	0.000142503	0.000139569	0.000139424	0.00014394	0.000274632	0.000269549	0.000190585	7.99215e-05	0.000105073	0.000199985	0.000203894	0.000152534	0.000175739	0.000130938	9.85641e-05	8.10897e-05	0.000250493	0.000221492	0.000114228	0.000125453	7.21809e-05	8.44247e-05	0.000120223	
0.000100375	0.000119928	0.000121429	0.000125886	0.000128984	0.00014394	0.000190233	0.000269549	0.000114995	7.99215e-05	0.000105073	0.000199985	0.000141974	0.000143524	0.000147698	9.89911e-05	9.46199e-05	7.38799e-05	0.000184001	0.000185416	0.000105599	9.7818e-05	4.75074e-05	6.90007e-05	0.000118458	
0.000100375	0.000119928	0.000121429	0.000124534	0.000109302	0.00014394	0.000190233	0.000269549	0.000114995	7.09173e-05	9.1054e-05	0.000189603	0.000116774	9.29294e-05	0.000147698	6.69883e-05	5.47171e-05	7.05121e-05	0.000184001	0.000121649	0.000100386	9.7818e-05	4.75074e-05	6.70593e-05	0.000117575	
8.60292e-05	0.000119928	9.75387e-05	8.91323e-05	8.34026e-05	0.00014394	0.000190233	0.000206137	0.000114995	5.75018e-05	5.97069e-05	0.000153904	0.000116774	7.6195e-05	0.000139977	5.81021e-05	5.47171e-05	5.85285e-05	0.000170088	0.000121649	7.55911e-05	9.7818e-05	4.1077e-05	5.60718e-05	9.87281e-05	
8.15706e-05	0.000119068	9.75387e-05	6.35385e-05	8.34026e-05	0.000125139	0.000157611	0.000206137	0.000114995	5.75018e-05	5.97069e-05	0.000131891	9.29429e-05	7.6195e-05	0.00010918	5.81021e-05	5.47171e-05	5.85285e-05	0.000170088	0.000121649	7.55911e-05	9.7818e-05	4.1077e-05	5.29997e-05	8.36926e-05	
7.60834e-05	9.82758e-05	5.05703e-05	6.35385e-05	8.34026e-05	0.000125139	0.000148567	0.000204301	0.000114995	5.75018e-05	5.81269e-05	0.000106338	9.29429e-05	7.6195e-05	8.96304e-05	5.81021e-05	5.47171e-05	5.56722e-05	0.000126325	0.000121649	7.41961e-05	9.09959e-05	2.87018e-05	4.28639e-05	8.36926e-05	
6.86853e-05	9.82758e-05	5.05703e-05	6.35385e-05	8.1551e-05	0.000115204	0.000146252	0.000163578	9.95161e-05	4.78088e-05	3.72206e-05	8.20464e-05	9.29429e-05	7.6195e-05	7.30799e-05	5.81021e-05	5.47171e-05	5.56722e-05	0.000126325	8.91623e-05	7.41961e-05	8.25627e-05	2.87018e-05	4.28639e-05	7.2692e-05	
6.48449e-05	8.56175e-05	5.05703e-05	6.35385e-05	8.1551e-05	0.000101838	0.000146252	0.000115787	9.95161e-05	4.78088e-05	3.72206e-05	8.20464e-05	9.29429e-05	5.46458e-05	7.30799e-05	5.52644e-05	5.07539e-05	4.33858e-05	0.000126325	8.04051e-05	6.89627e-05	7.17006e-05	2.87018e-05	2.90972e-05	7.10057e-05	
5.75914e-05	8.01375e-05	5.05703e-05	6.35385e-05	8.1551e-05	0.000101838	0.00011895	0.000115787	8.59391e-05	3.25316e-05	3.72206e-05	7.80282e-05	7.76437e-05	5.46458e-05	6.96625e-05	5.52644e-05	5.07539e-05	3.82526e-05	0.000114008	8.04051e-05	5.15056e-05	6.51462e-05	2.87018e-05	2.70913e-05	6.97592e-05	
5.31984e-05	7.87398e-05	4.11586e-05	6.35385e-05	6.11284e-05	7.5228e-05	0.00011895	0.000101409	8.59391e-05	3.25316e-05	3.72206e-05	7.80282e-05	6.58316e-05	5.20277e-05	6.96625e-05	5.30183e-05	4.85889e-05	3.26641e-05	0.000100157	6.5992e-05	4.54138e-05	5.42923e-05	2.87018e-05	2.70913e-05	5.32447e-05	
3.58681e-05	4.03261e-05	4.11586e-05	5.30657e-05	6.11284e-05	7.5228e-05	6.85494e-05	9.77189e-05	7.12209e-05	3.25316e-05	3.0894e-05	3.55928e-05	4.619e-05	4.15423e-05	6.65048e-05	5.25911e-05	4.71996e-05	3.16511e-05	8.64481e-05	6.5992e-05	4.28263e-05	5.42923e-05	2.176e-05	2.10656e-05	4.64266e-05	
3.58681e-05	4.03261e-05	4.11586e-05	4.89127e-05	5.78676e-05	6.10897e-05	5.93001e-05	9.72844e-05	7.12209e-05	2.8519e-05	3.0894e-05	3.55928e-05	4.619e-05	4.15423e-05	6.33254e-05	3.35764e-05	4.15699e-05	2.40348e-05	8.197e-05	6.2544e-05	3.14094e-05	3.3574e-05	2.08043e-05	2.10656e-05	4.64266e-05	
2.75158e-05	4.03261e-05	3.92972e-05	4.18012e-05	4.16101e-05	6.10897e-05	5.44641e-05	9.72844e-05	6.53812e-05	2.61858e-05	2.52594e-05	3.55928e-05	4.619e-05	4.15423e-05	6.33254e-05	3.35764e-05	3.4733e-05	2.40348e-05	7.2454e-05	5.64432e-05	3.14094e-05	3.3574e-05	2.08043e-05	2.10656e-05	3.52771e-05	
2.75158e-05	3.33921e-05	2.90965e-05	3.97574e-05	3.14884e-05	5.96222e-05	5.44641e-05	7.99157e-05	4.27807e-05	2.56932e-05	2.52594e-05	3.55928e-05	4.33158e-05	3.28571e-05	4.49884e-05	2.94402e-05	2.86393e-05	2.01401e-05	6.62669e-05	4.69843e-05	3.14094e-05	3.3574e-05	1.35735e-05	1.80843e-05	3.52771e-05	
2.75158e-05	2.96069e-05	2.90965e-05	3.0246e-05	3.14884e-05	5.40773e-05	3.3148e-05	7.03539e-05	4.27807e-05	2.00493e-05	2.19192e-05	3.55928e-05	3.96258e-05	2.84166e-05	4.13523e-05	2.94402e-05	2.86393e-05	1.90402e-05	6.62669e-05	3.67239e-05	3.04559e-05	2.73935e-05	1.35735e-05	1.4382e-05	2.68951e-05	
2.64133e-05	2.96069e-05	2.90965e-05	2.6064e-05	2.35359e-05	5.40773e-05	3.3148e-05	5.49893e-05	3.52054e-05	2.00493e-05	2.19192e-05	3.55928e-05	3.44314e-05	2.29849e-05	3.63918e-05	1.82953e-05	2.65561e-05	1.52061e-05	5.99694e-05	2.96761e-05	2.87022e-05	2.72957e-05	1.03247e-05	1.4382e-05	2.68951e-05	
2.61899e-05	2.59272e-05	1.47162e-05	2.10593e-05	2.35359e-05	4.74411e-05	3.3148e-05	5.0563e-05	3.50915e-05	1.57633e-05	1.75398e-05	2.47895e-05	3.07829e-05	2.20935e-05	2.29355e-05	1.7111e-05	2.01586e-05	1.52061e-05	4.64359e-05	2.96761e-05	2.29839e-05	2.61975e-05	1.03247e-05	1.43739e-05	2.3695e-05	
2.53386e-05	2.21378e-05	1.47162e-05	1.70379e-05	2.35359e-05	4.0253e-05	3.3148e-05	3.9737e-05	2.81083e-05	1.45614e-05	1.75398e-05	1.89308e-05	2.11055e-05	2.15144e-05	2.29355e-05	1.7111e-05	1.72035e-05	1.33716e-05	4.64359e-05	1.98319e-05	2.29839e-05	2.61975e-05	9.92541e-06	1.23359e-05	1.73433e-05	
2.48265e-05	2.21378e-05	1.47162e-05	1.70379e-05	2.35359e-05	3.19936e-05	2.40128e-05	3.9737e-05	2.81083e-05	1.20264e-05	1.53749e-05	1.89308e-05	2.11055e-05	2.11446e-05	2.29355e-05	1.7111e-05	1.72035e-05	1.33716e-05	4.64359e-05	1.98319e-05	1.61662e-05	2.3816e-05	9.90433e-06	1.23359e-05	1.73433e-05	
1.81737e-05	2.21378e-05	1.47162e-05	1.47075e-05	2.35359e-05	2.94591e-05	2.40128e-05	3.96892e-05	2.81083e-05	1.14041e-05	1.43005e-05	1.89308e-05	2.11055e-05	1.93184e-05	2.29355e-05	1.48564e-05	1.72035e-05	8.92799e-06	4.22897e-05	1.98319e-05	1.55849e-05	2.3816e-05	8.20364e-06	1.04408e-05	1.73433e-05	
1.58727e-05	2.13043e-05	1.47162e-05	1.39651e-05	1.84394e-05	2.94591e-05	1.70727e-05	2.65887e-05	2.16232e-05	7.93384e-06	1.32878e-05	1.89308e-05	1.35981e-05	1.46272e-05	2.09574e-05	1.48564e-05	1.10019e-05	7.71857e-06	3.95213e-05	1.98319e-05	1.55849e-05	1.60285e-05	8.20364e-06	1.01278e-05	1.38381e-05	
1.58727e-05	1.53458e-05	1.32906e-05	9.5646e-06	1.84394e-05	2.0264e-05	1.70727e-05	2.47283e-05	2.16232e-05	7.93384e-06	1.32878e-05	1.89308e-05	1.35981e-05	1.46272e-05	1.98416e-05	1.2782e-05	8.98035e-06	7.71857e-06	3.95213e-05	1.98319e-05	1.21983e-05	1.60285e-05	7.92771e-06	8.49891e-06	1.38381e-05	
1.12319e-05	1.53458e-05	1.2256e-05	9.5646e-06	1.40158e-05	1.68693e-05	1.70727e-05	2.36193e-05	2.03877e-05	7.93384e-06	1.04988e-05	1.89308e-05	1.0195e-05	1.38718e-05	1.27599e-05	1.2782e-05	8.98035e-06	7.29956e-06	2.83498e-05	1.98319e-05	9.63463e-06	1.0482e-05	6.87906e-06	6.02e-06	1.32745e-05	
1.12319e-05	1.51361e-05	8.08449e-06	9.5646e-06	1.40158e-05	1.68693e-05	1.22639e-05	2.36193e-05	1.53304e-05	6.00265e-06	8.59192e-06	1.14058e-05	1.0195e-05	1.04467e-05	1.1486e-05	1.04516e-05	8.98035e-06	7.29956e-06	2.83498e-05	1.80591e-05	9.63463e-06	1.0482e-05	6.22388e-06	6.02e-06	1.11865e-05	
9.88931e-06	1.23054e-05	8.08449e-06	9.5646e-06	1.32115e-05	1.56452e-05	1.22639e-05	2.33794e-05	1.53304e-05	5.3297e-06	7.45973e-06	1.14058e-05	7.45848e-06	1.04467e-05	1.1486e-05	8.31068e-06	8.50102e-06	6.78821e-06	2.53018e-05	1.37661e-05	9.63463e-06	9.96095e-06	6.09169e-06	5.33897e-06	1.11865e-05	
9.88931e-06	1.23054e-05	8.08449e-06	7.72726e-06	8.68923e-06	1.56452e-05	9.52609e-06	1.9363e-05	1.44707e-05	5.3297e-06	6.71591e-06	1.14058e-05	7.14702e-06	8.54288e-06	1.1486e-05	8.31068e-06	8.50102e-06	5.46348e-06	2.53018e-05	1.37661e-05	9.14651e-06	9.96095e-06	5.25845e-06	5.33897e-06	1.11865e-05	
7.5965e-06	1.19604e-05	7.36548e-06	6.64321e-06	8.68923e-06	1.24615e-05	9.52609e-06	1.53673e-05	1.24212e-05	5.3297e-06	6.71591e-06	1.14058e-05	7.14702e-06	7.17252e-06	9.50855e-06	8.31068e-06	6.1373e-06	5.46348e-06	2.13975e-05	1.09773e-05	6.87178e-06	7.99566e-06	4.74333e-06	5.33897e-06	9.59561e-06	
7.5965e-06	1.07521e-05	6.05962e-06	6.64321e-06	8.32e-06	1.11801e-05	9.52609e-06	1.10338e-05	1.10912e-05	5.3297e-06	6.71591e-06	1.14058e-05	7.14702e-06	7.17252e-06	8.31586e-06	6.69824e-06	5.659e-06	5.29636e-06	1.79785e-05	9.43727e-06	6.87178e-06	7.99566e-06	4.54473e-06	5.33897e-06	8.63579e-06	
7.5965e-06	8.89186e-06	4.66101e-06	6.13056e-06	8.32e-06	1.05203e-05	6.23971e-06	9.2615e-06	7.22954e-06	4.01195e-06	4.55664e-06	8.8011e-06	6.38025e-06	6.75769e-06	8.05565e-06	5.02662e-06	5.659e-06	3.85855e-06	1.79785e-05	9.43727e-06	6.82263e-06	7.49609e-06	3.83373e-06	4.34475e-06	6.05682e-06	
4.94567e-06	7.0949e-06	4.34787e-06	6.13056e-06	7.34668e-06	9.87517e-06	6.23971e-06	8.71161e-06	7.22954e-06	2.96588e-06	4.55664e-06	8.8011e-06	6.38025e-06	6.75769e-06	7.0314e-06	5.02662e-06	5.659e-06	3.85855e-06	1.53436e-05	9.43727e-06	4.60188e-06	6.27689e-06	3.04189e-06	3.55046e-06	5.43231e-06	
4.94567e-06	7.0949e-06	4.28124e-06	4.91426e-06	5.66423e-06	8.13649e-06	6.23971e-06	7.34393e-06	7.22954e-06	2.96588e-06	3.29613e-06	6.11229e-06	5.56018e-06	5.41614e-06	7.0314e-06	5.02662e-06	3.85574e-06	3.85855e-06	1.06193e-05	8.48074e-06	4.51538e-06	5.95101e-06	3.04189e-06	2.56543e-06	4.94298e-06	
4.90795e-06	4.88783e-06	4.28124e-06	3.98632e-06	5.66423e-06	7.07731e-06	6.23971e-06	7.34393e-06	7.22954e-06	2.65133e-06	3.26312e-06	4.91815e-06	5.56018e-06	5.41614e-06	5.13665e-06	3.21894e-06	3.44869e-06	3.48743e-06	1.06193e-05	8.03181e-06	4.10583e-06	5.1614e-06	2.18274e-06	2.45929e-06	4.23768e-06	
4.90795e-06	4.88783e-06	4.11328e-06	3.98632e-06	4.35995e-06	7.00016e-06	6.23971e-06	7.34393e-06	7.22954e-06	2.65133e-06	3.26312e-06	4.91815e-06	4.7995e-06	4.07742e-06	3.8516e-06	2.91655e-06	3.44869e-06	2.94568e-06	6.85361e-06	5.8115e-06	4.10583e-06	3.81181e-06	2.18274e-06	2.11502e-06	4.23768e-06	
4.90795e-06	3.93709e-06	3.0453e-06	3.98632e-06	4.35995e-06	6.43582e-06	5.82706e-06	7.34393e-06	6.37816e-06	2.65133e-06	3.26312e-06	4.89282e-06	4.7995e-06	4.07742e-06	3.8516e-06	2.91655e-06	3.38721e-06	2.82449e-06	6.85361e-06	5.8115e-06	3.19952e-06	3.4018e-06	2.18274e-06	1.92517e-06	3.47102e-06	
2.94356e-06	3.93709e-06	2.79025e-06	2.49391e-06	4.35995e-06	5.56126e-06	4.17101e-06	7.34393e-06	5.22856e-06	2.17395e-06	1.82463e-06	3.30794e-06	4.64637e-06	3.23382e-06	3.06308e-06	2.5263e-06	2.66691e-06	2.46015e-06	6.85361e-06	4.92751e-06	2.41218e-06	3.4018e-06	2.18274e-06	1.59464e-06	2.8548e-06	
2.79938e-06	2.73583e-06	2.70107e-06	2.49391e-06	3.35843e-06	3.53554e-06	3.17245e-06	5.36406e-06	4.75928e-06	1.6439e-06	1.82463e-06	3.30794e-06	3.96232e-06	3.23382e-06	2.97238e-06	2.31324e-06	2.31186e-06	2.46015e-06	6.85361e-06	4.92751e-06	2.41218e-06	3.4018e-06	1.64443e-06	1.45439e-06	2.15313e-06	
2.04495e-06	2.73412e-06	2.70107e-06	2.49391e-06	3.35843e-06	2.92844e-06	3.17245e-06	5.22127e-06	4.26489e-06	1.6439e-06	1.82463e-06	3.2253e-06	3.70805e-06	3.23382e-06	2.51779e-06	1.52335e-06	1.6599e-06	2.18126e-06	6.495e-06	3.68236e-06	2.08105e-06	3.4018e-06	1.64443e-06	1.45439e-06	2.15313e-06	
2.04495e-06	2.09434e-06	2.10191e-06	1.82326e-06	3.35843e-06	2.92844e-06	3.03877e-06	4.35188e-06	4.07856e-06	1.59443e-06	1.82463e-06	3.2253e-06	2.862e-06	3.23382e-06	2.11846e-06	1.52335e-06	1.6599e-06	1.83991e-06	6.19051e-06	3.68236e-06	2.08105e-06	2.69883e-06	1.30603e-06	1.34869e-06	1.81005e-06	
2.04495e-06	1.68143e-06	2.05408e-06	1.82326e-06	3.32871e-06	2.92844e-06	2.55781e-06	4.19599e-06	3.63764e-06	1.30981e-06	1.76102e-06	2.8173e-06	2.32008e-06	3.23382e-06	2.11846e-06	1.52335e-06	1.25229e-06	1.39464e-06	6.17756e-06	3.01613e-06	2.08105e-06	2.40022e-06	1.30603e-06	1.10199e-06	1.77087e-06	
1.83134e-06	1.68143e-06	2.02004e-06	1.82326e-06	3.22752e-06	2.69912e-06	2.34849e-06	3.15537e-06	3.44117e-06	1.2094e-06	1.47794e-06	2.8173e-06	2.32008e-06	2.39911e-06	1.7713e-06	1.52335e-06	1.25229e-06	1.28965e-06	4.23047e-06	3.01613e-06	1.99565e-06	1.80917e-06	1.18065e-06	8.95498e-07	1.77087e-06	
1.67235e-06	1.68143e-06	1.70612e-06	1.34912e-06	3.05247e-06	2.32555e-06	1.80519e-06	2.41872e-06	3.09619e-06	1.12968e-06	1.24861e-06	2.21321e-06	2.32008e-06	2.39911e-06	1.64644e-06	1.51855e-06	1.06926e-06	1.10145e-06	4.23047e-06	2.0621e-06	1.87034e-06	1.80917e-06	1.00255e-06	8.21138e-07	1.36068e-06	
1.67235e-06	1.50755e-06	1.31373e-06	1.34912e-06	2.70019e-06	2.32555e-06	1.80519e-06	1.3399e-06	2.07192e-06	1.01749e-06	1.10945e-06	1.44811e-06	1.69072e-06	1.9891e-06	1.64644e-06	1.136e-06	1.06926e-06	1.09819e-06	3.8262e-06	1.65082e-06	1.59455e-06	1.43156e-06	8.92892e-07	8.21138e-07	1.00956e-06	
1.67235e-06	8.71227e-07	1.31373e-06	1.34912e-06	1.99068e-06	1.98825e-06	1.75349e-06	1.3399e-06	2.07192e-06	1.01749e-06	1.08513e-06	1.44811e-06	1.69072e-06	1.66873e-06	1.39533e-06	7.70425e-07	9.51781e-07	8.8353e-07	3.78329e-06	1.56226e-06	1.47113e-06	1.33294e-06	7.76323e-07	5.55547e-07	1.00956e-06	
1.67235e-06	8.71227e-07	8.74898e-07	1.28141e-06	1.99068e-06	1.94746e-06	1.68414e-06	1.3399e-06	1.64574e-06	6.78555e-07	9.13396e-07	1.44811e-06	1.69072e-06	1.66873e-06	1.32434e-06	5.91131e-07	7.4853e-07	8.8353e-07	3.4691e-06	1.23805e-06	1.47113e-06	1.33294e-06	5.51931e-07	5.55547e-07	1.00956e-06	
1.4704e-06	8.71227e-07	8.74898e-07	1.0705e-06	1.79469e-06	1.61634e-06	1.68414e-06	1.3399e-06	1.64574e-06	6.78555e-07	8.13084e-07	1.44811e-06	1.04752e-06	1.61793e-06	1.26234e-06	3.73455e-07	6.51875e-07	7.99931e-07	3.08191e-06	1.20992e-06	1.28391e-06	8.74333e-07	3.01363e-07	4.7516e-07	1.00956e-06	
1.00937e-06	8.29759e-07	8.66315e-07	9.67721e-07	1.40091e-06	1.21982e-06	1.60908e-06	1.3399e-06	1.43259e-06	5.25766e-07	7.98637e-07	1.32043e-06	1.04752e-06	1.57702e-06	1.03831e-06	3.73455e-07	6.41584e-07	7.88738e-07	3.04427e-06	1.12222e-06	1.0663e-06	7.64012e-07	3.01363e-07	3.56931e-07	6.37383e-07	
1.00937e-06	8.29759e-07	8.66315e-07	8.78403e-07	1.40091e-06	1.21982e-06	1.50356e-06	1.3399e-06	1.43256e-06	5.0319e-07	6.49134e-07	1.31255e-06	1.04752e-06	9.37637e-07	1.03831e-06	3.73455e-07	6.08236e-07	7.68401e-07	2.39734e-06	1.12222e-06	1.0663e-06	7.64012e-07	3.01363e-07	3.56931e-07	6.37383e-07	
8.73489e-07	7.37893e-07	8.66315e-07	5.80124e-07	1.02145e-06	1.21982e-06	1.02481e-06	1.3399e-06	1.2953e-06	4.68603e-07	5.77866e-07	1.09915e-06	1.04752e-06	9.37637e-07	8.01357e-07	3.73455e-07	4.21984e-07	6.15669e-07	2.39734e-06	9.04726e-07	8.22371e-07	7.64012e-07	3.01363e-07	3.56931e-07	4.94672e-07	
8.6724e-07	6.69025e-07	4.2262e-07	5.80124e-07	1.02145e-06	1.21677e-06	1.02481e-06	1.3399e-06	1.2953e-06	3.98698e-07	5.77866e-07	7.39515e-07	8.18863e-07	8.48425e-07	6.43647e-07	3.73455e-07	4.07605e-07	5.818e-07	2.01051e-06	8.11001e-07	8.22371e-07	7.60357e-07	3.01363e-07	3.56931e-07	4.94672e-07	
7.50223e-07	6.69025e-07	4.2262e-07	5.80124e-07	7.84683e-07	1.15577e-06	9.39623e-07	9.26918e-07	1.08316e-06	3.51028e-07	4.2236e-07	7.39515e-07	7.13699e-07	6.89474e-07	5.98474e-07	3.73455e-07	2.69314e-07	5.16687e-07	1.85576e-06	7.45863e-07	6.42314e-07	5.75089e-07	2.48896e-07	3.39562e-07	3.73614e-07	
6.16525e-07	5.20076e-07	4.2262e-07	5.80124e-07	6.27488e-07	5.72438e-07	8.97837e-07	9.26918e-07	9.06494e-07	2.85112e-07	4.2236e-07	7.39515e-07	7.13699e-07	6.89474e-07	4.93852e-07	2.85014e-07	2.69314e-07	5.1292e-07	1.85576e-06	4.64376e-07	6.12509e-07	4.65207e-07	2.11836e-07	2.56191e-07	3.73614e-07	
5.30938e-07	4.622e-07	4.2262e-07	5.80124e-07	6.27488e-07	4.86883e-07	8.97837e-07	9.26918e-07	9.06494e-07	2.85112e-07	2.39358e-07	7.39515e-07	5.97147e-07	6.30613e-07	4.93852e-07	2.85014e-07	2.69314e-07	4.98144e-07	1.67682e-06	4.64376e-07	4.53514e-07	4.65207e-07	1.95586e-07	2.56191e-07	3.73614e-07	
4.1201e-07	4.12726e-07	3.96559e-07	4.67984e-07	6.19097e-07	4.86883e-07	6.68785e-07	9.26918e-07	7.33875e-07	2.80892e-07	2.39358e-07	4.95255e-07	5.42412e-07	5.35031e-07	3.71114e-07	2.85014e-07	2.69314e-07	3.33403e-07	1.21501e-06	4.04586e-07	4.2933e-07	4.27503e-07	1.95586e-07	2.56191e-07	3.73614e-07	
4.1201e-07	4.12726e-07	3.02311e-07	4.45169e-07	5.40007e-07	4.86883e-07	5.6527e-07	6.3702e-07	6.00009e-07	2.66653e-07	2.16854e-07	4.95255e-07	5.42412e-07	4.33812e-07	3.71114e-07	1.60372e-07	2.02237e-07	2.23768e-07	1.11526e-06	4.04586e-07	4.2933e-07	4.23847e-07	1.95586e-07	1.91189e-07	3.53587e-07	
3.34183e-07	4.12726e-07	2.72127e-07	3.93616e-07	4.49112e-07	4.86883e-07	5.6527e-07	6.3702e-07	5.55967e-07	2.47362e-07	2.14191e-07	4.80932e-07	4.49688e-07	4.33812e-07	3.71114e-07	1.60372e-07	2.02237e-07	2.23768e-07	1.07066e-06	3.41231e-07	3.1875e-07	3.02922e-07	1.95586e-07	1.69741e-07	3.23565e-07	
2.75851e-07	3.82535e-07	2.49926e-07	3.40236e-07	4.49112e-07	4.81937e-07	4.93237e-07	5.87225e-07	4.69818e-07	1.3425e-07	2.14191e-07	4.74051e-07	4.0692e-07	3.8523e-07	2.57125e-07	1.60372e-07	1.65725e-07	2.23768e-07	8.27071e-07	2.94219e-07	3.1875e-07	2.51352e-07	1.79548e-07	1.67242e-07	3.23565e-07	
2.75851e-07	3.01903e-07	2.49926e-07	3.21315e-07	4.33032e-07	4.4109e-07	4.112e-07	5.13186e-07	4.49212e-07	1.3425e-07	2.14191e-07	3.11364e-07	3.17482e-07	2.02936e-07	2.57125e-07	1.3492e-07	1.65323e-07	2.23768e-07	7.64282e-07	2.93761e-07	3.1875e-07	2.46003e-07	1.48458e-07	1.26163e-07	2.62389e-07	
2.75851e-07	1.59967e-07	2.39968e-07	2.70971e-07	3.64523e-07	3.93395e-07	3.98981e-07	5.13186e-07	2.82641e-07	1.18018e-07	1.99642e-07	3.05121e-07	3.17482e-07	2.02936e-07	2.20438e-07	1.3492e-07	1.47403e-07	1.79022e-07	7.0228e-07	2.54816e-07	3.1875e-07	2.46003e-07	1.0842e-07	1.13244e-07	2.00496e-07	
2.2626e-07	1.59967e-07	2.17333e-07	1.93471e-07	2.64612e-07	3.90789e-07	2.78043e-07	4.48305e-07	2.78585e-07	1.18018e-07	1.95142e-07	2.75257e-07	3.17482e-07	1.63641e-07	2.20438e-07	1.3355e-07	9.35129e-08	1.60299e-07	5.86434e-07	2.54816e-07	3.1875e-07	2.12492e-07	1.0842e-07	1.00699e-07	2.00496e-07	
1.69425e-07	1.59967e-07	2.06586e-07	1.93471e-07	2.64612e-07	3.38005e-07	2.18746e-07	4.48305e-07	1.87079e-07	1.18018e-07	1.42123e-07	2.68681e-07	3.01376e-07	1.63641e-07	2.20438e-07	9.96723e-08	9.35129e-08	1.60299e-07	5.86434e-07	2.04966e-07	2.84667e-07	2.1138e-07	7.42807e-08	7.34175e-08	1.31221e-07	
1.69425e-07	1.59967e-07	1.99202e-07	1.93471e-07	2.64612e-07	2.72029e-07	2.18746e-07	3.53108e-07	1.87079e-07	9.71394e-08	1.42123e-07	2.24997e-07	2.41121e-07	1.63641e-07	2.04505e-07	9.96723e-08	8.79859e-08	1.47696e-07	4.45228e-07	1.55545e-07	2.27455e-07	1.9512e-07	5.50069e-08	7.34175e-08	9.31232e-08	
1.47183e-07	1.02426e-07	1.5128e-07	1.85639e-07	2.25974e-07	2.34732e-07	1.30415e-07	3.34384e-07	1.87079e-07	9.64208e-08	1.41071e-07	2.24997e-07	1.38719e-07	1.63641e-07	1.68744e-07	8.31046e-08	8.79859e-08	1.29438e-07	4.17826e-07	1.46309e-07	2.27455e-07	1.40755e-07	5.50069e-08	7.34175e-08	8.33872e-08	
1.30207e-07	8.15684e-08	1.15977e-07	1.56816e-07	2.20398e-07	1.80881e-07	1.30415e-07	2.24535e-07	1.19548e-07	6.44181e-08	1.01895e-07	2.12764e-07	1.38719e-07	1.63641e-07	1.58718e-07	4.78537e-08	7.52332e-08	1.08487e-07	4.12346e-07	1.46309e-07	1.81095e-07	1.15521e-07	5.44888e-08	5.59687e-08	8.33872e-08	
1.30207e-07	8.15684e-08	1.14241e-07	1.38048e-07	1.61319e-07	1.80881e-07	1.30415e-07	2.24535e-07	1.19548e-07	6.44181e-08	8.19312e-08	1.60688e-07	1.38719e-07	1.23405e-07	1.37083e-07	4.78537e-08	4.64224e-08	1.03457e-07	3.59562e-07	1.23771e-07	1.33914e-07	1.15521e-07	4.2283e-08	5.59687e-08	8.33872e-08	
1.00024e-07	8.15684e-08	9.69575e-08	1.11098e-07	1.61319e-07	1.80881e-07	1.30415e-07	2.2244e-07	1.12857e-07	6.44181e-08	6.45717e-08	1.33274e-07	1.38719e-07	9.37769e-08	1.22298e-07	4.78537e-08	4.64224e-08	8.63586e-08	2.92068e-07	1.08676e-07	1.09836e-07	9.58461e-08	3.64615e-08	4.20059e-08	6.98578e-08	
8.58878e-08	8.15684e-08	6.64192e-08	1.11098e-07	1.49444e-07	1.4745e-07	9.4189e-08	1.78638e-07	8.50364e-08	5.44796e-08	6.45717e-08	1.27561e-07	1.38719e-07	8.46892e-08	1.18175e-07	4.78537e-08	4.64224e-08	8.4247e-08	2.58396e-07	1.02393e-07	1.09836e-07	9.58461e-08	3.64615e-08	3.62039e-08	6.54076e-08	
8.49442e-08	7.5435e-08	6.64192e-08	1.10571e-07	1.22661e-07	1.11031e-07	9.15871e-08	1.65505e-07	8.50364e-08	4.43098e-08	6.45717e-08	1.1148e-07	1.38719e-07	8.20973e-08	9.98179e-08	4.23514e-08	3.73535e-08	7.02464e-08	1.86919e-07	8.55051e-08	1.09836e-07	8.35279e-08	3.30299e-08	3.59141e-08	4.79062e-08	
8.49442e-08	6.19398e-08	6.64192e-08	1.09373e-07	1.14206e-07	9.64582e-08	7.21923e-08	1.65505e-07	7.87693e-08	4.29982e-08	6.45717e-08	9.0548e-08	1.23397e-07	8.01764e-08	9.37853e-08	4.15285e-08	3.73535e-08	6.07046e-08	1.86919e-07	6.58408e-08	1.09836e-07	7.60342e-08	3.2734e-08	2.64036e-08	4.79062e-08	
6.8484e-08	5.55184e-08	5.1962e-08	1.04323e-07	1.14206e-07	7.78521e-08	6.44746e-08	1.35307e-07	7.87693e-08	4.29982e-08	5.25958e-08	6.55731e-08	9.47814e-08	7.12323e-08	8.35562e-08	4.05316e-08	3.29122e-08	5.17975e-08	1.43557e-07	6.33678e-08	9.201e-08	6.9961e-08	2.67707e-08	2.64036e-08	4.27174e-08	
5.36136e-08	4.59498e-08	3.79947e-08	9.42243e-08	9.83194e-08	7.78521e-08	5.96268e-08	9.77452e-08	6.19641e-08	3.45065e-08	4.09492e-08	6.55731e-08	9.36335e-08	5.55172e-08	7.52863e-08	3.23295e-08	2.06902e-08	4.50254e-08	1.25154e-07	6.33678e-08	7.63154e-08	5.27344e-08	2.12855e-08	2.57182e-08	4.27174e-08	
3.86857e-08	3.37378e-08	3.79947e-08	6.70901e-08	8.02279e-08	7.06344e-08	5.2956e-08	7.96938e-08	6.19641e-08	3.04824e-08	4.04288e-08	5.25847e-08	7.62851e-08	5.55172e-08	6.2251e-08	3.11591e-08	2.06902e-08	4.50254e-08	1.20052e-07	5.43392e-08	5.53385e-08	4.25064e-08	2.12855e-08	2.34625e-08	3.85755e-08	
3.86857e-08	3.17904e-08	3.44593e-08	6.70901e-08	5.45638e-08	5.93983e-08	4.40972e-08	7.96938e-08	4.93699e-08	2.97161e-08	2.92921e-08	4.0001e-08	7.1001e-08	4.61741e-08	5.14826e-08	2.51732e-08	1.68094e-08	3.77088e-08	9.17372e-08	5.40382e-08	5.40222e-08	3.3675e-08	1.59556e-08	2.34625e-08	3.85755e-08	
3.86857e-08	3.17904e-08	2.61229e-08	5.29583e-08	5.09472e-08	5.93983e-08	3.29958e-08	4.99892e-08	3.77197e-08	2.04136e-08	2.80434e-08	4.0001e-08	6.27455e-08	4.61741e-08	4.36997e-08	2.32586e-08	1.61086e-08	3.19254e-08	9.17372e-08	4.96262e-08	5.40222e-08	3.3675e-08	1.22559e-08	1.81038e-08	3.6029e-08	
3.05282e-08	2.97677e-08	2.61229e-08	4.2981e-08	5.09472e-08	4.66204e-08	3.29958e-08	4.99892e-08	3.69991e-08	1.87438e-08	2.80434e-08	4.0001e-08	5.20172e-08	3.40765e-08	3.73165e-08	2.20995e-08	1.57525e-08	2.50043e-08	9.17372e-08	4.2824e-08	4.98141e-08	3.3675e-08	0	1.81038e-08	3.34037e-08	
2.23047e-08	2.16944e-08	2.61229e-08	4.2981e-08	4.46567e-08	3.48203e-08	2.85107e-08	4.99892e-08	3.18483e-08	1.86524e-08	2.45202e-08	2.87087e-08	5.20172e-08	3.40765e-08	2.73898e-08	1.69752e-08	0	2.50043e-08	8.75158e-08	4.27808e-08	4.50723e-08	2.6649e-08	0	1.2508e-08	2.39354e-08	
2.23047e-08	1.96968e-08	2.00393e-08	2.81838e-08	3.6847e-08	3.27991e-08	2.44625e-08	4.82416e-08	3.18483e-08	1.47058e-08	1.96378e-08	2.78405e-08	4.48143e-08	3.40765e-08	2.73898e-08	1.58045e-08	0	2.50043e-08	5.72304e-08	3.31723e-08	4.50255e-08	2.60545e-08	0	0	2.39354e-08	
2.23047e-08	1.96968e-08	2.00393e-08	2.81838e-08	3.4163e-08	2.80268e-08	2.13254e-08	4.29228e-08	3.1241e-08	1.47058e-08	1.7011e-08	2.39768e-08	3.51021e-08	3.15612e-08	2.08368e-08	1.44316e-08	0	1.86475e-08	5.33305e-08	2.51829e-08	3.69077e-08	2.21169e-08	0	0	2.30856e-08	
1.58241e-08	1.69283e-08	1.77735e-08	2.23487e-08	3.12932e-08	2.5338e-08	1.94459e-08	3.12386e-08	2.79009e-08	1.23013e-08	1.3982e-08	1.99158e-08	3.51021e-08	2.53591e-08	1.94626e-08	0	0	1.39025e-08	4.43262e-08	2.51829e-08	2.23318e-08	2.04883e-08	0	0	1.70202e-08	
1.58241e-08	1.43499e-08	1.20693e-08	2.23487e-08	2.73537e-08	2.49831e-08	1.79612e-08	2.81918e-08	2.79009e-08	1.07603e-08	1.36938e-08	1.88492e-08	3.51021e-08	2.5113e-08	1.33062e-08	0	0	1.39025e-08	1.91605e-08	2.51829e-08	2.23318e-08	1.47083e-08	0	0	1.17113e-08	
1.49054e-08	1.18036e-08	1.20693e-08	2.17888e-08	2.41637e-08	2.28477e-08	1.42299e-08	2.81918e-08	2.01887e-08	0	0	1.76704e-08	3.3026e-08	2.12204e-08	1.31865e-08	0	0	1.06597e-08	1.91605e-08	2.51009e-08	2.23318e-08	1.47083e-08	0	0	1.17113e-08	
1.23755e-08	1.12908e-08	1.20693e-08	1.79639e-08	1.9227e-08	2.10357e-08	1.42299e-08	2.69208e-08	1.67104e-08	0	0	1.54706e-08	2.56324e-08	1.83589e-08	1.31865e-08	0	0	0	1.91605e-08	1.99944e-08	2.23318e-08	1.47083e-08	0	0	1.01668e-08	
1.13071e-08	0	1.20693e-08	1.39873e-08	1.88193e-08	1.92386e-08	0	1.80434e-08	1.59314e-08	0	0	1.54706e-08	2.22636e-08	1.83589e-08	1.21048e-08	0	0	0	1.30964e-08	1.75888e-08	1.35888e-08	1.12302e-08	0	0	0	
1.13071e-08	0	1.07593e-08	0	1.86934e-08	1.42477e-08	0	1.80434e-08	1.46741e-08	0	0	0	1.51905e-08	1.63363e-08	1.21048e-08	0	0	0	1.30964e-08	1.50566e-08	1.35888e-08	1.02481e-08	0	0	0	
0	0	0	0	1.37191e-08	1.05055e-08	0	1.80434e-08	1.26318e-08	0	0	0	1.51905e-08	1.54833e-08	0	0	0	0	1.22667e-08	1.50566e-08	1.35888e-08	0	0	0	0	
0	0	0	0	1.33723e-08	1.05055e-08	0	1.80434e-08	1.2094e-08	0	0	0	1.19202e-08	1.123e-08	0	0	0	0	1.11951e-08	1.41026e-08	1.35888e-08	0	0	0	0	
0	0	0	0	1.18379e-08	1.05055e-08	0	1.50662e-08	0	0	0	0	1.15497e-08	1.123e-08	0	0	0	0	1.11951e-08	1.16503e-08	1.1648e-08	0	0	0	0	
0	0	0	0	1.00977e-08	0	0	1.16079e-08	0	0	0	0	1.03524e-08	1.02066e-08	0	0	0	0	1.11951e-08	0	1.041e-08	0	0	0	0	
0	0	0	0	0	0	0	0	0	0	0	0	1.03228e-08	1.02066e-08	0	0	0	0	0	0	0	0	0	0	0	
0	0	0	0	0	0	0	0	0	0	0	0	0	0	0	0	0	0	0	0	0	0	0	0	0	
0	0	0	0	0	0	0	0	0	0	0	0	0	0	0	0	0	0	0	0	0	0	0	0	0	
0	0	0	0	0	0	0	0	0	0	0	0	0	0	0	0	0	0	0	0	0	0	0	0	0	
0	0	0	0	0	0	0	0	0	0	0	0	0	0	0	0	0	0	0	0	0	0	0	0	0	
0	0	0	0	0	0	0	0	0	0	0	0	0	0	0	0	0	0	0	0	0	0	0	0	0	
0	0	0	0	0	0	0	0	0	0	0	0	0	0	0	0	0	0	0	0	0	0	0	0	0	
0	0	0	0	0	0	0	0	0	0	0	0	0	0	0	0	0	0	0	0	0	0	0	0	0	
0	0	0	0	0	0	0	0	0	0	0	0	0	0	0	0	0	0	0	0	0	0	0	0	0	
0	0	0	0	0	0	0	0	0	0	0	0	0	0	0	0	0	0	0	0	0	0	0	0	0	
0	0	0	0	0	0	0	0	0	0	0	0	0	0	0	0	0	0	0	0	0	0	0	0	0	
0	0	0	0	0	0	0	0	0	0	0	0	0	0	0	0	0	0	0	0	0	0	0	0	0	
0	0	0	0	0	0	0	0	0	0	0	0	0	0	0	0	0	0	0	0	0	0	0	0	0	
0	0	0	0	0	0	0	0	0	0	0	0	0	0	0	0	0	0	0	0	0	0	0	0	0	
0	0	0	0	0	0	0	0	0	0	0	0	0	0	0	0	0	0	0	0	0	0	0	0	0	
0	0	0	0	0	0	0	0	0	0	0	0	0	0	0	0	0	0	0	0	0	0	0	0	0	
0	0	0	0	0	0	0	0	0	0	0	0	0	0	0	0	0	0	0	0	0	0	0	0	0	
0	0	0	0	0	0	0	0	0	0	0	0	0	0	0	0	0	0	0	0	0	0	0	0	0	
0	0	0	0	0	0	0	0	0	0	0	0	0	0	0	0	0	0	0	0	0	0	0	0	0	
0	0	0	0	0	0	0	0	0	0	0	0	0	0	0	0	0	0	0	0	0	0	0	0	0	
0	0	0	0	0	0	0	0	0	0	0	0	0	0	0	0	0	0	0	0	0	0	0	0	0	
0	0	0	0	0	0	0	0	0	0	0	0	0	0	0	0	0	0	0	0	0	0	0	0	0	
0	0	0	0	0	0	0	0	0	0	0	0	0	0	0	0	0	0	0	0	0	0	0	0	0	
0	0	0	0	0	0	0	0	0	0	0	0	0	0	0	0	0	0	0	0	0	0	0	0	0	
0	0	0	0	0	0	0	0	0	0	0	0	0	0	0	0	0	0	0	0	0	0	0	0	0	
0	0	0	0	0	0	0	0	0	0	0	0	0	0	0	0	0	0	0	0	0	0	0	0	0	
0	0	0	0	0	0	0	0	0	0	0	0	0	0	0	0	0	0	0	0	0	0	0	0	0	
0	0	0	0	0	0	0	0	0	0	0	0	0	0	0	0	0	0	0	0	0	0	0	0	0	
0	0	0	0	0	0	0	0	0	0	0	0	0	0	0	0	0	0	0	0	0	0	0	0	0	
0	0	0	0	0	0	0	0	0	0	0	0	0	0	0	0	0	0	0	0	0	0	0	0	0	
0	0	0	0	0	0	0	0	0	0	0	0	0	0	0	0	0	0	0	0	0	0	0	0	0	
0	0	0	0	0	0	0	0	0	0	0	0	0	0	0	0	0	0	0	0	0	0	0	0	0	
0	0	0	0	0	0	0	0	0	0	0	0	0	0	0	0	0	0	0	0	0	0	0	0	0	
0	0	0	0	0	0	0	0	0	0	0	0	0	0	0	0	0	0	0	0	0	0	0	0	0	
0	0	0	0	0	0	0	0	0	0	0	0	0	0	0	0	0	0	0	0	0	0	0	0	0	
0	0	0	0	0	0	0	0	0	0	0	0	0	0	0	0	0	0	0	0	0	0	0	0	0	
0	0	0	0	0	0	0	0	0	0	0	0	0	0	0	0	0	0	0	0	0	0	0	0	0	
0	0	0	0	0	0	0	0	0	0	0	0	0	0	0	0	0	0	0	0	0	0	0	0	0	
0	0	0	0	0	0	0	0	0	0	0	0	0	0	0	0	0	0	0	0	0	0	0	0	0	
0	0	0	0	0	0	0	0	0	0	0	0	0	0	0	0	0	0	0	0	0	0	0	0	0	
0	0	0	0	0	0	0	0	0	0	0	0	0	0	0	0	0	0	0	0	0	0	0	0	0	
0	0	0	0	0	0	0	0	0	0	0	0	0	0	0	0	0	0	0	0	0	0	0	0	0	
0	0	0	0	0	0	0	0	0	0	0	0	0	0	0	0	0	0	0	0	0	0	0	0	0	
0	0	0	0	0	0	0	0	0	0	0	0	0	0	0	0	0	0	0	0	0	0	0	0	0	
0	0	0	0	0	0	0	0	0	0	0	0	0	0	0	0	0	0	0	0	0	0	0	0	0	
0	0	0	0	0	0	0	0	0	0	0	0	0	0	0	0	0	0	0	0	0	0	0	0	0	
0	0	0	0	0	0	0	0	0	0	0	0	0	0	0	0	0	0	0	0	0	0	0	0	0	
0	0	0	0	0	0	0	0	0	0	0	0	0	0	0	0	0	0	0	0	0	0	0	0	0	
0	0	0	0	0	0	0	0	0	0	0	0	0	0	0	0	0	0	0	0	0	0	0	0	0	
0	0	0	0	0	0	0	0	0	0	0	0	0	0	0	0	0	0	0	0	0	0	0	0	0	
0	0	0	0	0	0	0	0	0	0	0	0	0	0	0	0	0	0	0	0	0	0	0	0	0	
0	0	0	0	0	0	0	0	0	0	0	0	0	0	0	0	0	0	0	0	0	0	0	0	0	
0	0	0	0	0	0	0	0	0	0	0	0	0	0	0	0	0	0	0	0	0	0	0	0	0	
0	0	0	0	0	0	0	0	0	0	0	0	0	0	0	0	0	0	0	0	0	0	0	0	0	
0	0	0	0	0	0	0	0	0	0	0	0	0	0	0	0	0	0	0	0	0	0	0	0	0	
0	0	0	0	0	0	0	0	0	0	0	0	0	0	0	0	0	0	0	0	0	0	0	0	0	
0	0	0	0	0	0	0	0	0	0	0	0	0	0	0	0	0	0	0	0	0	0	0	0	0	
0	0	0	0	0	0	0	0	0	0	0	0	0	0	0	0	0	0	0	0	0	0	0	0	0	
0	0	0	0	0	0	0	0	0	0	0	0	0	0	0	0	0	0	0	0	0	0	0	0	0	
0	0	0	0	0	0	0	0	0	0	0	0	0	0	0	0	0	0	0	0	0	0	0	0	0	
0	0	0	0	0	0	0	0	0	0	0	0	0	0	0	0	0	0	0	0	0	0	0	0	0	
0	0	0	0	0	0	0	0	0	0	0	0	0	0	0	0	0	0	0	0	0	0	0	0	0	
0	0	0	0	0	0	0	0	0	0	0	0	0	0	0	0	0	0	0	0	0	0	0	0	0	
0	0	0	0	0	0	0	0	0	0	0	0	0	0	0	0	0	0	0	0	0	0	0	0	0	
0	0	0	0	0	0	0	0	0	0	0	0	0	0	0	0	0	0	0	0	0	0	0	0	0	
0	0	0	0	0	0	0	0	0	0	0	0	0	0	0	0	0	0	0	0	0	0	0	0	0	
0	0	0	0	0	0	0	0	0	0	0	0	0	0	0	0	0	0	0	0	0	0	0	0	0	
0	0	0	0	0	0	0	0	0	0	0	0	0	0	0	0	0	0	0	0	0	0	0	0	0	
0	0	0	0	0	0	0	0	0	0	0	0	0	0	0	0	0	0	0	0	0	0	0	0	0	
0	0	0	0	0	0	0	0	0	0	0	0	0	0	0	0	0	0	0	0	0	0	0	0	0	
0	0	0	0	0	0	0	0	0	0	0	0	0	0	0	0	0	0	0	0	0	0	0	0	0	
0	0	0	0	0	0	0	0	0	0	0	0	0	0	0	0	0	0	0	0	0	0	0	0	0	
0	0	0	0	0	0	0	0	0	0	0	0	0	0	0	0	0	0	0	0	0	0	0	0	0	
0	0	0	0	0	0	0	0	0	0	0	0	0	0	0	0	0	0	0	0	0	0	0	0	0	
0	0	0	0	0	0	0	0	0	0	0	0	0	0	0	0	0	0	0	0	0	0	0	0	0	
0	0	0	0	0	0	0	0	0	0	0	0	0	0	0	0	0	0	0	0	0	0	0	0	0	
0	0	0	0	0	0	0	0	0	0	0	0	0	0	0	0	0	0	0	0	0	0	0	0	0	
0	0	0	0	0	0	0	0	0	0	0	0	0	0	0	0	0	0	0	0	0	0	0	0	0	
0	0	0	0	0	0	0	0	0	0	0	0	0	0	0	0	0	0	0	0	0	0	0	0	0	
0	0	0	0	0	0	0	0	0	0	0	0	0	0	0	0	0	0	0	0	0	0	0	0	0	
0	0	0	0	0	0	0	0	0	0	0	0	0	0	0	0	0	0	0	0	0	0	0	0	0	
0	0	0	0	0	0	0	0	0	0	0	0	0	0	0	0	0	0	0	0	0	0	0	0	0	
0	0	0	0	0	0	0	0	0	0	0	0	0	0	0	0	0	0	0	0	0	0	0	0	0	
0	0	0	0	0	0	0	0	0	0	0	0	0	0	0	0	0	0	0	0	0	0	0	0	0	
0	0	0	0	0	0	0	0	0	0	0	0	0	0	0	0	0	0	0	0	0	0	0	0	0	
0	0	0	0	0	0	0	0	0	0	0	0	0	0	0	0	0	0	0	0	0	0	0	0	0	
0	0	0	0	0	0	0	0	0	0	0	0	0	0	0	0	0	0	0	0	0	0	0	0	0	
0	0	0	0	0	0	0	0	0	0	0	0	0	0	0	0	0	0	0	0	0	0	0	0	0	
0	0	0	0	0	0	0	0	0	0	0	0	0	0	0	0	0	0	0	0	0	0	0	0	0	
0	0	0	0	0	0	0	0	0	0	0	0	0	0	0	0	0	0	0	0	0	0	0	0	0	
0	0	0	0	0	0	0	0	0	0	0	0	0	0	0	0	0	0	0	0	0	0	0	0	0	
0	0	0	0	0	0	0	0	0	0	0	0	0	0	0	0	0	0	0	0	0	0	0	0	0	
0	0	0	0	0	0	0	0	0	0	0	0	0	0	0	0	0	0	0	0	0	0	0	0	0	
0	0	0	0	0	0	0	0	0	0	0	0	0	0	0	0	0	0	0	0	0	0	0	0	0	
0	0	0	0	0	0	0	0	0	0	0	0	0	0	0	0	0	0	0	0	0	0	0	0	0	
0	0	0	0	0	0	0	0	0	0	0	0	0	0	0	0	0	0	0	0	0	0	0	0	0	
0	0	0	0	0	0	0	0	0	0	0	0	0	0	0	0	0	0	0	0	0	0	0	0	0	
0	0	0	0	0	0	0	0	0	0	0	0	0	0	0	0	0	0	0	0	0	0	0	0	0	
0	0	0	0	0	0	0	0	0	0	0	0	0	0	0	0	0	0	0	0	0	0	0	0	0	
0	0	0	0	0	0	0	0	0	0	0	0	0	0	0	0	0	0	0	0	0	0	0	0	0	
0	0	0	0	0	0	0	0	0	0	0	0	0	0	0	0	0	0	0	0	0	0	0	0	0	
0	0	0	0	0	0	0	0	0	0	0	0	0	0	0	0	0	0	0	0	0	0	0	0	0	
0	0	0	0	0	0	0	0	0	0	0	0	0	0	0	0	0	0	0	0	0	0	0	0	0	
0	0	0	0	0	0	0	0	0	0	0	0	0	0	0	0	0	0	0	0	0	0	0	0	0	
0	0	0	0	0	0	0	0	0	0	0	0	0	0	0	0	0	0	0	0	0	0	0	0	0	
0	0	0	0	0	0	0	0	0	0	0	0	0	0	0	0	0	0	0	0	0	0	0	0	0	
0	0	0	0	0	0	0	0	0	0	0	0	0	0	0	0	0	0	0	0	0	0	0	0	0	
0	0	0	0	0	0	0	0	0	0	0	0	0	0	0	0	0	0	0	0	0	0	0	0	0	
0	0	0	0	0	0	0	0	0	0	0	0	0	0	0	0	0	0	0	0	0	0	0	0	0	
0	0	0	0	0	0	0	0	0	0	0	0	0	0	0	0	0	0	0	0	0	0	0	0	0	
0	0	0	0	0	0	0	0	0	0	0	0	0	0	0	0	0	0	0	0	0	0	0	0	0	
0	0	0	0	0	0	0	0	0	0	0	0	0	0	0	0	0	0	0	0	0	0	0	0	0	
0	0	0	0	0	0	0	0	0	0	0	0	0	0	0	0	0	0	0	0	0	0	0	0	0	
0	0	0	0	0	0	0	0	0	0	0	0	0	0	0	0	0	0	0	0	0	0	0	0	0	
0	0	0	0	0	0	0	0	0	0	0	0	0	0	0	0	0	0	0	0	0	0	0	0	0	
0	0	0	0	0	0	0	0	0	0	0	0	0	0	0	0	0	0	0	0	0	0	0	0	0	
0	0	0	0	0	0	0	0	0	0	0	0	0	0	0	0	0	0	0	0	0	0	0	0	0	
0	0	0	0	0	0	0	0	0	0	0	0	0	0	0	0	0	0	0	0	0	0	0	0	0	
0	0	0	0	0	0	0	0	0	0	0	0	0	0	0	0	0	0	0	0	0	0	0	0	0	
0	0	0	0	0	0	0	0	0	0	0	0	0	0	0	0	0	0	0	0	0	0	0	0	0	
0	0	0	0	0	0	0	0	0	0	0	0	0	0	0	0	0	0	0	0	0	0	0	0	0	
0	0	0	0	0	0	0	0	0	0	0	0	0	0	0	0	0	0	0	0	0	0	0	0	0	
0	0	0	0	0	0	0	0	0	0	0	0	0	0	0	0	0	0	0	0	0	0	0	0	0	
0	0	0	0	0	0	0	0	0	0	0	0	0	0	0	0	0	0	0	0	0	0	0	0	0	
0	0	0	0	0	0	0	0	0	0	0	0	0	0	0	0	0	0	0	0	0	0	0	0	0	
0	0	0	0	0	0	0	0	0	0	0	0	0	0	0	0	0	0	0	0	0	0	0	0	0	
0	0	0	0	0	0	0	0	0	0	0	0	0	0	0	0	0	0	0	0	0	0	0	0	0	
0	0	0	0	0	0	0	0	0	0	0	0	0	0	0	0	0	0	0	0	0	0	0	0	0	
0	0	0	0	0	0	0	0	0	0	0	0	0	0	0	0	0	0	0	0	0	0	0	0	0	
0	0	0	0	0	0	0	0	0	0	0	0	0	0	0	0	0	0	0	0	0	0	0	0	0	
0	0	0	0	0	0	0	0	0	0	0	0	0	0	0	0	0	0	0	0	0	0	0	0	0	
0	0	0	0	0	0	0	0	0	0	0	0	0	0	0	0	0	0	0	0	0	0	0	0	0	
0	0	0	0	0	0	0	0	0	0	0	0	0	0	0	0	0	0	0	0	0	0	0	0	0	
0	0	0	0	0	0	0	0	0	0	0	0	0	0	0	0	0	0	0	0	0	0	0	0	0	
0	0	0	0	0	0	0	0	0	0	0	0	0	0	0	0	0	0	0	0	0	0	0	0	0	
0	0	0	0	0	0	0	0	0	0	0	0	0	0	0	0	0	0	0	0	0	0	0	0	0	
0	0	0	0	0	0	0	0	0	0	0	0	0	0	0	0	0	0	0	0	0	0	0	0	0	
0	0	0	0	0	0	0	0	0	0	0	0	0	0	0	0	0	0	0	0	0	0	0	0	0	
0	0	0	0	0	0	0	0	0	0	0	0	0	0	0	0	0	0	0	0	0	0	0	0	0	
0	0	0	0	0	0	0	0	0	0	0	0	0	0	0	0	0	0	0	0	0	0	0	0	0	
0	0	0	0	0	0	0	0	0	0	0	0	0	0	0	0	0	0	0	0	0	0	0	0	0	
0	0	0	0	0	0	0	0	0	0	0	0	0	0	0	0	0	0	0	0	0	0	0	0	0	
0	0	0	0	0	0	0	0	0	0	0	0	0	0	0	0	0	0	0	0	0	0	0	0	0	
0	0	0	0	0	0	0	0	0	0	0	0	0	0	0	0	0	0	0	0	0	0	0	0	0	
0	0	0	0	0	0	0	0	0	0	0	0	0	0	0	0	0	0	0	0	0	0	0	0	0	
0	0	0	0	0	0	0	0	0	0	0	0	0	0	0	0	0	0	0	0	0	0	0	0	0	
0	0	0	0	0	0	0	0	0	0	0	0	0	0	0	0	0	0	0	0	0	0	0	0	0	
0	0	0	0	0	0	0	0	0	0	0	0	0	0	0	0	0	0	0	0	0	0	0	0	0	
0	0	0	0	0	0	0	0	0	0	0	0	0	0	0	0	0	0	0	0	0	0	0	0	0	
0	0	0	0	0	0	0	0	0	0	0	0	0	0	0	0	0	0	0	0	0	0	0	0	0	
0	0	0	0	0	0	0	0	0	0	0	0	0	0	0	0	0	0	0	0	0	0	0	0	0	
0	0	0	0	0	0	0	0	0	0	0	0	0	0	0	0	0	0	0	0	0	0	0	0	0	
0	0	0	0	0	0	0	0	0	0	0	0	0	0	0	0	0	0	0	0	0	0	0	0	0	
0	0	0	0	0	0	0	0	0	0	0	0	0	0	0	0	0	0	0	0	0	0	0	0	0	
0	0	0	0	0	0	0	0	0	0	0	0	0	0	0	0	0	0	0	0	0	0	0	0	0	
0	0	0	0	0	0	0	0	0	0	0	0	0	0	0	0	0	0	0	0	0	0	0	0	0	
0	0	0	0	0	0	0	0	0	0	0	0	0	0	0	0	0	0	0	0	0	0	0	0	0	
0	0	0	0	0	0	0	0	0	0	0	0	0	0	0	0	0	0	0	0	0	0	0	0	0	
0	0	0	0	0	0	0	0	0	0	0	0	0	0	0	0	0	0	0	0	0	0	0	0	0	
0	0	0	0	0	0	0	0	0	0	0	0	0	0	0	0	0	0	0	0	0	0	0	0	0	
0	0	0	0	0	0	0	0	0	0	0	0	0	0	0	0	0	0	0	0	0	0	0	0	0	
0	0	0	0	0	0	0	0	0	0	0	0	0	0	0	0	0	0	0	0	0	0	0	0	0	
0	0	0	0	0	0	0	0	0	0	0	0	0	0	0	0	0	0	0	0	0	0	0	0	0	
0	0	0	0	0	0	0	0	0	0	0	0	0	0	0	0	0	0	0	0	0	0	0	0	0	
0	0	0	0	0	0	0	0	0	0	0	0	0	0	0	0	0	0	0	0	0	0	0	0	0	
0	0	0	0	0	0	0	0	0	0	0	0	0	0	0	0	0	0	0	0	0	0	0	0	0	
0	0	0	0	0	0	0	0	0	0	0	0	0	0	0	0	0	0	0	0	0	0	0	0	0	
0	0	0	0	0	0	0	0	0	0	0	0	0	0	0	0	0	0	0	0	0	0	0	0	0	
0	0	0	0	0	0	0	0	0	0	0	0	0	0	0	0	0	0	0	0	0	0	0	0	0	
0	0	0	0	0	0	0	0	0	0	0	0	0	0	0	0	0	0	0	0	0	0	0	0	0	
0	0	0	0	0	0	0	0	0	0	0	0	0	0	0	0	0	0	0	0	0	0	0	0	0	
0	0	0	0	0	0	0	0	0	0	0	0	0	0	0	0	0	0	0	0	0	0	0	0	0	
0	0	0	0	0	0	0	0	0	0	0	0	0	0	0	0	0	0	0	0	0	0	0	0	0	
0	0	0	0	0	0	0	0	0	0	0	0	0	0	0	0	0	0	0	0	0	0	0	0	0	
0	0	0	0	0	0	0	0	0	0	0	0	0	0	0	0	0	0	0	0	0	0	0	0	0	
0	0	0	0	0	0	0	0	0	0	0	0	0	0	0	0	0	0	0	0	0	0	0	0	0	
0	0	0	0	0	0	0	0	0	0	0	0	0	0	0	0	0	0	0	0	0	0	0	0	0	
0	0	0	0	0	0	0	0	0	0	0	0	0	0	0	0	0	0	0	0	0	0	0	0	0	
0	0	0	0	0	0	0	0	0	0	0	0	0	0	0	0	0	0	0	0	0	0	0	0	0	
0	0	0	0	0	0	0	0	0	0	0	0	0	0	0	0	0	0	0	0	0	0	0	0	0	
0	0	0	0	0	0	0	0	0	0	0	0	0	0	0	0	0	0	0	0	0	0	0	0	0	
0	0	0	0	0	0	0	0	0	0	0	0	0	0	0	0	0	0	0	0	0	0	0	0	0	
0	0	0	0	0	0	0	0	0	0	0	0	0	0	0	0	0	0	0	0	0	0	0	0	0	
0	0	0	0	0	0	0	0	0	0	0	0	0	0	0	0	0	0	0	0	0	0	0	0	0	
0	0	0	0	0	0	0	0	0	0	0	0	0	0	0	0	0	0	0	0	0	0	0	0	0	
0	0	0	0	0	0	0	0	0	0	0	0	0	0	0	0	0	0	0	0	0	0	0	0	0	
0	0	0	0	0	0	0	0	0	0	0	0	0	0	0	0	0	0	0	0	0	0	0	0	0	
0	0	0	0	0	0	0	0	0	0	0	0	0	0	0	0	0	0	0	0	0	0	0	0	0	
0	0	0	0	0	0	0	0	0	0	0	0	0	0	0	0	0	0	0	0	0	0	0	0	0	
0	0	0	0	0	0	0	0	0	0	0	0	0	0	0	0	0	0	0	0	0	0	0	0	0	
0	0	0	0	0	0	0	0	0	0	0	0	0	0	0	0	0	0	0	0	0	0	0	0	0	
0	0	0	0	0	0	0	0	0	0	0	0	0	0	0	0	0	0	0	0	0	0	0	0	0	
0	0	0	0	0	0	0	0	0	0	0	0	0	0	0	0	0	0	0	0	0	0	0	0	0	
0	0	0	0	0	0	0	0	0	0	0	0	0	0	0	0	0	0	0	0	0	0	0	0	0	
0	0	0	0	0	0	0	0	0	0	0	0	0	0	0	0	0	0	0	0	0	0	0	0	0	
0	0	0	0	0	0	0	0	0	0	0	0	0	0	0	0	0	0	0	0	0	0	0	0	0	
0	0	0	0	0	0	0	0	0	0	0	0	0	0	0	0	0	0	0	0	0	0	0	0	0	
0	0	0	0	0	0	0	0	0	0	0	0	0	0	0	0	0	0	0	0	0	0	0	0	0	
0	0	0	0	0	0	0	0	0	0	0	0	0	0	0	0	0	0	0	0	0	0	0	0	0	
0	0	0	0	0	0	0	0	0	0	0	0	0	0	0	0	0	0	0	0	0	0	0	0	0	
0	0	0	0	0	0	0	0	0	0	0	0	0	0	0	0	0	0	0	0	0	0	0	0	0	
0	0	0	0	0	0	0	0	0	0	0	0	0	0	0	0	0	0	0	0	0	0	0	0	0	
0	0	0	0	0	0	0	0	0	0	0	0	0	0	0	0	0	0	0	0	0	0	0	0	0	
0	0	0	0	0	0	0	0	0	0	0	0	0	0	0	0	0	0	0	0	0	0	0	0	0	
0	0	0	0	0	0	0	0	0	0	0	0	0	0	0	0	0	0	0	0	0	0	0	0	0	
0	0	0	0	0	0	0	0	0	0	0	0	0	0	0	0	0	0	0	0	0	0	0	0	0	
0	0	0	0	0	0	0	0	0	0	0	0	0	0	0	0	0	0	0	0	0	0	0	0	0	
0	0	0	0	0	0	0	0	0	0	0	0	0	0	0	0	0	0	0	0	0	0	0	0	0	
0	0	0	0	0	0	0	0	0	0	0	0	0	0	0	0	0	0	0	0	0	0	0	0	0	
0	0	0	0	0	0	0	0	0	0	0	0	0	0	0	0	0	0	0	0	0	0	0	0	0	
0	0	0	0	0	0	0	0	0	0	0	0	0	0	0	0	0	0	0	0	0	0	0	0	0	
0	0	0	0	0	0	0	0	0	0	0	0	0	0	0	0	0	0	0	0	0	0	0	0	0	
0	0	0	0	0	0	0	0	0	0	0	0	0	0	0	0	0	0	0	0	0	0	0	0	0	
0	0	0	0	0	0	0	0	0	0	0	0	0	0	0	0	0	0	0	0	0	0	0	0	0	
0	0	0	0	0	0	0	0	0	0	0	0	0	0	0	0	0	0	0	0	0	0	0	0	0	
0	0	0	0	0	0	0	0	0	0	0	0	0	0	0	0	0	0	0	0	0	0	0	0	0	
0	0	0	0	0	0	0	0	0	0	0	0	0	0	0	0	0	0	0	0	0	0	0	0	0	
0	0	0	0	0	0	0	0	0	0	0	0	0	0	0	0	0	0	0	0	0	0	0	0	0	
0	0	0	0	0	0	0	0	0	0	0	0	0	0	0	0	0	0	0	0	0	0	0	0	0	
0	0	0	0	0	0	0	0	0	0	0	0	0	0	0	0	0	0	0	0	0	0	0	0	0	
0	0	0	0	0	0	0	0	0	0	0	0	0	0	0	0	0	0	0	0	0	0	0	0	0	
0	0	0	0	0	0	0	0	0	0	0	0	0	0	0	0	0	0	0	0	0	0	0	0	0	
0	0	0	0	0	0	0	0	0	0	0	0	0	0	0	0	0	0	0	0	0	0	0	0	0	
0	0	0	0	0	0	0	0	0	0	0	0	0	0	0	0	0	0	0	0	0	0	0	0	0	
0	0	0	0	0	0	0	0	0	0	0	0	0	0	0	0	0	0	0	0	0	0	0	0	0	
0	0	0	0	0	0	0	0	0	0	0	0	0	0	0	0	0	0	0	0	0	0	0	0	0	
0	0	0	0	0	0	0	0	0	0	0	0	0	0	0	0	0	0	0	0	0	0	0	0	0	
0	0	0	0	0	0	0	0	0	0	0	0	0	0	0	0	0	0	0	0	0	0	0	0	0	
0	0	0	0	0	0	0	0	0	0	0	0	0	0	0	0	0	0	0	0	0	0	0	0	0	
0	0	0	0	0	0	0	0	0	0	0	0	0	0	0	0	0	0	0	0	0	0	0	0	0	
0	0	0	0	0	0	0	0	0	0	0	0	0	0	0	0	0	0	0	0	0	0	0	0	0	
0	0	0	0	0	0	0	0	0	0	0	0	0	0	0	0	0	0	0	0	0	0	0	0	0	
0	0	0	0	0	0	0	0	0	0	0	0	0	0	0	0	0	0	0	0	0	0	0	0	0	
0	0	0	0	0	0	0	0	0	0	0	0	0	0	0	0	0	0	0	0	0	0	0	0	0	
0	0	0	0	0	0	0	0	0	0	0	0	0	0	0	0	0	0	0	0	0	0	0	0	0	
0	0	0	0	0	0	0	0	0	0	0	0	0	0	0	0	0	0	0	0	0	0	0	0	0	
0	0	0	0	0	0	0	0	0	0	0	0	0	0	0	0	0	0	0	0	0	0	0	0	0	
0	0	0	0	0	0	0	0	0	0	0	0	0	0	0	0	0	0	0	0	0	0	0	0	0	
0	0	0	0	0	0	0	0	0	0	0	0	0	0	0	0	0	0	0	0	0	0	0	0	0	
0	0	0	0	0	0	0	0	0	0	0	0	0	0	0	0	0	0	0	0	0	0	0	0	0	
0	0	0	0	0	0	0	0	0	0	0	0	0	0	0	0	0	0	0	0	0	0	0	0	0	
0	0	0	0	0	0	0	0	0	0	0	0	0	0	0	0	0	0	0	0	0	0	0	0	0	
0	0	0	0	0	0	0	0	0	0	0	0	0	0	0	0	0	0	0	0	0	0	0	0	0	
0	0	0	0	0	0	0	0	0	0	0	0	0	0	0	0	0	0	0	0	0	0	0	0	0	
0	0	0	0	0	0	0	0	0	0	0	0	0	0	0	0	0	0	0	0	0	0	0	0	0	
0	0	0	0	0	0	0	0	0	0	0	0	0	0	0	0	0	0	0	0	0	0	0	0	0	
0	0	0	0	0	0	0	0	0	0	0	0	0	0	0	0	0	0	0	0	0	0	0	0	0	
0	0	0	0	0	0	0	0	0	0	0	0	0	0	0	0	0	0	0	0	0	0	0	0	0	
0	0	0	0	0	0	0	0	0	0	0	0	0	0	0	0	0	0	0	0	0	0	0	0	0	
0	0	0	0	0	0	0	0	0	0	0	0	0	0	0	0	0	0	0	0	0	0	0	0	0	
0	0	0	0	0	0	0	0	0	0	0	0	0	0	0	0	0	0	0	0	0	0	0	0	0	
0	0	0	0	0	0	0	0	0	0	0	0	0	0	0	0	0	0	0	0	0	0	0	0	0	
0	0	0	0	0	0	0	0	0	0	0	0	0	0	0	0	0	0	0	0	0	0	0	0	0	
0	0	0	0	0	0	0	0	0	0	0	0	0	0	0	0	0	0	0	0	0	0	0	0	0	
0	0	0	0	0	0	0	0	0	0	0	0	0	0	0	0	0	0	0	0	0	0	0	0	0	
0	0	0	0	0	0	0	0	0	0	0	0	0	0	0	0	0	0	0	0	0	0	0	0	0	
0	0	0	0	0	0	0	0	0	0	0	0	0	0	0	0	0	0	0	0	0	0	0	0	0	
0	0	0	0	0	0	0	0	0	0	0	0	0	0	0	0	0	0	0	0	0	0	0	0	0	
0	0	0	0	0	0	0	0	0	0	0	0	0	0	0	0	0	0	0	0	0	0	0	0	0	
0	0	0	0	0	0	0	0	0	0	0	0	0	0	0	0	0	0	0	0	0	0	0	0	0	
0	0	0	0	0	0	0	0	0	0	0	0	0	0	0	0	0	0	0	0	0	0	0	0	0	
0	0	0	0	0	0	0	0	0	0	0	0	0	0	0	0	0	0	0	0	0	0	0	0	0	
0	0	0	0	0	0	0	0	0	0	0	0	0	0	0	0	0	0	0	0	0	0	0	0	0	
0	0	0	0	0	0	0	0	0	0	0	0	0	0	0	0	0	0	0	0	0	0	0	0	0	
0	0	0	0	0	0	0	0	0	0	0	0	0	0	0	0	0	0	0	0	0	0	0	0	0	
0	0	0	0	0	0	0	0	0	0	0	0	0	0	0	0	0	0	0	0	0	0	0	0	0	
0	0	0	0	0	0	0	0	0	0	0	0	0	0	0	0	0	0	0	0	0	0	0	0	0	
0	0	0	0	0	0	0	0	0	0	0	0	0	0	0	0	0	0	0	0	0	0	0	0	0	
0	0	0	0	0	0	0	0	0	0	0	0	0	0	0	0	0	0	0	0	0	0	0	0	0	
0	0	0	0	0	0	0	0	0	0	0	0	0	0	0	0	0	0	0	0	0	0	0	0	0	
0	0	0	0	0	0	0	0	0	0	0	0	0	0	0	0	0	0	0	0	0	0	0	0	0	
0	0	0	0	0	0	0	0	0	0	0	0	0	0	0	0	0	0	0	0	0	0	0	0	0	
0	0	0	0	0	0	0	0	0	0	0	0	0	0	0	0	0	0	0	0	0	0	0	0	0	
0	0	0	0	0	0	0	0	0	0	0	0	0	0	0	0	0	0	0	0	0	0	0	0	0	
0	0	0	0	0	0	0	0	0	0	0	0	0	0	0	0	0	0	0	0	0	0	0	0	0	
0	0	0	0	0	0	0	0	0	0	0	0	0	0	0	0	0	0	0	0	0	0	0	0	0	
0	0	0	0	0	0	0	0	0	0	0	0	0	0	0	0	0	0	0	0	0	0	0	0	0	
0	0	0	0	0	0	0	0	0	0	0	0	0	0	0	0	0	0	0	0	0	0	0	0	0	
0	0	0	0	0	0	0	0	0	0	0	0	0	0	0	0	0	0	0	0	0	0	0	0	0	
0	0	0	0	0	0	0	0	0	0	0	0	0	0	0	0	0	0	0	0	0	0	0	0	0	
0	0	0	0	0	0	0	0	0	0	0	0	0	0	0	0	0	0	0	0	0	0	0	0	0	
0	0	0	0	0	0	0	0	0	0	0	0	0	0	0	0	0	0	0	0	0	0	0	0	0	
0	0	0	0	0	0	0	0	0	0	0	0	0	0	0	0	0	0	0	0	0	0	0	0	0	
0	0	0	0	0	0	0	0	0	0	0	0	0	0	0	0	0	0	0	0	0	0	0	0	0	
0	0	0	0	0	0	0	0	0	0	0	0	0	0	0	0	0	0	0	0	0	0	0	0	0	
0	0	0	0	0	0	0	0	0	0	0	0	0	0	0	0	0	0	0	0	0	0	0	0	0	
0	0	0	0	0	0	0	0	0	0	0	0	0	0	0	0	0	0	0	0	0	0	0	0	0	
0	0	0	0	0	0	0	0	0	0	0	0	0	0	0	0	0	0	0	0	0	0	0	0	0	
0	0	0	0	0	0	0	0	0	0	0	0	0	0	0	0	0	0	0	0	0	0	0	0	0	
0	0	0	0	0	0	0	0	0	0	0	0	0	0	0	0	0	0	0	0	0	0	0	0	0	
0	0	0	0	0	0	0	0	0	0	0	0	0	0	0	0	0	0	0	0	0	0	0	0	0	
0	0	0	0	0	0	0	0	0	0	0	0	0	0	0	0	0	0	0	0	0	0	0	0	0	
0	0	0	0	0	0	0	0	0	0	0	0	0	0	0	0	0	0	0	0	0	0	0	0	0	
0	0	0	0	0	0	0	0	0	0	0	0	0	0	0	0	0	0	0	0	0	0	0	0	0	
0	0	0	0	0	0	0	0	0	0	0	0	0	0	0	0	0	0	0	0	0	0	0	0	0	
0	0	0	0	0	0	0	0	0	0	0	0	0	0	0	0	0	0	0	0	0	0	0	0	0	
0	0	0	0	0	0	0	0	0	0	0	0	0	0	0	0	0	0	0	0	0	0	0	0	0	
0	0	0	0	0	0	0	0	0	0	0	0	0	0	0	0	0	0	0	0	0	0	0	0	0	
0	0	0	0	0	0	0	0	0	0	0	0	0	0	0	0	0	0	0	0	0	0	0	0	0	
0	0	0	0	0	0	0	0	0	0	0	0	0	0	0	0	0	0	0	0	0	0	0	0	0	
0	0	0	0	0	0	0	0	0	0	0	0	0	0	0	0	0	0	0	0	0	0	0	0	0	
0	0	0	0	0	0	0	0	0	0	0	0	0	0	0	0	0	0	0	0	0	0	0	0	0	
0	0	0	0	0	0	0	0	0	0	0	0	0	0	0	0	0	0	0	0	0	0	0	0	0	
0	0	0	0	0	0	0	0	0	0	0	0	0	0	0	0	0	0	0	0	0	0	0	0	0	
0	0	0	0	0	0	0	0	0	0	0	0	0	0	0	0	0	0	0	0	0	0	0	0	0	
0	0	0	0	0	0	0	0	0	0	0	0	0	0	0	0	0	0	0	0	0	0	0	0	0	
0	0	0	0	0	0	0	0	0	0	0	0	0	0	0	0	0	0	0	0	0	0	0	0	0	
0	0	0	0	0	0	0	0	0	0	0	0	0	0	0	0	0	0	0	0	0	0	0	0	0	
0	0	0	0	0	0	0	0	0	0	0	0	0	0	0	0	0	0	0	0	0	0	0	0	0	
0	0	0	0	0	0	0	0	0	0	0	0	0	0	0	0	0	0	0	0	0	0	0	0	0	
0	0	0	0	0	0	0	0	0	0	0	0	0	0	0	0	0	0	0	0	0	0	0	0	0	
0	0	0	0	0	0	0	0	0	0	0	0	0	0	0	0	0	0	0	0	0	0	0	0	0	
0	0	0	0	0	0	0	0	0	0	0	0	0	0	0	0	0	0	0	0	0	0	0	0	0	
0	0	0	0	0	0	0	0	0	0	0	0	0	0	0	0	0	0	0	0	0	0	0	0	0	
0	0	0	0	0	0	0	0	0	0	0	0	0	0	0	0	0	0	0	0	0	0	0	0	0	
0	0	0	0	0	0	0	0	0	0	0	0	0	0	0	0	0	0	0	0	0	0	0	0	0	
0	0	0	0	0	0	0	0	0	0	0	0	0	0	0	0	0	0	0	0	0	0	0	0	0	
0	0	0	0	0	0	0	0	0	0	0	0	0	0	0	0	0	0	0	0	0	0	0	0	0	
0	0	0	0	0	0	0	0	0	0	0	0	0	0	0	0	0	0	0	0	0	0	0	0	0	
0	0	0	0	0	0	0	0	0	0	0	0	0	0	0	0	0	0	0	0	0	0	0	0	0	
0	0	0	0	0	0	0	0	0	0	0	0	0	0	0	0	0	0	0	0	0	0	0	0	0	
0	0	0	0	0	0	0	0	0	0	0	0	0	0	0	0	0	0	0	0	0	0	0	0	0	
0	0	0	0	0	0	0	0	0	0	0	0	0	0	0	0	0	0	0	0	0	0	0	0	0	
0	0	0	0	0	0	0	0	0	0	0	0	0	0	0	0	0	0	0	0	0	0	0	0	0	
0	0	0	0	0	0	0	0	0	0	0	0	0	0	0	0	0	0	0	0	0	0	0	0	0	
0	0	0	0	0	0	0	0	0	0	0	0	0	0	0	0	0	0	0	0	0	0	0	0	0	
0	0	0	0	0	0	0	0	0	0	0	0	0	0	0	0	0	0	0	0	0	0	0	0	0	
0	0	0	0	0	0	0	0	0	0	0	0	0	0	0	0	0	0	0	0	0	0	0	0	0	
0	0	0	0	0	0	0	0	0	0	0	0	0	0	0	0	0	0	0	0	0	0	0	0	0	
0	0	0	0	0	0	0	0	0	0	0	0	0	0	0	0	0	0	0	0	0	0	0	0	0	
0	0	0	0	0	0	0	0	0	0	0	0	0	0	0	0	0	0	0	0	0	0	0	0	0	
0	0	0	0	0	0	0	0	0	0	0	0	0	0	0	0	0	0	0	0	0	0	0	0	0	
0	0	0	0	0	0	0	0	0	0	0	0	0	0	0	0	0	0	0	0	0	0	0	0	0	
0	0	0	0	0	0	0	0	0	0	0	0	0	0	0	0	0	0	0	0	0	0	0	0	0	
0	0	0	0	0	0	0	0	0	0	0	0	0	0	0	0	0	0	0	0	0	0	0	0	0	
0	0	0	0	0	0	0	0	0	0	0	0	0	0	0	0	0	0	0	0	0	0	0	0	0	
0	0	0	0	0	0	0	0	0	0	0	0	0	0	0	0	0	0	0	0	0	0	0	0	0	
0	0	0	0	0	0	0	0	0	0	0	0	0	0	0	0	0	0	0	0	0	0	0	0	0	
0	0	0	0	0	0	0	0	0	0	0	0	0	0	0	0	0	0	0	0	0	0	0	0	0	
0	0	0	0	0	0	0	0	0	0	0	0	0	0	0	0	0	0	0	0	0	0	0	0	0	
0	0	0	0	0	0	0	0	0	0	0	0	0	0	0	0	0	0	0	0	0	0	0	0	0	
0	0	0	0	0	0	0	0	0	0	0	0	0	0	0	0	0	0	0	0	0	0	0	0	0	
0	0	0	0	0	0	0	0	0	0	0	0	0	0	0	0	0	0	0	0	0	0	0	0	0	
0	0	0	0	0	0	0	0	0	0	0	0	0	0	0	0	0	0	0	0	0	0	0	0	0	
0	0	0	0	0	0	0	0	0	0	0	0	0	0	0	0	0	0	0	0	0	0	0	0	0	
0	0	0	0	0	0	0	0	0	0	0	0	0	0	0	0	0	0	0	0	0	0	0	0	0	
0	0	0	0	0	0	0	0	0	0	0	0	0	0	0	0	0	0	0	0	0	0	0	0	0	
0	0	0	0	0	0	0	0	0	0	0	0	0	0	0	0	0	0	0	0	0	0	0	0	0	
0	0	0	0	0	0	0	0	0	0	0	0	0	0	0	0	0	0	0	0	0	0	0	0	0	
0	0	0	0	0	0	0	0	0	0	0	0	0	0	0	0	0	0	0	0	0	0	0	0	0	
0	0	0	0	0	0	0	0	0	0	0	0	0	0	0	0	0	0	0	0	0	0	0	0	0	
0	0	0	0	0	0	0	0	0	0	0	0	0	0	0	0	0	0	0	0	0	0	0	0	0	
0	0	0	0	0	0	0	0	0	0	0	0	0	0	0	0	0	0	0	0	0	0	0	0	0	
0	0	0	0	0	0	0	0	0	0	0	0	0	0	0	0	0	0	0	0	0	0	0	0	0	
0	0	0	0	0	0	0	0	0	0	0	0	0	0	0	0	0	0	0	0	0	0	0	0	0	
0	0	0	0	0	0	0	0	0	0	0	0	0	0	0	0	0	0	0	0	0	0	0	0	0	
0	0	0	0	0	0	0	0	0	0	0	0	0	0	0	0	0	0	0	0	0	0	0	0	0	
0	0	0	0	0	0	0	0	0	0	0	0	0	0	0	0	0	0	0	0	0	0	0	0	0	
0	0	0	0	0	0	0	0	0	0	0	0	0	0	0	0	0	0	0	0	0	0	0	0	0	
0	0	0	0	0	0	0	0	0	0	0	0	0	0	0	0	0	0	0	0	0	0	0	0	0	
0	0	0	0	0	0	0	0	0	0	0	0	0	0	0	0	0	0	0	0	0	0	0	0	0	
0	0	0	0	0	0	0	0	0	0	0	0	0	0	0	0	0	0	0	0	0	0	0	0	0	
0	0	0	0	0	0	0	0	0	0	0	0	0	0	0	0	0	0	0	0	0	0	0	0	0	
0	0	0	0	0	0	0	0	0	0	0	0	0	0	0	0	0	0	0	0	0	0	0	0	0	
0	0	0	0	0	0	0	0	0	0	0	0	0	0	0	0	0	0	0	0	0	0	0	0	0	
0	0	0	0	0	0	0	0	0	0	0	0	0	0	0	0	0	0	0	0	0	0	0	0	0	
0	0	0	0	0	0	0	0	0	0	0	0	0	0	0	0	0	0	0	0	0	0	0	0	0	
0	0	0	0	0	0	0	0	0	0	0	0	0	0	0	0	0	0	0	0	0	0	0	0	0	
0	0	0	0	0	0	0	0	0	0	0	0	0	0	0	0	0	0	0	0	0	0	0	0	0	
0	0	0	0	0	0	0	0	0	0	0	0	0	0	0	0	0	0	0	0	0	0	0	0	0	
0	0	0	0	0	0	0	0	0	0	0	0	0	0	0	0	0	0	0	0	0	0	0	0	0	
0	0	0	0	0	0	0	0	0	0	0	0	0	0	0	0	0	0	0	0	0	0	0	0	0	
0	0	0	0	0	0	0	0	0	0	0	0	0	0	0	0	0	0	0	0	0	0	0	0	0	
0	0	0	0	0	0	0	0	0	0	0	0	0	0	0	0	0	0	0	0	0	0	0	0	0	
0	0	0	0	0	0	0	0	0	0	0	0	0	0	0	0	0	0	0	0	0	0	0	0	0	
0	0	0	0	0	0	0	0	0	0	0	0	0	0	0	0	0	0	0	0	0	0	0	0	0	
0	0	0	0	0	0	0	0	0	0	0	0	0	0	0	0	0	0	0	0	0	0	0	0	0	
0	0	0	0	0	0	0	0	0	0	0	0	0	0	0	0	0	0	0	0	0	0	0	0	0	
0	0	0	0	0	0	0	0	0	0	0	0	0	0	0	0	0	0	0	0	0	0	0	0	0	
0	0	0	0	0	0	0	0	0	0	0	0	0	0	0	0	0	0	0	0	0	0	0	0	0	
0	0	0	0	0	0	0	0	0	0	0	0	0	0	0	0	0	0	0	0	0	0	0	0	0	
0	0	0	0	0	0	0	0	0	0	0	0	0	0	0	0	0	0	0	0	0	0	0	0	0	
0	0	0	0	0	0	0	0	0	0	0	0	0	0	0	0	0	0	0	0	0	0	0	0	0	
0	0	0	0	0	0	0	0	0	0	0	0	0	0	0	0	0	0	0	0	0	0	0	0	0	
0	0	0	0	0	0	0	0	0	0	0	0	0	0	0	0	0	0	0	0	0	0	0	0	0	
0	0	0	0	0	0	0	0	0	0	0	0	0	0	0	0	0	0	0	0	0	0	0	0	0	
0	0	0	0	0	0	0	0	0	0	0	0	0	0	0	0	0	0	0	0	0	0	0	0	0	
0	0	0	0	0	0	0	0	0	0	0	0	0	0	0	0	0	0	0	0	0	0	0	0	0	
0	0	0	0	0	0	0	0	0	0	0	0	0	0	0	0	0	0	0	0	0	0	0	0	0	
0	0	0	0	0	0	0	0	0	0	0	0	0	0	0	0	0	0	0	0	0	0	0	0	0	
0	0	0	0	0	0	0	0	0	0	0	0	0	0	0	0	0	0	0	0	0	0	0	0	0	
0	0	0	0	0	0	0	0	0	0	0	0	0	0	0	0	0	0	0	0	0	0	0	0	0	
0	0	0	0	0	0	0	0	0	0	0	0	0	0	0	0	0	0	0	0	0	0	0	0	0	
0	0	0	0	0	0	0	0	0	0	0	0	0	0	0	0	0	0	0	0	0	0	0	0	0	
0	0	0	0	0	0	0	0	0	0	0	0	0	0	0	0	0	0	0	0	0	0	0	0	0	
0	0	0	0	0	0	0	0	0	0	0	0	0	0	0	0	0	0	0	0	0	0	0	0	0	
0	0	0	0	0	0	0	0	0	0	0	0	0	0	0	0	0	0	0	0	0	0	0	0	0	
0	0	0	0	0	0	0	0	0	0	0	0	0	0	0	0	0	0	0	0	0	0	0	0	0	
0	0	0	0	0	0	0	0	0	0	0	0	0	0	0	0	0	0	0	0	0	0	0	0	0	
0	0	0	0	0	0	0	0	0	0	0	0	0	0	0	0	0	0	0	0	0	0	0	0	0	
0	0	0	0	0	0	0	0	0	0	0	0	0	0	0	0	0	0	0	0	0	0	0	0	0	
0	0	0	0	0	0	0	0	0	0	0	0	0	0	0	0	0	0	0	0	0	0	0	0	0	
0	0	0	0	0	0	0	0	0	0	0	0	0	0	0	0	0	0	0	0	0	0	0	0	0	
0	0	0	0	0	0	0	0	0	0	0	0	0	0	0	0	0	0	0	0	0	0	0	0	0	
0	0	0	0	0	0	0	0	0	0	0	0	0	0	0	0	0	0	0	0	0	0	0	0	0	
0	0	0	0	0	0	0	0	0	0	0	0	0	0	0	0	0	0	0	0	0	0	0	0	0	
0	0	0	0	0	0	0	0	0	0	0	0	0	0	0	0	0	0	0	0	0	0	0	0	0	
0	0	0	0	0	0	0	0	0	0	0	0	0	0	0	0	0	0	0	0	0	0	0	0	0	
0	0	0	0	0	0	0	0	0	0	0	0	0	0	0	0	0	0	0	0	0	0	0	0	0	
0	0	0	0	0	0	0	0	0	0	0	0	0	0	0	0	0	0	0	0	0	0	0	0	0	
0	0	0	0	0	0	0	0	0	0	0	0	0	0	0	0	0	0	0	0	0	0	0	0	0	
0	0	0	0	0	0	0	0	0	0	0	0	0	0	0	0	0	0	0	0	0	0	0	0	0	
0	0	0	0	0	0	0	0	0	0	0	0	0	0	0	0	0	0	0	0	0	0	0	0	0	
0	0	0	0	0	0	0	0	0	0	0	0	0	0	0	0	0	0	0	0	0	0	0	0	0	
0	0	0	0	0	0	0	0	0	0	0	0	0	0	0	0	0	0	0	0	0	0	0	0	0	
0	0	0	0	0	0	0	0	0	0	0	0	0	0	0	0	0	0	0	0	0	0	0	0	0	
0	0	0	0	0	0	0	0	0	0	0	0	0	0	0	0	0	0	0	0	0	0	0	0	0	
0	0	0	0	0	0	0	0	0	0	0	0	0	0	0	0	0	0	0	0	0	0	0	0	0	
0	0	0	0	0	0	0	0	0	0	0	0	0	0	0	0	0	0	0	0	0	0	0	0	0	
0	0	0	0	0	0	0	0	0	0	0	0	0	0	0	0	0	0	0	0	0	0	0	0	0	
0	0	0	0	0	0	0	0	0	0	0	0	0	0	0	0	0	0	0	0	0	0	0	0	0	
0	0	0	0	0	0	0	0	0	0	0	0	0	0	0	0	0	0	0	0	0	0	0	0	0	
0	0	0	0	0	0	0	0	0	0	0	0	0	0	0	0	0	0	0	0	0	0	0	0	0	
0	0	0	0	0	0	0	0	0	0	0	0	0	0	0	0	0	0	0	0	0	0	0	0	0	
0	0	0	0	0	0	0	0	0	0	0	0	0	0	0	0	0	0	0	0	0	0	0	0	0	
0	0	0	0	0	0	0	0	0	0	0	0	0	0	0	0	0	0	0	0	0	0	0	0	0	
0	0	0	0	0	0	0	0	0	0	0	0	0	0	0	0	0	0	0	0	0	0	0	0	0	
0	0	0	0	0	0	0	0	0	0	0	0	0	0	0	0	0	0	0	0	0	0	0	0	0	
0	0	0	0	0	0	0	0	0	0	0	0	0	0	0	0	0	0	0	0	0	0	0	0	0	
0	0	0	0	0	0	0	0	0	0	0	0	0	0	0	0	0	0	0	0	0	0	0	0	0	
0	0	0	0	0	0	0	0	0	0	0	0	0	0	0	0	0	0	0	0	0	0	0	0	0	
0	0	0	0	0	0	0	0	0	0	0	0	0	0	0	0	0	0	0	0	0	0	0	0	0	
0	0	0	0	0	0	0	0	0	0	0	0	0	0	0	0	0	0	0	0	0	0	0	0	0	
0	0	0	0	0	0	0	0	0	0	0	0	0	0	0	0	0	0	0	0	0	0	0	0	0	
0	0	0	0	0	0	0	0	0	0	0	0	0	0	0	0	0	0	0	0	0	0	0	0	0	
0	0	0	0	0	0	0	0	0	0	0	0	0	0	0	0	0	0	0	0	0	0	0	0	0	
0	0	0	0	0	0	0	0	0	0	0	0	0	0	0	0	0	0	0	0	0	0	0	0	0	
0	0	0	0	0	0	0	0	0	0	0	0	0	0	0	0	0	0	0	0	0	0	0	0	0	
0	0	0	0	0	0	0	0	0	0	0	0	0	0	0	0	0	0	0	0	0	0	0	0	0	
0	0	0	0	0	0	0	0	0	0	0	0	0	0	0	0	0	0	0	0	0	0	0	0	0	
0	0	0	0	0	0	0	0	0	0	0	0	0	0	0	0	0	0	0	0	0	0	0	0	0	
0	0	0	0	0	0	0	0	0	0	0	0	0	0	0	0	0	0	0	0	0	0	0	0	0	
0	0	0	0	0	0	0	0	0	0	0	0	0	0	0	0	0	0	0	0	0	0	0	0	0	
0	0	0	0	0	0	0	0	0	0	0	0	0	0	0	0	0	0	0	0	0	0	0	0	0	
0	0	0	0	0	0	0	0	0	0	0	0	0	0	0	0	0	0	0	0	0	0	0	0	0	
