9115.66	8150.48	8945.76	8790.56	9154.55	9717.04	8939.69	10298.8	8911.29	9103.04	9129.35	9149.23	9344.53	9081.83	8771.38	9425.99	9849.09	9546.52	7327	8472.27	8574.87	9640.17	8974.7	8262.85	9875.98	
9115.66	8150.48	8945.76	8790.56	9042.06	7468.54	8856.76	7759.04	8911.29	9103.04	8707.72	9149.23	8879.32	9081.83	7795.36	9425.99	8196.08	9034.73	7327	8472.27	8574.87	8920.43	7902.61	8262.85	9875.98	
9115.66	7815.32	8144.52	7736.76	6757.78	7468.54	8856.76	7076.12	8911.29	9103.04	8618.33	8782.7	8879.32	8465.48	6381.22	9425.99	8196.08	9034.73	7327	7903.99	8574.87	7306.98	7902.61	8262.85	9484.22	
6409.32	7815.32	7286.3	7480.54	6687.85	6663.9	8856.76	7076.12	8833.61	9103.04	7813.51	6920.05	8192.4	8465.48	6381.22	6812.47	8196.08	7993.87	4889.81	7903.99	7509.57	7306.98	5737.99	6775.57	8137.67	
6409.32	7815.32	4641.86	5923.28	5582.18	5198.46	7936.99	6836.67	7170.91	8963.77	6002.1	6920.05	5954.81	7928	5537.97	6488.91	6669.07	6481.37	4889.81	7110.99	5821.93	7306.98	5737.99	6703.43	8137.67	
5546.49	5460.44	4641.86	4327.83	5582.18	3913.94	6490.52	5234.04	5588.19	8712.28	5247.61	5838.28	5954.81	6805.96	5334.34	5755.52	6409.54	5847.11	4889.81	6160.85	5245.62	5255.64	5737.99	3805.17	6607.89	
4610.86	5212.88	4641.86	4327.83	4799.78	3913.94	6123.27	5234.04	5588.19	8712.28	5247.61	4617.57	5837.76	6805.96	5279.03	4437.17	6056.44	5225.65	4889.81	4293.03	5122.81	5255.64	5018.5	3805.17	6607.89	
4263.67	3918.78	3762.33	4327.83	4373.33	3213.02	6043.09	4638.12	3902.15	8324.82	4543.23	4129.26	5212.37	4787.42	5072.14	4437.17	5332.61	4419.63	4879.95	4293.03	5079.6	4145.6	5018.5	3374.15	4181.6	
4244.71	3918.78	3762.33	2792.49	4373.33	3213.02	4976.2	4638.12	3818.53	5893.55	4543.23	4129.26	5212.37	4787.42	4064.55	3841.98	5332.61	4419.63	4879.95	4103.91	4908.62	4145.6	3874.51	3374.15	4181.6	
3976.4	3918.78	3762.33	2792.49	3119.95	3213.02	4976.2	4490.36	3818.53	5893.55	4161.16	4129.26	4073.38	4073.49	3255.89	3639.17	3893.43	3218.39	3512.2	4103.91	4667.59	3856.86	3874.51	3374.15	3319.98	
2849.2	3785.53	3080.81	2792.49	2099.88	3213.02	4867.54	3984.39	3642.24	5154.62	4161.16	4129.26	3385.57	4013.92	3255.89	3639.17	3893.43	3218.39	3498.59	2996.63	3459.33	3856.86	3857.41	3328.21	3319.98	
2849.2	3758.65	3080.81	2792.49	2099.88	2918.13	2852.73	3984.39	2961.85	3916.75	3819.93	2738.22	3172.56	3924.64	3255.89	2446.42	3644.57	3218.39	3498.59	2996.63	3459.33	3383.67	3857.41	3328.21	3319.98	
2849.2	3598.03	3080.81	2792.49	2099.88	2848.44	2852.73	3984.39	2961.85	3916.75	3367.9	2711.41	3172.56	3134.35	2837.24	2006.61	3644.57	3218.39	3175.92	2996.63	3246.6	3383.67	3306.51	2350.71	2633.61	
1914.6	3366.32	2635.82	2385.19	2099.88	2634.42	2852.73	3650.5	2961.85	3916.75	2803.55	2251.97	3172.56	3134.35	2671.13	2006.61	3344.48	3218.39	3175.92	2996.63	2712.11	2607.05	3306.51	2350.71	2633.61	
1914.6	3054.05	1732.54	2385.19	1817.38	2634.42	2852.73	3357.53	2556.78	3781.12	2803.55	2251.97	3172.56	3134.35	2671.13	2006.61	3344.48	2800.59	3052.85	2912.06	1914.5	2607.05	3028.27	2350.71	2633.61	
1914.6	3054.05	1732.54	2257.5	1817.38	2518.11	2852.73	2264.98	1948.03	3781.12	2570.08	2251.97	3133.03	2657.95	2671.13	1916.22	2185.91	2729.56	3052.85	2354.67	1914.5	2398.48	2566.57	2080.51	2633.61	
1804.04	2986.9	1732.54	2257.5	1817.38	2243.09	2852.73	2250.02	1948.03	2622.61	2570.08	2251.97	3004.1	2657.95	2671.13	1916.22	2185.91	2729.56	2921.43	2354.67	1914.5	2398.48	2566.57	2080.51	2241.97	
1804.04	2672.36	1732.54	2257.5	1817.38	2243.09	2572.64	2250.02	1948.03	2622.61	2501.48	2251.97	2276.95	2657.95	2144.04	1916.22	2185.91	2729.56	2729.92	2344.84	1914.5	2277.81	2421.24	2080.51	2116.96	
1804.04	2672.36	1732.54	2257.5	1817.38	2217	2229.56	1688.58	1948.03	2622.61	2501.48	2157.71	2210.65	2256.92	2144.04	1449.17	2185.91	2048.14	2427.87	2293.4	1914.5	2277.81	2274	1375.25	2116.96	
1804.04	2117.93	1732.54	1927.38	1817.38	1372.64	2229.56	1688.58	1948.03	2622.61	2351.71	2157.71	2210.65	2256.92	2144.04	1436.89	2185.91	1738.12	2369	2050.17	1914.5	2082.07	2103.33	1375.25	2116.96	
1487.99	2093.87	1732.54	1927.38	1817.38	1372.64	2229.56	1688.58	1948.03	2622.61	2247.29	1952.55	2090.52	2131.97	1526.85	1436.89	2064.21	1738.12	2209.9	1924.33	1914.5	2082.07	2103.33	1375.25	1910.47	
1487.99	2060.14	1732.54	1927.38	1817.38	1372.64	1888.53	1370.8	1916.27	2198.97	2247.29	1914.63	2090.52	2131.97	1526.85	1436.89	2064.21	1738.12	2209.9	1788.38	1914.5	1560.11	2103.33	1375.25	1910.47	
1487.99	2045.82	1708.58	1927.38	1668.48	1372.64	1888.53	1370.8	1583.13	2198.97	1769.01	1914.63	1869.56	2131.97	1526.85	1121.34	2010.11	1738.12	1803.75	1636.51	1914.5	1560.11	2103.33	1375.25	1910.47	
1487.99	1782.4	1708.58	1854.6	1668.48	1372.64	1520.79	1370.8	1342.73	2057.66	1769.01	1348.23	1520.03	1694.14	1092.74	1121.34	2010.11	1738.12	1779.2	1636.51	1914.5	1560.11	1925.68	1375.25	1841.05	
1487.99	1775.8	981.261	1278.05	1668.48	1339.14	1328.06	1370.8	1342.73	2057.66	1769.01	1348.23	1453.73	1694.14	1092.74	1075.47	1294.64	1738.12	1589.5	1154.54	1790.46	1447.47	1236.13	1375.25	1761.1	
1487.99	1775.8	981.261	1278.05	1668.48	1275.31	1298.15	1370.8	1110.32	2031.1	1745.29	1246.52	1322.31	1694.14	1092.74	1075.47	1294.64	1738.12	1589.5	1154.54	1790.46	1335.99	1236.13	1375.25	1761.1	
1227.97	1674.07	981.261	1278.05	1602.34	1275.31	1298.15	1370.8	1110.32	1890.03	1709.37	1246.52	1277.13	1603.18	1092.74	1075.47	1294.64	1391.21	1589.5	1020.92	1387.68	1121.35	1236.13	1229.39	1672.21	
1227.97	1226.84	981.261	1278.05	1549.94	977.545	1298.15	1370.8	1110.32	1408.87	1557.23	1246.52	1277.13	1471.84	1052.75	970.845	1231.34	1391.21	1448.1	1020.92	1387.68	1017.58	1236.13	1229.39	1270.89	
1146.54	1226.84	981.261	1278.05	1330.27	977.545	1298.15	1370.8	1110.32	1408.87	1557.23	1246.52	1249.94	1471.84	1052.75	970.845	1077.86	1391.21	1448.1	1020.92	1311.15	970.18	1236.13	1229.39	1069.97	
1146.54	1226.84	981.261	1278.05	1120.14	977.545	1214.47	1370.8	1110.32	1408.87	1390.93	1246.52	1249.94	1471.84	1052.75	736.76	1077.86	1391.21	1448.1	941.344	1311.15	970.18	1016.04	1199.42	1069.97	
1014.82	1226.84	981.261	1278.05	1109.74	977.545	1214.47	1302.57	1110.32	1408.87	1390.93	1115.13	1249.94	1320.43	1052.75	736.76	1077.86	1391.21	1448.1	941.344	1053.26	970.18	1016.04	826.087	955.491	
1014.82	1226.84	981.261	1278.05	1109.74	977.545	1214.47	1172.96	1110.32	1408.87	1261.52	1115.13	1249.94	1108.2	1052.75	736.76	1077.86	1366.05	1295.43	941.344	1053.26	970.18	1016.04	826.087	877.27	
1014.82	1226.84	981.261	997.737	1109.74	977.545	1214.47	990.921	1062.05	1408.87	1052.88	1115.13	1156.87	1108.2	951.346	736.76	1077.86	1366.05	1148.29	941.344	1053.26	970.18	1016.04	737.214	877.27	
904.806	870.312	981.261	997.737	1109.74	787.805	1214.47	990.921	884.213	1395.17	1052.88	1115.13	1156.87	1108.2	951.346	736.76	1077.86	1250.85	1148.29	941.344	1053.26	785.168	1016.04	737.214	877.27	
904.806	870.312	968.174	997.737	1014.57	787.805	1179.06	990.921	884.213	1395.17	910.404	1115.13	1068.5	1057.09	866.284	724.988	1077.86	1234.1	1148.29	941.344	1053.26	785.168	1016.04	737.214	861.399	
904.806	870.312	933.84	997.737	1011.62	787.805	1179.06	990.921	884.213	1161.07	910.404	1049.72	1040.81	1057.09	866.284	724.988	1042.25	1072.73	1060.3	924.79	1053.26	785.168	1016.04	737.214	861.399	
861.466	870.312	834.793	840.327	1011.62	787.805	1179.06	840.387	884.213	1161.07	790.862	875.206	945.902	997.62	660.089	724.988	1042.25	920.923	1027.38	924.79	1008.37	785.168	1016.04	737.214	861.399	
861.466	870.312	834.793	840.327	829.468	787.805	1026.42	768.651	807.234	1059.03	790.862	862.361	945.902	993.321	660.089	724.988	1042.25	920.923	1008.38	924.79	1008.37	785.168	795.165	718.986	861.399	
639.472	870.312	800.733	830.694	788.675	787.805	990.342	768.651	807.234	1020.43	790.862	862.361	945.902	884.413	660.089	724.988	1034.02	920.923	847.778	924.79	902.109	785.168	795.165	718.986	861.399	
639.472	685.35	568.334	830.694	788.675	787.805	942.371	768.651	807.234	1020.43	790.862	862.361	945.902	884.413	587.996	724.988	916.779	920.923	847.778	795.918	877.536	716.215	795.165	718.986	858.553	
639.472	657.402	568.334	830.694	765.974	787.805	942.371	768.651	644.245	1020.43	705.378	737.924	846.495	844.698	587.996	724.988	916.779	889.513	847.778	795.918	877.536	716.215	795.165	718.986	828.822	
639.472	657.402	568.334	830.694	673.175	786.228	942.371	768.651	644.245	832.085	705.378	737.924	846.495	844.698	587.996	544.425	748.74	889.513	828.518	760.207	843.712	668.687	702.589	718.986	828.822	
639.472	657.402	487.668	582.437	673.175	767.651	942.371	620.651	644.245	783.893	705.378	737.924	813.152	844.698	587.996	544.425	748.74	634.677	746.852	668.689	741.273	481.848	702.589	718.986	678.171	
639.472	657.402	487.668	582.437	673.175	743.563	711.122	620.651	644.245	783.893	550.035	737.924	813.152	733.179	587.996	544.425	748.74	634.677	746.852	668.689	741.273	481.848	656.991	637.591	678.171	
639.472	657.402	487.668	582.437	673.175	587.595	607.009	596.429	594.705	783.893	550.035	737.924	785.819	731.054	532.265	544.425	669.716	634.677	617.724	632.002	741.273	481.848	656.991	637.591	655.941	
639.472	657.402	487.668	561.278	673.175	587.595	607.009	596.429	431.51	783.893	550.035	737.924	784.826	656.592	526.121	544.425	669.716	634.677	617.724	628.561	726.285	481.848	656.991	637.591	655.941	
639.472	657.402	487.668	561.278	673.175	587.595	607.009	596.429	431.51	783.893	550.035	697.197	610.648	656.592	526.121	544.425	669.716	634.677	576.266	628.561	701.582	481.848	656.991	545.391	655.941	
639.472	657.402	467.504	561.278	612.468	587.595	607.009	596.429	431.51	671.808	550.035	675.977	596.757	656.592	526.121	544.425	669.716	632.184	576.266	628.561	701.582	481.848	652.817	545.391	655.941	
605.859	634.577	467.504	561.278	612.468	532.113	607.009	596.429	431.51	556.616	550.035	627.904	596.757	619.14	521.694	544.425	669.716	632.184	576.266	516.604	462.116	481.848	652.817	545.391	655.941	
488.555	602.68	461.145	561.278	612.068	415.209	607.009	523.121	431.51	556.616	550.035	611.484	559.238	591.811	502.913	462.31	661.776	632.184	550.685	516.604	462.116	366.944	652.817	545.391	628.014	
488.555	580.524	461.145	561.278	483.901	415.209	607.009	523.121	431.51	500.814	398.691	465.462	550.023	562.056	493.248	462.31	605.949	632.184	465.949	495.894	462.116	366.944	652.817	545.391	628.014	
488.555	560.614	444.479	561.278	483.901	415.209	607.009	523.121	431.51	375.537	398.691	449.004	550.023	562.056	464.288	462.31	579.2	601.167	465.949	438.954	462.116	366.944	551.645	480.99	553.188	
488.555	525.919	381.136	479.798	469.007	415.209	561.294	520.466	431.51	375.537	398.691	449.004	540.42	486.881	425.955	378.442	579.2	601.167	465.949	438.954	462.116	366.944	551.645	480.99	553.188	
488.555	525.919	381.136	479.798	411.515	415.209	561.294	519.394	431.51	375.537	398.691	449.004	540.42	486.881	425.955	378.442	570.198	601.167	465.949	438.954	437.542	366.944	502.793	434.9	521.885	
488.555	454.323	381.136	479.798	411.515	415.209	561.294	519.394	366.894	375.537	398.691	358.006	513.493	486.881	366.279	378.442	527.013	601.167	465.949	437.599	437.542	366.944	502.793	434.9	521.885	
488.555	454.323	381.136	479.798	385.85	404.934	522.958	452.727	366.894	375.537	398.691	358.006	481.794	486.881	366.279	369.344	527.013	562.461	465.949	437.599	437.542	366.944	502.793	434.9	521.885	
435.876	438.202	381.136	405.353	385.85	404.934	522.958	411.132	366.894	375.537	398.691	358.006	458.687	486.881	366.279	369.344	439.407	531.189	454.904	421.715	437.542	366.944	409.641	429.333	457.311	
435.876	438.202	381.136	405.353	385.85	404.934	522.958	405.713	366.894	375.537	398.691	358.006	370.354	459.794	366.279	369.344	439.407	531.189	454.904	384.726	437.542	366.944	409.641	429.333	457.311	
431.545	438.202	367.013	405.353	385.85	404.934	467.804	405.713	366.894	375.537	346.585	358.006	370.354	459.794	366.279	369.344	395.789	531.189	454.904	384.726	437.542	366.944	409.641	385.208	445.201	
392.308	414.191	367.013	405.353	385.85	404.934	467.804	394.018	366.894	375.537	346.585	358.006	369.287	390.772	290.004	369.344	395.789	429.28	372.29	384.726	359.18	366.944	409.641	385.208	368.647	
392.308	407.835	320.21	405.353	374.86	404.934	467.804	394.018	366.894	375.537	346.585	358.006	369.287	390.772	290.004	345.537	395.789	429.28	363.697	372.05	359.18	366.944	409.641	385.208	368.647	
360.179	404.315	320.21	387.359	374.86	404.396	426.677	394.018	353.257	340.639	346.585	358.006	369.287	390.772	290.004	345.537	395.789	429.28	363.697	333.327	355.796	366.944	379.355	385.208	368.647	
360.179	404.315	292.26	387.359	374.86	390.016	426.677	394.018	353.257	340.639	346.585	358.006	369.287	390.772	250.023	345.537	395.789	429.28	363.697	333.327	355.796	366.944	354.018	385.208	361.943	
312.843	328.706	292.26	387.359	374.86	343.852	400.004	364.96	298.339	340.639	346.585	358.006	353.625	390.772	250.023	327.944	392.396	370.589	363.697	333.327	355.796	340.31	348.469	342.804	361.943	
312.843	328.706	292.26	331.431	374.86	325.909	373.146	322.525	298.339	340.639	323.565	344.91	303.602	371.078	250.023	327.944	361.34	370.589	363.697	326.175	355.796	290.64	348.469	318.245	361.943	
312.843	328.706	292.26	331.431	374.86	325.909	364.801	322.525	298.339	340.639	323.565	338.913	303.602	371.078	250.023	287.957	351.038	370.589	363.697	326.175	355.796	290.64	305.751	318.245	361.943	
312.843	328.706	275.021	263.785	313.47	240.619	338.493	322.525	298.339	340.639	323.565	338.913	303.602	371.078	250.023	287.957	344.851	370.589	305.669	280.127	340.521	290.64	305.751	318.245	292.19	
312.843	328.706	253.036	263.785	301.581	240.619	338.493	322.525	281.66	340.639	283.038	338.913	303.602	371.078	250.023	284.612	344.851	370.589	305.669	280.127	340.521	290.64	305.751	252.394	292.19	
299.844	328.706	253.036	263.785	301.581	240.619	338.493	314.673	267.883	340.639	283.038	317.056	303.602	325.49	250.023	284.612	335.099	285.784	305.669	280.127	302.815	290.64	305.751	252.394	292.19	
299.844	294.598	253.036	263.785	301.581	240.619	310.081	314.673	267.883	340.639	283.038	301.888	303.602	302.976	250.023	284.612	335.099	285.784	305.669	262.054	302.815	290.64	299.91	252.394	292.19	
299.844	294.598	253.036	263.785	252.376	240.619	310.081	314.673	247.305	340.639	283.038	300.525	294.854	292.848	250.023	284.612	304.869	285.784	304.436	262.054	302.815	283.425	260.558	252.226	292.19	
291.453	276.111	244.047	263.785	252.376	240.619	310.081	313.417	217.997	337.536	274.206	300.525	244.46	292.306	234.676	277.84	227.828	285.784	304.436	262.054	302.815	283.425	260.558	231.539	292.19	
291.453	276.111	244.047	263.785	252.376	240.619	299.46	289.463	217.997	323.677	264.953	300.525	244.46	292.306	234.676	261.656	227.828	285.784	298.54	262.054	302.815	283.425	260.558	231.539	281.935	
269.776	276.111	244.047	263.785	252.376	232.795	292.572	289.463	211.535	323.677	264.953	281.62	244.46	292.306	234.676	232.516	227.828	285.784	284.43	262.054	302.527	258.163	232.297	231.539	281.935	
269.776	276.111	244.047	263.785	252.376	232.795	285.72	275.05	211.535	285.665	264.953	281.62	244.46	292.306	232.932	232.516	227.828	285.784	284.43	232.686	278.285	258.163	232.297	231.539	281.935	
269.776	253.236	241.427	227.927	252.376	227.528	257.792	275.05	211.535	285.665	231.234	281.62	244.46	230.813	203.073	229.545	227.828	274.964	232.109	232.686	278.285	258.163	232.297	231.539	280.564	
250.065	253.236	224.797	227.927	252.376	227.528	257.792	275.05	211.535	285.665	231.234	245.297	244.46	230.813	203.073	229.545	227.828	274.964	232.109	232.686	263.206	242.414	228.873	231.539	262.411	
242.816	253.236	224.797	227.927	242.107	208.701	235.04	275.05	211.535	275.256	231.234	245.297	244.46	230.813	203.073	224.364	227.828	223.378	232.109	232.686	263.206	242.414	228.873	231.539	262.411	
242.816	239.273	224.797	227.927	242.107	208.701	235.04	234.668	211.535	275.256	230.389	245.297	241.918	230.813	203.073	224.364	227.828	223.378	232.109	207.393	242.268	242.414	228.873	231.539	262.411	
242.816	239.273	199.118	227.927	242.107	203.84	215.177	234.668	211.535	274.842	225.265	245.297	240.806	223.568	196.79	224.364	227.828	223.378	224.945	207.393	242.268	242.414	202.737	231.539	262.411	
212.754	212.234	199.118	227.927	205.492	203.84	215.177	234.668	205.803	236.206	225.265	245.297	223.726	223.568	196.79	212.366	227.828	223.378	224.945	193.835	237.611	242.414	202.737	203.563	235.806	
212.754	212.234	199.118	219.284	203.072	203.84	215.177	234.668	196.228	236.206	218.768	223.158	223.726	223.568	176.223	212.366	227.828	197.145	217.762	193.835	226.681	242.414	202.737	203.563	235.806	
204.594	212.234	199.118	219.284	203.072	185.517	215.177	234.668	196.228	236.206	218.768	223.158	223.726	223.568	176.223	212.366	227.828	197.145	215.019	193.835	223.41	237.711	202.737	203.563	235.806	
204.594	212.234	191.943	219.284	187.694	185.517	214.388	234.668	196.228	236.206	214.492	223.158	223.726	223.568	176.223	212.366	227.828	187.329	215.019	193.835	214.115	211.766	201.973	203.563	235.806	
204.594	212.234	184.864	219.284	187.694	185.517	210.068	197.679	193.896	233.835	176.857	223.116	215.302	223.568	176.223	212.366	227.828	187.329	215.019	193.835	214.115	194.903	201.973	203.563	229.342	
204.594	212.234	184.864	214.647	187.694	185.517	210.068	197.679	187.417	233.835	176.857	205.952	215.302	223.568	156.296	206.964	227.828	187.329	207.689	193.835	214.115	194.903	201.973	198.458	212.202	
204.594	210.118	184.864	204.317	187.694	185.517	210.068	196.444	187.417	233.002	176.857	181.664	209.73	223.568	156.296	196.88	227.828	187.329	207.689	193.835	214.115	194.903	201.973	198.458	212.202	
196.423	197.69	184.864	201.064	187.694	184.76	184.516	196.444	187.417	228.989	176.857	181.664	185.614	223.568	156.296	181.243	220.214	187.329	207.689	193.835	198.527	194.903	190.34	198.458	212.202	
196.423	197.69	184.864	201.064	187.694	172.398	184.516	196.444	187.417	199.271	176.857	177.242	183.943	223.568	156.296	181.243	188.418	187.329	204.403	184.378	198.527	194.903	190.34	195.01	209.328	
196.423	197.69	177.244	180.438	187.694	172.398	184.516	196.444	187.417	191.59	176.857	177.242	183.943	201.554	156.296	181.243	188.418	187.329	194.064	184.378	198.527	194.903	190.34	191.538	205.847	
196.423	197.69	171.87	180.438	185.436	172.398	184.516	196.444	183.295	191.59	176.857	177.242	183.943	201.554	156.296	181.243	188.418	182.405	194.064	184.053	198.527	194.903	184.512	191.538	200.409	
196.423	188.787	168.709	180.438	168.523	172.398	184.516	191.036	178.199	185.204	176.857	177.242	171.999	201.554	156.296	161.96	188.418	178.017	183.309	183.705	195.029	191.605	163.161	188.982	179.031	
193.947	188.787	168.709	180.438	168.523	169.764	166.969	191.036	151.117	185.204	176.857	177.242	171.999	201.554	156.296	161.96	185.71	178.017	183.309	175.664	176.726	185.424	163.161	154.441	179.031	
193.502	188.787	168.709	180.438	168.523	169.764	166.969	191.036	151.117	185.204	173.465	177.242	171.999	201.554	156.296	161.96	185.71	178.017	183.309	175.664	176.726	185.424	163.161	154.441	179.031	
185.615	184.114	168.53	156.36	168.523	169.764	166.969	191.036	151.117	185.204	173.423	175.987	171.999	186.675	156.296	161.96	185.71	178.017	159.991	175.664	176.726	183.93	163.161	154.441	179.031	
172.837	178.715	165.512	156.36	168.523	161.341	166.969	179.989	151.117	185.204	166.33	171.122	171.999	186.675	149.664	161.96	182.207	178.017	159.991	175.664	176.726	183.93	163.161	154.441	179.031	
172.837	178.715	155.676	156.36	168.523	159.843	166.969	179.989	151.117	167.349	161.789	171.122	171.999	186.675	149.664	161.96	182.207	175.786	159.991	158.313	176.726	181.428	163.161	154.441	179.031	
172.837	172.538	155.676	156.36	168.523	159.843	166.969	173.623	151.117	167.349	161.789	171.122	171.999	173.057	149.664	161.96	182.207	171.806	159.991	158.313	176.726	181.428	158.5	154.441	177.77	
170.571	172.538	155.676	156.36	168.523	159.843	166.969	173.623	151.117	167.349	161.789	166.511	171.999	173.057	149.664	161.96	179.443	170.781	159.991	155.2	176.726	168.896	158.5	154.441	174.021	
170.571	167.046	155.676	156.36	168.509	153.879	166.969	170.906	151.117	158.888	161.108	166.511	171.999	173.057	149.664	159.908	174.143	165.895	159.991	155.2	165.431	168.896	158.5	154.441	174.021	
167.57	167.046	154.216	156.36	164.71	153.879	166.969	170.906	151.117	158.888	161.108	161.638	171.999	173.057	149.664	155.999	174.143	165.895	159.991	155.2	165.431	160.025	158.5	154.441	171.495	
160.209	167.046	154.216	156.36	158.437	153.879	164.671	170.906	151.117	158.888	161.108	161.638	168.46	173.057	145.468	153.054	162.703	165.895	159.991	155.2	165.431	160.025	158.5	154.441	169.657	
149.49	167.046	154.216	156.36	158.437	153.879	163.318	160.037	149.439	158.888	148.385	161.638	168.46	173.057	141.696	153.054	161.915	165.895	149.59	155.2	152.797	160.025	158.5	154.441	169.657	
149.49	167.046	149.146	149.465	154.3	148.484	163.318	160.037	149.439	148.846	148.385	160.458	159.18	173.057	141.696	153.054	161.915	165.895	149.59	155.2	152.797	160.025	155.611	154.441	156.853	
149.49	163.173	145.087	149.465	154.3	148.484	163.318	160.037	149.439	148.846	148.385	152.697	159.18	171.227	141.696	148.392	161.792	159.692	149.396	145.345	152.797	160.025	155.611	154.441	154.585	
149.49	163.173	145.087	149.465	154.3	147.27	163.318	160.037	147.602	148.846	148.385	150.574	159.18	163.274	141.696	148.392	161.792	154.318	149.396	145.345	152.797	156.645	155.611	154.441	154.585	
149.49	163.173	143.238	149.465	149.468	147.27	145.218	160.037	147.602	148.846	148.385	150.574	153.7	161.869	141.696	148.392	161.792	152.681	149.396	145.345	152.797	151.041	146.731	151.85	154.585	
149.49	144.61	140.931	149.465	149.468	144.626	145.218	155.883	141.518	148.846	146.863	144.243	150.015	150.513	141.696	145.927	161.6	152.681	149.396	145.345	152.797	147.047	146.731	151.85	154.585	
149.49	144.61	140.931	149.465	143.411	135.312	145.218	147.235	141.518	148.846	146.863	144.243	142.976	150.513	138.703	145.927	161.6	147.481	147.691	145.345	152.628	147.047	146.731	151.85	154.585	
149.49	144.61	140.931	149.465	143.411	135.312	145.218	147.235	137.573	148.846	143.685	144.243	142.976	150.513	138.662	145.927	151.192	147.481	147.691	145.345	138.962	140.072	146.731	149.219	152.589	
149.49	144.61	140.931	146.933	143.411	135.312	138.733	145.702	137.573	148.846	143.685	144.243	142.976	150.513	138.662	145.927	151.192	147.481	147.691	143.644	138.962	140.072	146.731	149.219	148.93	
149.49	144.61	139.894	146.05	143.411	135.312	138.733	145.702	137.573	148.846	142.337	144.243	137.678	149.791	138.662	142.247	149.192	147.481	147.691	143.644	138.962	140.072	141.683	149.095	143.201	
149.49	144.61	139.402	140.763	141.872	135.312	138.733	145.702	137.573	148.846	138.97	144.243	137.678	149.791	131.173	142.247	149.192	145.019	147.691	141.786	138.962	140.072	141.683	145.528	143.201	
149.425	144.61	139.402	140.763	138.308	135.312	138.733	145.702	137.573	142.033	138.97	141.549	137.678	149.791	131.173	142.247	149.192	145.019	143.511	140.221	133.565	140.072	141.683	144.833	143.201	
149.425	144.61	137.899	140.763	132.557	135.312	138.733	145.702	136.835	142.033	134.152	138.791	137.678	148.626	131.173	142.247	137.478	141.508	143.456	139.867	133.565	140.072	141.683	144.833	143.201	
137.388	144.61	135.612	132.512	132.557	135.089	138.733	145.702	135.685	142.033	134.152	134.925	132.751	148.626	131.173	136.618	137.478	141.508	143.456	135.46	133.565	140.072	141.683	144.833	143.201	
137.388	144.61	135.094	132.512	132.557	135.089	138.733	139.919	135.685	142.033	134.152	134.925	132.751	147.501	131.173	136.618	135.698	140.308	130.503	135.46	133.565	140.072	139.139	140.972	143.201	
135.349	143.512	135.094	132.512	132.557	133.553	138.733	139.919	135.685	142.033	134.152	134.925	132.751	140.616	131.173	130.935	135.698	138.226	130.503	134.737	133.565	137.554	133.757	140.972	136.931	
135.349	139.424	130.843	132.512	132.557	132.637	138.733	139.207	135.685	142.033	134.152	134.925	132.751	140.616	131.173	130.935	135.698	134.999	130.503	134.737	133.565	137.554	133.757	138.112	132.598	
135.349	137.508	130.843	132.512	132.557	129.978	138.733	139.207	135.414	141.425	134.152	134.925	132.751	140.267	130.78	130.935	135.698	134.999	130.503	134.479	133.176	137.554	133.757	137.505	132.598	
134.809	137.508	130.843	132.512	132.557	129.978	137.006	139.207	135.414	137.409	133.755	134.2	132.751	140.267	127.672	130.935	135.698	133.532	130.503	134.479	132.747	137.554	133.757	137.505	132.598	
134.809	136.338	130.843	132.512	132.557	129.978	135.138	139.207	132.478	137.409	133.755	133.714	132.751	140.267	127.552	130.935	135.698	131.989	130.503	134.452	132.747	137.554	133.757	132.456	132.598	
134.809	130.711	130.843	132.512	131.852	129.978	135.138	130.802	130.96	137.409	128.375	133.248	132.556	140.267	127.552	130.935	135.698	131.989	130.503	134.452	129.224	133.629	133.757	132.456	132.598	
134.423	130.711	128.108	132.512	131.852	129.978	134.301	130.802	129.408	137.409	128.375	129.744	132.556	136.975	127.552	130.935	135.698	131.989	130.503	131.2	129.224	133.629	133.757	132.456	132.598	
134.423	130.711	128.108	132.512	130.98	129.079	134.105	130.802	129.408	137.409	128.375	128.838	132.556	136.534	127.552	130.935	133.709	131.989	130.503	131.2	129.224	133.629	132.207	132.456	132.598	
132.518	130.711	128.108	131.489	130.98	125.892	134.105	130.802	129.014	133.555	128.375	128.838	132.556	133.183	126.953	130.935	131.171	131.989	130.503	131.2	129.224	130.401	132.207	132.456	132.598	
132.518	130.711	128.108	131.489	130.566	125.631	129.82	130.802	124.24	133.555	127.391	126.136	132.556	133.183	126.953	130.935	131.171	131.989	130.503	130.113	129.224	130.401	132.005	132.456	132.598	
130.031	130.711	126.259	130.587	129.632	125.631	129.82	130.802	124.24	132.387	127.391	126.136	126.449	133.183	125.614	130.314	131.171	131.04	126.936	129.951	127.73	128.062	130.874	132.456	132.132	
130.031	126.333	123.135	127.265	129.632	125.631	129.82	129.963	124.24	126.525	127.391	126.136	126.449	133.183	125.614	128.844	131.171	127.963	126.936	129.951	127.73	128.062	128.223	131.751	130.405	
130.031	126.333	123.135	127.265	129.632	125.631	129.82	129.963	124.24	126.525	127.391	126.136	126.449	131.966	123.704	128.844	127.57	127.963	126.936	128.938	127.73	128.062	127.115	131.622	130.405	
130.031	126.232	123.135	127.265	129.307	125.631	129.194	129.963	124.24	126.525	126.636	126.136	126.449	131.966	123.704	128.844	127.57	127.836	126.936	128.344	125.697	128.062	127.115	131.622	130.405	
130.031	126.232	123.135	127.265	127.657	125.209	129.194	127.895	123.821	126.525	125.415	126.136	126.011	130.956	123.704	127.553	127.57	127.836	126.328	127.363	122.737	128.062	124.824	129.582	124.516	
130.031	122.712	123.135	127.151	127.464	123.126	126.844	127.895	123.821	126.525	125.415	126.136	126.011	130.956	122.89	127.298	126.631	127.612	126.328	127.363	122.737	127.688	124.824	128.3	124.516	
127.344	122.712	123.135	127.151	127.464	123.126	124.405	127.895	123.821	126.525	124.429	124.227	126.011	130.862	122.89	123.035	126.631	127.612	126.328	126.757	122.737	126.949	124.824	125.884	124.516	
127.344	122.712	123.135	124.547	127.323	120.592	124.405	125.302	123.821	126.525	124.363	124.227	124.437	130.301	122.89	123.035	124.821	126.256	125.995	125.729	122.737	126.949	122.652	124.983	124.516	
127.344	122.712	121.033	124.547	126.728	120.592	124.405	125.302	123.821	126.432	123.939	124.227	124.437	124.134	122.422	123.035	124.228	125.916	125.808	125.729	122.737	124.081	122.652	124.983	124.516	
127.344	122.712	121.033	124.547	126.728	120.592	121.913	125.302	123.821	126.432	123.075	124.227	124.437	124.134	119.831	123.035	124.228	125.658	124.78	125.205	121.946	124.081	122.652	124.983	124.516	
125.705	122.712	120.105	124.547	126.507	120.592	121.861	125.302	123.821	126.432	122.949	121.665	124.437	124.134	118.851	123.035	124.228	123.248	120.734	123.046	121.946	124.081	121.329	120.308	124.516	
125.681	122.712	120.105	124.547	123.752	120.592	121.861	125.213	123.522	126.327	122.949	121.665	123.148	124.134	118.851	123.035	122.226	123.248	120.734	123.046	121.946	123.289	121.329	120.308	124.516	
124.917	122.712	120.105	124.547	123.752	120.592	121.861	125.213	122.053	126.327	122.416	121.665	123.148	124.134	118.851	123.035	122.226	123.248	120.734	123.046	121.946	123.289	121.329	120.308	124.516	
122.67	122.712	120.105	124.547	123.752	120.197	121.861	125.213	119.975	126.327	119.699	120.946	123.148	120.597	118.851	122.882	122.226	120.505	120.734	123.046	120.859	123.289	121.329	120.308	122.581	
122.67	122.712	120.105	124.484	123.04	119.313	121.861	125.057	119.92	125.886	119.699	120.946	123.148	120.597	118.851	122.635	122.226	120.505	120.734	119.274	120.859	123.034	121.329	120.308	122.581	
122.67	121.756	120.105	122.245	123.04	117.569	121.861	124.265	119.245	122.876	119.699	120.161	123.082	120.597	118.851	121.953	122.226	120.505	120.734	119.274	120.859	123.034	121.329	120.308	121.956	
122.67	121.756	119.899	122.245	123.04	117.569	121.058	122.471	119.245	122.876	119.115	120.161	121.619	120.597	118.521	121.953	121.812	119.164	120.734	119.274	120.221	122.81	120.893	120.308	121.956	
122.622	121.067	119.768	122.245	122.881	117.569	121.058	121.102	119.245	120.688	119.115	120.161	121.619	120.597	118.521	121.953	121.812	119.164	120.734	119.274	120.221	122.81	120.053	120.308	121.766	
121.838	120.301	119.374	122.245	122.724	117.569	121.058	121.003	118.346	120.448	119.115	120.161	121.619	120.597	118.521	119.591	121.647	119.164	120.734	119.274	120.221	121.609	120.053	120.308	121.766	
121.838	120.21	118.929	120.601	120.425	117.569	120.72	121.003	118.307	120.448	119.115	119.191	121.619	120.25	118.521	119.485	121.575	119.164	120.734	119.274	120.221	117.539	120.053	120.308	121.766	
119.335	118.334	118.929	120.564	120.332	117.569	120.621	120.83	118.307	120.448	119.115	119.191	121.619	120.25	118.422	119.485	121.295	119.164	120.734	119.274	119.197	117.539	117.29	120.308	119.264	
119.335	118.235	118.239	120.564	120.332	117.569	118.921	120.83	117.324	119.443	119.115	118.705	120.874	120.25	118.202	118.509	120.124	119.091	118.528	119.274	119.197	117.539	117.29	120.308	119.264	
119.335	118.235	118.069	120.564	119.009	117.368	118.524	117.303	117.324	119.443	119.115	117.673	120.734	120.033	117.952	118.509	119.352	118.219	118.528	118.889	119.197	117.539	117.29	120.308	119.264	
119.335	118.235	116.634	120.178	119.009	116.891	118.524	117.303	117.324	119.443	118.35	117.673	120.508	120.033	117.952	118.509	119.352	116.802	118.239	118.889	118.158	117.539	117.29	118.954	119.264	
119.335	116.305	116.634	119.577	119.009	116.891	118.524	117.303	117.119	119.443	118.35	117.673	120.038	120.033	117.383	116.96	119.352	116.802	118.239	118.889	117.865	117.539	117.29	118.954	117.262	
119.335	116.305	116.596	119.577	119.009	116.453	117.973	117.303	117.119	119.443	117.785	117.673	118.11	120.033	116.66	116.96	118.763	116.802	118.239	118.669	117.865	117.539	117.29	118.954	117.262	
119.335	116.305	116.596	119.577	119.009	116.435	117.973	117.303	117.119	119.443	117.634	117.673	118.11	119.714	115.501	116.96	118.763	116.802	118.239	118.669	117.156	117.539	117.102	118.928	117.262	
118.909	116.305	116.429	119.577	118.772	114.477	117.973	117.303	116.777	117.144	117.634	117.673	118.11	119.026	115.501	116.96	118.638	116.802	117.864	116.906	117.156	117.539	117.102	118.317	117.262	
117.669	116.305	116.249	118.182	118.07	114.477	115.967	117.303	116.217	117.144	117.551	117.673	118.11	119.026	115.501	116.96	118.638	116.802	117.864	116.906	117.156	117.539	117.102	118.317	117.262	
117.669	116.305	116.249	118.182	118.07	114.477	115.967	117.303	116.217	116.374	117.321	117.673	118.11	118.904	115.36	116.96	117.649	116.698	116.893	116.834	116.504	117.539	116.797	118.317	116.975	
117.669	115.501	116.249	118.182	118.07	114.477	115.967	117.303	116.217	116.374	117.247	117.275	118.11	118.627	115.36	116.96	117.649	116.698	116.893	116.834	116.504	117.539	116.797	118.317	116.975	
116.387	115.501	116.12	116.529	115.737	114.477	115.967	117.303	115.757	116.374	116.675	117.074	118.11	116.496	115.36	116.019	116.331	116.698	116.043	116.674	116.504	116.815	116.277	118.317	116.975	
116.387	115.501	115.616	116.529	115.737	114.477	115.184	117.303	115.113	116.374	116.675	116.648	118.039	116.496	114.831	116.019	116.331	116.387	116.043	116.674	116.504	116.815	116.277	116.234	116.975	
116.387	115.501	115.616	116.529	115.737	114.477	115.184	116.004	115.113	116.374	116.377	116.555	118.039	116.496	114.831	116.019	115.846	116.387	116.043	116.674	115.687	116.815	116.277	116.234	116.975	
116.387	115.501	115.413	116.529	115.737	114.477	115.184	116.004	115.113	115.588	116.377	114.861	117.25	116.496	114.755	116.019	115.846	115.374	116.043	116.674	115.687	116.815	115.826	116.234	116.973	
116.387	115.501	114.829	116.529	115.737	114.477	115.184	116.004	115.113	115.588	116.377	114.861	117.112	116.496	111.694	116.019	115.846	115.374	116.043	116.585	115.687	116.815	115.826	116.234	116.973	
116.387	115.088	114.829	115.208	115.311	114.477	115.184	116.004	115.113	115.588	116.149	114.861	116.911	116.496	111.694	116.019	115.13	115.374	116.043	116.008	115.687	116.815	115.826	116.193	115.454	
116.257	115.088	114.829	115.208	115.311	114.477	115.184	116.004	114.66	115.588	115.567	114.861	116.708	116.311	111.694	115.839	115.13	115.374	114.709	114.259	115.164	116.041	115.826	116.193	115.454	
115.518	115.088	114.829	115.208	114.24	114.477	115.095	115.516	114.66	115.588	115.127	114.861	116.361	116.311	111.694	115.513	115.13	115.357	114.172	114.259	115.164	116.041	115.826	115.85	115.097	
115.518	115.088	114.809	115.208	114.24	114.188	115.095	115.516	114.66	115.588	115.127	114.861	116.252	116.311	111.694	115.513	115.13	115.357	114.172	114.259	115.164	116.041	115.063	115.672	115.097	
115.518	114.315	114.381	115.208	114.24	114.078	115.095	115.324	114.529	115.531	115.127	114.861	115.459	116.311	111.694	115.513	114.985	115.357	114.172	114.259	114.834	115.738	114.675	115.672	115.097	
115.518	114.315	113.858	115.192	113.896	114.078	114.527	115.155	114.358	115.531	115.127	114.788	115.459	115.636	111.694	114.987	114.985	115.195	114.172	114.259	114.834	115.715	114.675	115.672	115.097	
115.476	114.315	113.858	115.192	113.896	112.43	114.527	114.905	114.25	115.531	115.127	114.788	115.459	114.655	111.694	114.987	114.599	115.195	114.172	114.259	114.834	114.987	114.675	115.46	115.097	
115.476	114.315	112.727	115.112	113.896	112.43	114.503	114.905	114.25	114.957	115.127	114.788	115.361	114.655	111.694	114.987	114.599	113.672	114.172	114.259	114.834	114.987	114.576	114.98	115.097	
115.299	113.826	112.727	115.11	113.896	112.43	113.986	114.463	113.443	114.884	114.114	114.507	115.28	114.439	111.694	114.952	114.599	113.672	113.703	114.259	114.773	114.987	114.037	114.98	115.003	
114.703	113.826	112.727	114.944	113.487	112.43	113.986	114.463	112.577	113.951	114.114	113.615	114.878	114.439	111.694	113.996	114.599	113.672	113.703	113.42	114.551	114.987	114.037	114.98	115.003	
114.703	113.556	112.527	114.724	113.437	112.43	113.986	114.463	112.577	113.809	114.114	113.615	113.984	114.439	110.758	113.996	114.544	113.672	113.703	113.06	113.998	114.987	114.037	114.69	114.838	
113.92	113.51	112.527	112.993	113.437	112.43	113.744	114.463	112.577	113.809	114.114	113.615	113.984	114.439	110.758	113.996	113.245	113.672	113.703	113.06	113.906	114.987	114.037	114.69	114.512	
113.92	112.138	111.632	112.993	113.279	111.902	113.744	113.47	112.577	113.809	113.768	113.192	113.984	114.281	108.752	113.996	113.245	113.672	112.581	113.06	113.357	113.982	113.017	114.379	114.512	
113.438	112.138	111.632	112.993	111.604	111.114	113.121	113.47	111.549	112.454	113.768	113.192	113.936	113.652	108.752	113.853	113.245	113.672	112.581	113.06	111.313	113.982	113.017	114.379	114.512	
113.438	111.621	111.632	112.993	111.604	111.114	113.121	113.47	111.549	112.454	112.614	113.192	113.936	113.652	108.752	112.436	113.245	113.672	112.581	113.06	111.313	113.982	113.017	114.379	114.512	
113.438	111.621	111.632	112.993	111.604	111.114	113.121	113.47	108.37	112.454	112.614	113.192	113.262	113.652	108.752	112.436	113.245	110.527	112.581	113.06	111.313	113.483	112.883	113.382	113.723	
113.438	108.334	111.632	112.811	111.604	109.737	113.038	113.47	108.37	112.454	112.614	113.026	113.262	113.652	108.752	112.436	113.23	110.527	112.581	112.603	111.313	113.483	111.844	113.382	113.723	
113.055	108.334	111.632	112.721	111.604	109.737	112.785	113.47	108.37	112.454	112.614	110.883	113.262	113.65	108.752	112.436	113.23	110.527	112.581	112.603	111.313	113.483	111.844	112.896	112.648	
113.055	108.334	109.546	112.721	111.604	108.322	112.279	113.47	108.37	112.454	111.733	110.883	113.262	112.744	107.5	112.436	113.204	110.527	112.018	112.603	111.313	113.483	111.844	112.745	112.648	
113.055	108.334	109.546	111.907	111.432	108.322	110.707	113.47	108.37	111.871	111.733	110.883	113.262	112.744	107.5	112.436	112.572	110.527	111.451	112.603	110.859	113.43	110.954	112.745	112.648	
113.055	108.334	109.546	111.907	111.432	108.322	110.707	112.123	108.37	111.641	111.733	110.674	112.802	112.744	107.5	112.01	112.572	110.527	111.451	111.784	110.859	113.43	110.954	112.745	112.648	
113.055	108.334	109.546	111.907	111.432	108.322	109.996	112.123	108.37	111.641	111.733	109.967	112.802	112.446	107.5	111.922	111.703	110.527	111.451	111.536	110.859	113.43	110.954	112.321	112.456	
111.947	108.334	109.546	110.708	110.791	108.322	109.996	112.123	108.37	111.641	111.733	109.662	111.226	111.883	107.5	111.922	109.991	110.527	111.451	109.76	110.859	113.43	110.954	112.321	112.456	
111.947	108.334	108.246	110.708	110.782	108.322	109.996	111.21	108.37	111.279	111.733	109.662	111.226	111.883	107.321	111.922	109.991	109.993	110.41	109.76	110.859	113.367	110.954	111.815	112.456	
111.947	108.334	108.246	110.708	110.782	108.322	109.996	111.169	108.37	111.279	109.954	109.662	111.226	111.883	107.321	111.479	109.991	109.993	108.229	109.76	110.687	112.543	110.673	111.815	112.456	
111.273	108.334	108.242	108.843	109.245	108.322	109.996	111.169	107.31	110.72	109.954	109.662	111.226	110.116	107.097	111.479	109.991	109.993	108.229	109.76	110.123	112.277	108.814	111.075	111.073	
111.151	108.334	108.242	108.843	109.245	107.486	109.996	111.169	107.31	110.057	109.48	108.257	111.226	110.116	107.097	111.479	107.998	109.768	108.229	109.76	110.123	112.277	108.814	109.703	111.073	
111.151	108.334	107.76	108.396	108.561	107.486	109.996	111.054	107.284	109.697	109.48	108.257	110.059	110.116	104.525	111.062	107.998	109.768	108.229	109.76	110.123	110.216	108.814	109.703	110.942	
111.151	107.758	107.76	107.495	106.926	107.486	109.996	110.778	106.588	109.628	109.48	108.257	110.059	109.178	104.525	111.062	107.998	109.768	108.229	109.662	107.449	110.216	108.025	109.703	110.942	
111.151	107.758	107.676	107.495	106.69	105.937	108.372	110.778	106.588	109.628	109.48	108.257	109.655	109.178	104.525	109.542	107.998	109.196	108.229	109.662	107.449	110.216	108.025	109.703	110.942	
111.088	107.758	107.503	107.495	106.69	105.937	108.372	108.529	106.588	109.628	108.107	108.257	109.655	109.178	104.525	109.542	107.998	109.196	107.821	108.645	107.449	109.669	108.025	109.15	109.376	
111.088	107.758	107.503	107.495	106.69	105.937	108.105	108.529	106.092	109.115	108.107	108.257	108.258	109.178	104.525	108.865	107.998	107.661	107.783	108.527	107.449	109.669	108.025	109.15	109.376	
108.192	106.273	107.503	106.924	106.69	105.765	108.105	108.529	105.291	107.436	108.107	108.257	108.258	107.516	104.525	108.865	107.998	107.661	107.783	108.347	107.449	108.944	107.891	107.616	108.902	
108.192	106.273	106.344	105.128	106.69	105.765	108.105	108.529	105.291	107.436	108.107	107.379	108.258	107.516	104.525	108.865	107.998	107.661	107.238	108.236	107.449	108.944	107.891	107.616	108.902	
108.192	105.965	105.883	105.128	106.646	105.765	108.006	108.529	105.291	104.964	106.466	107.379	108.258	107.516	104.525	107.417	107.998	107.661	106.236	107.264	105.31	108.944	106.307	107.616	108.902	
108.192	105.965	105.883	105.128	106.09	105.765	107.844	108.529	103.353	104.964	106.466	107.107	107.224	107.516	104.525	106.671	105.081	107.661	106.236	107.264	105.31	108.944	105.332	107.616	108.902	
107.857	105.965	105.883	105.128	105.843	105.765	107.844	107.634	103.353	104.964	106.466	105.605	107.224	106.586	103.897	106.671	105.081	107.661	106.236	107.264	105.31	108.944	105.332	107.356	108.902	
107.857	105.965	105.84	105.128	105.843	105.467	107.087	107.634	103.353	104.964	106.466	105.605	107.224	106.586	103.897	106.671	105.081	106.787	103.637	107.264	104.689	108.836	105.332	107.356	108.403	
107.857	105.431	104.61	105.128	105.843	105.06	105.955	107.634	103.353	104.437	106.466	105.605	107.224	106.586	103.897	106.671	105.081	106.787	103.637	107.264	104.689	108.836	105.332	107.236	107.794	
107.816	105.431	104.61	105.128	105.843	104.709	105.955	107.342	103.353	104.437	106.466	105.211	107.12	106.586	103.897	106.671	105.081	106.787	103.637	105.907	104.689	108.187	105.279	106.007	106.48	
107.68	105.431	104.481	105.128	104.552	103.595	105.902	107.342	103.353	104.437	106.466	105.211	107.12	106.586	103.871	105.82	105.081	106.476	103.637	105.608	104.689	105.67	104.272	106.007	106.48	
107.096	105.414	104.481	105.128	104.552	103.595	105.902	106.597	103.353	104.437	105.073	104.476	106.496	106.586	103.631	105.82	105.081	106.186	103.637	105.608	104.689	105.67	104.272	106.007	106.48	
106.459	104.316	104.481	105.128	104.552	103.595	105.555	105.843	103.353	104.437	105.073	104.476	106.496	106.57	103.631	105.82	105.081	105.809	103.637	105.608	104.689	105.67	104.272	105.186	106.48	
106.366	104.316	103.83	104.444	104.552	102.933	105.555	105.76	103.353	104.437	105.073	104.476	105.787	106.57	103.205	105.82	105.081	105.809	103.637	105.015	104.689	105.094	104.272	105.186	106.48	
106.366	104.316	103.776	104.444	104.496	102.846	105.226	105.76	103.353	104.435	104.097	104.476	105.787	105.446	103.205	104.377	104.877	105.809	103.637	104.692	104.689	105.094	104.272	104.582	106.105	
105.645	103.58	103.348	104.444	104.496	102.846	105.203	105.76	103.353	104.085	104.097	104.028	105.787	105.446	102.977	104.377	104.203	105.796	103.637	103.999	104.689	105.094	104.272	104.582	106.105	
105.077	103.58	103.348	104.204	103.751	102.846	103.884	105.322	101.919	103.804	104.097	104.028	103.981	105.406	102.977	104.377	104.011	104.623	103.637	103.999	104.321	104.981	104.224	104.582	106.105	
105.077	103.58	103.348	104.204	103.751	102.846	103.884	105.322	101.919	102.658	104.097	103.978	103.981	103.641	102.363	104.377	104.011	104.623	103.324	103.757	103.457	104.981	103.452	104.582	104.768	
104.869	103.127	103.348	104.204	103.751	102.846	103.753	104.014	101.919	102.658	104.097	103.978	103.981	103.641	102.363	103.96	103.054	104.573	103.324	103.757	103.457	104.981	103.452	104.582	104.768	
104.869	103.127	103.348	102.919	103.751	102.846	103.753	104.014	101.919	102.658	104.097	103.234	103.981	103.641	102.363	103.942	103.054	104.573	103.324	103.757	103.457	104.981	103.452	103.685	104.49	
103.175	102.734	102.835	102.919	103.751	102.846	103.753	104.014	101.919	102.658	103.929	103.234	103.981	103.641	102.363	103.853	103.054	104.573	103.324	103.757	102.869	104.981	103.452	103.685	104.49	
103.175	102.57	102.835	102.919	103.618	102.759	103.753	103.485	101.919	102.658	103.595	103.234	103.981	103.433	101.958	103.853	103.054	103.491	102.98	103.067	102.869	104.981	103.452	102.406	103.805	
103.175	102.57	102.835	102.919	103.618	102.217	103.005	103.485	101.919	102.658	103.453	103.044	102.917	103.433	101.623	103.853	103.054	103.491	102.745	103.067	102.869	103.68	103.049	102.406	103.805	
102.584	102.57	102.835	102.747	103.04	102.217	103.005	103.485	101.919	102.658	102.913	103.044	102.917	103.345	101.623	103.814	103.054	103.032	102.745	103.067	102.869	103.68	103.024	102.406	103.805	
102.584	102.57	102.835	102.747	102.821	102.217	103.005	103.031	101.919	102.658	102.913	103.044	102.917	103.345	101.623	103.814	103.054	103.032	102.037	103.067	102.81	103.68	102.736	102.406	103.655	
102.584	102.57	102.297	102.747	102.821	101.671	103.005	103.031	101.919	102.396	102.874	102.773	102.917	102.933	101.623	103.491	103.054	102.899	102.037	103.067	102.81	102.634	102.736	102.406	103.027	
102.584	102.57	102.297	102.339	102.821	101.671	102.708	103.031	101.793	102.396	102.874	102.773	102.917	102.33	101.47	103.491	103.054	102.899	102.037	103.067	102.81	102.634	102.303	102.406	102.554	
102.584	102.386	102.12	102.339	102.578	101.468	102.583	102.78	101.793	102.396	102.53	102.773	102.917	102.33	101.47	103.491	102.686	102.899	102.037	103.067	102.339	102.634	102.303	102.406	102.554	
102.584	102.386	102.03	102.339	102.547	101.107	102.583	102.78	101.689	102.306	102.53	102.703	102.917	102.33	101.47	103.297	101.978	102.899	102.013	102.469	101.904	102.634	102.303	102.271	102.554	
102.584	102.386	102.03	102.339	102.547	101.107	102.583	102.78	101.443	102.306	102.53	102.093	101.97	102.33	101.47	102.936	101.978	102.755	101.942	102.469	101.904	102.634	102.303	102.271	102.554	
102.482	101.632	102.03	101.769	101.848	101.107	102.565	102.78	101.443	102.306	102.53	101.801	101.97	102.33	101.239	102.55	101.978	102.755	101.942	102.464	101.904	102.634	101.301	102.271	102.554	
102.482	101.632	102.03	101.769	101.848	101.107	102.421	102.78	101.342	102.306	102.266	101.801	101.97	102.261	101.239	102.55	101.978	102.755	101.942	101.854	101.628	102.634	101.301	102.271	102.554	
102.378	101.632	101.426	101.769	101.848	101.107	102.421	102.727	101.342	101.786	102.266	101.801	101.97	102.261	101.116	102.537	101.978	101.895	101.352	101.854	101.628	102.634	101.301	102.271	102.481	
102.189	101.632	101.426	101.769	101.848	101.107	102.225	102.419	101.342	101.469	102.012	101.766	101.97	101.519	101.116	102.537	101.878	101.895	101.352	101.854	101.451	102.634	101.274	101.937	102.379	
102.189	101.632	101.426	101.769	101.848	101.107	101.845	102.194	101.336	101.469	102.012	101.766	101.97	101.519	101.116	101.364	101.878	101.895	101.352	101.218	101.451	102.634	101.274	101.937	102.379	
102.189	101.356	101.3	101.267	101.731	101.107	101.723	101.792	101.166	101.469	102.012	101.656	101.97	101.519	100.942	101.364	101.672	101.895	101.352	101.218	101.451	102.634	101.274	101.937	102.297	
102.144	101.356	101.3	101.267	101.731	101.107	101.723	101.792	101.166	101.469	101.581	101.656	101.824	101.519	100.928	101.364	101.232	101.895	101.352	101.218	101.451	102.63	101.274	101.937	102.066	
101.802	101.356	101.3	101.267	101.731	100.933	101.723	101.792	101.166	101.469	101.581	101.628	101.824	101.519	100.928	101.364	101.232	101.827	101.352	101.218	101.451	101.624	101.174	101.937	102.066	
101.802	101.227	101.3	101.127	101.499	100.933	101.377	101.734	101.166	101.457	101.581	101.628	101.824	101.519	100.65	101.364	101.232	101.827	101.352	101.218	101.44	101.624	101.174	101.827	101.995	
101.622	101.227	101.3	101.127	101.499	100.91	101.377	101.734	101.135	101.457	101.49	101.544	101.733	101.519	100.65	101.364	101.186	101.827	101.049	101.218	101.246	101.624	101.174	101.259	101.765	
101.518	101.227	101.3	101.127	101.499	100.847	101.377	101.734	101.135	101.457	101.28	101.32	101.686	101.519	100.65	101.364	101.186	101.827	101.049	101.218	101.246	101.624	101.174	101.259	101.765	
101.301	101.227	101.288	100.97	101.049	100.847	101.377	101.734	101.049	101.399	101.28	101.32	101.683	101.519	100.65	101.364	101.186	101.55	101.049	101.218	101.246	101.624	101.174	101.259	101.765	
101.301	101.156	101.288	100.97	101.049	100.847	101.377	101.734	101.039	101.328	101.28	101.32	101.505	101.519	100.65	101.364	101.162	101.55	100.994	101.218	101.101	101.624	101.174	101.259	101.765	
101.301	101.069	100.784	100.828	101.049	100.697	101.231	101.138	101.037	101.242	101.28	101.32	101.188	101.14	100.598	101.364	101.162	101.55	100.994	101.218	101.101	101.624	101.174	101.259	101.348	
101.301	101.025	100.784	100.828	101.049	100.697	101.231	101.138	100.982	100.906	101.169	101.19	101.188	101.14	100.474	101.364	101.162	101.55	100.799	101.197	101.099	101.624	101.112	101.259	101.348	
101.301	101.024	100.784	100.828	101.049	100.609	101.002	101.138	100.901	100.906	101.169	101.19	101.188	101.14	100.474	101.317	100.966	101.466	100.799	100.99	100.975	101.624	101.112	101.109	101.324	
101.182	101.024	100.784	100.828	101.049	100.609	101.002	101.138	100.717	100.906	101.163	101.162	101.188	101.14	100.474	101.217	100.796	101.434	100.799	100.968	100.856	101.624	101.009	101.109	101.324	
101.18	100.977	100.784	100.828	100.983	100.609	101.002	101.138	100.717	100.906	101.143	101.078	101.188	101.117	100.474	101.217	100.796	101.376	100.799	100.968	100.856	101.554	101.009	101.109	101.242	
100.962	100.852	100.719	100.828	100.983	100.609	101.002	101.138	100.707	100.906	100.903	101.077	100.955	101.066	100.474	101.217	100.796	101.247	100.799	100.968	100.856	101.477	101.009	101.109	100.863	
100.962	100.79	100.719	100.828	100.871	100.609	100.805	101.138	100.707	100.838	100.875	100.971	100.955	100.746	100.474	100.875	100.796	101.195	100.799	100.785	100.796	101.2	100.954	101.109	100.863	
100.962	100.79	100.719	100.675	100.731	100.609	100.805	101.095	100.638	100.838	100.7	100.828	100.716	100.746	100.474	100.875	100.796	101.195	100.772	100.753	100.796	101.2	100.78	101.109	100.863	
100.962	100.742	100.719	100.675	100.731	100.583	100.805	101.036	100.638	100.412	100.7	100.828	100.716	100.746	100.474	100.709	100.796	101.195	100.757	100.753	100.557	100.758	100.555	101.109	100.863	
100.962	100.742	100.581	100.672	100.731	100.583	100.611	101.036	100.638	100.412	100.7	100.824	100.716	100.746	100.469	100.709	100.796	101.102	100.696	100.698	100.557	100.758	100.469	100.907	100.751	
100.962	100.71	100.581	100.672	100.731	100.515	100.611	100.91	100.552	100.412	100.7	100.765	100.716	100.746	100.469	100.709	100.796	100.903	100.616	100.698	100.557	100.758	100.469	100.907	100.751	
100.805	100.71	100.581	100.672	100.731	100.484	100.576	100.91	100.419	100.412	100.7	100.662	100.716	100.746	100.469	100.622	100.692	100.903	100.518	100.698	100.557	100.758	100.469	100.907	100.751	
100.689	100.71	100.517	100.672	100.718	100.484	100.576	100.91	100.419	100.412	100.627	100.392	100.716	100.746	100.399	100.622	100.642	100.866	100.518	100.698	100.557	100.758	100.469	100.774	100.751	
100.689	100.627	100.514	100.558	100.718	100.484	100.576	100.91	100.419	100.412	100.627	100.392	100.576	100.746	100.344	100.622	100.642	100.702	100.518	100.698	100.515	100.758	100.469	100.742	100.751	
100.689	100.627	100.514	100.558	100.601	100.405	100.576	100.82	100.419	100.412	100.627	100.392	100.478	100.746	100.337	100.564	100.642	100.702	100.518	100.593	100.515	100.758	100.469	100.742	100.751	
100.689	100.543	100.514	100.558	100.531	100.405	100.576	100.724	100.419	100.412	100.627	100.392	100.478	100.635	100.337	100.564	100.642	100.63	100.518	100.593	100.494	100.758	100.469	100.639	100.695	
100.673	100.483	100.514	100.558	100.531	100.405	100.576	100.724	100.419	100.412	100.583	100.392	100.478	100.635	100.337	100.564	100.556	100.63	100.518	100.593	100.494	100.758	100.469	100.639	100.691	
100.652	100.483	100.493	100.543	100.531	100.351	100.576	100.63	100.387	100.412	100.583	100.392	100.478	100.53	100.337	100.564	100.556	100.63	100.47	100.593	100.482	100.723	100.469	100.602	100.531	
100.429	100.483	100.418	100.491	100.531	100.351	100.56	100.63	100.387	100.412	100.583	100.392	100.478	100.53	100.337	100.564	100.556	100.518	100.42	100.515	100.433	100.654	100.469	100.522	100.531	
100.429	100.462	100.388	100.491	100.456	100.351	100.438	100.545	100.387	100.412	100.583	100.392	100.334	100.53	100.259	100.481	100.496	100.518	100.42	100.515	100.404	100.654	100.469	100.522	100.531	
100.429	100.462	100.279	100.459	100.456	100.351	100.438	100.545	100.387	100.412	100.437	100.392	100.334	100.417	100.259	100.381	100.478	100.518	100.42	100.515	100.404	100.603	100.469	100.495	100.531	
100.429	100.374	100.279	100.415	100.43	100.351	100.438	100.545	100.312	100.412	100.386	100.392	100.334	100.417	100.259	100.381	100.381	100.518	100.318	100.512	100.365	100.603	100.391	100.495	100.531	
100.429	100.374	100.279	100.415	100.424	100.297	100.438	100.545	100.312	100.412	100.386	100.246	100.334	100.417	100.259	100.377	100.381	100.518	100.318	100.415	100.365	100.603	100.391	100.495	100.531	
100.429	100.374	100.279	100.415	100.424	100.297	100.438	100.545	100.312	100.363	100.386	100.246	100.334	100.417	100.259	100.377	100.381	100.518	100.318	100.338	100.361	100.603	100.391	100.406	100.531	
100.429	100.37	100.279	100.412	100.337	100.278	100.427	100.457	100.312	100.363	100.342	100.246	100.334	100.417	100.224	100.377	100.279	100.518	100.318	100.338	100.323	100.495	100.391	100.406	100.521	
100.429	100.37	100.279	100.412	100.337	100.278	100.414	100.457	100.312	100.363	100.342	100.246	100.323	100.417	100.221	100.377	100.279	100.518	100.318	100.338	100.323	100.485	100.38	100.406	100.453	
100.429	100.37	100.279	100.326	100.337	100.278	100.402	100.384	100.312	100.363	100.327	100.246	100.293	100.417	100.221	100.377	100.279	100.483	100.266	100.326	100.2	100.485	100.307	100.406	100.426	
100.323	100.369	100.262	100.245	100.337	100.248	100.402	100.384	100.225	100.363	100.305	100.246	100.293	100.417	100.221	100.377	100.279	100.483	100.243	100.326	100.2	100.485	100.307	100.317	100.426	
100.323	100.333	100.262	100.245	100.331	100.233	100.376	100.384	100.225	100.363	100.293	100.244	100.283	100.291	100.221	100.368	100.279	100.483	100.243	100.326	100.2	100.485	100.307	100.317	100.284	
100.323	100.333	100.236	100.245	100.331	100.233	100.361	100.384	100.225	100.338	100.293	100.244	100.283	100.291	100.183	100.32	100.273	100.397	100.183	100.27	100.2	100.476	100.305	100.317	100.284	
100.323	100.284	100.231	100.245	100.329	100.198	100.316	100.347	100.225	100.316	100.293	100.244	100.283	100.291	100.183	100.32	100.211	100.397	100.183	100.27	100.2	100.422	100.305	100.317	100.284	
100.323	100.284	100.231	100.245	100.329	100.198	100.287	100.347	100.206	100.301	100.293	100.244	100.283	100.246	100.183	100.32	100.211	100.331	100.183	100.27	100.171	100.422	100.26	100.317	100.284	
100.323	100.284	100.186	100.245	100.329	100.165	100.287	100.347	100.206	100.301	100.286	100.244	100.227	100.246	100.178	100.303	100.211	100.331	100.183	100.269	100.171	100.422	100.26	100.294	100.284	
100.323	100.245	100.186	100.245	100.259	100.165	100.287	100.347	100.206	100.285	100.286	100.244	100.227	100.246	100.177	100.303	100.211	100.331	100.177	100.269	100.171	100.405	100.26	100.271	100.284	
100.308	100.245	100.186	100.231	100.259	100.165	100.287	100.331	100.206	100.285	100.277	100.205	100.227	100.227	100.177	100.27	100.211	100.331	100.177	100.195	100.171	100.405	100.26	100.271	100.284	
100.308	100.245	100.186	100.231	100.259	100.165	100.283	100.331	100.206	100.264	100.243	100.154	100.227	100.227	100.157	100.27	100.211	100.314	100.173	100.195	100.171	100.389	100.26	100.198	100.284	
100.306	100.218	100.183	100.231	100.242	100.165	100.273	100.261	100.172	100.231	100.243	100.154	100.159	100.227	100.157	100.22	100.211	100.281	100.173	100.195	100.171	100.374	100.246	100.198	100.284	
100.299	100.218	100.141	100.201	100.242	100.165	100.242	100.261	100.172	100.186	100.243	100.154	100.159	100.227	100.143	100.22	100.211	100.281	100.173	100.195	100.171	100.342	100.239	100.198	100.27	
100.279	100.218	100.141	100.184	100.214	100.165	100.242	100.254	100.152	100.186	100.223	100.154	100.159	100.155	100.134	100.22	100.211	100.238	100.164	100.195	100.169	100.315	100.239	100.198	100.27	
100.246	100.187	100.133	100.172	100.214	100.165	100.222	100.253	100.152	100.179	100.203	100.154	100.159	100.155	100.134	100.22	100.211	100.238	100.164	100.195	100.169	100.315	100.211	100.198	100.244	
100.226	100.187	100.133	100.135	100.214	100.144	100.222	100.253	100.152	100.179	100.202	100.154	100.159	100.155	100.134	100.218	100.203	100.238	100.164	100.168	100.167	100.315	100.18	100.198	100.244	
100.226	100.187	100.133	100.135	100.214	100.119	100.222	100.253	100.152	100.179	100.196	100.154	100.159	100.155	100.122	100.217	100.178	100.236	100.15	100.168	100.167	100.28	100.18	100.198	100.219	
100.189	100.138	100.133	100.135	100.214	100.119	100.16	100.215	100.115	100.179	100.187	100.153	100.159	100.155	100.117	100.217	100.149	100.228	100.123	100.168	100.156	100.249	100.18	100.198	100.218	
100.189	100.138	100.133	100.135	100.175	100.111	100.16	100.215	100.115	100.159	100.158	100.15	100.133	100.155	100.117	100.191	100.149	100.216	100.123	100.166	100.156	100.249	100.171	100.181	100.214	
100.182	100.138	100.116	100.119	100.175	100.111	100.16	100.213	100.115	100.159	100.158	100.147	100.133	100.155	100.117	100.155	100.149	100.193	100.123	100.166	100.124	100.202	100.171	100.181	100.207	
100.182	100.138	100.116	100.119	100.175	100.11	100.153	100.194	100.115	100.145	100.158	100.147	100.133	100.147	100.117	100.143	100.149	100.19	100.123	100.166	100.106	100.202	100.168	100.181	100.172	
100.182	100.134	100.114	100.119	100.175	100.11	100.153	100.194	100.115	100.145	100.158	100.138	100.133	100.147	100.104	100.143	100.149	100.174	100.123	100.165	100.106	100.202	100.143	100.155	100.172	
100.182	100.124	100.1	100.119	100.168	100.11	100.145	100.165	100.115	100.145	100.151	100.11	100.133	100.147	100.095	100.143	100.148	100.174	100.123	100.163	100.106	100.202	100.135	100.149	100.172	
100.144	100.124	100.1	100.119	100.156	100.109	100.139	100.165	100.115	100.135	100.131	100.11	100.133	100.132	100.095	100.143	100.148	100.174	100.115	100.15	100.106	100.159	100.126	100.149	100.154	
100.144	100.124	100.086	100.119	100.146	100.109	100.118	100.165	100.115	100.133	100.102	100.105	100.129	100.132	100.089	100.14	100.148	100.174	100.093	100.116	100.106	100.159	100.126	100.149	100.154	
100.144	100.124	100.086	100.108	100.118	100.1	100.118	100.162	100.106	100.133	100.102	100.09	100.114	100.132	100.089	100.14	100.146	100.174	100.093	100.116	100.106	100.159	100.123	100.146	100.154	
100.144	100.121	100.086	100.106	100.118	100.1	100.118	100.162	100.088	100.126	100.102	100.09	100.114	100.122	100.086	100.14	100.091	100.134	100.093	100.116	100.099	100.159	100.102	100.123	100.15	
100.138	100.121	100.086	100.103	100.118	100.092	100.118	100.162	100.088	100.113	100.102	100.09	100.114	100.122	100.081	100.124	100.091	100.134	100.093	100.111	100.099	100.159	100.095	100.123	100.15	
100.138	100.103	100.066	100.103	100.109	100.082	100.118	100.108	100.088	100.113	100.102	100.09	100.102	100.122	100.074	100.108	100.091	100.134	100.093	100.111	100.093	100.157	100.095	100.123	100.136	
100.109	100.1	100.066	100.102	100.086	100.082	100.118	100.108	100.088	100.112	100.102	100.09	100.082	100.111	100.072	100.108	100.091	100.134	100.093	100.081	100.093	100.142	100.094	100.121	100.136	
100.109	100.1	100.066	100.102	100.086	100.082	100.114	100.108	100.087	100.112	100.096	100.076	100.082	100.111	100.068	100.081	100.091	100.134	100.093	100.081	100.093	100.142	100.09	100.121	100.136	
100.109	100.1	100.061	100.091	100.076	100.071	100.112	100.108	100.084	100.106	100.093	100.076	100.082	100.111	100.061	100.081	100.091	100.119	100.079	100.081	100.093	100.109	100.09	100.098	100.135	
100.109	100.09	100.055	100.08	100.076	100.071	100.107	100.108	100.084	100.105	100.083	100.076	100.079	100.111	100.061	100.081	100.091	100.107	100.079	100.081	100.088	100.109	100.09	100.098	100.112	
100.109	100.09	100.055	100.078	100.076	100.071	100.107	100.106	100.084	100.102	100.081	100.076	100.079	100.099	100.053	100.081	100.087	100.107	100.079	100.08	100.072	100.109	100.082	100.098	100.112	
100.109	100.09	100.055	100.078	100.076	100.071	100.107	100.106	100.069	100.102	100.076	100.076	100.075	100.092	100.053	100.081	100.071	100.106	100.058	100.08	100.069	100.109	100.082	100.098	100.112	
100.08	100.089	100.053	100.078	100.076	100.071	100.083	100.099	100.065	100.102	100.076	100.075	100.073	100.085	100.051	100.081	100.071	100.106	100.058	100.07	100.069	100.103	100.073	100.098	100.108	
100.074	100.074	100.053	100.071	100.076	100.069	100.083	100.099	100.065	100.087	100.076	100.075	100.07	100.081	100.051	100.081	100.067	100.104	100.058	100.07	100.069	100.103	100.07	100.085	100.104	
100.074	100.074	100.053	100.071	100.076	100.048	100.083	100.082	100.056	100.087	100.076	100.07	100.07	100.074	100.051	100.081	100.067	100.093	100.054	100.07	100.069	100.089	100.07	100.085	100.097	
100.074	100.074	100.052	100.071	100.076	100.048	100.069	100.082	100.056	100.076	100.076	100.062	100.059	100.074	100.04	100.081	100.067	100.093	100.054	100.07	100.053	100.089	100.07	100.061	100.097	
100.074	100.071	100.052	100.071	100.076	100.048	100.069	100.082	100.056	100.076	100.07	100.062	100.059	100.074	100.04	100.073	100.067	100.092	100.054	100.07	100.053	100.089	100.06	100.061	100.084	
100.063	100.066	100.046	100.066	100.076	100.048	100.069	100.077	100.051	100.076	100.07	100.056	100.059	100.074	100.04	100.073	100.067	100.09	100.046	100.07	100.053	100.082	100.06	100.061	100.076	
100.063	100.06	100.044	100.05	100.068	100.048	100.069	100.077	100.051	100.075	100.065	100.056	100.059	100.074	100.04	100.073	100.067	100.09	100.046	100.07	100.051	100.082	100.06	100.061	100.076	
100.06	100.05	100.036	100.05	100.068	100.045	100.069	100.077	100.051	100.071	100.065	100.056	100.059	100.067	100.04	100.07	100.067	100.083	100.046	100.06	100.051	100.082	100.057	100.061	100.076	
100.059	100.042	100.036	100.05	100.067	100.045	100.052	100.077	100.051	100.06	100.058	100.055	100.057	100.067	100.034	100.06	100.067	100.078	100.046	100.06	100.051	100.08	100.057	100.061	100.065	
100.059	100.042	100.036	100.05	100.058	100.043	100.052	100.067	100.044	100.06	100.058	100.049	100.049	100.067	100.034	100.06	100.064	100.068	100.046	100.051	100.049	100.08	100.049	100.061	100.065	
100.059	100.042	100.036	100.05	100.052	100.035	100.052	100.064	100.044	100.051	100.058	100.049	100.045	100.067	100.032	100.059	100.064	100.068	100.038	100.043	100.049	100.07	100.049	100.056	100.063	
100.055	100.042	100.034	100.048	100.052	100.035	100.052	100.064	100.042	100.051	100.053	100.042	100.045	100.061	100.032	100.055	100.048	100.068	100.038	100.043	100.044	100.07	100.049	100.056	100.063	
100.055	100.042	100.034	100.039	100.052	100.035	100.052	100.064	100.042	100.051	100.053	100.042	100.042	100.05	100.032	100.055	100.048	100.067	100.038	100.043	100.037	100.058	100.049	100.053	100.063	
100.055	100.042	100.033	100.039	100.05	100.035	100.052	100.064	100.042	100.051	100.04	100.042	100.042	100.046	100.028	100.047	100.045	100.058	100.037	100.043	100.037	100.058	100.041	100.053	100.063	
100.044	100.042	100.033	100.035	100.05	100.031	100.048	100.06	100.042	100.051	100.04	100.042	100.042	100.045	100.028	100.047	100.033	100.058	100.037	100.043	100.037	100.056	100.041	100.053	100.063	
100.044	100.038	100.03	100.035	100.046	100.031	100.048	100.048	100.034	100.051	100.04	100.038	100.033	100.045	100.028	100.047	100.033	100.056	100.036	100.043	100.036	100.056	100.041	100.052	100.056	
100.044	100.035	100.026	100.035	100.041	100.031	100.048	100.048	100.032	100.043	100.04	100.029	100.033	100.045	100.028	100.047	100.033	100.056	100.036	100.043	100.036	100.056	100.041	100.052	100.053	
100.044	100.035	100.024	100.035	100.041	100.03	100.045	100.043	100.032	100.043	100.04	100.029	100.033	100.041	100.028	100.047	100.033	100.04	100.035	100.036	100.033	100.052	100.034	100.041	100.053	
100.044	100.035	100.024	100.034	100.04	100.03	100.045	100.043	100.032	100.043	100.036	100.029	100.033	100.041	100.027	100.044	100.033	100.04	100.033	100.036	100.033	100.052	100.034	100.039	100.052	
100.044	100.034	100.024	100.034	100.04	100.03	100.04	100.043	100.032	100.04	100.036	100.029	100.033	100.041	100.027	100.044	100.033	100.04	100.023	100.036	100.024	100.047	100.03	100.039	100.039	
100.038	100.032	100.019	100.031	100.036	100.025	100.04	100.039	100.025	100.034	100.036	100.029	100.029	100.028	100.027	100.036	100.033	100.04	100.023	100.036	100.024	100.047	100.028	100.039	100.039	
100.038	100.032	100.019	100.029	100.03	100.024	100.038	100.039	100.025	100.034	100.031	100.029	100.029	100.028	100.025	100.036	100.033	100.04	100.023	100.036	100.024	100.044	100.028	100.026	100.039	
100.037	100.03	100.019	100.029	100.03	100.024	100.038	100.038	100.025	100.028	100.031	100.025	100.029	100.028	100.025	100.036	100.032	100.04	100.023	100.036	100.024	100.044	100.028	100.026	100.039	
100.037	100.028	100.019	100.028	100.026	100.024	100.038	100.033	100.025	100.028	100.031	100.025	100.028	100.028	100.024	100.034	100.032	100.04	100.023	100.036	100.024	100.044	100.028	100.026	100.039	
100.036	100.028	100.019	100.028	100.026	100.021	100.038	100.033	100.024	100.028	100.03	100.025	100.025	100.028	100.024	100.032	100.032	100.036	100.018	100.032	100.024	100.041	100.028	100.026	100.039	
100.036	100.028	100.019	100.028	100.026	100.021	100.036	100.033	100.023	100.028	100.03	100.025	100.023	100.028	100.021	100.032	100.027	100.036	100.018	100.032	100.024	100.041	100.028	100.026	100.034	
100.035	100.028	100.018	100.028	100.026	100.021	100.036	100.033	100.022	100.028	100.025	100.025	100.023	100.028	100.021	100.031	100.027	100.035	100.018	100.024	100.024	100.041	100.026	100.026	100.034	
100.029	100.027	100.018	100.027	100.023	100.017	100.027	100.033	100.022	100.028	100.023	100.024	100.022	100.023	100.019	100.028	100.027	100.031	100.018	100.024	100.024	100.041	100.024	100.026	100.033	
100.025	100.025	100.018	100.024	100.022	100.017	100.027	100.032	100.022	100.028	100.023	100.024	100.022	100.023	100.018	100.028	100.023	100.031	100.018	100.024	100.024	100.036	100.024	100.025	100.033	
100.025	100.025	100.018	100.024	100.022	100.017	100.023	100.032	100.022	100.024	100.023	100.021	100.022	100.023	100.018	100.028	100.023	100.031	100.018	100.024	100.02	100.036	100.023	100.025	100.033	
100.021	100.022	100.017	100.023	100.022	100.017	100.023	100.029	100.019	100.024	100.023	100.018	100.02	100.023	100.015	100.025	100.022	100.03	100.018	100.024	100.02	100.036	100.023	100.025	100.025	
100.021	100.021	100.017	100.022	100.017	100.016	100.023	100.026	100.019	100.024	100.023	100.018	100.02	100.023	100.015	100.025	100.022	100.03	100.018	100.024	100.018	100.03	100.023	100.023	100.025	
100.021	100.02	100.017	100.019	100.017	100.016	100.023	100.026	100.018	100.022	100.023	100.017	100.019	100.023	100.015	100.025	100.019	100.028	100.018	100.024	100.018	100.03	100.019	100.022	100.024	
100.021	100.02	100.015	100.019	100.017	100.016	100.023	100.026	100.018	100.022	100.022	100.017	100.017	100.022	100.015	100.025	100.019	100.027	100.018	100.018	100.018	100.03	100.016	100.015	100.023	
100.018	100.016	100.014	100.019	100.017	100.014	100.023	100.026	100.015	100.022	100.022	100.017	100.017	100.02	100.015	100.025	100.019	100.025	100.016	100.018	100.018	100.024	100.016	100.015	100.023	
100.018	100.015	100.014	100.019	100.017	100.012	100.022	100.022	100.015	100.019	100.02	100.017	100.015	100.02	100.015	100.023	100.019	100.019	100.016	100.018	100.017	100.024	100.016	100.015	100.02	
100.017	100.015	100.011	100.014	100.017	100.012	100.021	100.022	100.015	100.019	100.019	100.017	100.015	100.017	100.015	100.022	100.014	100.019	100.012	100.018	100.017	100.024	100.016	100.015	100.02	
100.017	100.014	100.011	100.014	100.017	100.012	100.021	100.022	100.015	100.019	100.018	100.014	100.015	100.017	100.013	100.019	100.014	100.019	100.012	100.018	100.015	100.024	100.016	100.015	100.02	
100.017	100.014	100.011	100.014	100.017	100.012	100.021	100.022	100.012	100.019	100.018	100.014	100.015	100.017	100.012	100.019	100.014	100.019	100.012	100.018	100.015	100.024	100.013	100.015	100.02	
100.017	100.014	100.011	100.014	100.017	100.012	100.017	100.018	100.012	100.019	100.018	100.014	100.014	100.017	100.01	100.019	100.014	100.019	100.012	100.016	100.015	100.024	100.013	100.015	100.02	
100.017	100.014	100.011	100.013	100.014	100.012	100.017	100.018	100.012	100.019	100.016	100.014	100.014	100.016	100.01	100.018	100.014	100.019	100.012	100.016	100.013	100.024	100.013	100.015	100.019	
100.016	100.012	100.01	100.013	100.014	100.011	100.017	100.018	100.012	100.016	100.014	100.014	100.014	100.015	100.01	100.018	100.014	100.019	100.011	100.015	100.013	100.024	100.013	100.015	100.016	
100.014	100.012	100.01	100.012	100.014	100.01	100.017	100.018	100.012	100.016	100.014	100.014	100.012	100.015	100.01	100.017	100.014	100.017	100.011	100.015	100.012	100.018	100.012	100.014	100.016	
100.014	100.012	100.01	100.011	100.012	100.008	100.015	100.015	100.011	100.015	100.014	100.014	100.012	100.013	100.009	100.017	100.013	100.017	100.011	100.015	100.011	100.018	100.012	100.014	100.016	
100.014	100.012	100.01	100.01	100.012	100.008	100.014	100.015	100.011	100.013	100.013	100.013	100.012	100.013	100.009	100.017	100.01	100.014	100.011	100.015	100.011	100.018	100.012	100.014	100.015	
100.014	100.012	100.009	100.01	100.012	100.008	100.014	100.015	100.01	100.013	100.011	100.011	100.012	100.013	100.009	100.015	100.01	100.014	100.01	100.015	100.011	100.016	100.011	100.013	100.015	
100.014	100.011	100.009	100.01	100.012	100.008	100.014	100.015	100.01	100.012	100.011	100.011	100.01	100.013	100.009	100.015	100.01	100.014	100.01	100.013	100.011	100.016	100.011	100.013	100.013	
100.014	100.011	100.009	100.01	100.012	100.008	100.013	100.012	100.01	100.012	100.011	100.011	100.009	100.011	100.009	100.015	100.01	100.014	100.01	100.013	100.01	100.016	100.009	100.013	100.013	
100.011	100.009	100.008	100.01	100.012	100.007	100.013	100.012	100.009	100.012	100.011	100.008	100.009	100.011	100.007	100.014	100.01	100.013	100.01	100.011	100.01	100.016	100.009	100.013	100.013	
100.011	100.009	100.008	100.009	100.011	100.007	100.013	100.012	100.009	100.012	100.011	100.008	100.009	100.011	100.007	100.013	100.01	100.012	100.01	100.011	100.01	100.014	100.009	100.012	100.013	
100.01	100.009	100.008	100.009	100.01	100.007	100.013	100.012	100.008	100.012	100.01	100.008	100.009	100.011	100.007	100.013	100.01	100.012	100.009	100.01	100.01	100.013	100.009	100.012	100.013	
100.01	100.009	100.007	100.009	100.009	100.007	100.011	100.012	100.008	100.012	100.01	100.008	100.009	100.01	100.007	100.013	100.01	100.012	100.006	100.01	100.01	100.013	100.009	100.01	100.013	
100.009	100.009	100.007	100.009	100.009	100.007	100.009	100.01	100.008	100.011	100.01	100.008	100.009	100.01	100.007	100.011	100.009	100.011	100.006	100.009	100.009	100.013	100.008	100.01	100.012	
100.009	100.007	100.006	100.008	100.009	100.007	100.009	100.01	100.008	100.01	100.009	100.008	100.007	100.01	100.007	100.011	100.007	100.011	100.006	100.009	100.009	100.012	100.008	100.01	100.009	
100.008	100.007	100.006	100.008	100.009	100.006	100.009	100.01	100.007	100.007	100.009	100.007	100.006	100.008	100.007	100.011	100.007	100.011	100.006	100.009	100.008	100.012	100.008	100.01	100.009	
100.008	100.007	100.006	100.008	100.008	100.006	100.008	100.01	100.006	100.007	100.009	100.007	100.006	100.008	100.006	100.011	100.007	100.011	100.006	100.009	100.007	100.009	100.008	100.008	100.009	
100.008	100.007	100.006	100.007	100.008	100.006	100.008	100.01	100.006	100.007	100.008	100.007	100.005	100.008	100.006	100.01	100.006	100.01	100.006	100.007	100.006	100.009	100.008	100.008	100.009	
100.008	100.007	100.006	100.007	100.008	100.006	100.008	100.008	100.006	100.007	100.006	100.007	100.005	100.008	100.006	100.01	100.006	100.01	100.006	100.007	100.006	100.009	100.008	100.008	100.009	
100.007	100.006	100.005	100.007	100.008	100.006	100.008	100.008	100.006	100.007	100.006	100.007	100.005	100.008	100.006	100.008	100.006	100.01	100.006	100.007	100.006	100.009	100.007	100.008	100.009	
100.007	100.006	100.005	100.007	100.007	100.005	100.008	100.008	100.005	100.007	100.006	100.007	100.005	100.007	100.005	100.008	100.006	100.008	100.004	100.007	100.006	100.009	100.005	100.007	100.009	
100.007	100.006	100.005	100.006	100.007	100.004	100.007	100.008	100.005	100.007	100.006	100.007	100.005	100.007	100.005	100.008	100.006	100.008	100.004	100.007	100.005	100.009	100.004	100.007	100.009	
100.007	100.006	100.005	100.006	100.007	100.004	100.007	100.008	100.005	100.006	100.005	100.006	100.005	100.007	100.005	100.007	100.005	100.008	100.004	100.006	100.005	100.009	100.004	100.007	100.008	
100.007	100.006	100.004	100.006	100.006	100.004	100.007	100.006	100.005	100.006	100.005	100.005	100.005	100.007	100.004	100.007	100.005	100.007	100.004	100.006	100.005	100.009	100.004	100.007	100.008	
100.006	100.004	100.004	100.005	100.006	100.004	100.007	100.006	100.005	100.006	100.005	100.005	100.005	100.006	100.004	100.006	100.005	100.007	100.004	100.006	100.005	100.008	100.004	100.007	100.008	
100.006	100.004	100.004	100.005	100.006	100.004	100.007	100.006	100.005	100.006	100.005	100.005	100.005	100.006	100.004	100.006	100.005	100.007	100.004	100.006	100.005	100.006	100.004	100.007	100.006	
100.005	100.004	100.004	100.005	100.006	100.004	100.006	100.006	100.004	100.006	100.005	100.005	100.004	100.006	100.004	100.005	100.005	100.007	100.004	100.006	100.005	100.006	100.004	100.007	100.006	
100.005	100.004	100.004	100.005	100.006	100.004	100.006	100.006	100.004	100.005	100.004	100.005	100.004	100.006	100.004	100.005	100.005	100.007	100.004	100.005	100.005	100.006	100.004	100.005	100.006	
100.005	100.004	100.004	100.005	100.005	100.004	100.006	100.005	100.003	100.005	100.004	100.004	100.004	100.005	100.003	100.005	100.005	100.006	100.003	100.005	100.004	100.006	100.004	100.005	100.006	
100.005	100.004	100.004	100.004	100.005	100.003	100.005	100.005	100.003	100.005	100.004	100.004	100.004	100.005	100.003	100.005	100.004	100.006	100.003	100.005	100.004	100.005	100.004	100.005	100.006	
100.005	100.004	100.003	100.004	100.005	100.003	100.005	100.005	100.003	100.005	100.004	100.004	100.004	100.005	100.003	100.005	100.004	100.006	100.003	100.005	100.004	100.005	100.004	100.005	100.006	
100.005	100.004	100.003	100.004	100.004	100.003	100.005	100.004	100.003	100.004	100.004	100.004	100.003	100.005	100.003	100.005	100.004	100.005	100.003	100.005	100.004	100.005	100.003	100.005	100.006	
100.005	100.004	100.003	100.004	100.004	100.003	100.005	100.004	100.003	100.004	100.004	100.004	100.003	100.005	100.003	100.005	100.004	100.004	100.003	100.004	100.003	100.005	100.003	100.004	100.006	
100.005	100.004	100.003	100.003	100.004	100.002	100.004	100.004	100.003	100.004	100.004	100.003	100.003	100.005	100.003	100.005	100.004	100.004	100.003	100.004	100.003	100.005	100.003	100.004	100.005	
100.004	100.004	100.003	100.003	100.004	100.002	100.004	100.004	100.003	100.004	100.004	100.003	100.003	100.005	100.003	100.004	100.003	100.004	100.003	100.004	100.003	100.005	100.003	100.004	100.005	
100.004	100.003	100.003	100.003	100.004	100.002	100.004	100.004	100.003	100.004	100.004	100.003	100.003	100.005	100.003	100.004	100.003	100.004	100.003	100.004	100.003	100.005	100.003	100.004	100.005	
100.004	100.003	100.003	100.003	100.003	100.002	100.004	100.004	100.003	100.004	100.004	100.003	100.003	100.005	100.003	100.004	100.003	100.004	100.003	100.003	100.003	100.005	100.002	100.004	100.004	
100.004	100.003	100.003	100.003	100.003	100.002	100.004	100.004	100.003	100.003	100.003	100.003	100.003	100.004	100.002	100.004	100.003	100.004	100.003	100.003	100.003	100.005	100.002	100.004	100.004	
100.004	100.003	100.003	100.003	100.003	100.002	100.004	100.004	100.003	100.003	100.003	100.003	100.002	100.003	100.002	100.004	100.003	100.004	100.003	100.003	100.003	100.004	100.002	100.003	100.003	
100.004	100.003	100.003	100.003	100.003	100.002	100.003	100.003	100.003	100.003	100.003	100.003	100.002	100.003	100.002	100.004	100.003	100.004	100.003	100.003	100.002	100.004	100.002	100.003	100.003	
100.003	100.003	100.002	100.003	100.003	100.002	100.003	100.003	100.003	100.003	100.003	100.003	100.002	100.003	100.002	100.004	100.003	100.004	100.003	100.003	100.002	100.004	100.002	100.003	100.003	
100.003	100.003	100.002	100.003	100.003	100.002	100.003	100.003	100.002	100.003	100.003	100.002	100.002	100.003	100.002	100.004	100.003	100.004	100.003	100.003	100.002	100.004	100.002	100.003	100.003	
100.003	100.003	100.002	100.002	100.003	100.002	100.003	100.003	100.002	100.003	100.003	100.002	100.002	100.003	100.002	100.003	100.002	100.004	100.002	100.003	100.002	100.004	100.002	100.003	100.003	
100.003	100.003	100.002	100.002	100.003	100.002	100.003	100.003	100.002	100.003	100.002	100.002	100.002	100.003	100.001	100.003	100.002	100.003	100.002	100.003	100.002	100.004	100.002	100.003	100.003	
100.003	100.003	100.002	100.002	100.003	100.002	100.003	100.003	100.002	100.003	100.002	100.002	100.002	100.003	100.001	100.003	100.002	100.003	100.002	100.003	100.002	100.003	100.002	100.003	100.003	
100.003	100.002	100.002	100.002	100.002	100.002	100.003	100.003	100.002	100.002	100.002	100.002	100.002	100.003	100.001	100.003	100.002	100.003	100.002	100.003	100.002	100.003	100.002	100.003	100.003	
100.002	100.002	100.002	100.002	100.002	100.002	100.002	100.003	100.002	100.002	100.002	100.002	100.002	100.002	100.001	100.003	100.002	100.003	100.002	100.003	100.002	100.003	100.002	100.003	100.003	
100.002	100.002	100.002	100.002	100.002	100.002	100.002	100.003	100.002	100.002	100.002	100.002	100.002	100.002	100.001	100.003	100.002	100.002	100.002	100.002	100.002	100.003	100.002	100.003	100.003	
100.002	100.002	100.002	100.002	100.002	100.001	100.002	100.002	100.002	100.002	100.002	100.002	100.002	100.002	100.001	100.002	100.002	100.002	100.002	100.002	100.001	100.003	100.002	100.003	100.003	
100.002	100.002	100.002	100.002	100.002	100.001	100.002	100.002	100.002	100.002	100.002	100.002	100.001	100.002	100.001	100.002	100.002	100.002	100.002	100.002	100.001	100.003	100.002	100.002	100.003	
100.002	100.002	100.001	100.002	100.002	100.001	100.002	100.002	100.002	100.002	100.002	100.002	100.001	100.002	100.001	100.002	100.001	100.002	100.002	100.002	100.001	100.003	100.002	100.002	100.002	
100.002	100.002	100.001	100.002	100.002	100.001	100.002	100.002	100.002	100.002	100.002	100.002	100.001	100.002	100.001	100.002	100.001	100.002	100.001	100.002	100.001	100.002	100.001	100.002	100.002	
100.002	100.002	100.001	100.001	100.002	100.001	100.002	100.002	100.001	100.002	100.002	100.002	100.001	100.002	100.001	100.002	100.001	100.002	100.001	100.002	100.001	100.002	100.001	100.002	100.002	
100.002	100.002	100.001	100.001	100.002	100.001	100.002	100.002	100.001	100.002	100.002	100.002	100.001	100.002	100.001	100.002	100.001	100.002	100.001	100.001	100.001	100.002	100.001	100.002	100.002	
100.002	100.002	100.001	100.001	100.002	100.001	100.002	100.002	100.001	100.002	100.002	100.001	100.001	100.002	100.001	100.002	100.001	100.002	100.001	100.001	100.001	100.002	100.001	100.002	100.002	
100.002	100.001	100.001	100.001	100.002	100.001	100.002	100.001	100.001	100.002	100.001	100.001	100.001	100.002	100.001	100.002	100.001	100.002	100.001	100.001	100.001	100.002	100.001	100.002	100.002	
100.001	100.001	100.001	100.001	100.001	100.001	100.002	100.001	100.001	100.002	100.001	100.001	100.001	100.002	100.001	100.002	100.001	100.002	100.001	100.001	100.001	100.002	100.001	100.002	100.002	
100.001	100.001	100.001	100.001	100.001	100.001	100.002	100.001	100.001	100.001	100.001	100.001	100.001	100.002	100.001	100.001	100.001	100.002	100.001	100.001	100.001	100.002	100.001	100.002	100.002	
100.001	100.001	100.001	100.001	100.001	100.001	100.001	100.001	100.001	100.001	100.001	100.001	100.001	100.002	100.001	100.001	100.001	100.002	100.001	100.001	100.001	100.002	100.001	100.002	100.002	
100.001	100.001	100.001	100.001	100.001	100.001	100.001	100.001	100.001	100.001	100.001	100.001	100.001	100.002	100.001	100.001	100.001	100.002	100.001	100.001	100.001	100.001	100.001	100.002	100.002	
100.001	100.001	100.001	100.001	100.001	100.001	100.001	100.001	100.001	100.001	100.001	100.001	100.001	100.001	100.001	100.001	100.001	100.002	100.001	100.001	100.001	100.001	100.001	100.001	100.002	
100.001	100.001	100.001	100.001	100.001	100.001	100.001	100.001	100.001	100.001	100.001	100.001	100.001	100.001	100.001	100.001	100.001	100.002	100.001	100.001	100.001	100.001	100.001	100.001	100.001	
100.001	100.001	100.001	100.001	100.001	100.001	100.001	100.001	100.001	100.001	100.001	100.001	100.001	100.001	100.001	100.001	100.001	100.001	100.001	100.001	100.001	100.001	100.001	100.001	100.001	
100.001	100.001	100.001	100.001	100.001	100.001	100.001	100.001	100.001	100.001	100.001	100.001	100.001	100.001	100.001	100.001	100.001	100.001	100.001	100.001	100.001	100.001	100.001	100.001	100.001	
100.001	100.001	100.001	100.001	100.001	100.001	100.001	100.001	100.001	100.001	100.001	100.001	100.001	100.001	100.001	100.001	100.001	100.001	100.001	100.001	100.001	100.001	100.001	100.001	100.001	
100.001	100.001	100.001	100.001	100.001	100.001	100.001	100.001	100.001	100.001	100.001	100.001	100.001	100.001	100.001	100.001	100.001	100.001	100.001	100.001	100.001	100.001	100.001	100.001	100.001	
100.001	100.001	100.001	100.001	100.001	100.001	100.001	100.001	100.001	100.001	100.001	100.001	100.001	100.001	100.001	100.001	100.001	100.001	100.001	100.001	100.001	100.001	100.001	100.001	100.001	
100.001	100.001	100.001	100.001	100.001	100.001	100.001	100.001	100.001	100.001	100.001	100.001	100.001	100.001	100	100.001	100.001	100.001	100.001	100.001	100.001	100.001	100.001	100.001	100.001	
100.001	100.001	100.001	100.001	100.001	100.001	100.001	100.001	100.001	100.001	100.001	100.001	100.001	100.001	100	100.001	100.001	100.001	100.001	100.001	100.001	100.001	100.001	100.001	100.001	
100.001	100.001	100.001	100.001	100.001	100.001	100.001	100.001	100.001	100.001	100.001	100.001	100.001	100.001	100	100.001	100.001	100.001	100.001	100.001	100.001	100.001	100.001	100.001	100.001	
100.001	100.001	100.001	100.001	100.001	100.001	100.001	100.001	100.001	100.001	100.001	100.001	100.001	100.001	100	100.001	100.001	100.001	100.001	100.001	100.001	100.001	100.001	100.001	100.001	
100.001	100.001	100.001	100.001	100.001	100.001	100.001	100.001	100.001	100.001	100.001	100.001	100.001	100.001	100	100.001	100.001	100.001	100.001	100.001	100.001	100.001	100.001	100.001	100.001	
100.001	100.001	100.001	100.001	100.001	100.001	100.001	100.001	100.001	100.001	100.001	100.001	100	100.001	100	100.001	100.001	100.001	100	100.001	100.001	100.001	100.001	100.001	100.001	
100.001	100.001	100.001	100.001	100.001	100	100.001	100.001	100.001	100.001	100.001	100.001	100	100.001	100	100.001	100.001	100.001	100	100.001	100	100.001	100.001	100.001	100.001	
100.001	100.001	100	100	100	100	100.001	100.001	100	100.001	100.001	100.001	100	100.001	100	100.001	100.001	100.001	100	100.001	100	100.001	100	100.001	100.001	
100.001	100.001	100	100	100	100	100.001	100.001	100	100.001	100.001	100.001	100	100.001	100	100.001	100.001	100.001	100	100.001	100	100.001	100	100.001	100.001	
100.001	100.001	100	100	100	100	100.001	100.001	100	100.001	100.001	100	100	100.001	100	100.001	100.001	100.001	100	100.001	100	100.001	100	100.001	100.001	
100.001	100.001	100	100	100	100	100.001	100.001	100	100.001	100	100	100	100.001	100	100.001	100.001	100.001	100	100.001	100	100.001	100	100.001	100.001	
100.001	100.001	100	100	100	100	100.001	100.001	100	100.001	100	100	100	100.001	100	100.001	100	100.001	100	100.001	100	100.001	100	100.001	100.001	
100.001	100	100	100	100	100	100.001	100.001	100	100.001	100	100	100	100.001	100	100	100	100.001	100	100.001	100	100.001	100	100.001	100.001	
100.001	100	100	100	100	100	100.001	100.001	100	100.001	100	100	100	100.001	100	100	100	100.001	100	100.001	100	100.001	100	100.001	100.001	
100.001	100	100	100	100	100	100.001	100.001	100	100	100	100	100	100.001	100	100	100	100.001	100	100	100	100.001	100	100.001	100.001	
100	100	100	100	100	100	100	100	100	100	100	100	100	100.001	100	100	100	100.001	100	100	100	100.001	100	100.001	100.001	
100	100	100	100	100	100	100	100	100	100	100	100	100	100.001	100	100	100	100.001	100	100	100	100.001	100	100	100.001	
100	100	100	100	100	100	100	100	100	100	100	100	100	100.001	100	100	100	100	100	100	100	100	100	100	100	
100	100	100	100	100	100	100	100	100	100	100	100	100	100.001	100	100	100	100	100	100	100	100	100	100	100	
100	100	100	100	100	100	100	100	100	100	100	100	100	100	100	100	100	100	100	100	100	100	100	100	100	
100	100	100	100	100	100	100	100	100	100	100	100	100	100	100	100	100	100	100	100	100	100	100	100	100	
100	100	100	100	100	100	100	100	100	100	100	100	100	100	100	100	100	100	100	100	100	100	100	100	100	
100	100	100	100	100	100	100	100	100	100	100	100	100	100	100	100	100	100	100	100	100	100	100	100	100	
100	100	100	100	100	100	100	100	100	100	100	100	100	100	100	100	100	100	100	100	100	100	100	100	100	
100	100	100	100	100	100	100	100	100	100	100	100	100	100	100	100	100	100	100	100	100	100	100	100	100	
100	100	100	100	100	100	100	100	100	100	100	100	100	100	100	100	100	100	100	100	100	100	100	100	100	
100	100	100	100	100	100	100	100	100	100	100	100	100	100	100	100	100	100	100	100	100	100	100	100	100	
100	100	100	100	100	100	100	100	100	100	100	100	100	100	100	100	100	100	100	100	100	100	100	100	100	
100	100	100	100	100	100	100	100	100	100	100	100	100	100	100	100	100	100	100	100	100	100	100	100	100	
100	100	100	100	100	100	100	100	100	100	100	100	100	100	100	100	100	100	100	100	100	100	100	100	100	
100	100	100	100	100	100	100	100	100	100	100	100	100	100	100	100	100	100	100	100	100	100	100	100	100	
100	100	100	100	100	100	100	100	100	100	100	100	100	100	100	100	100	100	100	100	100	100	100	100	100	
100	100	100	100	100	100	100	100	100	100	100	100	100	100	100	100	100	100	100	100	100	100	100	100	100	
100	100	100	100	100	100	100	100	100	100	100	100	100	100	100	100	100	100	100	100	100	100	100	100	100	
100	100	100	100	100	100	100	100	100	100	100	100	100	100	100	100	100	100	100	100	100	100	100	100	100	
100	100	100	100	100	100	100	100	100	100	100	100	100	100	100	100	100	100	100	100	100	100	100	100	100	
100	100	100	100	100	100	100	100	100	100	100	100	100	100	100	100	100	100	100	100	100	100	100	100	100	
100	100	100	100	100	100	100	100	100	100	100	100	100	100	100	100	100	100	100	100	100	100	100	100	100	
100	100	100	100	100	100	100	100	100	100	100	100	100	100	100	100	100	100	100	100	100	100	100	100	100	
100	100	100	100	100	100	100	100	100	100	100	100	100	100	100	100	100	100	100	100	100	100	100	100	100	
100	100	100	100	100	100	100	100	100	100	100	100	100	100	100	100	100	100	100	100	100	100	100	100	100	
100	100	100	100	100	100	100	100	100	100	100	100	100	100	100	100	100	100	100	100	100	100	100	100	100	
100	100	100	100	100	100	100	100	100	100	100	100	100	100	100	100	100	100	100	100	100	100	100	100	100	
100	100	100	100	100	100	100	100	100	100	100	100	100	100	100	100	100	100	100	100	100	100	100	100	100	
100	100	100	100	100	100	100	100	100	100	100	100	100	100	100	100	100	100	100	100	100	100	100	100	100	
100	100	100	100	100	100	100	100	100	100	100	100	100	100	100	100	100	100	100	100	100	100	100	100	100	
100	100	100	100	100	100	100	100	100	100	100	100	100	100	100	100	100	100	100	100	100	100	100	100	100	
100	100	100	100	100	100	100	100	100	100	100	100	100	100	100	100	100	100	100	100	100	100	100	100	100	
100	100	100	100	100	100	100	100	100	100	100	100	100	100	100	100	100	100	100	100	100	100	100	100	100	
100	100	100	100	100	100	100	100	100	100	100	100	100	100	100	100	100	100	100	100	100	100	100	100	100	
100	100	100	100	100	100	100	100	100	100	100	100	100	100	100	100	100	100	100	100	100	100	100	100	100	
100	100	100	100	100	100	100	100	100	100	100	100	100	100	100	100	100	100	100	100	100	100	100	100	100	
100	100	100	100	100	100	100	100	100	100	100	100	100	100	100	100	100	100	100	100	100	100	100	100	100	
100	100	100	100	100	100	100	100	100	100	100	100	100	100	100	100	100	100	100	100	100	100	100	100	100	
100	100	100	100	100	100	100	100	100	100	100	100	100	100	100	100	100	100	100	100	100	100	100	100	100	
100	100	100	100	100	100	100	100	100	100	100	100	100	100	100	100	100	100	100	100	100	100	100	100	100	
100	100	100	100	100	100	100	100	100	100	100	100	100	100	100	100	100	100	100	100	100	100	100	100	100	
100	100	100	100	100	100	100	100	100	100	100	100	100	100	100	100	100	100	100	100	100	100	100	100	100	
100	100	100	100	100	100	100	100	100	100	100	100	100	100	100	100	100	100	100	100	100	100	100	100	100	
100	100	100	100	100	100	100	100	100	100	100	100	100	100	100	100	100	100	100	100	100	100	100	100	100	
100	100	100	100	100	100	100	100	100	100	100	100	100	100	100	100	100	100	100	100	100	100	100	100	100	
100	100	100	100	100	100	100	100	100	100	100	100	100	100	100	100	100	100	100	100	100	100	100	100	100	
100	100	100	100	100	100	100	100	100	100	100	100	100	100	100	100	100	100	100	100	100	100	100	100	100	
100	100	100	100	100	100	100	100	100	100	100	100	100	100	100	100	100	100	100	100	100	100	100	100	100	
100	100	100	100	100	100	100	100	100	100	100	100	100	100	100	100	100	100	100	100	100	100	100	100	100	
100	100	100	100	100	100	100	100	100	100	100	100	100	100	100	100	100	100	100	100	100	100	100	100	100	
100	100	100	100	100	100	100	100	100	100	100	100	100	100	100	100	100	100	100	100	100	100	100	100	100	
100	100	100	100	100	100	100	100	100	100	100	100	100	100	100	100	100	100	100	100	100	100	100	100	100	
100	100	100	100	100	100	100	100	100	100	100	100	100	100	100	100	100	100	100	100	100	100	100	100	100	
100	100	100	100	100	100	100	100	100	100	100	100	100	100	100	100	100	100	100	100	100	100	100	100	100	
100	100	100	100	100	100	100	100	100	100	100	100	100	100	100	100	100	100	100	100	100	100	100	100	100	
100	100	100	100	100	100	100	100	100	100	100	100	100	100	100	100	100	100	100	100	100	100	100	100	100	
100	100	100	100	100	100	100	100	100	100	100	100	100	100	100	100	100	100	100	100	100	100	100	100	100	
100	100	100	100	100	100	100	100	100	100	100	100	100	100	100	100	100	100	100	100	100	100	100	100	100	
100	100	100	100	100	100	100	100	100	100	100	100	100	100	100	100	100	100	100	100	100	100	100	100	100	
100	100	100	100	100	100	100	100	100	100	100	100	100	100	100	100	100	100	100	100	100	100	100	100	100	
100	100	100	100	100	100	100	100	100	100	100	100	100	100	100	100	100	100	100	100	100	100	100	100	100	
100	100	100	100	100	100	100	100	100	100	100	100	100	100	100	100	100	100	100	100	100	100	100	100	100	
100	100	100	100	100	100	100	100	100	100	100	100	100	100	100	100	100	100	100	100	100	100	100	100	100	
100	100	100	100	100	100	100	100	100	100	100	100	100	100	100	100	100	100	100	100	100	100	100	100	100	
100	100	100	100	100	100	100	100	100	100	100	100	100	100	100	100	100	100	100	100	100	100	100	100	100	
100	100	100	100	100	100	100	100	100	100	100	100	100	100	100	100	100	100	100	100	100	100	100	100	100	
100	100	100	100	100	100	100	100	100	100	100	100	100	100	100	100	100	100	100	100	100	100	100	100	100	
100	100	100	100	100	100	100	100	100	100	100	100	100	100	100	100	100	100	100	100	100	100	100	100	100	
100	100	100	100	100	100	100	100	100	100	100	100	100	100	100	100	100	100	100	100	100	100	100	100	100	
100	100	100	100	100	100	100	100	100	100	100	100	100	100	100	100	100	100	100	100	100	100	100	100	100	
100	100	100	100	100	100	100	100	100	100	100	100	100	100	100	100	100	100	100	100	100	100	100	100	100	
100	100	100	100	100	100	100	100	100	100	100	100	100	100	100	100	100	100	100	100	100	100	100	100	100	
100	100	100	100	100	100	100	100	100	100	100	100	100	100	100	100	100	100	100	100	100	100	100	100	100	
100	100	100	100	100	100	100	100	100	100	100	100	100	100	100	100	100	100	100	100	100	100	100	100	100	
100	100	100	100	100	100	100	100	100	100	100	100	100	100	100	100	100	100	100	100	100	100	100	100	100	
100	100	100	100	100	100	100	100	100	100	100	100	100	100	100	100	100	100	100	100	100	100	100	100	100	
100	100	100	100	100	100	100	100	100	100	100	100	100	100	100	100	100	100	100	100	100	100	100	100	100	
100	100	100	100	100	100	100	100	100	100	100	100	100	100	100	100	100	100	100	100	100	100	100	100	100	
100	100	100	100	100	100	100	100	100	100	100	100	100	100	100	100	100	100	100	100	100	100	100	100	100	
100	100	100	100	100	100	100	100	100	100	100	100	100	100	100	100	100	100	100	100	100	100	100	100	100	
100	100	100	100	100	100	100	100	100	100	100	100	100	100	100	100	100	100	100	100	100	100	100	100	100	
100	100	100	100	100	100	100	100	100	100	100	100	100	100	100	100	100	100	100	100	100	100	100	100	100	
100	100	100	100	100	100	100	100	100	100	100	100	100	100	100	100	100	100	100	100	100	100	100	100	100	
100	100	100	100	100	100	100	100	100	100	100	100	100	100	100	100	100	100	100	100	100	100	100	100	100	
100	100	100	100	100	100	100	100	100	100	100	100	100	100	100	100	100	100	100	100	100	100	100	100	100	
100	100	100	100	100	100	100	100	100	100	100	100	100	100	100	100	100	100	100	100	100	100	100	100	100	
100	100	100	100	100	100	100	100	100	100	100	100	100	100	100	100	100	100	100	100	100	100	100	100	100	
100	100	100	100	100	100	100	100	100	100	100	100	100	100	100	100	100	100	100	100	100	100	100	100	100	
100	100	100	100	100	100	100	100	100	100	100	100	100	100	100	100	100	100	100	100	100	100	100	100	100	
100	100	100	100	100	100	100	100	100	100	100	100	100	100	100	100	100	100	100	100	100	100	100	100	100	
100	100	100	100	100	100	100	100	100	100	100	100	100	100	100	100	100	100	100	100	100	100	100	100	100	
100	100	100	100	100	100	100	100	100	100	100	100	100	100	100	100	100	100	100	100	100	100	100	100	100	
100	100	100	100	100	100	100	100	100	100	100	100	100	100	100	100	100	100	100	100	100	100	100	100	100	
100	100	100	100	100	100	100	100	100	100	100	100	100	100	100	100	100	100	100	100	100	100	100	100	100	
100	100	100	100	100	100	100	100	100	100	100	100	100	100	100	100	100	100	100	100	100	100	100	100	100	
100	100	100	100	100	100	100	100	100	100	100	100	100	100	100	100	100	100	100	100	100	100	100	100	100	
100	100	100	100	100	100	100	100	100	100	100	100	100	100	100	100	100	100	100	100	100	100	100	100	100	
100	100	100	100	100	100	100	100	100	100	100	100	100	100	100	100	100	100	100	100	100	100	100	100	100	
100	100	100	100	100	100	100	100	100	100	100	100	100	100	100	100	100	100	100	100	100	100	100	100	100	
100	100	100	100	100	100	100	100	100	100	100	100	100	100	100	100	100	100	100	100	100	100	100	100	100	
100	100	100	100	100	100	100	100	100	100	100	100	100	100	100	100	100	100	100	100	100	100	100	100	100	
100	100	100	100	100	100	100	100	100	100	100	100	100	100	100	100	100	100	100	100	100	100	100	100	100	
100	100	100	100	100	100	100	100	100	100	100	100	100	100	100	100	100	100	100	100	100	100	100	100	100	
100	100	100	100	100	100	100	100	100	100	100	100	100	100	100	100	100	100	100	100	100	100	100	100	100	
100	100	100	100	100	100	100	100	100	100	100	100	100	100	100	100	100	100	100	100	100	100	100	100	100	
100	100	100	100	100	100	100	100	100	100	100	100	100	100	100	100	100	100	100	100	100	100	100	100	100	
100	100	100	100	100	100	100	100	100	100	100	100	100	100	100	100	100	100	100	100	100	100	100	100	100	
100	100	100	100	100	100	100	100	100	100	100	100	100	100	100	100	100	100	100	100	100	100	100	100	100	
100	100	100	100	100	100	100	100	100	100	100	100	100	100	100	100	100	100	100	100	100	100	100	100	100	
100	100	100	100	100	100	100	100	100	100	100	100	100	100	100	100	100	100	100	100	100	100	100	100	100	
100	100	100	100	100	100	100	100	100	100	100	100	100	100	100	100	100	100	100	100	100	100	100	100	100	
100	100	100	100	100	100	100	100	100	100	100	100	100	100	100	100	100	100	100	100	100	100	100	100	100	
100	100	100	100	100	100	100	100	100	100	100	100	100	100	100	100	100	100	100	100	100	100	100	100	100	
100	100	100	100	100	100	100	100	100	100	100	100	100	100	100	100	100	100	100	100	100	100	100	100	100	
100	100	100	100	100	100	100	100	100	100	100	100	100	100	100	100	100	100	100	100	100	100	100	100	100	
100	100	100	100	100	100	100	100	100	100	100	100	100	100	100	100	100	100	100	100	100	100	100	100	100	
100	100	100	100	100	100	100	100	100	100	100	100	100	100	100	100	100	100	100	100	100	100	100	100	100	
100	100	100	100	100	100	100	100	100	100	100	100	100	100	100	100	100	100	100	100	100	100	100	100	100	
100	100	100	100	100	100	100	100	100	100	100	100	100	100	100	100	100	100	100	100	100	100	100	100	100	
100	100	100	100	100	100	100	100	100	100	100	100	100	100	100	100	100	100	100	100	100	100	100	100	100	
100	100	100	100	100	100	100	100	100	100	100	100	100	100	100	100	100	100	100	100	100	100	100	100	100	
100	100	100	100	100	100	100	100	100	100	100	100	100	100	100	100	100	100	100	100	100	100	100	100	100	
100	100	100	100	100	100	100	100	100	100	100	100	100	100	100	100	100	100	100	100	100	100	100	100	100	
100	100	100	100	100	100	100	100	100	100	100	100	100	100	100	100	100	100	100	100	100	100	100	100	100	
100	100	100	100	100	100	100	100	100	100	100	100	100	100	100	100	100	100	100	100	100	100	100	100	100	
100	100	100	100	100	100	100	100	100	100	100	100	100	100	100	100	100	100	100	100	100	100	100	100	100	
100	100	100	100	100	100	100	100	100	100	100	100	100	100	100	100	100	100	100	100	100	100	100	100	100	
100	100	100	100	100	100	100	100	100	100	100	100	100	100	100	100	100	100	100	100	100	100	100	100	100	
100	100	100	100	100	100	100	100	100	100	100	100	100	100	100	100	100	100	100	100	100	100	100	100	100	
100	100	100	100	100	100	100	100	100	100	100	100	100	100	100	100	100	100	100	100	100	100	100	100	100	
100	100	100	100	100	100	100	100	100	100	100	100	100	100	100	100	100	100	100	100	100	100	100	100	100	
100	100	100	100	100	100	100	100	100	100	100	100	100	100	100	100	100	100	100	100	100	100	100	100	100	
100	100	100	100	100	100	100	100	100	100	100	100	100	100	100	100	100	100	100	100	100	100	100	100	100	
100	100	100	100	100	100	100	100	100	100	100	100	100	100	100	100	100	100	100	100	100	100	100	100	100	
100	100	100	100	100	100	100	100	100	100	100	100	100	100	100	100	100	100	100	100	100	100	100	100	100	
100	100	100	100	100	100	100	100	100	100	100	100	100	100	100	100	100	100	100	100	100	100	100	100	100	
100	100	100	100	100	100	100	100	100	100	100	100	100	100	100	100	100	100	100	100	100	100	100	100	100	
100	100	100	100	100	100	100	100	100	100	100	100	100	100	100	100	100	100	100	100	100	100	100	100	100	
100	100	100	100	100	100	100	100	100	100	100	100	100	100	100	100	100	100	100	100	100	100	100	100	100	
100	100	100	100	100	100	100	100	100	100	100	100	100	100	100	100	100	100	100	100	100	100	100	100	100	
100	100	100	100	100	100	100	100	100	100	100	100	100	100	100	100	100	100	100	100	100	100	100	100	100	
100	100	100	100	100	100	100	100	100	100	100	100	100	100	100	100	100	100	100	100	100	100	100	100	100	
100	100	100	100	100	100	100	100	100	100	100	100	100	100	100	100	100	100	100	100	100	100	100	100	100	
100	100	100	100	100	100	100	100	100	100	100	100	100	100	100	100	100	100	100	100	100	100	100	100	100	
100	100	100	100	100	100	100	100	100	100	100	100	100	100	100	100	100	100	100	100	100	100	100	100	100	
100	100	100	100	100	100	100	100	100	100	100	100	100	100	100	100	100	100	100	100	100	100	100	100	100	
100	100	100	100	100	100	100	100	100	100	100	100	100	100	100	100	100	100	100	100	100	100	100	100	100	
100	100	100	100	100	100	100	100	100	100	100	100	100	100	100	100	100	100	100	100	100	100	100	100	100	
100	100	100	100	100	100	100	100	100	100	100	100	100	100	100	100	100	100	100	100	100	100	100	100	100	
100	100	100	100	100	100	100	100	100	100	100	100	100	100	100	100	100	100	100	100	100	100	100	100	100	
100	100	100	100	100	100	100	100	100	100	100	100	100	100	100	100	100	100	100	100	100	100	100	100	100	
100	100	100	100	100	100	100	100	100	100	100	100	100	100	100	100	100	100	100	100	100	100	100	100	100	
100	100	100	100	100	100	100	100	100	100	100	100	100	100	100	100	100	100	100	100	100	100	100	100	100	
100	100	100	100	100	100	100	100	100	100	100	100	100	100	100	100	100	100	100	100	100	100	100	100	100	
100	100	100	100	100	100	100	100	100	100	100	100	100	100	100	100	100	100	100	100	100	100	100	100	100	
100	100	100	100	100	100	100	100	100	100	100	100	100	100	100	100	100	100	100	100	100	100	100	100	100	
100	100	100	100	100	100	100	100	100	100	100	100	100	100	100	100	100	100	100	100	100	100	100	100	100	
100	100	100	100	100	100	100	100	100	100	100	100	100	100	100	100	100	100	100	100	100	100	100	100	100	
100	100	100	100	100	100	100	100	100	100	100	100	100	100	100	100	100	100	100	100	100	100	100	100	100	
100	100	100	100	100	100	100	100	100	100	100	100	100	100	100	100	100	100	100	100	100	100	100	100	100	
100	100	100	100	100	100	100	100	100	100	100	100	100	100	100	100	100	100	100	100	100	100	100	100	100	
100	100	100	100	100	100	100	100	100	100	100	100	100	100	100	100	100	100	100	100	100	100	100	100	100	
100	100	100	100	100	100	100	100	100	100	100	100	100	100	100	100	100	100	100	100	100	100	100	100	100	
100	100	100	100	100	100	100	100	100	100	100	100	100	100	100	100	100	100	100	100	100	100	100	100	100	
100	100	100	100	100	100	100	100	100	100	100	100	100	100	100	100	100	100	100	100	100	100	100	100	100	
100	100	100	100	100	100	100	100	100	100	100	100	100	100	100	100	100	100	100	100	100	100	100	100	100	
100	100	100	100	100	100	100	100	100	100	100	100	100	100	100	100	100	100	100	100	100	100	100	100	100	
100	100	100	100	100	100	100	100	100	100	100	100	100	100	100	100	100	100	100	100	100	100	100	100	100	
100	100	100	100	100	100	100	100	100	100	100	100	100	100	100	100	100	100	100	100	100	100	100	100	100	
100	100	100	100	100	100	100	100	100	100	100	100	100	100	100	100	100	100	100	100	100	100	100	100	100	
100	100	100	100	100	100	100	100	100	100	100	100	100	100	100	100	100	100	100	100	100	100	100	100	100	
100	100	100	100	100	100	100	100	100	100	100	100	100	100	100	100	100	100	100	100	100	100	100	100	100	
100	100	100	100	100	100	100	100	100	100	100	100	100	100	100	100	100	100	100	100	100	100	100	100	100	
100	100	100	100	100	100	100	100	100	100	100	100	100	100	100	100	100	100	100	100	100	100	100	100	100	
100	100	100	100	100	100	100	100	100	100	100	100	100	100	100	100	100	100	100	100	100	100	100	100	100	
100	100	100	100	100	100	100	100	100	100	100	100	100	100	100	100	100	100	100	100	100	100	100	100	100	
100	100	100	100	100	100	100	100	100	100	100	100	100	100	100	100	100	100	100	100	100	100	100	100	100	
100	100	100	100	100	100	100	100	100	100	100	100	100	100	100	100	100	100	100	100	100	100	100	100	100	
100	100	100	100	100	100	100	100	100	100	100	100	100	100	100	100	100	100	100	100	100	100	100	100	100	
100	100	100	100	100	100	100	100	100	100	100	100	100	100	100	100	100	100	100	100	100	100	100	100	100	
100	100	100	100	100	100	100	100	100	100	100	100	100	100	100	100	100	100	100	100	100	100	100	100	100	
100	100	100	100	100	100	100	100	100	100	100	100	100	100	100	100	100	100	100	100	100	100	100	100	100	
100	100	100	100	100	100	100	100	100	100	100	100	100	100	100	100	100	100	100	100	100	100	100	100	100	
100	100	100	100	100	100	100	100	100	100	100	100	100	100	100	100	100	100	100	100	100	100	100	100	100	
100	100	100	100	100	100	100	100	100	100	100	100	100	100	100	100	100	100	100	100	100	100	100	100	100	
100	100	100	100	100	100	100	100	100	100	100	100	100	100	100	100	100	100	100	100	100	100	100	100	100	
100	100	100	100	100	100	100	100	100	100	100	100	100	100	100	100	100	100	100	100	100	100	100	100	100	
100	100	100	100	100	100	100	100	100	100	100	100	100	100	100	100	100	100	100	100	100	100	100	100	100	
100	100	100	100	100	100	100	100	100	100	100	100	100	100	100	100	100	100	100	100	100	100	100	100	100	
100	100	100	100	100	100	100	100	100	100	100	100	100	100	100	100	100	100	100	100	100	100	100	100	100	
100	100	100	100	100	100	100	100	100	100	100	100	100	100	100	100	100	100	100	100	100	100	100	100	100	
100	100	100	100	100	100	100	100	100	100	100	100	100	100	100	100	100	100	100	100	100	100	100	100	100	
100	100	100	100	100	100	100	100	100	100	100	100	100	100	100	100	100	100	100	100	100	100	100	100	100	
100	100	100	100	100	100	100	100	100	100	100	100	100	100	100	100	100	100	100	100	100	100	100	100	100	
100	100	100	100	100	100	100	100	100	100	100	100	100	100	100	100	100	100	100	100	100	100	100	100	100	
100	100	100	100	100	100	100	100	100	100	100	100	100	100	100	100	100	100	100	100	100	100	100	100	100	
100	100	100	100	100	100	100	100	100	100	100	100	100	100	100	100	100	100	100	100	100	100	100	100	100	
100	100	100	100	100	100	100	100	100	100	100	100	100	100	100	100	100	100	100	100	100	100	100	100	100	
100	100	100	100	100	100	100	100	100	100	100	100	100	100	100	100	100	100	100	100	100	100	100	100	100	
100	100	100	100	100	100	100	100	100	100	100	100	100	100	100	100	100	100	100	100	100	100	100	100	100	
100	100	100	100	100	100	100	100	100	100	100	100	100	100	100	100	100	100	100	100	100	100	100	100	100	
100	100	100	100	100	100	100	100	100	100	100	100	100	100	100	100	100	100	100	100	100	100	100	100	100	
100	100	100	100	100	100	100	100	100	100	100	100	100	100	100	100	100	100	100	100	100	100	100	100	100	
100	100	100	100	100	100	100	100	100	100	100	100	100	100	100	100	100	100	100	100	100	100	100	100	100	
100	100	100	100	100	100	100	100	100	100	100	100	100	100	100	100	100	100	100	100	100	100	100	100	100	
100	100	100	100	100	100	100	100	100	100	100	100	100	100	100	100	100	100	100	100	100	100	100	100	100	
100	100	100	100	100	100	100	100	100	100	100	100	100	100	100	100	100	100	100	100	100	100	100	100	100	
100	100	100	100	100	100	100	100	100	100	100	100	100	100	100	100	100	100	100	100	100	100	100	100	100	
100	100	100	100	100	100	100	100	100	100	100	100	100	100	100	100	100	100	100	100	100	100	100	100	100	
100	100	100	100	100	100	100	100	100	100	100	100	100	100	100	100	100	100	100	100	100	100	100	100	100	
100	100	100	100	100	100	100	100	100	100	100	100	100	100	100	100	100	100	100	100	100	100	100	100	100	
100	100	100	100	100	100	100	100	100	100	100	100	100	100	100	100	100	100	100	100	100	100	100	100	100	
100	100	100	100	100	100	100	100	100	100	100	100	100	100	100	100	100	100	100	100	100	100	100	100	100	
100	100	100	100	100	100	100	100	100	100	100	100	100	100	100	100	100	100	100	100	100	100	100	100	100	
100	100	100	100	100	100	100	100	100	100	100	100	100	100	100	100	100	100	100	100	100	100	100	100	100	
100	100	100	100	100	100	100	100	100	100	100	100	100	100	100	100	100	100	100	100	100	100	100	100	100	
100	100	100	100	100	100	100	100	100	100	100	100	100	100	100	100	100	100	100	100	100	100	100	100	100	
100	100	100	100	100	100	100	100	100	100	100	100	100	100	100	100	100	100	100	100	100	100	100	100	100	
100	100	100	100	100	100	100	100	100	100	100	100	100	100	100	100	100	100	100	100	100	100	100	100	100	
100	100	100	100	100	100	100	100	100	100	100	100	100	100	100	100	100	100	100	100	100	100	100	100	100	
100	100	100	100	100	100	100	100	100	100	100	100	100	100	100	100	100	100	100	100	100	100	100	100	100	
100	100	100	100	100	100	100	100	100	100	100	100	100	100	100	100	100	100	100	100	100	100	100	100	100	
100	100	100	100	100	100	100	100	100	100	100	100	100	100	100	100	100	100	100	100	100	100	100	100	100	
100	100	100	100	100	100	100	100	100	100	100	100	100	100	100	100	100	100	100	100	100	100	100	100	100	
100	100	100	100	100	100	100	100	100	100	100	100	100	100	100	100	100	100	100	100	100	100	100	100	100	
100	100	100	100	100	100	100	100	100	100	100	100	100	100	100	100	100	100	100	100	100	100	100	100	100	
100	100	100	100	100	100	100	100	100	100	100	100	100	100	100	100	100	100	100	100	100	100	100	100	100	
100	100	100	100	100	100	100	100	100	100	100	100	100	100	100	100	100	100	100	100	100	100	100	100	100	
100	100	100	100	100	100	100	100	100	100	100	100	100	100	100	100	100	100	100	100	100	100	100	100	100	
100	100	100	100	100	100	100	100	100	100	100	100	100	100	100	100	100	100	100	100	100	100	100	100	100	
100	100	100	100	100	100	100	100	100	100	100	100	100	100	100	100	100	100	100	100	100	100	100	100	100	
100	100	100	100	100	100	100	100	100	100	100	100	100	100	100	100	100	100	100	100	100	100	100	100	100	
100	100	100	100	100	100	100	100	100	100	100	100	100	100	100	100	100	100	100	100	100	100	100	100	100	
100	100	100	100	100	100	100	100	100	100	100	100	100	100	100	100	100	100	100	100	100	100	100	100	100	
100	100	100	100	100	100	100	100	100	100	100	100	100	100	100	100	100	100	100	100	100	100	100	100	100	
100	100	100	100	100	100	100	100	100	100	100	100	100	100	100	100	100	100	100	100	100	100	100	100	100	
100	100	100	100	100	100	100	100	100	100	100	100	100	100	100	100	100	100	100	100	100	100	100	100	100	
100	100	100	100	100	100	100	100	100	100	100	100	100	100	100	100	100	100	100	100	100	100	100	100	100	
100	100	100	100	100	100	100	100	100	100	100	100	100	100	100	100	100	100	100	100	100	100	100	100	100	
100	100	100	100	100	100	100	100	100	100	100	100	100	100	100	100	100	100	100	100	100	100	100	100	100	
100	100	100	100	100	100	100	100	100	100	100	100	100	100	100	100	100	100	100	100	100	100	100	100	100	
100	100	100	100	100	100	100	100	100	100	100	100	100	100	100	100	100	100	100	100	100	100	100	100	100	
100	100	100	100	100	100	100	100	100	100	100	100	100	100	100	100	100	100	100	100	100	100	100	100	100	
100	100	100	100	100	100	100	100	100	100	100	100	100	100	100	100	100	100	100	100	100	100	100	100	100	
100	100	100	100	100	100	100	100	100	100	100	100	100	100	100	100	100	100	100	100	100	100	100	100	100	
100	100	100	100	100	100	100	100	100	100	100	100	100	100	100	100	100	100	100	100	100	100	100	100	100	
100	100	100	100	100	100	100	100	100	100	100	100	100	100	100	100	100	100	100	100	100	100	100	100	100	
100	100	100	100	100	100	100	100	100	100	100	100	100	100	100	100	100	100	100	100	100	100	100	100	100	
100	100	100	100	100	100	100	100	100	100	100	100	100	100	100	100	100	100	100	100	100	100	100	100	100	
100	100	100	100	100	100	100	100	100	100	100	100	100	100	100	100	100	100	100	100	100	100	100	100	100	
100	100	100	100	100	100	100	100	100	100	100	100	100	100	100	100	100	100	100	100	100	100	100	100	100	
100	100	100	100	100	100	100	100	100	100	100	100	100	100	100	100	100	100	100	100	100	100	100	100	100	
100	100	100	100	100	100	100	100	100	100	100	100	100	100	100	100	100	100	100	100	100	100	100	100	100	
100	100	100	100	100	100	100	100	100	100	100	100	100	100	100	100	100	100	100	100	100	100	100	100	100	
100	100	100	100	100	100	100	100	100	100	100	100	100	100	100	100	100	100	100	100	100	100	100	100	100	
100	100	100	100	100	100	100	100	100	100	100	100	100	100	100	100	100	100	100	100	100	100	100	100	100	
100	100	100	100	100	100	100	100	100	100	100	100	100	100	100	100	100	100	100	100	100	100	100	100	100	
100	100	100	100	100	100	100	100	100	100	100	100	100	100	100	100	100	100	100	100	100	100	100	100	100	
100	100	100	100	100	100	100	100	100	100	100	100	100	100	100	100	100	100	100	100	100	100	100	100	100	
100	100	100	100	100	100	100	100	100	100	100	100	100	100	100	100	100	100	100	100	100	100	100	100	100	
100	100	100	100	100	100	100	100	100	100	100	100	100	100	100	100	100	100	100	100	100	100	100	100	100	
100	100	100	100	100	100	100	100	100	100	100	100	100	100	100	100	100	100	100	100	100	100	100	100	100	
100	100	100	100	100	100	100	100	100	100	100	100	100	100	100	100	100	100	100	100	100	100	100	100	100	
100	100	100	100	100	100	100	100	100	100	100	100	100	100	100	100	100	100	100	100	100	100	100	100	100	
100	100	100	100	100	100	100	100	100	100	100	100	100	100	100	100	100	100	100	100	100	100	100	100	100	
100	100	100	100	100	100	100	100	100	100	100	100	100	100	100	100	100	100	100	100	100	100	100	100	100	
100	100	100	100	100	100	100	100	100	100	100	100	100	100	100	100	100	100	100	100	100	100	100	100	100	
100	100	100	100	100	100	100	100	100	100	100	100	100	100	100	100	100	100	100	100	100	100	100	100	100	
100	100	100	100	100	100	100	100	100	100	100	100	100	100	100	100	100	100	100	100	100	100	100	100	100	
100	100	100	100	100	100	100	100	100	100	100	100	100	100	100	100	100	100	100	100	100	100	100	100	100	
100	100	100	100	100	100	100	100	100	100	100	100	100	100	100	100	100	100	100	100	100	100	100	100	100	
100	100	100	100	100	100	100	100	100	100	100	100	100	100	100	100	100	100	100	100	100	100	100	100	100	
100	100	100	100	100	100	100	100	100	100	100	100	100	100	100	100	100	100	100	100	100	100	100	100	100	
100	100	100	100	100	100	100	100	100	100	100	100	100	100	100	100	100	100	100	100	100	100	100	100	100	
100	100	100	100	100	100	100	100	100	100	100	100	100	100	100	100	100	100	100	100	100	100	100	100	100	
100	100	100	100	100	100	100	100	100	100	100	100	100	100	100	100	100	100	100	100	100	100	100	100	100	
100	100	100	100	100	100	100	100	100	100	100	100	100	100	100	100	100	100	100	100	100	100	100	100	100	
100	100	100	100	100	100	100	100	100	100	100	100	100	100	100	100	100	100	100	100	100	100	100	100	100	
100	100	100	100	100	100	100	100	100	100	100	100	100	100	100	100	100	100	100	100	100	100	100	100	100	
100	100	100	100	100	100	100	100	100	100	100	100	100	100	100	100	100	100	100	100	100	100	100	100	100	
100	100	100	100	100	100	100	100	100	100	100	100	100	100	100	100	100	100	100	100	100	100	100	100	100	
100	100	100	100	100	100	100	100	100	100	100	100	100	100	100	100	100	100	100	100	100	100	100	100	100	
100	100	100	100	100	100	100	100	100	100	100	100	100	100	100	100	100	100	100	100	100	100	100	100	100	
100	100	100	100	100	100	100	100	100	100	100	100	100	100	100	100	100	100	100	100	100	100	100	100	100	
100	100	100	100	100	100	100	100	100	100	100	100	100	100	100	100	100	100	100	100	100	100	100	100	100	
100	100	100	100	100	100	100	100	100	100	100	100	100	100	100	100	100	100	100	100	100	100	100	100	100	
100	100	100	100	100	100	100	100	100	100	100	100	100	100	100	100	100	100	100	100	100	100	100	100	100	
100	100	100	100	100	100	100	100	100	100	100	100	100	100	100	100	100	100	100	100	100	100	100	100	100	
100	100	100	100	100	100	100	100	100	100	100	100	100	100	100	100	100	100	100	100	100	100	100	100	100	
100	100	100	100	100	100	100	100	100	100	100	100	100	100	100	100	100	100	100	100	100	100	100	100	100	
100	100	100	100	100	100	100	100	100	100	100	100	100	100	100	100	100	100	100	100	100	100	100	100	100	
100	100	100	100	100	100	100	100	100	100	100	100	100	100	100	100	100	100	100	100	100	100	100	100	100	
100	100	100	100	100	100	100	100	100	100	100	100	100	100	100	100	100	100	100	100	100	100	100	100	100	
100	100	100	100	100	100	100	100	100	100	100	100	100	100	100	100	100	100	100	100	100	100	100	100	100	
100	100	100	100	100	100	100	100	100	100	100	100	100	100	100	100	100	100	100	100	100	100	100	100	100	
100	100	100	100	100	100	100	100	100	100	100	100	100	100	100	100	100	100	100	100	100	100	100	100	100	
100	100	100	100	100	100	100	100	100	100	100	100	100	100	100	100	100	100	100	100	100	100	100	100	100	
100	100	100	100	100	100	100	100	100	100	100	100	100	100	100	100	100	100	100	100	100	100	100	100	100	
100	100	100	100	100	100	100	100	100	100	100	100	100	100	100	100	100	100	100	100	100	100	100	100	100	
100	100	100	100	100	100	100	100	100	100	100	100	100	100	100	100	100	100	100	100	100	100	100	100	100	
100	100	100	100	100	100	100	100	100	100	100	100	100	100	100	100	100	100	100	100	100	100	100	100	100	
100	100	100	100	100	100	100	100	100	100	100	100	100	100	100	100	100	100	100	100	100	100	100	100	100	
100	100	100	100	100	100	100	100	100	100	100	100	100	100	100	100	100	100	100	100	100	100	100	100	100	
100	100	100	100	100	100	100	100	100	100	100	100	100	100	100	100	100	100	100	100	100	100	100	100	100	
100	100	100	100	100	100	100	100	100	100	100	100	100	100	100	100	100	100	100	100	100	100	100	100	100	
100	100	100	100	100	100	100	100	100	100	100	100	100	100	100	100	100	100	100	100	100	100	100	100	100	
100	100	100	100	100	100	100	100	100	100	100	100	100	100	100	100	100	100	100	100	100	100	100	100	100	
100	100	100	100	100	100	100	100	100	100	100	100	100	100	100	100	100	100	100	100	100	100	100	100	100	
100	100	100	100	100	100	100	100	100	100	100	100	100	100	100	100	100	100	100	100	100	100	100	100	100	
100	100	100	100	100	100	100	100	100	100	100	100	100	100	100	100	100	100	100	100	100	100	100	100	100	
100	100	100	100	100	100	100	100	100	100	100	100	100	100	100	100	100	100	100	100	100	100	100	100	100	
100	100	100	100	100	100	100	100	100	100	100	100	100	100	100	100	100	100	100	100	100	100	100	100	100	
100	100	100	100	100	100	100	100	100	100	100	100	100	100	100	100	100	100	100	100	100	100	100	100	100	
100	100	100	100	100	100	100	100	100	100	100	100	100	100	100	100	100	100	100	100	100	100	100	100	100	
100	100	100	100	100	100	100	100	100	100	100	100	100	100	100	100	100	100	100	100	100	100	100	100	100	
100	100	100	100	100	100	100	100	100	100	100	100	100	100	100	100	100	100	100	100	100	100	100	100	100	
100	100	100	100	100	100	100	100	100	100	100	100	100	100	100	100	100	100	100	100	100	100	100	100	100	
100	100	100	100	100	100	100	100	100	100	100	100	100	100	100	100	100	100	100	100	100	100	100	100	100	
100	100	100	100	100	100	100	100	100	100	100	100	100	100	100	100	100	100	100	100	100	100	100	100	100	
100	100	100	100	100	100	100	100	100	100	100	100	100	100	100	100	100	100	100	100	100	100	100	100	100	
100	100	100	100	100	100	100	100	100	100	100	100	100	100	100	100	100	100	100	100	100	100	100	100	100	
100	100	100	100	100	100	100	100	100	100	100	100	100	100	100	100	100	100	100	100	100	100	100	100	100	
100	100	100	100	100	100	100	100	100	100	100	100	100	100	100	100	100	100	100	100	100	100	100	100	100	
100	100	100	100	100	100	100	100	100	100	100	100	100	100	100	100	100	100	100	100	100	100	100	100	100	
100	100	100	100	100	100	100	100	100	100	100	100	100	100	100	100	100	100	100	100	100	100	100	100	100	
100	100	100	100	100	100	100	100	100	100	100	100	100	100	100	100	100	100	100	100	100	100	100	100	100	
100	100	100	100	100	100	100	100	100	100	100	100	100	100	100	100	100	100	100	100	100	100	100	100	100	
100	100	100	100	100	100	100	100	100	100	100	100	100	100	100	100	100	100	100	100	100	100	100	100	100	
100	100	100	100	100	100	100	100	100	100	100	100	100	100	100	100	100	100	100	100	100	100	100	100	100	
100	100	100	100	100	100	100	100	100	100	100	100	100	100	100	100	100	100	100	100	100	100	100	100	100	
100	100	100	100	100	100	100	100	100	100	100	100	100	100	100	100	100	100	100	100	100	100	100	100	100	
100	100	100	100	100	100	100	100	100	100	100	100	100	100	100	100	100	100	100	100	100	100	100	100	100	
100	100	100	100	100	100	100	100	100	100	100	100	100	100	100	100	100	100	100	100	100	100	100	100	100	
100	100	100	100	100	100	100	100	100	100	100	100	100	100	100	100	100	100	100	100	100	100	100	100	100	
100	100	100	100	100	100	100	100	100	100	100	100	100	100	100	100	100	100	100	100	100	100	100	100	100	
100	100	100	100	100	100	100	100	100	100	100	100	100	100	100	100	100	100	100	100	100	100	100	100	100	
100	100	100	100	100	100	100	100	100	100	100	100	100	100	100	100	100	100	100	100	100	100	100	100	100	
100	100	100	100	100	100	100	100	100	100	100	100	100	100	100	100	100	100	100	100	100	100	100	100	100	
100	100	100	100	100	100	100	100	100	100	100	100	100	100	100	100	100	100	100	100	100	100	100	100	100	
100	100	100	100	100	100	100	100	100	100	100	100	100	100	100	100	100	100	100	100	100	100	100	100	100	
100	100	100	100	100	100	100	100	100	100	100	100	100	100	100	100	100	100	100	100	100	100	100	100	100	
100	100	100	100	100	100	100	100	100	100	100	100	100	100	100	100	100	100	100	100	100	100	100	100	100	
100	100	100	100	100	100	100	100	100	100	100	100	100	100	100	100	100	100	100	100	100	100	100	100	100	
100	100	100	100	100	100	100	100	100	100	100	100	100	100	100	100	100	100	100	100	100	100	100	100	100	
100	100	100	100	100	100	100	100	100	100	100	100	100	100	100	100	100	100	100	100	100	100	100	100	100	
100	100	100	100	100	100	100	100	100	100	100	100	100	100	100	100	100	100	100	100	100	100	100	100	100	
100	100	100	100	100	100	100	100	100	100	100	100	100	100	100	100	100	100	100	100	100	100	100	100	100	
100	100	100	100	100	100	100	100	100	100	100	100	100	100	100	100	100	100	100	100	100	100	100	100	100	
100	100	100	100	100	100	100	100	100	100	100	100	100	100	100	100	100	100	100	100	100	100	100	100	100	
100	100	100	100	100	100	100	100	100	100	100	100	100	100	100	100	100	100	100	100	100	100	100	100	100	
100	100	100	100	100	100	100	100	100	100	100	100	100	100	100	100	100	100	100	100	100	100	100	100	100	
100	100	100	100	100	100	100	100	100	100	100	100	100	100	100	100	100	100	100	100	100	100	100	100	100	
100	100	100	100	100	100	100	100	100	100	100	100	100	100	100	100	100	100	100	100	100	100	100	100	100	
100	100	100	100	100	100	100	100	100	100	100	100	100	100	100	100	100	100	100	100	100	100	100	100	100	
100	100	100	100	100	100	100	100	100	100	100	100	100	100	100	100	100	100	100	100	100	100	100	100	100	
100	100	100	100	100	100	100	100	100	100	100	100	100	100	100	100	100	100	100	100	100	100	100	100	100	
100	100	100	100	100	100	100	100	100	100	100	100	100	100	100	100	100	100	100	100	100	100	100	100	100	
100	100	100	100	100	100	100	100	100	100	100	100	100	100	100	100	100	100	100	100	100	100	100	100	100	
100	100	100	100	100	100	100	100	100	100	100	100	100	100	100	100	100	100	100	100	100	100	100	100	100	
100	100	100	100	100	100	100	100	100	100	100	100	100	100	100	100	100	100	100	100	100	100	100	100	100	
100	100	100	100	100	100	100	100	100	100	100	100	100	100	100	100	100	100	100	100	100	100	100	100	100	
100	100	100	100	100	100	100	100	100	100	100	100	100	100	100	100	100	100	100	100	100	100	100	100	100	
100	100	100	100	100	100	100	100	100	100	100	100	100	100	100	100	100	100	100	100	100	100	100	100	100	
100	100	100	100	100	100	100	100	100	100	100	100	100	100	100	100	100	100	100	100	100	100	100	100	100	
100	100	100	100	100	100	100	100	100	100	100	100	100	100	100	100	100	100	100	100	100	100	100	100	100	
100	100	100	100	100	100	100	100	100	100	100	100	100	100	100	100	100	100	100	100	100	100	100	100	100	
100	100	100	100	100	100	100	100	100	100	100	100	100	100	100	100	100	100	100	100	100	100	100	100	100	
100	100	100	100	100	100	100	100	100	100	100	100	100	100	100	100	100	100	100	100	100	100	100	100	100	
100	100	100	100	100	100	100	100	100	100	100	100	100	100	100	100	100	100	100	100	100	100	100	100	100	
100	100	100	100	100	100	100	100	100	100	100	100	100	100	100	100	100	100	100	100	100	100	100	100	100	
100	100	100	100	100	100	100	100	100	100	100	100	100	100	100	100	100	100	100	100	100	100	100	100	100	
100	100	100	100	100	100	100	100	100	100	100	100	100	100	100	100	100	100	100	100	100	100	100	100	100	
100	100	100	100	100	100	100	100	100	100	100	100	100	100	100	100	100	100	100	100	100	100	100	100	100	
100	100	100	100	100	100	100	100	100	100	100	100	100	100	100	100	100	100	100	100	100	100	100	100	100	
100	100	100	100	100	100	100	100	100	100	100	100	100	100	100	100	100	100	100	100	100	100	100	100	100	
100	100	100	100	100	100	100	100	100	100	100	100	100	100	100	100	100	100	100	100	100	100	100	100	100	
100	100	100	100	100	100	100	100	100	100	100	100	100	100	100	100	100	100	100	100	100	100	100	100	100	
100	100	100	100	100	100	100	100	100	100	100	100	100	100	100	100	100	100	100	100	100	100	100	100	100	
100	100	100	100	100	100	100	100	100	100	100	100	100	100	100	100	100	100	100	100	100	100	100	100	100	
100	100	100	100	100	100	100	100	100	100	100	100	100	100	100	100	100	100	100	100	100	100	100	100	100	
100	100	100	100	100	100	100	100	100	100	100	100	100	100	100	100	100	100	100	100	100	100	100	100	100	
100	100	100	100	100	100	100	100	100	100	100	100	100	100	100	100	100	100	100	100	100	100	100	100	100	
100	100	100	100	100	100	100	100	100	100	100	100	100	100	100	100	100	100	100	100	100	100	100	100	100	
100	100	100	100	100	100	100	100	100	100	100	100	100	100	100	100	100	100	100	100	100	100	100	100	100	
100	100	100	100	100	100	100	100	100	100	100	100	100	100	100	100	100	100	100	100	100	100	100	100	100	
100	100	100	100	100	100	100	100	100	100	100	100	100	100	100	100	100	100	100	100	100	100	100	100	100	
100	100	100	100	100	100	100	100	100	100	100	100	100	100	100	100	100	100	100	100	100	100	100	100	100	
100	100	100	100	100	100	100	100	100	100	100	100	100	100	100	100	100	100	100	100	100	100	100	100	100	
100	100	100	100	100	100	100	100	100	100	100	100	100	100	100	100	100	100	100	100	100	100	100	100	100	
100	100	100	100	100	100	100	100	100	100	100	100	100	100	100	100	100	100	100	100	100	100	100	100	100	
100	100	100	100	100	100	100	100	100	100	100	100	100	100	100	100	100	100	100	100	100	100	100	100	100	
100	100	100	100	100	100	100	100	100	100	100	100	100	100	100	100	100	100	100	100	100	100	100	100	100	
100	100	100	100	100	100	100	100	100	100	100	100	100	100	100	100	100	100	100	100	100	100	100	100	100	
100	100	100	100	100	100	100	100	100	100	100	100	100	100	100	100	100	100	100	100	100	100	100	100	100	
100	100	100	100	100	100	100	100	100	100	100	100	100	100	100	100	100	100	100	100	100	100	100	100	100	
100	100	100	100	100	100	100	100	100	100	100	100	100	100	100	100	100	100	100	100	100	100	100	100	100	
100	100	100	100	100	100	100	100	100	100	100	100	100	100	100	100	100	100	100	100	100	100	100	100	100	
100	100	100	100	100	100	100	100	100	100	100	100	100	100	100	100	100	100	100	100	100	100	100	100	100	
100	100	100	100	100	100	100	100	100	100	100	100	100	100	100	100	100	100	100	100	100	100	100	100	100	
100	100	100	100	100	100	100	100	100	100	100	100	100	100	100	100	100	100	100	100	100	100	100	100	100	
100	100	100	100	100	100	100	100	100	100	100	100	100	100	100	100	100	100	100	100	100	100	100	100	100	
100	100	100	100	100	100	100	100	100	100	100	100	100	100	100	100	100	100	100	100	100	100	100	100	100	
100	100	100	100	100	100	100	100	100	100	100	100	100	100	100	100	100	100	100	100	100	100	100	100	100	
100	100	100	100	100	100	100	100	100	100	100	100	100	100	100	100	100	100	100	100	100	100	100	100	100	
100	100	100	100	100	100	100	100	100	100	100	100	100	100	100	100	100	100	100	100	100	100	100	100	100	
100	100	100	100	100	100	100	100	100	100	100	100	100	100	100	100	100	100	100	100	100	100	100	100	100	
100	100	100	100	100	100	100	100	100	100	100	100	100	100	100	100	100	100	100	100	100	100	100	100	100	
100	100	100	100	100	100	100	100	100	100	100	100	100	100	100	100	100	100	100	100	100	100	100	100	100	
100	100	100	100	100	100	100	100	100	100	100	100	100	100	100	100	100	100	100	100	100	100	100	100	100	
100	100	100	100	100	100	100	100	100	100	100	100	100	100	100	100	100	100	100	100	100	100	100	100	100	
100	100	100	100	100	100	100	100	100	100	100	100	100	100	100	100	100	100	100	100	100	100	100	100	100	
100	100	100	100	100	100	100	100	100	100	100	100	100	100	100	100	100	100	100	100	100	100	100	100	100	
100	100	100	100	100	100	100	100	100	100	100	100	100	100	100	100	100	100	100	100	100	100	100	100	100	
100	100	100	100	100	100	100	100	100	100	100	100	100	100	100	100	100	100	100	100	100	100	100	100	100	
100	100	100	100	100	100	100	100	100	100	100	100	100	100	100	100	100	100	100	100	100	100	100	100	100	
100	100	100	100	100	100	100	100	100	100	100	100	100	100	100	100	100	100	100	100	100	100	100	100	100	
100	100	100	100	100	100	100	100	100	100	100	100	100	100	100	100	100	100	100	100	100	100	100	100	100	
100	100	100	100	100	100	100	100	100	100	100	100	100	100	100	100	100	100	100	100	100	100	100	100	100	
100	100	100	100	100	100	100	100	100	100	100	100	100	100	100	100	100	100	100	100	100	100	100	100	100	
100	100	100	100	100	100	100	100	100	100	100	100	100	100	100	100	100	100	100	100	100	100	100	100	100	
100	100	100	100	100	100	100	100	100	100	100	100	100	100	100	100	100	100	100	100	100	100	100	100	100	
100	100	100	100	100	100	100	100	100	100	100	100	100	100	100	100	100	100	100	100	100	100	100	100	100	
100	100	100	100	100	100	100	100	100	100	100	100	100	100	100	100	100	100	100	100	100	100	100	100	100	
100	100	100	100	100	100	100	100	100	100	100	100	100	100	100	100	100	100	100	100	100	100	100	100	100	
100	100	100	100	100	100	100	100	100	100	100	100	100	100	100	100	100	100	100	100	100	100	100	100	100	
100	100	100	100	100	100	100	100	100	100	100	100	100	100	100	100	100	100	100	100	100	100	100	100	100	
100	100	100	100	100	100	100	100	100	100	100	100	100	100	100	100	100	100	100	100	100	100	100	100	100	
100	100	100	100	100	100	100	100	100	100	100	100	100	100	100	100	100	100	100	100	100	100	100	100	100	
100	100	100	100	100	100	100	100	100	100	100	100	100	100	100	100	100	100	100	100	100	100	100	100	100	
100	100	100	100	100	100	100	100	100	100	100	100	100	100	100	100	100	100	100	100	100	100	100	100	100	
100	100	100	100	100	100	100	100	100	100	100	100	100	100	100	100	100	100	100	100	100	100	100	100	100	
100	100	100	100	100	100	100	100	100	100	100	100	100	100	100	100	100	100	100	100	100	100	100	100	100	
100	100	100	100	100	100	100	100	100	100	100	100	100	100	100	100	100	100	100	100	100	100	100	100	100	
100	100	100	100	100	100	100	100	100	100	100	100	100	100	100	100	100	100	100	100	100	100	100	100	100	
100	100	100	100	100	100	100	100	100	100	100	100	100	100	100	100	100	100	100	100	100	100	100	100	100	
100	100	100	100	100	100	100	100	100	100	100	100	100	100	100	100	100	100	100	100	100	100	100	100	100	
100	100	100	100	100	100	100	100	100	100	100	100	100	100	100	100	100	100	100	100	100	100	100	100	100	
100	100	100	100	100	100	100	100	100	100	100	100	100	100	100	100	100	100	100	100	100	100	100	100	100	
100	100	100	100	100	100	100	100	100	100	100	100	100	100	100	100	100	100	100	100	100	100	100	100	100	
100	100	100	100	100	100	100	100	100	100	100	100	100	100	100	100	100	100	100	100	100	100	100	100	100	
100	100	100	100	100	100	100	100	100	100	100	100	100	100	100	100	100	100	100	100	100	100	100	100	100	
100	100	100	100	100	100	100	100	100	100	100	100	100	100	100	100	100	100	100	100	100	100	100	100	100	
100	100	100	100	100	100	100	100	100	100	100	100	100	100	100	100	100	100	100	100	100	100	100	100	100	
100	100	100	100	100	100	100	100	100	100	100	100	100	100	100	100	100	100	100	100	100	100	100	100	100	
100	100	100	100	100	100	100	100	100	100	100	100	100	100	100	100	100	100	100	100	100	100	100	100	100	
100	100	100	100	100	100	100	100	100	100	100	100	100	100	100	100	100	100	100	100	100	100	100	100	100	
100	100	100	100	100	100	100	100	100	100	100	100	100	100	100	100	100	100	100	100	100	100	100	100	100	
100	100	100	100	100	100	100	100	100	100	100	100	100	100	100	100	100	100	100	100	100	100	100	100	100	
100	100	100	100	100	100	100	100	100	100	100	100	100	100	100	100	100	100	100	100	100	100	100	100	100	
100	100	100	100	100	100	100	100	100	100	100	100	100	100	100	100	100	100	100	100	100	100	100	100	100	
100	100	100	100	100	100	100	100	100	100	100	100	100	100	100	100	100	100	100	100	100	100	100	100	100	
100	100	100	100	100	100	100	100	100	100	100	100	100	100	100	100	100	100	100	100	100	100	100	100	100	
100	100	100	100	100	100	100	100	100	100	100	100	100	100	100	100	100	100	100	100	100	100	100	100	100	
100	100	100	100	100	100	100	100	100	100	100	100	100	100	100	100	100	100	100	100	100	100	100	100	100	
100	100	100	100	100	100	100	100	100	100	100	100	100	100	100	100	100	100	100	100	100	100	100	100	100	
100	100	100	100	100	100	100	100	100	100	100	100	100	100	100	100	100	100	100	100	100	100	100	100	100	
100	100	100	100	100	100	100	100	100	100	100	100	100	100	100	100	100	100	100	100	100	100	100	100	100	
100	100	100	100	100	100	100	100	100	100	100	100	100	100	100	100	100	100	100	100	100	100	100	100	100	
100	100	100	100	100	100	100	100	100	100	100	100	100	100	100	100	100	100	100	100	100	100	100	100	100	
100	100	100	100	100	100	100	100	100	100	100	100	100	100	100	100	100	100	100	100	100	100	100	100	100	
100	100	100	100	100	100	100	100	100	100	100	100	100	100	100	100	100	100	100	100	100	100	100	100	100	
100	100	100	100	100	100	100	100	100	100	100	100	100	100	100	100	100	100	100	100	100	100	100	100	100	
100	100	100	100	100	100	100	100	100	100	100	100	100	100	100	100	100	100	100	100	100	100	100	100	100	
100	100	100	100	100	100	100	100	100	100	100	100	100	100	100	100	100	100	100	100	100	100	100	100	100	
100	100	100	100	100	100	100	100	100	100	100	100	100	100	100	100	100	100	100	100	100	100	100	100	100	
100	100	100	100	100	100	100	100	100	100	100	100	100	100	100	100	100	100	100	100	100	100	100	100	100	
100	100	100	100	100	100	100	100	100	100	100	100	100	100	100	100	100	100	100	100	100	100	100	100	100	
100	100	100	100	100	100	100	100	100	100	100	100	100	100	100	100	100	100	100	100	100	100	100	100	100	
100	100	100	100	100	100	100	100	100	100	100	100	100	100	100	100	100	100	100	100	100	100	100	100	100	
100	100	100	100	100	100	100	100	100	100	100	100	100	100	100	100	100	100	100	100	100	100	100	100	100	
100	100	100	100	100	100	100	100	100	100	100	100	100	100	100	100	100	100	100	100	100	100	100	100	100	
100	100	100	100	100	100	100	100	100	100	100	100	100	100	100	100	100	100	100	100	100	100	100	100	100	
100	100	100	100	100	100	100	100	100	100	100	100	100	100	100	100	100	100	100	100	100	100	100	100	100	
100	100	100	100	100	100	100	100	100	100	100	100	100	100	100	100	100	100	100	100	100	100	100	100	100	
100	100	100	100	100	100	100	100	100	100	100	100	100	100	100	100	100	100	100	100	100	100	100	100	100	
100	100	100	100	100	100	100	100	100	100	100	100	100	100	100	100	100	100	100	100	100	100	100	100	100	
100	100	100	100	100	100	100	100	100	100	100	100	100	100	100	100	100	100	100	100	100	100	100	100	100	
100	100	100	100	100	100	100	100	100	100	100	100	100	100	100	100	100	100	100	100	100	100	100	100	100	
100	100	100	100	100	100	100	100	100	100	100	100	100	100	100	100	100	100	100	100	100	100	100	100	100	
100	100	100	100	100	100	100	100	100	100	100	100	100	100	100	100	100	100	100	100	100	100	100	100	100	
100	100	100	100	100	100	100	100	100	100	100	100	100	100	100	100	100	100	100	100	100	100	100	100	100	
100	100	100	100	100	100	100	100	100	100	100	100	100	100	100	100	100	100	100	100	100	100	100	100	100	
100	100	100	100	100	100	100	100	100	100	100	100	100	100	100	100	100	100	100	100	100	100	100	100	100	
100	100	100	100	100	100	100	100	100	100	100	100	100	100	100	100	100	100	100	100	100	100	100	100	100	
100	100	100	100	100	100	100	100	100	100	100	100	100	100	100	100	100	100	100	100	100	100	100	100	100	
100	100	100	100	100	100	100	100	100	100	100	100	100	100	100	100	100	100	100	100	100	100	100	100	100	
100	100	100	100	100	100	100	100	100	100	100	100	100	100	100	100	100	100	100	100	100	100	100	100	100	
100	100	100	100	100	100	100	100	100	100	100	100	100	100	100	100	100	100	100	100	100	100	100	100	100	
100	100	100	100	100	100	100	100	100	100	100	100	100	100	100	100	100	100	100	100	100	100	100	100	100	
100	100	100	100	100	100	100	100	100	100	100	100	100	100	100	100	100	100	100	100	100	100	100	100	100	
100	100	100	100	100	100	100	100	100	100	100	100	100	100	100	100	100	100	100	100	100	100	100	100	100	
100	100	100	100	100	100	100	100	100	100	100	100	100	100	100	100	100	100	100	100	100	100	100	100	100	
100	100	100	100	100	100	100	100	100	100	100	100	100	100	100	100	100	100	100	100	100	100	100	100	100	
100	100	100	100	100	100	100	100	100	100	100	100	100	100	100	100	100	100	100	100	100	100	100	100	100	
100	100	100	100	100	100	100	100	100	100	100	100	100	100	100	100	100	100	100	100	100	100	100	100	100	
100	100	100	100	100	100	100	100	100	100	100	100	100	100	100	100	100	100	100	100	100	100	100	100	100	
100	100	100	100	100	100	100	100	100	100	100	100	100	100	100	100	100	100	100	100	100	100	100	100	100	
100	100	100	100	100	100	100	100	100	100	100	100	100	100	100	100	100	100	100	100	100	100	100	100	100	
100	100	100	100	100	100	100	100	100	100	100	100	100	100	100	100	100	100	100	100	100	100	100	100	100	
100	100	100	100	100	100	100	100	100	100	100	100	100	100	100	100	100	100	100	100	100	100	100	100	100	
100	100	100	100	100	100	100	100	100	100	100	100	100	100	100	100	100	100	100	100	100	100	100	100	100	
100	100	100	100	100	100	100	100	100	100	100	100	100	100	100	100	100	100	100	100	100	100	100	100	100	
100	100	100	100	100	100	100	100	100	100	100	100	100	100	100	100	100	100	100	100	100	100	100	100	100	
100	100	100	100	100	100	100	100	100	100	100	100	100	100	100	100	100	100	100	100	100	100	100	100	100	
100	100	100	100	100	100	100	100	100	100	100	100	100	100	100	100	100	100	100	100	100	100	100	100	100	
100	100	100	100	100	100	100	100	100	100	100	100	100	100	100	100	100	100	100	100	100	100	100	100	100	
100	100	100	100	100	100	100	100	100	100	100	100	100	100	100	100	100	100	100	100	100	100	100	100	100	
100	100	100	100	100	100	100	100	100	100	100	100	100	100	100	100	100	100	100	100	100	100	100	100	100	
100	100	100	100	100	100	100	100	100	100	100	100	100	100	100	100	100	100	100	100	100	100	100	100	100	
100	100	100	100	100	100	100	100	100	100	100	100	100	100	100	100	100	100	100	100	100	100	100	100	100	
100	100	100	100	100	100	100	100	100	100	100	100	100	100	100	100	100	100	100	100	100	100	100	100	100	
100	100	100	100	100	100	100	100	100	100	100	100	100	100	100	100	100	100	100	100	100	100	100	100	100	
100	100	100	100	100	100	100	100	100	100	100	100	100	100	100	100	100	100	100	100	100	100	100	100	100	
100	100	100	100	100	100	100	100	100	100	100	100	100	100	100	100	100	100	100	100	100	100	100	100	100	
100	100	100	100	100	100	100	100	100	100	100	100	100	100	100	100	100	100	100	100	100	100	100	100	100	
100	100	100	100	100	100	100	100	100	100	100	100	100	100	100	100	100	100	100	100	100	100	100	100	100	
100	100	100	100	100	100	100	100	100	100	100	100	100	100	100	100	100	100	100	100	100	100	100	100	100	
100	100	100	100	100	100	100	100	100	100	100	100	100	100	100	100	100	100	100	100	100	100	100	100	100	
100	100	100	100	100	100	100	100	100	100	100	100	100	100	100	100	100	100	100	100	100	100	100	100	100	
100	100	100	100	100	100	100	100	100	100	100	100	100	100	100	100	100	100	100	100	100	100	100	100	100	
100	100	100	100	100	100	100	100	100	100	100	100	100	100	100	100	100	100	100	100	100	100	100	100	100	
100	100	100	100	100	100	100	100	100	100	100	100	100	100	100	100	100	100	100	100	100	100	100	100	100	
100	100	100	100	100	100	100	100	100	100	100	100	100	100	100	100	100	100	100	100	100	100	100	100	100	
100	100	100	100	100	100	100	100	100	100	100	100	100	100	100	100	100	100	100	100	100	100	100	100	100	
100	100	100	100	100	100	100	100	100	100	100	100	100	100	100	100	100	100	100	100	100	100	100	100	100	
100	100	100	100	100	100	100	100	100	100	100	100	100	100	100	100	100	100	100	100	100	100	100	100	100	
100	100	100	100	100	100	100	100	100	100	100	100	100	100	100	100	100	100	100	100	100	100	100	100	100	
100	100	100	100	100	100	100	100	100	100	100	100	100	100	100	100	100	100	100	100	100	100	100	100	100	
100	100	100	100	100	100	100	100	100	100	100	100	100	100	100	100	100	100	100	100	100	100	100	100	100	
100	100	100	100	100	100	100	100	100	100	100	100	100	100	100	100	100	100	100	100	100	100	100	100	100	
100	100	100	100	100	100	100	100	100	100	100	100	100	100	100	100	100	100	100	100	100	100	100	100	100	
100	100	100	100	100	100	100	100	100	100	100	100	100	100	100	100	100	100	100	100	100	100	100	100	100	
100	100	100	100	100	100	100	100	100	100	100	100	100	100	100	100	100	100	100	100	100	100	100	100	100	
100	100	100	100	100	100	100	100	100	100	100	100	100	100	100	100	100	100	100	100	100	100	100	100	100	
100	100	100	100	100	100	100	100	100	100	100	100	100	100	100	100	100	100	100	100	100	100	100	100	100	
100	100	100	100	100	100	100	100	100	100	100	100	100	100	100	100	100	100	100	100	100	100	100	100	100	
100	100	100	100	100	100	100	100	100	100	100	100	100	100	100	100	100	100	100	100	100	100	100	100	100	
100	100	100	100	100	100	100	100	100	100	100	100	100	100	100	100	100	100	100	100	100	100	100	100	100	
100	100	100	100	100	100	100	100	100	100	100	100	100	100	100	100	100	100	100	100	100	100	100	100	100	
100	100	100	100	100	100	100	100	100	100	100	100	100	100	100	100	100	100	100	100	100	100	100	100	100	
100	100	100	100	100	100	100	100	100	100	100	100	100	100	100	100	100	100	100	100	100	100	100	100	100	
100	100	100	100	100	100	100	100	100	100	100	100	100	100	100	100	100	100	100	100	100	100	100	100	100	
100	100	100	100	100	100	100	100	100	100	100	100	100	100	100	100	100	100	100	100	100	100	100	100	100	
100	100	100	100	100	100	100	100	100	100	100	100	100	100	100	100	100	100	100	100	100	100	100	100	100	
100	100	100	100	100	100	100	100	100	100	100	100	100	100	100	100	100	100	100	100	100	100	100	100	100	
100	100	100	100	100	100	100	100	100	100	100	100	100	100	100	100	100	100	100	100	100	100	100	100	100	
100	100	100	100	100	100	100	100	100	100	100	100	100	100	100	100	100	100	100	100	100	100	100	100	100	
100	100	100	100	100	100	100	100	100	100	100	100	100	100	100	100	100	100	100	100	100	100	100	100	100	
100	100	100	100	100	100	100	100	100	100	100	100	100	100	100	100	100	100	100	100	100	100	100	100	100	
100	100	100	100	100	100	100	100	100	100	100	100	100	100	100	100	100	100	100	100	100	100	100	100	100	
100	100	100	100	100	100	100	100	100	100	100	100	100	100	100	100	100	100	100	100	100	100	100	100	100	
100	100	100	100	100	100	100	100	100	100	100	100	100	100	100	100	100	100	100	100	100	100	100	100	100	
100	100	100	100	100	100	100	100	100	100	100	100	100	100	100	100	100	100	100	100	100	100	100	100	100	
100	100	100	100	100	100	100	100	100	100	100	100	100	100	100	100	100	100	100	100	100	100	100	100	100	
100	100	100	100	100	100	100	100	100	100	100	100	100	100	100	100	100	100	100	100	100	100	100	100	100	
100	100	100	100	100	100	100	100	100	100	100	100	100	100	100	100	100	100	100	100	100	100	100	100	100	
100	100	100	100	100	100	100	100	100	100	100	100	100	100	100	100	100	100	100	100	100	100	100	100	100	
100	100	100	100	100	100	100	100	100	100	100	100	100	100	100	100	100	100	100	100	100	100	100	100	100	
100	100	100	100	100	100	100	100	100	100	100	100	100	100	100	100	100	100	100	100	100	100	100	100	100	
100	100	100	100	100	100	100	100	100	100	100	100	100	100	100	100	100	100	100	100	100	100	100	100	100	
100	100	100	100	100	100	100	100	100	100	100	100	100	100	100	100	100	100	100	100	100	100	100	100	100	
100	100	100	100	100	100	100	100	100	100	100	100	100	100	100	100	100	100	100	100	100	100	100	100	100	
100	100	100	100	100	100	100	100	100	100	100	100	100	100	100	100	100	100	100	100	100	100	100	100	100	
100	100	100	100	100	100	100	100	100	100	100	100	100	100	100	100	100	100	100	100	100	100	100	100	100	
100	100	100	100	100	100	100	100	100	100	100	100	100	100	100	100	100	100	100	100	100	100	100	100	100	
100	100	100	100	100	100	100	100	100	100	100	100	100	100	100	100	100	100	100	100	100	100	100	100	100	
100	100	100	100	100	100	100	100	100	100	100	100	100	100	100	100	100	100	100	100	100	100	100	100	100	
100	100	100	100	100	100	100	100	100	100	100	100	100	100	100	100	100	100	100	100	100	100	100	100	100	
100	100	100	100	100	100	100	100	100	100	100	100	100	100	100	100	100	100	100	100	100	100	100	100	100	
100	100	100	100	100	100	100	100	100	100	100	100	100	100	100	100	100	100	100	100	100	100	100	100	100	
100	100	100	100	100	100	100	100	100	100	100	100	100	100	100	100	100	100	100	100	100	100	100	100	100	
100	100	100	100	100	100	100	100	100	100	100	100	100	100	100	100	100	100	100	100	100	100	100	100	100	
100	100	100	100	100	100	100	100	100	100	100	100	100	100	100	100	100	100	100	100	100	100	100	100	100	
100	100	100	100	100	100	100	100	100	100	100	100	100	100	100	100	100	100	100	100	100	100	100	100	100	
100	100	100	100	100	100	100	100	100	100	100	100	100	100	100	100	100	100	100	100	100	100	100	100	100	
100	100	100	100	100	100	100	100	100	100	100	100	100	100	100	100	100	100	100	100	100	100	100	100	100	
100	100	100	100	100	100	100	100	100	100	100	100	100	100	100	100	100	100	100	100	100	100	100	100	100	
100	100	100	100	100	100	100	100	100	100	100	100	100	100	100	100	100	100	100	100	100	100	100	100	100	
100	100	100	100	100	100	100	100	100	100	100	100	100	100	100	100	100	100	100	100	100	100	100	100	100	
100	100	100	100	100	100	100	100	100	100	100	100	100	100	100	100	100	100	100	100	100	100	100	100	100	
100	100	100	100	100	100	100	100	100	100	100	100	100	100	100	100	100	100	100	100	100	100	100	100	100	
100	100	100	100	100	100	100	100	100	100	100	100	100	100	100	100	100	100	100	100	100	100	100	100	100	
