1.4985888206217749e+04	7.9890921473805211e+03	8.8265459598173493e+03	8.1942086883770098e+03	6.6086579495747001e+03	8.9280433585020146e+03	1.6666627897587765e+04	1.0750292805465866e+04	8.9798735161158365e+03	8.5403062868230336e+03	7.8443050799824359e+03	8.1370130187546220e+03	9.7591888603529442e+03	9.1394002758968036e+03	8.7527223515415171e+03	8.9411172306727130e+03	1.2721557127707652e+04	6.6824536558348582e+03	6.5211482821731552e+03	7.5894969773359981e+03	7.6340917233510136e+03	8.5245369605046071e+03	7.5824584907559065e+03	8.4404224500018863e+03	1.4392207672846667e+04
4.9542489726233216e+03	4.1144406292391177e+03	4.4715023023836857e+03	4.5717238758137009e+03	4.5592389365555846e+03	3.9027802164718746e+03	4.0245632729766580e+03	4.8227294044762066e+03	4.2658233302470890e+03	4.9794161935797583e+03	4.1580025368313400e+03	4.1701784363921543e+03	4.6522079702531591e+03	4.0050869149154851e+03	4.3894372612242923e+03	4.7817910696918070e+03	3.8338961429986184e+03	4.2235428360601099e+03	4.1199003027099443e+03	4.4765323479236940e+03	4.3344506477206069e+03	4.4200738216725904e+03	4.8491527413244830e+03	3.9740132793872381e+03	4.2720948240186808e+03
3.4362121688416655e+03	3.8594639368990056e+03	4.2747327200055752e+03	4.0984191133451950e+03	4.0246298943549982e+03	3.9027802164718746e+03	3.7661894905305671e+03	4.2929714954065330e+03	4.1668854179135888e+03	4.3092251790361006e+03	3.4998721965736322e+03	4.1701784363921543e+03	4.4369322361145987e+03	4.0050869149154851e+03	3.3399263453825424e+03	3.8725944917726197e+03	3.8338961429986184e+03	4.2235428360601099e+03	3.0305493222266668e+03	4.2265721954312467e+03	3.9009224448642876e+03	4.0862699049139883e+03	4.1933924359834409e+03	3.9740132793872381e+03	4.2720948240186808e+03
3.4362121688416655e+03	3.6186520089044511e+03	4.2747327200055752e+03	4.0984191133451950e+03	3.6748613257979414e+03	3.8410082282455078e+03	3.7661894905305671e+03	3.8928042765108044e+03	4.0867945984594849e+03	3.7676695831983898e+03	3.4998721965736322e+03	3.9683631699595412e+03	4.2100453712734670e+03	3.5698347770214732e+03	3.3399263453825424e+03	3.8671759996726037e+03	3.8338961429986184e+03	4.0693467414824113e+03	3.0305493222266668e+03	3.9007937964707276e+03	3.9009224448642876e+03	4.0776228010691084e+03	3.8792244063436724e+03	3.6159309957911987e+03	4.0931660354145820e+03
3.4362121688416655e+03	3.6186520089044511e+03	3.7767214894135805e+03	3.7810901969926281e+03	3.6748613257979414e+03	3.8410082282455078e+03	3.7661894905305671e+03	3.7595200980874083e+03	3.7396881600268416e+03	3.7676695831983898e+03	3.4998721965736322e+03	3.9683631699595412e+03	4.0907774529259832e+03	3.5698347770214732e+03	3.3399263453825424e+03	3.8066869274104611e+03	3.8338961429986184e+03	3.8965579766065944e+03	3.0305493222266668e+03	3.8083329981923057e+03	3.8287930328764232e+03	4.0697147682261379e+03	3.8098256719259825e+03	3.6159309957911987e+03	3.2430018826356863e+03
3.0341248964298170e+03	3.6186520089044511e+03	3.7767214894135805e+03	3.7810901969926281e+03	3.6748613257979414e+03	3.8410082282455078e+03	3.6695937121588618e+03	3.7595200980874083e+03	3.7155259201739732e+03	3.7638626370928741e+03	3.4998721965736322e+03	3.8270223787734785e+03	3.8185937789515951e+03	3.5698347770214732e+03	3.3399263453825424e+03	3.8066869274104611e+03	3.8338961429986184e+03	3.8090725753133229e+03	3.0305493222266668e+03	3.3681218536495790e+03	3.7161229674513306e+03	3.6683159279481360e+03	3.8098256719259825e+03	3.6159309957911987e+03	3.2430018826356863e+03
3.0341248964298170e+03	3.6186520089044511e+03	3.7767214894135805e+03	3.7810901969926281e+03	3.6748613257979414e+03	3.8254955253868966e+03	3.6143925855293191e+03	3.7595200980874083e+03	3.5835376889686477e+03	3.7334753522593664e+03	3.4998721965736322e+03	3.7479402166602476e+03	3.8185937789515951e+03	3.5698347770214732e+03	3.3399263453825424e+03	3.8066869274104611e+03	3.7640269213229667e+03	3.8090725753133229e+03	3.0305493222266668e+03	3.3222384548811337e+03	3.4970113481926119e+03	3.6683159279481360e+03	3.6189141283187646e+03	3.6159309957911987e+03	3.2430018826356863e+03
3.0341248964298170e+03	3.6186520089044511e+03	3.7369021328765830e+03	3.4678982913680961e+03	3.6421268238948724e+03	3.8254955253868966e+03	3.0550558425870076e+03	3.7595200980874083e+03	3.5835376889686477e+03	3.6080342915932106e+03	3.4998721965736322e+03	3.2849240326946338e+03	3.4994146443646250e+03	3.5698347770214732e+03	2.9812354695642543e+03	3.8066869274104611e+03	3.7640269213229667e+03	3.7797929149763231e+03	3.0305493222266668e+03	3.3222384548811337e+03	3.2482894497274729e+03	3.3725019991517102e+03	3.6189141283187646e+03	3.6159309957911987e+03	3.2430018826356863e+03
3.0341248964298170e+03	3.6081288220154843e+03	3.7369021328765830e+03	3.4678982913680961e+03	3.6421268238948724e+03	3.7450775400669645e+03	3.0550558425870076e+03	3.7595200980874083e+03	3.5835376889686477e+03	3.6080342915932106e+03	3.4998721965736322e+03	3.2849240326946338e+03	3.4994146443646250e+03	3.2428781823384629e+03	2.9812354695642543e+03	3.8066869274104611e+03	3.5779523493951765e+03	3.6998346063581212e+03	3.0305493222266668e+03	3.2567508733897589e+03	3.2482894497274729e+03	3.3725019991517102e+03	3.3036019543569273e+03	3.6159309957911987e+03	3.2430018826356863e+03
3.0341248964298170e+03	3.6081288220154843e+03	3.7369021328765830e+03	3.4154071338427170e+03	3.6421268238948724e+03	3.3154364945456550e+03	2.9768664274762891e+03	3.7595200980874083e+03	3.5835376889686477e+03	3.1330795258359849e+03	3.4998721965736322e+03	3.2849240326946338e+03	3.4994146443646250e+03	3.1896752719815331e+03	2.9812354695642543e+03	3.8066869274104611e+03	3.5476330288631034e+03	3.6998346063581212e+03	3.0305493222266668e+03	3.2567508733897589e+03	3.2482894497274729e+03	3.3725019991517102e+03	3.3036019543569273e+03	3.6159309957911987e+03	3.2430018826356863e+03
3.0341248964298170e+03	3.5992440223597641e+03	3.7369021328765830e+03	3.3334332178877994e+03	3.6421268238948724e+03	3.3154364945456550e+03	2.9768664274762891e+03	3.7595200980874083e+03	3.3602534492837681e+03	3.1330795258359849e+03	3.4809342955153829e+03	3.2849240326946338e+03	3.4994146443646250e+03	3.1896752719815331e+03	2.9812354695642543e+03	3.4076550728583034e+03	3.5476330288631034e+03	3.6998346063581212e+03	3.0305493222266668e+03	3.2567508733897589e+03	3.2482894497274729e+03	3.3725019991517102e+03	3.3036019543569273e+03	3.6159309957911987e+03	3.2430018826356863e+03
3.0341248964298170e+03	3.1068091281592469e+03	3.7369021328765830e+03	3.3334332178877994e+03	3.6421268238948724e+03	3.3154364945456550e+03	2.9727511058015252e+03	3.7260189054480397e+03	3.3602534492837681e+03	3.1330795258359849e+03	3.4809342955153829e+03	3.2849240326946338e+03	3.4657712489383416e+03	3.1896752719815331e+03	2.9812354695642543e+03	3.4076550728583034e+03	3.5476330288631034e+03	3.6492106663621153e+03	3.0305493222266668e+03	3.2567508733897589e+03	3.2173783323306866e+03	3.3725019991517102e+03	3.3036019543569273e+03	3.6159309957911987e+03	3.1256421077368022e+03
3.0341248964298170e+03	3.1068091281592469e+03	3.4701084448500642e+03	3.3334332178877994e+03	3.4842532623089510e+03	3.3154364945456550e+03	2.9727511058015252e+03	3.7260189054480397e+03	3.3602534492837681e+03	3.0630017044839956e+03	3.4809342955153829e+03	3.2849240326946338e+03	3.0511102937947007e+03	3.1896752719815331e+03	2.9812354695642543e+03	3.4076550728583034e+03	3.5476330288631034e+03	3.6492106663621153e+03	3.0305493222266668e+03	3.2567508733897589e+03	3.1734150208768756e+03	3.3725019991517102e+03	3.3036019543569273e+03	3.6159309957911987e+03	3.1256421077368022e+03
3.0341248964298170e+03	3.1068091281592469e+03	3.4701084448500642e+03	3.3334332178877994e+03	3.4842532623089510e+03	3.3154364945456550e+03	2.9727511058015252e+03	3.4251490257628075e+03	3.3602534492837681e+03	3.0630017044839956e+03	3.4809342955153829e+03	3.2849240326946338e+03	2.9908520844892741e+03	3.1732232428087277e+03	2.9812354695642543e+03	3.4076550728583034e+03	3.5476330288631034e+03	3.4396409712943387e+03	3.0305493222266668e+03	3.1132667982357166e+03	3.1734150208768756e+03	3.3725019991517102e+03	3.3036019543569273e+03	3.6159309957911987e+03	3.1256421077368022e+03
3.0341248964298170e+03	3.1068091281592469e+03	3.4701084448500642e+03	3.3334332178877994e+03	3.4842532623089510e+03	3.3154364945456550e+03	2.9727511058015252e+03	3.4251490257628075e+03	3.3602534492837681e+03	2.7415352818071806e+03	3.3969579285025775e+03	3.2379190241322303e+03	2.9908520844892741e+03	2.5930255744886954e+03	2.8811615098194252e+03	3.3877471828335633e+03	3.4256776853612118e+03	3.2087182535205120e+03	3.0305493222266668e+03	3.1132667982357166e+03	3.1734150208768756e+03	3.3725019991517102e+03	3.3036019543569273e+03	3.6159309957911987e+03	3.1256421077368022e+03
3.0341248964298170e+03	3.1068091281592469e+03	3.4701084448500642e+03	3.2481586617272242e+03	3.4842532623089510e+03	3.0995071501727884e+03	2.9727511058015252e+03	3.4251490257628075e+03	3.1576037823051015e+03	2.7415352818071806e+03	3.2796488400317853e+03	3.2297123087304431e+03	2.9908520844892741e+03	2.4787240027847747e+03	2.7037538101960258e+03	3.3660706041025351e+03	3.4256776853612118e+03	3.2087182535205120e+03	3.0305493222266668e+03	3.1132667982357166e+03	3.1734150208768756e+03	3.3171711612920340e+03	3.3036019543569273e+03	3.5754318799656676e+03	3.1256421077368022e+03
3.0341248964298170e+03	3.1068091281592469e+03	3.2597365147086248e+03	3.0821102565787778e+03	3.2012449990963423e+03	3.0995071501727884e+03	2.9727511058015252e+03	3.0402260672505927e+03	3.1576037823051015e+03	2.7415352818071806e+03	3.2348964796740456e+03	3.2297123087304431e+03	2.9908520844892741e+03	2.4787240027847747e+03	2.5133177847190182e+03	3.3660706041025351e+03	3.4256776853612118e+03	3.2087182535205120e+03	3.0305493222266668e+03	3.1132667982357166e+03	3.1734150208768756e+03	3.3171711612920340e+03	3.3036019543569273e+03	3.5754318799656676e+03	3.1256421077368022e+03
3.0341248964298170e+03	3.1068091281592469e+03	3.2597365147086248e+03	3.0464239651679159e+03	3.2012449990963423e+03	3.0865130067783725e+03	2.9727511058015252e+03	3.0402260672505927e+03	3.0931617552100147e+03	2.7415352818071806e+03	3.2348964796740456e+03	3.2297123087304431e+03	2.9908520844892741e+03	2.4787240027847747e+03	2.5133177847190182e+03	3.3660706041025351e+03	3.3860125114301054e+03	3.2087182535205120e+03	2.9307072965128777e+03	3.1132667982357166e+03	3.1734150208768756e+03	3.2132712218676288e+03	3.2688369879297666e+03	3.5754318799656676e+03	3.1256421077368022e+03
3.0341248964298170e+03	3.1068091281592469e+03	3.2597365147086248e+03	3.0464239651679159e+03	3.2012449990963423e+03	3.0865130067783725e+03	2.9727511058015252e+03	3.0402260672505927e+03	3.0931617552100147e+03	2.7415352818071806e+03	3.1605299026687721e+03	3.2297123087304431e+03	2.9908520844892741e+03	2.4787240027847747e+03	2.5133177847190182e+03	3.3660706041025351e+03	3.3860125114301054e+03	3.2087182535205120e+03	2.9307072965128777e+03	3.1132667982357166e+03	3.1734150208768756e+03	3.2132712218676288e+03	3.2688369879297666e+03	3.5754318799656676e+03	3.1256421077368022e+03
3.0341248964298170e+03	3.1068091281592469e+03	3.2521413855998044e+03	3.0464239651679159e+03	3.2012449990963423e+03	3.0865130067783725e+03	2.9727511058015252e+03	3.0402260672505927e+03	3.0931617552100147e+03	2.7415352818071806e+03	3.1605299026687721e+03	3.0476730485989365e+03	2.9908520844892741e+03	2.4787240027847747e+03	2.5133177847190182e+03	3.3660706041025351e+03	3.2791602649419183e+03	3.2087182535205120e+03	2.9307072965128777e+03	3.1132667982357166e+03	3.1734150208768756e+03	3.2132712218676288e+03	3.2688369879297666e+03	3.4446946005432628e+03	3.0778954739592900e+03
3.0341248964298170e+03	3.1068091281592469e+03	3.1416030714191802e+03	2.7557791848633237e+03	3.2012449990963423e+03	3.0865130067783725e+03	2.9727511058015252e+03	3.0402260672505927e+03	3.0931617552100147e+03	2.7415352818071806e+03	3.1605299026687721e+03	3.0476730485989365e+03	2.8654731289475340e+03	2.4787240027847747e+03	2.5133177847190182e+03	3.3660706041025351e+03	3.2791602649419183e+03	3.2029072426354451e+03	2.9307072965128777e+03	3.1132667982357166e+03	3.1005436560650501e+03	3.2132712218676288e+03	3.2688369879297666e+03	3.4446946005432628e+03	3.0778954739592900e+03
3.0341248964298170e+03	3.1068091281592469e+03	3.1416030714191802e+03	2.7557791848633237e+03	3.2012449990963423e+03	2.9753270694214216e+03	2.9727511058015252e+03	3.0402260672505927e+03	3.0323944366086189e+03	2.7415352818071806e+03	3.1605299026687721e+03	3.0476730485989365e+03	2.8382173442947069e+03	2.4787240027847747e+03	2.5133177847190182e+03	3.3660706041025351e+03	3.2791602649419183e+03	3.2029072426354451e+03	2.9307072965128777e+03	3.0724505173385924e+03	3.1005436560650501e+03	3.2132712218676288e+03	3.2688369879297666e+03	3.4446946005432628e+03	3.0778954739592900e+03
3.0341248964298170e+03	3.1068091281592469e+03	3.1416030714191802e+03	2.7557791848633237e+03	3.1726833764187386e+03	2.9753270694214216e+03	2.9727511058015252e+03	3.0402260672505927e+03	3.0323944366086189e+03	2.7415352818071806e+03	3.1605299026687721e+03	3.0476730485989365e+03	2.8382173442947069e+03	2.4787240027847747e+03	2.5043458389845446e+03	3.3660706041025351e+03	3.2791602649419183e+03	3.2029072426354451e+03	2.9307072965128777e+03	3.0724505173385924e+03	3.1005436560650501e+03	3.1273417492145763e+03	3.2688369879297666e+03	3.4446946005432628e+03	3.0778954739592900e+03
3.0341248964298170e+03	3.0930690067358564e+03	3.1416030714191802e+03	2.7557791848633237e+03	3.1726833764187386e+03	2.9753270694214216e+03	2.9727511058015252e+03	3.0402260672505927e+03	2.8879496411529290e+03	2.7222151893945820e+03	3.1605299026687721e+03	2.8477417417472034e+03	2.8382173442947069e+03	2.4787240027847747e+03	2.5043458389845446e+03	3.3660706041025351e+03	3.2791602649419183e+03	3.2029072426354451e+03	2.9307072965128777e+03	3.0724505173385924e+03	3.1005436560650501e+03	3.1273417492145763e+03	3.1327818501325783e+03	3.4446946005432628e+03	3.0778954739592900e+03
2.9606038333176557e+03	3.0930690067358564e+03	3.1416030714191802e+03	2.7557791848633237e+03	3.1726833764187386e+03	2.9753270694214216e+03	2.9727511058015252e+03	2.9818321140966123e+03	2.8879496411529290e+03	2.7222151893945820e+03	3.1605299026687721e+03	2.8477417417472034e+03	2.8148737083306260e+03	2.4787240027847747e+03	2.5043458389845446e+03	3.3660706041025351e+03	3.2791602649419183e+03	3.1713322832547929e+03	2.9307072965128777e+03	3.0724505173385924e+03	3.0335613773070181e+03	3.1273417492145763e+03	2.9612607323399566e+03	3.4446946005432628e+03	3.0778954739592900e+03
2.9606038333176557e+03	3.0893312659167868e+03	3.1416030714191802e+03	2.7557791848633237e+03	3.1726833764187386e+03	2.9753270694214216e+03	2.9727511058015252e+03	2.9818321140966123e+03	2.8879496411529290e+03	2.7222151893945820e+03	3.1605299026687721e+03	2.8477417417472034e+03	2.8148737083306260e+03	2.4672998922409361e+03	2.4934348644584788e+03	3.3449960354963519e+03	3.2791602649419183e+03	3.1713322832547929e+03	2.9307072965128777e+03	3.0724505173385924e+03	3.0335613773070181e+03	3.0875146169093127e+03	2.9612607323399566e+03	3.4446946005432628e+03	3.0778954739592900e+03
2.9606038333176557e+03	2.9949566628452299e+03	3.1416030714191802e+03	2.7557791848633237e+03	3.1726833764187386e+03	2.9599839013882806e+03	2.9727511058015252e+03	2.9818321140966123e+03	2.8879496411529290e+03	2.6213329385967618e+03	3.1593618904641653e+03	2.8477417417472034e+03	2.7576168008584582e+03	2.4672998922409361e+03	2.4934348644584788e+03	3.3449960354963519e+03	3.2791602649419183e+03	3.1713322832547929e+03	2.9307072965128777e+03	3.0724505173385924e+03	3.0335613773070181e+03	2.9488448269207925e+03	2.9612607323399566e+03	3.4446946005432628e+03	3.0778954739592900e+03
2.9606038333176557e+03	2.9529314966318325e+03	3.1416030714191802e+03	2.5237843827456340e+03	3.1726833764187386e+03	2.9599839013882806e+03	2.9727511058015252e+03	2.9818321140966123e+03	2.8879496411529290e+03	2.6091666965856666e+03	3.1593618904641653e+03	2.8477417417472034e+03	2.7576168008584582e+03	2.4672998922409361e+03	2.4934348644584788e+03	3.3449960354963519e+03	3.2791602649419183e+03	3.1713322832547929e+03	2.9307072965128777e+03	3.0724505173385924e+03	3.0335613773070181e+03	2.9488448269207925e+03	2.9612607323399566e+03	3.4446946005432628e+03	3.0778954739592900e+03
2.9606038333176557e+03	2.9489964155781145e+03	3.1416030714191802e+03	2.5043802062314321e+03	3.1726833764187386e+03	2.9599839013882806e+03	2.9727511058015252e+03	2.9818321140966123e+03	2.8879496411529290e+03	2.6091666965856666e+03	3.1460849497186864e+03	2.8477417417472034e+03	2.7576168008584582e+03	2.4672998922409361e+03	2.3385310282214641e+03	3.1876536996464397e+03	3.2791602649419183e+03	3.1713322832547929e+03	2.9307072965128777e+03	3.0724505173385924e+03	3.0335613773070181e+03	2.9488448269207925e+03	2.9612607323399566e+03	3.4446946005432628e+03	3.0778954739592900e+03
2.9606038333176557e+03	2.9489964155781145e+03	2.9452076973026133e+03	2.5043802062314321e+03	3.1490255314451551e+03	2.9599839013882806e+03	2.9727511058015252e+03	2.9818321140966123e+03	2.8879496411529290e+03	2.6091666965856666e+03	3.1460849497186864e+03	2.8477417417472034e+03	2.7576168008584582e+03	2.4672998922409361e+03	2.3084867591524981e+03	3.1876536996464397e+03	3.2791602649419183e+03	3.1713322832547929e+03	2.9307072965128777e+03	3.0676220167145625e+03	3.0335613773070181e+03	2.9488448269207925e+03	2.9612607323399566e+03	3.4446946005432628e+03	3.0778954739592900e+03
2.9606038333176557e+03	2.9489964155781145e+03	2.9452076973026133e+03	2.5043802062314321e+03	3.1490255314451551e+03	2.9599839013882806e+03	2.9727511058015252e+03	2.9818321140966123e+03	2.8879496411529290e+03	2.6091666965856666e+03	3.1460849497186864e+03	2.8228324600732681e+03	2.7576168008584582e+03	2.4672998922409361e+03	2.3084867591524981e+03	3.1694129885346010e+03	3.2791602649419183e+03	3.1713322832547929e+03	2.8443730658426803e+03	2.9141927495564346e+03	3.0335613773070181e+03	2.9488448269207925e+03	2.9612607323399566e+03	3.4446946005432628e+03	3.0778954739592900e+03
2.9606038333176557e+03	2.9489964155781145e+03	2.9109886602476972e+03	2.4825766595962482e+03	3.1490255314451551e+03	2.9599839013882806e+03	2.6700050230514184e+03	2.9818321140966123e+03	2.8879496411529290e+03	2.6091666965856666e+03	2.8697063172110670e+03	2.8228324600732681e+03	2.6354780086094556e+03	2.4672998922409361e+03	2.3084867591524981e+03	3.1694129885346010e+03	3.2791602649419183e+03	3.1713322832547929e+03	2.8443730658426803e+03	2.9141927495564346e+03	2.8390396862704320e+03	2.9488448269207925e+03	2.9612607323399566e+03	3.4446946005432628e+03	3.0778954739592900e+03
2.9606038333176557e+03	2.9489964155781145e+03	2.9109886602476972e+03	2.4825766595962482e+03	3.1490255314451551e+03	2.9599839013882806e+03	2.6700050230514184e+03	2.9818321140966123e+03	2.8879496411529290e+03	2.6091666965856666e+03	2.8697063172110670e+03	2.8228324600732681e+03	2.6354780086094556e+03	2.4672998922409361e+03	2.3084867591524981e+03	3.1694129885346010e+03	3.2791602649419183e+03	3.1713322832547929e+03	2.8443730658426803e+03	2.9141927495564346e+03	2.8390396862704320e+03	2.9488448269207925e+03	2.9612607323399566e+03	3.4446946005432628e+03	3.0778954739592900e+03
2.9606038333176557e+03	2.9489964155781145e+03	2.9109886602476972e+03	2.4825766595962482e+03	3.1490255314451551e+03	2.9599839013882806e+03	2.6700050230514184e+03	2.9818321140966123e+03	2.8879496411529290e+03	2.6091666965856666e+03	2.8697063172110670e+03	2.8228324600732681e+03	2.5880619913111468e+03	2.4672998922409361e+03	2.3084867591524981e+03	3.1694129885346010e+03	3.0942931662202041e+03	3.0114607312372891e+03	2.8443730658426803e+03	2.9141927495564346e+03	2.8390396862704320e+03	2.9488448269207925e+03	2.9612607323399566e+03	3.4446946005432628e+03	3.0723824078456564e+03
2.9606038333176557e+03	2.9489964155781145e+03	2.9109886602476972e+03	2.4825766595962482e+03	3.1490255314451551e+03	2.9599839013882806e+03	2.6700050230514184e+03	2.8459088126208326e+03	2.8879496411529290e+03	2.6091666965856666e+03	2.8697063172110670e+03	2.8228324600732681e+03	2.5880619913111468e+03	2.4672998922409361e+03	2.3084867591524981e+03	3.1694129885346010e+03	3.0942931662202041e+03	3.0114607312372891e+03	2.8443730658426803e+03	2.9141927495564346e+03	2.8390396862704320e+03	2.9488448269207925e+03	2.9612607323399566e+03	3.4446946005432628e+03	3.0723824078456564e+03
2.9101735764564460e+03	2.9489964155781145e+03	2.9109886602476972e+03	2.4825766595962482e+03	3.1490255314451551e+03	2.9599839013882806e+03	2.6700050230514184e+03	2.8459088126208326e+03	2.8879496411529290e+03	2.6091666965856666e+03	2.8697063172110670e+03	2.8228324600732681e+03	2.5880619913111468e+03	2.4672998922409361e+03	2.3084867591524981e+03	3.1694129885346010e+03	3.0942931662202041e+03	3.0114607312372891e+03	2.8443730658426803e+03	2.9141927495564346e+03	2.8390396862704320e+03	2.9488448269207925e+03	2.9612607323399566e+03	3.3887038362409135e+03	3.0723824078456564e+03
2.9101735764564460e+03	2.9489964155781145e+03	2.9109886602476972e+03	2.2288566341121368e+03	3.1490255314451551e+03	2.9599839013882806e+03	2.6700050230514184e+03	2.8459088126208326e+03	2.8879496411529290e+03	2.6091666965856666e+03	2.8697063172110670e+03	2.8228324600732681e+03	2.5880619913111468e+03	2.4672998922409361e+03	2.2646824498044425e+03	3.1694129885346010e+03	3.0934491289542984e+03	3.0114607312372891e+03	2.8443730658426803e+03	2.9141927495564346e+03	2.8390396862704320e+03	2.9488448269207925e+03	2.9612607323399566e+03	3.3887038362409135e+03	3.0382820262349251e+03
2.9101735764564460e+03	2.9489964155781145e+03	2.9014956321155123e+03	2.2288566341121368e+03	3.1490255314451551e+03	2.9599839013882806e+03	2.6700050230514184e+03	2.8158914789402925e+03	2.8879496411529290e+03	2.6091666965856666e+03	2.8697063172110670e+03	2.8228324600732681e+03	2.5880619913111468e+03	2.4672998922409361e+03	2.2505205906992646e+03	3.1694129885346010e+03	3.0934491289542984e+03	3.0114607312372891e+03	2.8443730658426803e+03	2.9141927495564346e+03	2.8390396862704320e+03	2.9488448269207925e+03	2.9612607323399566e+03	3.3887038362409135e+03	3.0382820262349251e+03
2.8927116021288934e+03	2.7315734562008292e+03	2.5524708048808016e+03	2.2288566341121368e+03	3.1490255314451551e+03	2.8666465724765199e+03	2.6700050230514184e+03	2.8158914789402925e+03	2.8879496411529290e+03	2.6091666965856666e+03	2.8697063172110670e+03	2.8228324600732681e+03	2.5880619913111468e+03	2.4235682151273900e+03	2.1503892473871820e+03	3.1694129885346010e+03	3.0934491289542984e+03	3.0114607312372891e+03	2.8443730658426803e+03	2.9054157934336154e+03	2.8390396862704320e+03	2.9488448269207925e+03	2.9612607323399566e+03	3.3887038362409135e+03	3.0382820262349251e+03
2.8927116021288934e+03	2.7315734562008292e+03	2.5524708048808016e+03	2.2288566341121368e+03	3.1490255314451551e+03	2.8666465724765199e+03	2.6700050230514184e+03	2.8158914789402925e+03	2.8630569889211265e+03	2.5928735802822698e+03	2.8697063172110670e+03	2.8228324600732681e+03	2.5880619913111468e+03	2.4235682151273900e+03	2.1503892473871820e+03	3.0413161522173382e+03	3.0934491289542984e+03	3.0114607312372891e+03	2.8443730658426803e+03	2.9054157934336154e+03	2.8390396862704320e+03	2.9488448269207925e+03	2.9612607323399566e+03	3.3887038362409135e+03	2.9243293347263830e+03
2.8927116021288934e+03	2.7315734562008292e+03	2.5524708048808016e+03	2.2288566341121368e+03	3.0506205517676854e+03	2.8666465724765199e+03	2.6700050230514184e+03	2.8158914789402925e+03	2.8630569889211265e+03	2.5928735802822698e+03	2.8697063172110670e+03	2.8228324600732681e+03	2.5880619913111468e+03	2.3971703095405092e+03	2.1503892473871820e+03	3.0413161522173382e+03	3.0934491289542984e+03	3.0114607312372891e+03	2.8443730658426803e+03	2.8748304880081923e+03	2.8390396862704320e+03	2.9132902609320445e+03	2.9338764023759809e+03	3.3887038362409135e+03	2.9243293347263830e+03
2.8473871903291024e+03	2.7315734562008292e+03	2.5524708048808016e+03	2.1154693740416178e+03	3.0506205517676854e+03	2.8666465724765199e+03	2.6260841004159902e+03	2.7688597545338780e+03	2.8630569889211265e+03	2.5754618704114246e+03	2.8697063172110670e+03	2.8228324600732681e+03	2.5880619913111468e+03	2.3783284744652465e+03	2.1503892473871820e+03	3.0413161522173382e+03	3.0887993206017072e+03	3.0114607312372891e+03	2.8443730658426803e+03	2.8748304880081923e+03	2.8390396862704320e+03	2.9132902609320445e+03	2.9338764023759809e+03	3.3887038362409135e+03	2.9243293347263830e+03
2.8333088166547222e+03	2.7315734562008292e+03	2.5524708048808016e+03	2.1154693740416178e+03	3.0506205517676854e+03	2.8666465724765199e+03	2.6260841004159902e+03	2.7516851730394337e+03	2.8630569889211265e+03	2.5754618704114246e+03	2.8556402816261389e+03	2.8228324600732681e+03	2.5880619913111468e+03	2.3783284744652465e+03	2.1503892473871820e+03	3.0413161522173382e+03	3.0887993206017072e+03	3.0114607312372891e+03	2.8443730658426803e+03	2.8748304880081923e+03	2.8390396862704320e+03	2.9132902609320445e+03	2.9338764023759809e+03	3.3887038362409135e+03	2.9243293347263830e+03
2.8333088166547222e+03	2.7315734562008292e+03	2.5524708048808016e+03	2.1154693740416178e+03	3.0506205517676854e+03	2.8666465724765199e+03	2.6260841004159902e+03	2.7516851730394337e+03	2.8630569889211265e+03	2.5122322886139987e+03	2.8556402816261389e+03	2.7532775827881624e+03	2.5880619913111468e+03	2.3318484087011166e+03	2.0853397663922742e+03	3.0413161522173382e+03	3.0887993206017072e+03	3.0114607312372891e+03	2.8443730658426803e+03	2.8748304880081923e+03	2.8390396862704320e+03	2.9121655624149753e+03	2.8928466582941974e+03	3.3887038362409135e+03	2.9243293347263830e+03
2.8333088166547222e+03	2.7315734562008292e+03	2.5524708048808016e+03	2.0987534935499007e+03	3.0506205517676854e+03	2.8666465724765199e+03	2.6260841004159902e+03	2.7516851730394337e+03	2.8218858935840976e+03	2.5122322886139987e+03	2.8556402816261389e+03	2.6316114974958550e+03	2.4782858354104155e+03	2.3318484087011166e+03	2.0853397663922742e+03	3.0413161522173382e+03	3.0887993206017072e+03	3.0114607312372891e+03	2.8443730658426803e+03	2.8748304880081923e+03	2.8390396862704320e+03	2.8474299643787699e+03	2.8928466582941974e+03	3.3181250805420514e+03	2.9243293347263830e+03
2.8333088166547222e+03	2.7315734562008292e+03	2.5524708048808016e+03	2.0591343058912116e+03	3.0260870820202340e+03	2.8666465724765199e+03	2.6260841004159902e+03	2.7419813607923325e+03	2.8218858935840976e+03	2.5122322886139987e+03	2.8556402816261389e+03	2.6316114974958550e+03	2.4782858354104155e+03	2.3318484087011166e+03	2.0853397663922742e+03	3.0413161522173382e+03	3.0887993206017072e+03	3.0075704080652781e+03	2.8443730658426803e+03	2.8748304880081923e+03	2.8390396862704320e+03	2.7968045214922349e+03	2.8696664220012840e+03	3.3181250805420514e+03	2.9243293347263830e+03
2.8333088166547222e+03	2.7315734562008292e+03	2.5524708048808016e+03	2.0591343058912116e+03	3.0208898756032095e+03	2.8666465724765199e+03	2.6260841004159902e+03	2.7171263523943662e+03	2.8173590000278932e+03	2.5122322886139987e+03	2.8556402816261389e+03	2.6316114974958550e+03	2.4774843333343797e+03	2.3318484087011166e+03	2.0853397663922742e+03	3.0413161522173382e+03	3.0883828170493803e+03	3.0075704080652781e+03	2.8443730658426803e+03	2.8748304880081923e+03	2.8390396862704320e+03	2.7968045214922349e+03	2.8696664220012840e+03	3.3181250805420514e+03	2.9243293347263830e+03
2.7243084060605734e+03	2.7315734562008292e+03	2.5524708048808016e+03	2.0591343058912116e+03	3.0208898756032095e+03	2.8666465724765199e+03	2.6260841004159902e+03	2.7171263523943662e+03	2.8173590000278932e+03	2.5122322886139987e+03	2.8556402816261389e+03	2.6316114974958550e+03	2.4774843333343797e+03	2.3318484087011166e+03	2.0853397663922742e+03	3.0413161522173382e+03	3.0883828170493803e+03	3.0075704080652781e+03	2.8443730658426803e+03	2.7782975684979492e+03	2.8390396862704320e+03	2.7968045214922349e+03	2.8696664220012840e+03	3.2636039590192463e+03	2.9243293347263830e+03
2.7243084060605734e+03	2.6766034077401273e+03	2.5524708048808016e+03	2.0591343058912116e+03	3.0208898756032095e+03	2.8666465724765199e+03	2.6260841004159902e+03	2.7171263523943662e+03	2.8129105563136700e+03	2.4711312567034975e+03	2.8556402816261389e+03	2.6316114974958550e+03	2.4774843333343797e+03	2.3318484087011166e+03	2.0853397663922742e+03	2.9654822491168024e+03	3.0629679433308720e+03	3.0075704080652781e+03	2.8443730658426803e+03	2.7782975684979492e+03	2.8390396862704320e+03	2.7968045214922349e+03	2.7023976776346299e+03	3.2636039590192463e+03	2.8672630571065520e+03
2.7243084060605734e+03	2.6766034077401273e+03	2.5247776677964439e+03	2.0591343058912116e+03	3.0208898756032095e+03	2.8666465724765199e+03	2.6260841004159902e+03	2.7171263523943662e+03	2.8129105563136700e+03	2.4711312567034975e+03	2.8556402816261389e+03	2.6316114974958550e+03	2.4774843333343797e+03	2.3318484087011166e+03	2.0853397663922742e+03	2.9654822491168024e+03	3.0629679433308720e+03	2.9506063128521055e+03	2.8443730658426803e+03	2.7782975684979492e+03	2.8212962593564935e+03	2.7961677552564543e+03	2.7023976776346299e+03	3.2636039590192463e+03	2.8672630571065520e+03
2.7243084060605734e+03	2.6766034077401273e+03	2.5247776677964439e+03	2.0451483281409241e+03	3.0208898756032095e+03	2.8666465724765199e+03	2.6260841004159902e+03	2.7171263523943662e+03	2.8129105563136700e+03	2.4711312567034975e+03	2.8556402816261389e+03	2.6316114974958550e+03	2.4774843333343797e+03	2.3318484087011166e+03	2.0853397663922742e+03	2.9654822491168024e+03	3.0629679433308720e+03	2.9506063128521055e+03	2.8443730658426803e+03	2.7782975684979492e+03	2.8212962593564935e+03	2.7961677552564543e+03	2.7023976776346299e+03	3.2636039590192463e+03	2.8672630571065520e+03
2.7243084060605734e+03	2.6766034077401273e+03	2.5247776677964439e+03	2.0451483281409241e+03	2.8979453005772039e+03	2.8666465724765199e+03	2.6260841004159902e+03	2.7171263523943662e+03	2.8129105563136700e+03	2.4711312567034975e+03	2.8556402816261389e+03	2.6316114974958550e+03	2.4503122835567988e+03	2.3318484087011166e+03	2.0853397663922742e+03	2.9524022991400052e+03	3.0629679433308720e+03	2.9506063128521055e+03	2.8443730658426803e+03	2.7782975684979492e+03	2.8212962593564935e+03	2.7961677552564543e+03	2.7023976776346299e+03	3.2636039590192463e+03	2.8672630571065520e+03
2.7243084060605734e+03	2.6766034077401273e+03	2.5030237841024236e+03	2.0451483281409241e+03	2.8979453005772039e+03	2.8666465724765199e+03	2.6260841004159902e+03	2.7171263523943662e+03	2.8129105563136700e+03	2.4711312567034975e+03	2.8556402816261389e+03	2.6316114974958550e+03	2.4503122835567988e+03	2.2980631746574932e+03	2.0815990573027780e+03	2.9524022991400052e+03	3.0629679433308720e+03	2.9506063128521055e+03	2.8443730658426803e+03	2.7782975684979492e+03	2.8212962593564935e+03	2.7961677552564543e+03	2.7023976776346299e+03	3.2636039590192463e+03	2.8672630571065520e+03
2.7243084060605734e+03	2.6766034077401273e+03	2.4773813015141714e+03	2.0451483281409241e+03	2.8979453005772039e+03	2.8666465724765199e+03	2.6260841004159902e+03	2.7171263523943662e+03	2.8129105563136700e+03	2.4711312567034975e+03	2.8556402816261389e+03	2.5443403945546006e+03	2.4503122835567988e+03	2.2663645546795219e+03	2.0722043428929060e+03	2.9524022991400052e+03	3.0629679433308720e+03	2.9506063128521055e+03	2.8443730658426803e+03	2.7782975684979492e+03	2.8212962593564935e+03	2.7799577854863278e+03	2.7023976776346299e+03	3.2636039590192463e+03	2.8672630571065520e+03
2.7243084060605734e+03	2.6766034077401273e+03	2.4773813015141714e+03	2.0451483281409241e+03	2.8979453005772039e+03	2.8666465724765199e+03	2.6260841004159902e+03	2.7171263523943662e+03	2.8129105563136700e+03	2.4711312567034975e+03	2.8556402816261389e+03	2.5443403945546006e+03	2.4503122835567988e+03	2.2663645546795219e+03	2.0547761895062863e+03	2.9524022991400052e+03	3.0629679433308720e+03	2.9506063128521055e+03	2.8443730658426803e+03	2.7607121918052553e+03	2.8212962593564935e+03	2.7799577854863278e+03	2.7023976776346299e+03	3.2288550852413659e+03	2.8672630571065520e+03
2.7243084060605734e+03	2.6766034077401273e+03	2.4773813015141714e+03	2.0451483281409241e+03	2.8979453005772039e+03	2.8666465724765199e+03	2.6260841004159902e+03	2.7171263523943662e+03	2.8129105563136700e+03	2.4711312567034975e+03	2.8556402816261389e+03	2.5369504706888833e+03	2.4371059497661072e+03	2.2663645546795219e+03	2.0480380951198572e+03	2.7960981151309334e+03	3.0409609994891703e+03	2.8984024366593731e+03	2.8443730658426803e+03	2.7607121918052553e+03	2.8212962593564935e+03	2.7799577854863278e+03	2.7023976776346299e+03	3.2288550852413659e+03	2.8672630571065520e+03
2.7243084060605734e+03	2.6766034077401273e+03	2.4773813015141714e+03	2.0451483281409241e+03	2.8367382159937124e+03	2.7885902619888911e+03	2.6260841004159902e+03	2.7171263523943662e+03	2.8129105563136700e+03	2.4306727961836405e+03	2.8556402816261389e+03	2.5369504706888833e+03	2.3366730306289123e+03	2.1146482801787943e+03	2.0338917431438144e+03	2.7960981151309334e+03	3.0170719966131924e+03	2.8984024366593731e+03	2.8443730658426803e+03	2.7607121918052553e+03	2.8212962593564935e+03	2.7799577854863278e+03	2.6774875180198760e+03	3.2288550852413659e+03	2.8672630571065520e+03
2.7243084060605734e+03	2.6766034077401273e+03	2.4773813015141714e+03	2.0451483281409241e+03	2.8367382159937124e+03	2.7885902619888911e+03	2.6260841004159902e+03	2.7171263523943662e+03	2.8129105563136700e+03	2.4306727961836405e+03	2.8556402816261389e+03	2.5369504706888833e+03	2.3366730306289123e+03	2.1146482801787943e+03	2.0104724297226928e+03	2.7960981151309334e+03	3.0170719966131924e+03	2.8298842915936157e+03	2.8443730658426803e+03	2.7607121918052553e+03	2.8212962593564935e+03	2.7799577854863278e+03	2.6774875180198760e+03	2.9367454078499732e+03	2.8672630571065520e+03
2.7243084060605734e+03	2.6766034077401273e+03	2.4773813015141714e+03	2.0451483281409241e+03	2.8052195685042252e+03	2.7885902619888911e+03	2.6260841004159902e+03	2.7171263523943662e+03	2.7627528472809831e+03	2.4306727961836405e+03	2.8556402816261389e+03	2.5369504706888833e+03	2.3366730306289123e+03	2.1146482801787943e+03	2.0104724297226928e+03	2.7960981151309334e+03	3.0170719966131924e+03	2.8298842915936157e+03	2.8443730658426803e+03	2.7607121918052553e+03	2.8075040088514834e+03	2.7799577854863278e+03	2.6774875180198760e+03	2.9367454078499732e+03	2.8162735944692417e+03
2.7243084060605734e+03	2.6683965908247601e+03	2.4773813015141714e+03	2.0049576575431668e+03	2.8052195685042252e+03	2.7885902619888911e+03	2.6241717824914294e+03	2.3872328852615788e+03	2.7627528472809831e+03	2.4306727961836405e+03	2.8556402816261389e+03	2.3880109778236583e+03	2.3366730306289123e+03	2.1146482801787943e+03	1.9748919475430505e+03	2.7960981151309334e+03	3.0127279625644919e+03	2.8298842915936157e+03	2.8443730658426803e+03	2.7607121918052553e+03	2.8075040088514834e+03	2.7799577854863278e+03	2.6774875180198760e+03	2.9367454078499732e+03	2.8162735944692417e+03
2.7243084060605734e+03	2.5189406200830117e+03	2.4773813015141714e+03	2.0049576575431668e+03	2.8052195685042252e+03	2.7885902619888911e+03	2.5810775294795494e+03	2.3872328852615788e+03	2.7627528472809831e+03	2.4306727961836405e+03	2.8556402816261389e+03	2.3802384117026659e+03	2.3366730306289123e+03	2.1146482801787943e+03	1.9744421142445246e+03	2.7960981151309334e+03	3.0127279625644919e+03	2.8298842915936157e+03	2.8443730658426803e+03	2.7607121918052553e+03	2.8075040088514834e+03	2.7799577854863278e+03	2.6774875180198760e+03	2.9367454078499732e+03	2.8162735944692417e+03
2.7243084060605734e+03	2.5189406200830117e+03	2.4773813015141714e+03	2.0049576575431668e+03	2.8052195685042252e+03	2.7885902619888911e+03	2.4640084405975640e+03	2.3872328852615788e+03	2.7627528472809831e+03	2.3230171089753030e+03	2.8556402816261389e+03	2.3802384117026659e+03	2.3366730306289123e+03	2.1146482801787943e+03	1.9640675756897429e+03	2.7960981151309334e+03	3.0127279625644919e+03	2.8298842915936157e+03	2.8367013119785843e+03	2.7100192547352781e+03	2.8075040088514834e+03	2.7672610051272477e+03	2.6774875180198760e+03	2.9367454078499732e+03	2.8162735944692417e+03
2.6830895190980768e+03	2.5189406200830117e+03	2.4700968990187785e+03	1.9818024011718330e+03	2.8052195685042252e+03	2.7885902619888911e+03	2.4640084405975640e+03	2.3872328852615788e+03	2.7627528472809831e+03	2.0564112920026791e+03	2.8556402816261389e+03	2.3758229773419644e+03	2.3366730306289123e+03	2.1146482801787943e+03	1.9414714114351914e+03	2.7960981151309334e+03	3.0127279625644919e+03	2.8267316082451880e+03	2.8367013119785843e+03	2.6737590684261281e+03	2.8075040088514834e+03	2.7672610051272477e+03	2.6774875180198760e+03	2.9367454078499732e+03	2.8162735944692417e+03
2.6830895190980768e+03	2.3585193226094107e+03	2.4600817135840525e+03	1.9818024011718330e+03	2.8052195685042252e+03	2.7885902619888911e+03	2.4640084405975640e+03	2.3872328852615788e+03	2.7627528472809831e+03	2.0564112920026791e+03	2.8556402816261389e+03	2.3758229773419644e+03	2.3299435625001561e+03	2.0929304000744087e+03	1.9212364759524633e+03	2.7960981151309334e+03	2.9253907602685849e+03	2.8267316082451880e+03	2.7659125173553330e+03	2.6737590684261281e+03	2.8075040088514834e+03	2.7672610051272477e+03	2.6441993373844757e+03	2.9367454078499732e+03	2.5802745153787591e+03
2.6830895190980768e+03	2.3585193226094107e+03	2.4226955403119960e+03	1.9818024011718330e+03	2.7830509982273534e+03	2.7885902619888911e+03	2.4640084405975640e+03	2.3872328852615788e+03	2.7627528472809831e+03	2.0564112920026791e+03	2.8556402816261389e+03	2.3618287258659952e+03	2.3299435625001561e+03	2.0552296651056872e+03	1.9144067709703836e+03	2.7960981151309334e+03	2.9253907602685849e+03	2.8267316082451880e+03	2.7659125173553330e+03	2.6737590684261281e+03	2.8075040088514834e+03	2.7655203388931263e+03	2.6325401991788522e+03	2.8384519898034605e+03	2.5802745153787591e+03
2.6830895190980768e+03	2.3585193226094107e+03	2.4226955403119960e+03	1.9818024011718330e+03	2.7830509982273534e+03	2.7885902619888911e+03	2.4640084405975640e+03	2.3872328852615788e+03	2.7627528472809831e+03	2.0564112920026791e+03	2.8556402816261389e+03	2.3618287258659952e+03	2.2656823787730432e+03	2.0552296651056872e+03	1.9020726859065333e+03	2.7960981151309334e+03	2.9253907602685849e+03	2.8267316082451880e+03	2.7659125173553330e+03	2.6737590684261281e+03	2.8075040088514834e+03	2.7655203388931263e+03	2.5979829449161857e+03	2.8384519898034605e+03	2.5802745153787591e+03
2.6830895190980768e+03	2.3585193226094107e+03	2.4226955403119960e+03	1.9818024011718330e+03	2.7830509982273534e+03	2.7885902619888911e+03	2.4640084405975640e+03	2.3872328852615788e+03	2.7627528472809831e+03	2.0564112920026791e+03	2.8556402816261389e+03	2.3618287258659952e+03	2.2275785039047819e+03	2.0552296651056872e+03	1.8891274076191523e+03	2.7960981151309334e+03	2.9253907602685849e+03	2.8267316082451880e+03	2.7659125173553330e+03	2.1233110024539528e+03	2.8075040088514834e+03	2.7655203388931263e+03	2.5519351919635137e+03	2.6416935286653020e+03	2.5802745153787591e+03
2.6830895190980768e+03	2.3585193226094107e+03	2.4226955403119960e+03	1.9818024011718330e+03	2.7546685461200254e+03	2.7670264952608013e+03	2.4640084405975640e+03	2.3872328852615788e+03	2.7627528472809831e+03	2.0564112920026791e+03	2.8083753343915919e+03	2.3556981154172072e+03	2.2275785039047819e+03	2.0552296651056872e+03	1.8864904259563959e+03	2.7960981151309334e+03	2.7764007246952092e+03	2.8267316082451880e+03	2.7659125173553330e+03	2.1233110024539528e+03	2.8075040088514834e+03	2.7655203388931263e+03	2.5519351919635137e+03	2.4584528454102815e+03	2.5802745153787591e+03
2.6830895190980768e+03	2.3585193226094107e+03	2.4226955403119960e+03	1.9426191897196213e+03	2.7546685461200254e+03	2.7670264952608013e+03	2.4640084405975640e+03	2.3866018510369381e+03	2.7627528472809831e+03	2.0563349660911167e+03	2.8083753343915919e+03	2.3556981154172072e+03	2.1811395511456922e+03	2.0552296651056872e+03	1.8782283844480526e+03	2.7960981151309334e+03	2.7057186599410566e+03	2.7805398159095621e+03	2.7659125173553330e+03	2.0991464322940105e+03	2.8075040088514834e+03	2.7655203388931263e+03	2.5519351919635137e+03	2.4584528454102815e+03	2.5802745153787591e+03
2.6830895190980768e+03	2.3585193226094107e+03	2.4138240609613754e+03	1.9324600354010315e+03	2.7546685461200254e+03	2.7670264952608013e+03	2.4640084405975640e+03	2.3866018510369381e+03	2.7479031932331095e+03	2.0536861948363476e+03	2.8083753343915919e+03	2.3226775510796219e+03	2.1811395511456922e+03	2.0552296651056872e+03	1.8718168228991922e+03	2.7848576272205341e+03	2.7057186599410566e+03	2.7805398159095621e+03	2.7659125173553330e+03	2.0991464322940105e+03	2.8075040088514834e+03	2.7423369136858119e+03	2.5257515734088056e+03	2.4584528454102815e+03	2.5802745153787591e+03
2.6830895190980768e+03	2.3585193226094107e+03	2.3760548961197019e+03	1.9324600354010315e+03	2.7546685461200254e+03	2.7670264952608013e+03	2.4640084405975640e+03	2.3866018510369381e+03	2.6763575771841124e+03	1.9856975772190954e+03	2.8083753343915919e+03	2.3226775510796219e+03	2.1373551015991293e+03	2.0552296651056872e+03	1.8687610181288815e+03	2.7848576272205341e+03	2.7057186599410566e+03	2.7805398159095621e+03	2.7659125173553330e+03	2.0991464322940105e+03	2.8075040088514834e+03	2.7407126910155675e+03	2.5257515734088056e+03	2.4584528454102815e+03	2.5802745153787591e+03
2.6830895190980768e+03	2.3585193226094107e+03	2.3671071544282959e+03	1.9324600354010315e+03	2.7546685461200254e+03	2.7670264952608013e+03	2.4640084405975640e+03	2.3866018510369381e+03	2.6763575771841124e+03	1.9856975772190954e+03	2.8083753343915919e+03	2.1948305726914955e+03	2.1315382069870343e+03	2.0459563014530409e+03	1.8684853680604897e+03	2.7848576272205341e+03	2.7057186599410566e+03	2.7549223272272811e+03	2.7659125173553330e+03	2.0991464322940105e+03	2.8075040088514834e+03	2.6898739600754743e+03	2.5181656879531774e+03	2.4584528454102815e+03	2.5802745153787591e+03
2.6830895190980768e+03	2.3585193226094107e+03	2.3671071544282959e+03	1.9324600354010315e+03	2.6820729519909864e+03	2.7670264952608013e+03	2.4640084405975640e+03	2.3866018510369381e+03	2.6763575771841124e+03	1.9856975772190954e+03	2.7913373750903957e+03	2.1948305726914955e+03	2.0514264075480555e+03	2.0459563014530409e+03	1.8634968158162033e+03	2.7848576272205341e+03	2.7057186599410566e+03	2.7549223272272811e+03	2.7659125173553330e+03	2.0991464322940105e+03	2.8075040088514834e+03	2.6898739600754743e+03	2.5181656879531774e+03	2.4584528454102815e+03	2.5802745153787591e+03
2.6830895190980768e+03	2.3585193226094107e+03	2.2946099904780644e+03	1.9324600354010315e+03	2.6820729519909864e+03	2.7614904594151176e+03	2.4640084405975640e+03	2.3866018510369381e+03	2.6763575771841124e+03	1.9856975772190954e+03	2.7913373750903957e+03	2.1948305726914955e+03	2.0514264075480555e+03	2.0459563014530409e+03	1.8596826492295879e+03	2.7836524392751844e+03	2.6810784749394743e+03	2.7549223272272811e+03	2.7659125173553330e+03	2.0991464322940105e+03	2.8075040088514834e+03	2.6898739600754743e+03	2.4991433323334045e+03	2.4584528454102815e+03	2.5802745153787591e+03
2.6830895190980768e+03	2.3405601731960155e+03	2.2825247767911101e+03	1.9307681351916531e+03	2.6820729519909864e+03	2.7614904594151176e+03	2.4492385503591513e+03	2.3809343656641022e+03	2.6763575771841124e+03	1.9856975772190954e+03	2.7913373750903957e+03	2.1948305726914955e+03	2.0514264075480555e+03	2.0031101531623844e+03	1.8570655345767750e+03	2.7836524392751844e+03	2.6810784749394743e+03	2.7549223272272811e+03	2.7659125173553330e+03	2.0991464322940105e+03	2.8075040088514834e+03	2.6898739600754743e+03	2.4979813938296870e+03	2.4584528454102815e+03	2.5802745153787591e+03
2.6830895190980768e+03	2.3405601731960155e+03	2.2825247767911101e+03	1.9307681351916531e+03	2.6263133419748724e+03	2.5774873095527291e+03	2.4492385503591513e+03	2.3809343656641022e+03	2.6763575771841124e+03	1.9757486454975026e+03	2.6715399979844751e+03	2.1948305726914955e+03	2.0514264075480555e+03	1.9639296788775355e+03	1.8564105536585728e+03	2.7836524392751844e+03	2.6810784749394743e+03	2.7092478794601520e+03	2.7659125173553330e+03	2.0991464322940105e+03	2.8075040088514834e+03	2.6756026111069978e+03	2.4979813938296870e+03	2.4584528454102815e+03	2.5732063588596516e+03
2.6830895190980768e+03	2.3405601731960155e+03	2.2825247767911101e+03	1.9307681351916531e+03	2.6263133419748724e+03	2.5774873095527291e+03	2.4492385503591513e+03	2.2735699788772536e+03	2.6763575771841124e+03	1.9757486454975026e+03	2.6715399979844751e+03	2.1948305726914955e+03	2.0514264075480555e+03	1.9639296788775355e+03	1.8564105536585728e+03	2.7836524392751844e+03	2.6810784749394743e+03	2.7092478794601520e+03	2.7659125173553330e+03	2.0991464322940105e+03	2.8075040088514834e+03	2.5082431558292410e+03	2.4970768377769050e+03	2.4584528454102815e+03	2.5353274801472608e+03
2.6830895190980768e+03	2.2715953381264603e+03	2.2825247767911101e+03	1.9307681351916531e+03	2.6263133419748724e+03	2.5774873095527291e+03	2.4492385503591513e+03	2.2735699788772536e+03	2.6763575771841124e+03	1.9757486454975026e+03	2.6715399979844751e+03	2.1351012865069251e+03	2.0514264075480555e+03	1.9639296788775355e+03	1.8563109412346064e+03	2.7836524392751844e+03	2.6810784749394743e+03	2.7092478794601520e+03	2.7659125173553330e+03	2.0991464322940105e+03	2.6968774369154717e+03	2.5082431558292410e+03	2.4849465437229755e+03	2.4584528454102815e+03	2.5353274801472608e+03
2.6830895190980768e+03	2.2715953381264603e+03	2.2717557535884139e+03	1.9307681351916531e+03	2.6263133419748724e+03	2.5774873095527291e+03	2.4492385503591513e+03	2.2415455765771994e+03	2.6036008599603788e+03	1.9757486454975026e+03	2.6715399979844751e+03	2.1351012865069251e+03	2.0514264075480555e+03	1.9639296788775355e+03	1.8557044926538597e+03	2.7836524392751844e+03	2.6810784749394743e+03	2.7092478794601520e+03	2.7659125173553330e+03	2.0991464322940105e+03	2.6896601152356225e+03	2.5082431558292410e+03	2.4849465437229755e+03	2.4584528454102815e+03	2.3951883971320312e+03
2.6830895190980768e+03	2.2715953381264603e+03	2.2717557535884139e+03	1.9307681351916531e+03	2.6263133419748724e+03	2.5774873095527291e+03	2.4492385503591513e+03	2.2415455765771994e+03	2.6008411419240310e+03	1.9757486454975026e+03	2.6715399979844751e+03	2.1247018311846396e+03	2.0514264075480555e+03	1.9607844383645547e+03	1.8557044926538597e+03	2.7836524392751844e+03	2.6810784749394743e+03	2.6723454355090562e+03	2.7519847234212216e+03	2.0991464322940105e+03	2.6896601152356225e+03	2.5082431558292410e+03	2.4849465437229755e+03	2.3117045270229928e+03	2.3951883971320312e+03
2.6803795823346336e+03	2.2715953381264603e+03	2.2717557535884139e+03	1.9307681351916531e+03	2.6263133419748724e+03	2.5774873095527291e+03	2.4492385503591513e+03	2.2415455765771994e+03	2.6008411419240310e+03	1.9697821525653294e+03	2.5407037833311269e+03	2.1086782388245256e+03	2.0514264075480555e+03	1.9607844383645547e+03	1.8557044926538597e+03	2.7836524392751844e+03	2.6810784749394743e+03	2.6723454355090562e+03	2.7519847234212216e+03	2.0991464322940105e+03	2.6896601152356225e+03	2.5082431558292410e+03	2.4849465437229755e+03	2.3117045270229928e+03	2.3951883971320312e+03
2.6803795823346336e+03	2.2715953381264603e+03	2.2133863146361332e+03	1.9307681351916531e+03	2.6263133419748724e+03	2.5774873095527291e+03	2.4492385503591513e+03	2.2409689180190903e+03	2.6008411419240310e+03	1.9518618744802013e+03	2.5407037833311269e+03	2.1086782388245256e+03	2.0514264075480555e+03	1.9607844383645547e+03	1.8555847009963531e+03	2.7836524392751844e+03	2.6810784749394743e+03	2.6723454355090562e+03	2.7519847234212216e+03	2.0991464322940105e+03	2.6896601152356225e+03	2.5013995613597958e+03	2.4849465437229755e+03	2.3117045270229928e+03	2.3951883971320312e+03
2.6801371804483379e+03	2.2715953381264603e+03	2.2133863146361332e+03	1.9307681351916531e+03	2.6263133419748724e+03	2.4953024942840143e+03	2.4492385503591513e+03	2.2409689180190903e+03	2.6008411419240310e+03	1.9518618744802013e+03	2.5407037833311269e+03	2.1086782388245256e+03	2.0514264075480555e+03	1.9607844383645547e+03	1.8532845421143031e+03	2.7836524392751844e+03	2.6068145945327874e+03	2.6723454355090562e+03	2.7497742102804414e+03	2.0991464322940105e+03	2.6896601152356225e+03	2.5013995613597958e+03	2.4849465437229755e+03	2.3117045270229928e+03	2.3951883971320312e+03
2.5473313362236227e+03	2.2715953381264603e+03	2.2059551389248222e+03	1.9236236858198527e+03	2.6263133419748724e+03	2.4829272850926945e+03	2.4492385503591513e+03	2.2409689180190903e+03	2.6008411419240310e+03	1.9518618744802013e+03	2.5407037833311269e+03	2.1050214432084767e+03	2.0514264075480555e+03	1.9607844383645547e+03	1.8525671222165704e+03	2.7836524392751844e+03	2.6068145945327874e+03	2.6654394057776049e+03	2.7497742102804414e+03	2.0980694031960807e+03	2.6896601152356225e+03	2.4989192410608848e+03	2.4799199378979156e+03	2.3117045270229928e+03	2.3951883971320312e+03
2.5473313362236227e+03	2.2715953381264603e+03	2.2059551389248222e+03	1.9236236858198527e+03	2.6263133419748724e+03	2.4829272850926945e+03	2.4492385503591513e+03	2.2409689180190903e+03	2.6008411419240310e+03	1.9518618744802013e+03	2.5407037833311269e+03	2.1050214432084767e+03	2.0514264075480555e+03	1.9607844383645547e+03	1.8512554902191557e+03	2.7836524392751844e+03	2.6068145945327874e+03	2.6128256299010104e+03	2.7497742102804414e+03	2.0980694031960807e+03	2.6896601152356225e+03	2.4601001906153542e+03	2.4713267471301565e+03	2.3117045270229928e+03	2.3560473326129668e+03
2.5473313362236227e+03	2.2715953381264603e+03	2.2059551389248222e+03	1.9236236858198527e+03	2.6263133419748724e+03	2.4829272850926945e+03	2.4492385503591513e+03	2.2409689180190903e+03	2.6008411419240310e+03	1.9518618744802013e+03	2.5407037833311269e+03	2.1050214432084767e+03	2.0505559167686520e+03	1.9607844383645547e+03	1.8510631036147045e+03	2.7836524392751844e+03	2.6068145945327874e+03	2.6128256299010104e+03	2.6900379091340501e+03	2.0980694031960807e+03	2.6896601152356225e+03	2.4601001906153542e+03	2.4713267471301565e+03	2.3117045270229928e+03	2.3560473326129668e+03
2.5473313362236227e+03	2.2715953381264603e+03	2.2059551389248222e+03	1.8934604085335859e+03	2.6263133419748724e+03	2.4829272850926945e+03	2.4492385503591513e+03	2.2409689180190903e+03	2.4819691579540240e+03	1.9389976368077935e+03	2.5407037833311269e+03	2.0953694619000707e+03	2.0505559167686520e+03	1.9607844383645547e+03	1.8506173878542688e+03	2.7836524392751844e+03	2.5902961197722034e+03	2.6128256299010104e+03	2.6900379091340501e+03	2.0980694031960807e+03	2.6896601152356225e+03	2.4601001906153542e+03	2.4713267471301565e+03	2.3117045270229928e+03	2.2277584707494407e+03
2.5359951488324295e+03	2.2715953381264603e+03	2.2059551389248222e+03	1.8498252040557993e+03	2.6263133419748724e+03	2.4509688996254399e+03	2.4492385503591513e+03	2.2409689180190903e+03	2.4819691579540240e+03	1.9389976368077935e+03	2.5407037833311269e+03	2.0953694619000707e+03	2.0313202427747335e+03	1.9607844383645547e+03	1.8505130695321623e+03	2.7836524392751844e+03	2.5902961197722034e+03	2.6128256299010104e+03	2.6885250387480091e+03	2.0980694031960807e+03	2.6896601152356225e+03	2.4601001906153542e+03	2.4713267471301565e+03	2.3117045270229928e+03	2.2277584707494407e+03
2.5359951488324295e+03	2.2559661806044383e+03	2.2059551389248222e+03	1.8498252040557993e+03	2.6263133419748724e+03	2.4319171969320564e+03	2.4492385503591513e+03	2.2409689180190903e+03	2.4819691579540240e+03	1.9389878923122199e+03	2.5407037833311269e+03	2.0596354596190540e+03	2.0313202427747335e+03	1.9607844383645547e+03	1.8503611824891916e+03	2.7307215986541837e+03	2.5806017553898910e+03	2.5887801748025122e+03	2.6885250387480091e+03	2.0980694031960807e+03	2.6896601152356225e+03	2.4601001906153542e+03	2.4619818050930594e+03	2.3117045270229928e+03	2.2277584707494407e+03
2.4780634545515531e+03	2.2559661806044383e+03	2.2059551389248222e+03	1.8403207254450272e+03	2.6263133419748724e+03	2.4319171969320564e+03	2.4492385503591513e+03	2.2409689180190903e+03	2.4702102748715261e+03	1.9389878923122199e+03	2.5407037833311269e+03	2.0590563980720362e+03	2.0078881134245357e+03	1.9607844383645547e+03	1.8502974754631541e+03	2.7159947935759701e+03	2.5806017553898910e+03	2.5887801748025122e+03	2.6877024930834609e+03	2.0980694031960807e+03	2.6896601152356225e+03	2.4601001906153542e+03	2.4619818050930594e+03	2.3117045270229928e+03	2.2277584707494407e+03
2.4780634545515531e+03	2.2393200742755434e+03	2.2059551389248222e+03	1.8400024374871259e+03	2.6263133419748724e+03	2.4319171969320564e+03	2.4492385503591513e+03	2.2054866650699978e+03	2.4616862775912527e+03	1.9389878923122199e+03	2.5407037833311269e+03	2.0571351738338899e+03	2.0033505651937517e+03	1.9607844383645547e+03	1.8502586600489296e+03	2.7159947935759701e+03	2.5806017553898910e+03	2.5736469138539260e+03	2.6877024930834609e+03	2.0980694031960807e+03	2.6390692510406957e+03	2.4601001906153542e+03	2.4482103198856362e+03	2.2687549621789649e+03	2.2277584707494407e+03
2.4427493487461725e+03	2.2393200742755434e+03	2.2059551389248222e+03	1.8246082720633958e+03	2.6263133419748724e+03	2.4319171969320564e+03	2.4492385503591513e+03	2.2054866650699978e+03	2.4616862775912527e+03	1.9338311502503350e+03	2.5407037833311269e+03	2.0366569478020474e+03	2.0033505651937517e+03	1.9607844383645547e+03	1.8501828066434757e+03	2.7159947935759701e+03	2.5777711471114981e+03	2.5736469138539260e+03	2.6877024930834609e+03	2.0969537010214808e+03	2.6390692510406957e+03	2.4342319529983943e+03	2.4482103198856362e+03	2.2687549621789649e+03	2.2277584707494407e+03
2.4427493487461725e+03	2.2393200742755434e+03	2.2054351021625839e+03	1.8214243929062357e+03	2.6263133419748724e+03	2.4319171969320564e+03	2.4492385503591513e+03	2.2054866650699978e+03	2.4616862775912527e+03	1.9082156903328139e+03	2.5407037833311269e+03	2.0356411565203282e+03	1.9743451096316230e+03	1.9607844383645547e+03	1.8500872854451193e+03	2.7116340559645814e+03	2.5757594915269788e+03	2.5736469138539260e+03	2.6877024930834609e+03	2.0969537010214808e+03	2.6390692510406957e+03	2.4342319529983943e+03	2.4431515569747644e+03	2.2687549621789649e+03	2.2277584707494407e+03
2.4427493487461725e+03	2.2393200742755434e+03	2.2054351021625839e+03	1.7961460435980935e+03	2.6263133419748724e+03	2.4319171969320564e+03	2.4492385503591513e+03	2.2054866650699978e+03	2.3371515142036801e+03	1.9067688037810049e+03	2.5407037833311269e+03	2.0179196858134494e+03	1.9743451096316230e+03	1.9607844383645547e+03	1.8500603396984466e+03	2.7052658246297651e+03	2.5650143031152147e+03	2.5736469138539260e+03	2.6877024930834609e+03	2.0969537010214808e+03	2.6390692510406957e+03	2.4342319529983943e+03	2.4378145904468965e+03	2.2687549621789649e+03	2.2277584707494407e+03
2.4427493487461725e+03	2.2393200742755434e+03	2.1975719135033341e+03	1.7783807537278558e+03	2.6263133419748724e+03	2.4236446201901517e+03	2.4401014227970477e+03	2.2054866650699978e+03	2.3371515142036801e+03	1.8988946349769055e+03	2.5407037833311269e+03	2.0179196858134494e+03	1.9743451096316230e+03	1.9607844383645547e+03	1.8500351070577169e+03	2.6736461798089590e+03	2.5650143031152147e+03	2.5511594070472042e+03	2.5052693804233836e+03	2.0969537010214808e+03	2.6390692510406957e+03	2.4007953473246025e+03	2.4342471756089094e+03	2.2687549621789649e+03	2.2277584707494407e+03
2.4427493487461725e+03	2.2393200742755434e+03	2.1832151166953245e+03	1.7503551550316008e+03	2.6045460240135903e+03	2.3940168144860909e+03	2.4125706388198778e+03	2.2054866650699978e+03	2.3371515142036801e+03	1.8988946349769055e+03	2.5407037833311269e+03	2.0172523496254239e+03	1.9743451096316230e+03	1.9607844383645547e+03	1.8499653764600796e+03	2.6736461798089590e+03	2.5650143031152147e+03	2.5448056851959900e+03	2.5052693804233836e+03	2.0969537010214808e+03	2.6390692510406957e+03	2.3724764768341174e+03	2.4342471756089094e+03	2.2687549621789649e+03	2.2010065168230913e+03
2.4427493487461725e+03	2.2393200742755434e+03	2.1794165153115400e+03	1.7487808085499523e+03	2.6045460240135903e+03	2.3940168144860909e+03	2.4125706388198778e+03	2.1827251411639704e+03	2.3371515142036801e+03	1.8831858393476398e+03	2.5407037833311269e+03	2.0155770199328940e+03	1.9743451096316230e+03	1.9607844383645547e+03	1.8499100418540204e+03	2.6683208024652140e+03	2.5650143031152147e+03	2.5160510226688039e+03	2.5052693804233836e+03	2.0969537010214808e+03	2.6390692510406957e+03	2.3650690643514290e+03	2.4311053850598396e+03	2.2687549621789649e+03	2.1899589408633701e+03
2.4031743051525559e+03	2.2196326057318811e+03	2.1794165153115400e+03	1.7207396239155662e+03	2.6045460240135903e+03	2.3920889168060930e+03	2.4125706388198778e+03	2.1827251411639704e+03	2.3371515142036801e+03	1.8829150585277289e+03	2.5407037833311269e+03	2.0105600288423791e+03	1.9743451096316230e+03	1.9607844383645547e+03	1.8499100418540204e+03	2.6367042712961647e+03	2.5650143031152147e+03	2.5160510226688039e+03	2.5052693804233836e+03	2.0969537010214808e+03	2.6390692510406957e+03	2.3322473935439475e+03	2.4311053850598396e+03	2.2687549621789649e+03	2.1645682430401766e+03
2.4031743051525559e+03	2.2176576767593597e+03	2.1765551579856638e+03	1.7207396239155662e+03	2.6045460240135903e+03	2.3920889168060930e+03	2.4125706388198778e+03	2.1827251411639704e+03	2.3371515142036801e+03	1.8813655676377271e+03	2.5407037833311269e+03	2.0105600288423791e+03	1.9680785116737052e+03	1.9607844383645547e+03	1.8497508584463933e+03	2.6367042712961647e+03	2.5650143031152147e+03	2.5160510226688039e+03	2.5052693804233836e+03	2.0969537010214808e+03	2.6390692510406957e+03	2.3322473935439475e+03	2.4251070938120424e+03	2.2687549621789649e+03	2.1645682430401766e+03
2.4031743051525559e+03	2.2176576767593597e+03	2.1765551579856638e+03	1.7154552365837274e+03	2.6045460240135903e+03	2.3920889168060930e+03	2.4125706388198778e+03	2.1827251411639704e+03	2.3371515142036801e+03	1.8749303247876680e+03	2.5407037833311269e+03	2.0083946755637776e+03	1.9680785116737052e+03	1.9607844383645547e+03	1.8496573048554449e+03	2.6158370268897065e+03	2.5650143031152147e+03	2.5160510226688039e+03	2.5052693804233836e+03	2.0832651334899738e+03	2.6390692510406957e+03	2.3278193661373580e+03	2.4251070938120424e+03	2.2687549621789649e+03	2.1645682430401766e+03
2.4031743051525559e+03	2.2176576767593597e+03	2.1765551579856638e+03	1.6841233754247055e+03	2.5696817592071661e+03	2.3920889168060930e+03	2.4125706388198778e+03	2.1827251411639704e+03	2.3371515142036801e+03	1.8687476234186825e+03	2.5407037833311269e+03	2.0033982584860896e+03	1.9666412952325948e+03	1.9607844383645547e+03	1.8496126550908366e+03	2.6096337016695952e+03	2.5650143031152147e+03	2.5160510226688039e+03	2.5052693804233836e+03	1.9557245679465241e+03	2.6390692510406957e+03	2.3170346628154880e+03	2.4239845826981832e+03	2.2687549621789649e+03	2.1645682430401766e+03
2.4031743051525559e+03	2.2176576767593597e+03	2.1765551579856638e+03	1.6786812389587321e+03	2.5137538052183481e+03	2.3920889168060930e+03	2.4125706388198778e+03	2.1827251411639704e+03	2.3371515142036801e+03	1.8426587839250972e+03	2.5407037833311269e+03	1.9984847512454057e+03	1.9588127588447051e+03	1.9607844383645547e+03	1.8495691387562313e+03	2.6050432340659759e+03	2.5650143031152147e+03	2.5160510226688039e+03	2.5052693804233836e+03	1.9557245679465241e+03	2.6390692510406957e+03	2.3098264190504260e+03	2.4239845826981832e+03	2.2687549621789649e+03	2.1612222440262167e+03
2.4031743051525559e+03	2.2176576767593597e+03	2.1764226644095274e+03	1.6757561910192437e+03	2.5137538052183481e+03	2.3920889168060930e+03	2.4125706388198778e+03	2.1827251411639704e+03	2.3371515142036801e+03	1.7412281209026712e+03	2.5407037833311269e+03	1.9984847512454057e+03	1.9588127588447051e+03	1.9607844383645547e+03	1.8495691387562313e+03	2.6001631575698361e+03	2.5558258334891739e+03	2.5160510226688039e+03	2.5052693804233836e+03	1.9557245679465241e+03	2.6390692510406957e+03	2.3097109561488614e+03	2.4210360367843368e+03	2.2687549621789649e+03	2.1263371540234789e+03
2.4031743051525559e+03	2.2176576767593597e+03	2.1764226644095274e+03	1.6695859440260101e+03	2.5137538052183481e+03	2.3920889168060930e+03	2.4058204901006807e+03	2.1827251411639704e+03	2.3371515142036801e+03	1.7280006679810231e+03	2.5407037833311269e+03	1.9971532348862636e+03	1.9588127588447051e+03	1.9513632178463492e+03	1.8495636642936497e+03	2.5968182987079572e+03	2.5558258334891739e+03	2.5160510226688039e+03	2.5052693804233836e+03	1.9557245679465241e+03	2.6390692510406957e+03	2.2572404571579314e+03	2.4131090409975232e+03	2.2687549621789649e+03	2.1263371540234789e+03
2.4031743051525559e+03	2.2176576767593597e+03	2.1764226644095274e+03	1.6695280130240210e+03	2.5137538052183481e+03	2.3920889168060930e+03	2.4058204901006807e+03	2.1827251411639704e+03	2.3371515142036801e+03	1.7239724449955638e+03	2.5407037833311269e+03	1.9952251171222624e+03	1.9588127588447051e+03	1.9513632178463492e+03	1.8495573820344764e+03	2.5879490381951609e+03	2.5558258334891739e+03	2.5160510226688039e+03	2.5052693804233836e+03	1.9557245679465241e+03	2.6390692510406957e+03	2.2572404571579314e+03	2.4117548454524140e+03	2.2687549621789649e+03	2.1263371540234789e+03
2.4031743051525559e+03	2.2176576767593597e+03	2.1764226644095274e+03	1.6564740606288888e+03	2.5137538052183481e+03	2.3920889168060930e+03	2.4058204901006807e+03	2.1827251411639704e+03	2.3371515142036801e+03	1.7239724449955638e+03	2.5407037833311269e+03	1.9918374544060102e+03	1.9548106572770616e+03	1.9513632178463492e+03	1.8495517366686079e+03	2.5814997964730051e+03	2.5399059630078282e+03	2.5160510226688039e+03	2.5052693804233836e+03	1.9545495579938420e+03	2.6390692510406957e+03	2.2572404571579314e+03	2.4084163421560584e+03	2.2687549621789649e+03	2.1073697199889707e+03
2.4031743051525559e+03	2.2176576767593597e+03	2.1764226644095274e+03	1.6564243321084462e+03	2.5137538052183481e+03	2.3920889168060930e+03	2.4058204901006807e+03	2.1827251411639704e+03	2.3371515142036801e+03	1.7223482848846372e+03	2.5407037833311269e+03	1.9886099704723690e+03	1.9535536834351424e+03	1.9344671844902259e+03	1.8495517366686079e+03	2.5808133808826733e+03	2.5399059630078282e+03	2.5160510226688039e+03	2.5052693804233836e+03	1.9123777174455431e+03	2.6191562934668764e+03	2.2490225355752823e+03	2.4084163421560584e+03	2.2687549621789649e+03	2.0936866441580273e+03
2.4031743051525559e+03	2.2176576767593597e+03	2.1764226644095274e+03	1.6564243321084462e+03	2.5137538052183481e+03	2.3872076950931119e+03	2.4058204901006807e+03	2.1760682658330825e+03	2.3371515142036801e+03	1.7193883613601163e+03	2.5407037833311269e+03	1.9865964321712217e+03	1.9506611072001269e+03	1.9344671844902259e+03	1.8495517366686079e+03	2.5748575766164640e+03	2.5399059630078282e+03	2.5111645632816872e+03	2.5052693804233836e+03	1.8045955375411588e+03	2.6191562934668764e+03	2.2490225355752823e+03	2.4045324386801603e+03	2.2687549621789649e+03	2.0751907917702001e+03
2.4031743051525559e+03	2.2176576767593597e+03	2.1764226644095274e+03	1.6564243321084462e+03	2.4879705006697650e+03	2.3872076950931119e+03	2.3663926100673916e+03	2.1632231316317061e+03	2.3274343687226178e+03	1.7193883613601163e+03	2.5407037833311269e+03	1.9854391738891763e+03	1.9506611072001269e+03	1.9131262656181361e+03	1.8495517366686079e+03	2.5694823674229074e+03	2.5399059630078282e+03	2.5055467740949862e+03	2.5052693804233836e+03	1.8045955375411588e+03	2.6191562934668764e+03	2.2427064933483807e+03	2.4045324386801603e+03	2.2687549621789649e+03	2.0751907917702001e+03
2.4031743051525559e+03	2.2042384274266146e+03	2.1764226644095274e+03	1.6524990384837474e+03	2.4879705006697650e+03	2.3872076950931119e+03	2.3663926100673916e+03	2.1632231316317061e+03	2.3274343687226178e+03	1.7193883613601163e+03	2.5407037833311269e+03	1.9846431436188061e+03	1.9461960160383796e+03	1.9104535589856807e+03	1.8495517366686079e+03	2.5694823674229074e+03	2.5399059630078282e+03	2.5055467740949862e+03	2.5052693804233836e+03	1.8045955375411588e+03	2.6191562934668764e+03	2.2427064933483807e+03	2.4039000670284686e+03	2.2687549621789649e+03	2.0751907917702001e+03
2.4031743051525559e+03	2.2042384274266146e+03	2.1730963776477402e+03	1.6524990384837474e+03	2.4879705006697650e+03	2.3872076950931119e+03	2.3663926100673916e+03	2.1632231316317061e+03	2.3274343687226178e+03	1.7193883613601163e+03	2.5407037833311269e+03	1.9843187703609913e+03	1.9452830317230571e+03	1.9090857288810341e+03	1.8495489083276764e+03	2.5674289526176008e+03	2.5399059630078282e+03	2.4740778429832203e+03	2.5052693804233836e+03	1.8045955375411588e+03	2.6191562934668764e+03	2.2427064933483807e+03	2.4039000670284686e+03	2.2631072608505206e+03	2.0686344819191040e+03
2.4003990150555601e+03	2.1980502392510871e+03	2.1730963776477402e+03	1.6507118441506966e+03	2.4625796468257195e+03	2.3047840045804260e+03	2.3663926100673916e+03	2.1598661175395268e+03	2.3274343687226178e+03	1.7118002958310806e+03	2.5407037833311269e+03	1.9836172639836800e+03	1.9445003730363933e+03	1.9090857288810341e+03	1.8495473121022433e+03	2.5662298256096647e+03	2.5399059630078282e+03	2.4740778429832203e+03	2.5052693804233836e+03	1.8045955375411588e+03	2.6191562934668764e+03	2.2427064933483807e+03	2.4039000670284686e+03	2.2631072608505206e+03	2.0685528296925595e+03
2.3945422769940587e+03	2.1980502392510871e+03	2.1730963776477402e+03	1.6489422975604273e+03	2.4625796468257195e+03	2.3047840045804260e+03	2.3663926100673916e+03	2.1598661175395268e+03	2.2796136936678276e+03	1.7069695785164722e+03	2.5407037833311269e+03	1.9825115500991460e+03	1.9445003730363933e+03	1.9048652272060867e+03	1.8495473121022433e+03	2.5361700609769396e+03	2.5399059630078282e+03	2.4740778429832203e+03	2.5052693804233836e+03	1.8045955375411588e+03	2.6191562934668764e+03	2.2427064933483807e+03	2.4035055929228979e+03	2.2318782635435973e+03	2.0668490408028483e+03
2.3945422769940587e+03	2.1980502392510871e+03	2.1633873981813013e+03	1.6480278844167613e+03	2.4625796468257195e+03	2.3047840045804260e+03	2.3663926100673916e+03	2.1598661175395268e+03	2.2406716594720401e+03	1.7069695785164722e+03	2.5407037833311269e+03	1.9816557987241192e+03	1.9361993599619022e+03	1.9024389864081993e+03	1.8495473121022433e+03	2.5082985805030016e+03	2.5304003325783747e+03	2.4740778429832203e+03	2.5052693804233836e+03	1.7865846731902213e+03	2.6191562934668764e+03	2.2427064933483807e+03	2.4035055929228979e+03	2.2318782635435973e+03	2.0668490408028483e+03
2.3271715976347241e+03	2.1980502392510871e+03	2.1633873981813013e+03	1.6447802284457755e+03	2.4625796468257195e+03	2.3047840045804260e+03	2.3663926100673916e+03	2.1598661175395268e+03	2.2406716594720401e+03	1.7025294744067387e+03	2.5407037833311269e+03	1.9810291836930987e+03	1.9313742847229664e+03	1.8952401033724263e+03	1.8495473121022433e+03	2.5072412240495005e+03	2.5304003325783747e+03	2.4740778429832203e+03	2.5052693804233836e+03	1.7865846731902213e+03	2.6191562934668764e+03	2.2364040177532320e+03	2.4027644571197225e+03	2.2167553250715937e+03	2.0668490408028483e+03
2.3230910766558827e+03	2.1970026284092514e+03	2.1633873981813013e+03	1.6447788928372604e+03	2.4625796468257195e+03	2.2891917019041753e+03	2.3663926100673916e+03	2.1548555326791247e+03	2.2406716594720401e+03	1.6961639450896398e+03	2.5407037833311269e+03	1.9809445502855312e+03	1.9290757129699591e+03	1.8861927626251427e+03	1.8495440711679839e+03	2.5072412240495005e+03	2.5304003325783747e+03	2.4740778429832203e+03	2.5052693804233836e+03	1.7853330177332980e+03	2.6149765994498648e+03	2.2251380106559759e+03	2.4027644571197225e+03	2.2167027294673017e+03	2.0668490408028483e+03
2.3230910766558827e+03	2.1938396422638607e+03	2.1633873981813013e+03	1.6410549145108935e+03	2.4625796468257195e+03	2.2891917019041753e+03	2.3663926100673916e+03	2.1470283009523614e+03	2.2406716594720401e+03	1.6929120615584770e+03	2.5407037833311269e+03	1.9809445502855312e+03	1.9200901532562102e+03	1.8852712351577331e+03	1.8495331718140642e+03	2.5072412240495005e+03	2.5304003325783747e+03	2.4740778429832203e+03	2.5052693804233836e+03	1.7853330177332980e+03	2.6149765994498648e+03	2.1364904603997588e+03	2.4002197571955780e+03	2.2167027294673017e+03	2.0668490408028483e+03
2.3230910766558827e+03	2.1938396422638607e+03	2.1581644080628571e+03	1.6410281910409717e+03	2.4625796468257195e+03	2.2891917019041753e+03	2.3663926100673916e+03	2.1470283009523614e+03	2.2406716594720401e+03	1.6928208373000798e+03	2.5347891013282187e+03	1.9808020335005031e+03	1.9197778606962111e+03	1.8749007352688277e+03	1.8495331718140642e+03	2.4977700205156389e+03	2.5304003325783747e+03	2.4554177284943253e+03	2.4989054746186416e+03	1.7669613897531829e+03	2.6149765994498648e+03	2.1364904603997588e+03	2.3986497855460539e+03	2.2051719491337235e+03	2.0653910667064279e+03
2.3230910766558827e+03	2.1938396422638607e+03	2.1581644080628571e+03	1.6392171799222231e+03	2.4625796468257195e+03	2.2872692991816880e+03	2.3663926100673916e+03	2.1470283009523614e+03	2.2406716594720401e+03	1.6928208373000798e+03	2.5343658672628981e+03	1.9806222898293900e+03	1.9168587543368335e+03	1.8661582732441975e+03	1.8495331718140642e+03	2.4977700205156389e+03	2.5304003325783747e+03	2.4554177284943253e+03	2.4989054746186416e+03	1.7669613897531829e+03	2.6149765994498648e+03	2.1364904603997588e+03	2.3986497855460539e+03	2.1940282024587932e+03	2.0636910211583754e+03
2.2773476768985233e+03	2.1934248245410868e+03	2.1581644080628571e+03	1.6390902802776905e+03	2.4625796468257195e+03	2.2872692991816880e+03	2.3663926100673916e+03	2.1470283009523614e+03	2.2406716594720401e+03	1.6913513322222504e+03	2.5343658672628981e+03	1.9804685662953652e+03	1.9156100196916236e+03	1.8596254946177826e+03	1.8495331718140642e+03	2.4958750395350094e+03	2.5291044196164958e+03	2.4554177284943253e+03	2.4773129345613011e+03	1.7669613897531829e+03	2.6149765994498648e+03	2.1364904603997588e+03	2.3986497855460539e+03	2.1940282024587932e+03	2.0636910211583754e+03
2.2773476768985233e+03	2.1934248245410868e+03	2.1581644080628571e+03	1.6382511583727485e+03	2.3364637848348348e+03	2.2802026992225619e+03	2.3663926100673916e+03	2.1470283009523614e+03	2.2406716594720401e+03	1.6843063355271038e+03	2.5343658672628981e+03	1.9804685662953652e+03	1.9154854796264472e+03	1.8570555111969002e+03	1.8495331718140642e+03	2.4889345371150448e+03	2.5196309505615363e+03	2.4478110993663663e+03	2.4773129345613011e+03	1.7669613897531829e+03	2.6149765994498648e+03	2.1364904603997588e+03	2.3975620023612528e+03	2.1898503937466908e+03	2.0605299429872966e+03
2.2773476768985233e+03	2.1893367472076961e+03	2.1535915179032968e+03	1.6378631382605995e+03	2.3364637848348348e+03	2.2802026992225619e+03	2.3663926100673916e+03	2.1470283009523614e+03	2.2266016030609776e+03	1.6797428707217314e+03	2.5172912192131134e+03	1.9801685418943271e+03	1.9143046788437041e+03	1.8549945281324242e+03	1.8495331718140642e+03	2.4817236171814002e+03	2.5196309505615363e+03	2.4300620304874983e+03	2.4773129345613011e+03	1.7669613897531829e+03	2.6149765994498648e+03	2.1364904603997588e+03	2.3975620023612528e+03	2.1796648660788624e+03	2.0605299429872966e+03
2.2773476768985233e+03	2.1631328740350255e+03	2.1401480842212295e+03	1.6378631382605995e+03	2.3364637848348348e+03	2.2802026992225619e+03	2.3663926100673916e+03	2.1470283009523614e+03	2.2266016030609776e+03	1.6797428707217314e+03	2.5113312011990138e+03	1.9800255691140883e+03	1.9119041330260779e+03	1.8541130173145593e+03	1.8495331718140642e+03	2.4730168331263285e+03	2.5186924526655939e+03	2.4300620304874983e+03	2.4773084940938111e+03	1.7669613897531829e+03	2.6149765994498648e+03	2.1364904603997588e+03	2.3975620023612528e+03	2.1780806982203371e+03	2.0597053963049220e+03
2.2773476768985233e+03	2.1631328740350255e+03	2.1401480842212295e+03	1.6352435153024228e+03	2.3364637848348348e+03	2.2572639721867281e+03	2.3663926100673916e+03	2.1470283009523614e+03	2.2148022208682805e+03	1.6793090862000759e+03	2.4871737278945579e+03	1.9800118074017687e+03	1.9114045595466755e+03	1.8521461836336246e+03	1.8495331718140642e+03	2.4645471726592864e+03	2.5081850216875923e+03	2.4293051079964630e+03	2.4773084940938111e+03	1.7669613897531829e+03	2.6149765994498648e+03	2.1310551536057892e+03	2.3975620023612528e+03	2.1780806982203371e+03	2.0597053963049220e+03
2.2773476768985233e+03	2.1631328740350255e+03	2.1401480842212295e+03	1.6345143447134494e+03	2.3364637848348348e+03	2.2572639721867281e+03	2.3663926100673916e+03	2.1470283009523614e+03	2.2145889364076438e+03	1.6776522444544999e+03	2.4871737278945579e+03	1.9800118074017687e+03	1.9085312715298883e+03	1.8508380508102880e+03	1.8495331718140642e+03	2.4537402018974585e+03	2.5052007014007154e+03	2.4191111932740937e+03	2.4773084940938111e+03	1.7523914945202391e+03	2.6149765994498648e+03	2.0663388818789090e+03	2.3972130786705816e+03	2.1774126571890047e+03	2.0577654151799761e+03
2.2773476768985233e+03	2.1631328740350255e+03	2.1401480842212295e+03	1.6333723196912642e+03	2.3364637848348348e+03	2.2572639721867281e+03	2.2906712927748822e+03	2.1443617092795912e+03	2.2145889364076438e+03	1.6755447125133119e+03	2.4871737278945579e+03	1.9800118074017687e+03	1.9014586429447506e+03	1.8505739552452051e+03	1.8495331718140642e+03	2.4360938119508173e+03	2.5052007014007154e+03	2.4191111932740937e+03	2.4773084940938111e+03	1.7523914945202391e+03	2.6149765994498648e+03	2.0663388818789090e+03	2.3969765346033400e+03	2.1709645853934144e+03	2.0563233130607478e+03
2.2773476768985233e+03	2.1631328740350255e+03	2.1401480842212295e+03	1.6314619105713914e+03	2.3364637848348348e+03	2.2572639721867281e+03	2.2906712927748822e+03	2.1443617092795912e+03	2.2145889364076438e+03	1.6651079052430589e+03	2.4871737278945579e+03	1.9798534175141597e+03	1.8979556526776300e+03	1.8499176766647145e+03	1.8495331718140642e+03	2.4335634063786465e+03	2.4991858387517668e+03	2.4191111932740937e+03	2.4773084940938111e+03	1.7511153027396595e+03	2.6149765994498648e+03	2.0663388818789090e+03	2.3969765346033400e+03	2.1693247381771916e+03	2.0563206658570703e+03
2.2773476768985233e+03	2.1519867152981906e+03	2.1401480842212295e+03	1.6312985111063103e+03	2.3057757869971838e+03	2.2572639721867281e+03	2.2906712927748822e+03	2.1443617092795912e+03	2.1712912816829007e+03	1.6639315732315206e+03	2.4865386080681369e+03	1.9795831822739208e+03	1.8973975066307619e+03	1.8487480914057969e+03	1.8495331718140642e+03	2.4249058198390094e+03	2.4975485165919617e+03	2.4183820682719620e+03	2.4773084940938111e+03	1.7511153027396595e+03	2.5844993017522393e+03	2.0596189694643376e+03	2.3967237153945953e+03	2.1692984495128380e+03	2.0531773521672840e+03
2.2533263045997378e+03	2.1519867152981906e+03	2.1401480842212295e+03	1.6303249672316992e+03	2.3057757869971838e+03	2.2439165717312108e+03	2.2906712927748822e+03	2.1443617092795912e+03	2.1569098936283563e+03	1.6623183476345146e+03	2.4865386080681369e+03	1.9795831822739208e+03	1.8953101372741585e+03	1.8479510320840782e+03	1.8495331718140642e+03	2.4175278474561610e+03	2.4930105489278831e+03	2.4139795993827329e+03	2.4773084940938111e+03	1.7511153027396595e+03	2.5844993017522393e+03	2.0596189694643376e+03	2.3964419422479154e+03	2.1665120519071834e+03	2.0278254208690055e+03
2.2533263045997378e+03	2.1519867152981906e+03	2.1081574474007557e+03	1.6297691036684510e+03	2.2666290251029905e+03	2.2287558087448924e+03	2.2906712927748822e+03	2.1443617092795912e+03	2.1519268512085796e+03	1.6584597591249942e+03	2.4855467182311809e+03	1.9795087337052782e+03	1.8942187223006997e+03	1.8472923108476321e+03	1.8495331718140642e+03	2.4069836516331434e+03	2.4923644463810474e+03	2.4071683909309249e+03	2.4716738585825260e+03	1.7479392740886819e+03	2.5844993017522393e+03	2.0596189694643376e+03	2.3962719340710501e+03	2.1650203195697459e+03	2.0194906660666943e+03
2.2533263045997378e+03	2.1497425992930303e+03	2.1081574474007557e+03	1.6293980338659549e+03	2.2443509707976223e+03	2.2287558087448924e+03	2.2906712927748822e+03	2.1443617092795912e+03	2.1519268512085796e+03	1.6584597591249942e+03	2.4855467182311809e+03	1.9795087337052782e+03	1.8917061239311167e+03	1.8467779678333313e+03	1.8495331718140642e+03	2.4054376808427351e+03	2.4923644463810474e+03	2.4059849727483956e+03	2.4716738585825260e+03	1.7479392740886819e+03	2.5844993017522393e+03	2.0596189694643376e+03	2.3959399538244365e+03	2.1618783700749336e+03	2.0179875607336467e+03
2.2533263045997378e+03	2.1311548344194207e+03	2.1081574474007557e+03	1.6289896001845432e+03	2.2443509707976223e+03	2.2287558087448924e+03	2.2906712927748822e+03	2.1443617092795912e+03	2.1519268512085796e+03	1.6584597591249942e+03	2.4850616533384928e+03	1.9795087337052782e+03	1.8900756126195615e+03	1.8467779678333313e+03	1.8495193952171330e+03	2.3986746804811910e+03	2.4889158450612804e+03	2.3980842258107450e+03	2.4716738585825260e+03	1.7479392740886819e+03	2.5844993017522393e+03	2.0596189694643376e+03	2.1874403599749653e+03	2.1593239918904242e+03	2.0144485735457758e+03
2.2414890752739775e+03	2.1311548344194207e+03	2.1081574474007557e+03	1.6288479257747802e+03	2.2443509707976223e+03	2.2287558087448924e+03	2.2906712927748822e+03	2.1443617092795912e+03	2.1158066184803110e+03	1.6582509708289851e+03	2.4707432884747286e+03	1.9795087337052782e+03	1.8885909179452572e+03	1.8463059863061617e+03	1.8495156075102818e+03	2.3962297306050227e+03	2.4805907044836395e+03	2.3962360582077622e+03	2.4716738585825260e+03	1.7412331643339223e+03	2.5844993017522393e+03	2.0346342039168946e+03	2.1874403599749653e+03	2.1575182870816980e+03	2.0144485735457758e+03
2.2414890752739775e+03	2.1227397614840793e+03	2.0949595799219665e+03	1.6286233638038775e+03	2.2358386115676176e+03	2.2287558087448924e+03	2.2906712927748822e+03	2.1443617092795912e+03	2.0855619554547770e+03	1.6577051813173716e+03	2.4707432884747286e+03	1.9795087337052782e+03	1.8883646587932126e+03	1.8462286941686848e+03	1.8495156075102818e+03	2.3927725831896682e+03	2.4805907044836395e+03	2.3962360582077622e+03	2.4716738585825260e+03	1.7412331643339223e+03	2.5844993017522393e+03	2.0073152978680696e+03	2.1874403599749653e+03	2.1573173114269703e+03	2.0065792200600868e+03
2.2414890752739775e+03	2.1227397614840793e+03	2.0949595799219665e+03	1.6286233638038775e+03	2.2358386115676176e+03	2.2287558087448924e+03	2.2906712927748822e+03	2.1443617092795912e+03	2.0855619554547770e+03	1.6577051813173716e+03	2.4707432884747286e+03	1.9794190363084256e+03	1.8872439020608153e+03	1.8462286941686848e+03	1.8495116832227454e+03	2.3886272196983837e+03	2.4774986628791676e+03	2.3962360582077622e+03	2.4716738585825260e+03	1.7412331643339223e+03	2.5844993017522393e+03	1.9950273113299804e+03	2.1874403599749653e+03	2.1560508847852807e+03	2.0030443229758102e+03
2.2414890752739775e+03	2.1227397614840793e+03	2.0860575804185455e+03	1.6285258449915043e+03	2.2358386115676176e+03	2.2287558087448924e+03	2.2906712927748822e+03	2.1443617092795912e+03	2.0855619554547770e+03	1.6577051813173716e+03	2.4707432884747286e+03	1.9793977668318958e+03	1.8851478975379036e+03	1.8462286941686848e+03	1.8495116832227454e+03	2.3880849280800976e+03	2.4746944713568791e+03	2.3934260434481425e+03	2.4490615222725291e+03	1.7395889645590164e+03	2.5844993017522393e+03	1.9877587640560323e+03	2.1874403599749653e+03	2.1542430440558737e+03	2.0016832285778494e+03
2.2414890752739775e+03	2.1193298244067278e+03	2.0860575804185455e+03	1.6285258449915043e+03	2.2297024042440380e+03	2.2287558087448924e+03	2.2906712927748822e+03	2.1443617092795912e+03	2.0530508234343333e+03	1.6577051813173716e+03	2.3133060089607088e+03	1.9793728949356728e+03	1.8851478975379036e+03	1.8462286941686848e+03	1.8495111327318018e+03	2.3846848070555875e+03	2.4742158624245326e+03	2.3900467658408716e+03	2.4490615222725291e+03	1.7322505745438471e+03	2.5844993017522393e+03	1.9710479971359835e+03	2.1874403599749653e+03	2.1517350023468493e+03	1.9969819711556434e+03
2.2414890752739775e+03	2.1153573636278343e+03	2.0860575804185455e+03	1.6284278730073554e+03	2.2297024042440380e+03	2.2287558087448924e+03	2.2906712927748822e+03	2.1443617092795912e+03	2.0415717172252962e+03	1.6571737833920142e+03	2.1766495129919103e+03	1.9792936538808583e+03	1.8842759729965023e+03	1.8462286941686848e+03	1.8495111327318018e+03	2.3827200915403564e+03	2.4722251995523220e+03	2.3883832139469664e+03	2.4490615222725291e+03	1.7322505745438471e+03	2.5844993017522393e+03	1.9710479971359835e+03	2.1874403599749653e+03	2.1507154632061729e+03	1.9958205697004746e+03
2.2414890752739775e+03	2.1153573636278343e+03	2.0860575804185455e+03	1.6283086308681245e+03	2.2297024042440380e+03	2.2287558087448924e+03	2.2849339071162899e+03	2.1443617092795912e+03	2.0415717172252962e+03	1.6550047035332307e+03	2.0787567630316780e+03	1.9792936538808583e+03	1.8826814907626785e+03	1.8462286941686848e+03	1.8495111327318018e+03	2.3820406891380185e+03	2.4716574953296613e+03	2.3883832139469664e+03	2.4490615222725291e+03	1.7322505745438471e+03	2.5844993017522393e+03	1.9587655697208893e+03	2.1874403599749653e+03	2.1215869064612734e+03	1.9938943518803426e+03
2.2414890752739775e+03	2.1153573636278343e+03	2.0860575804185455e+03	1.6282161199425743e+03	2.2297024042440380e+03	2.2273841933312933e+03	2.2846777821276655e+03	2.1443617092795912e+03	2.0336264041654390e+03	1.6546787216181347e+03	2.0771942480133575e+03	1.9792936538808583e+03	1.8820822951191467e+03	1.8462286941686848e+03	1.8495111327318018e+03	2.3781628492685072e+03	2.4701073746753168e+03	2.3583702969960441e+03	2.4490615222725291e+03	1.7322505745438471e+03	2.5838541325300521e+03	1.9587655697208893e+03	2.1850239624505029e+03	2.1073107153675610e+03	1.9892382945584800e+03
2.2414890752739775e+03	2.1136162084590369e+03	2.0821099858420253e+03	1.6281969378829481e+03	2.2142520749010778e+03	2.2273841933312933e+03	2.2798387213063861e+03	2.1443617092795912e+03	2.0283506338795651e+03	1.6546787216181347e+03	2.0771942480133575e+03	1.9792936538808583e+03	1.8818561082753636e+03	1.8462286941686848e+03	1.8495111327318018e+03	2.3742525090242962e+03	2.4701073746753168e+03	2.3583702969960441e+03	2.4490615222725291e+03	1.7274098899688813e+03	2.5782136333064454e+03	1.9555405102926304e+03	2.1778719504604474e+03	2.1039023324112541e+03	1.9870597051529394e+03
2.2414890752739775e+03	2.1085976601550660e+03	2.0821099858420253e+03	1.6280585953088741e+03	2.2126451596845263e+03	2.2172450312556803e+03	2.2798387213063861e+03	2.1443617092795912e+03	2.0259884529021365e+03	1.6544539842859799e+03	1.9929162646561933e+03	1.9792936538808583e+03	1.8813586980097982e+03	1.8462286941686848e+03	1.8495086602955362e+03	2.3741226138242828e+03	2.4701073746753168e+03	2.3571899785325272e+03	2.4490615222725291e+03	1.7196000473478380e+03	2.5753019548600851e+03	1.9555405102926304e+03	2.1778719504604474e+03	2.1039023324112541e+03	1.9854003574883232e+03
2.2410479857563073e+03	2.0941840391880892e+03	2.0774710022500558e+03	1.6278430970900752e+03	2.2126451596845263e+03	2.2147003641941628e+03	2.2693969607743506e+03	2.1443617092795912e+03	2.0175584889269937e+03	1.6524461656180208e+03	1.9929162646561933e+03	1.9792936538808583e+03	1.8809975639045144e+03	1.8462286941686848e+03	1.8495086602955362e+03	2.3726758367403936e+03	2.4701073746753168e+03	2.3560818122884589e+03	2.4490615222725291e+03	1.7082441851463134e+03	2.5753019548600851e+03	1.9555405102926304e+03	2.1778719504604474e+03	2.1039023324112541e+03	1.9853185704744749e+03
2.2410479857563073e+03	2.0930524962692562e+03	2.0774710022500558e+03	1.6276053702017080e+03	2.2112375539894288e+03	2.2147003641941628e+03	2.2693969607743506e+03	2.1443617092795912e+03	2.0105197777225026e+03	1.6524461656180208e+03	1.9801145198790414e+03	1.9792936538808583e+03	1.8809061555306196e+03	1.8462286941686848e+03	1.8495086602955362e+03	2.3706121663752047e+03	2.4684108210579902e+03	2.3560818122884589e+03	2.4490615222725291e+03	1.7060317303828181e+03	2.5715351716448699e+03	1.9487404595248618e+03	2.1778719504604474e+03	2.1039023324112541e+03	1.9849457788345467e+03
2.2407264782980792e+03	2.0909731950955893e+03	2.0774710022500558e+03	1.6275689511715188e+03	2.1977308034685962e+03	2.1859476416060897e+03	2.2659850448082798e+03	2.1443617092795912e+03	2.0103448301956450e+03	1.6524461656180208e+03	1.9801145198790414e+03	1.9791482946065657e+03	1.8807310005785644e+03	1.8460053488819744e+03	1.8495086602955362e+03	2.3700607788385742e+03	2.4658596997067107e+03	2.3516205935333542e+03	2.4490615222725291e+03	1.7021065702697822e+03	2.5715351716448699e+03	1.9487404595248618e+03	2.1778719504604474e+03	2.1039023324112541e+03	1.9842521273107666e+03
2.2407264782980792e+03	2.0909731950955893e+03	2.0774710022500558e+03	1.6272763095797754e+03	2.1671986353885968e+03	2.1129005053749479e+03	2.2479177371046776e+03	2.1443617092795912e+03	2.0059665249517370e+03	1.6524461656180208e+03	1.9801145198790414e+03	1.9791482946065657e+03	1.8804179318494168e+03	1.8460053488819744e+03	1.8495083783932187e+03	2.3700607788385742e+03	2.4649304303804274e+03	2.3419790498352691e+03	2.4352464515860279e+03	1.7021065702697822e+03	2.5715351716448699e+03	1.9487404595248618e+03	2.1778719504604474e+03	2.1039023324112541e+03	1.9837824234164248e+03
2.2399421147637840e+03	2.0909731950955893e+03	2.0774710022500558e+03	1.6269069848447539e+03	2.1671986353885968e+03	2.1129005053749479e+03	2.2479177371046776e+03	2.1443617092795912e+03	2.0059665249517370e+03	1.6510900927951975e+03	1.9774014717190134e+03	1.9791482946065657e+03	1.8799542352068761e+03	1.8457239552861492e+03	1.8495034143427006e+03	2.3700607788385742e+03	2.4649304303804274e+03	2.3397266387583154e+03	2.4233574894467247e+03	1.7021065702697822e+03	2.5715351716448699e+03	1.9487404595248618e+03	2.1778719504604474e+03	2.1032518368023925e+03	1.9837824234164248e+03
2.2399421147637840e+03	2.0909731950955893e+03	2.0708591264728902e+03	1.6268221999883499e+03	2.1671986353885968e+03	2.1129005053749479e+03	2.2427873122611400e+03	2.1443617092795912e+03	1.9945058833779599e+03	1.6499618311402105e+03	1.9672621187678342e+03	1.9791482946065657e+03	1.8794535060405603e+03	1.8457239552861492e+03	1.8495034143427006e+03	2.3693819887319132e+03	2.4623520785207556e+03	2.3397266387583154e+03	2.4233574894467247e+03	1.7021065702697822e+03	2.5715351716448699e+03	1.9453960209965053e+03	2.1778719504604474e+03	2.1032518368023925e+03	1.9832684072531615e+03
2.2399421147637840e+03	2.0906787342854182e+03	2.0708591264728902e+03	1.6268221999883499e+03	2.1671986353885968e+03	2.1129005053749479e+03	2.2427873122611400e+03	2.1443617092795912e+03	1.9437089361023477e+03	1.6499618311402105e+03	1.9495263602538898e+03	1.9791482946065657e+03	1.8789329883548478e+03	1.8457239552861492e+03	1.8495034143427006e+03	2.3673300713409471e+03	2.4621107507076795e+03	2.3316885350647626e+03	2.4186637987987956e+03	1.6975797410662014e+03	2.5715351716448699e+03	1.9453960209965053e+03	2.1778719504604474e+03	2.1022119240600491e+03	1.9832559801042084e+03
2.2399421147637840e+03	2.0906787342854182e+03	2.0708591264728902e+03	1.6268221999883499e+03	2.1671986353885968e+03	2.1044457870811029e+03	2.2427873122611400e+03	2.1443617092795912e+03	1.9373031200478395e+03	1.6482697683297470e+03	1.9431256741084685e+03	1.9791482946065657e+03	1.8789329883548478e+03	1.8457239552861492e+03	1.8494904938080206e+03	2.3673300713409471e+03	2.4604286116878588e+03	2.3316885350647626e+03	2.4186637987987956e+03	1.6948686089343419e+03	2.5715351716448699e+03	1.9399266836198212e+03	2.1667333376509414e+03	2.1019223411256289e+03	1.9832389156451748e+03
2.2399421147637840e+03	2.0893627357700216e+03	2.0690519454769537e+03	1.6268221999883499e+03	2.1665798151802478e+03	2.1044457870811029e+03	2.2427873122611400e+03	2.1443617092795912e+03	1.9247098072087269e+03	1.6482697683297470e+03	1.9184892019059073e+03	1.9791482946065657e+03	1.8789329883548478e+03	1.8457239552861492e+03	1.8494904938080206e+03	2.3652862794991206e+03	2.4595279304466649e+03	2.3316391800448209e+03	2.4186637987987956e+03	1.6887972911653719e+03	2.5715351716448699e+03	1.9354034638873277e+03	2.1667333376509414e+03	2.1007879649114393e+03	1.9830429471611462e+03
2.2399421147637840e+03	2.0888463649420241e+03	2.0690519454769537e+03	1.6267908921424976e+03	2.1665798151802478e+03	2.1027313804353530e+03	2.2357539394364148e+03	2.1443617092795912e+03	1.9242624897024332e+03	1.6482697683297470e+03	1.8983467755286661e+03	1.9791482946065657e+03	1.8785055323892632e+03	1.8457239552861492e+03	1.8494904938080206e+03	2.3650861569238468e+03	2.4579997175420763e+03	2.3309769353278293e+03	2.4186637987987956e+03	1.6866561232047106e+03	2.5715351716448699e+03	1.9354034638873277e+03	2.1667333376509414e+03	2.0997943157514464e+03	1.9827894528391946e+03
2.2399421147637840e+03	2.0874349681940585e+03	2.0600673839801257e+03	1.6267908921424976e+03	2.1648754458593644e+03	2.1025931668201015e+03	2.2268496522097926e+03	2.1443617092795912e+03	1.9103592737894289e+03	1.6482697683297470e+03	1.8892327781777356e+03	1.9791242607826691e+03	1.8782642136368709e+03	1.8457239552861492e+03	1.8494904938080206e+03	2.3641448767833203e+03	2.4579997175420763e+03	2.3260810320512751e+03	2.4186637987987956e+03	1.6866561232047106e+03	2.5715351716448699e+03	1.9323134804694212e+03	2.1667333376509414e+03	2.0988414115702481e+03	1.9826279914400332e+03
2.2399421147637840e+03	2.0848528352324038e+03	2.0600673839801257e+03	1.6267443040273322e+03	2.1584308961188271e+03	2.1022474750077845e+03	2.2232668897218832e+03	2.1443617092795912e+03	1.9103592737894289e+03	1.6482697683297470e+03	1.8774916690104169e+03	1.9791242607826691e+03	1.8782642136368709e+03	1.8457239552861492e+03	1.8494904938080206e+03	2.3631037590954907e+03	2.4569491365799013e+03	2.3260599159859953e+03	2.4073591524486455e+03	1.6866561232047106e+03	2.5715351716448699e+03	1.9323134804694212e+03	2.1660414860476917e+03	2.0974790082499926e+03	1.9825487007849247e+03
2.2399421147637840e+03	2.0848528352324038e+03	2.0514465478751899e+03	1.6267443040273322e+03	2.1584308961188271e+03	2.1022474750077845e+03	2.2232668897218832e+03	2.1443617092795912e+03	1.9088411958205702e+03	1.6482697683297470e+03	1.8576112527688679e+03	1.9791242607826691e+03	1.8782278711405429e+03	1.8457239552861492e+03	1.8494904887450032e+03	2.3631037590954907e+03	2.4567660156466054e+03	2.3256640975081114e+03	2.4073591524486455e+03	1.6863759347771554e+03	2.5715351716448699e+03	1.9323134804694212e+03	2.1384617762444013e+03	2.0967125155010121e+03	1.9824768869833520e+03
2.2396778772518996e+03	2.0848528352324038e+03	2.0514465478751899e+03	1.6267393775118808e+03	2.1584308961188271e+03	2.1022474750077845e+03	2.2094890633578470e+03	2.1443617092795912e+03	1.9077776007659086e+03	1.6482144272893320e+03	1.8576112527688679e+03	1.9791242607826691e+03	1.8782278711405429e+03	1.8457239552861492e+03	1.8494904887450032e+03	2.3625206594437550e+03	2.4540351459659073e+03	2.3255551156939941e+03	2.4073591524486455e+03	1.6770532646929466e+03	2.5715351716448699e+03	1.9288691602485189e+03	2.1384617762444013e+03	2.0954432059436863e+03	1.9824734586968498e+03
2.2396778772518996e+03	2.0848528352324038e+03	2.0514465478751899e+03	1.6267393775118808e+03	2.1584308961188271e+03	2.0643370275194184e+03	2.2007574126178420e+03	2.1443617092795912e+03	1.9012061669449695e+03	1.6482144272893320e+03	1.8576112527688679e+03	1.9791242607826691e+03	1.8782278711405429e+03	1.8457239552861492e+03	1.8494904887450032e+03	2.3622057080077589e+03	2.4537572136860445e+03	2.3201148692527695e+03	2.4073591524486455e+03	1.6766112910668376e+03	2.5715351716448699e+03	1.9209930976678288e+03	2.1384617762444013e+03	2.0948960265080223e+03	1.9824579837386743e+03
2.2341855510355476e+03	1.9318054723874818e+03	2.0497679008560599e+03	1.6267162988753068e+03	2.1566290085778837e+03	2.0643370275194184e+03	2.1997640946140182e+03	2.1430441870514192e+03	1.8987992537144819e+03	1.6470868544044658e+03	1.8360976208709017e+03	1.9791242607826691e+03	1.8782208514951667e+03	1.8457239552861492e+03	1.8494904887450032e+03	2.3614857279202888e+03	2.4535230520373320e+03	2.3201148692527695e+03	2.4073591524486455e+03	1.6674952876062853e+03	2.5715351716448699e+03	1.9193602015610004e+03	2.1377200936101672e+03	2.0945399413355049e+03	1.9824308140706466e+03
2.2341855510355476e+03	1.9318054723874818e+03	2.0478714668553794e+03	1.6266933264278869e+03	2.1566290085778837e+03	2.0643370275194184e+03	2.1798202916100277e+03	2.1430441870514192e+03	1.8960733723650537e+03	1.6470868544044658e+03	1.8164078321284812e+03	1.9791242607826691e+03	1.8781171787765170e+03	1.8456726028495823e+03	1.8494904887450032e+03	2.3605185349659564e+03	2.4525249077252720e+03	2.3169349269358122e+03	2.4073591524486455e+03	1.6674952876062853e+03	2.4972852648865055e+03	1.9114450215163422e+03	2.1351839302550125e+03	2.0932542217597534e+03	1.9824066823350868e+03
2.2341855510355476e+03	1.9293289386801468e+03	2.0478714668553794e+03	1.6266889652713799e+03	2.1396323266249628e+03	2.0643370275194184e+03	2.1792959124694635e+03	2.1427732674870967e+03	1.8960733723650537e+03	1.6441451186669733e+03	1.7984740087308028e+03	1.9789886918071836e+03	1.8781171787765170e+03	1.8456726028495823e+03	1.8494904887450032e+03	2.3596955673215070e+03	2.4519328306679345e+03	2.3167911438377860e+03	2.4073591524486455e+03	1.6674952876062853e+03	2.4953635531221325e+03	1.9051147453205137e+03	2.1351839302550125e+03	2.0931740406177310e+03	1.9824066823350868e+03
2.2341855510355476e+03	1.9293289386801468e+03	2.0163864058456807e+03	1.6266521943016282e+03	2.1335508017688207e+03	2.0643370275194184e+03	2.1792959124694635e+03	2.1427732674870967e+03	1.8960733723650537e+03	1.6441451186669733e+03	1.7955264927435005e+03	1.9789886918071836e+03	1.8780999184017676e+03	1.8456726028495823e+03	1.8494904887450032e+03	2.3596955673215070e+03	2.4519328306679345e+03	2.3167412710321983e+03	2.3788602207386616e+03	1.6674952876062853e+03	2.4953635531221325e+03	1.9028219734127808e+03	2.1303363654567784e+03	2.0929031826014339e+03	1.9823362574097778e+03
2.2341855510355476e+03	1.9293289386801468e+03	2.0000685270095123e+03	1.6266521943016282e+03	2.1137130868716954e+03	2.0643370275194184e+03	2.1792959124694635e+03	2.1427732674870967e+03	1.8943657582816606e+03	1.6440230934212025e+03	1.7874369453935124e+03	1.9789886918071836e+03	1.8778495134885554e+03	1.8456726028495823e+03	1.8494904887450032e+03	2.3594357126718369e+03	2.4518473502614024e+03	2.3151135134998476e+03	2.3788602207386616e+03	1.6658293476393067e+03	2.4491676033456974e+03	1.8972319748255225e+03	2.1291887950353907e+03	2.0929031826014339e+03	1.9822753513463490e+03
2.2341855510355476e+03	1.9293289386801468e+03	1.9869374652478432e+03	1.6266338895670594e+03	2.0990321209179178e+03	2.0643370275194184e+03	2.1697150234381643e+03	2.1427732674870967e+03	1.8899482046184580e+03	1.6440230934212025e+03	1.7874369453935124e+03	1.9789886918071836e+03	1.8778332348608683e+03	1.8456726028495823e+03	1.8494904887450032e+03	2.3594357126718369e+03	2.4497429227247399e+03	2.3126353023112779e+03	2.3788602207386616e+03	1.6609392729880544e+03	2.4491676033456974e+03	1.8938139685630426e+03	2.1291887950353907e+03	2.0929031826014339e+03	1.9822753513463490e+03
2.2341855510355476e+03	1.9293289386801468e+03	1.9869374652478432e+03	1.6266338895670594e+03	2.0935563981952610e+03	2.0643370275194184e+03	2.1546132776638560e+03	2.1427732674870967e+03	1.8857306653567821e+03	1.6440230934212025e+03	1.7874369453935124e+03	1.9789886918071836e+03	1.8778332348608683e+03	1.8456726028495823e+03	1.8494904887450032e+03	2.3593575611304032e+03	2.4497429227247399e+03	2.3051360466768247e+03	2.3788602207386616e+03	1.6585242321716050e+03	2.3942627097245650e+03	1.8920229480865214e+03	2.1235977833522215e+03	2.0924522747933524e+03	1.9822571600097044e+03
2.2341855510355476e+03	1.9270514874589892e+03	1.9869374652478432e+03	1.6266338895670594e+03	2.0910136485110534e+03	2.0643370275194184e+03	2.1546132776638560e+03	2.1427732674870967e+03	1.8839804803105746e+03	1.6440230934212025e+03	1.7825443165705558e+03	1.9789886918071836e+03	1.8775547793648757e+03	1.8456726028495823e+03	1.8494904887057680e+03	2.3593396127118394e+03	2.4497429227247399e+03	2.3020297934332448e+03	2.3764891267958446e+03	1.6573377806290709e+03	2.3942627097245650e+03	1.8893505060333355e+03	2.1235977833522215e+03	2.0923622873890763e+03	1.9822494049818392e+03
2.2341855510355476e+03	1.9270514874589892e+03	1.9869374652478432e+03	1.6266306720410114e+03	2.0900155231591766e+03	2.0643370275194184e+03	2.1546132776638560e+03	2.1427732674870967e+03	1.8839804803105746e+03	1.6440230934212025e+03	1.7788766498079513e+03	1.9789814207656823e+03	1.8775547793648757e+03	1.8456726028495823e+03	1.8494904887057680e+03	2.3592400256449150e+03	2.4497429227247399e+03	2.3012267808680840e+03	2.3764891267958446e+03	1.6481660134995197e+03	2.3942627097245650e+03	1.8889111715486351e+03	2.1235977833522215e+03	2.0921307454133348e+03	1.9822379599040162e+03
2.2341855510355476e+03	1.9270514874589892e+03	1.9842752766412093e+03	1.6266306720410114e+03	2.0858181720885691e+03	2.0637875856391338e+03	2.1546132776638560e+03	2.1402402319921553e+03	1.8827543287304113e+03	1.6440230934212025e+03	1.7779061675175039e+03	1.9789399965100040e+03	1.8775547793648757e+03	1.8456726028495823e+03	1.8494904887057680e+03	2.3591360663381070e+03	2.4497429227247399e+03	2.2952542288811578e+03	2.3764891267958446e+03	1.6459885938208517e+03	2.3942627097245650e+03	1.8817754927596384e+03	2.1232539551557493e+03	2.0917452043013809e+03	1.9822022699415863e+03
2.2341855510355476e+03	1.9257777481646301e+03	1.9842752766412093e+03	1.6266236717336681e+03	2.0833934746575633e+03	2.0637875856391338e+03	2.1546132776638560e+03	2.1402402319921553e+03	1.8817406257188545e+03	1.6437935235904552e+03	1.7734439357137519e+03	1.9789399965100040e+03	1.8775547793648757e+03	1.8456726028495823e+03	1.8494904887057680e+03	2.3590392537081884e+03	2.4495493555800886e+03	2.2938104936546238e+03	2.3764891267958446e+03	1.6459885938208517e+03	2.3659313589705253e+03	1.8803136759859956e+03	2.1232539551557493e+03	2.0916241647011170e+03	1.9822022699415863e+03
2.2341855510355476e+03	1.9198549919247491e+03	1.9815971082564179e+03	1.6266236717336681e+03	2.0833934746575633e+03	2.0637875856391338e+03	2.1542444873983086e+03	2.1402402319921553e+03	1.8803149101985132e+03	1.6434453469074888e+03	1.7711366805086659e+03	1.9789399965100040e+03	1.8775547793648757e+03	1.8455830186254975e+03	1.8494904887057680e+03	2.3590392537081884e+03	2.4485487675841805e+03	2.2926244082923381e+03	2.3764891267958446e+03	1.6439932003091506e+03	2.3659313589705253e+03	1.8733676556921821e+03	2.1232539551557493e+03	2.0915772369367551e+03	1.9822022699415863e+03
2.2333732122425035e+03	1.9150711726311538e+03	1.9815971082564179e+03	1.6266167655621991e+03	2.0792259689274188e+03	2.0429753899103832e+03	2.1542444873983086e+03	2.1402402319921553e+03	1.8803149101985132e+03	1.6432503567936726e+03	1.7703629925387509e+03	1.9789399965100040e+03	1.8775456143890131e+03	1.8455830186254975e+03	1.8494904887057680e+03	2.3590349794542053e+03	2.4485487675841805e+03	2.2911048985055872e+03	2.3764891267958446e+03	1.6439932003091506e+03	2.3659313589705253e+03	1.8713781250726170e+03	2.1231959141302050e+03	2.0914627816515713e+03	1.9821756004343335e+03
2.2333732122425035e+03	1.9131777762150184e+03	1.9815971082564179e+03	1.6266167655621991e+03	2.0792259689274188e+03	2.0429753899103832e+03	2.1504665924517922e+03	2.1338792257592254e+03	1.8798043765109198e+03	1.6416310895959425e+03	1.7693402625808972e+03	1.9789399965100040e+03	1.8775456143890131e+03	1.8455830186254975e+03	1.8494904887057680e+03	2.3590349794542053e+03	2.4480533956303416e+03	2.2908729079093991e+03	2.3764891267958446e+03	1.6421839991190036e+03	2.3659313589705253e+03	1.8713781250726170e+03	2.1231959141302050e+03	2.0913684572458992e+03	1.9821756004343335e+03
2.2333732122425035e+03	1.9131777762150184e+03	1.9790661473783405e+03	1.6266167655621991e+03	2.0780755686953162e+03	2.0429753899103832e+03	2.1499779429124765e+03	2.1321235693429235e+03	1.8797778184536710e+03	1.6415431556616559e+03	1.7693402625808972e+03	1.9789399965100040e+03	1.8775456143890131e+03	1.8455830186254975e+03	1.8494904887057680e+03	2.3590349794542053e+03	2.4473749439104113e+03	2.2904452710646010e+03	2.3552562547293442e+03	1.6421839991190036e+03	2.3659313589705253e+03	1.8713762333512464e+03	2.1231959141302050e+03	2.0913557580574993e+03	1.9821756004343335e+03
2.2274107124607931e+03	1.9123710921783054e+03	1.9748329836926196e+03	1.6265891244494733e+03	2.0774872217954230e+03	2.0429753899103832e+03	2.1482731515840442e+03	2.1321235693429235e+03	1.8797778184536710e+03	1.6412639159036246e+03	1.7693402625808972e+03	1.9789399965100040e+03	1.8775456143890131e+03	1.8455830186254975e+03	1.8494904887057680e+03	2.3589133027410785e+03	2.4473247804417065e+03	2.2900601563727232e+03	2.3552562547293442e+03	1.6414251081928116e+03	2.3659313589705253e+03	1.8679856344769501e+03	2.1231959141302050e+03	2.0913557580574993e+03	1.9821747323568763e+03
2.2274107124607931e+03	1.9123710921783054e+03	1.9748329836926196e+03	1.6265755476972133e+03	2.0766629616407117e+03	2.0429753899103832e+03	2.1385350844336467e+03	2.1321235693429235e+03	1.8790812547671533e+03	1.6387450482121262e+03	1.7683055379234547e+03	1.9789399965100040e+03	1.8774514701364214e+03	1.8455830186254975e+03	1.8494904887057680e+03	2.3589133027410785e+03	2.4471628821257063e+03	2.2893724346021127e+03	2.3552562547293442e+03	1.6406503373517992e+03	2.3649627979331935e+03	1.8677543869015144e+03	2.1231959141302050e+03	2.0801403856583765e+03	1.9821637570844291e+03
2.2265237767145281e+03	1.9121267266424056e+03	1.9718351399162934e+03	1.6265737795693879e+03	2.0760263837735638e+03	2.0429753899103832e+03	2.1350860744441538e+03	2.1321235693429235e+03	1.8783529077459432e+03	1.6368129696660003e+03	1.7683055379234547e+03	1.9789127633153146e+03	1.8774514701364214e+03	1.8455830186254975e+03	1.8494904887057680e+03	2.3588355601426538e+03	2.4463086047488609e+03	2.2889730065207041e+03	2.3552562547293442e+03	1.6406503373517992e+03	2.3641855339534213e+03	1.8658536171879268e+03	2.1231959141302050e+03	2.0781041939199417e+03	1.9821637570844291e+03
2.2265237767145281e+03	1.9111336702305371e+03	1.9593960408156142e+03	1.6265647729724456e+03	2.0760263837735638e+03	2.0429753899103832e+03	2.1350860744441538e+03	2.0436100553794515e+03	1.8783529077459432e+03	1.6362895411600678e+03	1.7672863172153413e+03	1.9789127633153146e+03	1.8774514701364214e+03	1.8455830186254975e+03	1.8494904887057680e+03	2.3588220353675879e+03	2.4459474603864728e+03	2.2883299527711515e+03	2.3552562547293442e+03	1.6406503373517992e+03	2.3593869905779284e+03	1.8648740539633636e+03	2.1231959141302050e+03	2.0775963339821319e+03	1.9821531903984294e+03
2.2265237767145281e+03	1.8552163664779885e+03	1.9555458613436747e+03	1.6265585835814891e+03	2.0757698124906387e+03	2.0429753899103832e+03	2.1330360402449573e+03	2.0436100553794515e+03	1.8783529077459432e+03	1.6356847276828018e+03	1.7662051139620085e+03	1.9789127633153146e+03	1.8774514701364214e+03	1.8454987671383790e+03	1.8494904887057680e+03	2.3586338881994493e+03	2.4459095631555806e+03	2.2875985219188988e+03	2.3517321470867337e+03	1.6387765217490312e+03	2.3593869905779284e+03	1.8644564642762030e+03	2.1197928026596469e+03	2.0754229245563329e+03	1.9821464088899163e+03
2.2265237767145281e+03	1.8552163664779885e+03	1.9472176023382090e+03	1.6265341755505929e+03	2.0757698124906387e+03	2.0429753899103832e+03	2.1330360402449573e+03	2.0436100553794515e+03	1.8775115843358194e+03	1.6356712654599182e+03	1.7647269513333329e+03	1.9789127633153146e+03	1.8774514701364214e+03	1.8454987671383790e+03	1.8494904887057680e+03	2.3586152698803394e+03	2.4452121724641111e+03	2.2872971823237440e+03	2.3517321470867337e+03	1.6364189474154052e+03	2.3593869905779284e+03	1.8641670450254674e+03	2.1195700268636801e+03	2.0742021560460757e+03	1.9821348166600153e+03
2.2265237767145281e+03	1.8541259509157596e+03	1.9431537285591876e+03	1.6265341755505929e+03	2.0753262885738591e+03	2.0429753899103832e+03	2.1330360402449573e+03	2.0436100553794515e+03	1.8769082917664141e+03	1.6354071591494492e+03	1.7645843936877909e+03	1.9789127633153146e+03	1.8774514701364214e+03	1.8454987671383790e+03	1.8494904887057680e+03	2.3585797711570299e+03	2.4445973528911900e+03	2.2868334427143991e+03	2.3517321470867337e+03	1.6364189474154052e+03	2.3460488653506363e+03	1.8631446237176092e+03	2.1190264114669635e+03	2.0731777116197300e+03	1.9821348166600153e+03
2.2265237767145281e+03	1.8524127484560065e+03	1.9410162982660572e+03	1.6265340026581503e+03	2.0752245281513783e+03	2.0429753899103832e+03	2.1330360402449573e+03	2.0432043096896659e+03	1.8769082917664141e+03	1.6353690322741684e+03	1.7633935128087555e+03	1.9788768787775562e+03	1.8773309711605557e+03	1.8454987671383790e+03	1.8494904887057680e+03	2.3585797711570299e+03	2.4443979590580443e+03	2.2865473035960372e+03	2.3517321470867337e+03	1.6346352941014172e+03	2.3460488653506363e+03	1.8623064334816645e+03	2.1190264114669635e+03	2.0725492640669145e+03	1.9821275322355050e+03
2.2265237767145281e+03	1.8523957578052350e+03	1.9360920218014271e+03	1.6265316822717027e+03	2.0748038230486500e+03	2.0313759542025771e+03	2.1330360402449573e+03	2.0432043096896659e+03	1.8769082917664141e+03	1.6345172598192059e+03	1.7631452850811700e+03	1.9788768787775562e+03	1.8772859625935268e+03	1.8454156154811380e+03	1.8494862652402844e+03	2.3585797711570299e+03	2.4440470629435140e+03	2.2860651965033185e+03	2.3517321470867337e+03	1.6346352941014168e+03	2.3460488653506363e+03	1.8621213343968154e+03	2.1185788959238780e+03	2.0720377431985939e+03	1.9821275322355050e+03
2.2265237767145281e+03	1.8503633920935001e+03	1.9330360000405531e+03	1.6265316822717027e+03	2.0748038230486500e+03	2.0298494361971163e+03	2.0827972658264889e+03	2.0432043096896659e+03	1.8767922443144394e+03	1.6340766460978521e+03	1.7631452850811700e+03	1.9788768787775562e+03	1.8772859625935268e+03	1.8451139343178365e+03	1.8494862652402844e+03	2.3585797711570299e+03	2.4437559338946212e+03	2.2859577509949322e+03	2.3367637078718362e+03	1.6346352941014168e+03	2.3459503327797320e+03	1.8621189041601988e+03	2.1086239125289617e+03	2.0715327399572479e+03	1.9821160546323833e+03
2.2265237767145281e+03	1.8488490454079738e+03	1.9330360000405531e+03	1.6265316822717027e+03	2.0745184191817889e+03	2.0262123940495744e+03	2.0174304266827844e+03	2.0432043096896659e+03	1.8762433573027329e+03	1.6338812723094888e+03	1.7627668405382894e+03	1.9788768787775562e+03	1.8772859625935268e+03	1.8451000777708118e+03	1.8494862652402844e+03	2.3585797711570299e+03	2.4437559338946212e+03	2.2857002145181109e+03	2.3367637078718362e+03	1.6329635259305189e+03	2.3455928922168468e+03	1.8621189041601988e+03	2.1061324058456485e+03	2.0711883140382665e+03	1.9820875333549379e+03
2.2265237767145281e+03	1.8476187679537704e+03	1.9298350909537589e+03	1.6265316822717027e+03	2.0742459941287370e+03	2.0262123940495744e+03	2.0165822113531467e+03	2.0432043096896659e+03	1.8761655902216994e+03	1.6337604445433203e+03	1.7620594950063710e+03	1.9788768787775562e+03	1.8772859625935268e+03	1.8451000777708118e+03	1.8494766134796985e+03	2.3585797711570299e+03	2.4437559338946212e+03	2.2854139516090140e+03	2.3367637078718362e+03	1.6325293982119388e+03	2.3396502810919442e+03	1.8615439097758542e+03	2.1061324058456485e+03	2.0710172934473680e+03	1.9820556265141340e+03
2.2265237767145281e+03	1.8476187679537704e+03	1.9259991719123263e+03	1.6265285879598314e+03	2.0742459941287370e+03	2.0262123940495744e+03	2.0165822113531467e+03	2.0432043096896659e+03	1.8760476447485157e+03	1.6332576138200880e+03	1.7612605683310755e+03	1.9788768787775562e+03	1.8772859625935268e+03	1.8451000777708118e+03	1.8494766134796985e+03	2.3585757547956009e+03	2.4437559338946212e+03	2.2852703108777851e+03	2.3367637078718362e+03	1.6325293982119388e+03	2.3396502810919442e+03	1.8615439097758542e+03	2.0992880545848893e+03	2.0706490476469207e+03	1.9820556265141340e+03
2.2207651725140827e+03	1.8450450470036694e+03	1.9255327686575001e+03	1.6265285879598314e+03	2.0741705469690105e+03	2.0262123940495744e+03	2.0165822113531467e+03	2.0432043096896659e+03	1.8759184862450884e+03	1.6332576138200880e+03	1.7610094297798119e+03	1.9788564826273589e+03	1.8771686878697192e+03	1.8451000777708118e+03	1.8494766134796985e+03	2.3585440501889925e+03	2.4437559338946212e+03	2.2850616678058645e+03	2.3323974703750973e+03	1.6325293982119388e+03	2.3396502810919442e+03	1.8615439097758542e+03	2.0992880545848893e+03	2.0706198580019686e+03	1.9820554581398449e+03
2.1272841636855360e+03	1.8271849268189442e+03	1.9255327686575001e+03	1.6265285879598314e+03	2.0739987826867005e+03	2.0237884971279052e+03	2.0165822113531467e+03	2.0432043096896659e+03	1.8755269192469375e+03	1.6332493109184054e+03	1.7608841326803235e+03	1.9788564826273589e+03	1.8771463660200163e+03	1.8451000777708118e+03	1.8494766134796985e+03	2.3585017647753862e+03	2.4435104375758774e+03	2.2844120824080173e+03	2.3323974703750973e+03	1.6303920315323464e+03	2.3396502810919442e+03	1.8610814684339084e+03	2.0992880545848893e+03	2.0703550449097665e+03	1.9820466918238055e+03
2.1272841636855360e+03	1.8271849268189442e+03	1.9219117658927362e+03	1.6265273097489523e+03	2.0738766489606069e+03	2.0237884971279052e+03	2.0066210997005098e+03	2.0432043096896659e+03	1.8747056178399152e+03	1.6328962114020021e+03	1.7604531284828165e+03	1.9787862208188492e+03	1.8771463660200163e+03	1.8451000777708118e+03	1.8494766134796985e+03	2.3584699906731039e+03	2.4429740945843714e+03	2.2836975481336635e+03	2.3323974703750973e+03	1.6303920315323464e+03	2.3356537746930171e+03	1.8608783291261364e+03	2.0986873043324067e+03	2.0702386393233164e+03	1.9820296701955513e+03
2.1272841636855360e+03	1.8271849268189442e+03	1.9219017047059792e+03	1.6265273097489523e+03	2.0738766489606069e+03	2.0237884971279052e+03	2.0058723447608313e+03	2.0432043096896659e+03	1.8747056178399152e+03	1.6325544164581120e+03	1.7597479475459418e+03	1.9787862208188492e+03	1.8771463660200163e+03	1.8451000777708118e+03	1.8494766134796985e+03	2.3584699906731039e+03	2.4428123540942343e+03	2.2835255847866147e+03	2.3320596352069374e+03	1.6303920315323464e+03	2.3341984290659211e+03	1.8605557783659408e+03	2.0986873043324067e+03	2.0701659510970580e+03	1.9820296701955513e+03
2.1272841636855360e+03	1.8261121843300057e+03	1.9212694840569152e+03	1.6265273097489523e+03	2.0738766489606069e+03	2.0179859512774717e+03	2.0058723447608313e+03	2.0401198424436420e+03	1.8742660146392809e+03	1.6318941798478320e+03	1.7597479475459418e+03	1.9787103053376409e+03	1.8771446057149176e+03	1.8450399583334131e+03	1.8494766134796985e+03	2.3584699906731039e+03	2.4428123540942343e+03	2.2835255847866147e+03	2.3320596352069374e+03	1.6303920315323464e+03	2.3331199283091223e+03	1.8604757878470605e+03	2.0986873043324067e+03	2.0700214315947892e+03	1.9820296701955513e+03
2.1272841636855360e+03	1.8252838814838387e+03	1.9041527637892614e+03	1.6265217330772525e+03	2.0738766489606069e+03	2.0096827397600746e+03	2.0054589781462773e+03	2.0401198424436420e+03	1.8736392641718580e+03	1.6304304658478193e+03	1.7595806120738941e+03	1.9787103053376409e+03	1.8770440822959845e+03	1.8450399583334131e+03	1.8494766134796985e+03	2.3584699906731039e+03	2.4427848409989583e+03	2.2835158678288935e+03	2.3320596352069374e+03	1.6303920315323464e+03	2.3310796927294568e+03	1.8603893397813777e+03	2.0965047243069898e+03	2.0700214315947892e+03	1.9820296701955513e+03
2.1272841636855360e+03	1.8252838814838387e+03	1.8992296319069389e+03	1.6265217330772525e+03	2.0738766489606069e+03	2.0031934300055607e+03	2.0054589781462773e+03	2.0401198424436420e+03	1.8728783095606477e+03	1.6301583095652377e+03	1.7591801720520818e+03	1.9787103053376409e+03	1.8769739481171271e+03	1.8450399583334131e+03	1.8494628627903737e+03	2.3584699906731039e+03	2.4427848409989583e+03	2.2834442397268249e+03	2.3320596352069374e+03	1.6288212014040228e+03	2.3310796927294568e+03	1.8601226718403013e+03	2.0965047243069898e+03	2.0698467343025213e+03	1.9820248204851750e+03
2.1272841636855360e+03	1.8194254719025914e+03	1.8992296319069389e+03	1.6265217330772525e+03	2.0734232528757748e+03	1.9970111656665515e+03	2.0054589781462773e+03	2.0401198424436420e+03	1.8723355392580811e+03	1.6301068807822496e+03	1.7591801720520818e+03	1.9787103053376409e+03	1.8769739481171271e+03	1.8450399583334131e+03	1.8494628627903737e+03	2.3584699906731039e+03	2.4427848409989583e+03	2.2834442397268249e+03	2.3320596352069374e+03	1.6282323590404619e+03	2.3310796927294568e+03	1.8600569740256319e+03	2.0965047243069898e+03	2.0698467343025213e+03	1.9820248204851750e+03
2.1272841636855360e+03	1.8194254719025914e+03	1.8992296319069389e+03	1.6265205872483257e+03	2.0732749349732294e+03	1.9970111656665515e+03	2.0054589781462773e+03	2.0401198424436420e+03	1.8719971906828891e+03	1.6298866420201894e+03	1.7591801720520818e+03	1.9786270229822758e+03	1.8769739481171271e+03	1.8450399583334131e+03	1.8494618990577828e+03	2.3584699906731039e+03	2.4426344649680505e+03	2.2834442397268249e+03	2.3320596352069374e+03	1.6264620713915549e+03	2.3304176229527329e+03	1.8598699564921149e+03	2.0965047243069898e+03	2.0697198429754976e+03	1.9820216710003276e+03
2.1251882432113143e+03	1.8194254719025914e+03	1.8989854502970068e+03	1.6265122477205248e+03	2.0732655672275555e+03	1.9896583980894991e+03	2.0000738526408047e+03	2.0401198424436420e+03	1.8714711786944558e+03	1.6298286894455973e+03	1.7591801720520818e+03	1.9785900599939157e+03	1.8769454113167133e+03	1.8450045130732003e+03	1.8494618990577828e+03	2.3584699906731039e+03	2.4424103242951251e+03	2.2834442397268249e+03	2.3320596352069374e+03	1.6224997659361732e+03	2.3304176229527329e+03	1.8598663464962037e+03	2.0965047243069898e+03	2.0697198429754976e+03	1.9820200960446541e+03
2.1251882432113143e+03	1.8194254719025914e+03	1.8989854502970068e+03	1.6265048689288390e+03	2.0732457740112613e+03	1.9761259468787034e+03	1.9937834069652786e+03	2.0401198424436420e+03	1.8713454589306323e+03	1.6298286894455973e+03	1.7590476086751671e+03	1.9785900599939157e+03	1.8769454113167133e+03	1.8450045130732003e+03	1.8494618990577828e+03	2.3584699906731039e+03	2.4424103242951251e+03	2.2834442397268249e+03	2.3239175491333649e+03	1.6224997659361732e+03	2.3304176229527329e+03	1.8597618215792327e+03	2.0965047243069898e+03	2.0697198429754976e+03	1.9820195836309292e+03
2.1251882432113143e+03	1.8194254719025914e+03	1.8968537254388448e+03	1.6264846998620355e+03	2.0731942474156235e+03	1.9761259468787034e+03	1.9937834069652786e+03	2.0401198424436420e+03	1.8713454589306323e+03	1.6297014885854337e+03	1.7589703904888233e+03	1.9784806859671037e+03	1.8769454113167133e+03	1.8449816730238535e+03	1.8494618990577828e+03	2.3584001973928966e+03	2.4424103242951251e+03	2.2834442397268249e+03	2.3235251488630138e+03	1.6224969470175699e+03	2.3293741117949166e+03	1.8597463085729651e+03	2.0965047243069898e+03	2.0697198429754976e+03	1.9820153749274475e+03
2.1251882432113143e+03	1.8194254719025914e+03	1.8925782678451524e+03	1.6264846998620355e+03	2.0730371112128742e+03	1.9761259468787034e+03	1.9937834069652786e+03	2.0401198424436420e+03	1.8713454589306323e+03	1.6297014885854337e+03	1.7588633297955823e+03	1.9784806859671037e+03	1.8769454113167133e+03	1.8449816730238535e+03	1.8494618990577828e+03	2.3584001973928966e+03	2.4423736030676105e+03	2.2833840120371929e+03	2.3235251488630138e+03	1.6218331576214496e+03	2.3289018600653153e+03	1.8596361081438245e+03	2.0963847072717772e+03	2.0696885424050297e+03	1.9820149092563561e+03
2.1251882432113143e+03	1.8194254719025914e+03	1.8843919329004007e+03	1.6264846998620355e+03	2.0730371112128742e+03	1.9761259468787034e+03	1.9923994613239861e+03	2.0401198424436420e+03	1.8712909400888846e+03	1.6296743314758496e+03	1.7588470084214093e+03	1.9783288599008679e+03	1.8768527852080827e+03	1.8449816730238535e+03	1.8494618990577828e+03	2.3584001973928966e+03	2.4423736030676105e+03	2.2833367477604256e+03	2.3235251488630138e+03	1.6218331576214496e+03	2.3286364233395125e+03	1.8596361081438245e+03	2.0963847072717772e+03	2.0696392967862034e+03	1.9820075471034515e+03
2.1251882432113143e+03	1.7813396613427503e+03	1.8843245683901691e+03	1.6264846998620355e+03	2.0729216355340918e+03	1.9761259468787034e+03	1.9923994613239861e+03	2.0398655881904056e+03	1.8712909400888846e+03	1.6296743314758496e+03	1.7586760818213218e+03	1.9781608162433038e+03	1.8768046897126965e+03	1.8449816730238535e+03	1.8494618990577828e+03	2.3584001973928966e+03	2.4423736030676105e+03	2.2833110165341882e+03	2.3232296246298906e+03	1.6214244095355355e+03	2.3269485860819868e+03	1.8596361081438245e+03	2.0950639905876951e+03	2.0696392967862034e+03	1.9820075471034515e+03
2.1251521379159003e+03	1.7258406127762053e+03	1.8843245683901691e+03	1.6264846998620355e+03	2.0729006243903841e+03	1.9675988279561193e+03	1.9923994613239861e+03	2.0398655881904056e+03	1.8712909400888846e+03	1.6295949619462187e+03	1.7586760818213218e+03	1.9780986037605244e+03	1.8768046897126965e+03	1.8449816730238535e+03	1.8494401727916991e+03	2.3584001973928966e+03	2.4423736030676105e+03	2.2833110165341882e+03	2.3232296246298906e+03	1.6211396666214405e+03	2.3261952623226362e+03	1.8596361081438245e+03	2.0950639905876951e+03	2.0696218947905923e+03	1.9820075471034515e+03
2.1251521379159003e+03	1.7015322451505890e+03	1.8843245683901691e+03	1.6264846998620355e+03	2.0729006243903841e+03	1.9579600740537767e+03	1.9867641720283880e+03	2.0398655881904056e+03	1.8712779266110306e+03	1.6295576301514179e+03	1.7585570263492821e+03	1.9780772622885074e+03	1.8768046897126965e+03	1.8449816730238535e+03	1.8494401727916991e+03	2.3584001973928966e+03	2.4423736030676105e+03	2.2832690178949970e+03	2.2619546758379065e+03	1.6211042403560059e+03	2.3258623034240986e+03	1.8595665477219763e+03	2.0950639905876951e+03	2.0696186332767779e+03	1.9819995058898448e+03
2.1251521379159003e+03	1.7015322451505890e+03	1.8775541309832895e+03	1.6264846998620355e+03	2.0727683359756811e+03	1.9579600740537767e+03	1.9834158790020765e+03	2.0398655881904056e+03	1.8712779266110306e+03	1.6295576301514179e+03	1.7585570263492821e+03	1.9778068820295809e+03	1.8767896610183154e+03	1.8449816730238535e+03	1.8494401727916991e+03	2.3584001973928966e+03	2.4423155956658497e+03	2.2832421439606651e+03	2.2422317265803622e+03	1.6204730617338823e+03	2.3251514240353931e+03	1.8595665477219763e+03	2.0950639905876951e+03	2.0694907927917743e+03	1.9819921968013246e+03
2.1251521379159003e+03	1.7001027882228773e+03	1.8767848376295738e+03	1.6264846998620355e+03	2.0727505427578808e+03	1.9579600740537767e+03	1.9131271858388723e+03	2.0398655881904056e+03	1.8712779266110306e+03	1.6295460303474479e+03	1.7585570263492821e+03	1.9774464258561127e+03	1.8767896610183154e+03	1.8449816730238535e+03	1.8494401727916991e+03	2.3584001973928966e+03	2.4423155956658497e+03	2.2832097034320641e+03	2.2422317265803622e+03	1.6204342413211521e+03	2.3251514240353931e+03	1.8595665477219763e+03	2.0921582352784999e+03	2.0693889167285442e+03	1.9819907437919942e+03
2.1251521379159003e+03	1.6991749682258999e+03	1.8751849859785511e+03	1.6264846998620355e+03	2.0727505427578808e+03	1.9579600740537767e+03	1.9131271858388723e+03	2.0398655881904056e+03	1.8711586689675962e+03	1.6295460303474479e+03	1.7584118087379152e+03	1.9773336626063785e+03	1.8767896610183154e+03	1.8449816730238535e+03	1.8494401727916991e+03	2.3584001973928966e+03	2.4423155956658497e+03	2.2832097034320641e+03	2.2422317265803622e+03	1.6204342413211521e+03	2.3238938652708289e+03	1.8594866929292029e+03	2.0921582352784999e+03	2.0693197068222680e+03	1.9819907437919942e+03
2.1251521379159003e+03	1.6991749682258999e+03	1.8751849859785511e+03	1.6264846998620355e+03	2.0727505427578808e+03	1.9579600740537767e+03	1.8593414110851008e+03	2.0398655881904056e+03	1.8711541729575958e+03	1.6295460303474479e+03	1.7584118087379152e+03	1.9773336626063785e+03	1.8767896610183154e+03	1.8449816730238535e+03	1.8494401727916991e+03	2.3584001973928966e+03	2.4316921271515530e+03	2.2831465456449628e+03	2.2330121837065922e+03	1.6204342413211521e+03	2.3224413923394691e+03	1.8594449010033741e+03	2.0919917670814229e+03	2.0692724662480196e+03	1.9819898136563124e+03
2.1251521379159003e+03	1.6991749682258999e+03	1.8747529248804672e+03	1.6264846998620355e+03	2.0727505427578808e+03	1.9579600740537767e+03	1.8593414110851008e+03	2.0398655881904056e+03	1.8711541729575958e+03	1.6295379922216214e+03	1.7584118087379152e+03	1.9773336626063785e+03	1.8767896610183154e+03	1.8448409990115113e+03	1.8494383113050685e+03	2.3584001973928966e+03	2.4312509182880058e+03	2.2831465456449628e+03	2.2297582683600458e+03	1.6204342413211521e+03	2.3224413923394691e+03	1.8594449010033741e+03	2.0919917670814229e+03	2.0692528195085447e+03	1.9819846071558804e+03
2.1251521379159003e+03	1.6991749682258999e+03	1.8747529248804672e+03	1.6264846998620355e+03	2.0727222315653398e+03	1.9490707232606530e+03	1.8582666223007479e+03	2.0398655881904056e+03	1.8711541729575958e+03	1.6295131192188892e+03	1.7584118087379152e+03	1.9773034963586479e+03	1.8767896610183154e+03	1.8448409990115113e+03	1.8494383113050685e+03	2.3584001973928966e+03	2.4311990598229413e+03	2.2814113309923246e+03	2.2163953850662811e+03	1.6202265210825553e+03	2.3222402510342413e+03	1.8594324021097696e+03	2.0919917670814229e+03	2.0691881992579415e+03	1.9819846071558804e+03
2.1251521379159003e+03	1.6959737891342709e+03	1.8742081922838663e+03	1.6264846998620355e+03	2.0727222315653398e+03	1.9476996511735579e+03	1.8582666223007479e+03	2.0380896102011800e+03	1.8711177187972285e+03	1.6295131192188892e+03	1.7584118087379152e+03	1.9772223764875393e+03	1.8767514930282914e+03	1.8447974131187448e+03	1.8494383113050685e+03	2.3583570673840959e+03	2.4311990598229413e+03	2.2814113309923246e+03	2.2163953850662811e+03	1.6202265210825553e+03	2.3217807104935891e+03	1.8594211024258825e+03	2.0919917670814229e+03	2.0691816189260967e+03	1.9819834348382587e+03
2.1251521379159003e+03	1.6959737891342709e+03	1.8742081922838663e+03	1.6264801396779942e+03	2.0726952153810976e+03	1.9475648571582462e+03	1.8412434179728027e+03	2.0380896102011800e+03	1.8710670787204679e+03	1.6295131192188892e+03	1.7584118087379152e+03	1.9772223764875393e+03	1.8767514930282914e+03	1.8447974131187448e+03	1.8494383113050685e+03	2.3583502264233639e+03	2.4311495510039003e+03	2.2814113309923246e+03	2.2163953850662811e+03	1.6202265210825553e+03	2.3217807104935891e+03	1.8593721257068382e+03	2.0919917670814229e+03	2.0690976904782137e+03	1.9819803542706684e+03
2.1251521379159003e+03	1.6923070789003089e+03	1.8698933680767473e+03	1.6264740061038715e+03	2.0726952153810976e+03	1.9475648571582462e+03	1.8395823053652502e+03	2.0380896102011800e+03	1.8710670787204679e+03	1.6295011019952885e+03	1.7584046310385024e+03	1.9770685415685159e+03	1.8767514930282914e+03	1.8447974131187448e+03	1.8494383113050685e+03	2.3583502264233639e+03	2.4309369811394263e+03	2.2809895259645864e+03	2.2163953850662811e+03	1.6202265210825553e+03	2.3207405547184007e+03	1.8593611384965729e+03	2.0919917670814229e+03	2.0690976904782137e+03	1.9819757883657639e+03
2.1251521379159003e+03	1.6923070789003089e+03	1.8698743732882017e+03	1.6264740061038715e+03	2.0726952153810976e+03	1.9475648571582462e+03	1.8395823053652502e+03	2.0358731693766563e+03	1.8710175069356267e+03	1.6294602793194865e+03	1.7583917540965024e+03	1.9770685415685159e+03	1.8767514930282914e+03	1.8447974131187448e+03	1.8494383113050685e+03	2.3583502264233639e+03	2.4309369811394263e+03	2.2809895259645864e+03	2.2163953850662811e+03	1.6202265210825553e+03	2.3204645499857011e+03	1.8593588867444907e+03	2.0904746534055671e+03	2.0690976904782137e+03	1.9819757883657639e+03
2.1251521379159003e+03	1.6923070789003089e+03	1.8696479788652409e+03	1.6264730671206107e+03	2.0726952153810976e+03	1.9438673570134806e+03	1.8372091677748463e+03	1.9828432175711741e+03	1.8709526720709375e+03	1.6294602793194865e+03	1.7581997574526972e+03	1.9770685415685159e+03	1.8767514930282914e+03	1.8447974131187448e+03	1.8494383113050685e+03	2.3583502264233639e+03	2.4309369811394263e+03	2.2786246918736279e+03	2.2163953850662811e+03	1.6197234508381989e+03	2.3196379506252247e+03	1.8593243263659226e+03	2.0904163110257873e+03	2.0690976904782137e+03	1.9819665358285929e+03
2.1251521379159003e+03	1.6923070789003089e+03	1.8696479788652409e+03	1.6264708103606099e+03	2.0725485316164604e+03	1.9388591975090212e+03	1.8372091677748463e+03	1.9828432175711741e+03	1.8709526720709375e+03	1.6294602793194865e+03	1.7581997574526972e+03	1.9770482390235632e+03	1.8767514930282914e+03	1.8447974131187448e+03	1.8494383113050685e+03	2.3583493265977399e+03	2.4308420554301097e+03	2.2786246918736279e+03	2.2140575114119092e+03	1.6197234508381989e+03	2.3196379506252247e+03	1.8593122806315373e+03	2.0904163110257873e+03	2.0690676653116548e+03	1.9819665358285929e+03
2.1251521379159003e+03	1.6894059455524186e+03	1.8672940610433111e+03	1.6264708103606099e+03	2.0725485316164604e+03	1.9369740359762241e+03	1.8372091677748463e+03	1.9828432175711741e+03	1.8709217199925699e+03	1.6294602793194865e+03	1.7581797238688628e+03	1.9770482390235632e+03	1.8767514930282914e+03	1.8447518130305903e+03	1.8494383113050685e+03	2.3583493265977399e+03	2.4306057624919135e+03	2.2765813146583187e+03	2.2140575114119092e+03	1.6196422888246557e+03	2.3189753502765398e+03	1.8593122806315373e+03	2.0904163110257873e+03	2.0690092601316965e+03	1.9819665358285929e+03
2.1251521379159003e+03	1.6894059455524186e+03	1.8671142466515907e+03	1.6264708103606099e+03	2.0725485316164604e+03	1.9369740359762241e+03	1.8372091677748463e+03	1.9819406517196771e+03	1.8709217199925699e+03	1.6294581192170588e+03	1.7581297753442554e+03	1.9770249239297491e+03	1.8767514930282914e+03	1.8447518130305903e+03	1.8494383113050685e+03	2.3583493265977399e+03	2.4304907781915699e+03	2.2660670003291671e+03	2.2140575114119092e+03	1.6196422888246557e+03	2.3183244183721126e+03	1.8593004724005191e+03	2.0904163110257873e+03	2.0689856328264095e+03	1.9819611141917576e+03
2.1251521379159003e+03	1.6894059455524186e+03	1.8668203578419805e+03	1.6264708103606099e+03	2.0725485316164604e+03	1.9369740359762241e+03	1.8372091677748463e+03	1.9819406517196771e+03	1.8707550841108509e+03	1.6294249462218359e+03	1.7581297753442554e+03	1.9770249239297491e+03	1.8767514930282914e+03	1.8447190777116903e+03	1.8494383113050685e+03	2.3583493265977399e+03	2.4291271092525503e+03	2.2639786130029274e+03	2.2140575114119092e+03	1.6196422888246557e+03	2.3176705529627338e+03	1.8593004724005191e+03	2.0904163110257873e+03	2.0689856328264095e+03	1.9819611141917576e+03
2.1147696526706764e+03	1.6838700373058030e+03	1.8668203578419805e+03	1.6264708103606099e+03	2.0725485316164604e+03	1.9360538260192263e+03	1.8372091677748463e+03	1.9819406517196771e+03	1.8707059554894606e+03	1.6294249462218359e+03	1.7580712593961368e+03	1.9770249239297491e+03	1.8767514930282914e+03	1.8447190777116903e+03	1.8494383113050685e+03	2.3583438214100738e+03	2.4289333846799618e+03	2.2639528362229821e+03	2.2099875290190162e+03	1.6196422888246557e+03	2.3173470261934840e+03	1.8593004724005191e+03	2.0904163110257873e+03	2.0689590139948955e+03	1.9819598464241003e+03
2.1087990472735391e+03	1.6824501551014098e+03	1.8668203578419805e+03	1.6264708103606099e+03	2.0725485316164604e+03	1.9360538260192263e+03	1.8372091677748463e+03	1.9116151090710068e+03	1.8706293471396464e+03	1.6294026278768044e+03	1.7580712593961368e+03	1.9769808757408000e+03	1.8767514930282914e+03	1.8447190777116903e+03	1.8494383113050685e+03	2.3583438214100738e+03	2.4281125231872129e+03	2.2635240210185175e+03	2.2099875290190162e+03	1.6196422888246557e+03	2.3168123577582242e+03	1.8593004724005191e+03	2.0904163110257873e+03	2.0689359131391420e+03	1.9819542906265599e+03
2.1087990472735391e+03	1.6805217667083198e+03	1.8668203578419805e+03	1.6264680604285841e+03	2.0725485316164604e+03	1.9350211941260347e+03	1.8372091677748463e+03	1.8997935897419898e+03	1.8705507656965315e+03	1.6294026278768044e+03	1.7580712593961368e+03	1.9769452120111912e+03	1.8767514930282914e+03	1.8446457536572213e+03	1.8494383113050685e+03	2.3583052830854658e+03	2.4281125231872129e+03	2.2608470036205063e+03	2.2082516344713958e+03	1.6196422888246557e+03	2.3166645599526532e+03	1.8593004724005191e+03	2.0902291736416319e+03	2.0689359131391420e+03	1.9819540086937418e+03
2.1087990472735391e+03	1.6783727175750419e+03	1.8664307061326328e+03	1.6264680604285841e+03	2.0725485316164604e+03	1.9350211941260347e+03	1.8372091677748463e+03	1.8943205335441367e+03	1.8702720995276513e+03	1.6294026278768044e+03	1.7580712593961368e+03	1.9769452120111912e+03	1.8767514930282914e+03	1.8446457536572213e+03	1.8494322701777812e+03	2.3583052830854658e+03	2.4262414252167837e+03	2.2594386258183304e+03	2.2061320701398354e+03	1.6195507669402014e+03	2.3164721918056766e+03	1.8593004724005191e+03	2.0902291736416319e+03	2.0688740479360695e+03	1.9819535904360341e+03
2.0831677717373132e+03	1.6783727175750419e+03	1.8663030980565729e+03	1.6264680604285841e+03	2.0725485316164604e+03	1.9319560412442240e+03	1.8372091677748463e+03	1.8943205335441367e+03	1.8702504766161705e+03	1.6293932555642250e+03	1.7580426149062530e+03	1.9769452120111912e+03	1.8767514930282914e+03	1.8445954532467415e+03	1.8494322701777812e+03	2.3583052830854658e+03	2.4226699140360761e+03	2.2578252044700198e+03	2.2061320701398354e+03	1.6192707774372395e+03	2.3164721918056766e+03	1.8593004724005191e+03	2.0897199027446827e+03	2.0688740479360695e+03	1.9819489413858055e+03
2.0831677717373132e+03	1.6779100677345959e+03	1.8657093371642200e+03	1.6264680604285841e+03	2.0725343338669823e+03	1.9305596519121573e+03	1.8372091677748463e+03	1.8901160874357506e+03	1.8700727021399853e+03	1.6293932555642250e+03	1.7578401254897408e+03	1.9769452120111912e+03	1.8767514930282914e+03	1.8445954532467415e+03	1.8494322701777812e+03	2.3583052830854658e+03	2.4210917216706803e+03	2.2566166332111907e+03	2.2061320701398354e+03	1.6190790740589259e+03	2.3160711854938963e+03	1.8593004724005191e+03	2.0897199027446827e+03	2.0688269988028642e+03	1.9819457592199640e+03
2.0831677717373132e+03	1.6736616286572303e+03	1.8656790116369375e+03	1.6264680604285841e+03	2.0725343338669823e+03	1.9283702314196289e+03	1.8372091677748463e+03	1.8819728839194927e+03	1.8700486443115710e+03	1.6293826411833752e+03	1.7578401254897408e+03	1.9769452120111912e+03	1.8766484467114360e+03	1.8445954532467415e+03	1.8494322701777812e+03	2.3582981296812245e+03	2.4190447879463750e+03	2.2551348821974143e+03	2.2061320701398354e+03	1.6190790740589259e+03	2.3160711854938963e+03	1.8592965546349049e+03	2.0897199027446827e+03	2.0687376731214531e+03	1.9819435137470202e+03
2.0831677717373132e+03	1.6716184653666355e+03	1.8641290138756422e+03	1.6264680604285841e+03	2.0725343338669823e+03	1.9257824052530584e+03	1.8372091677748463e+03	1.8718959331940328e+03	1.8700040885570395e+03	1.6293826411833752e+03	1.7578401254897408e+03	1.9769452120111912e+03	1.8766484467114360e+03	1.8445954532467415e+03	1.8494322701777812e+03	2.3582870465033620e+03	2.4147539826491929e+03	2.2547261137222035e+03	2.2061320701398354e+03	1.6190790740589259e+03	2.3160711854938963e+03	1.8592938522573963e+03	2.0897199027446827e+03	2.0685586953917555e+03	1.9819421968158547e+03
2.0066323423434847e+03	1.6696870098491554e+03	1.8641290138756422e+03	1.6264661284629287e+03	2.0725343338669823e+03	1.9236636594579788e+03	1.8372091677748463e+03	1.8674273679974833e+03	1.8700040885570395e+03	1.6293707142193218e+03	1.7578401254897408e+03	1.9769377487238394e+03	1.8766484467114360e+03	1.8445954532467415e+03	1.8494322701777812e+03	2.3582870465033620e+03	2.4143980912691104e+03	2.2517977291821462e+03	2.2061320701398354e+03	1.6190790740589259e+03	2.3160711854938963e+03	1.8592903783260831e+03	2.0895895299576264e+03	2.0684289679934973e+03	1.9819421940834900e+03
2.0066323423434847e+03	1.6623289481293227e+03	1.8641290138756422e+03	1.6264659633445931e+03	2.0725343338669823e+03	1.9226773374008910e+03	1.8372091677748463e+03	1.8617668183575720e+03	1.8699743911066334e+03	1.6293707142193218e+03	1.7578401254897408e+03	1.9769361474406564e+03	1.8766484467114360e+03	1.8445954532467415e+03	1.8494322701777812e+03	2.3582848556532535e+03	2.4130441450438425e+03	2.2491006123923744e+03	2.1676740213118869e+03	1.6190790740589259e+03	2.3160711854938963e+03	1.8592871769681751e+03	2.0895895299576264e+03	2.0683668051253480e+03	1.9819421940834900e+03
2.0001783077675011e+03	1.6623289481293227e+03	1.8641290138756422e+03	1.6264659633445931e+03	2.0725343338669823e+03	1.9206474836011087e+03	1.8295851461192665e+03	1.8617668183575720e+03	1.8699453734762881e+03	1.6293707142193218e+03	1.7578401254897408e+03	1.9769221890857125e+03	1.8766484467114360e+03	1.8445954532467415e+03	1.8494311243919215e+03	2.3582667442769784e+03	2.4067585893030687e+03	2.2490427759733489e+03	2.1676740213118869e+03	1.6190329315469812e+03	2.3160287236281456e+03	1.8592791089660063e+03	2.0884260627265107e+03	2.0683486178613589e+03	1.9819421940834900e+03
2.0001783077675011e+03	1.6583322189137932e+03	1.8641290138756422e+03	1.6264659633445931e+03	2.0725286362917859e+03	1.9186472792309971e+03	1.8282815825272014e+03	1.8601147331655413e+03	1.8699293512880724e+03	1.6293707142193218e+03	1.7577494513046004e+03	1.9769221890857125e+03	1.8766484467114360e+03	1.8445954532467415e+03	1.8494311243919215e+03	2.3582100827173545e+03	2.4053675383833215e+03	2.2471024323537899e+03	2.1647970627283685e+03	1.6189923315961178e+03	2.3156382630709472e+03	1.8592791089660063e+03	2.0884260627265107e+03	2.0683274386053372e+03	1.9819415734177055e+03
2.0001783077675011e+03	1.6558577903910202e+03	1.8641290138756422e+03	1.6264659633445931e+03	2.0725064078289042e+03	1.9169060099541016e+03	1.8261482422525917e+03	1.8521789940641784e+03	1.8699004174664256e+03	1.6293707142193218e+03	1.7577138840817111e+03	1.9769221890857125e+03	1.8766484467114360e+03	1.8445954532467415e+03	1.8494175681771701e+03	2.3582100827173545e+03	2.4038237369301469e+03	2.2464593728358368e+03	2.1647970627283685e+03	1.6188893816793648e+03	2.3152777647198309e+03	1.8592791089660063e+03	2.0870635361574782e+03	2.0683274386053372e+03	1.9819389550932030e+03
2.0000598906854761e+03	1.6536340570753803e+03	1.8640374717886461e+03	1.6264643612260709e+03	2.0724554566019115e+03	1.9169060099541016e+03	1.8261482422525917e+03	1.8386599387178965e+03	1.8699004174664256e+03	1.6293610247567622e+03	1.7575366681661485e+03	1.9769129361313830e+03	1.8766484467114360e+03	1.8445954532467415e+03	1.8494175681771701e+03	2.3582100827173545e+03	2.4032196821692846e+03	2.2442799738233457e+03	2.1645645687250590e+03	1.6188893816793648e+03	2.3150803204271519e+03	1.8592791089660063e+03	2.0778455715364894e+03	2.0682901138819898e+03	1.9819389550932030e+03
1.9963201323989133e+03	1.6535599172942418e+03	1.8620198146364646e+03	1.6264643612260709e+03	2.0724554566019115e+03	1.9149308921449274e+03	1.8209631982940484e+03	1.8373561795098669e+03	1.8699004174664256e+03	1.6293610247567622e+03	1.7575366681661485e+03	1.9768988509486285e+03	1.8766484467114360e+03	1.8445954532467415e+03	1.8494175681771701e+03	2.3582100827173545e+03	2.4005407615521890e+03	2.2442799738233457e+03	2.1645645687250590e+03	1.6188803738482040e+03	2.3148085646403110e+03	1.8592784029473455e+03	2.0776841715892338e+03	2.0682816786106305e+03	1.9819389550932030e+03
1.9963201323989133e+03	1.6517448353903774e+03	1.8620198146364646e+03	1.6264631773404640e+03	2.0724548779172942e+03	1.9098208843387947e+03	1.8207825889241815e+03	1.8315781224135237e+03	1.8698476378048410e+03	1.6293610247567622e+03	1.7575366681661485e+03	1.9768988509486285e+03	1.8766484467114360e+03	1.8445669770434451e+03	1.8494175681771701e+03	2.3582097979645291e+03	2.3985215889344349e+03	2.2440936332554365e+03	2.1638421833784319e+03	1.6188803738482040e+03	2.3145928762621083e+03	1.8592784029473455e+03	2.0776841715892338e+03	2.0682816786106305e+03	1.9819389550932030e+03
1.9963201323989133e+03	1.6513767729577564e+03	1.8620198146364646e+03	1.6264601959738186e+03	2.0724548779172942e+03	1.9088135335593661e+03	1.8149995397583546e+03	1.8282666849933084e+03	1.8698041906073252e+03	1.6293610247567622e+03	1.7575366681661485e+03	1.9768891523418079e+03	1.8766484467114360e+03	1.8445669770434451e+03	1.8494175252915686e+03	2.3582070937652115e+03	2.3966210797966914e+03	2.2437093697194414e+03	2.1638421833784319e+03	1.6188803738482040e+03	2.3145928762621083e+03	1.8592768463042648e+03	2.0776394249290856e+03	2.0682816786106305e+03	1.9819364466104491e+03
1.9924694974175200e+03	1.6502059380911708e+03	1.8616923643231291e+03	1.6264601959738186e+03	2.0724548779172942e+03	1.9088135335593661e+03	1.8149995397583546e+03	1.8251275190408683e+03	1.8698041906073252e+03	1.6293610247567622e+03	1.7574629450863536e+03	1.9768891523418079e+03	1.8766484467114360e+03	1.8445669770434451e+03	1.8494175252915686e+03	2.3582070937652115e+03	2.3948620214214166e+03	2.2423850195307118e+03	2.1627277391203879e+03	1.6188803738482040e+03	2.3132909069585544e+03	1.8592718577537471e+03	2.0776394249290856e+03	2.0682816786106305e+03	1.9819364466104491e+03
1.9924694974175200e+03	1.6502059380911708e+03	1.8616923643231291e+03	1.6264601959738186e+03	2.0724548779172942e+03	1.9088135335593661e+03	1.8113222671450396e+03	1.8251275190408683e+03	1.8698041906073252e+03	1.6293592980613380e+03	1.7574629450863536e+03	1.9768860475903764e+03	1.8766413596650029e+03	1.8445669770434451e+03	1.8494175252915686e+03	2.3582070937652115e+03	2.3938836728159358e+03	2.2423850195307118e+03	2.1598441524445225e+03	1.6188803738482040e+03	2.3132059473082354e+03	1.8592718577537471e+03	2.0775593036511568e+03	2.0682816786106305e+03	1.9819364466104491e+03
1.9924694974175200e+03	1.6497422855865350e+03	1.8601687914627419e+03	1.6264578740989168e+03	2.0724548779172942e+03	1.9088135335593661e+03	1.8080541250251879e+03	1.8243392238826455e+03	1.8697918610258441e+03	1.6293592980613380e+03	1.7574629450863536e+03	1.9768412678868124e+03	1.8766413596650029e+03	1.8445669770434451e+03	1.8494175252915686e+03	2.3582070937652115e+03	2.3926378351793737e+03	2.2420811742500591e+03	2.1598441524445225e+03	1.6188803738482040e+03	2.3127728164324758e+03	1.8592698821345525e+03	2.0729938158031659e+03	2.0682753703442763e+03	1.9819364466104491e+03
1.9869032616703803e+03	1.6492379692112377e+03	1.8543113033401628e+03	1.6264578740989168e+03	2.0724548779172942e+03	1.9088135335593661e+03	1.8066598225614298e+03	1.8223321105899172e+03	1.8697918610258441e+03	1.6293592980613380e+03	1.7574629450863536e+03	1.9768412678868124e+03	1.8766413596650029e+03	1.8445557333859731e+03	1.8494175252915686e+03	2.3582020536735999e+03	2.3926064532367527e+03	2.2413760295515167e+03	2.1598441524445225e+03	1.6188803738482040e+03	2.3123651008105603e+03	1.8592660351826028e+03	2.0707500882612112e+03	2.0682753703442763e+03	1.9819364466104491e+03
1.9869032616703803e+03	1.6482339737843408e+03	1.8533774524151058e+03	1.6264578740989168e+03	2.0724548779172942e+03	1.9069974942359568e+03	1.8048300750967064e+03	1.8220998134510496e+03	1.8697918610258441e+03	1.6293587271482936e+03	1.7574629450863536e+03	1.9768410967349962e+03	1.8766413596650029e+03	1.8445537010024359e+03	1.8494175252915686e+03	2.3582020536735999e+03	2.3926064532367527e+03	2.2413760295515167e+03	2.1573964530728945e+03	1.6188803738482040e+03	2.3123651008105603e+03	1.8592605057116641e+03	2.0702648975251100e+03	2.0682753703442763e+03	1.9819349521442120e+03
1.9840901521662868e+03	1.6481381215333381e+03	1.8481197562579239e+03	1.6264578740989168e+03	2.0724548779172942e+03	1.9069974942359568e+03	1.8047548855634448e+03	1.8211025766781231e+03	1.8697409400568040e+03	1.6293552059343479e+03	1.7574629450863536e+03	1.9768410967349962e+03	1.8765718709494763e+03	1.8445218422964554e+03	1.8494174893869508e+03	2.3581920448648689e+03	2.3916321695492111e+03	2.2406937355852606e+03	2.1547281449570382e+03	1.6188803738482040e+03	2.3120947344225574e+03	1.8592605057116641e+03	2.0697989811750344e+03	2.0682753703442763e+03	1.9819349521442120e+03
1.9832631687334579e+03	1.6467089697729275e+03	1.8481197562579239e+03	1.6264576680376390e+03	2.0724548779172942e+03	1.9057571725265514e+03	1.8047548855634448e+03	1.8197316609631446e+03	1.8697409400568040e+03	1.6293458660364288e+03	1.7574629450863536e+03	1.9768410967349962e+03	1.8765718709494763e+03	1.8445218422964554e+03	1.8494174893869508e+03	2.3581920448648689e+03	2.3916321695492111e+03	2.2399169258610746e+03	2.1504175900073642e+03	1.6188483526696396e+03	2.3118740616869454e+03	1.8592605057116641e+03	2.0689108723678478e+03	2.0682753703442763e+03	1.9819349521442120e+03
1.9806752415948372e+03	1.6438508547832275e+03	1.8451594546563074e+03	1.6264576680376390e+03	2.0724548779172942e+03	1.8771763850647008e+03	1.8039292634328876e+03	1.8178088268248484e+03	1.8697140206669872e+03	1.6293458660364288e+03	1.7574629450863536e+03	1.9768410967349962e+03	1.8765718709494763e+03	1.8445218422964554e+03	1.8494174893869508e+03	2.3581920448648689e+03	2.3909918705940313e+03	2.2359261638639191e+03	2.1500734009891012e+03	1.6188019523545172e+03	2.3114984961857735e+03	1.8592605057116641e+03	2.0669816514488834e+03	2.0682753703442763e+03	1.9819315227298944e+03
1.9755613608359208e+03	1.6398358743829556e+03	1.8444252291275441e+03	1.6264576680376390e+03	2.0724548779172942e+03	1.8771763850647008e+03	1.8031420982742693e+03	1.8167225236500435e+03	1.8042124616444016e+03	1.6293458660364288e+03	1.7574139188352756e+03	1.9768048938960849e+03	1.8765718709494763e+03	1.8445218422964554e+03	1.8494174893869508e+03	2.3581920448648689e+03	2.3901815979083840e+03	2.2306978732907678e+03	2.1482079549609712e+03	1.6188019523545172e+03	2.3109146161196240e+03	1.8592597194876587e+03	2.0599624715169616e+03	2.0682753703442763e+03	1.9819306580588341e+03
1.9729777749168004e+03	1.6379369616054792e+03	1.8443348860565693e+03	1.6264576680376390e+03	2.0724449844743895e+03	1.8729866767945084e+03	1.8020892051314020e+03	1.8151137357388443e+03	1.8005735143194136e+03	1.6293371019483079e+03	1.7574139188352756e+03	1.9768048938960849e+03	1.8765241577185063e+03	1.8445218422964554e+03	1.8494130778169508e+03	2.3581920448648689e+03	2.3888014396271865e+03	2.2306978732907678e+03	2.1482079549609712e+03	1.6187648034802796e+03	2.3107294070057274e+03	1.8592536658385657e+03	2.0558916958186319e+03	2.0682753703442763e+03	1.9819306580588341e+03
1.9685636546856333e+03	1.6323390461211106e+03	1.8435822281763622e+03	1.6264573701528834e+03	2.0724449844743895e+03	1.8679329992021662e+03	1.8009563614070591e+03	1.8151137357388443e+03	1.7992692189480788e+03	1.6293371019483079e+03	1.7574139188352756e+03	1.9768048938960849e+03	1.8765154738781973e+03	1.8445143269781543e+03	1.8494130778169508e+03	2.3581579537123389e+03	2.3879688630635069e+03	2.2306978732907678e+03	2.1479315188840974e+03	1.6187648034802796e+03	2.3102998644372692e+03	1.8592536658385657e+03	2.0408506796709255e+03	2.0682753703442763e+03	1.9819306580588341e+03
1.9631951348858311e+03	1.6298464396171016e+03	1.8415350501849541e+03	1.6264573701528834e+03	2.0724449844743895e+03	1.8620689749833948e+03	1.7941805757700763e+03	1.8148929658635520e+03	1.7967882529175449e+03	1.6293371019483079e+03	1.7574139188352756e+03	1.9767955751140157e+03	1.8764483776951740e+03	1.8445143269781543e+03	1.8494130778169508e+03	2.3581339274020229e+03	2.3869349852706550e+03	2.2302997018954989e+03	2.1445225058321944e+03	1.6187648034802796e+03	2.3100822693791388e+03	1.8592536658385657e+03	2.0350303873280459e+03	2.0682753703442763e+03	1.9819306580588341e+03
1.9581219086900992e+03	1.6270869186453374e+03	1.8413812910950869e+03	1.6264509204406033e+03	2.0724449844743895e+03	1.8600875630992248e+03	1.7894514057274773e+03	1.8147476869772761e+03	1.7943325783976286e+03	1.6293371019483079e+03	1.7574139188352756e+03	1.9767955751140157e+03	1.8764483776951740e+03	1.8445143269781543e+03	1.8494130778169508e+03	2.3581339274020229e+03	2.3861783819192347e+03	2.2297635605035807e+03	2.1441155263690007e+03	1.6187648034802796e+03	2.3100324116272259e+03	1.8592536658385657e+03	2.0350303873280459e+03	2.0682650163669355e+03	1.9819306580588341e+03
1.9155363214903202e+03	1.6270869186453374e+03	1.8413812910950869e+03	1.6264509204406033e+03	2.0724449844743895e+03	1.8591127730127660e+03	1.7894514057274773e+03	1.8141776126412014e+03	1.7605172105193494e+03	1.6293371019483079e+03	1.7574139188352756e+03	1.9767955751140157e+03	1.8764483776951740e+03	1.8445143269781543e+03	1.8494115353330872e+03	2.3581339274020229e+03	2.3836398319050081e+03	2.2295761856029258e+03	2.1406308189121701e+03	1.6187648034802796e+03	2.3100324116272259e+03	1.8592536658385657e+03	2.0321073538778621e+03	2.0682650163669355e+03	1.9819295954411325e+03
1.8675488099242805e+03	1.6259592780522150e+03	1.8413812910950869e+03	1.6264509204406033e+03	2.0724449844743895e+03	1.8584471014675200e+03	1.7887029997404411e+03	1.8135320673171218e+03	1.7407325735391148e+03	1.6293371019483079e+03	1.7574139188352756e+03	1.9767955751140157e+03	1.8764179013484600e+03	1.8445049269433771e+03	1.8494115353330872e+03	2.3581339274020229e+03	2.3799458920351271e+03	2.2294531662808358e+03	2.1392560484979258e+03	1.6187648034802796e+03	2.3099029128903499e+03	1.8592536658385657e+03	2.0288931495152385e+03	2.0682650163669355e+03	1.9819294549007354e+03
1.8651298646976625e+03	1.6255448719261317e+03	1.8413812910950869e+03	1.6264509204406033e+03	2.0724449844743895e+03	1.8582666137437877e+03	1.7865722417867235e+03	1.8128231882915334e+03	1.7390606034024065e+03	1.6293371019483079e+03	1.7573563339087505e+03	1.9767878440832872e+03	1.8763835432335854e+03	1.8445049269433771e+03	1.8494115353330872e+03	2.3581339274020229e+03	2.1833470785067120e+03	2.2294531662808358e+03	2.1387466678605560e+03	1.6187538611134441e+03	2.3099010282581089e+03	1.8592536658385657e+03	2.0256216049503862e+03	2.0682556409571689e+03	1.9819280784904072e+03
1.8626881989149970e+03	1.6247317608132189e+03	1.8413812910950869e+03	1.6264489832884822e+03	2.0724449844743895e+03	1.8580777561501436e+03	1.7860252676715224e+03	1.8128231882915334e+03	1.7354196249052904e+03	1.6293371019483079e+03	1.7573563339087505e+03	1.9767770310569304e+03	1.8763762976427611e+03	1.8445049269433771e+03	1.8494029525505291e+03	2.3581257275605089e+03	2.1669421775650444e+03	2.2294531662808358e+03	2.1387466678605560e+03	1.6187538611134441e+03	2.3098775594707004e+03	1.8592536658385657e+03	2.0244830043772415e+03	2.0682518159174583e+03	1.9819271846112210e+03
1.8534033472802148e+03	1.6243440756655120e+03	1.8413812910950869e+03	1.6264489832884822e+03	2.0724449844743895e+03	1.8580257935478489e+03	1.7852421151599469e+03	1.8121011161143165e+03	1.7347147091188081e+03	1.6293371019483079e+03	1.7573563339087505e+03	1.9767770310569304e+03	1.8763092823822381e+03	1.8445049269433771e+03	1.8494015156115795e+03	2.3581257275605089e+03	2.1367607524164309e+03	2.2294531662808358e+03	2.1371115798493338e+03	1.6187469636070014e+03	2.3098658248626789e+03	1.8592536658385657e+03	2.0243821691424287e+03	2.0682515405099566e+03	1.9819244563147681e+03
1.8423455106383703e+03	1.6243440756655120e+03	1.8412576680018979e+03	1.6264489832884822e+03	2.0724449844743895e+03	1.8576958980458271e+03	1.7849839482465611e+03	1.8117021937928396e+03	1.7335959609679849e+03	1.6293371019483079e+03	1.7573563339087505e+03	1.9767770310569304e+03	1.8763092823822381e+03	1.8445049269433771e+03	1.8494015156115795e+03	2.3581257275605089e+03	2.1228617998936943e+03	2.2294531662808358e+03	2.1365233833323000e+03	1.6187469636070014e+03	2.3098270951085874e+03	1.8592536658385657e+03	2.0234540428499636e+03	2.0682515405099566e+03	1.9819244563147681e+03
1.8423455106383703e+03	1.6240994463488980e+03	1.8412576680018979e+03	1.6264489832884822e+03	2.0724449844743895e+03	1.8576958980458271e+03	1.7797730437093426e+03	1.8116053847150940e+03	1.7327453561422947e+03	1.6293302596485260e+03	1.7573563339087505e+03	1.9767770310569304e+03	1.8762937693322924e+03	1.8445049269433771e+03	1.8494015156115795e+03	2.3581257275605089e+03	2.1215145210566898e+03	2.2293617978207149e+03	2.1365233833323000e+03	1.6187469636070014e+03	2.3098093512089822e+03	1.8592518522839314e+03	2.0230725522724181e+03	2.0682451516599508e+03	1.9819232418608754e+03
1.8423455106383703e+03	1.6240900194658627e+03	1.8412576680018979e+03	1.6264488381302854e+03	2.0724449844743895e+03	1.8574226540283730e+03	1.7783107369332690e+03	1.8112269000545728e+03	1.7310663474667708e+03	1.6293302596485260e+03	1.7573563339087505e+03	1.9767770310569304e+03	1.8762937693322924e+03	1.8445021804835508e+03	1.8494015156115795e+03	2.3581257275605089e+03	2.1141386205518997e+03	2.2291078470107582e+03	2.1346028206402739e+03	1.6187469636070014e+03	2.3097052393133436e+03	1.8592518522839314e+03	2.0223393605612230e+03	2.0682428477427138e+03	1.9819232418608754e+03
1.8388251779598033e+03	1.6240610508900857e+03	1.8412576680018979e+03	1.6264488381302854e+03	2.0724449844743895e+03	1.8574226540283730e+03	1.7772188361749356e+03	1.8107414634362563e+03	1.7307972787206097e+03	1.6293302596485260e+03	1.7573563339087505e+03	1.9767703569202999e+03	1.8762937693322924e+03	1.8445021804835508e+03	1.8494015156115795e+03	2.3580633241338796e+03	2.1054934740138906e+03	2.2291078470107582e+03	2.1307982998545663e+03	1.6187469636070014e+03	2.3097052393133436e+03	1.8592518522839314e+03	2.0221908932626443e+03	2.0682428477427138e+03	1.9819211426083211e+03
1.8225091454471496e+03	1.6240301334951714e+03	1.8412576680018979e+03	1.6264488381302854e+03	2.0724449844743895e+03	1.8570465551127918e+03	1.7751049643269725e+03	1.8107414634362563e+03	1.7305539110333950e+03	1.6293302596485260e+03	1.7573563339087505e+03	1.9767703569202999e+03	1.8762937693322924e+03	1.8445004692051202e+03	1.8494015156115795e+03	2.3580633241338796e+03	2.1028843428129526e+03	2.2291078470107582e+03	2.1306640440226638e+03	1.6187469636070014e+03	2.3097052393133436e+03	1.8592490845472271e+03	2.0187964880441200e+03	2.0682428477427138e+03	1.9819188767909304e+03
1.8223292513490960e+03	1.6240301334951714e+03	1.8411934578228690e+03	1.6264488381302854e+03	2.0724449844743895e+03	1.8570465551127918e+03	1.7713951090749185e+03	1.8107414634362563e+03	1.7256429039649868e+03	1.6293302596485260e+03	1.7573563339087505e+03	1.9767703569202999e+03	1.8762937693322924e+03	1.8445004692051202e+03	1.8493938133271788e+03	2.3580633241338796e+03	2.0985960631848711e+03	2.2290964733509463e+03	2.1303093482153422e+03	1.6187469636070014e+03	2.3096797565645575e+03	1.8592490845472271e+03	2.0159310532527975e+03	2.0682428477427138e+03	1.9819188767909304e+03
1.8144436495687539e+03	1.6240122519006015e+03	1.8411058483494621e+03	1.6264488381302854e+03	2.0724449844743895e+03	1.8570465551127918e+03	1.7643587840858625e+03	1.8104987599515941e+03	1.7213733586348499e+03	1.6293302596485260e+03	1.7573563339087505e+03	1.9767703569202999e+03	1.8762937693322924e+03	1.8445004692051202e+03	1.8493938133271788e+03	2.3580633241338796e+03	2.0914646784556489e+03	2.2289545325396102e+03	2.1284643794774292e+03	1.6186336215697822e+03	2.3096712049309235e+03	1.8592473354445874e+03	2.0105831002307229e+03	2.0682428477427138e+03	1.9819187117626477e+03
1.8067122450278162e+03	1.6240071698268962e+03	1.8410277960182814e+03	1.6264488381302854e+03	2.0724449844743895e+03	1.8568036145586166e+03	1.7640706707647905e+03	1.8104987599515941e+03	1.7200421984545014e+03	1.6293302596485260e+03	1.7573563339087505e+03	1.9767703569202999e+03	1.8762937693322924e+03	1.8445004692051202e+03	1.8493927736226783e+03	2.3579463009449501e+03	2.0862144998230988e+03	2.2288485751362741e+03	2.1282285136727819e+03	1.6186336215697822e+03	2.3096712049309235e+03	1.8592473354445874e+03	2.0002072195887974e+03	2.0682420516599127e+03	1.9819171505586137e+03
1.7966293232783596e+03	1.6239762410373223e+03	1.8410277960182814e+03	1.6264488381302854e+03	2.0724449844743895e+03	1.8567790797935477e+03	1.7621901241288824e+03	1.8104530204139592e+03	1.7162289668916515e+03	1.6293270765669215e+03	1.7573563339087505e+03	1.9767585019621451e+03	1.8762826819556708e+03	1.8445004692051202e+03	1.8493613476059152e+03	2.3579431693191559e+03	2.0785656163555009e+03	2.2288485751362741e+03	2.1259238400374657e+03	1.6186211357924656e+03	2.3096470900881695e+03	1.8592469280033743e+03	1.9978062393503847e+03	2.0682420516599127e+03	1.9819160529006263e+03
1.7889398513491494e+03	1.6239762410373223e+03	1.8409132775680250e+03	1.6264488381302854e+03	2.0724449844743895e+03	1.8559298001716850e+03	1.7619197781502683e+03	1.8104530204139592e+03	1.7126342999864598e+03	1.6293270765669215e+03	1.7573563339087505e+03	1.9767585019621451e+03	1.8762826819556708e+03	1.8445004692051202e+03	1.8491126292745666e+03	2.3579431693191559e+03	2.0756908891190710e+03	2.2288485751362741e+03	2.1222896183512876e+03	1.6186148687681232e+03	2.3096470900881695e+03	1.8592469280033743e+03	1.9973221051751418e+03	2.0682418665622167e+03	1.9819160529006263e+03
1.7879582986433445e+03	1.6239762410373223e+03	1.8409132775680250e+03	1.6264488381302854e+03	2.0724449844743895e+03	1.8550929195911340e+03	1.7608315775249023e+03	1.8101322532355141e+03	1.7115039802600922e+03	1.6293213172783144e+03	1.7573563339087505e+03	1.9767585019621451e+03	1.8762826819556708e+03	1.8445004692051202e+03	1.8490623569000643e+03	2.3579431693191559e+03	2.0738278827795875e+03	2.2288485751362741e+03	2.1192640326770152e+03	1.6185891508661944e+03	2.3096470900881695e+03	1.8592469280033743e+03	1.9958930732009937e+03	2.0682400693075651e+03	1.9819160529006263e+03
1.7871051804208148e+03	1.6239762410373223e+03	1.8407894556517958e+03	1.6264488381302854e+03	2.0724449844743895e+03	1.8547236405966205e+03	1.7596375088814673e+03	1.8099278795643577e+03	1.7076655248851503e+03	1.6293213172783144e+03	1.7573563339087505e+03	1.9767585019621451e+03	1.8762826819556708e+03	1.8445004692051202e+03	1.8490245385848712e+03	2.3579431693191559e+03	2.0730341854743410e+03	2.2286822140838690e+03	2.1176764508612659e+03	1.6185891508661944e+03	2.3096470900881695e+03	1.8592469280033743e+03	1.9916105966531845e+03	2.0682369025377038e+03	1.9819151372254016e+03
1.7827217252966807e+03	1.6239762410373223e+03	1.8407894556517958e+03	1.6264488381302854e+03	2.0724410823275789e+03	1.8545326613599941e+03	1.7578958664261277e+03	1.8099081997251733e+03	1.7076207252487563e+03	1.6293213172783144e+03	1.7573563339087505e+03	1.9767554114883887e+03	1.8762826819556708e+03	1.8445004692051202e+03	1.8490245385848712e+03	2.3578519524729654e+03	2.0725935875462055e+03	2.2286822140838690e+03	2.1143291383495398e+03	1.6185891508661944e+03	2.3096470900881695e+03	1.8592460677567715e+03	1.9899519198812968e+03	2.0682369025377038e+03	1.9819140556262221e+03
1.7813420486935895e+03	1.6239762410373223e+03	1.8407894556517958e+03	1.6264488381302854e+03	2.0724400665594521e+03	1.8544063538915279e+03	1.7534544901136026e+03	1.8098198089443679e+03	1.7067064945400236e+03	1.6293213172783144e+03	1.7573563339087505e+03	1.9767554114883887e+03	1.8762826819556708e+03	1.8445004692051202e+03	1.8490245385848712e+03	2.3578519524729654e+03	2.0723903082168226e+03	2.2286722655920144e+03	2.1131454330358761e+03	1.6185891508661944e+03	2.3096470900881695e+03	1.8592460677567715e+03	1.9889366962813515e+03	2.0682369025377038e+03	1.9819117348903883e+03
1.7795234675106406e+03	1.6239554282818394e+03	1.8407639899742687e+03	1.6264488381302854e+03	2.0724400665594521e+03	1.8541702746618475e+03	1.7506778649175480e+03	1.8097941126803651e+03	1.7010797682101479e+03	1.6293213172783144e+03	1.7573551063980715e+03	1.9767546829627022e+03	1.8762826819556708e+03	1.8444842931067194e+03	1.8490199307788748e+03	2.3578519524729654e+03	2.0722886647234732e+03	2.2283110187912162e+03	2.1104148798917176e+03	1.6185891508661944e+03	2.3096354678112298e+03	1.8592460677567715e+03	1.9889366962813515e+03	2.0682369025377038e+03	1.9819117348903883e+03
1.7775723612302395e+03	1.6238228484234742e+03	1.8406781039889399e+03	1.6264488381302854e+03	2.0724400665594521e+03	1.8540197367580649e+03	1.7479560191436015e+03	1.8095923791646294e+03	1.6983689388623545e+03	1.6293213172783144e+03	1.7573551063980715e+03	1.9767539608353509e+03	1.8762826819556708e+03	1.8444842931067194e+03	1.8490199307788748e+03	2.3578273346987949e+03	2.0722142732481934e+03	2.2282420970001440e+03	2.1096065140368401e+03	1.6185848601870869e+03	2.3096243090340304e+03	1.8592460677567715e+03	1.9889171448002978e+03	2.0682326768342964e+03	1.9819117348903883e+03
1.7769571616099586e+03	1.6238228484234742e+03	1.8406162778986798e+03	1.6264488381302854e+03	2.0724400665594521e+03	1.8538806318130494e+03	1.7460742701916251e+03	1.8095725793477677e+03	1.6928952030630780e+03	1.6293213172783144e+03	1.7573551063980715e+03	1.9767539608353509e+03	1.8762826819556708e+03	1.8444842931067194e+03	1.8489684317412193e+03	2.3578273346987949e+03	2.0722018829466629e+03	2.2281671155571030e+03	2.1087912793583646e+03	1.6185832093994527e+03	2.3096243090340304e+03	1.8592447727137251e+03	1.9887590303179581e+03	2.0682326768342964e+03	1.9819117348903883e+03
1.7748155590640590e+03	1.6238094359262193e+03	1.8405655240440578e+03	1.6264488381302854e+03	2.0724117329212545e+03	1.8538806318130494e+03	1.7436302492913453e+03	1.8091573249399112e+03	1.6830362977327336e+03	1.6293213172783144e+03	1.7573416876863589e+03	1.9767341191905007e+03	1.8762826819556708e+03	1.8444842931067194e+03	1.8489684317412193e+03	2.3577961070428760e+03	2.0721708597305610e+03	2.2257955030839398e+03	2.1080682016262317e+03	1.6185832093994527e+03	2.3096243090340304e+03	1.8592447727137251e+03	1.9886835625352612e+03	2.0682326768342964e+03	1.9819113093087165e+03
1.7733097112980945e+03	1.6237071294557895e+03	1.8403527776337949e+03	1.6264488381302854e+03	2.0724056668588391e+03	1.8538210069835172e+03	1.7422353576290068e+03	1.8085532337354630e+03	1.6803895639417560e+03	1.6293213172783144e+03	1.7573229804564830e+03	1.9767341191905007e+03	1.8762764293620080e+03	1.8444821152180616e+03	1.8489684317412193e+03	2.3577961070428760e+03	2.0721616700421887e+03	2.2234084804947342e+03	2.1078283262787008e+03	1.6185832093994527e+03	2.3096180932377824e+03	1.8592447727137251e+03	1.9886084077782562e+03	2.0682326768342964e+03	1.9819110849980887e+03
1.7728133005027109e+03	1.6236350256986859e+03	1.8403527776337949e+03	1.6264488381302854e+03	2.0724056668588391e+03	1.8538210069835172e+03	1.7402910473632178e+03	1.8084756780520825e+03	1.6714585445939870e+03	1.6293213172783144e+03	1.7573228967415039e+03	1.9767341191905007e+03	1.8762764293620080e+03	1.8444748940665017e+03	1.8489684317412193e+03	2.3577961070428760e+03	2.0721340354444728e+03	2.2221548754161804e+03	2.1074737792213105e+03	1.6185676249170087e+03	2.3096060509944773e+03	1.8592447727137251e+03	1.9886084077782562e+03	2.0682286475631245e+03	1.9819110849980887e+03
1.7721084728666876e+03	1.6236127591778154e+03	1.8400341288649313e+03	1.6264488381302854e+03	2.0724056668588391e+03	1.8537191016213205e+03	1.7400945686080656e+03	1.8084756780520825e+03	1.6668227924185028e+03	1.6293213172783144e+03	1.7573228967415039e+03	1.9767341191905007e+03	1.8762764293620080e+03	1.8444748940665017e+03	1.8489684317412193e+03	2.3577573373996083e+03	2.0721199370989707e+03	2.2197581149509124e+03	2.1072892884254047e+03	1.6185349127612085e+03	2.3096060509944773e+03	1.8592447727137251e+03	1.9886084077782562e+03	2.0682286475631245e+03	1.9819107949285149e+03
1.7704745708235969e+03	1.6234413170836233e+03	1.8400341288649313e+03	1.6264488381302854e+03	2.0724055909008998e+03	1.8537191016213205e+03	1.7398654551639120e+03	1.8083836187742281e+03	1.6593139012919621e+03	1.6293213172783144e+03	1.7573228967415039e+03	1.9767341191905007e+03	1.8762764293620080e+03	1.8444748940665017e+03	1.8489684317412193e+03	2.3577297022176854e+03	2.0715329526037931e+03	2.2156277522672658e+03	2.1072069004982227e+03	1.6185349127612085e+03	2.3096060509944773e+03	1.8592422408581483e+03	1.9886084077782562e+03	2.0682286475631245e+03	1.9819081529343794e+03
1.7691294091416339e+03	1.6233586614325377e+03	1.8400165867877397e+03	1.6264488381302854e+03	2.0724055909008998e+03	1.8536657676092293e+03	1.7395351508074561e+03	1.8083836187742281e+03	1.6403697804241519e+03	1.6293213172783144e+03	1.7572707477669592e+03	1.9767341191905007e+03	1.8762763015216240e+03	1.8444748940665017e+03	1.8489684317412193e+03	2.3577297022176854e+03	2.0706629953472884e+03	2.2118587586491967e+03	2.1067805821072452e+03	1.6185349127612085e+03	2.3095748863241356e+03	1.8592394183400720e+03	1.9885741368514161e+03	2.0682286475631245e+03	1.9819081529343794e+03
1.7689652819327471e+03	1.6233117463190347e+03	1.8399315007294131e+03	1.6264458752352100e+03	2.0724055909008998e+03	1.8536657676092293e+03	1.7392775572106580e+03	1.8083836187742281e+03	1.6359016487398155e+03	1.6293213172783144e+03	1.7572707477669592e+03	1.9767341191905007e+03	1.8762763015216240e+03	1.8444748940665017e+03	1.8489684317412193e+03	2.3577297022176854e+03	2.0704686892129757e+03	2.2112176467098870e+03	2.1067805821072452e+03	1.6185349127612085e+03	2.3095748863241356e+03	1.8592394183400720e+03	1.9885091986669629e+03	2.0682286475631245e+03	1.9819081529343794e+03
1.7689215233402269e+03	1.6230795735360778e+03	1.8399315007294131e+03	1.6264447207771229e+03	2.0724055909008998e+03	1.8536657676092293e+03	1.7392657158857867e+03	1.8083688867778792e+03	1.6346657881103160e+03	1.6293213172783144e+03	1.7572707477669592e+03	1.9767341191905007e+03	1.8762763015216240e+03	1.8444748940665017e+03	1.8489684317412193e+03	2.3577282989115088e+03	2.0703295466740446e+03	2.2110726661803506e+03	2.1062491533177813e+03	1.6185105770126477e+03	2.3095522857124761e+03	1.8592393192900852e+03	1.9885091986669629e+03	2.0682286475631245e+03	1.9819081525153833e+03
1.7679249719764894e+03	1.6228087653977027e+03	1.8399315007294131e+03	1.6264445679516384e+03	2.0724055909008998e+03	1.8535570523137305e+03	1.7389705133234370e+03	1.8082695311621092e+03	1.6284234841099453e+03	1.6293144586632598e+03	1.7572707477669592e+03	1.9767341191905007e+03	1.8762737572948795e+03	1.8444748940665017e+03	1.8489684317412193e+03	2.3577282989115088e+03	2.0702987594110709e+03	2.2108801915317085e+03	2.1060897378555551e+03	1.6185105770126477e+03	2.3095522857124761e+03	1.8592379173376935e+03	1.9885091986669629e+03	2.0682286475631245e+03	1.9819081525153833e+03
1.7675804524126759e+03	1.6227892698879489e+03	1.8399315007294131e+03	1.6264445679516384e+03	2.0724055909008998e+03	1.8535570523137305e+03	1.7385331822542364e+03	1.8082695311621092e+03	1.6267097167361580e+03	1.6293144586632598e+03	1.7572707477669592e+03	1.9767341191905007e+03	1.8762737572948795e+03	1.8444718342596366e+03	1.8489668359693330e+03	2.3577095095253230e+03	2.0702983322599589e+03	2.2107709600137769e+03	2.1057104772511502e+03	1.6185105770126477e+03	2.3095290818467874e+03	1.8592379173376935e+03	1.9885091986669629e+03	2.0682286475631245e+03	1.9819081525153833e+03
1.7675217421196933e+03	1.6227144422390904e+03	1.8399163884573036e+03	1.6264445679516384e+03	2.0724055909008998e+03	1.8535570523137305e+03	1.7382694999768564e+03	1.8082695311621092e+03	1.6264106948863737e+03	1.6293144586632598e+03	1.7572707477669592e+03	1.9767341191905007e+03	1.8762737572948795e+03	1.8444718342596366e+03	1.8489668359693330e+03	2.3577095095253230e+03	2.0702923564864464e+03	2.2106013106214568e+03	2.1057104772511502e+03	1.6184807384353142e+03	2.3094784287143120e+03	1.8592379173376935e+03	1.9885091986669629e+03	2.0682278622581557e+03	1.9819081525153833e+03
1.7675217421196933e+03	1.6227144422390904e+03	1.8398609075150066e+03	1.6264444835651150e+03	2.0724055909008998e+03	1.8535570523137305e+03	1.7382688499470926e+03	1.8082608500646370e+03	1.6259328997625012e+03	1.6293144586632598e+03	1.7572707477669592e+03	1.9767341191905007e+03	1.8762568682757390e+03	1.8444449977614081e+03	1.8489668359693330e+03	2.3577095095253230e+03	2.0702913807375921e+03	2.2098503837598932e+03	2.1056351929345992e+03	1.6184807384353142e+03	2.3094422670491394e+03	1.8592373535530987e+03	1.9885091986669629e+03	2.0682278622581557e+03	1.9819078422672469e+03
1.7674721223841350e+03	1.6226677044345895e+03	1.8398609075150066e+03	1.6264444835651150e+03	2.0724055909008998e+03	1.8535570523137305e+03	1.7380864754593404e+03	1.8082192269126613e+03	1.6257173183057630e+03	1.6293144586632598e+03	1.7572707477669592e+03	1.9767341191905007e+03	1.8762568682757390e+03	1.8444449977614081e+03	1.8489668335922092e+03	2.3577095095253230e+03	2.0702909963900038e+03	2.2084571523513005e+03	2.1056351929345992e+03	1.6184807384353142e+03	2.3094276425573757e+03	1.8592356821136223e+03	1.9885091986669629e+03	2.0682278622581557e+03	1.9819078422672469e+03
1.7672890532850715e+03	1.6226677044345895e+03	1.8398609075150066e+03	1.6264442959482446e+03	2.0724037859676068e+03	1.8535570523137305e+03	1.7379391890537511e+03	1.8082192269126613e+03	1.6255107390035519e+03	1.6293132877556225e+03	1.7572707477669592e+03	1.9767341191905007e+03	1.8762568682757390e+03	1.8444447148822396e+03	1.8489668335922092e+03	2.3577067317875071e+03	2.0702729442823984e+03	2.2075806378555276e+03	2.1056057186962421e+03	1.6184807384353142e+03	2.3093329557004090e+03	1.8592327210130952e+03	1.9884259084339465e+03	2.0682278622581557e+03	1.9819078221651403e+03
1.7671443654147349e+03	1.6226462165263445e+03	1.8398591074537960e+03	1.6264442959482446e+03	2.0724037859676068e+03	1.8535570523137305e+03	1.7378364650694480e+03	1.8082192269126613e+03	1.6244138793499426e+03	1.6293132877556225e+03	1.7572707477669592e+03	1.9767341191905007e+03	1.8762568682757390e+03	1.8444354057217572e+03	1.8489502938049523e+03	2.3576975949173575e+03	2.0702691594310554e+03	2.2074671999292805e+03	2.1053486422230594e+03	1.6184399806336212e+03	2.3092890813022791e+03	1.8592327210130952e+03	1.9883335560635396e+03	2.0682278622581557e+03	1.9819077196236467e+03
1.7671443654147349e+03	1.6226462165263445e+03	1.8398591074537960e+03	1.6264440587702206e+03	2.0724037859676068e+03	1.8535570523137305e+03	1.7378364650694480e+03	1.8082080871567341e+03	1.6232076153541707e+03	1.6293132877556225e+03	1.7572707477669592e+03	1.9767341191905007e+03	1.8762568682757390e+03	1.8444345164410925e+03	1.8489502938049523e+03	2.3576792187583324e+03	2.0701926412489920e+03	2.2073373386903268e+03	2.1053486422230594e+03	1.6184399806336212e+03	2.3092864461999598e+03	1.8592327210130952e+03	1.9883335560635396e+03	2.0682278622581557e+03	1.9819068678684062e+03
1.7671443654147349e+03	1.6226462165263445e+03	1.8398591074537960e+03	1.6264440587702206e+03	2.0724037859676068e+03	1.8535499027487335e+03	1.7378364650694480e+03	1.8081851528056825e+03	1.6224991119677816e+03	1.6293132877556225e+03	1.7572707477669592e+03	1.9767341191905007e+03	1.8762501443626290e+03	1.8444345164410925e+03	1.8489463948455891e+03	2.3576792187583324e+03	2.0699126524425510e+03	2.2070055837481109e+03	2.1052130462576442e+03	1.6184399806336212e+03	2.3092561606812342e+03	1.8592277614464683e+03	1.9883335560635396e+03	2.0682278622581557e+03	1.9819068170567070e+03
1.7671443654147349e+03	1.6226302595420589e+03	1.8398591074537960e+03	1.6264440587702206e+03	2.0724037859676068e+03	1.8535499027487335e+03	1.7378123702727312e+03	1.8081851528056825e+03	1.6223951673099596e+03	1.6293132877556225e+03	1.7572707477669592e+03	1.9767341191905007e+03	1.8762372513651430e+03	1.8444315385954324e+03	1.8489343201593820e+03	2.3576792187583324e+03	2.0699126524425510e+03	2.2068241447343444e+03	2.1052130462576442e+03	1.6184399806336212e+03	2.3092561606812342e+03	1.8592254133216816e+03	1.9883335560635396e+03	2.0682278622581557e+03	1.9819068170567070e+03
1.7671443654147349e+03	1.6226302595420589e+03	1.8398591074537960e+03	1.6264431644348863e+03	2.0724037859676068e+03	1.8535431905182463e+03	1.7378123702727312e+03	1.8081578817857762e+03	1.6219471293292834e+03	1.6293132877556225e+03	1.7572707477669592e+03	1.9767336785802584e+03	1.8762372513651430e+03	1.8444257702588945e+03	1.8489343201593820e+03	2.3576774338924251e+03	2.0698825883582731e+03	2.2066107505126970e+03	2.1052130462576442e+03	1.6184399806336212e+03	2.3092444058273991e+03	1.8592218857199491e+03	1.9882856943443530e+03	2.0682266477614771e+03	1.9819065246736648e+03
1.7670896607826635e+03	1.6226302595420589e+03	1.8398591074537960e+03	1.6264431644348863e+03	2.0724037859676068e+03	1.8535431905182463e+03	1.7377513375259605e+03	1.8081578817857762e+03	1.6219471293292834e+03	1.6293132877556225e+03	1.7572707477669592e+03	1.9767322159912781e+03	1.8762372513651430e+03	1.8444257702588945e+03	1.8489340880894870e+03	2.3576774338924251e+03	2.0698570426595202e+03	2.2062262110569582e+03	2.1051516980792267e+03	1.6184218201471772e+03	2.3092444058273991e+03	1.8592212180618901e+03	1.9882856943443530e+03	2.0682266477614771e+03	1.9819065246736648e+03
1.7670896607826635e+03	1.6226111139568943e+03	1.8398591074537960e+03	1.6264426183227292e+03	2.0724037859676068e+03	1.8535431905182463e+03	1.7377513375259605e+03	1.8081578817857762e+03	1.6218724861152441e+03	1.6293132877556225e+03	1.7572707477669592e+03	1.9767289111309401e+03	1.8762372513651430e+03	1.8444257702588945e+03	1.8489340880894870e+03	2.3576563851533601e+03	2.0698570426595202e+03	2.2060395866233134e+03	2.1050936731814409e+03	1.6184042461736951e+03	2.3092444058273991e+03	1.8592212180618901e+03	1.9882856943443530e+03	2.0682266477614771e+03	1.9819055612025866e+03
1.7670896607826635e+03	1.6225479401690116e+03	1.8398206073172328e+03	1.6264421686867213e+03	2.0724035381395652e+03	1.8535136453683172e+03	1.7377513375259605e+03	1.8080554975264813e+03	1.6217983653369529e+03	1.6293132877556225e+03	1.7572707477669592e+03	1.9767289111309401e+03	1.8762372513651430e+03	1.8444257702588945e+03	1.8489340880894870e+03	2.3576563851533601e+03	2.0698570426595202e+03	2.2060073028354736e+03	2.1050936731814409e+03	1.6183996617187609e+03	2.3092328909263042e+03	1.8592198190309830e+03	1.9882856943443530e+03	2.0682235608886294e+03	1.9819050860618700e+03
1.7670428940457709e+03	1.6225479401690116e+03	1.8398173602839593e+03	1.6264419493389498e+03	2.0724035381395652e+03	1.8535111731653349e+03	1.7377513375259605e+03	1.8080554975264813e+03	1.6216498488899688e+03	1.6293132752542554e+03	1.7572707477669592e+03	1.9767289111309401e+03	1.8762372513651430e+03	1.8444257702588945e+03	1.8489340880894870e+03	2.3576563851533601e+03	2.0698369476695366e+03	2.2060007255841711e+03	2.1050936731814409e+03	1.6183996617187609e+03	2.3092328909263042e+03	1.8592191212402968e+03	1.9882856943443530e+03	2.0682235608886294e+03	1.9819050860618700e+03
1.7670428940457709e+03	1.6225412823248307e+03	1.8398173602839593e+03	1.6264416032109991e+03	2.0724035381395652e+03	1.8535111731653349e+03	1.7377513375259605e+03	1.8080554975264813e+03	1.6212944515806989e+03	1.6293132402847775e+03	1.7572707477669592e+03	1.9767289111309401e+03	1.8762322897976485e+03	1.8444119451008098e+03	1.8489340880894870e+03	2.3576563851533601e+03	2.0698327796668482e+03	2.2059809044449721e+03	2.1050936731814409e+03	1.6183996617187609e+03	2.3092184908661538e+03	1.8592191212402968e+03	1.9882856943443530e+03	2.0682235608886294e+03	1.9819050860618700e+03
1.7670428940457709e+03	1.6225412823248307e+03	1.8398173602839593e+03	1.6264416032109991e+03	2.0724026223890146e+03	1.8534780292553701e+03	1.7377513375259605e+03	1.8080554975264813e+03	1.6207258637115292e+03	1.6293132402847775e+03	1.7572345974827238e+03	1.9767289111309401e+03	1.8762322897976485e+03	1.8444119451008098e+03	1.8489340880894870e+03	2.3576563851533601e+03	2.0698327796668482e+03	2.2059691523809033e+03	2.1050796221832834e+03	1.6183996617187609e+03	2.3091927303723660e+03	1.8592144482730259e+03	1.9882856943443530e+03	2.0682235608886294e+03	1.9819050860618700e+03
1.7670428940457709e+03	1.6225412823248307e+03	1.8398173602839593e+03	1.6264413031938166e+03	2.0724026223890146e+03	1.8534545204812991e+03	1.7377513375259605e+03	1.8080303661092189e+03	1.6200980617368452e+03	1.6293132402847775e+03	1.7572345974827238e+03	1.9767276707378142e+03	1.8762322897976485e+03	1.8444045778246343e+03	1.8489308444521262e+03	2.3576563851533601e+03	2.0698062398064230e+03	2.2059306581002693e+03	2.1050796221832834e+03	1.6183962239392595e+03	2.3091862678001389e+03	1.8592142644977371e+03	1.9882856943443530e+03	2.0682235608886294e+03	1.9819049903304497e+03
1.7670428940457709e+03	1.6225282964975536e+03	1.8398010605378286e+03	1.6264413031938166e+03	2.0724026223890146e+03	1.8534545204812991e+03	1.7377513375259605e+03	1.8080252705768119e+03	1.6199290097509588e+03	1.6293128389385990e+03	1.7572345974827238e+03	1.9767276707378142e+03	1.8762322897976485e+03	1.8444045778246343e+03	1.8489308444521262e+03	2.3576563851533601e+03	2.0698062398064230e+03	2.2058897140928170e+03	2.1050258373574484e+03	1.6183890217539888e+03	2.3091542295227555e+03	1.8592135774730123e+03	1.9882856943443530e+03	2.0682235608886294e+03	1.9819046740658971e+03
1.7670428940457709e+03	1.6225249455597295e+03	1.8398010605378286e+03	1.6264412778332362e+03	2.0723999413012016e+03	1.8533865947858585e+03	1.7377513375259605e+03	1.8079839875223947e+03	1.6196158714932938e+03	1.6293128389385990e+03	1.7572345974827238e+03	1.9767276707378142e+03	1.8762322897976485e+03	1.8444045778246343e+03	1.8489308444521262e+03	2.3576563851533601e+03	2.0698062398064230e+03	2.2058897140928170e+03	2.1050208161158562e+03	1.6183873944014858e+03	2.3091312892480387e+03	1.8592087019227238e+03	1.9881673086970577e+03	2.0682235608886294e+03	1.9819046740658971e+03
1.7670029140168899e+03	1.6225249455597295e+03	1.8397637443759527e+03	1.6264406477883365e+03	2.0723999413012016e+03	1.8533749342782362e+03	1.7377513375259605e+03	1.8079669312135011e+03	1.6195420035517043e+03	1.6293128389385990e+03	1.7572345974827238e+03	1.9767262576589524e+03	1.8762322897976485e+03	1.8444045778246343e+03	1.8489308444521262e+03	2.3576563851533601e+03	2.0698062398064230e+03	2.2058453054909237e+03	2.1050208161158562e+03	1.6183873944014858e+03	2.3091208579844224e+03	1.8592087019227238e+03	1.9881673086970577e+03	2.0682235608886294e+03	1.9819037665506789e+03
1.7670029140168899e+03	1.6225129616410595e+03	1.8397637443759527e+03	1.6264406186775286e+03	2.0723971847339430e+03	1.8533749342782362e+03	1.7377503369240412e+03	1.8079481864203599e+03	1.6195298667416528e+03	1.6293089406374013e+03	1.7572345974827238e+03	1.9767262576589524e+03	1.8762315169349238e+03	1.8444045778246343e+03	1.8489308444521262e+03	2.3576504488452038e+03	2.0698062398064230e+03	2.2053812979665440e+03	2.1050208161158562e+03	1.6183632911808963e+03	2.3091164274332496e+03	1.8592087019227238e+03	1.9881673086970577e+03	2.0682217122747811e+03	1.9819029037574498e+03
1.7670020925844058e+03	1.6225037171537276e+03	1.8397534924027777e+03	1.6264406186775286e+03	2.0723971847339430e+03	1.8533087736906898e+03	1.7377503369240412e+03	1.8079473121926148e+03	1.6194482169082762e+03	1.6293089406374013e+03	1.7572345974827238e+03	1.9767262576589524e+03	1.8762315169349238e+03	1.8444045778246343e+03	1.8489308444521262e+03	2.3576504488452038e+03	2.0698062398064230e+03	2.2052207777086933e+03	2.1049898969878095e+03	1.6183632911808963e+03	2.3091164274332496e+03	1.8592087019227238e+03	1.9881673086970577e+03	2.0682217122747811e+03	1.9819029037574498e+03
1.7669790474049958e+03	1.6224958836316875e+03	1.8397534924027777e+03	1.6264405974497702e+03	2.0723940190295507e+03	1.8533087736906898e+03	1.7377503369240412e+03	1.8079473121926148e+03	1.6194482169082762e+03	1.6293089406374013e+03	1.7572345974827238e+03	1.9767256531974422e+03	1.8762315169349238e+03	1.8444045778246343e+03	1.8489308444521262e+03	2.3576504488452038e+03	2.0698062398064230e+03	2.2051648483939639e+03	2.1049898969878095e+03	1.6183501272735962e+03	2.3090833282347694e+03	1.8592087019227238e+03	1.9881673086970577e+03	2.0682217122747811e+03	1.9819029037574498e+03
1.7669527486686211e+03	1.6224738505687931e+03	1.8397530299744562e+03	1.6264404038178120e+03	2.0723909611880267e+03	1.8533087736906898e+03	1.7377503369240412e+03	1.8079278811986173e+03	1.6194482169082762e+03	1.6293089406374013e+03	1.7572345974827238e+03	1.9767239380559081e+03	1.8762315169349238e+03	1.8444045778246343e+03	1.8489308444521262e+03	2.3576504488452038e+03	2.0697849517268842e+03	2.2051601154749028e+03	2.1049579145955258e+03	1.6183420212769815e+03	2.3090833282347694e+03	1.8592087019227238e+03	1.9881673086970577e+03	2.0682217122747811e+03	1.9819029037574498e+03
1.7668933751156974e+03	1.6224612911083555e+03	1.8397519136724545e+03	1.6264404038178120e+03	2.0723838574864535e+03	1.8532763152593197e+03	1.7377503369240412e+03	1.8079259818367148e+03	1.6194070930194996e+03	1.6293089406374013e+03	1.7572345974827238e+03	1.9767239380559081e+03	1.8762309741847989e+03	1.8444045778246343e+03	1.8489308444521262e+03	2.3576504488452038e+03	2.0697848634164570e+03	2.2051394195434664e+03	2.1049579145955258e+03	1.6183142093680160e+03	2.3090833282347694e+03	1.8592087019227238e+03	1.9881673086970577e+03	2.0682217122747811e+03	1.9819029037574498e+03
1.7668933751156974e+03	1.6224414480339228e+03	1.8397176705450340e+03	1.6264404038178120e+03	2.0723815230388382e+03	1.8532763152593197e+03	1.7377503369240412e+03	1.8079089880690271e+03	1.6193381146185559e+03	1.6293089406374013e+03	1.7571764922926891e+03	1.9767239380559081e+03	1.8762309741847989e+03	1.8444045778246343e+03	1.8489308444521262e+03	2.3576504488452038e+03	2.0697659927349328e+03	2.2051367861694248e+03	2.1049579145955258e+03	1.6183142093680160e+03	2.3090833282347694e+03	1.8592085372015845e+03	1.9881071977235958e+03	2.0682217122747811e+03	1.9819029037574498e+03
1.7668933751156974e+03	1.6224122497660057e+03	1.8397176705450340e+03	1.6264392320276102e+03	2.0723815230388382e+03	1.8532227718705556e+03	1.7377503369240412e+03	1.8078944259799771e+03	1.6193292890609662e+03	1.6293089406374013e+03	1.7571764922926891e+03	1.9767135234502337e+03	1.8762309741847989e+03	1.8444045778246343e+03	1.8489308444521262e+03	2.3576483475091522e+03	2.0697590392562297e+03	2.2050755799271633e+03	2.1048592345163484e+03	1.6183142093680160e+03	2.3090833282347694e+03	1.8592085372015845e+03	1.9881071977235958e+03	2.0682211080828188e+03	1.9819028797830892e+03
1.7668728702053158e+03	1.6223392341738356e+03	1.8397176705450340e+03	1.6264392162583345e+03	2.0723815230388382e+03	1.8532175812603250e+03	1.7377503369240412e+03	1.8078478120748946e+03	1.6193292890609662e+03	1.6293089406374013e+03	1.7570918092592469e+03	1.9767135234502337e+03	1.8762266427597788e+03	1.8444045778246343e+03	1.8489308444521262e+03	2.3576483475091522e+03	2.0697590392562297e+03	2.2050755799271633e+03	2.1048592345163484e+03	1.6183142093680160e+03	2.3090761868463815e+03	1.8592085372015845e+03	1.9881071977235958e+03	2.0682175510594147e+03	1.9819028054091864e+03
1.7668728702053158e+03	1.6223327605891882e+03	1.8396992445583562e+03	1.6264392162583345e+03	2.0723815230388382e+03	1.8532175812603250e+03	1.7377503369240412e+03	1.8077939086692004e+03	1.6192041892959512e+03	1.6293089406374013e+03	1.7570918092592469e+03	1.9767119741369411e+03	1.8762266427597788e+03	1.8444045778246343e+03	1.8489308444521262e+03	2.3576483475091522e+03	2.0697590392562297e+03	2.2050712481516762e+03	2.1048592345163484e+03	1.6183142093680160e+03	2.3090756369982878e+03	1.8592085177011027e+03	1.9881071977235958e+03	2.0682175510594147e+03	1.9819020194475113e+03
1.7667713162914799e+03	1.6222691595304020e+03	1.8396992445583562e+03	1.6264389967628804e+03	2.0723815230388382e+03	1.8532116022394418e+03	1.7377503369240412e+03	1.8076729270159990e+03	1.6192041892959512e+03	1.6293089406374013e+03	1.7570918092592469e+03	1.9767119741369411e+03	1.8762266427597788e+03	1.8444045778246343e+03	1.8489308444521262e+03	2.3576483475091522e+03	2.0697590392562297e+03	2.2050520650907501e+03	2.1048592345163484e+03	1.6183057230884951e+03	2.3090696338408698e+03	1.8592085177011027e+03	1.9881071977235958e+03	2.0682175510594147e+03	1.9819017576413958e+03
1.7667475121091500e+03	1.6222691595304020e+03	1.8396992445583562e+03	1.6264372433796927e+03	2.0723815230388382e+03	1.8531829427063740e+03	1.7377503369240412e+03	1.8075678152291346e+03	1.6192041892959512e+03	1.6293089406374013e+03	1.7570918092592469e+03	1.9767095457105524e+03	1.8762266427597788e+03	1.8444045778246343e+03	1.8489308444521262e+03	2.3576466002491197e+03	2.0697590392562297e+03	2.2050520650907501e+03	2.1048592345163484e+03	1.6182933389115537e+03	2.3090696338408698e+03	1.8592071279095042e+03	1.9880941301852424e+03	2.0682175510594147e+03	1.9819015564364759e+03
1.7666841655181279e+03	1.6222559563069044e+03	1.8396992445583562e+03	1.6264372433796927e+03	2.0723811558265006e+03	1.8531829427063740e+03	1.7377503369240412e+03	1.8075516925339482e+03	1.6191994438269012e+03	1.6293089406374013e+03	1.7570483864913961e+03	1.9767095457105524e+03	1.8762266427597788e+03	1.8444045778246343e+03	1.8489308444521262e+03	2.3576466002491197e+03	2.0697590392562297e+03	2.2050215737076578e+03	2.1048592345163484e+03	1.6182874896198161e+03	2.3090696338408698e+03	1.8592071279095042e+03	1.9880941301852424e+03	2.0682175510594147e+03	1.9819015564364759e+03
1.7666357525259555e+03	1.6222559563069044e+03	1.8396992445583562e+03	1.6264372433796927e+03	2.0723811558265006e+03	1.8531532313285666e+03	1.7377503369240412e+03	1.8075090007293034e+03	1.6191994438269012e+03	1.6293089406374013e+03	1.7570483864913961e+03	1.9767095457105524e+03	1.8762195016257322e+03	1.8444045778246343e+03	1.8489308444521262e+03	2.3576448269129933e+03	2.0697590392562297e+03	2.2050019434568521e+03	2.1048592345163484e+03	1.6182874896198161e+03	2.3090696338408698e+03	1.8592070848483579e+03	1.9875243736397081e+03	2.0682175510594147e+03	1.9819015564364759e+03
1.7666357525259555e+03	1.6222559563069044e+03	1.8396970458205219e+03	1.6264371399087263e+03	2.0723811558265006e+03	1.8531240818067286e+03	1.7377503369240412e+03	1.8074541448432121e+03	1.6191994438269012e+03	1.6293089406374013e+03	1.7570483864913961e+03	1.9767069009732472e+03	1.8762195016257322e+03	1.8444042500516321e+03	1.8489308444521262e+03	2.3576412284078419e+03	2.0697590392562297e+03	2.2049683507549630e+03	2.1048592345163484e+03	1.6182845581970723e+03	2.3090696338408698e+03	1.8592062919103989e+03	1.9873983320742750e+03	2.0682175510594147e+03	1.9819012086230994e+03
1.7665996679366760e+03	1.6222495208502687e+03	1.8396970458205219e+03	1.6264371399087263e+03	2.0723811558265006e+03	1.8531012958051665e+03	1.7377503369240412e+03	1.8074033555907661e+03	1.6191862359578765e+03	1.6293089406374013e+03	1.7570483864913961e+03	1.9766987847584210e+03	1.8762195016257322e+03	1.8443885723115739e+03	1.8489308444521262e+03	2.3576412003610330e+03	2.0697590392562297e+03	2.2049678079596683e+03	2.1048592345163484e+03	1.6182845581970723e+03	2.3090696338408698e+03	1.8592062919103989e+03	1.9872603094885380e+03	2.0682175510594147e+03	1.9819012086230994e+03
1.7665468929636017e+03	1.6222402058840810e+03	1.8396970458205219e+03	1.6264371065524078e+03	2.0723811558265006e+03	1.8530103974966562e+03	1.7377477123294939e+03	1.8073934356794541e+03	1.6191862359578765e+03	1.6293089406374013e+03	1.7570452226209884e+03	1.9766987847584210e+03	1.8762195016257322e+03	1.8443885723115739e+03	1.8489308444521262e+03	2.3576412003610330e+03	2.0697557924167359e+03	2.2049312408650885e+03	2.1048592345163484e+03	1.6182845581970723e+03	2.3090696338408698e+03	1.8592062919103989e+03	1.9871458319398753e+03	2.0682175510594147e+03	1.9819012086230994e+03
1.7665168134844143e+03	1.6222402058840810e+03	1.8396970458205219e+03	1.6264369005544493e+03	2.0723790420271011e+03	1.8526300177681537e+03	1.7377477123294939e+03	1.8073934356794541e+03	1.6191162575347664e+03	1.6293089406374013e+03	1.7570452226209884e+03	1.9766981552414300e+03	1.8762195016257322e+03	1.8443885723115739e+03	1.8489308444521262e+03	2.3576412003610330e+03	2.0697557924167359e+03	2.2049108072280997e+03	2.1048592345163484e+03	1.6182828350128250e+03	2.3090696338408698e+03	1.8592062919103989e+03	1.9871296109208529e+03	2.0682169930199148e+03	1.9819012086230994e+03
1.7664860908011933e+03	1.6222402058840810e+03	1.8396897143709225e+03	1.6264369005544493e+03	2.0723774349536452e+03	1.8524717387910002e+03	1.7377055681207137e+03	1.8073934356794541e+03	1.6191012633813671e+03	1.6293089406374013e+03	1.7570375032242698e+03	1.9766929929115006e+03	1.8762195016257322e+03	1.8443885723115739e+03	1.8489308444521262e+03	2.3576399535232867e+03	2.0697557924167359e+03	2.2048779089944505e+03	2.1048592345163484e+03	1.6182828350128250e+03	2.3090696338408698e+03	1.8592062919103989e+03	1.9870928762551814e+03	2.0682169930199148e+03	1.9819012086230994e+03
1.7664265798462939e+03	1.6222402058840810e+03	1.8396897143709225e+03	1.6264368936795040e+03	2.0723774349536452e+03	1.8524563348740967e+03	1.7377055681207137e+03	1.8073934356794541e+03	1.6191012633813671e+03	1.6293089406374013e+03	1.7570375032242698e+03	1.9766929929115006e+03	1.8761984651532066e+03	1.8443885723115739e+03	1.8489308444521262e+03	2.3576399535232867e+03	2.0697557924167359e+03	2.2047072808617709e+03	2.1048592345163484e+03	1.6182799832257695e+03	2.3090680830774581e+03	1.8592053049729286e+03	1.9870402281359379e+03	2.0682167366028975e+03	1.9819011470163687e+03
1.7664006367149120e+03	1.6222402058840810e+03	1.8396897143709225e+03	1.6264367365181572e+03	2.0723774349536452e+03	1.8523623580556332e+03	1.7377055681207137e+03	1.8073934356794541e+03	1.6190839789581999e+03	1.6293089406374013e+03	1.7570375032242698e+03	1.9766929929115006e+03	1.8761984651532066e+03	1.8443885723115739e+03	1.8489308444521262e+03	2.3576399535232867e+03	2.0697557924167359e+03	2.2047072808617709e+03	2.1048353814196762e+03	1.6182799832257695e+03	2.3090680830774581e+03	1.8592053049729286e+03	1.9870402281359379e+03	2.0682167366028975e+03	1.9819011470163687e+03
1.7654787694350503e+03	1.6222402058840810e+03	1.8396897143709225e+03	1.6264366145485112e+03	2.0723774349536452e+03	1.8523174863588874e+03	1.7377055681207137e+03	1.8073840345584947e+03	1.6190839789581999e+03	1.6293089406374013e+03	1.7570375032242698e+03	1.9766929929115006e+03	1.8761984651532066e+03	1.8443885723115739e+03	1.8489308444521262e+03	2.3576399535232867e+03	2.0697557924167359e+03	2.2046937789997619e+03	2.1048325089853224e+03	1.6182799832257695e+03	2.3090663166199411e+03	1.8592053049729286e+03	1.9870402281359379e+03	2.0682166709352873e+03	1.9819011470163687e+03
1.7642964342101884e+03	1.6222397505819467e+03	1.8396885566703702e+03	1.6264364828161488e+03	2.0723774349536452e+03	1.8523174863588874e+03	1.7377055681207137e+03	1.8073840345584947e+03	1.6190839789581999e+03	1.6293089406374013e+03	1.7570375032242698e+03	1.9766929929115006e+03	1.8761984651532066e+03	1.8443875188041513e+03	1.8489308444521262e+03	2.3576399535232867e+03	2.0697557924167359e+03	2.2046304819142069e+03	2.1048281969350523e+03	1.6182759372436324e+03	2.3090663166199411e+03	1.8592053049729286e+03	1.9870402281359379e+03	2.0682166709352873e+03	1.9819005640716509e+03
1.7637406506912776e+03	1.6222378601507216e+03	1.8396797307885456e+03	1.6264364828161488e+03	2.0723774349536452e+03	1.8522727038943519e+03	1.7377055681207137e+03	1.8073446466472444e+03	1.6190839789581999e+03	1.6293089406374013e+03	1.7570375032242698e+03	1.9766905496771321e+03	1.8761963791252451e+03	1.8443875188041513e+03	1.8489308444521262e+03	2.3576399535232867e+03	2.0697557924167359e+03	2.2046224700869125e+03	2.1048235748633688e+03	1.6182759372436324e+03	2.3090663166199411e+03	1.8592053049729286e+03	1.9869585867025066e+03	2.0682166709352873e+03	1.9819005640716509e+03
1.7636542954595548e+03	1.6222378601507216e+03	1.8396690071532141e+03	1.6264364387974513e+03	2.0723774349536452e+03	1.8522447163352654e+03	1.7377055681207137e+03	1.8073446466472444e+03	1.6190839789581999e+03	1.6293083508083869e+03	1.7570375032242698e+03	1.9766905496771321e+03	1.8761963791252451e+03	1.8443802455760315e+03	1.8489293977274474e+03	2.3576381928089622e+03	2.0697498156242800e+03	2.2046224700869125e+03	2.1048235748633688e+03	1.6182759372436324e+03	2.3090619294158892e+03	1.8592053049729286e+03	1.9869585867025066e+03	2.0682150883605691e+03	1.9819003903511696e+03
1.7631157350531157e+03	1.6222346923381010e+03	1.8396370860600798e+03	1.6264362900370068e+03	2.0723774349536452e+03	1.8522047540694905e+03	1.7376672720898669e+03	1.8073188410137830e+03	1.6190839789581999e+03	1.6293083508083869e+03	1.7570375032242698e+03	1.9766905496771321e+03	1.8761963791252451e+03	1.8443802455760315e+03	1.8489293977274474e+03	2.3576381928089622e+03	2.0697498156242800e+03	2.2046075719287251e+03	2.1048162124411292e+03	1.6182714615201364e+03	2.3090619294158892e+03	1.8592047114640072e+03	1.9869585867025064e+03	2.0682123156554244e+03	1.9819003903511696e+03
1.7628177316196732e+03	1.6222346923381010e+03	1.8396370860600798e+03	1.6264362790481227e+03	2.0723774349536452e+03	1.8521981220635835e+03	1.7376672720898669e+03	1.8073188313566061e+03	1.6190839789581999e+03	1.6293083508083869e+03	1.7570375032242698e+03	1.9766905496771321e+03	1.8761963791252451e+03	1.8443766667592686e+03	1.8489293977274474e+03	2.3576381928089622e+03	2.0697498156242800e+03	2.2046046879649966e+03	2.1047941731270762e+03	1.6182714615201364e+03	2.3090619294158892e+03	1.8592047114640072e+03	1.9869585867025064e+03	2.0682123156554244e+03	1.9819003903511696e+03
1.7627195538817241e+03	1.6222320230216301e+03	1.8396370860600798e+03	1.6264361605652878e+03	2.0723768708361067e+03	1.8521700276083211e+03	1.7376672720898669e+03	1.8073188313566061e+03	1.6190839789581999e+03	1.6293083508083869e+03	1.7570374875559066e+03	1.9766869265016080e+03	1.8761963791252451e+03	1.8443766667592686e+03	1.8489293977274474e+03	2.3576369780591008e+03	2.0697498156242800e+03	2.2046046879649966e+03	2.1047902456917186e+03	1.6182714615201364e+03	2.3090514380480490e+03	1.8592047114640072e+03	1.9868930923935682e+03	2.0682123156554244e+03	1.9819003903511696e+03
1.7626769455249080e+03	1.6222135384568242e+03	1.8396370860600798e+03	1.6264361605652878e+03	2.0723687890306310e+03	1.8521278063458153e+03	1.7376672720898669e+03	1.8073188313566061e+03	1.6190839789581999e+03	1.6293083508083869e+03	1.7570374875559066e+03	1.9766869265016080e+03	1.8761963791252451e+03	1.8443766667592686e+03	1.8489293977274474e+03	2.3576343427850852e+03	2.0697498156242800e+03	2.2046046879649966e+03	2.1047902456917186e+03	1.6182645053557078e+03	2.3090514380480490e+03	1.8592046186804159e+03	1.9868930923935682e+03	2.0682123156554244e+03	1.9819003903511696e+03
1.7626520016696713e+03	1.6222135384568242e+03	1.8396370860600798e+03	1.6264361598899238e+03	2.0723687890306310e+03	1.8520560424371367e+03	1.7376672720898669e+03	1.8073065669589926e+03	1.6190839789581999e+03	1.6293083508083869e+03	1.7570374875559066e+03	1.9766857283473560e+03	1.8761963791252451e+03	1.8443766667592686e+03	1.8489293977274474e+03	2.3576343427850852e+03	2.0697413803733184e+03	2.2046046879649966e+03	2.1047902456917186e+03	1.6182645053557078e+03	2.3090514380480490e+03	1.8592046186804159e+03	1.9868930923935682e+03	2.0682120107558621e+03	1.9819003903511696e+03
1.7626471026634922e+03	1.6222135384568242e+03	1.8396370860600798e+03	1.6264360866586401e+03	2.0723687890306310e+03	1.8520469322194085e+03	1.7376672720898669e+03	1.8073065669589926e+03	1.6190753684803285e+03	1.6293083508083869e+03	1.7570374875559066e+03	1.9766857283473560e+03	1.8761963791252451e+03	1.8443730087572253e+03	1.8489293977274474e+03	2.3576343427850852e+03	2.0697413803733184e+03	2.2045872059228959e+03	2.1047902456917186e+03	1.6182599389317440e+03	2.3090514380480490e+03	1.8592046186804159e+03	1.9868930923935682e+03	2.0682120107558621e+03	1.9819001585575124e+03
1.7626233295126860e+03	1.6222125204630374e+03	1.8396370860600798e+03	1.6264359692358205e+03	2.0723687890306310e+03	1.8520284660450830e+03	1.7376672720898669e+03	1.8072548786189639e+03	1.6190753684803285e+03	1.6293083508083869e+03	1.7570115801141542e+03	1.9766842646460941e+03	1.8761963791252451e+03	1.8443588354414885e+03	1.8489293977274474e+03	2.3576343427850852e+03	2.0697406931834330e+03	2.2045545299080277e+03	2.1047898776440406e+03	1.6182599389317440e+03	2.3090514380480490e+03	1.8592046186804159e+03	1.9868930923935682e+03	2.0682110524235964e+03	1.9819001585575124e+03
1.7626233295126860e+03	1.6222091330769774e+03	1.8396370860600798e+03	1.6264356967645874e+03	2.0723687890306310e+03	1.8520239235779391e+03	1.7376672720898669e+03	1.8072548786189639e+03	1.6190753684803285e+03	1.6293083508083869e+03	1.7570115801141542e+03	1.9766808033009743e+03	1.8761963791252451e+03	1.8443588354414885e+03	1.8489293977274474e+03	2.3576343427850852e+03	2.0697390002174789e+03	2.2045545299080277e+03	2.1047741807056241e+03	1.6182599389317440e+03	2.3090439174137282e+03	1.8592036750532438e+03	1.9868930923935682e+03	2.0682110524235964e+03	1.9819001585575124e+03
1.7625886270178630e+03	1.6222091330769770e+03	1.8396370860600798e+03	1.6264356967645874e+03	2.0723687890306310e+03	1.8520239235779391e+03	1.7376672720898669e+03	1.8072548786189639e+03	1.6190704480044387e+03	1.6293083508083869e+03	1.7570099484774319e+03	1.9766808033009743e+03	1.8761963791252451e+03	1.8443588354414885e+03	1.8489293977274474e+03	2.3576337776852115e+03	2.0697239386445785e+03	2.2045545299080277e+03	2.1047741807056241e+03	1.6182599389317440e+03	2.3090439174137282e+03	1.8592036750532438e+03	1.9868930923935682e+03	2.0682110524235964e+03	1.9819001249544908e+03
1.7625886270178630e+03	1.6222091330769770e+03	1.8396370860600798e+03	1.6264356962901782e+03	2.0723687890306310e+03	1.8520239235779391e+03	1.7376672720898669e+03	1.8072426045292864e+03	1.6190698621615327e+03	1.6293052272772145e+03	1.7569943040887431e+03	1.9766808033009743e+03	1.8761963791252451e+03	1.8443588354414885e+03	1.8489293977274474e+03	2.3576328986343988e+03	2.0697239386445785e+03	2.2045193558097262e+03	2.1047741807056241e+03	1.6182541958143665e+03	2.3090432818851968e+03	1.8592035969769292e+03	1.9868930923935682e+03	2.0682110524235964e+03	1.9819001249544908e+03
1.7625866848391263e+03	1.6222079487335284e+03	1.8396370860600798e+03	1.6264355839993400e+03	2.0723687890306310e+03	1.8520239235779391e+03	1.7376672720898669e+03	1.8072408416312858e+03	1.6190698621615327e+03	1.6293023616133614e+03	1.7569943040887431e+03	1.9766808033009743e+03	1.8761940456076206e+03	1.8443588354414885e+03	1.8489293977274474e+03	2.3576328986343988e+03	2.0697145708732105e+03	2.2044873390253488e+03	2.1047741807056241e+03	1.6182541958143665e+03	2.3090432818851968e+03	1.8592030396308928e+03	1.9868930923935682e+03	2.0682110524235964e+03	1.9818995422514440e+03
1.7625824909600185e+03	1.6222079487335284e+03	1.8396370860600798e+03	1.6264353100534445e+03	2.0723687890306310e+03	1.8520239235779391e+03	1.7376527621436082e+03	1.8072408416312858e+03	1.6190698621615327e+03	1.6293023616133614e+03	1.7569943040887431e+03	1.9766808033009743e+03	1.8761940456076206e+03	1.8443588354414885e+03	1.8489293977274474e+03	2.3576284645546261e+03	2.0697040459171817e+03	2.2043230880864749e+03	2.1047674942158792e+03	1.6182503946147799e+03	2.3090432818851968e+03	1.8592029553637910e+03	1.9868884010801480e+03	2.0682104121471880e+03	1.9818995422514440e+03
1.7625824909600185e+03	1.6222079487335284e+03	1.8396298352038082e+03	1.6264351107789976e+03	2.0723678025343529e+03	1.8520158003600106e+03	1.7376527621436082e+03	1.8072371561295015e+03	1.6190698621615327e+03	1.6293023616133614e+03	1.7569943040887431e+03	1.9766728449579159e+03	1.8761940456076206e+03	1.8443572002911105e+03	1.8489293977274474e+03	2.3576251861877904e+03	2.0696787538610452e+03	2.2039997809116312e+03	2.1047674942158792e+03	1.6182443394403151e+03	2.3090333388189356e+03	1.8592026251099114e+03	1.9868129888272251e+03	2.0682104121471880e+03	1.9818994974415709e+03
1.7625824909600185e+03	1.6222079487335284e+03	1.8396298352038082e+03	1.6264350577586333e+03	2.0723678025343529e+03	1.8520158003600106e+03	1.7376527621436082e+03	1.8072238648759358e+03	1.6190698621615327e+03	1.6293023616133614e+03	1.7569943040887431e+03	1.9766716890954440e+03	1.8761940456076206e+03	1.8443567274336435e+03	1.8489293977274474e+03	2.3576207351400071e+03	2.0696539614374587e+03	2.2039907872678414e+03	2.1047644070636925e+03	1.6182413034942260e+03	2.3090333388189356e+03	1.8592022642229076e+03	1.9868129888272251e+03	2.0682104121471880e+03	1.9818994521617797e+03
1.7625792946287997e+03	1.6222079487335284e+03	1.8396298352038082e+03	1.6264349911814497e+03	2.0723678025343529e+03	1.8520152814027520e+03	1.7376527621436082e+03	1.8072238648759358e+03	1.6190684673315022e+03	1.6293023616133614e+03	1.7569943040887431e+03	1.9766480530599156e+03	1.8761940456076206e+03	1.8443553436014395e+03	1.8489293977274474e+03	2.3576198511186894e+03	2.0696539614374587e+03	2.2039177259862768e+03	2.1047530113156427e+03	1.6182361393770525e+03	2.3090333388189356e+03	1.8592022642229076e+03	1.9868129888272251e+03	2.0682104121471880e+03	1.9818994521617797e+03
1.7625696993222671e+03	1.6222079487335284e+03	1.8396298352038082e+03	1.6264349310005118e+03	2.0723678025343529e+03	1.8520151768999356e+03	1.7376527621436082e+03	1.8072183634937523e+03	1.6190684584619416e+03	1.6293023616133614e+03	1.7569943040887431e+03	1.9766470799224869e+03	1.8761940456076206e+03	1.8443521996075242e+03	1.8489291840301300e+03	2.3576177703586791e+03	2.0696539614374587e+03	2.2039177259862768e+03	2.1047454816749014e+03	1.6182361393770525e+03	2.3090084538151655e+03	1.8592019297610175e+03	1.9867607564719133e+03	2.0682104121471880e+03	1.9818994521617797e+03
1.7625543263742140e+03	1.6222068610208858e+03	1.8396091003767526e+03	1.6264348821549877e+03	2.0723678025343529e+03	1.8520123730996954e+03	1.7376527621436082e+03	1.8072139008132590e+03	1.6190684584619416e+03	1.6293023616133614e+03	1.7569943040887431e+03	1.9766470799224869e+03	1.8761874224159296e+03	1.8443495544554319e+03	1.8489291840301300e+03	2.3576136943093852e+03	2.0696064527331196e+03	2.2039177259862768e+03	2.1047404230677621e+03	1.6182345059489796e+03	2.3090034850484890e+03	1.8592019297610175e+03	1.9867607564719133e+03	2.0682104121471880e+03	1.9818994145485385e+03
1.7625543263742140e+03	1.6222068610208858e+03	1.8396091003767526e+03	1.6264348821549877e+03	2.0723678025343529e+03	1.8520061231274808e+03	1.7376527621436082e+03	1.8072139008132590e+03	1.6190684584619416e+03	1.6293023616133614e+03	1.7569943040887431e+03	1.9766359229524810e+03	1.8761874224159296e+03	1.8443493181790250e+03	1.8489291840301300e+03	2.3576120015819315e+03	2.0696064527331196e+03	2.2039139812462536e+03	2.1047404230677621e+03	1.6182345059489796e+03	2.3088838240752930e+03	1.8592018445223989e+03	1.9867273766874368e+03	2.0682099382082429e+03	1.9818994145485385e+03
1.7625543263742140e+03	1.6221945617848105e+03	1.8395976690004845e+03	1.6264347738043532e+03	2.0723678025343529e+03	1.8519933096047894e+03	1.7375479899887118e+03	1.8072139008132590e+03	1.6190684584619416e+03	1.6293023616133614e+03	1.7569943040887431e+03	1.9766307315498402e+03	1.8761874224159296e+03	1.8443480867606629e+03	1.8489291840301300e+03	2.3576081188959906e+03	2.0695732501551211e+03	2.2038850793207152e+03	2.1047355723974556e+03	1.6182291569097483e+03	2.3088597086723435e+03	1.8592016831420726e+03	1.9867273766874368e+03	2.0682099382082429e+03	1.9818992458000087e+03
1.7625543263742140e+03	1.6221945617848105e+03	1.8395976690004845e+03	1.6264347553111097e+03	2.0723678025343529e+03	1.8519616503208858e+03	1.7375479899887118e+03	1.8072012927258213e+03	1.6190684584619416e+03	1.6293023616133614e+03	1.7569719447483294e+03	1.9766294682814282e+03	1.8761874224159296e+03	1.8443440854773999e+03	1.8489291840301300e+03	2.3576081188959906e+03	2.0695707364349819e+03	2.2038850793207152e+03	2.1047355723974556e+03	1.6182291569097483e+03	2.3088597086723435e+03	1.8592016006470490e+03	1.9866844792282836e+03	2.0682099382082429e+03	1.9818983898252598e+03
1.7625540206107687e+03	1.6221782594977806e+03	1.8395976690004845e+03	1.6264346616085318e+03	2.0723678025343529e+03	1.8519362788882986e+03	1.7375479899887118e+03	1.8072010304526809e+03	1.6190535568301327e+03	1.6293023616133614e+03	1.7569533813567489e+03	1.9766218986089402e+03	1.8761866569783995e+03	1.8443440854773999e+03	1.8489291840301300e+03	2.3576078737450102e+03	2.0695707364349819e+03	2.2038850793207152e+03	2.1047355723974556e+03	1.6182278609964287e+03	2.3088431153816009e+03	1.8592015187469399e+03	1.9866844792282836e+03	2.0682082596996502e+03	1.9818983898252598e+03
1.7625540206107687e+03	1.6221763498509911e+03	1.8395976690004845e+03	1.6264345883234666e+03	2.0723678025343529e+03	1.8519169390322957e+03	1.7375479899887118e+03	1.8071938522039472e+03	1.6190535568301327e+03	1.6293023616133614e+03	1.7569503408902510e+03	1.9766218986089402e+03	1.8761866569783995e+03	1.8443415810780982e+03	1.8489291840301300e+03	2.3576051955752305e+03	2.0695119013059943e+03	2.2038680137469901e+03	2.1047355723974556e+03	1.6182278609964287e+03	2.3088431153816009e+03	1.8592012198429070e+03	1.9866668221011375e+03	2.0682082596996502e+03	1.9818983898252598e+03
1.7625451640426543e+03	1.6221763498509911e+03	1.8395976690004845e+03	1.6264344656011983e+03	2.0723678025343529e+03	1.8519120531455001e+03	1.7375088085813995e+03	1.8071898659546648e+03	1.6190217573223199e+03	1.6293017389484071e+03	1.7569503408902510e+03	1.9766218986089402e+03	1.8761866569783995e+03	1.8443292688898671e+03	1.8489291840301300e+03	2.3576016612027379e+03	2.0695061830187892e+03	2.2038680137469901e+03	2.1047355723974556e+03	1.6182261618424996e+03	2.3088331421923417e+03	1.8592011396394093e+03	1.9866539273399928e+03	2.0682082596996502e+03	1.9818983470279672e+03
1.7625451640426543e+03	1.6221763498509911e+03	1.8395974250638747e+03	1.6264342658802252e+03	2.0723678025343529e+03	1.8519101713258399e+03	1.7375088085813995e+03	1.8071781056244163e+03	1.6190217573223199e+03	1.6293017389484071e+03	1.7569503408902510e+03	1.9766188984815217e+03	1.8761830272088368e+03	1.8443292688898671e+03	1.8489291840301300e+03	2.3575998196491119e+03	2.0694218049202782e+03	2.2038680137469901e+03	2.1047217382485228e+03	1.6182243202669035e+03	2.3088278730289126e+03	1.8592007714141637e+03	1.9866539273399928e+03	2.0682082596996502e+03	1.9818981294795399e+03
1.7625346341470283e+03	1.6221763498509911e+03	1.8395974250638747e+03	1.6264341864278790e+03	2.0723678025343529e+03	1.8519055182266973e+03	1.7375088085813995e+03	1.8071496465616847e+03	1.6190217573223199e+03	1.6293017389484071e+03	1.7569503408902510e+03	1.9766185050102458e+03	1.8761830272088368e+03	1.8443292688898671e+03	1.8489291840301300e+03	2.3575991798206860e+03	2.0693940578327347e+03	2.2038680137469901e+03	2.1047217382485228e+03	1.6182243202669035e+03	2.3088195727122184e+03	1.8592005918400318e+03	1.9866373143726155e+03	2.0682082596996502e+03	1.9818981294795399e+03
1.7625287771043454e+03	1.6221763498509911e+03	1.8395936864530770e+03	1.6264340611310297e+03	2.0723678025343529e+03	1.8519015815565958e+03	1.7374752071517867e+03	1.8071458630859881e+03	1.6190041677535276e+03	1.6293017389484071e+03	1.7569503408902510e+03	1.9766181367295019e+03	1.8761830272088368e+03	1.8443253856073281e+03	1.8489291840301300e+03	2.3575976533443818e+03	2.0693940578327347e+03	2.2038680137469901e+03	2.1047217382485228e+03	1.6182219530908517e+03	2.3088092303356248e+03	1.8592005202362179e+03	1.9865950049525254e+03	2.0682082238052599e+03	1.9818981294795399e+03
1.7625287771043454e+03	1.6221763498509911e+03	1.8395936864530770e+03	1.6264338857624512e+03	2.0723678025343529e+03	1.8518987039757669e+03	1.7374752071517867e+03	1.8070955952322934e+03	1.6190041677535276e+03	1.6293017389484071e+03	1.7569503408902510e+03	1.9766181367295019e+03	1.8761783990864180e+03	1.8443250485609635e+03	1.8489291840301300e+03	2.3575962636817503e+03	2.0693926319204829e+03	2.2038680137469901e+03	2.1047217382485228e+03	1.6182219530908517e+03	2.3088034389598665e+03	1.8592004062337251e+03	1.9864953237070633e+03	2.0682070072849724e+03	1.9818981180132232e+03
1.7625287771043454e+03	1.6221740570826707e+03	1.8395791639794729e+03	1.6264334171433629e+03	2.0723678025343529e+03	1.8518987039757669e+03	1.7374428252210287e+03	1.8070867079220877e+03	1.6190041677535276e+03	1.6293017389484071e+03	1.7569503408902510e+03	1.9766147022676473e+03	1.8761783990864180e+03	1.8443250485609635e+03	1.8489291840301300e+03	2.3575940778324430e+03	2.0693665585077242e+03	2.2038680137469901e+03	2.1047208511610202e+03	1.6182219530908517e+03	2.3088033815877252e+03	1.8592003757460679e+03	1.9864938730518145e+03	2.0682070072849724e+03	1.9818980791932445e+03
1.7625153636071459e+03	1.6221719907964962e+03	1.8395791639794729e+03	1.6264314351967562e+03	2.0723678025343529e+03	1.8518973973379548e+03	1.7374154080968740e+03	1.8070867079220877e+03	1.6189956216264509e+03	1.6293017389484071e+03	1.7569503408902510e+03	1.9766124340802012e+03	1.8761783990864180e+03	1.8443250485609635e+03	1.8489291840301300e+03	2.3575889993000592e+03	2.0693665585077242e+03	2.2038680137469901e+03	2.1047208511610202e+03	1.6182212382354287e+03	2.3088026829343080e+03	1.8592003121583566e+03	1.9864938730518145e+03	2.0682070072849724e+03	1.9818980791932445e+03
1.7625153636071459e+03	1.6221638009165158e+03	1.8395740519865744e+03	1.6264311545244145e+03	2.0723678025343529e+03	1.8518973973379548e+03	1.7374154080968740e+03	1.8070867079220877e+03	1.6189914461154040e+03	1.6293017389484071e+03	1.7569503408902510e+03	1.9766124340802012e+03	1.8761783990864180e+03	1.8443250485609635e+03	1.8489291840301300e+03	2.3575770901314554e+03	2.0693495330087112e+03	2.2038680137469901e+03	2.1047105238997356e+03	1.6182205937936296e+03	2.3087970604454586e+03	1.8592001687307293e+03	1.9864938730518145e+03	2.0682061324458559e+03	1.9818980791932445e+03
1.7625153636071459e+03	1.6221618636761773e+03	1.8395738609136597e+03	1.6264309874058608e+03	2.0723678025343529e+03	1.8518973973379548e+03	1.7374154080968740e+03	1.8070867079220877e+03	1.6189914461154040e+03	1.6293017389484071e+03	1.7569503408902510e+03	1.9766124340802012e+03	1.8761783990864180e+03	1.8443177044215995e+03	1.8489291840301300e+03	2.3575709789791999e+03	2.0693348684206571e+03	2.2038680137469901e+03	2.1047105238997356e+03	1.6182205937936296e+03	2.3087954818444878e+03	1.8592001184699291e+03	1.9864784517947819e+03	2.0682061324458559e+03	1.9818979513067820e+03
1.7625139801075172e+03	1.6221618636761773e+03	1.8395738609136597e+03	1.6264308179768245e+03	2.0723678025343529e+03	1.8518973973379548e+03	1.7374154080968740e+03	1.8070867079220877e+03	1.6189914461154040e+03	1.6293017389484071e+03	1.7569503408902510e+03	1.9766119849670163e+03	1.8761783990864180e+03	1.8443177044215995e+03	1.8489291840301300e+03	2.3575687583088456e+03	2.0693325608230471e+03	2.2038680137469901e+03	2.1047105238997356e+03	1.6182205937936296e+03	2.3087875355712754e+03	1.8592001184699291e+03	1.9864784517947819e+03	2.0682061324458559e+03	1.9818969739791207e+03
1.7625101269805175e+03	1.6221548390767057e+03	1.8395738609136597e+03	1.6264305085682108e+03	2.0723676875078613e+03	1.8518961480428784e+03	1.7374154080968740e+03	1.8070867079220877e+03	1.6189908079043453e+03	1.6293017389484071e+03	1.7569503408902510e+03	1.9766116054350537e+03	1.8761783990864180e+03	1.8443177044215995e+03	1.8489291840301300e+03	2.3575668426780285e+03	2.0693325608230471e+03	2.2038680137469901e+03	2.1047018695460765e+03	1.6182205937936296e+03	2.3087875355712754e+03	1.8592000322918675e+03	1.9864784517947819e+03	2.0682061324458559e+03	1.9818969739791207e+03
1.7624982624223912e+03	1.6221548390767057e+03	1.8395738609136597e+03	1.6264303527394293e+03	2.0723676875078613e+03	1.8518960721342373e+03	1.7374154080968740e+03	1.8070867079220877e+03	1.6189906619586441e+03	1.6293014918121307e+03	1.7569503408902510e+03	1.9766082734900008e+03	1.8761783990864180e+03	1.8443177044215995e+03	1.8489291840301300e+03	2.3575652698841109e+03	2.0693325608230471e+03	2.2038680137469901e+03	2.1046989685861072e+03	1.6182205937936296e+03	2.3087875355712754e+03	1.8591999358873441e+03	1.9864784517947819e+03	2.0682061324458559e+03	1.9818969739791207e+03
1.7624982624223912e+03	1.6221548390767057e+03	1.8395690010475014e+03	1.6264302450090011e+03	2.0723676875078613e+03	1.8518901195283465e+03	1.7374154080968740e+03	1.8070867079220877e+03	1.6189906619586441e+03	1.6293014918121307e+03	1.7569503408902510e+03	1.9766082734900008e+03	1.8761783990864180e+03	1.8443177044215995e+03	1.8489291840301300e+03	2.3575643758784640e+03	2.0693167729163797e+03	2.2038680137469901e+03	2.1046900645117025e+03	1.6182196136584569e+03	2.3087875355712754e+03	1.8591998595080872e+03	1.9864784517947819e+03	2.0682061324458559e+03	1.9818969721572303e+03
1.7624820446817967e+03	1.6221548390767057e+03	1.8395582260487031e+03	1.6264301563078736e+03	2.0723676875078613e+03	1.8518890654309064e+03	1.7374154080968740e+03	1.8070749603283080e+03	1.6189906619586441e+03	1.6293014918121307e+03	1.7569503408902510e+03	1.9766050574892988e+03	1.8761783990864180e+03	1.8443177044215995e+03	1.8489291840301300e+03	2.3575637378440242e+03	2.0693167729163797e+03	2.2038680137469901e+03	2.1046900645117025e+03	1.6182191391183974e+03	2.3087829247314053e+03	1.8591998317145408e+03	1.9864784517947819e+03	2.0682061324458559e+03	1.9818969643524413e+03
1.7624653097784774e+03	1.6221518388301424e+03	1.8395582260487031e+03	1.6264300621264003e+03	2.0723676875078613e+03	1.8518890654309064e+03	1.7374154080968740e+03	1.8070749603283080e+03	1.6189906619586441e+03	1.6293014918121307e+03	1.7569345097545820e+03	1.9766050574892988e+03	1.8761783990864180e+03	1.8443177044215995e+03	1.8489287458033909e+03	2.3575637378440242e+03	2.0693167729163797e+03	2.2038676116516776e+03	2.1046900645117025e+03	1.6182176664587748e+03	2.3087829247314053e+03	1.8591996479952113e+03	1.9864526485787073e+03	2.0682061324458559e+03	1.9818969643524413e+03
1.7624653097784774e+03	1.6221518388301424e+03	1.8395582260487031e+03	1.6264300274872890e+03	2.0723676875078613e+03	1.8518890654309064e+03	1.7374154080968740e+03	1.8070725592420636e+03	1.6189906619586441e+03	1.6293003809726754e+03	1.7569340212586012e+03	1.9766050574892988e+03	1.8761767254193214e+03	1.8443177044215995e+03	1.8489287458033909e+03	2.3575634780605296e+03	2.0693075185899038e+03	2.2038676116516776e+03	2.1046900645117025e+03	1.6182169688954968e+03	2.3087816650703999e+03	1.8591995978870868e+03	1.9864526485787073e+03	2.0682061248164555e+03	1.9818969643524413e+03
1.7624544052559679e+03	1.6221479708692355e+03	1.8395554029794243e+03	1.6264300006435592e+03	2.0723676875078613e+03	1.8518890654309064e+03	1.7374154080968740e+03	1.8070725592420636e+03	1.6189810503322749e+03	1.6293003809726754e+03	1.7569340212586012e+03	1.9766048557776467e+03	1.8761680942379376e+03	1.8443110431143803e+03	1.8489287458033909e+03	2.3575625996494236e+03	2.0693075185899038e+03	2.2038676116516776e+03	2.1046900645117025e+03	1.6182123834689314e+03	2.3087786701621267e+03	1.8591995227596390e+03	1.9864173091412545e+03	2.0682061248164555e+03	1.9818969379434513e+03
1.7624529915341350e+03	1.6221479708692355e+03	1.8395375306830656e+03	1.6264299891598002e+03	2.0723676875078613e+03	1.8518880763046052e+03	1.7374154080968740e+03	1.8070725592420636e+03	1.6189810062706367e+03	1.6293003809726754e+03	1.7569337612316185e+03	1.9766035381153731e+03	1.8761680942379376e+03	1.8443110431143803e+03	1.8489287458033909e+03	2.3575616735452177e+03	2.0693075185899038e+03	2.2038676116516776e+03	2.1046900645117025e+03	1.6182123834689314e+03	2.3087786701621267e+03	1.8591994946310522e+03	1.9864173091412545e+03	2.0682049053215560e+03	1.9818969302846247e+03
1.7624353639606204e+03	1.6221479708692355e+03	1.8395375306830656e+03	1.6264299739324679e+03	2.0723676875078613e+03	1.8518873170501940e+03	1.7373877029549949e+03	1.8070636563885882e+03	1.6189810062706367e+03	1.6293003809726754e+03	1.7569303960450613e+03	1.9766022068849065e+03	1.8761680942379376e+03	1.8442985221909735e+03	1.8489287458033909e+03	2.3575616735452177e+03	2.0693061306336435e+03	2.2038673952420068e+03	2.1046900058309284e+03	1.6182123834689314e+03	2.3087786701621267e+03	1.8591994215700504e+03	1.9864173091412545e+03	2.0682048945926358e+03	1.9818969026459322e+03
1.7624078341495997e+03	1.6221478310160801e+03	1.8395341721361815e+03	1.6264299706843033e+03	2.0723646303278333e+03	1.8518873170501940e+03	1.7373877029549949e+03	1.8070636563885882e+03	1.6189692063867949e+03	1.6293003809726754e+03	1.7569303960450613e+03	1.9766018325024424e+03	1.8761675972136977e+03	1.8442979147758822e+03	1.8489287458033909e+03	2.3575616735452177e+03	2.0693022832651468e+03	2.2038673952420068e+03	2.1046836365618092e+03	1.6182123834689314e+03	2.3087784640529353e+03	1.8591993590830973e+03	1.9864173091412545e+03	2.0682048945926358e+03	1.9818969013910762e+03
1.7624077724880690e+03	1.6221478310160801e+03	1.8395341721361815e+03	1.6264299678585708e+03	2.0723646303278333e+03	1.8518873170501940e+03	1.7373877029549949e+03	1.8070636563885882e+03	1.6189692063867949e+03	1.6293003809726754e+03	1.7569303960450613e+03	1.9765995728313414e+03	1.8761675972136977e+03	1.8442979147758822e+03	1.8489287458033909e+03	2.3575610458863102e+03	2.0692873671272682e+03	2.2038672326662522e+03	2.1046836365618092e+03	1.6182123834689314e+03	2.3087782380553276e+03	1.8591993103210666e+03	1.9864173091412545e+03	2.0682048945926358e+03	1.9818968662604941e+03
1.7624074060630339e+03	1.6221365785579085e+03	1.8395341721361815e+03	1.6264299646116390e+03	2.0723646303278333e+03	1.8518873170501940e+03	1.7373398898449043e+03	1.8070622971949513e+03	1.6189551437940668e+03	1.6293003809726754e+03	1.7569303960450613e+03	1.9765995728313414e+03	1.8761675972136977e+03	1.8442957536066615e+03	1.8489287458033909e+03	2.3575610458863102e+03	2.0692873518758852e+03	2.2038628860816252e+03	2.1046836365618092e+03	1.6182123834689314e+03	2.3087782380553276e+03	1.8591992647389154e+03	1.9863943856042033e+03	2.0682003297263259e+03	1.9818968577374128e+03
1.7624074060630339e+03	1.6221365785579085e+03	1.8395341721361815e+03	1.6264299613316473e+03	2.0723646303278333e+03	1.8518873170501940e+03	1.7373398898449043e+03	1.8070622971949513e+03	1.6189531523514609e+03	1.6293003809726754e+03	1.7569303960450613e+03	1.9765995728313414e+03	1.8761675972136977e+03	1.8442957536066615e+03	1.8489287458033909e+03	2.3575610458863102e+03	2.0692839759806029e+03	2.2038628860816252e+03	2.1046836365618092e+03	1.6182121937910974e+03	2.3087755419904752e+03	1.8591992306931070e+03	1.9863943856042033e+03	2.0682003297263259e+03	1.9818968553758111e+03
1.7624055037535684e+03	1.6221365785579085e+03	1.8395341721361815e+03	1.6264299593184842e+03	2.0723646303278333e+03	1.8518871105495596e+03	1.7373398898449043e+03	1.8070622971949513e+03	1.6189531498975837e+03	1.6293003809726754e+03	1.7569251429822968e+03	1.9765976705677440e+03	1.8761638899138272e+03	1.8442927481398851e+03	1.8489287458033909e+03	2.3575610458863102e+03	2.0692831155421809e+03	2.2038628860816252e+03	2.1046814107492423e+03	1.6182120874590380e+03	2.3087746306252516e+03	1.8591992036762645e+03	1.9863943856042033e+03	2.0682003297263259e+03	1.9818968478073309e+03
1.7624017386457040e+03	1.6221365785579085e+03	1.8395341721361815e+03	1.6264299511954275e+03	2.0723646303278333e+03	1.8518871105495596e+03	1.7373398898449043e+03	1.8070622971949513e+03	1.6189531498975837e+03	1.6293003809726754e+03	1.7569251429822968e+03	1.9765976705677440e+03	1.8761621366020472e+03	1.8442927481398851e+03	1.8489287458033909e+03	2.3575610458863102e+03	2.0692831155421809e+03	2.2038628860816252e+03	2.1046804671148507e+03	1.6182120874590380e+03	2.3087735194712932e+03	1.8591991861554516e+03	1.9863943856042033e+03	2.0681986416341165e+03	1.9818968337275251e+03
1.7624017386457040e+03	1.6221365785579085e+03	1.8395283253208993e+03	1.6264299298158649e+03	2.0723641336781652e+03	1.8518860861732182e+03	1.7373347967865052e+03	1.8070622971949513e+03	1.6189509123881328e+03	1.6293003809726754e+03	1.7569251429822968e+03	1.9765976705677440e+03	1.8761621366020472e+03	1.8442927481398851e+03	1.8489287458033909e+03	2.3575610458863102e+03	2.0692831155421809e+03	2.2038628860816252e+03	2.1046783016606464e+03	1.6182117591182562e+03	2.3087705028910727e+03	1.8591991756507864e+03	1.9863943856042033e+03	2.0681986416341165e+03	1.9818968235924988e+03
1.7624017386457040e+03	1.6221365785579085e+03	1.8395140968084506e+03	1.6264298740957543e+03	2.0723641336781652e+03	1.8518860861732182e+03	1.7373204693317120e+03	1.8070526027668930e+03	1.6189445738138184e+03	1.6293003809726754e+03	1.7569251429822968e+03	1.9765942407303978e+03	1.8761621366020472e+03	1.8442927481398851e+03	1.8489287458033909e+03	2.3575610458863102e+03	2.0692831155421809e+03	2.2038628860816252e+03	2.1046755459003225e+03	1.6182111187180394e+03	2.3087705028910727e+03	1.8591991492718571e+03	1.9863943856042033e+03	2.0681986416341165e+03	1.9818967787033134e+03
1.7624017386457040e+03	1.6221301185738257e+03	1.8395140968084506e+03	1.6264298484922156e+03	2.0723641336781652e+03	1.8518853887436137e+03	1.7373204693317120e+03	1.8070526027668930e+03	1.6189445738138184e+03	1.6293003809726754e+03	1.7569251429822968e+03	1.9765942407303978e+03	1.8761621366020472e+03	1.8442895583557490e+03	1.8489287458033909e+03	2.3575609529991102e+03	2.0692821697183817e+03	2.2038628860816252e+03	2.1046754178544597e+03	1.6182111187180394e+03	2.3087705028910727e+03	1.8591991430858666e+03	1.9863943856042033e+03	2.0681972431845697e+03	1.9818967787033134e+03
1.7623988532382602e+03	1.6221301185738257e+03	1.8394872585694252e+03	1.6264298373009540e+03	2.0723641336781652e+03	1.8518841764514173e+03	1.7373204693317120e+03	1.8070526027668930e+03	1.6189445738138184e+03	1.6293003809726754e+03	1.7569251429822968e+03	1.9765928654402398e+03	1.8761621366020472e+03	1.8442848329033491e+03	1.8489287458033909e+03	2.3575600517846551e+03	2.0692777790984546e+03	2.2038625798351727e+03	2.1046711971359623e+03	1.6182105139589289e+03	2.3087705028910727e+03	1.8591991250294291e+03	1.9863943856042033e+03	2.0681960647569008e+03	1.9818967213845913e+03
1.7623928361704004e+03	1.6221283673343471e+03	1.8394872585694252e+03	1.6264298364285221e+03	2.0723637150483110e+03	1.8518841608559712e+03	1.7373204693317120e+03	1.8070477080720195e+03	1.6189403746053467e+03	1.6293003809726754e+03	1.7569208037408180e+03	1.9765928654402398e+03	1.8761569097028250e+03	1.8442848329033491e+03	1.8489287458033909e+03	2.3575597879595289e+03	2.0692777790984546e+03	2.2038625798351727e+03	2.1046700172745564e+03	1.6182099279968113e+03	2.3087684739838433e+03	1.8591991087324054e+03	1.9863943856042033e+03	2.0681955945060172e+03	1.9818966884725751e+03
1.7623928361704004e+03	1.6221283673343471e+03	1.8394600597068611e+03	1.6264298358731439e+03	2.0723637150483110e+03	1.8518834255712081e+03	1.7373204693317120e+03	1.8070476784418324e+03	1.6189403746053467e+03	1.6293002690925507e+03	1.7569198260787118e+03	1.9765918212881409e+03	1.8761569097028250e+03	1.8442848329033491e+03	1.8489286875902021e+03	2.3575597879595289e+03	2.0692777790984546e+03	2.2038625798351727e+03	2.1046585400302283e+03	1.6182077680749280e+03	2.3087684739838433e+03	1.8591991025602704e+03	1.9863782166911583e+03	2.0681955945060172e+03	1.9818966602031633e+03
1.7623928361704004e+03	1.6221283673343471e+03	1.8394332448761438e+03	1.6264298354552093e+03	2.0723637150483110e+03	1.8518834255712081e+03	1.7373204693317120e+03	1.8070437651866644e+03	1.6189403746053467e+03	1.6293002690925507e+03	1.7569175718040540e+03	1.9765892742208821e+03	1.8761569097028250e+03	1.8442789188485276e+03	1.8489286875902021e+03	2.3575596147630695e+03	2.0692777790984546e+03	2.2038625798351727e+03	2.1046563958015554e+03	1.6182066327008090e+03	2.3087684739838433e+03	1.8591990994209837e+03	1.9863782166911583e+03	2.0681955945060172e+03	1.9818966532866409e+03
1.7623928361704004e+03	1.6221283673343471e+03	1.8394138761044705e+03	1.6264298352156443e+03	2.0723637150483110e+03	1.8518830117820253e+03	1.7373204693317120e+03	1.8070437651866644e+03	1.6189403746053467e+03	1.6293002690925507e+03	1.7569102616761534e+03	1.9765886190880660e+03	1.8761569097028250e+03	1.8442772334230415e+03	1.8489286875902021e+03	2.3575594638077032e+03	2.0692777790984546e+03	2.2038614368979006e+03	2.1046517906822828e+03	1.6182063044369290e+03	2.3087608259078243e+03	1.8591990946626788e+03	1.9863658251461147e+03	2.0681955945060172e+03	1.9818966224798846e+03
1.7623865077737014e+03	1.6221283673343471e+03	1.8393893831801533e+03	1.6264298349950850e+03	2.0723637150483110e+03	1.8518813430143864e+03	1.7373096755535121e+03	1.8070418667112458e+03	1.6189403746053467e+03	1.6293002690925507e+03	1.7569098220489684e+03	1.9765878996361387e+03	1.8761569097028250e+03	1.8442772334230415e+03	1.8489286875902021e+03	2.3575591156660234e+03	2.0692777790984546e+03	2.2038589740365751e+03	2.1046475313530118e+03	1.6182063044369290e+03	2.3087580752188746e+03	1.8591990916233660e+03	1.9863658251461147e+03	2.0681955945060172e+03	1.9818966224798846e+03
1.7623865077737014e+03	1.6221283673343471e+03	1.8393482121877394e+03	1.6264298346544501e+03	2.0723637150483110e+03	1.8518810542195820e+03	1.7373096755535121e+03	1.8070375194264348e+03	1.6189328275768075e+03	1.6293002690925507e+03	1.7569078983295967e+03	1.9765876743316921e+03	1.8761519009187423e+03	1.8442772334230415e+03	1.8489286875902021e+03	2.3575591140355750e+03	2.0692777790984546e+03	2.2038580655426317e+03	2.1046397494698340e+03	1.6182056286914872e+03	2.3087514706949887e+03	1.8591990906056058e+03	1.9863658251461147e+03	2.0681952076304929e+03	1.9818965988317068e+03
1.7623836057644955e+03	1.6221283673343471e+03	1.8393160422386488e+03	1.6264298341855058e+03	2.0723637150483110e+03	1.8518802482617089e+03	1.7372987217605857e+03	1.8070375194264348e+03	1.6189248661208035e+03	1.6292991666541907e+03	1.7569065781220822e+03	1.9765876743316921e+03	1.8761519009187423e+03	1.8442772334230415e+03	1.8489286020925567e+03	2.3575591140355750e+03	2.0692737667945512e+03	2.2038580655426317e+03	2.1046391980705325e+03	1.6182056286914872e+03	2.3087514218920378e+03	1.8591990884600991e+03	1.9863658251461147e+03	2.0681952076304929e+03	1.9818965973453528e+03
1.7623765057904295e+03	1.6221283673343471e+03	1.8391917567929090e+03	1.6264298335334990e+03	2.0723619914817327e+03	1.8518799950916987e+03	1.7372987217605857e+03	1.8070375194264348e+03	1.6189248661208035e+03	1.6292991191126875e+03	1.7569065781220822e+03	1.9765863128684307e+03	1.8761519009187423e+03	1.8442772334230415e+03	1.8489286020925567e+03	2.3575591140355750e+03	2.0692737667945512e+03	2.2038580655426317e+03	2.1046391980705325e+03	1.6182044204652257e+03	2.3087445149679161e+03	1.8591990817698870e+03	1.9863658251461147e+03	2.0681951925414255e+03	1.9818965560930003e+03
1.7623765057904295e+03	1.6221283673343471e+03	1.8391632196114629e+03	1.6264298329450201e+03	2.0723619914817327e+03	1.8518799950916987e+03	1.7372887623963227e+03	1.8070375194264348e+03	1.6189212611605647e+03	1.6292991191126875e+03	1.7569065781220822e+03	1.9765863128684307e+03	1.8761519009187423e+03	1.8442772334230415e+03	1.8489246201272445e+03	2.3575590442267417e+03	2.0692654880585005e+03	2.2038580655426317e+03	2.1046340703353258e+03	1.6182032166522197e+03	2.3087431932138743e+03	1.8591990795229412e+03	1.9863658251461147e+03	2.0681951925414255e+03	1.9818965560930003e+03
1.7623765057904295e+03	1.6221283673343471e+03	1.8391632196114629e+03	1.6264298328640371e+03	2.0723616399551875e+03	1.8518798576473771e+03	1.7372887623963227e+03	1.8070369615289987e+03	1.6189208840988701e+03	1.6292983757939562e+03	1.7569022235936852e+03	1.9765861112390558e+03	1.8761519009187423e+03	1.8442772334230415e+03	1.8489246201272445e+03	2.3575588883580263e+03	2.0692654880585005e+03	2.2038580655426317e+03	2.1046340703353258e+03	1.6182028821244130e+03	2.3087431932138743e+03	1.8591990768060032e+03	1.9863658251461147e+03	2.0681951925414255e+03	1.9818965548132780e+03
1.7623726181722982e+03	1.6221283673343471e+03	1.8391625388652692e+03	1.6264298328431398e+03	2.0723616399551875e+03	1.8518787832836306e+03	1.7372887623963227e+03	1.8070340298150836e+03	1.6189185036601057e+03	1.6292983694391346e+03	1.7569022235936852e+03	1.9765861112390558e+03	1.8761519009187423e+03	1.8442772334230415e+03	1.8489246201272445e+03	2.3575585890779471e+03	2.0692654880585005e+03	2.2038576263353693e+03	2.1046296878226972e+03	1.6181969608206418e+03	2.3087426749811857e+03	1.8591990762883206e+03	1.9863658251461147e+03	2.0681936313481747e+03	1.9818965461809044e+03
1.7623726181722982e+03	1.6221275597468484e+03	1.8391413577841006e+03	1.6264298328135274e+03	2.0723616399551875e+03	1.8518775766553240e+03	1.7372887623963227e+03	1.8070204682558053e+03	1.6189185036601057e+03	1.6292983694391346e+03	1.7569011471277045e+03	1.9765861112390558e+03	1.8761519009187423e+03	1.8442772334230415e+03	1.8489246201272445e+03	2.3575585747867599e+03	2.0692654880585005e+03	2.2038576263353693e+03	2.1046296681396157e+03	1.6181969608206418e+03	2.3087426749811857e+03	1.8591990752592374e+03	1.9863658251461147e+03	2.0681936313481747e+03	1.9818965425455744e+03
1.7623679670438796e+03	1.6221275597468484e+03	1.8391374247015194e+03	1.6264298327836500e+03	2.0723616242947551e+03	1.8518772628780782e+03	1.7372887623963227e+03	1.8070189898724004e+03	1.6189185036601057e+03	1.6292981562407072e+03	1.7568972611964248e+03	1.9765861112390558e+03	1.8761519009187423e+03	1.8442772334230415e+03	1.8489246201272445e+03	2.3575581874842546e+03	2.0692654880585005e+03	2.2038576263353693e+03	2.1046296360142519e+03	1.6181843107015957e+03	2.3087425352494461e+03	1.8591990746546780e+03	1.9863658251461147e+03	2.0681936313481747e+03	1.9818965413867058e+03
1.7623679670438796e+03	1.6221275597468484e+03	1.8391241591006249e+03	1.6264298327610859e+03	2.0723616242947551e+03	1.8518765042922364e+03	1.7372884121091261e+03	1.8070189898724004e+03	1.6189185036601057e+03	1.6292981562407072e+03	1.7568972611964248e+03	1.9765861112390558e+03	1.8761519009187423e+03	1.8442772334230415e+03	1.8489246201272445e+03	2.3575581685409861e+03	2.0692654880585005e+03	2.2038573105780974e+03	2.1046296360142519e+03	1.6181805942417830e+03	2.3087425352494461e+03	1.8591990744825084e+03	1.9863658251461147e+03	2.0681933215281779e+03	1.9818965375730186e+03
1.7623655645110264e+03	1.6221275597468484e+03	1.8391003768354647e+03	1.6264298327087204e+03	2.0723616242947551e+03	1.8518765042922364e+03	1.7372884121091261e+03	1.8070189898724004e+03	1.6189185036601057e+03	1.6292981562407072e+03	1.7568972611964248e+03	1.9765861112390558e+03	1.8761519009187423e+03	1.8442772334230415e+03	1.8489246201272445e+03	2.3575581685409861e+03	2.0692654880585005e+03	2.2038560039354261e+03	2.1046296154659053e+03	1.6181805942417830e+03	2.3087420949731986e+03	1.8591990742327259e+03	1.9863658251461147e+03	2.0681933215281779e+03	1.9818965275009891e+03
1.7623655645110264e+03	1.6221275597468484e+03	1.8391003768354647e+03	1.6264298326675887e+03	2.0723616242947551e+03	1.8518763932029790e+03	1.7372884121091261e+03	1.8070189898724004e+03	1.6189138379601959e+03	1.6292979952721687e+03	1.7568972611964248e+03	1.9765861112390558e+03	1.8761519009187423e+03	1.8442772334230415e+03	1.8489246201272445e+03	2.3575581685409861e+03	2.0692654880585005e+03	2.2038560039354261e+03	2.1046263722871931e+03	1.6181805153402643e+03	2.3087420949731986e+03	1.8591990723800243e+03	1.9863658251461147e+03	2.0681933215281779e+03	1.9818965261878932e+03
1.7623655645110264e+03	1.6221275597468484e+03	1.8390730544328708e+03	1.6264298326612286e+03	2.0723616242947551e+03	1.8518763932029790e+03	1.7372884121091261e+03	1.8070189898724004e+03	1.6189088628396228e+03	1.6292979952721687e+03	1.7568972611964248e+03	1.9765861112390558e+03	1.8761519009187423e+03	1.8442772334230415e+03	1.8489237197712089e+03	2.3575581518173212e+03	2.0692654880585005e+03	2.2038556234729567e+03	2.1046255613106564e+03	1.6181805153402643e+03	2.3087420531421526e+03	1.8591990721848083e+03	1.9863658251461147e+03	2.0681933215281779e+03	1.9818965234794962e+03
1.7623655645110264e+03	1.6221275056799354e+03	1.8390730544328708e+03	1.6264298325972431e+03	2.0723616242947551e+03	1.8518740209765035e+03	1.7372884121091261e+03	1.8070189898724004e+03	1.6189088628396228e+03	1.6292976571811446e+03	1.7568972611964248e+03	1.9765850341092296e+03	1.8761519009187423e+03	1.8442772334230415e+03	1.8489237197712089e+03	2.3575581444432592e+03	2.0692654880585005e+03	2.2038539935156487e+03	2.1046248993015065e+03	1.6181805153402643e+03	2.3087410731456994e+03	1.8591990719903406e+03	1.9863658251461147e+03	2.0681933215281779e+03	1.9818965166346848e+03
1.7623655645110264e+03	1.6221275056799354e+03	1.8390730544328708e+03	1.6264298324593592e+03	2.0723616242947551e+03	1.8518734753970878e+03	1.7372884121091261e+03	1.8070189898724004e+03	1.6189088628396228e+03	1.6292976571811446e+03	1.7568939784723143e+03	1.9765850341092296e+03	1.8761519009187423e+03	1.8442772334230415e+03	1.8489237197712089e+03	2.3575581444432592e+03	2.0692654880585005e+03	2.2038538984799843e+03	2.1046234393580071e+03	1.6181638285286624e+03	2.3087410731456994e+03	1.8591990718970924e+03	1.9863658251461147e+03	2.0681933215281779e+03	1.9818965160533191e+03
1.7623655645110264e+03	1.6221275056799354e+03	1.8390730544328708e+03	1.6264298324469025e+03	2.0723584916122350e+03	1.8518720122659902e+03	1.7372856988058716e+03	1.8070189898724004e+03	1.6188994183509137e+03	1.6292972087952912e+03	1.7568934242249734e+03	1.9765850341092296e+03	1.8761519009187423e+03	1.8442772334230415e+03	1.8489237197712089e+03	2.3575581444432592e+03	2.0692654880585005e+03	2.2038538984799843e+03	2.1046226648037350e+03	1.6181504866749740e+03	2.3087407298888847e+03	1.8591990718500638e+03	1.9863658251461147e+03	2.0681933215281779e+03	1.9818965100305479e+03
1.7623655645110264e+03	1.6221275056799354e+03	1.8390705961205913e+03	1.6264298304657204e+03	2.0723584916122350e+03	1.8518720024081265e+03	1.7372844444647840e+03	1.8070189898724004e+03	1.6188994183509137e+03	1.6292970118550897e+03	1.7568934242249734e+03	1.9765850341092296e+03	1.8761519009187423e+03	1.8442772334230415e+03	1.8489237197712089e+03	2.3575581336932382e+03	2.0692607437934748e+03	2.2038513489528104e+03	2.1046224039338076e+03	1.6181504866749740e+03	2.3087407298888847e+03	1.8591990717799044e+03	1.9863658251461147e+03	2.0681933215281779e+03	1.9818965082307241e+03
1.7623655645110264e+03	1.6221275056799354e+03	1.8390705961205913e+03	1.6264298303965875e+03	2.0723584916122350e+03	1.8518710812318307e+03	1.7372844444647840e+03	1.8070189898724004e+03	1.6188994183509137e+03	1.6292970085828022e+03	1.7568934242249734e+03	1.9765849518831392e+03	1.8761519009187423e+03	1.8442772334230415e+03	1.8489237197712089e+03	2.3575581336932382e+03	2.0692607437934748e+03	2.2038513489528104e+03	2.1046223960467605e+03	1.6181504866749740e+03	2.3087395210217119e+03	1.8591990717678373e+03	1.9863615286966710e+03	2.0681927596190403e+03	1.9818965056301236e+03
1.7623655645110264e+03	1.6221274140992327e+03	1.8390705961205913e+03	1.6264298303041576e+03	2.0723584916122350e+03	1.8518678117090917e+03	1.7372700005275967e+03	1.8070189898724004e+03	1.6188953637773971e+03	1.6292968576674527e+03	1.7568925471193456e+03	1.9765849518831392e+03	1.8761519009187423e+03	1.8442772334230415e+03	1.8489237197712089e+03	2.3575576081541958e+03	2.0692607437934748e+03	2.2038496244631724e+03	2.1046223531355499e+03	1.6181373774097353e+03	2.3087395210217119e+03	1.8591990717407409e+03	1.9863568952117314e+03	2.0681927596190403e+03	1.9818965029681240e+03
1.7623655645110264e+03	1.6221274140992327e+03	1.8390705961205913e+03	1.6264298298835074e+03	2.0723583396885392e+03	1.8518674978912204e+03	1.7372700005275967e+03	1.8070189898724004e+03	1.6188953637773971e+03	1.6292963273147959e+03	1.7568925471193456e+03	1.9765849518831392e+03	1.8761519009187423e+03	1.8442768691416238e+03	1.8489237197712089e+03	2.3575575038052607e+03	2.0692556157459931e+03	2.2038496244631724e+03	2.1046208917133167e+03	1.6181373774097353e+03	2.3087395210217119e+03	1.8591990717293074e+03	1.9863568952117314e+03	2.0681920500148362e+03	1.9818965021007803e+03
1.7623655645110264e+03	1.6221251540012368e+03	1.8390705961205913e+03	1.6264298296749914e+03	2.0723583396885392e+03	1.8518655607059413e+03	1.7372700005275967e+03	1.8070175540267248e+03	1.6188784440542206e+03	1.6292962228202894e+03	1.7568912171638856e+03	1.9765849518831392e+03	1.8761519009187423e+03	1.8442768691416238e+03	1.8489237197712089e+03	2.3575575038052607e+03	2.0692555799443599e+03	2.2038484132859135e+03	2.1046208917133167e+03	1.6181370925642298e+03	2.3087395210217119e+03	1.8591990717139859e+03	1.9863568952117314e+03	2.0681918313022979e+03	1.9818965014692551e+03
1.7623655645110264e+03	1.6221251540012368e+03	1.8390705961205913e+03	1.6264298296589293e+03	2.0723569192957266e+03	1.8518606555756160e+03	1.7372700005275967e+03	1.8070175540267248e+03	1.6188784440542206e+03	1.6292962228202894e+03	1.7568912171638856e+03	1.9765849518831392e+03	1.8761513663628007e+03	1.8442755651234268e+03	1.8489237197712089e+03	2.3575575038052607e+03	2.0692520603582579e+03	2.2038478627833010e+03	2.1046208917133167e+03	1.6181298020147194e+03	2.3087395210217119e+03	1.8591990716966518e+03	1.9863568952117314e+03	2.0681918313022979e+03	1.9818964976282375e+03
1.7623654487908314e+03	1.6221251540012368e+03	1.8390694046790468e+03	1.6264298296472737e+03	2.0723569192957266e+03	1.8518596415802206e+03	1.7372561462038432e+03	1.8070154121141468e+03	1.6188784440542206e+03	1.6292960694691267e+03	1.7568895066110456e+03	1.9765849518831392e+03	1.8761513663628007e+03	1.8442755651234268e+03	1.8489237197712089e+03	2.3575575010159346e+03	2.0692520603582579e+03	2.2038478627833010e+03	2.1046208917133167e+03	1.6181285489228876e+03	2.3087395210217119e+03	1.8591990716874857e+03	1.9863315832279095e+03	2.0681918313022979e+03	1.9818964955492002e+03
1.7623654487908314e+03	1.6221240793591478e+03	1.8390694046790468e+03	1.6264298296412217e+03	2.0723569192957266e+03	1.8518595451524104e+03	1.7372561462038432e+03	1.8070154121141468e+03	1.6188719841783184e+03	1.6292956405458056e+03	1.7568871889716913e+03	1.9765846880299357e+03	1.8761513663628007e+03	1.8442755651234268e+03	1.8489237197712089e+03	2.3575574262342338e+03	2.0692520603582579e+03	2.2038478627833010e+03	2.1046208917133167e+03	1.6181279416844998e+03	2.3087393085303452e+03	1.8591990716840498e+03	1.9863315832279095e+03	2.0681904699550496e+03	1.9818964923918111e+03
1.7623653433730938e+03	1.6221240793591478e+03	1.8390621022762027e+03	1.6264298296361344e+03	2.0723569192957266e+03	1.8518498029334801e+03	1.7372561462038432e+03	1.8070138438928102e+03	1.6188719841783184e+03	1.6292956405458056e+03	1.7568870002800365e+03	1.9765846880299357e+03	1.8761513663628007e+03	1.8442745183999612e+03	1.8489237197712089e+03	2.3575570507742896e+03	2.0692487867956106e+03	2.2038478627833010e+03	2.1046202841988470e+03	1.6181279416844998e+03	2.3087393085303452e+03	1.8591990716764092e+03	1.9863315832279095e+03	2.0681904699550496e+03	1.9818964877700371e+03
1.7623602360623161e+03	1.6221240793591478e+03	1.8390621022762027e+03	1.6264298296354318e+03	2.0723567896167347e+03	1.8518456149045246e+03	1.7372561462038432e+03	1.8070138438928102e+03	1.6188709111676237e+03	1.6292955251003959e+03	1.7568870002800365e+03	1.9765845064941270e+03	1.8761513510768750e+03	1.8442745183999612e+03	1.8489237197712089e+03	2.3575570507742896e+03	2.0692487867956106e+03	2.2038478627833010e+03	2.1046183800670287e+03	1.6181141667816676e+03	2.3087389308201705e+03	1.8591990716655478e+03	1.9863301779349940e+03	2.0681904660055993e+03	1.9818964825489186e+03
1.7623602360623161e+03	1.6221179304048703e+03	1.8390621022762027e+03	1.6264298296350332e+03	2.0723567896167347e+03	1.8518443543303151e+03	1.7372561462038432e+03	1.8070085902428241e+03	1.6188685704269790e+03	1.6292955251003959e+03	1.7568868476268426e+03	1.9765845064941270e+03	1.8761513510768750e+03	1.8442744846621147e+03	1.8489231235516891e+03	2.3575567856128564e+03	2.0692487867956106e+03	2.2038478627833010e+03	2.1046183800670287e+03	1.6181123079814254e+03	2.3087388713607493e+03	1.8591990716637436e+03	1.9863301779349940e+03	2.0681904660055993e+03	1.9818964825369806e+03
1.7623602360623161e+03	1.6221179304048703e+03	1.8390621022762027e+03	1.6264298296346169e+03	2.0723567896167347e+03	1.8518410472433416e+03	1.7372561462038432e+03	1.8070085902428241e+03	1.6188685704269790e+03	1.6292955251003959e+03	1.7568831979482807e+03	1.9765845064941270e+03	1.8761513510768750e+03	1.8442741964864720e+03	1.8489231235516891e+03	2.3575567856128564e+03	2.0692487867956106e+03	2.2038472394490045e+03	2.1046183800670287e+03	1.6181123079814254e+03	2.3087385705356446e+03	1.8591990716611349e+03	1.9863301779349940e+03	2.0681904660055993e+03	1.9818964825369806e+03
1.7623602360623161e+03	1.6221179304048703e+03	1.8390621022762027e+03	1.6264298296344311e+03	2.0723538526164798e+03	1.8518370849411899e+03	1.7372533242047541e+03	1.8070043747908780e+03	1.6188638440643588e+03	1.6292955251003959e+03	1.7568817385527066e+03	1.9765842974789816e+03	1.8761509489641774e+03	1.8442741964864720e+03	1.8489231235516891e+03	2.3575567856128564e+03	2.0692487867956106e+03	2.2038465712690631e+03	2.1046177034656989e+03	1.6181123079814254e+03	2.3087385705356446e+03	1.8591990716580174e+03	1.9863301779349940e+03	2.0681903545980904e+03	1.9818964825369806e+03
1.7623602360623161e+03	1.6221179304048703e+03	1.8390621022762027e+03	1.6264298296343391e+03	2.0723538526164798e+03	1.8518370193074338e+03	1.7372533242047541e+03	1.8070043747908780e+03	1.6188636487603471e+03	1.6292953635946487e+03	1.7568817385527066e+03	1.9765842974789816e+03	1.8761494105021068e+03	1.8442741964864720e+03	1.8489220808980256e+03	2.3575567683576182e+03	2.0692487867956106e+03	2.2038465712690631e+03	2.1046177034656989e+03	1.6181123079814254e+03	2.3087385705356446e+03	1.8591990716548462e+03	1.9863301779349940e+03	2.0681899834736100e+03	1.9818964823803963e+03
1.7623602360623161e+03	1.6221179304048703e+03	1.8390563397375261e+03	1.6264298296341763e+03	2.0723538526164798e+03	1.8518370193074338e+03	1.7372533242047541e+03	1.8070042718849218e+03	1.6188579348755620e+03	1.6292953635946487e+03	1.7568810430779333e+03	1.9765839029146334e+03	1.8761494105021068e+03	1.8442739648197842e+03	1.8489220808980256e+03	2.3575567683576182e+03	2.0692487867956106e+03	2.2038452255314373e+03	2.1046177034656989e+03	1.6181123079814254e+03	2.3087385705356446e+03	1.8591990716521420e+03	1.9863301779349940e+03	2.0681899834736100e+03	1.9818964820330527e+03
1.7623602360623161e+03	1.6221179304048703e+03	1.8390563397375261e+03	1.6264298296335262e+03	2.0723529750281787e+03	1.8518370193074338e+03	1.7372533242047541e+03	1.8070038495999697e+03	1.6188501393034755e+03	1.6292953635946487e+03	1.7568810430779333e+03	1.9765839029146334e+03	1.8761494105021068e+03	1.8442736411870092e+03	1.8489220808980256e+03	2.3575567683576182e+03	2.0692487867956106e+03	2.2038452255314373e+03	2.1046157146430851e+03	1.6181123079814254e+03	2.3087385705356446e+03	1.8591990716517023e+03	1.9863301779349940e+03	2.0681888886456500e+03	1.9818964820330527e+03
1.7623602360623161e+03	1.6221179304048703e+03	1.8390551374765475e+03	1.6264298296333538e+03	2.0723529750281787e+03	1.8518368099985339e+03	1.7372533242047541e+03	1.8070038495999697e+03	1.6188361819741897e+03	1.6292944703352562e+03	1.7568810430779333e+03	1.9765839029146334e+03	1.8761494105021068e+03	1.8442734600174106e+03	1.8489220808980256e+03	2.3575567683576182e+03	2.0692487867956106e+03	2.2038452255314373e+03	2.1046155237636876e+03	1.6181112877926932e+03	2.3087385705356446e+03	1.8591990716512526e+03	1.9863301779349940e+03	2.0681886247004172e+03	1.9818964820330527e+03
1.7623602360623161e+03	1.6221179304048703e+03	1.8390548614089125e+03	1.6264298296333134e+03	2.0723529750281787e+03	1.8518364491147931e+03	1.7372533242047541e+03	1.8070034292285875e+03	1.6188361819741897e+03	1.6292944703352562e+03	1.7568806415683391e+03	1.9765839029146334e+03	1.8761494105021068e+03	1.8442715798472836e+03	1.8489220808980256e+03	2.3575567683576182e+03	2.0692470430646576e+03	2.2038452255314373e+03	2.1046155237636876e+03	1.6181106523122946e+03	2.3087385705356446e+03	1.8591990716511796e+03	1.9863301779349940e+03	2.0681886247004172e+03	1.9818964820330527e+03
1.7623602360623161e+03	1.6221179304048703e+03	1.8390548614089125e+03	1.6264298296333050e+03	2.0723525458865747e+03	1.8518362771215100e+03	1.7372533242047541e+03	1.8070034292285875e+03	1.6188336066264403e+03	1.6292944703352562e+03	1.7568768158490288e+03	1.9765839029146334e+03	1.8761494103642672e+03	1.8442715798472836e+03	1.8489220808980256e+03	2.3575567683576182e+03	2.0692327515380271e+03	2.2038452255314373e+03	2.1046155237636876e+03	1.6181103053539985e+03	2.3087381345657977e+03	1.8591990716510747e+03	1.9863286411869110e+03	2.0681880786566535e+03	1.9818964799373925e+03
1.7623602360623161e+03	1.6221179304048703e+03	1.8390548614089125e+03	1.6264298296332718e+03	2.0723525458865747e+03	1.8518354119434530e+03	1.7372492933352366e+03	1.8070034292285875e+03	1.6188336066264403e+03	1.6292941270414262e+03	1.7568758488847866e+03	1.9765839029146334e+03	1.8761494103642672e+03	1.8442703860742590e+03	1.8489220808980256e+03	2.3575567010499549e+03	2.0692327515380271e+03	2.2038452255314373e+03	2.1046155237636876e+03	1.6181101924781301e+03	2.3087377310735023e+03	1.8591990716507421e+03	1.9863191704098597e+03	2.0681880786566535e+03	1.9818964799373925e+03
1.7623602360623161e+03	1.6221179304048703e+03	1.8390548614089125e+03	1.6264298296332549e+03	2.0723525458865747e+03	1.8518354119434530e+03	1.7372444754614821e+03	1.8070013401851911e+03	1.6187998327974287e+03	1.6292941270414262e+03	1.7568758058118922e+03	1.9765839029146334e+03	1.8761494103642672e+03	1.8442703860742590e+03	1.8489215826900308e+03	2.3575566961902423e+03	2.0691956863447299e+03	2.2038431205604188e+03	2.1046147713160735e+03	1.6181089903525967e+03	2.3087377310735023e+03	1.8591990716505097e+03	1.9863191704098597e+03	2.0681880786566535e+03	1.9818964788073024e+03
1.7623541287306141e+03	1.6221179304048703e+03	1.8390548614089125e+03	1.6264298296332513e+03	2.0723525458865747e+03	1.8518354119434530e+03	1.7372444754614821e+03	1.8070001526041965e+03	1.6187870239005667e+03	1.6292940853646548e+03	1.7568758058118922e+03	1.9765838834736294e+03	1.8761494103642672e+03	1.8442703860742590e+03	1.8489215826900308e+03	2.3575566509871651e+03	2.0691901854810817e+03	2.2038430730261475e+03	2.1046146465011757e+03	1.6181078877667760e+03	2.3087377310735023e+03	1.8591990716501580e+03	1.9863191704098597e+03	2.0681880786566535e+03	1.9818964788073024e+03
1.7623532346987943e+03	1.6221179304048703e+03	1.8390542214429747e+03	1.6264298296332502e+03	2.0723525458865747e+03	1.8518349271386014e+03	1.7372444754614821e+03	1.8070001526041965e+03	1.6187814769337504e+03	1.6292940853646548e+03	1.7568751806034863e+03	1.9765838834736294e+03	1.8761494103642672e+03	1.8442700779771308e+03	1.8489201337006473e+03	2.3575566509871651e+03	2.0689464079592499e+03	2.2038428009581194e+03	2.1046140995695364e+03	1.6181070809322250e+03	2.3085027470689806e+03	1.8591990714887447e+03	1.9863191704098597e+03	2.0681871952871056e+03	1.9818964788073024e+03
1.7623532346987943e+03	1.6221179304048703e+03	1.8390542214429747e+03	1.6264298296332483e+03	2.0723525458865747e+03	1.8518344685522161e+03	1.7372444754614821e+03	1.8070001526041965e+03	1.6187758934958454e+03	1.6292940853646548e+03	1.7568631779275152e+03	1.9765838834736294e+03	1.8761440494287581e+03	1.8442671922032066e+03	1.8489201337006473e+03	2.3575565599597794e+03	2.0689241417182188e+03	2.2038428009581194e+03	2.1046132507311449e+03	1.6181067924526908e+03	2.3085027470689806e+03	1.8591990713590367e+03	1.9863022907946470e+03	2.0681871952871056e+03	1.9818964785114081e+03
1.7623527110187554e+03	1.6221167748313387e+03	1.8390542214429747e+03	1.6264298296332474e+03	2.0723524288899648e+03	1.8518341477639231e+03	1.7372444754614821e+03	1.8070001526041965e+03	1.6187560481985097e+03	1.6292940853646548e+03	1.7568631779275152e+03	1.9765838834736294e+03	1.8761440494287581e+03	1.8442614378500457e+03	1.8489201337006473e+03	2.3575564505300613e+03	2.0689241417182188e+03	2.2038418280695096e+03	2.1046132507311449e+03	1.6181060720755668e+03	2.3085027470689806e+03	1.8591990713589025e+03	1.9863022907946470e+03	2.0681868992019158e+03	1.9818964768162314e+03
1.7623527110187554e+03	1.6221167748313387e+03	1.8390542214429747e+03	1.6264298296332465e+03	2.0723524288899648e+03	1.8518341477639231e+03	1.7372444754614821e+03	1.8070001526041965e+03	1.6187558643880525e+03	1.6292940853646548e+03	1.7568625755915123e+03	1.9765828825911401e+03	1.8761440494287581e+03	1.8442571548173050e+03	1.8489201337006473e+03	2.3575563911594036e+03	2.0689107745471551e+03	2.2038418280695096e+03	2.1046129128250113e+03	1.6181055090662046e+03	2.3085015378453209e+03	1.8591990713571272e+03	1.9863022907946470e+03	2.0681862582054491e+03	1.9818964768162314e+03
1.7623521133174934e+03	1.6221167387618109e+03	1.8390533209637761e+03	1.6264298296332463e+03	2.0723503473623632e+03	1.8518341477639231e+03	1.7372444754614821e+03	1.8069983372397387e+03	1.6187404080666176e+03	1.6292940853646548e+03	1.7568530462371066e+03	1.9765828658627183e+03	1.8761438610873452e+03	1.8442571548173050e+03	1.8489200592511834e+03	2.3575563081905966e+03	2.0688757856871666e+03	2.2038410895033867e+03	2.1046127071072915e+03	1.6181047890119357e+03	2.3085015378453209e+03	1.8591990713570831e+03	1.9863022907946470e+03	2.0681862582054491e+03	1.9818964767326547e+03
1.7623521133174934e+03	1.6221167387618109e+03	1.8390533209637761e+03	1.6264298296332463e+03	2.0723503473623632e+03	1.8518341477639231e+03	1.7372444754614821e+03	1.8069983337101635e+03	1.6187180209210776e+03	1.6292940853646548e+03	1.7568530462371066e+03	1.9765828658627183e+03	1.8761438610873452e+03	1.8442571548173050e+03	1.8489181451035242e+03	2.3575563081905966e+03	2.0688312463568009e+03	2.2038410895033867e+03	2.1046121799043967e+03	1.6181047890119357e+03	2.3085010777350267e+03	1.8591990713570258e+03	1.9863022907946470e+03	2.0681862582054491e+03	1.9818964766053871e+03
1.7623521133174934e+03	1.6221167387618109e+03	1.8390533209637761e+03	1.6264298296332463e+03	2.0723498306610395e+03	1.8518323893548763e+03	1.7372444754614821e+03	1.8069971985755024e+03	1.6187180209210776e+03	1.6292940853646548e+03	1.7568326204955833e+03	1.9765828476559818e+03	1.8761438610873452e+03	1.8442571548173050e+03	1.8489181200885641e+03	2.3575562884797100e+03	2.0688165344956578e+03	2.2038400553653728e+03	2.1046118746788729e+03	1.6181047890119357e+03	2.3085010042597573e+03	1.8591990713570074e+03	1.9863022907946470e+03	2.0681862582054491e+03	1.9818964760698673e+03
1.7623521133174934e+03	1.6221167387618109e+03	1.8390519657117479e+03	1.6264298296332463e+03	2.0723498306610395e+03	1.8518323893548763e+03	1.7372430497993319e+03	1.8069956027355283e+03	1.6187037762302461e+03	1.6292936330744719e+03	1.7568216923230295e+03	1.9765820245607126e+03	1.8761438610873452e+03	1.8442571548173050e+03	1.8489122201249261e+03	2.3575561755858380e+03	2.0688155406701817e+03	2.2038400553653728e+03	2.1046118746788729e+03	1.6181047824901434e+03	2.3085005794206745e+03	1.8591990713569894e+03	1.9863022907946470e+03	2.0681861857712770e+03	1.9818964756698340e+03
1.7623519260022224e+03	1.6221167387618109e+03	1.8390501715658834e+03	1.6264298296332463e+03	2.0723498306610395e+03	1.8518323893548763e+03	1.7372426473848554e+03	1.8069956027355283e+03	1.6186951033880766e+03	1.6292936330744719e+03	1.7568172943153602e+03	1.9765820245607126e+03	1.8761438610873452e+03	1.8442571548173050e+03	1.8489122201249261e+03	2.3575561520250708e+03	2.0688096496365974e+03	2.2038400553653728e+03	2.1046115850949423e+03	1.6181046515608282e+03	2.3085004554006109e+03	1.8591990713569671e+03	1.9863022907946470e+03	2.0681861857712770e+03	1.9818964756698340e+03
1.7623519260022224e+03	1.6221167387618109e+03	1.8390501099021737e+03	1.6264298296332463e+03	2.0723498306610395e+03	1.8518322348754373e+03	1.7372426473848554e+03	1.8069941291059060e+03	1.6186916393185149e+03	1.6292936330744719e+03	1.7568073298350378e+03	1.9765809206254730e+03	1.8761438610873452e+03	1.8442571548173050e+03	1.8489122201249261e+03	2.3575561520250708e+03	2.0688086625660167e+03	2.2038387634606215e+03	2.1046109937707524e+03	1.6181046515608282e+03	2.3085004554006109e+03	1.8591990713569521e+03	1.9862967534182853e+03	2.0681861857712770e+03	1.9818964756698340e+03
1.7623515562269927e+03	1.6221167387618109e+03	1.8390501099021737e+03	1.6264298296332461e+03	2.0723498306610395e+03	1.8518300387250135e+03	1.7372426473848554e+03	1.8069941291059060e+03	1.6186916393185149e+03	1.6292935529065071e+03	1.7568073298350378e+03	1.9765809206254730e+03	1.8761438610873452e+03	1.8442571548173050e+03	1.8489118898916972e+03	2.3575560528898091e+03	2.0688085622970043e+03	2.2038387634606215e+03	2.1046106171244728e+03	1.6181046127369139e+03	2.3085004554006109e+03	1.8591990713569476e+03	1.9862967534182853e+03	2.0681861539210145e+03	1.9818964756698340e+03
1.7623508059580142e+03	1.6221167387618109e+03	1.8390486213865722e+03	1.6264298296332461e+03	2.0723483055239426e+03	1.8518297865822203e+03	1.7372426473848554e+03	1.8069941291059060e+03	1.6186916393185149e+03	1.6292935529065071e+03	1.7568068591610227e+03	1.9765809206254730e+03	1.8761425264665297e+03	1.8442515228663092e+03	1.8489117199088414e+03	2.3575560528898091e+03	2.0688085622970043e+03	2.2038387634606215e+03	2.1046105021473372e+03	1.6181045614164082e+03	2.3085004554006109e+03	1.8591990713569476e+03	1.9862967534182853e+03	2.0681861539210145e+03	1.9818964750456935e+03
1.7623508059580142e+03	1.6221167387618109e+03	1.8390486213865722e+03	1.6264298296332461e+03	2.0723477490409541e+03	1.8518294839744899e+03	1.7372426473848554e+03	1.8069941291059060e+03	1.6186916393185149e+03	1.6292902510982810e+03	1.7568005494157185e+03	1.9765809206254730e+03	1.8761393142607731e+03	1.8442508243937705e+03	1.8489117199088414e+03	2.3575560528898091e+03	2.0688068313480203e+03	2.2038384642778688e+03	2.1046105021473372e+03	1.6181045614164082e+03	2.3085004554006109e+03	1.8591990713569467e+03	1.9862967534182853e+03	2.0681861539210145e+03	1.9818964749391807e+03
1.7623508059580142e+03	1.6221167387618109e+03	1.8390486213865722e+03	1.6264298296332461e+03	2.0723477490409541e+03	1.8518294839744899e+03	1.7372426473848554e+03	1.8069941291059060e+03	1.6186909824429895e+03	1.6292901814697050e+03	1.7567858861110217e+03	1.9765808606816749e+03	1.8761393142607731e+03	1.8442508243937705e+03	1.8489117199088414e+03	2.3575560088785401e+03	2.0687996173419565e+03	2.2038381577471764e+03	2.1046103670491334e+03	1.6181045498503399e+03	2.3085001628218110e+03	1.8591990713569462e+03	1.9862967534182853e+03	2.0681860126522633e+03	1.9818964745026560e+03
1.7623499913866001e+03	1.6221167387618109e+03	1.8390486213865722e+03	1.6264298296332458e+03	2.0723477490409541e+03	1.8518290949576449e+03	1.7372426473848554e+03	1.8069926257039047e+03	1.6186890535841746e+03	1.6292901814697050e+03	1.7567669475159018e+03	1.9765808606816749e+03	1.8761393142607731e+03	1.8442508243937705e+03	1.8489117199088414e+03	2.3575559537155141e+03	2.0687996173419565e+03	2.2038381198524412e+03	2.1046103670491334e+03	1.6181044223392914e+03	2.3085001628218110e+03	1.8591990713569453e+03	1.9862957011751846e+03	2.0681848610814463e+03	1.9818964745026560e+03
1.7623499913866001e+03	1.6221166207564158e+03	1.8390483394021728e+03	1.6264298296332458e+03	2.0723458491450360e+03	1.8518290949576449e+03	1.7372426473848554e+03	1.8069926257039047e+03	1.6186793479952325e+03	1.6292881111917579e+03	1.7567114126884435e+03	1.9765808606816749e+03	1.8761393142607731e+03	1.8442508243937705e+03	1.8489117199088414e+03	2.3575559413922365e+03	2.0687996173419565e+03	2.2038374780968115e+03	2.1046103670491334e+03	1.6181044121561813e+03	2.3084995336329848e+03	1.8591990713569453e+03	1.9862957011751846e+03	2.0681848610814463e+03	1.9818964744260331e+03
1.7623444123037880e+03	1.6221166207564158e+03	1.8390483394021728e+03	1.6264298296332458e+03	2.0723458491450360e+03	1.8518274564759142e+03	1.7372426473848554e+03	1.8069911059982187e+03	1.6186766331745894e+03	1.6292881111917579e+03	1.7566253212735014e+03	1.9765808606816749e+03	1.8761393142607731e+03	1.8442508243937705e+03	1.8489117199088414e+03	2.3575559364355277e+03	2.0687984488766665e+03	2.2038373830232345e+03	2.1046101036421796e+03	1.6181043259752498e+03	2.3084995336329848e+03	1.8591990713569451e+03	1.9862957011751846e+03	2.0681848610814463e+03	1.9818964739162477e+03
1.7623406694772373e+03	1.6221166207564158e+03	1.8390483394021728e+03	1.6264298296332458e+03	2.0723458491450360e+03	1.8518274564759142e+03	1.7372426473848554e+03	1.8069911059982187e+03	1.6186737486026341e+03	1.6292876665449210e+03	1.7566169789108399e+03	1.9765805136458816e+03	1.8761393142607731e+03	1.8442508243937705e+03	1.8489117199088414e+03	2.3575559364355277e+03	2.0687953187409039e+03	2.2038371036420563e+03	2.1046098979383255e+03	1.6181042741284273e+03	2.3084995336329848e+03	1.8591990713569448e+03	1.9862957011751846e+03	2.0681848610814463e+03	1.9818964738613406e+03
1.7623406694772373e+03	1.6221143129333295e+03	1.8390483394021728e+03	1.6264298296332458e+03	2.0723458491450360e+03	1.8518269997906946e+03	1.7372426473848554e+03	1.8069890612215995e+03	1.6186737486026341e+03	1.6292876665449210e+03	1.7566075853891364e+03	1.9765805136458816e+03	1.8761389162634744e+03	1.8442496034024516e+03	1.8489117199088414e+03	2.3575559223655318e+03	2.0687953187409039e+03	2.2038370211289043e+03	2.1046097934363816e+03	1.6181042390083271e+03	2.3084990690626646e+03	1.8591990713569448e+03	1.9862957011751846e+03	2.0681848610814463e+03	1.9818964738613406e+03
1.7623406694772373e+03	1.6221143129333295e+03	1.8390483394021728e+03	1.6264298296332458e+03	2.0723455899570499e+03	1.8518269997906946e+03	1.7372426473848554e+03	1.8069889956077702e+03	1.6186737486026341e+03	1.6292875988650940e+03	1.7565830312584258e+03	1.9765801727623336e+03	1.8761389162634744e+03	1.8442496034024516e+03	1.8489117199088414e+03	2.3575559136285524e+03	2.0687953187409039e+03	2.2038370211289043e+03	2.1046097083643585e+03	1.6181042214091744e+03	2.3084988358935084e+03	1.8591990713569448e+03	1.9862957011751846e+03	2.0681845871612841e+03	1.9818964733159344e+03
1.7623406694772373e+03	1.6221139237038185e+03	1.8390483394021728e+03	1.6264298296332456e+03	2.0723452493268182e+03	1.8518269997906946e+03	1.7372426473848554e+03	1.8069884884236417e+03	1.6186726678676350e+03	1.6292873737456655e+03	1.7565480761942522e+03	1.9765801727623336e+03	1.8761387871941727e+03	1.8442416581238901e+03	1.8489117199088414e+03	2.3575559136285524e+03	2.0687952359921287e+03	2.2038369803042824e+03	2.1046096614801604e+03	1.6181041767782392e+03	2.3084986849878073e+03	1.8591990713569448e+03	1.9862957011751846e+03	2.0681845090249990e+03	1.9818964733159344e+03
1.7623406694772373e+03	1.6221139237038185e+03	1.8390483394021728e+03	1.6264298296332456e+03	2.0723452493268182e+03	1.8518269997906946e+03	1.7372426473848554e+03	1.8069872954821608e+03	1.6186724893284313e+03	1.6292873737456655e+03	1.7565367817013660e+03	1.9765801727623336e+03	1.8761387871941727e+03	1.8442413061315840e+03	1.8489117199088414e+03	2.3575559136285524e+03	2.0687948110569528e+03	2.2038369668040236e+03	2.1046096043493380e+03	1.6181041122571089e+03	2.3084986849878073e+03	1.8591990713569448e+03	1.9862957011751846e+03	2.0681845090249990e+03	1.9818964733159344e+03
1.7623402851223252e+03	1.6221097681437107e+03	1.8390483394021728e+03	1.6264298296332456e+03	2.0723450849759902e+03	1.8518268686018862e+03	1.7372382849025116e+03	1.8069872954821608e+03	1.6186704889636305e+03	1.6292873737456655e+03	1.7564719948249442e+03	1.9765800038070884e+03	1.8761387871941727e+03	1.8442413061315840e+03	1.8489117199088414e+03	2.3575559136285524e+03	2.0687943215415717e+03	2.2038358484056062e+03	2.1046095763922676e+03	1.6181040553328398e+03	2.3084981907211695e+03	1.8591990713569448e+03	1.9862831359789627e+03	2.0681845090249990e+03	1.9818964732122895e+03
1.7623327578707224e+03	1.6221097681437107e+03	1.8390483394021728e+03	1.6264298296332454e+03	2.0723450849759902e+03	1.8518268686018862e+03	1.7372332985160165e+03	1.8069872954821608e+03	1.6186693767004647e+03	1.6292872931786014e+03	1.7564345172313424e+03	1.9765799184867772e+03	1.8761387712024948e+03	1.8442409122353065e+03	1.8489117199088414e+03	2.3575558501722880e+03	2.0687935719360867e+03	2.2038358484056062e+03	2.1046095763922676e+03	1.6181040429292352e+03	2.3084981907211695e+03	1.8591990713569448e+03	1.9862831359789627e+03	2.0681841506986502e+03	1.9818964732122895e+03
1.7623278066805715e+03	1.6221097681437107e+03	1.8390465426172022e+03	1.6264298296332454e+03	2.0723450849759902e+03	1.8518268686018862e+03	1.7372332985160165e+03	1.8069872954821608e+03	1.6186691951116220e+03	1.6292872931786014e+03	1.7563424043955536e+03	1.9765794549529246e+03	1.8761387712024948e+03	1.8442404735109917e+03	1.8489117199088414e+03	2.3575558453915655e+03	2.0687926883480472e+03	2.2038356275814995e+03	2.1046095318023890e+03	1.6181039650181058e+03	2.3084965262864071e+03	1.8591990713569448e+03	1.9862822313477773e+03	2.0681841506986502e+03	1.9818964730676862e+03
1.7623259331234599e+03	1.6221097681437107e+03	1.8390459586383806e+03	1.6264298296332454e+03	2.0723421562784661e+03	1.8518263049934685e+03	1.7372332985160165e+03	1.8069872954821608e+03	1.6186676024771791e+03	1.6292871082395332e+03	1.7562584831179647e+03	1.9765792060880492e+03	1.8761387712024948e+03	1.8442404735109917e+03	1.8489117199088414e+03	2.3575558453915655e+03	2.0687926721689228e+03	2.2038356275814995e+03	2.1046095278837001e+03	1.6181039490715896e+03	2.3084965262864071e+03	1.8591990713569448e+03	1.9862822313477773e+03	2.0681841506986502e+03	1.9818964730421026e+03
1.7623259331234599e+03	1.6221097681437107e+03	1.8390457427903539e+03	1.6264298296332454e+03	2.0723418860728257e+03	1.8518263049934685e+03	1.7372213686470964e+03	1.8069862617483279e+03	1.6186674875640954e+03	1.6292869664862126e+03	1.7561722518002471e+03	1.9765786230348131e+03	1.8761375195789990e+03	1.8442404735109917e+03	1.8489115618132564e+03	2.3575558425792005e+03	2.0687926721689228e+03	2.2038356275814995e+03	2.1046094969239903e+03	1.6181039152268904e+03	2.3084965262864071e+03	1.8591990713569448e+03	1.9862822313477773e+03	2.0681840089132625e+03	1.9818964727937143e+03
1.7623161992429955e+03	1.6221097681437107e+03	1.8390457427903539e+03	1.6264298296332449e+03	2.0723418860728257e+03	1.8518263049934685e+03	1.7372213686470964e+03	1.8069840799740869e+03	1.6186669664207582e+03	1.6292868701534105e+03	1.7560690921177297e+03	1.9765782958913576e+03	1.8761375195789990e+03	1.8442404735109917e+03	1.8489115618132564e+03	2.3575557806573615e+03	2.0687926721689228e+03	2.2038356275814995e+03	2.1046094908464129e+03	1.6181038828866745e+03	2.3084965262864071e+03	1.8591990713569448e+03	1.9862815875430235e+03	2.0681840089132625e+03	1.9818964727937143e+03
1.7623152903842329e+03	1.6221097681437107e+03	1.8390457427903539e+03	1.6264298296332449e+03	2.0723415291386736e+03	1.8518263049934685e+03	1.7372213686470964e+03	1.8069825636607334e+03	1.6186669664207582e+03	1.6292866959123476e+03	1.7560177835233956e+03	1.9765779300068068e+03	1.8761375195789990e+03	1.8442404735109917e+03	1.8489115618132564e+03	2.3575557729643233e+03	2.0687926721689228e+03	2.2038356275814995e+03	2.1046093452916971e+03	1.6181038686171958e+03	2.3084965262864071e+03	1.8591990713569448e+03	1.9862741711503286e+03	2.0681838155966307e+03	1.9818964726641655e+03
1.7623152903842329e+03	1.6221097681437107e+03	1.8390457427903539e+03	1.6264298296332436e+03	2.0723415211911038e+03	1.8518262975947121e+03	1.7372213686470964e+03	1.8069822012835405e+03	1.6186662194134485e+03	1.6292866780897375e+03	1.7557680105543732e+03	1.9765776798196553e+03	1.8761375195789990e+03	1.8442404735109917e+03	1.8489115618132564e+03	2.3575557494502491e+03	2.0687918783445202e+03	2.2038356275814995e+03	2.1046092390421049e+03	1.6181037272837514e+03	2.3084959422928146e+03	1.8591990713569448e+03	1.9862741711503286e+03	2.0681838087441920e+03	1.9818964722601268e+03
1.7623121084195047e+03	1.6221097681437107e+03	1.8390447932832869e+03	1.6264298296332431e+03	2.0723415211911038e+03	1.8518262975947121e+03	1.7372213686470964e+03	1.8069822012835405e+03	1.6186658843172263e+03	1.6292866780897375e+03	1.7524387839758574e+03	1.9765771663869800e+03	1.8761375195789990e+03	1.8442404735109917e+03	1.8489115618132564e+03	2.3575557494502491e+03	2.0687918783445202e+03	2.2038355700747861e+03	2.1046092390421049e+03	1.6181037066245760e+03	2.3084953389806169e+03	1.8591990713569448e+03	1.9862741711503286e+03	2.0681832972352877e+03	1.9818964722601268e+03
1.7623087194362827e+03	1.6221097681437107e+03	1.8390447932832869e+03	1.6264298296332431e+03	2.0723415166990503e+03	1.8518260083044293e+03	1.7372213686470964e+03	1.8069822012835405e+03	1.6186656256273050e+03	1.6292866780897375e+03	1.7491150974421926e+03	1.9765768277045643e+03	1.8761375195789990e+03	1.8442404735109917e+03	1.8489115618132564e+03	2.3575557494502491e+03	2.0687906988473960e+03	2.2038355700747861e+03	2.1046092390421049e+03	1.6181035168502337e+03	2.3084947826950324e+03	1.8591990713569448e+03	1.9862688775054671e+03	2.0681832972352877e+03	1.9818964722601268e+03
1.7622802023313029e+03	1.6221097681437107e+03	1.8390447932832869e+03	1.6264298296332427e+03	2.0723415036752367e+03	1.8518260051039338e+03	1.7372191871997836e+03	1.8069808917884775e+03	1.6186636400113198e+03	1.6292865888687493e+03	1.7481107942661499e+03	1.9765764437649818e+03	1.8761366059496747e+03	1.8442404735109917e+03	1.8489115618132564e+03	2.3575555855410403e+03	2.0687894250179606e+03	2.2038355700747861e+03	2.1046092390421049e+03	1.6181034670529912e+03	2.3084947826950324e+03	1.8591990713569446e+03	1.9862577024658226e+03	2.0681830460063129e+03	1.9818964722601268e+03
1.7622768040369272e+03	1.6221097681437107e+03	1.8390447932832869e+03	1.6264298296332424e+03	2.0723414972429719e+03	1.8518260051039338e+03	1.7372191871997836e+03	1.8069808917884775e+03	1.6186636400113198e+03	1.6292865888687493e+03	1.7470388174158809e+03	1.9765763263847712e+03	1.8761366059496747e+03	1.8442403233058344e+03	1.8489114459674756e+03	2.3575555855410403e+03	2.0687894250179606e+03	2.2038350369897680e+03	2.1046092021446848e+03	1.6181034385550297e+03	2.3084946502642938e+03	1.8591990713569446e+03	1.9862577024658226e+03	2.0681829432243621e+03	1.9818964722202090e+03
1.7622359906268034e+03	1.6221097681437107e+03	1.8390447932832869e+03	1.6264298296332424e+03	2.0723414541498919e+03	1.8518255840799459e+03	1.7372191871997836e+03	1.8069808917884775e+03	1.6186636400113198e+03	1.6292865445201155e+03	1.7465824786561379e+03	1.9765761884352260e+03	1.8761365784463394e+03	1.8442403233058344e+03	1.8489108942516350e+03	2.3575555855410403e+03	2.0687894250179606e+03	2.2038350369897680e+03	2.1046092008009873e+03	1.6181034054612076e+03	2.3084946502642938e+03	1.8591990713569446e+03	1.9862570800867875e+03	2.0681825188353755e+03	1.9818964720214904e+03
1.7622329614915607e+03	1.6221097681437107e+03	1.8390447932832869e+03	1.6264298296332424e+03	2.0723414365019185e+03	1.8518255390301190e+03	1.7372143566066350e+03	1.8069808689838221e+03	1.6186636400113198e+03	1.6292865445201155e+03	1.7452998068886493e+03	1.9765760427407754e+03	1.8761365784463394e+03	1.8442403233058344e+03	1.8489108942516350e+03	2.3575555855410403e+03	2.0687894250179606e+03	2.2038350369897680e+03	2.1046092000507529e+03	1.6181034054612076e+03	2.3084944811170644e+03	1.8591990713569446e+03	1.9862570800867875e+03	2.0681825188353755e+03	1.9818964720214904e+03
1.7622263687386612e+03	1.6221097681437107e+03	1.8390447932832869e+03	1.6264298296332424e+03	2.0723414230580202e+03	1.8518255042105247e+03	1.7372061069140254e+03	1.8069808689838221e+03	1.6186636084412701e+03	1.6292864990151729e+03	1.7448712659240000e+03	1.9765757390127483e+03	1.8761362833223307e+03	1.8442396750283192e+03	1.8489108942516350e+03	2.3575555835857840e+03	2.0687894250179606e+03	2.2038350369897680e+03	2.1046090271964417e+03	1.6181033629613148e+03	2.3084939564215892e+03	1.8591990713569446e+03	1.9862559101201264e+03	2.0681825151564440e+03	1.9818964720214904e+03
1.7622263687386612e+03	1.6221084913086590e+03	1.8390442697505407e+03	1.6264298296332424e+03	2.0723414214401855e+03	1.8518255042105247e+03	1.7372061069140254e+03	1.8069803880027523e+03	1.6186636084412701e+03	1.6292864966257646e+03	1.7448358074913888e+03	1.9765751940579489e+03	1.8761351604945330e+03	1.8442396750283192e+03	1.8489108942516350e+03	2.3575555835857840e+03	2.0687894250179606e+03	2.2038347873438315e+03	2.1046088489915187e+03	1.6181033466437138e+03	2.3084938875247085e+03	1.8591990713569446e+03	1.9862182734481132e+03	2.0681825151564440e+03	1.9818964719096787e+03
1.7622263687386612e+03	1.6221084913086590e+03	1.8390438986050597e+03	1.6264298296332424e+03	2.0723414214401855e+03	1.8518255042105247e+03	1.7371921349365871e+03	1.8069803166583790e+03	1.6186632006432794e+03	1.6292864823648210e+03	1.7448178314607999e+03	1.9765742574908259e+03	1.8761351554683488e+03	1.8442396750283192e+03	1.8489108942516350e+03	2.3575555835857840e+03	2.0687892136513387e+03	2.2038344409074798e+03	2.1046088489915187e+03	1.6181033446241750e+03	2.3084937017360076e+03	1.8591990713569446e+03	1.9862182734481132e+03	2.0681824665867484e+03	1.9818964719096787e+03
1.7622258670924339e+03	1.6221084913086590e+03	1.8390438986050597e+03	1.6264298296332424e+03	2.0723412451932459e+03	1.8518255042105247e+03	1.7371921349365871e+03	1.8069760193124673e+03	1.6186632006432794e+03	1.6292864638069109e+03	1.7447609992455375e+03	1.9765733298689236e+03	1.8761351554683488e+03	1.8442370946729754e+03	1.8489108942516350e+03	2.3575555826146528e+03	2.0687892136513387e+03	2.2038342805723623e+03	2.1046084934421729e+03	1.6181033446241750e+03	2.3084935612332347e+03	1.8591990713569446e+03	1.9862182734481132e+03	2.0681824665867484e+03	1.9818964719096787e+03
1.7622254489111820e+03	1.6221084913086590e+03	1.8390438986050597e+03	1.6264298296332424e+03	2.0723412451932459e+03	1.8518255042105247e+03	1.7371828223882371e+03	1.8069760193124673e+03	1.6186632006432794e+03	1.6292864400253588e+03	1.7444868214166343e+03	1.9765728829453119e+03	1.8761351554683488e+03	1.8442345979734926e+03	1.8489108942516350e+03	2.3575555600129510e+03	2.0687890833318475e+03	2.2038342805723623e+03	2.1046084044662011e+03	1.6181033293561936e+03	2.3084935612332347e+03	1.8591990713569446e+03	1.9862182177745431e+03	2.0681824665867484e+03	1.9818964719096787e+03
1.7622244056407792e+03	1.6221082163909655e+03	1.8390437382510938e+03	1.6264298296332424e+03	2.0723412451932459e+03	1.8518254607994872e+03	1.7371828223882371e+03	1.8069750435942526e+03	1.6186626978414004e+03	1.6292864172748700e+03	1.7444440539993375e+03	1.9765727763381733e+03	1.8761341235409229e+03	1.8442335104612114e+03	1.8489106033894711e+03	2.3575554435969129e+03	2.0687890833318475e+03	2.2038342805723623e+03	2.1046083613347960e+03	1.6181033236136045e+03	2.3084935612332347e+03	1.8591990713569446e+03	1.9862182177745431e+03	2.0681820121600426e+03	1.9818964717854178e+03
1.7622238545133666e+03	1.6221080740191896e+03	1.8390437382510938e+03	1.6264298296332424e+03	2.0723411006095148e+03	1.8518251980072484e+03	1.7371828223882371e+03	1.8069746543901197e+03	1.6186625465212067e+03	1.6292864172748700e+03	1.7444440539993375e+03	1.9765726738417470e+03	1.8761341235409229e+03	1.8442335104612114e+03	1.8489106033894711e+03	2.3575554435969129e+03	2.0687890833318475e+03	2.2038342805723623e+03	2.1046083613347960e+03	1.6181033236128469e+03	2.3084934917202672e+03	1.8591990713569446e+03	1.9862075060847935e+03	2.0681820121600426e+03	1.9818964717854178e+03
1.7622236497854640e+03	1.6221080740191896e+03	1.8390431200138819e+03	1.6264298296332424e+03	2.0723408670981257e+03	1.8518251683744079e+03	1.7371828223882371e+03	1.8069746543901197e+03	1.6186619931508078e+03	1.6292863914311520e+03	1.7444431671007383e+03	1.9765725860393529e+03	1.8761341235409229e+03	1.8442335104612114e+03	1.8489097292719880e+03	2.3575554435969129e+03	2.0687890833318475e+03	2.2038342718734671e+03	2.1046083613347960e+03	1.6181033076741251e+03	2.3084934917202672e+03	1.8591990713569446e+03	1.9862075060847935e+03	2.0681809728008957e+03	1.9818964715986465e+03
1.7622230814236232e+03	1.6221080740191896e+03	1.8390421010124442e+03	1.6264298296332424e+03	2.0723408670981257e+03	1.8518251237080749e+03	1.7371798473165600e+03	1.8069746543901197e+03	1.6186611967877222e+03	1.6292863579740267e+03	1.7444401336483988e+03	1.9765723073031431e+03	1.8761341235409229e+03	1.8442335104612114e+03	1.8489097292719880e+03	2.3575553661120839e+03	2.0687890833318475e+03	2.2038342718734671e+03	2.1046083613347960e+03	1.6181032991341476e+03	2.3084934917202672e+03	1.8591990713569446e+03	1.9862075060847935e+03	2.0681808010572618e+03	1.9818964715986465e+03
1.7622230814236232e+03	1.6221075242504346e+03	1.8390421010124442e+03	1.6264298296332424e+03	2.0723408670981257e+03	1.8518251237080749e+03	1.7371798473165600e+03	1.8069721134375154e+03	1.6186609121484173e+03	1.6292862983799985e+03	1.7444377269516240e+03	1.9765721493403148e+03	1.8761336926984613e+03	1.8442334733243708e+03	1.8489097292719880e+03	2.3575553661120839e+03	2.0687890827819474e+03	2.2038342718734671e+03	2.1046083443089601e+03	1.6181032866349674e+03	2.3084933864928516e+03	1.8591990713569446e+03	1.9862075060847935e+03	2.0681801331515885e+03	1.9818964715986465e+03
1.7622218261460548e+03	1.6221075242504346e+03	1.8390415742755476e+03	1.6264298296332424e+03	2.0723408670981257e+03	1.8518251237080749e+03	1.7371798473165600e+03	1.8069721134375154e+03	1.6186596629297808e+03	1.6292862495629920e+03	1.7444360843905222e+03	1.9765720347494703e+03	1.8761336926984613e+03	1.8442334733243708e+03	1.8489097292719880e+03	2.3575553581229024e+03	2.0687886018001814e+03	2.2038342561207214e+03	2.1046083443089601e+03	1.6181032840284145e+03	2.3084933618272444e+03	1.8591990713569446e+03	1.9862075060847935e+03	2.0681801331515885e+03	1.9818964715986465e+03
1.7622218261460548e+03	1.6221075242504346e+03	1.8390415742755476e+03	1.6264298296332424e+03	2.0723408655197218e+03	1.8518251237080749e+03	1.7371798473165600e+03	1.8069702628571799e+03	1.6186591793648156e+03	1.6292862042489678e+03	1.7444360839577068e+03	1.9765716977486056e+03	1.8761336926984613e+03	1.8442333494465561e+03	1.8489088998974471e+03	2.3575552231075671e+03	2.0687885758983721e+03	2.2038342522812891e+03	2.1046082060947533e+03	1.6181032666535241e+03	2.3084933409315468e+03	1.8591990713569446e+03	1.9862000190330475e+03	2.0681798327186461e+03	1.9818964715986465e+03
1.7622212653563556e+03	1.6221075242504346e+03	1.8390415742755476e+03	1.6264298296332424e+03	2.0723408494040673e+03	1.8518251237080749e+03	1.7371798473165600e+03	1.8069702628571799e+03	1.6186591793648156e+03	1.6292861720979256e+03	1.7444356773323666e+03	1.9765716185914266e+03	1.8761336926984613e+03	1.8442333494465561e+03	1.8489088998974471e+03	2.3575552231075671e+03	2.0687885292532014e+03	2.2038342367509813e+03	2.1046081378238059e+03	1.6181032553455921e+03	2.3084931387613515e+03	1.8591990713569446e+03	1.9862000190330475e+03	2.0681793008568166e+03	1.9818964715353950e+03
1.7622212653563556e+03	1.6221075242504346e+03	1.8390411561959720e+03	1.6264298296332424e+03	2.0723408366279223e+03	1.8518251237080749e+03	1.7371768063563966e+03	1.8069702628571799e+03	1.6186591793648156e+03	1.6292861637241490e+03	1.7444334294440264e+03	1.9765715069065755e+03	1.8761336926984613e+03	1.8442333494465561e+03	1.8489087280845592e+03	2.3575552231075671e+03	2.0687874770330709e+03	2.2038342115376859e+03	2.1046081296325706e+03	1.6181032400939973e+03	2.3084930871330316e+03	1.8591990713569446e+03	1.9862000190330475e+03	2.0681793008568166e+03	1.9818964715353950e+03
1.7622212340173471e+03	1.6221075242504346e+03	1.8390409079964186e+03	1.6264298296332424e+03	2.0723408366279223e+03	1.8518251237080749e+03	1.7371733480703697e+03	1.8069702628571799e+03	1.6186590862284811e+03	1.6292861439175160e+03	1.7444323927751184e+03	1.9765714701263264e+03	1.8761336926984613e+03	1.8442332490848703e+03	1.8489087280845592e+03	2.3575552231075671e+03	2.0687873435589490e+03	2.2038332618028612e+03	2.1046080850868971e+03	1.6181032106053303e+03	2.3084927961462445e+03	1.8591990713569446e+03	1.9861486063652462e+03	2.0681793008568166e+03	1.9818964714604058e+03
1.7622212144647310e+03	1.6221075242504346e+03	1.8390408721960100e+03	1.6264298296332424e+03	2.0723403747624820e+03	1.8518251237080749e+03	1.7371733480703697e+03	1.8068510264619129e+03	1.6186590862284811e+03	1.6292861241903270e+03	1.7444277584109236e+03	1.9765713533328499e+03	1.8761336926984613e+03	1.8442332490848703e+03	1.8489087280845592e+03	2.3575552231075671e+03	2.0687873435589490e+03	2.2038330837460894e+03	2.1046080667210658e+03	1.6181032074670754e+03	2.3084926402702818e+03	1.8591990713569446e+03	1.9861486063652462e+03	2.0681791767879340e+03	1.9818964713790185e+03
1.7622203495585552e+03	1.6221075242504346e+03	1.8390408721960100e+03	1.6264298296332424e+03	2.0723403747624820e+03	1.8518251020419762e+03	1.7371733480703697e+03	1.8068305076925187e+03	1.6186590862284811e+03	1.6292861048641216e+03	1.7444271570693184e+03	1.9765712169926142e+03	1.8761316813721337e+03	1.8442319902163836e+03	1.8489085414275362e+03	2.3575552231075671e+03	2.0687871420462416e+03	2.2038326789094781e+03	2.1046080127425334e+03	1.6181031976323138e+03	2.3084924843419117e+03	1.8591990713569446e+03	1.9861463395184742e+03	2.0681791767879340e+03	1.9818964713744915e+03
1.7622203051096342e+03	1.6221075242504346e+03	1.8390408082721772e+03	1.6264298296332424e+03	2.0723403747624820e+03	1.8518251020419762e+03	1.7371733480703697e+03	1.8068095095086062e+03	1.6186576714491400e+03	1.6292860943489165e+03	1.7444271570693184e+03	1.9765700574837392e+03	1.8761316813721337e+03	1.8442319902163836e+03	1.8489085414275362e+03	2.3575552231075671e+03	2.0687871420462416e+03	2.2038326789094781e+03	2.1046079945003944e+03	1.6181031733513855e+03	2.3084924367666586e+03	1.8591990713569446e+03	1.9861463395184742e+03	2.0681791767879340e+03	1.9818964713093364e+03
1.7622202711479017e+03	1.6221075242504346e+03	1.8390407789459193e+03	1.6264298296332424e+03	2.0723402664395639e+03	1.8518251020419762e+03	1.7371733480703697e+03	1.8068002394096857e+03	1.6186573398477929e+03	1.6292860719994558e+03	1.7444271570693184e+03	1.9765696857827020e+03	1.8761316813721337e+03	1.8442319902163836e+03	1.8489083298898720e+03	2.3575552231075671e+03	2.0687868338928165e+03	2.2038326673562019e+03	2.1046079898465173e+03	1.6181031588889878e+03	2.3084921293906423e+03	1.8591990713569446e+03	1.9861219815019383e+03	2.0681791767879340e+03	1.9818964712153715e+03
1.7622201665292437e+03	1.6221075242504346e+03	1.8390405289363080e+03	1.6264298296332424e+03	2.0723401036046143e+03	1.8518250724647883e+03	1.7371691257668567e+03	1.8068002394096857e+03	1.6186573398477929e+03	1.6292860640331207e+03	1.7444235104098379e+03	1.9765695939193056e+03	1.8761301012491608e+03	1.8442312199652868e+03	1.8489083298898720e+03	2.3575552059462857e+03	2.0687863147605817e+03	2.2038326673562019e+03	2.1046079557688022e+03	1.6181031485336559e+03	2.3084921293906423e+03	1.8591990713569446e+03	1.9861219815019383e+03	2.0681791767879340e+03	1.9818964709146321e+03
1.7622198619562687e+03	1.6221075242504346e+03	1.8390402496873414e+03	1.6264298296332424e+03	2.0723399752635733e+03	1.8518247276516447e+03	1.7371691257668567e+03	1.8068002394096857e+03	1.6186541942186420e+03	1.6292860396913727e+03	1.7444207389636317e+03	1.9765695096079457e+03	1.8761301012491608e+03	1.8442312199652868e+03	1.8489083298898720e+03	2.3575551919300387e+03	2.0687863147605817e+03	2.2038325940035925e+03	2.1046079150213100e+03	1.6181031485336559e+03	2.3084921293906423e+03	1.8591990713569446e+03	1.9860666074044382e+03	2.0681791767879340e+03	1.9818964709146321e+03
1.7622193653437844e+03	1.6221075242504346e+03	1.8390399282918954e+03	1.6264298296332424e+03	2.0723399182023686e+03	1.8518247276516447e+03	1.7371691257668567e+03	1.8067969764780680e+03	1.6186537754902201e+03	1.6292860148551938e+03	1.7444161035352258e+03	1.9765694327384319e+03	1.8761292758856996e+03	1.8442310694616558e+03	1.8489083298898720e+03	2.3575551690666252e+03	2.0687860972491590e+03	2.2038325940035925e+03	2.1046079023018938e+03	1.6181031475704390e+03	2.3084921255622457e+03	1.8591990713569446e+03	1.9860538929927357e+03	2.0681791767879340e+03	1.9818964709146321e+03
1.7622185253511143e+03	1.6221075242504346e+03	1.8390396411947361e+03	1.6264298296332424e+03	2.0723399182023686e+03	1.8518247276516447e+03	1.7371654197395362e+03	1.8067969764780680e+03	1.6186478872427726e+03	1.6292859986188487e+03	1.7444098601785900e+03	1.9765694327384319e+03	1.8761271860221054e+03	1.8442309719025386e+03	1.8489079935315165e+03	2.3575551690666252e+03	2.0687860972491590e+03	2.2038322544538714e+03	2.1046078676804091e+03	1.6181031453415681e+03	2.3084921255622457e+03	1.8591990713569446e+03	1.9859753578786363e+03	2.0681791767879340e+03	1.9818964708726173e+03
1.7622184075370399e+03	1.6221075242504346e+03	1.8390379366324066e+03	1.6264298296332424e+03	2.0723399182023686e+03	1.8518246871770000e+03	1.7371654197395362e+03	1.8067969764780680e+03	1.6186270360428964e+03	1.6292859914804033e+03	1.7444098601785900e+03	1.9765693718206271e+03	1.8761271860221054e+03	1.8442309719025386e+03	1.8489079935315165e+03	2.3575550840345149e+03	2.0687860972491590e+03	2.2038322544538714e+03	2.1046078378462375e+03	1.6181031404902571e+03	2.3084921255622457e+03	1.8591990713569446e+03	1.9859661257855578e+03	2.0681790243924975e+03	1.9818964707137379e+03
1.7622182428915348e+03	1.6221075242504346e+03	1.8390372386717772e+03	1.6264298296332424e+03	2.0723399182023686e+03	1.8518246871770000e+03	1.7371654197395362e+03	1.8067968832940221e+03	1.6186263097672420e+03	1.6292859719562275e+03	1.7444001922872724e+03	1.9765693370516444e+03	1.8761271860221054e+03	1.8442309719025386e+03	1.8489079935315165e+03	2.3575550743240942e+03	2.0687860972491590e+03	2.2038322544538714e+03	2.1046078140237046e+03	1.6181031404879229e+03	2.3084919206043287e+03	1.8591990713569446e+03	1.9859395209222230e+03	2.0681789152234051e+03	1.9818964705969850e+03
1.7622182428915348e+03	1.6221075242504346e+03	1.8390367903486097e+03	1.6264298296332424e+03	2.0723397226075272e+03	1.8518246871770000e+03	1.7371654197395362e+03	1.8067958240179260e+03	1.6186263097672420e+03	1.6292859359433523e+03	1.7443984074396649e+03	1.9765693370516444e+03	1.8761271860221054e+03	1.8442309719025386e+03	1.8489079129002091e+03	2.3575550703686276e+03	2.0687856358868094e+03	2.2038322544538714e+03	2.1046078140237046e+03	1.6181031391757006e+03	2.3084919206043287e+03	1.8591990713569446e+03	1.9859395209222230e+03	2.0681783905627794e+03	1.9818964705969850e+03
1.7622182298777482e+03	1.6221075242504346e+03	1.8390363554212684e+03	1.6264298296332424e+03	2.0723392799916410e+03	1.8518246800317490e+03	1.7371605993847754e+03	1.8067958240179260e+03	1.6186263097672420e+03	1.6292848148657399e+03	1.7443966594687950e+03	1.9765693370516444e+03	1.8761270454648661e+03	1.8442305566055895e+03	1.8489079129002091e+03	2.3575550703686276e+03	2.0687856358868094e+03	2.2038322544538714e+03	2.1046077951787543e+03	1.6181031391757006e+03	2.3084919206043287e+03	1.8591990713569446e+03	1.9859335028326273e+03	2.0681783905627794e+03	1.9818964705510475e+03
1.7622181600083650e+03	1.6221074944476895e+03	1.8390363554212684e+03	1.6264298296332422e+03	2.0723392799916410e+03	1.8518246548844984e+03	1.7371528586571999e+03	1.8067958240179260e+03	1.6186254948400790e+03	1.6292846845268905e+03	1.7443935163868921e+03	1.9765693370516444e+03	1.8761265462178189e+03	1.8442298519635413e+03	1.8489079129002091e+03	2.3575550703686276e+03	2.0687855465064954e+03	2.2038322544538714e+03	2.1046076818663541e+03	1.6181031385846663e+03	2.3084919206043287e+03	1.8591990713569446e+03	1.9859045561723185e+03	2.0681783905627794e+03	1.9818964705308063e+03
1.7622181410790349e+03	1.6221074944476895e+03	1.8390363361729489e+03	1.6264298296332422e+03	2.0723392799916410e+03	1.8518246530537856e+03	1.7371528586571999e+03	1.8067958240179260e+03	1.6186214717969253e+03	1.6292845709817932e+03	1.7443876492932723e+03	1.9765693370516444e+03	1.8761259397260501e+03	1.8442298519635413e+03	1.8489079129002091e+03	2.3575550703686276e+03	2.0687851878736519e+03	2.2038322544538714e+03	2.1046076818663541e+03	1.6181031376238775e+03	2.3084918595739950e+03	1.8591990713569446e+03	1.9858821099237421e+03	2.0681782408601739e+03	1.9818964702124747e+03
1.7622178095699921e+03	1.6221072571181714e+03	1.8390362702815676e+03	1.6264298296332422e+03	2.0723389183121503e+03	1.8518246222930243e+03	1.7371528586571999e+03	1.8067958240179260e+03	1.6186214717969253e+03	1.6292845305615981e+03	1.7443876492932723e+03	1.9765693279229904e+03	1.8761259397260501e+03	1.8442298325859144e+03	1.8489079129002091e+03	2.3575550652179254e+03	2.0687851878736519e+03	2.2038322544538714e+03	2.1046076234017187e+03	1.6181031367668534e+03	2.3084917937867581e+03	1.8591990713569446e+03	1.9858206117157270e+03	2.0681782408601739e+03	1.9818964702124747e+03
1.7622178079836522e+03	1.6221072571181714e+03	1.8390362004540978e+03	1.6264298296332422e+03	2.0723384762197425e+03	1.8518245128432407e+03	1.7371500155726981e+03	1.8067953071256516e+03	1.6186214717969253e+03	1.6292845117032446e+03	1.7443855839224868e+03	1.9765693186347053e+03	1.8761240705634277e+03	1.8442298325859144e+03	1.8489079129002091e+03	2.3575550652179254e+03	2.0687851609434911e+03	2.2038322544538714e+03	2.1046075508482540e+03	1.6181031364179871e+03	2.3084917937867581e+03	1.8591990713569446e+03	1.9857979498811710e+03	2.0681782408601739e+03	1.9818964701259774e+03
1.7622178079836522e+03	1.6221072571181714e+03	1.8390362004540978e+03	1.6264298296332422e+03	2.0723384762197425e+03	1.8518244637075290e+03	1.7371403289799018e+03	1.8067953071256516e+03	1.6186210943456329e+03	1.6292845014378713e+03	1.7443837160734570e+03	1.9765693117033723e+03	1.8761233694787709e+03	1.8442298325859144e+03	1.8489079129002091e+03	2.3575550467943144e+03	2.0687851609434911e+03	2.2038322544538714e+03	2.1046075508482540e+03	1.6181031355992914e+03	2.3084917937867581e+03	1.8591990713569446e+03	1.9857979498811710e+03	2.0681782408601739e+03	1.9818964696438375e+03
1.7622178079836522e+03	1.6221072571181714e+03	1.8390344091616985e+03	1.6264298296332422e+03	2.0723384272474004e+03	1.8518244637075290e+03	1.7371385104110109e+03	1.8067953071256516e+03	1.6186210943456329e+03	1.6292844927146245e+03	1.7443807423511282e+03	1.9765692972764218e+03	1.8761233392955073e+03	1.8442298325859144e+03	1.8489079129002091e+03	2.3575550461336452e+03	2.0687848552551823e+03	2.2038322544538714e+03	2.1046075508482540e+03	1.6181031349907519e+03	2.3084917257118950e+03	1.8591990713569446e+03	1.9857979498811710e+03	2.0681782408601739e+03	1.9818964689546460e+03
1.7622177186945817e+03	1.6221072571181714e+03	1.8390343885183097e+03	1.6264298296332422e+03	2.0723379940299874e+03	1.8518244637075290e+03	1.7371385104110109e+03	1.8067953071256516e+03	1.6186178502880932e+03	1.6292844838582712e+03	1.7443807423511282e+03	1.9765692831951330e+03	1.8761220307332935e+03	1.8442295539603458e+03	1.8489079129002091e+03	2.3575549019579603e+03	2.0687848552551823e+03	2.2038322544538714e+03	2.1046075508482540e+03	1.6181031344601206e+03	2.3084914627861508e+03	1.8591990713569446e+03	1.9857979498811710e+03	2.0681782408601739e+03	1.9818964685534406e+03
1.7622173159294321e+03	1.6221072571181714e+03	1.8390339794419010e+03	1.6264298296332422e+03	2.0723379940299874e+03	1.8518244156682010e+03	1.7371385104110109e+03	1.8067951923687058e+03	1.6186162617955724e+03	1.6292844719820482e+03	1.7443804078424896e+03	1.9765692831951330e+03	1.8761220307332935e+03	1.8442295539603458e+03	1.8489079129002091e+03	2.3575549019579603e+03	2.0687848552551823e+03	2.2038322544538714e+03	2.1046075327143785e+03	1.6181031337963307e+03	2.3084914092588187e+03	1.8591990713569446e+03	1.9857699839541444e+03	2.0681782408601739e+03	1.9818964685534406e+03
1.7622170311598709e+03	1.6221072571181714e+03	1.8390336805656095e+03	1.6264298296332422e+03	2.0723378712032577e+03	1.8518243172445191e+03	1.7371378211986610e+03	1.8067951923687058e+03	1.6186120222952713e+03	1.6292844680745618e+03	1.7443802788043886e+03	1.9765692820532165e+03	1.8761220307332935e+03	1.8442295539603458e+03	1.8489079129002091e+03	2.3575548802330377e+03	2.0687847402492666e+03	2.2038322544538714e+03	2.1046075327143785e+03	1.6181031330516535e+03	2.3084914092588187e+03	1.8591990713569446e+03	1.9857625869454725e+03	2.0681782273733120e+03	1.9818964671810659e+03
1.7622170311598709e+03	1.6221072571181714e+03	1.8390333573691523e+03	1.6264298296332422e+03	2.0723378712032577e+03	1.8518242589291337e+03	1.7371378211986610e+03	1.8067951923687058e+03	1.6186017730890824e+03	1.6292844630988698e+03	1.7443802788043886e+03	1.9765692641339208e+03	1.8761220307332935e+03	1.8442295539603458e+03	1.8489079129002091e+03	2.3575548630993817e+03	2.0687846957685942e+03	2.2038322544538714e+03	2.1046075327143785e+03	1.6181031316689835e+03	2.3084913379987065e+03	1.8591990713569446e+03	1.9857520461149409e+03	2.0681782183352620e+03	1.9818964671810659e+03
1.7622170229484091e+03	1.6221072571181714e+03	1.8390327074729587e+03	1.6264298296332422e+03	2.0723373134547915e+03	1.8518242366052377e+03	1.7371377501537477e+03	1.8067949764061468e+03	1.6185982594441657e+03	1.6292844581083973e+03	1.7443795267240207e+03	1.9765692641339208e+03	1.8761220307332935e+03	1.8442295539603458e+03	1.8489078814697402e+03	2.3575548590535263e+03	2.0687846957685942e+03	2.2038322544538714e+03	2.1046075294849338e+03	1.6181031308582624e+03	2.3084913098235261e+03	1.8591990713569446e+03	1.9857496430395981e+03	2.0681782183352620e+03	1.9818964671810659e+03
1.7622170229484091e+03	1.6221072571181714e+03	1.8390327074729587e+03	1.6264298296332422e+03	2.0723370078544353e+03	1.8518242354623430e+03	1.7371377501537477e+03	1.8067949764061468e+03	1.6185948122445564e+03	1.6292844348157028e+03	1.7443790337378571e+03	1.9765692641339208e+03	1.8761219000919821e+03	1.8442282670174770e+03	1.8489078814697402e+03	2.3575548590535263e+03	2.0687846140669385e+03	2.2038322544538714e+03	2.1046075190409197e+03	1.6181031293432216e+03	2.3084913003904785e+03	1.8591990713569446e+03	1.9857496430395981e+03	2.0681781663168495e+03	1.9818964662299456e+03
1.7622170058895833e+03	1.6221058956264108e+03	1.8390326886059518e+03	1.6264298296332422e+03	2.0723368567863590e+03	1.8518242354623430e+03	1.7371377501537477e+03	1.8067949764061468e+03	1.6185936528824941e+03	1.6292844218314292e+03	1.7443770824623173e+03	1.9765692513303140e+03	1.8761206693968384e+03	1.8442282670174770e+03	1.8489078814697402e+03	2.3575548496010970e+03	2.0687846140669385e+03	2.2038321803800441e+03	2.1046075176735580e+03	1.6181031278136936e+03	2.3084912828868978e+03	1.8591990713569446e+03	1.9857187167265774e+03	2.0681781663168495e+03	1.9818964659138269e+03
1.7622169927171856e+03	1.6221058956264108e+03	1.8390326114815737e+03	1.6264298296332422e+03	2.0723366265775708e+03	1.8518242193529147e+03	1.7371377501537477e+03	1.8067949764061468e+03	1.6185936528824941e+03	1.6292844166865605e+03	1.7443754696743201e+03	1.9765692513303140e+03	1.8761206693968384e+03	1.8442276812863797e+03	1.8489078814697402e+03	2.3575548217193000e+03	2.0687844023354423e+03	2.2038321803800441e+03	2.1046075176735580e+03	1.6181031258496182e+03	2.3084912451570958e+03	1.8591990713569444e+03	1.9856959727357134e+03	2.0681781663168495e+03	1.9818964659138269e+03
1.7622169346860612e+03	1.6221058956264108e+03	1.8390325344277842e+03	1.6264298296332422e+03	2.0723366265775708e+03	1.8518242046414523e+03	1.7371377501537477e+03	1.8067949600197323e+03	1.6185935018056030e+03	1.6292844133584606e+03	1.7443753140957326e+03	1.9765692354743373e+03	1.8761206693968384e+03	1.8442276812863797e+03	1.8489078814697402e+03	2.3575548176510842e+03	2.0687842831089765e+03	2.2038321803800441e+03	2.1046075176735580e+03	1.6181031251616992e+03	2.3084911642173502e+03	1.8591990713569444e+03	1.9856939662129366e+03	2.0681781663168495e+03	1.9818964657908614e+03
1.7622168705891252e+03	1.6221058388655949e+03	1.8390324821043491e+03	1.6264298296332422e+03	2.0723366265775708e+03	1.8518241910966863e+03	1.7371242555980261e+03	1.8067949600197323e+03	1.6185923788176437e+03	1.6292844119825850e+03	1.7443741042146110e+03	1.9765692354743373e+03	1.8761201234858743e+03	1.8442264891027617e+03	1.8489078814697402e+03	2.3575547924566927e+03	2.0687842831089765e+03	2.2038321803800441e+03	2.1046075176735580e+03	1.6181031216598478e+03	2.3084911214608246e+03	1.8591990713569444e+03	1.9856939662129366e+03	2.0681781653499716e+03	1.9818964651185156e+03
1.7622168039593482e+03	1.6221058388655949e+03	1.8390323414320003e+03	1.6264298296332422e+03	2.0723366265775708e+03	1.8518241671117798e+03	1.7371242555980261e+03	1.8067946951443887e+03	1.6185922098122041e+03	1.6292844102569204e+03	1.7443741042146110e+03	1.9765692304231534e+03	1.8761201234858743e+03	1.8442260603371610e+03	1.8489078814697402e+03	2.3575547924566927e+03	2.0687842676934351e+03	2.2038321803800441e+03	2.1046075121715953e+03	1.6181031147812866e+03	2.3084910133322619e+03	1.8591990713569444e+03	1.9856557472552395e+03	2.0681781653499716e+03	1.9818964648752722e+03
1.7622165581660861e+03	1.6221058388655949e+03	1.8390321113528680e+03	1.6264298296332422e+03	2.0723363727953483e+03	1.8518241631982569e+03	1.7371242555980261e+03	1.8067945630052666e+03	1.6185913325990064e+03	1.6292844093466847e+03	1.7443740696548412e+03	1.9765692191393218e+03	1.8761201234858743e+03	1.8442260176558602e+03	1.8489078814697402e+03	2.3575547649969267e+03	2.0687842319314163e+03	2.2038321657779729e+03	2.1046075120665273e+03	1.6181030942461211e+03	2.3084910133322619e+03	1.8591990713569444e+03	1.9854655856461466e+03	2.0681779985315575e+03	1.9818964648752722e+03
1.7622163613471566e+03	1.6221041746677115e+03	1.8390317407244097e+03	1.6264298296332422e+03	2.0723363696448428e+03	1.8518241471791032e+03	1.7371242555980261e+03	1.8067945630052666e+03	1.6185904434602141e+03	1.6292844068660222e+03	1.7443738854598073e+03	1.9765692191393218e+03	1.8761201234858743e+03	1.8442247458765282e+03	1.8489078814697402e+03	2.3575547649969267e+03	2.0687840386640378e+03	2.2038314573504163e+03	2.1046075056410441e+03	1.6181030547954092e+03	2.3084910133322619e+03	1.8591990713569444e+03	1.9853746400901841e+03	2.0681779975301506e+03	1.9818964648653932e+03
1.7622161197815869e+03	1.6221041746677115e+03	1.8390310279030230e+03	1.6264298296332422e+03	2.0723363696448428e+03	1.8518241379941833e+03	1.7371242555980261e+03	1.8067944294455936e+03	1.6185904434602141e+03	1.6292844058799114e+03	1.7443738183170969e+03	1.9765692135376712e+03	1.8761201234858743e+03	1.8442246324397624e+03	1.8489078814697402e+03	2.3575547431008040e+03	2.0687840378428982e+03	2.2038314573504163e+03	2.1046075005630196e+03	1.6181029881294858e+03	2.3084910068724926e+03	1.8591990713569444e+03	1.9852577286770459e+03	2.0681779006008214e+03	1.9818964647601479e+03
1.7622153085936245e+03	1.6220902362872623e+03	1.8390306344704154e+03	1.6264298296332422e+03	2.0723361490263592e+03	1.8518241062147058e+03	1.7371242555980261e+03	1.8067944294455936e+03	1.6185903243004677e+03	1.6292844050273798e+03	1.7443731105521031e+03	1.9765692135376712e+03	1.8761201234858743e+03	1.8442246145847134e+03	1.8489078814697402e+03	2.3575547431008040e+03	2.0687839847330692e+03	2.2038314132072446e+03	2.1046075005630196e+03	1.6181029842399666e+03	2.3084910068724926e+03	1.8591990713569444e+03	1.9851943876641988e+03	2.0681777663045505e+03	1.9818964646079303e+03
1.7622153085936245e+03	1.6220856286355297e+03	1.8390305077691157e+03	1.6264298296332422e+03	2.0723361490263592e+03	1.8518240904935631e+03	1.7371242555980261e+03	1.8067944245089809e+03	1.6185897387469154e+03	1.6292844029022983e+03	1.7443731105521031e+03	1.9765691966472814e+03	1.8761201234858743e+03	1.8442233818275720e+03	1.8489078814697402e+03	2.3575547428999143e+03	2.0687838720743807e+03	2.2038314132072446e+03	2.1046074973763784e+03	1.6181029820309511e+03	2.3084910068724926e+03	1.8591990713569444e+03	1.9851638942786767e+03	2.0681777663045505e+03	1.9818964634307818e+03
1.7622145740822307e+03	1.6219933772314496e+03	1.8390303955815627e+03	1.6264298296332422e+03	2.0723361294250944e+03	1.8518240829740851e+03	1.7371242555980261e+03	1.8067944233978003e+03	1.6185894423827281e+03	1.6292844014245693e+03	1.7443731105521031e+03	1.9765691966472814e+03	1.8761201234858743e+03	1.8442233818275720e+03	1.8489078814697402e+03	2.3575547428999143e+03	2.0687837680953753e+03	2.2038311368353002e+03	2.1046074958726126e+03	1.6181029817712022e+03	2.3084910068724926e+03	1.8591990713569444e+03	1.9851585382721396e+03	2.0681777663045505e+03	1.9818964634014521e+03
1.7622138291018450e+03	1.6219332010348544e+03	1.8390303029685067e+03	1.6264298296332422e+03	2.0723361294250944e+03	1.8518240649299526e+03	1.7371242555980261e+03	1.8067942713316538e+03	1.6185887414021777e+03	1.6292844000648624e+03	1.7443724275372481e+03	1.9765691942394344e+03	1.8761189543414869e+03	1.8442233818275720e+03	1.8489078814697402e+03	2.3575547400737819e+03	2.0687836941554865e+03	2.2038311368353002e+03	2.1046074930650220e+03	1.6181029813901832e+03	2.3084909651086691e+03	1.8591990713569444e+03	1.9851585382721396e+03	2.0681777663045505e+03	1.9818964621115499e+03
1.7622130717306663e+03	1.6219332010348544e+03	1.8390301826187767e+03	1.6264298296332422e+03	2.0723361294250944e+03	1.8518240635175737e+03	1.7371228223420085e+03	1.8067941985828870e+03	1.6185887414021777e+03	1.6292843997631046e+03	1.7443720473743656e+03	1.9765691942394344e+03	1.8761187728231821e+03	1.8442233818275720e+03	1.8489078814697402e+03	2.3575547231534933e+03	2.0687833500930192e+03	2.2038311368353002e+03	2.1046074888817107e+03	1.6181029811565643e+03	2.3084909651086691e+03	1.8591990713569444e+03	1.9851585382721396e+03	2.0681777473150955e+03	1.9818964621115499e+03
1.7622114378702361e+03	1.6218728212928895e+03	1.8390300965255535e+03	1.6264298296332422e+03	2.0723361294250944e+03	1.8518240193754482e+03	1.7371228223420085e+03	1.8067941985828870e+03	1.6185887414021777e+03	1.6292843984758379e+03	1.7443719115679107e+03	1.9765691942394344e+03	1.8761177501517457e+03	1.8442233818275720e+03	1.8489078814697402e+03	2.3575547213413270e+03	2.0687830427803988e+03	2.2038311034214958e+03	2.1046074839906837e+03	1.6181029800336303e+03	2.3084908603740896e+03	1.8591990713569444e+03	1.9851442976118024e+03	2.0681776699564275e+03	1.9818964621115499e+03
1.7622114378702361e+03	1.6218728212928895e+03	1.8390299490879102e+03	1.6264298296332422e+03	2.0723360369515331e+03	1.8518239983988713e+03	1.7371228223420085e+03	1.8067939264620602e+03	1.6185887414021777e+03	1.6292843980969753e+03	1.7443715712655899e+03	1.9765691942394344e+03	1.8761177501517457e+03	1.8442233818275720e+03	1.8489078814697402e+03	2.3575546858654943e+03	2.0687829744626911e+03	2.2038311034214958e+03	2.1046074808193803e+03	1.6181029792543968e+03	2.3084908603740896e+03	1.8591990713569444e+03	1.9851411493812516e+03	2.0681775806020823e+03	1.9818964607628677e+03
1.7622103630545521e+03	1.6218169981951503e+03	1.8390298787564711e+03	1.6264298296332422e+03	2.0723359478394859e+03	1.8518239773348719e+03	1.7371228223420085e+03	1.8067939264620602e+03	1.6185885654547380e+03	1.6292843978195485e+03	1.7443709018755574e+03	1.9765691942394344e+03	1.8761175226447692e+03	1.8442226101511046e+03	1.8489078814697402e+03	2.3575546779744927e+03	2.0687828927345172e+03	2.2038310904923292e+03	2.1046074780264589e+03	1.6181029783050542e+03	2.3084908603740896e+03	1.8591990713569444e+03	1.9851277048210156e+03	2.0681775800409196e+03	1.9818964607628677e+03
1.7622080030303716e+03	1.6217953085115805e+03	1.8390298467845653e+03	1.6264298296332422e+03	2.0723359478394859e+03	1.8518239033256032e+03	1.7371228223420085e+03	1.8067939264620602e+03	1.6185884029786464e+03	1.6292843976208126e+03	1.7443709018755574e+03	1.9765691942394344e+03	1.8761163098033524e+03	1.8442226101511046e+03	1.8489078814697402e+03	2.3575546741411604e+03	2.0687828140462798e+03	2.2038310904923292e+03	2.1046074727597352e+03	1.6181029759359565e+03	2.3084908444397679e+03	1.8591990713569444e+03	1.9851228810292423e+03	2.0681774633664227e+03	1.9818964607628677e+03
1.7622000934966716e+03	1.6217953085115805e+03	1.8390298279692520e+03	1.6264298296332422e+03	2.0723359478394859e+03	1.8518236554843729e+03	1.7371228223420085e+03	1.8067939264620602e+03	1.6185883836574505e+03	1.6292843975680253e+03	1.7443701021532324e+03	1.9765691942394344e+03	1.8761163098033524e+03	1.8442226101511046e+03	1.8489078814697402e+03	2.3575546741411604e+03	2.0687827046705506e+03	2.2038309007098928e+03	2.1046074709225868e+03	1.6181029751647050e+03	2.3084907674589213e+03	1.8591990713569444e+03	1.9850887776348545e+03	2.0681774633664227e+03	1.9818964607628677e+03
1.7621995881150353e+03	1.6217953085115805e+03	1.8390298127607437e+03	1.6264298296332422e+03	2.0723359478394859e+03	1.8518224812664741e+03	1.7371228223420085e+03	1.8067939264620602e+03	1.6185881818960193e+03	1.6292843975351675e+03	1.7443697353475548e+03	1.9765691877023860e+03	1.8761163098033524e+03	1.8442225297121661e+03	1.8489078814697402e+03	2.3575546700168088e+03	2.0687825741232750e+03	2.2038308134667677e+03	2.1046074668278025e+03	1.6181029729213294e+03	2.3084905180187675e+03	1.8591990713569444e+03	1.9850777640190827e+03	2.0681774633664227e+03	1.9818964607628677e+03
1.7621987604304106e+03	1.6217953085115805e+03	1.8390297884068332e+03	1.6264298296332422e+03	2.0723359478394859e+03	1.8518204251874988e+03	1.7371228223420085e+03	1.8067936153933624e+03	1.6185877174847242e+03	1.6292843974650241e+03	1.7443687722162986e+03	1.9765691877023860e+03	1.8761163098033524e+03	1.8442225297121661e+03	1.8489078814697402e+03	2.3575546688243408e+03	2.0687824587574478e+03	2.2038307764388610e+03	2.1046074662713991e+03	1.6181029691224437e+03	2.3084904055476427e+03	1.8591990713569444e+03	1.9850503885857440e+03	2.0681774420277793e+03	1.9818964607628677e+03
1.7621987604304106e+03	1.6217953085115805e+03	1.8390293753245112e+03	1.6264298296332422e+03	2.0723359430726978e+03	1.8518191823562031e+03	1.7371228223420085e+03	1.8067936153933624e+03	1.6185877174847242e+03	1.6292843972422959e+03	1.7443670872995488e+03	1.9765691872636662e+03	1.8761163098033524e+03	1.8442224066268702e+03	1.8489078814697402e+03	2.3575546669124228e+03	2.0687821919975954e+03	2.2038305766192893e+03	2.1046074646073644e+03	1.6181029659895544e+03	2.3084903874667471e+03	1.8591990713569444e+03	1.9850396083655685e+03	2.0681774420277793e+03	1.9818964605763106e+03
1.7621986454405662e+03	1.6217591830856991e+03	1.8390290182743483e+03	1.6264298296332422e+03	2.0723359430726978e+03	1.8518191202799758e+03	1.7371228223420085e+03	1.8067936153933624e+03	1.6185877174847242e+03	1.6292843957479224e+03	1.7443657016973636e+03	1.9765691869838256e+03	1.8761163098033524e+03	1.8442219146776051e+03	1.8489078664341966e+03	2.3575546573574684e+03	2.0687821012105828e+03	2.2038305503857482e+03	2.1046074634882607e+03	1.6181029648671342e+03	2.3084903874667471e+03	1.8591990713569444e+03	1.9848006215826379e+03	2.0681774420277793e+03	1.9818964597836984e+03
1.7621984619826248e+03	1.6217530864397124e+03	1.8390290105038730e+03	1.6264298296332422e+03	2.0723359061727479e+03	1.8518189147263145e+03	1.7371217236389343e+03	1.8067936025328579e+03	1.6185872919106382e+03	1.6292843954392156e+03	1.7443650884028339e+03	1.9765691869838256e+03	1.8761157919053248e+03	1.8442219146776051e+03	1.8489073430156559e+03	2.3575546415189488e+03	2.0687819779096731e+03	2.2038305503857482e+03	2.1046074634882607e+03	1.6181029647854814e+03	2.3084903874667471e+03	1.8591990713569444e+03	1.9843076455507462e+03	2.0681774420277793e+03	1.9818964597836984e+03
1.7621982668981939e+03	1.6216710586876713e+03	1.8390290028341458e+03	1.6264298296332422e+03	2.0723358623737213e+03	1.8518181816604276e+03	1.7371217236389343e+03	1.8067936025328579e+03	1.6185872919106382e+03	1.6292843950616220e+03	1.7443646820340896e+03	1.9765691869838256e+03	1.8761157919053248e+03	1.8442216508910092e+03	1.8489073430156559e+03	2.3575546398423162e+03	2.0687819779096731e+03	2.2038305393310384e+03	2.1046074634882607e+03	1.6181029639245055e+03	2.3084902965959259e+03	1.8591990713569444e+03	1.9840349005645012e+03	2.0681774097045627e+03	1.9818964597095578e+03
1.7621981583110432e+03	1.6216676705827419e+03	1.8390289928261795e+03	1.6264298296332422e+03	2.0723358623737213e+03	1.8518179709962481e+03	1.7371217236389343e+03	1.8067936023484640e+03	1.6185871237655838e+03	1.6292843950312113e+03	1.7443639326819502e+03	1.9765691869838256e+03	1.8761157919053248e+03	1.8442216508910092e+03	1.8489065943238224e+03	2.3575546397175613e+03	2.0687818640787086e+03	2.2038305353980636e+03	2.1046074634882607e+03	1.6181029634038048e+03	2.3084901150586775e+03	1.8591990713569444e+03	1.9840290407264758e+03	2.0681774097045627e+03	1.9818964597095578e+03
1.7621981583110432e+03	1.6216657856654692e+03	1.8390289653330997e+03	1.6264298296332422e+03	2.0723358074737275e+03	1.8518179675562244e+03	1.7371202706661818e+03	1.8067934671569785e+03	1.6185870984661246e+03	1.6292843950108709e+03	1.7443634550046581e+03	1.9765691869838256e+03	1.8761157919053248e+03	1.8442216508910092e+03	1.8489065097920663e+03	2.3575546366961662e+03	2.0687815567839129e+03	2.2038304796527636e+03	2.1046074618738862e+03	1.6181029626399095e+03	2.3084901150586775e+03	1.8591990713569444e+03	1.9840122839655608e+03	2.0681773434371598e+03	1.9818964597095578e+03
1.7621980597983261e+03	1.6216125374432584e+03	1.8390289141708772e+03	1.6264298296332422e+03	2.0723357319551837e+03	1.8518179675562244e+03	1.7371202706661818e+03	1.8067934671569785e+03	1.6185869412806319e+03	1.6292843949805756e+03	1.7443630655339534e+03	1.9765691809683099e+03	1.8761157919053248e+03	1.8442216496776002e+03	1.8489065097920663e+03	2.3575546285833170e+03	2.0687814234845600e+03	2.2038304796527636e+03	2.1046074618738862e+03	1.6181029605024437e+03	2.3084899844037486e+03	1.8591990713569444e+03	1.9839989581652057e+03	2.0681773434371598e+03	1.9818964588643878e+03
1.7621980195281001e+03	1.6216125374432584e+03	1.8390288680137289e+03	1.6264298296332422e+03	2.0723357319551837e+03	1.8518179389179757e+03	1.7371202706661818e+03	1.8067933827619668e+03	1.6185868820771634e+03	1.6292843949723624e+03	1.7443627735780281e+03	1.9765691739123945e+03	1.8761157919053248e+03	1.8442214000451256e+03	1.8489065097920663e+03	2.3575546212457257e+03	2.0687811240846841e+03	2.2038302786568615e+03	2.1046074608782219e+03	1.6181029597723768e+03	2.3084899844037486e+03	1.8591990713569444e+03	1.9839960247215186e+03	2.0681773434371598e+03	1.9818964588643878e+03
1.7621980195281001e+03	1.6216125374432584e+03	1.8390288538270156e+03	1.6264298296332422e+03	2.0723357319551837e+03	1.8518179056490615e+03	1.7371202706661818e+03	1.8067932340525388e+03	1.6185867348250620e+03	1.6292843948669133e+03	1.7443627432699311e+03	1.9765691739123945e+03	1.8761157919053248e+03	1.8442213003683551e+03	1.8489065097920663e+03	2.3575546198145521e+03	2.0687810602526542e+03	2.2038302371438049e+03	2.1046074608782219e+03	1.6181029594013107e+03	2.3084899182610270e+03	1.8591990713569444e+03	1.9839960247215186e+03	2.0681773434371598e+03	1.9818964587943865e+03
1.7621980195281001e+03	1.6216125374432584e+03	1.8390288483384816e+03	1.6264298296332422e+03	2.0723356924476011e+03	1.8518177967772374e+03	1.7371202706661818e+03	1.8067932173874010e+03	1.6185860022393645e+03	1.6292843945196746e+03	1.7443623155815508e+03	1.9765691739123945e+03	1.8761157919053248e+03	1.8442213003683551e+03	1.8489065097920663e+03	2.3575546122978585e+03	2.0687806800205144e+03	2.2038301803342792e+03	2.1046074608782219e+03	1.6181029588655772e+03	2.3084899182610270e+03	1.8591990713569442e+03	1.9839793060876477e+03	2.0681773434371598e+03	1.9818964587914857e+03
1.7621978087537580e+03	1.6216044914963113e+03	1.8390288460619711e+03	1.6264298296332418e+03	2.0723356180065171e+03	1.8518176413812348e+03	1.7371201442518411e+03	1.8067932173874010e+03	1.6185856536129304e+03	1.6292843941351568e+03	1.7443623155815508e+03	1.9765691739123945e+03	1.8761060052398575e+03	1.8442213003683551e+03	1.8489065097920663e+03	2.3575546071397184e+03	2.0687806800205144e+03	2.2038301383412704e+03	2.1046074602413082e+03	1.6181029583976017e+03	2.3084899182610270e+03	1.8591990713569439e+03	1.9839737332571710e+03	2.0681772943869378e+03	1.9818964586284969e+03
1.7621978087537580e+03	1.6216044914963113e+03	1.8390288440951747e+03	1.6264298296332418e+03	2.0723355695623482e+03	1.8518176085831844e+03	1.7371201442518411e+03	1.8067931331981649e+03	1.6185850223082161e+03	1.6292843939871682e+03	1.7443619748026445e+03	1.9765691739123945e+03	1.8761060052398575e+03	1.8442211156637136e+03	1.8489062893161035e+03	2.3575546071397184e+03	2.0687806800205144e+03	2.2038300831332417e+03	2.1046074587286084e+03	1.6181029579796405e+03	2.3084899182610270e+03	1.8591990713569439e+03	1.9839392763094272e+03	2.0681772943869378e+03	1.9818964584453970e+03
1.7621978087537580e+03	1.6216044914963113e+03	1.8390288403706995e+03	1.6264298296332418e+03	2.0723353908048075e+03	1.8518175786812358e+03	1.7371201442518411e+03	1.8067931331981649e+03	1.6185850223082161e+03	1.6292843938316048e+03	1.7443619748026445e+03	1.9765691708554962e+03	1.8761060052398575e+03	1.8442211156637136e+03	1.8489062893161035e+03	2.3575546048846409e+03	2.0687805832883528e+03	2.2038300321668908e+03	2.1046074584283210e+03	1.6181029576480305e+03	2.3084899182610270e+03	1.8591990713569437e+03	1.9839312082671970e+03	2.0681772494336378e+03	1.9818964581712430e+03
1.7621977879533163e+03	1.6216044914963113e+03	1.8390288369624618e+03	1.6264298296332418e+03	2.0723353041508408e+03	1.8518174943718384e+03	1.7371201442518411e+03	1.8067929715923435e+03	1.6185849056984730e+03	1.6292843936230861e+03	1.7443616497374344e+03	1.9765691708554962e+03	1.8761060052398575e+03	1.8442211156637136e+03	1.8489061103471427e+03	2.3575546048846409e+03	2.0687805832883528e+03	2.2038300191275584e+03	2.1046074573281358e+03	1.6181029569354016e+03	2.3084899182610270e+03	1.8591990713569437e+03	1.9839279670418105e+03	2.0681772494336378e+03	1.9818964558404180e+03
1.7621977862708889e+03	1.6216044914963113e+03	1.8390288311929405e+03	1.6264298296332418e+03	2.0723352804587644e+03	1.8518174595269111e+03	1.7371179172721456e+03	1.8067929153897778e+03	1.6185848906847682e+03	1.6292843933242900e+03	1.7443616497374344e+03	1.9765691645755160e+03	1.8761060052398575e+03	1.8442210783516077e+03	1.8489056751929734e+03	2.3575546048846409e+03	2.0687805832883528e+03	2.2038300191275584e+03	2.1046074571452905e+03	1.6181029562683548e+03	2.3084899182610270e+03	1.8591990713569437e+03	1.9839231510666523e+03	2.0681772494336378e+03	1.9818964558404180e+03
1.7621977862708889e+03	1.6216044914963113e+03	1.8390288300917005e+03	1.6264298296332418e+03	2.0723350686964427e+03	1.8518172710011670e+03	1.7371178410363050e+03	1.8067928797695818e+03	1.6185848906847682e+03	1.6292843931234736e+03	1.7443615284887203e+03	1.9765691645755160e+03	1.8761060052398575e+03	1.8442210783516077e+03	1.8489056751929734e+03	2.3575546048846409e+03	2.0687805832883528e+03	2.2038300191275584e+03	2.1046074571452905e+03	1.6181029556310098e+03	2.3084898948809887e+03	1.8591990713569435e+03	1.9839209996570935e+03	2.0681772381590845e+03	1.9818964558304490e+03
1.7621977862708889e+03	1.6216044914963113e+03	1.8390288296105382e+03	1.6264298296332418e+03	2.0723349843285805e+03	1.8518172264460618e+03	1.7371177601013687e+03	1.8067928464256195e+03	1.6185842664883871e+03	1.6292843929516687e+03	1.7443614222113906e+03	1.9765691599887839e+03	1.8761060052398575e+03	1.8442207550013270e+03	1.8489056751929734e+03	2.3575546034506774e+03	2.0687805832883528e+03	2.2038300191275584e+03	2.1046074565523354e+03	1.6181029552306061e+03	2.3084898948809887e+03	1.8591990713569433e+03	1.9839163082037303e+03	2.0681772381590845e+03	1.9818964552224868e+03
1.7621977664507222e+03	1.6216044914963113e+03	1.8390288249827115e+03	1.6264298296332418e+03	2.0723349190205640e+03	1.8518172001315479e+03	1.7371172452027749e+03	1.8067928370700611e+03	1.6185829877349522e+03	1.6292843929042899e+03	1.7443611394453180e+03	1.9765691599887839e+03	1.8761053348611322e+03	1.8442207550013270e+03	1.8489056751929734e+03	2.3575545969248933e+03	2.0687805792292920e+03	2.2038300191275584e+03	2.1046074554344987e+03	1.6181029545917295e+03	2.3084898948809887e+03	1.8591990713569433e+03	1.9839091912021031e+03	2.0681772254171319e+03	1.9818964552224868e+03
1.7621977611734928e+03	1.6216041311829360e+03	1.8390288157645041e+03	1.6264298296332418e+03	2.0723348984769636e+03	1.8518171755319995e+03	1.7371172452027749e+03	1.8067928031035103e+03	1.6185797957482928e+03	1.6292843928763382e+03	1.7443611394453180e+03	1.9765691599887839e+03	1.8761039529037657e+03	1.8442207550013270e+03	1.8489056751929734e+03	2.3575545943060188e+03	2.0687805629437098e+03	2.2038299215798552e+03	2.1046074546437508e+03	1.6181029544580881e+03	2.3084898948809887e+03	1.8591990713569433e+03	1.9839066909478081e+03	2.0681772235774229e+03	1.9818964552224868e+03
1.7621977611734928e+03	1.6216041311829360e+03	1.8390287717669078e+03	1.6264298296332418e+03	2.0723342320593620e+03	1.8518170928858251e+03	1.7371168423184047e+03	1.8067927958089267e+03	1.6185773231813273e+03	1.6292843928490493e+03	1.7443609701503701e+03	1.9765691562129134e+03	1.8761039529037657e+03	1.8442207550013270e+03	1.8489056751929734e+03	2.3575545923467589e+03	2.0687805331856230e+03	2.2038298615687977e+03	2.1046074532572711e+03	1.6181029539361662e+03	2.3084898948809887e+03	1.8591990713569430e+03	1.9839012143937214e+03	2.0681772235774229e+03	1.9818964552224868e+03
1.7621977296588898e+03	1.6216007749173018e+03	1.8390287155104184e+03	1.6264298296332418e+03	2.0723342134637214e+03	1.8518170720932076e+03	1.7371168423184047e+03	1.8067927299760383e+03	1.6185717067747366e+03	1.6292843928384405e+03	1.7443604949426563e+03	1.9765691500982180e+03	1.8761039194945602e+03	1.8442207550013270e+03	1.8489056751929734e+03	2.3575545904188680e+03	2.0687805331856230e+03	2.2038298615687977e+03	2.1046074532572711e+03	1.6181029523731283e+03	2.3084898948809887e+03	1.8591990713569430e+03	1.9838936554710422e+03	2.0681771703853087e+03	1.9818964542421022e+03
1.7621977165392841e+03	1.6216007749173018e+03	1.8390286239239499e+03	1.6264298296332418e+03	2.0723340496227456e+03	1.8518169401346995e+03	1.7371139111891241e+03	1.8067926897995262e+03	1.6185715000508731e+03	1.6292843928252564e+03	1.7443602610497051e+03	1.9765691459858706e+03	1.8761026725822348e+03	1.8442206700768384e+03	1.8489056751929734e+03	2.3575545904188680e+03	2.0687804734687206e+03	2.2038298419616340e+03	2.1046074532021203e+03	1.6181029515969290e+03	2.3084898948809887e+03	1.8591990713569428e+03	1.9838936554710422e+03	2.0681771658621569e+03	1.9818964542421022e+03
1.7621977165392841e+03	1.6216007749173018e+03	1.8390285992560596e+03	1.6264298296332418e+03	2.0723339500788074e+03	1.8518168727426337e+03	1.7371139111891241e+03	1.8067926897995262e+03	1.6185712236395252e+03	1.6292843928174166e+03	1.7443601668027875e+03	1.9765691459858706e+03	1.8761026725822348e+03	1.8442206700768384e+03	1.8489048603294782e+03	2.3575545898010428e+03	2.0687804485273996e+03	2.2038298419616340e+03	2.1046074522357180e+03	1.6181029500003303e+03	2.3084898903082667e+03	1.8591990713569421e+03	1.9838912088948002e+03	2.0681771658621569e+03	1.9818964531127212e+03
1.7621976376890436e+03	1.6216007749173018e+03	1.8390285669655827e+03	1.6264298296332418e+03	2.0723335361912737e+03	1.8518168162879031e+03	1.7371139111891241e+03	1.8067926897995262e+03	1.6185712236395252e+03	1.6292843928144903e+03	1.7443601668027875e+03	1.9765691459858706e+03	1.8761026725822348e+03	1.8442204402920445e+03	1.8489048603294782e+03	2.3575545898010428e+03	2.0687804046179308e+03	2.2038298419616340e+03	2.1046074518042237e+03	1.6181029494610159e+03	2.3084898903082667e+03	1.8591990713569421e+03	1.9838909743759730e+03	2.0681771503520913e+03	1.9818964531127212e+03
1.7621975636211923e+03	1.6216007749173018e+03	1.8390285643770649e+03	1.6264298296332418e+03	2.0723332881377701e+03	1.8518168144166893e+03	1.7371139111891241e+03	1.8067926897995262e+03	1.6185707559267012e+03	1.6292843928119594e+03	1.7443600579819290e+03	1.9765691426019323e+03	1.8761025791016573e+03	1.8442204402920445e+03	1.8489043216471828e+03	2.3575545887546086e+03	2.0687803379347156e+03	2.2038298419616340e+03	2.1046074518004207e+03	1.6181029469978489e+03	2.3084898903082667e+03	1.8591990713569421e+03	1.9838886117323618e+03	2.0681771102862099e+03	1.9818964506668851e+03
1.7621975636211923e+03	1.6216005869992462e+03	1.8390285604531487e+03	1.6264298296332418e+03	2.0723332425794210e+03	1.8518168137251530e+03	1.7371139111891241e+03	1.8067926897995262e+03	1.6185705365489594e+03	1.6292843928095567e+03	1.7443600579819290e+03	1.9765691253796244e+03	1.8761000259274110e+03	1.8442203449691290e+03	1.8489043216471828e+03	2.3575545835132339e+03	2.0687803357309194e+03	2.2038298220401462e+03	2.1046074516477274e+03	1.6181029469978489e+03	2.3084898730342243e+03	1.8591990713569421e+03	1.9838886117323618e+03	2.0681770878871139e+03	1.9818964505239114e+03
1.7621975274813401e+03	1.6216005869992462e+03	1.8390285580187674e+03	1.6264298296332418e+03	2.0723332246149666e+03	1.8518167994204707e+03	1.7371139111891241e+03	1.8067925772268700e+03	1.6185704281221601e+03	1.6292843928087962e+03	1.7443600140759920e+03	1.9765691235010909e+03	1.8761000259274110e+03	1.8442203449691290e+03	1.8489043216471828e+03	2.3575545835132339e+03	2.0687803070391228e+03	2.2038298150826877e+03	2.1046074492909847e+03	1.6181029466099092e+03	2.3084898730342243e+03	1.8591990713569421e+03	1.9838886117323618e+03	2.0681770878871139e+03	1.9818964505239114e+03
1.7621974879656673e+03	1.6215863651326215e+03	1.8390285574766135e+03	1.6264298296332418e+03	2.0723332166200466e+03	1.8518167948985854e+03	1.7371131208228285e+03	1.8067924943741073e+03	1.6185693809613929e+03	1.6292843928072161e+03	1.7443598459561119e+03	1.9765691179670048e+03	1.8760988359871517e+03	1.8442202059236961e+03	1.8489042740872319e+03	2.3575545796763040e+03	2.0687802473028923e+03	2.2038298150826877e+03	2.1046074492909847e+03	1.6181029464283870e+03	2.3084898730342243e+03	1.8591990713569421e+03	1.9838872148760813e+03	2.0681770783459133e+03	1.9818964505057590e+03
1.7621973836161376e+03	1.6215863651326215e+03	1.8390285573543551e+03	1.6264298296332418e+03	2.0723331970098830e+03	1.8518167874682590e+03	1.7371124612735355e+03	1.8067924943741073e+03	1.6185693809613929e+03	1.6292843928063623e+03	1.7443598459561119e+03	1.9765690971068739e+03	1.8760985094980251e+03	1.8442202059236961e+03	1.8489042740872319e+03	2.3575545796335177e+03	2.0687802473028923e+03	2.2038297894140997e+03	2.1046074475567893e+03	1.6181029461417538e+03	2.3084898730342243e+03	1.8591990713569421e+03	1.9838872148760813e+03	2.0681770663786265e+03	1.9818964497632503e+03
1.7621972341355008e+03	1.6215863651326215e+03	1.8390285572416731e+03	1.6264298296332418e+03	2.0723331792462245e+03	1.8518167857536555e+03	1.7371106375660504e+03	1.8067924935067153e+03	1.6185693768421811e+03	1.6292843928059146e+03	1.7443598080971235e+03	1.9765690884935407e+03	1.8760985094980251e+03	1.8442202059236961e+03	1.8489042740872319e+03	2.3575545735964856e+03	2.0687802450792828e+03	2.2038297894140997e+03	2.1046074475567893e+03	1.6181029456011086e+03	2.3084898730342243e+03	1.8591990713569421e+03	1.9838865186531903e+03	2.0681770663786265e+03	1.9818964383776081e+03
1.7621972341355008e+03	1.6215808843304785e+03	1.8390285571326792e+03	1.6264298296332418e+03	2.0723331699277846e+03	1.8518167773276587e+03	1.7371098329211504e+03	1.8067924876562809e+03	1.6185689572242929e+03	1.6292843928055868e+03	1.7443590239949372e+03	1.9765690884935407e+03	1.8760982165445757e+03	1.8442201738918204e+03	1.8489042740872319e+03	2.3575545710307811e+03	2.0687802337140870e+03	2.2038297894066532e+03	2.1046074469105606e+03	1.6181029446105852e+03	2.3084898351793390e+03	1.8591990713569421e+03	1.9838859627697739e+03	2.0681770663786265e+03	1.9818964355260787e+03
1.7621972005655712e+03	1.6215808843304785e+03	1.8390285571050779e+03	1.6264298296332418e+03	2.0723331699277846e+03	1.8518167756609239e+03	1.7371094734030253e+03	1.8067924771795665e+03	1.6185684645651572e+03	1.6292843928051816e+03	1.7443590239949372e+03	1.9765690414239248e+03	1.8760982165445757e+03	1.8442198772731927e+03	1.8489041333849150e+03	2.3575545664162346e+03	2.0687802049653928e+03	2.2038297686662791e+03	2.1046074450679844e+03	1.6181029446105852e+03	2.3084897845020855e+03	1.8591990713569421e+03	1.9838851121383248e+03	2.0681770272248968e+03	1.9818964322906147e+03
1.7621972005655712e+03	1.6215808843304785e+03	1.8390285568885379e+03	1.6264298296332418e+03	2.0723331483162538e+03	1.8518167691015144e+03	1.7371094734030253e+03	1.8067924684786183e+03	1.6185683071973394e+03	1.6292843928042621e+03	1.7443590032433481e+03	1.9765690414239248e+03	1.8760957223322937e+03	1.8442198772731927e+03	1.8489041333849150e+03	2.3575545664162346e+03	2.0687801996556118e+03	2.2038297582239566e+03	2.1046074434086290e+03	1.6181029440454504e+03	2.3084897491251422e+03	1.8591990713569421e+03	1.9838848275937196e+03	2.0681770272248968e+03	1.9818964322906147e+03
1.7621971781666048e+03	1.6215808843304785e+03	1.8390285566906266e+03	1.6264298296332418e+03	2.0723331022791144e+03	1.8518167677971931e+03	1.7371043570624659e+03	1.8067924684786183e+03	1.6185672428119140e+03	1.6292843928009943e+03	1.7443581742988258e+03	1.9765690414239248e+03	1.8760957223322937e+03	1.8442198772731927e+03	1.8489036644553432e+03	2.3575545664162346e+03	2.0687801732459548e+03	2.2038297582239566e+03	2.1046074400614389e+03	1.6181029438882997e+03	2.3084897491251422e+03	1.8591990713569421e+03	1.9838844774376144e+03	2.0681770244294739e+03	1.9818964322906147e+03
1.7621971781666048e+03	1.6215808843304785e+03	1.8390285563612820e+03	1.6264298296332418e+03	2.0723330700275092e+03	1.8518167575953871e+03	1.7371043570624659e+03	1.8067924671186079e+03	1.6185672428119140e+03	1.6292843927650108e+03	1.7443575643104152e+03	1.9765690158439579e+03	1.8760953162260785e+03	1.8442198772731927e+03	1.8489036644553432e+03	2.3575545664162346e+03	2.0687801332902923e+03	2.2038297582239566e+03	2.1046074397093084e+03	1.6181029428510733e+03	2.3084897433409710e+03	1.8591990713569421e+03	1.9838842490120123e+03	2.0681769943828535e+03	1.9818964315465523e+03
1.7621971781666048e+03	1.6215808843304785e+03	1.8390285563612820e+03	1.6264298296332418e+03	2.0723330329539690e+03	1.8518167494626032e+03	1.7371000373317029e+03	1.8067924215225271e+03	1.6185665523455923e+03	1.6292843927627403e+03	1.7443571042785820e+03	1.9765690158439579e+03	1.8760953162260785e+03	1.8442198772731927e+03	1.8489036644553432e+03	2.3575545664162346e+03	2.0687801279449304e+03	2.2038297329495681e+03	2.1046074392561213e+03	1.6181029422996810e+03	2.3084897254017915e+03	1.8591990713569421e+03	1.9838833547709692e+03	2.0681769943828535e+03	1.9818964229685507e+03
1.7621971720634581e+03	1.6215808843304785e+03	1.8390285563333539e+03	1.6264298296332418e+03	2.0723327890585088e+03	1.8518167421414685e+03	1.7370992195183126e+03	1.8067924215225271e+03	1.6185660075168705e+03	1.6292843927620961e+03	1.7443543446850276e+03	1.9765690153335811e+03	1.8760950896650497e+03	1.8442197225192849e+03	1.8489036644553432e+03	2.3575545565230514e+03	2.0687800301900024e+03	2.2038296981115541e+03	2.1046074392361370e+03	1.6181029401616961e+03	2.3084897254017915e+03	1.8591990713569421e+03	1.9838833547709692e+03	2.0681769943828535e+03	1.9818964229685507e+03
1.7621971720634581e+03	1.6215808843304785e+03	1.8390285562634097e+03	1.6264298296332418e+03	2.0723319683940003e+03	1.8518167287820577e+03	1.7370992195183126e+03	1.8067923904238944e+03	1.6185653734718849e+03	1.6292843927609599e+03	1.7443543446850276e+03	1.9765689934633679e+03	1.8760941312237358e+03	1.8442197225192849e+03	1.8489033904309597e+03	2.3575545532846236e+03	2.0687800275683994e+03	2.2038296869429205e+03	2.1046074372238140e+03	1.6181029368645036e+03	2.3084897254017915e+03	1.8591990713569421e+03	1.9838828733795895e+03	2.0681769799648496e+03	1.9818964229685507e+03
1.7621971500748455e+03	1.6215808843304785e+03	1.8390285560653820e+03	1.6264298296332418e+03	2.0723317934553656e+03	1.8518167120300634e+03	1.7370992195183126e+03	1.8067923889355866e+03	1.6185653441063844e+03	1.6292843927594922e+03	1.7443543446850276e+03	1.9765689934633679e+03	1.8760941312237358e+03	1.8442197225192849e+03	1.8489033904309597e+03	2.3575545528323169e+03	2.0687800275683994e+03	2.2038296237745949e+03	2.1046074328768809e+03	1.6181029357234597e+03	2.3084897176600412e+03	1.8591990713569421e+03	1.9838821418858681e+03	2.0681769799648496e+03	1.9818964229685507e+03
1.7621971500748455e+03	1.6215794451706588e+03	1.8390285560251782e+03	1.6264298296332418e+03	2.0723317677464538e+03	1.8518167030074405e+03	1.7370992195183126e+03	1.8067923847400116e+03	1.6185649051084222e+03	1.6292843927585182e+03	1.7443535772476271e+03	1.9765689931732629e+03	1.8760941312237358e+03	1.8442197225192849e+03	1.8489033904309597e+03	2.3575545479554189e+03	2.0687799500381784e+03	2.2038296237745949e+03	2.1046074307856315e+03	1.6181029298088372e+03	2.3084896942083019e+03	1.8591990713569421e+03	1.9838821418858681e+03	2.0681769720574739e+03	1.9818964229685507e+03
1.7621970675487273e+03	1.6215794451706588e+03	1.8390285559308318e+03	1.6264298296332418e+03	2.0723317440805436e+03	1.8518167030074405e+03	1.7370897795262329e+03	1.8067923718478537e+03	1.6185645581691501e+03	1.6292843927576291e+03	1.7443535772476271e+03	1.9765689862251827e+03	1.8760941312237358e+03	1.8442197225192849e+03	1.8489031341325513e+03	2.3575545411493463e+03	2.0687799217289175e+03	2.2038296065955292e+03	2.1046074278799865e+03	1.6181029272612639e+03	2.3084896629360792e+03	1.8591990713569421e+03	1.9838814422696994e+03	2.0681769553553522e+03	1.9818964229685507e+03
1.7621970121052366e+03	1.6215794451706588e+03	1.8390285558387604e+03	1.6264298296332418e+03	2.0723315990177225e+03	1.8518167004176812e+03	1.7370866805616997e+03	1.8067922710112409e+03	1.6185637136918299e+03	1.6292843927571971e+03	1.7443534840072402e+03	1.9765689752395006e+03	1.8760941312237358e+03	1.8442197206283513e+03	1.8489029197949610e+03	2.3575544927011751e+03	2.0687798822211298e+03	2.2038295868645655e+03	2.1046074251477962e+03	1.6181029222335796e+03	2.3084896629360792e+03	1.8591990713569421e+03	1.9838814422696994e+03	2.0681769540672685e+03	1.9818964229685507e+03
1.7621970121052366e+03	1.6215794451706588e+03	1.8390285557682932e+03	1.6264298296332418e+03	2.0723315497974700e+03	1.8518166972970198e+03	1.7370841514213180e+03	1.8067922710112409e+03	1.6185625903686814e+03	1.6292843927317454e+03	1.7443534098805865e+03	1.9765689700274590e+03	1.8760940798320205e+03	1.8442196077131730e+03	1.8489028456627673e+03	2.3575527366307442e+03	2.0687797922061004e+03	2.2038295611397589e+03	2.1046074099346470e+03	1.6181029161780414e+03	2.3084896485762947e+03	1.8591990713569421e+03	1.9838812037535949e+03	2.0681769540672685e+03	1.9818964222521749e+03
1.7621970121052366e+03	1.6215794451706588e+03	1.8390285557110137e+03	1.6264298296332418e+03	2.0723315261925009e+03	1.8518166928988437e+03	1.7370780741974102e+03	1.8067922519226727e+03	1.6185625903686814e+03	1.6292843927277384e+03	1.7443530837533294e+03	1.9765689568313414e+03	1.8760940798320205e+03	1.8442194986963268e+03	1.8489027499016374e+03	2.3575489472783506e+03	2.0687797320813988e+03	2.2038295414914332e+03	2.1046074085648293e+03	1.6181029002253704e+03	2.3084896485762947e+03	1.8591990713569421e+03	1.9838807682267643e+03	2.0681769495232984e+03	1.9818964222521749e+03
1.7621970009606241e+03	1.6215794451706588e+03	1.8390285557110137e+03	1.6264298296332418e+03	2.0723315155414980e+03	1.8518166906368906e+03	1.7370780741974102e+03	1.8067922519226727e+03	1.6185617916045348e+03	1.6292843927275703e+03	1.7443530837533294e+03	1.9765689568313414e+03	1.8760938994470807e+03	1.8442194199919791e+03	1.8489027304917402e+03	2.3575471011580480e+03	2.0687796470981871e+03	2.2038295206318339e+03	2.1046073947198320e+03	1.6181028925985261e+03	2.3084895872524221e+03	1.8591990713569421e+03	1.9838803928335492e+03	2.0681769445958994e+03	1.9818964222521749e+03
1.7621969651241948e+03	1.6215784858183501e+03	1.8390285556983981e+03	1.6264298296332418e+03	2.0723315155414980e+03	1.8518166786696966e+03	1.7370760556813441e+03	1.8067922519226727e+03	1.6185613955120434e+03	1.6292843927275071e+03	1.7443530687671232e+03	1.9765689533192201e+03	1.8760936356236912e+03	1.8442194199919791e+03	1.8489026146533133e+03	2.3575467769982006e+03	2.0687794252695876e+03	2.2038295088556024e+03	2.1046073925512464e+03	1.6181028800639465e+03	2.3084895872524221e+03	1.8591990713569421e+03	1.9838803928335492e+03	2.0681769445958994e+03	1.9818964222521749e+03
1.7621969573010679e+03	1.6215784858183501e+03	1.8390285556459796e+03	1.6264298296332418e+03	2.0723314976286424e+03	1.8518166734798442e+03	1.7370702325923485e+03	1.8067922519226727e+03	1.6185613955120434e+03	1.6292843927244544e+03	1.7443530687671232e+03	1.9765689458253532e+03	1.8760935908151346e+03	1.8442193207611622e+03	1.8489025162973305e+03	2.3575467057946285e+03	2.0687787613198270e+03	2.2038294946357405e+03	2.1046073869771553e+03	1.6181028485203183e+03	2.3084895872524221e+03	1.8591990713569421e+03	1.9838803928335492e+03	2.0681769415256435e+03	1.9818964222521749e+03
1.7621969506097537e+03	1.6215784858183501e+03	1.8390285556341632e+03	1.6264298296332418e+03	2.0723314804359020e+03	1.8518166734798442e+03	1.7370640639157045e+03	1.8067922176647808e+03	1.6185613955120434e+03	1.6292843927202914e+03	1.7443530206501898e+03	1.9765689407006539e+03	1.8760935201411853e+03	1.8442192714717251e+03	1.8489025162973305e+03	2.3575466770165795e+03	2.0687770896201978e+03	2.2038294471107029e+03	2.1046073869771553e+03	1.6181028297418991e+03	2.3084895872524221e+03	1.8591990713569421e+03	1.9838800680019694e+03	2.0681769415256435e+03	1.9818964216462941e+03
1.7621968674591494e+03	1.6215784858183501e+03	1.8390285556227636e+03	1.6264298296332418e+03	2.0723314773689294e+03	1.8518166734798442e+03	1.7370600252048721e+03	1.8067922176647808e+03	1.6185613451163858e+03	1.6292843927191129e+03	1.7443530206501898e+03	1.9765689401232064e+03	1.8760934929547495e+03	1.8442192264947212e+03	1.8489024497880976e+03	2.3575464886738669e+03	2.0687768230870629e+03	2.2038294462654444e+03	2.1046073785008775e+03	1.6181028167624304e+03	2.3084895453601848e+03	1.8591990713569421e+03	1.9838799031237540e+03	2.0681769355983320e+03	1.9818964190637375e+03
1.7621968443616502e+03	1.6215784858183501e+03	1.8390285555857231e+03	1.6264298296332418e+03	2.0723314672645961e+03	1.8518166699828523e+03	1.7370586765223063e+03	1.8067922176647808e+03	1.6185613445623694e+03	1.6292843927171043e+03	1.7443530206501898e+03	1.9765689401232064e+03	1.8760930892179908e+03	1.8442192264947212e+03	1.8489024386452174e+03	2.3575464277025185e+03	2.0687767719201934e+03	2.2038294380293605e+03	2.1046073773432172e+03	1.6181028164732243e+03	2.3084895453601848e+03	1.8591990713569421e+03	1.9838799031237540e+03	2.0681769355983320e+03	1.9818964190637375e+03
1.7621968443616502e+03	1.6215784858183501e+03	1.8390285555857231e+03	1.6264298296332418e+03	2.0723314529177123e+03	1.8518166698110599e+03	1.7370560250233636e+03	1.8067922038107208e+03	1.6185612478488301e+03	1.6292843927169329e+03	1.7443530206501898e+03	1.9765689242477195e+03	1.8760930892179908e+03	1.8442192264947212e+03	1.8489024386452174e+03	2.3575464175194170e+03	2.0687767555062746e+03	2.2038294357669201e+03	2.1046073760240265e+03	1.6181028152315453e+03	2.3084894999513585e+03	1.8591990713569421e+03	1.9838798985347694e+03	2.0681769342388370e+03	1.9818964190637375e+03
1.7621967126054083e+03	1.6215784858183501e+03	1.8390285555736573e+03	1.6264298296332418e+03	2.0723314368047859e+03	1.8518166698110599e+03	1.7370557920070048e+03	1.8067921920985641e+03	1.6185611360951241e+03	1.6292843927169013e+03	1.7443529950804016e+03	1.9765689241894831e+03	1.8760930892179908e+03	1.8442191622732512e+03	1.8489024242090040e+03	2.3575464045352574e+03	2.0687764797162959e+03	2.2038294137555476e+03	2.1046073716390938e+03	1.6181028152315453e+03	2.3084894661717199e+03	1.8591990713569421e+03	1.9838798985347694e+03	2.0681769342388370e+03	1.9818964172324136e+03
1.7621966836474405e+03	1.6215784858183501e+03	1.8390285555505852e+03	1.6264298296332418e+03	2.0723314345805525e+03	1.8518166698110599e+03	1.7370548652085720e+03	1.8067921726675331e+03	1.6185610714984541e+03	1.6292843927168751e+03	1.7443529950804016e+03	1.9765689167333635e+03	1.8760927737512375e+03	1.8442190866221749e+03	1.8489024242090040e+03	2.3575463980728155e+03	2.0687763152719845e+03	2.2038294114684441e+03	2.1046073708338481e+03	1.6181028141361091e+03	2.3084894392375400e+03	1.8591990713569421e+03	1.9838798826122852e+03	2.0681769337385308e+03	1.9818964165811149e+03
1.7621965268556612e+03	1.6215784858183501e+03	1.8390285555394844e+03	1.6264298296332418e+03	2.0723314345805525e+03	1.8518166698110599e+03	1.7370548652085720e+03	1.8067921578236326e+03	1.6185606247501687e+03	1.6292843927168694e+03	1.7443529758392888e+03	1.9765689054950672e+03	1.8760925224573521e+03	1.8442190866221749e+03	1.8489023893932945e+03	2.3575463915007804e+03	2.0687762601845020e+03	2.2038294114684441e+03	2.1046073688278557e+03	1.6181028137706865e+03	2.3084894164599496e+03	1.8591990713569421e+03	1.9838794645394596e+03	2.0681769276483851e+03	1.9818964165811149e+03
1.7621962071979538e+03	1.6215784858183501e+03	1.8390285555261792e+03	1.6264298296332418e+03	2.0723314136309982e+03	1.8518166675561019e+03	1.7370524356149160e+03	1.8067921340935891e+03	1.6185603330812673e+03	1.6292843927160002e+03	1.7443529544738158e+03	1.9765688982928357e+03	1.8760924180652905e+03	1.8442186214094481e+03	1.8489023893932945e+03	2.3575463868748202e+03	2.0687759900155606e+03	2.2038293954355318e+03	2.1046073682246788e+03	1.6181028129545814e+03	2.3084894164599496e+03	1.8591990713569421e+03	1.9838794645394596e+03	2.0681769276483851e+03	1.9818964165811149e+03
1.7621934137294961e+03	1.6215784858183501e+03	1.8390285555233131e+03	1.6264298296332418e+03	2.0723314108864975e+03	1.8518166675561019e+03	1.7370522661033274e+03	1.8067921125158548e+03	1.6185599477630308e+03	1.6292843927159122e+03	1.7443529544738158e+03	1.9765688827365702e+03	1.8760920264249141e+03	1.8442186214094481e+03	1.8489023893148596e+03	2.3575463805757768e+03	2.0687758715295390e+03	2.2038293861605052e+03	2.1046073672600660e+03	1.6181028129466010e+03	2.3084894164599496e+03	1.8591990713569421e+03	1.9838793078654448e+03	2.0681769181320424e+03	1.9818964158577969e+03
1.7621928112768280e+03	1.6215784858183501e+03	1.8390285555054938e+03	1.6264298296332418e+03	2.0723314034998302e+03	1.8518166664644450e+03	1.7370519870951152e+03	1.8067920911786891e+03	1.6185599477630308e+03	1.6292843927158899e+03	1.7443529037564404e+03	1.9765688705750624e+03	1.8760920264249141e+03	1.8442186214094481e+03	1.8489023851198669e+03	2.3575463797166130e+03	2.0687753808179536e+03	2.2038293861605052e+03	2.1046073665983772e+03	1.6181028129466010e+03	2.3084894016390463e+03	1.8591990713569421e+03	1.9838789898667246e+03	2.0681769143815986e+03	1.9818964122737980e+03
1.7621927694682502e+03	1.6215784858183501e+03	1.8390285554925499e+03	1.6264298296332418e+03	2.0723314016745726e+03	1.8518166627938108e+03	1.7370509095100103e+03	1.8067920530799029e+03	1.6185595712263741e+03	1.6292843927158879e+03	1.7443529037564404e+03	1.9765688671424391e+03	1.8760920264249141e+03	1.8442186169939878e+03	1.8489023851198669e+03	2.3575463785067145e+03	2.0687751551041583e+03	2.2038293566838020e+03	2.1046073663623738e+03	1.6181028119984214e+03	2.3084893999692295e+03	1.8591990713569421e+03	1.9838789898667246e+03	2.0681768887707813e+03	1.9818964122737980e+03
1.7621926885506489e+03	1.6215784858183501e+03	1.8390285554908344e+03	1.6264298296332418e+03	2.0723314003937162e+03	1.8518166627938108e+03	1.7370504779235475e+03	1.8067920431693083e+03	1.6185593967578397e+03	1.6292843927158865e+03	1.7443529037564404e+03	1.9765688606336937e+03	1.8760920025331991e+03	1.8442186169939878e+03	1.8489023839077306e+03	2.3575463769282264e+03	2.0687747565317873e+03	2.2038293502983011e+03	2.1046073659371923e+03	1.6181028119984214e+03	2.3084893907753767e+03	1.8591990713569421e+03	1.9838789351009450e+03	2.0681768855279297e+03	1.9818964090475729e+03
1.7621926145890388e+03	1.6215784858183501e+03	1.8390285554728534e+03	1.6264298296332418e+03	2.0723313982076143e+03	1.8518166622054614e+03	1.7370495616185071e+03	1.8067920253459436e+03	1.6185588041511903e+03	1.6292843927158854e+03	1.7443529009973545e+03	1.9765688557229439e+03	1.8760919789063423e+03	1.8442179187487661e+03	1.8489023839077306e+03	2.3575463695868639e+03	2.0687744551880869e+03	2.2038293473980525e+03	2.1046073647726662e+03	1.6181028115592951e+03	2.3084893907753767e+03	1.8591990713569421e+03	1.9838789351009450e+03	2.0681768650033223e+03	1.9818964090475729e+03
1.7621925674966117e+03	1.6215784858183501e+03	1.8390285554728534e+03	1.6264298296332418e+03	2.0723313967689023e+03	1.8518166622054614e+03	1.7370495616185071e+03	1.8067920253459436e+03	1.6185582283444505e+03	1.6292843927158854e+03	1.7443528969383080e+03	1.9765688553597433e+03	1.8760917264131190e+03	1.8442170818946656e+03	1.8489022826585465e+03	2.3575463695868639e+03	2.0687742939337995e+03	2.2038293462861566e+03	2.1046073645751553e+03	1.6181028113432992e+03	2.3084893850168801e+03	1.8591990713569421e+03	1.9838789126708234e+03	2.0681768650033223e+03	1.9818964090475729e+03
1.7621925674966117e+03	1.6215778461772200e+03	1.8390285554633826e+03	1.6264298296332418e+03	2.0723313939056798e+03	1.8518166608160782e+03	1.7370484826947604e+03	1.8067920253459436e+03	1.6185582013161218e+03	1.6292843927158851e+03	1.7443528969383080e+03	1.9765688439802109e+03	1.8760915057836814e+03	1.8442170080077929e+03	1.8489022826585465e+03	2.3575463654680652e+03	2.0687742939337995e+03	2.2038293462861566e+03	2.1046073643540672e+03	1.6181028108617434e+03	2.3084893575169526e+03	1.8591990713569421e+03	1.9838789126708234e+03	2.0681768650033223e+03	1.9818964082031705e+03
1.7621924707642847e+03	1.6215649950558256e+03	1.8390285554566321e+03	1.6264298296332418e+03	2.0723313888866141e+03	1.8518166608160782e+03	1.7370483164735197e+03	1.8067919961998577e+03	1.6185576598820915e+03	1.6292843927158851e+03	1.7443528897658477e+03	1.9765688435267416e+03	1.8760914780339435e+03	1.8442170080077929e+03	1.8489022338472762e+03	2.3575463654680652e+03	2.0687740639132489e+03	2.2038293222920142e+03	2.1046073640154173e+03	1.6181028106825740e+03	2.3084893575169526e+03	1.8591990713569421e+03	1.9838788460892151e+03	2.0681768588268310e+03	1.9818964082031705e+03
1.7621924185117796e+03	1.6215649950558256e+03	1.8390285554454192e+03	1.6264298296332418e+03	2.0723313749152089e+03	1.8518166608160782e+03	1.7370480863686764e+03	1.8067919764408689e+03	1.6185576181728347e+03	1.6292843927158851e+03	1.7443528897658477e+03	1.9765688409293609e+03	1.8760914000916223e+03	1.8442168389389722e+03	1.8489021876807517e+03	2.3575463642916416e+03	2.0687740639132489e+03	2.2038293222920142e+03	2.1046073634178247e+03	1.6181028098252957e+03	2.3084893473902525e+03	1.8591990713569421e+03	1.9838784684883171e+03	2.0681768580652338e+03	1.9818964082031705e+03
1.7621923764715343e+03	1.6215649950558256e+03	1.8390285554435745e+03	1.6264298296332418e+03	2.0723313648830658e+03	1.8518166586249558e+03	1.7370480863686764e+03	1.8067919764408689e+03	1.6185575034437579e+03	1.6292843927158849e+03	1.7443528620795212e+03	1.9765688348792762e+03	1.8760914000916223e+03	1.8442168389389722e+03	1.8489019889823333e+03	2.3575463591656999e+03	2.0687738025774011e+03	2.2038293095077634e+03	2.1046073632907364e+03	1.6181028085319115e+03	2.3084893472369713e+03	1.8591990713569421e+03	1.9838784684883171e+03	2.0681768515079052e+03	1.9818964082031705e+03
1.7621923411083474e+03	1.6215638628351587e+03	1.8390285554435641e+03	1.6264298296332418e+03	2.0723313596432522e+03	1.8518166583389229e+03	1.7370480863686764e+03	1.8067919664052106e+03	1.6185562461249781e+03	1.6292843927158849e+03	1.7443528521445478e+03	1.9765688335587477e+03	1.8760913718943486e+03	1.8442168389389722e+03	1.8489018294818204e+03	2.3575463555608067e+03	2.0687738025774011e+03	2.2038293069713782e+03	2.1046073631555601e+03	1.6181028062957178e+03	2.3084893472369713e+03	1.8591990713569421e+03	1.9838778865508332e+03	2.0681768338866104e+03	1.9818964062016171e+03
1.7621923411083474e+03	1.6215638628351587e+03	1.8390285554357520e+03	1.6264298296332418e+03	2.0723313591008732e+03	1.8518166583389229e+03	1.7370465139132175e+03	1.8067919664052106e+03	1.6185559957890359e+03	1.6292843927158849e+03	1.7443528521445478e+03	1.9765688334058123e+03	1.8760912500820891e+03	1.8442168389389722e+03	1.8489016393737361e+03	2.3575463555608067e+03	2.0687737050679511e+03	2.2038292990688619e+03	2.1046073615486994e+03	1.6181028056861835e+03	2.3084893132252764e+03	1.8591990713569421e+03	1.9838777929255189e+03	2.0681768158637615e+03	1.9818964062016171e+03
1.7621922637301664e+03	1.6215638628351587e+03	1.8390285554189090e+03	1.6264298296332418e+03	2.0723313581720549e+03	1.8518166558923292e+03	1.7370464350402829e+03	1.8067919448823211e+03	1.6185559886427623e+03	1.6292843927158849e+03	1.7443528344655901e+03	1.9765688257101942e+03	1.8760909056295422e+03	1.8442168389389722e+03	1.8489016270780623e+03	2.3575463528304072e+03	2.0687736234012377e+03	2.2038292924314273e+03	2.1046073615486994e+03	1.6181028026740853e+03	2.3084892981827570e+03	1.8591990713569421e+03	1.9838777028534282e+03	2.0681767980724921e+03	1.9818964062016171e+03
1.7621921824073177e+03	1.6215628313382392e+03	1.8390285553924780e+03	1.6264298296332418e+03	2.0723313572783795e+03	1.8518166555532207e+03	1.7370464350402829e+03	1.8067919291521475e+03	1.6185556866135041e+03	1.6292843927158849e+03	1.7443528025320306e+03	1.9765688252557677e+03	1.8760903228484688e+03	1.8442168389389722e+03	1.8489015628353266e+03	2.3575463462794564e+03	2.0687736171827682e+03	2.2038292923227809e+03	2.1046073615486994e+03	1.6181027990480181e+03	2.3084892956299600e+03	1.8591990713569421e+03	1.9838775855754679e+03	2.0681767916035360e+03	1.9818964062016171e+03
1.7621921549036497e+03	1.6215628313382392e+03	1.8390285553462977e+03	1.6264298296332418e+03	2.0723313538608963e+03	1.8518166553216724e+03	1.7370436901514738e+03	1.8067919291521475e+03	1.6185556386620513e+03	1.6292843927158849e+03	1.7443528025320306e+03	1.9765688196291194e+03	1.8760893490166370e+03	1.8442168389389722e+03	1.8489014933957560e+03	2.3575463418665918e+03	2.0687736171827682e+03	2.2038292738886512e+03	2.1046073613133476e+03	1.6181027975401189e+03	2.3084892550242112e+03	1.8591990713569421e+03	1.9838771568289305e+03	2.0681767901422254e+03	1.9818964062016171e+03
1.7621920708859507e+03	1.6215626284521047e+03	1.8390285553069207e+03	1.6264298296332418e+03	2.0723313388172114e+03	1.8518166542302135e+03	1.7370436901514738e+03	1.8067919291521475e+03	1.6185554392229446e+03	1.6292843927158849e+03	1.7443527308619891e+03	1.9765688168615175e+03	1.8760893490166370e+03	1.8442168389389722e+03	1.8489013660063638e+03	2.3575463418665918e+03	2.0687735833565443e+03	2.2038292738886512e+03	2.1046073607422063e+03	1.6181027967567973e+03	2.3084892105650902e+03	1.8591990713569421e+03	1.9838769869597088e+03	2.0681767901422254e+03	1.9818964062016171e+03
1.7621920708859507e+03	1.6215625908958025e+03	1.8390285552962459e+03	1.6264298296332418e+03	2.0723313363164934e+03	1.8518166542302135e+03	1.7370423122563141e+03	1.8067919291521475e+03	1.6185552654817900e+03	1.6292843927158849e+03	1.7443526950716400e+03	1.9765688156947035e+03	1.8760890691750819e+03	1.8442168389389722e+03	1.8489012700682406e+03	2.3575463402067398e+03	2.0687735833565443e+03	2.2038292387464730e+03	2.1046073587104420e+03	1.6181027939013841e+03	2.3084892105650902e+03	1.8591990713569421e+03	1.9838768852483122e+03	2.0681767901422254e+03	1.9818964062016171e+03
1.7621920532810987e+03	1.6215612449299174e+03	1.8390285552962459e+03	1.6264298296332418e+03	2.0723313360551742e+03	1.8518166529856449e+03	1.7370422821469135e+03	1.8067919056880851e+03	1.6185552042114552e+03	1.6292843927158849e+03	1.7443526918007428e+03	1.9765688069948328e+03	1.8760888306790437e+03	1.8442167475632973e+03	1.8489011904805971e+03	2.3575463402067398e+03	2.0687735833565443e+03	2.2038292278268746e+03	2.1046073566021955e+03	1.6181027931798656e+03	2.3084892105650902e+03	1.8591990713569421e+03	1.9838765358035891e+03	2.0681767855240500e+03	1.9818964035679121e+03
1.7621919951621937e+03	1.6215612449299174e+03	1.8390285552859450e+03	1.6264298296332418e+03	2.0723313360551742e+03	1.8518166518359035e+03	1.7370419886196983e+03	1.8067919053991200e+03	1.6185550940823250e+03	1.6292843927158849e+03	1.7443526512163294e+03	1.9765688007441177e+03	1.8760882078331547e+03	1.8442166392034005e+03	1.8489011413672170e+03	2.3575463402067398e+03	2.0687735833565443e+03	2.2038292208859516e+03	2.1046073541539722e+03	1.6181027927047965e+03	2.3084892105650902e+03	1.8591990713569421e+03	1.9838762415605688e+03	2.0681767719692298e+03	1.9818964002087018e+03
1.7621919951621937e+03	1.6215611970347124e+03	1.8390285552776977e+03	1.6264298296332418e+03	2.0723313359747708e+03	1.8518166503506077e+03	1.7370396682491241e+03	1.8067919002846672e+03	1.6185550940823250e+03	1.6292843927158849e+03	1.7443526512163294e+03	1.9765687986369148e+03	1.8760870087900350e+03	1.8442166392034005e+03	1.8489010099862221e+03	2.3575463402067398e+03	2.0687735833565443e+03	2.2038292208859516e+03	2.1046073541539722e+03	1.6181027912079569e+03	2.3084891815588867e+03	1.8591990713569421e+03	1.9838762189269937e+03	2.0681767719692298e+03	1.9818963996632640e+03
1.7621919951621937e+03	1.6215606923024222e+03	1.8390285552776977e+03	1.6264298296332418e+03	2.0723313359609201e+03	1.8518166503506077e+03	1.7370384481479100e+03	1.8067918960899665e+03	1.6185544949881776e+03	1.6292843927158847e+03	1.7443526492440894e+03	1.9765687978646326e+03	1.8760868839694685e+03	1.8442162250773442e+03	1.8489008201962108e+03	2.3575463376508460e+03	2.0687735777392081e+03	2.2038292165931002e+03	2.1046073502294048e+03	1.6181027910210948e+03	2.3084891802724660e+03	1.8591990713569421e+03	1.9838761166916368e+03	2.0681767675199030e+03	1.9818963968176636e+03
1.7621919951621937e+03	1.6215606409228894e+03	1.8390285552776977e+03	1.6264298296332418e+03	2.0723313359554363e+03	1.8518166494420084e+03	1.7370376399383331e+03	1.8067918806133448e+03	1.6185539318382482e+03	1.6292843927158847e+03	1.7443526336822647e+03	1.9765687970303527e+03	1.8760865365634686e+03	1.8442153946427004e+03	1.8489007890324629e+03	2.3575463376508460e+03	2.0687735777392081e+03	2.2038291955496438e+03	2.1046073494644838e+03	1.6181027904494442e+03	2.3084891673306947e+03	1.8591990713569421e+03	1.9838757918742695e+03	2.0681767675199030e+03	1.9818963968176636e+03
1.7621919843660410e+03	1.6215600609072815e+03	1.8390285552648188e+03	1.6264298296332418e+03	2.0723313359554363e+03	1.8518166484628505e+03	1.7370376399383331e+03	1.8067918659562795e+03	1.6185537741238174e+03	1.6292843927158847e+03	1.7443526190306368e+03	1.9765687969360720e+03	1.8760865365634686e+03	1.8442153946427004e+03	1.8489007754322035e+03	2.3575463376508460e+03	2.0687735663749668e+03	2.2038291806944089e+03	2.1046073415416904e+03	1.6181027903662246e+03	2.3084891673306947e+03	1.8591990713569421e+03	1.9838756304814826e+03	2.0681767640239605e+03	1.9818963965094053e+03
1.7621919843660410e+03	1.6215587123746191e+03	1.8390285552599291e+03	1.6264298296332418e+03	2.0723313359554363e+03	1.8518166477503623e+03	1.7370367522115591e+03	1.8067918226148918e+03	1.6185537741238174e+03	1.6292843927158847e+03	1.7443526185840833e+03	1.9765687963240316e+03	1.8760863869636416e+03	1.8442153946427004e+03	1.8489007518799694e+03	2.3575463376335556e+03	2.0687735639261768e+03	2.2038291763780499e+03	2.1046073350503239e+03	1.6181027901138989e+03	2.3084891673306947e+03	1.8591990713569421e+03	1.9838756304814826e+03	2.0681767509738138e+03	1.9818963965094053e+03
1.7621919643394108e+03	1.6215585985484920e+03	1.8390285552477196e+03	1.6264298296332418e+03	2.0723313357326679e+03	1.8518166466477130e+03	1.7370366846969209e+03	1.8067917569897263e+03	1.6185536757412654e+03	1.6292843927158847e+03	1.7443525729647845e+03	1.9765687946613261e+03	1.8760863869636416e+03	1.8442153113646236e+03	1.8489007469239764e+03	2.3575463374804840e+03	2.0687735605643761e+03	2.2038291763780499e+03	2.1046073329614060e+03	1.6181027900134852e+03	2.3084891381458397e+03	1.8591990713569421e+03	1.9838756114489379e+03	2.0681767509738138e+03	1.9818963905183032e+03
1.7621919643394108e+03	1.6215582400352164e+03	1.8390285552447172e+03	1.6264298296332418e+03	2.0723313357326679e+03	1.8518166438380695e+03	1.7370366846969209e+03	1.8067917569897263e+03	1.6185534654843391e+03	1.6292843927158847e+03	1.7443525628590439e+03	1.9765687942115380e+03	1.8760863869636416e+03	1.8442152962165651e+03	1.8489007095196155e+03	2.3575463360195245e+03	2.0687735605643761e+03	2.2038291710650387e+03	2.1046073285640628e+03	1.6181027899016879e+03	2.3084891381458397e+03	1.8591990713569421e+03	1.9838755076748162e+03	2.0681767497657861e+03	1.9818963860150566e+03
1.7621919585598916e+03	1.6215582385735647e+03	1.8390285552360940e+03	1.6264298296332418e+03	2.0723313357326679e+03	1.8518166408982565e+03	1.7370363958008720e+03	1.8067917569897263e+03	1.6185532365707502e+03	1.6292843927158847e+03	1.7443524865900149e+03	1.9765687939280485e+03	1.8760863571321947e+03	1.8442152962165651e+03	1.8489006686964144e+03	2.3575463357000112e+03	2.0687735605643761e+03	2.2038291566572043e+03	2.1046073229813351e+03	1.6181027899016879e+03	2.3084891208199310e+03	1.8591990713569421e+03	1.9838755029012336e+03	2.0681767497657861e+03	1.9818963859695837e+03
1.7621919572644858e+03	1.6215581279093844e+03	1.8390285552348089e+03	1.6264298296332418e+03	2.0723313356944882e+03	1.8518166381721346e+03	1.7370360969411674e+03	1.8067916843411892e+03	1.6185529406262560e+03	1.6292843927158847e+03	1.7443524351548956e+03	1.9765687931055411e+03	1.8760861018305604e+03	1.8442152962165651e+03	1.8489006223149527e+03	2.3575463336352636e+03	2.0687735557663527e+03	2.2038291566572043e+03	2.1046073225590812e+03	1.6181027897550507e+03	2.3084891208199310e+03	1.8591990713569421e+03	1.9838751776026863e+03	2.0681767424004993e+03	1.9818963856841949e+03
1.7621919572644858e+03	1.6215579891947666e+03	1.8390285552317050e+03	1.6264298296332418e+03	2.0723313355657242e+03	1.8518166377683210e+03	1.7370360969411674e+03	1.8067916333433636e+03	1.6185529406262560e+03	1.6292843927158847e+03	1.7443523795036572e+03	1.9765687931055411e+03	1.8760861018305604e+03	1.8442152962165651e+03	1.8489006098579757e+03	2.3575463328745582e+03	2.0687735539425685e+03	2.2038291566572043e+03	2.1046073210877812e+03	1.6181027897095253e+03	2.3084890285728661e+03	1.8591990713569421e+03	1.9838751776026863e+03	2.0681767416206994e+03	1.9818963856841949e+03
1.7621919482894075e+03	1.6215579342883852e+03	1.8390285552312662e+03	1.6264298296332418e+03	2.0723313355279197e+03	1.8518166377683210e+03	1.7370359282012391e+03	1.8067915313546896e+03	1.6185527582996535e+03	1.6292843927158847e+03	1.7443523735906626e+03	1.9765687926435712e+03	1.8760860989721302e+03	1.8442152593655246e+03	1.8489004918788005e+03	2.3575463323332156e+03	2.0687735539425685e+03	2.2038291566572043e+03	2.1046073210877812e+03	1.6181027896033918e+03	2.3084889839025291e+03	1.8591990713569421e+03	1.9838750514558096e+03	2.0681767410857510e+03	1.9818963833219432e+03
1.7621919359442645e+03	1.6215575489622224e+03	1.8390285552297337e+03	1.6264298296332418e+03	2.0723313354054567e+03	1.8518166291875914e+03	1.7370359282012391e+03	1.8067915313546896e+03	1.6185527280051417e+03	1.6292843927158847e+03	1.7443523735906626e+03	1.9765687923248061e+03	1.8760860681816916e+03	1.8442151503326800e+03	1.8489004819523759e+03	2.3575463315815900e+03	2.0687735539425685e+03	2.2038291566572043e+03	2.1046073202992848e+03	1.6181027895222380e+03	2.3084888523098070e+03	1.8591990713569421e+03	1.9838750514558096e+03	2.0681767381700233e+03	1.9818963789570296e+03
1.7621919359442645e+03	1.6215574764329328e+03	1.8390285552272867e+03	1.6264298296332418e+03	2.0723313353512140e+03	1.8518166291875914e+03	1.7370359282012391e+03	1.8067915249271239e+03	1.6185527045692809e+03	1.6292843927158847e+03	1.7443522779471450e+03	1.9765687923248061e+03	1.8760860226506379e+03	1.8442150328295322e+03	1.8489004715548856e+03	2.3575463222517856e+03	2.0687735454995400e+03	2.2038291519907739e+03	2.1046073202992848e+03	1.6181027893414334e+03	2.3084887702910137e+03	1.8591990713569421e+03	1.9838750487303807e+03	2.0681767372371564e+03	1.9818963789570296e+03
1.7621918975647889e+03	1.6215566181219522e+03	1.8390285552140356e+03	1.6264298296332418e+03	2.0723313353512140e+03	1.8518166291875914e+03	1.7370359282012391e+03	1.8067914845372215e+03	1.6185526131921947e+03	1.6292843927158847e+03	1.7443522719766358e+03	1.9765687921685694e+03	1.8760859657914816e+03	1.8442150328295322e+03	1.8489004104778776e+03	2.3575462784637120e+03	2.0687735454995400e+03	2.2038291511940170e+03	2.1046073195848444e+03	1.6181027892482457e+03	2.3084884196841595e+03	1.8591990713569421e+03	1.9838749452870022e+03	2.0681767372371564e+03	1.9818963768424690e+03
1.7621918975647889e+03	1.6215556374674109e+03	1.8390285552105897e+03	1.6264298296332418e+03	2.0723313353512140e+03	1.8518166291875914e+03	1.7370359282012391e+03	1.8067914481413491e+03	1.6185525555004008e+03	1.6292843927158847e+03	1.7443522612399954e+03	1.9765687919640934e+03	1.8760858876464313e+03	1.8442150328295322e+03	1.8489003881435556e+03	2.3575457867148539e+03	2.0687735364225769e+03	2.2038291511940170e+03	2.1046073194328910e+03	1.6181027891874555e+03	2.3084882538226630e+03	1.8591990713569421e+03	1.9838749452870022e+03	2.0681767352894308e+03	1.9818963768424690e+03
1.7621918870885002e+03	1.6215550394759011e+03	1.8390285552048201e+03	1.6264298296332418e+03	2.0723313353321387e+03	1.8518166291875914e+03	1.7370317253486489e+03	1.8067914372170053e+03	1.6185522588412878e+03	1.6292843927158847e+03	1.7443522383433028e+03	1.9765687912036112e+03	1.8760856619629167e+03	1.8442150024431787e+03	1.8489003647927066e+03	2.3575456612619091e+03	2.0687735229890213e+03	2.2038291511940170e+03	2.1046073174707076e+03	1.6181027890686207e+03	2.3084867978668717e+03	1.8591990713569421e+03	1.9838746646382904e+03	2.0681767326111362e+03	1.9818963768424690e+03
1.7621918698391110e+03	1.6215548661708722e+03	1.8390285551950726e+03	1.6264298296332418e+03	2.0723313353321387e+03	1.8518166261555616e+03	1.7370317253486489e+03	1.8067913816512817e+03	1.6185522385929510e+03	1.6292843927158847e+03	1.7443522168374727e+03	1.9765687912036112e+03	1.8760856619629167e+03	1.8442150024431787e+03	1.8489003533999164e+03	2.3575456195659181e+03	2.0687735073952313e+03	2.2038291475294473e+03	2.1046073158415434e+03	1.6181027889170916e+03	2.3084821802235956e+03	1.8591990713569421e+03	1.9838746533256272e+03	2.0681767299883227e+03	1.9818963768424690e+03
1.7621918698391110e+03	1.6215541829654178e+03	1.8390285551795978e+03	1.6264298296332418e+03	2.0723313353003591e+03	1.8518166216982529e+03	1.7370317043704692e+03	1.8067913759485537e+03	1.6185520466936607e+03	1.6292843927158847e+03	1.7443521860033375e+03	1.9765687905104530e+03	1.8760856310863990e+03	1.8442147506087820e+03	1.8489003525162157e+03	2.3575456019539956e+03	2.0687734989173910e+03	2.2038291455943013e+03	2.1046073158415434e+03	1.6181027886463967e+03	2.3084783060562586e+03	1.8591990713569421e+03	1.9838744401490701e+03	2.0681767271258318e+03	1.9818963738147449e+03
1.7621918532702300e+03	1.6215529419946454e+03	1.8390285551695051e+03	1.6264298296332418e+03	2.0723313353003591e+03	1.8518166213029788e+03	1.7370310143890429e+03	1.8067913088731436e+03	1.6185517950280337e+03	1.6292843927158847e+03	1.7443521751083711e+03	1.9765687896714171e+03	1.8760855521105277e+03	1.8442147506087820e+03	1.8489003453430244e+03	2.3575455661190667e+03	2.0687734989173910e+03	2.2038291449070753e+03	2.1046073147773295e+03	1.6181027879846131e+03	2.3084652950951049e+03	1.8591990713569421e+03	1.9838741717442313e+03	2.0681767271258318e+03	1.9818963688930155e+03
1.7621918532702300e+03	1.6215521957989631e+03	1.8390285551553773e+03	1.6264298296332418e+03	2.0723313334626878e+03	1.8518166102092782e+03	1.7370298972020723e+03	1.8067913088731436e+03	1.6185517950280337e+03	1.6292843927158847e+03	1.7443521485086148e+03	1.9765687894066837e+03	1.8760854361816873e+03	1.8442147506087820e+03	1.8489003376065798e+03	2.3575455455488773e+03	2.0687734827368445e+03	2.2038291449070753e+03	2.1046073143033159e+03	1.6181027879026915e+03	2.3084570821126626e+03	1.8591990713569421e+03	1.9838740941214221e+03	2.0681767248616766e+03	1.9818963680725806e+03
1.7621918512253387e+03	1.6215513289139392e+03	1.8390285551381396e+03	1.6264298296332418e+03	2.0723313332993011e+03	1.8518166071405062e+03	1.7370298972020723e+03	1.8067912671481047e+03	1.6185517789696160e+03	1.6292843927158847e+03	1.7443520176148586e+03	1.9765687880645492e+03	1.8760853136678863e+03	1.8442147506087820e+03	1.8489003233234976e+03	2.3575455315003446e+03	2.0687734807573038e+03	2.2038291403158719e+03	2.1046073143033159e+03	1.6181027878461841e+03	2.3084567894268725e+03	1.8591990713569421e+03	1.9838739163087225e+03	2.0681767223673833e+03	1.9818963668011716e+03
1.7621918444288633e+03	1.6215511184066813e+03	1.8390285551176246e+03	1.6264298296332418e+03	2.0723313332993011e+03	1.8518166071405062e+03	1.7370282870321744e+03	1.8067912267474442e+03	1.6185515844511367e+03	1.6292843927158847e+03	1.7443519809275440e+03	1.9765687874026896e+03	1.8760852030718665e+03	1.8442147506087820e+03	1.8489002593182718e+03	2.3575455254190142e+03	2.0687734801932156e+03	2.2038291366018702e+03	2.1046073143033159e+03	1.6181027878177354e+03	2.3084564774412870e+03	1.8591990713569421e+03	1.9838737849596846e+03	2.0681767212702330e+03	1.9818963668011716e+03
1.7621918353016788e+03	1.6215510764135759e+03	1.8390285550713652e+03	1.6264298296332418e+03	2.0723313083152516e+03	1.8518166056035791e+03	1.7370282870321744e+03	1.8067911408122218e+03	1.6185515395832906e+03	1.6292843927158847e+03	1.7443518716281271e+03	1.9765687861187114e+03	1.8760852030718665e+03	1.8442147506087820e+03	1.8489002488672222e+03	2.3575455229017707e+03	2.0687734716945547e+03	2.2038291366018702e+03	2.1046073142751834e+03	1.6181027877783183e+03	2.3084563490292408e+03	1.8591990713569421e+03	1.9838735449626033e+03	2.0681767163785776e+03	1.9818963668011716e+03
1.7621918236653119e+03	1.6215509292302404e+03	1.8390285550464771e+03	1.6264298296332418e+03	2.0723312948742519e+03	1.8518166054329529e+03	1.7370194218104255e+03	1.8067910959147514e+03	1.6185515130814854e+03	1.6292843927158847e+03	1.7443518201659851e+03	1.9765687858562699e+03	1.8760852030718665e+03	1.8442147413000839e+03	1.8489002239389658e+03	2.3575455197378205e+03	2.0687734486519130e+03	2.2038291366018702e+03	2.1046073125815292e+03	1.6181027877716378e+03	2.3084562300145521e+03	1.8591990713569421e+03	1.9838730720516994e+03	2.0681767155156667e+03	1.9818963526855423e+03
1.7621918236653119e+03	1.6215508886059797e+03	1.8390285549680430e+03	1.6264298296332418e+03	2.0723312266015573e+03	1.8518166038319137e+03	1.7369921622432573e+03	1.8067910678724054e+03	1.6185514339060201e+03	1.6292843927158847e+03	1.7443517898993293e+03	1.9765687855986903e+03	1.8760851900795494e+03	1.8442145773667103e+03	1.8489002013739739e+03	2.3575455197378205e+03	2.0687734096866525e+03	2.2038291366018702e+03	2.1046073123725200e+03	1.6181027877476345e+03	2.3084561416365868e+03	1.8591990713569421e+03	1.9838728971648334e+03	2.0681767141847604e+03	1.9818963526855423e+03
1.7621918236653119e+03	1.6215508245193814e+03	1.8390285549495322e+03	1.6264298296332418e+03	2.0723312185945892e+03	1.8518165976377331e+03	1.7369669832233790e+03	1.8067910240080892e+03	1.6185514339060201e+03	1.6292843927158847e+03	1.7443515218276918e+03	1.9765687852298317e+03	1.8760851609910576e+03	1.8442145773667103e+03	1.8489001765591840e+03	2.3575455173938444e+03	2.0687733240444222e+03	2.2038291336824941e+03	2.1046073112200706e+03	1.6181027876657251e+03	2.3084561233197610e+03	1.8591990713569421e+03	1.9838700364146064e+03	2.0681767141847604e+03	1.9818963526855423e+03
1.7621918236653119e+03	1.6215507544694824e+03	1.8390285549452299e+03	1.6264298296332418e+03	2.0723312167845156e+03	1.8518165950283258e+03	1.7369096549976969e+03	1.8067909768892819e+03	1.6185511290690654e+03	1.6292843927158847e+03	1.7443513685232272e+03	1.9765687852298317e+03	1.8760850393930702e+03	1.8442144359563563e+03	1.8489000753566888e+03	2.3575455173938444e+03	2.0687721715372086e+03	2.2038291327021798e+03	2.1046073082278695e+03	1.6181027875620234e+03	2.3084560288912944e+03	1.8591990713569421e+03	1.9838654428240070e+03	2.0681767118919415e+03	1.9818963364446017e+03
1.7621918156821791e+03	1.6215504017574849e+03	1.8390285549395007e+03	1.6264298296332418e+03	2.0723312134615726e+03	1.8518165948856652e+03	1.7367727294444082e+03	1.8067909620270100e+03	1.6185511290690654e+03	1.6292843927158847e+03	1.7443513616081616e+03	1.9765687849973908e+03	1.8760850393930702e+03	1.8442144195364203e+03	1.8488997715772978e+03	2.3575455171284102e+03	2.0687334769058220e+03	2.2038291287079896e+03	2.1046073030896887e+03	1.6181027875326549e+03	2.3084560288912944e+03	1.8591990713569421e+03	1.9838653026156408e+03	2.0681767087278599e+03	1.9818963364446017e+03
1.7621918144844444e+03	1.6215499380813171e+03	1.8390285549265507e+03	1.6264298296332418e+03	2.0723312110284651e+03	1.8518165942665846e+03	1.7365408745679897e+03	1.8067908916059423e+03	1.6185511290690654e+03	1.6292843927158847e+03	1.7443510017231715e+03	1.9765687848072994e+03	1.8760849864618967e+03	1.8442144195364203e+03	1.8488996106409807e+03	2.3575455166770616e+03	2.0687319965239758e+03	2.2038291283614703e+03	2.1046073018649377e+03	1.6181027874974229e+03	2.3084559467082518e+03	1.8591990713569421e+03	1.9838652074925433e+03	2.0681767087278599e+03	1.9818963298735262e+03
1.7621917961874001e+03	1.6215495273067027e+03	1.8390285549182390e+03	1.6264298296332418e+03	2.0723312099888199e+03	1.8518165922224530e+03	1.7365408745679897e+03	1.8067908584302868e+03	1.6185509993108337e+03	1.6292843927158847e+03	1.7443508186465820e+03	1.9765687845668854e+03	1.8760849864618967e+03	1.8442144195364203e+03	1.8488988583753760e+03	2.3575455160853653e+03	2.0687313926875513e+03	2.2038291283614703e+03	2.1046073014337976e+03	1.6181027874814292e+03	2.3084559467082518e+03	1.8591990713569421e+03	1.9838651140677539e+03	2.0681767084652047e+03	1.9818963298735262e+03
1.7621917901863001e+03	1.6215493927781854e+03	1.8390285549069856e+03	1.6264298296332418e+03	2.0723312096987065e+03	1.8518165913073994e+03	1.7365188971331786e+03	1.8067908584302868e+03	1.6185507934043483e+03	1.6292843927158847e+03	1.7443502120664043e+03	1.9765687843445025e+03	1.8760848762968944e+03	1.8442144118178228e+03	1.8488986744693416e+03	2.3575455154878400e+03	2.0687306734520471e+03	2.2038291260528304e+03	2.1046073014337976e+03	1.6181027874814292e+03	2.3084558081137379e+03	1.8591990713569421e+03	1.9838651140677539e+03	2.0681767076403071e+03	1.9818963167061424e+03
1.7621917862966977e+03	1.6215491561067968e+03	1.8390285549034099e+03	1.6264298296332418e+03	2.0723312095300239e+03	1.8518165881291820e+03	1.7365188971331786e+03	1.8067908446786969e+03	1.6185507934043483e+03	1.6292843927158847e+03	1.7443406776252521e+03	1.9765687842688494e+03	1.8760848184381450e+03	1.8442144087310928e+03	1.8488986611109765e+03	2.3575455154878400e+03	2.0687301650227400e+03	2.2038291237556127e+03	2.1046073014337976e+03	1.6181027874548145e+03	2.3084555923249609e+03	1.8591990713569421e+03	1.9838651140677539e+03	2.0681767000082023e+03	1.9818963157956002e+03
1.7621917837809758e+03	1.6215487364702310e+03	1.8390285549020855e+03	1.6264298296332418e+03	2.0723312094530429e+03	1.8518165879010132e+03	1.7365186533761935e+03	1.8067908446786969e+03	1.6185507934043483e+03	1.6292843927158847e+03	1.7443318411629866e+03	1.9765687838636857e+03	1.8760848184381450e+03	1.8442144087310928e+03	1.8488986575568476e+03	2.3575455154676652e+03	2.0687301422016071e+03	2.2038291205871310e+03	2.1046073013421251e+03	1.6181027874428592e+03	2.3084555291939928e+03	1.8591990713569421e+03	1.9838650373605183e+03	2.0681766959270144e+03	1.9818963128132514e+03
1.7621917757596689e+03	1.6215484762802005e+03	1.8390285549001496e+03	1.6264298296332418e+03	2.0723312089198539e+03	1.8518165879010132e+03	1.7365064974723737e+03	1.8067908018178614e+03	1.6185507654271973e+03	1.6292843927158847e+03	1.7443309283648782e+03	1.9765687838557199e+03	1.8760847984572088e+03	1.8442143654725655e+03	1.8488986052526079e+03	2.3575455154676652e+03	2.0687301422016071e+03	2.2038291182361954e+03	2.1046073012980996e+03	1.6181027874378829e+03	2.3084553996946233e+03	1.8591990713569421e+03	1.9838647646486754e+03	2.0681766930163280e+03	1.9818963104792456e+03
1.7621917757596689e+03	1.6215482254866042e+03	1.8390285548980055e+03	1.6264298296332415e+03	2.0723312088545790e+03	1.8518165879010132e+03	1.7364889509189934e+03	1.8067908018178614e+03	1.6185507654271973e+03	1.6292843927158847e+03	1.7443302948951007e+03	1.9765687837605963e+03	1.8760847858310970e+03	1.8442143654040033e+03	1.8488986028879294e+03	2.3575455154676652e+03	2.0687301389584709e+03	2.2038291182361954e+03	2.1046073012980996e+03	1.6181027874149308e+03	2.3084553443797377e+03	1.8591990713569421e+03	1.9838644101574021e+03	2.0681766930163280e+03	1.9818963104792456e+03
1.7621917757596689e+03	1.6215478362840970e+03	1.8390285548971797e+03	1.6264298296332415e+03	2.0723312087128411e+03	1.8518165877292870e+03	1.7364889509189934e+03	1.8067906274651377e+03	1.6185507654271973e+03	1.6292843927158847e+03	1.7443301679226695e+03	1.9765687835204587e+03	1.8760847107713846e+03	1.8442143526723221e+03	1.8488985825730961e+03	2.3575455140186909e+03	2.0687301075780524e+03	2.2038291178028940e+03	2.1046073012980996e+03	1.6181027874103120e+03	2.3084551937377978e+03	1.8591990713569421e+03	1.9838642994701536e+03	2.0681766927135491e+03	1.9818963104792456e+03
1.7621917731647297e+03	1.6215474822465455e+03	1.8390285548946347e+03	1.6264298296332415e+03	2.0723312086522028e+03	1.8518165871358324e+03	1.7364889509189934e+03	1.8067906274651377e+03	1.6185507654271973e+03	1.6292843927158847e+03	1.7443301679226695e+03	1.9765687831990949e+03	1.8760846616870167e+03	1.8442143446324108e+03	1.8488985702833427e+03	2.3575455137896502e+03	2.0687300706921114e+03	2.2038291149680063e+03	2.1046073012419483e+03	1.6181027873766648e+03	2.3084549723346108e+03	1.8591990713569421e+03	1.9838641210055180e+03	2.0681766897471625e+03	1.9818963104792456e+03
1.7621917730887151e+03	1.6215471667663032e+03	1.8390285548893899e+03	1.6264298296332415e+03	2.0723312086190022e+03	1.8518165871004312e+03	1.7364877400360613e+03	1.8067905980709086e+03	1.6185507654271973e+03	1.6292843927158847e+03	1.7443300606222663e+03	1.9765687829405886e+03	1.8760846047630516e+03	1.8442143114855119e+03	1.8488985392180246e+03	2.3575455137266645e+03	2.0687300416026601e+03	2.2038291130539328e+03	2.1046073012342672e+03	1.6181027872778145e+03	2.3084546384814785e+03	1.8591990713569421e+03	1.9838637985206228e+03	2.0681766893419322e+03	1.9818963104792456e+03
1.7621917718254413e+03	1.6215453064752837e+03	1.8390285548859335e+03	1.6264298296332415e+03	2.0723312084661311e+03	1.8518165870400846e+03	1.7364877400360613e+03	1.8067905709519464e+03	1.6185507362466994e+03	1.6292843927158847e+03	1.7443299875712364e+03	1.9765687825834068e+03	1.8760845541623312e+03	1.8442143031308783e+03	1.8488985392180246e+03	2.3575455137044214e+03	2.0687300114499803e+03	2.2038291128320479e+03	2.1046072995989848e+03	1.6181027871770809e+03	2.3084537600491194e+03	1.8591990713569421e+03	1.9838637985206228e+03	2.0681766893419322e+03	1.9818963082648311e+03
1.7621917711307128e+03	1.6215441292404059e+03	1.8390285548797301e+03	1.6264298296332415e+03	2.0723312082999541e+03	1.8518165836742580e+03	1.7364847151999470e+03	1.8067905709519464e+03	1.6185507175994619e+03	1.6292843927158847e+03	1.7443299134091317e+03	1.9765687823767803e+03	1.8760844426855531e+03	1.8442142317913565e+03	1.8488985392180246e+03	2.3575455125210292e+03	2.0687300114499803e+03	2.2038291093503676e+03	2.1046072992193422e+03	1.6181027868922536e+03	2.3084535828440680e+03	1.8591990713569421e+03	1.9838637985206228e+03	2.0681766893419322e+03	1.9818963075999241e+03
1.7621917697277981e+03	1.6215435771617051e+03	1.8390285548749573e+03	1.6264298296332413e+03	2.0723312080917444e+03	1.8518165836742580e+03	1.7364826478317239e+03	1.8067905709519464e+03	1.6185507163151069e+03	1.6292843927158847e+03	1.7443299130599930e+03	1.9765687822849698e+03	1.8760844114612860e+03	1.8442142317913565e+03	1.8488985313045469e+03	2.3575455118494770e+03	2.0687299821918878e+03	2.2038291093503676e+03	2.1046072992193422e+03	1.6181027861634329e+03	2.3084534921400100e+03	1.8591990713569421e+03	1.9838637494475033e+03	2.0681766892171827e+03	1.9818963075999241e+03
1.7621917645322740e+03	1.6215430576258639e+03	1.8390285548637121e+03	1.6264298296332413e+03	2.0723312080609721e+03	1.8518165836742580e+03	1.7364826478317239e+03	1.8067905709519464e+03	1.6185507122539739e+03	1.6292843927158847e+03	1.7443299130599930e+03	1.9765687820952357e+03	1.8760842568671155e+03	1.8442142160338203e+03	1.8488985308185404e+03	2.3575455115712148e+03	2.0687299303190221e+03	2.2038291081582447e+03	2.1046072992193422e+03	1.6181027860924401e+03	2.3084534904324009e+03	1.8591990713569421e+03	1.9838635454132341e+03	2.0681766885766656e+03	1.9818963075999241e+03
1.7621917604374798e+03	1.6215423125418820e+03	1.8390285548486024e+03	1.6264298296332413e+03	2.0723312079578900e+03	1.8518165836230605e+03	1.7364826478317239e+03	1.8067905489528334e+03	1.6185506637225308e+03	1.6292843927158847e+03	1.7443299073989790e+03	1.9765687820952357e+03	1.8760842568597013e+03	1.8442141924495479e+03	1.8488985279697008e+03	2.3575455102565970e+03	2.0687298113436864e+03	2.2038291036021533e+03	2.1046072992193422e+03	1.6181027860839617e+03	2.3084534124673396e+03	1.8591990713569421e+03	1.9838635220514714e+03	2.0681766881098829e+03	1.9818963075999241e+03
1.7621917580649135e+03	1.6215420454697005e+03	1.8390285548471720e+03	1.6264298296332413e+03	2.0723312078592789e+03	1.8518165818222669e+03	1.7364770764408077e+03	1.8067905489528334e+03	1.6185506443033421e+03	1.6292843927158847e+03	1.7443299073981418e+03	1.9765687819546304e+03	1.8760842519243563e+03	1.8442141684111712e+03	1.8488985279697008e+03	2.3575455100516087e+03	2.0687298081322133e+03	2.2038290991250456e+03	2.1046072992193422e+03	1.6181027860779238e+03	2.3084534124673396e+03	1.8591990713569421e+03	1.9838634864546657e+03	2.0681766863760222e+03	1.9818963075999241e+03
1.7621917365468767e+03	1.6215419307158268e+03	1.8390285548454299e+03	1.6264298296332413e+03	2.0723312077520941e+03	1.8518165809345689e+03	1.7364714833257199e+03	1.8067905489528334e+03	1.6185506260209729e+03	1.6292843927158847e+03	1.7443298767761996e+03	1.9765687818190274e+03	1.8760842519243563e+03	1.8442141684111712e+03	1.8488985276439216e+03	2.3575455098725743e+03	2.0687297766938855e+03	2.2038290949030429e+03	2.1046072992193422e+03	1.6181027860429606e+03	2.3084534124673396e+03	1.8591990713569421e+03	1.9838634252517977e+03	2.0681766863760222e+03	1.9818963075999241e+03
1.7621917362137792e+03	1.6215415964320689e+03	1.8390285548431330e+03	1.6264298296332413e+03	2.0723312070903416e+03	1.8518165801760060e+03	1.7364714833257199e+03	1.8067905483786108e+03	1.6185506201649339e+03	1.6292843927158847e+03	1.7443298748052125e+03	1.9765687815716324e+03	1.8760842494533874e+03	1.8442141545075631e+03	1.8488985233388009e+03	2.3575455096195101e+03	2.0687297649080515e+03	2.2038290870234914e+03	2.1046072992193422e+03	1.6181027860429606e+03	2.3084533889521540e+03	1.8591990713569421e+03	1.9838633203489528e+03	2.0681766849874507e+03	1.9818963075999241e+03
1.7621917356375650e+03	1.6215413808424037e+03	1.8390285548399909e+03	1.6264298296332413e+03	2.0723312067216125e+03	1.8518165784197452e+03	1.7364714833257199e+03	1.8067905483786108e+03	1.6185506201649339e+03	1.6292843927158847e+03	1.7443297881934284e+03	1.9765687812718083e+03	1.8760842493131006e+03	1.8442141401187448e+03	1.8488985195454752e+03	2.3575455087717196e+03	2.0687297379507427e+03	2.2038290788475224e+03	2.1046072992193422e+03	1.6181027860158995e+03	2.3084533829913316e+03	1.8591990713569421e+03	1.9838633103835537e+03	2.0681766847144318e+03	1.9818963075999241e+03
1.7621917345495012e+03	1.6215412951062185e+03	1.8390285548382781e+03	1.6264298296332413e+03	2.0723312066891458e+03	1.8518165784197452e+03	1.7364714833257199e+03	1.8067905402583513e+03	1.6185506201649339e+03	1.6292843927158847e+03	1.7443297881934284e+03	1.9765687811333335e+03	1.8760842349775219e+03	1.8442141066646816e+03	1.8488985192801774e+03	2.3575455087352166e+03	2.0687297379507427e+03	2.2038290747138271e+03	2.1046072992193422e+03	1.6181027859810847e+03	2.3084533616827134e+03	1.8591990713569421e+03	1.9838632999434230e+03	2.0681766824115643e+03	1.9818963059582711e+03
1.7621917274115949e+03	1.6215411925034350e+03	1.8390285548356687e+03	1.6264298296332413e+03	2.0723312066000467e+03	1.8518165775703510e+03	1.7364689844219508e+03	1.8067905242292350e+03	1.6185506201649339e+03	1.6292843927158845e+03	1.7443297734094253e+03	1.9765687809420419e+03	1.8760842349775219e+03	1.8442141000009408e+03	1.8488985176876465e+03	2.3575455086389456e+03	2.0687297372533972e+03	2.2038290669852609e+03	2.1046072992193422e+03	1.6181027859669866e+03	2.3084533616827134e+03	1.8591990713569421e+03	1.9838632832344565e+03	2.0681766803460455e+03	1.9818963059582711e+03
1.7621917274115949e+03	1.6215410667439148e+03	1.8390285548342010e+03	1.6264298296332413e+03	2.0723312064627539e+03	1.8518165775703510e+03	1.7364628716216773e+03	1.8067905118309520e+03	1.6185505889853216e+03	1.6292843927158845e+03	1.7443297550520751e+03	1.9765687806149972e+03	1.8760842333442247e+03	1.8442140281038799e+03	1.8488985153853816e+03	2.3575455085946101e+03	2.0687297372533972e+03	2.2038290645047846e+03	2.1046072992077529e+03	1.6181027859357180e+03	2.3084533525085944e+03	1.8591990713569421e+03	1.9838632759814800e+03	2.0681766797904666e+03	1.9818963059582711e+03
1.7621917245197999e+03	1.6215408147233288e+03	1.8390285548328964e+03	1.6264298296332413e+03	2.0723312064402367e+03	1.8518165764572368e+03	1.7364628716216773e+03	1.8067905109178148e+03	1.6185505291822560e+03	1.6292843927158845e+03	1.7443297414897606e+03	1.9765687803036340e+03	1.8760842169365471e+03	1.8442140019792037e+03	1.8488985135129872e+03	2.3575455085364429e+03	2.0687297297171654e+03	2.2038290466564576e+03	2.1046072992077529e+03	1.6181027859357180e+03	2.3084533443198320e+03	1.8591990713569421e+03	1.9838632432136765e+03	2.0681766727738927e+03	1.9818963056021350e+03
1.7621917223702412e+03	1.6215406879740835e+03	1.8390285548308602e+03	1.6264298296332413e+03	2.0723312063776630e+03	1.8518165764572368e+03	1.7364594106714894e+03	1.8067904963034705e+03	1.6185505036434129e+03	1.6292843927158845e+03	1.7443297354599476e+03	1.9765687797399185e+03	1.8760842078118055e+03	1.8442140019792037e+03	1.8488985125862835e+03	2.3575455081820010e+03	2.0687297225076227e+03	2.2038290158418490e+03	2.1046072992077529e+03	1.6181027858806408e+03	2.3084533249034698e+03	1.8591990713569421e+03	1.9838632428346059e+03	2.0681766600673295e+03	1.9818963041486618e+03
1.7621917213563383e+03	1.6215402260108685e+03	1.8390285548290988e+03	1.6264298296332413e+03	2.0723312063661351e+03	1.8518165751121514e+03	1.7364594106714894e+03	1.8067904899316709e+03	1.6185505036434129e+03	1.6292843927158845e+03	1.7443297272929078e+03	1.9765687793735772e+03	1.8760842078118055e+03	1.8442138773205502e+03	1.8488985116864524e+03	2.3575455080136826e+03	2.0687297225076227e+03	2.2038288471297369e+03	2.1046072992077529e+03	1.6181027858632008e+03	2.3084532816634492e+03	1.8591990713569421e+03	1.9838632428346059e+03	2.0681766514950787e+03	1.9818963041486618e+03
1.7621917192374340e+03	1.6215400551167531e+03	1.8390285548279844e+03	1.6264298296332413e+03	2.0723312063600997e+03	1.8518165751121514e+03	1.7364591041749165e+03	1.8067904882777698e+03	1.6185504891711062e+03	1.6292843927158845e+03	1.7443297172692794e+03	1.9765687787947713e+03	1.8760841952445148e+03	1.8442138330262210e+03	1.8488985105590652e+03	2.3575455078760988e+03	2.0687297194070661e+03	2.2038285075232570e+03	2.1046072989130407e+03	1.6181027858560690e+03	2.3084531831429126e+03	1.8591990713569421e+03	1.9838632401767288e+03	2.0681766487385466e+03	1.9818963041486618e+03
1.7621917192374340e+03	1.6215397890693796e+03	1.8390285548273935e+03	1.6264298296332413e+03	2.0723312063487310e+03	1.8518165749273626e+03	1.7364542372852411e+03	1.8067904780581564e+03	1.6185504823385415e+03	1.6292843927158845e+03	1.7443297172692794e+03	1.9765687772927358e+03	1.8760841770585580e+03	1.8442135405123815e+03	1.8488985046973344e+03	2.3575455077751535e+03	2.0687297167796492e+03	2.2038180199359813e+03	2.1046072987757066e+03	1.6181027858520174e+03	2.3084528250918374e+03	1.8591990713569421e+03	1.9838632401767288e+03	2.0681766443007918e+03	1.9818963041486618e+03
1.7621917182324739e+03	1.6215396122778918e+03	1.8390285548270635e+03	1.6264298296332413e+03	2.0723312039652819e+03	1.8518165749273626e+03	1.7364542372852411e+03	1.8067904743169174e+03	1.6185504310263236e+03	1.6292843927158845e+03	1.7443297020113614e+03	1.9765687745381783e+03	1.8760841745078794e+03	1.8442133446772978e+03	1.8488984968979776e+03	2.3575455076996027e+03	2.0687297146220180e+03	2.2038167503493769e+03	2.1046072987757066e+03	1.6181027858476621e+03	2.3084525301721533e+03	1.8591990713569421e+03	1.9838631552123006e+03	2.0681766443007918e+03	1.9818963029364406e+03
1.7621917031747985e+03	1.6215395299184647e+03	1.8390285548264949e+03	1.6264298296332413e+03	2.0723312024529687e+03	1.8518165725708052e+03	1.7364542372852411e+03	1.8067904743169174e+03	1.6185504310263236e+03	1.6292843927158845e+03	1.7443297020113614e+03	1.9765687729008268e+03	1.8760841670330951e+03	1.8442131646987671e+03	1.8488984955681560e+03	2.3575455076996027e+03	2.0687297031155963e+03	2.2038165847223991e+03	2.1046072987757066e+03	1.6181027858398629e+03	2.3084524161922564e+03	1.8591990713569421e+03	1.9838631242330903e+03	2.0681766439207804e+03	1.9818963029091631e+03
1.7621917031747985e+03	1.6215393843356785e+03	1.8390285548254051e+03	1.6264298296332413e+03	2.0723312020339745e+03	1.8518165716830465e+03	1.7364542372852411e+03	1.8067904743169174e+03	1.6185504310263236e+03	1.6292843927158845e+03	1.7443297014330965e+03	1.9765687577028268e+03	1.8760841495210238e+03	1.8442127347152789e+03	1.8488984912893520e+03	2.3575455075285076e+03	2.0687296939929465e+03	2.2038165216363914e+03	2.1046072986599052e+03	1.6181027858339098e+03	2.3084523923689076e+03	1.8591990713569421e+03	1.9838631183545599e+03	2.0681766438847653e+03	1.9818963029091631e+03
1.7621916994901901e+03	1.6215392093906637e+03	1.8390285548238671e+03	1.6264298296332413e+03	2.0723312014693879e+03	1.8518165712979571e+03	1.7364542372852411e+03	1.8067904743169174e+03	1.6185504090634156e+03	1.6292843927158845e+03	1.7443296869827293e+03	1.9765687132239655e+03	1.8760841495210238e+03	1.8442126294791585e+03	1.8488984869393018e+03	2.3575455074703432e+03	2.0687296929524346e+03	2.2038159040046476e+03	2.1046072986599052e+03	1.6181027858320515e+03	2.3084523196224050e+03	1.8591990713569421e+03	1.9838631117017728e+03	2.0681766437275605e+03	1.9818963029091631e+03
1.7621916962050120e+03	1.6215392082093274e+03	1.8390285548235729e+03	1.6264298296332413e+03	2.0723311989268313e+03	1.8518165702135007e+03	1.7364533328622626e+03	1.8067904743169174e+03	1.6185504090634156e+03	1.6292843927158845e+03	1.7443296750692168e+03	1.9765687132239655e+03	1.8760841295386469e+03	1.8442126055193519e+03	1.8488984823366727e+03	2.3575455073344019e+03	2.0687296713411592e+03	2.2038130370939061e+03	2.1046072986599052e+03	1.6181027858218552e+03	2.3084520479272614e+03	1.8591990713569421e+03	1.9838630502660653e+03	2.0681766437191332e+03	1.9818963029091631e+03
1.7621916898659038e+03	1.6215391660003922e+03	1.8390285548234422e+03	1.6264298296332413e+03	2.0723311826234035e+03	1.8518165702135007e+03	1.7364533328622626e+03	1.8067904638326690e+03	1.6185503950750863e+03	1.6292843927158845e+03	1.7443296723178198e+03	1.9765686442712256e+03	1.8760841190281526e+03	1.8442126055193519e+03	1.8488984587713460e+03	2.3575455072624350e+03	2.0687296713411592e+03	2.2038127822667948e+03	2.1046072986599052e+03	1.6181027858053860e+03	2.3084501974188452e+03	1.8591990713569421e+03	1.9838630388757902e+03	2.0681766434277906e+03	1.9818963029091631e+03
1.7621916755898083e+03	1.6215391333198497e+03	1.8390285548232193e+03	1.6264298296332413e+03	2.0723311300479531e+03	1.8518165700826394e+03	1.7364533328622626e+03	1.8067904638326690e+03	1.6185503933576042e+03	1.6292843927158845e+03	1.7443296723178198e+03	1.9765686423658788e+03	1.8760841032933281e+03	1.8442125965944167e+03	1.8488984521292805e+03	2.3575455072283048e+03	2.0687296470427204e+03	2.2038124543246645e+03	2.1046072986599052e+03	1.6181027857854431e+03	2.3084499447505477e+03	1.8591990713569421e+03	1.9838628790535231e+03	2.0681766429666977e+03	1.9818963026901915e+03
1.7621916426270484e+03	1.6215390935018934e+03	1.8390285548196030e+03	1.6264298296332413e+03	2.0723310851242250e+03	1.8518165683163427e+03	1.7364533328622626e+03	1.8067904592761083e+03	1.6185503933576042e+03	1.6292843927158845e+03	1.7443296558117709e+03	1.9765686423658788e+03	1.8760841032933281e+03	1.8442125915380359e+03	1.8488984506740283e+03	2.3575455071911870e+03	2.0687296428493819e+03	2.2038122918741242e+03	2.1046072986325380e+03	1.6181027857755569e+03	2.3084497088996004e+03	1.8591990713569421e+03	1.9838628447472695e+03	2.0681766418641100e+03	1.9818963026901915e+03
1.7621916228233683e+03	1.6215390236664389e+03	1.8390285548151946e+03	1.6264298296332413e+03	2.0723310715692846e+03	1.8518165679219280e+03	1.7364511044955932e+03	1.8067904592761083e+03	1.6185503826502145e+03	1.6292843927158845e+03	1.7443296344433866e+03	1.9765686412924420e+03	1.8760840895409178e+03	1.8442125751423914e+03	1.8488984467227046e+03	2.3575455071841989e+03	2.0687296428493819e+03	2.2038122224091685e+03	2.1046072986316503e+03	1.6181027857629251e+03	2.3084495641981780e+03	1.8591990713569421e+03	1.9838622710899799e+03	2.0681766418641100e+03	1.9818963023423667e+03
1.7621916142522136e+03	1.6215390103444915e+03	1.8390285548149411e+03	1.6264298296332413e+03	2.0723310713372830e+03	1.8518165678744861e+03	1.7364511044955932e+03	1.8067904592761083e+03	1.6185503691268498e+03	1.6292843927158845e+03	1.7443296344433866e+03	1.9765686399700451e+03	1.8760840808074704e+03	1.8442125751423914e+03	1.8488984443550498e+03	2.3575455071416632e+03	2.0687296428493819e+03	2.2038122224091685e+03	2.1046072985956416e+03	1.6181027857542585e+03	2.3084493530886357e+03	1.8591990713569421e+03	1.9838591458283479e+03	2.0681766418482443e+03	1.9818963022158823e+03
1.7621916089315441e+03	1.6215390068189997e+03	1.8390285548144971e+03	1.6264298296332413e+03	2.0723310708047475e+03	1.8518165657689678e+03	1.7364511044955932e+03	1.8067904588657927e+03	1.6185503544586988e+03	1.6292843927158845e+03	1.7443296111965699e+03	1.9765686386758564e+03	1.8760840723782117e+03	1.8442125546415646e+03	1.8488984380275699e+03	2.3575455071201886e+03	2.0687296391251716e+03	2.2038122136787129e+03	2.1046072985956416e+03	1.6181027857483084e+03	2.3084492483408667e+03	1.8591990713569421e+03	1.9838579943201969e+03	2.0681766418396137e+03	1.9818963022158823e+03
1.7621916075403794e+03	1.6215390059190458e+03	1.8390285548140537e+03	1.6264298296332413e+03	2.0723310702259914e+03	1.8518165654128550e+03	1.7364511044955932e+03	1.8067904569830375e+03	1.6185503405237641e+03	1.6292843927158845e+03	1.7443295729761135e+03	1.9765686383297184e+03	1.8760840577080837e+03	1.8442124928084995e+03	1.8488984337241573e+03	2.3575455069941499e+03	2.0687296391251716e+03	2.2038121868017370e+03	2.1046072985697310e+03	1.6181027857483084e+03	2.3084491352518362e+03	1.8591990713569421e+03	1.9838568603329641e+03	2.0681766418396137e+03	1.9818963013997786e+03
1.7621916071223877e+03	1.6215390049083933e+03	1.8390285548138911e+03	1.6264298296332413e+03	2.0723310699548656e+03	1.8518165627400640e+03	1.7364511044955932e+03	1.8067904507718956e+03	1.6185503207657289e+03	1.6292843927158845e+03	1.7443295411569109e+03	1.9765686368685201e+03	1.8760840332644912e+03	1.8442124928084995e+03	1.8488984329081238e+03	2.3575455069756108e+03	2.0687296334776838e+03	2.2038121457975103e+03	2.1046072983225049e+03	1.6181027857442832e+03	2.3084490909828637e+03	1.8591990713569421e+03	1.9838563347492213e+03	2.0681766414400395e+03	1.9818963013997786e+03
1.7621916035267345e+03	1.6215390040959023e+03	1.8390285548131446e+03	1.6264298296332413e+03	2.0723310696269223e+03	1.8518165610001797e+03	1.7364511044955932e+03	1.8067904481807122e+03	1.6185503207358809e+03	1.6292843927158845e+03	1.7443293769661236e+03	1.9765686367013416e+03	1.8760840236257939e+03	1.8442124928084995e+03	1.8488984300125655e+03	2.3575455069756108e+03	2.0687296334776838e+03	2.2038121138140614e+03	2.1046072982554078e+03	1.6181027857407664e+03	2.3084490241534486e+03	1.8591990713569421e+03	1.9838561699300028e+03	2.0681766414400395e+03	1.9818963008279475e+03
1.7621915976830278e+03	1.6215390000735604e+03	1.8390285548129903e+03	1.6264298296332413e+03	2.0723310695389805e+03	1.8518165610001797e+03	1.7364511044955932e+03	1.8067904447859989e+03	1.6185503026912459e+03	1.6292843927158845e+03	1.7443291967592295e+03	1.9765686367013416e+03	1.8760840236257939e+03	1.8442124928084995e+03	1.8488984259941799e+03	2.3575455069152681e+03	2.0687296334776838e+03	2.2038120598529881e+03	2.1046072981435973e+03	1.6181027857379706e+03	2.3084490180719331e+03	1.8591990713569421e+03	1.9838560423261913e+03	2.0681766414400395e+03	1.9818963008279475e+03
1.7621915934685890e+03	1.6215389812532992e+03	1.8390285548123206e+03	1.6264298296332413e+03	2.0723310694800780e+03	1.8518165602783004e+03	1.7364511044955932e+03	1.8067904447859989e+03	1.6185502908587828e+03	1.6292843927158845e+03	1.7443288572472277e+03	1.9765686367013416e+03	1.8760839839512989e+03	1.8442124928084995e+03	1.8488984247704539e+03	2.3575455069152681e+03	2.0687296334776838e+03	2.2038120598529881e+03	2.1046072981435973e+03	1.6181027857332024e+03	2.3084490008059611e+03	1.8591990713569421e+03	1.9838559598546969e+03	2.0681766414400395e+03	1.9818963008279475e+03
1.7621915934685890e+03	1.6215389651704368e+03	1.8390285548120889e+03	1.6264298296332413e+03	2.0723310694566599e+03	1.8518165596499346e+03	1.7364511044955932e+03	1.8067904347704282e+03	1.6185502908587828e+03	1.6292843927158845e+03	1.7443280800314524e+03	1.9765686364866697e+03	1.8760839475530099e+03	1.8442124928084995e+03	1.8488984237778004e+03	2.3575455068551669e+03	2.0687296310573483e+03	2.2038120033903324e+03	2.1046072981403677e+03	1.6181027857297818e+03	2.3084490008059611e+03	1.8591990713569421e+03	1.9838559213515696e+03	2.0681766409848519e+03	1.9818963005391065e+03
1.7621915934685890e+03	1.6215389604672464e+03	1.8390285548119705e+03	1.6264298296332413e+03	2.0723310694389957e+03	1.8518165596499346e+03	1.7364511044955932e+03	1.8067904303287594e+03	1.6185502809262250e+03	1.6292843927158845e+03	1.7443279542574976e+03	1.9765686363302998e+03	1.8760839151108351e+03	1.8442124657462839e+03	1.8488984211694544e+03	2.3575455068229485e+03	2.0687296285534467e+03	2.2038119698119344e+03	2.1046072980905114e+03	1.6181027857297818e+03	2.3084489874721839e+03	1.8591990713569421e+03	1.9838559213515696e+03	2.0681766407064024e+03	1.9818963005309031e+03
1.7621915846396530e+03	1.6215389263921356e+03	1.8390285548116581e+03	1.6264298296332413e+03	2.0723310694307938e+03	1.8518165570371598e+03	1.7364511044955932e+03	1.8067904186943099e+03	1.6185502809262250e+03	1.6292843927158845e+03	1.7443279300875813e+03	1.9765686363302998e+03	1.8760839127041847e+03	1.8442124645686604e+03	1.8488984193018409e+03	2.3575455068195788e+03	2.0687296277968476e+03	2.2038119297729922e+03	2.1046072980277404e+03	1.6181027857296681e+03	2.3084489761433060e+03	1.8591990713569421e+03	1.9838558708348858e+03	2.0681766407064024e+03	1.9818963005309031e+03
1.7621915729244645e+03	1.6215388718782497e+03	1.8390285548115498e+03	1.6264298296332413e+03	2.0723310694250863e+03	1.8518165570371598e+03	1.7364511044955932e+03	1.8067904186943099e+03	1.6185502645676029e+03	1.6292843927158845e+03	1.7443279300862278e+03	1.9765686363302998e+03	1.8760839127041847e+03	1.8442124596611661e+03	1.8488984184310414e+03	2.3575455068126466e+03	2.0687296266361050e+03	2.2038119297729922e+03	2.1046072980117196e+03	1.6181027857268321e+03	2.3084489712614795e+03	1.8591990713569421e+03	1.9838558702972541e+03	2.0681766406495863e+03	1.9818963000600106e+03
1.7621915552696166e+03	1.6215388423502866e+03	1.8390285548113923e+03	1.6264298296332413e+03	2.0723310694118391e+03	1.8518165560400932e+03	1.7364509796840496e+03	1.8067904141342569e+03	1.6185502628230454e+03	1.6292843927158845e+03	1.7443278693958464e+03	1.9765686363030804e+03	1.8760839120205515e+03	1.8442124342016059e+03	1.8488984177257710e+03	2.3575455067716721e+03	2.0687296252076371e+03	2.2038119005282188e+03	2.1046072979403843e+03	1.6181027857259637e+03	2.3084489712614795e+03	1.8591990713569421e+03	1.9838558635562476e+03	2.0681766406096149e+03	1.9818963000600106e+03
1.7621915463844241e+03	1.6215387940306973e+03	1.8390285548113579e+03	1.6264298296332413e+03	2.0723310694024703e+03	1.8518165560400932e+03	1.7364509576265737e+03	1.8067904047283243e+03	1.6185502628230454e+03	1.6292843927158845e+03	1.7443278638985594e+03	1.9765686359519339e+03	1.8760839113857346e+03	1.8442124127210559e+03	1.8488984172523938e+03	2.3575455067716721e+03	2.0687296252076371e+03	2.2038118993685734e+03	2.1046072978584907e+03	1.6181027857255790e+03	2.3084489602199883e+03	1.8591990713569421e+03	1.9838558523663110e+03	2.0681766404325967e+03	1.9818963000600106e+03
1.7621915463844241e+03	1.6215387869288079e+03	1.8390285548113479e+03	1.6264298296332413e+03	2.0723310694024703e+03	1.8518165559641386e+03	1.7364509576265737e+03	1.8067904017250289e+03	1.6185502628230454e+03	1.6292843927158845e+03	1.7443278638985594e+03	1.9765686359084946e+03	1.8760839094403150e+03	1.8442124109776062e+03	1.8488984153401650e+03	2.3575455067668572e+03	2.0687296243295159e+03	2.2038118796822864e+03	2.1046072977843905e+03	1.6181027857245558e+03	2.3084489602047206e+03	1.8591990713569421e+03	1.9838558439475023e+03	2.0681766403815109e+03	1.9818963000600106e+03
1.7621915372679753e+03	1.6215387867771933e+03	1.8390285548113341e+03	1.6264298296332413e+03	2.0723310693899375e+03	1.8518165559641386e+03	1.7364509576265737e+03	1.8067903845719729e+03	1.6185502521840499e+03	1.6292843927158845e+03	1.7443278407574123e+03	1.9765686355737807e+03	1.8760839044757026e+03	1.8442124105593512e+03	1.8488984152021360e+03	2.3575455067298853e+03	2.0687296214391426e+03	2.2038118796822864e+03	2.1046072976122664e+03	1.6181027857242759e+03	2.3084489586145883e+03	1.8591990713569421e+03	1.9838558275090313e+03	2.0681766402288836e+03	1.9818963000600106e+03
1.7621915372679753e+03	1.6215387853616458e+03	1.8390285548112167e+03	1.6264298296332413e+03	2.0723310693814046e+03	1.8518165559641386e+03	1.7364508741932943e+03	1.8067903845719729e+03	1.6185502521840499e+03	1.6292843927158845e+03	1.7443278143012187e+03	1.9765686354158984e+03	1.8760839044757026e+03	1.8442124078602696e+03	1.8488984151464497e+03	2.3575455067298853e+03	2.0687296201954023e+03	2.2038118796822864e+03	2.1046072976122664e+03	1.6181027857227236e+03	2.3084489586145883e+03	1.8591990713569421e+03	1.9838558091324248e+03	2.0681766401322570e+03	1.9818963000600106e+03
1.7621915372679753e+03	1.6215387836150342e+03	1.8390285548104366e+03	1.6264298296332413e+03	2.0723310693666085e+03	1.8518165559641386e+03	1.7364503608673235e+03	1.8067903777879353e+03	1.6185502521840499e+03	1.6292843927158845e+03	1.7443278125657282e+03	1.9765686354158984e+03	1.8760838995161619e+03	1.8442123805086685e+03	1.8488984151044026e+03	2.3575455067298853e+03	2.0687296133925493e+03	2.2038118786277191e+03	2.1046072975076477e+03	1.6181027857213585e+03	2.3084489571866725e+03	1.8591990713569421e+03	1.9838557655944780e+03	2.0681766399327225e+03	1.9818963000600106e+03
1.7621915348631433e+03	1.6215387813380603e+03	1.8390285548102311e+03	1.6264298296332413e+03	2.0723310693537846e+03	1.8518165559641386e+03	1.7364503608673235e+03	1.8067903746867582e+03	1.6185502521840499e+03	1.6292843927158845e+03	1.7443278124950425e+03	1.9765686354158984e+03	1.8760838885476251e+03	1.8442123805086685e+03	1.8488984150746376e+03	2.3575455067298853e+03	2.0687296133925493e+03	2.2038118779283468e+03	2.1046072975076477e+03	1.6181027857201989e+03	2.3084489568529962e+03	1.8591990713569421e+03	1.9838557582317392e+03	2.0681766398559880e+03	1.9818963000000847e+03
1.7621915348631433e+03	1.6215387608546748e+03	1.8390285548102188e+03	1.6264298296332413e+03	2.0723310693505969e+03	1.8518165543427790e+03	1.7364499238909339e+03	1.8067903728668141e+03	1.6185502521840499e+03	1.6292843927158845e+03	1.7443278058938929e+03	1.9765686354158984e+03	1.8760838782849808e+03	1.8442123648454167e+03	1.8488984150190970e+03	2.3575455067256376e+03	2.0687296115355116e+03	2.2038118779283468e+03	2.1046072975076477e+03	1.6181027857194651e+03	2.3084489568529962e+03	1.8591990713569421e+03	1.9838557116102911e+03	2.0681766394780061e+03	1.9818963000000847e+03
1.7621915341593456e+03	1.6215387527849973e+03	1.8390285548101749e+03	1.6264298296332413e+03	2.0723310693505969e+03	1.8518165543427790e+03	1.7364498121842685e+03	1.8067903726923275e+03	1.6185502480185576e+03	1.6292843927158845e+03	1.7443277987966096e+03	1.9765686353368121e+03	1.8760838782849808e+03	1.8442123648454167e+03	1.8488984148628849e+03	2.3575455067256376e+03	2.0687296096832856e+03	2.2038118779283468e+03	2.1046072973459191e+03	1.6181027857165861e+03	2.3084489568242348e+03	1.8591990713569421e+03	1.9838556642454582e+03	2.0681766392666173e+03	1.9818962999298485e+03
1.7621915318680581e+03	1.6215387253494227e+03	1.8390285548096972e+03	1.6264298296332413e+03	2.0723310693487406e+03	1.8518165543427790e+03	1.7364496548407867e+03	1.8067903720441345e+03	1.6185502452932549e+03	1.6292843927158845e+03	1.7443277733838515e+03	1.9765686353368121e+03	1.8760838712227023e+03	1.8442123635890080e+03	1.8488984139716358e+03	2.3575455066958680e+03	2.0687296061591696e+03	2.2038118746354339e+03	2.1046072973342502e+03	1.6181027857147942e+03	2.3084489549287982e+03	1.8591990713569421e+03	1.9838556642454582e+03	2.0681766388382093e+03	1.9818962995474458e+03
1.7621915307660056e+03	1.6215387236812960e+03	1.8390285548086265e+03	1.6264298296332413e+03	2.0723310693477233e+03	1.8518165543427790e+03	1.7364494661780388e+03	1.8067903592048756e+03	1.6185502416191721e+03	1.6292843927158845e+03	1.7443277650606929e+03	1.9765686349484442e+03	1.8760838539380252e+03	1.8442123531806214e+03	1.8488984124009346e+03	2.3575455066958680e+03	2.0687296061591696e+03	2.2038118718191913e+03	2.1046072972703087e+03	1.6181027857139441e+03	2.3084489546060809e+03	1.8591990713569421e+03	1.9838556257514761e+03	2.0681766380816307e+03	1.9818962995474458e+03
1.7621915272330389e+03	1.6215380017659108e+03	1.8390285548065744e+03	1.6264298296332413e+03	2.0723310693477233e+03	1.8518165540249163e+03	1.7364494661780388e+03	1.8067903592048756e+03	1.6185502354213229e+03	1.6292843927158845e+03	1.7443277305343429e+03	1.9765686348029740e+03	1.8760838512634621e+03	1.8442123470200402e+03	1.8488984122504710e+03	2.3575455066958680e+03	2.0687296045767230e+03	2.2038118702643715e+03	2.1046072968764488e+03	1.6181027857125878e+03	2.3084489474267066e+03	1.8591990713569421e+03	1.9838553987075979e+03	2.0681766380816307e+03	1.9818962995474458e+03
1.7621915271206246e+03	1.6215379082693935e+03	1.8390285548049799e+03	1.6264298296332413e+03	2.0723310693425010e+03	1.8518165532657783e+03	1.7364491045218094e+03	1.8067903574068446e+03	1.6185502338603360e+03	1.6292843927158845e+03	1.7443276936600732e+03	1.9765686338286055e+03	1.8760838473816518e+03	1.8442123370357103e+03	1.8488984118346327e+03	2.3575455066958680e+03	2.0687296027382254e+03	2.2038118665638253e+03	2.1046072968568656e+03	1.6181027857118543e+03	2.3084489474267066e+03	1.8591990713569421e+03	1.9838549131265427e+03	2.0681766380816307e+03	1.9818962995474458e+03
1.7621915271206246e+03	1.6215378256253778e+03	1.8390285548049587e+03	1.6264298296332413e+03	2.0723310693425010e+03	1.8518165532657783e+03	1.7364491045218094e+03	1.8067903574068446e+03	1.6185502338603360e+03	1.6292843927158845e+03	1.7443276349348869e+03	1.9765686328213419e+03	1.8760838371898915e+03	1.8442123370357103e+03	1.8488984118046365e+03	2.3575455066884474e+03	2.0687295984125649e+03	2.2038118658988033e+03	2.1046072968568656e+03	1.6181027857071520e+03	2.3084489474267066e+03	1.8591990713569421e+03	1.9838545204178304e+03	2.0681766378260390e+03	1.9818962995474458e+03
1.7621915257895200e+03	1.6215377988123610e+03	1.8390285548049401e+03	1.6264298296332413e+03	2.0723310693425010e+03	1.8518165532657783e+03	1.7364491045218094e+03	1.8067903566055818e+03	1.6185502338603360e+03	1.6292843927158845e+03	1.7443275081565080e+03	1.9765686320117891e+03	1.8760838371898915e+03	1.8442123331448436e+03	1.8488984117282721e+03	2.3575455066864033e+03	2.0687295968372332e+03	2.2038118622430297e+03	2.1046072967349455e+03	1.6181027857003421e+03	2.3084489460721761e+03	1.8591990713569421e+03	1.9838544992801340e+03	2.0681766378260390e+03	1.9818962995474458e+03
1.7621915228289438e+03	1.6215377574502158e+03	1.8390285548049228e+03	1.6264298296332413e+03	2.0723310693408030e+03	1.8518165532657783e+03	1.7364491045218094e+03	1.8067903556966935e+03	1.6185502325870309e+03	1.6292843927158845e+03	1.7443275081565080e+03	1.9765686317410634e+03	1.8760838318140295e+03	1.8442123090289547e+03	1.8488984117021100e+03	2.3575455066660315e+03	2.0687295961461314e+03	2.2038118597708562e+03	2.1046072967285804e+03	1.6181027856963110e+03	2.3084489448795298e+03	1.8591990713569421e+03	1.9838544992801340e+03	2.0681766378260390e+03	1.9818962994781750e+03
1.7621915225190291e+03	1.6215377472919834e+03	1.8390285548049137e+03	1.6264298296332413e+03	2.0723310693383496e+03	1.8518165528068578e+03	1.7364490239922902e+03	1.8067903505798363e+03	1.6185502315173437e+03	1.6292843927158845e+03	1.7443273773417777e+03	1.9765686314651271e+03	1.8760838318140295e+03	1.8442123090289547e+03	1.8488984116779864e+03	2.3575455066489844e+03	2.0687295959451117e+03	2.2038118550861900e+03	2.1046072966077627e+03	1.6181027856837275e+03	2.3084489448795298e+03	1.8591990713569421e+03	1.9838544890488911e+03	2.0681766365580374e+03	1.9818962994207523e+03
1.7621915225190291e+03	1.6215377414640243e+03	1.8390285548049092e+03	1.6264298296332413e+03	2.0723310693383496e+03	1.8518165528068578e+03	1.7364480741838247e+03	1.8067903505798363e+03	1.6185502266625256e+03	1.6292843927158845e+03	1.7443268301348555e+03	1.9765686313837168e+03	1.8760838295372921e+03	1.8442122840088998e+03	1.8488984116148954e+03	2.3575455066255117e+03	2.0687295915469617e+03	2.2038118532909757e+03	2.1046072965827320e+03	1.6181027856699814e+03	2.3084489443613397e+03	1.8591990713569421e+03	1.9838544890488911e+03	2.0681766365012004e+03	1.9818962994207523e+03
1.7621915218074530e+03	1.6215374533488098e+03	1.8390285548049017e+03	1.6264298296332413e+03	2.0723310693318895e+03	1.8518165527800058e+03	1.7364475233472658e+03	1.8067903495482653e+03	1.6185502259917325e+03	1.6292843927158845e+03	1.7443251237019608e+03	1.9765686313837168e+03	1.8760838277809335e+03	1.8442122839242211e+03	1.8488984114028954e+03	2.3575455065956430e+03	2.0687295904843254e+03	2.2038118532909757e+03	2.1046072965778167e+03	1.6181027856579049e+03	2.3084489413745223e+03	1.8591990713569421e+03	1.9838544671310758e+03	2.0681766354266183e+03	1.9818962994160991e+03
1.7621915218074530e+03	1.6215369944089600e+03	1.8390285548048914e+03	1.6264298296332413e+03	2.0723310693153735e+03	1.8518165527800058e+03	1.7364472930642696e+03	1.8067903494300349e+03	1.6185502231675721e+03	1.6292843927158845e+03	1.7443250174593904e+03	1.9765686310816886e+03	1.8760838254533903e+03	1.8442122820903414e+03	1.8488984098582150e+03	2.3575455065425863e+03	2.0687295896581277e+03	2.2038118517836547e+03	2.1046072965381168e+03	1.6181027856162982e+03	2.3084489412260464e+03	1.8591990713569421e+03	1.9838544457502369e+03	2.0681766352606633e+03	1.9818962993628304e+03
1.7621915207790898e+03	1.6215369540363922e+03	1.8390285548041852e+03	1.6264298296332413e+03	2.0723310693153735e+03	1.8518165527800058e+03	1.7364472930642696e+03	1.8067903494300349e+03	1.6185502231675721e+03	1.6292843927158845e+03	1.7443249722635387e+03	1.9765686310170595e+03	1.8760838237233584e+03	1.8442122820903414e+03	1.8488984064700053e+03	2.3575455065425863e+03	2.0687295896581277e+03	2.2038118517079929e+03	2.1046072965041576e+03	1.6181027854422437e+03	2.3084489410752772e+03	1.8591990713569421e+03	1.9838544286970068e+03	2.0681766352606633e+03	1.9818962993628304e+03
1.7621915202193784e+03	1.6215369339653207e+03	1.8390285548041675e+03	1.6264298296332413e+03	2.0723310693122512e+03	1.8518165527561764e+03	1.7364461062162809e+03	1.8067903494300349e+03	1.6185502181728682e+03	1.6292843927158845e+03	1.7443249567553021e+03	1.9765686309156254e+03	1.8760838194193122e+03	1.8442122607104930e+03	1.8488984064167648e+03	2.3575455065425863e+03	2.0687295883445486e+03	2.2038118517079929e+03	2.1046072965016492e+03	1.6181027852594143e+03	2.3084489402934255e+03	1.8591990713569421e+03	1.9838544286970068e+03	2.0681766337750259e+03	1.9818962993423822e+03
1.7621915200555736e+03	1.6215369272059356e+03	1.8390285548041363e+03	1.6264298296332413e+03	2.0723310693094772e+03	1.8518165526578498e+03	1.7364459369841286e+03	1.8067903486392670e+03	1.6185502174456265e+03	1.6292843927158845e+03	1.7443249179730217e+03	1.9765686304332348e+03	1.8760838174667492e+03	1.8442122404640559e+03	1.8488984063747719e+03	2.3575455065138049e+03	2.0687295877770762e+03	2.2038118517079929e+03	2.1046072964965397e+03	1.6181027852003326e+03	2.3084489401947799e+03	1.8591990713569421e+03	1.9838544128077053e+03	2.0681766337750259e+03	1.9818962992871450e+03
1.7621915198872725e+03	1.6215369244959861e+03	1.8390285548039942e+03	1.6264298296332413e+03	2.0723310693074991e+03	1.8518165526578498e+03	1.7364459136313478e+03	1.8067903486052119e+03	1.6185502174456265e+03	1.6292843927158845e+03	1.7443249179730217e+03	1.9765686303405321e+03	1.8760838174667492e+03	1.8442122388154360e+03	1.8488984063551418e+03	2.3575455063153390e+03	2.0687295877770762e+03	2.2038118510384202e+03	2.1046072964598452e+03	1.6181027851763924e+03	2.3084489401947799e+03	1.8591990713569421e+03	1.9838543969274322e+03	2.0681766317475212e+03	1.9818962992871450e+03
1.7621915183208951e+03	1.6215369129947555e+03	1.8390285548039790e+03	1.6264298296332413e+03	2.0723310692978434e+03	1.8518165526002217e+03	1.7364450002135582e+03	1.8067903476388674e+03	1.6185502152296776e+03	1.6292843927158845e+03	1.7443248834202132e+03	1.9765686301061410e+03	1.8760838174667492e+03	1.8442122195137579e+03	1.8488984063158036e+03	2.3575455063153390e+03	2.0687295868670735e+03	2.2038118510384202e+03	2.1046072964597611e+03	1.6181027851696806e+03	2.3084489401947799e+03	1.8591990713569421e+03	1.9838539132699825e+03	2.0681766317475212e+03	1.9818962992827724e+03
1.7621915183192405e+03	1.6215368374437671e+03	1.8390285548039774e+03	1.6264298296332413e+03	2.0723310692814212e+03	1.8518165526002217e+03	1.7364450002135582e+03	1.8067903419024801e+03	1.6185502119209464e+03	1.6292843927158845e+03	1.7443248834202132e+03	1.9765686296128520e+03	1.8760838159659857e+03	1.8442122195137579e+03	1.8488984063082355e+03	2.3575455061303055e+03	2.0687295848462209e+03	2.2038118496373968e+03	2.1046072964460300e+03	1.6181027851661277e+03	2.3084489398101914e+03	1.8591990713569421e+03	1.9838538708676176e+03	2.0681766317475212e+03	1.9818962992827724e+03
1.7621915183192405e+03	1.6215368251047546e+03	1.8390285548039767e+03	1.6264298296332413e+03	2.0723310692810110e+03	1.8518165524733549e+03	1.7364447895849851e+03	1.8067903411995574e+03	1.6185502119209464e+03	1.6292843927158845e+03	1.7443248539532383e+03	1.9765686295981784e+03	1.8760838159659857e+03	1.8442122185677117e+03	1.8488984062954873e+03	2.3575455060141085e+03	2.0687295846660850e+03	2.2038118495496942e+03	2.1046072964460300e+03	1.6181027851372685e+03	2.3084489397466991e+03	1.8591990713569421e+03	1.9838538518987880e+03	2.0681766312842178e+03	1.9818962992606662e+03
1.7621915183192405e+03	1.6215368237408281e+03	1.8390285548039758e+03	1.6264298296332413e+03	2.0723310692808964e+03	1.8518165524724072e+03	1.7364439751866532e+03	1.8067903411675127e+03	1.6185502064394229e+03	1.6292843927158845e+03	1.7443248227253282e+03	1.9765686293940505e+03	1.8760838159659857e+03	1.8442122170421799e+03	1.8488984062862628e+03	2.3575455058179905e+03	2.0687295846660850e+03	2.2038118482050108e+03	2.1046072964460300e+03	1.6181027851329975e+03	2.3084489389381170e+03	1.8591990713569421e+03	1.9838538501154771e+03	2.0681766312735067e+03	1.9818962992581362e+03
1.7621915174610190e+03	1.6215368234136895e+03	1.8390285548039756e+03	1.6264298296332413e+03	2.0723310692597138e+03	1.8518165519286258e+03	1.7364439751866532e+03	1.8067903398836095e+03	1.6185502014568292e+03	1.6292843927158842e+03	1.7443247964733987e+03	1.9765686290016056e+03	1.8760838154591570e+03	1.8442122111835022e+03	1.8488984062816735e+03	2.3575455057589775e+03	2.0687295846660850e+03	2.2038118458638705e+03	2.1046072964243685e+03	1.6181027851329975e+03	2.3084489385149523e+03	1.8591990713569421e+03	1.9838538463815860e+03	2.0681766310107109e+03	1.9818962992581362e+03
1.7621915166034505e+03	1.6215368233263555e+03	1.8390285548039751e+03	1.6264298296332413e+03	2.0723310692597124e+03	1.8518165518785302e+03	1.7364439751866532e+03	1.8067903339194893e+03	1.6185502014568292e+03	1.6292843927158842e+03	1.7443247761747552e+03	1.9765686285643637e+03	1.8760838139941438e+03	1.8442122029401885e+03	1.8488984062723941e+03	2.3575455056554101e+03	2.0687295809144716e+03	2.2038118455462759e+03	2.1046072964243685e+03	1.6181027851319452e+03	2.3084489384909639e+03	1.8591990713569421e+03	1.9838538383964706e+03	2.0681766310107109e+03	1.9818962992581362e+03
1.7621915166034505e+03	1.6215368232760432e+03	1.8390285548039744e+03	1.6264298296332413e+03	2.0723310692597124e+03	1.8518165517273953e+03	1.7364435254712791e+03	1.8067903294075761e+03	1.6185501976265055e+03	1.6292843927158842e+03	1.7443247627239389e+03	1.9765686280028683e+03	1.8760838139941438e+03	1.8442121940685622e+03	1.8488984062694601e+03	2.3575455053398814e+03	2.0687295805039239e+03	2.2038118431738676e+03	2.1046072964243685e+03	1.6181027851225106e+03	2.3084489377785530e+03	1.8591990713569421e+03	1.9838538376316997e+03	2.0681766310107109e+03	1.9818962992581362e+03
1.7621915160363674e+03	1.6215368232493652e+03	1.8390285548039742e+03	1.6264298296332413e+03	2.0723310692597124e+03	1.8518165517273953e+03	1.7364430592379292e+03	1.8067903273495979e+03	1.6185501976265055e+03	1.6292843927158842e+03	1.7443247602486922e+03	1.9765686271401546e+03	1.8760838101278607e+03	1.8442121934264906e+03	1.8488984062694601e+03	2.3575455050973333e+03	2.0687295805039239e+03	2.2038118428908256e+03	2.1046072964196783e+03	1.6181027851212198e+03	2.3084489375822159e+03	1.8591990713569421e+03	1.9838538311880188e+03	2.0681766309460945e+03	1.9818962992581362e+03
1.7621915160363674e+03	1.6215368232094336e+03	1.8390285548039742e+03	1.6264298296332413e+03	2.0723310692589785e+03	1.8518165517273953e+03	1.7364428134460647e+03	1.8067903273495979e+03	1.6185501962369174e+03	1.6292843927158842e+03	1.7443247602486922e+03	1.9765686270369222e+03	1.8760838101278607e+03	1.8442121812652945e+03	1.8488984062691761e+03	2.3575455050973333e+03	2.0687295805039239e+03	2.2038118399970090e+03	2.1046072964196783e+03	1.6181027851208244e+03	2.3084489369977409e+03	1.8591990713569421e+03	1.9838538311880188e+03	2.0681766309460945e+03	1.9818962992562106e+03
1.7621915153834891e+03	1.6215368227216852e+03	1.8390285548039742e+03	1.6264298296332413e+03	2.0723310692558512e+03	1.8518165513205888e+03	1.7364415549324069e+03	1.8067903266657365e+03	1.6185501961690049e+03	1.6292843927158842e+03	1.7443247544731432e+03	1.9765686270369222e+03	1.8760838088794837e+03	1.8442121675884939e+03	1.8488984062680950e+03	2.3575455042500489e+03	2.0687295805039239e+03	2.2038118350175610e+03	2.1046072964119653e+03	1.6181027851181025e+03	2.3084489369493422e+03	1.8591990713569421e+03	1.9838538287579272e+03	2.0681766309194304e+03	1.9818962992562106e+03
1.7621915149371937e+03	1.6215368226342916e+03	1.8390285548039742e+03	1.6264298296332413e+03	2.0723310692460427e+03	1.8518165513205888e+03	1.7364372843020756e+03	1.8067903190790141e+03	1.6185501960309577e+03	1.6292843927158842e+03	1.7443247541544326e+03	1.9765686268129923e+03	1.8760838088794837e+03	1.8442121198675814e+03	1.8488984062671918e+03	2.3575455027830453e+03	2.0687295801820342e+03	2.2038118329035201e+03	2.1046072963981064e+03	1.6181027851174474e+03	2.3084489369493422e+03	1.8591990713569421e+03	1.9838538181290103e+03	2.0681766309194304e+03	1.9818962992562106e+03
1.7621915139407497e+03	1.6215368226031142e+03	1.8390285548039742e+03	1.6264298296332413e+03	2.0723310692425498e+03	1.8518165512260121e+03	1.7364354505539768e+03	1.8067903190790141e+03	1.6185501955125028e+03	1.6292843927158842e+03	1.7443247382039126e+03	1.9765686268129923e+03	1.8760838087834322e+03	1.8442121198675814e+03	1.8488984062665647e+03	2.3575454996070430e+03	2.0687295801161026e+03	2.2038118225193762e+03	2.1046072963828065e+03	1.6181027851169799e+03	2.3084489355784572e+03	1.8591990713569421e+03	1.9838538115901326e+03	2.0681766309194304e+03	1.9818962992447205e+03
1.7621915115466395e+03	1.6215368225816474e+03	1.8390285548039742e+03	1.6264298296332413e+03	2.0723310692305959e+03	1.8518165512153387e+03	1.7364349610375859e+03	1.8067903186785095e+03	1.6185501886405607e+03	1.6292843927158842e+03	1.7443247198351728e+03	1.9765686266952284e+03	1.8760838046079925e+03	1.8442121037991340e+03	1.8488984062646564e+03	2.3575454951168113e+03	2.0687295792484124e+03	2.2038118182175613e+03	2.1046072963685233e+03	1.6181027851149042e+03	2.3084489353624194e+03	1.8591990713569421e+03	1.9838538045779255e+03	2.0681766307754710e+03	1.9818962992186111e+03
1.7621915096537002e+03	1.6215368225762545e+03	1.8390285548039737e+03	1.6264298296332413e+03	2.0723310692265281e+03	1.8518165511732852e+03	1.7364331326571212e+03	1.8067903186785095e+03	1.6185501876137216e+03	1.6292843927158842e+03	1.7443246754805641e+03	1.9765686266351477e+03	1.8760838046079925e+03	1.8442121037991340e+03	1.8488984062422405e+03	2.3575454859741585e+03	2.0687295781932667e+03	2.2038118151745821e+03	2.1046072963537604e+03	1.6181027851147203e+03	2.3084489353624194e+03	1.8591990713569421e+03	1.9838537899025200e+03	2.0681766307469888e+03	1.9818962992186111e+03
1.7621915096537002e+03	1.6215368225371712e+03	1.8390285548039737e+03	1.6264298296332413e+03	2.0723310692210180e+03	1.8518165511732852e+03	1.7364331326571212e+03	1.8067903179563448e+03	1.6185501857327906e+03	1.6292843927158842e+03	1.7443246552129069e+03	1.9765686264942451e+03	1.8760838046079925e+03	1.8442121037991340e+03	1.8488984061439025e+03	2.3575454813546612e+03	2.0687295775380080e+03	2.2038118062956050e+03	2.1046072963456504e+03	1.6181027851122471e+03	2.3084489346963674e+03	1.8591990713569421e+03	1.9838537489185157e+03	2.0681766306949130e+03	1.9818962992186111e+03
1.7621915089045028e+03	1.6215368223420189e+03	1.8390285548039737e+03	1.6264298296332411e+03	2.0723310692196897e+03	1.8518165510539507e+03	1.7364323931593785e+03	1.8067903133348823e+03	1.6185501857010552e+03	1.6292843927158842e+03	1.7443246543862685e+03	1.9765686264551355e+03	1.8760838046079925e+03	1.8442120996643346e+03	1.8488984061296967e+03	2.3575454802115878e+03	2.0687295775380080e+03	2.2038117965160677e+03	2.1046072963369843e+03	1.6181027851114152e+03	2.3084489339948032e+03	1.8591990713569421e+03	1.9838536973193379e+03	2.0681766304873340e+03	1.9818962992163438e+03
1.7621915085497601e+03	1.6215368221467475e+03	1.8390285548039737e+03	1.6264298296332411e+03	2.0723310692113264e+03	1.8518165509589096e+03	1.7364302946075354e+03	1.8067903133348823e+03	1.6185501841472592e+03	1.6292843927158842e+03	1.7443246132696652e+03	1.9765686264136452e+03	1.8760838011841893e+03	1.8442120996643346e+03	1.8488984061219892e+03	2.3575454798357641e+03	2.0687295767007472e+03	2.2038117868602681e+03	2.1046072963175648e+03	1.6181027851089179e+03	2.3084489339948032e+03	1.8591990713569421e+03	1.9838536526513733e+03	2.0681766304529042e+03	1.9818962991991750e+03
1.7621915075629167e+03	1.6215368221040576e+03	1.8390285548039737e+03	1.6264298296332411e+03	2.0723310692093232e+03	1.8518165506451719e+03	1.7364302946075354e+03	1.8067903127532663e+03	1.6185501835114753e+03	1.6292843927158842e+03	1.7443245363160918e+03	1.9765686264028197e+03	1.8760837995217316e+03	1.8442120600555475e+03	1.8488984061187261e+03	2.3575454797437865e+03	2.0687295760636571e+03	2.2038117856648664e+03	2.1046072962658604e+03	1.6181027851082031e+03	2.3084489329994335e+03	1.8591990713569421e+03	1.9838536372317596e+03	2.0681766299534693e+03	1.9818962991890739e+03
1.7621915066359995e+03	1.6215368220242146e+03	1.8390285548039737e+03	1.6264298296332411e+03	2.0723310691951988e+03	1.8518165505757113e+03	1.7364302946075354e+03	1.8067903127532663e+03	1.6185501817139630e+03	1.6292843927158842e+03	1.7443244198158955e+03	1.9765686263422776e+03	1.8760837995217316e+03	1.8442120284264515e+03	1.8488984061077012e+03	2.3575454793480249e+03	2.0687295760636571e+03	2.2038117856648664e+03	2.1046072961712957e+03	1.6181027851028223e+03	2.3084489302853822e+03	1.8591990713569421e+03	1.9838536099317496e+03	2.0681766298636803e+03	1.9818962991890739e+03
1.7621915065621906e+03	1.6215368219727675e+03	1.8390285548039737e+03	1.6264298296332411e+03	2.0723310691659531e+03	1.8518165504127851e+03	1.7364302946075354e+03	1.8067903127532663e+03	1.6185501789571681e+03	1.6292843927158842e+03	1.7443244198158955e+03	1.9765686263232101e+03	1.8760837995074407e+03	1.8442120035547507e+03	1.8488984061019678e+03	2.3575454791156972e+03	2.0687295745491278e+03	2.2038117814914585e+03	2.1046072961712957e+03	1.6181027850922462e+03	2.3084489293206543e+03	1.8591990713569421e+03	1.9838535915679429e+03	2.0681766291869185e+03	1.9818962991768972e+03
1.7621915061818113e+03	1.6215368219138297e+03	1.8390285548039737e+03	1.6264298296332411e+03	2.0723310691471397e+03	1.8518165504127851e+03	1.7364302946075354e+03	1.8067903123031481e+03	1.6185501756460387e+03	1.6292843927158842e+03	1.7443242917888706e+03	1.9765686263065813e+03	1.8760837977226463e+03	1.8442120035547507e+03	1.8488984060859725e+03	2.3575454784673102e+03	2.0687295728318818e+03	2.2038117814914585e+03	2.1046072961076079e+03	1.6181027850888440e+03	2.3084489293206543e+03	1.8591990713569421e+03	1.9838535529645949e+03	2.0681766291869185e+03	1.9818962991707403e+03
1.7621915061818113e+03	1.6215368217835860e+03	1.8390285548039737e+03	1.6264298296332411e+03	2.0723310691335064e+03	1.8518165504127851e+03	1.7364302946075354e+03	1.8067903118898989e+03	1.6185501732395705e+03	1.6292843927158842e+03	1.7443239502491688e+03	1.9765686263065813e+03	1.8760837977226463e+03	1.8442119892813473e+03	1.8488984060812490e+03	2.3575454446010331e+03	2.0687295717944512e+03	2.2038117811727589e+03	2.1046072960310557e+03	1.6181027850725866e+03	2.3084489293206543e+03	1.8591990713569421e+03	1.9838535096428386e+03	2.0681766290782712e+03	1.9818962991524666e+03
1.7621915060866984e+03	1.6215368217746482e+03	1.8390285548039737e+03	1.6264298296332411e+03	2.0723310691219494e+03	1.8518165504127851e+03	1.7364296730423825e+03	1.8067903110107368e+03	1.6185501732395705e+03	1.6292843927158842e+03	1.7443238328682648e+03	1.9765686261767455e+03	1.8760837972557229e+03	1.8442119638701297e+03	1.8488984060416606e+03	2.3575453909948656e+03	2.0687295679873760e+03	2.2038117811727589e+03	2.1046072960142042e+03	1.6181027850497055e+03	2.3084489293206543e+03	1.8591990713569421e+03	1.9838534792193909e+03	2.0681766285436770e+03	1.9818962991424251e+03
1.7621915060426127e+03	1.6215368216614236e+03	1.8390285548039737e+03	1.6264298296332411e+03	2.0723310691219494e+03	1.8518165504124684e+03	1.7364294222537806e+03	1.8067903108334929e+03	1.6185501731428824e+03	1.6292843927158842e+03	1.7443237673742647e+03	1.9765686260683765e+03	1.8760837945419944e+03	1.8442119638701297e+03	1.8488984060240141e+03	2.3575452261276837e+03	2.0687295643548891e+03	2.2038117809333557e+03	2.1046072960106112e+03	1.6181027850167054e+03	2.3084489288632822e+03	1.8591990713569421e+03	1.9838534568641583e+03	2.0681766281435916e+03	1.9818962991424251e+03
1.7621915060426127e+03	1.6215368214738535e+03	1.8390285548039737e+03	1.6264298296332411e+03	2.0723310691170423e+03	1.8518165504048866e+03	1.7364294222537806e+03	1.8067903104769239e+03	1.6185501726910784e+03	1.6292843927158842e+03	1.7443237673742647e+03	1.9765686260453490e+03	1.8760837945419944e+03	1.8442119377369625e+03	1.8488984059729817e+03	2.3575447458881604e+03	2.0687295637184116e+03	2.2038117804441467e+03	2.1046072959711255e+03	1.6181027850087346e+03	2.3084489238773276e+03	1.8591990713569421e+03	1.9838534527025131e+03	2.0681766276318676e+03	1.9818962991328333e+03
1.7621915060426127e+03	1.6215368211808864e+03	1.8390285548039737e+03	1.6264298296332411e+03	2.0723310690522062e+03	1.8518165503433086e+03	1.7364293630124444e+03	1.8067903085884213e+03	1.6185501665448000e+03	1.6292843927158842e+03	1.7443237477753078e+03	1.9765686260179759e+03	1.8760837936777643e+03	1.8442119183304394e+03	1.8488984058493174e+03	2.3575444656351283e+03	2.0687295585403517e+03	2.2038117802030201e+03	2.1046072959650946e+03	1.6181027850073265e+03	2.3084489193933318e+03	1.8591990713569421e+03	1.9838534449928250e+03	2.0681766274670608e+03	1.9818962991328333e+03
1.7621915059611363e+03	1.6215368208760165e+03	1.8390285548039737e+03	1.6264298296332411e+03	2.0723310690232802e+03	1.8518165503433086e+03	1.7364293630124444e+03	1.8067903081667330e+03	1.6185501630980173e+03	1.6292843927158842e+03	1.7443237296993266e+03	1.9765686260179759e+03	1.8760837929896102e+03	1.8442118848904495e+03	1.8488984055941835e+03	2.3575440793514317e+03	2.0687295495013950e+03	2.2038117801598478e+03	2.1046072959582516e+03	1.6181027850066737e+03	2.3084489156079680e+03	1.8591990713569421e+03	1.9838534387938555e+03	2.0681766264648968e+03	1.9818962991062497e+03
1.7621915048075641e+03	1.6215368208214056e+03	1.8390285548039737e+03	1.6264298296332411e+03	2.0723310689670175e+03	1.8518165503156406e+03	1.7364293480591325e+03	1.8067903077956294e+03	1.6185501630980173e+03	1.6292843927158842e+03	1.7443237269148447e+03	1.9765686260179759e+03	1.8760837919468372e+03	1.8442118666183928e+03	1.8488984055604419e+03	2.3575436592100650e+03	2.0687295312714637e+03	2.2038117799921274e+03	2.1046072959523990e+03	1.6181027850062815e+03	2.3084489129902113e+03	1.8591990713569421e+03	1.9838534369826398e+03	2.0681766258846878e+03	1.9818962990789178e+03
1.7621915044477319e+03	1.6215368208110058e+03	1.8390285548039737e+03	1.6264298296332411e+03	2.0723310688852162e+03	1.8518165503156406e+03	1.7364293444554069e+03	1.8067903077956294e+03	1.6185501539591714e+03	1.6292843927158842e+03	1.7443237232124920e+03	1.9765686260076607e+03	1.8760837917641534e+03	1.8442118638022409e+03	1.8488984055049812e+03	2.3575433700124358e+03	2.0687294815146147e+03	2.2038117792464755e+03	2.1046072959517810e+03	1.6181027850057772e+03	2.3084489116740260e+03	1.8591990713569421e+03	1.9838534310524064e+03	2.0681766249052198e+03	1.9818962990445434e+03
1.7621915042453984e+03	1.6215368208072612e+03	1.8390285548039737e+03	1.6264298296332411e+03	2.0723310687683775e+03	1.8518165503069761e+03	1.7364289967114453e+03	1.8067903066120675e+03	1.6185501536126465e+03	1.6292843927158842e+03	1.7443237101334616e+03	1.9765686260076607e+03	1.8760837901100924e+03	1.8442118628234762e+03	1.8488984054183190e+03	2.3575432353736855e+03	2.0687293594252342e+03	2.2038117790975075e+03	2.1046072959469675e+03	1.6181027850051232e+03	2.3084489061573577e+03	1.8591990713569421e+03	1.9838534300358640e+03	2.0681766212417401e+03	1.9818962990285195e+03
1.7621915039278322e+03	1.6215368207843715e+03	1.8390285548039737e+03	1.6264298296332411e+03	2.0723310686776140e+03	1.8518165503069761e+03	1.7364289967114453e+03	1.8067903059020609e+03	1.6185501528302566e+03	1.6292843927158842e+03	1.7443237099367709e+03	1.9765686260055766e+03	1.8760837893969974e+03	1.8442118596418386e+03	1.8488984054038174e+03	2.3575432326613904e+03	2.0687293461168624e+03	2.2038117789168191e+03	2.1046072959441703e+03	1.6181027850051232e+03	2.3084488876949094e+03	1.8591990713569421e+03	1.9838534285874819e+03	2.0681766187540925e+03	1.9818962989979161e+03
1.7621915012341472e+03	1.6215368207472318e+03	1.8390285548039737e+03	1.6264298296332411e+03	2.0723310684687490e+03	1.8518165502981849e+03	1.7364289967114453e+03	1.8067903059020609e+03	1.6185501528302566e+03	1.6292843927158842e+03	1.7443237096113012e+03	1.9765686260045145e+03	1.8760837889064653e+03	1.8442118596418386e+03	1.8488984054027533e+03	2.3575432300561961e+03	2.0687293461168624e+03	2.2038117788451200e+03	2.1046072959383446e+03	1.6181027850046794e+03	2.3084488803242093e+03	1.8591990713569421e+03	1.9838534272533343e+03	2.0681766187438511e+03	1.9818962988887413e+03
1.7621915008910169e+03	1.6215368207442989e+03	1.8390285548039737e+03	1.6264298296332411e+03	2.0723310683048553e+03	1.8518165502981849e+03	1.7364288368726027e+03	1.8067903047295451e+03	1.6185501524852555e+03	1.6292843927158842e+03	1.7443237094710071e+03	1.9765686259704305e+03	1.8760837853971343e+03	1.8442118596418386e+03	1.8488984054014481e+03	2.3575432299048580e+03	2.0687293372264835e+03	2.2038117788451200e+03	2.1046072959353141e+03	1.6181027850032333e+03	2.3084488374912935e+03	1.8591990713569421e+03	1.9838534272533343e+03	2.0681766187438511e+03	1.9818962988667972e+03
1.7621914999021772e+03	1.6215368207383146e+03	1.8390285548039737e+03	1.6264298296332411e+03	2.0723310681572839e+03	1.8518165502981849e+03	1.7364288368726027e+03	1.8067903041970344e+03	1.6185501522871484e+03	1.6292843927158842e+03	1.7443237080880958e+03	1.9765686259613190e+03	1.8760837835798393e+03	1.8442118544264731e+03	1.8488984053983406e+03	2.3575432296984059e+03	2.0687293362460659e+03	2.2038117788451200e+03	2.1046072959353141e+03	1.6181027850007736e+03	2.3084487641394308e+03	1.8591990713569421e+03	1.9838534266690936e+03	2.0681766186683581e+03	1.9818962987779873e+03
1.7621914997230906e+03	1.6215368207350048e+03	1.8390285548039737e+03	1.6264298296332411e+03	2.0723310679203582e+03	1.8518165501944145e+03	1.7364288368726027e+03	1.8067903023524868e+03	1.6185501509618898e+03	1.6292843927158842e+03	1.7443237054529234e+03	1.9765686259453576e+03	1.8760837835798393e+03	1.8442118390015762e+03	1.8488984053898982e+03	2.3575432296984059e+03	2.0687293348714129e+03	2.2038117788451200e+03	2.1046072959352077e+03	1.6181027849930892e+03	2.3084487613551942e+03	1.8591990713569421e+03	1.9838534258443397e+03	2.0681766178383482e+03	1.9818962987567788e+03
1.7621914994862868e+03	1.6215368207277963e+03	1.8390285548039737e+03	1.6264298296332411e+03	2.0723310677816116e+03	1.8518165501944145e+03	1.7364285306847480e+03	1.8067903013310106e+03	1.6185501500905789e+03	1.6292843927158842e+03	1.7443237011167994e+03	1.9765686258988703e+03	1.8760837835798393e+03	1.8442118390015762e+03	1.8488984053775641e+03	2.3575432296981221e+03	2.0687293348714129e+03	2.2038117788224349e+03	2.1046072959352077e+03	1.6181027849834170e+03	2.3084487565831946e+03	1.8591990713569421e+03	1.9838534258443397e+03	2.0681766178186585e+03	1.9818962987452337e+03
1.7621914994862868e+03	1.6215368207231556e+03	1.8390285548039737e+03	1.6264298296332411e+03	2.0723310677028753e+03	1.8518165501944145e+03	1.7364284412628476e+03	1.8067902921165146e+03	1.6185501487627409e+03	1.6292843927158842e+03	1.7443236848104541e+03	1.9765686257957989e+03	1.8760837835798393e+03	1.8442118390015762e+03	1.8488984052321396e+03	2.3575432296981221e+03	2.0687293348714129e+03	2.2038117786131625e+03	2.1046072959324792e+03	1.6181027849768398e+03	2.3084487527122697e+03	1.8591990713569421e+03	1.9838534232683983e+03	2.0681766175658709e+03	1.9818962987452337e+03
1.7621914987693171e+03	1.6215368207223905e+03	1.8390285548039737e+03	1.6264298296332411e+03	2.0723310676490919e+03	1.8518165501894493e+03	1.7364283535094546e+03	1.8067902861803218e+03	1.6185501485408820e+03	1.6292843927158842e+03	1.7443236827433848e+03	1.9765686257258717e+03	1.8760837805105607e+03	1.8442118346035800e+03	1.8488984048433067e+03	2.3575432296981221e+03	2.0687293344666223e+03	2.2038117786131625e+03	2.1046072959285934e+03	1.6181027849685436e+03	2.3084487445153404e+03	1.8591990713569421e+03	1.9838534201271102e+03	2.0681766168470667e+03	1.9818962987214463e+03
1.7621914987693171e+03	1.6215368207123677e+03	1.8390285548039737e+03	1.6264298296332411e+03	2.0723310676058600e+03	1.8518165501894493e+03	1.7364281813881175e+03	1.8067902801291261e+03	1.6185501471603163e+03	1.6292843927158842e+03	1.7443236723831490e+03	1.9765686256800166e+03	1.8760837796901560e+03	1.8442118296279978e+03	1.8488984048142909e+03	2.3575432296981221e+03	2.0687293333788339e+03	2.2038117784500964e+03	2.1046072959285934e+03	1.6181027849496579e+03	2.3084487425527996e+03	1.8591990713569421e+03	1.9838534125693332e+03	2.0681766167942815e+03	1.9818962986614260e+03
1.7621914959629771e+03	1.6215368205356747e+03	1.8390285548039737e+03	1.6264298296332411e+03	2.0723310675272360e+03	1.8518165501894493e+03	1.7364281813881175e+03	1.8067902779915096e+03	1.6185501471599628e+03	1.6292843927158842e+03	1.7443236723831490e+03	1.9765686256591703e+03	1.8760837779011849e+03	1.8442118177448251e+03	1.8488984048110842e+03	2.3575432296729050e+03	2.0687293333788339e+03	2.2038117782209797e+03	2.1046072959274875e+03	1.6181027849429777e+03	2.3084487412562044e+03	1.8591990713569421e+03	1.9838533733762451e+03	2.0681766167942815e+03	1.9818962986613401e+03
1.7621914878564396e+03	1.6215368203669070e+03	1.8390285548039737e+03	1.6264298296332411e+03	2.0723310674409936e+03	1.8518165501232677e+03	1.7364280209628112e+03	1.8067902445047832e+03	1.6185501447136664e+03	1.6292843927158842e+03	1.7443236640873338e+03	1.9765686256591703e+03	1.8760837768817514e+03	1.8442118167636061e+03	1.8488984048080074e+03	2.3575432296169238e+03	2.0687293329183904e+03	2.2038117780708258e+03	2.1046072959222201e+03	1.6181027849159473e+03	2.3084487412562044e+03	1.8591990713569421e+03	1.9838531742376690e+03	2.0681766167382843e+03	1.9818962986613401e+03
1.7621914873235612e+03	1.6215368203452729e+03	1.8390285548039737e+03	1.6264298296332411e+03	2.0723310673024071e+03	1.8518165501232677e+03	1.7364278894581130e+03	1.8067901972116597e+03	1.6185501424981189e+03	1.6292843927158842e+03	1.7443236640873338e+03	1.9765686256297663e+03	1.8760837766861223e+03	1.8442118165215018e+03	1.8488984048010584e+03	2.3575432296144800e+03	2.0687293316722080e+03	2.2038117779476529e+03	2.1046072959077214e+03	1.6181027848654849e+03	2.3084487390300887e+03	1.8591990713569421e+03	1.9838531730897757e+03	2.0681766166313623e+03	1.9818962986122222e+03
1.7621914793933734e+03	1.6215368203428857e+03	1.8390285548039737e+03	1.6264298296332411e+03	2.0723310670458873e+03	1.8518165501095214e+03	1.7364278894581130e+03	1.8067898237581239e+03	1.6185501421232545e+03	1.6292843927158842e+03	1.7443236510408428e+03	1.9765686255719770e+03	1.8760837766861223e+03	1.8442118104037011e+03	1.8488984047924068e+03	2.3575432296144800e+03	2.0687293316722080e+03	2.2038117778254186e+03	2.1046072959077214e+03	1.6181027832143031e+03	2.3084487369268436e+03	1.8591990713569421e+03	1.9838531616622895e+03	2.0681766166257107e+03	1.9818962985261667e+03
1.7621914763790792e+03	1.6215368203040896e+03	1.8390285548039737e+03	1.6264298296332411e+03	2.0723310665236509e+03	1.8518165501095214e+03	1.7364278787330659e+03	1.8067896745289274e+03	1.6185501388969406e+03	1.6292843927158842e+03	1.7443236510408428e+03	1.9765686255414960e+03	1.8760837765690765e+03	1.8442118104037011e+03	1.8488984047845702e+03	2.3575432296144800e+03	2.0687293316722080e+03	2.2038117778254186e+03	2.1046072959046251e+03	1.6181027523237271e+03	2.3084487330054899e+03	1.8591990713569421e+03	1.9838531596540479e+03	2.0681766163841148e+03	1.9818962985261667e+03
1.7621914729544708e+03	1.6215368202510429e+03	1.8390285548039737e+03	1.6264298296332411e+03	2.0723310661951418e+03	1.8518165501054527e+03	1.7364277197856948e+03	1.8067896601821290e+03	1.6185501376680368e+03	1.6292843927158842e+03	1.7443236441608317e+03	1.9765686255291305e+03	1.8760837765078545e+03	1.8442117956953155e+03	1.8488984047836475e+03	2.3575432296144800e+03	2.0687293308505668e+03	2.2038117776220238e+03	2.1046072958953982e+03	1.6181027522103032e+03	2.3084487029694828e+03	1.8591990713569421e+03	1.9838531581619479e+03	2.0681766163191583e+03	1.9818962985088310e+03
1.7621914689243981e+03	1.6215368200881117e+03	1.8390285548039737e+03	1.6264298296332411e+03	2.0723310661120368e+03	1.8518165500440155e+03	1.7364276302174003e+03	1.8067896601821290e+03	1.6185501376299271e+03	1.6292843927158842e+03	1.7443236204115030e+03	1.9765686255052478e+03	1.8760837760099598e+03	1.8442117921277777e+03	1.8488984047830722e+03	2.3575432296144800e+03	2.0687293308505668e+03	2.2038117772869432e+03	2.1046072958949021e+03	1.6181027521406395e+03	2.3084486857654420e+03	1.8591990713569421e+03	1.9838531574876608e+03	2.0681766163191583e+03	1.9818962985088310e+03
1.7621914458552774e+03	1.6215368199614759e+03	1.8390285548039737e+03	1.6264298296332411e+03	2.0723310660261377e+03	1.8518165500197404e+03	1.7364272162691509e+03	1.8067896601821290e+03	1.6185501369405777e+03	1.6292843927158842e+03	1.7443236157878525e+03	1.9765686254865341e+03	1.8760837760099598e+03	1.8442117921277777e+03	1.8488984047797719e+03	2.3575432296144800e+03	2.0687293308505668e+03	2.2038117772869432e+03	2.1046072958851091e+03	1.6181027520303981e+03	2.3084484243743500e+03	1.8591990713569421e+03	1.9838531545842250e+03	2.0681766163191583e+03	1.9818962985086775e+03
1.7621914289197478e+03	1.6215368199474906e+03	1.8390285548039737e+03	1.6264298296332411e+03	2.0723310659639114e+03	1.8518165500137629e+03	1.7364269780497802e+03	1.8067896584325583e+03	1.6185501348839894e+03	1.6292843927158842e+03	1.7443235938021435e+03	1.9765686254814673e+03	1.8760837757021382e+03	1.8442117921277777e+03	1.8488984047792489e+03	2.3575432296113859e+03	2.0687293308505668e+03	2.2038117772742999e+03	2.1046072958851091e+03	1.6181027508572463e+03	2.3084483907836798e+03	1.8591990713569421e+03	1.9838531539918733e+03	2.0681766162925151e+03	1.9818962985086775e+03
1.7621913542099642e+03	1.6215368199451671e+03	1.8390285548039737e+03	1.6264298296332411e+03	2.0723310658135356e+03	1.8518165499366196e+03	1.7364268571118969e+03	1.8067896539319697e+03	1.6185501337221892e+03	1.6292843927158842e+03	1.7443235803072369e+03	1.9765686254671446e+03	1.8760837754564113e+03	1.8442117858758218e+03	1.8488984047786237e+03	2.3575432295985479e+03	2.0687293307441778e+03	2.2038117770844729e+03	2.1046072958777268e+03	1.6181027507479371e+03	2.3084483891733616e+03	1.8591990713569421e+03	1.9838531524890382e+03	2.0681766162359709e+03	1.9818962985051649e+03
1.7621912706230391e+03	1.6215368199441857e+03	1.8390285548039737e+03	1.6264298296332411e+03	2.0723310656088847e+03	1.8518165499274462e+03	1.7364267069169618e+03	1.8067896539319697e+03	1.6185501289136434e+03	1.6292843927158842e+03	1.7443235257391702e+03	1.9765686254586642e+03	1.8760837754564113e+03	1.8442117846479234e+03	1.8488984047783454e+03	2.3575432295933188e+03	2.0687293307337377e+03	2.2038117768616012e+03	2.1046072958728992e+03	1.6181027507133977e+03	2.3084483878526521e+03	1.8591990713569421e+03	1.9838531521262717e+03	2.0681766161906726e+03	1.9818962985032572e+03
1.7621911940834800e+03	1.6215368199437946e+03	1.8390285548039737e+03	1.6264298296332411e+03	2.0723310654849856e+03	1.8518165499126299e+03	1.7364263242443585e+03	1.8067896516083642e+03	1.6185501286759006e+03	1.6292843927158842e+03	1.7443234715851906e+03	1.9765686254495065e+03	1.8760837753430885e+03	1.8442117788757496e+03	1.8488984047770603e+03	2.3575432295763744e+03	2.0687293304794521e+03	2.2038117766463811e+03	2.1046072958681921e+03	1.6181027503580751e+03	2.3084483840156026e+03	1.8591990713569421e+03	1.9838531521262717e+03	2.0681766160358175e+03	1.9818962985022035e+03
1.7621911296070248e+03	1.6215368199437526e+03	1.8390285548039737e+03	1.6264298296332411e+03	2.0723310654104921e+03	1.8518165499126299e+03	1.7364260832909627e+03	1.8067896503070033e+03	1.6185501286759006e+03	1.6292843927158842e+03	1.7443234715851906e+03	1.9765686254275311e+03	1.8760837753080120e+03	1.8442117738811371e+03	1.8488984047723902e+03	2.3575432295658297e+03	2.0687293293714420e+03	2.2038117766463811e+03	2.1046072958584296e+03	1.6181027426723695e+03	2.3084483838966062e+03	1.8591990713569421e+03	1.9838531517907281e+03	2.0681766157172656e+03	1.9818962985021230e+03
1.7621907677053450e+03	1.6215368199436500e+03	1.8390285548039737e+03	1.6264298296332411e+03	2.0723310649967925e+03	1.8518165498934891e+03	1.7364254348014147e+03	1.8067896502277272e+03	1.6185501256674606e+03	1.6292843927158842e+03	1.7443234702392733e+03	1.9765686254275311e+03	1.8760837750550872e+03	1.8442117706101340e+03	1.8488984047045426e+03	2.3575432295504870e+03	2.0687293293714420e+03	2.2038117765196530e+03	2.1046072958565574e+03	1.6181027420913365e+03	2.3084483771443392e+03	1.8591990713569421e+03	1.9838531509817035e+03	2.0681766156773110e+03	1.9818962985021230e+03
1.7621903270567993e+03	1.6215368199384841e+03	1.8390285548039737e+03	1.6264298296332411e+03	2.0723310641923449e+03	1.8518165497922862e+03	1.7364254348014147e+03	1.8067896481766672e+03	1.6185501237292349e+03	1.6292843927158842e+03	1.7443234702392733e+03	1.9765686254233733e+03	1.8760837750550872e+03	1.8442117647907776e+03	1.8488984045747934e+03	2.3575432295457249e+03	2.0687293275344105e+03	2.2038117765108022e+03	2.1046072958340665e+03	1.6181027401473214e+03	2.3084483502256935e+03	1.8591990713569419e+03	1.9838531497154590e+03	2.0681766154604284e+03	1.9818962984772793e+03
1.7621901570449284e+03	1.6215368198761848e+03	1.8390285548039737e+03	1.6264298296332411e+03	2.0723310638256607e+03	1.8518165496347594e+03	1.7364234495822780e+03	1.8067896445430508e+03	1.6185501218909124e+03	1.6292843927158842e+03	1.7443234654070952e+03	1.9765686254125408e+03	1.8760837749306049e+03	1.8442117297708635e+03	1.8488984045451277e+03	2.3575432295419314e+03	2.0687293275344105e+03	2.2038117764784374e+03	2.1046072957413844e+03	1.6181027399958964e+03	2.3084483464306177e+03	1.8591990713569419e+03	1.9838531488307872e+03	2.0681766154604284e+03	1.9818962984772793e+03
1.7621895359765933e+03	1.6215368194539126e+03	1.8390285548039737e+03	1.6264298296332411e+03	2.0723310634602076e+03	1.8518165496286078e+03	1.7364194915820256e+03	1.8067896428360455e+03	1.6185501206433762e+03	1.6292843927158842e+03	1.7443234654070952e+03	1.9765686254073510e+03	1.8760837747058849e+03	1.8442117297708635e+03	1.8488984045432089e+03	2.3575432295352821e+03	2.0687293254539445e+03	2.2038117759838678e+03	2.1046072957413844e+03	1.6181027399924499e+03	2.3084483431890926e+03	1.8591990713569419e+03	1.9838531486125369e+03	2.0681766149423029e+03	1.9818962984772793e+03
1.7621891412362011e+03	1.6215368189604424e+03	1.8390285548039737e+03	1.6264298296332411e+03	2.0723310630434112e+03	1.8518165495559763e+03	1.7364179139880280e+03	1.8067896417963007e+03	1.6185501206433762e+03	1.6292843927158842e+03	1.7443234632306624e+03	1.9765686254010598e+03	1.8760837745941203e+03	1.8442116437895022e+03	1.8488984045426828e+03	2.3575432295143914e+03	2.0687293215145874e+03	2.2038117757507734e+03	2.1046072957410215e+03	1.6181027399787674e+03	2.3084483427715786e+03	1.8591990713569419e+03	1.9838531484923226e+03	2.0681766149423029e+03	1.9818962984731875e+03
1.7621882365297229e+03	1.6215368180015516e+03	1.8390285548039737e+03	1.6264298296332411e+03	2.0723310625717454e+03	1.8518165495105754e+03	1.7364171891140218e+03	1.8067896409845027e+03	1.6185501206433762e+03	1.6292843927158842e+03	1.7443234632306624e+03	1.9765686253985282e+03	1.8760837744775099e+03	1.8442116065539603e+03	1.8488984045421964e+03	2.3575432294886364e+03	2.0687293209029949e+03	2.2038117756875654e+03	2.1046072957343576e+03	1.6181027397272392e+03	2.3084483419312305e+03	1.8591990713569419e+03	1.9838531482852445e+03	2.0681766149421073e+03	1.9818962984731875e+03
1.7621875059146601e+03	1.6215368173950567e+03	1.8390285548039737e+03	1.6264298296332411e+03	2.0723310623960497e+03	1.8518165495095791e+03	1.7364167310170469e+03	1.8067896396217702e+03	1.6185501186701763e+03	1.6292843927158842e+03	1.7443234570208624e+03	1.9765686253862650e+03	1.8760837744775099e+03	1.8442115431790733e+03	1.8488984045379907e+03	2.3575432294656830e+03	2.0687293073595174e+03	2.2038117749982739e+03	2.1046072957088018e+03	1.6181027396037753e+03	2.3084483413366688e+03	1.8591990713569419e+03	1.9838531482059784e+03	2.0681766149421073e+03	1.9818962984720133e+03
1.7621868557824937e+03	1.6215368172700066e+03	1.8390285548039737e+03	1.6264298296332411e+03	2.0723310623410803e+03	1.8518165494605144e+03	1.7364161399405723e+03	1.8067896396217702e+03	1.6185501186701763e+03	1.6292843927158842e+03	1.7443234570208624e+03	1.9765686253610543e+03	1.8760837740660393e+03	1.8442115013217667e+03	1.8488984045359484e+03	2.3575432294656830e+03	2.0687293011642314e+03	2.2038117749471330e+03	2.1046072957088018e+03	1.6181027395724022e+03	2.3084483407663201e+03	1.8591990713569419e+03	1.9838531480143643e+03	2.0681766141466269e+03	1.9818962984701934e+03
1.7621868390088628e+03	1.6215368164659353e+03	1.8390285548039737e+03	1.6264298296332411e+03	2.0723310623084922e+03	1.8518165493443091e+03	1.7364159537753944e+03	1.8067896396217702e+03	1.6185501186701763e+03	1.6292843927158842e+03	1.7443234554021276e+03	1.9765686253352346e+03	1.8760837735109792e+03	1.8442113930441556e+03	1.8488984045356196e+03	2.3575432294251632e+03	2.0687292796997272e+03	2.2038117746845937e+03	2.1046072957088018e+03	1.6181027395539727e+03	2.3084483407111134e+03	1.8591990713569419e+03	1.9838531479812025e+03	2.0681766135839639e+03	1.9818962984701934e+03
1.7621868318354907e+03	1.6215368158701410e+03	1.8390285548039737e+03	1.6264298296332411e+03	2.0723310622032345e+03	1.8518165492935602e+03	1.7364158848669356e+03	1.8067896396217702e+03	1.6185501161654558e+03	1.6292843927158842e+03	1.7443234535224210e+03	1.9765686253065483e+03	1.8760837731064032e+03	1.8442109492514505e+03	1.8488984045354214e+03	2.3575432293446552e+03	2.0687222685481893e+03	2.2038117746470152e+03	2.1046072956802445e+03	1.6181027395497392e+03	2.3084483407028465e+03	1.8591990713569419e+03	1.9838531479453518e+03	2.0681766115414666e+03	1.9818962984701934e+03
1.7621868170408154e+03	1.6215368154708815e+03	1.8390285548039737e+03	1.6264298296332411e+03	2.0723310620325683e+03	1.8518165492781527e+03	1.7364154043259000e+03	1.8067896388798101e+03	1.6185501146968518e+03	1.6292843927158842e+03	1.7443234531706144e+03	1.9765686252959288e+03	1.8760837729609393e+03	1.8442108456851897e+03	1.8488984045353666e+03	2.3575432293224635e+03	2.0685448040326796e+03	2.2038117741027700e+03	2.1046072956802445e+03	1.6181027395074730e+03	2.3084483402500955e+03	1.8591990713569419e+03	1.9838531478073303e+03	2.0681766111240204e+03	1.9818962984701934e+03
1.7621868134713193e+03	1.6215368136790560e+03	1.8390285548039737e+03	1.6264298296332411e+03	2.0723310617886145e+03	1.8518165492340602e+03	1.7364149945170043e+03	1.8067896386623747e+03	1.6185501146968518e+03	1.6292843927158842e+03	1.7443234502194100e+03	1.9765686252515975e+03	1.8760837724968032e+03	1.8442107525906413e+03	1.8488984045353654e+03	2.3575432290856852e+03	2.0685357583259088e+03	2.2038117741027700e+03	2.1046072956791568e+03	1.6181027386316471e+03	2.3084483402174442e+03	1.8591990713569419e+03	1.9838531478073303e+03	2.0681766107679318e+03	1.9818962984701934e+03
1.7621868124720945e+03	1.6215368112424660e+03	1.8390285548039737e+03	1.6264298296332411e+03	2.0723310615789451e+03	1.8518165492340602e+03	1.7364145924384393e+03	1.8067896386623747e+03	1.6185501146968518e+03	1.6292843927158842e+03	1.7443234502066141e+03	1.9765686250785106e+03	1.8760837695168916e+03	1.8442107494981919e+03	1.8488984045353627e+03	2.3575432285582292e+03	2.0685114616855831e+03	2.2038117741027700e+03	2.1046072956791568e+03	1.6181027379965310e+03	2.3084483400460490e+03	1.8591990713569419e+03	1.9838531478045445e+03	2.0681766102827814e+03	1.9818962984535437e+03
1.7621868121152934e+03	1.6215368068183413e+03	1.8390285548039737e+03	1.6264298296332411e+03	2.0723310613743397e+03	1.8518165491199816e+03	1.7364139065346933e+03	1.8067896383840061e+03	1.6185501146968518e+03	1.6292843927158842e+03	1.7443234485721266e+03	1.9765686250517226e+03	1.8760836917153244e+03	1.8442107217123751e+03	1.8488984045353620e+03	2.3575432277056884e+03	2.0685081693771540e+03	2.2038117740882362e+03	2.1046072956791568e+03	1.6181027379420930e+03	2.3084483400460490e+03	1.8591990713569419e+03	1.9838531477992296e+03	2.0681766099335855e+03	1.9818962984535437e+03
1.7621868118365119e+03	1.6215368057619205e+03	1.8390285548039735e+03	1.6264298296332411e+03	2.0723310612934224e+03	1.8518165490530316e+03	1.7364128658813056e+03	1.8067896383840061e+03	1.6185501122352753e+03	1.6292843927158842e+03	1.7443234449923127e+03	1.9765686247023148e+03	1.8760836888480308e+03	1.8442107217123751e+03	1.8488984035915275e+03	2.3575432273924757e+03	2.0685081482766882e+03	2.2038117738608948e+03	2.1046072956744665e+03	1.6181027379336176e+03	2.3084483399862042e+03	1.8591990713569419e+03	1.9838531477930726e+03	2.0681766095032185e+03	1.9818962984535437e+03
1.7621868118365119e+03	1.6215367976208777e+03	1.8390285548039735e+03	1.6264298296332411e+03	2.0723310611972856e+03	1.8518165490530316e+03	1.7364126329538506e+03	1.8067896374143006e+03	1.6185501116554863e+03	1.6292843927158842e+03	1.7443234446588876e+03	1.9765686247023148e+03	1.8760836873893693e+03	1.8442107217123751e+03	1.8488984035162900e+03	2.3575432272434800e+03	2.0685081372056720e+03	2.2038117738282635e+03	2.1046072956744665e+03	1.6181027379251068e+03	2.3084483398447246e+03	1.8591990713569419e+03	1.9838531477323809e+03	2.0681766094683535e+03	1.9818962984535437e+03
1.7621868115088951e+03	1.6215367925345097e+03	1.8390285548039735e+03	1.6264298296332411e+03	2.0723310608185875e+03	1.8518165490530316e+03	1.7364125300523608e+03	1.8067896373503690e+03	1.6185501116554863e+03	1.6292843927158842e+03	1.7443234446588876e+03	1.9765686245241372e+03	1.8760836862577016e+03	1.8442107183134885e+03	1.8488984035099199e+03	2.3575432266511966e+03	2.0685081262108915e+03	2.2038117736490212e+03	2.1046072956697521e+03	1.6181027378997087e+03	2.3084483398447246e+03	1.8591990713569419e+03	1.9838531477293775e+03	2.0681766094683535e+03	1.9818962984535437e+03
1.7621868114093086e+03	1.6215367882322785e+03	1.8390285548039735e+03	1.6264298296332411e+03	2.0723310607512544e+03	1.8518165489497699e+03	1.7364125300523608e+03	1.8067896371767704e+03	1.6185501115939485e+03	1.6292843927158842e+03	1.7443234401765740e+03	1.9765686242590818e+03	1.8760836817502911e+03	1.8442107183134885e+03	1.8488984035062063e+03	2.3575432224918195e+03	2.0685080734559224e+03	2.2038117736488985e+03	2.1046072956697521e+03	1.6181027378944559e+03	2.3084483397751687e+03	1.8591990713569419e+03	1.9838531477293775e+03	2.0681766093886522e+03	1.9818962984535437e+03
1.7621868107816622e+03	1.6215367877070225e+03	1.8390285548039735e+03	1.6264298296332411e+03	2.0723310605387683e+03	1.8518165488963707e+03	1.7364124829442653e+03	1.8067896362592799e+03	1.6185501115939485e+03	1.6292843927158842e+03	1.7443234362934850e+03	1.9765686241366525e+03	1.8760836752242692e+03	1.8442107183134885e+03	1.8488984034986979e+03	2.3575432219437580e+03	2.0685026460982517e+03	2.2038117734974167e+03	2.1046072956683306e+03	1.6181027378925592e+03	2.3084483397220620e+03	1.8591990713569419e+03	1.9838531477293775e+03	2.0681766091409422e+03	1.9818962984535437e+03
1.7621868104205844e+03	1.6215367867205593e+03	1.8390285548039735e+03	1.6264298296332411e+03	2.0723310604189783e+03	1.8518165488963707e+03	1.7364124829442653e+03	1.8067896337331586e+03	1.6185501115939485e+03	1.6292843927158842e+03	1.7443234287145651e+03	1.9765686238032933e+03	1.8760834882871513e+03	1.8442107162293555e+03	1.8488984032575511e+03	2.3575432218888332e+03	2.0684989881798952e+03	2.2038117734461630e+03	2.1046072956683306e+03	1.6181027378728409e+03	2.3084483394851823e+03	1.8591990713569419e+03	1.9838531477293775e+03	2.0681766089114558e+03	1.9818962984535437e+03
1.7621868095067630e+03	1.6215367864561717e+03	1.8390285548039735e+03	1.6264298296332411e+03	2.0723310603491559e+03	1.8518165488598538e+03	1.7364124799152837e+03	1.8067896326577959e+03	1.6185501115939485e+03	1.6292843927158842e+03	1.7443234236564285e+03	1.9765686237209056e+03	1.8760834853186268e+03	1.8442107146536009e+03	1.8488983988179921e+03	2.3575432218503061e+03	2.0684989055583178e+03	2.2038117734023890e+03	2.1046072956683306e+03	1.6181027378211948e+03	2.3084483394668450e+03	1.8591990713569419e+03	1.9838531477065128e+03	2.0681766089114558e+03	1.9818962984535437e+03
1.7621868090607345e+03	1.6215367864515515e+03	1.8390285548039735e+03	1.6264298296332411e+03	2.0723310602697256e+03	1.8518165488156471e+03	1.7364124799152837e+03	1.8067896312453099e+03	1.6185501115939485e+03	1.6292843927158842e+03	1.7443234236564285e+03	1.9765686237179975e+03	1.8760834844785916e+03	1.8442107140598666e+03	1.8488983865101472e+03	2.3575432217118669e+03	2.0684988631885403e+03	2.2038117733760037e+03	2.1046072956683306e+03	1.6181027378188971e+03	2.3084483392125298e+03	1.8591990713569419e+03	1.9838531476969365e+03	2.0681766087304982e+03	1.9818962984437774e+03
1.7621868090356281e+03	1.6215367863560180e+03	1.8390285548039735e+03	1.6264298296332411e+03	2.0723310602175379e+03	1.8518165488156471e+03	1.7364124571329164e+03	1.8067896272975609e+03	1.6185501113075748e+03	1.6292843927158842e+03	1.7443234139086264e+03	1.9765686237166908e+03	1.8760834844785916e+03	1.8442107140598666e+03	1.8488983827049112e+03	2.3575432216102254e+03	2.0684980874792218e+03	2.2038117732680621e+03	2.1046072956683306e+03	1.6181027378161664e+03	2.3084483387793443e+03	1.8591990713569419e+03	1.9838531476832372e+03	2.0681766086456983e+03	1.9818962984437774e+03
1.7621868089224115e+03	1.6215367863170843e+03	1.8390285548039735e+03	1.6264298296332411e+03	2.0723310601932776e+03	1.8518165488009095e+03	1.7364124370821010e+03	1.8067896252991447e+03	1.6185501112423701e+03	1.6292843927158842e+03	1.7443234082783188e+03	1.9765686236845183e+03	1.8760834844785916e+03	1.8442107098649005e+03	1.8488983824177931e+03	2.3575432215861811e+03	2.0684978307625329e+03	2.2038117731854259e+03	2.1046072956682797e+03	1.6181027378096333e+03	2.3084483387793443e+03	1.8591990713569419e+03	1.9838531476621993e+03	2.0681766086454436e+03	1.9818962984401189e+03
1.7621868088527019e+03	1.6215367863151603e+03	1.8390285548039735e+03	1.6264298296332411e+03	2.0723310601785915e+03	1.8518165487921410e+03	1.7364124370821010e+03	1.8067896242785159e+03	1.6185501111299550e+03	1.6292843927158842e+03	1.7443233940400596e+03	1.9765686236709953e+03	1.8760834843259436e+03	1.8442107098649005e+03	1.8488983816156326e+03	2.3575432215795026e+03	2.0684978147679176e+03	2.2038117730959762e+03	2.1046072956634312e+03	1.6181027378079323e+03	2.3084483387581804e+03	1.8591990713569419e+03	1.9838531476476091e+03	2.0681766084886540e+03	1.9818962984401189e+03
1.7621868087168530e+03	1.6215367863137301e+03	1.8390285548039735e+03	1.6264298296332411e+03	2.0723310601597082e+03	1.8518165487711219e+03	1.7364124327338393e+03	1.8067896197742732e+03	1.6185501111299550e+03	1.6292843927158842e+03	1.7443233940400596e+03	1.9765686236024203e+03	1.8760834839707047e+03	1.8442107094312266e+03	1.8488983794155820e+03	2.3575432215794694e+03	2.0684978090893378e+03	2.2038117726914224e+03	2.1046072956624098e+03	1.6181027378070553e+03	2.3084483385517842e+03	1.8591990713569419e+03	1.9838531476379394e+03	2.0681766082482445e+03	1.9818962984397431e+03
1.7621868084283776e+03	1.6215367863131205e+03	1.8390285548039735e+03	1.6264298296332411e+03	2.0723310600548725e+03	1.8518165487616707e+03	1.7364124284938632e+03	1.8067896197476002e+03	1.6185501111299550e+03	1.6292843927158842e+03	1.7443233911303769e+03	1.9765686235073513e+03	1.8760834837545724e+03	1.8442107044577401e+03	1.8488983790137504e+03	2.3575432215718656e+03	2.0684976238481786e+03	2.2038117723907135e+03	2.1046072956606977e+03	1.6181027378066231e+03	2.3084483385517842e+03	1.8591990713569419e+03	1.9838531476379394e+03	2.0681766081252786e+03	1.9818962984322873e+03
1.7621868079074666e+03	1.6215367863124197e+03	1.8390285548039733e+03	1.6264298296332411e+03	2.0723310599364308e+03	1.8518165487337506e+03	1.7364124283249059e+03	1.8067896178300396e+03	1.6185501105794667e+03	1.6292843927158842e+03	1.7443233911303769e+03	1.9765686234872678e+03	1.8760834836080746e+03	1.8442106987032639e+03	1.8488983790103955e+03	2.3575432215707751e+03	2.0684973129379982e+03	2.2038117721168710e+03	2.1046072956561611e+03	1.6181027378062201e+03	2.3084483382056528e+03	1.8591990713569419e+03	1.9838531476273990e+03	2.0681766080623829e+03	1.9818962984285845e+03
1.7621868072071093e+03	1.6215367863118283e+03	1.8390285548039733e+03	1.6264298296332411e+03	2.0723310599182350e+03	1.8518165486797145e+03	1.7364124250590119e+03	1.8067896176512691e+03	1.6185501101647189e+03	1.6292843927158842e+03	1.7443233895113997e+03	1.9765686234370678e+03	1.8760834834592747e+03	1.8442106934371500e+03	1.8488983790102238e+03	2.3575432215684377e+03	2.0684972197487323e+03	2.2038117721168710e+03	2.1046072956559692e+03	1.6181027378061901e+03	2.3084483378037053e+03	1.8591990713569419e+03	1.9838531476273990e+03	2.0681766080302532e+03	1.9818962984285845e+03
1.7621868071205470e+03	1.6215367863102283e+03	1.8390285548039733e+03	1.6264298296332411e+03	2.0723310598877642e+03	1.8518165486417820e+03	1.7364124094698088e+03	1.8067896163071912e+03	1.6185501101647189e+03	1.6292843927158842e+03	1.7443233894675734e+03	1.9765686234280656e+03	1.8760834819819379e+03	1.8442106917774158e+03	1.8488983790097338e+03	2.3575432215684377e+03	2.0684972117456032e+03	2.2038117717331161e+03	2.1046072956559692e+03	1.6181027378061806e+03	2.3084483377874772e+03	1.8591990713569419e+03	1.9838531475187267e+03	2.0681766079538247e+03	1.9818962984248060e+03
1.7621868071052002e+03	1.6215367863096124e+03	1.8390285548039733e+03	1.6264298296332411e+03	2.0723310598225116e+03	1.8518165486417820e+03	1.7364123829022601e+03	1.8067896135817136e+03	1.6185501098914779e+03	1.6292843927158842e+03	1.7443233894675734e+03	1.9765686234151251e+03	1.8760834309538973e+03	1.8442106899968705e+03	1.8488983789991125e+03	2.3575432215684377e+03	2.0684972047696288e+03	2.2038117714868704e+03	2.1046072956534658e+03	1.6181027378060730e+03	2.3084483373937173e+03	1.8591990713569419e+03	1.9838531474975603e+03	2.0681766078006517e+03	1.9818962984211307e+03
1.7621868070734990e+03	1.6215367863090330e+03	1.8390285548039733e+03	1.6264298296332411e+03	2.0723310598107046e+03	1.8518165486417820e+03	1.7364123771756429e+03	1.8067896122259115e+03	1.6185501091192580e+03	1.6292843927158842e+03	1.7443233894675734e+03	1.9765686234127377e+03	1.8760834252432492e+03	1.8442106726719169e+03	1.8488983789771057e+03	2.3575432215684104e+03	2.0684971881885167e+03	2.2038117703770358e+03	2.1046072956534658e+03	1.6181027378059641e+03	2.3084483363447434e+03	1.8591990713569419e+03	1.9838531474860522e+03	2.0681766074923139e+03	1.9818962984199143e+03
1.7621868070167125e+03	1.6215367863090205e+03	1.8390285548039733e+03	1.6264298296332411e+03	2.0723310597402397e+03	1.8518165486357148e+03	1.7364123771663790e+03	1.8067896115949397e+03	1.6185501087329690e+03	1.6292843927158842e+03	1.7443233894675734e+03	1.9765686234083134e+03	1.8760834252432492e+03	1.8442106726719169e+03	1.8488983789750177e+03	2.3575432215658707e+03	2.0684971859297930e+03	2.2038117700418670e+03	2.1046072956534658e+03	1.6181027378059509e+03	2.3084483361608891e+03	1.8591990713569419e+03	1.9838531474828078e+03	2.0681766072674550e+03	1.9818962984112077e+03
1.7621868070167125e+03	1.6215367863089575e+03	1.8390285548039733e+03	1.6264298296332411e+03	2.0723310596704382e+03	1.8518165486028615e+03	1.7364123591590223e+03	1.8067896115949397e+03	1.6185501076447060e+03	1.6292843927158842e+03	1.7443233867536535e+03	1.9765686233940955e+03	1.8760834250989521e+03	1.8442106544154349e+03	1.8488983789719614e+03	2.3575432215658707e+03	2.0684971855370218e+03	2.2038117688580246e+03	2.1046072956505313e+03	1.6181027378059482e+03	2.3084483353420374e+03	1.8591990713569419e+03	1.9838531474276676e+03	2.0681766072342189e+03	1.9818962983983297e+03
1.7621868070166101e+03	1.6215367863089166e+03	1.8390285548039733e+03	1.6264298296332411e+03	2.0723310595862258e+03	1.8518165486028615e+03	1.7364123591590223e+03	1.8067896114160574e+03	1.6185501070544099e+03	1.6292843927158842e+03	1.7443233867536535e+03	1.9765686233765005e+03	1.8760834250283604e+03	1.8442106430729605e+03	1.8488983789717554e+03	2.3575432215654996e+03	2.0684971846470103e+03	2.2038117688580246e+03	2.1046072956500902e+03	1.6181027378059259e+03	2.3084483344476380e+03	1.8591990713569419e+03	1.9838531474246861e+03	2.0681766071979996e+03	1.9818962983954407e+03
1.7621868070166101e+03	1.6215367863089018e+03	1.8390285548039733e+03	1.6264298296332411e+03	2.0723310594825584e+03	1.8518165485366417e+03	1.7364123561631400e+03	1.8067896105914958e+03	1.6185501058867285e+03	1.6292843927158842e+03	1.7443233867536535e+03	1.9765686233338747e+03	1.8760834250080547e+03	1.8442106420012547e+03	1.8488983789715701e+03	2.3575432215637566e+03	2.0684971842810373e+03	2.2038117686831724e+03	2.1046072956488165e+03	1.6181027378049266e+03	2.3084483331629785e+03	1.8591990713569419e+03	1.9838531473602454e+03	2.0681766071529173e+03	1.9818962983856113e+03
1.7621868070094310e+03	1.6215367863088911e+03	1.8390285548039733e+03	1.6264298296332411e+03	2.0723310590444803e+03	1.8518165485366417e+03	1.7364123461320085e+03	1.8067896097286368e+03	1.6185501052549012e+03	1.6292843927158842e+03	1.7443233866244079e+03	1.9765686233054103e+03	1.8760834249916597e+03	1.8442106414360730e+03	1.8488983789710790e+03	2.3575432215637325e+03	2.0684971839176765e+03	2.2038117686355758e+03	2.1046072956472754e+03	1.6181027377866747e+03	2.3084483315580237e+03	1.8591990713569419e+03	1.9838531473602454e+03	2.0681766071338034e+03	1.9818962983773974e+03
1.7621868069998748e+03	1.6215367863088770e+03	1.8390285548039733e+03	1.6264298296332411e+03	2.0723310589645603e+03	1.8518165485224195e+03	1.7364123455644140e+03	1.8067896096687591e+03	1.6185501035492885e+03	1.6292843927158842e+03	1.7443233862495315e+03	1.9765686232272485e+03	1.8760834249532438e+03	1.8442106371792088e+03	1.8488983789709296e+03	2.3575432215637325e+03	2.0684971834696216e+03	2.2038117685681063e+03	2.1046072956437815e+03	1.6181027373243387e+03	2.3084483284954244e+03	1.8591990713569419e+03	1.9838531473317203e+03	2.0681766071260367e+03	1.9818962983758620e+03
1.7621868069746956e+03	1.6215367863088022e+03	1.8390285548039733e+03	1.6264298296332411e+03	2.0723310587649617e+03	1.8518165484873862e+03	1.7364123298274703e+03	1.8067896096687591e+03	1.6185501035492885e+03	1.6292843927158842e+03	1.7443233850566050e+03	1.9765686232217327e+03	1.8760834248362758e+03	1.8442106291574646e+03	1.8488983789709212e+03	2.3575432215637325e+03	2.0684971833460613e+03	2.2038117685226066e+03	2.1046072956437815e+03	1.6181027373212191e+03	2.3084483282158681e+03	1.8591990713569419e+03	1.9838531473115913e+03	2.0681766071131533e+03	1.9818962983262597e+03
1.7621868069688423e+03	1.6215367863086990e+03	1.8390285548039733e+03	1.6264298296332411e+03	2.0723310584690635e+03	1.8518165484873862e+03	1.7364123298274703e+03	1.8067896087277109e+03	1.6185501028005592e+03	1.6292843927158842e+03	1.7443233850566050e+03	1.9765686231559175e+03	1.8760834248362758e+03	1.8442106250804156e+03	1.8488983789709202e+03	2.3575432215635788e+03	2.0684971826662136e+03	2.2038117685226066e+03	2.1046072956433695e+03	1.6181027373146237e+03	2.3084483280499635e+03	1.8591990713569419e+03	1.9838531472779746e+03	2.0681766069984919e+03	1.9818962983126696e+03
1.7621868069643594e+03	1.6215367863086917e+03	1.8390285548039733e+03	1.6264298296332411e+03	2.0723310582820209e+03	1.8518165484618930e+03	1.7364123271935646e+03	1.8067896077317348e+03	1.6185501021992761e+03	1.6292843927158842e+03	1.7443233845729378e+03	1.9765686230412275e+03	1.8760834248116767e+03	1.8442106142426051e+03	1.8488983789709189e+03	2.3575432215599308e+03	2.0684971824286922e+03	2.2038117685226066e+03	2.1046072956403336e+03	1.6181027372954670e+03	2.3084483279633546e+03	1.8591990713569419e+03	1.9838531472618720e+03	2.0681766065487091e+03	1.9818962982771811e+03
1.7621868069643594e+03	1.6215367863086865e+03	1.8390285548039733e+03	1.6264298296332411e+03	2.0723310581968581e+03	1.8518165484555618e+03	1.7364123181275118e+03	1.8067896070934773e+03	1.6185501013440598e+03	1.6292843927158842e+03	1.7443233805928630e+03	1.9765686229626706e+03	1.8760834246612505e+03	1.8442106139800949e+03	1.8488983789709187e+03	2.3575432215564861e+03	2.0684971823456758e+03	2.2038117684587455e+03	2.1046072956349080e+03	1.6181027372951703e+03	2.3084483278085386e+03	1.8591990713569419e+03	1.9838531472498978e+03	2.0681766036049085e+03	1.9818962982637156e+03
1.7621868069632928e+03	1.6215367863086863e+03	1.8390285548039733e+03	1.6264298296332411e+03	2.0723310580374446e+03	1.8518165484297579e+03	1.7364123143893544e+03	1.8067896053105048e+03	1.6185501010258247e+03	1.6292843927158842e+03	1.7443233800761848e+03	1.9765686228922179e+03	1.8760834240852068e+03	1.8442106134124435e+03	1.8488983789709187e+03	2.3575432215518194e+03	2.0684971823176288e+03	2.2038117684587455e+03	2.1046072956251019e+03	1.6181027372938661e+03	2.3084483277964346e+03	1.8591990713569419e+03	1.9838531472486352e+03	2.0681766031891202e+03	1.9818962982603364e+03
1.7621868069608822e+03	1.6215367863086858e+03	1.8390285548039733e+03	1.6264298296332411e+03	2.0723310577009934e+03	1.8518165484101648e+03	1.7364123143893544e+03	1.8067896040829287e+03	1.6185501006454579e+03	1.6292843927158842e+03	1.7443233726481340e+03	1.9765686228713746e+03	1.8760834210217661e+03	1.8442106134124435e+03	1.8488983789709182e+03	2.3575432215496480e+03	2.0684971822685170e+03	2.2038117684445406e+03	2.1046072956245284e+03	1.6181027372928133e+03	2.3084483276395176e+03	1.8591990713569419e+03	1.9838531472486352e+03	2.0681766030890099e+03	1.9818962982590049e+03
1.7621868069397108e+03	1.6215367863086858e+03	1.8390285548039733e+03	1.6264298296332411e+03	2.0723310574100469e+03	1.8518165483952014e+03	1.7364123130691898e+03	1.8067896038179856e+03	1.6185500995404368e+03	1.6292843927158842e+03	1.7443233726481340e+03	1.9765686225474881e+03	1.8760834189299298e+03	1.8442106134124435e+03	1.8488983789709182e+03	2.3575432215496480e+03	2.0684971822090183e+03	2.2038117684021377e+03	2.1046072956134312e+03	1.6181027372923118e+03	2.3084483276395176e+03	1.8591990713569419e+03	1.9838531472374477e+03	2.0681766029623873e+03	1.9818962982467690e+03
1.7621868068685951e+03	1.6215367863086858e+03	1.8390285548039733e+03	1.6264298296332411e+03	2.0723310572562013e+03	1.8518165483833541e+03	1.7364122841349104e+03	1.8067896034331350e+03	1.6185500987589226e+03	1.6292843927158842e+03	1.7443233719050295e+03	1.9765686225474881e+03	1.8760834188640808e+03	1.8442106077232916e+03	1.8488983789709182e+03	2.3575432215489686e+03	2.0684971822035363e+03	2.2038117683307369e+03	2.1046072956058565e+03	1.6181027372922720e+03	2.3084483276395176e+03	1.8591990713569419e+03	1.9838531472197355e+03	2.0681766029542878e+03	1.9818962982442990e+03
1.7621868068408503e+03	1.6215367863086858e+03	1.8390285548039733e+03	1.6264298296332411e+03	2.0723310572201444e+03	1.8518165483708121e+03	1.7364122781579986e+03	1.8067896022984128e+03	1.6185500987397841e+03	1.6292843927158842e+03	1.7443233710107850e+03	1.9765686224888436e+03	1.8760834187970927e+03	1.8442106066095541e+03	1.8488983776653577e+03	2.3575432215487090e+03	2.0684971821422550e+03	2.2038117682520142e+03	2.1046072955986169e+03	1.6181027372921044e+03	2.3084483276395176e+03	1.8591990713569419e+03	1.9838531471918484e+03	2.0681766029183282e+03	1.9818962982337880e+03
1.7621868065677793e+03	1.6215367863086858e+03	1.8390285548039733e+03	1.6264298296332411e+03	2.0723310571992893e+03	1.8518165483544321e+03	1.7364122781579986e+03	1.8067896019707782e+03	1.6185500987397841e+03	1.6292843927158842e+03	1.7443233701801789e+03	1.9765686223845942e+03	1.8760834187397368e+03	1.8442106046511014e+03	1.8488983773720217e+03	2.3575432215448973e+03	2.0684971821422550e+03	2.2038117682286097e+03	2.1046072955966251e+03	1.6181027372903566e+03	2.3084483275584516e+03	1.8591990713569419e+03	1.9838531471532449e+03	2.0681766029063069e+03	1.9818962982221328e+03
1.7621868061401490e+03	1.6215367863086858e+03	1.8390285548039733e+03	1.6264298296332411e+03	2.0723310570202216e+03	1.8518165483447858e+03	1.7364122692123165e+03	1.8067896018970928e+03	1.6185500987397841e+03	1.6292843927158842e+03	1.7443233698543609e+03	1.9765686223828586e+03	1.8760834187397368e+03	1.8442106011195499e+03	1.8488983765323044e+03	2.3575432215448973e+03	2.0684971821364757e+03	2.2038117681877461e+03	2.1046072955924114e+03	1.6181027372902729e+03	2.3084483274500353e+03	1.8591990713569419e+03	1.9838531471293672e+03	2.0681766028783150e+03	1.9818962982123035e+03
1.7621868044649975e+03	1.6215367863086858e+03	1.8390285548039733e+03	1.6264298296332411e+03	2.0723310567909907e+03	1.8518165483436935e+03	1.7364122174245283e+03	1.8067896018970928e+03	1.6185500970249930e+03	1.6292843927158842e+03	1.7443233698543609e+03	1.9765686222959253e+03	1.8760834187397368e+03	1.8442105940294427e+03	1.8488983757663541e+03	2.3575432215448973e+03	2.0684971820953715e+03	2.2038117681877461e+03	2.1046072955912405e+03	1.6181027372902681e+03	2.3084483273828223e+03	1.8591990713569419e+03	1.9838531470406326e+03	2.0681766028629563e+03	1.9818962982123035e+03
1.7621868044048774e+03	1.6215367863086858e+03	1.8390285548039733e+03	1.6264298296332411e+03	2.0723310565033380e+03	1.8518165483319035e+03	1.7364121973563244e+03	1.8067896015975718e+03	1.6185500958044745e+03	1.6292843927158842e+03	1.7443233684597205e+03	1.9765686218253877e+03	1.8760834187368384e+03	1.8442105940294427e+03	1.8488983756747298e+03	2.3575432215367046e+03	2.0684971819927832e+03	2.2038117681793692e+03	2.1046072955911691e+03	1.6181027372901528e+03	2.3084483266878301e+03	1.8591990713569419e+03	1.9838531469634286e+03	2.0681766028422971e+03	1.9818962981836066e+03
1.7621868043128800e+03	1.6215367863086858e+03	1.8390285548039733e+03	1.6264298296332411e+03	2.0723310563890077e+03	1.8518165483192847e+03	1.7364121973563244e+03	1.8067896015975718e+03	1.6185500958044745e+03	1.6292843927158842e+03	1.7443233684597205e+03	1.9765686218253877e+03	1.8760834187368384e+03	1.8442105910544838e+03	1.8488983756695325e+03	2.3575432214881971e+03	2.0684971817490336e+03	2.2038117681727708e+03	2.1046072955891150e+03	1.6181027372883198e+03	2.3084483266878301e+03	1.8591990713569419e+03	1.9838531445113672e+03	2.0681766028008669e+03	1.9818962981426905e+03
1.7621868042666445e+03	1.6215367863086858e+03	1.8390285548039733e+03	1.6264298296332411e+03	2.0723310563352607e+03	1.8518165483124042e+03	1.7364121861175990e+03	1.8067896014043895e+03	1.6185500936820927e+03	1.6292843927158842e+03	1.7443233668428907e+03	1.9765686218253877e+03	1.8760834187176124e+03	1.8442105900430877e+03	1.8488983756691355e+03	2.3575432214705033e+03	2.0684971815974786e+03	2.2038117681423478e+03	2.1046072955887953e+03	1.6181027372879225e+03	2.3084483266671177e+03	1.8591990713569419e+03	1.9838530925186956e+03	2.0681766027408457e+03	1.9818962981073150e+03
1.7621868042405702e+03	1.6215367863086858e+03	1.8390285548039733e+03	1.6264298296332411e+03	2.0723310561904045e+03	1.8518165483092032e+03	1.7364120182851207e+03	1.8067896014043895e+03	1.6185500898815512e+03	1.6292843927158842e+03	1.7443233663235687e+03	1.9765686217819680e+03	1.8760834187176124e+03	1.8442105887709595e+03	1.8488983756660136e+03	2.3575432214664397e+03	2.0684971815592689e+03	2.2038117681232707e+03	2.1046072955887953e+03	1.6181027372856399e+03	2.3084483245168117e+03	1.8591990713569419e+03	1.9838530352126577e+03	2.0681766027408457e+03	1.9818962980900474e+03
1.7621868042405702e+03	1.6215367863086856e+03	1.8390285548039733e+03	1.6264298296332411e+03	2.0723310560314503e+03	1.8518165483076398e+03	1.7364119837831402e+03	1.8067896013515954e+03	1.6185500882486187e+03	1.6292843927158842e+03	1.7443233655561016e+03	1.9765686215620649e+03	1.8760834187176124e+03	1.8442105852315731e+03	1.8488983755891666e+03	2.3575432214646421e+03	2.0684971815563490e+03	2.2038117680573105e+03	2.1046072955887357e+03	1.6181027372848503e+03	2.3084483101668793e+03	1.8591990713569419e+03	1.9838529267025963e+03	2.0681766027132680e+03	1.9818962980647343e+03
1.7621868042405702e+03	1.6215367863086856e+03	1.8390285548039733e+03	1.6264298296332411e+03	2.0723310559991010e+03	1.8518165483043761e+03	1.7364118439164406e+03	1.8067896013515954e+03	1.6185500882486187e+03	1.6292843927158842e+03	1.7443233655561016e+03	1.9765686213965239e+03	1.8760834187176124e+03	1.8442105852315731e+03	1.8488983755819472e+03	2.3575432214605917e+03	2.0684971815415429e+03	2.2038117680499595e+03	2.1046072955872951e+03	1.6181027372846861e+03	2.3084483093197568e+03	1.8591990713569419e+03	1.9838529179867082e+03	2.0681766026580453e+03	1.9818962980622250e+03
1.7621868042375518e+03	1.6215367863086856e+03	1.8390285548039733e+03	1.6264298296332411e+03	2.0723310559895717e+03	1.8518165483017697e+03	1.7364117377131115e+03	1.8067896012314168e+03	1.6185500861613605e+03	1.6292843927158842e+03	1.7443233650425825e+03	1.9765686212009707e+03	1.8760834187069015e+03	1.8442105833648955e+03	1.8488983755805450e+03	2.3575432214605917e+03	2.0684971815321414e+03	2.2038117680472246e+03	2.1046072955854097e+03	1.6181027372846675e+03	2.3084483090263752e+03	1.8591990713569419e+03	1.9838528359289307e+03	2.0681766026550795e+03	1.9818962980559334e+03
1.7621868042331366e+03	1.6215367863086856e+03	1.8390285548039733e+03	1.6264298296332411e+03	2.0723310559726651e+03	1.8518165482941688e+03	1.7364116387493082e+03	1.8067896012284184e+03	1.6185500861613605e+03	1.6292843927158842e+03	1.7443233649390254e+03	1.9765686212009707e+03	1.8760834187056576e+03	1.8442105806218142e+03	1.8488983755782003e+03	2.3575432214594657e+03	2.0684971815097492e+03	2.2038117680383530e+03	2.1046072955854097e+03	1.6181027372844326e+03	2.3084483090263752e+03	1.8591990713569419e+03	1.9838528104592110e+03	2.0681766025791808e+03	1.9818962980531251e+03
1.7621868042179804e+03	1.6215367863086856e+03	1.8390285548039733e+03	1.6264298296332411e+03	2.0723310559595420e+03	1.8518165482928530e+03	1.7364076849105893e+03	1.8067896012284184e+03	1.6185500845920133e+03	1.6292843927158842e+03	1.7443233646375816e+03	1.9765686211862489e+03	1.8760834187022506e+03	1.8442105770385995e+03	1.8488983755781928e+03	2.3575432214568482e+03	2.0684971815097492e+03	2.2038117680383530e+03	2.1046072955854097e+03	1.6181027372815254e+03	2.3084483090263752e+03	1.8591990713569419e+03	1.9838528029293223e+03	2.0681766025554602e+03	1.9818962980110516e+03
1.7621868042070134e+03	1.6215367863086856e+03	1.8390285548039733e+03	1.6264298296332411e+03	2.0723310559564743e+03	1.8518165482928530e+03	1.7363885393284111e+03	1.8067896012244178e+03	1.6185500810550611e+03	1.6292843927158842e+03	1.7443233645110179e+03	1.9765686211842112e+03	1.8760834187022506e+03	1.8442105751489712e+03	1.8488983755781894e+03	2.3575432214568482e+03	2.0684971814884620e+03	2.2038117680383530e+03	2.1046072955837371e+03	1.6181027372812925e+03	2.3084483090227468e+03	1.8591990713569419e+03	1.9838527801700295e+03	2.0681766025247521e+03	1.9818962980108167e+03
1.7621868042070134e+03	1.6215367863086856e+03	1.8390285548039733e+03	1.6264298296332411e+03	2.0723310559514207e+03	1.8518165482928530e+03	1.7363882531971071e+03	1.8067896012217086e+03	1.6185500810550611e+03	1.6292843927158842e+03	1.7443233645110179e+03	1.9765686211700759e+03	1.8760834187013465e+03	1.8442105699973747e+03	1.8488983755781665e+03	2.3575432214532138e+03	2.0684971814576256e+03	2.2038117680383530e+03	2.1046072955836298e+03	1.6181027372788510e+03	2.3084483090227468e+03	1.8591990713569419e+03	1.9838527776849396e+03	2.0681766022238166e+03	1.9818962980082392e+03
1.7621868042003239e+03	1.6215367863086854e+03	1.8390285548039733e+03	1.6264298296332411e+03	2.0723310559453503e+03	1.8518165482928530e+03	1.7363880706433881e+03	1.8067896011676257e+03	1.6185500810550611e+03	1.6292843927158842e+03	1.7443233644265379e+03	1.9765686211634904e+03	1.8760834186794161e+03	1.8442105699973747e+03	1.8488983755778645e+03	2.3575432214532138e+03	2.0684971814328765e+03	2.2038117680240912e+03	2.1046072955836298e+03	1.6181027372685419e+03	2.3084483089490795e+03	1.8591990713569419e+03	1.9838527718663133e+03	2.0681766020802579e+03	1.9818962980053864e+03
1.7621868041702674e+03	1.6215367863086854e+03	1.8390285548039733e+03	1.6264298296332411e+03	2.0723310559370630e+03	1.8518165482901099e+03	1.7363879578683768e+03	1.8067896011433684e+03	1.6185500798080755e+03	1.6292843927158842e+03	1.7443233643121423e+03	1.9765686211634904e+03	1.8760834186772211e+03	1.8442105685212514e+03	1.8488983755611546e+03	2.3575432214532138e+03	2.0684971814278838e+03	2.2038117679982215e+03	2.1046072955814971e+03	1.6181027372542812e+03	2.3084483089490795e+03	1.8591990713569419e+03	1.9838527701160922e+03	2.0681766018185504e+03	1.9818962980038500e+03
1.7621868041693012e+03	1.6215367863086854e+03	1.8390285548039733e+03	1.6264298296332411e+03	2.0723310559330644e+03	1.8518165482857537e+03	1.7363879578683768e+03	1.8067896011433684e+03	1.6185500794875356e+03	1.6292843927158842e+03	1.7443233640538647e+03	1.9765686211592881e+03	1.8760834186750603e+03	1.8442105639560687e+03	1.8488983749468512e+03	2.3575432214532138e+03	2.0684971814157911e+03	2.2038117679978409e+03	2.1046072955814971e+03	1.6181027372468498e+03	2.3084483089132832e+03	1.8591990713569419e+03	1.9838527688803092e+03	2.0681766005097411e+03	1.9818962979954872e+03
1.7621868041585255e+03	1.6215367863086854e+03	1.8390285548039733e+03	1.6264298296332411e+03	2.0723310559249403e+03	1.8518165482729137e+03	1.7363879578683768e+03	1.8067896011357343e+03	1.6185500789255284e+03	1.6292843927158842e+03	1.7443233640538647e+03	1.9765686211592881e+03	1.8760834186740801e+03	1.8442105639560687e+03	1.8488983748363394e+03	2.3575432214531038e+03	2.0684971814157911e+03	2.2038117679874376e+03	2.1046072955811710e+03	1.6181027372458016e+03	2.3084483089102114e+03	1.8591990713569419e+03	1.9838527664744233e+03	2.0681765999454187e+03	1.9818962979943876e+03
1.7621868041553350e+03	1.6215367863086854e+03	1.8390285548039733e+03	1.6264298296332411e+03	2.0723310559200640e+03	1.8518165482614074e+03	1.7363878219367691e+03	1.8067896011357343e+03	1.6185500778027879e+03	1.6292843927158842e+03	1.7443233637572507e+03	1.9765686211592881e+03	1.8760834186740801e+03	1.8442105639560687e+03	1.8488983748356306e+03	2.3575432214530597e+03	2.0684971814157911e+03	2.2038117678963322e+03	2.1046072955811710e+03	1.6181027372452631e+03	2.3084483088849938e+03	1.8591990713569419e+03	1.9838527664661115e+03	2.0681765997689035e+03	1.9818962979775117e+03
1.7621868041482787e+03	1.6215367863086854e+03	1.8390285548039733e+03	1.6264298296332411e+03	2.0723310559054466e+03	1.8518165482580418e+03	1.7363877783299081e+03	1.8067896011357343e+03	1.6185500778027879e+03	1.6292843927158842e+03	1.7443233637572507e+03	1.9765686211570451e+03	1.8760834186611819e+03	1.8442105624958888e+03	1.8488983748346657e+03	2.3575432214519642e+03	2.0684971814157911e+03	2.2038117678080266e+03	2.1046072955769218e+03	1.6181027372450762e+03	2.3084483088577517e+03	1.8591990713569419e+03	1.9838527663764858e+03	2.0681765997689035e+03	1.9818962979675682e+03
1.7621868041434968e+03	1.6215367863086854e+03	1.8390285548039733e+03	1.6264298296332411e+03	2.0723310558789676e+03	1.8518165482351790e+03	1.7363877354944711e+03	1.8067896011167622e+03	1.6185500778027879e+03	1.6292843927158842e+03	1.7443233637572507e+03	1.9765686211567786e+03	1.8760834186369993e+03	1.8442105571299762e+03	1.8488983748109217e+03	2.3575432214518924e+03	2.0684971814092091e+03	2.2038117676608726e+03	2.1046072955720219e+03	1.6181027372431474e+03	2.3084483088367651e+03	1.8591990713569419e+03	1.9838527662736765e+03	2.0681765995704245e+03	1.9818962979470996e+03
1.7621868041365090e+03	1.6215367863086854e+03	1.8390285548039733e+03	1.6264298296332411e+03	2.0723310558417425e+03	1.8518165482351790e+03	1.7363877259100229e+03	1.8067896011167622e+03	1.6185500749651114e+03	1.6292843927158842e+03	1.7443233635271686e+03	1.9765686211547054e+03	1.8760834186339030e+03	1.8442105553715712e+03	1.8488983743800318e+03	2.3575432214512039e+03	2.0684971814092091e+03	2.2038117674536784e+03	2.1046072955696204e+03	1.6181027372423785e+03	2.3084483088367651e+03	1.8591990713569419e+03	1.9838527662510041e+03	2.0681765995704245e+03	1.9818962978903096e+03
1.7621868041365090e+03	1.6215367863086854e+03	1.8390285548039733e+03	1.6264298296332411e+03	2.0723310557877076e+03	1.8518165482235463e+03	1.7363875839577943e+03	1.8067896010888551e+03	1.6185500749651114e+03	1.6292843927158842e+03	1.7443233635271686e+03	1.9765686211534628e+03	1.8760834186047423e+03	1.8442105549389912e+03	1.8488983742500129e+03	2.3575432214498292e+03	2.0684971814092091e+03	2.2038117673097063e+03	2.1046072955687227e+03	1.6181027372417918e+03	2.3084483088367651e+03	1.8591990713569419e+03	1.9838527662485012e+03	2.0681765994239527e+03	1.9818962978786126e+03
1.7621868041316818e+03	1.6215367863086854e+03	1.8390285548039733e+03	1.6264298296332411e+03	2.0723310557123577e+03	1.8518165481796254e+03	1.7363875839577943e+03	1.8067896010620930e+03	1.6185500749651114e+03	1.6292843927158842e+03	1.7443233634031653e+03	1.9765686211511299e+03	1.8760834185844603e+03	1.8442105361616809e+03	1.8488983737589970e+03	2.3575432214438410e+03	2.0684971813991160e+03	2.2038117673097063e+03	2.1046072955672339e+03	1.6181027372392862e+03	2.3084483088330544e+03	1.8591990713569419e+03	1.9838527662335480e+03	2.0681765993682343e+03	1.9818962978780503e+03
1.7621868041316127e+03	1.6215367863086854e+03	1.8390285548039733e+03	1.6264298296332411e+03	2.0723310556319348e+03	1.8518165481670694e+03	1.7363875570943371e+03	1.8067896010449301e+03	1.6185500749651114e+03	1.6292843927158842e+03	1.7443233633580548e+03	1.9765686211501886e+03	1.8760834185716130e+03	1.8442105337151988e+03	1.8488983734136057e+03	2.3575432214438410e+03	2.0684971813988773e+03	2.2038117664898523e+03	2.1046072955653799e+03	1.6181027372338128e+03	2.3084483087777744e+03	1.8591990713569419e+03	1.9838527662148781e+03	2.0681765993682343e+03	1.9818962978780503e+03
1.7621868041294631e+03	1.6215367863086854e+03	1.8390285548039731e+03	1.6264298296332411e+03	2.0723310555907278e+03	1.8518165481640406e+03	1.7363874502525941e+03	1.8067896009510009e+03	1.6185500743738842e+03	1.6292843927158842e+03	1.7443233631821474e+03	1.9765686211495633e+03	1.8760834185548888e+03	1.8442105329477445e+03	1.8488983734022017e+03	2.3575432214352850e+03	2.0684971813988773e+03	2.2038117548824048e+03	2.1046072955636573e+03	1.6181027372325946e+03	2.3084483087232798e+03	1.8591990713569419e+03	1.9838527661824196e+03	2.0681765993681561e+03	1.9818962978774289e+03
1.7621868041294631e+03	1.6215367863086854e+03	1.8390285548039731e+03	1.6264298296332411e+03	2.0723310555453959e+03	1.8518165481482588e+03	1.7363874137079893e+03	1.8067896008943205e+03	1.6185500734543489e+03	1.6292843927158842e+03	1.7443233631527760e+03	1.9765686211495633e+03	1.8760834185401127e+03	1.8442105265132554e+03	1.8488983734011679e+03	2.3575432214320831e+03	2.0684971813926722e+03	2.2038117413079367e+03	2.1046072955568752e+03	1.6181027372310557e+03	2.3084483087008120e+03	1.8591990713569419e+03	1.9838527661169003e+03	2.0681765993681561e+03	1.9818962978542982e+03
1.7621868041234288e+03	1.6215367863086854e+03	1.8390285548039731e+03	1.6264298296332411e+03	2.0723310554992172e+03	1.8518165481334131e+03	1.7363872931526332e+03	1.8067896008750206e+03	1.6185500732430855e+03	1.6292843927158842e+03	1.7443233631527760e+03	1.9765686211464104e+03	1.8760834185401127e+03	1.8442105194950709e+03	1.8488983734011490e+03	2.3575432214207995e+03	2.0684971813907523e+03	2.2038117411289131e+03	2.1046072955467093e+03	1.6181027372310480e+03	2.3084483086218320e+03	1.8591990713569419e+03	1.9838527661167650e+03	2.0681765993132240e+03	1.9818962978437530e+03
1.7621868041163746e+03	1.6215367863086854e+03	1.8390285548039731e+03	1.6264298296332411e+03	2.0723310554822483e+03	1.8518165481231833e+03	1.7363872858341028e+03	1.8067896008716152e+03	1.6185500732430855e+03	1.6292843927158842e+03	1.7443233631346416e+03	1.9765686211441139e+03	1.8760834185190920e+03	1.8442105194317501e+03	1.8488983734011297e+03	2.3575432213997792e+03	2.0684971813907523e+03	2.2038117407812088e+03	2.1046072955424238e+03	1.6181027372310311e+03	2.3084483085382344e+03	1.8591990713569419e+03	1.9838527661137041e+03	2.0681765993070521e+03	1.9818962978437530e+03
1.7621868041014238e+03	1.6215367863086851e+03	1.8390285548039731e+03	1.6264298296332411e+03	2.0723310554480131e+03	1.8518165481124777e+03	1.7363870353853060e+03	1.8067896008411826e+03	1.6185500732430855e+03	1.6292843927158842e+03	1.7443233630879538e+03	1.9765686211416669e+03	1.8760834185002923e+03	1.8442105194317501e+03	1.8488983734011263e+03	2.3575432213996091e+03	2.0684971813853163e+03	2.2038117406227757e+03	2.1046072955292352e+03	1.6181027372308770e+03	2.3084483083987070e+03	1.8591990713569419e+03	1.9838527661086318e+03	2.0681765993070521e+03	1.9818962978326167e+03
1.7621868040618720e+03	1.6215367863086851e+03	1.8390285548039731e+03	1.6264298296332411e+03	2.0723310553613219e+03	1.8518165481002031e+03	1.7363869098384494e+03	1.8067896007774068e+03	1.6185500732243024e+03	1.6292843927158842e+03	1.7443233629768699e+03	1.9765686211376815e+03	1.8760834184970302e+03	1.8442105178432212e+03	1.8488983734011251e+03	2.3575432213975928e+03	2.0684971813811453e+03	2.2038117406115043e+03	2.1046072955020213e+03	1.6181027372302522e+03	2.3084483082571210e+03	1.8591990713569419e+03	1.9838527661023140e+03	2.0681765993059830e+03	1.9818962978326167e+03
1.7621868040185102e+03	1.6215367863086851e+03	1.8390285548039731e+03	1.6264298296332411e+03	2.0723310553452625e+03	1.8518165480776800e+03	1.7363869098384494e+03	1.8067896006920184e+03	1.6185500732221876e+03	1.6292843927158842e+03	1.7443233629428810e+03	1.9765686211376815e+03	1.8760834184970302e+03	1.8442105178432212e+03	1.8488983734011249e+03	2.3575432213974491e+03	2.0684971813762986e+03	2.2038117406115043e+03	2.1046072954834913e+03	1.6181027372296796e+03	2.3084483078049047e+03	1.8591990713569419e+03	1.9838527660840550e+03	2.0681765993023168e+03	1.9818962978308471e+03
1.7621868036768249e+03	1.6215367863086851e+03	1.8390285548039731e+03	1.6264298296332411e+03	2.0723310553265337e+03	1.8518165480618725e+03	1.7363868035552061e+03	1.8067896006920184e+03	1.6185500728968948e+03	1.6292843927158842e+03	1.7443233629023161e+03	1.9765686211356413e+03	1.8760834184937753e+03	1.8442105161526285e+03	1.8488983734011249e+03	2.3575432213971344e+03	2.0684971813738357e+03	2.2038117405887147e+03	2.1046072954759029e+03	1.6181027372280946e+03	2.3084483075848539e+03	1.8591990713569419e+03	1.9838527660533068e+03	2.0681765993023168e+03	1.9818962978306172e+03
1.7621868035437133e+03	1.6215367863086851e+03	1.8390285548039731e+03	1.6264298296332411e+03	2.0723310553170613e+03	1.8518165480436830e+03	1.7363865114453317e+03	1.8067896006458300e+03	1.6185500713229642e+03	1.6292843927158842e+03	1.7443233628209500e+03	1.9765686211299635e+03	1.8760834184709588e+03	1.8442105153714133e+03	1.8488983734011249e+03	2.3575432213966824e+03	2.0684971813713482e+03	2.2038117405187054e+03	2.1046072954322431e+03	1.6181027372267702e+03	2.3084483073889687e+03	1.8591990713569419e+03	1.9838527659815934e+03	2.0681765993023168e+03	1.9818962978306172e+03
1.7621868035313191e+03	1.6215367863086851e+03	1.8390285548039731e+03	1.6264298296332411e+03	2.0723310553121655e+03	1.8518165480215657e+03	1.7363862639507258e+03	1.8067896005001580e+03	1.6185500712701601e+03	1.6292843927158842e+03	1.7443233625892049e+03	1.9765686211248069e+03	1.8760834184025161e+03	1.8442105152697732e+03	1.8488983734008011e+03	2.3575432213966824e+03	2.0684971813713482e+03	2.2038117404580635e+03	2.1046072954075780e+03	1.6181027372266697e+03	2.3084483073362076e+03	1.8591990713569419e+03	1.9838527659115477e+03	2.0681765993023168e+03	1.9818962978259051e+03
1.7621868035013290e+03	1.6215367863086851e+03	1.8390285548039731e+03	1.6264298296332411e+03	2.0723310553088586e+03	1.8518165480054874e+03	1.7363860218916609e+03	1.8067896004259032e+03	1.6185500700268731e+03	1.6292843927158842e+03	1.7443233625892049e+03	1.9765686211225061e+03	1.8760834183206121e+03	1.8442105152697732e+03	1.8488983733793295e+03	2.3575432213966624e+03	2.0684971813713482e+03	2.2038117402697990e+03	2.1046072952052200e+03	1.6181027372266576e+03	2.3084483073134206e+03	1.8591990713569419e+03	1.9838527651005807e+03	2.0681765992939700e+03	1.9818962978153218e+03
1.7621868033346464e+03	1.6215367863086851e+03	1.8390285548039731e+03	1.6264298296332411e+03	2.0723310553083038e+03	1.8518165479796407e+03	1.7363855006066451e+03	1.8067896001889378e+03	1.6185500700268731e+03	1.6292843927158842e+03	1.7443233624834575e+03	1.9765686210952390e+03	1.8760834181772204e+03	1.8442105148933572e+03	1.8488983733642422e+03	2.3575432213966624e+03	2.0684971813702737e+03	2.2038117397257811e+03	2.1046072950820512e+03	1.6181027372266528e+03	2.3084483072631783e+03	1.8591990713569419e+03	1.9838527386357653e+03	2.0681765992925079e+03	1.9818962978142413e+03
1.7621868033170085e+03	1.6215367863086851e+03	1.8390285548039731e+03	1.6264298296332411e+03	2.0723310553080405e+03	1.8518165479723832e+03	1.7363847654566018e+03	1.8067896001196193e+03	1.6185500695888884e+03	1.6292843927158842e+03	1.7443233623480535e+03	1.9765686210711940e+03	1.8760834181693831e+03	1.8442105124011448e+03	1.8488983733639227e+03	2.3575432213956174e+03	2.0684971813702737e+03	2.2038117395306067e+03	2.1046072950450498e+03	1.6181027372266283e+03	2.3084483072631783e+03	1.8591990713569419e+03	1.9838527354804332e+03	2.0681765992916153e+03	1.9818962978138702e+03
1.7621868033135129e+03	1.6215367863086851e+03	1.8390285548039731e+03	1.6264298296332411e+03	2.0723310553079095e+03	1.8518165479691547e+03	1.7363846733351800e+03	1.8067895989822691e+03	1.6185500695888884e+03	1.6292843927158842e+03	1.7443233622789294e+03	1.9765686210516196e+03	1.8760834181690993e+03	1.8442105121296663e+03	1.8488983733638181e+03	2.3575432213956174e+03	2.0684971813702737e+03	2.2038117394264268e+03	2.1046072950239368e+03	1.6181027372264878e+03	2.3084483072582461e+03	1.8591990713569419e+03	1.9838527350202985e+03	2.0681765992914934e+03	1.9818962978090167e+03
1.7621868033109135e+03	1.6215367863086851e+03	1.8390285548039731e+03	1.6264298296332411e+03	2.0723310553078145e+03	1.8518165479658023e+03	1.7363844799463441e+03	1.8067895980317189e+03	1.6185500673917782e+03	1.6292843927158842e+03	1.7443233621691302e+03	1.9765686210028757e+03	1.8760834181690993e+03	1.8442105117954429e+03	1.8488983733620935e+03	2.3575432213956174e+03	2.0684971813702737e+03	2.2038117393820899e+03	2.1046072949159357e+03	1.6181027372264216e+03	2.3084483072570038e+03	1.8591990713569419e+03	1.9838527261976676e+03	2.0681765992914934e+03	1.9818962978020618e+03
1.7621868033078533e+03	1.6215367863086851e+03	1.8390285548039731e+03	1.6264298296332411e+03	2.0723310553077440e+03	1.8518165479647462e+03	1.7363844304109648e+03	1.8067895971505388e+03	1.6185500664410613e+03	1.6292843927158842e+03	1.7443233621523495e+03	1.9765686210028757e+03	1.8760834181681062e+03	1.8442105115950119e+03	1.8488983733583589e+03	2.3575432213955396e+03	2.0684971813702628e+03	2.2038117393820899e+03	2.1046072949159357e+03	1.6181027372264214e+03	2.3084483072232247e+03	1.8591990713569419e+03	1.9838527161430015e+03	2.0681765992889195e+03	1.9818962978017694e+03
1.7621868032986658e+03	1.6215367863086851e+03	1.8390285548039731e+03	1.6264298296332411e+03	2.0723310553077054e+03	1.8518165479635013e+03	1.7363844304109648e+03	1.8067895969983565e+03	1.6185500664410613e+03	1.6292843927158842e+03	1.7443233619295181e+03	1.9765686209876651e+03	1.8760834181646749e+03	1.8442105107380478e+03	1.8488983733575358e+03	2.3575432213952049e+03	2.0684971813679344e+03	2.2038117393820899e+03	2.1046072948423125e+03	1.6181027372264214e+03	2.3084483071006080e+03	1.8591990713569419e+03	1.9838527012975017e+03	2.0681765992860951e+03	1.9818962977998144e+03
1.7621868032986658e+03	1.6215367863086851e+03	1.8390285548039731e+03	1.6264298296332411e+03	2.0723310553076944e+03	1.8518165479623260e+03	1.7363843371130363e+03	1.8067895969794977e+03	1.6185500664410613e+03	1.6292843927158842e+03	1.7443233619104979e+03	1.9765686209635799e+03	1.8760834181623970e+03	1.8442105098457996e+03	1.8488983733574150e+03	2.3575432213947506e+03	2.0684971813678558e+03	2.2038117393809571e+03	2.1046072948354736e+03	1.6181027372264214e+03	2.3084483069162161e+03	1.8591990713569419e+03	1.9838526681272342e+03	2.0681765992849532e+03	1.9818962977887400e+03
1.7621868032970758e+03	1.6215367863086851e+03	1.8390285548039731e+03	1.6264298296332411e+03	2.0723310553076608e+03	1.8518165479616264e+03	1.7363843371130363e+03	1.8067895969003159e+03	1.6185500661842495e+03	1.6292843927158842e+03	1.7443233618496843e+03	1.9765686209246880e+03	1.8760834181539708e+03	1.8442105094223291e+03	1.8488983733568241e+03	2.3575432213944969e+03	2.0684971813676507e+03	2.2038117393639341e+03	2.1046072948354736e+03	1.6181027372264211e+03	2.3084483066263429e+03	1.8591990713569419e+03	1.9838526626104342e+03	2.0681765992846363e+03	1.9818962977694468e+03
1.7621868032942270e+03	1.6215367863086849e+03	1.8390285548039731e+03	1.6264298296332411e+03	2.0723310553075398e+03	1.8518165479600393e+03	1.7363843371130363e+03	1.8067895968352534e+03	1.6185500652659587e+03	1.6292843927158842e+03	1.7443233618170407e+03	1.9765686209081800e+03	1.8760834181469133e+03	1.8442105094223291e+03	1.8488983733567875e+03	2.3575432213944946e+03	2.0684971813659517e+03	2.2038117393583325e+03	2.1046072948354736e+03	1.6181027372264211e+03	2.3084483044738236e+03	1.8591990713569419e+03	1.9838526624446804e+03	2.0681765992836717e+03	1.9818962977657338e+03
1.7621868032942270e+03	1.6215367863086849e+03	1.8390285548039731e+03	1.6264298296332411e+03	2.0723310553014439e+03	1.8518165479599236e+03	1.7363843360173794e+03	1.8067895968007822e+03	1.6185500652659587e+03	1.6292843927158842e+03	1.7443233616181917e+03	1.9765686209081800e+03	1.8760834181419966e+03	1.8442105083489546e+03	1.8488983733567870e+03	2.3575432213944159e+03	2.0684971813659313e+03	2.2038117393417187e+03	2.1046072948273572e+03	1.6181027372264211e+03	2.3084483012577730e+03	1.8591990713569419e+03	1.9838526623387027e+03	2.0681765992834830e+03	1.9818962977657338e+03
1.7621868032942270e+03	1.6215367863086849e+03	1.8390285548039731e+03	1.6264298296332411e+03	2.0723310552875846e+03	1.8518165479570080e+03	1.7363843290319301e+03	1.8067895967258346e+03	1.6185500640277642e+03	1.6292843927158842e+03	1.7443233614076757e+03	1.9765686208767568e+03	1.8760834181407299e+03	1.8442105072460063e+03	1.8488983733567870e+03	2.3575432213943609e+03	2.0684971813648335e+03	2.2038117393316761e+03	2.1046072948265087e+03	1.6181027372264209e+03	2.3084483011555462e+03	1.8591990713569419e+03	1.9838526622791831e+03	2.0681765992811256e+03	1.9818962977643971e+03
1.7621868032942270e+03	1.6215367863086849e+03	1.8390285548039731e+03	1.6264298296332411e+03	2.0723310552440780e+03	1.8518165479565782e+03	1.7363843226252136e+03	1.8067895966763660e+03	1.6185500633915153e+03	1.6292843927158842e+03	1.7443233606224578e+03	1.9765686208762208e+03	1.8760834181361583e+03	1.8442105066844324e+03	1.8488983733567870e+03	2.3575432213935419e+03	2.0684971813633501e+03	2.2038117393168068e+03	2.1046072948263482e+03	1.6181027372264209e+03	2.3084483010024696e+03	1.8591990713569419e+03	1.9838526621951257e+03	2.0681765992769624e+03	1.9818962977595770e+03
1.7621868032940949e+03	1.6215367863086849e+03	1.8390285548039731e+03	1.6264298296332411e+03	2.0723310550960778e+03	1.8518165479552681e+03	1.7363843135918303e+03	1.8067895966628482e+03	1.6185500613694755e+03	1.6292843927158842e+03	1.7443233605184191e+03	1.9765686208760528e+03	1.8760834181319192e+03	1.8442105030801285e+03	1.8488983733567868e+03	2.3575432213934673e+03	2.0684971813623770e+03	2.2038117393001121e+03	2.1046072948263482e+03	1.6181027372264205e+03	2.3084483010024696e+03	1.8591990713569419e+03	1.9838526609604655e+03	2.0681765992767869e+03	1.9818962977565802e+03
1.7621868032934710e+03	1.6215367863086849e+03	1.8390285548039731e+03	1.6264298296332411e+03	2.0723310550578572e+03	1.8518165479548941e+03	1.7363843135918303e+03	1.8067895965169944e+03	1.6185500595259118e+03	1.6292843927158842e+03	1.7443233591582848e+03	1.9765686208602033e+03	1.8760834181297550e+03	1.8442104990627633e+03	1.8488983733567868e+03	2.3575432213923236e+03	2.0684971813584707e+03	2.2038117392958779e+03	2.1046072948137644e+03	1.6181027372264205e+03	2.3084483009731571e+03	1.8591990713569419e+03	1.9838526609231374e+03	2.0681765992754245e+03	1.9818962977564331e+03
1.7621868032930190e+03	1.6215367863086849e+03	1.8390285548039728e+03	1.6264298296332411e+03	2.0723310549271291e+03	1.8518165479536656e+03	1.7363843070485736e+03	1.8067895964734198e+03	1.6185500579139728e+03	1.6292843927158842e+03	1.7443233578043801e+03	1.9765686208357538e+03	1.8760834181293208e+03	1.8442104976509524e+03	1.8488983733567868e+03	2.3575432213889922e+03	2.0684971813573538e+03	2.2038117392922632e+03	2.1046072948137644e+03	1.6181027372264205e+03	2.3084483009676196e+03	1.8591990713569419e+03	1.9838526608699046e+03	2.0681765992745995e+03	1.9818962977556848e+03
1.7621868032918524e+03	1.6215367863086849e+03	1.8390285548039728e+03	1.6264298296332411e+03	2.0723310548225427e+03	1.8518165479520826e+03	1.7363843070485736e+03	1.8067895964734198e+03	1.6185500579139728e+03	1.6292843927158842e+03	1.7443233578043801e+03	1.9765686207757333e+03	1.8760834181266409e+03	1.8442104887023547e+03	1.8488983733567868e+03	2.3575432213879194e+03	2.0684971813558618e+03	2.2038117392811910e+03	2.1046072948107544e+03	1.6181027372264205e+03	2.3084483009480937e+03	1.8591990713569419e+03	1.9838526608616937e+03	2.0681765992740748e+03	1.9818962977437566e+03
1.7621868032896805e+03	1.6215367863086849e+03	1.8390285548039728e+03	1.6264298296332411e+03	2.0723310547817755e+03	1.8518165479514437e+03	1.7363843070485736e+03	1.8067895964734198e+03	1.6185500570130382e+03	1.6292843927158842e+03	1.7443233569808103e+03	1.9765686207146728e+03	1.8760834181263406e+03	1.8442104887023547e+03	1.8488983733567868e+03	2.3575432213864588e+03	2.0684971813442507e+03	2.2038117392612730e+03	2.1046072948049618e+03	1.6181027372264205e+03	2.3084483009361370e+03	1.8591990713569419e+03	1.9838526606918795e+03	2.0681765992740748e+03	1.9818962977391575e+03
1.7621868032865302e+03	1.6215367863086849e+03	1.8390285548039728e+03	1.6264298296332411e+03	2.0723310546830999e+03	1.8518165479511349e+03	1.7363843021632488e+03	1.8067895964681995e+03	1.6185500570130382e+03	1.6292843927158840e+03	1.7443233463739641e+03	1.9765686206424080e+03	1.8760834181252994e+03	1.8442104869555264e+03	1.8488983733567868e+03	2.3575432213787035e+03	2.0684971813353895e+03	2.2038117392604095e+03	2.1046072947968100e+03	1.6181027372264205e+03	2.3084483009155720e+03	1.8591990713569419e+03	1.9838526486639721e+03	2.0681765992736268e+03	1.9818962977376873e+03
1.7621868032843531e+03	1.6215367863086849e+03	1.8390285548039728e+03	1.6264298296332411e+03	2.0723310546045354e+03	1.8518165479503843e+03	1.7363842989146556e+03	1.8067895964681995e+03	1.6185500537334367e+03	1.6292843927158840e+03	1.7443232522473804e+03	1.9765686206256551e+03	1.8760834180996171e+03	1.8442104762573711e+03	1.8488983733567868e+03	2.3575432213713812e+03	2.0684971812843000e+03	2.2038117392203558e+03	2.1046072947968100e+03	1.6181027372264205e+03	2.3084483009064570e+03	1.8591990713569419e+03	1.9838513683602962e+03	2.0681765992732030e+03	1.9818962977342533e+03
1.7621868032831096e+03	1.6215367863086849e+03	1.8390285548039728e+03	1.6264298296332411e+03	2.0723310545188597e+03	1.8518165479496922e+03	1.7363842989146556e+03	1.8067895964334298e+03	1.6185500525966615e+03	1.6292843927158840e+03	1.7443232479561032e+03	1.9765686206073126e+03	1.8760834180428185e+03	1.8442104762573711e+03	1.8488983733567868e+03	2.3575432213713812e+03	2.0684971812684112e+03	2.2038117392133117e+03	2.1046072947911498e+03	1.6181027372264202e+03	2.3084483009041223e+03	1.8591990713569419e+03	1.9838381841443040e+03	2.0681765992722953e+03	1.9818962977305209e+03
1.7621868032809689e+03	1.6215367863086849e+03	1.8390285548039728e+03	1.6264298296332411e+03	2.0723310544682417e+03	1.8518165479490567e+03	1.7363842943930124e+03	1.8067895964285758e+03	1.6185500514393318e+03	1.6292843927158840e+03	1.7443232466848674e+03	1.9765686205989564e+03	1.8760834179353863e+03	1.8442104762573711e+03	1.8488983733567868e+03	2.3575432213684421e+03	2.0684971812500780e+03	2.2038117392133117e+03	2.1046072947831058e+03	1.6181027372264202e+03	2.3084483009032074e+03	1.8591990713569419e+03	1.9838269167748515e+03	2.0681765992722753e+03	1.9818962977294736e+03
1.7621868032774514e+03	1.6215367863086849e+03	1.8390285548039728e+03	1.6264298296332411e+03	2.0723310544378046e+03	1.8518165479484965e+03	1.7363842917913323e+03	1.8067895964181773e+03	1.6185500470106501e+03	1.6292843927158835e+03	1.7443232460223003e+03	1.9765686205988372e+03	1.8760834176703911e+03	1.8442104762573711e+03	1.8488983733567868e+03	2.3575432213684326e+03	2.0684971805385226e+03	2.2038117392068598e+03	2.1046072947757730e+03	1.6181027372264202e+03	2.3084483008983107e+03	1.8591990713569419e+03	1.9838269143925795e+03	2.0681765992711025e+03	1.9818962977286844e+03
1.7621868032695120e+03	1.6215367863086849e+03	1.8390285548039728e+03	1.6264298296332411e+03	2.0723310543811585e+03	1.8518165479478025e+03	1.7363842910083774e+03	1.8067895964047764e+03	1.6185500447657691e+03	1.6292843927158835e+03	1.7443232439352664e+03	1.9765686205918869e+03	1.8760834173820140e+03	1.8442104745954405e+03	1.8488983733567868e+03	2.3575432213679051e+03	2.0684971798314141e+03	2.2038117392068598e+03	2.1046072947676416e+03	1.6181027372264202e+03	2.3084483008983107e+03	1.8591990713569419e+03	1.9838268425380986e+03	2.0681765992704286e+03	1.9818962977283250e+03
1.7621868032552170e+03	1.6215367863086849e+03	1.8390285548039726e+03	1.6264298296332411e+03	2.0723310543604725e+03	1.8518165479475188e+03	1.7363842878581324e+03	1.8067895963983508e+03	1.6185500440335904e+03	1.6292843927158829e+03	1.7443232412375389e+03	1.9765686205780871e+03	1.8760834173264236e+03	1.8442104686301918e+03	1.8488983733567866e+03	2.3575432213672329e+03	2.0684971795315050e+03	2.2038117391976566e+03	2.1046072947676416e+03	1.6181027372264202e+03	2.3084483008938309e+03	1.8591990713569419e+03	1.9838268420463887e+03	2.0681765992700921e+03	1.9818962977264903e+03
1.7621868032244149e+03	1.6215367863086849e+03	1.8390285548039726e+03	1.6264298296332411e+03	2.0723310543524599e+03	1.8518165479473862e+03	1.7363842766207451e+03	1.8067895963734882e+03	1.6185500435191184e+03	1.6292843927158813e+03	1.7443232397366116e+03	1.9765686205709098e+03	1.8760834172580589e+03	1.8442104596832128e+03	1.8488983733567866e+03	2.3575432213656804e+03	2.0684971793117529e+03	2.2038117391976566e+03	2.1046072947602606e+03	1.6181027372264202e+03	2.3084483008931384e+03	1.8591990713569419e+03	1.9838268420275319e+03	2.0681765992690302e+03	1.9818962977228737e+03
1.7621868032244149e+03	1.6215367863086847e+03	1.8390285548039726e+03	1.6264298296332411e+03	2.0723310543348102e+03	1.8518165479469110e+03	1.7363842750567767e+03	1.8067895963511419e+03	1.6185500427875613e+03	1.6292843927158810e+03	1.7443232387817698e+03	1.9765686205264703e+03	1.8760834172178820e+03	1.8442104521439358e+03	1.8488983733567864e+03	2.3575432213656345e+03	2.0684971792982860e+03	2.2038117391976566e+03	2.1046072947585612e+03	1.6181027372264202e+03	2.3084483008928310e+03	1.8591990713569419e+03	1.9838268418532357e+03	2.0681765992685400e+03	1.9818962977184558e+03
1.7621868032035732e+03	1.6215367863086847e+03	1.8390285548039726e+03	1.6264298296332411e+03	2.0723310543334333e+03	1.8518165479469110e+03	1.7363842599127993e+03	1.8067895963262852e+03	1.6185500417980707e+03	1.6292843927158808e+03	1.7443232383184040e+03	1.9765686205259353e+03	1.8760834171951731e+03	1.8442104472193039e+03	1.8488983733567864e+03	2.3575432213644403e+03	2.0684971792599463e+03	2.2038117391962969e+03	2.1046072947569214e+03	1.6181027372264202e+03	2.3084483008909501e+03	1.8591990713569419e+03	1.9838268396789299e+03	2.0681765992679566e+03	1.9818962977156032e+03
1.7621868032027012e+03	1.6215367863086847e+03	1.8390285548039726e+03	1.6264298296332411e+03	2.0723310543319517e+03	1.8518165479467755e+03	1.7363842599127993e+03	1.8067895963262852e+03	1.6185500388967760e+03	1.6292843927158801e+03	1.7443232379981321e+03	1.9765686205091638e+03	1.8760834171705819e+03	1.8442104249730082e+03	1.8488983733567864e+03	2.3575432213631066e+03	2.0684971792535771e+03	2.2038117391939145e+03	2.1046072947569214e+03	1.6181027372264202e+03	2.3084483008901161e+03	1.8591990713569419e+03	1.9838267448932334e+03	2.0681765992676696e+03	1.9818962977103317e+03
1.7621868032027012e+03	1.6215367863086847e+03	1.8390285548039724e+03	1.6264298296332411e+03	2.0723310543319517e+03	1.8518165479467050e+03	1.7363842513913617e+03	1.8067895963250771e+03	1.6185500335462918e+03	1.6292843927158801e+03	1.7443232377573945e+03	1.9765686205022414e+03	1.8760834171560919e+03	1.8442104139026674e+03	1.8488983733567864e+03	2.3575432213624645e+03	2.0684971792504775e+03	2.2038117391894834e+03	2.1046072947569214e+03	1.6181027372264202e+03	2.3084483008847478e+03	1.8591990713569419e+03	1.9838267197747666e+03	2.0681765992672304e+03	1.9818962977092206e+03
1.7621868032002831e+03	1.6215367863086847e+03	1.8390285548039724e+03	1.6264298296332411e+03	2.0723310543318621e+03	1.8518165479465843e+03	1.7363842277571553e+03	1.8067895963094491e+03	1.6185500327311563e+03	1.6292843927158799e+03	1.7443232377573945e+03	1.9765686204450305e+03	1.8760834171485469e+03	1.8442103973148660e+03	1.8488983733567864e+03	2.3575432213622244e+03	2.0684971792504775e+03	2.2038117391857036e+03	2.1046072947569214e+03	1.6181027372264202e+03	2.3084483008799452e+03	1.8591990713569419e+03	1.9838267189621379e+03	2.0681765992669057e+03	1.9818962977091355e+03
1.7621868031968409e+03	1.6215367863086847e+03	1.8390285548039719e+03	1.6264298296332411e+03	2.0723310543316834e+03	1.8518165479464274e+03	1.7363842205142444e+03	1.8067895962790428e+03	1.6185500286988258e+03	1.6292843927158799e+03	1.7443232377573945e+03	1.9765686204169203e+03	1.8760834171421488e+03	1.8442103736940164e+03	1.8488983733567864e+03	2.3575432213622153e+03	2.0684971792488454e+03	2.2038117391851974e+03	2.1046072947569214e+03	1.6181027372264202e+03	2.3084483008757306e+03	1.8591990713569419e+03	1.9838267134701423e+03	2.0681765992667661e+03	1.9818962977085353e+03
1.7621868031964204e+03	1.6215367863086847e+03	1.8390285548039719e+03	1.6264298296332411e+03	2.0723310543313114e+03	1.8518165479463703e+03	1.7363842195323587e+03	1.8067895962766761e+03	1.6185500215582481e+03	1.6292843927158797e+03	1.7443232376980206e+03	1.9765686204169203e+03	1.8760834171298734e+03	1.8442103623250473e+03	1.8488983733567864e+03	2.3575432213619433e+03	2.0684971792468746e+03	2.2038117391845103e+03	2.1046072947552120e+03	1.6181027372264202e+03	2.3084483008661127e+03	1.8591990713569419e+03	1.9838266760126307e+03	2.0681765992664054e+03	1.9818962977084677e+03
1.7621868031963045e+03	1.6215367863086847e+03	1.8390285548039706e+03	1.6264298296332411e+03	2.0723310543307966e+03	1.8518165479462807e+03	1.7363841722397819e+03	1.8067895962672781e+03	1.6185500200119304e+03	1.6292843927158797e+03	1.7443232372162620e+03	1.9765686204023773e+03	1.8760834171128549e+03	1.8442103403823278e+03	1.8488983733567864e+03	2.3575432213617528e+03	2.0684971792468195e+03	2.2038117391826272e+03	2.1046072947552120e+03	1.6181027372264202e+03	2.3084483008582429e+03	1.8591990713569419e+03	1.9838266563105803e+03	2.0681765992661512e+03	1.9818962977083747e+03
1.7621868031958898e+03	1.6215367863086844e+03	1.8390285548039365e+03	1.6264298296332411e+03	2.0723310543275256e+03	1.8518165479461213e+03	1.7363826690925757e+03	1.8067895962143884e+03	1.6185499856155568e+03	1.6292843927158797e+03	1.7443232372069849e+03	1.9765686203896978e+03	1.8760834170910891e+03	1.8442103319237031e+03	1.8488983733567864e+03	2.3575432213613904e+03	2.0684971792452689e+03	2.2038117391820419e+03	2.1046072947552120e+03	1.6181027372264202e+03	2.3084483008201373e+03	1.8591990713569419e+03	1.9838266514284005e+03	2.0681765992621572e+03	1.9818962977081226e+03
1.7621868031958898e+03	1.6215367863086842e+03	1.8390285548039353e+03	1.6264298296332411e+03	2.0723310543228836e+03	1.8518165479460038e+03	1.7363825371390551e+03	1.8067895961814750e+03	1.6185499598442543e+03	1.6292843927158797e+03	1.7443232368245219e+03	1.9765686203884277e+03	1.8760834170643029e+03	1.8442103188813053e+03	1.8488983733567864e+03	2.3575432213606955e+03	2.0684971792442921e+03	2.2038117391771793e+03	2.1046072947552120e+03	1.6181027372264200e+03	2.3084483008163365e+03	1.8591990713569419e+03	1.9838266087584689e+03	2.0681765991507846e+03	1.9818962977081071e+03
1.7621868031949530e+03	1.6215367863086840e+03	1.8390285548039346e+03	1.6264298296332411e+03	2.0723310543085336e+03	1.8518165479460038e+03	1.7363824916759970e+03	1.8067895961814750e+03	1.6185499216169160e+03	1.6292843927158794e+03	1.7443232367645614e+03	1.9765686203884277e+03	1.8760834170250946e+03	1.8442103004732103e+03	1.8488983733567864e+03	2.3575432213596046e+03	2.0684971792440078e+03	2.2038117391707256e+03	2.1046072947550961e+03	1.6181027372264200e+03	2.3084483007806657e+03	1.8591990713569419e+03	1.9838265659035656e+03	2.0681765990151639e+03	1.9818962977081051e+03
1.7621868031947224e+03	1.6215367863086815e+03	1.8390285548039346e+03	1.6264298296332411e+03	2.0723310542802774e+03	1.8518165479460038e+03	1.7363824916759970e+03	1.8067895961467757e+03	1.6185499073301405e+03	1.6292843927158794e+03	1.7443232367645614e+03	1.9765686203816754e+03	1.8760834170151620e+03	1.8442102995644013e+03	1.8488983733567864e+03	2.3575432213590134e+03	2.0684971792428751e+03	2.2038117391684218e+03	2.1046072947542261e+03	1.6181027372264200e+03	2.3084483007684671e+03	1.8591990713569419e+03	1.9838265655220875e+03	2.0681765982143470e+03	1.9818962977081035e+03
1.7621868031940824e+03	1.6215367863086790e+03	1.8390285548039337e+03	1.6264298296332411e+03	2.0723310542479439e+03	1.8518165479460038e+03	1.7363824791298216e+03	1.8067895961467757e+03	1.6185499061134478e+03	1.6292843927158794e+03	1.7443232367464771e+03	1.9765686203805515e+03	1.8760834170005032e+03	1.8442102995644013e+03	1.8488983733567864e+03	2.3575432213574900e+03	2.0684971792424876e+03	2.2038117391599981e+03	2.1046072947542261e+03	1.6181027372264198e+03	2.3084483007040340e+03	1.8591990713569419e+03	1.9838265655131577e+03	2.0681765960827065e+03	1.9818962977081035e+03
1.7621868031938966e+03	1.6215367863086788e+03	1.8390285548039337e+03	1.6264298296332411e+03	2.0723310541826690e+03	1.8518165479460026e+03	1.7363824791298216e+03	1.8067895961467721e+03	1.6185499043010725e+03	1.6292843927158794e+03	1.7443232367047208e+03	1.9765686203805515e+03	1.8760834169598531e+03	1.8442102993943854e+03	1.8488983733567864e+03	2.3575432213500394e+03	2.0684971792424876e+03	2.2038117391584265e+03	2.1046072947528605e+03	1.6181027372264198e+03	2.3084483006869705e+03	1.8591990713569419e+03	1.9838265654972929e+03	2.0681765955508436e+03	1.9818962977079887e+03
1.7621868031935678e+03	1.6215367863086788e+03	1.8390285548039337e+03	1.6264298296332411e+03	2.0723310541427841e+03	1.8518165479459844e+03	1.7363824759450647e+03	1.8067895961409556e+03	1.6185499029089381e+03	1.6292843927158794e+03	1.7443232367047208e+03	1.9765686203804032e+03	1.8760834169290442e+03	1.8442102974990808e+03	1.8488983733567864e+03	2.3575432213333938e+03	2.0684971792405208e+03	2.2038117391499459e+03	2.1046072947526040e+03	1.6181027372264198e+03	2.3084483005859415e+03	1.8591990713569419e+03	1.9838265653981873e+03	2.0681765917022130e+03	1.9818962977077215e+03
1.7621868031934166e+03	1.6215367863086788e+03	1.8390285548039337e+03	1.6264298296332411e+03	2.0723310540933203e+03	1.8518165479459840e+03	1.7363824701539127e+03	1.8067895961409556e+03	1.6185499014026777e+03	1.6292843927158794e+03	1.7443232366400325e+03	1.9765686203793084e+03	1.8760834169121729e+03	1.8442102966550729e+03	1.8488983733567864e+03	2.3575432213128070e+03	2.0684971792388296e+03	2.2038117391333408e+03	2.1046072947513721e+03	1.6181027372264198e+03	2.3084483004982490e+03	1.8591990713569419e+03	1.9838265621580952e+03	2.0681765887963552e+03	1.9818962977076239e+03
1.7621868031920471e+03	1.6215367863086783e+03	1.8390285548039337e+03	1.6264298296332411e+03	2.0723310540929929e+03	1.8518165479458910e+03	1.7363824598850335e+03	1.8067895961288516e+03	1.6185499011635750e+03	1.6292843927158794e+03	1.7443232365537274e+03	1.9765686203778523e+03	1.8760834168197682e+03	1.8442102965318679e+03	1.8488983733567864e+03	2.3575432213040149e+03	2.0684971792382148e+03	2.2038117391300334e+03	2.1046072947513721e+03	1.6181027372264198e+03	2.3084483002412085e+03	1.8591990713569419e+03	1.9838265166813778e+03	2.0681765731236374e+03	1.9818962977075619e+03
1.7621868031905099e+03	1.6215367863086783e+03	1.8390285548039337e+03	1.6264298296332411e+03	2.0723310540919792e+03	1.8518165479458380e+03	1.7363823951123732e+03	1.8067895961288516e+03	1.6185499011217853e+03	1.6292843927158792e+03	1.7443232365537274e+03	1.9765686203769937e+03	1.8760834167774699e+03	1.8442102959864046e+03	1.8488983733567864e+03	2.3575432212903811e+03	2.0684971792377269e+03	2.2038117391056012e+03	2.1046072947512216e+03	1.6181027372264198e+03	2.3084482997060122e+03	1.8591990713569419e+03	1.9838265072535382e+03	2.0681765343525931e+03	1.9818962977075425e+03
1.7621868031785964e+03	1.6215367863086783e+03	1.8390285548039335e+03	1.6264298296332411e+03	2.0723310540904440e+03	1.8518165479456984e+03	1.7363821643643728e+03	1.8067895961288516e+03	1.6185499008297811e+03	1.6292843927158792e+03	1.7443232365134359e+03	1.9765686203709665e+03	1.8760834167702651e+03	1.8442102959864046e+03	1.8488983733567864e+03	2.3575432212739574e+03	2.0684971792369151e+03	2.2038117390975922e+03	2.1046072947512130e+03	1.6181027372264198e+03	2.3084482991310001e+03	1.8591990713569419e+03	1.9838265067945695e+03	2.0681765271485137e+03	1.9818962977075425e+03
1.7621868031421920e+03	1.6215367863086783e+03	1.8390285548039335e+03	1.6264298296332411e+03	2.0723310540790853e+03	1.8518165479456190e+03	1.7363820812153438e+03	1.8067895961282088e+03	1.6185499001043745e+03	1.6292843927158790e+03	1.7443232364358505e+03	1.9765686203708494e+03	1.8760834167662595e+03	1.8442102958604314e+03	1.8488983733567864e+03	2.3575432212222363e+03	2.0684971792358010e+03	2.2038117390837756e+03	2.1046072947511216e+03	1.6181027372264198e+03	2.3084482991263362e+03	1.8591990713569419e+03	1.9838265067916066e+03	2.0681765216939566e+03	1.9818962977075130e+03
1.7621868030549156e+03	1.6215367863086783e+03	1.8390285548039335e+03	1.6264298296332411e+03	2.0723310540680059e+03	1.8518165479456079e+03	1.7363820522276505e+03	1.8067895961280483e+03	1.6185498999604622e+03	1.6292843927158790e+03	1.7443232364051323e+03	1.9765686203688679e+03	1.8760834167376861e+03	1.8442102958604314e+03	1.8488983733567864e+03	2.3575432212183305e+03	2.0684971792329070e+03	2.2038117390767920e+03	2.1046072947511216e+03	1.6181027372264198e+03	2.3084482991028576e+03	1.8591990713569419e+03	1.9838265067891496e+03	2.0681765182599065e+03	1.9818962977075130e+03
1.7621868006592165e+03	1.6215367863086783e+03	1.8390285548039335e+03	1.6264298296332411e+03	2.0723310540328766e+03	1.8518165479456079e+03	1.7363820429002064e+03	1.8067895961271945e+03	1.6185498995781836e+03	1.6292843927158790e+03	1.7443232361204227e+03	1.9765686203678251e+03	1.8760834164304626e+03	1.8442102958604314e+03	1.8488983733567864e+03	2.3575432212147884e+03	2.0684971792325096e+03	2.2038117390767920e+03	2.1046072947511216e+03	1.6181027372264198e+03	2.3084482990716897e+03	1.8591990713569419e+03	1.9838265067848663e+03	2.0681765181602586e+03	1.9818962977075130e+03
1.7621868005003121e+03	1.6215367863086783e+03	1.8390285548039335e+03	1.6264298296332411e+03	2.0723310540210982e+03	1.8518165479455938e+03	1.7363820429002064e+03	1.8067895961265590e+03	1.6185498986799164e+03	1.6292843927158790e+03	1.7443232360985628e+03	1.9765686203678251e+03	1.8760834159421634e+03	1.8442102953078534e+03	1.8488983733567864e+03	2.3575432211660163e+03	2.0684971792320339e+03	2.2038117390764505e+03	2.1046072947511216e+03	1.6181027372264198e+03	2.3084482989994726e+03	1.8591990713569419e+03	1.9838265067310726e+03	2.0681765180556877e+03	1.9818962977075130e+03
1.7621868004454120e+03	1.6215367863086781e+03	1.8390285548039335e+03	1.6264298296332411e+03	2.0723310539808626e+03	1.8518165479454783e+03	1.7363820429002064e+03	1.8067895961215625e+03	1.6185498983989824e+03	1.6292843927158790e+03	1.7443232354480519e+03	1.9765686203666824e+03	1.8760834078591693e+03	1.8442102952005587e+03	1.8488983733567864e+03	2.3575432204114149e+03	2.0684971792301362e+03	2.2038117390743209e+03	2.1046072947509001e+03	1.6181027372264198e+03	2.3084482988321679e+03	1.8591990713569419e+03	1.9838265066966540e+03	2.0681765179484978e+03	1.9818962977075130e+03
1.7621868004019584e+03	1.6215367863086781e+03	1.8390285548039335e+03	1.6264298296332411e+03	2.0723310539306071e+03	1.8518165479454690e+03	1.7363820429002064e+03	1.8067895961210811e+03	1.6185498983989824e+03	1.6292843927158742e+03	1.7443232352362199e+03	1.9765686203662121e+03	1.8760834068455870e+03	1.8442102951614288e+03	1.8488983733567864e+03	2.3575432203519613e+03	2.0684971792267997e+03	2.2038117390696461e+03	2.1046072947507719e+03	1.6181027372264198e+03	2.3084482987250594e+03	1.8591990713569419e+03	1.9838265029681615e+03	2.0681765174964230e+03	1.9818962977074739e+03
1.7621868003768425e+03	1.6215367863086781e+03	1.8390285548039333e+03	1.6264298296332411e+03	2.0723310539051558e+03	1.8518165479454690e+03	1.7363820429002064e+03	1.8067895961148531e+03	1.6185498977876641e+03	1.6292843927158672e+03	1.7443232350108385e+03	1.9765686203654161e+03	1.8760834065720412e+03	1.8442102951596194e+03	1.8488983733567864e+03	2.3575432203427085e+03	2.0684971792252918e+03	2.2038117390688990e+03	2.1046072947507719e+03	1.6181027372264198e+03	2.3084482986914077e+03	1.8591990713569419e+03	1.9838264883890458e+03	2.0681765140306447e+03	1.9818962977074714e+03
1.7621868003748948e+03	1.6215367863086781e+03	1.8390285548039333e+03	1.6264298296332411e+03	2.0723310538982741e+03	1.8518165479454442e+03	1.7363820428974007e+03	1.8067895961138172e+03	1.6185498962983668e+03	1.6292843927158667e+03	1.7443232349916589e+03	1.9765686203654161e+03	1.8760834065628328e+03	1.8442102951596194e+03	1.8488983733567864e+03	2.3575432203392011e+03	2.0684971792247907e+03	2.2038117390608541e+03	2.1046072947506345e+03	1.6181027372264198e+03	2.3084482986801722e+03	1.8591990713569419e+03	1.9838264883850709e+03	2.0681765040102778e+03	1.9818962977074373e+03
1.7621868003632026e+03	1.6215367863086781e+03	1.8390285548039333e+03	1.6264298296332411e+03	2.0723310538978835e+03	1.8518165479454442e+03	1.7363820409961720e+03	1.8067895961087365e+03	1.6185498961387332e+03	1.6292843927158667e+03	1.7443232347957653e+03	1.9765686203636453e+03	1.8760834065595459e+03	1.8442102951336083e+03	1.8488983733567864e+03	2.3575432203351502e+03	2.0684971792242545e+03	2.2038117390515908e+03	2.1046072947506345e+03	1.6181027372264198e+03	2.3084482986739526e+03	1.8591990713569419e+03	1.9838264883733957e+03	2.0681765013192803e+03	1.9818962977074373e+03
1.7621868003009629e+03	1.6215367863086781e+03	1.8390285548039333e+03	1.6264298296332411e+03	2.0723310538965184e+03	1.8518165479454287e+03	1.7363820399435224e+03	1.8067895961087365e+03	1.6185498951944924e+03	1.6292843927158667e+03	1.7443232347045553e+03	1.9765686203608368e+03	1.8760834065481342e+03	1.8442102951335278e+03	1.8488983733567864e+03	2.3575432203270466e+03	2.0684971792233350e+03	2.2038117390489838e+03	2.1046072947506345e+03	1.6181027372264198e+03	2.3084482986641597e+03	1.8591990713569419e+03	1.9838264883604520e+03	2.0681764984790448e+03	1.9818962977074082e+03
1.7621867988711035e+03	1.6215367863086781e+03	1.8390285548039333e+03	1.6264298296332411e+03	2.0723310538942014e+03	1.8518165479454233e+03	1.7363820398538280e+03	1.8067895961087365e+03	1.6185498944002161e+03	1.6292843927158660e+03	1.7443232345487036e+03	1.9765686203605042e+03	1.8760834064628405e+03	1.8442102951240388e+03	1.8488983733567864e+03	2.3575432202963812e+03	2.0684971792227579e+03	2.2038117390414354e+03	2.1046072947506345e+03	1.6181027372264198e+03	2.3084482986525240e+03	1.8591990713569419e+03	1.9838264883569470e+03	2.0681764961301451e+03	1.9818962977072729e+03
1.7621867987939700e+03	1.6215367863086781e+03	1.8390285548039333e+03	1.6264298296332411e+03	2.0723310538927858e+03	1.8518165479454210e+03	1.7363820395377627e+03	1.8067895960996784e+03	1.6185498932484932e+03	1.6292843927158660e+03	1.7443232345487036e+03	1.9765686203582902e+03	1.8760834062658241e+03	1.8442102951158251e+03	1.8488983733567864e+03	2.3575432202795610e+03	2.0684971792217843e+03	2.2038117390298721e+03	2.1046072947505677e+03	1.6181027372264198e+03	2.3084482986332864e+03	1.8591990713569419e+03	1.9838264840104357e+03	2.0681764952740505e+03	1.9818962977072460e+03
1.7621867987903397e+03	1.6215367863086781e+03	1.8390285548039333e+03	1.6264298296332411e+03	2.0723310538900287e+03	1.8518165479454062e+03	1.7363820395377627e+03	1.8067895960989313e+03	1.6185498931396257e+03	1.6292843927158660e+03	1.7443232345475640e+03	1.9765686203580453e+03	1.8760834062604722e+03	1.8442102951129643e+03	1.8488983733567864e+03	2.3575432202424308e+03	2.0684971792189626e+03	2.2038117390219204e+03	2.1046072947505677e+03	1.6181027372264198e+03	2.3084482986182729e+03	1.8591990713569419e+03	1.9838264812313435e+03	2.0681764951904092e+03	1.9818962977071501e+03
1.7621867987819173e+03	1.6215367863086781e+03	1.8390285548039333e+03	1.6264298296332411e+03	2.0723310538871274e+03	1.8518165479453839e+03	1.7363820391163169e+03	1.8067895960966114e+03	1.6185498900726570e+03	1.6292843927158660e+03	1.7443232344892349e+03	1.9765686203553364e+03	1.8760834062546269e+03	1.8442102950564088e+03	1.8488983733567864e+03	2.3575432202242546e+03	2.0684971792095694e+03	2.2038117390129569e+03	2.1046072947504572e+03	1.6181027372264198e+03	2.3084482986132516e+03	1.8591990713569419e+03	1.9838264805322804e+03	2.0681764951266996e+03	1.9818962977070942e+03
1.7621867987807777e+03	1.6215367863086781e+03	1.8390285548039333e+03	1.6264298296332411e+03	2.0723310538858877e+03	1.8518165479453273e+03	1.7363820382154179e+03	1.8067895960805761e+03	1.6185498892048129e+03	1.6292843927158660e+03	1.7443232344892349e+03	1.9765686203539888e+03	1.8760834062522049e+03	1.8442102950033825e+03	1.8488983733567864e+03	2.3575432201857620e+03	2.0684971791386074e+03	2.2038117390112416e+03	2.1046072947501489e+03	1.6181027372264198e+03	2.3084482986047897e+03	1.8591990713569419e+03	1.9838264800367888e+03	2.0681764950601428e+03	1.9818962977068588e+03
1.7621867987799412e+03	1.6215367863086781e+03	1.8390285548039333e+03	1.6264298296332411e+03	2.0723310538855812e+03	1.8518165479453121e+03	1.7363820377025420e+03	1.8067895960747398e+03	1.6185498892048129e+03	1.6292843927158660e+03	1.7443232344713313e+03	1.9765686203490955e+03	1.8760834062518854e+03	1.8442102948773288e+03	1.8488983733567864e+03	2.3575432201692638e+03	2.0684971791315920e+03	2.2038117389998829e+03	2.1046072947501489e+03	1.6181027372264198e+03	2.3084482985847708e+03	1.8591990713569419e+03	1.9838264800327111e+03	2.0681764949700964e+03	1.9818962977068265e+03
1.7621867987785374e+03	1.6215367863086781e+03	1.8390285548039333e+03	1.6264298296332411e+03	2.0723310538854030e+03	1.8518165479453121e+03	1.7363820377025420e+03	1.8067895960488147e+03	1.6185498892048129e+03	1.6292843927158660e+03	1.7443232342992742e+03	1.9765686203489422e+03	1.8760834062462532e+03	1.8442102948770107e+03	1.8488983733567864e+03	2.3575432201652952e+03	2.0684971791225485e+03	2.2038117389970926e+03	2.1046072947501489e+03	1.6181027372264198e+03	2.3084482985747673e+03	1.8591990713569419e+03	1.9838264799968169e+03	2.0681764948366063e+03	1.9818962977067124e+03
1.7621867987778348e+03	1.6215367863086781e+03	1.8390285548039333e+03	1.6264298296332411e+03	2.0723310538850833e+03	1.8518165479452575e+03	1.7363820373945637e+03	1.8067895960117571e+03	1.6185498664788056e+03	1.6292843927158660e+03	1.7443232334579834e+03	1.9765686203445134e+03	1.8760834061735127e+03	1.8442102948482518e+03	1.8488983733567864e+03	2.3575432201631111e+03	2.0684971791125822e+03	2.2038117389928188e+03	2.1046072947500725e+03	1.6181027372264198e+03	2.3084482985553905e+03	1.8591990713569419e+03	1.9838264799838130e+03	2.0681764946838466e+03	1.9818962977063079e+03
1.7621867987778348e+03	1.6215367863086781e+03	1.8390285548039333e+03	1.6264298296332411e+03	2.0723310538845108e+03	1.8518165479452575e+03	1.7363820363387417e+03	1.8067895960081587e+03	1.6185497879777572e+03	1.6292843927158660e+03	1.7443232310254787e+03	1.9765686203430225e+03	1.8760834061698381e+03	1.8442102948482518e+03	1.8488983733567864e+03	2.3575432201619751e+03	2.0684971791109233e+03	2.2038117389037866e+03	2.1046072947500111e+03	1.6181027372264198e+03	2.3084482984633742e+03	1.8591990713569419e+03	1.9838264799834665e+03	2.0681764946177432e+03	1.9818962977059168e+03
1.7621867987778153e+03	1.6215367863086778e+03	1.8390285548039333e+03	1.6264298296332411e+03	2.0723310538840451e+03	1.8518165479452468e+03	1.7363820356314723e+03	1.8067895960072874e+03	1.6185497847890585e+03	1.6292843927158660e+03	1.7443232256039134e+03	1.9765686203387054e+03	1.8760834061639202e+03	1.8442102948069607e+03	1.8488983733567864e+03	2.3575432201560288e+03	2.0684971791086646e+03	2.2038117381023758e+03	2.1046072947492707e+03	1.6181027372264198e+03	2.3084482983381440e+03	1.8591990713569419e+03	1.9838264799817412e+03	2.0681764937197922e+03	1.9818962977043941e+03
1.7621867987772691e+03	1.6215367863086778e+03	1.8390285548039330e+03	1.6264298296332411e+03	2.0723310538830915e+03	1.8518165479452045e+03	1.7363820320045972e+03	1.8067895960057929e+03	1.6185497846127098e+03	1.6292843927158660e+03	1.7443232254954919e+03	1.9765686203363291e+03	1.8760834061587298e+03	1.8442102947928622e+03	1.8488983733567864e+03	2.3575432200287537e+03	2.0684971791056578e+03	2.2038117130696287e+03	2.1046072947490838e+03	1.6181027372264198e+03	2.3084482971240736e+03	1.8591990713569419e+03	1.9838264799561757e+03	2.0681764926092251e+03	1.9818962977042577e+03
1.7621867987772480e+03	1.6215367863086778e+03	1.8390285548039330e+03	1.6264298296332411e+03	2.0723310538799433e+03	1.8518165479451866e+03	1.7363820305192089e+03	1.8067895959959731e+03	1.6185497838836764e+03	1.6292843927158660e+03	1.7443232254954919e+03	1.9765686203360312e+03	1.8760834060735958e+03	1.8442102947100834e+03	1.8488983733567864e+03	2.3575432198484782e+03	2.0684971789567117e+03	2.2038117006393313e+03	2.1046072947477960e+03	1.6181027372264198e+03	2.3084482969470209e+03	1.8591990713569419e+03	1.9838264799560686e+03	2.0681764915438011e+03	1.9818962977040098e+03
1.7621867987771332e+03	1.6215367863086778e+03	1.8390285548039328e+03	1.6264298296332411e+03	2.0723310538623159e+03	1.8518165479451641e+03	1.7363820286857749e+03	1.8067895959872085e+03	1.6185497835130477e+03	1.6292843927158660e+03	1.7443232254198647e+03	1.9765686203359705e+03	1.8760834050946828e+03	1.8442102946673540e+03	1.8488983733567864e+03	2.3575432193540973e+03	2.0684971756063005e+03	2.2038117005399577e+03	2.1046072947461107e+03	1.6181027372264198e+03	2.3084482926565051e+03	1.8591990713569419e+03	1.9838264799559238e+03	2.0681764913013603e+03	1.9818962977039364e+03
1.7621867987763476e+03	1.6215367863086778e+03	1.8390285548039328e+03	1.6264298296332411e+03	2.0723310538444189e+03	1.8518165479451641e+03	1.7363820286857749e+03	1.8067895959819357e+03	1.6185497835130477e+03	1.6292843927158660e+03	1.7443232252876880e+03	1.9765686203339587e+03	1.8760834050940830e+03	1.8442102946637710e+03	1.8488983733567864e+03	2.3575432184967144e+03	2.0684970943786134e+03	2.2038117004937349e+03	2.1046072947427660e+03	1.6181027372264198e+03	2.3084482926537316e+03	1.8591990713569419e+03	1.9838264799530962e+03	2.0681764912951148e+03	1.9818962977038741e+03
1.7621867987756671e+03	1.6215367863086778e+03	1.8390285548039328e+03	1.6264298296332411e+03	2.0723310537626858e+03	1.8518165479451429e+03	1.7363820220187340e+03	1.8067895959796663e+03	1.6185497834559430e+03	1.6292843927158660e+03	1.7443232252429812e+03	1.9765686203266332e+03	1.8760834050753770e+03	1.8442102946571470e+03	1.8488983733567864e+03	2.3575432179136724e+03	2.0684950965674334e+03	2.2038117004623155e+03	2.1046072947405150e+03	1.6181027372264198e+03	2.3084482926315163e+03	1.8591990713569419e+03	1.9838264798605680e+03	2.0681764912862468e+03	1.9818962977038664e+03
1.7621867987733506e+03	1.6215367863086778e+03	1.8390285548039328e+03	1.6264298296332411e+03	2.0723310537456678e+03	1.8518165479451357e+03	1.7363820133136803e+03	1.8067895959736045e+03	1.6185497830980660e+03	1.6292843927158660e+03	1.7443232252386742e+03	1.9765686203241917e+03	1.8760834050104240e+03	1.8442102946532652e+03	1.8488983733567864e+03	2.3575432178195938e+03	2.0684950959366897e+03	2.2038117004501942e+03	2.1046072947260200e+03	1.6181027372264198e+03	2.3084482925870029e+03	1.8591990713569419e+03	1.9838264777631671e+03	2.0681764912723620e+03	1.9818962977038259e+03
1.7621867987718792e+03	1.6215367863086778e+03	1.8390285548039328e+03	1.6264298296332411e+03	2.0723310535956316e+03	1.8518165479451325e+03	1.7363819946382121e+03	1.8067895959686462e+03	1.6185497829192161e+03	1.6292843927158660e+03	1.7443232252351997e+03	1.9765686203204086e+03	1.8760834050102039e+03	1.8442102946425766e+03	1.8488983733567864e+03	2.3575432177648654e+03	2.0684950958581840e+03	2.2038117004006122e+03	2.1046072947030525e+03	1.6181027372264198e+03	2.3084482924118802e+03	1.8591990713569419e+03	1.9838264684059770e+03	2.0681764912668586e+03	1.9818962977038259e+03
1.7621867987703017e+03	1.6215367863086778e+03	1.8390285548039328e+03	1.6264298296332411e+03	2.0723310534618531e+03	1.8518165479451295e+03	1.7363818481633662e+03	1.8067895959565619e+03	1.6185497826648877e+03	1.6292843927158658e+03	1.7443232252351997e+03	1.9765686203145599e+03	1.8760834050101221e+03	1.8442102946380980e+03	1.8488983733567864e+03	2.3575432177112384e+03	2.0684950958109193e+03	2.2038117003479879e+03	2.1046072947030525e+03	1.6181027372264198e+03	2.3084482923746536e+03	1.8591990713569419e+03	1.9838263904286323e+03	2.0681764912611497e+03	1.9818962977037900e+03
1.7621867987693499e+03	1.6215367863086778e+03	1.8390285548039328e+03	1.6264298296332411e+03	2.0723310533845479e+03	1.8518165479451213e+03	1.7363811286040552e+03	1.8067895959514237e+03	1.6185497822706516e+03	1.6292843927158658e+03	1.7443232252297332e+03	1.9765686203049065e+03	1.8760834050035101e+03	1.8442102945887168e+03	1.8488983733567864e+03	2.3575432176610429e+03	2.0684950957792603e+03	2.2038116999628614e+03	2.1046072947028315e+03	1.6181027372264198e+03	2.3084482922923298e+03	1.8591990713569419e+03	1.9838252049906278e+03	2.0681764912599056e+03	1.9818962977037286e+03
1.7621867987692106e+03	1.6215367863086778e+03	1.8390285548039328e+03	1.6264298296332411e+03	2.0723310533818376e+03	1.8518165479451213e+03	1.7363808727014255e+03	1.8067895959492869e+03	1.6185497816543152e+03	1.6292843927158658e+03	1.7443232252109690e+03	1.9765686202955271e+03	1.8760834049585965e+03	1.8442102945804604e+03	1.8488983733567864e+03	2.3575432176445361e+03	2.0684950957598226e+03	2.2038116928613013e+03	2.1046072947021867e+03	1.6181027372264198e+03	2.3084482920765645e+03	1.8591990713569419e+03	1.9838251483821318e+03	2.0681764912587346e+03	1.9818962977037170e+03
1.7621867987684834e+03	1.6215367863086778e+03	1.8390285548039328e+03	1.6264298296332411e+03	2.0723310533726335e+03	1.8518165479451213e+03	1.7363808703417417e+03	1.8067895959484727e+03	1.6185497814639771e+03	1.6292843927158658e+03	1.7443232251971729e+03	1.9765686202782799e+03	1.8760834049560522e+03	1.8442102945804604e+03	1.8488983733567864e+03	2.3575432176310051e+03	2.0684950957511437e+03	2.2038116913593831e+03	2.1046072946959634e+03	1.6181027372264198e+03	2.3084482920622154e+03	1.8591990713569419e+03	1.9838251153423575e+03	2.0681764912550789e+03	1.9818962977037156e+03
1.7621867987675016e+03	1.6215367863086778e+03	1.8390285548039328e+03	1.6264298296332411e+03	2.0723310533606418e+03	1.8518165479450645e+03	1.7363808679749761e+03	1.8067895959479119e+03	1.6185497811118373e+03	1.6292843927158658e+03	1.7443232251797722e+03	1.9765686202240058e+03	1.8760834049551822e+03	1.8442102945715628e+03	1.8488983733567864e+03	2.3575432176269842e+03	2.0684950957468736e+03	2.2038116913327049e+03	2.1046072946901368e+03	1.6181027372264198e+03	2.3084482920614623e+03	1.8591990713569419e+03	1.9838250784979930e+03	2.0681764912513804e+03	1.9818962977037108e+03
1.7621867987673563e+03	1.6215367863086776e+03	1.8390285548039328e+03	1.6264298296332411e+03	2.0723310533553813e+03	1.8518165479450645e+03	1.7363808669108676e+03	1.8067895959476293e+03	1.6185497809479125e+03	1.6292843927158658e+03	1.7443232251442162e+03	1.9765686201987801e+03	1.8760834049551022e+03	1.8442102944903074e+03	1.8488983733567864e+03	2.3575432176261243e+03	2.0684950957451665e+03	2.2038116912862247e+03	2.1046072946887243e+03	1.6181027372264198e+03	2.3084482920589494e+03	1.8591990713569419e+03	1.9838250703798558e+03	2.0681764912503077e+03	1.9818962977036999e+03
1.7621867987658791e+03	1.6215367863086776e+03	1.8390285548039328e+03	1.6264298296332411e+03	2.0723310533503022e+03	1.8518165479449967e+03	1.7363808662015051e+03	1.8067895959472221e+03	1.6185497805335788e+03	1.6292843927158658e+03	1.7443232250386889e+03	1.9765686201986555e+03	1.8760834049550976e+03	1.8442102944793589e+03	1.8488983733567864e+03	2.3575432176260674e+03	2.0684950957418223e+03	2.2038116912434939e+03	2.1046072946872619e+03	1.6181027372264198e+03	2.3084482920544988e+03	1.8591990713569419e+03	1.9838250523327326e+03	2.0681764912493882e+03	1.9818962977036822e+03
1.7621867987581149e+03	1.6215367863086776e+03	1.8390285548039328e+03	1.6264298296332411e+03	2.0723310533425492e+03	1.8518165479449835e+03	1.7363808656938700e+03	1.8067895959469354e+03	1.6185497805335788e+03	1.6292843927158658e+03	1.7443232246680082e+03	1.9765686201985129e+03	1.8760834049550972e+03	1.8442102944145608e+03	1.8488983733567864e+03	2.3575432176258973e+03	2.0684950957410083e+03	2.2038116912106952e+03	2.1046072946864242e+03	1.6181027372264198e+03	2.3084482920537143e+03	1.8591990713569419e+03	1.9838250481165489e+03	2.0681764912493095e+03	1.9818962977036615e+03
1.7621867987515386e+03	1.6215367863086776e+03	1.8390285548039328e+03	1.6264298296332411e+03	2.0723310533372783e+03	1.8518165479449685e+03	1.7363808656155804e+03	1.8067895959466382e+03	1.6185497802968700e+03	1.6292843927158658e+03	1.7443232236855697e+03	1.9765686201976732e+03	1.8760834049550936e+03	1.8442102943963437e+03	1.8488983733567864e+03	2.3575432176253989e+03	2.0684950957346500e+03	2.2038116910799067e+03	2.1046072946862223e+03	1.6181027372264198e+03	2.3084482920499308e+03	1.8591990713569419e+03	1.9838250473093840e+03	2.0681764912488716e+03	1.9818962977036222e+03
1.7621867987326041e+03	1.6215367863086776e+03	1.8390285548039328e+03	1.6264298296332411e+03	2.0723310533329764e+03	1.8518165479449308e+03	1.7363808651916245e+03	1.8067895959466373e+03	1.6185497802968700e+03	1.6292843927158651e+03	1.7443232236195829e+03	1.9765686201946796e+03	1.8760834049550931e+03	1.8442102943741140e+03	1.8488983733567864e+03	2.3575432176252016e+03	2.0684950957319152e+03	2.2038116910680142e+03	2.1046072946860818e+03	1.6181027372264198e+03	2.3084482920405585e+03	1.8591990713569419e+03	1.9838250472370776e+03	2.0681764912457083e+03	1.9818962977035626e+03
1.7621867981019402e+03	1.6215367863086776e+03	1.8390285548039328e+03	1.6264298296332411e+03	2.0723310533287249e+03	1.8518165479448576e+03	1.7363808646888167e+03	1.8067895959464399e+03	1.6185497802968700e+03	1.6292843927158651e+03	1.7443232236079834e+03	1.9765686201866210e+03	1.8760834049550931e+03	1.8442102943741140e+03	1.8488983733567864e+03	2.3575432176249751e+03	2.0684950957312426e+03	2.2038116904186995e+03	2.1046072946843842e+03	1.6181027372264198e+03	2.3084482920396772e+03	1.8591990713569419e+03	1.9838250472140730e+03	2.0681764912441527e+03	1.9818962977035183e+03
1.7621867977680067e+03	1.6215367863086776e+03	1.8390285548039328e+03	1.6264298296332411e+03	2.0723310533244730e+03	1.8518165479448344e+03	1.7363808642752215e+03	1.8067895959463735e+03	1.6185497802968700e+03	1.6292843927158651e+03	1.7443232236079834e+03	1.9765686201741416e+03	1.8760834049550931e+03	1.8442102943385394e+03	1.8488983733567864e+03	2.3575432176246391e+03	2.0684950957308965e+03	2.2038116902627448e+03	2.1046072946839295e+03	1.6181027372264198e+03	2.3084482920272389e+03	1.8591990713569419e+03	1.9838250472112093e+03	2.0681764912437320e+03	1.9818962977033934e+03
1.7621867977656634e+03	1.6215367863086776e+03	1.8390285548039328e+03	1.6264298296332411e+03	2.0723310533244717e+03	1.8518165479448344e+03	1.7363808642480158e+03	1.8067895959461084e+03	1.6185497800969633e+03	1.6292843927158651e+03	1.7443232236074662e+03	1.9765686201737144e+03	1.8760834049550931e+03	1.8442102943385394e+03	1.8488983733567864e+03	2.3575432176245276e+03	2.0684950957258579e+03	2.2038116902354514e+03	2.1046072946824306e+03	1.6181027372264198e+03	2.3084482919303332e+03	1.8591990713569419e+03	1.9838250472075592e+03	2.0681764912436697e+03	1.9818962977033739e+03
1.7621867977655193e+03	1.6215367863086776e+03	1.8390285548039328e+03	1.6264298296332411e+03	2.0723310533220783e+03	1.8518165479448248e+03	1.7363808638045145e+03	1.8067895959460852e+03	1.6185497800969633e+03	1.6292843927158651e+03	1.7443232235935477e+03	1.9765686201729916e+03	1.8760834049550931e+03	1.8442102943249572e+03	1.8488983733567864e+03	2.3575432176243885e+03	2.0684950957209708e+03	2.2038116902087258e+03	2.1046072946824306e+03	1.6181027372264198e+03	2.3084482894437833e+03	1.8591990713569419e+03	1.9838250469501136e+03	2.0681764912436224e+03	1.9818962977033684e+03
1.7621867977645973e+03	1.6215367863086776e+03	1.8390285548039328e+03	1.6264298296332411e+03	2.0723310533218250e+03	1.8518165479446548e+03	1.7363808635774894e+03	1.8067895959458465e+03	1.6185497798632866e+03	1.6292843927158651e+03	1.7443232235481678e+03	1.9765686201714209e+03	1.8760834049550931e+03	1.8442102942260117e+03	1.8488983733567864e+03	2.3575432176242871e+03	2.0684950957124161e+03	2.2038116901956382e+03	2.1046072946820068e+03	1.6181027372264198e+03	2.3084482737526855e+03	1.8591990713569419e+03	1.9838250465452163e+03	2.0681764912435292e+03	1.9818962977033605e+03
1.7621867977568188e+03	1.6215367863086776e+03	1.8390285548039328e+03	1.6264298296332411e+03	2.0723310533215522e+03	1.8518165479444947e+03	1.7363808633081919e+03	1.8067895959453722e+03	1.6185497797818875e+03	1.6292843927158651e+03	1.7443232235481678e+03	1.9765686201695758e+03	1.8760834049550931e+03	1.8442102941982234e+03	1.8488983733567864e+03	2.3575432176242648e+03	2.0684950956715320e+03	2.2038116901303802e+03	2.1046072946807167e+03	1.6181027372264198e+03	2.3084482612288271e+03	1.8591990713569419e+03	1.9838250465448673e+03	2.0681764912434228e+03	1.9818962977033266e+03
1.7621867975843259e+03	1.6215367863086776e+03	1.8390285548039328e+03	1.6264298296332411e+03	2.0723310533215508e+03	1.8518165479439970e+03	1.7363808630563281e+03	1.8067895959452965e+03	1.6185497796974605e+03	1.6292843927158651e+03	1.7443232235397650e+03	1.9765686201694218e+03	1.8760834049550931e+03	1.8442102941982234e+03	1.8488983733567864e+03	2.3575432176240311e+03	2.0684950956516495e+03	2.2038116898021658e+03	2.1046072946807167e+03	1.6181027372264198e+03	2.3084482610649270e+03	1.8591990713569419e+03	1.9838250465420115e+03	2.0681764912433591e+03	1.9818962977033257e+03
1.7621867975715786e+03	1.6215367863086776e+03	1.8390285548039328e+03	1.6264298296332411e+03	2.0723310533214544e+03	1.8518165479439970e+03	1.7363808627218000e+03	1.8067895959452501e+03	1.6185497794807727e+03	1.6292843927158651e+03	1.7443232235368318e+03	1.9765686201688545e+03	1.8760834049550931e+03	1.8442102941948306e+03	1.8488983733567864e+03	2.3575432176179829e+03	2.0684950956455987e+03	2.2038116897872110e+03	2.1046072946793238e+03	1.6181027372264198e+03	2.3084482579202622e+03	1.8591990713569419e+03	1.9838250465193853e+03	2.0681764912430044e+03	1.9818962977033257e+03
1.7621867975633470e+03	1.6215367863086776e+03	1.8390285548039328e+03	1.6264298296332411e+03	2.0723310533213794e+03	1.8518165479438458e+03	1.7363808627218000e+03	1.8067895959450502e+03	1.6185497792505857e+03	1.6292843927158651e+03	1.7443232235050068e+03	1.9765686201682429e+03	1.8760834049550931e+03	1.8442102941619903e+03	1.8488983733567864e+03	2.3575432175046521e+03	2.0684950956378680e+03	2.2038116896459228e+03	2.1046072946790691e+03	1.6181027372264198e+03	2.3084482562765443e+03	1.8591990713569419e+03	1.9838250465190540e+03	2.0681764912428998e+03	1.9818962977033193e+03
1.7621867975560597e+03	1.6215367863086776e+03	1.8390285548039328e+03	1.6264298296332411e+03	2.0723310533213107e+03	1.8518165479437023e+03	1.7363808627218000e+03	1.8067895959450443e+03	1.6185497789915989e+03	1.6292843927158651e+03	1.7443232234745508e+03	1.9765686201670476e+03	1.8760834049550931e+03	1.8442102940148611e+03	1.8488983733567864e+03	2.3575432136924219e+03	2.0684950956214338e+03	2.2038116896409997e+03	2.1046072946789245e+03	1.6181027372264198e+03	2.3084482547435650e+03	1.8591990713569419e+03	1.9838250465190404e+03	2.0681764912428616e+03	1.9818962977033143e+03
1.7621867975559414e+03	1.6215367863086776e+03	1.8390285548039328e+03	1.6264298296332411e+03	2.0723310533212971e+03	1.8518165479426668e+03	1.7363808626464306e+03	1.8067895959449493e+03	1.6185497785856080e+03	1.6292843927158651e+03	1.7443232234690336e+03	1.9765686201650715e+03	1.8760834049550931e+03	1.8442102940148611e+03	1.8488983733567864e+03	2.3575432136890090e+03	2.0684950956059502e+03	2.2038116896403953e+03	2.1046072946765598e+03	1.6181027372264198e+03	2.3084482508360525e+03	1.8591990713569419e+03	1.9838250465190326e+03	2.0681764912428439e+03	1.9818962977033143e+03
1.7621867975557323e+03	1.6215367863086776e+03	1.8390285548039328e+03	1.6264298296332411e+03	2.0723310533212457e+03	1.8518165479419574e+03	1.7363808626314294e+03	1.8067895959446007e+03	1.6185497781529436e+03	1.6292843927158651e+03	1.7443232234423156e+03	1.9765686201560000e+03	1.8760834049550931e+03	1.8442102939988099e+03	1.8488983733567864e+03	2.3575432136889867e+03	2.0684950955842774e+03	2.2038116896309666e+03	2.1046072946760883e+03	1.6181027372264198e+03	2.3084482504535640e+03	1.8591990713569419e+03	1.9838250465190220e+03	2.0681764912428384e+03	1.9818962977033143e+03
1.7621867975471439e+03	1.6215367863086776e+03	1.8390285548039328e+03	1.6264298296332411e+03	2.0723310533208514e+03	1.8518165479408615e+03	1.7363808626314294e+03	1.8067895959441539e+03	1.6185497781529436e+03	1.6292843927158651e+03	1.7443232234358920e+03	1.9765686201517499e+03	1.8760834049550931e+03	1.8442102939988099e+03	1.8488983733567864e+03	2.3575432136889685e+03	2.0684950955595859e+03	2.2038116896294159e+03	2.1046072946760883e+03	1.6181027372264198e+03	2.3084482504512048e+03	1.8591990713569419e+03	1.9838250465188548e+03	2.0681764912428257e+03	1.9818962977033143e+03
1.7621867975442060e+03	1.6215367863086776e+03	1.8390285548039328e+03	1.6264298296332411e+03	2.0723310533130052e+03	1.8518165479407844e+03	1.7363808625908814e+03	1.8067895959427783e+03	1.6185497781252714e+03	1.6292843927158651e+03	1.7443232234267123e+03	1.9765686201446383e+03	1.8760834049550931e+03	1.8442102939520801e+03	1.8488983733567864e+03	2.3575432136889649e+03	2.0684950955195386e+03	2.2038116896206830e+03	2.1046072946760319e+03	1.6181027372264198e+03	2.3084482504502184e+03	1.8591990713569419e+03	1.9838250465188448e+03	2.0681764912427734e+03	1.9818962977033141e+03
1.7621867975437240e+03	1.6215367863086776e+03	1.8390285548039328e+03	1.6264298296332411e+03	2.0723310533056770e+03	1.8518165479406507e+03	1.7363808624899837e+03	1.8067895959420086e+03	1.6185497781252714e+03	1.6292843927158651e+03	1.7443232234113239e+03	1.9765686201082308e+03	1.8760834049550931e+03	1.8442102939520801e+03	1.8488983733567864e+03	2.3575432136889640e+03	2.0684950954723258e+03	2.2038116895414323e+03	2.1046072946747095e+03	1.6181027372264198e+03	2.3084482504501502e+03	1.8591990713569419e+03	1.9838250465188448e+03	2.0681764912427643e+03	1.9818962977032952e+03
1.7621867975437110e+03	1.6215367863086776e+03	1.8390285548039328e+03	1.6264298296332411e+03	2.0723310532910809e+03	1.8518165479406377e+03	1.7363808623157445e+03	1.8067895959406924e+03	1.6185497778128204e+03	1.6292843927158651e+03	1.7443232234112534e+03	1.9765686199281740e+03	1.8760834049550931e+03	1.8442102939492836e+03	1.8488983733567864e+03	2.3575432136889640e+03	2.0684950954485853e+03	2.2038116895388052e+03	2.1046072946746317e+03	1.6181027372264198e+03	2.3084482504481884e+03	1.8591990713569419e+03	1.9838250465188448e+03	2.0681764912427643e+03	1.9818962977032713e+03
1.7621867975437103e+03	1.6215367863086776e+03	1.8390285548039328e+03	1.6264298296332411e+03	2.0723310532792379e+03	1.8518165479406205e+03	1.7363808623157445e+03	1.8067895959400014e+03	1.6185497775970255e+03	1.6292843927158651e+03	1.7443232234112534e+03	1.9765686197906043e+03	1.8760834049550931e+03	1.8442102938791693e+03	1.8488983733567864e+03	2.3575432136889640e+03	2.0684950954463047e+03	2.2038116895265748e+03	2.1046072946740242e+03	1.6181027372264195e+03	2.3084482504231960e+03	1.8591990713569419e+03	1.9838250465188448e+03	2.0681764912427639e+03	1.9818962977032368e+03
1.7621867975437101e+03	1.6215367863086776e+03	1.8390285548039328e+03	1.6264298296332411e+03	2.0723310532677015e+03	1.8518165479406061e+03	1.7363808622702804e+03	1.8067895959399502e+03	1.6185497771185881e+03	1.6292843927158651e+03	1.7443232234096699e+03	1.9765686197891832e+03	1.8760834049550931e+03	1.8442102938790640e+03	1.8488983733567864e+03	2.3575432136889640e+03	2.0684950954461488e+03	2.2038116895246972e+03	2.1046072946732206e+03	1.6181027372264195e+03	2.3084482498556454e+03	1.8591990713569419e+03	1.9838250465188448e+03	2.0681764912427634e+03	1.9818962977032288e+03
1.7621867975437101e+03	1.6215367863086776e+03	1.8390285548039328e+03	1.6264298296332411e+03	2.0723310532637342e+03	1.8518165479405995e+03	1.7363808622256508e+03	1.8067895959398070e+03	1.6185497766198512e+03	1.6292843927158651e+03	1.7443232234072370e+03	1.9765686197652287e+03	1.8760834049550929e+03	1.8442102938655610e+03	1.8488983733567864e+03	2.3575432136889640e+03	2.0684950954460942e+03	2.2038116895245762e+03	2.1046072946726495e+03	1.6181027372264195e+03	2.3084482497997692e+03	1.8591990713569419e+03	1.9838250465188448e+03	2.0681764912427634e+03	1.9818962977031833e+03
1.7621867975437099e+03	1.6215367863086776e+03	1.8390285548039328e+03	1.6264298296332411e+03	2.0723310532579198e+03	1.8518165479405725e+03	1.7363808622256508e+03	1.8067895959396567e+03	1.6185497721976969e+03	1.6292843927158651e+03	1.7443232234047296e+03	1.9765686196897582e+03	1.8760834049550929e+03	1.8442102938367016e+03	1.8488983733567864e+03	2.3575432136889640e+03	2.0684950954459146e+03	2.2038116895245626e+03	2.1046072946725972e+03	1.6181027372264195e+03	2.3084482497610120e+03	1.8591990713569419e+03	1.9838250465188446e+03	2.0681764912427625e+03	1.9818962977031661e+03
1.7621867975437099e+03	1.6215367863086776e+03	1.8390285548039328e+03	1.6264298296332411e+03	2.0723310532530945e+03	1.8518165479405570e+03	1.7363808621827452e+03	1.8067895959395266e+03	1.6185497607174407e+03	1.6292843927158651e+03	1.7443232234007717e+03	1.9765686196801105e+03	1.8760834049550929e+03	1.8442102938099686e+03	1.8488983733567864e+03	2.3575432136889640e+03	2.0684950954457913e+03	2.2038116895245603e+03	2.1046072946724739e+03	1.6181027372264195e+03	2.3084482492861430e+03	1.8591990713569419e+03	1.9838250465188446e+03	2.0681764912427625e+03	1.9818962977030740e+03
1.7621867975437099e+03	1.6215367863086776e+03	1.8390285548039328e+03	1.6264298296332411e+03	2.0723310532479595e+03	1.8518165479405516e+03	1.7363808620753503e+03	1.8067895959392802e+03	1.6185497346214995e+03	1.6292843927158651e+03	1.7443232233753110e+03	1.9765686196739412e+03	1.8760834049550929e+03	1.8442102937493078e+03	1.8488983733567864e+03	2.3575432136889635e+03	2.0684950954457904e+03	2.2038116895245298e+03	2.1046072946723907e+03	1.6181027372264195e+03	2.3084482466566396e+03	1.8591990713569419e+03	1.9838250465188446e+03	2.0681764912427625e+03	1.9818962977030574e+03
1.7621867975437099e+03	1.6215367863086776e+03	1.8390285548039328e+03	1.6264298296332411e+03	2.0723310532411347e+03	1.8518165479405516e+03	1.7363808618788858e+03	1.8067895959392720e+03	1.6185497174955196e+03	1.6292843927158651e+03	1.7443232233328240e+03	1.9765686196715224e+03	1.8760834049550929e+03	1.8442102937211696e+03	1.8488983733567864e+03	2.3575432136889635e+03	2.0684950954457904e+03	2.2038116895245257e+03	2.1046072946723880e+03	1.6181027372264195e+03	2.3084482466206837e+03	1.8591990713569419e+03	1.9838250465188446e+03	2.0681764912427625e+03	1.9818962977030319e+03
1.7621867975437099e+03	1.6215367863086774e+03	1.8390285548039328e+03	1.6264298296332411e+03	2.0723310532359301e+03	1.8518165479405022e+03	1.7363808618563553e+03	1.8067895959391296e+03	1.6185497110734889e+03	1.6292843927158651e+03	1.7443232232549631e+03	1.9765686196543418e+03	1.8760834049550929e+03	1.8442102936409547e+03	1.8488983733567864e+03	2.3575432136889635e+03	2.0684950954457900e+03	2.2038116895244643e+03	2.1046072946723129e+03	1.6181027372264195e+03	2.3084482463500103e+03	1.8591990713569419e+03	1.9838250465188446e+03	2.0681764912427625e+03	1.9818962977030271e+03
1.7621867975437099e+03	1.6215367863086774e+03	1.8390285548039328e+03	1.6264298296332411e+03	2.0723310532327532e+03	1.8518165479404920e+03	1.7363808611725569e+03	1.8067895959387968e+03	1.6185497093769720e+03	1.6292843927158651e+03	1.7443232231197162e+03	1.9765686196269046e+03	1.8760834049550929e+03	1.8442102936409547e+03	1.8488983733567864e+03	2.3575432136889635e+03	2.0684950954457900e+03	2.2038116895243779e+03	2.1046072946723129e+03	1.6181027372264195e+03	2.3084482463090744e+03	1.8591990713569419e+03	1.9838250465188444e+03	2.0681764912427625e+03	1.9818962977029996e+03
1.7621867975437099e+03	1.6215367863086774e+03	1.8390285548039328e+03	1.6264298296332411e+03	2.0723310532088030e+03	1.8518165479404677e+03	1.7363808607290212e+03	1.8067895959379266e+03	1.6185497092586979e+03	1.6292843927158651e+03	1.7443232225534771e+03	1.9765686196267891e+03	1.8760834049550929e+03	1.8442102935935980e+03	1.8488983733567864e+03	2.3575432136889635e+03	2.0684950954457900e+03	2.2038116895243693e+03	2.1046072946722593e+03	1.6181027372264195e+03	2.3084482463043587e+03	1.8591990713569419e+03	1.9838250465188444e+03	2.0681764912427620e+03	1.9818962977029669e+03
1.7621867975437099e+03	1.6215367863086774e+03	1.8390285548039328e+03	1.6264298296332411e+03	2.0723310531846514e+03	1.8518165479404602e+03	1.7363808603779746e+03	1.8067895959374598e+03	1.6185497091097366e+03	1.6292843927158651e+03	1.7443232224702524e+03	1.9765686196263296e+03	1.8760834049550929e+03	1.8442102934843385e+03	1.8488983733567864e+03	2.3575432136889635e+03	2.0684950954457900e+03	2.2038116895243666e+03	2.1046072946722061e+03	1.6181027372264195e+03	2.3084482462809001e+03	1.8591990713569419e+03	1.9838250465188444e+03	2.0681764912427620e+03	1.9818962977028900e+03
1.7621867975437099e+03	1.6215367863086774e+03	1.8390285548039328e+03	1.6264298296332411e+03	2.0723310531769307e+03	1.8518165479404456e+03	1.7363808600109585e+03	1.8067895959374287e+03	1.6185497090893571e+03	1.6292843927158651e+03	1.7443232224654494e+03	1.9765686196044337e+03	1.8760834049550929e+03	1.8442102934834261e+03	1.8488983733567864e+03	2.3575432136889635e+03	2.0684950954457900e+03	2.2038116895243638e+03	2.1046072946721374e+03	1.6181027372264195e+03	2.3084482462761139e+03	1.8591990713569419e+03	1.9838250465188444e+03	2.0681764912427620e+03	1.9818962977028200e+03
1.7621867975437099e+03	1.6215367863086774e+03	1.8390285548039328e+03	1.6264298296332411e+03	2.0723310531702728e+03	1.8518165479404370e+03	1.7363808586831381e+03	1.8067895959373370e+03	1.6185497090892488e+03	1.6292843927158651e+03	1.7443232224542551e+03	1.9765686195971307e+03	1.8760834049550929e+03	1.8442102931704028e+03	1.8488983733567864e+03	2.3575432136889635e+03	2.0684950954457900e+03	2.2038116895243065e+03	2.1046072946721283e+03	1.6181027372264195e+03	2.3084482462753649e+03	1.8591990713569419e+03	1.9838250465188444e+03	2.0681764912427611e+03	1.9818962977028161e+03
1.7621867975437099e+03	1.6215367863086774e+03	1.8390285548039328e+03	1.6264298296332411e+03	2.0723310531688321e+03	1.8518165479404308e+03	1.7363808563798991e+03	1.8067895959371763e+03	1.6185497090744236e+03	1.6292843927158651e+03	1.7443232224496269e+03	1.9765686195968965e+03	1.8760834049550929e+03	1.8442102931704028e+03	1.8488983733567864e+03	2.3575432136889635e+03	2.0684950954457895e+03	2.2038116895234980e+03	2.1046072946720769e+03	1.6181027372264195e+03	2.3084482462706301e+03	1.8591990713569419e+03	1.9838250465188444e+03	2.0681764912427598e+03	1.9818962977027859e+03
1.7621867975437099e+03	1.6215367863086774e+03	1.8390285548039328e+03	1.6264298296332411e+03	2.0723310531660477e+03	1.8518165479404308e+03	1.7363808540406237e+03	1.8067895959369328e+03	1.6185497090660037e+03	1.6292843927158651e+03	1.7443232224402275e+03	1.9765686195964611e+03	1.8760834049550929e+03	1.8442102928044153e+03	1.8488983733567864e+03	2.3575432136889635e+03	2.0684950954457895e+03	2.2038116895157841e+03	2.1046072946720351e+03	1.6181027372264195e+03	2.3084482461465468e+03	1.8591990713569419e+03	1.9838250465188444e+03	2.0681764912427593e+03	1.9818962977027859e+03
1.7621867975437099e+03	1.6215367863086774e+03	1.8390285548039328e+03	1.6264298296332411e+03	2.0723310531533393e+03	1.8518165479403808e+03	1.7363808525246900e+03	1.8067895959368323e+03	1.6185497090641848e+03	1.6292843927158651e+03	1.7443232224318585e+03	1.9765686195963820e+03	1.8760834049550929e+03	1.8442102926539953e+03	1.8488983733567864e+03	2.3575432136889635e+03	2.0684950954457895e+03	2.2038116895110725e+03	2.1046072946718577e+03	1.6181027372264195e+03	2.3084482461088910e+03	1.8591990713569419e+03	1.9838250465188444e+03	2.0681764912427579e+03	1.9818962977027543e+03
1.7621867975437099e+03	1.6215367863086774e+03	1.8390285548039328e+03	1.6264298296332411e+03	2.0723310531277466e+03	1.8518165479402053e+03	1.7363808524288725e+03	1.8067895959366804e+03	1.6185497090547717e+03	1.6292843927158651e+03	1.7443232224057601e+03	1.9765686195963813e+03	1.8760834049550929e+03	1.8442102921578532e+03	1.8488983733567864e+03	2.3575432136889635e+03	2.0684950954457895e+03	2.2038116895086932e+03	2.1046072946718505e+03	1.6181027372264195e+03	2.3084482461083940e+03	1.8591990713569419e+03	1.9838250465188444e+03	2.0681764912427525e+03	1.9818962977027481e+03
1.7621867975437099e+03	1.6215367863086774e+03	1.8390285548039328e+03	1.6264298296332411e+03	2.0723310531133102e+03	1.8518165479399972e+03	1.7363808510516865e+03	1.8067895959364271e+03	1.6185497090386577e+03	1.6292843927158651e+03	1.7443232223689406e+03	1.9765686195963813e+03	1.8760834049550929e+03	1.8442102907520930e+03	1.8488983733567864e+03	2.3575432136889635e+03	2.0684950954457895e+03	2.2038116894654813e+03	2.1046072946717009e+03	1.6181027372264195e+03	2.3084482461076796e+03	1.8591990713569419e+03	1.9838250465188444e+03	2.0681764912427511e+03	1.9818962977027395e+03
1.7621867975437099e+03	1.6215367863086774e+03	1.8390285548039328e+03	1.6264298296332411e+03	2.0723310531127640e+03	1.8518165479399972e+03	1.7363808502764123e+03	1.8067895959350010e+03	1.6185497090265337e+03	1.6292843927158651e+03	1.7443232222293864e+03	1.9765686195963808e+03	1.8760834049550929e+03	1.8442102898939097e+03	1.8488983733567864e+03	2.3575432136889635e+03	2.0684950954457895e+03	2.2038116894485529e+03	2.1046072946714976e+03	1.6181027372264195e+03	2.3084482461076168e+03	1.8591990713569419e+03	1.9838250465188444e+03	2.0681764912427507e+03	1.9818962977027368e+03
1.7621867975437099e+03	1.6215367863086774e+03	1.8390285548039328e+03	1.6264298296332411e+03	2.0723310531123439e+03	1.8518165479399838e+03	1.7363808493200636e+03	1.8067895959274210e+03	1.6185497090035635e+03	1.6292843927158651e+03	1.7443232221614451e+03	1.9765686195963808e+03	1.8760834049550929e+03	1.8442102898166079e+03	1.8488983733567864e+03	2.3575432136889635e+03	2.0684950954457895e+03	2.2038116894484506e+03	2.1046072946710292e+03	1.6181027372264195e+03	2.3084482461067505e+03	1.8591990713569419e+03	1.9838250465188444e+03	2.0681764912427507e+03	1.9818962977027277e+03
1.7621867975437099e+03	1.6215367863086774e+03	1.8390285548039328e+03	1.6264298296332411e+03	2.0723310531116749e+03	1.8518165479399433e+03	1.7363808491966345e+03	1.8067895959225154e+03	1.6185497089323594e+03	1.6292843927158649e+03	1.7443232220599480e+03	1.9765686195963808e+03	1.8760834049550929e+03	1.8442102898015023e+03	1.8488983733567864e+03	2.3575432136889635e+03	2.0684950954457895e+03	2.2038116894480709e+03	2.1046072946710292e+03	1.6181027372264195e+03	2.3084482460704994e+03	1.8591990713569419e+03	1.9838250465188444e+03	2.0681764912427507e+03	1.9818962977027054e+03
1.7621867975437099e+03	1.6215367863086774e+03	1.8390285548039328e+03	1.6264298296332411e+03	2.0723310530964886e+03	1.8518165479398776e+03	1.7363808491873631e+03	1.8067895959153279e+03	1.6185497010310619e+03	1.6292843927158649e+03	1.7443232220092791e+03	1.9765686195963799e+03	1.8760834049550929e+03	1.8442102897939412e+03	1.8488983733567864e+03	2.3575432136889635e+03	2.0684950954457895e+03	2.2038116894378104e+03	2.1046072946690356e+03	1.6181027372264195e+03	2.3084482460627005e+03	1.8591990713569419e+03	1.9838250465188444e+03	2.0681764912427507e+03	1.9818962977027029e+03
1.7621867975437099e+03	1.6215367863086774e+03	1.8390285548039328e+03	1.6264298296332411e+03	2.0723310530630847e+03	1.8518165479397928e+03	1.7363808491455829e+03	1.8067895959066282e+03	1.6185496796237269e+03	1.6292843927158649e+03	1.7443232219922479e+03	1.9765686195963708e+03	1.8760834049550929e+03	1.8442102896452996e+03	1.8488983733567864e+03	2.3575432136889635e+03	2.0684950954457895e+03	2.2038116894251834e+03	2.1046072946660965e+03	1.6181027372264195e+03	2.3084482460624736e+03	1.8591990713569419e+03	1.9838250465188444e+03	2.0681764912427502e+03	1.9818962977026974e+03
1.7621867975437099e+03	1.6215367863086774e+03	1.8390285548039328e+03	1.6264298296332411e+03	2.0723310530519207e+03	1.8518165479397774e+03	1.7363808491154152e+03	1.8067895958973511e+03	1.6185496795459997e+03	1.6292843927158649e+03	1.7443232219701342e+03	1.9765686195957292e+03	1.8760834049550929e+03	1.8442102896452996e+03	1.8488983733567864e+03	2.3575432136889635e+03	2.0684950954457895e+03	2.2038116894250525e+03	2.1046072946588260e+03	1.6181027372264195e+03	2.3084482460621516e+03	1.8591990713569419e+03	1.9838250465188444e+03	2.0681764912427502e+03	1.9818962977026915e+03
1.7621867975437099e+03	1.6215367863086774e+03	1.8390285548039328e+03	1.6264298296332411e+03	2.0723310530489766e+03	1.8518165479397701e+03	1.7363808491154152e+03	1.8067895958814499e+03	1.6185496794870121e+03	1.6292843927158649e+03	1.7443232219623999e+03	1.9765686195929704e+03	1.8760834049550929e+03	1.8442102895556127e+03	1.8488983733567864e+03	2.3575432136889631e+03	2.0684950954457895e+03	2.2038116894250525e+03	2.1046072946487334e+03	1.6181027372264195e+03	2.3084482460568565e+03	1.8591990713569419e+03	1.9838250465188444e+03	2.0681764912427502e+03	1.9818962977026915e+03
1.7621867975437099e+03	1.6215367863086774e+03	1.8390285548039328e+03	1.6264298296332411e+03	2.0723310530419458e+03	1.8518165479397030e+03	1.7363808490652814e+03	1.8067895958592458e+03	1.6185496793968607e+03	1.6292843927158649e+03	1.7443232219497315e+03	1.9765686193727529e+03	1.8760834049550929e+03	1.8442102894836721e+03	1.8488983733567864e+03	2.3575432136889631e+03	2.0684950954457895e+03	2.2038116894250520e+03	2.1046072946327304e+03	1.6181027372264195e+03	2.3084482460553882e+03	1.8591990713569419e+03	1.9838250465188444e+03	2.0681764912427502e+03	1.9818962977026702e+03
1.7621867975437099e+03	1.6215367863086774e+03	1.8390285548039328e+03	1.6264298296332411e+03	2.0723310530376357e+03	1.8518165479396605e+03	1.7363808490594565e+03	1.8067895957975556e+03	1.6185496783988444e+03	1.6292843927158649e+03	1.7443232216784802e+03	1.9765686190214506e+03	1.8760834049550929e+03	1.8442102894643265e+03	1.8488983733567864e+03	2.3575432136889631e+03	2.0684950954457895e+03	2.2038116894250520e+03	2.1046072945249980e+03	1.6181027372264195e+03	2.3084482460542422e+03	1.8591990713569419e+03	1.9838250465188444e+03	2.0681764912427502e+03	1.9818962977026545e+03
1.7621867975437099e+03	1.6215367863086774e+03	1.8390285548039328e+03	1.6264298296332411e+03	2.0723310530350768e+03	1.8518165479396357e+03	1.7363808490309825e+03	1.8067895955860442e+03	1.6185496772337458e+03	1.6292843927158649e+03	1.7443232216661818e+03	1.9765686189499465e+03	1.8760834049550929e+03	1.8442102894643265e+03	1.8488983733567864e+03	2.3575432136889631e+03	2.0684950954457895e+03	2.2038116894250516e+03	2.1046072940434597e+03	1.6181027372264195e+03	2.3084482460538002e+03	1.8591990713569419e+03	1.9838250465188444e+03	2.0681764912427502e+03	1.9818962977024028e+03
1.7621867975437099e+03	1.6215367863086774e+03	1.8390285548039328e+03	1.6264298296332411e+03	2.0723310530286790e+03	1.8518165479396143e+03	1.7363808489709188e+03	1.8067895954914527e+03	1.6185496733336056e+03	1.6292843927158649e+03	1.7443232216133511e+03	1.9765686189217695e+03	1.8760834049550929e+03	1.8442102894500970e+03	1.8488983733567864e+03	2.3575432136889631e+03	2.0684950954457895e+03	2.2038116894250516e+03	2.1046072940432564e+03	1.6181027372264195e+03	2.3084482460537206e+03	1.8591990713569419e+03	1.9838250465188444e+03	2.0681764912427502e+03	1.9818962977023634e+03
1.7621867975437099e+03	1.6215367863086774e+03	1.8390285548039328e+03	1.6264298296332411e+03	2.0723310530206450e+03	1.8518165479395752e+03	1.7363808489709188e+03	1.8067895954860378e+03	1.6185496596579853e+03	1.6292843927158649e+03	1.7443232214471955e+03	1.9765686188743502e+03	1.8760834049550929e+03	1.8442102894362938e+03	1.8488983733567864e+03	2.3575432136889631e+03	2.0684950954457895e+03	2.2038116894250516e+03	2.1046072940415488e+03	1.6181027372264195e+03	2.3084482460529657e+03	1.8591990713569419e+03	1.9838250465188444e+03	2.0681764912427502e+03	1.9818962977023632e+03
1.7621867975437099e+03	1.6215367863086774e+03	1.8390285548039328e+03	1.6264298296332411e+03	2.0723310530077465e+03	1.8518165479395693e+03	1.7363808489564628e+03	1.8067895954859941e+03	1.6185496475353652e+03	1.6292843927158649e+03	1.7443232207350850e+03	1.9765686185657728e+03	1.8760834049550929e+03	1.8442102894306572e+03	1.8488983733567864e+03	2.3575432136889631e+03	2.0684950954457895e+03	2.2038116894250516e+03	2.1046072940379854e+03	1.6181027372264195e+03	2.3084482460453864e+03	1.8591990713569419e+03	1.9838250465188444e+03	2.0681764912427502e+03	1.9818962977023434e+03
1.7621867975437099e+03	1.6215367863086774e+03	1.8390285548039328e+03	1.6264298296332411e+03	2.0723310530046247e+03	1.8518165479395616e+03	1.7363808489561861e+03	1.8067895954858957e+03	1.6185496323525513e+03	1.6292843927158649e+03	1.7443232065086736e+03	1.9765686184519930e+03	1.8760834049550929e+03	1.8442102893816946e+03	1.8488983733567864e+03	2.3575432136889631e+03	2.0684950954457895e+03	2.2038116894250516e+03	2.1046072940374479e+03	1.6181027372264195e+03	2.3084482460452909e+03	1.8591990713569419e+03	1.9838250465188444e+03	2.0681764912427502e+03	1.9818962977023434e+03
1.7621867975437099e+03	1.6215367863086774e+03	1.8390285548039328e+03	1.6264298296332411e+03	2.0723310530024037e+03	1.8518165479395443e+03	1.7363808489472519e+03	1.8067895954856638e+03	1.6185496301188655e+03	1.6292843927158649e+03	1.7443231793173247e+03	1.9765686184167080e+03	1.8760834049550929e+03	1.8442102893749429e+03	1.8488983733567864e+03	2.3575432136889631e+03	2.0684950954457895e+03	2.2038116894250516e+03	2.1046072940367126e+03	1.6181027372264195e+03	2.3084482460450799e+03	1.8591990713569419e+03	1.9838250465188444e+03	2.0681764912427502e+03	1.9818962977023434e+03
1.7621867975437099e+03	1.6215367863086774e+03	1.8390285548039328e+03	1.6264298296332411e+03	2.0723310529884188e+03	1.8518165479395348e+03	1.7363808489458770e+03	1.8067895954849639e+03	1.6185496293323297e+03	1.6292843927158649e+03	1.7443231256028805e+03	1.9765686184158517e+03	1.8760834049550929e+03	1.8442102893653821e+03	1.8488983733567864e+03	2.3575432136889631e+03	2.0684950954457895e+03	2.2038116894250516e+03	2.1046072940361664e+03	1.6181027372264195e+03	2.3084482460449585e+03	1.8591990713569419e+03	1.9838250465188444e+03	2.0681764912427502e+03	1.9818962977023223e+03
1.7621867975437099e+03	1.6215367863086774e+03	1.8390285548039328e+03	1.6264298296332411e+03	2.0723310529809041e+03	1.8518165479395232e+03	1.7363808489455930e+03	1.8067895954804808e+03	1.6185496290694459e+03	1.6292843927158649e+03	1.7443231249542305e+03	1.9765686184090810e+03	1.8760834049550929e+03	1.8442102893542583e+03	1.8488983733567864e+03	2.3575432136889631e+03	2.0684950954457895e+03	2.2038116894250516e+03	2.1046072940361141e+03	1.6181027372264195e+03	2.3084482460445129e+03	1.8591990713569419e+03	1.9838250465188444e+03	2.0681764912427502e+03	1.9818962977023020e+03
1.7621867975437099e+03	1.6215367863086774e+03	1.8390285548039328e+03	1.6264298296332411e+03	2.0723310529780019e+03	1.8518165479395086e+03	1.7363808489455912e+03	1.8067895954493370e+03	1.6185496288370737e+03	1.6292843927158644e+03	1.7443231243151226e+03	1.9765686183037069e+03	1.8760834049550929e+03	1.8442102893266922e+03	1.8488983733567864e+03	2.3575432136889631e+03	2.0684950954457895e+03	2.2038116894250516e+03	2.1046072940360664e+03	1.6181027372264195e+03	2.3084482460444306e+03	1.8591990713569419e+03	1.9838250465188444e+03	2.0681764912427502e+03	1.9818962977022939e+03
1.7621867975437099e+03	1.6215367863086774e+03	1.8390285548039328e+03	1.6264298296332411e+03	2.0723310529719138e+03	1.8518165479395036e+03	1.7363808489359621e+03	1.8067895954492567e+03	1.6185496287818264e+03	1.6292843927158644e+03	1.7443231243081391e+03	1.9765686182933798e+03	1.8760834049550929e+03	1.8442102893211370e+03	1.8488983733567864e+03	2.3575432136889631e+03	2.0684950954457895e+03	2.2038116894250516e+03	2.1046072940360600e+03	1.6181027372264195e+03	2.3084482460443928e+03	1.8591990713569419e+03	1.9838250465188444e+03	2.0681764912427502e+03	1.9818962977022893e+03
1.7621867975437099e+03	1.6215367863086774e+03	1.8390285548039328e+03	1.6264298296332411e+03	2.0723310529701389e+03	1.8518165479394984e+03	1.7363808489359621e+03	1.8067895954490348e+03	1.6185496287123749e+03	1.6292843927158644e+03	1.7443231243071073e+03	1.9765686182483021e+03	1.8760834049550929e+03	1.8442102893148931e+03	1.8488983733567864e+03	2.3575432136889631e+03	2.0684950954457895e+03	2.2038116894250516e+03	2.1046072940360223e+03	1.6181027372264195e+03	2.3084482460443892e+03	1.8591990713569419e+03	1.9838250465188444e+03	2.0681764912427502e+03	1.9818962977022893e+03
1.7621867975437099e+03	1.6215367863086774e+03	1.8390285548039328e+03	1.6264298296332411e+03	2.0723310529699502e+03	1.8518165479394897e+03	1.7363808489344453e+03	1.8067895954477196e+03	1.6185496287101259e+03	1.6292843927158644e+03	1.7443231243069279e+03	1.9765686177340888e+03	1.8760834049550929e+03	1.8442102893148931e+03	1.8488983733567864e+03	2.3575432136889631e+03	2.0684950954457895e+03	2.2038116894250516e+03	2.1046072940355280e+03	1.6181027372264195e+03	2.3084482460443887e+03	1.8591990713569419e+03	1.9838250465188444e+03	2.0681764912427502e+03	1.9818962977022754e+03
1.7621867975437099e+03	1.6215367863086774e+03	1.8390285548039328e+03	1.6264298296332411e+03	2.0723310529699329e+03	1.8518165479394779e+03	1.7363808489344453e+03	1.8067895954470705e+03	1.6185496287084729e+03	1.6292843927158644e+03	1.7443231243069058e+03	1.9765686166458024e+03	1.8760834049550929e+03	1.8442102893148194e+03	1.8488983733567864e+03	2.3575432136889631e+03	2.0684950954457895e+03	2.2038116894250516e+03	2.1046072940288859e+03	1.6181027372264195e+03	2.3084482460443887e+03	1.8591990713569419e+03	1.9838250465188444e+03	2.0681764912427502e+03	1.9818962977022327e+03
1.7621867975437099e+03	1.6215367863086774e+03	1.8390285548039328e+03	1.6264298296332411e+03	2.0723310529695673e+03	1.8518165479394452e+03	1.7363808489325399e+03	1.8067895954458486e+03	1.6185496287078684e+03	1.6292843927158644e+03	1.7443231243068881e+03	1.9765686164405563e+03	1.8760834049550929e+03	1.8442102893136957e+03	1.8488983733567864e+03	2.3575432136889631e+03	2.0684950954457895e+03	2.2038116894250516e+03	2.1046072939667188e+03	1.6181027372264195e+03	2.3084482460443887e+03	1.8591990713569419e+03	1.9838250465188444e+03	2.0681764912427502e+03	1.9818962977022256e+03
1.7621867975437099e+03	1.6215367863086774e+03	1.8390285548039328e+03	1.6264298296332411e+03	2.0723310529689988e+03	1.8518165479393513e+03	1.7363808489325397e+03	1.8067895954458161e+03	1.6185496287074864e+03	1.6292843927158644e+03	1.7443231243068856e+03	1.9765686163658625e+03	1.8760834049550929e+03	1.8442102893128074e+03	1.8488983733567864e+03	2.3575432136889631e+03	2.0684950954457895e+03	2.2038116894250516e+03	2.1046072939666756e+03	1.6181027372264195e+03	2.3084482460443883e+03	1.8591990713569419e+03	1.9838250465188444e+03	2.0681764912427502e+03	1.9818962977022256e+03
1.7621867975437099e+03	1.6215367863086774e+03	1.8390285548039328e+03	1.6264298296332411e+03	2.0723310529687737e+03	1.8518165479392324e+03	1.7363808489204148e+03	1.8067895954457997e+03	1.6185496287072554e+03	1.6292843927158644e+03	1.7443231243068419e+03	1.9765686156296874e+03	1.8760834049550929e+03	1.8442102893120457e+03	1.8488983733567864e+03	2.3575432136889631e+03	2.0684950954457895e+03	2.2038116894250516e+03	2.1046072939666751e+03	1.6181027372264195e+03	2.3084482460443883e+03	1.8591990713569419e+03	1.9838250465188444e+03	2.0681764912427502e+03	1.9818962977022093e+03
1.7621867975437099e+03	1.6215367863086774e+03	1.8390285548039328e+03	1.6264298296332411e+03	2.0723310529682799e+03	1.8518165479391769e+03	1.7363808489088183e+03	1.8067895954457981e+03	1.6185496287072249e+03	1.6292843927158644e+03	1.7443231243066834e+03	1.9765686155652324e+03	1.8760834049550929e+03	1.8442102893120457e+03	1.8488983733567864e+03	2.3575432136889631e+03	2.0684950954457895e+03	2.2038116894250516e+03	2.1046072939666751e+03	1.6181027372264195e+03	2.3084482460443883e+03	1.8591990713569419e+03	1.9838250465188444e+03	2.0681764912427502e+03	1.9818962977022043e+03
1.7621867975437099e+03	1.6215367863086774e+03	1.8390285548039328e+03	1.6264298296332411e+03	2.0723310529682039e+03	1.8518165479388833e+03	1.7363808489078215e+03	1.8067895954457977e+03	1.6185496287072199e+03	1.6292843927158644e+03	1.7443231242926574e+03	1.9765686154918349e+03	1.8760834049550929e+03	1.8442102893086294e+03	1.8488983733567864e+03	2.3575432136889631e+03	2.0684950954457895e+03	2.2038116894250516e+03	2.1046072939666751e+03	1.6181027372264195e+03	2.3084482460443878e+03	1.8591990713569419e+03	1.9838250465188439e+03	2.0681764912427502e+03	1.9818962977021847e+03
1.7621867975437099e+03	1.6215367863086774e+03	1.8390285548039328e+03	1.6264298296332411e+03	2.0723310529674018e+03	1.8518165479385248e+03	1.7363808488942022e+03	1.8067895954457977e+03	1.6185496287072115e+03	1.6292843927158644e+03	1.7443231240220332e+03	1.9765686151905925e+03	1.8760834049550929e+03	1.8442102893077263e+03	1.8488983733567864e+03	2.3575432136889631e+03	2.0684950954457895e+03	2.2038116894250516e+03	2.1046072939666751e+03	1.6181027372264195e+03	2.3084482460443878e+03	1.8591990713569419e+03	1.9838250465188439e+03	2.0681764912427502e+03	1.9818962977021436e+03
1.7621867975437099e+03	1.6215367863086774e+03	1.8390285548039328e+03	1.6264298296332411e+03	2.0723310529667274e+03	1.8518165479375534e+03	1.7363808488754594e+03	1.8067895954457977e+03	1.6185496287071098e+03	1.6292843927158644e+03	1.7443231220526081e+03	1.9765686150223278e+03	1.8760834049550929e+03	1.8442102893077263e+03	1.8488983733567864e+03	2.3575432136889631e+03	2.0684950954457895e+03	2.2038116894250511e+03	2.1046072939666751e+03	1.6181027372264195e+03	2.3084482460443878e+03	1.8591990713569419e+03	1.9838250465188439e+03	2.0681764912427502e+03	1.9818962977020860e+03
1.7621867975437099e+03	1.6215367863086774e+03	1.8390285548039328e+03	1.6264298296332411e+03	2.0723310529667119e+03	1.8518165479375168e+03	1.7363808488451193e+03	1.8067895954457977e+03	1.6185496287046547e+03	1.6292843927158644e+03	1.7443230761998461e+03	1.9765686149662235e+03	1.8760834049550929e+03	1.8442102893055176e+03	1.8488983733567864e+03	2.3575432136889631e+03	2.0684950954457895e+03	2.2038116894250511e+03	2.1046072939666751e+03	1.6181027372264195e+03	2.3084482460443878e+03	1.8591990713569419e+03	1.9838250465188439e+03	2.0681764912427502e+03	1.9818962977020635e+03
1.7621867975437099e+03	1.6215367863086774e+03	1.8390285548039328e+03	1.6264298296332411e+03	2.0723310529659311e+03	1.8518165479374484e+03	1.7363808488197851e+03	1.8067895954457977e+03	1.6185496286259474e+03	1.6292843927158644e+03	1.7443230712755048e+03	1.9765686147652186e+03	1.8760834049550929e+03	1.8442102893049910e+03	1.8488983733567864e+03	2.3575432136889631e+03	2.0684950954457895e+03	2.2038116894250511e+03	2.1046072939666751e+03	1.6181027372264195e+03	2.3084482460443878e+03	1.8591990713569419e+03	1.9838250465188435e+03	2.0681764912427502e+03	1.9818962977020381e+03
1.7621867975437099e+03	1.6215367863086774e+03	1.8390285548039328e+03	1.6264298296332411e+03	2.0723310529655309e+03	1.8518165479368749e+03	1.7363808487696092e+03	1.8067895954457977e+03	1.6185496285220840e+03	1.6292843927158644e+03	1.7443230626497614e+03	1.9765686147418392e+03	1.8760834049550929e+03	1.8442102893049910e+03	1.8488983733567864e+03	2.3575432136889631e+03	2.0684950954457895e+03	2.2038116894250511e+03	2.1046072939666751e+03	1.6181027372264195e+03	2.3084482460443878e+03	1.8591990713569419e+03	1.9838250465188423e+03	2.0681764912427502e+03	1.9818962977020155e+03
1.7621867975437099e+03	1.6215367863086774e+03	1.8390285548039328e+03	1.6264298296332411e+03	2.0723310529652404e+03	1.8518165479350871e+03	1.7363808487515753e+03	1.8067895954457972e+03	1.6185496280395475e+03	1.6292843927158644e+03	1.7443230225223463e+03	1.9765686147132635e+03	1.8760834049550929e+03	1.8442102893025403e+03	1.8488983733567864e+03	2.3575432136889626e+03	2.0684950954457895e+03	2.2038116894250511e+03	2.1046072939666751e+03	1.6181027372264195e+03	2.3084482460443878e+03	1.8591990713569419e+03	1.9838250465187989e+03	2.0681764912427502e+03	1.9818962977019910e+03
1.7621867975437099e+03	1.6215367863086774e+03	1.8390285548039328e+03	1.6264298296332411e+03	2.0723310529651421e+03	1.8518165479334664e+03	1.7363808487402166e+03	1.8067895954457972e+03	1.6185496272174892e+03	1.6292843927158644e+03	1.7443230123680216e+03	1.9765686146270393e+03	1.8760834049550929e+03	1.8442102893025403e+03	1.8488983733567864e+03	2.3575432136889626e+03	2.0684950954457895e+03	2.2038116894250511e+03	2.1046072939666751e+03	1.6181027372264195e+03	2.3084482460443878e+03	1.8591990713569419e+03	1.9838250465180556e+03	2.0681764912427502e+03	1.9818962977016429e+03
1.7621867975437099e+03	1.6215367863086774e+03	1.8390285548039328e+03	1.6264298296332411e+03	2.0723310529646765e+03	1.8518165479308057e+03	1.7363808487263932e+03	1.8067895954457972e+03	1.6185496269981254e+03	1.6292843927158644e+03	1.7443230123004346e+03	1.9765686145793461e+03	1.8760834049550929e+03	1.8442102893021392e+03	1.8488983733567864e+03	2.3575432136889626e+03	2.0684950954457895e+03	2.2038116894250511e+03	2.1046072939666751e+03	1.6181027372264195e+03	2.3084482460443878e+03	1.8591990713569419e+03	1.9838250465100837e+03	2.0681764912427502e+03	1.9818962977005895e+03
1.7621867975437099e+03	1.6215367863086774e+03	1.8390285548039328e+03	1.6264298296332411e+03	2.0723310529639662e+03	1.8518165479287666e+03	1.7363808486727196e+03	1.8067895954457972e+03	1.6185496269950736e+03	1.6292843927158644e+03	1.7443230121104641e+03	1.9765686145624129e+03	1.8760834049550929e+03	1.8442102893019228e+03	1.8488983733567864e+03	2.3575432136889626e+03	2.0684950954457895e+03	2.2038116894250511e+03	2.1046072939666751e+03	1.6181027372264195e+03	2.3084482460443878e+03	1.8591990713569419e+03	1.9838250464463822e+03	2.0681764912427502e+03	1.9818962976947764e+03
1.7621867975437099e+03	1.6215367863086774e+03	1.8390285548039328e+03	1.6264298296332411e+03	2.0723310529636542e+03	1.8518165479261224e+03	1.7363808485455959e+03	1.8067895954457972e+03	1.6185496269637511e+03	1.6292843927158644e+03	1.7443230106340611e+03	1.9765686145287925e+03	1.8760834049550926e+03	1.8442102893019228e+03	1.8488983733567864e+03	2.3575432136889626e+03	2.0684950954457895e+03	2.2038116894250511e+03	2.1046072939666747e+03	1.6181027372264195e+03	2.3084482460443878e+03	1.8591990713569419e+03	1.9838250430984872e+03	2.0681764912427502e+03	1.9818962976918197e+03
1.7621867975437099e+03	1.6215367863086774e+03	1.8390285548039328e+03	1.6264298296332411e+03	2.0723310529635946e+03	1.8518165479253535e+03	1.7363808481991186e+03	1.8067895954457972e+03	1.6185496268290194e+03	1.6292843927158644e+03	1.7443229369584408e+03	1.9765686145287293e+03	1.8760834049550926e+03	1.8442102892949870e+03	1.8488983733567864e+03	2.3575432136889626e+03	2.0684950954457895e+03	2.2038116894250511e+03	2.1046072939666747e+03	1.6181027372264195e+03	2.3084482460443878e+03	1.8591990713569419e+03	1.9838249677951469e+03	2.0681764912427502e+03	1.9818962976904543e+03
1.7621867975437099e+03	1.6215367863086774e+03	1.8390285548039328e+03	1.6264298296332411e+03	2.0723310529635360e+03	1.8518165479253503e+03	1.7363808137933363e+03	1.8067895954457972e+03	1.6185496268135150e+03	1.6292843927158644e+03	1.7443229282661168e+03	1.9765686145282739e+03	1.8760834049550926e+03	1.8442102892901271e+03	1.8488983733567864e+03	2.3575432136889626e+03	2.0684950954457895e+03	2.2038116894250511e+03	2.1046072939666747e+03	1.6181027372264195e+03	2.3084482460443878e+03	1.8591990713569419e+03	1.9838248173973830e+03	2.0681764912427502e+03	1.9818962976904543e+03
1.7621867975437099e+03	1.6215367863086774e+03	1.8390285548039328e+03	1.6264298296332411e+03	2.0723310529635337e+03	1.8518165479253453e+03	1.7363806660537298e+03	1.8067895954457972e+03	1.6185496267733465e+03	1.6292843927158644e+03	1.7443228762313759e+03	1.9765686145218390e+03	1.8760834049550926e+03	1.8442102892855673e+03	1.8488983733567864e+03	2.3575432136889626e+03	2.0684950954457895e+03	2.2038116894250511e+03	2.1046072939666747e+03	1.6181027372264195e+03	2.3084482460443878e+03	1.8591990713569419e+03	1.9838248173671709e+03	2.0681764912427502e+03	1.9818962976904543e+03
1.7621867975437099e+03	1.6215367863086774e+03	1.8390285548039328e+03	1.6264298296332411e+03	2.0723310529635332e+03	1.8518165479253364e+03	1.7363806630703702e+03	1.8067895954457972e+03	1.6185496267539922e+03	1.6292843927158644e+03	1.7443228177013971e+03	1.9765686144975061e+03	1.8760834049550926e+03	1.8442102892844937e+03	1.8488983733567864e+03	2.3575432136889626e+03	2.0684950954457895e+03	2.2038116894250511e+03	2.1046072939666747e+03	1.6181027372264195e+03	2.3084482460443878e+03	1.8591990713569419e+03	1.9838248168124967e+03	2.0681764912427502e+03	1.9818962976904477e+03
1.7621867975437099e+03	1.6215367863086774e+03	1.8390285548039328e+03	1.6264298296332411e+03	2.0723310529635332e+03	1.8518165479252891e+03	1.7363806624240212e+03	1.8067895954457972e+03	1.6185496266031710e+03	1.6292843927158644e+03	1.7443227404750796e+03	1.9765686144828962e+03	1.8760834049550926e+03	1.8442102892783071e+03	1.8488983733567864e+03	2.3575432136889626e+03	2.0684950954457895e+03	2.2038116894250511e+03	2.1046072939666747e+03	1.6181027372264195e+03	2.3084482460443878e+03	1.8591990713569419e+03	1.9838248155432998e+03	2.0681764912427502e+03	1.9818962976904429e+03
1.7621867975437099e+03	1.6215367863086774e+03	1.8390285548039328e+03	1.6264298296332411e+03	2.0723310529635332e+03	1.8518165479245438e+03	1.7363806624212727e+03	1.8067895954457972e+03	1.6185496251775673e+03	1.6292843927158644e+03	1.7443227231314033e+03	1.9765686144517886e+03	1.8760834049550926e+03	1.8442102892619919e+03	1.8488983733567864e+03	2.3575432136889626e+03	2.0684950954457895e+03	2.2038116894250511e+03	2.1046072939666747e+03	1.6181027372264195e+03	2.3084482460443878e+03	1.8591990713569419e+03	1.9838248155370688e+03	2.0681764912427502e+03	1.9818962976904429e+03
1.7621867975437099e+03	1.6215367863086774e+03	1.8390285548039328e+03	1.6264298296332411e+03	2.0723310529635332e+03	1.8518165479238360e+03	1.7363806624179097e+03	1.8067895954457972e+03	1.6185496251774202e+03	1.6292843927158644e+03	1.7443227220503431e+03	1.9765686144511496e+03	1.8760834049550926e+03	1.8442102892602084e+03	1.8488983733567864e+03	2.3575432136889626e+03	2.0684950954457895e+03	2.2038116894250511e+03	2.1046072939666747e+03	1.6181027372264195e+03	2.3084482460443878e+03	1.8591990713569419e+03	1.9838248155281935e+03	2.0681764912427502e+03	1.9818962976904422e+03
1.7621867975437099e+03	1.6215367863086774e+03	1.8390285548039328e+03	1.6264298296332411e+03	2.0723310529635332e+03	1.8518165479238357e+03	1.7363806624134422e+03	1.8067895954457972e+03	1.6185496251771333e+03	1.6292843927158644e+03	1.7443227217546394e+03	1.9765686144510780e+03	1.8760834049550926e+03	1.8442102892301414e+03	1.8488983733567864e+03	2.3575432136889626e+03	2.0684950954457895e+03	2.2038116894250511e+03	2.1046072939666747e+03	1.6181027372264195e+03	2.3084482460443878e+03	1.8591990713569419e+03	1.9838248155183660e+03	2.0681764912427502e+03	1.9818962976904097e+03
1.7621867975437099e+03	1.6215367863086774e+03	1.8390285548039328e+03	1.6264298296332411e+03	2.0723310529635332e+03	1.8518165479238353e+03	1.7363806624062750e+03	1.8067895954457972e+03	1.6185496251759837e+03	1.6292843927158644e+03	1.7443227217474052e+03	1.9765686144510696e+03	1.8760834049550926e+03	1.8442102892220180e+03	1.8488983733567864e+03	2.3575432136889626e+03	2.0684950954457895e+03	2.2038116894250511e+03	2.1046072939666747e+03	1.6181027372264195e+03	2.3084482460443878e+03	1.8591990713569419e+03	1.9838248154664898e+03	2.0681764912427502e+03	1.9818962976903804e+03
1.7621867975437099e+03	1.6215367863086774e+03	1.8390285548039328e+03	1.6264298296332411e+03	2.0723310529635332e+03	1.8518165479238348e+03	1.7363806623888077e+03	1.8067895954457972e+03	1.6185496251759794e+03	1.6292843927158644e+03	1.7443227217439335e+03	1.9765686144510685e+03	1.8760834049550926e+03	1.8442102891608588e+03	1.8488983733567864e+03	2.3575432136889626e+03	2.0684950954457895e+03	2.2038116894250511e+03	2.1046072939666747e+03	1.6181027372264195e+03	2.3084482460443878e+03	1.8591990713569419e+03	1.9838248142713148e+03	2.0681764912427502e+03	1.9818962976902897e+03
1.7621867975437099e+03	1.6215367863086774e+03	1.8390285548039328e+03	1.6264298296332411e+03	2.0723310529635332e+03	1.8518165479238348e+03	1.7363806622316381e+03	1.8067895954457972e+03	1.6185496251759794e+03	1.6292843927158644e+03	1.7443227217433562e+03	1.9765686144510685e+03	1.8760834049550926e+03	1.8442102891008083e+03	1.8488983733567864e+03	2.3575432136889626e+03	2.0684950954457895e+03	2.2038116894250511e+03	2.1046072939666747e+03	1.6181027372264195e+03	2.3084482460443878e+03	1.8591990713569419e+03	1.9838248137314263e+03	2.0681764912427502e+03	1.9818962976901944e+03
1.7621867975437099e+03	1.6215367863086774e+03	1.8390285548039328e+03	1.6264298296332411e+03	2.0723310529635332e+03	1.8518165479238348e+03	1.7363806612354881e+03	1.8067895954457972e+03	1.6185496251759794e+03	1.6292843927158644e+03	1.7443227217433453e+03	1.9765686144510682e+03	1.8760834049550924e+03	1.8442102887395401e+03	1.8488983733567864e+03	2.3575432136889626e+03	2.0684950954457895e+03	2.2038116894250511e+03	2.1046072939666747e+03	1.6181027372264195e+03	2.3084482460443878e+03	1.8591990713569419e+03	1.9838248137215960e+03	2.0681764912427502e+03	1.9818962976901366e+03
1.7621867975437099e+03	1.6215367863086774e+03	1.8390285548039328e+03	1.6264298296332411e+03	2.0723310529635332e+03	1.8518165479238348e+03	1.7363806143913450e+03	1.8067895954457972e+03	1.6185496251759794e+03	1.6292843927158644e+03	1.7443227217433371e+03	1.9765686144510682e+03	1.8760834049550924e+03	1.8442102882930569e+03	1.8488983733567864e+03	2.3575432136889626e+03	2.0684950954457895e+03	2.2038116894250511e+03	2.1046072939666747e+03	1.6181027372264195e+03	2.3084482460443878e+03	1.8591990713569419e+03	1.9838248137213634e+03	2.0681764912427502e+03	1.9818962976898342e+03
1.7621867975437099e+03	1.6215367863086774e+03	1.8390285548039328e+03	1.6264298296332411e+03	2.0723310529635332e+03	1.8518165479238348e+03	1.7363804794306145e+03	1.8067895954457972e+03	1.6185496251759794e+03	1.6292843927158644e+03	1.7443227217432400e+03	1.9765686144510682e+03	1.8760834049550924e+03	1.8442102853214003e+03	1.8488983733567864e+03	2.3575432136889626e+03	2.0684950954457895e+03	2.2038116894250511e+03	2.1046072939666747e+03	1.6181027372264195e+03	2.3084482460443878e+03	1.8591990713569419e+03	1.9838248137059877e+03	2.0681764912427502e+03	1.9818962976892519e+03
1.7621867975437099e+03	1.6215367863086774e+03	1.8390285548039328e+03	1.6264298296332411e+03	2.0723310529635332e+03	1.8518165479238348e+03	1.7363804791551795e+03	1.8067895954457972e+03	1.6185496251759794e+03	1.6292843927158644e+03	1.7443227217430831e+03	1.9765686144510664e+03	1.8760834049550922e+03	1.8442102727055058e+03	1.8488983733567864e+03	2.3575432136889626e+03	2.0684950954457895e+03	2.2038116894250511e+03	2.1046072939666747e+03	1.6181027372264195e+03	2.3084482460443878e+03	1.8591990713569419e+03	1.9838248136621955e+03	2.0681764912427502e+03	1.9818962976889597e+03
1.7621867975437099e+03	1.6215367863086774e+03	1.8390285548039328e+03	1.6264298296332411e+03	2.0723310529635332e+03	1.8518165479238348e+03	1.7363804780772480e+03	1.8067895954457972e+03	1.6185496251759794e+03	1.6292843927158644e+03	1.7443227217430772e+03	1.9765686144510464e+03	1.8760834049550922e+03	1.8442102706349656e+03	1.8488983733567864e+03	2.3575432136889626e+03	2.0684950954457895e+03	2.2038116894250511e+03	2.1046072939666747e+03	1.6181027372264195e+03	2.3084482460443878e+03	1.8591990713569419e+03	1.9838248132947401e+03	2.0681764912427502e+03	1.9818962976887690e+03
1.7621867975437099e+03	1.6215367863086774e+03	1.8390285548039328e+03	1.6264298296332411e+03	2.0723310529635332e+03	1.8518165479238346e+03	1.7363804780494133e+03	1.8067895954457972e+03	1.6185496251759789e+03	1.6292843927158644e+03	1.7443227217430758e+03	1.9765686144510278e+03	1.8760834049550922e+03	1.8442102705346465e+03	1.8488983733567864e+03	2.3575432136889626e+03	2.0684950954457895e+03	2.2038116894250511e+03	2.1046072939666747e+03	1.6181027372264195e+03	2.3084482460443878e+03	1.8591990713569419e+03	1.9838248132473270e+03	2.0681764912427502e+03	1.9818962976886237e+03
1.7621867975437099e+03	1.6215367863086774e+03	1.8390285548039328e+03	1.6264298296332411e+03	2.0723310529635332e+03	1.8518165479238339e+03	1.7363804780361675e+03	1.8067895954457972e+03	1.6185496251759789e+03	1.6292843927158644e+03	1.7443227217430754e+03	1.9765686144510275e+03	1.8760834049550922e+03	1.8442102704840631e+03	1.8488983733567864e+03	2.3575432136889626e+03	2.0684950954457895e+03	2.2038116894250511e+03	2.1046072939666747e+03	1.6181027372264195e+03	2.3084482460443878e+03	1.8591990713569419e+03	1.9838248132472945e+03	2.0681764912427502e+03	1.9818962976883226e+03
1.7621867975437099e+03	1.6215367863086774e+03	1.8390285548039328e+03	1.6264298296332411e+03	2.0723310529635332e+03	1.8518165479237723e+03	1.7363804780223818e+03	1.8067895954457972e+03	1.6185496251759789e+03	1.6292843927158644e+03	1.7443227217430751e+03	1.9765686144510275e+03	1.8760834049550922e+03	1.8442102703695743e+03	1.8488983733567864e+03	2.3575432136889626e+03	2.0684950954457895e+03	2.2038116894250511e+03	2.1046072939666747e+03	1.6181027372264195e+03	2.3084482460443878e+03	1.8591990713569419e+03	1.9838248132469830e+03	2.0681764912427502e+03	1.9818962976880855e+03
1.7621867975437099e+03	1.6215367863086774e+03	1.8390285548039328e+03	1.6264298296332411e+03	2.0723310529635332e+03	1.8518165479236814e+03	1.7363804780118069e+03	1.8067895954457972e+03	1.6185496251759789e+03	1.6292843927158644e+03	1.7443227217430745e+03	1.9765686144510275e+03	1.8760834049550922e+03	1.8442102703191892e+03	1.8488983733567864e+03	2.3575432136889626e+03	2.0684950954457895e+03	2.2038116894250511e+03	2.1046072939666747e+03	1.6181027372264195e+03	2.3084482460443878e+03	1.8591990713569419e+03	1.9838248132426438e+03	2.0681764912427502e+03	1.9818962976880703e+03
1.7621867975437099e+03	1.6215367863086774e+03	1.8390285548039328e+03	1.6264298296332411e+03	2.0723310529635332e+03	1.8518165479236739e+03	1.7363804770389359e+03	1.8067895954457972e+03	1.6185496251759789e+03	1.6292843927158644e+03	1.7443227217430742e+03	1.9765686144510273e+03	1.8760834049550922e+03	1.8442102703191886e+03	1.8488983733567864e+03	2.3575432136889626e+03	2.0684950954457895e+03	2.2038116894250511e+03	2.1046072939666747e+03	1.6181027372264195e+03	2.3084482460443878e+03	1.8591990713569419e+03	1.9838248132269362e+03	2.0681764912427502e+03	1.9818962976880230e+03
1.7621867975437099e+03	1.6215367863086774e+03	1.8390285548039328e+03	1.6264298296332411e+03	2.0723310529635332e+03	1.8518165479236732e+03	1.7363804769880983e+03	1.8067895954457972e+03	1.6185496251759789e+03	1.6292843927158644e+03	1.7443227217430742e+03	1.9765686144510271e+03	1.8760834049550922e+03	1.8442102702942348e+03	1.8488983733567864e+03	2.3575432136889626e+03	2.0684950954457895e+03	2.2038116894250511e+03	2.1046072939666747e+03	1.6181027372264195e+03	2.3084482460443878e+03	1.8591990713569419e+03	1.9838248132265717e+03	2.0681764912427502e+03	1.9818962976880030e+03
1.7621867975437099e+03	1.6215367863086774e+03	1.8390285548039328e+03	1.6264298296332411e+03	2.0723310529635332e+03	1.8518165479236732e+03	1.7363804769555009e+03	1.8067895954457972e+03	1.6185496251759789e+03	1.6292843927158644e+03	1.7443227217430742e+03	1.9765686144510271e+03	1.8760834049550922e+03	1.8442102702363077e+03	1.8488983733567864e+03	2.3575432136889626e+03	2.0684950954457895e+03	2.2038116894250511e+03	2.1046072939666747e+03	1.6181027372264195e+03	2.3084482460443878e+03	1.8591990713569419e+03	1.9838248132184028e+03	2.0681764912427502e+03	1.9818962976879388e+03
1.7621867975437099e+03	1.6215367863086774e+03	1.8390285548039328e+03	1.6264298296332411e+03	2.0723310529635332e+03	1.8518165479236732e+03	1.7363804769211179e+03	1.8067895954457972e+03	1.6185496251759789e+03	1.6292843927158644e+03	1.7443227217430742e+03	1.9765686144510271e+03	1.8760834049550922e+03	1.8442102702341449e+03	1.8488983733567864e+03	2.3575432136889626e+03	2.0684950954457895e+03	2.2038116894250511e+03	2.1046072939666747e+03	1.6181027372264195e+03	2.3084482460443878e+03	1.8591990713569419e+03	1.9838248132032286e+03	2.0681764912427502e+03	1.9818962976878072e+03
1.7621867975437099e+03	1.6215367863086774e+03	1.8390285548039328e+03	1.6264298296332411e+03	2.0723310529635332e+03	1.8518165479236732e+03	1.7363804769207165e+03	1.8067895954457972e+03	1.6185496251759789e+03	1.6292843927158644e+03	1.7443227217430742e+03	1.9765686144510271e+03	1.8760834049550922e+03	1.8442102702225634e+03	1.8488983733567864e+03	2.3575432136889626e+03	2.0684950954457895e+03	2.2038116894250511e+03	2.1046072939666747e+03	1.6181027372264195e+03	2.3084482460443878e+03	1.8591990713569419e+03	1.9838248132032027e+03	2.0681764912427502e+03	1.9818962976876981e+03
1.7621867975437099e+03	1.6215367863086774e+03	1.8390285548039328e+03	1.6264298296332411e+03	2.0723310529635332e+03	1.8518165479236732e+03	1.7363804769167778e+03	1.8067895954457972e+03	1.6185496251759789e+03	1.6292843927158644e+03	1.7443227217430742e+03	1.9765686144510271e+03	1.8760834049550922e+03	1.8442102702225634e+03	1.8488983733567864e+03	2.3575432136889626e+03	2.0684950954457895e+03	2.2038116894250511e+03	2.1046072939666747e+03	1.6181027372264195e+03	2.3084482460443878e+03	1.8591990713569419e+03	1.9838248132030189e+03	2.0681764912427502e+03	1.9818962976872015e+03
1.7621867975437099e+03	1.6215367863086774e+03	1.8390285548039328e+03	1.6264298296332411e+03	2.0723310529635332e+03	1.8518165479236732e+03	1.7363804768657897e+03	1.8067895954457972e+03	1.6185496251759789e+03	1.6292843927158644e+03	1.7443227217430742e+03	1.9765686144510271e+03	1.8760834049550922e+03	1.8442102702158850e+03	1.8488983733567864e+03	2.3575432136889626e+03	2.0684950954457895e+03	2.2038116894250511e+03	2.1046072939666747e+03	1.6181027372264195e+03	2.3084482460443878e+03	1.8591990713569419e+03	1.9838248132030092e+03	2.0681764912427502e+03	1.9818962976850528e+03
1.7621867975437099e+03	1.6215367863086774e+03	1.8390285548039328e+03	1.6264298296332411e+03	2.0723310529635332e+03	1.8518165479236732e+03	1.7363804764597453e+03	1.8067895954457972e+03	1.6185496251759789e+03	1.6292843927158644e+03	1.7443227217430742e+03	1.9765686144510271e+03	1.8760834049550922e+03	1.8442102702148295e+03	1.8488983733567864e+03	2.3575432136889626e+03	2.0684950954457895e+03	2.2038116894250511e+03	2.1046072939666747e+03	1.6181027372264195e+03	2.3084482460443878e+03	1.8591990713569419e+03	1.9838248132030028e+03	2.0681764912427502e+03	1.9818962976751084e+03
1.7621867975437099e+03	1.6215367863086774e+03	1.8390285548039328e+03	1.6264298296332411e+03	2.0723310529635332e+03	1.8518165479236732e+03	1.7363804743553221e+03	1.8067895954457972e+03	1.6185496251759789e+03	1.6292843927158644e+03	1.7443227217430742e+03	1.9765686144510271e+03	1.8760834049550922e+03	1.8442102702104689e+03	1.8488983733567864e+03	2.3575432136889626e+03	2.0684950954457895e+03	2.2038116894250511e+03	2.1046072939666747e+03	1.6181027372264195e+03	2.3084482460443878e+03	1.8591990713569419e+03	1.9838248132030023e+03	2.0681764912427502e+03	1.9818962976345206e+03
1.7621867975437099e+03	1.6215367863086774e+03	1.8390285548039328e+03	1.6264298296332411e+03	2.0723310529635332e+03	1.8518165479236732e+03	1.7363804741234383e+03	1.8067895954457972e+03	1.6185496251759789e+03	1.6292843927158644e+03	1.7443227217430742e+03	1.9765686144510271e+03	1.8760834049550922e+03	1.8442102701973467e+03	1.8488983733567864e+03	2.3575432136889626e+03	2.0684950954457895e+03	2.2038116894250511e+03	2.1046072939666747e+03	1.6181027372264195e+03	2.3084482460443878e+03	1.8591990713569419e+03	1.9838248132030014e+03	2.0681764912427502e+03	1.9818962976198000e+03
1.7621867975437099e+03	1.6215367863086774e+03	1.8390285548039328e+03	1.6264298296332411e+03	2.0723310529635332e+03	1.8518165479236732e+03	1.7363804740922544e+03	1.8067895954457972e+03	1.6185496251759789e+03	1.6292843927158644e+03	1.7443227217430742e+03	1.9765686144510271e+03	1.8760834049550922e+03	1.8442102701877379e+03	1.8488983733567864e+03	2.3575432136889626e+03	2.0684950954457895e+03	2.2038116894250511e+03	2.1046072939666747e+03	1.6181027372264195e+03	2.3084482460443878e+03	1.8591990713569419e+03	1.9838248132030012e+03	2.0681764912427502e+03	1.9818962976180965e+03
