9.9990940244873285e+07	1.2837581093288853e+09	2.7274717732828569e+08	2.1346476864293259e+08	4.4401579641002548e+08	1.8197014732974610e+09	3.1449507350810230e+08	3.9757344411523581e+08	2.2036431611484537e+08	7.8623001197979414e+08	1.5030193835247412e+09	2.7200987315601212e+08	5.1711228085835159e+08	6.2621616544698679e+08	1.3874358407376852e+09	3.6444229695512700e+08	2.6003974743182713e+08	3.5211239935532844e+08	3.3230302732390511e+08	8.5642194771710849e+08	9.4370172802408111e+08	7.9374310925904679e+08	1.6645704121176629e+09	3.3140255736072141e+08	2.5181560171375328e+08
9.9990940244873285e+07	9.8600964670564994e+07	8.6435152545356676e+07	3.8525063201064385e+07	4.9838866302452482e+07	3.5348420595075011e+07	4.8907293829852365e+07	4.6693526975625567e+07	5.2724204605669782e+07	2.9299067745441839e+07	4.8807012258325092e+07	4.2455049454455644e+07	3.1798777043822873e+07	2.5108560238922756e+07	8.9073083378137305e+07	1.0108426045025378e+08	5.0575175948770978e+07	4.8479514343823500e+07	4.4275923008623183e+07	5.8457545862066217e+07	4.6114795656228893e+07	7.9328449966984555e+07	2.0431748398380838e+07	2.8516034578615233e+07	3.1867326854432479e+07
6.8983793411550120e+07	5.9357118018117622e+07	2.4404061559604969e+07	8.1324351605305932e+06	1.9450862176202595e+07	2.6860692949051671e+07	3.1744223078500949e+07	1.0297726492319982e+07	1.4037208990097381e+07	1.2049238899855435e+07	4.2012132742265828e+07	4.0068651332359565e+06	1.1690629890696762e+07	6.9568822869975334e+06	6.7073687637393460e+07	2.1338754642015345e+07	5.0575175948770978e+07	2.2083930414524477e+07	1.2969438717863251e+07	3.2091646715436682e+07	1.1620867523237973e+07	3.2549112217328072e+07	1.8996825571447037e+07	1.6798766370936193e+07	2.8265894597331826e+07
6.0127151504606344e+07	3.8606799058265179e+07	2.0180048219535939e+07	8.1324351605305932e+06	6.1431730129661877e+06	2.5093677708924405e+07	2.6111837708709989e+07	1.0297726492319982e+07	5.6346972418889031e+06	8.6227181544248722e+06	1.8550801911040273e+07	4.0068651332359565e+06	1.1690629890696762e+07	6.6938226877699383e+06	6.5677444008454643e+06	2.1338754642015345e+07	1.8498984663319994e+07	1.8092650399592828e+07	3.4767322872880567e+06	5.8243815269223424e+06	1.1620867523237973e+07	2.5633344505378149e+07	7.1893910271576224e+06	1.6798766370936193e+07	9.3642378523101043e+06
3.3535805556153707e+07	3.1193731118310660e+07	1.2253132419847118e+07	8.1324351605305932e+06	6.1431730129661877e+06	4.2646606688919766e+06	1.1769182841711232e+07	1.0297726492319982e+07	4.1858901598995398e+06	8.4437790589367021e+06	1.2960463220191229e+07	4.0068651332359565e+06	9.2197127569040507e+06	3.5830827231898042e+06	6.5677444008454643e+06	1.7784939494726069e+07	1.5256621928784745e+07	1.8092650399592828e+07	3.4767322872880567e+06	3.7359201258503702e+06	1.1620867523237973e+07	1.3799417437963795e+07	7.1893910271576224e+06	1.0996050989711775e+07	4.6624908198377974e+06
1.5508342053321231e+07	2.3943966391498212e+07	1.2253132419847118e+07	8.1324351605305932e+06	4.7623376362397168e+06	4.2646606688919766e+06	1.1769182841711232e+07	1.0297726492319982e+07	4.1858901598995398e+06	4.5449582690932779e+06	8.6049184711406138e+06	4.0068651332359565e+06	9.2197127569040507e+06	3.5586598324978948e+06	6.5677444008454643e+06	7.9351159931024145e+06	1.3459897405712191e+07	1.3195419144791016e+07	3.4767322872880567e+06	3.7359201258503702e+06	5.2570562363500884e+06	1.1974470542012304e+07	7.1893910271576224e+06	3.2304441431148755e+06	4.6624908198377974e+06
8.2698667362765400e+06	1.3071491219798973e+07	1.2189151680285335e+07	7.3573652885880191e+06	2.7483578768466432e+06	4.2646606688919766e+06	5.7697873490370521e+06	8.8698745643600654e+06	4.1858901598995398e+06	4.4583046329928832e+06	8.5984637445746828e+06	4.0068651332359565e+06	1.6373694623001143e+06	3.5586598324978948e+06	6.5677444008454643e+06	7.1163500874603661e+06	1.1574811145221081e+07	1.3195419144791016e+07	2.1495980486572054e+06	2.1085293924179948e+06	1.8274805428140359e+06	7.4047697691758955e+06	7.1893910271576224e+06	2.8034015959452945e+06	3.6452706500306046e+06
8.2698667362765400e+06	1.3071491219798973e+07	4.6458176695787925e+06	6.6706513943073750e+06	2.7483578768466432e+06	4.2646606688919766e+06	5.7697873490370521e+06	8.0597564222618714e+06	3.0985073300018269e+06	2.2563794198409608e+06	1.5847489366283454e+06	3.9883954363424443e+06	1.6373694623001143e+06	2.7191447161618005e+06	6.5677444008454643e+06	7.1163500874603661e+06	8.1092624772317642e+06	4.8356901889250660e+06	1.0643002581795107e+06	2.1085293924179948e+06	1.8274805428140359e+06	7.4047697691758955e+06	7.1893910271576224e+06	2.8034015959452945e+06	3.6452706500306046e+06
8.2698667362765400e+06	1.3071491219798973e+07	3.3561309752603355e+06	6.6706513943073750e+06	2.7483578768466432e+06	4.0720656276266221e+06	5.7697873490370521e+06	7.3900318674451699e+06	3.0985073300018269e+06	2.2563794198409608e+06	1.1897309093421770e+06	3.9883954363424443e+06	1.6373694623001143e+06	2.7191447161618005e+06	5.5992981567047732e+06	7.1163500874603661e+06	8.1092624772317642e+06	4.8356901889250660e+06	1.0643002581795107e+06	2.1085293924179948e+06	1.8274805428140359e+06	4.8630142402979638e+06	7.1893910271576224e+06	2.8034015959452945e+06	2.2719980532959481e+06
6.6733401376432599e+06	3.7591742246877141e+06	3.3561309752603355e+06	3.6486507238910124e+06	2.7483578768466432e+06	4.0720656276266221e+06	5.7697873490370521e+06	7.2428940438897833e+06	3.0985073300018269e+06	2.2563794198409608e+06	1.1897309093421770e+06	3.9883954363424443e+06	6.6747579944204004e+05	2.7191447161618005e+06	5.5992981567047732e+06	1.6371175381152958e+06	8.1092624772317642e+06	3.4302450674398299e+06	5.6765321797416138e+05	2.1085293924179948e+06	1.8274805428140359e+06	4.8630142402979638e+06	7.1893910271576224e+06	1.9649361324662138e+06	2.2719980532959481e+06
6.6733401376432599e+06	3.7591742246877141e+06	3.3561309752603355e+06	3.6486507238910124e+06	2.7483578768466432e+06	4.0720656276266221e+06	3.9365635671808226e+06	5.6905358491962375e+06	3.0985073300018269e+06	2.2563794198409608e+06	1.1897309093421770e+06	2.1365299930610210e+06	6.6747579944204004e+05	2.7191447161618005e+06	5.5992981567047732e+06	1.6371175381152958e+06	8.1092624772317642e+06	3.4302450674398299e+06	5.6765321797416138e+05	2.1085293924179948e+06	1.8274805428140359e+06	4.4016139688351080e+06	3.4636586267429385e+06	1.9649361324662138e+06	2.2719980532959481e+06
3.3829011201915904e+06	3.7591742246877141e+06	3.3561309752603355e+06	3.6486507238910124e+06	2.7483578768466432e+06	3.5376846518149236e+06	3.9365635671808226e+06	5.6905358491962375e+06	3.0985073300018269e+06	2.0269964144793872e+06	1.1897309093421770e+06	2.1365125235707304e+06	6.6747563321006822e+05	2.0871765742523901e+06	5.5992981567047732e+06	1.6371175381152958e+06	8.1092624772317642e+06	3.4302450674398299e+06	5.6765321797416138e+05	1.4031617072979892e+06	1.8274805428140359e+06	2.6932635913208276e+06	3.4636586267429385e+06	1.9649361324662138e+06	2.2719980532959481e+06
3.3829011201915904e+06	3.7591742246877141e+06	3.3561309752603355e+06	3.3284637828531931e+06	2.4651530470603267e+06	3.5376846518149236e+06	3.9365635671808226e+06	2.2335100801191805e+06	8.8106335215838917e+05	2.0269964144793872e+06	1.1897309093421770e+06	2.1365125235707304e+06	6.6747563321006822e+05	2.0871765742523901e+06	4.1344708548641857e+06	1.6371175381152958e+06	5.0940888038639743e+06	3.4302450674398299e+06	5.6765321797416138e+05	1.4031617072979892e+06	1.8274805428140359e+06	2.6932635913208276e+06	3.4636586267429385e+06	1.9649361324662138e+06	2.2719980532959481e+06
3.3829011201915904e+06	3.7591742246877141e+06	3.3561309752603355e+06	3.3284637828531931e+06	2.4651530470603267e+06	2.6079231418712977e+06	3.9365635671808226e+06	2.2335100801191805e+06	8.8106335215838917e+05	2.0269964144793872e+06	1.1897309093421770e+06	2.1365125235707304e+06	6.6747563321006822e+05	2.0871765742523901e+06	3.2606033518308122e+06	1.1779089904953928e+06	5.0940888038639743e+06	3.4302450674398299e+06	5.6765321797416138e+05	1.4031617072979892e+06	1.8274805428140359e+06	2.5484338076296030e+06	3.4636586267429385e+06	1.9649361324662138e+06	1.0508521763537813e+06
3.3829011201915904e+06	3.7591742246877141e+06	3.3561309752603355e+06	3.3284637828531931e+06	2.4651530470603267e+06	2.6079231418712977e+06	3.7144528390660002e+06	2.2186324592173686e+06	8.8106335215838917e+05	2.0269964144793872e+06	1.1897309093421770e+06	2.1365125235707304e+06	6.6747563321006822e+05	2.0871765742523901e+06	3.2606033518308122e+06	1.1779089904953928e+06	5.0940888038639743e+06	3.4302450674398299e+06	5.6765321797416138e+05	1.4031617072979892e+06	1.8274805428140359e+06	1.3299395512046772e+06	3.4636586267429385e+06	1.9649361324662138e+06	1.0508521763537813e+06
2.8922310263637300e+06	3.7591742246877141e+06	3.3561309752603355e+06	2.0896853493963247e+06	2.4651530470603267e+06	2.6079231418712977e+06	2.4778029461735771e+06	2.2186324592173686e+06	4.7170994643891614e+05	2.0269964144793872e+06	1.1897309093421770e+06	2.1365125235707304e+06	6.6747563321006822e+05	1.4863552252170399e+06	2.1568191556065329e+06	1.1779089904953928e+06	2.9597092521948442e+06	3.4302450674398299e+06	5.6765321797416138e+05	1.4031617072979892e+06	1.8274805428140359e+06	1.3299395512046772e+06	3.4636586267429385e+06	1.9649361324662138e+06	1.0508521763537813e+06
2.8922310263637300e+06	3.7591742246877141e+06	3.3561309752603355e+06	2.0896853493963247e+06	2.4651530470603267e+06	1.4019310839047709e+06	1.3925367187979601e+06	2.2186324592173686e+06	4.7170994643891614e+05	2.0269964144793872e+06	1.1897309093421770e+06	1.1651475773070343e+06	6.6747563321006822e+05	1.4863552252170399e+06	2.1568191556065329e+06	1.1779089904953928e+06	2.9597092521948442e+06	3.0428952535806242e+06	5.6765321797416138e+05	1.4031617072979892e+06	1.7884820416908418e+06	1.3299395512046772e+06	3.4636586267429385e+06	1.9649361324662138e+06	9.2034111665078579e+05
2.8922310263637300e+06	3.7591742246877141e+06	3.3561309752603355e+06	2.0896853493963247e+06	2.4651530470603267e+06	1.3949791483749915e+06	1.3925367187979601e+06	1.9171397530416488e+06	4.7170994643891614e+05	2.0269964144793872e+06	1.1897309093421770e+06	1.1651475773070343e+06	6.6747563321006822e+05	1.4863552252170399e+06	2.1568191556065329e+06	1.1779089904953928e+06	1.1144132655648708e+06	1.7818572499841249e+06	5.6765321797416138e+05	5.9022994554303295e+05	1.3916980048282351e+06	1.3006009678226183e+06	3.4636586267429385e+06	1.9649361324662138e+06	9.2034111665078579e+05
2.8922310263637300e+06	3.7591742246877141e+06	3.3561309752603355e+06	2.0896853493963247e+06	2.2794817872910877e+06	1.3949791483749915e+06	1.2544606958516550e+06	1.5478853719151199e+06	4.7170994643891614e+05	2.0269964144793872e+06	1.1897309093421770e+06	1.1651475773070343e+06	6.6747563321006822e+05	1.4863552252170399e+06	2.1568191556065329e+06	1.1779089904953928e+06	7.0311938443368138e+05	1.7818572499841249e+06	5.6765321797416138e+05	5.9022994554303295e+05	1.3916980048282351e+06	1.3006009678226183e+06	3.4636586267429385e+06	1.6230100188448962e+06	4.5048699852015951e+05
2.8922310263637300e+06	1.2333322958786592e+06	3.0293079908814179e+06	2.0896853493963247e+06	2.2794817872910877e+06	1.3949791483749915e+06	1.2544606958516550e+06	1.5478853719151199e+06	4.7170994643891614e+05	1.2619342101191473e+06	1.1897309093421770e+06	1.1651475773070343e+06	6.6747563321006822e+05	1.3117374805247609e+06	1.0291368200897267e+06	1.1779089904953928e+06	7.0311938443368138e+05	1.7145362275786332e+06	5.6765321797416138e+05	5.9022994554303295e+05	1.3916980048282351e+06	1.3006009678226183e+06	3.4636586267429385e+06	1.6230100188448962e+06	4.5048699852015951e+05
2.8922310263637300e+06	1.2333322958786592e+06	2.8770707327426765e+06	2.0896853493963247e+06	2.2794817872910877e+06	1.3949791483749915e+06	1.2544606958516550e+06	1.5478853719151199e+06	4.7170994643891614e+05	1.2619342101191473e+06	1.1897309093421770e+06	1.1651475773070343e+06	6.6747563321006822e+05	1.3117374805247609e+06	1.0291368200897267e+06	1.1779089904953928e+06	7.0311938443368138e+05	1.7145362275786332e+06	5.6765321797416138e+05	5.9022994554303295e+05	1.1431933721805261e+06	1.3006009678226183e+06	2.6225489589228742e+06	1.2206320491177689e+06	4.5048699852015951e+05
2.8922310263637300e+06	1.2333322958786592e+06	9.4152135163073358e+05	2.0896853493963247e+06	2.2794817872910877e+06	1.3949791483749915e+06	1.2544606958516550e+06	1.5478853719151199e+06	4.7170994643891614e+05	1.2619342101191473e+06	1.1790897046074253e+06	1.1651475773070343e+06	6.6747563321006822e+05	1.3117374805247609e+06	1.0291368200897267e+06	1.1779089904953928e+06	7.0311938443368138e+05	1.7145362275786332e+06	5.6765321797416138e+05	5.9022994554303295e+05	1.1431933721805261e+06	1.3006009678226183e+06	2.6225489589228742e+06	1.2206320491177689e+06	4.5048699852015951e+05
2.8922310263637300e+06	1.2333322958786592e+06	9.0628494479198498e+05	2.0896853493963247e+06	2.2794817872910877e+06	1.3949791483749915e+06	1.2544606958516550e+06	1.5478853719151199e+06	4.7170994643891614e+05	1.2619342101191473e+06	8.4429049393100094e+05	1.1651475773070343e+06	6.6747563321006822e+05	1.3117374805247609e+06	1.0291368200897267e+06	1.1779089904953928e+06	7.0311938443368138e+05	1.7145362275786332e+06	5.6765321797416138e+05	5.9022994554303295e+05	1.1431933721805261e+06	7.6316710775418242e+05	1.4360787925466169e+06	1.2206320491177689e+06	4.5048699852015951e+05
2.8922310263637300e+06	1.2333322958786592e+06	9.0628494479198498e+05	2.0896853493963247e+06	1.8881456286273045e+06	1.3949791483749915e+06	1.2544606958516550e+06	1.5478853719151199e+06	4.7170994643891614e+05	1.2619342101191473e+06	8.4429049393100094e+05	1.1651475773070343e+06	6.6747563321006822e+05	1.3117374805247609e+06	1.0291368200897267e+06	1.1779089904953928e+06	7.0311938443368138e+05	1.7145362275786332e+06	5.6765321797416138e+05	5.9022994554303295e+05	1.1431933721805261e+06	7.6316710775418242e+05	1.4360787925466169e+06	1.2205525379631047e+06	4.5048699852015951e+05
4.9044310885627090e+05	1.2333322958786592e+06	9.0628494479198498e+05	2.0896853493963247e+06	1.8881456286273045e+06	1.3949791483749915e+06	1.2544606958516550e+06	1.5478853719151199e+06	4.7170994643891614e+05	9.0469010152477061e+05	8.4429049393100094e+05	1.1651475773070343e+06	6.6747563321006822e+05	1.3117374805247609e+06	2.1329043111967080e+05	1.1779089904953928e+06	7.0311938443368138e+05	1.7145362275786332e+06	5.6765321797416138e+05	5.9022994554303295e+05	1.0367816311822598e+06	7.6316710775418242e+05	1.4360787925466169e+06	6.4993755293379235e+05	4.5048699852015951e+05
4.9044310885627090e+05	1.2333322958786592e+06	9.0628494479198498e+05	1.4687419819331667e+06	1.6255792695578691e+06	1.3949791483749915e+06	1.2544606958516550e+06	9.8817761629835912e+05	4.7170994643891614e+05	9.0469010152477061e+05	8.4429049393100094e+05	7.3721846420764003e+05	6.6747563321006822e+05	8.3379575299645739e+05	2.1329043111967080e+05	1.1779089904953928e+06	7.0311938443368138e+05	1.7145362275786332e+06	5.6765321797416138e+05	5.9022994554303295e+05	9.9192628885236941e+05	7.6316710775418242e+05	1.4360787925466169e+06	4.5361580991706712e+05	4.5048699852015951e+05
2.8455205161853856e+05	1.2333322958786592e+06	9.0628494479198498e+05	1.4687419819331667e+06	1.6255792695578691e+06	1.3949791483749915e+06	1.2544606958516550e+06	9.8817761629835912e+05	4.7170994643891614e+05	9.0469010152477061e+05	8.4429049393100094e+05	7.3721846420764003e+05	6.6747563321006822e+05	8.3379575299645739e+05	2.1329043111967080e+05	1.1779089904953928e+06	7.0311938443368138e+05	1.6714026259404710e+06	5.6765321797416138e+05	5.6300697185450851e+05	9.9192628885236941e+05	7.6316710775418242e+05	1.4360787925466169e+06	4.5361580991706712e+05	4.5048699852015951e+05
2.8455205161853856e+05	1.2333322958786592e+06	9.0628494479198498e+05	1.4687419819331667e+06	1.6255792695578691e+06	1.3949791483749915e+06	1.2544606958516550e+06	9.8817761629835912e+05	4.7170994643891614e+05	7.8303907405840047e+05	8.4429049393100094e+05	7.3721846420764003e+05	6.6747563321006822e+05	8.3379575299645739e+05	2.1329043111967080e+05	1.1779089904953928e+06	7.0311938443368138e+05	1.6714026259404710e+06	5.6765321797416138e+05	5.6300697185450851e+05	9.9192628885236941e+05	7.6316710775418242e+05	1.0742182876764180e+06	4.5361580991706712e+05	4.0995805066917004e+05
2.8455205161853856e+05	1.2333322958786592e+06	9.0628494479198498e+05	1.4687419819331667e+06	1.6255792695578691e+06	9.7971065602584183e+05	1.2544606958516550e+06	9.8817761629835912e+05	4.7170994643891614e+05	7.8303907405840047e+05	8.4429049393100094e+05	7.3721846420764003e+05	6.6747563321006822e+05	8.3379575299645739e+05	2.1329043111967080e+05	1.1779089904953928e+06	7.0311938443368138e+05	1.6714026259404710e+06	5.6765321797416138e+05	3.8471478508503560e+05	7.5196903991038923e+05	7.6316710775418242e+05	1.0742182876764180e+06	4.5361580991706712e+05	4.0995805066917004e+05
2.8455205161853856e+05	1.2333322958786592e+06	8.8219304036826978e+05	1.3323427896234975e+06	1.6255792695578691e+06	9.7971065602584183e+05	1.2544606958516550e+06	9.8817761629835912e+05	4.7170994643891614e+05	7.8303907405840047e+05	8.4429049393100094e+05	7.3721846420764003e+05	6.6747563321006822e+05	8.3379575299645739e+05	2.1329043111967080e+05	1.1779089904953928e+06	7.0311938443368138e+05	1.5984330012026131e+06	5.6765321797416138e+05	3.8471478508503560e+05	7.5196903991038923e+05	7.6316710775418242e+05	1.0742182876764180e+06	4.5361580991706712e+05	4.0995805066917004e+05
2.8455205161853856e+05	1.2333322958786592e+06	8.8219304036826978e+05	1.3323427896234975e+06	1.6255792695578691e+06	9.7971065602584183e+05	1.2544462742968805e+06	9.8817761629835912e+05	4.7170994643891614e+05	7.8303907405840047e+05	8.4429049393100094e+05	7.3721846420764003e+05	6.6747563321006822e+05	7.1745936128136027e+05	2.1329043111967080e+05	1.1779089904953928e+06	7.0311938443368138e+05	1.3097909675734101e+06	5.6765321797416138e+05	3.8471478508503560e+05	7.5196903991038923e+05	7.6316710775418242e+05	1.0658457385770094e+06	4.5361580991706712e+05	4.0995805066917004e+05
2.8455205161853856e+05	1.0741225848248200e+06	8.8219304036826978e+05	1.3323427896234975e+06	1.6255792695578691e+06	9.7971065602584183e+05	1.2544462742968805e+06	9.8817761629835912e+05	4.7170994643891614e+05	7.8303907405840047e+05	8.4425976109510986e+05	7.3721846420764003e+05	5.4101851487295364e+05	7.1745936128136027e+05	2.1329043111967080e+05	1.1779089904953928e+06	7.0311938443368138e+05	9.1670309727321786e+05	5.6765321797416138e+05	3.8471478508503560e+05	7.5196903991038923e+05	7.6316710775418242e+05	7.7968126425995177e+05	4.5361580991706712e+05	4.0995805066917004e+05
2.8455205161853856e+05	9.2639851543803490e+05	8.8219304036826978e+05	1.3298997861434740e+06	1.6255792695578691e+06	9.7971065602584183e+05	1.2544462742968805e+06	9.8817761629835912e+05	2.7074731608120806e+05	7.8303907405840047e+05	8.4425976109510986e+05	5.3449887879464962e+05	5.4101851487295364e+05	4.1931284850995213e+05	2.1329043111967080e+05	1.1779089904953928e+06	7.0311938443368138e+05	9.1670309727321786e+05	5.6765321797416138e+05	3.8471478508503560e+05	7.5196903991038923e+05	7.6316710775418242e+05	7.7968126425995177e+05	4.5361580991706712e+05	4.0995805066917004e+05
2.8455205161853856e+05	9.2639851543803490e+05	8.8219304036826978e+05	7.4171342835202278e+05	1.6255792695578691e+06	9.7971065602584183e+05	1.2544462742968805e+06	9.8817761629835912e+05	2.7074731608120806e+05	7.8303907405840047e+05	8.4425976109510986e+05	5.3449887879464962e+05	5.4101851487295364e+05	4.1931284850995213e+05	2.1329043111967080e+05	1.1779089904953928e+06	7.0311938443368138e+05	9.1670309727321786e+05	5.6765321797416138e+05	3.8471478508503560e+05	5.4128492025906360e+05	7.6316710775418242e+05	7.7968126425995177e+05	4.5361580991706712e+05	4.0995805066917004e+05
2.2223613670544952e+05	9.2639851543803490e+05	8.8219304036826978e+05	7.4171342835202278e+05	1.6255792695578691e+06	9.7971065602584183e+05	1.0856960130136248e+06	9.8817761629835912e+05	2.7074731608120806e+05	7.8303907405840047e+05	8.4425976109510986e+05	5.2628396891525458e+05	5.4101851487295364e+05	4.1931284850995213e+05	2.1329043111967080e+05	1.1779089904953928e+06	6.3026346649318235e+05	9.1670309727321786e+05	5.6765321797416138e+05	3.8471478508503560e+05	5.4128492025906360e+05	7.6316710775418242e+05	7.7968126425995177e+05	4.5361580991706712e+05	4.0995805066917004e+05
2.2223613670544952e+05	9.2639851543803490e+05	7.5522245132037310e+05	7.4171342835202278e+05	1.6255792695578691e+06	9.7971065602584183e+05	1.0856960130136248e+06	9.8817761629835912e+05	2.7074731608120806e+05	7.8303907405840047e+05	8.4425976109510986e+05	5.2628396891525458e+05	5.4101851487295364e+05	4.1931284850995213e+05	2.1329043111967080e+05	1.1779089904953928e+06	6.3026346649318235e+05	9.1670309727321786e+05	5.6765321797416138e+05	3.8471478508503560e+05	5.4128492025906360e+05	7.6316710775418242e+05	7.7968126425995177e+05	4.5361580991706712e+05	4.0995805066917004e+05
1.9454076828747717e+05	9.2639851543803490e+05	7.5522245132037310e+05	7.4171342835202278e+05	1.6255792695578691e+06	9.7971065602584183e+05	1.0409657843145396e+06	9.8813517731448065e+05	2.7074731608120806e+05	7.8303907405840047e+05	6.3497732006015046e+05	5.2628396891525458e+05	5.4101851487295364e+05	4.1931284850995213e+05	2.1329043111967080e+05	1.1779089904953928e+06	6.3026346649318235e+05	9.1670309727321786e+05	5.6765321797416138e+05	3.8471478508503560e+05	5.4128492025906360e+05	7.6316710775418242e+05	7.7968126425995177e+05	4.5361580991706712e+05	4.0995805066917004e+05
1.9454076828747717e+05	9.2639851543803490e+05	7.5522245132037310e+05	7.3560783906886773e+05	1.5810386049691762e+06	6.7289762013984937e+05	1.0409657843145396e+06	9.8813517731448065e+05	2.7074731608120806e+05	7.8303907405840047e+05	6.3497732006015046e+05	5.2628396891525458e+05	5.4101851487295364e+05	4.1931284850995213e+05	2.1329043111967080e+05	1.1779089904953928e+06	6.3026346649318235e+05	9.1670309727321786e+05	5.6765321797416138e+05	3.8471478508503560e+05	5.4128492025906360e+05	7.6245387774483068e+05	7.7968126425995177e+05	4.5361580991706712e+05	4.0995805066917004e+05
1.9454076828747717e+05	9.2639851543803490e+05	7.5522245132037310e+05	7.3560783906886773e+05	1.5809754469636972e+06	6.7289762013984937e+05	8.3365252565807896e+05	9.8813517731448065e+05	2.7074731608120806e+05	6.2335882299226825e+05	6.3497732006015046e+05	5.2628396891525458e+05	5.4101851487295364e+05	4.1931284850995213e+05	2.1329043111967080e+05	1.1779089904953928e+06	6.3026346649318235e+05	9.1670309727321786e+05	5.6765321797416138e+05	3.8471478508503560e+05	5.4128492025906360e+05	7.6245387774483068e+05	7.7968126425995177e+05	4.3724422137029766e+05	4.0995805066917004e+05
1.9454076828747717e+05	9.2639851543803490e+05	7.5522245132037310e+05	7.3560783906886773e+05	1.4626312445154374e+06	6.7289762013984937e+05	8.3365252565807896e+05	9.8813517731448065e+05	2.7074731608120806e+05	6.2335882299226825e+05	6.3497732006015046e+05	5.2628396891525458e+05	5.4101851487295364e+05	4.1931284850995213e+05	2.1329043111967080e+05	1.1779089904953928e+06	2.7563038198807946e+05	9.1670309727321786e+05	5.6765321797416138e+05	3.8471478508503560e+05	5.4128492025906360e+05	7.6245387774483068e+05	7.7968126425995177e+05	3.1850553662567621e+05	4.0995805066917004e+05
1.9454076828747717e+05	9.2639851543803490e+05	3.4884271755508729e+05	7.3560783906886773e+05	9.2947352495054808e+05	5.5717962279343524e+05	6.7140614566207805e+05	9.8813517731448065e+05	2.7074731608120806e+05	6.2335882299226825e+05	6.3497732006015046e+05	5.2628396891525458e+05	5.4101851487295364e+05	4.1931284850995213e+05	2.1329043111967080e+05	1.1779089904953928e+06	2.7563038198807946e+05	9.1670309727321786e+05	5.6765321797416138e+05	3.8471478508503560e+05	5.4128492025906360e+05	7.6245387774483068e+05	7.7968126425995177e+05	1.7389839678809542e+05	4.0995805066917004e+05
1.9454076828747717e+05	9.2639851543803490e+05	3.4884271755508729e+05	7.3560783906886773e+05	9.2947352495054808e+05	5.5717962279343524e+05	6.7140614566207805e+05	9.8813517731448065e+05	2.7074731608120806e+05	6.2335882299226825e+05	6.3497732006015046e+05	5.2628396891525458e+05	5.4101851487295364e+05	4.1931284850995213e+05	2.1329043111967080e+05	1.1779089904953928e+06	2.7563038198807946e+05	9.1670309727321786e+05	2.5219920703728008e+05	3.8471478508503560e+05	5.4128492025906360e+05	7.6245387774483068e+05	7.7968126425995177e+05	1.7389839678809542e+05	4.0995805066917004e+05
1.9454076828747717e+05	9.2639851543803490e+05	3.4884271755508729e+05	7.3560783906886773e+05	9.2947352495054808e+05	4.5236109192101425e+05	6.7140614566207805e+05	9.8813517731448065e+05	2.7074731608120806e+05	6.2335882299226825e+05	6.3497732006015046e+05	5.2628396891525458e+05	5.4101851487295364e+05	4.1931284850995213e+05	2.1329043111967080e+05	1.1779089904953928e+06	2.7563038198807946e+05	9.1670309727321786e+05	2.5219920703728008e+05	3.8471478508503560e+05	5.4128492025906360e+05	7.6245387774483068e+05	7.7968126425995177e+05	1.7389839678809542e+05	4.0995805066917004e+05
1.9454076828747717e+05	9.2639851543803490e+05	3.4884271755508729e+05	7.3560783906886773e+05	9.2947352495054808e+05	2.8610260200190160e+05	6.4600245720166352e+05	9.8813517731448065e+05	2.7074731608120806e+05	6.2335882299226825e+05	6.3497732006015046e+05	5.2628396891525458e+05	5.4101851487295364e+05	2.2241464760932536e+05	2.1329043111967080e+05	9.5649954619017662e+05	2.7563038198807946e+05	9.1670309727321786e+05	2.5219920703728008e+05	3.8471478508503560e+05	5.2259132333951176e+05	7.6245387774483068e+05	7.7968126425995177e+05	1.7389839678809542e+05	4.0995805066917004e+05
1.9454076828747717e+05	5.6963613019077585e+05	3.4884271755508729e+05	7.3560783906886773e+05	9.2947352495054808e+05	2.8610260200190160e+05	4.7796747389161482e+05	9.8813517731448065e+05	2.7074731608120806e+05	6.2335882299226825e+05	6.3497732006015046e+05	5.2628396891525458e+05	5.4101851487295364e+05	2.2241464760932536e+05	2.1329043111967080e+05	9.5649954619017662e+05	2.7563038198807946e+05	9.1670309727321786e+05	2.5219920703728008e+05	3.8471478508503560e+05	2.7643702096501528e+05	7.6245387774483068e+05	7.7968126425995177e+05	1.7389839678809542e+05	4.0995805066917004e+05
1.9454076828747717e+05	5.6963613019077585e+05	3.4884271755508729e+05	7.3560783906886773e+05	3.0818147109858214e+05	2.8610260200190160e+05	4.7796747389161482e+05	9.8813517731448065e+05	2.7074731608120806e+05	6.2335882299226825e+05	6.3497732006015046e+05	5.2628396891525458e+05	5.4101851487295364e+05	2.2241464760932536e+05	2.1329043111967080e+05	7.8441227607337432e+05	2.7563038198807946e+05	7.7806498532475415e+05	2.5219920703728008e+05	3.8214505083181418e+05	2.7643702096501528e+05	7.6245387774483068e+05	7.7968126425995177e+05	1.7389839678809542e+05	4.0995805066917004e+05
1.9454076828747717e+05	5.6963613019077585e+05	3.4884271755508729e+05	7.3560783906886773e+05	3.0818147109858214e+05	2.8610260200190160e+05	4.7796747389161482e+05	9.8813517731448065e+05	2.7074731608120806e+05	6.2335882299226825e+05	6.3497732006015046e+05	5.2628396891525458e+05	5.4101851487295364e+05	2.2241464760932536e+05	2.1329043111967080e+05	7.8441227607337432e+05	2.7563038198807946e+05	7.7806498532475415e+05	2.5219920703728008e+05	3.8214505083181418e+05	2.7643702096501528e+05	7.6245387774483068e+05	6.2930548439104098e+05	1.7388723886478390e+05	4.0990930027956370e+05
1.9454076828747717e+05	5.6963613019077585e+05	3.4884271755508729e+05	7.3560783906886773e+05	3.0818147109858214e+05	2.8610260200190160e+05	4.7796747389161482e+05	8.7479702248337632e+05	2.7074731608120806e+05	6.2335882299226825e+05	5.8478356222169648e+05	5.2628396891525458e+05	4.3775050717750221e+05	2.2241464760932536e+05	2.1329043111967080e+05	7.8441227607337432e+05	1.9660204349946746e+05	7.7806498532475415e+05	2.5219920703728008e+05	3.8214505083181418e+05	2.7643702096501528e+05	6.2872952810645383e+05	6.2930548439104098e+05	1.7388723886478390e+05	4.0990930027956370e+05
1.9454076828747717e+05	5.6963613019077585e+05	3.4884271755508729e+05	7.3560783906886773e+05	3.0818147109858214e+05	2.5761471914858569e+05	4.7796747389161482e+05	8.7479702248337632e+05	2.7074731608120806e+05	6.2335882299226825e+05	5.8478356222169648e+05	5.2628396891525458e+05	3.8939352305395622e+05	2.2241464760932536e+05	2.1329043111967080e+05	7.8441227607337432e+05	1.9660204349946746e+05	7.7806498532475415e+05	2.5219920703728008e+05	3.7811632641659223e+05	2.7643702096501528e+05	6.2872952810645383e+05	6.2930548439104098e+05	1.7388723886478390e+05	4.0990930027956370e+05
1.9454076828747717e+05	5.6963613019077585e+05	3.4884271755508729e+05	7.3560783906886773e+05	3.0818147109858214e+05	2.5376329401077572e+05	4.7796747389161482e+05	8.7479702248337632e+05	2.7074731608120806e+05	6.2335882299226825e+05	3.9819282718171569e+05	5.2628396891525458e+05	3.8939352305395622e+05	2.2241299568532058e+05	2.1329043111967080e+05	7.8441227607337432e+05	1.9660204349946746e+05	7.7806498532475415e+05	2.5219920703728008e+05	3.7811632641659223e+05	2.7643702096501528e+05	6.2872952810645383e+05	6.2930548439104098e+05	1.7388723886478390e+05	4.0990930027956370e+05
1.9454076828747717e+05	5.6963613019077585e+05	3.4884271755508729e+05	6.4006999176058813e+05	3.0818147109858214e+05	2.5376329401077572e+05	4.7796747389161482e+05	8.4958278585479606e+05	2.7074731608120806e+05	6.2335882299226825e+05	3.9819282718171569e+05	5.2628396891525458e+05	3.8939352305395622e+05	2.2241299568532058e+05	2.1329043111967080e+05	7.8441227607337432e+05	1.9660204349946746e+05	7.7806498532475415e+05	2.5219920703728008e+05	3.7811632641659223e+05	2.7643702096501528e+05	6.2872952810645383e+05	6.2930548439104098e+05	1.7388723886478390e+05	3.2565070458852558e+05
1.9454076828747717e+05	5.6963613019077585e+05	3.4884271755508729e+05	4.7893174986099353e+05	2.1009494602735585e+05	2.5376329401077572e+05	4.7796747389161482e+05	8.4958278585479606e+05	2.7074731608120806e+05	6.2335882299226825e+05	3.9819282718171569e+05	5.2628396891525458e+05	3.8939352305395622e+05	2.2241299568532058e+05	2.1329043111967080e+05	7.8441227607337432e+05	1.9660204349946746e+05	7.7806498532475415e+05	2.5219920703728008e+05	3.4984496741734981e+05	2.7643702096501528e+05	6.2872952810645383e+05	6.2930548439104098e+05	1.7388723886478390e+05	3.2565070458852558e+05
1.9454076828747717e+05	5.6963613019077585e+05	3.4878068297609710e+05	4.7893174986099353e+05	2.1009494602735585e+05	2.5376329401077572e+05	4.7796747389161482e+05	8.4958278585479606e+05	2.7074731608120806e+05	6.2335882299226825e+05	3.9819282718171569e+05	5.2628396891525458e+05	3.5611918170982471e+05	2.2241299568532058e+05	2.1329043111967080e+05	5.8967131472082960e+05	1.9660204349946746e+05	7.7804446482355904e+05	2.5219920703728008e+05	3.4984496741734981e+05	2.7643702096501528e+05	6.2872952810645383e+05	6.2930548439104098e+05	1.7388723886478390e+05	3.1685684080948640e+05
1.9454076828747717e+05	5.6963613019077585e+05	3.2474963468932547e+05	4.7893174986099353e+05	2.1009494602735585e+05	2.5376329401077572e+05	2.5889262623698410e+05	8.4958278585479606e+05	2.6598997068844060e+05	6.2335882299226825e+05	3.9819282718171569e+05	5.2628396891525458e+05	3.5611918170982471e+05	2.0583295325057610e+05	2.1329043111967080e+05	5.3286432509194640e+05	1.9660204349946746e+05	6.9160901498470886e+05	2.5219920703728008e+05	3.4984496741734981e+05	2.7643702096501528e+05	6.2872952810645383e+05	6.2930548439104098e+05	1.7388723886478390e+05	3.1685684080948640e+05
1.9454076828747717e+05	5.6963613019077585e+05	3.2474963468932547e+05	4.7893174986099353e+05	2.1009494602735585e+05	2.5376329401077572e+05	2.5889262623698410e+05	8.4958278585479606e+05	2.6598997068844060e+05	6.2335882299226825e+05	3.9819282718171569e+05	3.2732257256043272e+05	3.5611918170982471e+05	2.0583295325057610e+05	2.1329043111967080e+05	5.3286432509194640e+05	1.9660204349946746e+05	6.9160901498470886e+05	2.5219920703728008e+05	3.4984496741734981e+05	2.7643702096501528e+05	6.2872952810645383e+05	6.2930548439104098e+05	1.7388723886478390e+05	2.3530763047492731e+05
1.9454076828747717e+05	5.6963613019077585e+05	3.2474963468932547e+05	3.3314757827776042e+05	2.1009494602735585e+05	2.5376329401077572e+05	2.5889262623698410e+05	8.4958278585479606e+05	2.6598997068844060e+05	6.0711346667203959e+05	3.9819282718171569e+05	3.2732257256043272e+05	3.5611918170982471e+05	2.0583295325057610e+05	2.1329043111967080e+05	5.3286432509194640e+05	1.9660204349946746e+05	6.9160901498470886e+05	2.5219920703728008e+05	3.4984496741734981e+05	2.7643702096501528e+05	6.2872952810645383e+05	6.2930548439104098e+05	1.7388723886478390e+05	2.3530763047492731e+05
1.5998261711844080e+05	5.6963613019077585e+05	3.2474963468932547e+05	3.3314757827776042e+05	2.1009494602735585e+05	2.5376329401077572e+05	2.5889262623698410e+05	8.4958278585479606e+05	2.6598997068844060e+05	5.8423193171340879e+05	3.9819282718171569e+05	3.2732257256043272e+05	3.5611918170982471e+05	2.0583295325057610e+05	2.1329043111967080e+05	5.3286432509194640e+05	1.9660204349946746e+05	6.9160901498470886e+05	2.5219920703728008e+05	3.4984496741734981e+05	2.7643702096501528e+05	6.2872952810645383e+05	6.2930548439104098e+05	1.7388723886478390e+05	2.3530763047492731e+05
1.5998261711844080e+05	5.6963613019077585e+05	3.2474963468932547e+05	3.3314757827776042e+05	2.1009494602735585e+05	2.5376329401077572e+05	2.5889262623698410e+05	8.4958278585479606e+05	2.6598997068844060e+05	3.3243310696348670e+05	3.9819282718171569e+05	3.2732257256043272e+05	3.5611918170982471e+05	2.0583295325057610e+05	2.1329043111967080e+05	5.3286432509194640e+05	1.9660204349946746e+05	6.9160901498470886e+05	2.5219920703728008e+05	3.4984496741734981e+05	2.7643702096501528e+05	6.2872952810645383e+05	6.2930548439104098e+05	1.7388723886478390e+05	2.3530763047492731e+05
1.5998261711844080e+05	5.6963613019077585e+05	3.2474963468932547e+05	3.3314757827776042e+05	2.1009494602735585e+05	2.5376329401077572e+05	2.5889262623698410e+05	8.4958278585479606e+05	2.4956256843965544e+05	3.3243310696348670e+05	3.9819282718171569e+05	3.2732257256043272e+05	3.5611918170982471e+05	2.0583295325057610e+05	2.1329043111967080e+05	5.3286432509194640e+05	1.9502246107515396e+05	6.9160901498470886e+05	2.5219920703728008e+05	3.4984496741734981e+05	2.7643702096501528e+05	6.2872952810645383e+05	6.2930548439104098e+05	1.7388723886478390e+05	2.3530763047492731e+05
1.5998261711844080e+05	5.6963613019077585e+05	3.2474963468932547e+05	3.3314757827776042e+05	2.0523749326906053e+05	2.5376329401077572e+05	2.5889262623698410e+05	8.4958278585479606e+05	2.4956256843965544e+05	3.3243310696348670e+05	3.9819282718171569e+05	2.6461493491636997e+05	3.0082745880944905e+05	2.0583295325057610e+05	2.1329043111967080e+05	5.3286432509194640e+05	1.9502246107515396e+05	6.0203396367760992e+05	2.5219920703728008e+05	3.4984496741734981e+05	2.7643702096501528e+05	6.2872952810645383e+05	6.2930548439104098e+05	1.7388723886478390e+05	2.3530763047492731e+05
1.5998261711844080e+05	5.6963613019077585e+05	3.1985627613045747e+05	3.3314757827776042e+05	2.0523749326906053e+05	2.5376329401077572e+05	2.5889262623698410e+05	8.4958278585479606e+05	2.4956256843965544e+05	3.3243310696348670e+05	3.9819282718171569e+05	2.6461493491636997e+05	3.0082745880944905e+05	2.0583295325057610e+05	2.1329043111967080e+05	5.3286432509194640e+05	1.9502246107515396e+05	6.0203396367760992e+05	2.5219920703728008e+05	3.4984496741734981e+05	2.7643702096501528e+05	6.2872952810645383e+05	6.2930548439104098e+05	1.7388723886478390e+05	2.3530763047492731e+05
1.5998261711844080e+05	5.2263323127663444e+05	3.1985627613045747e+05	3.3314757827776042e+05	2.0523749326906053e+05	2.5376329401077572e+05	2.5889262623698410e+05	5.9174081388791569e+05	2.4956256843965544e+05	3.3243310696348670e+05	3.9819282718171569e+05	2.6461493491636997e+05	2.0177472753478156e+05	2.0583295325057610e+05	2.1329043111967080e+05	5.3286432509194640e+05	1.9502246107515396e+05	6.0203396367760992e+05	2.5219920703728008e+05	3.4984496741734981e+05	2.7643702096501528e+05	6.2872952810645383e+05	6.2930548439104098e+05	1.7388723886478390e+05	2.3530763047492731e+05
1.5998261711844080e+05	3.6609318546090240e+05	3.1985627613045747e+05	3.3314757827776042e+05	2.0523749326906053e+05	2.5376329401077572e+05	2.5889262623698410e+05	5.9174081388791569e+05	2.4956256843965544e+05	3.3243310696348670e+05	3.9819282718171569e+05	2.2536217512715494e+05	2.0177472753478156e+05	2.0583295325057610e+05	2.1329043111967080e+05	5.3286432509194640e+05	1.9502246107515396e+05	5.8632160719878180e+05	2.5219920703728008e+05	3.4984496741734981e+05	2.3838532802946918e+05	5.4645226152719546e+05	6.1133934332391759e+05	1.7388723886478390e+05	2.3530763047492731e+05
1.4184567868419676e+05	3.6609318546090240e+05	3.1985627613045747e+05	3.3314757827776042e+05	2.0523749326906053e+05	2.5376329401077572e+05	2.5889262623698410e+05	5.9174081388791569e+05	2.4956256843965544e+05	3.3243310696348670e+05	3.9819282718171569e+05	2.2536217512715494e+05	2.0177472753478156e+05	2.0583295325057610e+05	2.1329043111967080e+05	5.3286432509194640e+05	1.9502246107515396e+05	4.9490169874302670e+05	2.5219920703728008e+05	3.4984496741734981e+05	2.3838532802946918e+05	5.4645226152719546e+05	6.1133934332391759e+05	1.7388723886478390e+05	2.3530763047492731e+05
1.4184567868419676e+05	3.6609318546090240e+05	3.1985627613045747e+05	2.1848935379230353e+05	2.0523749326906053e+05	2.5376329401077572e+05	2.5889262623698410e+05	5.9174081388791569e+05	2.4956256843965544e+05	3.3243310696348670e+05	3.9184955297894566e+05	2.2536217512715494e+05	2.0177472753478156e+05	2.0583295325057610e+05	2.1329043111967080e+05	5.3286432509194640e+05	1.9502246107515396e+05	4.9490169874302670e+05	2.5219920703728008e+05	3.4984496741734981e+05	2.3838532802946918e+05	5.4645226152719546e+05	4.6938990993845148e+05	1.7388723886478390e+05	2.3530763047492731e+05
1.4184567868419676e+05	3.6609318546090240e+05	3.1985627613045747e+05	2.1848935379230353e+05	2.0523749326906053e+05	2.5376329401077572e+05	2.5889262623698410e+05	5.9174081388791569e+05	2.4956256843965544e+05	3.3243310696348670e+05	3.9184955297894566e+05	2.2536217512715494e+05	2.0177472753478156e+05	2.0583295325057610e+05	2.1329043111967080e+05	5.1883788815434161e+05	1.9502246107515396e+05	4.9490169874302670e+05	2.5219920703728008e+05	3.4984496741734981e+05	2.3838532802946918e+05	5.4645226152719546e+05	4.6938990993845148e+05	1.7388723886478390e+05	1.3059572229227741e+05
1.4184567868419676e+05	3.6609318546090240e+05	3.1985627613045747e+05	2.1848935379230353e+05	2.0523749326906053e+05	2.5376329401077572e+05	2.5889262623698410e+05	4.8839470072650770e+05	2.4956256843965544e+05	3.3243310696348670e+05	3.9184955297894566e+05	2.2536217512715494e+05	2.0177472753478156e+05	2.0583295325057610e+05	2.1329043111967080e+05	5.1883788815434161e+05	1.9502246107515396e+05	4.9490169874302670e+05	1.7206841551458996e+05	3.4984496741734981e+05	2.3838532802946918e+05	5.4645226152719546e+05	4.6938990993845148e+05	1.7388723886478390e+05	1.3059572229227741e+05
1.4184567868419676e+05	3.6609318546090240e+05	3.1753628093091224e+05	2.1848935379230353e+05	2.0523749326906053e+05	2.5376329401077572e+05	2.5889262623698410e+05	4.8839470072650770e+05	2.4956256843965544e+05	3.3243310696348670e+05	3.9184955297894566e+05	2.2536217512715494e+05	2.0177472753478156e+05	2.0583295325057610e+05	1.6742587724574446e+05	5.1883788815434161e+05	1.8348435224362824e+05	3.9184805712266866e+05	1.7206841551458996e+05	3.4984496741734981e+05	1.9433458337273836e+05	1.2318602704917666e+05	4.6938990993845148e+05	1.7388723886478390e+05	1.3059572229227741e+05
1.4184567868419676e+05	3.6609318546090240e+05	3.1753628093091224e+05	2.1848935379230353e+05	2.0523749326906053e+05	2.5376329401077572e+05	2.5889262623698410e+05	4.8839470072650770e+05	2.4956256843965544e+05	3.3243310696348670e+05	3.9184955297894566e+05	2.2536217512715494e+05	2.0177472753478156e+05	2.0583295325057610e+05	1.6742587724574446e+05	5.1883788815434161e+05	1.8348435224362824e+05	3.4348879721248162e+05	1.7206841551458996e+05	3.4954100191025232e+05	1.9368628099380338e+05	1.2318602704917666e+05	4.6938990993845148e+05	1.7388723886478390e+05	1.3059572229227741e+05
1.4184567868419676e+05	3.6369713019051484e+05	2.4920256872846518e+05	2.1848935379230353e+05	2.0523749326906053e+05	2.5376329401077572e+05	2.5389784180359516e+05	4.8839470072650770e+05	2.4956256843965544e+05	3.2212014385170850e+05	3.9184955297894566e+05	2.2536217512715494e+05	1.8207855428700411e+05	2.0583295325057610e+05	1.6742587724574446e+05	5.1883788815434161e+05	1.8348435224362824e+05	3.4348879721248162e+05	1.7206841551458996e+05	3.4954100191025232e+05	1.9368628099380338e+05	1.2318602704917666e+05	4.6938990993845148e+05	1.7388723886478390e+05	1.3059572229227741e+05
1.4184567868419676e+05	3.6369713019051484e+05	2.4920256872846518e+05	2.1848935379230353e+05	2.0523749326906053e+05	2.1384029505986601e+05	2.5389784180359516e+05	4.8839470072650770e+05	2.4956256843965544e+05	3.2212014385170850e+05	3.9184955297894566e+05	2.2536217512715494e+05	1.8207855428700411e+05	2.0583295325057610e+05	1.6742587724574446e+05	3.8800844680697902e+05	1.8348435224362824e+05	3.4348879721248162e+05	1.7200242370364929e+05	3.4954100191025232e+05	1.9368628099380338e+05	1.2318602704917666e+05	4.6938990993845148e+05	1.7388723886478390e+05	1.3059572229227741e+05
1.4184567868419676e+05	3.6369713019051484e+05	2.4920256872846518e+05	2.1848935379230353e+05	2.0523749326906053e+05	2.1384029505986601e+05	2.5389784180359516e+05	4.8839470072650770e+05	2.4956256843965544e+05	3.2212014385170850e+05	3.9184955297894566e+05	2.2536217512715494e+05	1.8207855428700411e+05	2.0583295325057610e+05	1.6742587724574446e+05	3.8800844680697902e+05	1.8348435224362824e+05	3.4348879721248162e+05	1.7200242370364920e+05	3.4954100191025232e+05	1.9368628099380338e+05	1.2318602704917666e+05	4.6938990993845148e+05	1.7388723886478390e+05	1.3059572229227741e+05
1.4184567868419676e+05	3.6369713019051484e+05	2.4920256872846518e+05	2.1848935379230353e+05	2.0523749326906053e+05	2.1384029505986601e+05	2.5389784180359516e+05	4.8839470072650770e+05	2.4956256843965544e+05	3.2212014385170850e+05	3.9184955297894566e+05	2.2536217512715494e+05	1.1054917644118587e+05	1.8236593736774632e+05	1.6742587724574446e+05	3.8800844680697902e+05	1.8346936192785713e+05	3.4348879721248162e+05	1.7200242370364920e+05	2.5757407600284158e+05	1.9368628099380338e+05	1.2318602704917666e+05	4.6938990993845148e+05	1.7388723886478390e+05	1.3059572229227741e+05
1.4184567868419676e+05	3.6369713019051484e+05	2.4920256872846518e+05	2.1848935379230353e+05	2.0523749326906053e+05	2.1384029505986601e+05	1.4537948695763806e+05	4.8839470072650770e+05	2.0605863248310110e+05	3.2212014385170850e+05	2.9003784161186148e+05	2.2463193680207914e+05	1.1054917644118587e+05	1.8236593736774632e+05	1.6742587724574446e+05	3.8800844680697902e+05	1.8346936192785713e+05	3.4348879721248162e+05	1.7200242370364920e+05	2.5757407600284158e+05	1.9368628099380338e+05	1.2318602704917666e+05	4.6938990993845148e+05	1.7388723886478390e+05	8.9496936845808465e+04
1.4184567868419676e+05	3.6369713019051484e+05	2.4920256872846518e+05	2.1848935379230353e+05	2.0523749326906053e+05	2.1384029505986601e+05	1.4537948695763806e+05	4.8839470072650770e+05	2.0605863248310110e+05	3.2212014385170850e+05	2.9003784161186148e+05	2.2463193680207914e+05	1.1054917644118587e+05	1.8236593736774632e+05	1.6742587724574446e+05	3.8800844680697902e+05	1.7109584771710954e+05	3.4348879721248162e+05	1.7200242370364920e+05	2.5757407600284158e+05	1.9368628099380338e+05	1.2318602704917666e+05	4.6938990993845148e+05	1.7388723886478390e+05	8.9496936845808465e+04
1.4184567868419676e+05	3.6369713019051484e+05	2.4920256872846518e+05	2.1848935379230353e+05	2.0523749326906053e+05	2.1384029505986601e+05	1.4537948695763806e+05	4.8839470072650770e+05	1.9528561423160581e+05	3.2212014385170850e+05	2.9003784161186148e+05	2.2463193680207914e+05	1.1054917644118587e+05	1.8236593736774632e+05	1.6742587724574446e+05	3.8800844680697902e+05	1.7109584771710954e+05	3.4348879721248162e+05	1.7200242370364920e+05	2.5757407600284158e+05	1.9368628099380338e+05	1.2318602704917666e+05	4.6938990993845148e+05	1.7388723886478390e+05	8.9496936845808465e+04
1.4184567868419676e+05	3.6369713019051484e+05	2.4920256872846518e+05	2.1848935379230353e+05	2.0523749326906053e+05	2.1384029505986601e+05	1.4537948695763806e+05	4.8839470072650770e+05	1.9528561423160581e+05	3.2212014385170850e+05	2.9003784161186148e+05	1.9181040406357506e+05	1.1054917644118587e+05	1.8236593736774632e+05	1.6742587724574446e+05	3.8800844680697902e+05	1.7109584771710954e+05	3.4348879721248162e+05	1.7200242370364920e+05	2.5757407600284158e+05	1.9368628099380338e+05	1.2318602704917666e+05	3.1571953836938459e+05	1.7388723886478390e+05	8.9496936845808465e+04
1.2280261551566805e+05	3.6369713019051484e+05	2.4920256872846518e+05	2.1848935379230353e+05	2.0523749326906053e+05	2.1384029505986601e+05	1.4537948695763806e+05	4.8839470072650770e+05	1.9528561423160581e+05	3.2212014385170850e+05	2.9003784161186148e+05	1.9181040406357506e+05	1.1054917644118587e+05	1.8236593736774632e+05	1.6535402673817327e+05	3.8800844680697902e+05	1.7109584771710954e+05	2.9094385844301770e+05	1.7200242370364920e+05	2.5757407600284158e+05	1.9368628099380338e+05	1.2318602704917666e+05	3.1571953836938459e+05	1.7388723886478390e+05	8.9496936845808465e+04
1.2280261551566805e+05	3.6369713019051484e+05	2.4920256872846518e+05	2.1848935379230353e+05	2.0523749326906053e+05	2.1384029505986601e+05	1.4537948695763806e+05	4.8839470072650770e+05	1.9528561423160581e+05	3.2212014385170850e+05	2.9003784161186148e+05	1.9181040406357506e+05	1.1054917644118587e+05	1.1719949535493806e+05	1.6222199363687198e+05	3.8800844680697902e+05	1.7109584771710954e+05	2.9094385844301770e+05	1.7200242370364920e+05	2.5757407600284158e+05	1.9368628099380338e+05	1.2318602704917666e+05	3.1571953836938459e+05	1.7388723886478390e+05	8.9496936845808465e+04
1.2280261551566805e+05	3.4331014416466036e+05	2.1946938654426264e+05	2.1848935379230353e+05	1.3290074087831186e+05	2.1384029505986601e+05	1.4537948695763806e+05	4.8839470072650770e+05	1.9528561423160581e+05	3.2212014385170850e+05	2.9003784161186148e+05	1.9181040406357506e+05	1.1054917644118587e+05	1.1719949535493806e+05	1.6222199363687198e+05	2.6650992793134955e+05	1.7109584771710954e+05	2.9094385844301770e+05	1.7200242370364920e+05	2.5026579063211882e+05	1.9368628099380338e+05	1.2318602704917666e+05	3.1571953836938459e+05	1.7388723886478390e+05	8.9496936845808465e+04
1.2280261551566805e+05	3.4331014416466036e+05	2.1946938654426264e+05	2.1848935379230353e+05	1.3290074087831186e+05	2.1384029505986601e+05	1.2932287291659496e+05	4.8839470072650770e+05	1.9528561423160581e+05	3.2212014385170850e+05	2.6863322003145627e+05	1.9181040406357506e+05	1.1054917644118587e+05	1.1719949535493806e+05	1.6222199363687198e+05	2.6650992793134955e+05	1.6066359184684983e+05	2.9094385844301770e+05	1.7200242370364920e+05	2.5026579063211882e+05	1.9368628099380338e+05	1.2318602704917666e+05	3.1571953836938459e+05	1.7388723886478390e+05	8.9496936845808465e+04
1.2280261551566805e+05	3.4331014416466036e+05	1.7680617756594290e+05	2.1848935379230353e+05	1.3290074087831186e+05	2.1384029505986601e+05	1.2932287291659496e+05	4.8839470072650770e+05	1.9528561423160581e+05	2.5853189989084110e+05	2.6851730389945931e+05	1.9181040406357506e+05	1.1054917644118587e+05	1.1719949535493806e+05	1.6222199363687198e+05	2.3861254665171818e+05	1.6066359184684983e+05	2.9094385844301770e+05	1.7200242370364920e+05	2.5026579063211882e+05	1.9368628099380338e+05	1.2318602704917666e+05	3.1571953836938459e+05	1.7388723886478390e+05	8.9496936845808465e+04
1.2278240657636293e+05	1.5291142855025921e+05	1.7680617756594290e+05	2.1848935379230353e+05	1.3290074087831186e+05	2.1384029505986601e+05	1.2932287291659496e+05	4.8839470072650770e+05	1.9528561423160581e+05	2.5853189989084110e+05	2.6851730389945931e+05	1.5351012543492828e+05	1.1054917644118587e+05	1.1719949535493806e+05	1.6222199363687198e+05	2.3861254665171818e+05	1.6066359184684983e+05	2.9094385844301770e+05	1.7200242370364920e+05	2.5026579063211882e+05	1.9368628099380338e+05	1.2318602704917666e+05	3.1571953836938459e+05	1.7388723886478390e+05	8.9496936845808465e+04
1.2278240657636293e+05	1.5291142855025921e+05	1.7680617756594290e+05	2.1848935379230353e+05	1.3290074087831186e+05	2.1384029505986601e+05	1.2932287291659496e+05	4.8839470072650770e+05	1.9066836780631871e+05	2.5853189989084110e+05	2.6851730389945931e+05	1.5351012543492828e+05	1.1054917644118587e+05	1.1719949535493806e+05	1.6222199363687198e+05	2.3861254665171818e+05	1.6066359184684983e+05	2.9094385844301770e+05	1.7200242370364920e+05	2.5026579063211882e+05	1.9368628099380338e+05	1.2318602704917666e+05	3.1571953836938459e+05	8.8410665055485180e+04	8.9496936845808465e+04
1.2278240657636293e+05	1.5291142855025921e+05	1.7680617756594290e+05	2.1848935379230353e+05	1.3290074087831186e+05	2.1384029505986601e+05	1.2932287291659496e+05	4.8839470072650770e+05	1.9066836780631871e+05	2.5853189989084110e+05	2.6851730389945931e+05	1.5351012543492828e+05	1.1054917644118587e+05	1.1719949535493806e+05	1.6222199363687198e+05	2.3861254665171818e+05	9.3578953846499266e+04	2.9094385844301770e+05	1.7200242370364920e+05	2.5026579063211882e+05	1.9368628099380338e+05	1.2318602704917666e+05	3.1571953836938459e+05	8.8410665055485180e+04	8.9496936845808465e+04
1.2278209663381452e+05	1.5291142855025921e+05	1.7680617756594290e+05	2.1848935379230353e+05	1.3290074087831186e+05	1.7235635009929497e+05	1.2932287291659496e+05	4.8839470072650770e+05	1.9066836780631871e+05	2.5853189989084110e+05	2.6851730389945931e+05	1.5351012543492828e+05	1.1054917644118587e+05	1.1719949535493806e+05	1.6222199363687198e+05	2.3861254665171818e+05	9.3578953846499266e+04	2.9094385844301770e+05	1.7200242370364920e+05	2.5026579063211882e+05	1.8891295823639841e+05	1.2318602704917666e+05	3.1571953836938459e+05	8.8410665055485180e+04	8.9496936845808465e+04
1.2278209663381452e+05	1.5291142855025921e+05	1.7680617756594290e+05	2.1848935379230353e+05	1.3290074087831186e+05	1.7235635009929497e+05	1.2932287291659496e+05	4.8839470072650770e+05	1.4393526402879381e+05	2.5853189989084110e+05	2.6851730389945931e+05	1.5351012543492828e+05	1.1054917644118587e+05	1.1719949535493806e+05	1.6222199363687198e+05	2.3861254665171818e+05	9.3578953846499266e+04	2.9094385844301770e+05	1.7200242370364920e+05	2.5026579063211882e+05	1.8891295823639841e+05	1.2318602704917666e+05	3.1571953836938459e+05	8.8410665055485180e+04	8.9496936845808465e+04
1.2278209663381452e+05	1.5291142855025921e+05	1.7680617756594290e+05	2.1848935379230353e+05	1.3290074087831186e+05	1.7235635009929497e+05	1.2932287291659496e+05	4.8839470072650770e+05	1.4393526402879381e+05	2.5831489542131481e+05	2.6851730389945931e+05	1.5351012543492828e+05	9.9946144278501102e+04	1.1719949535493806e+05	1.6222199363687198e+05	2.3861254665171818e+05	9.3578953846499266e+04	2.9094385844301770e+05	1.7200242370364920e+05	2.5026579063211882e+05	1.8891295823639841e+05	1.2318602704917666e+05	3.1571953836938459e+05	8.8410665055485180e+04	8.9496936845808465e+04
1.2278209663381452e+05	1.5291142855025921e+05	1.7680617756594290e+05	2.1848935379230353e+05	1.3290074087831186e+05	1.7235635009929497e+05	1.2932287291659496e+05	4.8839470072650770e+05	1.4383599146713101e+05	1.9419964432173857e+05	2.6851730389945931e+05	1.5351012543492828e+05	9.9946144278501102e+04	1.1719949535493806e+05	1.6222199363687198e+05	2.3861254665171818e+05	9.3578953846499266e+04	2.9094385844301770e+05	1.7200242370364920e+05	2.5026579063211882e+05	1.8891295823639841e+05	1.2318602704917666e+05	3.1571953836938459e+05	8.8410665055485180e+04	8.9496936845808465e+04
1.2278209663381452e+05	1.5291142855025921e+05	1.7680617756594290e+05	2.1848935379230353e+05	1.3290074087831186e+05	1.7235635009929497e+05	1.2932287291659496e+05	4.8839470072650770e+05	1.4383599146713101e+05	1.9419964432173857e+05	2.6851730389945931e+05	1.5351012543492828e+05	9.9946144278501102e+04	1.1719949535493806e+05	1.6222199363687198e+05	2.3861254665171818e+05	9.3578953846499266e+04	2.9094385844301770e+05	1.7200242370364920e+05	2.5026579063211882e+05	1.8891295823639841e+05	1.2318602704917666e+05	3.1571953836938459e+05	8.8410665055485180e+04	8.9496936845808465e+04
1.2278209663381452e+05	1.5291142855025921e+05	1.7324943605203764e+05	2.1848935379230353e+05	1.3290074087831186e+05	1.7235635009929497e+05	1.2932287291659496e+05	4.8839470072650770e+05	1.4383599146713101e+05	1.9419964432173857e+05	2.6851730389945931e+05	1.5351012543492828e+05	9.9946144278501102e+04	1.1719949535493806e+05	9.6627464894674034e+04	2.3861254665171818e+05	9.3578953846499266e+04	2.9094385844301770e+05	1.7200242370364920e+05	2.5026579063211882e+05	1.8891295823639841e+05	1.2318602704917666e+05	3.1571953836938459e+05	8.8410665055485180e+04	8.9496936845808465e+04
1.2278209663381452e+05	1.5291142855025921e+05	1.3017134496819417e+05	2.1848935379230353e+05	1.3290074087831186e+05	1.7235635009929497e+05	1.2932287291659496e+05	4.8839470072650770e+05	1.4383599146713101e+05	1.9419964432173857e+05	2.6851730389945931e+05	1.5351012543492828e+05	9.9946144278501102e+04	1.1719949535493806e+05	9.6627464894674034e+04	2.3861254665171818e+05	9.3578953846499266e+04	2.9094385844301770e+05	1.7200242370364920e+05	2.5026579063211882e+05	1.4590062268878162e+05	1.2318602704917666e+05	3.1571953836938459e+05	7.2522065148401074e+04	6.2109849259482748e+04
1.2278209663381452e+05	1.5291142855025921e+05	1.3017134496819417e+05	2.1001727961564731e+05	5.1627653512803663e+04	1.7235635009929497e+05	1.2932287291659496e+05	4.8839470072650770e+05	1.4383599146713101e+05	1.9419964432173857e+05	2.6851730389945931e+05	1.5351012543492828e+05	9.9946144278501102e+04	1.1719949535493806e+05	9.6627464894674034e+04	2.3861254665171818e+05	9.3578953846499266e+04	2.9094385844301770e+05	1.7200242370364920e+05	2.5026579063211882e+05	1.4590062268878162e+05	1.2318602704917666e+05	3.1571953836938459e+05	7.2522065148401074e+04	6.2109849259482748e+04
1.2278209663381452e+05	1.5291142855025921e+05	1.3017134496819417e+05	2.1001727961564731e+05	5.1627653512803663e+04	1.7235635009929497e+05	1.2932287291659496e+05	3.9991570701044158e+05	1.4383599146713101e+05	1.9419964432173857e+05	2.6851730389945931e+05	1.5351012543492828e+05	9.9946144278501102e+04	1.1719949535493806e+05	9.6627464894674034e+04	2.3861254665171818e+05	9.3578953846499266e+04	2.7634015028213547e+05	1.7200242370364920e+05	2.5026579063211882e+05	1.4590062268878162e+05	1.1902044572623621e+05	3.1571953836938459e+05	7.2522065148401074e+04	6.2109849259482748e+04
1.2278209663381452e+05	1.5291142855025921e+05	1.3017134496819417e+05	2.1001727961564731e+05	5.1627653512803663e+04	9.9933684110096161e+04	1.2932287291659496e+05	3.8922630383928993e+05	1.4383599146713101e+05	1.9419964432173857e+05	2.6851730389945931e+05	1.5351012543492828e+05	9.9946144278501102e+04	1.1719949535493806e+05	9.6627464894674034e+04	2.3861254665171818e+05	7.9731466964307896e+04	2.7634015028213547e+05	1.4416490685378845e+05	2.5026579063211882e+05	1.4590062268878162e+05	1.1902044572623621e+05	3.1571953836938459e+05	7.2522065148401074e+04	6.2109849259482748e+04
1.2278209663381452e+05	1.5291142855025921e+05	1.3017134496819417e+05	2.1001727961564731e+05	5.1627653512803663e+04	9.9933684110096161e+04	1.2932287291659496e+05	3.8922630383928993e+05	1.4383599146713101e+05	1.9419964432173857e+05	2.6851730389945931e+05	1.5351012543492828e+05	9.9946144278501102e+04	1.0871367165543581e+05	9.6627464894674034e+04	2.3861254665171818e+05	7.9731466964307896e+04	2.7634015028213547e+05	1.4416490685378845e+05	2.5026579063211882e+05	1.4590062268878162e+05	1.1902044572623621e+05	3.1571953836938459e+05	7.2522065148401074e+04	6.2109849259482748e+04
1.2278209663381452e+05	1.5291142855025921e+05	1.2057655831996916e+05	2.1001727961564731e+05	5.1627653512803663e+04	9.9933684110096161e+04	1.2932287291659496e+05	3.8922630383928993e+05	1.4383599146713101e+05	1.9419964432173857e+05	2.6851730389945931e+05	1.5351012543492828e+05	7.1148635306639873e+04	1.0871367165543581e+05	9.6627464894674034e+04	2.3861254665171818e+05	7.9731466964307896e+04	2.7634015028213547e+05	1.4416490685378845e+05	2.5026579063211882e+05	1.4590062268878162e+05	1.1902044572623621e+05	3.1571953836938459e+05	7.2522065148401074e+04	6.2109849259482748e+04
1.2278209663381452e+05	1.5291142855025921e+05	1.1551894427199278e+05	2.1001727961564731e+05	5.1627653512803663e+04	9.9933684110096161e+04	1.2932287291659496e+05	3.8922630383928993e+05	1.4383599146713101e+05	1.9419964432173857e+05	2.6851730389945931e+05	1.5351012543492828e+05	7.1148635306639873e+04	1.0871367165543581e+05	9.6627464894674034e+04	2.3861254665171818e+05	7.9731466964307896e+04	2.7634015028213547e+05	1.4416490685378845e+05	1.9780448208741006e+05	1.4590062268878162e+05	1.1902044572623621e+05	3.1571953836938459e+05	7.2522065148401074e+04	6.2109849259482748e+04
1.2278209663381452e+05	1.5291142855025921e+05	1.1551894427199278e+05	2.1001727961564731e+05	5.1627653512803663e+04	9.5215556549113331e+04	1.2932287291659496e+05	3.8922630383928993e+05	1.4383599146713101e+05	1.9223315136847313e+05	2.6851730389945931e+05	1.5351012543492828e+05	7.1148635306639873e+04	1.0871367165543581e+05	9.6627464894674034e+04	2.3861254665171818e+05	7.9731466964307896e+04	2.7634015028213547e+05	1.4416490685378845e+05	1.9780448208741006e+05	1.4590062268878162e+05	1.1902044572623621e+05	3.1571953836938459e+05	7.2522065148401074e+04	6.2109849259482748e+04
1.2278209663381452e+05	1.5291142855025921e+05	9.4880521571600169e+04	2.1001727961564731e+05	5.1627653512803663e+04	9.5215556549113331e+04	1.2932287291659496e+05	3.8922630383928993e+05	1.4383599146713101e+05	1.9223315136847313e+05	2.6851730389945931e+05	1.5351012543492828e+05	7.1148635306639873e+04	1.0871367165543581e+05	9.6627464894674034e+04	2.3861254665171818e+05	7.9731466964307896e+04	2.7634015028213547e+05	1.4416490685378845e+05	1.9780448208741006e+05	1.4590062268878162e+05	1.1902044572623621e+05	3.1571953836938459e+05	7.2522065148401074e+04	6.2109849259482748e+04
1.2278209663381452e+05	1.5291142855025921e+05	7.3144193783115872e+04	2.1001727961564731e+05	5.1627653512803663e+04	9.5215556549113331e+04	1.2932287291659496e+05	3.0777783350409556e+05	1.1141079566799127e+05	1.9223315136847313e+05	2.6851730389945931e+05	1.1626355637870784e+05	7.1148635306639873e+04	1.0871367165543581e+05	9.6627464894674034e+04	2.3861254665171818e+05	7.9731466964307896e+04	2.7634015028213547e+05	1.4416490685378845e+05	1.9780448208741006e+05	1.4590062268878162e+05	1.1902044572623621e+05	3.1571953836938459e+05	7.2522065148401074e+04	6.2109849259482748e+04
1.2278209663381452e+05	1.5291142855025921e+05	7.3144193783115872e+04	2.1001727961564731e+05	5.1627653512803663e+04	9.5215556549113331e+04	1.2932287291659496e+05	3.0777783350409556e+05	1.1141079566799127e+05	1.9223315136847313e+05	2.6851730389945931e+05	1.1626355637870784e+05	7.1148635306639873e+04	1.0871367165543581e+05	9.6627464894674034e+04	2.3861254665171818e+05	7.9731466964307896e+04	2.7634015028213547e+05	1.4416490685378845e+05	1.9777877459366579e+05	1.4590062268878162e+05	1.1902044572623621e+05	3.1571953836938459e+05	7.2522065148401074e+04	6.2109849259482748e+04
1.2278209663381452e+05	1.5291142855025921e+05	7.3144193783115872e+04	1.9773623672154709e+05	5.1627653512803663e+04	9.5215556549113331e+04	1.2932287291659496e+05	3.0777783350409556e+05	1.0625052939630998e+05	1.9223315136847313e+05	2.6851730389945931e+05	1.1626355637870784e+05	7.1148635306639873e+04	1.0871367165543581e+05	9.6627464894674034e+04	2.3861254665171818e+05	7.9731466964307896e+04	2.2591672472520094e+05	1.4416490685378845e+05	1.8986607637377799e+05	1.4590062268878162e+05	1.1902044572623621e+05	3.1571953836938459e+05	7.2522065148401074e+04	6.2109849259482748e+04
1.2278209663381452e+05	1.5291142855025921e+05	7.3144193783115872e+04	1.9773623672154709e+05	5.1627653512803663e+04	9.5215556549113331e+04	1.2932287291659496e+05	3.0777783350409556e+05	1.0625052939630998e+05	1.9135894536248926e+05	2.6851730389945931e+05	1.1626355637870784e+05	7.1148635306639873e+04	1.0871367165543581e+05	9.6627464894674034e+04	2.3861254665171818e+05	7.9731466964307896e+04	2.2591672472520094e+05	1.4416490685378845e+05	1.8986607637377799e+05	1.4590062268878162e+05	1.1902044572623621e+05	3.1571953836938459e+05	7.2522065148401074e+04	6.2109849259482748e+04
1.2278209663381452e+05	1.5288964571041131e+05	7.3144193783115872e+04	1.9773623672154709e+05	5.1627653512803663e+04	9.5215556549113331e+04	1.2932287291659496e+05	3.0777783350409556e+05	1.0625052939630998e+05	1.4295843455154236e+05	2.6851730389945931e+05	1.1626355637870784e+05	7.1148635306639873e+04	1.0871367165543581e+05	9.6627464894674034e+04	2.3861254665171818e+05	7.9731466964307896e+04	2.2591672472520094e+05	1.4416490685378845e+05	1.8986607637377799e+05	1.4590062268878162e+05	1.1902044572623621e+05	3.1566692095040786e+05	7.2522065148401074e+04	6.2109849259482748e+04
1.2278209663381452e+05	1.5288964571041131e+05	7.3144193783115872e+04	1.9773623672154709e+05	5.1627653512803663e+04	9.5215556549113331e+04	1.2932287291659496e+05	2.7980013527701783e+05	1.0625052939630998e+05	1.4295843455154236e+05	2.6851730389945931e+05	1.1626355637870784e+05	7.1148635306639873e+04	1.0871367165543581e+05	9.6508613010198271e+04	2.3861254665171818e+05	7.9731466964307896e+04	2.2591672472520094e+05	1.1625912525850850e+05	1.3598719985816613e+05	1.4590062268878162e+05	1.1902044572623621e+05	3.1566692095040786e+05	7.2522065148401074e+04	6.2109849259482748e+04
6.2801236070326391e+04	1.5288964571041131e+05	7.3144193783115872e+04	1.9773623672154709e+05	4.7116528760330242e+04	9.5215556549113331e+04	1.2932287291659496e+05	2.7980013527701783e+05	1.0481878520492531e+05	1.4295843455154236e+05	2.6851730389945931e+05	1.1626355637870784e+05	5.5143633733113449e+04	1.0871367165543581e+05	9.6459405681275923e+04	2.3861254665171818e+05	7.9731466964307896e+04	2.2591672472520094e+05	1.1625912525850850e+05	1.3598719985816613e+05	1.4590062268878162e+05	1.1902044572623621e+05	2.8615388007726020e+05	7.2522065148401074e+04	6.2109849259482748e+04
6.2801236070326391e+04	1.5288964571041131e+05	7.3144193783115872e+04	1.9773623672154709e+05	4.7116528760330242e+04	9.5215556549113331e+04	1.0759988068718766e+05	2.7980013527701783e+05	1.0481878520492531e+05	1.4295843455154236e+05	2.6851730389945931e+05	1.1626355637870784e+05	5.5143633733113449e+04	1.0871367165543581e+05	9.6459405681275923e+04	2.3861254665171818e+05	7.9731466964307896e+04	2.2591672472520094e+05	1.1625912525850850e+05	1.3598719985816613e+05	1.4590062268878162e+05	1.1902044572623621e+05	2.8615388007726020e+05	7.2522065148401074e+04	6.2109849259482748e+04
6.2801236070326391e+04	1.5288964571041131e+05	7.3144193783115872e+04	1.8692204103712508e+05	4.7116528760330242e+04	9.5215556549113331e+04	1.0342983918259054e+05	2.1778562860758777e+05	1.0481878520492531e+05	1.4295843455154236e+05	2.6830643424599961e+05	1.1626355637870784e+05	5.5143633733113449e+04	1.0871367165543581e+05	9.6459405681275923e+04	2.3861254665171818e+05	7.9731466964307896e+04	2.2591672472520094e+05	1.1625912525850850e+05	1.3598719985816613e+05	1.4590062268878162e+05	1.1902044572623621e+05	2.8612664425564033e+05	7.2522065148401074e+04	6.2109849259482748e+04
6.2801236070326391e+04	1.5288964571041131e+05	7.3144193783115872e+04	1.8692204103712508e+05	4.7116528760330242e+04	9.5215556549113331e+04	1.0342983918259054e+05	2.1778562860758777e+05	1.0481878520492531e+05	1.2197554693104794e+05	2.6830643424599961e+05	1.1626355637870784e+05	5.5143633733113449e+04	1.0871367165543581e+05	8.7308363702846691e+04	2.3861254665171818e+05	7.3863774853508687e+04	2.2591672472520094e+05	1.1625912525850850e+05	1.3598719985816613e+05	1.4590062268878162e+05	1.1902044572623621e+05	2.8612664425564033e+05	7.2522065148401074e+04	6.2109849259482748e+04
6.2801236070326391e+04	1.5288964571041131e+05	7.3144193783115872e+04	1.8692204103712508e+05	4.7116528760330242e+04	9.5215556549113331e+04	1.0342983918259054e+05	2.1778562860758777e+05	1.0481878520492531e+05	9.6698210049697474e+04	2.6830643424599961e+05	1.1626355637870784e+05	5.5143633733113449e+04	1.0871367165543581e+05	8.7308363702846691e+04	2.3861254665171818e+05	7.3863774853508687e+04	2.2591672472520094e+05	1.1625912525850850e+05	1.3598719985816613e+05	1.4590062268878162e+05	1.1902044572623621e+05	2.8612664425564033e+05	7.2522065148401074e+04	6.2109849259482748e+04
6.2801236070326391e+04	1.5288964571041131e+05	7.3144193783115872e+04	1.8692204103712508e+05	4.7116528760330242e+04	9.5215556549113331e+04	1.0342983918259054e+05	2.1778562860758777e+05	1.0481878520492531e+05	9.6698210049697474e+04	2.6830643424599961e+05	1.1626355637870784e+05	5.5143633733113449e+04	1.0871367165543581e+05	8.7308363702846691e+04	2.3861254665171818e+05	7.3863774853508687e+04	2.2591672472520094e+05	1.1625912525850850e+05	1.3598719985816613e+05	1.1083726893230464e+05	1.1902044572623621e+05	2.8612664425564033e+05	7.2522065148401074e+04	6.2109849259482748e+04
6.2801236070326391e+04	1.5288964571041131e+05	7.3144193783115872e+04	1.8692204103712508e+05	4.7116528760330242e+04	9.5215556549113331e+04	1.0342983918259054e+05	2.1778562860758777e+05	1.0481878520492531e+05	9.6698210049697474e+04	2.6830643424599961e+05	1.1111250571067689e+05	5.5143633733113449e+04	1.0871367165543581e+05	8.7308363702846691e+04	1.4817710238615682e+05	7.3863774853508687e+04	2.2591672472520094e+05	1.1625912525850850e+05	1.3598719985816613e+05	1.1083726893230464e+05	1.1902044572623621e+05	2.8612664425564033e+05	7.2522065148401074e+04	6.2109849259482748e+04
3.9773097747610249e+04	1.5288964571041131e+05	7.3144193783115872e+04	1.8692204103712508e+05	4.7116528760330242e+04	9.2350155348264176e+04	1.0342983918259054e+05	2.1778562860758777e+05	1.0481878520492531e+05	9.6698210049697474e+04	2.6830643424599961e+05	1.1111250571067689e+05	5.5143633733113449e+04	1.0871367165543581e+05	8.7308363702846691e+04	1.4817710238615682e+05	7.3863774853508687e+04	2.1499318414916418e+05	1.1625912525850850e+05	1.3598719985816613e+05	1.1083726893230464e+05	1.1902044572623621e+05	2.4826898419195740e+05	7.2522065148401074e+04	6.2109849259482748e+04
3.9773097747610249e+04	1.5288964571041131e+05	7.3144193783115872e+04	1.8692204103712508e+05	4.7116528760330242e+04	9.2350155348264176e+04	1.0342983918259054e+05	2.1778562860758777e+05	1.0481878520492531e+05	9.6698210049697474e+04	2.6830643424599961e+05	1.1111250571067689e+05	5.5143633733113449e+04	1.0871367165543581e+05	8.7308363702846691e+04	1.4817710238615682e+05	7.3863774853508687e+04	2.1499318414916418e+05	1.1625912525850850e+05	1.3598719985816613e+05	1.1083726893230464e+05	1.1902044572623621e+05	2.4826898419195740e+05	7.2522065148401074e+04	6.2109849259482748e+04
3.9773097747610249e+04	1.5288964571041131e+05	6.0845129224461896e+04	1.8692204103712508e+05	4.7116528760330242e+04	9.2350155348264176e+04	1.0342983918259054e+05	1.5711621521692554e+05	1.0481878520492531e+05	9.6698210049697474e+04	2.6830643424599961e+05	1.1111250571067689e+05	5.5143633733113449e+04	1.0871367165543581e+05	8.7308363702846691e+04	1.4817710238615682e+05	7.3863774853508687e+04	2.1499318414916418e+05	1.1625912525850850e+05	1.3598719985816613e+05	1.1083726893230464e+05	1.1885564683352431e+05	2.4826898419195740e+05	7.2522065148401001e+04	6.2109849259482748e+04
3.9773097747610249e+04	1.5288964571041131e+05	6.0845129224461896e+04	1.8692204103712508e+05	4.7116528760330242e+04	9.2350155348264176e+04	1.0342983918259054e+05	1.5711621521692554e+05	1.0481878520492531e+05	9.6698210049697474e+04	2.6830643424599961e+05	1.1111250571067689e+05	5.5143633733113449e+04	1.0871367165543581e+05	8.7308363702846691e+04	1.4817710238615682e+05	7.3863774853508687e+04	2.1499318414916418e+05	1.1625912525850850e+05	1.3598719985816613e+05	1.1083726893230464e+05	1.1885564683352431e+05	2.4775498458243653e+05	7.2522065148401001e+04	6.2109849259482748e+04
3.9773097747610249e+04	1.5288964571041131e+05	6.0845129224461896e+04	1.8692204103712508e+05	4.7116528760330242e+04	9.2350155348264176e+04	1.0342983918259054e+05	1.5711621521692554e+05	1.0481878520492531e+05	9.6698210049697474e+04	2.6830643424599961e+05	1.1111250571067689e+05	5.5143633733113449e+04	1.0871367165543581e+05	8.7308363702846691e+04	1.4817710238615682e+05	6.7544231128287007e+04	2.1499318414916418e+05	1.1625912525850850e+05	1.3598719985816613e+05	1.1083726893230464e+05	8.7630276903108461e+04	2.2433693200089445e+05	7.2522065148401001e+04	6.2109849259482748e+04
3.9773097747610249e+04	1.5288964571041131e+05	6.0845129224461896e+04	1.8692204103712508e+05	4.7116528760330242e+04	9.2350155348264176e+04	1.0342983918259054e+05	1.5711621521692554e+05	1.0481878520492531e+05	9.6698210049697474e+04	2.6830643424599961e+05	1.1111250571067689e+05	5.5143633733113449e+04	1.0871367165543581e+05	8.7308363702846691e+04	1.4817538865423607e+05	6.7544231128287007e+04	2.1499318414916418e+05	1.1625912525850850e+05	1.3598719985816613e+05	1.1083726893230464e+05	8.7630276903108461e+04	2.2433326677015476e+05	7.2522065148401001e+04	6.2109849259482748e+04
3.9773097747610249e+04	1.4765981631444630e+05	6.0845129224461896e+04	1.8692204103712508e+05	4.7116528760330242e+04	9.2350155348264176e+04	1.0342983918259054e+05	1.5711621521692554e+05	1.0263277773779196e+05	9.6698210049697474e+04	2.6830643424599961e+05	1.1111250571067689e+05	5.5143633733113449e+04	1.0871367165543581e+05	8.7308363702846691e+04	1.4817538865423607e+05	6.7544231128287007e+04	2.1499318414916418e+05	1.1625912525850850e+05	1.3598719985816613e+05	1.1083726893230464e+05	8.7630276903108461e+04	2.2433326677015476e+05	7.2522065148401001e+04	6.2109849259482748e+04
3.9773097747610249e+04	1.4765981631444630e+05	6.0845129224461896e+04	1.8011203354437323e+05	4.7116528760330242e+04	9.2350155348264176e+04	1.0342983918259054e+05	1.5711621521692554e+05	1.0263277773779196e+05	9.6698210049697474e+04	2.6830643424599961e+05	1.1111250571067689e+05	5.5143633733113449e+04	1.0871367165543581e+05	8.7308363702846691e+04	1.4817538865423607e+05	6.7544231128287007e+04	2.1499318414916418e+05	1.1625912525850850e+05	1.3598719985816613e+05	1.1083726893230464e+05	8.7630276903108461e+04	2.2433326677015476e+05	7.2522065148401001e+04	6.2109849259482748e+04
3.9773097747610249e+04	1.4765981631444630e+05	6.0845129224461896e+04	1.8011203354437323e+05	4.7116528760330242e+04	9.2350155348264176e+04	1.0342983918259054e+05	1.5711621521692554e+05	1.0263277773779196e+05	9.6698210049697474e+04	2.6830643424599961e+05	1.1111250571067689e+05	5.5143633733113449e+04	1.0871367165543581e+05	8.7308363702846691e+04	1.4817538865423607e+05	6.0345308771559416e+04	2.1499318414916418e+05	1.1625912525850850e+05	1.3598719985816613e+05	1.0757803739617926e+05	8.7630276903108461e+04	2.2433326677015476e+05	7.2522065148401001e+04	6.2109849259482748e+04
3.9773097747610249e+04	1.4765981631444630e+05	6.0845129224461896e+04	1.8011203354437323e+05	4.7116528760330242e+04	9.2350155348264176e+04	1.0342983918259054e+05	1.5711621521692554e+05	1.0263277773779196e+05	9.6698210049697474e+04	2.6830643424599961e+05	1.1111250571067689e+05	5.5143633733113449e+04	9.0506646026508955e+04	8.7308363702846691e+04	1.4817538865423607e+05	5.5382881885754832e+04	1.9502677561527782e+05	1.1625912525850850e+05	1.3598719985816613e+05	1.0757803739617926e+05	8.7630276903108461e+04	2.2433326677015476e+05	7.2522065148401001e+04	6.2109849259482748e+04
3.9773097747610249e+04	1.4765981631444630e+05	6.0845129224461896e+04	1.8011203354437323e+05	4.7116528760330242e+04	9.2350155348264176e+04	1.0342983918259054e+05	1.5711621521692554e+05	1.0263277773779196e+05	9.6698210049697474e+04	2.6830643424599961e+05	1.1111250571067689e+05	5.5143633733113449e+04	9.0506646026508955e+04	8.7308363702846691e+04	1.4817538865423607e+05	5.5382881885754832e+04	1.9502677561527782e+05	1.1625912525850850e+05	1.3598719985816613e+05	1.0757803739617926e+05	8.7630276903108461e+04	2.2433326677015476e+05	7.2522065148401001e+04	6.0838981533445010e+04
3.9773097747610249e+04	1.4765981631444630e+05	6.0845129224461896e+04	1.8011203354437323e+05	4.7006637028909863e+04	9.2350155348264176e+04	1.0342983918259054e+05	1.5711621521692554e+05	1.0263277773779196e+05	9.6698210049697474e+04	2.6830643424599961e+05	1.1111250571067689e+05	5.5143633733113449e+04	9.0506646026508955e+04	8.7308363702846691e+04	1.4817538865423607e+05	5.5382881885754832e+04	1.9502677561527782e+05	1.1625912525850850e+05	1.3598719985816613e+05	1.0757803739617926e+05	8.7630276903108461e+04	1.8492711845808802e+05	7.2522065148401001e+04	6.0838981533445010e+04
3.9773097747610249e+04	1.4765981631444630e+05	6.0845129224461896e+04	1.8011203354437323e+05	4.7006637028909863e+04	9.2350155348264176e+04	1.0342983918259054e+05	1.5711621521692554e+05	1.0263277773779196e+05	9.6698210049697474e+04	2.6830643424599961e+05	1.1111250571067689e+05	5.5143633733113449e+04	9.0506646026508955e+04	8.7308363702846691e+04	1.4696788476384839e+05	5.5382881885754832e+04	1.9502677561527782e+05	1.1625912525850850e+05	1.3598719985816613e+05	1.0757803739617926e+05	8.7630276903108461e+04	1.8492711845808802e+05	7.2522065148401001e+04	6.0838981533445010e+04
3.9773097747610249e+04	1.4765981631444630e+05	6.0845129224461896e+04	1.8011203354437323e+05	4.7006637028909863e+04	8.5572375906721994e+04	1.0342983918259054e+05	1.5711621521692554e+05	1.0263277773779196e+05	9.6698210049697474e+04	2.6830643424599961e+05	1.1111250571067689e+05	5.5143633733113449e+04	9.0506646026508955e+04	8.7308363702846691e+04	1.4696788476384839e+05	5.5382881885754832e+04	1.9502677561527782e+05	1.1625912525850850e+05	1.3598719985816613e+05	1.0757803739617926e+05	8.6306054454512909e+04	1.8492711845808802e+05	7.2522065148401001e+04	6.0838981533445010e+04
3.9773097747610249e+04	1.4765981631444630e+05	6.0845129224461896e+04	1.8011203354437323e+05	4.7006637028909863e+04	8.5572375906721994e+04	1.0342983918259054e+05	1.5711621521692554e+05	1.0263277773779196e+05	9.6698210049697474e+04	2.6830643424599961e+05	1.1111250571067689e+05	5.5143633733113449e+04	9.0506646026508955e+04	8.7308363702846691e+04	1.4696788476384839e+05	5.5382881885754832e+04	1.9502677561527782e+05	1.1625912525850850e+05	1.3104043360634356e+05	1.0757803739617926e+05	8.6306054454512909e+04	1.8492711845808802e+05	7.2522065148401001e+04	6.0838981533445010e+04
3.9773097747610249e+04	1.4765981631444630e+05	6.0845129224461896e+04	1.8011203354437323e+05	4.7006637028909863e+04	8.5572375906721994e+04	1.0342983918259054e+05	1.5711621521692554e+05	1.0263277773779196e+05	9.6698210049697474e+04	2.6830643424599961e+05	1.1111250571067689e+05	5.5143633733113449e+04	9.0506646026508955e+04	8.7308363702846691e+04	1.4696788476384839e+05	5.5382881885754832e+04	1.9502677561527782e+05	1.1625912525850850e+05	1.3104043360634356e+05	1.0757803739617926e+05	8.6306054454512909e+04	1.8492711845808802e+05	7.2522065148401001e+04	6.0838981533445010e+04
3.9773097747610249e+04	1.4765981631444630e+05	6.0845129224461896e+04	1.8011203354437323e+05	4.7006637028909863e+04	8.5572375906721994e+04	1.0223297030967125e+05	1.5711621521692554e+05	1.0263277773779196e+05	9.6698210049697474e+04	2.6830643424599961e+05	1.1111250571067689e+05	5.5143633733113449e+04	5.7183518623736585e+04	8.7308363702846691e+04	1.4696788476384839e+05	5.5382881885754832e+04	1.9502677561527782e+05	1.1625912525850850e+05	1.2818075505057270e+05	1.0757803739617926e+05	8.6306054454512909e+04	1.8492711845808802e+05	7.2522065148401001e+04	6.0838981533445010e+04
3.9773097747610242e+04	1.3583115934347559e+05	6.0845129224461896e+04	1.8011203354437323e+05	4.6959980971623758e+04	7.7682694351290760e+04	1.0223297030967125e+05	1.5711621521692554e+05	1.0263277773779196e+05	9.6698210049697474e+04	2.6830643424599961e+05	1.1111250571067689e+05	5.5143633733113449e+04	5.7183518623736585e+04	8.7308363702846691e+04	1.2203611928349285e+05	5.5382881885754832e+04	1.7856596280513779e+05	1.1625912525850850e+05	1.2818075505057270e+05	1.0757803739617926e+05	7.7036766259540658e+04	1.8492696775925189e+05	7.2522065148401001e+04	6.0838981533445010e+04
3.9773097747610242e+04	1.3583115934347559e+05	6.0845129224461896e+04	1.8011203354437323e+05	4.6959980971623758e+04	7.7682694351290760e+04	9.8207202960269235e+04	1.5711621521692554e+05	1.0263277773779196e+05	9.6698210049697474e+04	2.6830643424599961e+05	1.1111250571067689e+05	5.5143633733113449e+04	5.7183518623736585e+04	8.7308363702846691e+04	1.2196952507756808e+05	5.5382881885754832e+04	1.7856596280513779e+05	1.1625912525850850e+05	1.2818075505057270e+05	1.0467872923946881e+05	7.7036766259540658e+04	1.8492696775925189e+05	7.2522065148401001e+04	6.0838981533445010e+04
2.8954652356279774e+04	1.3583115934347559e+05	6.0845129224461896e+04	1.6923392028849135e+05	4.6959980971623758e+04	7.7682694351290760e+04	9.8207202960269235e+04	1.5711621521692554e+05	1.0263277773779196e+05	8.4517543801474923e+04	2.6830643424599961e+05	1.1111250571067689e+05	5.5143633733113449e+04	5.7183518623736585e+04	8.7308363702846691e+04	1.2196952507756808e+05	5.5382881885754832e+04	1.7647374412072878e+05	1.1625912525850850e+05	1.2818075505057270e+05	1.0467872923946881e+05	5.0678386340788144e+04	1.8492696775925189e+05	7.2522065148401001e+04	6.0838981533445010e+04
2.8954652356279774e+04	1.3583115934347559e+05	6.0845129224461896e+04	1.6923392028849135e+05	4.6959980971623758e+04	7.7682694351290760e+04	9.8207202960269235e+04	1.5711621521692554e+05	1.0263277773779196e+05	8.4517543801474923e+04	2.6830643424599961e+05	1.1111250571067689e+05	5.5143633733113449e+04	5.7183518623736585e+04	8.7308363702846691e+04	1.2196952507756808e+05	5.5382881885754832e+04	1.7647374412072878e+05	1.1456005545284116e+05	1.2816902265422736e+05	1.0467872923946881e+05	5.0678386340788144e+04	1.8492696775925189e+05	7.2522065148401001e+04	6.0838981533445010e+04
2.8954652356279774e+04	1.3583115934347559e+05	6.0845129224461896e+04	1.6923392028849135e+05	4.6959980971623758e+04	7.7682694351290760e+04	9.8207202960269235e+04	1.5711621521692554e+05	1.0263277773779196e+05	8.4517543801474923e+04	2.6830643424599961e+05	1.1111250571067689e+05	5.5143633733113449e+04	5.7183518623736585e+04	8.7308363702846691e+04	1.2196952507756808e+05	5.5382881885754832e+04	1.6143878898845249e+05	1.1456005545284116e+05	1.2816902265422736e+05	1.0467872923946881e+05	5.0678386340788144e+04	1.8492696775925189e+05	7.2522065148401001e+04	6.0838981533445010e+04
2.8954652356279774e+04	1.3583115934347559e+05	6.0845129224461896e+04	1.6923392028849135e+05	4.6959980971623758e+04	7.7682694351290760e+04	8.0623722356710117e+04	1.5711621521692554e+05	1.0263277773779196e+05	8.4517543801474923e+04	2.6830643424599961e+05	1.1111250571067689e+05	5.5143633733113449e+04	5.7183518623736585e+04	8.7308363702846691e+04	1.2196952507756808e+05	5.5382881885754832e+04	1.6143878898845249e+05	1.1456005545284116e+05	1.2816902265422736e+05	1.0467872923946881e+05	5.0678386340788144e+04	1.8492696775925189e+05	7.2522065148401001e+04	6.0838981533445010e+04
2.8954652356279774e+04	1.3583115934347559e+05	6.0845129224461896e+04	1.6923392028849135e+05	4.6959980971623758e+04	7.7682694351290760e+04	8.0623722356710117e+04	1.5711621521692554e+05	1.0263277773779196e+05	8.4517543801474923e+04	2.6830643424599961e+05	1.1111250571067689e+05	5.5143633733113449e+04	5.7143909998236224e+04	6.9595013898427060e+04	1.2196952507756808e+05	5.5382881885754832e+04	1.6143878898845249e+05	1.0615668206727519e+05	1.2655566927500017e+05	9.9152587737672613e+04	5.0678386340788144e+04	1.4139190386279370e+05	7.2522065148401001e+04	6.0838981533445010e+04
2.8954652356279774e+04	1.3583115934347559e+05	6.0845129224461896e+04	1.6734216290366621e+05	4.6959980971623758e+04	7.7682694351290760e+04	8.0623722356710117e+04	1.2788707180403042e+05	1.0263277773779196e+05	6.5812989846819022e+04	2.6408293682694237e+05	1.1111250571067689e+05	5.5143633733113449e+04	5.7143909998236224e+04	6.9595013898427060e+04	1.2196952507756808e+05	5.5382881885754832e+04	1.6143878898845249e+05	1.0615668206727519e+05	1.2655566927500017e+05	9.9152587737672613e+04	5.0678386340788144e+04	1.4139190386279370e+05	7.2522065148401001e+04	6.0838981533445010e+04
2.8954652356279774e+04	1.3583115934347559e+05	6.0845129224461896e+04	1.6323256984458142e+05	4.6959980971623758e+04	7.7682694351290760e+04	8.0619573662997718e+04	1.2788707180403042e+05	1.0263277773779196e+05	6.5812989846819022e+04	2.6408293682694237e+05	1.1111250571067689e+05	5.5143633733113449e+04	5.7143909998236224e+04	6.9595013898427060e+04	1.2196952507756808e+05	5.5382881885754832e+04	1.6143878898845249e+05	1.0615668206727519e+05	1.1761967370586515e+05	9.9152587737672613e+04	5.0678386340788144e+04	1.4139190386279370e+05	7.2522065148401001e+04	6.0838981533445010e+04
2.8954652356279774e+04	1.3583115934347559e+05	6.0845129224461896e+04	1.5013065758721274e+05	4.6959980971623758e+04	7.7682694351290760e+04	8.0619573662997718e+04	1.2788707180403042e+05	1.0263277773779196e+05	6.5812989846819022e+04	2.6408293682694237e+05	1.1111250571067689e+05	5.5143633733113449e+04	5.7143909998236224e+04	6.3457694226489068e+04	1.2196952507756808e+05	5.5382881885754832e+04	1.5190407277137300e+05	1.0615668206727519e+05	1.1761967370586515e+05	9.9152587737672613e+04	5.0678386340788144e+04	1.4139190386279370e+05	7.2522065148401001e+04	6.0796460112296598e+04
2.8954652356279774e+04	1.3583115934347559e+05	6.0845129224461896e+04	1.5013065758721274e+05	3.8237585925409177e+04	7.7682694351290760e+04	8.0619573662997718e+04	1.2788707180403042e+05	1.0253203077591027e+05	6.5812989846819022e+04	2.6408293682694237e+05	1.1111250571067689e+05	5.5143633733113449e+04	5.7143909998236224e+04	6.3457694226489068e+04	1.2196952507756808e+05	5.5382881885754832e+04	1.5190407277137300e+05	9.8150572851550634e+04	1.1761967370586515e+05	9.0183467793661155e+04	5.0678386340788144e+04	1.4139190386279370e+05	7.2522065148401001e+04	6.0796460112296598e+04
2.8954652356279774e+04	1.3583115934347559e+05	6.0531136457976565e+04	1.5013065758721274e+05	3.1459132153655755e+04	7.7682694351290760e+04	8.0619573662997718e+04	1.2788707180403042e+05	9.9949149834071446e+04	6.5812989846819022e+04	2.6408293682694237e+05	1.1111250571067689e+05	5.5143633733113449e+04	5.7143909998236224e+04	6.3457694226489068e+04	1.2196952507756808e+05	5.5382881885754832e+04	1.5190407277137300e+05	9.8150572851550634e+04	1.1761967370586515e+05	9.0183467793661155e+04	5.0678386340788144e+04	1.4139190386279370e+05	7.2522065148401001e+04	6.0796460112296598e+04
2.8954652356279774e+04	1.3583115934347559e+05	6.0531136457976565e+04	1.5013065758721274e+05	3.1459132153655755e+04	7.7682694351290760e+04	8.0619573662997718e+04	1.2788707180403042e+05	9.9949149834071446e+04	6.5812989846819022e+04	2.6408293682694237e+05	8.9946251733611163e+04	5.5143633733113449e+04	5.7143909998236224e+04	6.0075470620729575e+04	1.2196952507756808e+05	5.5382881885754832e+04	1.5190407277137300e+05	9.8150572851550634e+04	1.1761967370586515e+05	9.0183467793661155e+04	5.0678386340788144e+04	1.4139190386279370e+05	7.2522065148401001e+04	6.0796460112296598e+04
2.8954652356279774e+04	1.3583115934347559e+05	6.0531136457976565e+04	1.5013065758721274e+05	3.1459132153655755e+04	7.7682694351290760e+04	8.0619573662997718e+04	1.1852521108050807e+05	9.9949149834071446e+04	6.5812989846819022e+04	2.6408293682694237e+05	8.9946251733611163e+04	5.5143633733113449e+04	5.7143909998236224e+04	6.0075470620729575e+04	1.2196952507756808e+05	5.5382881885754832e+04	1.3933345169080948e+05	9.8150572851550634e+04	1.1761967370586515e+05	9.0183467793661155e+04	5.0678386340788144e+04	1.4139190386279370e+05	7.2522065148401001e+04	6.0796460112296598e+04
2.8954652356279774e+04	1.3583115934347559e+05	6.0531136457976565e+04	1.5013065758721274e+05	3.1459132153655755e+04	7.7682694351290760e+04	8.0226726817862524e+04	1.1852521108050807e+05	9.9923288563286740e+04	6.5812989846819022e+04	2.6408293682694237e+05	8.9946251733611163e+04	5.5143633733113449e+04	5.7143909998236224e+04	6.0075470620729575e+04	1.2196952507756808e+05	5.5382881885754832e+04	1.3933345169080948e+05	9.8150572851550634e+04	1.1761967370586515e+05	9.0150896807295241e+04	4.6247122904927717e+04	1.4139190386279370e+05	7.2522065148401001e+04	6.0796460112296598e+04
2.8954652356279774e+04	1.3583115934347559e+05	6.0531136457976565e+04	1.5013065758721274e+05	3.1459132153655755e+04	7.4658184929522147e+04	8.0226726817862524e+04	1.1852521108050807e+05	9.9923288563286740e+04	6.5812989846819022e+04	2.6408293682694237e+05	8.9946251733611163e+04	5.5143633733113449e+04	5.7143909998236224e+04	6.0075470620729575e+04	1.2196952507756808e+05	5.5382881885754832e+04	1.3933345169080948e+05	9.8150572851550634e+04	1.1761967370586515e+05	9.0150896807295241e+04	4.6247122904927717e+04	1.4139190386279370e+05	7.2522065148401001e+04	6.0796460112296598e+04
2.8954652356279774e+04	1.2151649092250702e+05	6.0531136457976565e+04	1.5013065758721274e+05	3.1436750961224170e+04	7.4658184929522147e+04	8.0226726817862524e+04	1.1852521108050807e+05	9.9923288563286740e+04	5.9247168670387706e+04	2.6408293682694237e+05	8.9946251733611163e+04	5.5143633733113449e+04	5.7143909998236224e+04	6.0075470620729575e+04	1.2196952507756808e+05	5.1340464286085029e+04	1.3333443901547359e+05	9.8150572851550634e+04	1.1754853966955551e+05	9.0150896807295241e+04	4.6247122904927717e+04	1.4139190386279370e+05	6.7545544780374752e+04	6.0796460112296598e+04
2.8954652356279774e+04	1.2151649092250702e+05	6.0531136457976565e+04	1.5013065758721274e+05	3.1436750961224170e+04	7.1256417661542306e+04	8.0226726817862524e+04	1.1852521108050807e+05	9.9923288563286740e+04	5.9247168670387706e+04	2.6408293682694237e+05	8.9946251733611163e+04	5.5143633733113449e+04	5.7143909998236224e+04	6.0075470620729575e+04	9.4196956010536334e+04	5.1340464286085029e+04	1.3333443901547359e+05	9.8150572851550634e+04	1.0236436795411538e+05	9.0150896807295241e+04	4.6247122904927717e+04	1.4139190386279370e+05	6.7545544780374752e+04	6.0796460112296598e+04
2.8954652356279774e+04	1.2151649092250702e+05	6.0531136457976565e+04	1.5013065758721274e+05	3.1436750961224170e+04	7.1256417661542306e+04	8.0226726817862524e+04	1.1852521108050807e+05	9.9923288563286740e+04	5.9247168670387706e+04	2.6408293682694237e+05	8.9946251733611163e+04	5.5143633733113449e+04	5.7143909998236224e+04	6.0075470620729575e+04	9.4196956010536334e+04	5.1340464286085029e+04	1.3333443901547359e+05	9.8150572851550634e+04	1.0236436795411538e+05	9.0150896807295241e+04	4.6247122904927717e+04	1.4139190386279370e+05	6.7545544780374752e+04	6.0796460112296598e+04
2.8954652356279774e+04	1.2151649092250702e+05	6.0531136457976565e+04	1.5013065758721274e+05	3.1436750961224170e+04	7.1256417661542306e+04	8.0226726817862524e+04	1.1852521108050807e+05	9.5843052264983300e+04	5.9247168670387706e+04	2.6408293682694237e+05	8.9946251733611163e+04	5.5143633733113449e+04	5.7143909998236224e+04	6.0075470620729575e+04	9.4196956010536334e+04	5.1340464286085029e+04	1.3333443901547359e+05	9.8150572851550634e+04	1.0236436795411538e+05	9.0150896807295241e+04	4.6247122904927717e+04	1.4139190386279370e+05	6.7545544780374752e+04	6.0796460112296598e+04
2.8954652356279774e+04	1.2151649092250702e+05	6.0531136457976565e+04	1.5013065758721274e+05	3.1436750961224170e+04	7.1256417661542306e+04	8.0226726817862524e+04	1.1852521108050807e+05	9.5843052264983300e+04	5.9247168670387706e+04	2.6408293682694237e+05	8.5331016184547494e+04	5.5143633733113449e+04	5.7143909998236224e+04	6.0075470620729575e+04	9.4196956010536334e+04	5.1340464286085029e+04	1.3333443901547359e+05	9.8150572851550634e+04	1.0236436795411538e+05	9.0150896807295241e+04	4.6247122904927717e+04	1.4139190386279370e+05	6.7545544780374752e+04	6.0796460112296598e+04
2.8954652356279774e+04	1.2151649092250702e+05	6.0531136457976565e+04	1.5013065758721274e+05	3.1436750961224170e+04	7.1256417661542306e+04	8.0226726817862524e+04	1.1852521108050807e+05	9.5843052264983300e+04	5.9247168670387706e+04	2.6408293682694237e+05	8.5331016184547494e+04	5.5143633733113449e+04	5.7143909998236224e+04	6.0075470620729575e+04	9.4196956010536334e+04	4.6242782787951815e+04	1.3333443901547359e+05	9.8150572851550634e+04	1.0236436795411538e+05	9.0150896807295241e+04	4.6247122904927717e+04	1.4139190386279370e+05	6.7545544780374752e+04	6.0786362152660091e+04
2.8954652356279774e+04	1.2151649092250702e+05	6.0531136457976565e+04	1.5013065758721274e+05	3.1436750961224170e+04	7.1256417661542306e+04	8.0226726817862524e+04	1.1852521108050807e+05	9.5843052264983300e+04	5.9247168670387706e+04	2.6408293682694237e+05	8.5331016184547494e+04	5.5143633733113449e+04	5.7143909998236224e+04	6.0075470620729575e+04	9.4196956010536334e+04	4.6242782787951815e+04	1.1757711412415224e+05	9.8150572851550634e+04	1.0236436795411538e+05	9.0150896807295241e+04	4.6247122904927717e+04	1.4139190386279370e+05	6.7545544780374752e+04	6.0786362152660091e+04
2.8954652356279774e+04	1.2151649092250702e+05	6.0531136457976565e+04	1.5013065758721274e+05	3.1436750961224170e+04	7.1256417661542306e+04	8.0226726817862524e+04	1.1852521108050807e+05	9.5843052264983300e+04	5.9247168670387706e+04	2.6408293682694237e+05	8.5331016184547494e+04	5.5143633733113449e+04	5.7143909998236224e+04	6.0075470620729575e+04	9.4196956010536334e+04	4.6242782787951815e+04	1.1757711412415224e+05	9.8150572851550634e+04	1.0236436795411538e+05	9.0150896807295241e+04	4.6247122904927717e+04	1.4139190386279370e+05	6.7545544780374752e+04	6.0786362152660091e+04
2.8954652356279774e+04	1.2151649092250702e+05	6.0531136457976565e+04	1.5013065758721274e+05	3.1436750961224170e+04	7.1256417661542306e+04	8.0226726817862524e+04	1.1852521108050807e+05	9.5843052264983300e+04	5.9247168670387706e+04	2.6408293682694237e+05	8.5331016184547494e+04	5.5143633733113449e+04	5.7143909998236224e+04	6.0075470620729575e+04	9.4196956010536334e+04	4.6242782787951815e+04	1.1757711412415224e+05	8.7759396115414289e+04	1.0236436795411538e+05	8.2967495240482414e+04	4.6247122904927717e+04	1.4139190386279370e+05	6.7545544780374752e+04	6.0786362152660091e+04
2.8954652356279774e+04	1.2151649092250702e+05	6.0531136457976565e+04	1.5013065758721274e+05	3.1436750961224170e+04	7.1256417661542306e+04	8.0226726817862524e+04	1.1852521108050807e+05	9.5843052264983300e+04	5.9247168670387706e+04	2.6408293682694237e+05	8.5331016184547494e+04	5.5143633733113449e+04	5.7143909998236224e+04	6.0075470620729575e+04	9.4196956010536334e+04	4.6242782787951815e+04	1.1440285244853402e+05	8.7759396115414289e+04	1.0236436795411538e+05	8.2967495240482414e+04	4.6247122904927717e+04	1.4139190386279370e+05	6.7545544780374752e+04	6.0782999310890104e+04
2.8954652356279774e+04	1.2151649092250702e+05	6.0531136457976565e+04	1.3050232602049914e+05	3.1436750961224170e+04	7.1256417661542306e+04	8.0226726817862524e+04	1.1705196999713844e+05	9.5843052264983300e+04	5.9111416826630833e+04	2.6408293682694237e+05	8.5331016184547494e+04	5.5143633733113449e+04	5.7097223008655710e+04	6.0075470620729575e+04	7.7775786803516065e+04	4.6242782787951815e+04	1.1440285244853402e+05	8.7759396115414289e+04	1.0236436795411538e+05	8.2967495240482414e+04	4.6247122904927717e+04	1.4139190386279370e+05	6.7545544780374752e+04	5.8717661305247660e+04
2.8954652356279774e+04	1.2151649092250702e+05	6.0531136457976565e+04	1.2087704360654170e+05	3.1436750961224170e+04	7.1256417661542306e+04	8.0226726817862524e+04	1.1705196999713844e+05	9.5843052264983300e+04	5.9111416826630833e+04	2.5810888825585728e+05	8.5331016184547494e+04	5.5143633733113449e+04	5.7097223008655710e+04	6.0075470620729575e+04	7.7775786803516065e+04	4.6242782787951815e+04	1.1440285244853402e+05	8.5205303815952997e+04	1.0236436795411538e+05	8.2967495240482414e+04	4.6247122904927717e+04	1.4139190386279370e+05	6.4807999273278183e+04	5.8717661305247660e+04
2.6243929790780698e+04	1.2151649092250702e+05	6.0531136457976565e+04	1.2087704360654170e+05	3.1436750961224170e+04	7.1256417661542306e+04	8.0226726817862524e+04	1.1705196999713844e+05	9.5843052264983300e+04	5.9111416826630833e+04	2.5810888825585728e+05	8.5318283660863948e+04	4.0409099954333513e+04	5.7097223008655710e+04	6.0075470620729575e+04	7.7775786803516065e+04	4.6242782787951815e+04	1.1440285244853402e+05	8.5205303815952997e+04	1.0236436795411538e+05	8.2967495240482414e+04	4.6247122904927717e+04	1.4139190386279370e+05	6.4807999273278183e+04	5.8717661305247660e+04
2.6243929790780698e+04	1.2151649092250702e+05	6.0531136457976565e+04	1.2087704360654170e+05	3.1436750961224170e+04	7.1256417661542306e+04	8.0226726817862524e+04	1.1705196999713844e+05	9.2568419729474845e+04	5.9069525007055578e+04	2.5810888825585728e+05	8.5318283660863948e+04	4.0409099954333513e+04	5.7097223008655710e+04	6.0075470620729575e+04	7.7775786803516065e+04	4.6242782787951815e+04	1.1440285244853402e+05	8.5205303815952997e+04	1.0236436795411538e+05	8.2967495240482414e+04	4.6247122904927717e+04	1.4139190386279370e+05	6.4807999273278183e+04	5.8717661305247660e+04
2.6243929790780698e+04	1.2151649092250702e+05	6.0531136457976565e+04	1.2087704360654170e+05	3.1436750961224170e+04	7.1256417661542306e+04	8.0226726817862524e+04	1.1705196999713844e+05	9.2568419729474845e+04	5.9069525007055578e+04	2.5810888825585728e+05	8.5318283660863948e+04	4.0409099954333513e+04	5.7097223008655710e+04	6.0075470620729575e+04	7.7775786803516065e+04	4.6058838905190343e+04	1.1440285244853402e+05	8.5205303815952997e+04	1.0236436795411538e+05	8.2967495240482414e+04	4.6247122904927717e+04	1.4139190386279370e+05	6.4807999273278183e+04	4.2593545335341259e+04
2.6243929790780698e+04	1.2151649092250702e+05	6.0531136457976565e+04	1.2087704360654170e+05	3.1436750961224170e+04	6.7448191320860322e+04	8.0226726817862524e+04	1.1705196999713844e+05	9.2568419729474845e+04	5.9069525007055578e+04	2.5810888825585728e+05	8.5318283660863948e+04	4.0409099954333513e+04	5.7097223008655710e+04	6.0075470620729575e+04	7.7775786803516065e+04	4.6058838905190343e+04	1.1440285244853402e+05	7.9552608246948395e+04	1.0236436795411538e+05	7.8471053547494113e+04	4.6247122904927717e+04	1.4139190386279370e+05	6.4807999273278183e+04	4.2593545335341259e+04
2.6243929790780698e+04	1.2151649092250702e+05	6.0531136457976565e+04	1.2087704360654170e+05	3.1436750961224170e+04	6.2542172650572604e+04	8.0226726817862524e+04	1.1705196999713844e+05	9.2568419729474845e+04	5.9069525007055578e+04	2.5810888825585728e+05	8.5318283660863948e+04	4.0409099954333513e+04	5.7097223008655710e+04	6.0075470620729575e+04	7.7775786803516065e+04	4.6058838905190343e+04	1.1314890457160069e+05	7.9552608246948395e+04	1.0236436795411538e+05	7.8471053547494113e+04	4.6247122904927717e+04	1.4139190386279370e+05	6.4807999273278183e+04	4.2593545335341259e+04
2.6243929790780698e+04	1.2151649092250702e+05	6.0531136457976565e+04	1.2087704360654170e+05	3.0965235949586728e+04	6.2542172650572604e+04	7.5583504120164725e+04	1.1021576452027090e+05	9.2568419729474845e+04	5.9069525007055578e+04	2.5810888825585728e+05	8.5318283660863948e+04	4.0409099954333513e+04	5.7097223008655710e+04	6.0075470620729575e+04	7.7775786803516065e+04	4.6058838905190343e+04	9.6389896206881138e+04	7.9552608246948395e+04	1.0236436795411538e+05	7.8471053547494113e+04	4.6247122904927717e+04	1.4139190386279370e+05	6.4807999273278183e+04	4.2593545335341259e+04
2.6243929790780698e+04	1.2151649092250702e+05	6.0531136457976565e+04	1.2075979409012900e+05	3.0965235949586728e+04	6.2542172650572604e+04	7.5583504120164725e+04	1.1021576452027090e+05	9.2568419729474845e+04	5.9069525007055578e+04	2.5810888825585728e+05	8.5318283660863948e+04	4.0409099954333513e+04	4.8706976237128110e+04	6.0075470620729575e+04	7.7775786803516065e+04	4.6058838905190343e+04	9.6389896206881138e+04	7.9552608246948395e+04	1.0236436795411538e+05	7.8471053547494113e+04	4.6247122904927717e+04	1.4139190386279370e+05	6.4807999273278183e+04	4.2593545335341259e+04
2.6243929790780698e+04	1.2145001800096547e+05	4.8280357236505661e+04	1.2075979409012900e+05	3.0965235949586728e+04	6.2542172650572604e+04	6.8879122081076333e+04	1.1021576452027090e+05	9.2568419729474845e+04	5.9069525007055578e+04	2.5011865584909404e+05	8.5318283660863948e+04	4.0409099954333513e+04	4.8706976237128110e+04	6.0075470620729575e+04	7.7775786803516065e+04	4.6058838905190343e+04	9.6389896206881138e+04	7.9552608246948395e+04	1.0236436795411538e+05	7.8471053547494113e+04	4.6247122904927717e+04	1.4139190386279370e+05	6.4807999273278183e+04	4.2593545335341259e+04
2.6243929790780698e+04	1.2145001800096547e+05	4.8280357236505661e+04	1.0366705736517865e+05	3.0965235949586728e+04	6.2542172650572604e+04	6.8879122081076333e+04	1.1021576452027090e+05	9.2568419729474845e+04	5.9069525007055578e+04	2.5011865584909404e+05	8.5318283660863948e+04	4.0409099954333513e+04	4.8706976237128110e+04	4.8134721812712713e+04	7.7775786803516065e+04	4.6058838905190343e+04	9.6389896206881138e+04	7.9552608246948395e+04	1.0236436795411538e+05	7.8471053547494113e+04	4.6247122904927717e+04	1.4139190386279370e+05	6.4807999273278183e+04	4.2593545335341259e+04
2.6243929790780698e+04	1.1759208117006086e+05	4.8280357236505661e+04	1.0366705736517865e+05	3.0965235949586728e+04	6.2542172650572604e+04	6.8879122081076333e+04	1.1021576452027090e+05	9.2568419729474845e+04	5.9069525007055578e+04	2.5011865584909404e+05	8.5318283660863948e+04	3.0220384959217219e+04	4.8699858366609980e+04	4.8134721812712713e+04	7.7775786803516065e+04	4.6058838905190343e+04	9.6389896206881138e+04	7.9552608246948395e+04	1.0236436795411538e+05	7.8471053547494113e+04	4.6247122904927717e+04	1.4139190386279370e+05	6.4807999273278183e+04	4.2593545335341259e+04
2.6243929790780698e+04	1.1759208117006086e+05	4.2414473499899563e+04	1.0366705736517865e+05	3.0965235949586728e+04	6.2542172650572604e+04	6.8879122081076333e+04	1.1021576452027090e+05	9.2568419729474845e+04	5.9069525007055578e+04	2.5011865584909404e+05	8.5318283660863948e+04	3.0220384959217219e+04	4.8699858366609980e+04	4.8134721812712713e+04	7.7775786803516065e+04	4.6058838905190343e+04	9.6389896206881138e+04	7.9552608246948395e+04	1.0236436795411538e+05	7.6510095808610713e+04	4.6247122904927717e+04	1.4139190386279370e+05	6.4807999273278183e+04	4.2593545335341259e+04
2.6243929790780698e+04	1.1759208117006086e+05	4.2414473499899563e+04	1.0366705736517865e+05	2.6785728595081906e+04	6.2542172650572604e+04	6.8879122081076333e+04	1.1021576452027090e+05	9.2568419729474845e+04	5.9069525007055578e+04	2.5011865584909404e+05	8.4797684841078561e+04	3.0220384959217219e+04	4.8699858366609980e+04	4.8134721812712713e+04	7.7775786803516065e+04	4.6058838905190343e+04	9.6389896206881138e+04	7.9552608246948395e+04	1.0121276151392455e+05	7.5601910048050268e+04	4.6247122904927717e+04	1.4139190386279370e+05	6.4807999273278183e+04	4.2593545335341259e+04
2.6243929790780698e+04	1.1759208117006086e+05	4.2414473499899563e+04	1.0366705736517865e+05	2.6785728595081906e+04	6.2542172650572604e+04	6.8879122081076333e+04	1.1021576452027090e+05	9.2568419729474845e+04	5.9069525007055578e+04	2.5011865584909404e+05	8.4797684841078561e+04	3.0220384959217219e+04	4.8699858366609980e+04	4.8134721812712713e+04	7.7775786803516065e+04	4.6058838905190343e+04	9.6389896206881138e+04	7.9552608246948395e+04	1.0121276151392455e+05	7.5601910048050268e+04	4.6247122904927717e+04	1.4139190386279370e+05	6.4807999273278183e+04	4.0301430370972834e+04
2.6243929790780698e+04	1.1645507517962757e+05	4.2414473499899563e+04	1.0366705736517865e+05	2.6785728595081906e+04	6.2276544590538397e+04	6.8879122081076333e+04	1.1021576452027090e+05	8.9332780020675942e+04	5.3956667086044363e+04	2.5011865584909404e+05	8.4797684841078561e+04	3.0220384959217219e+04	4.8699858366609980e+04	4.8134721812712713e+04	7.7775786803516065e+04	4.6058838905190343e+04	9.6389896206881138e+04	7.9552608246948395e+04	1.0121276151392455e+05	7.5601910048050268e+04	4.6247122904927717e+04	1.4139190386279370e+05	6.4807999273278183e+04	4.0301430370972834e+04
2.6243929790780698e+04	1.1645507517962757e+05	4.2414473499899563e+04	1.0297001603688287e+05	2.6785728595081906e+04	6.2276544590538397e+04	6.7436759249552895e+04	1.1021576452027090e+05	8.9332780020675942e+04	5.3956667086044363e+04	2.5011865584909404e+05	8.4797684841078561e+04	3.0220384959217219e+04	4.8699858366609980e+04	4.8134721812712713e+04	7.7775786803516065e+04	4.6058838905190343e+04	9.1902585302619234e+04	7.9552608246948395e+04	1.0121276151392455e+05	7.5443907531500256e+04	4.6247122904927717e+04	1.4139190386279370e+05	6.4807999273278183e+04	4.0301430370972834e+04
2.6243929790780698e+04	1.1645507517962757e+05	4.2414473499899563e+04	1.0297001603688287e+05	2.6785728595081906e+04	5.8164520444077047e+04	6.7436759249552895e+04	1.1021576452027090e+05	8.9332780020675942e+04	5.3956667086044363e+04	2.5011865584909404e+05	8.4797684841078561e+04	3.0220384959217219e+04	4.8699858366609980e+04	4.2240289783918779e+04	7.7775786803516065e+04	4.6058838905190343e+04	9.1902585302619234e+04	7.9552608246948395e+04	1.0121276151392455e+05	7.5443907531500256e+04	4.6220242201698624e+04	1.4139190386279370e+05	6.4807999273278183e+04	4.0301430370972834e+04
2.6243929790780698e+04	1.1297813991926571e+05	4.2414473499899563e+04	1.0081762620541881e+05	2.6785728595081906e+04	5.8164520444077047e+04	6.0555411017439728e+04	1.1021576452027090e+05	8.9332780020675942e+04	5.3956667086044363e+04	2.5011865584909404e+05	8.4797684841078561e+04	3.0220384959217219e+04	4.8699858366609980e+04	4.2240289783918779e+04	7.7775786803516065e+04	4.6058838905190343e+04	9.1902585302619234e+04	7.9552608246948395e+04	1.0121276151392455e+05	6.4933906227974308e+04	4.6220242201698624e+04	1.4019900559921574e+05	6.4807999273278183e+04	4.0301430370972834e+04
2.6243929790780698e+04	1.1297813991926571e+05	4.2414473499899563e+04	1.0081762620541881e+05	2.6785728595081906e+04	5.8164520444077047e+04	6.0555411017439728e+04	1.1021576452027090e+05	8.9332780020675942e+04	5.3956667086044363e+04	2.5011865584909404e+05	8.4797684841078561e+04	3.0220384959217219e+04	4.8699858366609980e+04	4.2240289783918779e+04	7.7775786803516065e+04	4.6058838905190343e+04	8.8714854902342893e+04	7.9552608246948395e+04	1.0121276151392455e+05	6.4933906227974308e+04	4.6220242201698624e+04	1.0413873999787302e+05	6.4807999273278183e+04	4.0301430370972834e+04
2.5871937927537496e+04	1.1297813991926571e+05	4.2414473499899563e+04	8.7394923429499657e+04	2.6785728595081906e+04	5.8164520444077047e+04	6.0555411017439728e+04	1.1021576452027090e+05	8.9332780020675942e+04	5.3956667086044363e+04	2.5011865584909404e+05	8.0326620353318751e+04	3.0220384959217219e+04	4.8699858366609980e+04	4.2240289783918779e+04	7.7775786803516065e+04	4.6058838905190343e+04	8.8714854902342893e+04	7.9552608246948395e+04	1.0121276151392455e+05	6.4933906227974308e+04	4.6220242201698624e+04	1.0413873999787302e+05	6.4807999273278183e+04	4.0301430370972834e+04
2.5871937927537496e+04	1.1297813991926571e+05	4.2414473499899563e+04	8.7394923429499657e+04	2.6785728595081906e+04	5.8164520444077047e+04	6.0555411017439728e+04	1.1021576452027090e+05	8.9324779908165860e+04	5.3956667086044363e+04	2.5011865584909404e+05	7.8017721288030865e+04	3.0220384959217219e+04	4.8699858366609980e+04	4.2240289783918779e+04	7.7775786803516065e+04	4.6058838905190343e+04	8.8714854902342893e+04	7.9552608246948395e+04	9.7699655278795370e+04	6.4933906227974308e+04	4.6220242201698624e+04	1.0413873999787302e+05	6.4807999273278183e+04	4.0301430370972834e+04
2.5871937927537496e+04	1.1297813991926571e+05	4.2414473499899563e+04	8.7394923429499657e+04	2.6785728595081906e+04	5.8164520444077047e+04	6.0555411017439728e+04	1.1021576452027090e+05	8.9324779908165860e+04	5.3956667086044363e+04	2.4848037598916458e+05	7.8017721288030865e+04	3.0220384959217219e+04	4.8699858366609980e+04	4.2240289783918779e+04	7.7775786803516065e+04	4.6058838905190343e+04	7.1055076189277665e+04	7.9552608246948395e+04	9.7699655278795370e+04	6.4933906227974308e+04	4.6220242201698624e+04	1.0413873999787302e+05	6.4807999273278183e+04	4.0301430370972834e+04
2.5871937927537496e+04	1.1233663501680235e+05	4.2414473499899563e+04	8.7394923429499657e+04	2.6161098897334945e+04	5.8164520444077047e+04	6.0555411017439728e+04	1.1021576452027090e+05	8.9324779908165860e+04	5.3956667086044363e+04	2.4848037598916458e+05	7.8017721288030865e+04	3.0220384959217219e+04	4.8699858366609980e+04	4.2240289783918779e+04	7.7775786803516065e+04	4.4251025654773512e+04	7.1055076189277665e+04	7.9552608246948395e+04	9.4325297214005332e+04	6.4933906227974308e+04	4.6220242201698624e+04	1.0413873999787302e+05	6.4807999273278183e+04	4.0301430370972834e+04
2.5871937927537496e+04	1.1233663501680235e+05	4.2414473499899563e+04	8.7394923429499657e+04	2.6161098897334945e+04	5.8164520444077047e+04	6.0555411017439728e+04	1.1021576452027090e+05	8.9324779908165860e+04	5.3956667086044363e+04	2.4848037598916458e+05	7.8017721288030865e+04	3.0220384959217219e+04	4.8699858366609980e+04	4.2240289783918779e+04	7.7775786803516065e+04	4.4251025654773512e+04	7.1055076189277665e+04	7.9552608246948395e+04	9.4325297214005332e+04	6.4933906227974308e+04	4.6220242201698624e+04	1.0413873999787302e+05	6.4807999273278183e+04	4.0301430370972834e+04
2.5871937927537496e+04	1.1233663501680235e+05	4.2414473499899563e+04	8.7394923429499657e+04	2.6161098897334945e+04	5.7225634776158797e+04	6.0555411017439728e+04	1.1021576452027090e+05	8.9324779908165860e+04	5.2958823320501935e+04	2.4848037598916458e+05	7.8017721288030865e+04	3.0220384959217219e+04	4.8234804445986825e+04	4.2240289783918779e+04	7.7775786803516065e+04	4.4251025654773512e+04	7.1055076189277665e+04	7.9552608246948395e+04	9.4325297214005332e+04	6.4933906227974308e+04	4.6220242201698624e+04	1.0413873999787302e+05	6.4807999273278183e+04	4.0301430370972834e+04
2.5871937927537496e+04	1.1233663501680235e+05	4.2414473499899563e+04	8.7394923429499657e+04	2.6161098897334945e+04	5.7225634776158797e+04	6.0555411017439728e+04	1.1021576452027090e+05	8.9324779908165860e+04	5.2958823320501935e+04	2.4848037598916458e+05	6.3111546564329496e+04	3.0220384959217219e+04	4.8234804445986825e+04	4.2240289783918779e+04	7.7775786803516065e+04	4.4251025654773512e+04	7.1055076189277665e+04	7.9552608246948395e+04	9.4325297214005332e+04	6.4933906227974308e+04	4.6220242201698624e+04	1.0413873999787302e+05	6.4807999273278183e+04	4.0301430370972834e+04
2.5871937927537496e+04	1.1233663501680235e+05	4.2414473499899563e+04	8.7394923429499657e+04	2.6161098897334945e+04	5.7225634776158797e+04	6.0555411017439728e+04	1.1021576452027090e+05	8.9324779908165860e+04	5.2958200335707326e+04	2.4848037598916458e+05	6.3111546564329496e+04	3.0220384959217219e+04	4.8234804445986825e+04	4.2240289783918779e+04	7.7775786803516065e+04	4.4251025654773512e+04	7.1055076189277665e+04	7.9552608246948395e+04	9.4325297214005332e+04	6.4933906227974308e+04	4.6220242201698624e+04	1.0413873999787302e+05	6.4807999273278183e+04	4.0301430370972834e+04
2.5871937927537496e+04	1.0768722229858433e+05	4.2414473499899563e+04	8.7394923429499657e+04	2.6161098897334945e+04	5.6761692453292861e+04	6.0555411017439728e+04	1.1021576452027090e+05	8.9324779908165860e+04	5.2958200335707326e+04	2.4667864214374893e+05	6.3111546564329496e+04	3.0220384959217219e+04	4.8234804445986825e+04	4.2240289783918779e+04	7.7775786803516065e+04	4.4251025654773512e+04	6.1223742703472315e+04	7.9552608246948395e+04	9.4325297214005332e+04	6.4933906227974308e+04	4.6220242201698624e+04	1.0413873999787302e+05	6.4807999273278183e+04	4.0301430370972834e+04
2.5871937927537496e+04	1.0768722229858433e+05	4.2414473499899563e+04	8.7394923429499657e+04	2.6161098897334945e+04	5.6761692453292861e+04	6.0555411017439728e+04	9.5311149151010861e+04	8.9324779908165860e+04	4.3907453870214158e+04	2.4667864214374893e+05	6.3111546564329496e+04	3.0220384959217219e+04	4.8234804445986825e+04	4.2240289783918779e+04	7.7775786803516065e+04	4.4251025654773512e+04	6.0746394763508768e+04	7.9552608246948395e+04	9.4325297214005332e+04	6.4933906227974308e+04	4.6220242201698624e+04	1.0413873999787302e+05	6.4807999273278183e+04	4.0301430370972834e+04
2.5871937927537496e+04	1.0768722229858433e+05	4.2414473499899563e+04	8.7394923429499657e+04	2.6161098897334945e+04	5.6761692453292861e+04	6.0555411017439728e+04	9.5311149151010861e+04	8.9324779908165860e+04	4.3907453870214158e+04	2.4664192908276123e+05	6.3111546564329496e+04	3.0220384959217219e+04	4.8234804445986825e+04	4.2240289783918779e+04	7.7775786803516065e+04	4.4251025654773512e+04	6.0746394763508768e+04	7.9552608246948395e+04	9.4320035884296653e+04	6.0990760857690948e+04	4.6220242201698624e+04	1.0413873999787302e+05	6.4807999273278183e+04	4.0301430370972834e+04
2.5871937927537496e+04	1.0768722229858433e+05	4.2414473499899563e+04	8.7394923429499657e+04	2.6161098897334945e+04	5.6761692453292861e+04	6.0555411017439728e+04	9.5311149151010861e+04	8.9324779908165860e+04	4.3907453870214158e+04	2.4664192908276123e+05	6.3111546564329496e+04	3.0220384959217219e+04	4.8234804445986825e+04	4.2240289783918779e+04	6.9281191746982076e+04	4.4251025654773512e+04	6.0746394763508768e+04	7.9552608246948395e+04	9.4320035884296653e+04	6.0990760857690948e+04	4.6220242201698624e+04	1.0413873999787302e+05	6.4807999273278183e+04	4.0301430370972834e+04
2.5871937927537496e+04	1.0768722229858433e+05	4.2414473499899563e+04	8.7394923429499657e+04	2.6161098897334945e+04	5.6761692453292861e+04	6.0555411017439728e+04	9.5311149151010861e+04	8.7742539292512491e+04	4.3907453870214158e+04	2.4156912340212680e+05	6.3111546564329496e+04	3.0220384959217219e+04	4.8234804445986825e+04	4.2240289783918779e+04	6.9281191746982076e+04	4.4251025654773512e+04	6.0746394763508768e+04	7.9552608246948395e+04	9.4320035884296653e+04	6.0990760857690948e+04	4.6220242201698624e+04	1.0413873999787302e+05	6.4807999273278183e+04	4.0301430370972834e+04
2.5871937927537496e+04	1.0768722229858433e+05	4.2414473499899563e+04	8.7394923429499657e+04	2.6161098897334945e+04	5.6761692453292861e+04	6.0555411017439728e+04	9.5311149151010861e+04	5.6785013184824442e+04	4.2758273266134893e+04	2.4156912340212680e+05	6.3111546564329496e+04	3.0220384959217219e+04	4.8234804445986825e+04	4.2240289783918779e+04	6.9281191746982076e+04	4.4251025654773512e+04	6.0746394763508768e+04	7.7911344226414803e+04	9.4320035884296653e+04	5.9860863473411053e+04	4.6220242201698624e+04	1.0413873999787302e+05	6.4807999273278183e+04	3.8009516484139327e+04
2.5871937927537496e+04	1.0768722229858433e+05	4.2414473499899563e+04	8.7394923429499657e+04	2.6161098897334945e+04	5.6761692453292861e+04	6.0555411017439728e+04	9.5311149151010861e+04	5.6785013184824442e+04	4.2758273266134893e+04	2.4156912340212680e+05	6.3111546564329496e+04	3.0220384959217219e+04	4.8234804445986825e+04	4.2240289783918779e+04	6.9281191746982076e+04	4.4251025654773512e+04	6.0746394763508768e+04	7.7911344226414803e+04	9.4320035884296653e+04	5.9860863473411053e+04	4.6220242201698624e+04	1.0413873999787302e+05	6.4807999273278183e+04	3.8009516484139327e+04
2.5871937927537496e+04	1.0692656708563177e+05	4.2414473499899563e+04	8.7394923429499657e+04	2.6161098897334945e+04	5.6761692453292861e+04	6.0555411017439728e+04	9.5311149151010861e+04	5.6785013184824442e+04	4.2758273266134893e+04	2.4156912340212680e+05	6.3111546564329496e+04	3.0220384959217219e+04	4.8234804445986825e+04	4.2240289783918779e+04	6.9281191746982076e+04	4.4251025654773512e+04	6.0746394763508768e+04	7.7911344226414803e+04	9.4320035884296653e+04	5.9860863473411053e+04	4.6220242201698624e+04	1.0413873999787302e+05	6.4807999273278183e+04	3.8009516484139327e+04
2.5871937927537496e+04	1.0692656708563177e+05	4.2414473499899563e+04	8.7394923429499657e+04	2.6161098897334945e+04	5.6761692453292861e+04	6.0555411017439728e+04	9.3276604984914258e+04	5.6785013184824442e+04	4.2758273266134893e+04	2.4156912340212680e+05	6.2224094453863232e+04	3.0220384959217219e+04	4.8234804445986825e+04	4.2240289783918779e+04	6.9281191746982076e+04	4.4251025654773512e+04	6.0746394763508768e+04	7.7911344226414803e+04	9.4320035884296653e+04	5.9860863473411053e+04	4.6220242201698624e+04	1.0413873999787302e+05	6.4807999273278183e+04	3.8009516484139327e+04
2.3885642882158754e+04	1.0692656708563177e+05	4.2414473499899563e+04	8.7394923429499657e+04	2.5243819767645873e+04	5.6761692453292861e+04	6.0555411017439728e+04	9.3276604984914258e+04	5.6785013184824442e+04	4.2758273266134893e+04	2.4156912340212680e+05	6.2224094453863232e+04	3.0220384959217219e+04	4.8234804445986825e+04	4.2240289783918779e+04	6.9281191746982076e+04	4.4251025654773512e+04	6.0746394763508768e+04	7.7911344226414803e+04	9.2917721136299224e+04	5.0956484519562771e+04	4.6220242201698624e+04	1.0413873999787302e+05	6.4807999273278183e+04	3.8009516484139327e+04
2.3885642882158754e+04	1.0692656708563177e+05	4.2414473499899563e+04	8.7394923429499657e+04	2.0849091380269590e+04	5.6761692453292861e+04	6.0555411017439728e+04	9.3276604984914258e+04	5.6785013184824442e+04	4.2758273266134893e+04	2.4030690386996733e+05	6.2224094453863232e+04	3.0220384959217219e+04	4.8234804445986825e+04	4.2240289783918779e+04	6.2213620994172852e+04	4.2890581483793831e+04	6.0746394763508768e+04	7.7911344226414803e+04	9.2917721136299224e+04	5.0956484519562771e+04	4.6220242201698624e+04	1.0413873999787302e+05	6.4807405336929245e+04	3.8009516484139327e+04
2.3861004366916030e+04	8.7404048862771451e+04	4.2414473499899563e+04	8.6854248282758781e+04	2.0849091380269590e+04	5.6761692453292861e+04	6.0555411017439728e+04	9.3276604984914258e+04	5.6785013184824442e+04	4.2758273266134893e+04	2.4030690386996733e+05	6.2224094453863232e+04	3.0220384959217219e+04	4.8234804445986825e+04	4.2240289783918779e+04	6.2213620994172852e+04	4.2890581483793831e+04	4.4238519262009118e+04	7.7911344226414803e+04	9.2917721136299224e+04	5.0645343897870182e+04	4.6220242201698624e+04	1.0413873999787302e+05	6.2246861701674585e+04	3.8009516484139327e+04
2.3861004366916030e+04	8.7404048862771451e+04	4.0614886004816486e+04	8.6854248282758781e+04	1.9167506662377520e+04	5.2497153695915411e+04	6.0555411017439728e+04	9.3276604984914258e+04	5.6785013184824442e+04	4.2758273266134893e+04	2.4030690386996733e+05	6.2224094453863232e+04	2.9160900189006745e+04	4.8234804445986825e+04	4.2240289783918779e+04	6.2213620994172852e+04	4.2890581483793831e+04	4.4238519262009118e+04	7.7911344226414803e+04	8.2702587344286454e+04	5.0645343897870182e+04	4.6220242201698624e+04	1.0413873999787302e+05	6.2246861701674585e+04	3.8009516484139327e+04
2.3861004366916030e+04	8.7404048862771451e+04	4.0614886004816486e+04	8.6854248282758781e+04	1.9167506662377520e+04	5.2497153695915411e+04	6.0555411017439728e+04	9.3276604984914258e+04	5.6785013184824442e+04	4.2758273266134893e+04	2.4030690386996733e+05	6.2224094453863232e+04	2.9160900189006745e+04	4.8234804445986825e+04	3.0814744822037923e+04	6.2213620994172852e+04	4.2890581483793831e+04	3.1676873564163427e+04	7.7911344226414803e+04	8.2702587344286454e+04	5.0645343897870182e+04	4.6220242201698624e+04	1.0413873999787302e+05	6.2246861701674585e+04	3.8009516484139327e+04
2.3861004366916030e+04	8.7404048862771451e+04	4.0614886004816486e+04	8.6854248282758781e+04	1.9167506662377520e+04	5.2464702671615378e+04	5.8755391060244932e+04	9.3276604984914258e+04	5.6785013184824442e+04	4.2758273266134893e+04	2.4030690386996733e+05	6.2224094453863232e+04	2.9160900189006745e+04	4.8234804445986825e+04	3.0814744822037923e+04	6.2213620994172852e+04	4.2890581483793831e+04	3.1676873564163427e+04	7.7911344226414803e+04	8.2702587344286454e+04	5.0645343897870182e+04	4.6220242201698624e+04	1.0126508755372983e+05	6.2246861701674585e+04	3.8009516484139327e+04
2.3861004366916030e+04	8.7404048862771451e+04	4.0614886004816486e+04	8.6854248282758781e+04	1.9167506662377520e+04	5.2464702671615378e+04	5.8755391060244932e+04	9.3276604984914258e+04	5.6785013184824442e+04	4.2758273266134893e+04	2.3808491383988757e+05	6.2123841288924443e+04	2.9160900189006745e+04	4.8234804445986825e+04	3.0814744822037923e+04	6.2213620994172852e+04	4.2890581483793831e+04	3.1676873564163427e+04	7.7911344226414803e+04	8.2702587344286454e+04	5.0645343897870182e+04	4.6220242201698624e+04	1.0126508755372983e+05	6.2246861701674585e+04	3.8009516484139327e+04
2.3861004366916030e+04	8.7404048862771451e+04	4.0614886004816486e+04	7.3664023325140457e+04	1.9167506662377520e+04	5.2464702671615378e+04	5.8755391060244932e+04	9.3276604984914258e+04	5.6785013184824442e+04	4.2073935193628284e+04	2.3808491383988757e+05	6.2106181817038065e+04	2.9160900189006745e+04	4.8234804445986825e+04	3.0814744822037923e+04	6.2213620994172852e+04	4.2890581483793831e+04	3.1676873564163427e+04	7.7911344226414803e+04	8.2702587344286454e+04	4.6219986658365946e+04	4.5141031355813466e+04	1.0126508755372983e+05	4.9798405552613433e+04	3.8009516484139327e+04
2.3861004366916030e+04	8.7404048862771451e+04	4.0614886004816486e+04	7.3664023325140457e+04	1.9167506662377520e+04	5.2464702671615378e+04	5.8755391060244932e+04	9.3276604984914258e+04	5.6785013184824442e+04	4.2073935193628284e+04	2.3808491383988757e+05	6.2106181817038065e+04	2.5214393652900322e+04	4.8234804445986825e+04	3.0814744822037923e+04	6.2213620994172852e+04	3.9707486643474302e+04	3.1676873564163427e+04	7.7911344226414803e+04	8.2702587344286454e+04	4.6219986658365946e+04	4.5141031355813466e+04	1.0126508755372983e+05	4.9798405552613433e+04	3.8009516484139327e+04
2.3861004366916030e+04	8.7404048862771451e+04	4.0614886004816486e+04	7.3664023325140457e+04	1.9167506662377520e+04	5.2464702671615378e+04	5.8755391060244932e+04	9.3276604984914258e+04	5.6785013184824442e+04	4.2073935193628284e+04	2.3808491383988757e+05	6.2106181817038065e+04	2.5214393652900322e+04	4.5453993068182703e+04	3.0814744822037923e+04	6.2213620994172852e+04	3.9707486643474302e+04	3.1676873564163427e+04	6.6457171722879750e+04	8.2702587344286454e+04	4.6219986658365946e+04	4.5141031355813466e+04	1.0126508755372983e+05	4.9781042172969974e+04	3.8009516484139327e+04
2.3861004366916030e+04	8.7404048862771451e+04	4.0614886004816486e+04	7.3664023325140457e+04	1.9167506662377520e+04	5.2464702671615378e+04	5.8755391060244932e+04	9.3276604984914258e+04	5.6785013184824442e+04	3.7993717909697982e+04	2.3808491383988757e+05	6.2106181817038065e+04	2.5214393652900322e+04	4.5453993068182703e+04	3.0814744822037923e+04	6.2213620994172852e+04	3.9707486643474302e+04	3.1676873564163427e+04	6.6457171722879750e+04	8.2702587344286454e+04	4.6219986658365946e+04	4.5141031355813466e+04	1.0126508755372983e+05	4.9781042172969974e+04	3.8009516484139327e+04
2.3861004366916030e+04	8.7404048862771451e+04	4.0614886004816486e+04	7.3664023325140457e+04	1.9167506662377520e+04	5.2464702671615378e+04	5.8755391060244932e+04	9.2845739308323784e+04	5.6785013184824442e+04	3.7993717909697982e+04	2.3808491383988757e+05	6.2106181817038065e+04	2.5214393652900322e+04	4.5453993068182703e+04	3.0814744822037923e+04	6.2213620994172852e+04	3.9707486643474302e+04	3.1676873564163427e+04	6.6457171722879750e+04	7.3980126285650360e+04	4.6219986658365946e+04	4.5141031355813466e+04	1.0126508755372983e+05	4.9781042172969974e+04	3.8009516484139327e+04
2.1569614591135200e+04	8.7404048862771451e+04	4.0614886004816486e+04	7.3664023325140457e+04	1.9167506662377520e+04	4.3964775244222459e+04	5.8755391060244932e+04	8.6652449743221703e+04	5.6785013184824442e+04	3.7993717909697982e+04	2.3801468294560720e+05	6.2106181817038065e+04	2.5214393652900322e+04	4.5453993068182703e+04	3.0814744822037923e+04	6.2213620994172852e+04	3.8146193145226156e+04	3.1676873564163427e+04	6.6457171722879750e+04	7.3980126285650360e+04	4.6219986658365946e+04	4.5141031355813466e+04	1.0126508755372983e+05	4.9781042172969974e+04	3.6148208362854530e+04
2.1569614591135200e+04	8.7404048862771451e+04	4.0614886004816486e+04	7.3664023325140457e+04	1.9167506662377520e+04	4.3964775244222459e+04	5.8755391060244932e+04	8.6652449743221703e+04	5.6785013184824442e+04	3.7993717909697982e+04	2.3801468294560720e+05	6.2106181817038065e+04	2.5214393652900322e+04	4.5453993068182703e+04	2.7717771476028654e+04	6.2213620994172852e+04	3.7766082744424530e+04	3.1676873564163427e+04	6.6457171722879750e+04	7.3980126285650360e+04	4.6219986658365946e+04	4.1225798318927766e+04	1.0126508755372983e+05	4.9781042172969974e+04	3.6148208362854530e+04
2.1569614591135200e+04	8.7404048862771451e+04	4.0614886004816486e+04	7.3664023325140457e+04	1.9167506662377520e+04	4.3964775244222459e+04	5.8755344323792044e+04	8.6652449743221703e+04	5.6785013184824442e+04	3.7993717909697982e+04	2.3801468294560720e+05	6.2083772559363577e+04	2.5214393652900322e+04	4.5453993068182703e+04	2.7717771476028654e+04	6.2213620994172852e+04	3.7766082744424530e+04	3.1676873564163427e+04	6.6457171722879750e+04	7.3980126285650360e+04	4.6219986658365946e+04	4.1225798318927766e+04	1.0126508755372983e+05	4.9781042172969974e+04	3.6148208362854530e+04
2.1569614591135200e+04	8.7404048862771451e+04	4.0614886004816486e+04	7.3664023325140457e+04	1.9167506662377520e+04	4.3964775244222459e+04	5.8755344323792044e+04	8.6652449743221703e+04	5.6785013184824442e+04	3.7993717909697982e+04	2.3801468294560720e+05	6.2083772559363577e+04	2.5214393652900322e+04	4.5453993068182703e+04	2.7717771476028654e+04	6.2213620994172852e+04	3.7766082744424530e+04	3.1676873564163427e+04	6.6457171722879750e+04	7.3980126285650360e+04	4.6219986658365946e+04	4.1225798318927766e+04	1.0126508755372983e+05	4.9781042172969974e+04	3.6148208362854530e+04
2.1569614591135200e+04	8.4119801114444243e+04	4.0614886004816486e+04	7.3664023325140457e+04	1.9167506662377520e+04	4.3964775244222459e+04	5.8755344323792044e+04	8.6652449743221703e+04	5.6785013184824442e+04	3.7993717909697982e+04	2.2746718300963548e+05	6.2083772559363577e+04	2.5214393652900322e+04	4.5453993068182703e+04	2.7717771476028654e+04	6.2213620994172852e+04	3.7766082744424530e+04	3.1676873564163427e+04	6.6457171722879750e+04	7.3980126285650360e+04	4.6219986658365946e+04	4.1225798318927766e+04	1.0126508755372983e+05	4.9730737984594620e+04	3.6148208362854530e+04
2.1569614591135200e+04	8.4119801114444243e+04	4.0614886004816486e+04	7.3664023325140457e+04	1.9167506662377520e+04	4.3964775244222459e+04	5.8755344323792044e+04	8.6652449743221703e+04	5.6785013184824442e+04	3.7993717909697982e+04	2.2743256170584465e+05	5.6171818746158373e+04	2.5214393652900322e+04	4.5453993068182703e+04	2.7717771476028654e+04	6.2213620994172852e+04	3.7766082744424530e+04	2.5221885976928606e+04	6.6457171722879750e+04	7.3980126285650360e+04	4.6219986658365946e+04	4.1225798318927766e+04	1.0126508755372983e+05	4.9730737984594620e+04	3.6148208362854530e+04
2.1569614591135200e+04	8.4119801114444243e+04	3.6513147797804122e+04	7.3664023325140457e+04	1.9167506662377520e+04	4.3964775244222459e+04	5.8755344323792044e+04	8.6652449743221703e+04	5.6785013184824442e+04	3.7993717909697982e+04	2.2743256170584465e+05	5.6171818746158373e+04	2.5214393652900322e+04	4.5453993068182703e+04	2.7717771476028654e+04	6.2213620994172852e+04	3.7766082744424530e+04	2.5221885976928606e+04	6.6457171722879750e+04	7.3980126285650360e+04	4.6219986658365946e+04	4.1225798318927766e+04	9.4382857645694981e+04	4.9730737984594620e+04	3.6148208362854530e+04
2.1569614591135200e+04	8.4119801114444243e+04	3.6513147797804122e+04	7.3664023325140457e+04	1.9167506662377520e+04	4.3964775244222459e+04	5.8755344323792044e+04	8.6652449743221703e+04	5.6785013184824442e+04	3.7993717909697982e+04	2.2743256170584465e+05	5.6171818746158373e+04	2.5214393652900322e+04	4.5453993068182703e+04	2.7717771476028654e+04	6.2213620994172852e+04	3.7766082744424530e+04	2.5221885976928606e+04	6.6457171722879750e+04	7.3980126285650360e+04	4.6219986658365946e+04	4.0880663227198485e+04	9.4382857645694981e+04	4.8298574175270092e+04	3.6148208362854530e+04
2.1569614591135200e+04	8.4119801114444243e+04	3.6513147797804122e+04	7.3664023325140457e+04	1.9167506662377520e+04	4.3964775244222459e+04	5.8755344323792044e+04	8.6652449743221703e+04	5.6785013184824442e+04	3.7993717909697982e+04	2.2743256170584465e+05	5.6171818746158373e+04	2.5214393652900322e+04	4.5453993068182703e+04	2.7717771476028654e+04	6.2213620994172852e+04	3.7766082744424530e+04	2.5221885976928606e+04	6.6457171722879750e+04	7.3980126285650360e+04	4.6219986658365946e+04	4.0880663227198485e+04	9.4382857645694981e+04	4.8298574175270092e+04	3.6148208362854530e+04
2.1569614591135200e+04	8.4119801114444243e+04	3.6513147797804122e+04	7.3664023325140457e+04	1.9167506662377520e+04	4.3964775244222459e+04	5.8755344323792044e+04	8.6652449743221703e+04	5.6785013184824442e+04	3.7993717909697982e+04	2.2743256170584465e+05	5.6171818746158373e+04	2.5214393652900322e+04	4.5453993068182703e+04	2.7717771476028654e+04	6.2213620994172852e+04	3.7766082744424530e+04	2.5221885976928606e+04	6.6457171722879750e+04	7.3980126285650360e+04	4.6219986658365946e+04	4.0880663227198485e+04	9.4382857645694981e+04	4.8298574175270092e+04	3.6148208362854530e+04
2.1569614591135200e+04	8.4119801114444243e+04	3.6513147797804122e+04	7.3599185923236495e+04	1.8137611777074431e+04	4.3964775244222459e+04	5.6461104021694569e+04	8.6652449743221703e+04	5.6785013184824442e+04	3.7993717909697982e+04	2.2742959757103742e+05	5.6171818746158373e+04	2.5214393652900322e+04	4.5453993068182703e+04	2.7717771476028654e+04	6.2213620994172852e+04	3.7766082744424530e+04	2.5221885976928606e+04	6.6457171722879750e+04	7.3980126285650360e+04	4.6219986658365946e+04	4.0880663227198485e+04	7.9102941997277434e+04	4.8298574175270092e+04	3.6148208362854530e+04
2.1569614591135200e+04	8.4119801114444243e+04	3.6513147797804122e+04	7.3599185923236495e+04	1.7129879261958788e+04	4.3964775244222459e+04	5.6461104021694569e+04	8.6652449743221703e+04	5.6785013184824442e+04	3.5595997895326764e+04	2.2742959757103742e+05	5.6171818746158373e+04	2.5214393652900322e+04	4.5453993068182703e+04	2.7717771476028654e+04	6.2213620994172852e+04	3.7766082744424530e+04	2.5221885976928606e+04	6.6457171722879750e+04	7.2758231614493838e+04	4.6219986658365946e+04	4.0880663227198485e+04	7.9102941997277434e+04	4.8298574175270092e+04	3.5563820606465561e+04
2.1569614591135200e+04	8.4119801114444243e+04	3.6513147797804122e+04	7.3599185923236495e+04	1.1009901049638278e+04	4.3964775244222459e+04	5.6461104021694569e+04	8.6533419255714194e+04	5.6785013184824442e+04	3.5595997895326764e+04	2.2742959757103742e+05	5.6171818746158373e+04	2.5214393652900322e+04	4.5453993068182703e+04	2.7458954059459320e+04	6.2213620994172852e+04	3.7766082744424530e+04	2.5221885976928606e+04	6.5415049010677089e+04	7.2758231614493838e+04	4.6219986658365946e+04	4.0880663227198485e+04	7.9102941997277434e+04	4.8298574175270092e+04	3.5563820606465561e+04
2.1569614591135200e+04	8.4119801114444243e+04	3.6513147797804122e+04	7.3599185923236495e+04	1.1009901049638278e+04	4.3964775244222459e+04	5.6454419169173270e+04	8.6088348231583615e+04	5.6785013184824442e+04	3.5595997895326764e+04	2.2742959757103742e+05	5.6171818746158373e+04	2.5214393652900322e+04	4.5453993068182703e+04	2.7458954059459320e+04	6.2213620994172852e+04	3.7766082744424530e+04	2.5221885976928606e+04	6.5415049010677089e+04	7.2758231614493838e+04	4.6219986658365946e+04	4.0880663227198485e+04	7.9092147306104569e+04	4.8298574175270092e+04	3.5563820606465561e+04
2.1569614591135200e+04	8.4119801114444243e+04	3.6513147797804122e+04	7.3599185923236495e+04	1.1009901049638278e+04	4.3964775244222459e+04	5.6454419169173270e+04	8.6088348231583615e+04	5.5899512082996916e+04	3.5595997895326764e+04	2.2742959757103742e+05	5.6171818746158373e+04	2.5017981767895661e+04	4.5453993068182703e+04	2.7458954059459320e+04	6.2213620994172852e+04	3.7766082744424530e+04	2.5221885976928606e+04	6.5415049010677089e+04	7.2758231614493838e+04	4.6219986658365946e+04	4.0880663227198485e+04	7.9092147306104569e+04	4.8298574175270092e+04	3.5563820606465561e+04
2.0110060753805345e+04	8.4119801114444243e+04	3.6513147797804122e+04	7.3599185923236495e+04	1.1009901049638278e+04	4.3964775244222459e+04	5.6454419169173270e+04	8.6088348231583615e+04	5.5899512082996916e+04	3.5595997895326764e+04	2.2742959757103742e+05	5.6171818746158373e+04	2.5017981767895661e+04	4.5453993068182703e+04	2.7458954059459320e+04	6.2213620994172852e+04	3.7766082744424530e+04	2.5221885976928606e+04	6.5415049010677089e+04	7.2758231614493838e+04	4.6219986658365946e+04	4.0880663227198485e+04	7.9092147306104569e+04	4.8298574175270092e+04	3.5563820606465561e+04
1.9627406574091336e+04	8.4119801114444243e+04	3.6513147797804122e+04	7.3599185923236495e+04	1.1009901049638278e+04	4.3964775244222459e+04	5.6454419169173270e+04	8.6088348231583615e+04	5.5899512082996916e+04	3.5595997895326764e+04	2.2742959757103742e+05	5.6171818746158373e+04	2.5017981767895661e+04	4.3321481941302263e+04	2.7458954059459320e+04	6.2213620994172852e+04	3.7622189209985780e+04	2.5221885976928606e+04	6.5415049010677089e+04	7.2337035545269726e+04	4.6008926603188869e+04	4.0880663227198485e+04	7.9092147306104569e+04	4.8298574175270092e+04	3.5563820606465561e+04
1.9627406574091336e+04	7.3217507711383456e+04	3.6513147797804122e+04	7.3599185923236495e+04	1.1009901049638278e+04	4.3964775244222459e+04	5.6436076755120303e+04	8.5525123846410104e+04	5.5899512082996916e+04	3.5595997895326764e+04	2.2742959757103742e+05	5.6171818746158373e+04	2.5017981767895661e+04	4.3321481941302263e+04	2.7458954059459320e+04	6.2213620994172852e+04	3.7622189209985780e+04	2.0784465908900696e+04	6.5415049010677089e+04	7.2337035545269726e+04	4.5549028274590622e+04	4.0880663227198485e+04	7.9092147306104569e+04	4.8298574175270092e+04	3.5563820606465561e+04
1.9627406574091336e+04	7.3217507711383456e+04	3.5117551258504500e+04	7.3599185923236495e+04	1.1009901049638278e+04	4.3964775244222459e+04	5.6436076755120303e+04	8.5525123846410104e+04	5.5899512082996916e+04	3.5595997895326764e+04	2.2742959757103742e+05	5.6171818746158373e+04	2.1849984486865298e+04	4.3321481941302263e+04	2.4894947700149503e+04	6.2213620994172852e+04	3.7622189209985780e+04	2.0784465908900696e+04	6.5415049010677089e+04	7.2337035545269726e+04	4.5549028274590622e+04	4.0880663227198485e+04	7.7236555092398543e+04	4.8298574175270092e+04	3.5563820606465561e+04
1.9627406574091336e+04	7.2256386489773402e+04	3.5117551258504500e+04	7.3599185923236495e+04	1.1009901049638278e+04	4.3964775244222459e+04	5.6436076755120303e+04	8.5525123846410104e+04	5.2516825083669646e+04	3.5595997895326764e+04	2.1515107301936735e+05	5.6171818746158373e+04	2.1849984486865298e+04	4.3321481941302263e+04	2.4894947700149503e+04	6.2213620994172852e+04	3.7622189209985780e+04	2.0784465908900696e+04	5.5960722886691074e+04	7.2337035545269726e+04	4.5549028274590622e+04	4.0880663227198485e+04	7.7236555092398543e+04	4.8298574175270092e+04	3.5563820606465561e+04
1.9627406574091336e+04	7.2256386489773402e+04	3.5117551258504500e+04	7.3599185923236495e+04	1.1009901049638278e+04	4.3964775244222459e+04	5.6436076755120303e+04	8.5525123846410104e+04	5.2516825083669646e+04	3.5595997895326764e+04	2.1515107301936735e+05	5.6171818746158373e+04	2.1849984486865298e+04	4.3321481941302263e+04	2.4894947700149503e+04	6.2213620994172852e+04	3.7622189209985780e+04	2.0784465908900696e+04	5.5960722886691074e+04	7.1377309136228621e+04	4.5549028274590622e+04	4.0880663227198485e+04	7.7236555092398543e+04	4.8283699374767704e+04	3.5563820606465561e+04
1.9627406574091336e+04	7.2256386489773402e+04	3.5117551258504500e+04	7.3599185923236495e+04	1.1009901049638278e+04	4.3964775244222459e+04	5.1705578112161515e+04	7.8028709406783775e+04	5.2516825083669646e+04	3.5595997895326764e+04	2.1515107301936735e+05	5.6171818746158373e+04	2.1849984486865298e+04	4.3321481941302263e+04	2.4894947700149503e+04	6.0399408516788601e+04	3.7245479326484310e+04	2.0784465908900696e+04	5.5960722886691074e+04	7.1377309136228621e+04	4.5549028274590622e+04	4.0880663227198485e+04	7.6240850313697782e+04	4.8283699374767704e+04	3.5563820606465561e+04
1.9627406574091336e+04	7.2256386489773402e+04	3.5117551258504500e+04	7.3599185923236495e+04	1.1009901049638278e+04	4.3964775244222459e+04	5.1705578112161515e+04	7.8028709406783775e+04	5.2516825083669646e+04	3.5595997895326764e+04	2.1515107301936735e+05	5.6136523123856947e+04	2.1849984486865298e+04	4.3321481941302263e+04	2.4894947700149503e+04	6.0399408516788601e+04	3.7245479326484310e+04	2.0784465908900696e+04	5.5960722886691074e+04	7.1377309136228621e+04	4.5549028274590622e+04	4.0880663227198485e+04	7.6240850313697782e+04	4.8283699374767704e+04	3.5563820606465561e+04
1.9627406574091336e+04	7.2256386489773402e+04	3.4982496123487101e+04	7.3599185923236495e+04	1.1009901049638278e+04	4.3964775244222459e+04	5.1666954611041445e+04	7.8028709406783775e+04	5.2516825083669646e+04	3.5595997895326764e+04	2.1515107301936735e+05	5.6136523123856947e+04	2.1849984486865298e+04	4.3321481941302263e+04	2.4894947700149503e+04	6.0399408516788601e+04	3.7245479326484310e+04	2.0784465908900696e+04	5.5960722886691074e+04	7.1377309136228621e+04	4.5549028274590622e+04	4.0880663227198485e+04	7.6240850313697782e+04	4.8283699374767704e+04	3.5563820606465561e+04
1.9627406574091336e+04	7.2256386489773402e+04	3.4982496123487101e+04	7.3599185923236495e+04	1.1009901049638278e+04	4.3059465845637540e+04	5.1666954611041445e+04	7.8028709406783775e+04	5.2516825083669646e+04	3.5595997895326764e+04	2.1515107301936735e+05	5.6136523123856947e+04	2.1849984486865298e+04	4.3321481941302263e+04	2.4894947700149503e+04	6.0399408516788601e+04	3.6302530099769443e+04	2.0784465908900696e+04	5.5960722886691074e+04	7.1377309136228621e+04	4.5549028274590622e+04	4.0880663227198485e+04	7.6240525877670647e+04	4.8283699374767704e+04	3.4708284889888833e+04
1.9627406574091336e+04	7.2256386489773402e+04	3.4982496123487101e+04	7.3599185923236495e+04	1.1009901049638278e+04	4.3059465845637540e+04	5.1666954611041445e+04	7.8028709406783775e+04	5.2516825083669646e+04	3.5595997895326764e+04	2.1515107301936735e+05	5.6136523123856947e+04	2.1849984486865298e+04	4.3321481941302263e+04	2.4894947700149503e+04	5.8289478619074107e+04	3.6302530099769443e+04	2.0784465908900696e+04	5.5960722886691074e+04	6.8350918379230701e+04	4.5549028274590622e+04	4.0880663227198485e+04	7.6240525877670647e+04	4.8283699374767704e+04	3.4708284889888833e+04
1.9627406574091336e+04	7.2256386489773402e+04	3.4982496123487101e+04	7.3599185923236495e+04	1.1009901049638278e+04	4.3059465845637540e+04	5.1666954611041445e+04	7.8028709406783775e+04	5.2516825083669646e+04	3.5595997895326764e+04	2.1173962870395376e+05	5.6136523123856947e+04	2.1849984486865298e+04	4.3321481941302263e+04	2.4894947700149503e+04	5.8289478619074107e+04	3.4317944319980248e+04	2.0784465908900696e+04	5.5960722886691074e+04	6.8350918379230701e+04	4.5549028274590622e+04	4.0880663227198485e+04	7.6240525877670647e+04	4.8283699374767704e+04	3.4708284889888833e+04
1.9627406574091336e+04	7.2256386489773402e+04	3.4982496123487101e+04	7.3599185923236495e+04	1.0754714878063283e+04	4.3059465845637540e+04	5.1666954611041445e+04	7.8028709406783775e+04	4.9800101507809872e+04	3.5595997895326764e+04	2.1173962870395376e+05	5.1102295412091509e+04	2.1849984486865298e+04	4.3321481941302263e+04	2.4894947700149503e+04	5.8289478619074107e+04	3.4317944319980248e+04	2.0784465908900696e+04	5.5960722886691074e+04	6.8350918379230701e+04	4.5549028274590622e+04	4.0880663227198485e+04	7.6240525877670647e+04	4.8283699374767704e+04	3.4708284889888833e+04
1.9627406574091336e+04	7.2256386489773402e+04	3.4982496123487101e+04	7.3599185923236495e+04	1.0754714878063283e+04	4.3059465845637540e+04	5.1666954611041445e+04	7.8028709406783775e+04	4.9800101507809872e+04	3.1502423542057397e+04	2.1173962870395376e+05	5.1102295412091509e+04	2.1849984486865298e+04	4.3321481941302263e+04	2.4894947700149503e+04	5.8289478619074107e+04	3.4317944319980248e+04	2.0784465908900696e+04	5.5960722886691074e+04	6.8350918379230701e+04	4.5114098720705057e+04	4.0880663227198485e+04	7.6240525877670647e+04	4.8283699374767704e+04	3.4643934690191658e+04
1.9302295965352700e+04	7.2256386489773402e+04	3.4982496123487101e+04	7.3599185923236495e+04	1.0754714878063283e+04	4.3059465845637540e+04	5.1666954611041445e+04	7.8028709406783775e+04	4.9800101507809872e+04	3.1502423542057397e+04	2.1173962870395376e+05	5.1102295412091509e+04	2.0261353281184875e+04	4.3321481941302263e+04	2.4894947700149503e+04	5.7127219606966202e+04	3.4317944319980248e+04	2.0784465908900696e+04	5.5960722886691074e+04	6.8350918379230701e+04	4.5114098720705057e+04	4.0880663227198485e+04	7.3319021698228578e+04	4.0680093693577670e+04	3.4643934690191658e+04
1.9302295965352700e+04	7.2256386489773402e+04	3.2466867837693546e+04	7.3599185923236495e+04	1.0754714878063283e+04	4.3059465845637540e+04	5.1666954611041445e+04	7.8028709406783775e+04	4.7651437695902714e+04	3.1502423542057397e+04	2.1173962870395376e+05	5.1102295412091509e+04	2.0261353281184875e+04	4.3321481941302263e+04	2.4894947700149503e+04	5.7127219606966202e+04	3.4317944319980248e+04	2.0784465908900696e+04	5.5960722886691074e+04	6.8350918379230701e+04	4.5114098720705057e+04	4.0880663227198485e+04	7.3319021698228578e+04	4.0680093693577670e+04	3.4643934690191658e+04
1.9302295965352700e+04	7.2256386489773402e+04	3.2466867837693546e+04	7.3599185923236495e+04	1.0754714878063283e+04	4.3056434289014302e+04	5.1666954611041445e+04	7.8016423953767167e+04	4.7651437695902714e+04	3.1502423542057397e+04	2.1173962870395376e+05	5.1102295412091509e+04	2.0261353281184875e+04	4.3321481941302263e+04	2.4894947700149503e+04	5.7127219606966202e+04	3.4317944319980248e+04	2.0784465908900696e+04	5.5960722886691074e+04	6.8350918379230701e+04	4.5114098720705057e+04	4.0880663227198485e+04	7.3319021698228578e+04	4.0680093693577670e+04	3.4643934690191658e+04
1.9302295965352700e+04	7.2256386489773402e+04	3.2466867837693546e+04	7.3599185923236495e+04	1.0754714878063283e+04	4.2250419413179457e+04	5.1666954611041445e+04	7.8016423953767167e+04	4.7651437695902714e+04	3.1502423542057397e+04	2.1135739241242484e+05	5.1102295412091509e+04	2.0261353281184875e+04	4.3321481941302263e+04	2.4894947700149503e+04	5.7127219606966202e+04	3.4317944319980248e+04	2.0784465908900696e+04	5.5960722886691074e+04	6.8350918379230701e+04	4.5114098720705057e+04	4.0880663227198485e+04	7.3319021698228578e+04	4.0680093693577670e+04	3.4643934690191658e+04
1.9302295965352700e+04	7.2208462367721353e+04	3.2466867837693546e+04	7.3599185923236495e+04	1.0754714878063283e+04	4.2250419413179457e+04	5.1666954611041445e+04	7.8016423953767167e+04	4.1415319288520142e+04	3.1502423542057397e+04	2.1135739241242484e+05	5.1102295412091509e+04	2.0261353281184875e+04	4.3321481941302263e+04	2.2579423081993318e+04	5.7127219606966202e+04	3.1521740845564982e+04	2.0784465908900696e+04	5.5960722886691074e+04	5.9982374361109367e+04	4.5114098720705057e+04	4.0880663227198485e+04	7.3319021698228578e+04	4.0357786939099999e+04	3.4643934690191658e+04
1.9302295965352700e+04	7.2208462367721353e+04	3.2466867837693546e+04	7.3599185923236495e+04	1.0754714878063283e+04	4.2250419413179457e+04	5.1666954611041445e+04	7.8016423953767167e+04	4.1415319288520142e+04	3.1502423542057397e+04	2.0993017014871683e+05	5.1102295412091509e+04	2.0261353281184875e+04	4.3321481941302263e+04	2.1650076593683647e+04	5.7127219606966202e+04	3.1521740845564982e+04	2.0784465908900696e+04	5.5960722886691074e+04	5.9982374361109367e+04	4.3390509452507285e+04	4.0880663227198485e+04	7.3319021698228578e+04	4.0357786939099999e+04	3.4643934690191658e+04
1.9302295965352700e+04	7.2208462367721353e+04	3.2466867837693546e+04	7.3599185923236495e+04	1.0754714878063283e+04	4.2250419413179457e+04	5.1666954611041445e+04	7.8016423953767167e+04	4.1415319288520142e+04	3.1502423542057397e+04	2.0993017014871683e+05	5.1102295412091509e+04	2.0261353281184875e+04	4.3321481941302263e+04	2.1650076593683647e+04	5.7127219606966202e+04	3.1521740845564982e+04	2.0784465908900696e+04	5.5960722886691074e+04	5.9982374361109367e+04	4.3390509452507285e+04	4.0880663227198485e+04	7.3319021698228578e+04	4.0357786939099999e+04	3.4643934690191658e+04
1.9302295965352700e+04	7.2208462367721353e+04	3.2466867837693546e+04	7.3599185923236495e+04	1.0754714878063283e+04	4.2250419413179457e+04	5.1666954611041445e+04	7.8016423953767167e+04	4.1415319288520142e+04	3.1502423542057397e+04	2.0993017014871683e+05	5.1102295412091509e+04	2.0261353281184875e+04	4.3321481941302263e+04	2.1650076593683647e+04	5.7127219606966202e+04	3.1521740845564982e+04	2.0784465908900696e+04	5.5960722886691074e+04	5.9393199700231133e+04	4.3390509452507285e+04	3.4450212725985708e+04	7.3319021698228578e+04	4.0357786939099999e+04	3.4643934690191658e+04
1.6646324552650363e+04	7.2208462367721353e+04	3.2466867837693546e+04	7.3599185923236495e+04	1.0754714878063283e+04	4.2250419413179457e+04	4.5651241893526305e+04	7.8016423953767167e+04	4.1415319288520142e+04	3.1502423542057397e+04	2.0993017014871683e+05	5.1102295412091509e+04	2.0261353281184875e+04	4.3321481941302263e+04	2.1650076593683647e+04	5.7127219606966202e+04	3.1521740845564982e+04	2.0784465908900696e+04	5.5695948312067609e+04	5.9393199700231133e+04	4.3390509452507285e+04	3.4450212725985708e+04	7.3319021698228578e+04	4.0357786939099999e+04	3.4643934690191658e+04
1.6646324552650363e+04	7.2208462367721353e+04	3.2466867837693546e+04	7.3599185923236495e+04	1.0754714878063283e+04	4.2250419413179457e+04	4.5651241893526305e+04	7.8016423953767167e+04	4.1415319288520142e+04	3.1502423542057397e+04	2.0993017014871683e+05	5.1102295412091509e+04	2.0261353281184875e+04	4.3321481941302263e+04	2.1650076593683647e+04	5.7127219606966202e+04	3.1513273740389570e+04	2.0784465908900696e+04	5.5695948312067609e+04	5.9393199700231133e+04	4.3390509452507285e+04	3.4450212725985708e+04	7.3319021698228578e+04	4.0357786939099999e+04	3.4643934690191658e+04
1.6646324552650363e+04	7.2208462367721353e+04	3.2466867837693546e+04	7.3599185923236495e+04	1.0754714878063283e+04	4.2250419413179457e+04	4.5651241893526305e+04	7.8016423953767167e+04	4.1415319288520142e+04	3.1502423542057397e+04	2.0566219380688548e+05	5.1102295412091509e+04	2.0261353281184875e+04	4.3321481941302263e+04	1.8872333345191564e+04	5.7127219606966202e+04	2.9623178257250896e+04	2.0784465908900696e+04	5.5695948312067609e+04	5.9393199700231133e+04	4.3390509452507285e+04	3.4450212725985708e+04	7.3319021698228578e+04	3.7650261612495233e+04	3.1910976949596632e+04
1.5479647555753485e+04	7.2208462367721353e+04	3.2466867837693546e+04	7.1524954227867522e+04	1.0754714878063283e+04	4.2250419413179457e+04	4.5651241893526305e+04	7.8016423953767167e+04	4.1383493576379347e+04	3.1502423542057397e+04	2.0528781340351584e+05	5.1102295412091509e+04	2.0261353281184875e+04	4.3321481941302263e+04	1.8872333345191564e+04	5.7127219606966202e+04	2.9623178257250896e+04	2.0784465908900696e+04	5.5695948312067609e+04	5.9393199700231133e+04	4.3390509452507285e+04	3.4450212725985708e+04	7.3319021698228578e+04	3.7650261612495233e+04	3.1910976949596632e+04
1.2106745548419180e+04	7.2208462367721353e+04	3.2466867837693546e+04	7.1524954227867522e+04	1.0754714878063283e+04	4.2250419413179457e+04	4.5651241893526305e+04	7.8016423953767167e+04	4.1383493576379347e+04	3.1502423542057397e+04	2.0528781340351584e+05	5.1102295412091509e+04	2.0261353281184875e+04	4.3321481941302263e+04	1.8872333345191564e+04	5.7127219606966202e+04	2.9623178257250896e+04	2.0784465908900696e+04	5.5695948312067609e+04	5.9393199700231133e+04	4.3390509452507285e+04	3.1631221568471337e+04	7.3319021698228578e+04	3.7650261612495233e+04	3.1910976949596632e+04
1.2106745548419180e+04	7.2208462367721353e+04	3.2466867837693546e+04	7.1524954227867522e+04	1.0754714878063283e+04	4.2250419413179457e+04	4.5651241893526305e+04	7.8016423953767167e+04	4.1383493576379347e+04	3.1502423542057397e+04	2.0528781340351584e+05	5.1102295412091509e+04	2.0261353281184875e+04	4.3321481941302263e+04	1.8872333345191564e+04	5.7127219606966202e+04	2.9623178257250896e+04	2.0784465908900696e+04	4.9192524427133903e+04	5.9393199700231133e+04	4.3390509452507285e+04	3.1631221568471337e+04	7.3319021698228578e+04	3.7650261612495233e+04	3.1910976949596632e+04
1.2106745548419180e+04	7.2208462367721353e+04	3.2466867837693546e+04	7.1524954227867522e+04	1.0754714878063283e+04	4.2250419413179457e+04	4.5651241893526305e+04	7.8016423953767167e+04	4.1383493576379347e+04	3.1449389059244961e+04	1.9999613891021581e+05	5.1102295412091509e+04	2.0261353281184875e+04	4.3321481941302263e+04	1.8872333345191564e+04	5.5753295255774836e+04	2.9623178257250896e+04	2.0784465908900696e+04	4.9192524427133903e+04	5.9393199700231133e+04	4.3390509452507285e+04	3.1631221568471337e+04	7.3319021698228578e+04	3.7650261612495233e+04	3.1910976949596632e+04
1.2106745548419180e+04	7.2184386770545505e+04	3.2466867837693546e+04	7.1524954227867522e+04	1.0754714878063283e+04	3.9409959320752896e+04	4.5651241893526305e+04	7.8016423953767167e+04	4.1383493576379347e+04	3.1449389059244961e+04	1.9999613891021581e+05	5.1102295412091509e+04	2.0261353281184875e+04	4.3321481941302263e+04	1.8872333345191564e+04	5.5753295255774836e+04	2.9623178257250896e+04	2.0784465908900696e+04	4.9192524427133903e+04	5.9393199700231133e+04	4.3390509452507285e+04	3.1631221568471337e+04	6.8090066701475094e+04	3.7650261612495233e+04	3.1910976949596632e+04
1.2106745548419180e+04	7.2184386770545505e+04	3.2466867837693546e+04	7.1177894455649410e+04	1.0754714878063283e+04	3.9409959320752896e+04	4.5651241893526305e+04	7.8016423953767167e+04	4.1383493576379347e+04	3.1449389059244961e+04	1.9999613891021581e+05	5.1102295412091509e+04	2.0261353281184875e+04	4.3321481941302263e+04	1.8798207667455124e+04	5.3352686898627697e+04	2.9623178257250896e+04	2.0784465908900696e+04	4.9192524427133903e+04	5.9393199700231133e+04	4.3390509452507285e+04	3.1631221568471337e+04	6.8090066701475094e+04	3.7650261612495233e+04	3.1910976949596632e+04
1.2106745548419180e+04	7.2184386770545505e+04	3.2466867837693546e+04	7.1177894455649410e+04	1.0754714878063283e+04	3.8528438313332786e+04	4.5651241893526305e+04	7.8016423953767167e+04	4.1383493576379347e+04	3.1449389059244961e+04	1.9999613891021581e+05	5.1102295412091509e+04	2.0261353281184875e+04	4.3321481941302263e+04	1.8798207667455124e+04	5.3352686898627697e+04	2.9623178257250896e+04	2.0784465908900696e+04	4.9192524427133903e+04	5.9393199700231133e+04	4.0913285329185950e+04	3.1631221568471337e+04	6.8090066701475094e+04	3.7650261612495233e+04	3.1816071396432537e+04
1.2106745548419180e+04	7.2184386770545505e+04	3.2466867837693546e+04	7.1177894455649410e+04	1.0754714878063283e+04	3.8528438313332786e+04	4.5651241893526305e+04	7.8016423953767167e+04	4.1383493576379347e+04	3.1449389059244961e+04	1.9999613891021581e+05	5.1102295412091509e+04	2.0261353281184875e+04	4.3321481941302263e+04	1.8798207667455124e+04	5.3352686898627697e+04	2.9623178257250896e+04	2.0784465908900696e+04	4.9192524427133903e+04	5.9393199700231133e+04	4.0913285329185950e+04	3.1631221568471337e+04	6.8090066701475094e+04	3.7650261612495233e+04	3.1816071396432537e+04
1.2106745548419180e+04	7.1825637929019300e+04	3.2466867837693546e+04	6.6863116400211336e+04	1.0019811379873245e+04	3.8528438313332786e+04	4.5651241893526305e+04	7.5503535075761247e+04	4.1383493576379347e+04	3.1449389059244961e+04	1.9999613891021581e+05	5.1102295412091509e+04	2.0261353281184875e+04	4.3321481941302263e+04	1.8798207667455124e+04	5.3352686898627697e+04	2.9623178257250896e+04	2.0784465908900696e+04	4.9192524427133903e+04	5.9393199700231133e+04	4.0913285329185950e+04	3.1631221568471337e+04	6.8090066701475094e+04	3.7650261612495233e+04	2.9590530006352681e+04
1.2106745548419180e+04	7.1825637929019300e+04	3.2466867837693546e+04	6.6863116400211336e+04	1.0019811379873245e+04	3.8528438313332786e+04	4.5651241893526305e+04	7.5503535075761247e+04	4.1383493576379347e+04	2.9175275047741659e+04	1.9999613891021581e+05	5.1102295412091509e+04	2.0261353281184875e+04	4.3321481941302263e+04	1.8798207667455124e+04	5.3352686898627697e+04	2.7023762101251967e+04	2.0390467713327278e+04	4.9192524427133903e+04	5.9393199700231133e+04	4.0913285329185950e+04	3.1631221568471337e+04	6.8090066701475094e+04	3.7650261612495233e+04	2.9590530006352681e+04
1.2106745548419180e+04	7.1825637929019300e+04	3.2466867837693546e+04	6.6863116400211336e+04	1.0019811379873245e+04	3.8528438313332786e+04	4.5651241893526305e+04	7.5503535075761247e+04	4.0717240373270128e+04	2.7051598569563666e+04	1.9999613891021581e+05	5.1102295412091509e+04	2.0261353281184875e+04	4.3321481941302263e+04	1.8798207667455124e+04	5.3352686898627697e+04	2.7023762101251967e+04	2.0390467713327278e+04	4.3400001942028430e+04	5.9393199700231133e+04	4.0913285329185950e+04	3.1631221568471337e+04	6.8090066701475094e+04	3.7650261612495233e+04	2.9421700556349781e+04
1.2106745548419180e+04	7.1825637929019300e+04	2.8919760212115893e+04	6.6863116400211336e+04	1.0019811379873245e+04	3.8528438313332786e+04	4.5651241893526305e+04	7.5503535075761247e+04	4.0717240373270128e+04	2.7051598569563666e+04	1.9999613891021581e+05	5.1102295412091509e+04	2.0261353281184875e+04	4.3321481941302263e+04	1.8798207667455124e+04	5.3352686898627697e+04	2.7023762101251967e+04	2.0390467713327278e+04	4.3400001942028430e+04	5.9393199700231133e+04	4.0913285329185950e+04	3.1631221568471337e+04	6.8090066701475094e+04	3.7650261612495233e+04	2.9421700556349781e+04
1.2106745548419180e+04	7.1825637929019300e+04	2.8919760212115893e+04	6.6863116400211336e+04	1.0019811379873245e+04	3.8528438313332786e+04	4.5437215934635562e+04	7.5503535075761247e+04	4.0717240373270128e+04	2.6464811933469944e+04	1.9999613891021581e+05	4.9930491837253459e+04	2.0261353281184875e+04	4.3321481941302263e+04	1.8798207667455124e+04	5.3352686898627697e+04	2.5931078329883196e+04	1.9955668758081378e+04	4.3359345747143467e+04	5.9393199700231133e+04	4.0913285329185950e+04	3.1631221568471337e+04	6.8090066701475094e+04	3.7650261612495233e+04	2.9421700556349781e+04
1.1874377476139816e+04	7.1825637929019300e+04	2.8859440688769479e+04	6.6863116400211336e+04	1.0019811379873245e+04	3.8528438313332786e+04	4.5437215934635562e+04	7.5503535075761247e+04	4.0717240373270128e+04	2.6464811933469944e+04	1.9999613891021581e+05	4.7452545327804801e+04	2.0261353281184875e+04	4.3321481941302263e+04	1.8798207667455124e+04	5.3352686898627697e+04	2.5931078329883196e+04	1.9955668758081378e+04	4.3359345747143467e+04	5.9393199700231133e+04	4.0913285329185950e+04	3.1631221568471337e+04	6.7431157356461918e+04	3.7650261612495233e+04	2.5790011763663806e+04
1.1874377476139816e+04	7.1825637929019300e+04	2.8859440688769479e+04	6.6863116400211336e+04	1.0019811379873245e+04	3.8528438313332786e+04	4.5437215934635562e+04	7.5503535075761247e+04	4.0717240373270128e+04	2.6464811933469944e+04	1.9999613891021581e+05	4.7452545327804801e+04	2.0261353281184875e+04	4.3160762406061309e+04	1.8798207667455124e+04	5.3352686898627697e+04	2.5931078329883196e+04	1.7774713757434052e+04	4.3359345747143467e+04	5.9393199700231133e+04	4.0913285329185950e+04	3.1631221568471337e+04	6.7431157356461918e+04	3.7650261612495233e+04	2.5790011763663806e+04
1.1874377476139816e+04	7.1825637929019300e+04	2.8859440688769479e+04	6.6863116400211336e+04	1.0019811379873245e+04	3.8528438313332786e+04	4.5437215934635562e+04	7.5503535075761247e+04	4.0717240373270128e+04	2.6464811933469944e+04	1.9999613891021581e+05	4.7452545327804801e+04	2.0261353281184875e+04	4.3160762406061309e+04	1.8798207667455124e+04	5.3352686898627697e+04	2.5931078329883196e+04	1.7774713757434052e+04	4.3359345747143467e+04	5.9393199700231133e+04	4.0913285329185950e+04	3.1631221568471337e+04	6.7431157356461918e+04	3.7650261612495233e+04	2.5790011763663806e+04
1.1874377476139816e+04	7.1028889734967655e+04	2.8859440688769479e+04	6.6863116400211336e+04	1.0019811379873245e+04	3.8528438313332786e+04	4.5437215934635562e+04	7.5503535075761247e+04	4.0717240373270128e+04	2.6464811933469944e+04	1.9999613891021581e+05	4.7447134532715914e+04	2.0261353281184875e+04	4.3151834813426882e+04	1.8798207667455124e+04	5.3352686898627697e+04	2.5931078329883196e+04	1.7774713757434052e+04	4.3359345747143467e+04	5.9393199700231133e+04	4.0913285329185950e+04	3.1558804176293241e+04	6.7431157356461918e+04	3.7650261612495233e+04	2.5790011763663806e+04
1.1874377476139816e+04	6.4424918246109708e+04	2.8859440688769479e+04	6.6863116400211336e+04	1.0019811379873245e+04	3.8528438313332786e+04	4.5437215934635562e+04	7.3885660284893034e+04	4.0717240373270128e+04	2.6464811933469944e+04	1.9534147697487200e+05	4.7447134532715914e+04	2.0261353281184875e+04	4.3151834813426882e+04	1.8798207667455124e+04	5.3023988778142098e+04	2.5931078329883196e+04	1.7716523777931565e+04	4.3359345747143467e+04	5.9393199700231133e+04	4.0913285329185950e+04	3.1558804176293241e+04	6.7431157356461918e+04	3.7650261612495233e+04	2.5790011763663806e+04
1.1874377476139816e+04	6.4424918246109708e+04	2.8859440688769479e+04	6.6863116400211336e+04	1.0019811379873245e+04	3.8528438313332786e+04	4.5437215934635562e+04	7.3885660284893034e+04	4.0717240373270128e+04	2.6464811933469944e+04	1.9534147697487200e+05	4.6030918012895003e+04	2.0097193791538120e+04	4.3151834813426882e+04	1.8798207667455124e+04	5.3023988778142098e+04	2.5910917213499506e+04	1.7716523777931565e+04	4.3359345747143467e+04	5.9393199700231133e+04	4.0913285329185950e+04	3.1558804176293241e+04	6.7431157356461918e+04	3.7650261612495233e+04	2.5790011763663806e+04
1.1874377476139816e+04	6.4424918246109708e+04	2.8859440688769479e+04	6.6863116400211336e+04	1.0019811379873245e+04	3.8528438313332786e+04	4.5437215934635562e+04	7.3885660284893034e+04	4.0717240373270128e+04	2.6464811933469944e+04	1.9534147697487200e+05	4.6030918012895003e+04	2.0097193791538120e+04	4.0572310622740559e+04	1.8798207667455124e+04	5.3023988778142098e+04	2.5910917213499506e+04	1.7716523777931565e+04	4.3359345747143467e+04	5.9393199700231133e+04	4.0913285329185950e+04	3.1558804176293241e+04	6.7431157356461918e+04	3.7650261612495233e+04	2.5790011763663806e+04
1.1874377476139816e+04	6.4424918246109708e+04	2.8859440688769479e+04	6.6863116400211336e+04	9.9813112850060133e+03	3.7137595399235986e+04	4.5437215934635562e+04	7.3885660284893034e+04	4.0717240373270128e+04	2.6464811933469944e+04	1.9534147697487200e+05	4.6030918012895003e+04	2.0097193791538120e+04	4.0572310622740559e+04	1.8798207667455124e+04	4.6906556639836417e+04	2.5910917213499506e+04	1.7716523777931565e+04	4.3359345747143467e+04	5.9393199700231133e+04	3.8483893567187704e+04	3.1558804176293241e+04	6.7431157356461918e+04	3.7650261612495233e+04	2.5790011763663806e+04
1.1874377476139816e+04	6.4424918246109708e+04	2.8859440688769479e+04	6.6863116400211336e+04	9.9813112850060133e+03	3.7137595399235986e+04	4.5437215934635562e+04	7.3885660284893034e+04	4.0717240373270128e+04	2.6464811933469944e+04	1.9534147697487200e+05	4.6030918012895003e+04	2.0097193791538120e+04	4.0572310622740559e+04	1.8798207667455124e+04	4.6906556639836417e+04	2.5910917213499506e+04	1.7716523777931565e+04	4.3359345747143467e+04	5.9393199700231133e+04	3.8483893567187704e+04	3.1558804176293241e+04	6.7431157356461918e+04	3.7650056113529332e+04	2.5790011763663806e+04
1.1874377476139816e+04	6.4424918246109708e+04	2.8859440688769479e+04	6.6863116400211336e+04	7.9701977279778457e+03	3.7137595399235986e+04	4.5437215934635562e+04	7.3885660284893034e+04	3.8992904644679722e+04	2.6259674317814108e+04	1.9534147697487200e+05	4.4381435262054569e+04	2.0097193791538120e+04	4.0572310622740559e+04	1.8798207667455124e+04	3.5511449616564052e+04	2.5910917213499506e+04	1.7716523777931565e+04	4.3359345747143467e+04	5.9393199700231133e+04	3.8483893567187704e+04	2.8481378319311490e+04	6.7431157356461918e+04	3.6616332011622901e+04	2.2357261206681629e+04
1.1874377476139816e+04	6.4424918246109708e+04	2.8859440688769479e+04	6.2952068391202229e+04	7.9701977279778457e+03	3.7137595399235986e+04	4.5437215934635562e+04	7.3885660284893034e+04	3.8992904644679722e+04	2.6259674317814108e+04	1.9534147697487200e+05	4.4381435262054569e+04	2.0097193791538120e+04	4.0572310622740559e+04	1.8798207667455124e+04	3.5511449616564052e+04	2.5910917213499506e+04	1.7716523777931565e+04	4.3359345747143467e+04	5.9393199700231133e+04	3.8483893567187704e+04	2.8481378319311490e+04	6.0009673346040880e+04	3.5750873006682872e+04	2.2306036992398607e+04
1.1874377476139816e+04	6.4424918246109708e+04	2.8859440688769479e+04	6.2952068391202229e+04	7.9666837061689184e+03	3.7137595399235986e+04	4.5437215934635562e+04	7.3885660284893034e+04	3.8992904644679722e+04	2.6259674317814108e+04	1.9534147697487200e+05	4.4380420799636806e+04	1.6181889205768020e+04	4.0572310622740559e+04	1.8798207667455124e+04	3.5511449616564052e+04	2.5910917213499506e+04	1.7716523777931565e+04	4.3359345747143467e+04	5.9393199700231133e+04	3.8483893567187704e+04	2.8481378319311490e+04	6.0009673346040880e+04	3.5750873006682872e+04	2.2070403595152427e+04
1.1874377476139816e+04	6.4424918246109708e+04	2.8859440688769479e+04	6.2952068391202229e+04	7.9666837061689184e+03	3.7137595399235986e+04	4.5437215934635562e+04	7.3885660284893034e+04	3.8992904644679722e+04	2.6259674317814108e+04	1.9534147697487200e+05	4.4380420799636806e+04	1.6181889205768020e+04	4.0572310622740559e+04	1.8798207667455124e+04	3.5511449616564052e+04	2.5910917213499506e+04	1.7716523777931565e+04	4.3349081385032492e+04	5.9393199700231133e+04	3.8483893567187704e+04	2.8481378319311490e+04	6.0009673346040880e+04	3.5750873006682872e+04	2.2070403595152427e+04
1.1874377476139816e+04	6.4424918246109708e+04	2.8859440688769479e+04	6.2952068391202229e+04	7.9666837061689184e+03	3.7137595399235986e+04	4.5437215934635562e+04	7.3885660284893034e+04	3.8992904644679722e+04	2.6259674317814108e+04	1.9534147697487200e+05	4.4380420799636806e+04	1.6181889205768020e+04	4.0572310622740559e+04	1.7724804288798328e+04	3.5511449616564052e+04	2.5910917213499506e+04	1.7716523777931565e+04	4.3349081385032492e+04	5.9393199700231133e+04	3.8483893567187704e+04	2.8481378319311490e+04	6.0009673346040880e+04	3.5750873006682872e+04	2.1050155941500485e+04
1.1648551793442637e+04	6.4424918246109708e+04	2.8859440688769479e+04	6.2952068391202229e+04	7.9666837061689184e+03	3.7137595399235986e+04	4.5437215934635562e+04	7.3885660284893034e+04	3.8992904644679722e+04	2.6259674317814108e+04	1.9534147697487200e+05	4.4380420799636806e+04	1.6181889205768020e+04	4.0572310622740559e+04	1.7724804288798328e+04	3.5511449616564052e+04	2.5910917213499506e+04	1.7716523777931565e+04	4.3349081385032492e+04	5.9393199700231133e+04	3.7915602479168439e+04	2.8481378319311490e+04	6.0009673346040880e+04	3.5750873006682872e+04	2.1050155941500485e+04
1.1648551793442637e+04	5.8093190924374605e+04	2.8859440688769479e+04	6.2952068391202229e+04	7.8596841523557396e+03	3.7137595399235986e+04	4.1351924953942013e+04	7.1542711990097843e+04	3.8992904644679722e+04	2.6259674317814108e+04	1.9533866222679763e+05	4.4209681975667838e+04	1.6181889205768020e+04	4.0572310622740559e+04	1.5047312140233396e+04	3.5511449616564052e+04	2.5910917213499506e+04	1.7716523777931565e+04	4.3349081385032492e+04	5.9393199700231133e+04	3.7915602479168439e+04	2.8481378319311490e+04	6.0009673346040880e+04	3.5750873006682872e+04	2.1050155941500485e+04
1.1648551793442637e+04	5.8093190924374605e+04	2.8859440688769479e+04	6.2952068391202229e+04	7.8391699360985667e+03	3.7137595399235986e+04	4.1351924953942013e+04	7.1542711990097843e+04	3.8992904644679722e+04	2.6259674317814108e+04	1.9533866222679763e+05	4.4209681975667838e+04	1.6181889205768020e+04	4.0572310622740559e+04	1.5047312140233396e+04	3.5511449616564052e+04	2.5910917213499506e+04	1.3968321498005505e+04	4.3349081385032492e+04	5.3981172205953400e+04	3.7915602479168439e+04	2.8481378319311490e+04	6.0009673346040880e+04	3.5750873006682872e+04	2.1050155941500485e+04
1.1648551793442637e+04	5.8093190924374605e+04	2.8859440688769479e+04	6.2952068391202229e+04	7.8391699360985667e+03	3.7137595399235986e+04	4.1348196372461141e+04	7.1542711990097843e+04	3.8992904644679722e+04	2.6259674317814108e+04	1.9444463278448518e+05	4.4209681975667838e+04	1.6181889205768020e+04	4.0572310622740559e+04	1.5047312140233396e+04	3.5511449616564052e+04	2.5693084250843436e+04	1.3968321498005505e+04	4.3349081385032492e+04	5.3981172205953400e+04	3.7915602479168439e+04	2.8444329708904217e+04	6.0009673346040880e+04	3.5750873006682872e+04	2.1050155941500485e+04
1.1648551793442637e+04	5.8093190924374605e+04	2.8859440688769479e+04	6.2952068391202229e+04	7.8391699360985667e+03	3.6337764798034143e+04	4.1348196372461141e+04	7.1542711990097843e+04	3.8992904644679722e+04	2.6145075966313641e+04	1.9444463278448518e+05	4.4209681975667838e+04	1.6146511068313062e+04	4.0572310622740559e+04	1.5047312140233396e+04	3.5511449616564052e+04	2.5693084250843436e+04	1.3968321498005505e+04	4.3349081385032492e+04	5.3981172205953400e+04	3.7915602479168439e+04	2.8444329708904217e+04	6.0009673346040880e+04	3.5750873006682872e+04	2.1050155941500485e+04
1.1648551793442637e+04	5.6205740207321556e+04	2.8859440688769479e+04	6.2952068391202229e+04	7.8391699360985667e+03	3.6337764798034143e+04	4.1348196372461141e+04	6.9848433338052244e+04	3.8992904644679722e+04	2.6145075966313641e+04	1.9223794181725333e+05	4.3630326296343825e+04	1.6146511068313062e+04	4.0572310622740559e+04	1.5047312140233396e+04	3.5511449616564052e+04	2.5693084250843436e+04	1.3968321498005505e+04	4.3349081385032492e+04	5.3981172205953400e+04	3.7915602479168439e+04	2.6354183043072022e+04	5.8269852868719732e+04	3.5750873006682872e+04	2.1050155941500485e+04
1.1648551793442637e+04	5.6205740207321556e+04	2.8859440688769479e+04	6.2952068391202229e+04	7.8391699360985667e+03	3.6337764798034143e+04	4.1348196372461141e+04	6.9848433338052244e+04	3.8992904644679722e+04	2.3010045462834780e+04	1.9223794181725333e+05	4.2873615310578178e+04	1.6146511068313062e+04	4.0572310622740559e+04	1.5047312140233396e+04	3.5511449616564052e+04	2.5454528955318641e+04	1.3968321498005505e+04	4.3349081385032492e+04	5.3981172205953400e+04	3.7915602479168439e+04	2.6354183043072022e+04	5.8269852868719732e+04	3.5750873006682872e+04	2.1050155941500485e+04
1.1648551793442637e+04	5.6205740207321556e+04	2.8859440688769479e+04	6.2952068391202229e+04	7.8391699360985667e+03	3.6337764798034143e+04	4.1348196372461141e+04	6.9848433338052244e+04	3.8255326318959153e+04	2.3010045462834780e+04	1.9108917371076788e+05	4.2873615310578178e+04	1.6146511068313062e+04	4.0572310622740559e+04	1.5047312140233396e+04	3.5511449616564052e+04	2.5454528955318641e+04	1.3968321498005505e+04	4.3349081385032492e+04	5.3981172205953400e+04	3.7915602479168439e+04	2.6354183043072022e+04	5.8242489052655546e+04	3.5750873006682872e+04	2.1050155941500485e+04
1.1648551793442637e+04	5.6205740207321556e+04	2.8859440688769479e+04	6.2952068391202229e+04	7.8391699360985667e+03	3.6337764798034143e+04	4.1348196372461141e+04	6.9848433338052244e+04	3.8255326318959153e+04	2.3010045462834780e+04	1.9108917371076788e+05	4.2873615310578178e+04	1.6146511068313062e+04	4.0572310622740559e+04	1.5047312140233396e+04	3.5511449616564052e+04	2.5454528955318641e+04	1.3968321498005505e+04	4.3349081385032492e+04	5.3981172205953400e+04	3.7915602479168439e+04	2.6354183043072022e+04	5.8242489052655546e+04	3.5750873006682872e+04	2.1050155941500485e+04
1.1648551793442637e+04	5.6205740207321556e+04	2.8859440688769479e+04	6.2952068391202229e+04	7.8391699360985667e+03	3.6337764798034143e+04	4.1348196372461141e+04	6.9848433338052244e+04	3.8255326318959153e+04	2.3010045462834780e+04	1.9108917371076788e+05	4.2873615310578178e+04	1.6124345991209208e+04	4.0572310622740559e+04	1.5047312140233396e+04	3.5511449616564052e+04	2.5454528955318641e+04	1.3968321498005505e+04	4.3349081385032492e+04	5.3981172205953400e+04	3.7915602479168439e+04	2.6354183043072022e+04	5.8242489052655546e+04	3.5750873006682872e+04	2.0030987746356637e+04
1.1648551793442637e+04	5.6205740207321556e+04	2.8859440688769479e+04	6.2952068391202229e+04	7.7835620257392038e+03	3.6337764798034143e+04	4.1348196372461141e+04	6.9848433338052244e+04	3.8255326318959153e+04	2.3010045462834780e+04	1.9108917371076788e+05	4.2873615310578178e+04	1.6124345991209208e+04	4.0572310622740559e+04	1.5047312140233396e+04	3.5511449616564052e+04	2.5454528955318641e+04	1.3968321498005505e+04	4.3349081385032492e+04	5.3981172205953400e+04	3.7915602479168439e+04	2.6354183043072022e+04	5.8242489052655546e+04	3.5750873006682872e+04	2.0030987746356637e+04
1.1648551793442637e+04	5.6205740207321556e+04	2.8859440688769479e+04	6.2952068391202229e+04	7.7835620257392038e+03	3.6337764798034143e+04	4.1348196372461141e+04	6.9848433338052244e+04	3.8255326318959153e+04	2.2201397627021557e+04	1.9108917371076788e+05	4.2861840878669660e+04	1.6124345991209208e+04	3.8687203260224560e+04	1.5047312140233396e+04	3.5511449616564052e+04	2.4961155670619493e+04	1.3924489569665489e+04	4.3349081385032492e+04	5.3981172205953400e+04	3.7915602479168439e+04	2.6354183043072022e+04	5.8242489052655546e+04	3.5750873006682872e+04	2.0030987746356637e+04
1.1648551793442637e+04	5.6205740207321556e+04	2.8439414002550358e+04	5.9537904768059518e+04	7.7835620257392038e+03	3.6337764798034143e+04	4.1348196372461141e+04	6.9848433338052244e+04	3.8255326318959153e+04	2.2201397627021557e+04	1.9108917371076788e+05	4.2861840878669660e+04	1.6124345991209208e+04	3.8687203260224560e+04	1.5047312140233396e+04	3.5511449616564052e+04	2.4961155670619493e+04	1.3924489569665489e+04	4.3349081385032492e+04	5.3981172205953400e+04	3.4909598235969890e+04	2.6354183043072022e+04	5.8242489052655546e+04	3.5750873006682872e+04	2.0030987746356637e+04
7.4520215761815607e+03	5.6205740207321556e+04	2.8439414002550358e+04	5.9537904768059518e+04	7.7835620257392038e+03	3.6337764798034143e+04	4.1348196372461141e+04	5.5014161222759984e+04	3.8255326318959153e+04	2.2201397627021557e+04	1.9108917371076788e+05	4.2861840878669660e+04	1.6124345991209208e+04	3.8687203260224560e+04	1.5047312140233396e+04	3.5511449616564052e+04	2.4961155670619493e+04	1.3924489569665489e+04	4.3349081385032492e+04	4.9442815373065423e+04	3.4909598235969890e+04	2.4200607694978546e+04	5.8242489052655546e+04	3.3755468728323038e+04	2.0030987746356637e+04
7.4520215761815607e+03	5.6205740207321556e+04	2.8439414002550358e+04	5.9537904768059518e+04	7.7639728804689585e+03	3.6337764798034143e+04	4.1348196372461141e+04	5.5014161222759984e+04	3.8255326318959153e+04	2.2201397627021557e+04	1.9108917371076788e+05	4.2861840878669660e+04	1.6124345991209208e+04	3.8685651227212104e+04	1.5047312140233396e+04	3.5511449616564052e+04	2.4961155670619493e+04	1.3924489569665489e+04	4.3349081385032492e+04	4.9442815373065423e+04	3.4909598235969890e+04	2.4200607694978546e+04	5.8242489052655546e+04	3.3673168556303048e+04	2.0030987746356637e+04
7.4520215761815607e+03	5.6205740207321556e+04	2.8439414002550358e+04	5.3635909089540204e+04	7.6748712485594424e+03	3.6337764798034143e+04	4.1348196372461141e+04	5.5014161222759984e+04	3.8255326318959153e+04	2.2191780021764138e+04	1.9108917371076788e+05	4.2861840878669660e+04	1.6124345991209208e+04	3.8685651227212104e+04	1.5047312140233396e+04	3.5511449616564052e+04	2.4961155670619493e+04	1.3924489569665489e+04	4.3349081385032492e+04	4.9442815373065423e+04	3.4909598235969890e+04	2.4200607694978546e+04	5.8242489052655546e+04	3.0510504228786307e+04	1.9988254116827804e+04
7.4520215761815607e+03	5.6205740207321556e+04	2.8202319431997967e+04	5.3635909089540204e+04	7.6748712485594424e+03	3.6337764798034143e+04	4.1348196372461141e+04	5.3985869120121031e+04	3.8255326318959153e+04	2.2191780021764138e+04	1.9108917371076788e+05	4.1737213819715951e+04	1.6124345991209208e+04	3.8685651227212104e+04	1.5047312140233396e+04	2.8522294097852951e+04	2.4961155670619493e+04	1.3924489569665489e+04	4.3328875980015655e+04	4.9442815373065423e+04	3.4909598235969890e+04	2.4200607694978546e+04	5.8242489052655546e+04	2.9702149502199194e+04	1.9988254116827804e+04
7.4520215761815607e+03	5.6205740207321556e+04	2.8202319431997967e+04	5.2669436814065368e+04	7.6748712485594424e+03	3.6337764798034143e+04	4.1348196372461141e+04	5.3985869120121031e+04	3.8255326318959153e+04	2.2191780021764138e+04	1.9108917371076788e+05	4.1737213819715951e+04	1.6124345991209208e+04	3.7634474584129668e+04	1.5047312140233396e+04	2.8522294097852951e+04	2.4961155670619493e+04	1.3924489569665489e+04	4.3300047428741658e+04	4.9442815373065423e+04	3.4909598235969890e+04	2.4200607694978546e+04	5.8242489052655546e+04	2.9702149502199194e+04	1.9988254116827804e+04
7.4520215761815607e+03	5.6205740207321556e+04	2.8202319431997967e+04	5.2669436814065368e+04	7.6748712485594424e+03	3.6337764798034143e+04	4.1348196372461141e+04	5.3961342978887107e+04	3.6881650991883907e+04	2.2191780021764138e+04	1.9108917371076788e+05	4.1737213819715951e+04	1.6124345991209208e+04	3.7634474584129668e+04	1.5047312140233396e+04	2.8522294097852951e+04	2.4961155670619493e+04	1.3924489569665489e+04	4.3300047428741658e+04	4.9442815373065423e+04	3.4909598235969890e+04	2.4200607694978546e+04	5.8242489052655546e+04	2.9702149502199194e+04	1.9988254116827804e+04
7.4520215761815607e+03	5.3570493319722867e+04	2.8202319431997967e+04	5.2669436814065368e+04	7.6748712485594424e+03	3.6337764798034143e+04	4.1348196372461141e+04	5.3961342978887107e+04	3.6881650991883907e+04	2.2191780021764138e+04	1.8360415081440844e+05	4.1737213819715951e+04	1.6124345991209208e+04	3.7634474584129668e+04	1.5047312140233396e+04	2.8522294097852951e+04	2.4961155670619493e+04	1.3924489569665489e+04	4.2629525366290763e+04	4.9442815373065423e+04	3.4909598235969890e+04	2.4200607694978546e+04	5.6743925933267848e+04	2.9702149502199194e+04	1.9988254116827804e+04
7.4520215761815607e+03	5.3570493319722867e+04	2.8202319431997967e+04	5.2669436814065368e+04	7.6735878488660237e+03	3.6337764798034143e+04	4.1348196372461141e+04	5.3961342978887107e+04	3.4652626189636758e+04	2.2191780021764138e+04	1.8208975905086807e+05	4.1737213819715951e+04	1.6124345991209208e+04	3.7634474584129668e+04	1.5047312140233396e+04	2.8522294097852951e+04	2.4961155670619493e+04	1.3924489569665489e+04	4.2486068759580812e+04	4.9442815373065423e+04	3.4909598235969890e+04	2.4200607694978546e+04	5.6743925933267848e+04	2.9702149502199194e+04	1.9988254116827804e+04
7.4520215761815607e+03	5.3570493319722867e+04	2.8202319431997967e+04	5.2669436814065368e+04	7.6735878488660237e+03	3.6337764798034143e+04	4.1348196372461141e+04	5.3961342978887107e+04	3.4652626189636758e+04	2.1640016039845479e+04	1.8065568577141003e+05	4.1414946896118927e+04	1.6124345991209208e+04	3.7634474584129668e+04	1.5047312140233396e+04	2.8522294097852951e+04	2.4961155670619493e+04	1.3924489569665489e+04	4.2486068759580812e+04	4.9442815373065423e+04	3.4909598235969890e+04	2.4200607694978546e+04	5.6743925933267848e+04	2.9702149502199194e+04	1.9988254116827804e+04
7.4520215761815607e+03	5.3570493319722867e+04	2.8202319431997967e+04	5.2379134796696642e+04	7.6735878488660237e+03	3.6337764798034143e+04	4.1348196372461141e+04	5.3961342978887107e+04	3.4652626189636758e+04	2.1247665250931015e+04	1.8065568577141003e+05	4.1414946896118927e+04	1.6124345991209208e+04	3.7634474584129668e+04	1.5047312140233396e+04	2.8522294097852951e+04	2.4961155670619493e+04	1.3924489569665489e+04	4.2486068759580812e+04	4.9442815373065423e+04	3.4909598235969890e+04	2.4200607694978546e+04	5.6743925933267848e+04	2.9702149502199194e+04	1.9988254116827804e+04
7.4520215761815607e+03	5.3570493319722867e+04	2.8202319431997967e+04	5.2379134796696642e+04	7.6735878488660237e+03	3.6337764798034143e+04	4.1348196372461141e+04	5.3961342978887107e+04	3.4652626189636758e+04	2.1247665250931015e+04	1.7112753342894648e+05	4.1414946896118927e+04	1.6124345991209208e+04	3.7634474584129668e+04	1.5047312140233396e+04	2.8522294097852951e+04	2.4961110555778476e+04	1.3924489569665489e+04	4.2486068759580812e+04	4.9442815373065423e+04	3.4909598235969890e+04	2.4200607694978546e+04	5.6710541989218953e+04	2.9702149502199194e+04	1.9988254116827804e+04
7.4520215761815607e+03	5.3570493319722867e+04	2.8202319431997967e+04	5.2379134796696642e+04	7.6735878488660237e+03	3.6337764798034143e+04	3.7021745741772720e+04	5.3961342978887107e+04	3.4652626189636758e+04	2.1247665250931015e+04	1.7112753342894648e+05	4.1358018929908845e+04	1.6124345991209208e+04	3.7634474584129668e+04	1.5047312140233396e+04	2.8522294097852951e+04	2.4961110555778476e+04	1.3924489569665489e+04	4.2486068759580812e+04	4.9442815373065423e+04	3.4909598235969890e+04	2.4200607694978546e+04	5.6710541989218953e+04	2.9702149502199194e+04	1.9988254116827804e+04
7.4520215761815607e+03	5.3570493319722867e+04	2.8202319431997967e+04	5.2379134796696642e+04	7.6496036070606251e+03	3.6337764798034143e+04	3.7021745741772720e+04	5.3961342978887107e+04	3.4652626189636758e+04	2.1247665250931015e+04	1.7112753342894648e+05	4.1358018929908845e+04	1.6124345991209208e+04	3.7634474584129668e+04	1.5047312140233396e+04	2.8522294097852951e+04	2.4961110555778476e+04	1.3439981542213282e+04	4.2486068759580812e+04	4.9442815373065423e+04	3.4909598235969890e+04	2.4200607694978546e+04	5.6710541989218953e+04	2.9702149502199194e+04	1.9988254116827804e+04
7.4520215761815607e+03	5.3570493319722867e+04	2.8202319431997967e+04	5.2379134796696642e+04	7.6464268358626878e+03	3.6337764798034143e+04	3.7021745741772720e+04	5.3961342978887107e+04	3.4652626189636758e+04	2.1247665250931015e+04	1.7112753342894648e+05	4.1358018929908845e+04	1.6124345991209208e+04	3.7634396121718484e+04	1.5047312140233396e+04	2.8522294097852951e+04	2.4961110555778476e+04	1.3439981542213282e+04	4.2486068759580812e+04	4.9442815373065423e+04	3.4909598235969890e+04	2.4200607694978546e+04	5.6446924093050155e+04	2.9702149502199194e+04	1.9988254116827804e+04
7.4520215761815607e+03	5.3570493319722867e+04	2.8202319431997967e+04	5.2379134796696642e+04	7.6464268358626878e+03	3.6337764798034143e+04	3.7021745741772720e+04	4.9764141111124496e+04	3.4641310121967348e+04	2.0118617048567146e+04	1.7112753342894648e+05	4.1358018929908845e+04	1.6124345991209208e+04	3.7634396121718484e+04	1.5047312140233396e+04	2.8522294097852951e+04	2.4961110555778476e+04	1.3439981542213282e+04	4.2486068759580812e+04	4.9442815373065423e+04	3.4909598235969890e+04	2.4200607694978546e+04	5.6407018011018299e+04	2.9702149502199194e+04	1.9988254116827804e+04
7.4520215761815607e+03	5.3570493319722867e+04	2.8202319431997967e+04	4.8664123163453340e+04	7.6464268358626878e+03	3.6312223418613576e+04	3.7021745741772720e+04	4.6564825821926141e+04	3.4641310121967348e+04	2.0118617048567146e+04	1.7112753342894648e+05	4.1358018929908845e+04	1.6124345991209208e+04	3.4763269858147280e+04	1.5047312140233396e+04	2.8522294097852951e+04	2.4961110555778476e+04	1.3439981542213282e+04	4.2486068759580812e+04	4.9442815373065423e+04	3.4909598235969890e+04	2.4200607694978546e+04	5.6407018011018299e+04	2.9702149502199194e+04	1.9988254116827804e+04
7.4520215761815607e+03	5.3570493319722867e+04	2.8202319431997967e+04	4.8664123163453340e+04	7.6464268358626878e+03	3.6312223418613576e+04	3.7021745741772720e+04	4.6564825821926141e+04	3.4641310121967348e+04	2.0118617048567146e+04	1.7112753342894648e+05	4.1358018929908845e+04	1.5418569137009983e+04	3.4763269858147280e+04	1.5047312140233396e+04	2.8522294097852951e+04	2.4961110555778476e+04	1.3439981542213282e+04	4.2486068759580812e+04	4.9442815373065423e+04	3.4088963278164862e+04	2.4200607694978546e+04	5.6407018011018299e+04	2.9702149502199194e+04	1.9988254116827804e+04
7.4520215761815607e+03	5.3570493319722867e+04	2.8202319431997967e+04	4.8664123163453340e+04	7.6464268358626878e+03	3.6312223418613576e+04	3.7021745741772720e+04	4.6564825821926141e+04	3.4641310121967348e+04	2.0118617048567146e+04	1.7112753342894648e+05	4.1358018929908845e+04	1.5418569137009983e+04	3.4763269858147280e+04	1.5047312140233396e+04	2.8522294097852951e+04	2.4912341054674776e+04	1.3439981542213282e+04	4.2486068759580812e+04	4.9442815373065423e+04	3.4088963278164862e+04	2.4200607694978546e+04	5.5084725931346613e+04	2.9702149502199194e+04	1.7924725016942644e+04
7.4520215761815607e+03	5.3570493319722867e+04	2.8202319431997967e+04	4.8664123163453340e+04	7.6114583718304957e+03	3.6312223418613576e+04	3.7021745741772720e+04	4.6564825821926141e+04	3.4641310121967348e+04	2.0118617048567146e+04	1.7110589596659597e+05	4.1358018929908845e+04	1.5418569137009983e+04	3.4763269858147280e+04	1.5047312140233396e+04	2.8520593630744079e+04	2.4912341054674776e+04	1.2808799609469957e+04	4.2486068759580812e+04	4.9442815373065423e+04	3.4088963278164862e+04	2.4200607694978546e+04	5.5084725931346613e+04	2.9702149502199194e+04	1.7924725016942644e+04
7.4520215761815607e+03	5.3570493319722867e+04	2.7418240729962326e+04	4.8664123163453340e+04	7.5492031003449792e+03	3.6312223418613576e+04	3.7021745741772720e+04	4.6564825821926141e+04	3.4641310121967348e+04	2.0118617048567146e+04	1.7110589596659597e+05	4.1358018929908845e+04	1.5418569137009983e+04	3.4630896412392540e+04	1.5047312140233396e+04	2.8520593630744079e+04	2.4368148461924837e+04	1.2808799609469957e+04	4.0332340813164585e+04	4.9442815373065423e+04	3.4088963278164862e+04	2.4200607694978546e+04	5.5084725931346613e+04	2.9702149502199194e+04	1.7924725016942644e+04
7.4520215761815607e+03	5.3570493319722867e+04	2.7418240729962326e+04	4.8361569158542276e+04	7.5492031003449792e+03	3.6312223418613576e+04	3.7021745741772720e+04	4.6564825821926141e+04	3.4641310121967348e+04	2.0118617048567146e+04	1.7028612572936300e+05	4.1358018929908845e+04	1.5399758280079277e+04	3.4630896412392540e+04	1.5047312140233396e+04	2.8519993034078791e+04	2.4368148461924837e+04	1.2808799609469957e+04	4.0332340813164585e+04	4.9442815373065423e+04	3.4088963278164862e+04	2.4200607694978546e+04	5.5084725931346613e+04	2.9702149502199194e+04	1.7924725016942644e+04
7.4520215761815607e+03	5.2400565100829037e+04	2.7418240729962326e+04	4.8361569158542276e+04	7.5492031003449792e+03	3.6289691442024603e+04	3.7021745741772720e+04	4.6564825821926141e+04	3.4641310121967348e+04	2.0118617048567146e+04	1.6986526807587457e+05	4.1358018929908845e+04	1.5399758280079277e+04	3.4630896412392540e+04	1.5047312140233396e+04	2.8519993034078791e+04	2.4368148461924837e+04	1.2641059982882040e+04	4.0332340813164585e+04	4.9442815373065423e+04	3.4088963278164862e+04	2.4200607694978546e+04	5.5084725931346613e+04	2.6155596709669007e+04	1.7662780428457969e+04
7.4520215761815607e+03	5.2400565100829037e+04	2.7418240729962326e+04	4.8361569158542276e+04	7.5492031003449792e+03	3.6289691442024603e+04	3.7021745741772720e+04	4.6564825821926141e+04	3.4641310121967348e+04	2.0118617048567146e+04	1.6986526807587457e+05	4.1358018929908845e+04	1.5170000423441266e+04	3.4630896412392540e+04	1.5047312140233396e+04	2.8519993034078791e+04	2.4368148461924837e+04	1.2641059982882040e+04	4.0332340813164585e+04	4.8705814998637288e+04	3.4022442830284752e+04	2.1643331025621381e+04	5.5084725931346613e+04	2.6155596709669007e+04	1.7662780428457969e+04
7.4520215761815607e+03	5.2400565100829037e+04	2.7418240729962326e+04	4.8361569158542276e+04	7.5492031003449792e+03	3.6289691442024603e+04	3.7013697774280037e+04	4.6564825821926141e+04	3.4641310121967348e+04	2.0118617048567146e+04	1.6986526807587457e+05	4.1358018929908845e+04	1.5170000423441266e+04	3.4630896412392540e+04	1.5047312140233396e+04	2.8519993034078791e+04	2.4368148461924837e+04	1.0143236969417560e+04	4.0332340813164585e+04	4.8705814998637288e+04	3.4022442830284752e+04	2.1643331025621381e+04	5.5084725931346613e+04	2.6155596709669007e+04	1.7662780428457969e+04
7.4520215761815607e+03	5.2400565100829037e+04	2.7418240729962326e+04	4.8110072109284352e+04	7.5492031003449792e+03	3.6289691442024603e+04	3.2785460176384615e+04	4.0204822909055685e+04	3.4641310121967348e+04	2.0118617048567146e+04	1.6986526807587457e+05	4.1358018929908845e+04	1.5170000423441266e+04	3.3920450132474725e+04	1.5047312140233396e+04	2.7618457425260953e+04	2.4368148461924837e+04	1.0143236969417560e+04	4.0332340813164585e+04	4.8705814998637288e+04	3.4022442830284752e+04	2.1595032414632376e+04	5.5084725931346613e+04	2.6155596709669007e+04	1.6746479576413811e+04
7.4520215761815607e+03	5.2400565100829037e+04	2.7418240729962326e+04	4.8110072109284352e+04	7.5265840666099921e+03	3.6289691442024603e+04	3.2785460176384615e+04	4.0204822909055685e+04	3.2893422331868620e+04	2.0118617048567146e+04	1.6986526807587457e+05	4.1358018929908845e+04	1.5170000423441266e+04	3.3920450132474725e+04	1.5028508677140982e+04	2.7618457425260953e+04	2.4368148461924837e+04	1.0143236969417560e+04	4.0332340813164585e+04	4.8705814998637288e+04	3.4022442830284752e+04	2.1595032414632376e+04	5.5084725931346613e+04	2.6155596709669007e+04	1.6746479576413811e+04
7.4520215761815607e+03	5.2400565100829037e+04	2.7418240729962326e+04	4.8110072109284352e+04	7.5265840666099921e+03	3.6289691442024603e+04	3.2092151769685195e+04	4.0204822909055685e+04	3.2893422331868620e+04	1.8786405732269886e+04	1.6986526807587457e+05	4.1358018929908845e+04	1.5170000423441266e+04	3.3317781764061117e+04	1.5028508677140982e+04	2.7618457425260953e+04	2.4368148461924837e+04	1.0143236969417560e+04	4.0332340813164585e+04	4.8705814998637288e+04	3.4022442830284752e+04	2.1595032414632376e+04	5.5084725931346613e+04	2.6155596709669007e+04	1.6746479576413811e+04
7.4520215761815607e+03	5.2400565100829037e+04	2.7418240729962326e+04	4.8110072109284352e+04	7.5240701743055433e+03	3.6289691442024603e+04	2.9529649505477537e+04	4.0204822909055685e+04	3.2893422331868620e+04	1.8786405732269886e+04	1.6986526807587457e+05	4.1358018929908845e+04	1.5170000423441266e+04	3.3317781764061117e+04	1.5028508677140982e+04	2.3439218106335407e+04	2.4368148461924837e+04	1.0143236969417560e+04	4.0332340813164585e+04	4.8705814998637288e+04	3.4022442830284752e+04	2.1595032414632376e+04	5.5084725931346613e+04	2.3430276563336374e+04	1.3486986139804745e+04
6.5060920141859242e+03	5.2400565100829037e+04	2.7418240729962326e+04	4.8110072109284352e+04	7.5240701743055433e+03	3.6289691442024603e+04	2.9529649505477537e+04	4.0204822909055685e+04	3.2893422331868620e+04	1.8786405732269886e+04	1.6986526807587457e+05	4.1358018929908845e+04	1.5170000423441266e+04	3.3317781764061117e+04	1.5028508677140982e+04	2.3439218106335407e+04	2.4368148461924837e+04	1.0143236969417560e+04	4.0332340813164585e+04	4.8705814998637288e+04	3.4022442830284752e+04	2.1595032414632376e+04	5.5084725931346613e+04	2.3430276563336374e+04	1.3486986139804745e+04
6.5060920141859242e+03	5.2400565100829037e+04	2.7418240729962326e+04	4.8110072109284352e+04	7.5240701743055433e+03	3.6289691442024603e+04	2.9529649505477537e+04	4.0204822909055685e+04	3.1542521245924516e+04	1.8002448242182731e+04	1.6986526807587457e+05	4.1358018929908845e+04	1.5170000423441266e+04	3.3317781764061117e+04	1.5028508677140982e+04	2.3439218106335407e+04	2.4368148461924837e+04	1.0143236969417560e+04	4.0332340813164585e+04	4.8705814998637288e+04	3.2472464690148918e+04	2.1595032414632376e+04	5.5084725931346613e+04	2.3430276563336374e+04	1.1984030435003318e+04
6.5060920141859242e+03	5.2400565100829037e+04	2.7418240729962326e+04	4.8110072109284352e+04	7.4937444941907388e+03	3.6289691442024603e+04	2.9529649505477537e+04	4.0204822909055685e+04	3.1542521245924516e+04	1.8002448242182731e+04	1.6210079075140375e+05	4.1358018929908845e+04	1.5170000423441266e+04	3.3317781764061117e+04	1.5028508677140982e+04	2.3439218106335407e+04	2.4368148461924837e+04	1.0143236969417560e+04	4.0332340813164585e+04	4.8705814998637288e+04	3.2177401031489178e+04	2.1595032414632376e+04	5.5084725931346613e+04	2.3430276563336374e+04	1.1984030435003318e+04
6.5060920141859242e+03	5.2400565100829037e+04	2.7418240729962326e+04	4.8110072109284352e+04	7.4937444941907388e+03	3.6289691442024603e+04	2.9529649505477537e+04	4.0204822909055685e+04	3.1542521245924516e+04	1.8002448242182731e+04	1.5899550932984625e+05	4.1358018929908845e+04	1.5044642101237801e+04	3.3317781764061117e+04	1.5028508677140982e+04	2.3439218106335407e+04	2.4368148461924837e+04	1.0136215024346118e+04	4.0332340813164585e+04	4.2901722567274614e+04	3.2177401031489178e+04	2.1595032414632376e+04	5.5084725931346613e+04	2.3430276563336374e+04	1.1984030435003318e+04
6.5060920141859242e+03	5.2400565100829037e+04	2.7418240729962326e+04	4.6933190476414951e+04	7.4601606660603284e+03	3.6289691442024603e+04	2.9529649505477537e+04	4.0204822909055685e+04	3.1542521245924516e+04	1.8002448242182731e+04	1.5899550932984625e+05	3.9279111489535520e+04	1.5044642101237801e+04	3.3317781764061117e+04	1.5028508677140982e+04	2.3439218106335407e+04	2.4368148461924837e+04	1.0136215024346118e+04	4.0332340813164585e+04	4.2901722567274614e+04	3.2177401031489178e+04	2.1595032414632376e+04	5.5084725931346613e+04	2.3430276563336374e+04	1.1984030435003318e+04
6.5060920141859242e+03	5.2400565100829037e+04	2.7418240729962326e+04	4.6933190476414951e+04	6.4591136752777311e+03	3.6289691442024603e+04	2.9529649505477537e+04	4.0204822909055685e+04	3.1542521245924516e+04	1.8002448242182731e+04	1.5899550932984625e+05	3.9279111489535520e+04	1.5044642101237801e+04	3.3317781764061117e+04	1.5028508677140982e+04	2.3439218106335407e+04	2.4368148461924837e+04	1.0136215024346118e+04	4.0332340813164585e+04	4.2901722567274614e+04	3.2177401031489178e+04	2.1595032414632376e+04	5.5084725931346613e+04	2.0006787925908353e+04	1.1984030435003318e+04
6.5060920141859242e+03	5.2400565100829037e+04	2.7418240729962326e+04	4.6933190476414951e+04	6.4591136752777311e+03	3.6289691442024603e+04	2.9529649505477537e+04	4.0204822909055685e+04	3.1542521245924516e+04	1.8002448242182731e+04	1.5899550932984625e+05	3.9279111489535520e+04	1.5044642101237801e+04	3.3317781764061117e+04	1.5028508677140982e+04	2.3439218106335407e+04	2.4368148461924837e+04	1.0136215024346118e+04	4.0332340813164585e+04	4.2592588014907065e+04	3.2177401031489178e+04	2.1595032414632376e+04	5.4863140337399753e+04	2.0006787925908353e+04	1.1984030435003318e+04
6.5060920141859242e+03	5.2400565100829037e+04	2.7418240729962326e+04	4.6933190476414951e+04	6.4591136752777311e+03	3.6212324916422542e+04	2.9529649505477537e+04	4.0204822909055685e+04	3.1542521245924516e+04	1.7699485263375791e+04	1.5899550932984625e+05	3.9279111489535520e+04	1.5044642101237801e+04	3.3317781764061117e+04	1.4934557409620775e+04	2.3439218106335407e+04	2.4368148461924837e+04	1.0136215024346118e+04	4.0332340813164585e+04	4.2592588014907065e+04	3.2177401031489178e+04	2.1595032414632376e+04	5.4863140337399753e+04	2.0006787925908353e+04	1.1984030435003318e+04
6.5060920141859242e+03	5.2400565100829037e+04	2.7418240729962326e+04	4.6933190476414951e+04	6.4023923026681614e+03	3.6212324916422542e+04	2.9529649505477537e+04	4.0204822909055685e+04	3.1542521245924516e+04	1.7699485263375791e+04	1.5899550932984625e+05	3.9279111489535520e+04	1.5044642101237801e+04	3.3317781764061117e+04	1.4934557409620775e+04	2.3439218106335407e+04	2.3480182467014336e+04	1.0136215024346118e+04	4.0332340813164585e+04	4.0683110043889465e+04	3.2177401031489178e+04	2.1584274791899741e+04	5.4863140337399753e+04	2.0001153632536392e+04	1.1984030435003318e+04
6.5060920141859242e+03	5.2400565100829037e+04	2.7418240729962326e+04	4.6933190476414951e+04	6.4023923026681614e+03	3.6212324916422542e+04	2.9529649505477537e+04	4.0204822909055685e+04	3.1542521245924516e+04	1.7699485263375791e+04	1.5899550932984625e+05	3.9279111489535520e+04	1.5044642101237801e+04	3.2909795186609219e+04	1.4934557409620775e+04	2.3439218106335407e+04	2.3480182467014336e+04	1.0136215024346118e+04	4.0332340813164585e+04	4.0683110043889465e+04	3.2177401031489178e+04	2.1584274791899741e+04	5.4863140337399753e+04	2.0001153632536392e+04	1.1984030435003318e+04
6.5060920141859242e+03	5.2400565100829037e+04	2.7418240729962326e+04	4.6932079867341803e+04	6.4023923026681614e+03	3.6212324916422542e+04	2.9529649505477537e+04	4.0204822909055685e+04	3.1542521245924516e+04	1.7699485263375791e+04	1.5899550932984625e+05	3.8966160088518183e+04	1.3991372278164356e+04	3.2909795186609219e+04	1.4934557409620775e+04	2.3439218106335407e+04	2.3480182467014336e+04	1.0136215024346118e+04	4.0332340813164585e+04	3.6772818487937104e+04	3.2177401031489178e+04	2.1584274791899741e+04	5.4863140337399753e+04	2.0001153632536392e+04	1.1984030435003318e+04
6.5060920141859242e+03	5.2400565100829037e+04	2.7418240729962326e+04	4.6932079867341803e+04	6.4023923026681614e+03	3.6212324916422542e+04	2.9529649505477537e+04	3.6520033329924670e+04	3.1542521245924516e+04	1.7654542466801959e+04	1.5894934461926116e+05	3.8661609380449947e+04	1.3991372278164356e+04	3.2909795186609219e+04	1.4934557409620775e+04	2.3439218106335407e+04	2.3478358160589087e+04	1.0136215024346118e+04	4.0332340813164585e+04	3.6772818487937104e+04	3.2177401031489178e+04	2.1584274791899741e+04	5.4863140337399753e+04	2.0001153632536392e+04	1.1984030435003318e+04
6.5060920141859242e+03	5.2400565100829037e+04	2.7418240729962326e+04	4.6932079867341803e+04	6.4023923026681614e+03	3.6212324916422542e+04	2.9529649505477537e+04	3.6520033329924670e+04	3.1542521245924516e+04	1.7514335058623914e+04	1.5894934461926116e+05	3.8661609380449947e+04	1.3991372278164356e+04	3.2909795186609219e+04	1.4934557409620775e+04	2.3439218106335407e+04	2.3478358160589087e+04	1.0136215024346118e+04	4.0332340813164585e+04	3.6772818487937104e+04	3.2133469504219698e+04	2.1572370067221447e+04	5.4863140337399753e+04	2.0001153632536392e+04	1.1984030435003318e+04
6.5060920141859242e+03	5.2400565100829037e+04	2.7418240729962326e+04	4.6932079867341803e+04	6.4023923026681614e+03	3.6212324916422542e+04	2.4917945590079682e+04	3.6520033329924670e+04	3.1542521245924516e+04	1.7514335058623914e+04	1.5894934461926116e+05	3.8661609380449947e+04	1.3991372278164356e+04	3.2909795186609219e+04	1.4934557409620775e+04	2.3439218106335407e+04	2.3476986024115380e+04	9.8541378397948574e+03	4.0332340813164585e+04	3.6772818487937104e+04	3.2133469504219698e+04	2.1572370067221447e+04	5.4863140337399753e+04	2.0001153632536392e+04	1.1984030435003318e+04
6.5060920141859242e+03	5.2400565100829037e+04	2.7175563922017238e+04	4.6932079867341803e+04	6.4023923026681614e+03	3.6212324916422542e+04	2.4917945590079682e+04	3.6520033329924670e+04	3.1542521245924516e+04	1.7514335058623914e+04	1.5894934461926116e+05	3.8661609380449947e+04	1.3991372278164356e+04	3.2909795186609219e+04	1.4934557409620775e+04	2.3439218106335407e+04	2.3476986024115380e+04	9.8541378397948574e+03	4.0332340813164585e+04	3.6772818487937104e+04	3.2133469504219698e+04	2.1572370067221447e+04	5.1930667474619848e+04	2.0001153632536392e+04	1.1984030435003318e+04
6.0918591135499255e+03	5.2400565100829037e+04	2.7175563922017238e+04	4.6932079867341803e+04	6.4023923026681614e+03	3.6212324916422542e+04	2.4917945590079682e+04	3.6520033329924670e+04	3.1542521245924516e+04	1.7514335058623914e+04	1.5894934461926116e+05	3.8661609380449947e+04	1.3991372278164356e+04	3.2909795186609219e+04	1.4934557409620775e+04	2.3439218106335407e+04	2.3476986024115380e+04	9.8541378397948574e+03	4.0332340813164585e+04	3.6772818487937104e+04	3.2133469504219698e+04	2.1572370067221447e+04	5.1930667474619848e+04	2.0001153632536392e+04	1.1984030435003318e+04
6.0918591135499255e+03	5.2394580726955872e+04	2.7175563922017238e+04	4.6926014501306228e+04	6.4023923026681614e+03	3.6212324916422542e+04	2.4917945590079682e+04	3.6520033329924670e+04	3.1542521245924516e+04	1.7514335058623914e+04	1.5415195958007820e+05	3.8661609380449947e+04	1.3991372278164356e+04	3.2909795186609219e+04	1.4934557409620775e+04	2.3439218106335407e+04	2.3476986024115380e+04	9.8541378397948574e+03	4.0332340813164585e+04	3.6772818487937104e+04	3.2133469504219698e+04	2.1572370067221447e+04	5.1930667474619848e+04	1.7736998620221038e+04	1.1984030435003318e+04
4.8256248064525016e+03	5.2394580726955872e+04	2.7175563922017238e+04	4.6926014501306228e+04	6.4023923026681614e+03	3.6209546464195715e+04	2.4917945590079682e+04	3.5576826790801992e+04	3.1324190086558421e+04	1.7458471560732862e+04	1.5096787791585020e+05	3.8661609380449947e+04	1.3991372278164356e+04	3.2909795186609219e+04	1.4934557409620775e+04	2.3439218106335407e+04	2.3476986024115380e+04	9.8541378397948574e+03	4.0332340813164585e+04	3.6772818487937104e+04	3.2133469504219698e+04	2.0728427197885252e+04	5.1930667474619848e+04	1.7736998620221038e+04	1.1984030435003318e+04
4.8256248064525016e+03	5.2394580726955872e+04	2.7175563922017238e+04	4.6926014501306228e+04	6.4023923026681614e+03	3.6209546464195715e+04	2.4917945590079682e+04	3.5576826790801992e+04	3.0931866630204779e+04	1.7458471560732862e+04	1.5089032681046351e+05	3.8661609380449947e+04	1.3991372278164356e+04	3.2868051814445818e+04	1.4934557409620775e+04	2.3439218106335407e+04	2.3476986024115380e+04	9.8493478163919426e+03	4.0332340813164585e+04	3.6772818487937104e+04	3.2133469504219698e+04	2.0727446927022458e+04	5.1930667474619848e+04	1.7736998620221038e+04	1.1984030435003318e+04
4.8256248064525016e+03	5.1694862148710665e+04	2.7175563922017238e+04	4.6924611272929906e+04	6.4023923026681614e+03	3.6209546464195715e+04	2.4917945590079682e+04	3.5576826790801992e+04	2.8928700016932569e+04	1.7458471560732862e+04	1.5089032681046351e+05	3.8661609380449947e+04	1.3991372278164356e+04	3.2868051814445818e+04	1.4934557409620775e+04	2.3439218106335407e+04	2.3476986024115380e+04	9.8493478163919426e+03	4.0332340813164585e+04	3.0640018168145325e+04	3.2133469504219698e+04	2.0727446927022458e+04	5.1724577002084028e+04	1.7736998620221038e+04	1.1984030435003318e+04
4.8256248064525016e+03	5.1694862148710665e+04	2.7175563922017238e+04	4.6924611272929906e+04	6.4023923026681614e+03	3.6209546464195715e+04	2.4917945590079682e+04	3.5576826790801992e+04	2.8928700016932569e+04	1.6425261229904383e+04	1.4679047851331689e+05	3.8661609380449947e+04	1.3991372278164356e+04	3.2868051814445818e+04	1.4934557409620775e+04	2.1465188661869666e+04	2.3476986024115380e+04	9.8493478163919426e+03	4.0332340813164585e+04	3.0640018168145325e+04	3.2133469504219698e+04	2.0727446927022458e+04	5.1724577002084028e+04	1.7736998620221038e+04	1.1984030435003318e+04
4.8256248064525016e+03	5.1694862148710665e+04	2.7175563922017238e+04	4.6924611272929906e+04	6.4023923026681614e+03	3.6209546464195715e+04	2.4917945590079682e+04	3.5576826790801992e+04	2.8928700016932569e+04	1.6425261229904383e+04	1.4679047851331689e+05	3.8661609380449947e+04	1.3991372278164356e+04	3.2868051814445818e+04	1.4928360606865695e+04	2.1465188661869666e+04	2.3476986024115380e+04	9.8493478163919426e+03	4.0332340813164585e+04	3.0640018168145325e+04	3.1695772368377395e+04	2.0727446927022458e+04	5.1724577002084028e+04	1.6829946199603648e+04	1.1984030435003318e+04
4.8256248064525016e+03	5.1677548463322819e+04	2.7175563922017238e+04	4.6924611272929906e+04	6.4023923026681614e+03	3.6209546464195715e+04	2.4917945590079682e+04	3.5576826790801992e+04	2.8928700016932569e+04	1.6425261229904383e+04	1.4679047851331689e+05	3.8661609380449947e+04	1.3991372278164356e+04	3.2868051814445818e+04	1.4928360606865695e+04	2.1465188661869666e+04	2.3476986024115380e+04	9.8493478163919426e+03	4.0332340813164585e+04	3.0640018168145325e+04	3.1695772368377395e+04	2.0727446927022458e+04	5.1701378045712168e+04	1.6829946199603648e+04	1.1980202912203469e+04
4.8256248064525016e+03	5.0391049181834744e+04	2.7175563922017238e+04	4.6924611272929906e+04	6.4023923026681614e+03	3.6209546464195715e+04	2.4917945590079682e+04	3.5576826790801992e+04	2.6435380182390851e+04	1.6425261229904383e+04	1.4679047851331689e+05	3.8613376816558477e+04	1.3991372278164356e+04	3.2868051814445818e+04	1.4460074961291848e+04	2.1465188661869666e+04	2.3476986024115380e+04	9.8493478163919426e+03	4.0332340813164585e+04	3.0640018168145325e+04	3.1695772368377395e+04	2.0727446927022458e+04	5.1318745794945615e+04	1.6606983777751720e+04	1.1980202912203469e+04
4.8256248064525016e+03	4.9839339192726671e+04	2.7175563922017238e+04	4.6924611272929906e+04	6.2042858261510200e+03	3.5984410386512820e+04	2.4917945590079682e+04	3.5295936145887332e+04	2.6435380182390851e+04	1.6425261229904383e+04	1.4622267939342232e+05	3.8610119254341720e+04	1.3923914641882609e+04	3.0752039280459740e+04	1.4460074961291848e+04	2.1465188661869666e+04	2.3476986024115380e+04	8.3468052546844920e+03	4.0332340813164585e+04	3.0640018168145325e+04	3.1695772368377395e+04	2.0727446927022458e+04	5.1318745794945615e+04	1.6606983777751720e+04	1.1980202912203469e+04
4.8256248064525016e+03	4.9839339192726671e+04	2.7175563922017238e+04	4.6924611272929906e+04	6.2042858261510200e+03	3.5984410386512820e+04	2.4917945590079682e+04	3.5295936145887332e+04	2.6435380182390851e+04	1.6425261229904383e+04	1.4622267939342232e+05	3.8299635812790395e+04	1.2910145768697674e+04	3.0752039280459740e+04	1.4460074961291848e+04	2.1465188661869666e+04	2.3418444435617079e+04	8.3468052546844920e+03	4.0332340813164585e+04	3.0640018168145325e+04	3.1695772368377395e+04	2.0727446927022458e+04	5.1318745794945615e+04	1.6606983777751720e+04	1.1980202912203469e+04
4.8256248064525016e+03	4.9839339192726671e+04	2.7175563922017238e+04	4.5710273550161844e+04	6.2042858261510200e+03	3.5984410386512820e+04	2.4917945590079682e+04	3.5295936145887332e+04	2.6435380182390851e+04	1.6425261229904383e+04	1.4584732598620621e+05	3.8133443255621809e+04	1.2910145768697674e+04	3.0752039280459740e+04	1.4460074961291848e+04	2.1465188661869666e+04	2.3418444435617079e+04	8.3468052546844920e+03	4.0332340813164585e+04	3.0640018168145325e+04	3.1695772368377395e+04	2.0727446927022458e+04	5.1108095693312556e+04	1.2171175662241631e+04	1.1980202912203469e+04
4.8256248064525016e+03	4.8621970642805900e+04	2.7175563922017238e+04	4.5710273550161844e+04	6.2042858261510200e+03	3.5944155518257903e+04	2.4917945590079682e+04	3.5295936145887332e+04	2.6435380182390851e+04	1.6425261229904383e+04	1.4584732598620621e+05	3.8133443255621809e+04	1.2910145768697674e+04	3.0752039280459740e+04	1.4460074961291848e+04	2.1465188661869666e+04	2.3418444435617079e+04	8.3468052546844920e+03	4.0332340813164585e+04	3.0640018168145325e+04	3.1695772368377395e+04	2.0727446927022458e+04	5.1096886997308415e+04	1.2171175662241631e+04	1.1980202912203469e+04
4.8256248064525016e+03	4.8621970642805900e+04	2.6737250178559894e+04	4.5710273550161844e+04	6.1961723811914635e+03	3.5944155518257903e+04	2.4917945590079682e+04	3.5295936145887332e+04	2.6435380182390851e+04	1.4982150866474210e+04	1.4584732598620621e+05	3.8133443255621809e+04	1.2910145768697674e+04	3.0752039280459740e+04	1.4460074961291848e+04	2.1465188661869666e+04	2.3418444435617079e+04	8.3468052546844920e+03	4.0332340813164585e+04	3.0640018168145325e+04	3.1695772368377395e+04	2.0727446927022458e+04	5.1096886997308415e+04	1.2171175662241631e+04	1.1980202912203469e+04
4.8256248064525016e+03	4.6473785018586030e+04	2.6737250178559894e+04	4.5710273550161844e+04	5.2402867600410618e+03	3.5944155518257903e+04	2.4917945590079682e+04	3.4502270024404264e+04	2.6435380182390851e+04	1.4982150866474210e+04	1.4584732598620621e+05	3.8132209224435552e+04	1.2910145768697674e+04	3.0752039280459740e+04	1.4460074961291848e+04	2.1465188661869666e+04	2.3418444435617079e+04	8.3468052546844920e+03	4.0332340813164585e+04	2.8605100409808743e+04	3.1695772368377395e+04	2.0727446927022458e+04	5.1006198773365104e+04	1.2171175662241631e+04	1.1980202912203469e+04
4.8256248064525016e+03	4.6473785018586030e+04	2.6324669478860102e+04	4.5710273550161844e+04	5.2402867600410618e+03	3.5944155518257903e+04	2.4917945590079682e+04	3.0548807041424603e+04	2.6297803420425924e+04	1.4982150866474210e+04	1.4584732598620621e+05	3.8132209224435552e+04	1.1922929771369318e+04	3.0752039280459740e+04	1.4460074961291848e+04	2.1465188661869666e+04	2.3418444435617079e+04	8.3468052546844920e+03	4.0080794739720477e+04	2.8605100409808743e+04	3.1695772368377395e+04	2.0727446927022458e+04	5.1006198773365104e+04	1.2171175662241631e+04	1.1980202912203469e+04
4.8256248064525016e+03	4.6473785018586030e+04	2.6324669478860102e+04	4.5710273550161844e+04	5.2402867600410618e+03	3.5944155518257903e+04	2.4917945590079682e+04	3.0548807041424603e+04	2.4983950265263815e+04	1.4411520583481679e+04	1.4584732598620621e+05	3.8132209224435552e+04	1.1922929771369318e+04	3.0752039280459740e+04	1.4407429617394268e+04	2.1465188661869666e+04	2.3418444435617079e+04	8.3468052546844920e+03	4.0080794739720477e+04	2.8605100409808743e+04	3.1639234875530212e+04	2.0660094698302921e+04	5.1006198773365104e+04	1.2171175662241631e+04	1.1980202912203469e+04
4.8256248064525016e+03	4.6473785018586030e+04	2.6324669478860102e+04	4.5710273550161844e+04	5.2402867600410618e+03	3.5944155518257903e+04	2.4917945590079682e+04	3.0548807041424603e+04	2.4983950265263815e+04	1.4163200273607452e+04	1.4498841099498997e+05	3.8132209224435552e+04	1.1922929771369318e+04	3.0456171285481872e+04	1.4407429617394268e+04	2.1465188661869666e+04	2.3418444435617079e+04	8.3463151763392943e+03	4.0080794739720477e+04	2.8605100409808743e+04	3.0462618688098020e+04	2.0660094698302921e+04	5.1006198773365104e+04	1.2171175662241631e+04	1.1980202912203469e+04
4.8256248064525016e+03	4.6473785018586030e+04	2.6324669478860102e+04	4.5710273550161844e+04	5.2402867600410618e+03	3.5944155518257903e+04	2.4917945590079682e+04	3.0548807041424603e+04	2.4172487352371467e+04	1.4163200273607452e+04	1.4498841099498997e+05	3.8132209224435552e+04	1.1922929771369318e+04	2.8638981108356733e+04	1.4407429617394268e+04	2.1465188661869666e+04	2.3381038852425492e+04	8.3463151763392943e+03	4.0080794739720477e+04	2.8605100409808743e+04	3.0298056130615783e+04	2.0660094698302921e+04	5.1006198773365104e+04	1.2171175662241631e+04	1.1973643815516678e+04
4.8256248064525016e+03	4.6473785018586030e+04	2.6324669478860102e+04	4.5710273550161844e+04	5.2402867600410618e+03	3.5944155518257903e+04	2.4917945590079682e+04	3.0548351866448589e+04	2.4172487352371467e+04	1.4044126908836752e+04	1.4074976156947299e+05	3.8132209224435552e+04	1.1922929771369318e+04	2.8638981108356733e+04	1.4407429617394268e+04	2.1465188661869666e+04	2.3381038852425492e+04	8.3461585351733265e+03	4.0080794739720477e+04	2.8605100409808743e+04	3.0298056130615783e+04	2.0660094698302921e+04	5.1006198773365104e+04	1.2171175662241631e+04	1.1973643815516678e+04
4.8256248064525016e+03	4.6473785018586030e+04	2.6324669478860102e+04	4.5710273550161844e+04	5.2402867600410618e+03	3.5944155518257903e+04	2.4917945590079682e+04	3.0548351866448589e+04	2.4172487352371467e+04	1.4044126908836752e+04	1.3863206546977875e+05	3.8132209224435552e+04	1.1922929771369318e+04	2.8638981108356733e+04	1.4407429617394268e+04	2.1465188661869666e+04	2.3381038852425492e+04	8.3461585351733265e+03	4.0080794739720477e+04	2.4845406906084900e+04	3.0298056130615783e+04	2.0660094698302921e+04	5.1006198773365104e+04	1.2171175662241631e+04	1.1973643815516678e+04
4.8256248064525016e+03	4.6473785018586030e+04	2.6324669478860102e+04	4.5710273550161844e+04	5.2402867600410618e+03	3.5944155518257903e+04	2.4917945590079682e+04	3.0548351866448589e+04	2.4172487352371467e+04	1.4044126908836752e+04	1.3751318280502493e+05	3.8132209224435552e+04	1.1922929771369318e+04	2.8638981108356733e+04	1.4407429617394268e+04	2.1465188661869666e+04	2.3341881680136998e+04	7.9739871082888058e+03	4.0080794739720477e+04	2.4845406906084900e+04	3.0262686769134951e+04	2.0660094698302921e+04	5.1006198773365104e+04	1.2171175662241631e+04	1.1973633981890702e+04
4.8256248064525016e+03	4.6473785018586030e+04	2.6324669478860102e+04	4.5710273550161844e+04	5.2402867600410618e+03	3.5944155518257903e+04	2.4917945590079682e+04	3.0548351866448589e+04	2.3450930936733865e+04	1.1140717456619952e+04	1.3751318280502493e+05	3.8132209224435552e+04	1.1922929771369318e+04	2.8638981108356733e+04	1.4407429617394268e+04	2.1434975326588501e+04	2.3341881680136998e+04	7.9739871082888058e+03	3.9879599932262805e+04	2.4845406906084900e+04	3.0262686769134951e+04	2.0660094698302921e+04	5.1006198773365104e+04	1.2171175662241631e+04	1.1973633981890702e+04
4.8256248064525016e+03	4.6473785018586030e+04	2.6324669478860102e+04	4.5710273550161844e+04	5.2402867600410618e+03	3.5944155518257903e+04	2.4917945590079682e+04	2.9408638707566395e+04	2.3450930936733865e+04	1.1140717456619952e+04	1.3751318280502493e+05	3.8132209224435552e+04	1.1922929771369318e+04	2.8638981108356733e+04	1.4407429617394268e+04	2.1434975326588501e+04	2.3341881680136998e+04	7.9739871082888058e+03	3.9879599932262805e+04	2.4845406906084900e+04	3.0262686769134951e+04	2.0660094698302921e+04	5.1006198773365104e+04	1.2058288439231739e+04	1.1973633981890702e+04
4.8242725987325257e+03	4.6473785018586030e+04	2.6324669478860102e+04	4.5710273550161844e+04	5.2402867600410618e+03	3.5423276846870373e+04	2.4881707902039896e+04	2.9408638707566395e+04	2.3450930936733865e+04	1.1140717456619952e+04	1.3751318280502493e+05	3.8132209224435552e+04	1.1922929771369318e+04	2.8638981108356733e+04	1.4407429617394268e+04	2.1434975326588501e+04	2.3333578588563461e+04	7.9739871082888058e+03	3.9879599932262805e+04	2.4845406906084900e+04	3.0262686769134951e+04	2.0660094698302921e+04	5.1006198773365104e+04	1.2058288439231739e+04	1.1973633981890702e+04
4.8242725987325257e+03	4.6473785018586030e+04	2.6324669478860102e+04	4.5710273550161844e+04	5.2397310984859769e+03	3.5423276846870373e+04	2.4881707902039896e+04	2.9408638707566395e+04	1.9512219643429165e+04	1.1140717456619952e+04	1.3751318280502493e+05	3.8132209224435552e+04	1.1922929771369318e+04	2.8638981108356733e+04	1.4407429617394268e+04	2.1434975326588501e+04	2.3276101227812098e+04	7.9739871082888058e+03	3.9879599932262805e+04	2.4845406906084900e+04	3.0262686769134951e+04	2.0660094698302921e+04	5.1006198773365104e+04	1.2058288439231739e+04	1.1973633981890702e+04
4.8242725987325257e+03	4.6473785018586030e+04	2.6098035696750023e+04	4.5710273550161844e+04	5.2397310984859769e+03	3.5423276846870373e+04	2.4881707902039896e+04	2.9408638707566395e+04	1.7685009687470549e+04	1.1140717456619952e+04	1.3751318280502493e+05	3.8132209224435552e+04	1.1922929771369318e+04	2.8638981108356733e+04	1.4407429617394268e+04	1.9875608312706161e+04	2.3276101227812098e+04	7.9739871082888058e+03	3.9879599932262805e+04	2.4845406906084900e+04	3.0262686769134951e+04	2.0660094698302921e+04	5.1006198773365104e+04	1.2058288439231739e+04	1.1973633981890702e+04
4.8242725987325257e+03	4.6473785018586030e+04	2.6054286253598813e+04	4.5710273550161844e+04	5.2397310984859769e+03	3.5423276846870373e+04	2.4881707902039896e+04	2.9408638707566395e+04	1.7685009687470549e+04	1.1140717456619952e+04	1.3751318280502493e+05	3.8132209224435552e+04	1.1922929771369318e+04	2.8638981108356733e+04	1.4407429617394268e+04	1.9875608312706161e+04	2.3276101227812098e+04	7.9739871082888058e+03	3.9879599932262805e+04	2.4845406906084900e+04	3.0010658891647756e+04	2.0660094698302921e+04	5.1006198773365104e+04	1.2058288439231739e+04	1.1973633981890702e+04
4.8242725987325257e+03	4.2353507125395918e+04	2.6054286253598813e+04	4.5710273550161844e+04	5.2397310984859769e+03	3.5423276846870373e+04	2.3963424132185653e+04	2.9408638707566395e+04	1.7685009687470549e+04	1.1140717456619952e+04	1.3751318280502493e+05	3.8132209224435552e+04	1.1922929771369318e+04	2.8638981108356733e+04	1.4407429617394268e+04	1.9875608312706161e+04	2.3276101227812098e+04	7.9739871082888058e+03	3.9879599932262805e+04	2.1064414431532223e+04	3.0010658891647756e+04	2.0660094698302921e+04	5.0964813920803856e+04	1.2058288439231739e+04	1.1973633981890702e+04
4.8242725987325257e+03	4.2353507125395918e+04	2.6027684195625538e+04	4.5710273550161844e+04	5.2397310984859769e+03	3.5423276846870373e+04	2.3963424132185653e+04	2.9408638707566395e+04	1.7685009687470549e+04	1.1140717456619952e+04	1.3609526828917972e+05	3.8132209224435552e+04	1.1922929771369318e+04	2.8638981108356733e+04	1.4407429617394268e+04	1.8340777369273535e+04	2.3276101227812098e+04	7.9739871082888058e+03	3.9879599932262805e+04	2.1064414431532223e+04	3.0010658891647756e+04	2.0603191516939587e+04	5.0964813920803856e+04	1.2058288439231739e+04	1.1973633981890702e+04
4.8242725987325257e+03	4.2353507125395918e+04	2.6027684195625538e+04	4.5710273550161844e+04	5.2397310984859769e+03	3.5354052152449891e+04	2.3963424132185653e+04	2.9408638707566395e+04	1.7685009687470549e+04	1.1140717456619952e+04	1.3609526828917972e+05	3.8132209224435552e+04	1.1922929771369318e+04	2.8638981108356733e+04	1.4407429617394268e+04	1.8340777369273535e+04	2.2664007805418863e+04	7.9739871082888058e+03	3.9879599932262805e+04	2.1064414431532223e+04	3.0010658891647756e+04	2.0603191516939587e+04	5.0964813920803856e+04	1.2058288439231739e+04	1.1973633981890702e+04
4.8242725987325257e+03	4.2353507125395918e+04	2.5999520919110015e+04	4.5710273550161844e+04	5.2397310984859769e+03	3.4986121083844642e+04	2.3963424132185653e+04	2.8911921888682074e+04	1.7685009687470549e+04	1.1140717456619952e+04	1.3609526828917972e+05	3.8132209224435552e+04	1.1922929771369318e+04	2.8638981108356733e+04	1.4407429617394268e+04	1.8340777369273535e+04	2.2664007805418863e+04	7.9739871082888058e+03	3.9879599932262805e+04	2.1064414431532223e+04	3.0010658891647756e+04	2.0603191516939587e+04	5.0964813920803856e+04	1.2058288439231739e+04	1.1973633981890702e+04
4.8242725987325257e+03	4.2353507125395918e+04	2.5999520919110015e+04	4.5710273550161844e+04	5.2397310984859769e+03	3.4986121083844642e+04	2.3963424132185653e+04	2.8192017635578068e+04	1.7685009687470549e+04	1.1140717456619952e+04	1.3609526828917972e+05	3.8132209224435552e+04	1.1922929771369318e+04	2.8638981108356733e+04	1.4407429617394268e+04	1.8340777369273535e+04	2.2638321671112059e+04	7.9739871082888058e+03	3.9879599932262805e+04	2.0574631543615033e+04	3.0010658891647756e+04	2.0603191516939587e+04	5.0473834778961827e+04	1.2058288439231739e+04	1.1973633981890702e+04
4.8242725987325257e+03	4.2353507125395918e+04	2.5999520919110015e+04	4.5710273550161844e+04	5.2397310984859769e+03	3.4986121083844642e+04	2.3963424132185653e+04	2.8192017635578068e+04	1.5011283668893037e+04	1.1140717456619952e+04	1.3609526828917972e+05	3.8132209224435552e+04	1.1922929771369318e+04	2.8638981108356733e+04	1.4407429617394268e+04	1.8340777369273535e+04	2.2638321671112059e+04	7.9703088221814887e+03	3.9879599932262805e+04	2.0574631543615033e+04	2.9609721709133035e+04	2.0603191516939587e+04	4.9937944339433612e+04	1.2058288439231739e+04	1.1973633981890702e+04
4.8242725987325257e+03	4.2353507125395918e+04	2.5722487055327394e+04	4.5710273550161844e+04	5.2397310984859769e+03	3.3279786675101212e+04	2.3963424132185653e+04	2.8192017635578068e+04	1.5011283668893037e+04	1.1140717456619952e+04	1.3609526828917972e+05	3.8132209224435552e+04	1.1922929771369318e+04	2.8638981108356733e+04	1.4407429617394268e+04	1.8340777369273535e+04	2.2638321671112059e+04	7.9703088221814887e+03	3.9879599932262805e+04	1.9374146367417707e+04	2.9609721709133035e+04	1.9701965481242562e+04	4.9937944339433612e+04	1.2058288439231739e+04	1.1973633981890702e+04
4.8242725987325257e+03	4.2353507125395918e+04	2.5722487055327394e+04	4.5710273550161844e+04	5.2397310984859769e+03	3.3279786675101212e+04	2.3963424132185653e+04	2.8192017635578068e+04	1.5011283668893037e+04	1.0651500895183552e+04	1.3609526828917972e+05	3.8132209224435552e+04	1.1922929771369318e+04	2.8638981108356733e+04	1.4407429617394268e+04	1.8340777369273535e+04	2.2510363573602910e+04	7.9703088221814887e+03	3.9879599932262805e+04	1.9374146367417707e+04	2.9140833946360151e+04	1.9701965481242562e+04	4.9937944339433612e+04	1.2058288439231739e+04	1.1973633981890702e+04
4.8242725987325257e+03	4.2353507125395918e+04	2.5722487055327394e+04	4.5710273550161844e+04	5.2397310984859769e+03	3.3279786675101212e+04	2.3963424132185653e+04	2.8155930880640801e+04	1.5011283668893037e+04	1.0651500895183552e+04	1.3609526828917972e+05	3.8132209224435552e+04	1.1922929771369318e+04	2.8638981108356733e+04	1.4407429617394268e+04	1.5974315696464506e+04	2.2510363573602910e+04	7.9703088221814887e+03	3.8986910267672414e+04	1.9374146367417707e+04	2.9140833946360151e+04	1.9701965481242562e+04	4.9937944339433612e+04	1.2058288439231739e+04	1.1973633981890702e+04
4.7109001987152824e+03	4.2353507125395918e+04	2.4962885004374297e+04	4.5710273550161844e+04	5.2397245197730772e+03	3.3279786675101212e+04	2.3963424132185653e+04	2.8155930880640801e+04	1.5011283668893037e+04	1.0651500895183552e+04	1.3425434860790131e+05	3.8096225031697235e+04	1.1922929771369318e+04	2.8638981108356733e+04	1.4407429617394268e+04	1.5974315696464506e+04	2.2510363573602910e+04	7.9703088221814887e+03	3.8921886666501567e+04	1.9374146367417707e+04	2.9140833946360151e+04	1.9701965481242562e+04	4.9937944339433612e+04	1.2058288439231739e+04	1.1409246097306464e+04
4.7109001987152824e+03	4.2353507125395918e+04	2.4962885004374297e+04	4.5688262469952984e+04	5.2397245197730772e+03	3.3279786675101212e+04	2.3963424132185653e+04	2.8155930880640801e+04	1.5011283668893037e+04	1.0651500895183552e+04	1.3425434860790131e+05	3.8096225031697235e+04	1.1922929771369318e+04	2.8638981108356733e+04	1.4407429617394268e+04	1.5974315696464506e+04	2.2510363573602910e+04	7.9703088221814887e+03	3.8921886666501567e+04	1.8900246019430990e+04	2.9140833946360151e+04	1.9701965481242562e+04	4.9937944339433612e+04	1.2058288439231739e+04	1.1409246097306464e+04
4.7109001987152824e+03	4.2353507125395918e+04	2.4962885004374297e+04	4.4901027890561789e+04	5.2397245197730772e+03	3.3279786675101212e+04	2.3963424132185653e+04	2.7722658642112408e+04	1.5011283668893037e+04	9.9727793332963138e+03	1.3425408501087886e+05	3.7564118964141235e+04	1.1065848347972900e+04	2.8638981108356733e+04	1.4407429617394268e+04	1.5972689183507307e+04	2.2510363573602910e+04	7.9703088221814887e+03	3.7706256322252957e+04	1.8900246019430990e+04	2.9140833946360151e+04	1.9701965481242562e+04	4.9937944339433612e+04	1.2058288439231739e+04	1.1409246097306464e+04
4.7109001987152824e+03	4.2123818400562472e+04	2.4962885004374297e+04	4.4901027890561789e+04	5.2397245197730772e+03	3.3279786675101212e+04	2.3958746839156611e+04	2.7722658642112408e+04	1.5011283668893037e+04	9.9727793332963138e+03	1.3425408501087886e+05	3.7564118964141235e+04	1.1065848347972900e+04	2.7951388352062160e+04	1.4407429617394268e+04	1.5972689183507307e+04	2.2510363573602910e+04	7.9703088221814887e+03	3.7706256322252957e+04	1.8841299208913682e+04	2.9140833946360151e+04	1.9701965481242562e+04	4.9937944339433612e+04	1.2058288439231739e+04	1.1409246097306464e+04
4.6879157850314114e+03	3.9697025896314502e+04	2.4962885004374297e+04	4.4901027890561789e+04	5.2397245197730772e+03	3.3279786675101212e+04	2.3958746839156611e+04	2.7722658642112408e+04	1.5011283668893037e+04	9.9727793332963138e+03	1.3425408501087886e+05	3.7564118964141235e+04	1.1065848347972900e+04	2.7951388352062160e+04	1.4407429617394268e+04	1.5972689183507307e+04	2.2510363573602910e+04	7.9703088221814887e+03	3.7706256322252957e+04	1.8841299208913682e+04	2.9140833946360151e+04	1.9701965481242562e+04	4.9937944339433612e+04	1.2058288439231739e+04	1.1409246097306464e+04
4.6879157850314114e+03	3.9697025896314502e+04	2.4420264745064793e+04	4.4901027890561789e+04	5.2397245197730772e+03	3.3279786675101212e+04	2.3958746839156611e+04	2.7722658642112408e+04	1.5011283668893037e+04	9.9727793332963138e+03	1.3425408501087886e+05	3.7564118964141235e+04	1.1065848347972900e+04	2.7951388352062160e+04	1.4407429617394268e+04	1.5972689183507307e+04	2.2510363573602910e+04	7.9703088221814887e+03	3.7380146430215515e+04	1.8841299208913682e+04	2.9140833946360151e+04	1.9701965481242562e+04	4.9937944339433612e+04	1.2058288439231739e+04	1.1300073715246004e+04
4.6879157850314114e+03	3.9697025896314502e+04	2.4420264745064793e+04	4.4847910298826537e+04	5.2397245197730772e+03	3.3279786675101212e+04	2.3958746839156611e+04	2.7722658642112408e+04	1.5011283668893037e+04	9.9727793332963138e+03	1.3425408501087886e+05	3.7564118964141235e+04	1.1065848347972900e+04	2.7951388352062160e+04	1.4407429617394268e+04	1.5972689183507307e+04	2.2510363573602910e+04	7.9703088221814887e+03	3.7380146430215515e+04	1.8841263054471521e+04	2.9136266192183084e+04	1.9701965481242562e+04	4.9937944339433612e+04	1.2058288439231739e+04	1.1300073715246004e+04
4.2453774196421127e+03	3.9697025896314502e+04	2.4420264745064793e+04	4.4844416622424600e+04	5.2026032014841658e+03	3.3279786675101212e+04	2.3958746839156611e+04	2.7713883549180649e+04	1.5011283668893037e+04	9.9727793332963138e+03	1.3425408501087886e+05	3.7564118964141235e+04	1.1065848347972900e+04	2.7951388352062160e+04	1.4407429617394268e+04	1.5972689183507307e+04	2.2510363573602910e+04	7.9703088221814887e+03	3.7380146430215515e+04	1.8841263054471521e+04	2.9136266192183084e+04	1.9701965481242562e+04	4.9907896321186963e+04	1.2058288439231739e+04	1.1300073715246004e+04
4.2453774196421127e+03	3.9697025896314502e+04	2.4420264745064793e+04	4.4844416622424600e+04	5.2026032014841658e+03	3.3279786675101212e+04	2.3958746839156611e+04	2.7713883549180649e+04	1.5011283668893037e+04	9.9727793332963138e+03	1.3392974466528007e+05	3.7564118964141235e+04	1.1065848347972900e+04	2.7951388352062160e+04	1.4407429617394268e+04	1.5972689183507307e+04	2.2510363573602910e+04	7.9703088221814887e+03	3.7380146430215515e+04	1.8841263054471521e+04	2.9136266192183084e+04	1.9701965481242562e+04	4.9907896321186963e+04	1.2055625747941333e+04	1.0899497629410740e+04
4.2453774196421127e+03	3.9697025896314502e+04	2.4420264745064793e+04	4.4844416622424600e+04	5.2026032014841658e+03	3.3279786675101212e+04	2.3082349517152648e+04	2.7713883549180649e+04	1.5011283668893037e+04	9.9727793332963138e+03	1.3392974466528007e+05	3.7564118964141235e+04	1.1065848347972900e+04	2.7951388352062160e+04	1.4407429617394268e+04	1.5816168132175713e+04	2.2278640422777989e+04	7.1957586573637755e+03	3.7274152217056086e+04	1.8841263054471521e+04	2.9136266192183084e+04	1.9701965481242562e+04	4.9907896321186963e+04	1.2055625747941333e+04	1.0899497629410740e+04
4.2453774196421127e+03	3.9697025896314502e+04	2.4420264745064793e+04	4.4844416622424600e+04	5.2026032014841658e+03	3.3279786675101212e+04	2.3082349517152648e+04	2.6285085903945648e+04	1.5011283668893037e+04	9.9727793332963138e+03	1.3392974466528007e+05	3.7564118964141235e+04	1.1065848347972900e+04	2.7951388352062160e+04	1.4407429617394268e+04	1.5816168132175713e+04	2.2278640422777989e+04	7.1957586573637755e+03	3.7274152217056086e+04	1.8841263054471521e+04	2.9136266192183084e+04	1.9701965481242562e+04	4.9585612269291436e+04	1.2035138289868835e+04	1.0899497629410740e+04
4.2453774196421127e+03	3.9697025896314502e+04	2.4420264745064793e+04	4.4834091884503112e+04	5.2026032014841658e+03	3.3279786675101212e+04	2.3082349517152648e+04	2.6285085903945648e+04	1.5011283668893037e+04	9.9727793332963138e+03	1.3392974466528007e+05	3.7564118964141235e+04	1.1065848347972900e+04	2.7951388352062160e+04	1.4357902456870816e+04	1.5816168132175713e+04	2.2278640422777989e+04	7.1900625666475362e+03	3.7274152217056086e+04	1.8841263054471521e+04	2.9136266192183084e+04	1.9701965481242562e+04	4.9585612269291436e+04	1.2035138289868835e+04	1.0899497629410740e+04
4.2453774196421127e+03	3.9697025896314502e+04	2.4420264745064793e+04	4.4834091884503112e+04	5.2026032014841658e+03	3.3279786675101212e+04	2.3082349517152648e+04	2.6285085903945648e+04	1.4635216563731527e+04	9.9727793332963138e+03	1.3392974466528007e+05	3.7547813252744738e+04	1.1065848347972900e+04	2.7951388352062160e+04	1.4357902456870816e+04	1.5816168132175713e+04	2.2278640422777989e+04	7.1900625666475362e+03	3.7274152217056086e+04	1.8841263054471521e+04	2.9136266192183084e+04	1.9650240271623712e+04	4.9585612269291436e+04	1.2035138289868835e+04	1.0899497629410740e+04
4.2453774196421127e+03	3.9697025896314502e+04	2.4420264745064793e+04	4.4209027906647840e+04	5.2026032014841658e+03	3.3279786675101212e+04	2.3082349517152648e+04	2.6285085903945648e+04	1.4635216563731527e+04	9.9727793332963138e+03	1.3392974466528007e+05	3.7547813252744738e+04	1.1065848347972900e+04	2.7951388352062160e+04	1.4357902456870816e+04	1.5816168132175713e+04	2.2278640422777989e+04	7.1900625666475362e+03	3.7274152217056086e+04	1.8149110302145535e+04	2.9136266192183084e+04	1.9406663163666992e+04	4.9585612269291436e+04	1.2035138289868835e+04	1.0650099779379714e+04
4.2453774196421127e+03	3.9697025896314502e+04	2.4420264745064793e+04	4.4209027906647840e+04	5.2026032014841658e+03	3.3279786675101212e+04	2.3082349517152648e+04	2.6285085903945648e+04	1.4635216563731527e+04	9.9727793332963138e+03	1.3392974466528007e+05	3.7547813252744738e+04	1.1065848347972900e+04	2.7913744073809597e+04	1.4357902456870816e+04	1.5816168132175713e+04	2.2278640422777989e+04	7.1900625666475362e+03	3.7274152217056086e+04	1.8149110302145535e+04	2.8460120074334227e+04	1.9406663163666992e+04	4.9525087000416897e+04	1.2035138289868835e+04	1.0637300254376640e+04
4.2453774196421127e+03	3.8401113881022138e+04	2.4420264745064793e+04	4.4209027906647840e+04	5.2026032014841658e+03	3.3069268386429649e+04	2.3082349517152648e+04	2.6285085903945648e+04	1.4635216563731527e+04	9.8949310445298233e+03	1.3392974466528007e+05	3.7547813252744738e+04	1.1065848347972900e+04	2.7913744073809597e+04	1.3897525505549276e+04	1.5816168132175713e+04	2.2278640422777989e+04	7.1900625666475362e+03	3.7274152217056086e+04	1.8149110302145535e+04	2.8460120074334227e+04	1.9406663163666992e+04	4.9525087000416897e+04	1.2035138289868835e+04	1.0637300254376640e+04
4.2453774196421127e+03	3.8401113881022138e+04	2.4420264745064793e+04	4.4209027906647840e+04	5.2026032014841658e+03	3.3069268386429649e+04	2.3082349517152648e+04	2.6285085903945648e+04	1.3252151842877232e+04	9.8949310445298233e+03	1.3392974466528007e+05	3.7547813252744738e+04	1.1065438814815037e+04	2.7913744073809597e+04	1.3897525505549276e+04	1.5816168132175713e+04	2.2278640422777989e+04	7.1900625666475362e+03	3.7132637665972885e+04	1.8149110302145535e+04	2.8460120074334227e+04	1.9406663163666992e+04	4.9525087000416897e+04	1.1980177618670537e+04	1.0637300254376640e+04
4.2453774196421127e+03	3.8401113881022138e+04	2.4420264745064793e+04	4.4047659589218682e+04	5.2026032014841658e+03	3.3036965542671976e+04	2.3082349517152648e+04	2.6285085903945648e+04	1.3252151842877232e+04	9.8949310445298233e+03	1.3392974466528007e+05	3.7547770690747544e+04	9.7407682063462744e+03	2.7913744073809597e+04	1.3897525505549276e+04	1.5816168132175713e+04	2.1789090058886628e+04	7.1873182068359874e+03	3.7132637665972885e+04	1.8148433566324915e+04	2.8460120074334227e+04	1.9406663163666992e+04	4.9525087000416897e+04	1.1980177618670537e+04	1.0637300254376640e+04
4.2453774196421127e+03	3.8401113881022138e+04	2.4420264745064793e+04	4.4047659589218682e+04	5.2026032014841658e+03	3.2818725387357917e+04	2.3082349517152648e+04	2.6285085903945648e+04	1.3252151842877232e+04	9.8750405168383768e+03	1.3392974466528007e+05	3.7547770690747544e+04	9.7367298517685394e+03	2.7913744073809597e+04	1.3778821518985758e+04	1.5816168132175713e+04	2.1426378354255281e+04	7.1873182068359874e+03	3.6558192163598156e+04	1.8148433566324915e+04	2.8277379001324101e+04	1.9406663163666992e+04	4.9525087000416897e+04	1.1980177618670537e+04	1.0218348112449057e+04
4.2453774196421127e+03	3.8401113881022138e+04	2.4420264745064793e+04	4.4047659589218682e+04	5.2026032014841658e+03	3.2818725387357917e+04	2.2291801417960676e+04	2.6285085903945648e+04	1.3252151842877232e+04	9.8750405168383768e+03	1.3392974466528007e+05	3.7547770690747544e+04	9.7367298517685394e+03	2.7913744073809597e+04	1.3778821518985758e+04	1.5816168132175713e+04	2.1426378354255281e+04	7.1873182068359874e+03	3.6558192163598156e+04	1.8148433566324915e+04	2.8277379001324101e+04	1.9406663163666992e+04	4.9525087000416897e+04	1.1980177618670537e+04	1.0218348112449057e+04
4.2453774196421127e+03	3.4929496518443979e+04	2.4420264745064793e+04	4.4047659589218682e+04	5.2026032014841658e+03	3.2818725387357917e+04	2.2291801417960676e+04	2.6285085903945648e+04	1.2803742965643793e+04	9.8750405168383768e+03	1.3392974466528007e+05	3.7547770690747544e+04	9.7367298517685394e+03	2.7913744073809597e+04	1.3778821518985758e+04	1.5816168132175713e+04	2.1426378354255281e+04	7.1873182068359874e+03	3.6558192163598156e+04	1.8148433566324915e+04	2.8277379001324101e+04	1.9406663163666992e+04	4.9068394881540589e+04	1.1980177618670537e+04	1.0218348112449057e+04
3.8321892286103548e+03	3.4929496518443979e+04	2.4420264745064793e+04	4.4047659589218682e+04	5.2026032014841658e+03	3.2553211929853125e+04	2.2291801417960676e+04	2.6285085903945648e+04	1.2803742965643793e+04	9.8750405168383768e+03	1.3392974466528007e+05	3.7512503886552971e+04	9.7367298517685394e+03	2.7913744073809597e+04	1.3778821518985758e+04	1.4949988159805462e+04	2.1426378354255281e+04	7.1873182068359874e+03	3.6558192163598156e+04	1.8148433566324915e+04	2.8277379001324101e+04	1.9406663163666992e+04	4.9068394881540589e+04	1.1980177618670537e+04	9.4531730919960683e+03
3.8321892286103548e+03	3.4772626986375311e+04	2.4420264745064793e+04	4.4047659589218682e+04	5.2026032014841658e+03	3.2553211929853125e+04	2.2291801417960676e+04	2.6285085903945648e+04	1.2803742965643793e+04	9.8750405168383768e+03	1.3375384826644033e+05	3.7401688027944190e+04	9.7367298517685394e+03	2.7913744073809597e+04	1.3778821518985758e+04	1.4949988159805462e+04	2.1426378354255281e+04	7.1873182068359874e+03	3.6558192163598156e+04	1.8148433566324915e+04	2.8277379001324101e+04	1.9401999474940480e+04	4.9068394881540589e+04	1.0852129073224762e+04	9.4531730919960683e+03
3.8321892286103548e+03	3.4772626986375311e+04	2.4420264745064793e+04	4.4047659589218682e+04	5.2026032014841658e+03	3.2553211929853125e+04	2.2291801417960676e+04	2.6285085903945648e+04	1.2803742965643793e+04	9.8750405168383768e+03	1.3261881424767611e+05	3.7401688027944190e+04	9.7367298517685394e+03	2.7913744073809597e+04	1.3778821518985758e+04	1.3916833198958588e+04	2.1424466075677930e+04	7.1873182068359874e+03	3.6457503099891583e+04	1.7891028483602211e+04	2.8277379001324101e+04	1.9401999474940480e+04	4.8433275911842815e+04	1.0852129073224762e+04	9.4531730919960683e+03
3.8321892286103548e+03	3.4772626986375311e+04	2.4420264745064793e+04	4.4047659589218682e+04	5.2026032014841658e+03	3.2553211929853125e+04	2.2291801417960676e+04	2.6285085903945648e+04	1.2803742965643793e+04	9.8750405168383768e+03	1.3261881424767611e+05	3.7401688027944190e+04	8.8282965082218143e+03	2.7913744073809597e+04	1.3778821518985758e+04	1.3916833198958588e+04	2.1424466075677930e+04	7.1873182068359874e+03	3.6457503099891583e+04	1.7891028483602211e+04	2.8277379001324101e+04	1.9202134270165559e+04	4.7953917682757718e+04	1.0845507832009691e+04	9.4531730919960683e+03
3.8321892286103548e+03	3.4772626986375311e+04	2.4420264745064793e+04	4.4047659589218682e+04	5.2026032014841658e+03	3.2553211929853125e+04	2.2291801417960676e+04	2.6285085903945648e+04	1.2803742965643793e+04	9.8750405168383768e+03	1.3261881424767611e+05	3.7346673694768033e+04	8.8282965082218143e+03	2.7913744073809597e+04	1.3778821518985758e+04	1.3916833198958588e+04	2.1424466075677930e+04	7.1873182068359874e+03	3.6457503099891583e+04	1.7891028483602211e+04	2.8277379001324101e+04	1.9032416763898516e+04	4.7953917682757718e+04	1.0841036883693583e+04	9.4531730919960683e+03
3.8321892286103548e+03	3.4772626986375311e+04	2.4420264745064793e+04	4.4047659589218682e+04	5.2026032014841658e+03	3.2553211929853125e+04	2.2291801417960676e+04	2.6285085903945648e+04	1.2778044426621131e+04	8.5268789704176306e+03	1.3261881424767611e+05	3.7229687516761594e+04	8.8282965082218143e+03	2.7913744073809597e+04	1.3778821518985758e+04	1.3916833198958588e+04	2.1424466075677930e+04	7.1873182068359874e+03	3.6457503099891583e+04	1.7891028483602211e+04	2.8277379001324101e+04	1.9032416763898516e+04	4.7953917682757718e+04	1.0815710104380454e+04	9.4531730919960683e+03
3.8321892286103548e+03	3.4772626986375311e+04	2.4420264745064793e+04	4.4047659589218682e+04	5.2026032014841658e+03	3.2455984133372731e+04	2.2291801417960676e+04	2.6285085903945648e+04	1.2778044426621131e+04	8.5268789704176306e+03	1.3261881424767611e+05	3.7191951967172754e+04	8.8282965082218143e+03	2.7437528115507397e+04	1.3778821518985758e+04	1.3916833198958588e+04	2.1424466075677930e+04	7.1773698306960378e+03	3.6457503099891583e+04	1.7891028483602211e+04	2.8277379001324101e+04	1.9032416763898516e+04	4.7953917682757718e+04	1.0815710104380454e+04	9.4531730919960683e+03
3.8321892286103548e+03	3.4772626986375311e+04	2.4420264745064793e+04	4.4047659589218682e+04	5.1601843965789412e+03	3.2455984133372731e+04	2.2291801417960676e+04	2.6278821547028721e+04	1.2778044426621131e+04	8.5268789704176306e+03	1.3261881424767611e+05	3.7191951967172754e+04	8.8282965082218143e+03	2.7437528115507397e+04	1.3778821518985758e+04	1.3763014253805350e+04	2.1424466075677930e+04	7.1773698306960378e+03	3.6457503099891583e+04	1.7891028483602211e+04	2.8277379001324101e+04	1.9032416763898516e+04	4.7953917682757718e+04	1.0811883971500683e+04	9.4531730919960683e+03
3.8321892286103548e+03	3.4772626986375311e+04	2.4420264745064793e+04	4.4047659589218682e+04	5.1601843965789412e+03	3.2031393359548558e+04	2.2291801417960676e+04	2.6278821547028721e+04	1.2778044426621131e+04	8.5268789704176306e+03	1.3261881424767611e+05	3.7191951967172754e+04	8.8282965082218143e+03	2.7437528115507397e+04	1.3778821518985758e+04	1.3763014253805350e+04	2.1424466075677930e+04	7.1773698306960378e+03	3.6457503099891583e+04	1.7891028483602211e+04	2.8277379001324101e+04	1.9032416763898516e+04	4.7953917682757718e+04	1.0811883971500683e+04	9.4531730919960683e+03
3.8321892286103548e+03	3.3088953375368757e+04	2.4420264745064793e+04	4.4047659589218682e+04	5.1601843965789412e+03	3.2031393359548558e+04	2.2291801417960676e+04	2.6278821547028721e+04	1.2778044426621131e+04	8.5268789704176306e+03	1.3238740319288624e+05	3.7191951967172754e+04	8.8282965082218143e+03	2.7437528115507397e+04	1.3778821518985758e+04	1.3763014253805350e+04	2.1365299088075459e+04	7.1773698306960378e+03	3.6457503099891583e+04	1.7891028483602211e+04	2.8277379001324101e+04	1.9032416763898516e+04	4.7953917682757718e+04	1.0802777876406693e+04	9.4531730919960683e+03
3.8321892286103548e+03	3.3088953375368757e+04	2.4420264745064793e+04	4.3802757044297192e+04	5.1601843965789412e+03	3.2031393359548558e+04	2.2291801417960676e+04	2.6278821547028721e+04	1.2778044426621131e+04	7.4256165600661907e+03	1.3238740319288624e+05	3.7191951967172754e+04	8.2041932575398605e+03	2.7437528115507397e+04	1.3778821518985758e+04	1.3763014253805350e+04	2.1365299088075459e+04	7.1773698306960378e+03	3.6457503099891583e+04	1.7891028483602211e+04	2.8277379001324101e+04	1.9032416763898516e+04	4.7953917682757718e+04	1.0802777876406693e+04	9.4531730919960683e+03
3.8321892286103548e+03	3.3088953375368757e+04	2.4420264745064793e+04	4.3802757044297192e+04	5.1601843965789412e+03	3.2031393359548558e+04	2.2291801417960676e+04	2.6194413720729870e+04	1.2763234941593148e+04	7.4256165600661907e+03	1.3238740319288624e+05	3.7191951967172754e+04	8.2041932575398605e+03	2.7437528115507397e+04	1.3778821518985758e+04	1.3763014253805350e+04	2.1365299088075459e+04	7.1773698306960378e+03	3.6457503099891583e+04	1.7745808499682975e+04	2.8277379001324101e+04	1.9032416763898516e+04	4.7953917682757718e+04	1.0593565541543821e+04	9.4531730919960683e+03
3.6692044659569242e+03	3.3088953375368757e+04	2.4420264745064793e+04	4.3787496580587496e+04	5.1601843965789412e+03	3.1789976612711936e+04	2.2291801417960676e+04	2.6194413720729870e+04	1.2595678649225461e+04	7.4256165600661907e+03	1.3238740319288624e+05	3.7191951967172754e+04	8.2041932575398605e+03	2.7391286644925407e+04	1.3778821518985758e+04	1.3763014253805350e+04	2.1365299088075459e+04	7.1773698306960378e+03	3.6456993487590225e+04	1.7745808499682975e+04	2.8277379001324101e+04	1.9032416763898516e+04	4.7953917682757718e+04	1.0593565541543821e+04	9.4531730919960683e+03
3.6242227980322759e+03	3.3088953375368757e+04	2.4420264745064793e+04	4.3650657239283581e+04	5.1601843965789412e+03	3.1789976612711936e+04	2.2291801417960676e+04	2.6194413720729870e+04	1.2595678649225461e+04	7.4256165600661907e+03	1.3238740319288624e+05	3.7191951967172754e+04	8.2041932575398605e+03	2.7378685847819310e+04	1.3778821518985758e+04	1.3763014253805350e+04	2.1365299088075459e+04	7.1773698306960378e+03	3.5776647030184249e+04	1.7745808499682975e+04	2.8277379001324101e+04	1.9032416763898516e+04	4.7953917682757718e+04	1.0593565541543821e+04	9.4531730919960683e+03
3.6242227980322759e+03	3.3088953375368757e+04	2.4387407230574765e+04	4.3650657239283581e+04	5.1601843965789412e+03	3.1740347632093901e+04	2.2291801417960676e+04	2.6194413720729870e+04	1.2510488087857244e+04	7.4256165600661907e+03	1.3238740319288624e+05	3.7191951967172754e+04	8.2041932575398605e+03	2.7378685847819310e+04	1.3778821518985758e+04	1.3213253118582839e+04	2.1365299088075459e+04	7.1773698306960378e+03	3.5776647030184249e+04	1.7745104819226872e+04	2.8277379001324101e+04	1.9032416763898516e+04	4.7953917682757718e+04	1.0593565541543821e+04	9.4531730919960683e+03
3.6242227980322759e+03	3.3088953375368757e+04	2.4387407230574765e+04	4.3650657239283581e+04	5.1601843965789412e+03	3.1740347632093901e+04	2.0303223575251206e+04	2.6194413720729870e+04	1.2510488087857244e+04	7.4256165600661907e+03	1.2954505120327386e+05	3.7191951967172754e+04	8.2041932575398605e+03	2.7378685847819310e+04	1.3778821518985758e+04	1.3213253118582839e+04	2.1365299088075459e+04	7.1773698306960378e+03	3.5776647030184249e+04	1.7745104819226872e+04	2.8277379001324101e+04	1.9032416763898516e+04	4.7953917682757718e+04	1.0525042697410061e+04	9.4531730919960683e+03
3.6242227980322759e+03	3.3088953375368757e+04	2.4387407230574765e+04	4.3650657239283581e+04	5.1601843965789412e+03	3.1740347632093901e+04	2.0303223575251206e+04	2.6194413720729870e+04	1.2510488087857244e+04	7.4256165600661907e+03	1.2954505120327386e+05	3.7191951967172754e+04	8.2041932575398605e+03	2.7378685847819310e+04	1.3778821518985758e+04	1.3213253118582839e+04	2.1365299088075459e+04	7.1773698306960378e+03	3.5776647030184249e+04	1.7745104819226872e+04	2.8277379001324101e+04	1.9032416763898516e+04	4.7953917682757718e+04	1.0525042697410061e+04	9.4531730919960683e+03
3.6242227980322759e+03	3.0119925532742094e+04	2.4377436118782905e+04	4.3645486602162870e+04	5.1601843965789412e+03	3.1740347632093901e+04	2.0303223575251206e+04	2.6070261019181078e+04	1.2510488087857244e+04	7.4256165600661907e+03	1.2954505120327386e+05	3.7151355750598712e+04	8.2041932575398605e+03	2.7378685847819310e+04	1.3778821518985758e+04	1.3213253118582839e+04	2.1129308937681588e+04	7.1773698306960378e+03	3.5776647030184249e+04	1.1918736510707422e+04	2.8277379001324101e+04	1.9032416763898516e+04	4.7953917682757718e+04	1.0525042697410061e+04	9.1889173774683914e+03
3.6242227980322759e+03	3.0119925532742094e+04	2.4373981390097528e+04	4.3645486602162870e+04	5.1601843965789412e+03	3.1740347632093901e+04	2.0303223575251206e+04	2.6070261019181078e+04	1.2438272397173998e+04	7.4256165600661907e+03	1.2954505120327386e+05	3.7146228282243785e+04	8.2041932575398605e+03	2.7378685847819310e+04	1.3778821518985758e+04	1.3213253118582839e+04	2.1129308937681588e+04	7.1773698306960378e+03	3.5776647030184249e+04	1.1858098775600263e+04	2.7969150942202221e+04	1.9032416763898516e+04	4.7953917682757718e+04	1.0525042697410061e+04	9.1889173774683914e+03
3.6242227980322759e+03	3.0119925532742094e+04	2.4265577106274362e+04	4.3645486602162870e+04	5.1601843965789412e+03	3.1740347632093901e+04	2.0303223575251206e+04	2.6070261019181078e+04	1.2438272397173998e+04	7.4256165600661907e+03	1.2954505120327386e+05	3.6941333855988756e+04	8.2041932575398605e+03	2.7378685847819310e+04	1.3778821518985758e+04	1.2442680395982052e+04	2.1129308937681588e+04	7.1773698306960378e+03	3.5776647030184249e+04	1.1858098775600263e+04	2.7969150942202221e+04	1.9032416763898516e+04	4.7953917682757718e+04	1.0525042697410061e+04	9.1889173774683914e+03
3.6242227980322759e+03	3.0119925532742094e+04	2.4265577106274362e+04	4.3645486602162870e+04	5.1601843965789412e+03	3.1740347632093901e+04	2.0303223575251206e+04	2.6070261019181078e+04	1.2438272397173998e+04	7.3871389204233628e+03	1.2954505120327386e+05	3.6932374495056640e+04	8.2041932575398605e+03	2.7378685847819310e+04	1.3778821518985758e+04	1.2442680395982052e+04	2.1129308937681588e+04	7.1773698306960378e+03	3.5708234296127404e+04	1.1858098775600263e+04	2.7969150942202221e+04	1.9032416763898516e+04	4.7951947618285005e+04	1.0525042697410061e+04	9.1889173774683914e+03
3.6242227980322759e+03	3.0119925532742094e+04	2.4265577106274362e+04	4.3645486602162870e+04	5.1601843965789412e+03	3.1740347632093901e+04	2.0303223575251206e+04	2.6070261019181078e+04	1.2438272397173998e+04	7.3871389204233628e+03	1.2954505120327386e+05	3.6932374495056640e+04	8.2041932575398605e+03	2.7378685847819310e+04	1.3778821518985758e+04	1.2442680395982052e+04	2.1129308937681588e+04	7.1766845575908292e+03	3.5708234296127404e+04	1.1858098775600263e+04	2.7969150942202221e+04	1.9032416763898516e+04	4.7951947618285005e+04	1.0525042697410061e+04	9.1889173774683914e+03
3.6242227980322759e+03	3.0119925532742094e+04	2.4265577106274362e+04	4.3645486602162870e+04	5.1601843965789412e+03	3.1740347632093901e+04	2.0303223575251206e+04	2.6070261019181078e+04	1.2438272397173998e+04	7.1710232542877675e+03	1.2954505120327386e+05	3.6932374495056640e+04	8.2041932575398605e+03	2.7378685847819310e+04	1.3778821518985758e+04	1.2442680395982052e+04	2.1129308937681588e+04	7.1766845575908292e+03	3.5419365454121733e+04	1.1689072742223314e+04	2.7969150942202221e+04	1.9015288663321367e+04	4.7951947618285005e+04	1.0525042697410061e+04	9.1889173774683914e+03
3.6242227980322759e+03	3.0119925532742094e+04	2.4265577106274362e+04	4.3645486602162870e+04	5.1601843965789412e+03	3.1740347632093901e+04	2.0303223575251206e+04	2.6070261019181078e+04	1.2203375809318550e+04	7.1710232542877675e+03	1.2949912187928722e+05	3.6932374495056640e+04	8.2041932575398605e+03	2.7061988035032748e+04	1.3669318406457238e+04	1.2045862767712637e+04	2.1129308937681588e+04	7.1766845575908292e+03	3.5419365454121733e+04	1.1689072742223314e+04	2.7969150942202221e+04	1.9015288663321367e+04	4.7951947618285005e+04	1.0525042697410061e+04	9.1889173774683914e+03
3.6242227980322759e+03	2.9214190065125993e+04	2.4265577106274362e+04	4.3645486602162870e+04	5.1601843965789412e+03	3.1740347632093901e+04	2.0302177519032070e+04	2.6070261019181078e+04	1.2014743848382781e+04	7.1710232542877675e+03	1.2911955415729694e+05	3.6932374495056640e+04	8.2041932575398605e+03	2.6541776192299185e+04	1.3669318406457238e+04	1.2045862767712637e+04	2.1129308937681588e+04	7.1766845575908292e+03	3.5419365454121733e+04	1.1689072742223314e+04	2.7969150942202221e+04	1.9015288663321367e+04	4.7721468594360354e+04	1.0522319182554520e+04	9.1889173774683914e+03
3.6191406665557142e+03	2.9214190065125993e+04	2.4265577106274362e+04	4.3645486602162870e+04	5.1601843965789412e+03	3.0733037318079208e+04	2.0302177519032070e+04	2.6070261019181078e+04	1.2014743848382781e+04	7.1710232542877675e+03	1.2911955415729694e+05	3.6932374495056640e+04	8.2041932575398605e+03	2.6541776192299185e+04	1.3669318406457238e+04	1.2045862767712637e+04	2.1129308937681588e+04	7.1766845575908292e+03	3.5419365454121733e+04	1.1689072742223314e+04	2.7969150942202221e+04	1.9015288663321367e+04	4.5178092687007804e+04	1.0522319182554520e+04	9.1889173774683914e+03
3.6191406665557142e+03	2.8713576438909215e+04	2.2503358731162862e+04	4.3645486602162870e+04	5.0273488992081648e+03	3.0733037318079208e+04	2.0302177519032070e+04	2.6070261019181078e+04	1.2014743848382781e+04	7.1710232542877675e+03	1.2906664123551660e+05	3.6932374495056640e+04	8.2041932575398605e+03	2.6541776192299185e+04	1.3669318406457238e+04	1.2045862767712637e+04	2.1129308937681588e+04	7.1766845575908292e+03	3.5419365454121733e+04	1.1688805048292368e+04	2.7969150942202221e+04	1.9015288663321367e+04	4.5178092687007804e+04	1.0371241825506731e+04	9.1889173774683914e+03
3.6191406665557142e+03	2.8713576438909215e+04	2.2503358731162862e+04	4.3645486602162870e+04	5.0273488992081648e+03	3.0733037318079208e+04	2.0302177519032070e+04	2.6070261019181078e+04	1.2014743848382781e+04	7.1710232542877675e+03	1.2774170995041874e+05	3.6932374495056640e+04	8.2041932575398605e+03	2.6541776192299185e+04	1.3669318406457238e+04	1.2045862767712637e+04	2.1129308937681588e+04	7.1766845575908292e+03	3.5419365454121733e+04	1.1688805048292368e+04	2.7969150942202221e+04	1.9015288663321367e+04	4.5178092687007804e+04	1.0371241825506731e+04	9.1889173774683914e+03
3.6191406665557142e+03	2.8022488126243363e+04	2.2503358731162862e+04	4.3645486602162870e+04	5.0273488992081648e+03	3.0733037318079208e+04	2.0302177519032070e+04	2.6070261019181078e+04	1.2014743848382781e+04	7.1710232542877675e+03	1.2774170995041874e+05	3.6932374495056640e+04	8.2041932575398605e+03	2.6541776192299185e+04	1.3669318406457238e+04	1.2045862767712637e+04	2.1129308937681588e+04	7.1766845575908292e+03	3.5419365454121733e+04	1.1688805048292368e+04	2.7969150942202221e+04	1.9015288663321367e+04	4.5178092687007804e+04	1.0369931505824559e+04	9.1889173774683914e+03
3.6191406665557142e+03	2.8022488126243363e+04	2.2503358731162862e+04	4.3645486602162870e+04	5.0273488992081648e+03	3.0733037318079208e+04	2.0302177519032070e+04	2.5108207206209212e+04	1.2014743848382781e+04	7.1710232542877675e+03	1.2774170995041874e+05	3.6932374495056640e+04	8.2041932575398605e+03	2.6541776192299185e+04	1.3669318406457238e+04	1.1941703931912021e+04	2.1129308937681588e+04	7.1766845575908292e+03	3.4873135153438430e+04	1.1656877556633959e+04	2.7969150942202221e+04	1.9015288663321367e+04	4.5178092687007804e+04	1.0369931505824559e+04	9.1889173774683914e+03
3.6191406665557142e+03	2.8022488126243363e+04	2.2503358731162862e+04	4.3645486602162870e+04	5.0273488992081648e+03	3.0733037318079208e+04	2.0302177519032070e+04	2.5108207206209212e+04	1.2014743848382781e+04	7.1695652932259190e+03	1.2774170995041874e+05	3.6932374495056640e+04	8.2041932575398605e+03	2.6535723403044642e+04	1.3669318406457238e+04	1.1941703931912021e+04	2.1129308937681588e+04	7.1766845575908292e+03	3.4529036269301825e+04	1.1656877556633959e+04	2.7969150942202221e+04	1.9011442159714665e+04	4.5178092687007804e+04	1.0369931505824559e+04	9.1216191084298134e+03
3.6191406665557142e+03	2.8022488126243363e+04	2.2503358731162862e+04	4.3645486602162870e+04	5.0273488992081648e+03	3.0733037318079208e+04	2.0279584810988115e+04	2.5108207206209212e+04	1.2014743848382781e+04	7.1695652932259190e+03	1.2774170995041874e+05	3.6932374495056640e+04	8.2041932575398605e+03	2.6535723403044642e+04	1.3669318406457238e+04	1.1941703931912021e+04	2.1129308937681588e+04	7.1766845575908292e+03	3.4529036269301825e+04	1.1656877556633959e+04	2.7969150942202221e+04	1.8983655675878028e+04	4.5178092687007804e+04	1.0369931505824559e+04	9.1216191084298134e+03
3.6191406665557142e+03	2.1800717926705591e+04	2.2503358731162862e+04	4.3247287432853664e+04	5.0273488992081648e+03	3.0733037318079208e+04	2.0279584810988115e+04	2.5108207206209212e+04	1.2014743848382781e+04	7.1695652932259190e+03	1.2774170995041874e+05	3.6932374495056640e+04	8.2041932575398605e+03	2.6495546956271595e+04	1.3650956958316645e+04	1.1941703931912021e+04	2.1129308937681588e+04	7.1766845575908292e+03	3.4529036269301825e+04	1.1656877556633959e+04	2.7969150942202221e+04	1.8983655675878028e+04	4.5178092687007804e+04	1.0227248781822338e+04	9.1216191084298134e+03
3.5585095642671236e+03	2.1790491918490810e+04	2.2503358731162862e+04	4.2982571427617397e+04	5.0273488992081648e+03	3.0733037318079208e+04	2.0279584810988115e+04	2.5108207206209212e+04	1.2014743848382781e+04	7.1067580791330438e+03	1.2774170995041874e+05	3.6886931886167768e+04	8.1559927463921886e+03	2.6495546956271595e+04	1.3650956958316645e+04	1.1941703931912021e+04	2.1129308937681588e+04	7.1766845575908292e+03	3.4529036269301825e+04	1.1656877556633959e+04	2.7969150942202221e+04	1.8983655675878028e+04	4.5178092687007804e+04	1.0227248781822338e+04	9.1216191084298134e+03
3.5585095642671236e+03	2.1790491918490810e+04	2.2503358731162862e+04	4.2982571427617397e+04	5.0202135248598688e+03	3.0733037318079208e+04	2.0279584810988115e+04	2.5108207206209212e+04	1.2014743848382781e+04	7.1067580791330438e+03	1.2774170995041874e+05	3.6886931886167768e+04	7.7780925031132219e+03	2.6495546956271595e+04	1.3650956958316645e+04	1.1941703931912021e+04	2.1129308937681588e+04	7.1766845575908292e+03	3.4529036269301825e+04	1.1653303022675515e+04	2.7969150942202221e+04	1.8983655675878028e+04	4.5178092687007804e+04	1.0227248781822338e+04	9.1216191084298134e+03
3.5585095642671236e+03	2.1790491918490810e+04	2.2503358731162862e+04	4.2982571427617397e+04	5.0202135248598688e+03	3.0733037318079208e+04	2.0279584810988115e+04	2.5108207206209212e+04	1.2014743848382781e+04	6.7570624667969787e+03	1.2774170995041874e+05	3.6886931886167768e+04	7.7780925031132219e+03	2.6495546956271595e+04	1.3650276334758939e+04	1.1941703931912021e+04	2.1129308937681588e+04	7.1766845575908292e+03	3.4529036269301825e+04	1.1653303022675515e+04	2.7969150942202221e+04	1.8983655675878028e+04	4.5178092687007804e+04	1.0227248781822338e+04	9.1216191084298134e+03
3.5051774919944814e+03	2.1790491918490810e+04	2.2503358731162862e+04	4.2981593560873720e+04	5.0202135248598688e+03	3.0733037318079208e+04	2.0279584810988115e+04	2.5016765481695365e+04	1.2014743848382781e+04	6.7570624667969787e+03	1.2700406704582689e+05	3.6823723029871413e+04	7.7780925031132219e+03	2.6495546956271595e+04	1.3602171247462831e+04	1.1313585699176012e+04	2.1129308937681588e+04	7.1766845575908292e+03	3.4529036269301825e+04	1.1643684569245821e+04	2.7945422271264535e+04	1.8983655675878028e+04	4.5178092687007804e+04	1.0227248781822338e+04	9.1216191084298134e+03
3.5051774919944814e+03	2.1790491918490810e+04	2.2503358731162862e+04	4.2981593560873720e+04	5.0202135248598688e+03	3.0733037318079208e+04	2.0279584810988115e+04	2.5016765481695365e+04	1.2014743848382781e+04	6.7570624667969787e+03	1.2343076836424838e+05	3.6823723029871413e+04	7.7780925031132219e+03	2.6495546956271595e+04	1.3602171247462831e+04	1.1313585699176012e+04	2.1129308937681588e+04	7.1766845575908292e+03	3.4529036269301825e+04	1.1643684569245821e+04	2.7724308625400423e+04	1.8940414741150245e+04	4.5178092687007804e+04	1.0227248781822338e+04	9.1216191084298134e+03
3.5051774919944814e+03	2.1790491918490810e+04	2.2148340939038280e+04	4.2981593560873720e+04	5.0202135248598688e+03	3.0733037318079208e+04	2.0279584810988115e+04	2.4795602347759635e+04	1.2014743848382781e+04	6.7570624667969787e+03	1.2343076836424838e+05	3.6823723029871413e+04	7.7780925031132219e+03	2.6495546956271595e+04	1.3602171247462831e+04	1.1313585699176012e+04	2.0938164384237854e+04	7.1766845575908292e+03	3.4527549925250809e+04	1.1643684569245821e+04	2.7483323544969229e+04	1.8940414741150245e+04	4.3946618325602052e+04	1.0148941832844728e+04	9.1216191084298134e+03
3.5051774919944814e+03	2.1790491918490810e+04	2.1976706034276966e+04	4.2981593560873720e+04	5.0170439608947754e+03	3.0733037318079208e+04	2.0279584810988115e+04	2.4295841882060868e+04	1.2014743848382781e+04	6.3450009219003477e+03	1.2343076836424838e+05	3.6759520263017846e+04	7.7780925031132219e+03	2.6495546956271595e+04	1.3602171247462831e+04	1.1313585699176012e+04	2.0938164384237854e+04	7.1766845575908292e+03	3.4527549925250809e+04	1.1643684569245821e+04	2.7142461677708583e+04	1.8940414741150245e+04	4.3946618325602052e+04	1.0148941832844728e+04	9.1216191084298134e+03
3.5051774919944814e+03	2.1790491918490810e+04	2.1881740001083825e+04	4.2981593560873720e+04	5.0170439608947754e+03	3.0512193951015593e+04	2.0279584810988115e+04	2.4295841882060868e+04	1.2014743848382781e+04	6.3450009219003477e+03	1.2340657104501342e+05	3.6759520263017846e+04	7.7780925031132219e+03	2.6495546956271595e+04	1.3564983523104360e+04	1.1313585699176012e+04	2.0938164384237854e+04	7.1766845575908292e+03	3.4527549925250809e+04	1.1643684569245821e+04	2.7142461677708583e+04	1.8931562225566824e+04	4.3937152257000285e+04	9.9639249333398802e+03	9.1216191084298134e+03
3.5051774919944814e+03	2.1790491918490810e+04	2.1846708794589456e+04	4.2981593560873720e+04	4.9394325079905348e+03	3.0512193951015593e+04	2.0279584810988115e+04	2.4295841882060868e+04	1.1988568522371725e+04	6.3450009219003477e+03	1.2340657104501342e+05	3.6759520263017846e+04	7.7780925031132219e+03	2.6495546956271595e+04	1.3564983523104360e+04	1.1313585699176012e+04	2.0938164384237854e+04	7.1766845575908292e+03	3.4527549925250809e+04	1.1641920873969402e+04	2.7142461677708583e+04	1.8931562225566824e+04	4.3937152257000285e+04	9.9639249333398802e+03	9.1216191084298134e+03
3.5051774919944814e+03	2.1790491918490810e+04	2.1846708794589456e+04	4.2981593560873720e+04	4.9394325079905348e+03	3.0512193951015593e+04	2.0279584810988115e+04	2.4295841882060868e+04	1.1988568522371725e+04	6.3450009219003477e+03	1.2340657104501342e+05	3.6233040542028473e+04	7.7780925031132219e+03	2.6315814995407934e+04	1.3564983523104360e+04	1.1313585699176012e+04	2.0938164384237854e+04	7.1766845575908292e+03	3.4527549925250809e+04	1.1641920873969402e+04	2.7142461677708583e+04	1.8931562225566824e+04	4.3937152257000285e+04	9.9639249333398802e+03	9.1216191084298134e+03
3.5051774919944814e+03	2.1790491918490810e+04	2.1635059705487281e+04	4.2981593560873720e+04	4.9320340269129338e+03	3.0512193951015593e+04	2.0279584810988115e+04	2.4295841882060868e+04	1.1418456398269022e+04	6.3450009219003477e+03	1.2340657104501342e+05	3.6233040542028473e+04	7.7780925031132219e+03	2.6315814995407934e+04	1.3490326266584556e+04	1.1313585699176012e+04	2.0938164384237854e+04	7.1766845575908292e+03	3.4527549925250809e+04	1.1641920873969402e+04	2.5544233916549969e+04	1.8931562225566824e+04	4.3042304004079626e+04	9.7227259179325592e+03	9.1216191084298134e+03
3.5051774919944814e+03	2.1790491918490810e+04	2.1635059705487281e+04	4.2981593560873720e+04	4.9320340269129338e+03	3.0484226568016900e+04	2.0279584810988115e+04	2.4295841882060868e+04	1.1389206308226774e+04	6.2988062356213968e+03	1.2340657104501342e+05	3.6233040542028473e+04	7.7780925031132219e+03	2.6315814995407934e+04	1.3431305688777698e+04	1.1313585699176012e+04	2.0938164384237854e+04	7.1766845575908292e+03	3.4527549925250809e+04	1.1641920873969402e+04	2.5544233916549969e+04	1.8931562225566824e+04	4.2203726942693327e+04	9.7227259179325592e+03	9.1216191084298134e+03
3.5051774919944814e+03	2.1051509370971598e+04	2.0677222493927529e+04	4.2981593560873720e+04	4.9320340269129338e+03	3.0484226568016900e+04	2.0279584810988115e+04	2.4295841882060868e+04	1.1389206308226774e+04	6.2988062356213968e+03	1.2340657104501342e+05	3.6233040542028473e+04	7.7780925031132219e+03	2.6179021566136129e+04	1.3431305688777698e+04	1.1313585699176012e+04	2.0938164384237854e+04	7.1766845575908292e+03	3.4527549925250809e+04	1.1641920873969402e+04	2.5544233916549969e+04	1.8721851712622571e+04	3.9880494089056345e+04	9.7227259179325592e+03	9.1216191084298134e+03
3.5051774919944814e+03	1.9797471759860535e+04	2.0641918123149539e+04	4.2981593560873720e+04	4.9320340269129338e+03	3.0484226568016900e+04	2.0279584810988115e+04	2.4295841882060868e+04	1.1175257610249828e+04	5.9247767982365640e+03	1.2340657104501342e+05	3.6233040542028473e+04	7.7780925031132219e+03	2.6133336026085421e+04	1.3427407506621465e+04	1.1313585699176012e+04	2.0938164384237854e+04	7.1766845575908037e+03	3.4527549925250809e+04	1.1641920873969402e+04	2.5544233916549969e+04	1.8721851712622571e+04	3.9880494089056345e+04	9.7227259179325592e+03	9.1216191084298134e+03
3.5041604163453285e+03	1.9797471759860535e+04	2.0641918123149539e+04	4.2981593560873720e+04	4.9320340269129338e+03	3.0406453989983947e+04	2.0279584810988115e+04	2.4295841882060868e+04	1.1032461154587523e+04	5.9247767982365640e+03	1.2340657104501342e+05	3.6233040542028473e+04	7.7780925031132219e+03	2.6133336026085421e+04	1.3427407506621465e+04	1.1313585699176012e+04	2.0726254760691700e+04	7.1696945403905884e+03	3.4527549925250809e+04	1.1641558706604012e+04	2.5544233916549969e+04	1.8721851712622571e+04	3.9880494089056345e+04	9.7227259179325592e+03	9.1216191084298134e+03
3.4920450747480882e+03	1.9797471759860535e+04	2.0641918123149539e+04	4.2827990903001373e+04	4.9320340269129338e+03	3.0406453989983947e+04	1.9967549294012115e+04	2.4295841882060868e+04	1.1032461154587523e+04	5.9247767982365640e+03	1.2340657104501342e+05	3.6220752340303508e+04	7.4495829734097915e+03	2.6133336026085421e+04	1.3361116795170426e+04	1.1313585699176012e+04	2.0726254760691700e+04	7.1687254298697335e+03	3.4527549925250809e+04	1.1641558706604012e+04	2.5544233916549969e+04	1.8721851712622571e+04	3.6598824219974122e+04	9.7227259179325592e+03	9.1216191084298134e+03
3.4920450747480882e+03	1.9797471759860535e+04	2.0363683751221073e+04	4.2827990903001373e+04	4.9320340269129338e+03	3.0406453989983947e+04	1.9967549294012115e+04	2.3583712090780235e+04	1.1032461154587523e+04	5.9247767982365640e+03	1.2340657104501342e+05	3.6220752340303508e+04	7.4495829734097915e+03	2.6133336026085421e+04	1.3361116795170426e+04	1.1313585699176012e+04	2.0726254760691700e+04	7.1262348889880450e+03	3.4527549925250809e+04	1.1641216747543544e+04	2.5544233916549969e+04	1.8721851712622571e+04	3.6598824219974122e+04	9.7227259179325592e+03	9.1216191084298134e+03
3.4920450747480882e+03	1.9358367541951164e+04	2.0046971805874684e+04	4.2827990903001373e+04	4.9320340269129338e+03	3.0406453989983947e+04	1.9967549294012115e+04	2.3583712090780235e+04	1.1032461154587523e+04	5.9247767982365640e+03	1.2249193333870966e+05	3.6220752340303508e+04	7.4495829734097915e+03	2.6133336026085421e+04	1.3328219957591162e+04	1.1313585699176012e+04	2.0726254760691700e+04	7.1262348889880450e+03	3.4527549925250809e+04	1.1641216747543544e+04	2.5544233916549969e+04	1.8721851712622571e+04	3.6598824219974122e+04	9.7227259179325592e+03	9.1216191084298134e+03
3.4920450747480882e+03	1.9358367541951164e+04	2.0046971805874684e+04	4.2827990903001373e+04	4.9320340269129338e+03	3.0406453989983947e+04	1.9965282856826721e+04	2.3583712090780235e+04	1.1032461154587523e+04	5.9247767982365640e+03	1.2051510561842969e+05	3.6220752340303508e+04	7.4495829734097915e+03	2.6133336026085421e+04	1.3328219957591162e+04	1.1313585699176012e+04	2.0726254760691700e+04	7.1262348889880450e+03	3.4527549925250809e+04	1.1641216747543544e+04	2.5544233916549969e+04	1.8721851712622571e+04	3.6598824219974122e+04	9.7227259179325592e+03	9.1216191084298134e+03
3.4920450747480882e+03	1.9358367541951164e+04	2.0046971805874684e+04	4.2673535603474651e+04	4.9320340269129338e+03	3.0406453989983947e+04	1.9965282856826721e+04	2.3583712090780235e+04	1.1032461154587523e+04	5.9247767982365640e+03	1.2051510561842969e+05	3.6031304882186814e+04	7.4495829734097915e+03	2.6133336026085421e+04	1.3328219957591162e+04	1.1313585699176012e+04	2.0726254760691700e+04	7.1262348889880450e+03	3.4527549925250809e+04	1.1641216747543544e+04	2.5544233916549969e+04	1.8721851712622571e+04	3.5458177332754443e+04	9.7227259179325592e+03	9.1216191084298134e+03
3.4920450747480882e+03	1.9358367541951164e+04	2.0046971805874684e+04	4.2590037776919104e+04	4.9320340269129338e+03	2.9899435884232924e+04	1.9965282856826721e+04	2.3583712090780235e+04	1.1028781597842724e+04	5.9247767982365640e+03	1.2051510561842969e+05	3.5408559880981942e+04	7.4495829734097915e+03	2.5936726647366595e+04	1.3328219957591162e+04	1.1313585699176012e+04	2.0726254760691700e+04	7.1262348889880450e+03	3.4376716077125908e+04	1.1641216747543544e+04	2.5544233916549969e+04	1.8721851712622571e+04	3.5458177332754443e+04	9.7227259179325592e+03	8.9419524460195444e+03
3.4920450747480882e+03	1.9345448963442559e+04	2.0046971805874684e+04	4.2590037776919104e+04	4.9213387969892792e+03	2.9736784058062825e+04	1.9965282856826721e+04	2.3583712090780235e+04	1.1028781597842724e+04	5.9247767982365640e+03	1.2051510561842969e+05	3.5408559880981942e+04	7.4495829734097915e+03	2.5936726647366595e+04	1.3328219957591162e+04	1.1313585699176012e+04	2.0726254760691700e+04	7.1262348889880450e+03	3.4376716077125908e+04	1.1616161857273115e+04	2.3306427673673115e+04	1.8721851712622571e+04	3.5214600051952162e+04	9.7227259179325592e+03	8.9419524460195444e+03
3.4920450747480882e+03	1.9345448963442559e+04	2.0046971805874684e+04	4.2590037776919104e+04	4.9213387969892792e+03	2.9651755968902809e+04	1.9965282856826721e+04	2.3583712090780235e+04	1.1028781597842724e+04	5.9247767982365640e+03	1.1629718909857320e+05	3.5408559880981942e+04	7.4495829734097915e+03	2.5936726647366595e+04	1.3327883478995862e+04	1.1313585699176012e+04	2.0726254760691700e+04	7.1141622782960076e+03	3.4376716077125908e+04	1.1616161857273115e+04	2.3306427673673115e+04	1.8721851712622571e+04	3.5214600051952162e+04	9.7227259179325592e+03	8.9419524460195444e+03
3.3761849035569412e+03	1.9345448963442559e+04	2.0046971805874684e+04	4.2590037776919104e+04	4.9213387969892792e+03	2.9651755968902809e+04	1.9965282856826721e+04	2.3583712090780235e+04	1.1028781597842724e+04	5.9247767982365640e+03	1.1629718909857320e+05	3.5408559880981942e+04	7.4495829734097915e+03	2.5936726647366595e+04	1.3288358550369878e+04	1.1313585699176012e+04	2.0726254760691700e+04	7.1141622782960076e+03	3.4361164814158408e+04	1.1616161857273115e+04	2.3306427673673115e+04	1.8379828834509215e+04	3.5214600051952162e+04	9.7227259179325592e+03	8.9419524460195444e+03
3.3761849035569412e+03	1.9345448963442559e+04	2.0046971805874684e+04	4.2590037776919104e+04	4.9167152835838815e+03	2.9651755968902809e+04	1.9965282856826721e+04	2.3583712090780235e+04	1.1028781597842724e+04	5.9247767982365640e+03	1.1629718909857320e+05	3.5408559880981942e+04	7.4495829734097915e+03	2.5936726647366595e+04	1.3288358550369878e+04	1.1313585699176012e+04	2.0726254760691700e+04	7.1141622782960076e+03	3.4361164814158408e+04	1.1616161212643829e+04	2.3306427673673115e+04	1.8379828834509215e+04	3.3387018303983466e+04	9.7227259179325592e+03	8.7179058124048388e+03
3.3761849035569412e+03	1.9345448963442559e+04	2.0046971805874684e+04	4.2583636238872714e+04	4.9089827262536819e+03	2.9651755968902809e+04	1.9965282856826721e+04	2.3583712090780235e+04	1.1028781597842724e+04	5.9247767982365640e+03	1.1263901236852870e+05	3.4834477358654149e+04	7.4495829734097915e+03	2.5739013925461928e+04	1.3288358550369878e+04	1.1313585699176012e+04	2.0726254760691700e+04	7.1141252331095347e+03	3.4361164814158408e+04	1.1616161212643829e+04	2.3306427673673115e+04	1.8379828834509215e+04	3.3387018303983466e+04	9.3554034915186694e+03	8.7179058124048388e+03
3.3761849035569412e+03	1.9345448963442559e+04	2.0037650343218604e+04	4.2583636238872714e+04	4.9089827262536819e+03	2.9651755968902809e+04	1.9715794825108023e+04	2.3583712090780235e+04	1.1028781597842724e+04	5.0858153157445568e+03	1.1249401791003020e+05	3.4834477358654149e+04	7.4495829734097915e+03	2.5701615137040819e+04	1.3288358550369878e+04	1.1313585699176012e+04	2.0726254760691700e+04	7.1141252331095347e+03	3.4361164814158408e+04	1.1616161212643829e+04	2.3306427673673115e+04	1.8379828834509215e+04	3.3387018303983466e+04	9.3554034915186694e+03	8.7177093580225464e+03
3.3761849035569412e+03	1.9345448963442559e+04	2.0037650343218604e+04	4.2583636238872714e+04	4.9089827262536819e+03	2.9651755968902809e+04	1.9715794825108023e+04	2.3583712090780235e+04	1.1028781597842724e+04	5.0858153157445568e+03	1.1082707101645925e+05	3.4834477358654149e+04	7.4495829734097915e+03	2.5701615137040819e+04	1.3280622107046027e+04	1.1313585699176012e+04	2.0674528820822277e+04	7.1141252331095347e+03	3.4361164814158408e+04	1.1616161212643829e+04	2.3306427673673115e+04	1.8379828834509215e+04	3.3387018303983466e+04	9.3554034915186694e+03	8.7177093580225464e+03
3.3759896048649189e+03	1.8433370934111561e+04	1.9880735832377075e+04	4.2583636238872714e+04	4.9089827262536819e+03	2.9651755968902809e+04	1.9715794825108023e+04	2.3583712090780235e+04	1.1028781597842724e+04	4.5750460786710892e+03	1.1082707101645925e+05	3.4725225795204286e+04	7.4495829734097915e+03	2.5701615137040819e+04	1.3280622107046027e+04	1.1313585699176012e+04	2.0643987885141993e+04	7.1141252331095347e+03	3.4361164814158408e+04	1.1616161212643829e+04	2.3306427673673115e+04	1.8379828834509215e+04	3.3387018303983466e+04	9.3554034915186694e+03	8.7177093580225464e+03
3.3614901701272670e+03	1.8433370934111561e+04	1.9880735832377075e+04	4.2583636238872714e+04	4.9089827262536819e+03	2.9651755968902809e+04	1.9715794825108023e+04	2.3583712090780235e+04	1.1028781597842724e+04	4.5750460786710892e+03	1.1082707101645925e+05	3.4725225795204286e+04	7.4495829734097915e+03	2.5701615137040819e+04	1.3280622107046027e+04	1.1313585699176012e+04	2.0643987885141993e+04	7.1141252331095347e+03	3.4260882735369625e+04	1.1616161212643829e+04	2.3306427673673115e+04	1.8379828834509215e+04	3.3271321649371916e+04	9.3554034915186694e+03	8.7173955648786286e+03
3.3578364279811758e+03	1.8433370934111561e+04	1.9880023711936130e+04	4.2583636238872714e+04	4.9089827262536819e+03	2.9651755968902809e+04	1.9715794825108023e+04	2.3583712090780235e+04	1.0946578399909149e+04	4.5750460786710892e+03	1.0850469982142608e+05	3.4725225795204286e+04	7.4495829734097915e+03	2.5701615137040819e+04	1.3280622107046027e+04	1.1313585699176012e+04	2.0643987885141993e+04	7.1141252331095347e+03	3.4260882735369625e+04	1.1616161212643829e+04	2.3306427673673115e+04	1.8379828834509215e+04	3.3271321649371916e+04	9.3554034915186694e+03	8.5575807702165766e+03
3.3578364279811758e+03	1.8433370934111561e+04	1.9249135162379138e+04	4.2583636238872714e+04	4.9089827262536819e+03	2.9651755968902809e+04	1.9609080382878401e+04	2.2483843853226615e+04	1.0946578399909149e+04	4.5750460786710892e+03	1.0850469982142608e+05	3.4725225795204286e+04	7.4495829734097915e+03	2.5667218569249409e+04	1.3160374176079542e+04	1.1313585699176012e+04	2.0643987885141993e+04	7.1141252331095347e+03	3.4139110737998148e+04	1.1616161212643829e+04	2.3306427673673115e+04	1.8379828834509215e+04	3.2602760997032601e+04	9.3554034915186694e+03	8.5575807702165766e+03
3.3578364279811758e+03	1.8433370934111561e+04	1.9249135162379138e+04	4.2583636238872714e+04	4.9089827262536819e+03	2.9651755968902809e+04	1.9585812090184983e+04	2.2483843853226615e+04	1.0946578399909149e+04	4.5750460786710892e+03	1.0850469982142608e+05	3.4725032336602257e+04	7.4495829734097915e+03	2.5121844777393810e+04	1.3160247758216188e+04	1.1313585699176012e+04	2.0643987885141993e+04	7.1141252331095347e+03	3.3779104951564812e+04	1.1373268798837846e+04	2.3306427673673115e+04	1.8379828834509215e+04	3.2602760997032601e+04	9.3554034915186694e+03	8.5575807702165766e+03
3.3578364279811758e+03	1.8433370934111561e+04	1.7085927447045164e+04	4.2583636238872714e+04	4.9089827262536819e+03	2.9593166132081788e+04	1.9585812090184983e+04	2.2483843853226615e+04	1.0903360528305311e+04	4.5750460786710892e+03	1.0850469982142608e+05	3.4725032336602257e+04	7.4495829734097915e+03	2.5016569771446470e+04	1.3160247758216188e+04	1.1313585699176012e+04	2.0643987885141993e+04	7.1141252331095347e+03	3.3752979288128561e+04	1.1372427213255414e+04	2.3306427673673115e+04	1.8379828834509215e+04	3.2602760997032601e+04	9.3554034915186694e+03	8.5575807702165766e+03
3.3578364279811758e+03	1.8433370934111561e+04	1.7085927447045164e+04	4.2583636238872714e+04	4.7421446825632447e+03	2.9593166132081788e+04	1.9585812090184983e+04	2.2483843853226615e+04	1.0903360528305311e+04	4.5750460786710892e+03	1.0839004006291160e+05	3.4725032336602257e+04	7.4495829734097915e+03	2.5016569771446470e+04	1.3158474655425867e+04	1.1313585699176012e+04	2.0643987885141993e+04	7.1141252331095347e+03	3.3752979288128561e+04	1.1372427213255414e+04	2.2759740873889270e+04	1.8379828834509215e+04	3.2533346051123546e+04	9.3554034915186694e+03	8.5575807702165766e+03
3.2619622291079368e+03	1.8433370934111561e+04	1.7085927447045164e+04	4.2583636238872714e+04	4.7421446825632447e+03	2.9593153051931142e+04	1.9585812090184983e+04	2.2483843853226615e+04	1.0903360528305311e+04	4.5598960689036630e+03	1.0837022420276754e+05	3.4725032336602257e+04	7.4495829734097915e+03	2.5016569771446470e+04	1.3158474655425867e+04	1.1313585699176012e+04	2.0643987885141993e+04	7.1141252331095347e+03	3.3752979288128561e+04	1.1372418420165608e+04	2.1906939803659592e+04	1.8379828834509215e+04	3.0506209318158926e+04	9.3213068109538071e+03	8.5575807702165766e+03
3.2619622291079368e+03	1.8433370934111561e+04	1.7085927447045164e+04	4.2583636238872714e+04	4.7421446825632447e+03	2.9593153051931142e+04	1.9585812090184983e+04	2.2483843853226615e+04	1.0903360528305311e+04	4.5598960689036630e+03	1.0532019020361325e+05	3.4725032336602257e+04	7.4495829734097915e+03	2.5016569771446470e+04	1.3158474655425867e+04	1.1293301375632029e+04	2.0643987885141993e+04	7.1089541229194201e+03	3.3752979288128561e+04	1.1372418420165608e+04	2.1906939803659592e+04	1.8379589115094794e+04	3.0215876364279844e+04	9.3213068109538071e+03	8.5575807702165766e+03
3.2619622291079368e+03	1.8433370934111561e+04	1.7085927447045164e+04	4.2583636238872714e+04	4.7421446825632447e+03	2.9593153051931142e+04	1.9585812090184983e+04	2.2483843853226615e+04	1.0903360528305311e+04	4.5598960689036630e+03	1.0532019020361325e+05	3.4725032336602257e+04	7.4495829734097915e+03	2.5016569771446470e+04	1.3158474655425867e+04	1.1293301375632029e+04	2.0589900193268673e+04	7.1089541229194201e+03	3.3752979288128561e+04	1.1372418420165608e+04	2.1906939803659592e+04	1.8369687256926030e+04	3.0215876364279844e+04	9.3213068109538071e+03	8.5575807702165766e+03
3.2619622291079368e+03	1.8433370934111561e+04	1.7085927447045164e+04	4.2583636238872714e+04	4.7421446825632447e+03	2.9593153051931142e+04	1.9585812090184983e+04	2.2481500725367216e+04	1.0903360528305311e+04	4.1408108467011334e+03	1.0532019020361325e+05	3.4718958565742440e+04	7.4495829734097915e+03	2.5016569771446470e+04	1.3158474655425867e+04	1.1293301375632029e+04	2.0589900193268673e+04	7.1089541229194201e+03	3.3752979288128561e+04	1.1372418420165608e+04	2.1722390229670436e+04	1.8369687256926030e+04	2.9831069468309535e+04	9.3213068109538071e+03	8.5575807702165766e+03
3.2619622291079368e+03	1.8433370934111561e+04	1.7085927447045164e+04	4.2583636238872714e+04	4.7421446825632447e+03	2.9593153051931142e+04	1.9577702213473094e+04	2.2481500725367216e+04	1.0900620418708075e+04	4.0108892324236595e+03	1.0532019020361325e+05	3.4718958565742440e+04	7.4495829734097915e+03	2.5016569771446470e+04	1.3152792316798677e+04	1.1293301375632029e+04	2.0589900193268673e+04	7.1089541229194201e+03	3.3752979288128561e+04	1.1372418420165608e+04	2.1722390229670436e+04	1.8369687256926030e+04	2.9831069468309535e+04	8.8442583553884906e+03	8.5575807702165766e+03
3.2619622291079368e+03	1.8433370934111561e+04	1.7085927447045164e+04	4.2583636238872714e+04	4.7421446825632447e+03	2.9593153051931142e+04	1.9577702213473094e+04	2.2481500725367216e+04	1.0900620418708075e+04	4.0108892324236595e+03	1.0532019020361325e+05	3.4718958565742440e+04	7.4495829734097915e+03	2.5016569771446470e+04	1.3152792316798677e+04	1.1293301375632029e+04	2.0589900193268673e+04	7.1089541229194201e+03	3.3500403424385666e+04	1.1372418420165608e+04	2.1663941659103268e+04	1.8369687256926030e+04	2.9831069468309535e+04	8.8442583553884906e+03	8.3105150893427035e+03
3.2619622291079368e+03	1.8433370934111561e+04	1.6861615486473947e+04	4.2583636238872714e+04	4.7421446825632447e+03	2.9593153051931142e+04	1.9198273331605531e+04	2.2481500725367216e+04	1.0900620418708075e+04	4.0108892324236595e+03	1.0532019020361325e+05	3.4246917617448460e+04	7.4495829734097915e+03	2.4692571445808426e+04	1.3152792316798677e+04	1.1293301375632029e+04	2.0589900193268673e+04	7.1089541229194201e+03	3.3500403424385666e+04	1.1372418420165608e+04	2.1663941659103268e+04	1.8369687256926030e+04	2.9612429975290190e+04	8.8442583553884906e+03	8.2718511788305022e+03
3.2619622291079368e+03	1.8433370934111561e+04	1.6861615486473947e+04	4.2378327906915758e+04	4.7421446825632447e+03	2.9593153051931142e+04	1.9194868780076707e+04	2.2481500725367216e+04	1.0873702733860484e+04	4.0108892324236595e+03	1.0532019020361325e+05	3.4246917617448460e+04	7.4495829734097915e+03	2.4692571445808426e+04	1.3152792316798677e+04	1.1121054978176950e+04	2.0589900193268673e+04	7.1089541229194201e+03	3.3500403424385666e+04	1.1372418420165608e+04	2.1663941659103268e+04	1.8369687256926030e+04	2.9612429975290190e+04	8.8405662067376597e+03	8.2718511788305022e+03
3.2619622291079368e+03	1.8433370934111561e+04	1.6861615486473947e+04	4.2378327906915758e+04	4.7421446825632447e+03	2.9593153051931142e+04	1.9194859198315724e+04	2.2481500725367216e+04	1.0785797926741850e+04	3.9027903113002758e+03	1.0532019020361325e+05	3.4246917617448460e+04	7.4495829734097915e+03	2.4692571445808426e+04	1.3152724111829442e+04	1.1121054978176950e+04	2.0589900193268673e+04	7.0219245637167351e+03	3.3500403424385666e+04	1.1372407354564115e+04	2.1663941659103268e+04	1.8369687256926030e+04	2.9542237862842914e+04	8.8405662067376597e+03	8.2718511788305022e+03
3.2528995894655304e+03	1.8433370934111561e+04	1.6861615486473947e+04	4.2299003402302580e+04	4.7421446825632447e+03	2.9593153051931142e+04	1.9194859198315724e+04	2.2481500725367216e+04	1.0668953710514887e+04	3.9027903113002758e+03	1.0532019020361325e+05	3.4246917617448460e+04	7.4495829734097915e+03	2.4665509497039897e+04	1.3152724111829442e+04	1.1121054978176950e+04	2.0473580420474078e+04	7.0219245637167351e+03	3.3500403424385666e+04	1.0811860007134666e+04	2.1663941659103268e+04	1.8369141443139299e+04	2.9542237862842914e+04	8.6007320908387774e+03	8.2718511788305022e+03
3.2528995894655304e+03	1.8433370934111561e+04	1.6861615486473947e+04	4.2299003402302580e+04	4.7421446825632447e+03	2.9593153051931142e+04	1.9194859198315724e+04	2.2481500725367216e+04	1.0668953710514887e+04	3.9027903113002758e+03	1.0532019020361325e+05	3.3398539126471078e+04	7.2787928817878574e+03	2.4665509497039897e+04	1.3152724111829442e+04	1.1121054978176950e+04	2.0473580420474078e+04	7.0219245637167351e+03	3.3500403424385666e+04	1.0811850162392075e+04	2.1663941659103268e+04	1.8369141443139299e+04	2.9201751674158833e+04	8.6007320908387774e+03	8.2718511788305022e+03
3.2528995894655304e+03	1.8433370934111561e+04	1.6861615486473947e+04	4.2299003402302580e+04	4.7421446825632447e+03	2.9593153051931142e+04	1.9194859198315724e+04	2.2481500725367216e+04	1.0668953710514887e+04	3.9027903113002758e+03	1.0532019020361325e+05	3.3398539126471078e+04	7.2787928817878574e+03	2.4665509497039897e+04	1.3152724111829442e+04	1.1121054978176950e+04	2.0473580420474078e+04	7.0219245637167351e+03	3.3500403424385666e+04	1.0523703178696254e+04	2.1583498304529843e+04	1.8369141443139299e+04	2.9201751674158833e+04	8.6007320908387774e+03	8.2718511788305022e+03
3.2528995894655304e+03	1.8433370934111561e+04	1.6605462127112845e+04	4.2215838927455698e+04	4.7421446825632447e+03	2.9591067068513064e+04	1.9144913384217220e+04	2.2481500725367216e+04	1.0668953710514887e+04	3.9027903113002758e+03	1.0501895059532882e+05	3.3398539126471078e+04	7.2787928817878574e+03	2.4665509497039897e+04	1.3152724111829442e+04	1.1121054978176950e+04	2.0473580420474078e+04	7.0219245637167351e+03	3.3474987504851466e+04	1.0523703178696254e+04	2.1058373083067436e+04	1.8369141443139299e+04	2.9201751674158833e+04	8.6007320908387774e+03	8.2718511788305022e+03
3.2528995894655304e+03	1.8433370934111561e+04	1.6605462127112845e+04	4.2215838927455698e+04	4.7342758337753039e+03	2.9570873096642328e+04	1.9144913384217220e+04	2.2382588828837015e+04	1.0668953710514887e+04	3.9027903113002758e+03	1.0501895059532882e+05	3.3398539126471078e+04	7.2787928817878574e+03	2.4665509497039897e+04	1.3152724111829442e+04	1.1121054978176950e+04	2.0473580420474078e+04	7.0200775266947066e+03	3.3474987504851466e+04	1.0523703178696254e+04	2.0956509113940228e+04	1.8369141443139299e+04	2.9201751674158833e+04	8.6007320908387774e+03	8.2718511788305022e+03
3.2528995894655304e+03	1.8433370934111561e+04	1.6605462127112845e+04	4.2215838927455698e+04	4.5348185043885678e+03	2.9570873096642328e+04	1.9144913384217220e+04	2.2382588828837015e+04	1.0668953710514887e+04	3.9027903113002758e+03	1.0302830721921407e+05	3.3398539126471078e+04	7.2787928817878574e+03	2.4544314678697439e+04	1.3152724111829442e+04	1.1121054978176950e+04	2.0473580420474078e+04	7.0200775266947066e+03	3.2713730079524626e+04	1.0523703178696254e+04	2.0956509113940228e+04	1.8233582766246378e+04	2.9201751674158833e+04	8.6007320908387774e+03	8.2718511788305022e+03
3.2528995894655304e+03	1.8368200055559166e+04	1.6605462127112845e+04	4.2215838927455698e+04	4.5348185043885678e+03	2.9570873096642328e+04	1.7676956865694956e+04	2.2382588828837015e+04	1.0668953710514887e+04	3.9027903113002758e+03	1.0254356584680711e+05	3.3398539126471078e+04	7.2787928817878574e+03	2.4484823590996129e+04	1.3152724111829442e+04	1.1121054978176950e+04	2.0473580420474078e+04	7.0200775266947066e+03	3.2713730079524626e+04	1.0523703178696254e+04	1.9547895903734516e+04	1.8233582766246378e+04	2.9201751674158833e+04	8.4013962963422091e+03	8.2718511788305022e+03
3.2528995894655304e+03	1.8368200055559166e+04	1.6605462127112845e+04	4.2215838927455698e+04	4.5348185043885678e+03	2.9567091318771880e+04	1.7676956865694956e+04	2.2382588828837015e+04	1.0668953710514887e+04	3.7192021940116410e+03	1.0059638164558800e+05	3.3320113309392778e+04	7.2787928817878574e+03	2.4484823590996129e+04	1.3152724111829442e+04	1.1118088321194946e+04	2.0473580420474078e+04	7.0109881484846337e+03	3.2265895088907357e+04	1.0523703178696254e+04	1.9547895903734516e+04	1.8233582766246378e+04	2.9201751674158833e+04	8.4013962963422091e+03	8.2718511788305022e+03
3.2353228796672147e+03	1.8368200055559166e+04	1.6605462127112845e+04	4.2215838927455698e+04	4.5336112184222393e+03	2.9567091318771880e+04	1.7676956865694956e+04	2.2382588828837015e+04	1.0668953710514887e+04	3.7192021940116410e+03	1.0059638164558800e+05	3.3243072485714438e+04	7.2787928817878574e+03	2.4484823590996129e+04	1.3152724111829442e+04	1.1118088321194946e+04	2.0473580420474078e+04	7.0109881484846337e+03	3.2265895088907357e+04	1.0523703178696254e+04	1.9547895903734516e+04	1.8233582766246378e+04	2.9201751674158833e+04	8.4013962963422091e+03	8.2718511788305022e+03
3.2266790548658500e+03	1.8368200055559166e+04	1.6605462127112845e+04	4.2215838927455698e+04	4.5336112184222393e+03	2.9567091318771880e+04	1.7676956865694956e+04	2.2382588828837015e+04	1.0668953710514887e+04	3.7192021940116410e+03	1.0059638164558800e+05	3.3243072485714438e+04	7.2787928817878574e+03	2.4484823590996129e+04	1.3152724111829442e+04	1.1118088321194946e+04	2.0473580420474078e+04	6.9014858752783439e+03	3.2265895088907357e+04	1.0523703178696254e+04	1.9547895903734516e+04	1.8018791548162302e+04	2.9201751674158833e+04	8.4013962963422091e+03	8.2718511788305022e+03
3.2266790548658500e+03	1.8368200055559166e+04	1.6605462127112845e+04	4.2215838927455698e+04	4.5336112184222393e+03	2.9523485692623886e+04	1.7676956865694956e+04	2.2382588828837015e+04	1.0668953710514887e+04	3.7192021940116410e+03	1.0059638164558800e+05	3.3243072485714438e+04	7.2787928817878574e+03	2.4484823590996129e+04	1.3133239002351213e+04	1.1118088321194946e+04	2.0473580420474078e+04	6.8496572748460221e+03	3.2265895088907357e+04	1.0523703178696254e+04	1.9547895903734516e+04	1.8018791548162302e+04	2.9201751674158833e+04	8.3799919739349261e+03	8.2718511788305022e+03
3.2266790548658500e+03	1.8368200055559166e+04	1.6272711664663517e+04	4.2172582656670980e+04	4.5336112184222393e+03	2.9523485692623886e+04	1.7676956865694956e+04	2.2331164642912758e+04	1.0668953710514887e+04	3.7192021940116410e+03	1.0059638164558800e+05	3.3243072485714438e+04	7.2787928817878574e+03	2.4315784507345561e+04	1.3116127670587131e+04	1.0515454940099426e+04	2.0386302867577684e+04	6.8496572748460221e+03	3.2080537546043419e+04	1.0523703178696254e+04	1.9547895903734516e+04	1.8014975637703130e+04	2.9201751674158833e+04	8.3799919739349261e+03	8.2718511788305022e+03
3.2266790548658500e+03	1.8368200055559166e+04	1.6272711664663517e+04	4.2167369717070396e+04	4.5336112184222393e+03	2.9523485692623886e+04	1.6709575861375648e+04	2.2331164642912758e+04	1.0668953710514887e+04	3.7192021940116410e+03	1.0025569068916354e+05	3.3243072485714438e+04	7.2566892232080654e+03	2.4116366252587406e+04	1.3116127670587131e+04	1.0241267100310522e+04	2.0386302867577684e+04	6.8496572748460221e+03	3.2060593991922058e+04	1.0321810284436910e+04	1.9547895903734516e+04	1.8014975637703130e+04	2.8588173978015817e+04	8.3799919739349261e+03	8.2718511788305022e+03
3.2266790548658500e+03	1.8368200055559166e+04	1.6272711664663517e+04	4.2167369717070396e+04	4.4469248835663275e+03	2.9523485692623886e+04	1.6709575861375648e+04	2.1509987484214711e+04	1.0668953710514887e+04	3.7192021940116410e+03	1.0025569068916354e+05	3.3172924372363064e+04	7.2566892232080654e+03	2.4116366252587406e+04	1.3116127670587131e+04	1.0241267100310522e+04	2.0386302867577684e+04	6.8496572748460221e+03	3.1689730285637885e+04	1.0317098243268683e+04	1.9547895903734516e+04	1.8014975637703130e+04	2.8588173978015817e+04	8.3765304556213250e+03	8.2718511788305022e+03
3.2266790548658500e+03	1.8368200055559166e+04	1.6272711664663517e+04	4.2167369717070396e+04	4.2501429322108297e+03	2.9435291499887255e+04	1.6709575861375648e+04	2.1509987484214711e+04	1.0668953710514887e+04	3.7192021940116410e+03	1.0025569068916354e+05	3.3172924372363064e+04	7.2566892232080654e+03	2.4116366252587406e+04	1.3116127670587131e+04	1.0241267100310522e+04	2.0386302867577684e+04	6.8496572748460221e+03	3.1689730285637885e+04	1.0317098243268683e+04	1.9547895903734516e+04	1.8014975637703130e+04	2.8588173978015817e+04	8.3765304556213250e+03	8.2718511788305022e+03
3.2266790548658500e+03	1.7332565327192060e+04	1.6272711664663517e+04	4.2167369717070396e+04	4.2501429322108297e+03	2.9435291499887255e+04	1.6709575861375648e+04	2.1509987484214711e+04	1.0668953710514887e+04	3.7192021940116410e+03	1.0025569068916354e+05	3.3036632919810123e+04	7.2566892232080654e+03	2.4116366252587406e+04	1.3116127670587131e+04	1.0223129766822660e+04	2.0203071266304269e+04	6.8496572748460221e+03	3.1118961219520959e+04	9.3166286815532767e+03	1.9405647766217997e+04	1.8014975637703130e+04	2.8588173978015817e+04	8.3765304556213250e+03	8.2718511788305022e+03
3.2266790548658500e+03	1.7332565327192060e+04	1.6066732160003012e+04	4.2167369717070396e+04	4.2501429322108297e+03	2.9336958978103212e+04	1.6709575861375648e+04	2.1509987484214711e+04	1.0668953710514887e+04	3.7190793268425709e+03	1.0025569068916354e+05	3.3036632919810123e+04	7.2566892232080654e+03	2.4116366252587406e+04	1.3116127670587131e+04	1.0223129766822660e+04	2.0203071266304269e+04	6.8496572748460221e+03	3.1118961219520959e+04	9.3166286815532767e+03	1.9405647766217997e+04	1.8014975637703130e+04	2.8588173978015817e+04	8.3765304556213250e+03	8.2718511788305022e+03
3.2266790548658500e+03	1.7332565327192060e+04	1.6066732160003012e+04	4.2167369717070396e+04	4.2501429322108297e+03	2.9336958978103212e+04	1.6643856806677057e+04	2.1509987484214711e+04	1.0668953710514887e+04	3.7190793268425709e+03	1.0015367522362308e+05	3.3036632919810123e+04	6.7924535736951875e+03	2.4116366252587406e+04	1.3116127670587131e+04	1.0223129766822660e+04	2.0203071266304269e+04	6.8487298404788307e+03	3.1118961219520959e+04	9.3157904204139613e+03	1.9405647766217997e+04	1.8014975637703130e+04	2.8588173978015817e+04	8.3765304556213250e+03	8.2718511788305022e+03
3.2266790548658500e+03	1.7266080688670027e+04	1.6066732160003012e+04	4.2167369717070396e+04	4.2501429322108297e+03	2.9336958978103212e+04	1.6643856806677057e+04	2.1509987484214711e+04	1.0668953710514887e+04	3.7190793268425709e+03	1.0015367522362308e+05	3.3036632919810123e+04	6.7924535736951875e+03	2.4116366252587406e+04	1.3116127670587131e+04	1.0223129766822660e+04	2.0203071266304269e+04	6.8487298404788307e+03	3.1118961219520959e+04	9.3157904204139613e+03	1.9405647766217997e+04	1.8014975637703130e+04	2.8141455285581404e+04	8.3765304556213250e+03	8.2718511788305022e+03
3.2266790548658500e+03	1.7266080688670027e+04	1.6066732160003012e+04	4.2167369717070396e+04	4.2501429322108297e+03	2.9336958978103212e+04	1.6643856806677057e+04	2.1509987484214711e+04	1.0668953710514887e+04	3.7190793068432245e+03	1.0015367522362308e+05	3.3036632919810123e+04	6.7003562912144689e+03	2.4116366252587406e+04	1.3115923416196849e+04	1.0223129766822660e+04	2.0203071266304269e+04	6.8487298404788307e+03	3.1118961219520959e+04	9.3157904204139613e+03	1.9405647766217997e+04	1.7833760451664049e+04	2.8141455285581404e+04	8.3765304556213250e+03	8.2718511788305022e+03
3.2266790548658500e+03	1.7266080688670027e+04	1.5934029260415085e+04	4.2167369717070396e+04	4.2501429322108297e+03	2.9336958978103212e+04	1.6643856806677057e+04	2.1509987484214711e+04	1.0668953710514887e+04	3.7190793068432245e+03	9.8923860959623329e+04	3.3036632919810123e+04	6.7003562912144689e+03	2.3655684497893362e+04	1.3115923416196849e+04	1.0223129766822660e+04	2.0203071266304269e+04	6.8487298404788307e+03	2.9794435542636897e+04	9.2552397831071394e+03	1.9405647766217997e+04	1.7833760451664049e+04	2.8141455285581404e+04	8.3765304556213250e+03	8.2718511788305022e+03
3.2266790548658500e+03	1.7266080688670027e+04	1.5893540328974792e+04	4.2167369717070396e+04	4.2501429322108297e+03	2.9332495616002947e+04	1.6643856806677057e+04	2.1509987484214711e+04	1.0668953710514887e+04	3.7190793068432245e+03	9.8923860959623329e+04	3.3036632919810123e+04	6.7003562912144689e+03	2.3655684497893362e+04	1.3115923416196849e+04	1.0223129766822660e+04	2.0203071266304269e+04	6.8487298404788307e+03	2.9794435542636897e+04	9.2552397831071394e+03	1.9405647766217997e+04	1.7833760451664049e+04	2.8141455285581404e+04	7.9521309194318737e+03	8.2718511788305022e+03
3.2214559606830544e+03	1.7266080688670027e+04	1.5893540328974792e+04	4.2167369717070396e+04	4.2501429322108297e+03	2.9332495616002947e+04	1.6643856806677057e+04	2.1509987484214711e+04	1.0668953710514887e+04	3.7190793068432245e+03	9.8923860959623329e+04	3.3036632919810123e+04	6.7003562912144689e+03	2.3655684497893362e+04	1.3115923416196849e+04	1.0223129766822660e+04	2.0105346142945567e+04	6.8487298404788307e+03	2.9794435542636897e+04	8.4982540152193378e+03	1.9405647766217997e+04	1.7833760451664049e+04	2.8141455285581404e+04	7.9521309194318737e+03	8.2718511788305022e+03
3.2214559606830544e+03	1.7266080688670027e+04	1.5881705127139448e+04	4.2167369717070396e+04	4.2501429322108297e+03	2.9332495616002947e+04	1.6643856806677057e+04	2.1509987484214711e+04	1.0668953710514887e+04	3.6269282701109105e+03	9.8923860959623329e+04	3.3036632919810123e+04	6.7003562912144689e+03	2.3655684497893362e+04	1.3115923416196849e+04	1.0223129766822660e+04	2.0027790201665150e+04	6.8487298404788307e+03	2.9794435542636897e+04	8.4982404465727268e+03	1.9405647766217997e+04	1.7833760451664049e+04	2.8141455285581404e+04	7.9521309194318737e+03	8.2718511788305022e+03
3.2195431830728335e+03	1.7266080688670027e+04	1.5881705127139448e+04	4.1952974912872778e+04	4.2501429322108297e+03	2.9332495616002947e+04	1.6643856806677057e+04	2.1509987484214711e+04	1.0579396059347922e+04	3.6269282701109105e+03	9.8923860959623329e+04	3.3026589886818190e+04	6.5124420117289665e+03	2.3655684497893362e+04	1.3115057931395462e+04	1.0223129766822660e+04	2.0027790201665150e+04	6.8487298404788307e+03	2.9794435542636897e+04	8.4982404465727268e+03	1.9405647766217997e+04	1.7833760451664049e+04	2.7898738125106043e+04	7.9521309194318737e+03	8.2718511788305022e+03
3.2195431830728335e+03	1.7266080688670027e+04	1.5826400167383510e+04	4.1952974912872778e+04	4.2501429322108297e+03	2.9316687049784050e+04	1.6643856806677057e+04	2.1509987484214711e+04	1.0579396059347922e+04	3.6269282701109105e+03	9.8923860959623329e+04	3.3026589886818190e+04	6.2170720144503339e+03	2.3655684497893362e+04	1.3115057931395462e+04	1.0223129766822660e+04	2.0027790201665150e+04	6.8487298404788307e+03	2.9720211132092612e+04	8.4982404465727268e+03	1.9405647766217997e+04	1.7595205066869661e+04	2.7898738125106043e+04	7.9521309194318737e+03	8.2718511788305022e+03
3.2195431830728335e+03	1.7216403177172229e+04	1.5826400167383510e+04	4.1952974912872778e+04	4.2501429322108297e+03	2.9316687049784050e+04	1.6643856806677057e+04	2.1509987484214711e+04	1.0579396059347922e+04	3.6269282701109105e+03	9.8923860959623329e+04	3.3026589886818190e+04	6.1863045759310680e+03	2.3655684497893362e+04	1.3115057931395462e+04	1.0223129766822660e+04	2.0027790201665150e+04	6.7629289792168929e+03	2.5195625881025313e+04	8.4982404465727268e+03	1.9405647766217997e+04	1.7595205066869661e+04	2.7898738125106043e+04	7.9521309194318737e+03	8.2718511788305022e+03
3.2195431830728335e+03	1.7216403177172229e+04	1.5826400167383510e+04	4.1952974912872778e+04	4.2501429322108297e+03	2.9316687049784050e+04	1.6643856806677057e+04	2.1509987484214711e+04	1.0579396059347922e+04	3.6269282701109105e+03	9.8923860959623329e+04	3.3026589886818190e+04	6.1244776271043957e+03	2.3655684497893362e+04	1.3115057931395462e+04	1.0223129766822660e+04	2.0027790201665150e+04	6.7629289792168929e+03	2.5195625881025313e+04	8.4982404465727268e+03	1.9405647766217997e+04	1.7595205066869661e+04	2.7898738125106043e+04	7.9318307268100298e+03	8.2718511788305022e+03
3.2195431830728335e+03	1.7216403177172229e+04	1.5815887960272818e+04	4.1952974912872778e+04	4.2501429322108297e+03	2.9241016948967364e+04	1.6643856806677057e+04	2.1509987484214711e+04	1.0579396059347922e+04	3.6269282701109105e+03	9.8923860959623329e+04	3.3026589886818190e+04	6.1244776271043957e+03	2.3526805487657701e+04	1.3115057931395462e+04	1.0223129766822660e+04	2.0010935494932241e+04	6.7629289792168929e+03	2.5195625881025313e+04	8.4982404465727268e+03	1.9374430585109127e+04	1.7483767562715744e+04	2.7898738125106043e+04	7.7177073980577634e+03	8.0337604061360771e+03
3.2195431830728335e+03	1.7216403177172229e+04	1.5721743387517445e+04	4.1952974912872778e+04	4.2177642128494381e+03	2.9241016948967364e+04	1.6408499894725559e+04	2.1509987484214711e+04	1.0579396059347922e+04	3.6269282701109105e+03	9.8381359666150849e+04	3.3026589886818190e+04	6.1004743327301894e+03	2.3183943329460064e+04	1.3115057931395462e+04	1.0223129766822660e+04	1.9800157738627153e+04	6.7629289792168929e+03	2.5195625881025313e+04	8.4982404465727268e+03	1.9374430585109127e+04	1.7483767562715744e+04	2.7898738125106043e+04	7.6512432775419393e+03	8.0337604061360771e+03
3.2195431830728335e+03	1.7216403177172229e+04	1.5362136008101652e+04	4.1952974912872778e+04	4.2131797589967628e+03	2.9241016948967364e+04	1.6408499894725559e+04	2.1509987484214711e+04	1.0579396059347922e+04	3.6269282701109105e+03	9.8311951304281101e+04	3.3021989967156907e+04	6.0717311792018372e+03	2.3183943329460064e+04	1.3106013549488767e+04	1.0223129766822660e+04	1.9800157738627153e+04	6.7629289792168929e+03	2.5195625881025313e+04	8.4982404465727268e+03	1.9374430585109127e+04	1.7423688577557303e+04	2.7898738125106043e+04	7.6512432775419393e+03	8.0337604061360771e+03
3.2017556922561630e+03	1.7216403177172229e+04	1.5243965094006602e+04	4.1926100784448834e+04	4.2131797589967628e+03	2.9241016948967364e+04	1.6408499894725559e+04	2.0558827954400615e+04	1.0579396059347922e+04	3.6269282701109105e+03	9.8311951304281101e+04	3.3021989967156907e+04	6.0717311792018372e+03	2.3183943329460064e+04	1.3106013549488767e+04	1.0223129766822660e+04	1.9749734667515419e+04	6.7629289792168929e+03	2.5195625881025313e+04	8.4982404465727268e+03	1.9374430585109127e+04	1.7423688577557303e+04	2.7829494329837056e+04	7.6512432775419393e+03	8.0337604061360771e+03
3.2017556922561630e+03	1.7216403177172229e+04	1.5206291449692520e+04	4.1926100784448834e+04	4.2131797589967628e+03	2.9241016948967364e+04	1.6387917279339381e+04	2.0558827954400615e+04	1.0579396059347922e+04	3.6269282701109105e+03	9.7892885934312944e+04	3.3021989967156907e+04	6.0717311792018372e+03	2.3183943329460064e+04	1.3104416159945884e+04	1.0141118267276373e+04	1.9749734667515419e+04	6.7577575912733519e+03	2.5195625881025313e+04	8.4982404465727268e+03	1.8876622702004854e+04	1.7423688577557303e+04	2.7730545345275143e+04	7.6512432775419393e+03	8.0337604061360771e+03
3.2017556922561630e+03	1.7216403177172229e+04	1.5196102675947197e+04	4.1799667488233150e+04	4.2131797589967628e+03	2.9241016948967364e+04	1.6387917279339381e+04	2.0558827954400615e+04	1.0579396059347922e+04	3.6269282701109105e+03	9.7892885934312944e+04	3.3021989967156907e+04	6.0717311792018372e+03	2.3183943329460064e+04	1.3104416159945884e+04	1.0141118267276373e+04	1.9749734667515419e+04	6.7334911840152326e+03	2.5195625881025313e+04	8.4982404465727268e+03	1.8876622702004854e+04	1.7423688577557303e+04	2.7730545345275143e+04	7.6512432775419393e+03	7.8269402718535230e+03
3.1766052190168034e+03	1.7216403177172229e+04	1.5196102675947197e+04	4.1799667488233150e+04	4.2131797589967628e+03	2.9194257123405936e+04	1.6387917279339381e+04	2.0558827954400615e+04	1.0499211896065497e+04	3.6269282701109105e+03	9.7858261374482579e+04	3.2965156183176390e+04	6.0717311792018372e+03	2.3183943329460064e+04	1.3104414086540583e+04	1.0141118267276373e+04	1.9636499596267113e+04	6.7334911840152326e+03	2.5195625881025313e+04	8.4982404465727268e+03	1.8876622702004854e+04	1.7423688577557303e+04	2.7618897540236041e+04	7.6512432775419393e+03	7.8269402718535230e+03
3.1766052190168034e+03	1.7216403177172229e+04	1.5179137591865157e+04	4.1799667488233150e+04	4.2131797589967628e+03	2.9194257123405936e+04	1.6387917279339381e+04	2.0558827954400615e+04	1.0499211896065497e+04	3.6269282701109105e+03	9.7858257094183951e+04	3.2965156183176390e+04	6.0717311792018372e+03	2.3183943329460064e+04	1.3104414086540583e+04	1.0141118267276373e+04	1.9319259135736997e+04	6.7334911840152326e+03	2.5195625881025313e+04	8.4982404465727268e+03	1.8876622702004854e+04	1.7423688577557303e+04	2.7618897540236041e+04	7.6474921702467300e+03	7.8269402718535230e+03
3.1766052190168034e+03	1.7216403177172229e+04	1.5169066955880899e+04	4.1799667488233150e+04	4.2131797589967628e+03	2.9194257123405936e+04	1.6380345555201518e+04	2.0558827954400615e+04	1.0499211896065497e+04	3.6269282701109105e+03	9.7858257094183951e+04	3.2959260934699094e+04	6.0717311792018372e+03	2.3183943329460064e+04	1.3104414086540583e+04	1.0141118267276373e+04	1.9319259135736997e+04	6.7334911840152326e+03	2.5195625881025313e+04	8.4982404465727268e+03	1.8876622702004854e+04	1.7371171357300136e+04	2.7618897540236041e+04	7.6474921702467300e+03	7.8269402718535230e+03
3.1766052190168034e+03	1.7216403177172229e+04	1.5164976455843633e+04	4.1799667488233150e+04	4.2131797589967628e+03	2.9056093468973246e+04	1.6351182679145979e+04	2.0558827954400615e+04	1.0499211896065497e+04	3.6269282701109105e+03	9.7858257094183951e+04	3.2957742427214056e+04	6.0717311792018372e+03	2.3183943329460064e+04	1.3104414086540583e+04	1.0141118267276373e+04	1.9319259135736997e+04	6.7334911840152326e+03	2.5195625881025313e+04	8.4982404465727268e+03	1.8876622702004854e+04	1.7371171357300136e+04	2.7434917622519672e+04	7.6474921702467300e+03	7.8269402718535230e+03
3.1766052190168034e+03	1.7216403177172229e+04	1.5164477281098314e+04	4.1799667488233150e+04	4.2131797589967628e+03	2.8901369706984129e+04	1.6351182679145979e+04	2.0558827954400615e+04	1.0499211896065497e+04	3.6269282701109105e+03	9.7243174427354912e+04	3.2957742427214056e+04	6.0712314455124488e+03	2.3183943329460064e+04	1.3104414086540583e+04	1.0141118267276373e+04	1.9121420575886892e+04	6.7334911840152326e+03	2.5195625881025313e+04	8.4982404465727268e+03	1.8876622702004854e+04	1.7371171357300136e+04	2.7434917622519672e+04	7.6474921702467300e+03	7.8269402718535230e+03
3.1766052190168034e+03	1.7216403177172229e+04	1.4995700346642221e+04	4.1799667488233150e+04	4.1169086800739815e+03	2.8901369706984129e+04	1.6351182679145979e+04	2.0558827954400615e+04	1.0499211896065497e+04	3.6269282701109105e+03	9.7243174427354912e+04	3.2957742427214056e+04	6.0712314455124488e+03	2.3183943329460064e+04	1.3104414086540583e+04	9.7716944109473316e+03	1.9121420575886892e+04	6.7334911840152326e+03	2.5195625881025313e+04	8.4982404465727268e+03	1.8876622702004854e+04	1.7371171357300136e+04	2.7422672216326577e+04	7.6474921702467300e+03	7.8269402718535230e+03
3.1766052190168034e+03	1.7216403177172229e+04	1.4995700346642221e+04	4.1799667488233150e+04	4.1169086800739815e+03	2.8901369706984129e+04	1.6351182679145979e+04	2.0558827954400615e+04	1.0499211896065497e+04	3.6269282701109105e+03	9.7243174427354912e+04	3.2956591292595811e+04	6.0629675043458919e+03	2.2379206876071814e+04	1.3104414086540583e+04	9.7716944109473316e+03	1.9040349609505647e+04	6.7334911840152326e+03	2.4974456821706946e+04	8.4982404465727268e+03	1.8876622702004854e+04	1.7371171357300136e+04	2.7422672216326577e+04	7.6474921702467300e+03	7.8269402718535230e+03
3.1625799620141029e+03	1.7216403177172229e+04	1.4995700346642221e+04	4.1799667488233150e+04	4.1169086800739815e+03	2.8901369706984129e+04	1.6351182679145979e+04	2.0544926443793534e+04	1.0499211896065497e+04	3.6269282701109105e+03	9.5841340448421019e+04	3.2956591292595811e+04	6.0494964637732537e+03	2.2379206876071814e+04	1.3104414086540583e+04	9.7716944109473316e+03	1.9040349609505647e+04	6.7334911840152326e+03	2.4974456821706946e+04	8.4982404465727268e+03	1.8876622702004854e+04	1.7093393329316597e+04	2.7422672216326577e+04	7.6474921702467300e+03	7.8269402718535230e+03
3.1487759731338992e+03	1.7216403177172229e+04	1.4995076465717249e+04	4.1667972864784846e+04	4.1169086800739815e+03	2.8901369706984129e+04	1.6288500451035445e+04	2.0544926443793534e+04	1.0499211896065497e+04	3.6269282701109105e+03	9.5841340448421019e+04	3.2956591292595811e+04	6.0494964637732537e+03	2.2379206876071814e+04	1.3081168838517820e+04	9.7716944109473316e+03	1.9040349609505647e+04	6.7334911840152326e+03	2.4383652517194634e+04	8.4982404465727268e+03	1.8876622702004854e+04	1.6922247887087695e+04	2.7422672216326577e+04	7.6474921702467300e+03	7.8269402718535230e+03
3.1487759731338992e+03	1.7216403177172229e+04	1.4995076465717249e+04	4.1667972864784846e+04	4.1169086800739815e+03	2.8901369706984129e+04	1.5877870400563137e+04	2.0544926443793534e+04	1.0499211896065497e+04	3.6269282701109105e+03	9.5841340448421019e+04	3.2956591292595811e+04	6.0293294915205879e+03	2.2379206876071814e+04	1.3077458380073847e+04	9.7716944109473316e+03	1.9040349609505647e+04	6.7334911840152326e+03	2.3859132643923091e+04	8.4982404465727268e+03	1.8876622702004854e+04	1.6922247887087695e+04	2.7422672216326577e+04	7.6474921702467300e+03	7.8269402718535230e+03
3.1487759731338992e+03	1.7027172300135593e+04	1.4912460790109562e+04	4.1667972864784846e+04	4.1169086800739815e+03	2.8901369706984129e+04	1.5877870400563137e+04	2.0544926443793534e+04	1.0499211896065497e+04	3.6269282701109105e+03	9.5841340448421019e+04	3.2956591292595811e+04	6.0293294915205879e+03	2.2379206876071814e+04	1.3077458380073847e+04	9.7716944109473316e+03	1.9040349609505647e+04	6.7334911840152326e+03	2.3687811715774726e+04	8.4982404465727268e+03	1.8876622702004854e+04	1.6922247887087695e+04	2.7269286194784021e+04	7.6474921702467300e+03	7.7160544246239815e+03
3.1487759731338992e+03	1.7027172300135593e+04	1.4891102098579096e+04	4.1667972864784846e+04	4.1047001106907464e+03	2.8901369706984129e+04	1.5877870400563137e+04	2.0544926443793534e+04	1.0499211896065497e+04	3.6269282701109105e+03	9.5841340448421019e+04	3.2956591292595811e+04	6.0293294915205879e+03	2.2379206876071814e+04	1.3077458380073847e+04	9.7716944109473316e+03	1.9040349609505647e+04	6.7334911840152326e+03	2.2184715623643748e+04	8.4982375086265256e+03	1.8876622702004854e+04	1.6488921191313450e+04	2.7269286194784021e+04	7.6474921702467300e+03	7.7160544246239815e+03
3.1487759731338992e+03	1.7027172300135593e+04	1.4891102098579096e+04	4.1667972864784846e+04	4.1047001106907464e+03	2.8901369706984129e+04	1.5877870400563137e+04	2.0544926443793534e+04	1.0458584665353605e+04	3.6269282701109105e+03	9.5841340448421019e+04	3.2956591292595811e+04	6.0293294915205879e+03	2.2227291424739073e+04	1.3077458380073847e+04	9.7679501193286305e+03	1.9040349609505647e+04	6.7334911840152326e+03	2.2184715623643748e+04	8.4982375086265256e+03	1.8876622702004854e+04	1.6016686202618283e+04	2.7257272229990085e+04	7.6474921702467300e+03	7.7160544246239815e+03
3.1487759731338992e+03	1.7027172300135593e+04	1.4859483154780643e+04	4.1667552938583336e+04	4.1047001106907464e+03	2.8901369706984129e+04	1.5874586104802593e+04	2.0544926443793534e+04	1.0458584665353605e+04	3.6269282701109105e+03	9.5841340448421019e+04	3.2956591292595811e+04	6.0248800132506367e+03	2.1573134122639291e+04	1.3077458380073847e+04	9.7471129498233058e+03	1.9040349609505647e+04	6.7334911840152326e+03	2.2184715623643748e+04	8.4982375086265256e+03	1.8876622702004854e+04	1.6016686202618283e+04	2.6808632519895269e+04	7.6474921702467300e+03	7.7160544246239815e+03
3.1487759731338992e+03	1.7027172300135593e+04	1.4859483154780643e+04	4.1555530426017554e+04	4.1047001106907464e+03	2.8901369706984129e+04	1.5508774659200335e+04	2.0544926443793534e+04	1.0418763805330131e+04	3.6269282701109105e+03	9.5841340448421019e+04	3.2956591292595811e+04	6.0248800132506367e+03	2.1573134122639291e+04	1.3077458380073847e+04	9.7471129498233058e+03	1.8707752210019738e+04	6.7334911840152326e+03	2.2184715623643748e+04	8.4982375086265256e+03	1.8876622702004854e+04	1.6016686202618283e+04	2.6697475836004414e+04	7.6474921702467300e+03	7.7160544246239815e+03
3.1487759731338992e+03	1.7027172300135593e+04	1.4859483154780643e+04	4.1555530426017554e+04	4.1047001106907464e+03	2.8901369706984129e+04	1.5508774659200335e+04	2.0524217108041339e+04	1.0414116299657684e+04	3.6269282701109105e+03	9.5685382307539679e+04	3.2944520292014335e+04	5.9974195214689025e+03	2.1573134122639291e+04	1.3077458380073847e+04	9.7471129498233058e+03	1.8707752210019738e+04	6.6928508439109355e+03	2.2184715623643748e+04	8.4982375086265256e+03	1.8876622702004854e+04	1.6016686202618283e+04	2.6697475836004414e+04	7.6474921702467300e+03	7.7160544246239815e+03
3.1487759731338992e+03	1.7027172300135593e+04	1.4859483154780643e+04	4.1523751913315660e+04	4.1047001106907464e+03	2.8901369706984129e+04	1.5508774659200335e+04	2.0328367628393247e+04	1.0414116299657684e+04	3.6269282701109105e+03	9.5685382307539679e+04	3.2944520292014335e+04	5.9974195214689025e+03	2.1203382099057526e+04	1.3077458380073847e+04	9.7470274389462138e+03	1.8707752210019738e+04	6.6620391459731272e+03	2.2184715623643748e+04	8.4982375086265256e+03	1.8876622702004854e+04	1.6016686202618283e+04	2.6697475836004414e+04	7.6474921702467300e+03	7.6938897693366316e+03
3.1329935697989663e+03	1.5095558539744918e+04	1.4859483154780643e+04	4.1523751913315660e+04	4.1047001106907464e+03	2.8781743631446101e+04	1.5508774659200335e+04	2.0328367628393247e+04	1.0414116299657684e+04	3.6207649304631095e+03	9.5685382307539679e+04	3.2944520292014335e+04	5.9886029589355139e+03	2.1202688877971861e+04	1.3077458380073847e+04	9.4675605461891828e+03	1.8707752210019738e+04	6.4702203658170201e+03	2.2184715623643748e+04	8.4982375086265256e+03	1.8876622702004854e+04	1.6016686202618283e+04	2.6697475836004414e+04	7.6474921702467300e+03	7.6938897693366316e+03
3.1329935697989663e+03	1.5095558539744918e+04	1.4859483154780643e+04	4.1523751913315660e+04	4.1047001106907464e+03	2.8781743631446101e+04	1.5508774659200335e+04	2.0328367628393247e+04	1.0414116299657684e+04	3.6207649304631095e+03	9.5685382307539679e+04	3.2944520292014335e+04	5.9867437534256242e+03	2.1202688877971861e+04	1.3077458380073847e+04	9.4675605461891828e+03	1.8707752210019738e+04	6.4702203658170201e+03	2.2184715623643748e+04	8.4982375086265256e+03	1.8360839063529878e+04	1.6016686202618283e+04	2.6697475836004414e+04	7.6474921702467300e+03	7.6938897693366316e+03
3.1329935697989663e+03	1.5095558539744918e+04	1.4345714171447305e+04	4.1523751913315660e+04	4.0976615411713847e+03	2.8781743631446101e+04	1.4475676413109763e+04	2.0328367628393247e+04	1.0414116299657684e+04	3.5790050219943041e+03	9.5685382307539679e+04	3.2944520292014335e+04	5.9867437534256242e+03	2.1202688877971861e+04	1.3077458380073847e+04	9.4675605461891828e+03	1.8707752210019738e+04	6.4702203658170201e+03	2.2184715623643748e+04	8.3053761031085342e+03	1.8360839063529878e+04	1.6016686202618283e+04	2.6002390649081539e+04	7.6474921702467300e+03	7.6938897693366316e+03
3.1329935697989663e+03	1.5095558539744918e+04	1.4345714171447305e+04	4.1523751913315660e+04	4.0976615411713847e+03	2.8781743631446101e+04	1.4475676413109763e+04	2.0328367628393247e+04	1.0414116299657684e+04	3.5790050219943041e+03	9.5685382307539679e+04	3.2944520292014335e+04	5.9867437534256242e+03	2.1202688877971861e+04	1.3077458380073847e+04	9.3577548775293217e+03	1.8707752210019738e+04	6.4702203658170201e+03	2.2184715623643748e+04	8.3053761031085342e+03	1.8360839063529878e+04	1.6016686202618283e+04	2.6002390649081539e+04	7.6474921702467300e+03	7.6938897693366316e+03
3.1329935697989663e+03	1.5095558539744918e+04	1.4345714171447305e+04	4.1523751913315660e+04	4.0976615411713847e+03	2.8781743631446101e+04	1.4475676413109763e+04	2.0174486685230004e+04	1.0410101250848791e+04	3.5790050219943041e+03	9.5280248443834498e+04	3.2944520292014335e+04	5.9867437534256242e+03	2.0768012380077525e+04	1.3072816960418280e+04	9.3378510630526653e+03	1.8707752210019738e+04	6.4702203658170201e+03	2.1701079175914623e+04	7.8593586179324557e+03	1.8317780130291867e+04	1.6016686202618283e+04	2.6002390649081539e+04	7.6474921702467300e+03	7.5421415597887190e+03
3.1133837605217241e+03	1.5095558539744918e+04	1.4345714171447305e+04	4.1338829258230027e+04	4.0230456043151707e+03	2.8781743631446101e+04	1.4475676413109763e+04	2.0167418141096790e+04	1.0386406108371939e+04	3.5790050219943041e+03	9.5280248443834498e+04	3.2915235917055536e+04	5.9867437534256242e+03	2.0607418581105485e+04	1.3072816960418280e+04	9.3378510630526653e+03	1.8707752210019738e+04	6.4668878888684740e+03	2.1701079175914623e+04	7.8593586179324557e+03	1.8317780130291867e+04	1.6016686202618283e+04	2.5883536760244602e+04	7.6474921702467300e+03	7.4190637774662709e+03
3.1133837605217241e+03	1.5095558539744918e+04	1.4345714171447305e+04	4.1186483092515002e+04	4.0230456043151707e+03	2.8781743631446101e+04	1.4475676413109763e+04	2.0167418141096790e+04	1.0386406108371939e+04	3.5196518678849079e+03	9.5280248443834498e+04	3.2915235917055536e+04	5.9797120015015880e+03	2.0282362726682310e+04	1.3072816960418280e+04	9.3378510630526653e+03	1.8707752210019738e+04	6.4668878888684740e+03	2.1701079175914623e+04	7.8593586179324557e+03	1.8317780130291867e+04	1.5976550130071704e+04	2.5883536760244602e+04	7.6474921702467300e+03	7.4190637774662709e+03
3.1133837605217241e+03	1.5095558539744918e+04	1.4310265548296382e+04	4.1186483092515002e+04	4.0230456043151707e+03	2.8781743631446101e+04	1.4475676413109763e+04	2.0167418141096790e+04	1.0386406108371939e+04	3.4917006502927006e+03	9.5280248443834498e+04	3.2915235917055536e+04	5.8511372824534137e+03	1.9977077363399403e+04	1.3072816960418280e+04	9.3378510630526653e+03	1.8707752210019738e+04	6.4668878888684740e+03	2.1361693328861005e+04	7.8593586179324557e+03	1.8317780130291867e+04	1.5976550130071704e+04	2.5632718123934170e+04	7.6474921702467300e+03	7.4190637774662709e+03
3.1133837605217241e+03	1.5095558539744918e+04	1.4310265548296382e+04	4.1186483092515002e+04	4.0230456043151707e+03	2.8781743631446101e+04	1.4475676413109763e+04	2.0167418141096790e+04	1.0354267488500340e+04	3.4917006502927006e+03	9.5280248443834498e+04	3.2900140315924917e+04	5.8511372824534137e+03	1.9977077363399403e+04	1.3072814555812336e+04	9.3378510630526653e+03	1.8707752210019738e+04	6.4668878888684740e+03	2.1361693328861005e+04	7.8593586179324557e+03	1.8317780130291867e+04	1.5976550130071704e+04	2.5632718123934170e+04	7.6154167841059807e+03	7.4190637774662709e+03
3.1071412998660217e+03	1.5095558539744918e+04	1.4310265548296382e+04	4.1186483092515002e+04	4.0230456043151707e+03	2.8781743631446101e+04	1.4475676413109763e+04	2.0167418141096790e+04	1.0347449201052619e+04	3.4822356513798713e+03	9.5270380084517776e+04	3.2900140315924917e+04	5.6017397949232054e+03	1.9541950554873627e+04	1.3072814555812336e+04	9.3378510630526653e+03	1.8521381793496759e+04	6.4600739081706306e+03	2.1361693328861005e+04	7.8593586179324557e+03	1.8317780130291867e+04	1.5645539516967423e+04	2.5247906294924644e+04	7.6154167841059807e+03	7.4190637774662709e+03
3.1071412998660217e+03	1.5095558539744918e+04	1.4300130898742193e+04	4.1186483092515002e+04	4.0230456043151707e+03	2.8772580647615403e+04	1.4475676413109763e+04	2.0167418141096790e+04	1.0347449201052619e+04	3.4822356513798713e+03	9.4896225124606019e+04	3.2900140315924917e+04	5.6017397949232054e+03	1.8654979956007708e+04	1.3072814555812336e+04	9.3378510630526653e+03	1.8521381793496759e+04	6.4600739081706306e+03	2.1361693328861005e+04	7.8593586179324557e+03	1.8317780130291867e+04	1.5645539516967423e+04	2.5192034952300302e+04	7.6154167841059807e+03	7.4190637774662709e+03
3.0934881360025693e+03	1.5095558539744918e+04	1.4300130898742193e+04	4.1186483092515002e+04	3.9975661366422964e+03	2.8705888432246589e+04	1.4450438589919744e+04	2.0167418141096790e+04	1.0347449201052619e+04	3.4822356513798713e+03	9.4896225124606019e+04	3.2899773126021217e+04	5.6017397949232054e+03	1.8654979956007708e+04	1.3005151851321742e+04	9.3378510630526653e+03	1.8521381793496759e+04	6.4600739081706306e+03	2.1361693328861005e+04	7.8593586179324557e+03	1.8098019635117318e+04	1.5645539516967423e+04	2.5129735246614862e+04	7.6154167841059807e+03	7.4190637774662709e+03
3.0934881360025693e+03	1.5095558539744918e+04	1.4296895651344026e+04	4.1186483092515002e+04	3.9975661366422964e+03	2.8705888432246589e+04	1.4044458211028650e+04	2.0167418141096790e+04	1.0331196622558611e+04	3.4822356513798713e+03	9.4680544288728939e+04	3.2831693553049008e+04	5.5880001410045088e+03	1.8654979956007708e+04	1.3005151851321742e+04	9.3378510630526653e+03	1.8521381793496759e+04	6.4600739081706306e+03	2.1361693328861005e+04	7.8593586179324557e+03	1.8098019635117318e+04	1.5645539516967423e+04	2.4954820263131980e+04	7.6154167841059807e+03	7.4190637774662709e+03
3.0934881360025693e+03	1.5095558539744918e+04	1.4296872798205401e+04	4.1186483092515002e+04	3.9657497345736001e+03	2.8705888432246589e+04	1.4044458211028650e+04	2.0076795424516629e+04	1.0331196622558611e+04	3.4822356513798713e+03	9.4680544288728939e+04	3.2831693553049008e+04	5.5880001410045088e+03	1.8654979956007708e+04	1.3005151851321742e+04	9.3378510630526653e+03	1.8521375621432722e+04	6.4600739081706306e+03	2.1361693328861005e+04	7.8593586179324557e+03	1.8098019635117318e+04	1.5645539516967423e+04	2.4954820263131980e+04	7.6154167841059807e+03	7.4190637774662709e+03
3.0934881360025693e+03	1.5095558539744918e+04	1.4296872064652174e+04	4.1186483092515002e+04	3.9657497345736001e+03	2.8705888432246589e+04	1.3107044258582266e+04	2.0076795424516629e+04	1.0314323220653187e+04	3.4462170989747337e+03	9.4680544288728939e+04	3.2831693553049008e+04	5.4137698423653637e+03	1.8654979956007708e+04	1.3005151851321742e+04	9.3378510630526653e+03	1.8521375621432722e+04	6.4600739081706306e+03	2.1361693328861005e+04	7.8593586179324557e+03	1.8098019635117318e+04	1.5620004167625561e+04	2.4713185077851322e+04	7.3532606558731159e+03	7.4190637774662709e+03
3.0934881360025693e+03	1.5095558539744918e+04	1.4296872064652174e+04	4.0887428532186153e+04	3.8956217951208673e+03	2.8677669647451577e+04	1.3107044258582266e+04	2.0076795424516629e+04	1.0314323220653187e+04	3.3727927000777568e+03	9.4680544288728939e+04	3.2831693553049008e+04	5.4137698423653637e+03	1.8343590736572638e+04	1.3005151851321742e+04	9.3378510630526653e+03	1.8521375621432722e+04	6.4600739081706306e+03	2.1361693328861005e+04	7.8593586179324557e+03	1.8098019635117318e+04	1.5620004167625561e+04	2.4713185077851322e+04	7.3532606558731159e+03	7.4115981860415950e+03
3.0934881360025693e+03	1.5095558539744918e+04	1.4296872064652174e+04	4.0887428532186153e+04	3.8956217951208673e+03	2.8673454018364151e+04	1.2876527519884916e+04	2.0050435954939087e+04	1.0314323220653187e+04	3.3727927000777568e+03	9.4680544288728939e+04	3.2831693553049008e+04	5.3655295807825150e+03	1.7178819303448217e+04	1.3005151851321742e+04	9.3190429539741817e+03	1.8510273696061111e+04	6.4600739081706306e+03	2.0536989161264373e+04	7.8593586179324557e+03	1.8098019635117318e+04	1.5620004167625561e+04	2.4713185077851322e+04	7.3532606558731159e+03	7.4108646097389001e+03
3.0934881360025693e+03	1.5095558539744918e+04	1.4279402707474568e+04	4.0887428532186153e+04	3.8956217951208673e+03	2.8604950035707727e+04	1.2876527519884916e+04	2.0050435954939087e+04	1.0293133117207302e+04	3.3727927000777568e+03	9.4680544288728939e+04	3.2831693553049008e+04	5.3655295807825150e+03	1.7178819303448217e+04	1.3005151851321742e+04	9.2286650839147096e+03	1.8409193482235361e+04	6.4577813781659388e+03	2.0536989161264373e+04	7.8593586179324557e+03	1.8098019635117318e+04	1.5620004167625561e+04	2.4713185077851322e+04	7.3532606558731159e+03	7.4108646097389001e+03
3.0934881360025693e+03	1.5095558539744918e+04	1.4265250105416610e+04	4.0887428532186153e+04	3.8830671788721070e+03	2.8604950035707727e+04	1.2876527519884916e+04	2.0045992328681932e+04	1.0293133117207302e+04	3.3727927000777568e+03	9.4680544288728939e+04	3.2831693553049008e+04	5.3298974667044013e+03	1.7178819303448217e+04	1.3005151851321742e+04	9.2286650839147096e+03	1.8409193482235361e+04	6.4577813781659388e+03	2.0536989161264373e+04	7.8425392225807564e+03	1.8079987822044830e+04	1.5620004167625561e+04	2.4713185077851322e+04	7.3532606558731159e+03	7.4108646097389001e+03
3.0934881360025693e+03	1.5095558539744918e+04	1.4265250105416610e+04	4.0887428532186153e+04	3.8586561144685620e+03	2.8371747178103506e+04	1.2876527519884916e+04	2.0045992328681932e+04	1.0293133117207302e+04	3.3727927000777568e+03	9.4192655063859842e+04	3.2831693553049008e+04	5.1817466708130969e+03	1.7178819303448217e+04	1.3005151851321742e+04	8.9588344289959732e+03	1.8409193482235361e+04	6.4319534342457719e+03	2.0536989161264373e+04	7.8425392225807564e+03	1.8079987822044830e+04	1.5533638508713337e+04	2.4713185077851322e+04	7.3532606558731159e+03	7.4108646097389001e+03
3.0934881360025693e+03	1.5095558539744918e+04	1.3894953852607296e+04	4.0867773467034487e+04	3.8586561144685620e+03	2.8371747178103506e+04	1.2876527519884916e+04	2.0045992328681932e+04	1.0293133117207302e+04	3.3727927000777568e+03	9.2707567097538296e+04	3.2831693553049008e+04	4.9016683030442846e+03	1.7178819303448217e+04	1.2967048832340613e+04	8.8118973584700798e+03	1.8405031254743193e+04	6.4319534342457719e+03	2.0536989161264373e+04	7.8425392225807564e+03	1.8079987822044830e+04	1.5533638508713337e+04	2.4624557774379169e+04	7.3532606558731159e+03	7.4108646097389001e+03
3.0934881360025693e+03	1.5095558539744918e+04	1.3678758526775775e+04	4.0867773467034487e+04	3.8520673234470960e+03	2.8171798315658736e+04	1.2783856843722937e+04	2.0045992328681932e+04	1.0293133117207302e+04	3.3675946886277638e+03	9.2707567097538296e+04	3.2831693553049008e+04	4.8793130096949708e+03	1.7178819303448217e+04	1.2967048832340613e+04	8.8118973584700798e+03	1.8405031254743193e+04	6.4319534342457719e+03	2.0536989161264373e+04	7.5988681097597164e+03	1.8079987822044830e+04	1.5383625408872285e+04	2.4624557774379169e+04	7.3279313327200198e+03	7.4108646097389001e+03
3.0934881360025693e+03	1.5058118342425378e+04	1.3678758526775775e+04	4.0770807501294483e+04	3.8520673234470960e+03	2.8171798315658736e+04	1.2783856843722937e+04	2.0045992328681932e+04	1.0293133117207302e+04	3.3232465050426731e+03	9.2419886130811297e+04	3.2831693553049008e+04	4.8793130096949708e+03	1.7178819303448217e+04	1.2967048832340613e+04	8.8118973584700798e+03	1.8396451383951575e+04	6.4319534342457719e+03	2.0536989161264373e+04	7.5961140651589076e+03	1.8079987822044830e+04	1.5382020058046241e+04	2.4624557774379169e+04	7.3279313327200198e+03	7.4108646097389001e+03
3.0934881360025693e+03	1.5058118342425378e+04	1.3678758526775775e+04	4.0770807501294483e+04	3.8520673234470960e+03	2.8014038128162741e+04	1.2438728554273879e+04	2.0045992328681932e+04	1.0293133117207302e+04	3.3232465050426731e+03	9.2030915013997888e+04	3.2831693553049008e+04	4.8793130096949708e+03	1.6463439685891815e+04	1.2962021894777450e+04	8.7471737669342547e+03	1.8396451383951575e+04	6.4014979260268774e+03	2.0536989161264373e+04	7.5961140651589076e+03	1.7840525284082971e+04	1.4836683742196832e+04	2.4624557774379169e+04	7.3279313327200198e+03	7.0665577210409156e+03
3.0934881360025693e+03	1.5058118342425378e+04	1.3678758526775775e+04	4.0750145163401481e+04	3.8520673234470960e+03	2.8014038128162741e+04	1.2438728554273879e+04	2.0045992328681932e+04	1.0293133117207302e+04	3.3232465050426731e+03	9.1940849822829434e+04	3.2831693553049008e+04	4.8793130096949708e+03	1.6463439685891815e+04	1.2892542055404352e+04	8.7471737669342547e+03	1.8396339026728532e+04	6.4014979260268774e+03	2.0536989161264373e+04	7.5961140651589076e+03	1.7838339423830774e+04	1.4836683742196832e+04	2.4624557774379169e+04	7.3279313327200198e+03	7.0665577210409156e+03
3.0934881360025693e+03	1.5058118342425378e+04	1.3678758526775775e+04	4.0750145163401481e+04	3.8520673234470960e+03	2.8014038128162741e+04	1.2438728554273879e+04	2.0035130508552247e+04	1.0238121324391037e+04	3.3232465050426731e+03	9.0853502632507516e+04	3.2831693553049008e+04	4.8498432620007079e+03	1.6463439685891815e+04	1.2892542055404352e+04	8.7471737669342547e+03	1.8396339026728532e+04	6.4014979260268774e+03	2.0536989161264373e+04	7.5949628183148270e+03	1.7838339423830774e+04	1.4706383712994200e+04	2.4624557774379169e+04	7.3279313327200198e+03	6.8947776905259561e+03
3.0934881360025693e+03	1.5058118342425378e+04	1.3471436988246845e+04	4.0643106175851543e+04	3.6120082956055603e+03	2.8014038128162741e+04	1.2438728554273879e+04	2.0035130508552247e+04	1.0238121324391037e+04	3.3232465050426731e+03	9.0223901222650049e+04	3.2831693553049008e+04	4.6969224550198760e+03	1.5789730117757630e+04	1.2892542055404352e+04	8.6212317999151965e+03	1.8102011768777516e+04	6.4014979260268774e+03	2.0536989161264373e+04	7.5822795280624905e+03	1.7605747934315623e+04	1.4706383712994200e+04	2.4624557774379169e+04	7.2251580974375393e+03	6.8947776905259561e+03
3.0934881360025693e+03	1.5058118342425378e+04	1.3471436988246845e+04	4.0619878753435049e+04	3.6120082956055603e+03	2.8014038128162741e+04	1.2436077424881787e+04	2.0035130508552247e+04	1.0238121324391037e+04	3.3232465050426731e+03	8.9132844458729553e+04	3.2787193976103714e+04	4.6969224550198760e+03	1.5786965781850631e+04	1.2888895588497637e+04	8.6212317999151965e+03	1.8086627361903855e+04	6.4014979260268774e+03	2.0536989161264373e+04	7.5822795280624905e+03	1.7605747934315623e+04	1.4694090127257910e+04	2.4624557774379169e+04	7.2251580974375393e+03	6.8947776905259561e+03
3.0644170062348167e+03	1.4530068766418313e+04	1.3471436988246824e+04	4.0619878753435049e+04	3.6120082956055603e+03	2.8014038128162741e+04	1.2436077424881787e+04	2.0035130508552247e+04	1.0238121324391037e+04	3.3232465050426731e+03	8.8977072461626449e+04	3.2787193976103714e+04	4.6969224550198760e+03	1.5786965781850631e+04	1.2888895588497637e+04	8.6212317999151965e+03	1.8038522547663357e+04	6.4014979260268774e+03	2.0536989161264373e+04	7.5822795280624905e+03	1.7605747934315623e+04	1.4305132189950333e+04	2.4624557774379169e+04	7.2251580974375393e+03	6.8947776905259561e+03
3.0644170062348167e+03	1.4530068766418313e+04	1.3471436988246824e+04	4.0619878753435049e+04	3.6120082956055603e+03	2.8014038128162741e+04	1.2436077424881787e+04	1.9843462905710512e+04	1.0238121324391037e+04	3.3232465050426731e+03	8.8452516031307838e+04	3.2787193976103714e+04	4.4139284083584116e+03	1.5591743975090829e+04	1.2888895588497637e+04	8.6212317999151965e+03	1.8038522547663357e+04	6.4014979260268774e+03	2.0536989161264373e+04	7.5822795280624905e+03	1.7605747934315623e+04	1.4305132189950333e+04	2.4624557774379169e+04	7.2251580974375393e+03	6.8947776905259561e+03
3.0644170062348167e+03	1.4503172554489456e+04	1.3471436988246824e+04	4.0614124090985613e+04	3.6120082956055603e+03	2.8014038128162741e+04	1.2436077424881787e+04	1.9843462905710512e+04	1.0238121324391037e+04	3.2841139879224156e+03	8.8144815988518181e+04	3.2787193976103714e+04	4.3887611093325850e+03	1.5591743975090829e+04	1.2888895588497637e+04	8.6212317999151965e+03	1.8038522547663357e+04	6.4014979260268774e+03	2.0536989161264373e+04	7.5822795280624905e+03	1.7605747934315623e+04	1.4291209622643168e+04	2.4624557774379169e+04	7.2137569387281446e+03	6.8947776905259561e+03
3.0644170062348167e+03	1.4407310038403732e+04	1.3471422338266000e+04	4.0614124090985613e+04	3.5895486341815003e+03	2.7959691606084052e+04	1.2426306885002643e+04	1.9843462905710512e+04	1.0238121324391037e+04	3.2841139879224156e+03	8.8144815988518181e+04	3.2771229759926515e+04	4.3887611093325850e+03	1.5591743975090829e+04	1.2865765883318112e+04	8.6212317999151965e+03	1.7947103575985126e+04	6.4014979260268774e+03	2.0536989161264373e+04	7.5822795280624905e+03	1.7605747934315623e+04	1.4103525267736570e+04	2.4624557774379169e+04	7.2137569387281446e+03	6.8947776905259561e+03
3.0644170062348167e+03	1.4407310038403732e+04	1.3471422338266000e+04	4.0614124090985613e+04	3.5895486341815003e+03	2.7959691606084052e+04	1.2426306885002643e+04	1.9843462905710512e+04	1.0238121324391037e+04	3.2672725789832766e+03	8.7622980487668552e+04	3.2771229759926515e+04	4.3887611093325850e+03	1.5591743975090829e+04	1.2849625794481753e+04	8.2769865590247209e+03	1.7686102633731964e+04	6.4014979260268774e+03	2.0227001138720370e+04	7.5822795280624905e+03	1.7193995710660733e+04	1.4103525267736570e+04	2.4546517750959811e+04	7.2137569387281446e+03	6.8947776905259561e+03
3.0644170062348167e+03	1.4407310038403732e+04	1.3471422338266000e+04	4.0614124090985613e+04	3.5895486341815003e+03	2.7959691606084052e+04	1.2425587410175853e+04	1.9843462905710512e+04	1.0215381595119226e+04	3.2672725789832766e+03	8.7622980487668552e+04	3.2738923361212375e+04	4.3693852458153797e+03	1.5591743975090829e+04	1.2826075167877008e+04	8.1960287839806278e+03	1.7685544678766695e+04	6.4014979260268774e+03	2.0219883336818657e+04	7.5822795280624905e+03	1.7193995710660733e+04	1.4103525267736570e+04	2.4546517750959811e+04	7.2137569387281446e+03	6.8109913838644297e+03
3.0644170062348167e+03	1.4407310038403732e+04	1.3471422338266000e+04	4.0614124090985613e+04	3.5895486341815003e+03	2.7959691606084052e+04	1.2425587410175853e+04	1.9737897986135704e+04	1.0211291544706130e+04	3.2672725789832766e+03	8.7268304457709353e+04	3.2738923361212375e+04	4.3693852458153797e+03	1.5480278340871329e+04	1.2822650467110105e+04	8.1960287839806278e+03	1.6846911439845175e+04	6.4014979260268774e+03	2.0200037497122779e+04	7.5822795280624905e+03	1.7193995710660733e+04	1.4103525267736570e+04	2.4546517750959811e+04	7.2137569387281446e+03	6.8109913838644297e+03
3.0644170062348167e+03	1.4407310038403732e+04	1.3331586095587954e+04	4.0614124090985613e+04	3.5895486341815003e+03	2.7959691606084052e+04	1.2425587410175853e+04	1.9737897986135704e+04	1.0211291544706130e+04	3.2672725789832766e+03	8.6608088114868748e+04	3.2738923361212375e+04	4.3693852458153797e+03	1.5480278340871329e+04	1.2821886787799984e+04	8.1960287839806278e+03	1.6846553542579528e+04	6.3392769611944541e+03	2.0096925733868058e+04	7.5822795280624905e+03	1.7191058537933393e+04	1.4103525267736570e+04	2.4546517750959811e+04	7.2023595781671729e+03	6.8109913838644297e+03
3.0644170062348167e+03	1.4407310038403732e+04	1.3331586095587954e+04	4.0614124090985613e+04	3.5895486341815003e+03	2.7534318456025081e+04	1.2425587410175853e+04	1.9695088263924492e+04	1.0211291544706130e+04	3.2650989320824542e+03	8.6608088114868748e+04	3.2738923361212375e+04	4.3693852458153797e+03	1.5480278340871329e+04	1.2809635162055725e+04	8.1960287839806278e+03	1.6846553542579528e+04	6.3392769611944541e+03	2.0096925733868022e+04	7.5822795280624905e+03	1.7191058537933393e+04	1.4103525267736570e+04	2.4546517750959811e+04	7.1625779638046961e+03	6.8109913838644297e+03
3.0644170062348167e+03	1.4376713519324014e+04	1.3331586095587954e+04	4.0402908889782535e+04	3.5895486341815003e+03	2.7534318456025081e+04	1.2117743957184990e+04	1.9695088263924492e+04	1.0193239797839275e+04	3.2489775810029973e+03	8.5959476891312268e+04	3.2706741854746884e+04	4.3476354359374091e+03	1.5341810997944527e+04	1.2808343034004571e+04	8.1960287839806278e+03	1.6846553542579528e+04	6.3392769611944541e+03	1.9562800641824615e+04	7.5661864407351768e+03	1.7191058537933393e+04	1.4103525267736570e+04	2.4459208734711792e+04	7.1625779638046961e+03	6.7198220609119071e+03
3.0644170062348167e+03	1.4376713519324014e+04	1.3216047337617867e+04	4.0402908889782535e+04	3.5895486341815003e+03	2.7534318456025081e+04	1.2117743957184990e+04	1.9695088263924492e+04	1.0190236464420756e+04	3.2489775810029973e+03	8.5027245596731344e+04	3.2706741854746884e+04	4.3391936160696705e+03	1.5341810997944527e+04	1.2808343034004571e+04	8.1960287839806278e+03	1.6727102314264863e+04	6.3371943140863004e+03	1.9562800641824615e+04	7.5661864407351768e+03	1.7191044952143446e+04	1.4103355798541856e+04	2.4459208734711792e+04	7.1625779638046961e+03	6.7198220609119071e+03
3.0405993885875796e+03	1.4376713519324014e+04	1.3216047337617867e+04	4.0295864119979226e+04	3.5355678987875040e+03	2.7349776059825224e+04	1.2117743957184990e+04	1.9695088263924492e+04	1.0142648626186992e+04	3.2422835867887266e+03	8.3663147819899765e+04	3.2706741854746884e+04	4.3080136622159835e+03	1.5341810997944527e+04	1.2804830498007826e+04	8.1960287839806278e+03	1.6727102314264863e+04	6.3371943140863004e+03	1.9562800641824615e+04	7.5661864407351768e+03	1.6920153926956336e+04	1.4103355798541856e+04	2.4431730197749286e+04	7.1625779638046961e+03	6.7198220609119071e+03
2.9835402016031180e+03	1.4376713519324014e+04	1.3216047337617867e+04	4.0295864119979226e+04	3.5355678987875040e+03	2.7349776059825224e+04	1.2117743957184990e+04	1.9695088263924492e+04	1.0137575202355532e+04	3.2422083475652730e+03	8.3379414203683671e+04	3.2706741854746884e+04	4.3080136622159835e+03	1.5341810997944527e+04	1.2801750996098534e+04	8.1960287839806278e+03	1.6727102314264863e+04	6.3371943140863004e+03	1.9018253817444696e+04	7.5661864407351768e+03	1.6859267939296813e+04	1.4099906255000087e+04	2.4431730197749286e+04	7.1625779638046961e+03	6.7061177580099156e+03
2.9835402016031180e+03	1.4376713519324014e+04	1.2971559515388824e+04	4.0295864119979226e+04	3.5355678987875040e+03	2.7347017845917613e+04	1.2117743957184990e+04	1.9681561382101812e+04	1.0137575202355532e+04	3.1785536695831033e+03	8.3058127318919171e+04	3.2706741854746884e+04	4.2371918201850385e+03	1.5341810997944527e+04	1.2801750996098534e+04	8.1960287839806278e+03	1.6493377674735100e+04	6.3371943140863004e+03	1.9018253817444696e+04	7.5661864407351768e+03	1.6859267939296813e+04	1.3938657770414575e+04	2.4431730197749286e+04	7.1625779638046961e+03	6.7061177580099156e+03
2.9835402016031180e+03	1.4376713519324014e+04	1.2971559515388824e+04	4.0295864119979226e+04	3.5355678987875040e+03	2.7213725023469568e+04	1.2117743957184990e+04	1.9681561382101812e+04	1.0137575202355532e+04	3.1785536695831033e+03	8.2733751090422724e+04	3.2706741854746884e+04	4.2371918201850385e+03	1.5071451173994559e+04	1.2801750996098534e+04	8.1960287839806278e+03	1.6493377674735100e+04	6.3371943140863004e+03	1.9018253817444696e+04	7.5661864407351768e+03	1.6782142300473035e+04	1.3923819953294143e+04	2.4431730197749286e+04	7.1625779638046961e+03	6.7001565354128024e+03
2.9835402016031180e+03	1.4376713519324014e+04	1.2971559515388824e+04	4.0295864119979226e+04	3.5355678987875040e+03	2.7213725023469568e+04	1.2117743957184990e+04	1.9681561382101812e+04	1.0137575202355532e+04	3.1785536695831033e+03	8.2733751090422724e+04	3.2706741854746884e+04	4.2371918201850385e+03	1.5071451173994559e+04	1.2801750996098534e+04	8.1960287839806278e+03	1.6493377674735100e+04	6.3371943140863004e+03	1.9018253817444689e+04	7.5661864407351768e+03	1.6353065910875754e+04	1.3641155209605846e+04	2.4383523211323278e+04	7.1625779638046961e+03	6.7001565354128024e+03
2.9835402016031180e+03	1.4376713519324014e+04	1.2971559515388824e+04	4.0295864119979226e+04	3.5355678987875040e+03	2.7213725023469568e+04	1.1563833567420055e+04	1.9681314108123446e+04	1.0137575202355532e+04	3.1785536695831033e+03	8.2541910581901640e+04	3.2706741854746884e+04	3.7602263647703808e+03	1.5071451173994559e+04	1.2785376539316258e+04	8.1960287839806278e+03	1.6493377674735100e+04	6.3371943140863004e+03	1.9012938205145023e+04	7.5661864407351768e+03	1.6353065910875754e+04	1.3641155209605846e+04	2.4383523211323278e+04	7.1625779638046961e+03	6.5687469808929745e+03
2.9830959752963886e+03	1.4376713519324014e+04	1.2971559515388824e+04	4.0295864119979226e+04	3.5355678987875040e+03	2.7213725023469568e+04	1.1563833567420055e+04	1.9681314108123446e+04	1.0053152168079923e+04	3.1785536695831033e+03	8.1454742004133586e+04	3.2706741854746884e+04	3.7537111231114404e+03	1.5071451173994559e+04	1.2775026198831800e+04	8.1960287839806278e+03	1.6493377674735100e+04	6.3213715382506825e+03	1.9012938205145023e+04	7.5661864407351768e+03	1.6353065910875754e+04	1.3641155209605846e+04	2.4377816716122798e+04	7.1625779638046961e+03	6.5687469808929745e+03
2.9830959752963886e+03	1.4376713519324014e+04	1.2971559515388824e+04	4.0254422282412364e+04	3.5355678987875040e+03	2.7213725023469568e+04	1.1511297982398839e+04	1.9681314108123446e+04	1.0053152168079923e+04	3.1785536695831033e+03	8.1202749258095879e+04	3.2706741854746884e+04	3.7537111231114404e+03	1.5071451173994559e+04	1.2769082327878514e+04	8.1960287839806278e+03	1.6236400180564115e+04	6.3208749365068561e+03	1.9012938205145023e+04	7.5661864407351768e+03	1.6353065910875754e+04	1.3641155209605846e+04	2.4377816716122798e+04	7.1625779638046961e+03	6.5687469808929745e+03
2.9528173068546198e+03	1.4376713519324014e+04	1.2971559515388824e+04	4.0254422282412364e+04	3.5355678987875040e+03	2.7213725023469568e+04	1.0638090143557174e+04	1.9681314108123446e+04	1.0053152168079923e+04	3.1785536695831033e+03	8.1202749258095879e+04	3.2706741854746884e+04	3.7537111231114404e+03	1.5050905213425403e+04	1.2769082327878514e+04	8.1960287839806278e+03	1.6236400180564115e+04	6.3208749365068561e+03	1.9012938205145023e+04	7.5149998034777000e+03	1.6353065910875754e+04	1.3641155209605846e+04	2.4377816716122798e+04	7.1625779638046961e+03	6.5687469808929745e+03
2.9528173068546198e+03	1.4376713519324014e+04	1.2971559515388824e+04	4.0254422282412364e+04	3.5355678987875040e+03	2.7213725023469568e+04	1.0638090143557174e+04	1.9681314108123446e+04	1.0053152168079923e+04	3.1785536695831033e+03	8.1202749258095879e+04	3.2692687244783530e+04	3.7537111231114404e+03	1.5050905213425403e+04	1.2768060173829286e+04	8.1960287839806278e+03	1.6236400180564115e+04	6.2875218356320920e+03	1.8763554276493505e+04	7.5149998034777000e+03	1.6158099313251212e+04	1.3641155209605846e+04	2.4271045439186921e+04	7.1267050634778461e+03	6.5687469808929745e+03
2.9528173068546198e+03	1.4376713519324014e+04	1.2971559515388824e+04	4.0251782820077700e+04	3.5355678987875040e+03	2.7213725023469568e+04	1.0638090143557174e+04	1.9681314108123446e+04	9.9519461235094386e+03	3.1257603441161214e+03	8.1146655384987753e+04	3.2692687244783530e+04	3.7537111231114404e+03	1.5050905213425403e+04	1.2753300581784395e+04	8.1960287839806278e+03	1.6234896133167558e+04	6.2875218356320920e+03	1.8675415854735125e+04	7.4982017695263503e+03	1.6158099313251212e+04	1.3641155209605846e+04	2.4271045439186921e+04	7.1267050634778461e+03	6.5687469808929745e+03
2.9528173068546198e+03	1.4376460310856557e+04	1.2971559515388823e+04	4.0251782820077700e+04	3.5355678987875040e+03	2.7213725023469568e+04	1.0638090143557174e+04	1.9673073108467554e+04	9.9519461235094386e+03	3.1257603441161214e+03	8.1003854358718454e+04	3.2692687244783530e+04	3.7537111231114404e+03	1.5050905213425403e+04	1.2751113904580645e+04	8.1960287839806278e+03	1.6234896133167558e+04	6.2875218356320920e+03	1.8675415854735125e+04	7.4982017695263503e+03	1.6158099313251212e+04	1.3641155209605846e+04	2.4271045439186921e+04	7.0936381937239785e+03	6.5687469808929745e+03
2.9528173068546198e+03	1.4376460310856557e+04	1.2971559515388823e+04	4.0251782820077700e+04	3.4805165790481287e+03	2.7213725023469568e+04	1.0306277951739803e+04	1.9673073108467554e+04	9.9519461235094386e+03	3.1257603441161214e+03	8.1003854358718454e+04	3.2692687244783530e+04	3.7066411634139486e+03	1.4879975935810100e+04	1.2746535676416685e+04	8.1960287839806278e+03	1.6234896133167558e+04	6.2875218356320920e+03	1.8675415854735125e+04	7.4982017695263503e+03	1.6158099313251212e+04	1.3641155209605846e+04	2.4213559732897018e+04	7.0936381937239785e+03	6.5687469808929745e+03
2.9528173068546198e+03	1.4376460310856557e+04	1.2971559515388823e+04	4.0251782820077700e+04	3.4805165790481287e+03	2.7213725023469568e+04	1.0306277951739803e+04	1.9551436150285474e+04	9.9519461235094386e+03	3.1257603441161214e+03	8.0963636276517267e+04	3.2692687244783530e+04	3.6034300245095033e+03	1.4879570630835464e+04	1.2746535676416685e+04	8.1960287839806278e+03	1.6234896133167558e+04	6.2654007594019968e+03	1.8170934309114524e+04	7.4982017695263503e+03	1.6125074320742338e+04	1.3641155209605846e+04	2.4213559732897018e+04	7.0936381937239785e+03	6.5687469808929745e+03
2.9439484150192056e+03	1.4376460310856557e+04	1.2971559515388823e+04	4.0251782820077700e+04	3.4805165790481287e+03	2.7213725023469568e+04	1.0306277951739803e+04	1.9545592691152127e+04	9.9007954234245808e+03	3.1257603441161214e+03	8.0615341686641361e+04	3.2692687244783530e+04	3.6034300245095033e+03	1.4879570630835464e+04	1.2728207878392628e+04	8.1960287839806278e+03	1.4821415653787975e+04	6.2654007594019968e+03	1.8170934309114524e+04	7.4982017695263503e+03	1.6125074320742338e+04	1.3641155209605846e+04	2.4213559732897018e+04	7.0936381937239785e+03	6.5595516976367962e+03
2.9439484150192056e+03	1.4376460310856557e+04	1.2971559515388823e+04	4.0129021408550747e+04	3.4805165790481287e+03	2.7205525438524179e+04	1.0306277951739803e+04	1.9545592691152127e+04	9.9007954234245808e+03	2.9452683626566077e+03	8.0604773380954604e+04	3.2692687244783530e+04	3.6034300245095033e+03	1.4879570630835464e+04	1.2702825118025496e+04	8.1960287839806278e+03	1.4821415653787975e+04	6.2654007594019968e+03	1.7258086076717074e+04	7.4660607108892564e+03	1.6125074320742338e+04	1.3640764379718166e+04	2.4213559732897018e+04	7.0936381937239785e+03	6.4065955534012519e+03
2.9439484150192056e+03	1.4376460310856557e+04	1.2964708120502790e+04	3.9827934500369309e+04	3.4805165790481287e+03	2.7205525438524179e+04	1.0306277951739803e+04	1.9545592691152127e+04	9.9007954234245808e+03	2.9452683626566077e+03	8.0602872560360731e+04	3.2691799792494639e+04	3.6034300245095033e+03	1.4879570630835464e+04	1.2702825118025496e+04	8.1960287839806278e+03	1.4821415653787975e+04	6.2654007594019968e+03	1.7258086076717074e+04	7.4660607108892564e+03	1.6036687136733643e+04	1.3640764379718166e+04	2.4213559732897018e+04	7.0936381937239785e+03	6.4065955534012519e+03
2.9439484150192056e+03	1.4376460310856557e+04	1.2964708120502790e+04	3.9827934500369309e+04	3.4805165790481287e+03	2.7205525438524179e+04	1.0306108293450694e+04	1.9545592691152127e+04	9.8687827021027406e+03	2.9452683626566077e+03	8.0602872560360731e+04	3.2691799792494639e+04	3.6034300245095033e+03	1.4879570630835464e+04	1.2698740798290903e+04	8.1960287839806278e+03	1.4821415653787975e+04	6.2654007594019968e+03	1.6943262390777105e+04	7.4660607108892564e+03	1.5602665935480305e+04	1.3640764379718166e+04	2.4209266543068905e+04	7.0936381937239785e+03	6.4065955534012519e+03
2.9439484150192056e+03	1.4376460310856557e+04	1.2964708120502790e+04	3.9812448787912232e+04	3.4805165790481287e+03	2.7205525438524179e+04	1.0306108293450694e+04	1.9545592691152127e+04	9.8687827021027406e+03	2.9452683626566077e+03	8.0556983128639724e+04	3.2691799792494639e+04	3.6034300245095033e+03	1.4879570630835464e+04	1.2698740798290903e+04	8.1960287839806278e+03	1.4821415653787975e+04	6.2654007594019968e+03	1.6943262390777105e+04	7.4655866619431299e+03	1.5602665935480305e+04	1.3640764379718166e+04	2.4209266543068905e+04	7.0817988473776213e+03	6.4065955534012519e+03
2.9439484150192056e+03	1.4313959198278182e+04	1.2964708120502790e+04	3.9812448787912232e+04	3.4805165790481287e+03	2.7133618511197074e+04	1.0272271609622110e+04	1.9545592691152127e+04	9.8687827021027406e+03	2.9452683626566077e+03	8.0556983128639724e+04	3.2691799792494639e+04	3.6034300245095033e+03	1.4879570630835464e+04	1.2696568145497075e+04	8.1954587980735287e+03	1.4812965765218829e+04	6.2654007594019968e+03	1.6844134842286912e+04	7.4655866619431299e+03	1.5602665935480305e+04	1.3640764379718166e+04	2.4209266543068905e+04	7.0688096179817931e+03	6.4065955534012519e+03
2.9439484150192056e+03	1.3892780118469955e+04	1.2729654635579152e+04	3.9689569508299697e+04	3.4805165790481287e+03	2.7133618511197074e+04	1.0272271609622110e+04	1.9545592691152127e+04	9.8687827021027406e+03	2.9452683626566077e+03	8.0556983128639724e+04	3.2691799792494639e+04	3.6034300245095033e+03	1.4825987487005143e+04	1.2682385397915150e+04	8.1954587980735287e+03	1.4766549371155328e+04	6.2654007594019968e+03	1.6844134842286912e+04	7.4655866619431299e+03	1.5602665935480305e+04	1.3640764379718166e+04	2.4209266543068905e+04	7.0688096179817931e+03	6.4065955534012519e+03
2.9439484150192056e+03	1.3892780118469955e+04	1.2729654635579152e+04	3.9689569508299697e+04	3.4805165790481287e+03	2.7133618511197074e+04	1.0272271609622110e+04	1.9545592691152127e+04	9.8687827021027406e+03	2.9452683626566077e+03	8.0526167017191008e+04	3.2686954961944783e+04	3.6034300245095033e+03	1.4825987487005143e+04	1.2655900687158239e+04	8.1954587980735287e+03	1.4120149826193667e+04	6.2654007594019968e+03	1.6844134842286912e+04	7.4655866619431299e+03	1.5600966822725350e+04	1.3640764379718166e+04	2.4209266543068905e+04	7.0688096179817931e+03	6.4065955534012519e+03
2.9439484150192056e+03	1.3892780118469955e+04	1.2729654635579152e+04	3.9689569508299697e+04	3.4805165790481287e+03	2.7133147290198376e+04	1.0272271609622110e+04	1.9545592691152127e+04	9.8533805628202026e+03	2.9452683626566077e+03	8.0526167017191008e+04	3.2628628980487410e+04	3.5613469243623899e+03	1.4778489755336144e+04	1.2655900687158239e+04	8.1954587980735287e+03	1.4117847825781959e+04	6.2654007594019968e+03	1.6844134842286912e+04	7.4578875291855475e+03	1.5600966822725350e+04	1.3640764379718166e+04	2.4209266543068905e+04	7.0688096179817931e+03	6.4065955534012519e+03
2.9439484150192056e+03	1.3892780118469955e+04	1.2729654635579152e+04	3.9689569508299697e+04	3.4805165790481287e+03	2.6973582272804724e+04	1.0272176912519843e+04	1.9545592691152127e+04	9.8533805628202026e+03	2.9452683626566077e+03	8.0515544704428074e+04	3.2628628980487410e+04	3.4988682201841743e+03	1.4771530431334677e+04	1.2643887796562783e+04	8.1954587980735287e+03	1.4117847825781959e+04	6.2654007594019968e+03	1.6844134842286912e+04	7.4578875291855475e+03	1.5600966822725350e+04	1.3634114086642252e+04	2.4120295026920561e+04	7.0688096179817931e+03	6.4065955534012519e+03
2.9439484150192056e+03	1.3892780118469955e+04	1.2729654635579152e+04	3.9689569508299697e+04	3.4805165790481287e+03	2.6772734516238397e+04	1.0272176912519843e+04	1.9545592691152127e+04	9.8490941433853186e+03	2.9452683626566077e+03	8.0464085828239680e+04	3.2628628980487410e+04	3.4988682201841743e+03	1.4555519998592405e+04	1.2642190718853777e+04	8.1954587980735287e+03	1.4117847825781959e+04	6.2654007594019968e+03	1.6827372812924354e+04	7.4578875291855475e+03	1.5600966822725350e+04	1.3634114086642252e+04	2.4120295026920561e+04	7.0688096179817931e+03	6.4065955534012519e+03
2.9097475844227424e+03	1.3892780118469955e+04	1.2729654635579152e+04	3.9689569508299697e+04	3.4805165790481287e+03	2.6772734516238397e+04	1.0224190782553278e+04	1.9545592691152127e+04	9.8490941433853186e+03	2.9452683626566077e+03	8.0456451948862436e+04	3.2628628980487410e+04	3.4988682201841743e+03	1.4405062932762417e+04	1.2642190718853777e+04	8.1954587980735287e+03	1.4117847825781959e+04	6.2654007594019968e+03	1.6827372812924354e+04	7.4578875291855475e+03	1.5600966822725350e+04	1.3600391225359650e+04	2.4094545901056521e+04	6.9789712849020989e+03	6.4065955534012519e+03
2.9097475844227424e+03	1.3865304176432695e+04	1.2729654635579152e+04	3.9689569508299697e+04	3.4805165790481287e+03	2.6772734516238397e+04	1.0224190782553278e+04	1.9545592691152127e+04	9.8490941433853186e+03	2.9452683626566077e+03	8.0451302515655305e+04	3.2628626099492336e+04	3.4988682201841743e+03	1.4405062932762417e+04	1.2642190718853777e+04	8.0513836787355194e+03	1.4117847825781959e+04	6.2654007594019968e+03	1.6827372812924354e+04	7.4578875291855475e+03	1.5600966822725350e+04	1.3600391225359650e+04	2.4094545901056521e+04	6.9789712849020989e+03	6.4065955534012519e+03
2.9097475844227424e+03	1.3744829391301673e+04	1.2729654635579152e+04	3.9689569508299697e+04	3.4805165790481287e+03	2.6772734516238397e+04	1.0219797751379570e+04	1.9545592691152127e+04	9.8490941433853186e+03	2.9452683626566077e+03	8.0451302515655305e+04	3.2628626099492336e+04	3.4988682201841743e+03	1.4405062932762417e+04	1.2642190718853777e+04	8.0513836787355194e+03	1.3412957755541984e+04	6.2633479574910034e+03	1.6827372812924354e+04	7.4578875291855475e+03	1.5600966822725350e+04	1.3556867702581390e+04	2.4094545901056521e+04	6.9789712849020989e+03	6.3538835126589920e+03
2.9097475844227424e+03	1.3744829391301673e+04	1.2729654635579152e+04	3.9689569508299697e+04	3.4805165790481287e+03	2.6487018597474944e+04	1.0219797751379570e+04	1.9545592691152127e+04	9.8490941433853186e+03	2.9452683626566077e+03	8.0439342903254088e+04	3.2628626099492336e+04	3.0878305072196704e+03	1.4405062932762417e+04	1.2642181172700584e+04	7.9254088309151639e+03	1.3412957755541984e+04	6.2633479574910034e+03	1.6827372812924354e+04	7.4552684778799467e+03	1.5600966822725350e+04	1.3556867702581390e+04	2.4094545901056521e+04	6.9789712849020989e+03	6.3538835126589920e+03
2.9097475844227424e+03	1.3744829391301673e+04	1.2729654635579152e+04	3.9689569508299697e+04	3.4805165790481287e+03	2.6487018597474944e+04	9.7241777723735649e+03	1.9545592691152127e+04	9.8490941433853186e+03	2.9452683626566077e+03	8.0357362557118569e+04	3.2579720245973822e+04	3.0878305072196704e+03	1.4405062932762417e+04	1.2642181172700584e+04	7.8608110280283781e+03	1.3412957755541984e+04	6.2633479574910034e+03	1.6827372812924354e+04	7.3473373921455523e+03	1.5600966822725350e+04	1.3556867702581390e+04	2.4094239337980838e+04	6.9789712849020989e+03	6.3538835126589920e+03
2.9097475844227424e+03	1.3744829391301673e+04	1.2267101216736457e+04	3.9689569508299697e+04	3.4805165790481287e+03	2.6487018597474944e+04	9.5449463972018184e+03	1.9545592691152127e+04	9.8490941433853186e+03	2.9452683626566077e+03	8.0356579875506155e+04	3.2579720245973822e+04	3.0878102494708828e+03	1.4401996975830427e+04	1.2642142210157632e+04	7.8608110280283781e+03	1.3306900377239741e+04	6.2633479574910034e+03	1.6827372812924354e+04	7.3473373921455523e+03	1.5600966822725350e+04	1.3556867702581390e+04	2.4094239337980838e+04	6.9789712849020989e+03	6.3538835126589920e+03
2.9097475844227424e+03	1.3744829391301673e+04	1.2267101216736457e+04	3.9689569508299697e+04	3.4805165790481287e+03	2.6487018597474944e+04	9.5449463972018184e+03	1.9545592691152127e+04	9.8490941433853186e+03	2.9452683626566077e+03	8.0349307098464007e+04	3.2578967350199397e+04	3.0878102494708828e+03	1.4342275486179624e+04	1.2642120843581150e+04	7.8608110280283781e+03	1.3306900377239741e+04	6.2633479574910034e+03	1.6826990700673632e+04	7.3473373921455523e+03	1.5600966822725350e+04	1.3556867702581390e+04	2.4094239337980838e+04	6.9789712849020989e+03	6.3538835126589920e+03
2.9097475844227424e+03	1.3744829391301673e+04	1.2267101216736457e+04	3.9689569508299697e+04	3.4805098792962635e+03	2.6487018597474944e+04	9.5449463972018184e+03	1.9545592691152127e+04	9.7800154988628710e+03	2.9452683626566077e+03	8.0349307098464007e+04	3.2574802562338253e+04	3.0878102494708828e+03	1.4126761301339335e+04	1.2642120843581150e+04	7.8125277191112964e+03	1.3306900377239741e+04	6.2633479574910034e+03	1.6826990700673632e+04	7.3473373921455523e+03	1.5600966822725350e+04	1.3556867702581390e+04	2.4086943107205341e+04	6.9789712849020989e+03	6.0554833563659704e+03
2.9097475844227424e+03	1.3744829391301673e+04	1.2267101216736457e+04	3.9689569508299697e+04	3.4805098792962635e+03	2.6487018597474944e+04	9.5449463972018184e+03	1.9545592691152127e+04	9.7800154988628710e+03	2.9452683626566077e+03	8.0287722376346268e+04	3.2573595233565266e+04	3.0878102494708828e+03	1.4126761301339335e+04	1.2642120843581150e+04	7.8125277191112964e+03	1.3306900377239741e+04	6.2633479574910034e+03	1.6826990700673632e+04	7.2451881168569162e+03	1.5600966822725350e+04	1.3517618945216691e+04	2.4075935784704081e+04	6.9789712849020989e+03	6.0554833563659704e+03
2.9097475844227424e+03	1.3168259536139531e+04	1.2228168830062354e+04	3.9689569508299697e+04	3.4219550985825981e+03	2.6445669535823261e+04	9.5449463972018184e+03	1.9537884087146529e+04	9.7800154988628710e+03	2.9452683626566077e+03	8.0213585053613177e+04	3.2572410044178956e+04	3.0878102494708828e+03	1.4126761301339335e+04	1.2636769366897666e+04	7.8125277191112964e+03	1.2016419229283470e+04	6.2628212230141971e+03	1.6826990700673632e+04	7.2451881168569162e+03	1.5600966822725350e+04	1.3507416779211921e+04	2.3888216963823579e+04	6.9789712849020989e+03	6.0554833563659704e+03
2.9097475844227424e+03	1.3168259536139531e+04	1.2228168830062354e+04	3.9689569508299697e+04	3.4199129942370937e+03	2.6445669535823261e+04	9.5449463972018184e+03	1.9537884087146529e+04	9.7800154988628710e+03	2.9452683626566077e+03	8.0213585053613177e+04	3.2572032980681113e+04	3.0878102494708828e+03	1.4126761301339335e+04	1.2635503334427167e+04	7.8125277191112964e+03	1.2016419229283470e+04	6.2628212230141971e+03	1.6826990700673632e+04	7.2451881168569162e+03	1.5600966822725350e+04	1.3507416779211921e+04	2.3888216963823579e+04	6.9789712849020989e+03	6.0554833563659704e+03
2.9097475844227424e+03	1.3168259536139531e+04	1.2228168830062354e+04	3.9689569508299697e+04	3.4199129942370937e+03	2.6445669535823261e+04	9.2596451704678111e+03	1.9409557690028385e+04	9.7800154988628710e+03	2.9452683626566077e+03	8.0195995525022590e+04	3.2572032980681113e+04	3.0878102494708828e+03	1.4094799892701632e+04	1.2635503334427167e+04	7.7464641124630280e+03	1.2016419229283470e+04	6.2397839510444792e+03	1.6797746169890710e+04	7.2352599958925402e+03	1.5422491645768714e+04	1.3507416779211921e+04	2.3888216963823579e+04	6.9774537013696936e+03	6.0390888520769922e+03
2.9097475844227424e+03	1.3168259536139531e+04	1.2208248152563232e+04	3.9590109574235394e+04	3.4141300372974656e+03	2.6445669535823261e+04	9.2596451704678111e+03	1.9409557690028385e+04	9.7530787390122459e+03	2.9452683626566077e+03	8.0195995525022590e+04	3.2571915210634517e+04	3.0878102494708828e+03	1.4094799892701632e+04	1.2570490629260268e+04	7.7464641124630280e+03	1.2016419229283470e+04	6.2397839510444792e+03	1.6797746169890710e+04	7.1993854399790744e+03	1.5422491645768714e+04	1.3507416779211921e+04	2.3888216963823579e+04	6.9774537013696936e+03	5.9565186757163192e+03
2.9097475844227424e+03	1.3129839182630667e+04	1.2182311302199112e+04	3.9590109574235394e+04	3.4141300372974656e+03	2.6230491903516973e+04	8.9776326646795605e+03	1.9409557690028385e+04	9.7369783101792873e+03	2.9452683626566077e+03	8.0125758351517856e+04	3.2571915210634517e+04	3.0878102494708828e+03	1.4094799892701632e+04	1.2570490629260268e+04	7.7464641124630280e+03	1.2016419229283470e+04	6.1959511657562180e+03	1.6797746169890710e+04	7.1993854399790744e+03	1.5422491645768714e+04	1.3507416779211921e+04	2.3888216963823579e+04	6.9774537013696936e+03	5.9565186757163192e+03
2.9097475844227424e+03	1.3129839182630667e+04	1.2182311302199112e+04	3.9590109574235394e+04	3.4141300372974656e+03	2.6230491903516973e+04	8.9776326646795605e+03	1.9409557690028385e+04	9.7369783101792873e+03	2.9452683626566077e+03	8.0113208917081720e+04	3.2571915210634517e+04	3.0878102494708828e+03	1.4094799892701632e+04	1.2570490629260268e+04	7.7464641124630280e+03	1.2016419229283470e+04	6.1954002059949898e+03	1.6686341940937564e+04	7.1993854399790744e+03	1.5422491645768714e+04	1.3507416779211921e+04	2.3888216963823579e+04	6.9774537013696936e+03	5.9565186757163192e+03
2.9097475844227424e+03	1.3079630304766535e+04	1.2182311302199112e+04	3.9590109574235394e+04	3.4083535849492946e+03	2.6230491903516973e+04	8.9776326646795605e+03	1.9388552598661176e+04	9.7369783101792873e+03	2.9452683626566077e+03	8.0078552395883424e+04	3.2570728181248604e+04	3.0878102494708828e+03	1.4094799892701632e+04	1.2570490629260268e+04	7.7464641124630280e+03	1.2016419229283470e+04	6.1954002059949898e+03	1.6686341940937564e+04	7.1993854399790744e+03	1.5422491645768714e+04	1.3507416779211921e+04	2.3888216963823579e+04	6.9774537013696936e+03	5.9565186757163192e+03
2.9097475844227424e+03	1.3079630304766535e+04	1.2182311302199112e+04	3.9590109574235394e+04	3.4083535849492946e+03	2.6230491903516973e+04	8.9776326646795605e+03	1.9388552598661176e+04	9.7369783101792873e+03	2.9452683626566077e+03	8.0055900232703731e+04	3.2515505471570599e+04	3.0878102494708828e+03	1.4094799892701632e+04	1.2570490629260268e+04	7.7464641124630280e+03	1.2016419229283470e+04	6.1567132807384769e+03	1.6630115551839757e+04	7.1993854399790744e+03	1.5422491645768714e+04	1.3507416779211921e+04	2.3888216963823579e+04	6.9755154965262354e+03	5.9565186757163192e+03
2.9097475844227424e+03	1.3048262136803303e+04	1.2182311302199112e+04	3.9539750530727695e+04	3.4083535849492946e+03	2.6230491903516973e+04	8.9776326646795605e+03	1.9388552598661176e+04	9.7369783101792873e+03	2.9452683626566077e+03	8.0055900232703731e+04	3.2515505471570599e+04	3.0878102494708828e+03	1.4039587467882873e+04	1.2570489007926544e+04	7.7464641124630280e+03	1.1803225850473384e+04	6.1307028776854731e+03	1.6630115551839757e+04	7.1993854399790744e+03	1.5422491645768714e+04	1.3471666156182182e+04	2.3888216963823579e+04	6.8709528873349072e+03	5.9565186757163192e+03
2.9097475844227424e+03	1.3048262136803303e+04	1.2182311302199112e+04	3.9539750530727695e+04	3.4083535849492946e+03	2.6230491903516973e+04	8.9776326646795605e+03	1.9388552598661176e+04	9.7369783101792873e+03	2.9059045129618089e+03	8.0016693611493378e+04	3.2515505471570599e+04	3.0878102494708828e+03	1.4015356935898839e+04	1.2570489007926544e+04	7.7464641124630280e+03	1.1803225850473384e+04	6.1307028776854731e+03	1.6630115551839757e+04	7.1993854399790744e+03	1.5412984123847840e+04	1.3471666156182182e+04	2.3888216963823579e+04	6.8709528873349072e+03	5.8421736894152336e+03
2.8722278226207713e+03	1.3048262136803303e+04	1.2182311302199112e+04	3.9539750530727695e+04	3.4067593695354467e+03	2.6230491903516973e+04	8.9776326646795605e+03	1.9388552598661176e+04	9.7369783101792873e+03	2.9059045129618089e+03	7.9951997146029331e+04	3.2515505471570599e+04	3.0878102494708828e+03	1.3945313141327169e+04	1.2570487928404138e+04	7.7464641124630280e+03	1.1803225850473382e+04	5.9887034800387173e+03	1.6630115551839757e+04	7.1993854399790744e+03	1.5412984123847840e+04	1.3378782860030464e+04	2.3849505244833093e+04	6.8709528873349072e+03	5.8421736894152336e+03
2.8722278226207713e+03	1.3048262136803303e+04	1.2182311302199112e+04	3.9539750530727695e+04	3.4067593695354467e+03	2.6102314039089259e+04	8.9776326646795605e+03	1.9388552598661176e+04	9.7369783101792873e+03	2.9059045129618089e+03	7.9935371858589337e+04	3.2511975779236498e+04	3.0878102494708828e+03	1.3945313141327169e+04	1.2570487928404138e+04	7.7278339802583105e+03	1.1803225850473382e+04	5.9887034800387173e+03	1.6630115551839757e+04	7.1991695728495388e+03	1.5412984123847840e+04	1.3378782860030464e+04	2.3722345349160030e+04	6.8709528873349072e+03	5.8421736894152336e+03
2.8722278226207713e+03	1.3048262136803303e+04	1.2182311302199112e+04	3.9240119902677718e+04	3.4067593695354467e+03	2.6102314039089259e+04	8.9776326646795605e+03	1.9388552598661176e+04	9.7369783101792873e+03	2.9059045129618089e+03	7.9906700115099477e+04	3.2492842355255932e+04	3.0878102494708828e+03	1.3935048127726493e+04	1.2570487928404138e+04	7.5314196562056704e+03	1.1803225850473382e+04	5.9887034800387173e+03	1.6601410679721728e+04	7.0450565827215887e+03	1.5412984123847840e+04	1.3378782860030464e+04	2.3722345349160030e+04	6.8564772827482084e+03	5.8421736894152336e+03
2.8722278226207713e+03	1.3048262136803303e+04	1.2182311302199112e+04	3.9240119902677718e+04	3.4067593695354467e+03	2.6102314039089259e+04	8.9776326646795605e+03	1.9388552598661176e+04	9.7369783101792873e+03	2.9059045129618089e+03	7.9854963693068887e+04	3.2481514355193340e+04	3.0878102494708828e+03	1.3935048127726493e+04	1.2570487928404138e+04	7.5314196562056704e+03	1.1376667611144416e+04	5.9887034800387173e+03	1.6601410679721728e+04	7.0450565827215887e+03	1.4954229860457428e+04	1.3378782860030464e+04	2.3722345349160030e+04	6.8550003888534620e+03	5.8421736894152336e+03
2.8722278226207713e+03	1.3048262136803303e+04	1.2172643241361464e+04	3.9240119902677718e+04	3.4067593695354467e+03	2.6102314039089259e+04	8.9776326646795605e+03	1.9388552598661176e+04	9.7369783101792873e+03	2.9034953544453010e+03	7.9853076425287974e+04	3.2481514355193340e+04	3.0695890009286331e+03	1.3822853386104267e+04	1.2570487928404138e+04	7.5314196562056704e+03	1.1376667611144416e+04	5.9886661555657511e+03	1.6601410679721728e+04	7.0450565827215887e+03	1.4954229860457428e+04	1.3378782860030464e+04	2.3722345349160030e+04	6.8550003888534620e+03	5.8421736894152336e+03
2.8722278226207713e+03	1.3048262136803303e+04	1.2171943430626967e+04	3.9240119902677718e+04	3.4067593695354467e+03	2.6102314039089259e+04	8.9776326646795605e+03	1.9382912907150159e+04	9.7369783101792873e+03	2.9034953544453010e+03	7.9853076425287974e+04	3.2481514355193340e+04	3.0695890009286331e+03	1.3822853386104267e+04	1.2570487928404138e+04	7.5314196562056704e+03	1.1376667611144416e+04	5.9886661555657511e+03	1.6601410679721728e+04	7.0450565827215887e+03	1.4954229860457428e+04	1.3294828465303839e+04	2.3711923305493368e+04	6.8550003888534620e+03	5.7224338138528747e+03
2.8722278226207713e+03	1.3048262136803303e+04	1.1317794528550250e+04	3.9240119902677718e+04	3.4067593695354467e+03	2.6044033456341720e+04	8.9776326646795605e+03	1.9382912907150159e+04	9.7369783101792873e+03	2.8922078883504237e+03	7.9826057832751394e+04	3.2481514355193340e+04	3.0554781132158460e+03	1.3822853386104267e+04	1.2569049423071119e+04	7.5161095167590374e+03	1.1376667611144416e+04	5.9886661555657511e+03	1.6601410679721728e+04	7.0450565827215887e+03	1.4945064595090098e+04	1.3294828465303839e+04	2.3701056179338095e+04	6.8289370593488829e+03	5.7224338138528747e+03
2.8722278226207713e+03	1.3048262136803303e+04	1.1317533688571104e+04	3.9240119902677718e+04	3.4067593695354467e+03	2.6044033456341720e+04	8.9776326646795605e+03	1.9382912907150159e+04	9.7227182523298652e+03	2.8820567781954223e+03	7.9826057832751394e+04	3.2481514355193340e+04	3.0554781132158460e+03	1.3787351961285567e+04	1.2569049423071119e+04	7.5161095167590374e+03	1.1376667611144416e+04	5.9886661555657511e+03	1.6601410679721728e+04	7.0450565827215887e+03	1.4945064595090098e+04	1.3293433680556240e+04	2.3562114339856944e+04	6.8289370593488829e+03	5.7224338138528747e+03
2.8721379101259317e+03	1.3048262136803303e+04	1.1317533688571104e+04	3.9240119902677718e+04	3.3943932321888246e+03	2.6044033456341720e+04	8.9776326646795605e+03	1.9382912907150159e+04	9.7227182523298652e+03	2.8820567781954223e+03	7.9786464153951121e+04	3.2465870411078988e+04	3.0554781132158460e+03	1.3787351961285567e+04	1.2354556740319620e+04	7.5161095167590374e+03	1.1376667611144416e+04	5.9850269274759839e+03	1.6601410679721728e+04	7.0103954024399336e+03	1.4696731394943354e+04	1.3293433680556240e+04	2.3431406452835916e+04	6.8289370593488829e+03	5.5988491600390644e+03
2.8713604221127343e+03	1.3048262136803303e+04	1.1317533688571104e+04	3.9240119902677718e+04	3.3943932321888246e+03	2.6044033456341720e+04	8.9776326646795605e+03	1.9382912907150159e+04	9.6858428986546278e+03	2.8820567781954223e+03	7.9786464153951121e+04	3.2463442370718079e+04	3.0554781132158460e+03	1.3787351961285560e+04	1.2354556740319620e+04	7.5161095167590374e+03	1.1376667611144416e+04	5.9532252500117247e+03	1.6594820553355927e+04	7.0103954024399336e+03	1.4696731394943354e+04	1.3259169636211789e+04	2.3431406452835916e+04	6.8289370593488829e+03	5.5988491600390644e+03
2.8545818232118218e+03	1.3048262136803303e+04	1.1317533688571104e+04	3.9240119902677718e+04	3.3943932321888246e+03	2.6036287419195796e+04	8.9776326646795605e+03	1.9382912907150159e+04	9.6858428986546278e+03	2.8712541076334483e+03	7.9786464153951121e+04	3.2463442370718079e+04	3.0480442687357554e+03	1.3787351961285560e+04	1.2354556740319620e+04	7.5161095167590374e+03	1.1376667611144416e+04	5.9351168312711652e+03	1.6588675029960632e+04	6.9077159314861692e+03	1.4696731394943354e+04	1.3088279751055697e+04	2.3246745172270013e+04	6.8267646065759764e+03	5.4603948913574523e+03
2.8545818232118218e+03	1.3045519327050468e+04	1.1317176756924968e+04	3.9240119902677718e+04	3.3943932321888246e+03	2.6036287419195796e+04	8.9776326646795605e+03	1.9382912907150159e+04	9.6858428986546278e+03	2.8712541076334483e+03	7.9772393547519561e+04	3.2463442370718079e+04	3.0480442687357554e+03	1.3782840331468042e+04	1.2354556740319620e+04	7.4647790927364968e+03	1.1376667611144416e+04	5.9351168312711652e+03	1.6512640494239105e+04	6.8487663433043326e+03	1.4696731394943354e+04	1.3088279751055697e+04	2.3215838256830932e+04	6.8092394540304531e+03	5.4603948913574523e+03
2.8545818232118218e+03	1.3045519327050468e+04	1.1317176756924968e+04	3.9240119902677718e+04	3.3943932321888246e+03	2.6036287419195796e+04	8.9776326646795605e+03	1.9382912907150159e+04	9.6858428986546278e+03	2.8659671219647994e+03	7.9772393547519561e+04	3.2463442370718079e+04	3.0480442687357554e+03	1.3769617926682455e+04	1.2354556740319620e+04	7.4647790927364968e+03	1.1376667611144416e+04	5.9351168312711652e+03	1.6512230232286896e+04	6.8487663433043326e+03	1.4555080379066274e+04	1.3084379476494203e+04	2.3215838256830932e+04	6.8092394540304531e+03	5.4603948913574523e+03
2.8545818232118218e+03	1.2841546217246356e+04	1.1030522126799115e+04	3.9029980157033569e+04	3.3943932321888246e+03	2.6036287419195796e+04	8.9776326646795605e+03	1.9299771464481808e+04	9.6345773277753306e+03	2.8645146006771101e+03	7.9758363954119210e+04	3.2459088917843466e+04	3.0480442687357554e+03	1.3767467945325989e+04	1.2340596904977154e+04	7.4647790927364968e+03	1.1065145286654893e+04	5.9351168312711652e+03	1.6512230232286896e+04	6.8182180711120318e+03	1.4555080379066274e+04	1.3075164894727930e+04	2.3215838256830932e+04	6.7555872722424692e+03	5.4603948913574523e+03
2.8545818232118218e+03	1.2841546217246356e+04	1.1025376499699280e+04	3.9020790918845210e+04	3.3943932321888246e+03	2.6036287419195796e+04	8.9776326646795605e+03	1.9281563133651376e+04	9.6345773277753306e+03	2.8590000771531795e+03	7.9749752817323664e+04	3.2453025227818845e+04	3.0480442687357554e+03	1.3767467945325989e+04	1.2339966299355347e+04	7.4647790927364968e+03	1.1065145286654893e+04	5.9351168312711652e+03	1.6512230232286896e+04	6.8182180711120318e+03	1.4555080379066274e+04	1.3029820247935868e+04	2.3215838256830932e+04	6.5192559080532583e+03	5.4603948913574523e+03
2.8545818232118218e+03	1.2841546217246356e+04	1.1025376499699280e+04	3.8824169795777118e+04	3.3943932321888246e+03	2.6036287419195796e+04	8.9776326646795605e+03	1.9281563133651376e+04	9.6345773277753306e+03	2.8311463985109008e+03	7.9744477412403881e+04	3.2441843450385197e+04	3.0480442687357554e+03	1.3767467945325989e+04	1.2339966299355347e+04	7.4647790927364968e+03	1.1065145286654893e+04	5.7718577030074503e+03	1.6507147548227622e+04	6.7397807250930946e+03	1.4555080379066274e+04	1.3029820247935868e+04	2.3167509948767191e+04	6.5192559080532583e+03	5.2585452984310414e+03
2.8545818232118218e+03	1.2841546217246356e+04	1.1025376499699280e+04	3.8563715463235727e+04	3.3943932321888246e+03	2.6036287419195796e+04	8.9776326646795605e+03	1.9281563133651376e+04	9.6345773277753306e+03	2.7984220969267644e+03	7.9744477412403881e+04	3.2421060798177237e+04	3.0480442687357554e+03	1.3767467945325989e+04	1.2264761982154945e+04	7.4572863865254467e+03	1.1065145286654893e+04	5.7659808081972669e+03	1.6507130037728348e+04	6.6610476181062450e+03	1.4449506273679399e+04	1.3029820247935868e+04	2.3167509948767191e+04	6.5192559080532583e+03	5.2585452984310414e+03
2.8545818232118218e+03	1.2841546217246356e+04	1.1025376499699280e+04	3.8513193220309629e+04	3.3943932321888246e+03	2.5957837643899853e+04	8.9776326646795605e+03	1.9204692158215639e+04	9.6345773277753306e+03	2.7830594250002155e+03	7.9744477412403881e+04	3.2418908604405937e+04	3.0480442687357554e+03	1.3762508311463576e+04	1.2264761982154945e+04	7.4137162371069508e+03	1.1065145286654893e+04	5.7659808081972669e+03	1.6491662245349664e+04	6.6610476181062450e+03	1.4449506273679399e+04	1.2974135635609360e+04	2.3167509948767191e+04	6.5192559080532583e+03	5.2585452984310414e+03
2.8545818232118218e+03	1.2841546217246356e+04	1.1024210130105655e+04	3.8512931326460741e+04	3.3888748288954184e+03	2.5821214790687070e+04	8.9776326646795605e+03	1.9204692158215639e+04	9.6335137631221551e+03	2.7830594250002155e+03	7.9714539880284588e+04	3.2416952075162259e+04	3.0475245342361504e+03	1.3752352188318482e+04	1.2264761982154945e+04	7.4137160772126281e+03	1.1065145286654893e+04	5.7659808081972669e+03	1.6491662245349664e+04	6.6610476181062450e+03	1.4449506273679399e+04	1.2974135635609360e+04	2.3167509948767191e+04	6.4959661334222883e+03	5.2585452984310414e+03
2.8545818232118136e+03	1.2766297418664313e+04	1.1024210130105655e+04	3.8295460354883915e+04	3.3888748288954184e+03	2.5821214790687070e+04	8.9415316965099555e+03	1.9204692158215639e+04	9.6335137631221551e+03	2.7830594250002155e+03	7.9714539880284588e+04	3.2415518402060436e+04	3.0475245342361504e+03	1.3752352188318482e+04	1.2264761982154945e+04	7.4137160772126281e+03	1.1065145286654893e+04	5.7659808081972669e+03	1.6491662245349664e+04	6.6610476181062450e+03	1.4449506273679399e+04	1.2974135635609360e+04	2.3142969353077879e+04	6.4959661334222883e+03	5.2585452984310414e+03
2.8545818232118136e+03	1.2746191191049778e+04	1.1024210130105655e+04	3.7941109930099548e+04	3.3888748288954184e+03	2.5821214790687070e+04	8.9415316965099555e+03	1.9204692158215639e+04	9.6335137631221551e+03	2.7830594250002155e+03	7.9699009589383801e+04	3.2415267684595248e+04	2.9842835232307198e+03	1.3751523854915522e+04	1.2264761982154945e+04	7.4124638610897164e+03	1.1065145286654893e+04	5.7659808081972669e+03	1.6491662245349664e+04	6.6610476181062450e+03	1.4449506273679399e+04	1.2895600566711240e+04	2.3142969353077879e+04	6.4959661334222883e+03	5.2585452984310414e+03
2.8399526464039263e+03	1.2746191191049778e+04	1.0912893222743685e+04	3.7941109930099548e+04	3.3888748288954184e+03	2.5821214790687070e+04	8.9415316965099555e+03	1.9204692158215639e+04	9.6335137631221551e+03	2.7830594250002155e+03	7.9699009589383801e+04	3.2414134921728375e+04	2.9842835232307198e+03	1.3729000359383324e+04	1.2191733490816463e+04	7.4124638610897164e+03	1.1057703814641964e+04	5.7659808081972669e+03	1.6491662245349664e+04	6.6610476181062450e+03	1.4449506273679399e+04	1.2895600566711240e+04	2.3142969353077879e+04	6.4959661334222883e+03	5.2585452984310414e+03
2.8399526464039263e+03	1.2746191191049778e+04	1.0476496463309464e+04	3.7941109930099548e+04	3.3800370264901926e+03	2.5821214790687070e+04	8.8463193929945664e+03	1.9204692158215639e+04	9.5832821905888250e+03	2.7694225880955682e+03	7.9699009589383801e+04	3.2414134921728375e+04	2.9819049580916380e+03	1.3729000359383324e+04	1.2184961494070623e+04	7.4124638610897164e+03	1.0911666049720967e+04	5.7659808081972669e+03	1.6491662245349664e+04	6.6610476181062450e+03	1.4126807346673919e+04	1.2895600566711240e+04	2.3135712348539764e+04	6.4959661334222883e+03	5.2453343704862718e+03
2.8399526464039263e+03	1.2746191191049778e+04	1.0476496463309464e+04	3.7468037602282195e+04	3.3800370264901926e+03	2.5806508216783961e+04	8.8463193929945664e+03	1.9204692158215639e+04	9.5832821905888250e+03	2.7694225880955682e+03	7.9681006600555585e+04	3.2414134921728375e+04	2.9819049580916380e+03	1.3729000359383324e+04	1.2182864181209505e+04	7.4124638610897164e+03	1.0911666049720967e+04	5.7659808081972669e+03	1.6491662245349664e+04	6.6610476181062450e+03	1.4126807346673919e+04	1.2895600566711240e+04	2.3135712348539764e+04	6.4872604922535693e+03	5.2453343704862718e+03
2.8399526464039263e+03	1.2746191191049778e+04	1.0476496463309464e+04	3.6602139354435771e+04	3.3797341648871043e+03	2.5803701030996137e+04	8.8463193929945664e+03	1.9204692158215639e+04	9.5832821905888250e+03	2.7694225880955682e+03	7.9679288041233376e+04	3.2414134921728375e+04	2.9819049580916380e+03	1.3729000359383324e+04	1.2182864181209505e+04	7.4122776097204696e+03	1.0911666049720967e+04	5.7659808081972669e+03	1.6491662245349664e+04	6.6610476181062450e+03	1.4126807346673919e+04	1.2874941662917252e+04	2.3064959158312719e+04	6.4872604922535693e+03	5.2453343704862718e+03
2.8399526464039263e+03	1.2746191191049778e+04	1.0476496463309464e+04	3.5888813062758461e+04	3.3797341648871043e+03	2.5608554472981996e+04	8.8463193929945664e+03	1.9204692158215639e+04	9.5832821905888250e+03	2.7694225880955682e+03	7.9667595862571936e+04	3.2414134921728375e+04	2.9819049580916380e+03	1.3703834822716559e+04	1.2180260167883436e+04	7.4084646106998625e+03	1.0861120485888950e+04	5.7659808081972669e+03	1.6482941034446838e+04	6.6610476181062450e+03	1.4126807346673919e+04	1.2874941662917252e+04	2.3005799093906244e+04	6.4316048708734688e+03	5.2453343704862718e+03
2.8399526464039263e+03	1.2746191191049778e+04	1.0476496463309464e+04	3.5863036697070776e+04	3.3749136768830053e+03	2.5608554472981996e+04	8.8463193929945664e+03	1.9204692158215639e+04	9.5716332947764131e+03	2.7694225880955682e+03	7.9655819146465743e+04	3.2414134921728375e+04	2.9819049580916380e+03	1.3703834822716559e+04	1.2180260167883436e+04	7.4079553148623154e+03	1.0861120485888950e+04	5.7659808081972669e+03	1.6482941034446820e+04	6.6610476181062450e+03	1.4084184789604795e+04	1.2874941662917252e+04	2.2980665480554799e+04	6.3394330239800202e+03	5.2453343704862718e+03
2.8016241884080782e+03	1.2746191191049778e+04	1.0476496463309464e+04	3.5863036697070776e+04	3.3589693363624610e+03	2.5608554472981996e+04	8.8463193929945664e+03	1.9198587641892052e+04	9.5716332947764131e+03	2.7694225880955682e+03	7.9655819146465743e+04	3.2414134921728375e+04	2.9819049580916380e+03	1.3703834822716559e+04	1.2180260167883436e+04	7.1443389282084654e+03	1.0846737885864160e+04	5.7659808081972669e+03	1.6482941034446820e+04	6.6610476181062450e+03	1.4084184789604795e+04	1.2859612500227860e+04	2.2968803333504333e+04	6.3394330239800202e+03	5.2453343704862718e+03
2.8016241884080782e+03	1.2746191191049778e+04	1.0476496463309464e+04	3.5863036697070776e+04	3.3589693363624610e+03	2.5608554472981996e+04	8.8463193929945664e+03	1.9198587641892052e+04	9.5716332947764131e+03	2.7694225880955682e+03	7.9641591372224197e+04	3.2414134921728375e+04	2.9434076050363346e+03	1.3605683268530118e+04	1.2180260167883436e+04	7.1443389282084654e+03	1.0846737885864160e+04	5.7659808081972669e+03	1.6482941034446820e+04	6.6610476181062450e+03	1.4084184789604795e+04	1.2856142801490303e+04	2.2968803333504333e+04	6.3394330239800202e+03	5.2453343704862718e+03
2.8016241884080782e+03	1.2746191191049778e+04	1.0476496463309464e+04	3.5863036697070776e+04	3.3589693363624610e+03	2.5608554472981996e+04	8.7835848935267932e+03	1.9198587641892052e+04	9.5100121024508662e+03	2.7694225880955682e+03	7.9597642370149129e+04	3.2414076178889925e+04	2.9312313003137851e+03	1.3605683268530118e+04	1.2180260167883436e+04	7.1443389282084654e+03	1.0778484493291737e+04	5.7659808081972669e+03	1.6482941034446820e+04	6.6610476181062450e+03	1.4084184789604795e+04	1.2856142801490303e+04	2.2968727280649538e+04	6.3394330239800202e+03	5.2453343704862718e+03
2.8016241884080782e+03	1.2746191191049778e+04	1.0476496463309464e+04	3.5615478117630351e+04	3.3498555386861058e+03	2.5608554472981996e+04	8.7212888062861348e+03	1.9198587641892052e+04	9.5100121024508662e+03	2.7694225880955682e+03	7.9526345025444956e+04	3.2413991397079131e+04	2.9312313003137851e+03	1.3605683268530118e+04	1.2180260167883436e+04	7.1443389282084654e+03	1.0749914222643471e+04	5.7659808081972669e+03	1.6482941034446820e+04	6.6610476181062450e+03	1.4084184789604795e+04	1.2856142801490303e+04	2.2964123244836315e+04	6.3394330239800202e+03	5.1714150408141295e+03
2.8016241884080782e+03	1.2746191191049778e+04	1.0476496463309464e+04	3.4807395561916215e+04	3.3413551439071475e+03	2.5608554472981996e+04	8.6462519024566845e+03	1.9198587641892052e+04	9.5033636001664963e+03	2.7694225880955682e+03	7.9415924042964776e+04	3.2413991397079131e+04	2.9310094281317120e+03	1.3605683268530118e+04	1.2180260167883436e+04	7.1443389282084654e+03	1.0749914222643471e+04	5.7659808081972669e+03	1.6482941034446820e+04	6.6487667783492434e+03	1.3651640709949730e+04	1.2856142801490303e+04	2.2910453821948238e+04	6.3394330239800202e+03	5.1714150408141295e+03
2.8016241884080782e+03	1.2746191191049778e+04	1.0476496463309464e+04	3.3124472628380870e+04	3.3358389420633307e+03	2.5574644362140771e+04	8.6462519024566845e+03	1.9198587641892052e+04	9.4790063373490993e+03	2.7694225880955682e+03	7.9415924042964776e+04	3.2413991397079131e+04	2.8642591126948528e+03	1.3567108805731496e+04	1.2180260167883436e+04	7.1443389282084654e+03	1.0749914222643471e+04	5.7659808081972669e+03	1.6482941034446820e+04	6.6487667783492434e+03	1.3651640709949730e+04	1.2854342668596242e+04	2.2910453821948238e+04	6.2125222085122705e+03	5.1714150408141295e+03
2.8016241884080782e+03	1.2746191191049778e+04	1.0476496463309464e+04	3.3124472628380870e+04	3.3358389420633307e+03	2.5564860042231063e+04	8.6276581125244120e+03	1.9198587641892052e+04	9.4790063373490993e+03	2.7694225880955682e+03	7.9354064620224715e+04	3.2413920460111913e+04	2.8642591126948528e+03	1.3567108805731496e+04	1.2180260167883436e+04	7.1443389282084654e+03	1.0731950900455777e+04	5.7659808081972669e+03	1.6482941034446820e+04	6.6487667783492434e+03	1.3651640709949730e+04	1.2854342668596242e+04	2.2867003317742172e+04	6.2125222085122705e+03	5.1714150408141295e+03
2.7810538331628741e+03	1.2746191191049778e+04	1.0476496463309464e+04	3.3124472628380870e+04	3.3358389420633307e+03	2.5564860042231063e+04	8.6276581125244120e+03	1.9198587641892052e+04	9.4790063373490993e+03	2.7694225880955682e+03	7.9263190178920515e+04	3.2413920460111913e+04	2.8642591126948528e+03	1.3563168746378142e+04	1.2158060375122643e+04	7.1443389282084654e+03	1.0731950900455777e+04	5.7659808081972669e+03	1.6482941034446820e+04	6.6487667783492434e+03	1.3651640709949730e+04	1.2854342668596242e+04	2.2867003317742172e+04	6.2125222085122705e+03	5.1714150408141295e+03
2.7810538331628741e+03	1.2746191191049778e+04	1.0476496463309464e+04	3.3124472628380870e+04	3.3358389420633307e+03	2.5530656928806078e+04	8.6276581125244120e+03	1.9198587641892052e+04	9.4790063373490993e+03	2.7694225880955682e+03	7.9180642592309858e+04	3.2413791119294558e+04	2.8642591126948528e+03	1.3365699668004392e+04	1.2158060375122643e+04	7.1443389282084654e+03	1.0061215184876728e+04	5.7613034350637154e+03	1.6417759120808645e+04	6.6487667783492434e+03	1.3651640709949730e+04	1.2851706308164761e+04	2.2856690247554154e+04	6.2125222085122705e+03	5.1248743952683089e+03
2.7810538331628741e+03	1.2746191191049778e+04	1.0476496463309464e+04	3.3054977945770370e+04	3.3358389420633307e+03	2.5468491522095181e+04	8.6276581125244120e+03	1.9118236122620609e+04	9.4790063373490993e+03	2.7679408654679955e+03	7.9129824416964271e+04	3.2413132861094709e+04	2.8642591126948528e+03	1.3365699668004392e+04	1.2158060375122643e+04	7.1443389282084654e+03	9.8782250242456703e+03	5.7613034350637154e+03	1.6417759120808645e+04	6.5990727669462131e+03	1.3594695719459396e+04	1.2820475043729519e+04	2.2854734491526873e+04	6.2125222085122705e+03	5.1248743952683089e+03
2.7810538331628741e+03	1.2711931157789446e+04	1.0476496463309464e+04	3.3027266476435689e+04	3.3356513821122599e+03	2.5468491522095181e+04	8.6250659222740760e+03	1.9118236122620609e+04	9.4790063373490993e+03	2.7679408654679955e+03	7.8994177181341729e+04	3.2413132861094709e+04	2.8642591126948528e+03	1.3301445149374977e+04	1.2158060375122643e+04	7.1443389282084654e+03	9.8407493058025611e+03	5.7596426137647204e+03	1.6417759120808645e+04	6.5655717842042613e+03	1.3594695719459396e+04	1.2820475043729519e+04	2.2854734491526873e+04	6.2125222085122705e+03	4.8858016391207984e+03
2.7810538331628741e+03	1.2711931157789446e+04	1.0476496463309464e+04	3.3027266476435689e+04	3.3356513821122599e+03	2.5440132687998455e+04	8.6250659222740760e+03	1.9118236122620609e+04	9.4694884132624356e+03	2.7594913219453983e+03	7.8991670303176506e+04	3.2412866119683229e+04	2.8642591126948009e+03	1.3301445149374977e+04	1.2158060375122643e+04	7.0689219996506490e+03	9.7879668718701523e+03	5.7596426137647204e+03	1.6417759120808645e+04	6.5655717842042613e+03	1.3594695719459396e+04	1.2820475043729519e+04	2.2854734491526873e+04	6.2125222085122705e+03	4.8858016391207984e+03
2.7810538331628741e+03	1.2711931157789446e+04	1.0223992991420188e+04	3.3027266476435689e+04	3.3356513821122599e+03	2.5440132687998455e+04	8.6250659222740760e+03	1.9053223283874482e+04	9.4694884132624356e+03	2.7445119116441874e+03	7.8991670303176506e+04	3.2380726589318081e+04	2.8642591126948009e+03	1.3259525398116504e+04	1.2158060375122643e+04	7.0669273344348740e+03	9.6761762430740218e+03	5.7596426137647204e+03	1.6417759120808645e+04	6.5290101592838973e+03	1.3377005482928704e+04	1.2820475043729519e+04	2.2854734491526873e+04	6.2125222085122705e+03	4.8858016391207984e+03
2.7810538331628741e+03	1.2669687686230569e+04	1.0223992991420188e+04	3.3027266476435689e+04	3.3354168289798390e+03	2.5440132687998455e+04	8.6246823377128876e+03	1.9038241178552369e+04	9.4643695384708190e+03	2.7445119116441874e+03	7.8886132389687700e+04	3.2380726589318081e+04	2.8642591126948009e+03	1.3259525398116504e+04	1.2155915530430211e+04	7.0669273344348740e+03	9.6761762430740218e+03	5.7466107083383504e+03	1.6412204014362705e+04	6.5290101592838973e+03	1.3377005482928704e+04	1.2820475043729519e+04	2.2854453774733436e+04	6.2098347534003215e+03	4.8858016391207984e+03
2.7810538331628741e+03	1.2669687686230569e+04	1.0223992991420188e+04	3.2947433200318686e+04	3.3354168289798390e+03	2.5421079084462108e+04	8.6070478755004551e+03	1.9038241178552369e+04	9.3922123601949133e+03	2.7445119116441874e+03	7.8740834441823958e+04	3.2379452425228897e+04	2.8642591126948009e+03	1.3259525398116504e+04	1.2155915530430211e+04	7.0669273344348740e+03	9.6761762430740218e+03	5.7466107083383504e+03	1.6412204014362705e+04	6.5290101592838973e+03	1.2452728438827022e+04	1.2815823410193663e+04	2.2854453774733436e+04	6.1839319647911379e+03	4.8855172451657027e+03
2.7810538331628741e+03	1.2669687686230569e+04	1.0223992991420188e+04	3.2858796354911196e+04	3.3340762126076456e+03	2.5377068591852250e+04	8.6070478755004551e+03	1.9038241178552369e+04	9.3922123601949133e+03	2.7445119116441874e+03	7.8740834441823958e+04	3.2378928548570148e+04	2.8642591126948009e+03	1.3039158272474657e+04	1.2154399153189326e+04	7.0669273344348740e+03	9.6761762430740218e+03	5.7466107083383504e+03	1.6412204014362705e+04	6.4808589359675707e+03	1.2452728438827022e+04	1.2809922313836243e+04	2.2848779870423292e+04	6.1839319647911379e+03	4.8855172451657027e+03
2.7810538331628741e+03	1.2669687686230569e+04	9.9430261517686886e+03	3.2769121035137621e+04	3.3340762126076456e+03	2.5351410781057617e+04	8.6070478755004551e+03	1.9038241178552369e+04	9.3588496540758952e+03	2.7445119116441874e+03	7.8740834441823958e+04	3.2378928548570148e+04	2.8642591126948009e+03	1.3039158272474657e+04	1.2154399153189326e+04	7.0015115799435816e+03	9.6761762430740218e+03	5.6528339527338085e+03	1.6412204014362705e+04	6.4802188625673416e+03	1.2452728438827022e+04	1.2809922313836243e+04	2.2848779870423292e+04	6.1812935075988062e+03	4.8855172451657027e+03
2.7810538331628741e+03	1.2635739810603860e+04	9.9430261517686886e+03	3.2627271555946223e+04	3.3340762126076456e+03	2.5351410781057617e+04	8.6070478755004551e+03	1.8819506263579184e+04	9.3588496540758952e+03	2.7423494624229343e+03	7.8740702239129227e+04	3.2377785031846539e+04	2.8642591126948009e+03	1.3030267555150262e+04	1.2142590810311598e+04	7.0015115799435816e+03	9.6761762430740218e+03	5.6528339527338085e+03	1.6412204014362705e+04	6.4802188625673416e+03	1.2452728438827022e+04	1.2809922313836243e+04	2.2848779870423292e+04	6.0615491472594686e+03	4.8229007943936895e+03
2.7662705166353098e+03	1.2635739810603860e+04	9.9430261517686886e+03	3.2627271555946223e+04	3.3337249032166051e+03	2.5351410781057617e+04	8.6070478755004551e+03	1.8819506263579184e+04	9.3588496540758952e+03	2.7423494624229343e+03	7.8738731854245169e+04	3.2377785031846539e+04	2.8642591126948009e+03	1.3017465310874713e+04	1.2134302907193300e+04	7.0015115799435816e+03	9.6761762430740218e+03	5.6438498149985462e+03	1.6412204014362705e+04	6.4802188625673416e+03	1.2452728438827022e+04	1.2809922313836243e+04	2.2848779870423292e+04	6.0615491472594686e+03	4.7811382057504443e+03
2.7662705166353098e+03	1.2635739810603860e+04	9.9430261517686886e+03	3.2627271555946223e+04	3.3337249032166051e+03	2.5351410781057617e+04	8.6070478755004551e+03	1.8808045817493032e+04	9.3588496540758952e+03	2.7333907263556885e+03	7.8730725147413119e+04	3.2377785031846539e+04	2.8642591126948009e+03	1.3017465310874713e+04	1.2134302907193300e+04	7.0015115799435816e+03	9.6761762430740218e+03	5.6301868779735105e+03	1.6412204014362705e+04	6.4802188625673416e+03	1.2452728438827022e+04	1.2809922313836243e+04	2.2848779870423292e+04	6.0615491472594686e+03	4.7574440743276791e+03
2.7662705166353098e+03	1.2635739810603860e+04	9.9430261517686886e+03	3.2532535675258492e+04	3.3337249032166051e+03	2.5351410781057617e+04	8.6070478755004551e+03	1.8808045817493032e+04	9.3588496540758952e+03	2.7315045348044014e+03	7.8730725147413119e+04	3.2377477575002544e+04	2.8642591126948009e+03	1.2907963829022396e+04	1.2134302907193300e+04	7.0015115799435816e+03	9.6761762430740218e+03	5.6301868779735105e+03	1.6412204014362705e+04	6.4802188625673416e+03	1.2452728438827022e+04	1.2809922313836243e+04	2.2848779870423292e+04	6.0615491472594686e+03	4.7574440743276791e+03
2.7662705166353098e+03	1.2635739810603860e+04	9.7576658208995068e+03	3.2532535675258492e+04	3.3337249032166051e+03	2.5335575338543083e+04	8.6070478755004551e+03	1.8808045817493032e+04	9.3588496540758952e+03	2.7315045348044014e+03	7.8729489435983443e+04	3.2377225676666083e+04	2.8642591126948009e+03	1.2876941861598540e+04	1.2121832758054903e+04	7.0015115799435816e+03	9.6761762430740218e+03	5.6301868779735105e+03	1.6368234444249951e+04	6.4802188625673416e+03	1.2452728438827022e+04	1.2809922313836243e+04	2.2846881747935546e+04	6.0615491472594686e+03	4.5185143465503470e+03
2.7662705166353098e+03	1.2635739810603860e+04	9.7576658208995068e+03	3.2532535675258492e+04	3.3272053976075267e+03	2.5319705500249445e+04	8.6070478755004551e+03	1.8808045817493032e+04	9.3588496540758952e+03	2.7315045348044014e+03	7.8716198829235582e+04	3.2377225676666083e+04	2.8642591126948009e+03	1.2876941861598540e+04	1.2121832758054903e+04	6.8794423717476329e+03	9.6761762430740218e+03	5.6030514793143011e+03	1.6368234444249951e+04	6.4802176760653701e+03	1.2452728438827022e+04	1.2809922313836243e+04	2.2825447097950295e+04	5.9057881052905623e+03	4.5185143465503470e+03
2.7662705166353098e+03	1.2632123349084435e+04	9.7576658208995068e+03	3.2339447351040006e+04	3.3230913087085296e+03	2.5306781890457220e+04	8.6070478755004551e+03	1.8807950633443987e+04	9.3261976864221779e+03	2.7285433422305650e+03	7.8700974882919414e+04	3.2369566248965548e+04	2.8642591126948009e+03	1.2876941861598540e+04	1.2121832758054903e+04	6.8794423717476329e+03	9.4637239711468501e+03	5.6030514793143011e+03	1.6345137706899428e+04	6.4802176760653701e+03	1.2452728438827022e+04	1.2809922313836243e+04	2.2825447097950295e+04	5.9001092283538965e+03	4.5185143465503470e+03
2.7662705166353098e+03	1.2630557261007267e+04	9.2598822172202017e+03	3.2339447351040006e+04	3.3230913087085296e+03	2.5219298286642552e+04	8.6070478755004551e+03	1.8807950633443987e+04	9.3127124331272880e+03	2.7227685688756774e+03	7.8676936899977169e+04	3.2369566248965548e+04	2.8642591126948009e+03	1.2873197521863798e+04	1.2121832758054903e+04	6.8794423717476329e+03	9.4637239711468501e+03	5.6030514793143011e+03	1.6345137706899428e+04	6.4802176760653701e+03	1.2452728438827022e+04	1.2809922313836243e+04	2.2822424593763604e+04	5.8565295743633087e+03	4.5045339938869674e+03
2.7662705166353098e+03	1.2630557261007267e+04	9.2598822172202017e+03	3.2339447351040006e+04	3.3217383818703565e+03	2.5153845178029162e+04	8.6070478755004551e+03	1.8807950633443987e+04	9.1978631767969273e+03	2.7227685688756774e+03	7.8676504646832735e+04	3.2363372649831184e+04	2.8632641726891088e+03	1.2722860930790092e+04	1.2121832758054903e+04	6.8794423717476329e+03	9.4637239711468501e+03	5.6030514793143011e+03	1.6345137706899428e+04	6.4802176760653701e+03	1.2452728438827022e+04	1.2805633376637972e+04	2.2822424593763604e+04	5.8565295743633087e+03	4.5045339938869674e+03
2.7662705166353098e+03	1.2630557261007267e+04	9.2598822172202017e+03	3.2191719732137706e+04	3.3217383818703565e+03	2.5153845178029162e+04	8.6070478755004551e+03	1.8807950633443987e+04	9.1978631767969273e+03	2.7164491254807808e+03	7.8675364204705053e+04	3.2363372649831184e+04	2.8632641726891088e+03	1.2722860930790092e+04	1.2121832758054903e+04	6.8794423717476329e+03	9.4637239711468501e+03	5.6030514793143011e+03	1.6343687120871587e+04	6.4156184078367460e+03	1.2452728438827022e+04	1.2801472717175635e+04	2.2822424593763604e+04	5.8565295743633087e+03	4.5045339938869674e+03
2.7662705166353098e+03	1.2627713758707128e+04	9.2598822172202017e+03	3.2094720258407389e+04	3.3201684078129047e+03	2.5153845178029162e+04	8.6070478755004551e+03	1.8683460704377092e+04	9.1978631767969273e+03	2.7157545028837385e+03	7.8666232276577779e+04	3.2359074285684408e+04	2.8632641726891088e+03	1.2550612453686870e+04	1.2121832758054903e+04	6.8794423717476329e+03	9.1915760681580086e+03	5.6030514793143011e+03	1.6343687120871587e+04	6.4156184078367460e+03	1.2452728438827022e+04	1.2800309961322873e+04	2.2822424593763604e+04	5.8565295743633087e+03	4.5041154360397686e+03
2.7662705166353098e+03	1.2627713758707128e+04	9.2598822172202017e+03	3.1505964612926713e+04	3.3201684078129047e+03	2.5153845178029162e+04	8.6070478755004551e+03	1.8683460704377092e+04	9.1966970166366027e+03	2.7157545028837385e+03	7.8640376022112498e+04	3.2359074285684408e+04	2.8367533344237736e+03	1.2405942965874438e+04	1.2121832758054903e+04	6.8794423717476329e+03	8.9514112274425534e+03	5.6030514793143011e+03	1.6304669322514101e+04	6.2951298229769855e+03	1.2452728438827022e+04	1.2795257406305933e+04	2.2822424593763604e+04	5.8565295743633087e+03	4.5041154360397686e+03
2.7662705166353098e+03	1.2627713758707128e+04	9.2598822172202017e+03	3.1495484017375209e+04	3.3194867570388164e+03	2.5153845178029162e+04	8.6070478755004551e+03	1.8683460704377092e+04	9.1966970166366027e+03	2.7153371394618734e+03	7.8640376022112498e+04	3.2359074285684408e+04	2.8367533344237736e+03	1.2405942965874438e+04	1.2121832758054903e+04	6.7987611348283554e+03	8.9514112274425534e+03	5.6030514793143011e+03	1.6219492722078086e+04	6.2951298229769855e+03	1.2452728438827022e+04	1.2795257406305933e+04	2.2822424593763604e+04	5.8565295743633087e+03	4.4936429341834100e+03
2.7615990226693666e+03	1.2627713758707128e+04	9.2598822172202017e+03	3.0760464069455087e+04	3.3189471770630503e+03	2.5044830180630372e+04	8.5912573257008862e+03	1.8683460704377092e+04	9.1966970166366027e+03	2.7153371394618734e+03	7.8630680257106855e+04	3.2346469473618563e+04	2.8367533344237736e+03	1.2405942965874438e+04	1.2121832758054903e+04	6.7987611348283554e+03	8.9514112274425534e+03	5.6030514793143011e+03	1.6219492722078086e+04	6.2951298229769855e+03	1.2452728438827022e+04	1.2791231518113247e+04	2.2822424593763604e+04	5.7186207159443165e+03	4.4936429341834100e+03
2.7615990226693666e+03	1.2627713758707128e+04	8.0249729244313539e+03	3.0756391880376963e+04	3.3188197802948625e+03	2.5044830180630372e+04	8.3520037213993965e+03	1.8683460704377092e+04	9.1966970166366027e+03	2.7153371394618734e+03	7.8607887545472477e+04	3.2346469473618563e+04	2.8367533344237736e+03	1.2405942965874438e+04	1.2121832758054903e+04	6.7987611348283554e+03	8.9514112274425534e+03	5.6011202622977762e+03	1.6219492722078086e+04	6.2951298229769855e+03	1.2452728438827022e+04	1.2791231518113247e+04	2.2813784528341967e+04	5.7186207159443165e+03	4.4378090112612917e+03
2.7615990226693666e+03	1.2627713758707128e+04	8.0249729244313539e+03	3.0756391880376963e+04	3.3187667599362039e+03	2.5021856373171700e+04	8.3520037213993965e+03	1.8682814477435088e+04	9.1966970166366027e+03	2.7146586782621453e+03	7.8604736572014459e+04	3.2346469473618563e+04	2.8367533344237736e+03	1.2405942965874438e+04	1.2121832758054903e+04	6.7987611348283554e+03	8.9514112274425534e+03	5.6011202622977762e+03	1.6219492722078086e+04	6.2951298229769855e+03	1.2452728438827022e+04	1.2791231518113247e+04	2.2813784528341967e+04	5.7186207159443165e+03	4.4378090112612917e+03
2.7585287818546622e+03	1.2627713758707128e+04	8.0249729244313539e+03	3.0385682344677436e+04	3.3187667599362039e+03	2.5013251653006177e+04	8.3416275542261283e+03	1.8682814477435088e+04	9.0386519996528896e+03	2.7146586782621453e+03	7.8602460278655868e+04	3.2346469473618563e+04	2.8367533344237736e+03	1.2405942965874438e+04	1.2083730185376871e+04	6.7987611348283554e+03	8.9514112274425534e+03	5.5558706472145759e+03	1.6219492722078086e+04	6.2951298229769855e+03	1.2452728438827022e+04	1.2790482898858529e+04	2.2788058602765188e+04	5.7186207159443165e+03	4.4378090112612917e+03
2.7585287818546622e+03	1.2627713758707128e+04	8.0249729244313539e+03	3.0356764727111487e+04	3.3179229730469174e+03	2.4964338559659278e+04	8.3416275542261283e+03	1.8631810823785800e+04	9.0344370987036327e+03	2.7103340667983753e+03	7.8596754839924834e+04	3.2343663369495094e+04	2.8367533344237736e+03	1.2345385641083059e+04	1.2083730185376871e+04	6.7987611348283554e+03	8.9514112274425534e+03	5.5558706472145759e+03	1.6219100082184163e+04	6.2951298229769855e+03	1.2452728438827022e+04	1.2790233613547131e+04	2.2788058602765188e+04	5.7186207159443165e+03	4.4378090112612917e+03
2.7585287818546622e+03	1.2627713758707128e+04	7.8454912263970182e+03	3.0185146083069860e+04	3.3164905623030600e+03	2.4964338559659278e+04	8.3416275542261283e+03	1.8631810823785800e+04	9.0344370987036327e+03	2.7040400130798080e+03	7.8596754839924834e+04	3.2343663369495094e+04	2.8367533344237736e+03	1.2232788830143068e+04	1.2083730185376871e+04	6.7987611348283554e+03	8.9514112274425534e+03	5.5558706472145759e+03	1.6219100082184163e+04	6.2545234748017174e+03	1.2452728438827022e+04	1.2789471493136882e+04	2.2788058602765188e+04	5.7186207159443165e+03	4.4378090112612917e+03
2.7585287818546622e+03	1.2542900862631333e+04	7.8454912263970182e+03	3.0185146083069860e+04	3.3121137003005665e+03	2.4964338559659278e+04	8.3416275542261283e+03	1.8631810823785800e+04	9.0344370987036327e+03	2.6925476874105316e+03	7.8591180919028004e+04	3.2341018160371903e+04	2.8288715663785533e+03	1.2232788830143068e+04	1.2076133594877265e+04	6.7987611348283554e+03	8.9514112274425534e+03	5.5558706472145759e+03	1.6217956979542658e+04	6.2545234748017174e+03	1.2452728438827022e+04	1.2789471493136882e+04	2.2788058602765188e+04	5.7186207159443165e+03	4.4378090112612917e+03
2.7585287818546622e+03	1.2542900862631310e+04	7.7060054740335927e+03	3.0185146083069860e+04	3.3121137003005665e+03	2.4964338559659278e+04	8.3341227590928138e+03	1.8631810823785800e+04	9.0344370987036327e+03	2.6925476874105316e+03	7.8590931967238008e+04	3.2341018160371903e+04	2.8256391317274229e+03	1.2232788830143068e+04	1.2076133594877265e+04	6.7987611348283554e+03	8.7978210708865336e+03	5.5558706472145759e+03	1.6217956979542658e+04	6.2545234748017174e+03	1.2452728438827022e+04	1.2788255632589833e+04	2.2788058602765188e+04	5.7186207159443165e+03	4.4378090112612917e+03
2.7577520650534761e+03	1.2542900862631310e+04	7.7060054740335927e+03	2.9502955536040266e+04	3.3121137003005665e+03	2.4964338559659278e+04	8.3341227590928138e+03	1.8631810823785800e+04	9.0337670961955882e+03	2.6925476874105316e+03	7.8590931967238008e+04	3.2336200852823222e+04	2.8256391317274229e+03	1.2212930151859095e+04	1.2076133594877265e+04	6.7987611348283554e+03	8.7978210708865336e+03	5.5558706472145759e+03	1.6217956979542658e+04	6.2545234748017174e+03	1.2452728438827022e+04	1.2787462742774886e+04	2.2788058602765188e+04	5.7186207159443165e+03	4.4378090112612917e+03
2.7577520650534761e+03	1.2542900862631310e+04	7.7060054740335927e+03	2.9341245405368587e+04	3.3121137003005665e+03	2.4964338559659278e+04	8.3341227590928138e+03	1.8631810823785800e+04	9.0337670961955882e+03	2.6925476874105316e+03	7.8590040059773120e+04	3.2330524053441040e+04	2.8256391317274229e+03	1.2212930151859095e+04	1.2076133594877265e+04	6.7987611348283554e+03	8.7978210708865336e+03	5.5558706472145759e+03	1.6217956979542658e+04	6.2545234748017174e+03	1.2452728438827022e+04	1.2787462742774886e+04	2.2788058602765188e+04	5.7186207159443165e+03	4.4378090112612917e+03
2.7577520650534761e+03	1.2542900862631308e+04	7.7060054740335927e+03	2.8579377421098739e+04	3.3091734969930367e+03	2.4964338559659278e+04	8.3341227590928138e+03	1.8631810823785800e+04	9.0234599541266489e+03	2.6925476874105316e+03	7.8587448807217152e+04	3.2330524053441040e+04	2.8256391317274229e+03	1.1964082402642984e+04	1.2076133594877265e+04	6.7987611348283554e+03	8.7978210708865336e+03	5.5558706472145759e+03	1.6217956979542658e+04	6.2545234748017174e+03	1.1592955652552573e+04	1.2787024781549342e+04	2.2788058602765188e+04	5.7186207159443165e+03	4.4378090112612917e+03
2.7316495389781326e+03	1.2542900862631308e+04	7.7060054740335927e+03	2.8579377421098739e+04	3.3084722124782470e+03	2.4961228126197402e+04	8.3341227590928138e+03	1.8631810823785800e+04	9.0234599541266489e+03	2.6925476874105316e+03	7.8585586122188310e+04	3.2330524053441040e+04	2.8256391317274229e+03	1.1964082402642984e+04	1.2069682215130053e+04	6.7916481080299945e+03	8.7155501940300455e+03	5.5025898368075614e+03	1.6217956979542658e+04	6.2545234748017174e+03	1.1592955652552573e+04	1.2787024781549342e+04	2.2788058602765188e+04	5.7186207159443165e+03	4.4378090112612917e+03
2.7316495389781326e+03	1.2542900862631308e+04	7.7060054740335927e+03	2.8555456600700487e+04	3.3083419756275593e+03	2.4961228126197402e+04	8.3341227590928138e+03	1.8631810823785800e+04	9.0234599541266489e+03	2.6925476874105316e+03	7.8583263720850940e+04	3.2330524053441040e+04	2.8171680634673194e+03	1.1964082402642984e+04	1.2069682215130053e+04	6.7135779121845489e+03	8.6415909536555537e+03	5.5025898368075614e+03	1.6217956979542658e+04	6.2545234748017174e+03	1.1592955652552573e+04	1.2786114532767457e+04	2.2788058602765188e+04	5.7186207159443165e+03	4.4378090112612917e+03
2.7316495389781326e+03	1.2542900862631308e+04	7.7060054740335927e+03	2.8555456600700487e+04	3.3083419756275593e+03	2.4959800224366547e+04	8.3341227590928138e+03	1.8631810823785800e+04	9.0234599541266489e+03	2.6827465522934217e+03	7.8582369841831969e+04	3.2330524053441040e+04	2.8148010517593912e+03	1.1891326669412410e+04	1.2061586371074929e+04	6.7086520867850413e+03	8.6415909536555537e+03	5.4864606780313188e+03	1.6217956979542658e+04	6.2545234748017174e+03	1.1592955652552573e+04	1.2784751770506911e+04	2.2788058602765188e+04	5.7186207159443165e+03	4.4378090112612917e+03
2.7316495389781326e+03	1.2542656102690627e+04	7.7060054740335927e+03	2.8555456600700487e+04	3.3083419756275593e+03	2.4924508432806433e+04	8.3341227590928138e+03	1.8631810823785800e+04	9.0234599541266489e+03	2.6827465522934217e+03	7.8580865245229244e+04	3.2328621971073306e+04	2.8148010517593912e+03	1.1891326669412410e+04	1.2061586371074929e+04	6.7086520867850413e+03	8.4510260882819257e+03	5.4858918303438459e+03	1.6188946049453505e+04	6.2545234748017174e+03	1.1592955652552573e+04	1.2784751770506911e+04	2.2788058602765188e+04	5.7186207159443165e+03	4.3777074211252757e+03
2.7316495389781326e+03	1.2542499511003496e+04	7.7060054740335927e+03	2.8346445114008809e+04	3.3083419756275593e+03	2.4914855605232678e+04	8.3341227590928138e+03	1.8568027782186964e+04	9.0234599541266489e+03	2.6807272318325413e+03	7.8578541495122859e+04	3.2318126510684753e+04	2.8121779592023049e+03	1.1760953251183921e+04	1.2061586371074929e+04	6.5798825451786297e+03	8.3986969386612818e+03	5.4781398773312958e+03	1.6023005893454498e+04	6.2522194996353319e+03	1.1592955652552573e+04	1.2784751770506911e+04	2.2788058602765188e+04	5.7186207159443165e+03	4.3777074211252757e+03
2.7316495389781326e+03	1.2485968864228569e+04	7.7060054740335927e+03	2.8060864320500245e+04	3.3083419756275593e+03	2.4914855605232678e+04	8.3341227590928138e+03	1.8545735615200909e+04	9.0234599541266489e+03	2.6795531133995764e+03	7.8576163847849966e+04	3.2318126510684753e+04	2.8121779592023049e+03	1.1715958846176094e+04	1.2061586371074929e+04	6.5798825451786297e+03	8.3986969386612818e+03	5.4781398773312958e+03	1.6023005893454498e+04	6.2513980528672255e+03	1.1592955652552573e+04	1.2783201978707522e+04	2.2786779791598980e+04	5.7186207159443165e+03	4.3033477999111965e+03
2.7316495389781326e+03	1.2482126563725245e+04	7.7060054740335927e+03	2.8060864320500245e+04	3.3083419756275593e+03	2.4862079811190961e+04	8.3341227590928138e+03	1.8545735615200909e+04	9.0234599541266489e+03	2.6793690906848515e+03	7.8574600924789716e+04	3.2315126215180990e+04	2.8121779592023049e+03	1.1715958846176094e+04	1.2058605397333584e+04	6.5798825451786297e+03	8.3986969386612818e+03	5.4760764539855381e+03	1.6023005893454498e+04	6.2513980528672255e+03	1.1592955652552573e+04	1.2782260182653315e+04	2.2786779791598980e+04	5.7186207159443165e+03	4.3033477999111965e+03
2.7316495389781326e+03	1.2477619634793817e+04	7.7060054740335927e+03	2.8060864320500245e+04	3.3083419756275593e+03	2.4859223178782770e+04	8.3341227590928138e+03	1.8545735615200909e+04	9.0045004659250899e+03	2.6626192998525316e+03	7.8574600924789716e+04	3.2315126215180990e+04	2.8121779592023049e+03	1.1715958846176094e+04	1.2000407529638353e+04	6.5798825451786297e+03	8.1533233667709792e+03	5.4760764539855381e+03	1.6023005893454498e+04	6.2513980528672255e+03	1.1592955652552573e+04	1.2782260182653315e+04	2.2786779791598980e+04	5.7186207159443165e+03	4.3033477999111965e+03
2.7316495389781326e+03	1.2473824206794168e+04	7.7060054740335927e+03	2.8060864320500245e+04	3.3067671409218065e+03	2.4818968433983486e+04	8.3341227590928138e+03	1.8545735615200909e+04	8.9959186163601826e+03	2.6621261286602012e+03	7.8574027755654897e+04	3.2315126215180990e+04	2.8121779592023049e+03	1.1715958846176094e+04	1.2000407529638353e+04	6.5798825451786297e+03	8.1533233667709792e+03	5.4760764539855381e+03	1.6022839741895037e+04	6.2513980528672255e+03	1.1592955358192103e+04	1.2780645509036438e+04	2.2784180543867948e+04	5.6848704144000012e+03	4.3033477999111965e+03
2.7316495389781326e+03	1.2473824206794168e+04	7.7060054740335927e+03	2.7674642502329625e+04	3.3067671409218065e+03	2.4818968433983486e+04	8.3292907239205888e+03	1.8349673107897957e+04	8.9959186163601826e+03	2.6505534479352573e+03	7.8572382484028494e+04	3.2315126215180990e+04	2.8121779592023049e+03	1.1715958846176094e+04	1.2000407529638353e+04	6.5798825451786297e+03	7.9815587814863447e+03	5.4760764539855381e+03	1.6022839741895037e+04	6.1938994176874839e+03	1.1592955358192103e+04	1.2780645509036438e+04	2.2784180543867948e+04	5.6848704144000012e+03	4.3033477999111965e+03
2.7316495389781326e+03	1.2473624729028001e+04	7.7060054740335927e+03	2.7479247124768131e+04	3.3067671409218065e+03	2.4818968433983486e+04	8.3292907239205888e+03	1.8256898108147827e+04	8.9956545234437363e+03	2.6505534479352573e+03	7.8572382484028494e+04	3.2315126215180990e+04	2.8120621288372758e+03	1.1555378788660433e+04	1.2000407529638353e+04	6.4910694184532313e+03	7.9815587814863447e+03	5.4760764539855381e+03	1.6022839741895037e+04	6.1865101322755972e+03	1.1592955358192103e+04	1.2780400151778764e+04	2.2784180543867948e+04	5.6848704144000012e+03	4.3033477999111965e+03
2.7316495389781326e+03	1.2470637448066371e+04	7.6646182197008930e+03	2.7053130587676031e+04	3.3067671409218065e+03	2.4818473980141895e+04	8.3292907239205888e+03	1.8256898108147827e+04	8.9884541527614310e+03	2.6335588145345350e+03	7.8572382484028494e+04	3.2314297607776043e+04	2.8118203381906542e+03	1.1555378788660433e+04	1.2000407529638353e+04	6.4910694184532313e+03	7.9600228945191393e+03	5.4760764539855381e+03	1.6022771536243057e+04	6.1865101322755972e+03	1.1592955358192103e+04	1.2780400151778764e+04	2.2765574290449738e+04	5.6848704144000012e+03	4.3033477999111965e+03
2.7316495389781326e+03	1.2455619568094262e+04	7.6646182197008930e+03	2.7021236826688310e+04	3.3067671409218065e+03	2.4799932570915476e+04	8.3292907239205888e+03	1.8256898108147827e+04	8.9039420024653409e+03	2.6335588145345350e+03	7.8571296928211697e+04	3.2311533544474354e+04	2.8118203381906542e+03	1.1555378788660433e+04	1.2000407529638353e+04	6.4910694184532313e+03	7.9600228945191393e+03	5.4760764539855381e+03	1.5991327763531637e+04	6.1865101322755972e+03	1.1435962471748157e+04	1.2780400151778764e+04	2.2762657457813810e+04	5.6848704144000012e+03	4.3033477999111965e+03
2.7281090723052412e+03	1.2455619568094262e+04	7.6646182197008930e+03	2.7021236826688310e+04	3.3067671409218065e+03	2.4783441764627387e+04	8.3292907239205888e+03	1.8256898108147827e+04	8.9039420024653409e+03	2.6234294082571505e+03	7.8570391195986216e+04	3.2308454116227462e+04	2.8118203381906542e+03	1.1507572046433448e+04	1.2000407529638353e+04	6.4910694184532313e+03	7.9330315009851729e+03	5.4760764539855381e+03	1.5990618474713388e+04	6.1865101322755972e+03	1.0654165378174766e+04	1.2778200708924027e+04	2.2762603707783448e+04	5.6848704144000012e+03	4.3033477999111965e+03
2.7246524937619633e+03	1.2455619568094262e+04	7.4350584756978369e+03	2.7021236826688310e+04	3.3067671409218065e+03	2.4768267108057684e+04	8.3292907239205888e+03	1.8127843542927651e+04	8.9039420024653409e+03	2.6234294082571505e+03	7.8569049660131583e+04	3.2308454116227462e+04	2.8118203381906542e+03	1.1507572046433448e+04	1.2000407529638353e+04	6.4910694184532313e+03	7.9150940232989815e+03	5.4760764539855381e+03	1.5967521989578840e+04	6.1865101322755972e+03	1.0654165378174766e+04	1.2778200708924027e+04	2.2762603707783448e+04	5.6807499715663153e+03	4.3033477999111965e+03
2.7246524937619633e+03	1.2455619436747831e+04	7.4350584756978369e+03	2.6867278176117175e+04	3.3067671409218065e+03	2.4768267108057684e+04	8.3292907239205888e+03	1.8127843542927651e+04	8.8251698256327727e+03	2.6201291897171668e+03	7.8568347971532974e+04	3.2304054960114114e+04	2.8118203381906542e+03	1.1489698399894223e+04	1.2000407529638353e+04	6.4019509546408945e+03	7.9150940232989815e+03	5.4760764539855381e+03	1.5956157896748813e+04	6.1865101322755972e+03	1.0654165378174766e+04	1.2776969600771712e+04	2.2762603707783448e+04	5.6807499715663153e+03	4.3033477999111965e+03
2.7246524937619633e+03	1.2455619436747831e+04	7.4350584756978369e+03	2.6859994347048319e+04	3.3067671409218065e+03	2.4767960124580997e+04	8.3292907239205888e+03	1.8127843542927651e+04	8.7924552548714273e+03	2.6201291897171668e+03	7.8568347971532974e+04	3.2303389995782502e+04	2.8112803405450504e+03	1.1489698399894223e+04	1.1959096231502719e+04	6.4019509546408945e+03	7.8982728779311910e+03	5.4760764539855381e+03	1.5955130240929486e+04	6.1865101322755972e+03	1.0654165378174766e+04	1.2776969600771712e+04	2.2757089099328616e+04	5.6783924596996840e+03	4.3033477999111965e+03
2.7245404672051018e+03	1.2425741171516900e+04	7.4350584756978369e+03	2.6495654573398835e+04	3.3067671409218065e+03	2.4747530669948035e+04	8.3292907239205888e+03	1.8127843542927651e+04	8.7924552548714273e+03	2.6201291897171668e+03	7.8567393738350249e+04	3.2293774798529546e+04	2.8104437309536252e+03	1.1489698399894223e+04	1.1958941243384281e+04	6.4019509546408945e+03	7.8982728779311910e+03	5.4760764539855381e+03	1.5955130240929486e+04	6.1865101322755972e+03	1.0654165378174766e+04	1.2776969600771712e+04	2.2757089099328616e+04	5.6783924596996840e+03	4.3033477999111965e+03
2.7245095408939701e+03	1.2425741171516900e+04	7.4350584756978369e+03	2.6495654573398835e+04	3.3067671409218065e+03	2.4747530669948035e+04	8.3292907239205888e+03	1.8127843542927651e+04	8.7924552548714273e+03	2.6201291897171668e+03	7.8567370484819505e+04	3.2293774798529546e+04	2.8104437309536252e+03	1.1489698399894223e+04	1.1904187394803481e+04	6.4019509546408945e+03	7.8923149730545047e+03	5.4760764539855381e+03	1.5955130240929486e+04	6.1682680685384730e+03	1.0648468121255159e+04	1.2776969600771712e+04	2.2757089099328616e+04	5.6743805956695796e+03	4.1370153484812718e+03
2.7245095408939701e+03	1.2391794751548261e+04	7.4350584756978369e+03	2.6495654573398835e+04	3.3067671409218065e+03	2.4723437571603186e+04	8.3292907239205888e+03	1.8070895887971215e+04	8.7924552548714273e+03	2.6167006370394502e+03	7.8562409183599317e+04	3.2268105496702359e+04	2.8086875749947094e+03	1.1489698399894223e+04	1.1904187394803481e+04	6.4019509546408945e+03	7.8923149730545047e+03	5.4663472292608212e+03	1.5955130240929486e+04	6.1682680685384730e+03	1.0648468121255159e+04	1.2774328749471380e+04	2.2757089099328616e+04	5.6718647446425603e+03	4.1370153484812718e+03
2.7245095408939701e+03	1.2388510895058558e+04	7.4350584756978369e+03	2.6495654573398835e+04	3.3067671409218065e+03	2.4714801119109430e+04	8.3091456315871910e+03	1.8070895887971215e+04	8.7924552548714273e+03	2.6148834977925590e+03	7.8560164413350198e+04	3.2264574152262492e+04	2.7985297681934603e+03	1.1489698399894223e+04	1.1904187394803481e+04	6.4019509546408945e+03	7.8923149730545047e+03	5.4569822889628322e+03	1.5955130240929486e+04	6.1682680685384730e+03	1.0648468121255159e+04	1.2773444248657106e+04	2.2751042190903147e+04	5.6718647446425603e+03	4.1370153484812718e+03
2.7245095408939701e+03	1.2353226609668414e+04	7.4350584756978369e+03	2.6495654573398835e+04	3.3067671409218065e+03	2.4709106531104972e+04	8.3039271226818855e+03	1.8070895887971215e+04	8.7924552548714273e+03	2.6148834977925590e+03	7.8551972588557779e+04	3.2264574152262492e+04	2.7985297681934603e+03	1.1489698399894223e+04	1.1904187394803481e+04	6.4019509546408945e+03	7.8923149730545047e+03	5.3976460235774075e+03	1.5955130240929486e+04	6.1682680685384730e+03	1.0648468121255159e+04	1.2773167134653684e+04	2.2749036951582617e+04	5.6549881441210164e+03	4.1365665234209000e+03
2.7245095408939701e+03	1.2353226609668414e+04	7.4314299118384506e+03	2.6414455169706940e+04	3.3067671409218065e+03	2.4709106531104972e+04	8.3039271226818855e+03	1.8070884457994904e+04	8.7924552548714273e+03	2.6148834977925590e+03	7.8544941925024847e+04	3.2259976709616793e+04	2.7985297681934603e+03	1.1489698399894223e+04	1.1846816845421108e+04	6.4019509546408945e+03	7.8923149730545047e+03	5.3976460235774075e+03	1.5955130240929486e+04	6.1682680685384730e+03	1.0648468121255159e+04	1.2772635204365712e+04	2.2749036951582617e+04	5.6519429870911808e+03	4.1365665234209000e+03
2.7245095408939701e+03	1.2347919703094149e+04	7.4314299118384506e+03	2.6343545311392081e+04	3.3062916630269697e+03	2.4671581235755111e+04	8.3039271226818855e+03	1.8070884457994904e+04	8.7924485386290689e+03	2.6148834977925590e+03	7.8544787658303248e+04	3.2259976709616793e+04	2.7962158572124313e+03	1.1489698399894223e+04	1.1846816845421108e+04	6.4019509546408945e+03	7.8923149730545047e+03	5.3976460235774075e+03	1.5899995419289375e+04	6.1087681960997907e+03	1.0648468121255159e+04	1.2772275148603478e+04	2.2749036951582617e+04	5.6519429870911808e+03	4.1131814460319474e+03
2.7245095408939701e+03	1.2347919703094149e+04	7.4314299118384506e+03	2.6343545311392081e+04	3.3062916630269697e+03	2.4620342961460497e+04	8.3014843378136793e+03	1.8070884457994904e+04	8.7924485386290689e+03	2.6148834977925590e+03	7.8538495154522476e+04	3.2259624308434184e+04	2.7962158572124313e+03	1.1489698399894223e+04	1.1842819927980890e+04	6.3993340577239978e+03	7.8211704055412101e+03	5.3976460235774075e+03	1.5899995419289375e+04	6.1087681960997907e+03	1.0367840436258128e+04	1.2771511134383720e+04	2.2746916342697634e+04	5.6519429870911808e+03	4.1131814460319474e+03
2.7245095408939701e+03	1.2347919703094149e+04	7.4314299118384506e+03	2.6343545311392081e+04	3.3050132420971108e+03	2.4492833072189318e+04	8.2977907876943991e+03	1.8070884457994904e+04	8.7924485386290689e+03	2.6148834977925590e+03	7.8537177540612945e+04	3.2253688342290356e+04	2.7962158572124313e+03	1.1489698399894223e+04	1.1833565364815773e+04	6.3993340577239978e+03	7.8211704055412101e+03	5.3976460235774075e+03	1.5899995419289375e+04	6.1087681960997907e+03	1.0367840436258128e+04	1.2771308109882480e+04	2.2746916342697634e+04	5.6519429870911808e+03	4.0623666026613673e+03
2.7245095408939701e+03	1.2313512982420556e+04	7.2568831824375029e+03	2.6270563472713617e+04	3.3047600448809440e+03	2.4251035572445398e+04	8.2948903117373266e+03	1.8070884457994904e+04	8.7924485386290689e+03	2.6148834977925590e+03	7.8537177540612945e+04	3.2246177304384109e+04	2.7959027187513648e+03	1.1489698399894223e+04	1.1833565364815773e+04	6.3993340577239978e+03	7.7702414366845687e+03	5.3976460235774075e+03	1.5865011644848530e+04	6.0536632754297043e+03	1.0367840436258128e+04	1.2767737293628647e+04	2.2746916342697634e+04	5.6514063869279653e+03	4.0623666026613673e+03
2.7058548446079431e+03	1.2308784522127462e+04	7.2568831824375029e+03	2.6270563472713617e+04	3.3001495245709084e+03	2.3197975033199495e+04	8.2810630949097813e+03	1.8070884457994904e+04	8.7924485386290689e+03	2.6148834977925590e+03	7.8536506449724679e+04	3.2244808411907576e+04	2.7897834601840614e+03	1.1489698399894223e+04	1.1833565364815773e+04	6.3993340577239978e+03	7.7702414366845687e+03	5.3976460235774075e+03	1.5865011644848530e+04	6.0447039701877839e+03	1.0113052981365196e+04	1.2764904056051162e+04	2.2744095098686641e+04	5.6497360663726358e+03	4.0229743859905502e+03
2.7058548446079431e+03	1.2200547862161289e+04	7.2568831824375029e+03	2.6166638600758728e+04	3.3001495245709084e+03	2.0429013188787227e+04	8.2716070616192646e+03	1.8070884457994904e+04	8.7924485386290689e+03	2.6146943271973323e+03	7.8535261515427133e+04	3.2244808411907576e+04	2.7897834601840614e+03	1.1190962626918237e+04	1.1781668240931955e+04	6.3993340577239978e+03	7.7702414366845687e+03	5.3976460235774075e+03	1.5865011644848530e+04	6.0447039701877839e+03	1.0113052981365196e+04	1.2764572930384044e+04	2.2744095098686641e+04	5.6497360663726358e+03	4.0229743859905502e+03
2.7058548446079431e+03	1.2002423846573009e+04	7.1392258949958887e+03	2.6166638600758728e+04	3.3001495245709084e+03	1.5997937056829312e+04	8.2716070616192646e+03	1.8070884457994904e+04	8.7910917446862986e+03	2.6146943271973323e+03	7.8533214548519638e+04	3.2238305133451307e+04	2.7880655195286868e+03	1.1190962626918237e+04	1.1713094928978033e+04	6.3993340577239978e+03	7.7702414366845687e+03	5.3976460235774075e+03	1.5865011644848530e+04	6.0447039701877839e+03	1.0113052981365196e+04	1.2759067934664159e+04	2.2744095098686641e+04	5.6497360663726358e+03	4.0229743859905502e+03
2.7039022972783177e+03	1.2002423846573009e+04	7.0775462488551984e+03	2.6010918323086829e+04	3.3001495245709084e+03	1.5935607996108040e+04	8.2543314307657838e+03	1.8037119715918168e+04	8.7910917446862986e+03	2.6116666329836589e+03	7.8530832187783089e+04	3.2225245528350581e+04	2.7880655195286868e+03	1.0797133048686903e+04	1.1467561421915734e+04	6.3993340577239978e+03	7.7702414366845687e+03	5.3976460235774075e+03	1.5856068870598392e+04	6.0436243567012762e+03	1.0113052981365196e+04	1.2756079107694999e+04	2.2740604741080679e+04	5.6457330676574820e+03	4.0229743859905502e+03
2.7039022972783177e+03	1.2002423846573009e+04	7.0775462488551984e+03	2.6010918323086829e+04	3.3001495245709084e+03	1.5823125330479343e+04	8.2543314307657838e+03	1.8021321740202522e+04	8.7910917446862986e+03	2.6116666329836589e+03	7.8528577795682300e+04	3.2212259854148797e+04	2.7861550517771466e+03	1.0578532734762986e+04	1.1369898573420673e+04	6.3843664041204656e+03	7.7684826441579353e+03	5.3976460235774075e+03	1.5856068870598392e+04	6.0436243567012762e+03	1.0113052981365196e+04	1.2755014390646604e+04	2.2731393971190388e+04	5.6011465089342737e+03	4.0229743859905502e+03
2.7039022972783177e+03	1.1985960423346347e+04	7.0775462488551984e+03	2.6010918323086829e+04	3.3001495245709084e+03	1.5774169421376471e+04	8.2422621308218531e+03	1.8021321740202522e+04	8.7910917446862986e+03	2.6116666329836589e+03	7.8525055769494502e+04	3.2189939322527225e+04	2.7861550517771466e+03	1.0203562620917735e+04	1.1242095017154636e+04	6.3843664041204656e+03	7.7499668423878338e+03	5.3976460235774075e+03	1.5856068870598392e+04	6.0436243567012762e+03	1.0113052981365196e+04	1.2754141646764014e+04	2.2731393971190388e+04	5.6011465089342737e+03	4.0229743859905502e+03
2.7039022972783177e+03	1.1985960423346347e+04	7.0775462488551984e+03	2.6010918323086829e+04	3.3001495245709084e+03	1.5768915113258923e+04	8.2287975402630036e+03	1.8008419954098528e+04	8.7894745100571090e+03	2.6116666329836589e+03	7.8521732481597297e+04	3.2177063102715561e+04	2.7861550517771466e+03	1.0028737052570101e+04	1.1242095017154636e+04	6.2733686277452771e+03	7.7499668423878338e+03	5.3841995731933712e+03	1.5856068870598392e+04	6.0436243567012762e+03	1.0113052981365196e+04	1.2751694024965163e+04	2.2708083089099458e+04	5.6011465089342737e+03	4.0229743859905502e+03
2.7039022972783177e+03	1.1985960423346347e+04	7.0775462488551984e+03	2.6010918323086829e+04	3.3001495245709084e+03	1.5764839880053507e+04	8.2260054946622968e+03	1.7968218656273828e+04	8.7894745100571090e+03	2.6112528366647452e+03	7.8519128446105053e+04	3.2168178582623466e+04	2.7858213471729264e+03	1.0024459494424114e+04	1.1242095017154636e+04	6.2733686277452771e+03	7.7428857374124145e+03	5.3839436664960667e+03	1.5856068870598392e+04	6.0436243567012762e+03	1.0112977579010952e+04	1.2750605909332431e+04	2.2708083089099458e+04	5.6011465089342737e+03	4.0223236057716958e+03
2.7037310874252003e+03	1.1985960423346347e+04	7.0775462488551984e+03	2.6010918323086829e+04	3.3001495245709084e+03	1.5762013865555436e+04	8.2184415659629994e+03	1.7968218656273828e+04	8.7894728904979675e+03	2.6064641223869085e+03	7.8519128446105053e+04	3.2168178582623466e+04	2.7858213471729264e+03	1.0024459494424114e+04	1.1112478153408632e+04	6.2733686277452771e+03	7.7428857374124145e+03	5.3645159707285347e+03	1.5853106496954528e+04	5.9729680276587042e+03	9.9768294530649200e+03	1.2750605909332431e+04	2.2700945102550082e+04	5.5827714704704904e+03	4.0223236057716958e+03
2.7035554076617677e+03	1.1985960423346347e+04	7.0775462488551984e+03	2.6003728699853684e+04	3.3001495245709084e+03	1.5759651263764172e+04	8.2184415659629994e+03	1.7944171160489554e+04	8.7894728904979675e+03	2.6064641223869085e+03	7.8519073050488398e+04	3.2168178582623466e+04	2.7812264108820846e+03	9.8164083603017571e+03	1.1112478153408632e+04	6.2733686277452771e+03	7.7428857374124145e+03	5.3645159707285347e+03	1.5853106496954528e+04	5.9729680276587042e+03	9.9768294530649200e+03	1.2748926935751861e+04	2.2694798899570509e+04	5.5738313601954287e+03	4.0167913639577150e+03
2.7035554076617677e+03	1.1985960423346347e+04	7.0775462488551984e+03	2.6003728699853684e+04	3.2963856240094510e+03	1.5758819316157278e+04	8.2184415659629994e+03	1.7944171160489554e+04	8.7894728904979675e+03	2.6043772458933058e+03	7.8517063258806811e+04	3.2159623737246118e+04	2.7812264108820846e+03	9.8164083603017571e+03	1.1031261772374804e+04	6.2733686277452771e+03	7.7428857374124145e+03	5.3645159707285347e+03	1.5853106496954528e+04	5.9729680276587042e+03	9.9768294530649200e+03	1.2748884762860356e+04	2.2694798899570509e+04	5.5738313601954287e+03	4.0167913639577150e+03
2.7035554076617677e+03	1.1957082726529332e+04	7.0775462488551984e+03	2.6003728699853684e+04	3.2963856240094510e+03	1.5757529109519372e+04	8.2184415659629994e+03	1.7913674118353891e+04	8.7894728904979675e+03	2.6043772458933058e+03	7.8515982642966934e+04	3.2158012355944073e+04	2.7812264108820846e+03	8.9610018626632263e+03	1.0749529759110865e+04	6.2733686277452771e+03	7.7361433730642520e+03	5.3334160841627599e+03	1.5853106496954528e+04	5.9729680276587042e+03	9.9768294530649200e+03	1.2748884762860356e+04	2.2679185407687768e+04	5.5738313601954287e+03	3.9999126858458485e+03
2.7035554076617677e+03	1.1957082726529332e+04	7.0775462488551984e+03	2.5989105229340352e+04	3.2963856240094510e+03	1.5747952970293220e+04	8.2184415659629994e+03	1.7903007041452602e+04	8.7894728904979675e+03	2.6034879849478289e+03	7.8513881931235766e+04	3.2158012355944073e+04	2.7812264108820846e+03	8.9116089195440818e+03	1.0453150937983779e+04	6.2616886824422054e+03	7.7361433730642520e+03	5.3191762740921167e+03	1.5839640335206201e+04	5.9729680276587042e+03	9.9768294530649200e+03	1.2748635847057551e+04	2.2679185407687768e+04	5.5738313601954287e+03	3.9842354017179073e+03
2.7035554076617677e+03	1.1957082726529332e+04	7.0775462488551984e+03	2.5989105229340352e+04	3.2963856240094510e+03	1.5741981865047936e+04	8.2184415659629994e+03	1.7903007041452602e+04	8.7660676811155954e+03	2.6002568086036108e+03	7.8503352174272964e+04	3.2158012355944073e+04	2.7769714781249672e+03	8.8108004686293280e+03	1.0453150937983779e+04	6.2616886824422054e+03	7.7361433730642520e+03	5.3191762740921004e+03	1.5837248220345944e+04	5.9679700834002451e+03	9.9768294530649200e+03	1.2747312759125640e+04	2.2667025476382663e+04	5.5660108735303838e+03	3.9772235205986763e+03
2.7035554076617677e+03	1.1957082726529332e+04	7.0775462488551984e+03	2.5989105229340352e+04	3.2963856240094510e+03	1.5740340294301797e+04	8.2184415659629994e+03	1.7877339122859761e+04	8.7660676811155954e+03	2.6002568086036108e+03	7.8501608496233195e+04	3.2158012355944073e+04	2.7769714781249672e+03	8.6928131827164998e+03	1.0453150937983779e+04	6.2616886824422054e+03	7.7353342658892525e+03	5.3163721775345130e+03	1.5837248220345944e+04	5.9679700834002451e+03	9.9764013558927581e+03	1.2746613752986739e+04	2.2646831202416863e+04	5.5660108735303838e+03	3.9772235205986763e+03
2.7035306201308767e+03	1.1957082726529332e+04	6.7641736221351957e+03	2.5989105229340352e+04	3.2963819866566437e+03	1.5739926321269555e+04	8.2184415659629994e+03	1.7877339122859761e+04	8.7660676811155954e+03	2.6002568086036108e+03	7.8494927048493715e+04	3.2158012355944073e+04	2.7769714781249672e+03	8.5718494957524945e+03	1.0387640345195668e+04	6.2616886824422054e+03	7.7302634262779993e+03	5.3163721775345130e+03	1.5836109489011182e+04	5.9679700834002451e+03	9.9764013558927581e+03	1.2746175980993603e+04	2.2588805378977668e+04	5.5660108735303838e+03	3.9761852098128679e+03
2.7035306201308767e+03	1.1807008972002572e+04	6.7641736221351957e+03	2.5973320826816700e+04	3.2963819866566437e+03	1.5739260245397345e+04	8.2184415659629994e+03	1.7819000889305113e+04	8.7660676811155954e+03	2.6002568086036108e+03	7.8494105296708105e+04	3.2140605061911534e+04	2.7767076638400076e+03	8.4855789345303019e+03	1.0161106474065307e+04	6.2616886824422054e+03	7.7192914671132494e+03	5.3163721775345130e+03	1.5836109489011182e+04	5.9679700834002451e+03	9.9764013558927581e+03	1.2745163659311042e+04	2.2588805378977668e+04	5.5660108735303838e+03	3.9731529471412023e+03
2.7035306201308767e+03	1.1807008972002572e+04	6.7641736221351957e+03	2.5973320826816700e+04	3.2963819866566437e+03	1.5739033582221866e+04	8.2184415659629994e+03	1.7805021008450509e+04	8.7566351972991524e+03	2.6002568086036108e+03	7.8491264420025851e+04	3.2140605061911534e+04	2.7767076638400076e+03	8.4855789345303019e+03	1.0161106474065307e+04	6.2616886824422054e+03	7.7158679604548443e+03	5.3106840189718969e+03	1.5836109489011182e+04	5.9679700834002451e+03	9.9752420498670017e+03	1.2744927839827193e+04	2.2588805378977668e+04	5.5659334655271668e+03	3.9731230982387779e+03
2.7035306201308767e+03	1.1807008972002572e+04	6.7641736221351957e+03	2.5973320826816700e+04	3.2963819866566437e+03	1.5739033582221866e+04	8.2184415659629994e+03	1.7733208824510999e+04	8.7566351972991524e+03	2.5992284463467386e+03	7.8485491749641165e+04	3.2134663825198895e+04	2.7767076638400076e+03	8.4488285783260508e+03	9.9416978982361452e+03	6.0575899132635586e+03	7.7158679604548443e+03	5.2505048316875382e+03	1.5836109489011182e+04	5.9679700834002451e+03	9.9752420498670017e+03	1.2744417509130793e+04	2.2588805378977668e+04	5.5659334655271668e+03	3.9406074098348436e+03
2.7035306201308767e+03	1.1807008972002572e+04	6.7641736221351957e+03	2.5973320826816700e+04	3.2963819866566437e+03	1.5738594543456304e+04	8.2184415659629994e+03	1.7733208824510999e+04	8.7566351972991524e+03	2.5992284463467386e+03	7.8480800899389957e+04	3.2134663825198895e+04	2.7767076638400076e+03	8.4488285783260508e+03	9.6919124853836165e+03	6.0053240017612152e+03	7.7158679604548443e+03	5.1414989744647828e+03	1.5836109489011182e+04	5.9679700834002451e+03	9.9752420498670017e+03	1.2744293414999205e+04	2.2583688007315523e+04	5.5597249989814973e+03	3.9331925360497089e+03
2.7035306201308767e+03	1.1807008972002572e+04	6.6319000583979232e+03	2.5973320826816700e+04	3.2963819866566437e+03	1.5736213621929130e+04	8.2184415659629994e+03	1.7733208824510999e+04	8.7566351972991524e+03	2.5957014907480498e+03	7.8480800899389957e+04	3.2134481850477947e+04	2.7767076638400076e+03	8.4488285783260508e+03	9.6857552455198984e+03	6.0053240017612152e+03	7.7119243273071133e+03	5.1227126633942307e+03	1.5834827260867974e+04	5.9679700834002451e+03	9.9743637730906576e+03	1.2742170600324000e+04	2.2583688007315523e+04	5.5417913823085873e+03	3.9325428180340487e+03
2.7029818656795642e+03	1.1807008972002572e+04	6.6319000583979232e+03	2.5906425857210212e+04	3.2959357746014275e+03	1.5731297359582897e+04	8.2184415659629994e+03	1.7733208824510999e+04	8.7455951579948996e+03	2.5956656734632670e+03	7.8476309869145261e+04	3.2134481850477947e+04	2.7749333721935091e+03	8.4186608856608073e+03	9.4254219743498015e+03	6.0053240017612152e+03	7.6838816025281512e+03	5.1227126633942307e+03	1.5803145539275167e+04	5.9679700834002451e+03	9.9743637730906576e+03	1.2741862793946526e+04	2.2583688007315523e+04	5.5411543067619505e+03	3.9325428180340487e+03
2.7029818656795642e+03	1.1606379901980403e+04	6.6319000583979232e+03	2.5874351835429825e+04	3.2957139864716387e+03	1.5722180996265495e+04	8.2184415659629994e+03	1.7733208824510999e+04	8.7266147126482065e+03	2.5886771707764897e+03	7.8471172591404509e+04	3.2133793217177968e+04	2.7749333721935091e+03	8.4175398729706940e+03	9.1429281075025065e+03	6.0053240017612152e+03	7.6838816025281512e+03	5.1227126633942307e+03	1.5803145539275167e+04	5.9679700834002451e+03	9.9743637730906576e+03	1.2740610151648256e+04	2.2583688007315523e+04	5.5399352301227409e+03	3.9325428180340487e+03
2.7029818656795642e+03	1.1606379901980403e+04	6.6319000583979232e+03	2.5874351835429825e+04	3.2957139864716387e+03	1.5704494026613840e+04	8.2184415659629994e+03	1.7733208824510999e+04	8.7266147126482065e+03	2.5844585764410517e+03	7.8470995591863481e+04	3.2133735590746503e+04	2.7749333721935091e+03	8.3448808462688849e+03	8.1589733769629893e+03	6.0053240017612152e+03	7.6838816025281512e+03	5.0273437594320249e+03	1.5803145539275167e+04	5.9679700834002451e+03	9.9743275206425751e+03	1.2740164076713911e+04	2.2580723695943947e+04	5.5399352301227409e+03	3.8979626020453625e+03
2.7017518804456840e+03	1.1606379901980403e+04	6.6319000583979232e+03	2.5874351835429825e+04	3.2955350801511017e+03	1.5674796888615208e+04	8.2179475359032513e+03	1.7691463965958286e+04	8.7266147126482065e+03	2.5844585764410517e+03	7.8466290877184176e+04	3.2128263635820364e+04	2.7674606045080354e+03	8.3448808462688849e+03	7.8635676834576725e+03	6.0053240017612152e+03	7.6838816025281512e+03	5.0273437594320249e+03	1.5784943848328383e+04	5.9679700834002451e+03	9.9743275206425751e+03	1.2739194328483354e+04	2.2577303474715616e+04	5.5357023798506125e+03	3.8870067921894752e+03
2.7017518804456840e+03	1.1606379901980403e+04	6.6319000583979232e+03	2.5863251048952079e+04	3.2955350801511017e+03	1.5605160921716615e+04	8.2179475359032513e+03	1.7691463965958286e+04	8.7266147126482065e+03	2.5840892421456188e+03	7.8460740425239754e+04	3.2128263635820364e+04	2.7613293467940184e+03	8.3448808462688849e+03	7.3627289514823551e+03	6.0053240017612152e+03	7.6738317797734690e+03	5.0273437594320249e+03	1.5784943848328383e+04	5.9679700834002451e+03	9.9743275206425387e+03	1.2738880925781428e+04	2.2572957978447113e+04	5.5357023798506125e+03	3.8855869572659121e+03
2.7017518804456840e+03	1.1606379901980403e+04	6.6319000583979232e+03	2.5862797319982321e+04	3.2955350801511017e+03	1.5563905992716462e+04	8.2179475359032513e+03	1.7683077896766190e+04	8.7256165845451978e+03	2.5821858654927623e+03	7.8460740425239754e+04	3.2127062532974531e+04	2.7613293467940184e+03	8.3448808462688849e+03	6.9503386914184921e+03	6.0053240017612152e+03	7.6738317797734690e+03	5.0273437594320249e+03	1.5767653146746092e+04	5.9475911768320548e+03	9.9706279922677004e+03	1.2738415195413083e+04	2.2572957978447113e+04	5.5357023798506125e+03	3.8855869572659121e+03
2.7017518804456840e+03	1.1501774796397887e+04	6.6319000583979232e+03	2.5808453629441963e+04	3.2955350801511017e+03	1.5363365935301987e+04	8.2179475359032513e+03	1.7683077896766190e+04	8.6921829932384862e+03	2.5821858654927623e+03	7.8452959898873756e+04	3.2125299477867353e+04	2.7613293467940184e+03	8.3248501011308090e+03	6.9499518930193562e+03	6.0053240017612152e+03	7.6738317797734690e+03	5.0137613944841787e+03	1.5765972966352101e+04	5.9475911768320548e+03	9.9706279922677004e+03	1.2738059172833598e+04	2.2572957978447113e+04	5.5207839485771519e+03	3.8855869572659121e+03
2.6891818545873152e+03	1.1501774796397887e+04	6.6319000583979232e+03	2.5808453629441963e+04	3.2951015504180232e+03	1.5189496381233719e+04	8.2132492353161488e+03	1.7671285846886123e+04	8.6921829932384862e+03	2.5789332792362306e+03	7.8446807813102787e+04	3.2123036195148074e+04	2.7613293467940184e+03	8.3011351234658141e+03	6.8224347413557971e+03	6.0053240017612152e+03	7.6699151784495716e+03	4.9582587757288602e+03	1.5680285855267213e+04	5.9475911768320548e+03	9.9706279922677004e+03	1.2737538945526816e+04	2.2572957978447113e+04	5.5194523004341463e+03	3.8855869572659121e+03
2.6891818545873152e+03	1.1501774796397887e+04	6.6319000583979232e+03	2.5788192474807489e+04	3.2949394775258611e+03	1.5055833098417981e+04	8.2132492353161488e+03	1.7422262859750088e+04	8.6921829932384862e+03	2.5784300817909016e+03	7.8438289107149103e+04	3.2123036195148074e+04	2.7613293467940184e+03	8.3011351234658141e+03	6.8224347413557971e+03	6.0053240017612152e+03	7.6581399838579637e+03	4.9582587757288602e+03	1.5621181953168201e+04	5.9475911768320548e+03	9.9706279922677004e+03	1.2736929353563575e+04	2.2566185952984022e+04	5.5190068854279743e+03	3.8855869572659121e+03
2.6881380759145995e+03	1.1501774796397887e+04	6.6303842632337037e+03	2.5788192474807489e+04	3.2949394775258611e+03	1.4836796225982791e+04	8.2132492353161488e+03	1.7422262859750088e+04	8.6921829932384862e+03	2.5784300817909016e+03	7.8438289107149103e+04	3.2122245737348967e+04	2.7613293467940184e+03	8.2986601122968641e+03	6.8224347413557971e+03	6.0053240017612152e+03	7.6581399838579637e+03	4.9582587757288602e+03	1.5619916270820480e+04	5.9475911768320548e+03	9.9706279922677004e+03	1.2735711252298288e+04	2.2566185952984022e+04	5.5190068854279743e+03	3.8855869572659121e+03
2.6881380759145995e+03	1.1501774796397887e+04	6.6303842632337037e+03	2.5753883625299288e+04	3.2949394775258611e+03	1.4819009306439300e+04	8.2132492353161488e+03	1.7422262859750088e+04	8.6921829932384862e+03	2.5784300817909016e+03	7.8428002013528589e+04	3.2122245737348967e+04	2.7613293467940184e+03	8.2827144575323291e+03	6.7959341410815050e+03	6.0053240017612152e+03	7.6581399838579637e+03	4.8726914467273364e+03	1.5619916270820480e+04	5.9475911768320548e+03	9.9706279922677004e+03	1.2734326902048417e+04	2.2564767212773757e+04	5.5190068854279743e+03	3.8855869572659121e+03
2.6847109677000531e+03	1.1501774796397887e+04	6.6303842632337037e+03	2.5753169461868943e+04	3.2944620024070882e+03	1.4783567821437460e+04	8.2132492353161488e+03	1.7422262859750088e+04	8.6896089416678842e+03	2.5761083029115575e+03	7.8426836387262898e+04	3.2121156105134265e+04	2.7613293467940184e+03	8.2827144575323291e+03	6.7599540911219719e+03	5.9768552552269157e+03	7.6580379717783453e+03	4.8726914467273364e+03	1.5551784494635633e+04	5.9475911768320548e+03	9.9702110139955039e+03	1.2733768089532627e+04	2.2561662602096374e+04	5.5158258474832091e+03	3.8855869572659121e+03
2.6847109677000531e+03	1.1501774796397887e+04	6.5613193310431798e+03	2.5747818902636383e+04	3.2923812526646229e+03	1.4770357060307546e+04	8.2066162682511858e+03	1.7397214126778279e+04	8.6896089416678842e+03	2.5761083029115575e+03	7.8424348062656034e+04	3.2121156105134265e+04	2.7613293467940184e+03	8.2513204608891247e+03	6.7415017272037585e+03	5.9768552552269157e+03	7.6580021598359181e+03	4.8530103491019490e+03	1.5551608224808620e+04	5.9475911768320548e+03	9.9702110139955039e+03	1.2732540724430724e+04	2.2558979541780362e+04	5.5140109053401029e+03	3.8855869572659121e+03
2.6847109677000531e+03	1.1501774796397887e+04	6.5613193310431798e+03	2.5747818902636383e+04	3.2871575017121449e+03	1.4768927389678531e+04	8.2066162682511858e+03	1.7397214126778279e+04	8.6896089416678842e+03	2.5761083029115575e+03	7.8421585588717193e+04	3.2120873123002966e+04	2.7613293467940184e+03	8.2513204608891247e+03	6.7076702682584719e+03	5.9768552552269157e+03	7.6571525748168497e+03	4.8443780306242579e+03	1.5551608224808620e+04	5.9475911768320548e+03	9.9702110139955039e+03	1.2732338183590789e+04	2.2558388722606946e+04	5.5140109053401029e+03	3.8855869572659121e+03
2.6847109677000531e+03	1.1501774796397887e+04	6.5613193310431798e+03	2.5747818902636383e+04	3.2871575017121449e+03	1.4759213106211384e+04	8.2066162682511858e+03	1.7049204932929475e+04	8.6896089416678842e+03	2.5745340127703330e+03	7.8408327725469833e+04	3.2120459616713855e+04	2.7613293467940184e+03	8.2432603564522324e+03	6.6995033361384349e+03	5.9362517752960948e+03	7.6571525748168497e+03	4.8345668416282015e+03	1.5551608224808620e+04	5.9475911768320548e+03	9.9702110139955039e+03	1.2731591576155795e+04	2.2556851556709553e+04	5.5138108456580321e+03	3.8841011950248012e+03
2.6838779839596550e+03	1.1501774796397887e+04	6.5139758131021135e+03	2.5704974543569875e+04	3.2871575017121449e+03	1.4757151884111863e+04	8.2066162682511858e+03	1.7049204932929475e+04	8.6896089416678842e+03	2.5745340127703330e+03	7.8408327725469833e+04	3.2120005112707819e+04	2.7613293467940184e+03	8.2431276943156900e+03	6.6995033361384349e+03	5.9362517752960948e+03	7.6497051210412028e+03	4.8268013295010414e+03	1.5551608224808620e+04	5.9475911768320548e+03	9.9702110139955039e+03	1.2731206684534354e+04	2.2553529251714062e+04	5.5091971715506515e+03	3.8841011950248012e+03
2.6838779839596550e+03	1.1501236377353267e+04	6.5139758131021135e+03	2.5704974543569875e+04	3.2838496634865351e+03	1.4755090318906781e+04	8.2066162682511858e+03	1.7049204932929475e+04	8.6712621456751913e+03	2.5665460153068634e+03	7.8408327725469833e+04	3.2119101236804192e+04	2.7389261122350954e+03	8.2389623099191340e+03	6.6906517943860345e+03	5.9162139103190166e+03	7.6432309548095600e+03	4.8268013295010414e+03	1.5548118067301129e+04	5.9475911768320548e+03	9.9702110139955039e+03	1.2729722202049876e+04	2.2551094681598704e+04	5.5077034596800577e+03	3.8785578826682204e+03
2.6838779839596550e+03	1.1501236377353267e+04	6.5139758131021135e+03	2.5704974543569875e+04	3.2838496634865351e+03	1.4753237887729822e+04	8.2065203730202866e+03	1.6850504825048029e+04	8.6707619083704994e+03	2.5665460153068634e+03	7.8408167773903988e+04	3.2118726211958336e+04	2.7389261122350954e+03	8.2389623099191340e+03	6.6630149242446978e+03	5.9162139103190166e+03	7.6432309548095600e+03	4.7783796802992019e+03	1.5548118067301129e+04	5.9466257972193744e+03	9.9702110139955039e+03	1.2729615712122708e+04	2.2548533443475157e+04	5.5051856123132984e+03	3.8785578826682204e+03
2.6838779839596550e+03	1.1501235192308810e+04	6.5139758131021135e+03	2.5694035265986331e+04	3.2833866952787348e+03	1.4749532222894893e+04	8.2065203730202866e+03	1.6850504825048029e+04	8.6701597047896321e+03	2.5646881063286191e+03	7.8406187800627609e+04	3.2118663493948727e+04	2.7389261122350954e+03	8.2277889289085906e+03	6.6630149242446978e+03	5.9162139103190166e+03	7.6432309548095600e+03	4.7783796802992019e+03	1.5548118067301129e+04	5.9466257972193744e+03	9.9699957419571019e+03	1.2727800481127177e+04	2.2548533443475157e+04	5.4973221458171547e+03	3.8785578826682204e+03
2.6838779839596550e+03	1.1501235192308810e+04	6.5119673033886866e+03	2.5687231357503293e+04	3.2830578835151487e+03	1.4736646074360939e+04	8.2065203730202866e+03	1.6842552279580468e+04	8.6701597047896321e+03	2.5612285662176678e+03	7.8404284636252240e+04	3.2118333872604089e+04	2.7389261122350954e+03	8.2275556326248006e+03	6.6591625217619421e+03	5.9162139103190166e+03	7.6398980339625004e+03	4.7223892224802603e+03	1.5514771885229286e+04	5.9466257972193744e+03	9.9699957419571019e+03	1.2726274303473068e+04	2.2545707591018796e+04	5.4951207606991429e+03	3.8674939620164319e+03
2.6838779839596550e+03	1.1501235192308810e+04	6.4927156247029061e+03	2.5665575899411280e+04	3.2764104981296086e+03	1.4727810036929028e+04	8.2065203730202866e+03	1.6842552279580468e+04	8.6538024840643011e+03	2.5564864970271319e+03	7.8403413861832101e+04	3.2118115481326011e+04	2.7389261122350954e+03	8.2275556326248006e+03	6.6533431817747651e+03	5.9162139103190166e+03	7.6395308706320093e+03	4.7223892224802603e+03	1.5412854388255635e+04	5.9466257972193744e+03	9.9699957419571019e+03	1.2726263064532961e+04	2.2545707591018796e+04	5.4945798187938963e+03	3.8674939620164319e+03
2.6838779839596550e+03	1.1501235192308810e+04	6.4927156247029061e+03	2.5665575899411280e+04	3.2764104981296086e+03	1.4692251209649155e+04	8.1963717288269509e+03	1.6842552279580468e+04	8.6538024840643011e+03	2.5564864970271319e+03	7.8402693948421409e+04	3.2117098678597045e+04	2.7225803013345453e+03	8.2251258293522969e+03	6.6332823535582866e+03	5.9162139103190166e+03	7.6395308706320093e+03	4.6371168174346058e+03	1.5374967096209055e+04	5.9178119592939483e+03	9.9699957419571019e+03	1.2708029901249634e+04	2.2544511105699949e+04	5.4926015355321861e+03	3.8674939620164319e+03
2.6838779839596550e+03	1.1501235192308810e+04	6.4927156247029061e+03	2.5665575899411280e+04	3.2760653598977306e+03	1.4628002737311434e+04	8.1963717288269509e+03	1.6842552279580468e+04	8.6538024840643011e+03	2.5557683399409116e+03	7.8395912843028273e+04	3.2115626003658908e+04	2.7225803013345453e+03	8.2226209150864015e+03	6.6163363184652162e+03	5.9162139103190166e+03	7.6387121360062447e+03	4.6070143251740565e+03	1.5357832491489622e+04	5.9178119592939483e+03	9.9697955829420025e+03	1.2697941394015525e+04	2.2543914279771678e+04	5.4921110192991855e+03	3.8601746722302814e+03
2.6838779839596550e+03	1.1222581908120603e+04	6.4927156247029061e+03	2.5665575899411280e+04	3.2760653598977306e+03	1.4616340758524984e+04	8.1963717288269509e+03	1.6537667206414488e+04	8.6538024840643011e+03	2.5543242499111411e+03	7.8395912843028273e+04	3.2114491566507764e+04	2.7225803013345453e+03	8.2101850217645824e+03	6.6163363184652162e+03	5.9162139103190166e+03	7.6386516434634004e+03	4.5657700116430715e+03	1.5357832491489622e+04	5.9178119592939483e+03	9.9697955829420025e+03	1.2697053364680296e+04	2.2542452917516086e+04	5.4870037739685249e+03	3.8601746722302814e+03
2.6838779839596550e+03	1.1222581908120603e+04	6.4927156247029061e+03	2.5655810959647562e+04	3.2740343621334641e+03	1.4613398929208968e+04	8.1610389920069838e+03	1.6537667206414488e+04	8.6485559759403077e+03	2.5458281018430207e+03	7.8395912843028273e+04	3.2113685569324054e+04	2.7225803013345453e+03	8.2024689406934776e+03	6.5823411398016378e+03	5.9162139103190166e+03	7.6386516434634004e+03	4.5657700116430715e+03	1.5357832491489622e+04	5.9011383362460110e+03	9.9697955829420025e+03	1.2696635833660315e+04	2.2542452917516086e+04	5.4811987355959263e+03	3.8601746722302814e+03
2.6838779839596550e+03	1.1222581908120603e+04	6.4522001093098252e+03	2.5655810959647562e+04	3.2721842972422401e+03	1.4611175828852032e+04	8.1605391713614936e+03	1.6537667206414488e+04	8.6459811019173394e+03	2.5446194947206359e+03	7.8392214111126101e+04	3.2113392698606287e+04	2.7225803013345453e+03	8.2024689406934776e+03	6.5626829925746270e+03	5.9162139103190166e+03	7.6386516434634004e+03	4.4522877485332892e+03	1.5318867339029301e+04	5.5580739967718637e+03	9.9697955829420025e+03	1.2696632432788339e+04	2.2542004539667945e+04	5.4742832540484196e+03	3.8601746722302814e+03
2.6786470534593964e+03	1.1222581908120603e+04	6.4522001093098252e+03	2.5630854800456345e+04	3.2701384979267668e+03	1.4611044499932807e+04	8.1605105856880655e+03	1.6537667206414488e+04	8.6459811019173394e+03	2.5446194947206359e+03	7.8385400397557489e+04	3.2105257180748093e+04	2.7225803013345453e+03	8.1979371478177600e+03	6.5533304957568316e+03	5.9162139103190166e+03	7.6329987186965755e+03	4.4522877485332892e+03	1.5198099872310322e+04	5.5580739967718637e+03	9.9697955829420025e+03	1.2696236340936208e+04	2.2536024194780322e+04	5.4698813603015988e+03	3.8601746722302814e+03
2.6786470534593964e+03	1.1222581908120603e+04	6.4522001093098252e+03	2.5630854800456345e+04	3.2701384979267668e+03	1.4610413533028826e+04	8.1605105856880655e+03	1.6537667206414488e+04	8.6458667377755391e+03	2.5348252968576057e+03	7.8385385896067892e+04	3.2090924172610805e+04	2.7225803013345453e+03	8.1979371478177600e+03	6.5457701900739694e+03	5.9162139103190166e+03	7.6322500739484094e+03	4.4522877485332892e+03	1.5198099872310322e+04	5.5580739967718637e+03	9.9697955829420025e+03	1.2696100424492395e+04	2.2535736352902681e+04	5.4605161586224021e+03	3.8542407980670569e+03
2.6786470534593964e+03	1.1222581908120603e+04	6.4520496519032531e+03	2.5629752880367687e+04	3.2657662412044237e+03	1.4608851917247319e+04	8.1574948382655275e+03	1.6460753532769490e+04	8.6458667377755391e+03	2.5095432941418198e+03	7.8373406346344156e+04	3.2090660913034706e+04	2.7225803013345453e+03	8.1929648294525341e+03	6.4893974068291154e+03	5.9073241980738867e+03	7.6322500739484094e+03	4.4522877485332892e+03	1.5198099872310322e+04	5.5580739967718637e+03	9.9697955829420025e+03	1.2695985444576581e+04	2.2529362429023575e+04	5.4025887555190247e+03	3.8542407980670569e+03
2.6784070284605059e+03	1.1222581908120603e+04	6.4327072711196870e+03	2.5629467035564394e+04	3.2646525882327696e+03	1.4607482505286232e+04	8.1574948382655275e+03	1.6426248731152536e+04	8.6352278298072124e+03	2.5060721667641301e+03	7.8333244448754893e+04	3.2089203534406621e+04	2.7225803013345453e+03	8.1868960602673606e+03	6.4682255805925379e+03	5.9073241980738867e+03	7.6322500739484094e+03	4.4522877485332892e+03	1.5198099872310322e+04	5.5545122278694762e+03	9.9697955829420025e+03	1.2695954514765273e+04	2.2520950440504919e+04	5.2204310058754591e+03	3.8542407980670569e+03
2.6784070284605059e+03	1.1222581908120603e+04	6.4327072711196870e+03	2.5629467035564394e+04	3.2594241024758317e+03	1.4606230798617949e+04	8.1574948382655275e+03	1.6364133790062802e+04	8.6347076345795831e+03	2.5042915354147449e+03	7.8323820473406886e+04	3.2088871532338999e+04	2.7225803013345453e+03	8.1868960602673606e+03	6.3755121267261256e+03	5.9060463570484426e+03	7.6322500739484094e+03	4.4522877485332892e+03	1.4979849316167543e+04	5.5545122278694762e+03	9.9697785776577366e+03	1.2695841780219413e+04	2.2515211651192290e+04	5.1074516425955171e+03	3.8434166831458865e+03
2.6782242494598595e+03	1.1158132334029848e+04	6.4280697720533772e+03	2.5629467035564394e+04	3.2557937134502508e+03	1.4605409488204034e+04	8.1560107987380525e+03	1.6138289268957742e+04	8.6341378520741509e+03	2.4770847768116155e+03	7.8310515340953440e+04	3.2088266161578707e+04	2.7225803013345453e+03	8.1824842030972795e+03	6.3755121267261256e+03	5.9060463570484426e+03	7.6322500739484094e+03	4.4522877485332892e+03	1.4979849316167543e+04	5.5545122278694762e+03	9.9697648092253767e+03	1.2695700457463534e+04	2.2502821441452812e+04	4.9798751809387813e+03	3.8434166831458865e+03
2.6780484870352034e+03	1.1158132334029848e+04	6.4280697720533772e+03	2.5629467035564394e+04	3.2423426981408657e+03	1.4604107629331900e+04	8.1560107987380525e+03	1.6138289268957742e+04	8.6341378520741509e+03	2.4761924951037131e+03	7.8299579898007636e+04	3.2080273654042187e+04	2.7225803013345453e+03	8.1824842030972795e+03	6.2894154148604493e+03	5.9060463570484426e+03	7.6322500739484094e+03	4.4077586111295795e+03	1.4979849316167543e+04	5.5545122278694762e+03	9.9697648092253767e+03	1.2695541199047864e+04	2.2497735768563114e+04	4.9771300286509231e+03	3.8434166831458865e+03
2.6742784693498011e+03	1.1158132334029848e+04	6.4244987405150168e+03	2.5629467035564394e+04	3.2169348847850056e+03	1.4592442734976556e+04	8.1560107987380525e+03	1.5967314771990188e+04	8.6341378520741509e+03	2.4707945469859442e+03	7.8299579898007636e+04	3.2022524081210322e+04	2.7225803013345453e+03	8.1824842030972795e+03	6.2881845401084747e+03	5.9059668245500425e+03	7.6322500739484094e+03	4.3463213665337425e+03	1.4796944631659584e+04	5.5545122278694762e+03	9.9697648092253767e+03	1.2695278024339152e+04	2.2475176520269022e+04	4.9516829691242119e+03	3.8434166831458865e+03
2.6742784693498011e+03	1.1158132334029848e+04	6.4244987405150168e+03	2.5626679716650520e+04	3.1783805410090499e+03	1.4560038247692541e+04	8.1560107987380525e+03	1.5951302424706882e+04	8.6295734457112267e+03	2.4266188500887533e+03	7.8299482317001923e+04	3.1300386495542840e+04	2.7225803013345453e+03	8.1824842030972795e+03	6.2754542383326925e+03	5.9059668245500425e+03	7.6322500739484094e+03	4.3463213665337425e+03	1.4794532868011705e+04	5.5545122278694762e+03	9.8838197276668543e+03	1.2694635037838532e+04	2.2466253638709226e+04	4.9481311401807134e+03	3.8434166831458865e+03
2.6651568152256177e+03	1.1158132334029848e+04	6.4244987405150168e+03	2.5626679716650520e+04	3.1524097456535042e+03	1.4535044411065497e+04	8.1300265940416029e+03	1.5951302424706882e+04	8.6295734457112267e+03	2.4050672248587498e+03	7.8280807987429012e+04	3.1297664170698015e+04	2.7225803013345453e+03	8.1824842030972795e+03	6.2272483648176631e+03	5.9059668245500425e+03	7.6322500739484094e+03	4.3463213665337425e+03	1.4447434079561157e+04	5.5545122278694762e+03	9.8834619701357915e+03	1.2691961470126695e+04	2.2456123403196289e+04	4.9441702269489961e+03	3.8327314443079326e+03
2.6596087705015261e+03	1.1158132334029848e+04	6.4243592285201958e+03	2.5613122007091959e+04	3.1507604542852114e+03	1.4522714779801812e+04	8.1300265940416029e+03	1.5676848738946330e+04	8.6275284358475474e+03	2.3926224215075463e+03	7.8278597645425456e+04	3.1291512623551564e+04	2.7200804301832313e+03	8.1824842030972795e+03	6.1996361260631620e+03	5.9059668245500425e+03	7.6322500739484094e+03	4.3463213665337425e+03	1.4447434079561157e+04	5.5545122278694762e+03	9.5783590285399314e+03	1.2672355889304508e+04	2.2436125291453784e+04	4.9420933898448639e+03	3.8327314443079326e+03
2.6590276376806464e+03	1.1144610250853160e+04	6.4243285307299602e+03	2.5612936041481600e+04	3.1164528069579264e+03	1.4518198861456855e+04	8.1300265940416029e+03	1.5606305059649938e+04	8.6228112252859701e+03	2.3926224215075463e+03	7.8276808939289287e+04	3.1275798224148231e+04	2.7200804301832313e+03	8.1791680804545122e+03	6.1691893726494800e+03	5.9059668245500425e+03	7.6322500739484094e+03	4.2889586615103553e+03	1.4447434079561157e+04	5.5545122278694762e+03	9.5783590285399314e+03	1.2580608845793822e+04	2.2436125291453784e+04	4.9395267505234651e+03	3.8052222577633493e+03
2.6581204178556882e+03	1.1144610250853160e+04	6.4243285307299602e+03	2.5612725842863936e+04	3.0495464149566915e+03	1.4515928805418869e+04	8.1249981231552638e+03	1.5606305059649938e+04	8.6228112252859701e+03	2.3926224215075463e+03	7.8269774814392789e+04	3.1275608008380525e+04	2.7200804301832313e+03	8.1791680804545122e+03	6.1691893726494800e+03	5.9059668245500425e+03	7.6322500739484094e+03	4.2889586615103553e+03	1.4447434079561157e+04	5.5545122278694762e+03	9.5783590285399314e+03	1.2556579092391928e+04	2.2427502083841671e+04	4.9373095430746262e+03	3.8052222577633493e+03
2.6581204178556882e+03	1.1144610250853160e+04	6.4243152111322506e+03	2.5607929478274244e+04	3.0053298894129252e+03	1.4515822219447011e+04	8.1249981231552638e+03	1.5606305059649938e+04	8.6223385915336203e+03	2.3731370288166763e+03	7.8269774814392789e+04	3.1274868944966907e+04	2.7200804301832313e+03	8.1791680804545122e+03	6.1493269570453876e+03	5.9059668245500425e+03	7.6299556118628116e+03	4.2649151644986105e+03	1.4447434079561157e+04	5.5545122278694762e+03	9.5783590285399314e+03	1.2555791682600211e+04	2.2421821819068286e+04	4.9319680246078206e+03	3.8052222577633493e+03
2.6552688148530497e+03	1.1026921396726713e+04	6.4097045943553112e+03	2.5607929478274244e+04	2.9270524783225701e+03	1.4514746683357986e+04	8.1007473699851198e+03	1.5606305059649938e+04	8.6202283780532962e+03	2.3601513042799706e+03	7.8262313137180754e+04	3.1274091733033507e+04	2.7193547325118379e+03	8.1538483333966678e+03	6.1204709502670448e+03	5.9059668245500425e+03	7.6190497175665423e+03	4.2589210200254383e+03	1.4447434079561157e+04	5.5545122278694762e+03	9.5783590285399314e+03	1.2555676707357126e+04	2.2395716107614298e+04	4.9294320531200010e+03	3.8052222577633493e+03
2.6552688148530497e+03	1.1026921396726713e+04	6.4097034246979902e+03	2.5607224246943781e+04	2.8601577521892250e+03	1.4513306422479240e+04	8.1007473699851198e+03	1.5606305059649938e+04	8.6191956526405011e+03	2.3381466149791495e+03	7.8254642250547884e+04	3.1273669935146117e+04	2.7176756650390071e+03	8.1538483333966678e+03	6.1061790039739572e+03	5.8316729760870576e+03	7.6190497175665423e+03	4.2589210200254383e+03	1.4447434079561157e+04	5.5545122278694762e+03	9.5783590285399314e+03	1.2555568752461033e+04	2.2381876380202106e+04	4.9294320531200010e+03	3.8052222577633493e+03
2.6552688148530497e+03	1.1026921396726713e+04	6.4042458947411506e+03	2.5604515806529595e+04	2.7428049259001255e+03	1.4511028636857271e+04	8.0981821359087608e+03	1.5606305059649938e+04	8.6189202697157198e+03	2.3368242103789307e+03	7.8250770284664090e+04	3.1273528435352255e+04	2.7163843565903649e+03	8.1510833458534053e+03	6.0904379926115944e+03	5.8316729760870576e+03	7.6190497175665423e+03	4.2136523409675319e+03	1.4377781178861176e+04	5.5285183842765991e+03	9.5783590285399314e+03	1.2555214667201475e+04	2.2362811958031125e+04	4.9241157464320140e+03	3.8052222577633493e+03
2.6552688148530497e+03	1.1026678934002031e+04	6.4027960885449284e+03	2.5604515806529595e+04	2.7378632450778096e+03	1.4507311814685992e+04	8.0674061519403676e+03	1.5606305059649938e+04	8.5920163384133630e+03	2.3005426994812883e+03	7.8216149153016333e+04	3.1273414646344048e+04	2.7149678859386477e+03	8.1466994005654005e+03	6.0614290264032770e+03	5.8316729760870576e+03	7.6190497175665423e+03	4.2136523409675319e+03	1.4377781178861176e+04	5.5285183842765991e+03	9.5783590285399314e+03	1.2554905584612090e+04	2.2310960760523762e+04	4.9102822254957036e+03	3.8052222577633493e+03
2.6552688148530497e+03	1.1026678934002031e+04	6.4016904490218394e+03	2.5604515806529595e+04	2.7378632450778096e+03	1.4493078811539628e+04	8.0674061519403676e+03	1.5606305059649938e+04	8.5920163384133630e+03	2.2999845354458075e+03	7.8204736395150874e+04	3.1272208618480749e+04	2.7149678859386477e+03	8.1466994005654005e+03	6.0328599348193602e+03	5.7651020151635130e+03	7.6190497175665423e+03	4.1884921930269156e+03	1.4305748990437680e+04	5.5285183842765991e+03	9.5783590285399314e+03	1.2554767425933678e+04	2.2277767467076606e+04	4.9050331398555227e+03	3.8052222577633493e+03
2.6543411785413878e+03	1.1026678934002031e+04	6.3903907777455042e+03	2.5604515806529595e+04	2.7358348461235310e+03	1.4477694211066035e+04	8.0540815573497275e+03	1.5606305059649938e+04	8.5920163384133630e+03	2.2999845354458075e+03	7.8189520157864783e+04	3.1270681448464082e+04	2.7149678859386477e+03	8.1432493748106172e+03	6.0068708730149337e+03	5.7651020151635130e+03	7.6190497175665423e+03	4.1720151588339786e+03	1.4305748990437680e+04	5.5285183842765991e+03	9.5783590285399314e+03	1.2554710194843370e+04	2.2272287077202855e+04	4.9026732327716636e+03	3.8052222577633493e+03
2.6543411785413878e+03	1.1026642883358329e+04	6.3898832574595144e+03	2.5604515806529595e+04	2.7348743433434115e+03	1.4466999513893323e+04	8.0540815573497275e+03	1.5606305059649938e+04	8.5886902613619040e+03	2.2730267202522159e+03	7.8169626919127491e+04	3.1270476548330211e+04	2.7149678859386477e+03	8.1432493748106172e+03	6.0021601956961604e+03	5.7643547830477510e+03	7.6190497175665423e+03	4.1720151588339786e+03	1.4305748990437680e+04	5.5285183842765991e+03	9.5270632644187044e+03	1.2554688730701282e+04	2.2272287077202855e+04	4.9010584956010216e+03	3.8052222577633493e+03
2.6543411785413878e+03	1.1008674170839204e+04	6.3895441023865478e+03	2.5604515806529595e+04	2.7347621492442363e+03	1.4465787249794615e+04	8.0538503108988934e+03	1.5495175634393992e+04	8.5886902613619040e+03	2.2577432082121022e+03	7.8151354193269304e+04	3.1269827798314778e+04	2.7136949421817185e+03	8.1363503027146471e+03	5.9930266823692273e+03	5.7643547830477510e+03	7.6190497175665423e+03	4.1519320944849596e+03	1.4305748990437680e+04	5.5285183842765991e+03	9.4850468741172335e+03	1.2554661341874580e+04	2.2261832021362759e+04	4.8994736368201538e+03	3.8052222577633493e+03
2.6512863644872332e+03	1.0966678934881769e+04	6.3861589450635693e+03	2.5598404886761549e+04	2.7346833876197861e+03	1.4465066056623811e+04	8.0538503108988934e+03	1.5493784278443363e+04	8.5868272756664501e+03	2.2571997542849685e+03	7.8148502167339087e+04	3.1268884121642459e+04	2.7085394463028556e+03	8.1361140787160630e+03	5.9930266823692273e+03	5.7396943380794237e+03	7.6190497175665423e+03	4.1513663556680131e+03	1.4305748990437680e+04	5.5285183842765991e+03	9.4850468741172335e+03	1.2554591926169829e+04	2.2260619464379331e+04	4.8987908962683487e+03	3.8013951134448234e+03
2.6512863644872332e+03	1.0966678934881769e+04	6.3766751378513536e+03	2.5592075985283256e+04	2.7334509179583492e+03	1.4463285178002527e+04	8.0498353042791014e+03	1.5493784278443363e+04	8.5868272756664501e+03	2.2321418061274048e+03	7.8139616890816076e+04	3.1268793848860834e+04	2.7085394463028556e+03	8.1361140787160630e+03	5.9806588514913274e+03	5.7396943380794237e+03	7.6190497175665423e+03	4.1513663556680131e+03	1.4305748990437680e+04	5.5283964979458015e+03	9.4720066579667109e+03	1.2554484783063568e+04	2.2243665968959129e+04	4.8981667834701202e+03	3.7694887436095923e+03
2.6512863644872332e+03	1.0966678934881769e+04	6.3766268677252710e+03	2.5588373256223149e+04	2.7332053233312108e+03	1.4458663643274642e+04	8.0485555193567625e+03	1.5493784278443363e+04	8.5868272756664501e+03	2.2297712965636124e+03	7.8133252799560854e+04	3.1268749318182698e+04	2.7085394463028556e+03	8.1324783399942353e+03	5.9806588514913274e+03	5.7391985996295862e+03	7.6190497175665423e+03	4.1513389881127887e+03	1.4305748990437680e+04	5.4378174875264331e+03	9.4720066579667109e+03	1.2554430906644428e+04	2.2225301335179334e+04	4.8953107999370241e+03	3.7694887436095923e+03
2.6512863644872332e+03	1.0629960084512390e+04	6.3766268677252710e+03	2.5588373256223149e+04	2.7317150379666627e+03	1.4456883016693544e+04	8.0485555193567625e+03	1.5269961950005614e+04	8.5868272756664501e+03	2.2267687832027541e+03	7.8106945016761689e+04	3.1268615058651347e+04	2.7085394463028556e+03	8.1317294410645927e+03	5.9806588514913274e+03	5.7361763516027368e+03	7.6190497175665423e+03	4.1456639992007331e+03	1.3680500839899176e+04	5.4378174875264331e+03	9.4101306114309136e+03	1.2554166266694512e+04	2.2225301335179334e+04	4.8939536283650032e+03	3.7692343176965778e+03
2.6512863644872332e+03	1.0629960084512390e+04	6.3732882799649833e+03	2.5588373256223149e+04	2.7309090425278746e+03	1.4456146250539608e+04	8.0485555193567625e+03	1.5145644656201226e+04	8.5868272756664501e+03	2.2211298751436825e+03	7.8054027684248838e+04	3.1267887599006572e+04	2.7085394463028556e+03	8.1303594994498089e+03	5.9779631346391670e+03	5.7361763516027368e+03	7.6190497175665423e+03	4.1400217976286713e+03	1.3680500839899176e+04	5.4132018977429061e+03	9.4101306114309136e+03	1.2554033596709154e+04	2.2212269472929605e+04	4.8902148257572862e+03	3.7692343176965778e+03
2.6512863644872332e+03	1.0629960084512390e+04	6.3732882799649833e+03	2.5588373256223149e+04	2.7296368168259951e+03	1.4453682119797721e+04	8.0485555193567625e+03	1.5145644656201226e+04	8.5854169382324944e+03	2.2155301700700225e+03	7.8053780208345735e+04	3.1265993026826582e+04	2.7085394463028556e+03	8.1295035461563202e+03	5.9779631346391670e+03	5.7361763516027368e+03	7.6190497175665423e+03	4.1383575302249883e+03	1.3680500839899176e+04	5.4124582878715264e+03	9.4101306114309136e+03	1.2553986747397248e+04	2.2202356894216693e+04	4.8859904826005950e+03	3.7692343176965778e+03
2.6512863644872332e+03	1.0629960084512390e+04	6.3732882799649833e+03	2.5580623070103131e+04	2.7284665700822425e+03	1.4452758677363881e+04	8.0485555193567625e+03	1.5128308458595406e+04	8.5854169382324944e+03	2.2137173392364812e+03	7.8053717822611216e+04	3.1264358584783542e+04	2.7085394463028556e+03	8.1290897947649555e+03	5.9779631346391670e+03	5.7044734154648359e+03	7.6190497175665423e+03	4.1383575302249883e+03	1.3680500839899176e+04	5.3853424162343263e+03	9.4101306114309136e+03	1.2553796647954505e+04	2.2202356894216693e+04	4.8815231272975552e+03	3.7692343176965778e+03
2.6512863644872332e+03	1.0629960084512390e+04	6.3732882799649833e+03	2.5567180346890174e+04	2.7279997276027270e+03	1.4448315095410882e+04	8.0483382650731210e+03	1.5122704153767594e+04	8.5841769834564457e+03	2.2137173392364812e+03	7.8047824330737843e+04	3.1262722335464139e+04	2.7085394463028556e+03	8.1230499491426890e+03	5.9686133801231999e+03	5.7044734154648359e+03	7.6175663204350467e+03	4.1383575302249883e+03	1.3680500839899176e+04	5.3853424162343263e+03	9.4096369927447358e+03	1.2553381635731821e+04	2.2192141604368157e+04	4.8804170128854885e+03	3.7692343176965778e+03
2.6512863644872332e+03	1.0629942696447819e+04	6.3706968107520124e+03	2.5555783973689795e+04	2.7275695569743270e+03	1.4438257044269234e+04	8.0286526115819897e+03	1.5122704153767594e+04	8.5841769834564457e+03	2.2133174816289516e+03	7.8047824330737843e+04	3.1257675780892161e+04	2.7085394463028556e+03	8.1211151363312720e+03	5.9637045500111872e+03	5.7006168656664640e+03	7.6172724964078034e+03	4.1383575302249883e+03	1.3680500839899176e+04	5.3853424162343263e+03	9.4096369927447358e+03	1.2552996259300939e+04	2.2185077679027752e+04	4.8799155593366095e+03	3.7621751350474633e+03
2.6509821195979457e+03	1.0629942696447819e+04	6.3706968107520124e+03	2.5555139046810542e+04	2.7266959626511402e+03	1.4429474583613988e+04	8.0286526115819897e+03	1.5115637254689078e+04	8.5839909216476917e+03	2.2133174816289516e+03	7.8014673490217087e+04	3.1256770117728396e+04	2.7085394463028556e+03	8.1192639250875127e+03	5.9629267199308970e+03	5.7006168656664640e+03	7.6172724964078034e+03	4.1305743569557608e+03	1.3680500839899176e+04	5.3853424162343263e+03	9.4096369927447358e+03	1.2552859666609322e+04	2.2152434687942172e+04	4.8789944089233159e+03	3.7576216710915555e+03
2.6509821195979457e+03	1.0629942696447819e+04	6.3706968107520124e+03	2.5544874009402192e+04	2.7256554737297993e+03	1.4413907191743874e+04	8.0286526115819897e+03	1.5115637254689078e+04	8.5830739762846879e+03	2.2133174816289516e+03	7.8014673490217087e+04	3.1252016446246023e+04	2.7085394463028556e+03	8.1166276683671094e+03	5.9629267199308970e+03	5.6849123245227092e+03	7.6172724964078034e+03	4.1305743569557599e+03	1.3680500839899176e+04	5.3853424162343263e+03	9.4096369927447358e+03	1.2552428733261160e+04	2.2137264777238335e+04	4.8764205047467603e+03	3.7576216710915555e+03
2.6509821195979457e+03	1.0629831852585838e+04	6.3706968107520124e+03	2.5541193122719760e+04	2.7251936452405853e+03	1.4380518052052725e+04	8.0286526115819897e+03	1.4966880839837708e+04	8.5830739762846879e+03	2.2119491316991462e+03	7.8009161040009669e+04	3.1241651856627661e+04	2.7082351111285175e+03	8.1156651825312401e+03	5.9629267199308970e+03	5.6849123245227092e+03	7.6172724964078034e+03	4.1305743569557599e+03	1.3559059749423581e+04	5.3640372206036354e+03	9.4096369927447358e+03	1.2552150812491114e+04	2.2121170946708044e+04	4.8722274823687985e+03	3.7534182066751459e+03
2.6509821195979457e+03	1.0629831852585838e+04	6.3699359179376843e+03	2.5528056023202786e+04	2.7243320396398044e+03	1.4371725394240922e+04	8.0283289367883053e+03	1.4960723162520699e+04	8.5830739762846879e+03	2.2116312988054378e+03	7.7986521367479785e+04	3.1220306359989445e+04	2.7072358336038337e+03	8.1152501879969395e+03	5.9608139899239686e+03	5.6849123245227092e+03	7.6158283437762129e+03	4.1305743569557599e+03	1.3559059749423581e+04	5.3640372206036354e+03	9.4096369927447358e+03	1.2552084951849665e+04	2.2121170946708044e+04	4.8651525467995289e+03	3.7484717384197220e+03
2.6507177332893034e+03	1.0629831852585838e+04	6.3698655219500615e+03	2.5522096222357733e+04	2.7215597182509259e+03	1.4370215938746416e+04	8.0283289367883053e+03	1.4960723162520699e+04	8.5751831336915639e+03	2.2114220663515380e+03	7.7986521367479785e+04	3.1216669929863732e+04	2.7072358336038337e+03	8.1130870655771032e+03	5.9608139899239686e+03	5.6849123245227092e+03	7.6139330965308236e+03	4.1305743569557599e+03	1.3559059749423581e+04	5.3640372206036354e+03	9.4096369927447358e+03	1.2551890978213118e+04	2.2121020814757554e+04	4.8647417427257569e+03	3.7392591394393230e+03
2.6500788382379233e+03	1.0629822270428609e+04	6.3698655219500615e+03	2.5500591722705121e+04	2.7203579273240493e+03	1.4369731632395356e+04	8.0283289367883053e+03	1.4960723162520699e+04	8.5662976744594125e+03	2.2093474274603223e+03	7.7982849798046242e+04	3.1215812588106059e+04	2.7072358336038337e+03	8.1109595995104592e+03	5.9593181434606131e+03	5.6849123245227092e+03	7.6133095000911690e+03	4.1305743569557599e+03	1.3229221972756206e+04	5.3614689906413896e+03	9.3992034732134944e+03	1.2551536338236740e+04	2.2117363273829371e+04	4.8645010976621570e+03	3.7273615744464441e+03
2.6500788382379233e+03	1.0629665624100126e+04	6.3674741819294404e+03	2.5493942358803255e+04	2.7189250987167852e+03	1.4368458003832347e+04	8.0283289367883053e+03	1.4960723162520699e+04	8.5662976744594125e+03	2.2093474274603223e+03	7.7980401622783713e+04	3.1210875215443706e+04	2.7072358336038337e+03	8.1092633983675860e+03	5.9589790387022067e+03	5.6849123245227092e+03	7.6133095000911690e+03	4.1193297412395095e+03	1.3229221972756206e+04	5.3614689906413896e+03	9.3992034732134944e+03	1.2550997882231670e+04	2.2116713749081267e+04	4.8641746220499463e+03	3.7273615744464441e+03
2.6495373062832969e+03	1.0629665624100126e+04	6.3673934534215459e+03	2.5456745178163957e+04	2.7178854517271175e+03	1.4368254032247609e+04	8.0283289367883053e+03	1.4960431706471807e+04	8.5662976744594125e+03	2.2089772090563483e+03	7.7980401622783713e+04	3.1204100287221867e+04	2.7072358336038337e+03	8.1078056594983636e+03	5.9580869761587883e+03	5.6849123245227092e+03	7.6133095000911690e+03	4.1187131022397716e+03	1.3229221972756206e+04	5.3614689906413896e+03	9.3992034732134944e+03	1.2550212721100352e+04	2.2116713749081267e+04	4.8633852845276870e+03	3.7273615744464441e+03
2.6495373062832969e+03	1.0623402465707826e+04	6.3672617598809411e+03	2.5425201988054949e+04	2.7176832691330137e+03	1.4367448191074924e+04	8.0283289367883053e+03	1.4960431706471807e+04	8.5645024892678157e+03	2.2089772090563483e+03	7.7970762207138541e+04	3.1187515517849413e+04	2.7072358336038337e+03	8.1063334173968206e+03	5.9575914524132013e+03	5.6849123245227092e+03	7.6133095000911690e+03	4.1160976542585831e+03	1.3150543743081764e+04	5.3614689906413896e+03	9.3992034732134944e+03	1.2549748592730411e+04	2.2115654587196899e+04	4.8620627485530258e+03	3.7273615744464441e+03
2.6495287734148205e+03	1.0623402465707826e+04	6.3672617598809411e+03	2.5333856768444450e+04	2.7169450496001900e+03	1.4366031678222991e+04	8.0283289367883053e+03	1.4960431706471807e+04	8.5637917861194419e+03	2.2087565599680252e+03	7.7931047574065014e+04	3.1157877546670843e+04	2.7072358336038337e+03	8.1063334173968206e+03	5.9566542315013312e+03	5.6799203818301521e+03	7.6133095000911690e+03	4.1121244723438886e+03	1.3087178913485553e+04	5.3614689906413896e+03	9.3992034732134944e+03	1.2546794690765215e+04	2.2114689901213431e+04	4.8606689639443412e+03	3.7273184043675278e+03
2.6488181633588920e+03	1.0623220930186488e+04	6.3607471782798439e+03	2.5068752596208185e+04	2.7166647457099389e+03	1.4362927694878352e+04	8.0283289367883053e+03	1.4959253648692440e+04	8.5637917861194419e+03	2.2084634094489179e+03	7.7917190964879293e+04	3.1075630568440745e+04	2.7072358336038337e+03	8.1047078943091810e+03	5.9539461933952916e+03	5.6799203818301521e+03	7.6133095000911690e+03	4.1121244723438886e+03	1.3036851351121108e+04	5.3614689906413896e+03	9.3992034732134944e+03	1.2541627704655502e+04	2.2114689901213431e+04	4.8594050248898329e+03	3.7126015126224820e+03
2.6472210190530768e+03	1.0623220930186488e+04	6.3577255726004469e+03	2.4935258882479829e+04	2.7165545778435753e+03	1.4358302733683306e+04	8.0283289367883053e+03	1.4957090294481972e+04	8.5637917861194419e+03	2.2080734841334020e+03	7.7916097369262803e+04	3.1049049347647597e+04	2.7072358336038337e+03	8.1045164850162964e+03	5.9537418868164204e+03	5.6799203818301521e+03	7.6132859269549936e+03	4.1061002863955191e+03	1.3036851351121108e+04	5.3571304679505283e+03	9.3992034732134944e+03	1.2541458005176235e+04	2.2113912339617396e+04	4.8586655151831264e+03	3.7126015126224820e+03
2.6472210190530768e+03	1.0312557308555548e+04	6.3565586205254012e+03	2.4843530548526596e+04	2.7164089402015516e+03	1.4356861243181436e+04	8.0283289367883053e+03	1.4957090294481972e+04	8.5617377510605675e+03	2.2076128424080207e+03	7.7898432544471361e+04	3.0955277372258864e+04	2.7072358336038337e+03	8.1044182458400810e+03	5.9533739698851814e+03	5.6395526363962272e+03	7.6113815943649888e+03	4.0977091735697522e+03	1.2910853634303116e+04	5.3561413766950664e+03	9.3967274473961661e+03	1.2541017080994117e+04	2.2113204271504474e+04	4.8586511470400892e+03	3.7126015126224820e+03
2.6466735402392269e+03	1.0312112605958937e+04	6.3565586205254012e+03	2.4746375405781389e+04	2.7163287920342805e+03	1.4355862223386823e+04	8.0283289367883053e+03	1.4919150376498885e+04	8.5617377510605675e+03	2.2072482113402179e+03	7.7870602574743258e+04	3.0840458079984295e+04	2.7072358336038337e+03	8.1042731395202009e+03	5.9509005046389939e+03	5.6395526363962272e+03	7.6112671170559970e+03	4.0964714124013517e+03	1.2720581272737139e+04	5.3561413766950664e+03	9.1473124477216879e+03	1.2540906598653188e+04	2.2113031441750758e+04	4.8585099217602601e+03	3.7126015126224820e+03
2.6459734733859555e+03	1.0300892952417207e+04	6.3565586205254012e+03	2.4692319941143469e+04	2.7162715608181206e+03	1.4351759100735511e+04	8.0283289367883053e+03	1.4919150376498885e+04	8.5617377510605675e+03	2.2066524711010798e+03	7.7870602574743258e+04	3.0809491846182085e+04	2.7038427875925736e+03	8.1018725919677172e+03	5.9408932471048865e+03	5.6395526363962272e+03	7.6110189738976351e+03	4.0928084678188843e+03	1.2720581272737139e+04	5.3557821781779367e+03	9.1473124477216879e+03	1.2540330931195091e+04	2.2112901811004020e+04	4.8583334539376829e+03	3.7126015126224820e+03
2.6452755104715188e+03	1.0300849446248099e+04	6.3508260877586899e+03	2.4674647779923671e+04	2.7162458907499513e+03	1.4347331258949889e+04	8.0283289367883053e+03	1.4915078197605750e+04	8.5436356866045680e+03	2.2066524711010798e+03	7.7863682774789340e+04	3.0809487312209323e+04	2.7038427875925736e+03	8.1002282373772077e+03	5.9356088182159256e+03	5.5866229249947846e+03	7.6110189738976351e+03	4.0839782583430142e+03	1.2720581272737139e+04	5.3557821781779367e+03	9.1460719979370588e+03	1.2539871521153509e+04	2.2110360077397087e+04	4.8582529945891220e+03	3.7126015126224820e+03
2.6429154833365997e+03	1.0300849446248099e+04	6.3508260877586899e+03	2.4659895786928024e+04	2.7162280248036413e+03	1.4340187480338001e+04	8.0283289367883053e+03	1.4905797972278897e+04	8.5375312871297956e+03	2.2060527915064185e+03	7.7828751023878562e+04	3.0809487312209323e+04	2.7010430294668158e+03	8.0991016010267176e+03	5.9345260920308565e+03	5.5866229249947846e+03	7.6103139768180135e+03	4.0725713084207555e+03	1.2713107929604861e+04	5.3555515392069747e+03	9.1460719979370588e+03	1.2539529658630367e+04	2.2109570407774961e+04	4.8580909278895906e+03	3.7126015126224820e+03
2.6429154833365997e+03	1.0300849446248099e+04	6.3508260877586899e+03	2.4653944918110890e+04	2.7160522283974769e+03	1.4337911347691828e+04	8.0283289367883053e+03	1.4905797972278897e+04	8.5361983232895691e+03	2.2060527915064185e+03	7.7816308674291708e+04	3.0808231115391685e+04	2.6991225671322500e+03	8.0953293798709237e+03	5.9299090333335234e+03	5.5866229249947846e+03	7.6103139768180135e+03	4.0656354890871880e+03	1.2523834829459445e+04	5.3555515392069747e+03	9.1460719979370588e+03	1.2539519397886859e+04	2.2108530371790654e+04	4.8577243095138510e+03	3.7126015126224820e+03
2.6429154833365997e+03	1.0296456011472708e+04	6.3507918643232297e+03	2.4651134078873922e+04	2.7157934208180441e+03	1.4332002020617741e+04	8.0283289367883053e+03	1.4905797972278897e+04	8.4787447846276045e+03	2.2058059400166576e+03	7.7801583694731657e+04	3.0808163020328833e+04	2.6983058315366579e+03	8.0845724894173873e+03	5.9228008877478815e+03	5.5866229249947846e+03	7.6099562750455370e+03	4.0647839695831490e+03	1.2479723345411054e+04	5.3551116053986834e+03	9.1459863548937647e+03	1.2539439303775687e+04	2.2106718991547394e+04	4.8575383782530052e+03	3.7126015126224820e+03
2.6382141191611104e+03	1.0296405122548520e+04	6.3143406542976318e+03	2.4649098767043935e+04	2.7152866514613747e+03	1.4328288442318188e+04	8.0283289367883053e+03	1.4847069392048517e+04	8.4787447846276045e+03	2.2057263313854346e+03	7.7801583694731657e+04	3.0807062016302367e+04	2.6983058315366579e+03	8.0795716314196807e+03	5.9111821005746988e+03	5.5866229249947846e+03	7.6097512114507990e+03	4.0478565034881021e+03	1.2469314303247862e+04	5.3477248562803507e+03	9.1459863548937647e+03	1.2539297382785124e+04	2.2106718991547394e+04	4.8573253638205024e+03	3.7126015126224820e+03
2.6382141191611104e+03	1.0291519768927439e+04	6.3143406542976318e+03	2.4643077801341758e+04	2.7140951183440293e+03	1.4319878265552004e+04	8.0281815620595671e+03	1.4847069392048517e+04	8.4787447846276045e+03	2.2056400925280855e+03	7.7793902078529587e+04	3.0801675985230475e+04	2.6983058315366579e+03	8.0780695264350807e+03	5.8995758387376991e+03	5.5866229249947846e+03	7.6097512114507990e+03	4.0319513250642517e+03	1.2469314303247862e+04	5.3452780511031197e+03	9.1459863548937647e+03	1.2539109827683500e+04	2.2104956987806083e+04	4.8550022003651829e+03	3.7126015126224820e+03
2.6375283211000988e+03	1.0291519768927439e+04	6.3143406542976318e+03	2.4626808786368154e+04	2.7122965539502188e+03	1.4314108508466725e+04	8.0281815620595671e+03	1.4847069392048517e+04	8.4787447846276045e+03	2.2053926620682437e+03	7.7746703294552455e+04	3.0782330429731868e+04	2.6983058315366579e+03	8.0722335279652380e+03	5.8995758387376991e+03	5.5755770836239908e+03	7.6097512114507990e+03	4.0319513250642517e+03	1.2469314303247862e+04	5.3452780511031197e+03	9.1459863548937647e+03	1.2538780242496738e+04	2.2097782879352751e+04	4.8449940868721178e+03	3.7126015126224820e+03
2.6361813202032572e+03	1.0148186359368367e+04	6.3143406542976318e+03	2.4567985301452318e+04	2.7068316839463300e+03	1.4300183284610928e+04	8.0281815620595671e+03	1.4847069392048517e+04	8.4787447846276045e+03	2.2050246821627488e+03	7.7720425695339436e+04	3.0772896359732640e+04	2.6982624450123130e+03	8.0682876052485344e+03	5.8981572881222974e+03	5.5755770836239908e+03	7.6097512114507990e+03	4.0319513250642517e+03	1.2397336449011382e+04	5.3435467990522284e+03	9.1459863548937647e+03	1.2538394650117840e+04	2.2094754098360085e+04	4.8201106434598514e+03	3.7029471572384346e+03
2.6361813202032572e+03	1.0148176242249998e+04	6.3143406542976318e+03	2.4410767195169188e+04	2.6770164687213810e+03	1.4261038184162460e+04	8.0267637286470608e+03	1.4840492923555892e+04	8.4787447846276045e+03	2.2047809811682018e+03	7.7711866364294256e+04	3.0762652792471541e+04	2.6982624450123130e+03	8.0636590414819493e+03	5.8974655409362113e+03	5.5571192695455575e+03	7.6097512114507990e+03	4.0319513250642517e+03	1.2397336449011382e+04	5.3321410306287980e+03	9.1459863548937647e+03	1.2537252752301756e+04	2.2093360040229152e+04	4.7957133490746965e+03	3.7029471572384346e+03
2.6361813202032572e+03	1.0148176242249998e+04	6.3143406542976318e+03	2.3948112259873251e+04	2.5160077915283937e+03	1.4248425575715119e+04	8.0267637286470608e+03	1.4840492923555892e+04	8.4787447846276045e+03	2.2045309851443303e+03	7.7566528221576227e+04	3.0737535006995160e+04	2.6973738938361739e+03	8.0609094530383627e+03	5.8972415944401182e+03	5.5571192695455575e+03	7.6097512114507990e+03	4.0281382600641191e+03	1.2397336449011382e+04	5.3310525310212970e+03	9.1456755726636984e+03	1.2533728750678616e+04	2.2092474908170523e+04	4.7889486997062895e+03	3.7029471572384346e+03
2.6336569095617178e+03	1.0148176242249998e+04	6.3117975671211889e+03	2.3810859102463193e+04	2.3438608911582978e+03	1.4225849286648810e+04	8.0267637286470608e+03	1.4840492923555892e+04	8.4787447846276045e+03	2.2045138810480939e+03	7.7251459054528517e+04	3.0692095498161067e+04	2.6973738938361739e+03	8.0580722107243291e+03	5.8964352513526110e+03	5.5571192695455575e+03	7.6091169562222958e+03	4.0259866274551828e+03	1.2392113709633661e+04	5.3285865890859868e+03	9.1456755726636984e+03	1.2522483126717871e+04	2.2090854261925400e+04	4.7879094014974235e+03	3.7029471572384346e+03
2.6331932163546880e+03	1.0147428580812350e+04	6.3117975671211889e+03	2.3803166465895603e+04	2.3418284610956366e+03	1.4212669124204776e+04	8.0267637286470608e+03	1.4840492923555892e+04	8.4787447846276045e+03	2.2044201081439905e+03	7.7006778738580921e+04	3.0554553281362809e+04	2.6973738938361739e+03	8.0539865891417312e+03	5.8959905510588505e+03	5.5571192695455575e+03	7.6091169562222958e+03	4.0141395627995003e+03	1.2392113709633661e+04	5.3103906567363674e+03	9.1456755726636984e+03	1.2500630080788060e+04	2.2088382364446741e+04	4.7877915093535175e+03	3.7029471572384346e+03
2.6331932163546880e+03	1.0147428580812350e+04	6.3117975671211889e+03	2.3801060083288627e+04	2.3407203297876003e+03	1.4208663791046221e+04	8.0266750424857109e+03	1.4840492923555892e+04	8.4765932691154139e+03	2.2042381691385222e+03	7.6407214434699432e+04	3.0477959123682682e+04	2.6961832309792362e+03	8.0534574086504672e+03	5.8947821897966796e+03	5.5571192695455575e+03	7.6091007490020011e+03	4.0135327145170722e+03	1.2378873876247337e+04	5.3103906567363674e+03	9.1456755726636984e+03	1.2474632077505888e+04	2.2080763093250909e+04	4.7877641705196274e+03	3.7029471572384346e+03
2.6331932163546880e+03	1.0147428580812350e+04	6.2901768743347930e+03	2.3795607389144810e+04	2.3405009378251661e+03	1.4206694220349176e+04	8.0266750424857109e+03	1.4840492923555892e+04	8.4765932691154139e+03	2.2041682781332311e+03	7.5836539139766261e+04	3.0477916951747720e+04	2.6961832309792362e+03	8.0497434492881557e+03	5.8942669792916340e+03	5.5571192695455575e+03	7.6089836362540636e+03	4.0135327145170722e+03	1.2371718192059634e+04	5.3103906567363674e+03	9.1456755726636984e+03	1.2418629836297554e+04	2.2067167420942325e+04	4.7876863751336441e+03	3.7029471572384346e+03
2.6328526642134739e+03	1.0147428580812350e+04	6.2775842828195437e+03	2.3793104272283646e+04	2.3401560396620362e+03	1.4205974151042055e+04	8.0266750424857109e+03	1.4790470681098315e+04	8.4765932691154139e+03	2.2039846259518786e+03	7.5459941737927831e+04	3.0473329569738085e+04	2.6948815991475276e+03	8.0453970100271226e+03	5.8932564908200402e+03	5.5523959759003847e+03	7.6067334293263375e+03	4.0034394771512748e+03	1.2371718192059634e+04	5.3084019849589658e+03	9.1431384667719503e+03	1.2394969491466007e+04	2.2031797306852241e+04	4.7875171912819151e+03	3.7029471572384346e+03
2.6328526642134739e+03	1.0147428580812350e+04	6.2428367959348998e+03	2.3792213594245295e+04	2.3393803077954021e+03	1.4205943842923447e+04	8.0266750424857109e+03	1.4790470681098315e+04	8.4765932691154139e+03	2.2039683001995254e+03	7.5459941737927831e+04	3.0471868481926533e+04	2.6941919020605460e+03	8.0436805496503930e+03	5.8926502965501431e+03	5.5523959759003847e+03	7.6067334293263375e+03	4.0028567692542856e+03	1.2339999078195666e+04	5.3084019849589658e+03	9.1431384667719503e+03	1.2394954001306172e+04	2.2031551704550875e+04	4.7873579028208242e+03	3.7029471572384346e+03
2.6328526642134739e+03	1.0147428580812350e+04	6.2428367959348998e+03	2.3790746850416810e+04	2.3385527758290405e+03	1.4205943842923447e+04	8.0201477848219183e+03	1.4790470681098315e+04	8.4475777917492596e+03	2.2035072867751915e+03	7.5127150753701600e+04	3.0470359639577564e+04	2.6912919857481961e+03	8.0418350279760434e+03	5.8912380213401557e+03	5.5523959759003847e+03	7.6064352500490741e+03	4.0028567692542856e+03	1.2302036094691959e+04	5.3084019849589658e+03	9.1431384667719503e+03	1.2394881517317774e+04	2.2031422224078848e+04	4.7870863090183193e+03	3.7029471572384346e+03
2.6328526642134739e+03	1.0040783607892465e+04	6.2428367959348998e+03	2.3785062139452675e+04	2.3377859919459556e+03	1.4205753523876734e+04	8.0201477848219183e+03	1.4789545977971511e+04	8.4475777917492596e+03	2.2030230735104165e+03	7.4413086877409092e+04	3.0469659981849938e+04	2.6912919857481961e+03	8.0413206639753989e+03	5.8910554818583068e+03	5.5523959759003847e+03	7.6064153354569507e+03	4.0014340288427661e+03	1.2300256752520569e+04	5.3081367176898448e+03	9.1427059659618881e+03	1.2394806497923930e+04	2.2031292694108106e+04	4.7855383780250431e+03	3.7029471572384346e+03
2.6327867379874961e+03	1.0040783607892465e+04	6.2428367959348998e+03	2.3775885667111099e+04	2.3370346884038045e+03	1.4205707015485019e+04	8.0199208165644532e+03	1.4771627587793140e+04	8.4463815294037013e+03	2.2018602899742796e+03	7.3918870827704130e+04	3.0468196250806188e+04	2.6912919857481961e+03	8.0405437343243921e+03	5.8902690296953006e+03	5.5456844860172932e+03	7.6064153354569507e+03	4.0014340288427661e+03	1.2275350897575488e+04	5.3028997356180353e+03	9.1300271221610674e+03	1.2394553528319959e+04	2.2031125561957429e+04	4.7813486096969245e+03	3.7029471572384346e+03
2.6327867379874961e+03	1.0040488300025625e+04	6.2420861495575718e+03	2.3775203711950209e+04	2.3361143829756738e+03	1.4205647226244591e+04	8.0153987000690749e+03	1.4763001289957045e+04	8.4463815294037013e+03	2.2004874472984366e+03	7.3422134410234474e+04	3.0466411131871180e+04	2.6908339334931115e+03	8.0404737852378294e+03	5.8877027951844857e+03	5.5449792161082205e+03	7.6064153354569507e+03	4.0000941840983633e+03	1.2275350897575488e+04	5.2891272656835499e+03	9.1298546784356440e+03	1.2394540729286236e+04	2.2030989963998742e+04	4.7812385002486189e+03	3.7017990559496147e+03
2.6325621456600411e+03	1.0040488300025625e+04	6.2331450963505013e+03	2.3775072443749377e+04	2.3355939890812797e+03	1.4202894108908171e+04	8.0073305323055311e+03	1.4763001289957045e+04	8.4463815294037013e+03	2.1950019542283662e+03	7.3417523588584780e+04	3.0463324793486307e+04	2.6908339334931115e+03	8.0399665618929685e+03	5.8869889210861729e+03	5.5449792161082205e+03	7.6051508174792380e+03	3.9997121266244076e+03	1.2275350897575488e+04	5.2768349604438727e+03	9.1228158551614633e+03	1.2394520640321272e+04	2.2030834135670910e+04	4.7806130199016898e+03	3.7017990559496147e+03
2.6281322964528686e+03	9.8906549821562912e+03	6.2331450963505013e+03	2.3774688977530895e+04	2.3352878603149602e+03	1.4200173258484847e+04	8.0031753696724427e+03	1.4753301393858763e+04	8.4463815294037013e+03	2.1949973498789291e+03	7.3404402442882507e+04	3.0456583622582220e+04	2.6908339334931115e+03	8.0394441396841539e+03	5.8860186674108045e+03	5.5449792161082205e+03	7.6050397664193506e+03	3.9997121266244076e+03	1.2275350897575488e+04	5.2610361259175816e+03	9.1129641688049378e+03	1.2394469397669960e+04	2.2030456948426341e+04	4.7787365076741444e+03	3.7017990559496147e+03
2.6258300468517295e+03	9.8906549821562912e+03	6.2331450963505013e+03	2.3770999779905931e+04	2.3351154007409364e+03	1.4190755651212548e+04	8.0031753696724427e+03	1.4642700722636915e+04	8.4463815294037013e+03	2.1947689822906741e+03	7.3404402442882507e+04	3.0445380260815971e+04	2.6908339334931115e+03	8.0390133387755941e+03	5.8856387504511276e+03	5.5449792161082205e+03	7.6007403630634662e+03	3.9980054094819820e+03	1.2275350897575488e+04	5.2610361259175816e+03	9.0919517721404154e+03	1.2394439799992701e+04	2.2030130508536793e+04	4.7640126326851032e+03	3.7017990559496147e+03
2.6258300468517295e+03	9.8906549821562912e+03	6.2220209907347662e+03	2.3767826854114523e+04	2.3343553683275554e+03	1.4130668706890498e+04	8.0031463063806859e+03	1.4565068970666833e+04	8.4239861427491360e+03	2.1945386501314069e+03	7.3270806683777380e+04	3.0436050782689581e+04	2.6908339334931115e+03	8.0386090904426255e+03	5.8856032297562097e+03	5.5385048546172893e+03	7.5889111670702832e+03	3.9975280536500859e+03	1.2275350897575488e+04	5.2555115682250871e+03	9.0636358098794026e+03	1.2394324763984236e+04	2.2029583320526326e+04	4.7264308476472879e+03	3.7017990559496147e+03
2.6257977015624251e+03	9.8906549821562912e+03	6.2218840685849309e+03	2.3746682504428059e+04	2.3343244143019756e+03	1.4043673831317614e+04	8.0028623702770001e+03	1.4546596523994605e+04	8.4239861427491360e+03	2.1942389616419077e+03	7.3085266573550703e+04	3.0431121459189555e+04	2.6908339334931115e+03	8.0382832796397688e+03	5.8846775975435939e+03	5.5299621292305901e+03	7.5786040709100444e+03	3.9965617973791104e+03	1.2275350897575488e+04	5.2555115682250871e+03	9.0630791912066925e+03	1.2394197897157612e+04	2.2028847819511477e+04	4.7232618046082807e+03	3.6506561197734732e+03
2.6254626947501856e+03	9.8906549821562912e+03	6.2218840685849309e+03	2.3715294141892533e+04	2.3336868277628864e+03	1.4000573089916874e+04	8.0027595445443512e+03	1.4546596523994605e+04	8.4239861427491360e+03	2.1942256334840481e+03	7.3021388163214317e+04	3.0429744367569238e+04	2.6908339334931115e+03	8.0380745133210858e+03	5.8835147496189329e+03	5.5299621292305901e+03	7.5786040709100444e+03	3.9961372376756817e+03	1.2275350897575488e+04	5.2538230603899074e+03	9.0630791912066925e+03	1.2393834696782291e+04	2.2028406181049271e+04	4.7231900238849648e+03	3.6506561197734732e+03
2.6233546258444348e+03	9.8906549821562912e+03	6.2218840685849309e+03	2.3670112797945458e+04	2.3336625401064207e+03	1.3994925295677582e+04	8.0027595445443512e+03	1.4534554910765677e+04	8.4101349951504126e+03	2.1932169863188019e+03	7.2758755164693284e+04	3.0427987878799078e+04	2.6882633115715107e+03	8.0378342144443268e+03	5.8824128510954015e+03	5.5299621292305901e+03	7.5786040709100444e+03	3.9950015874096944e+03	1.2268861397937568e+04	5.2409589039743669e+03	9.0630791912066925e+03	1.2393216728983229e+04	2.2027501674582854e+04	4.7231808594849417e+03	3.6389897439307579e+03
2.6233408563304374e+03	9.8789721248350033e+03	6.2218840685849309e+03	2.3668793804668247e+04	2.3335892115753390e+03	1.3994845806043497e+04	8.0026558980463442e+03	1.4523093969066000e+04	8.4101349951504126e+03	2.1919125476493673e+03	7.2483383477696640e+04	3.0427833744867548e+04	2.6882633115715107e+03	8.0376174929908848e+03	5.8821863875911658e+03	5.5299621292305901e+03	7.5775696716968951e+03	3.9937471717367507e+03	1.2268567615657141e+04	5.2409589039743669e+03	9.0630791912066925e+03	1.2393176655560808e+04	2.2022738559421603e+04	4.7231714375931988e+03	3.6389897439307579e+03
2.6233408563304374e+03	9.7555250803595663e+03	6.2218840685849309e+03	2.3668072112114187e+04	2.3334388822456181e+03	1.3991972464616878e+04	8.0014313417708609e+03	1.4497351670230251e+04	8.4101349951504126e+03	2.1755278384370181e+03	7.2399843117505501e+04	3.0424654178200486e+04	2.6869856898686385e+03	8.0369872157195014e+03	5.8798266986529361e+03	5.5209024925474941e+03	7.5695883433798072e+03	3.9894913523978571e+03	1.2268567615657141e+04	5.2409589039743669e+03	9.0630791912066925e+03	1.2392379598331787e+04	2.2022580015726278e+04	4.7231624444471927e+03	3.6389897439307579e+03
2.6228936173745815e+03	9.7397013858620976e+03	6.2218840685849309e+03	2.3667143398426655e+04	2.3332996936804184e+03	1.3990304913252479e+04	7.9761879438644273e+03	1.4485837362181286e+04	8.4101349951504126e+03	2.1747480919008644e+03	7.2381818985299746e+04	3.0415576067023638e+04	2.6869506210702493e+03	8.0348683129443834e+03	5.8775318033591375e+03	5.5042939540694406e+03	7.5646148357562161e+03	3.9894051319794421e+03	1.2268567615657141e+04	5.2409589039743669e+03	9.0630791912066925e+03	1.2391811058525393e+04	2.2022547956104085e+04	4.7231533454305045e+03	3.6389897439307579e+03
2.6228723411888541e+03	9.7397013858620976e+03	6.2218840685849309e+03	2.3666631981568509e+04	2.3330903473211074e+03	1.3987965500740549e+04	7.9731364668658434e+03	1.4485837362181286e+04	8.4101349951504126e+03	2.1745523449692550e+03	7.2352691871896503e+04	3.0382070300655945e+04	2.6869506210702493e+03	8.0315000030651299e+03	5.8730392386725171e+03	5.5042939540694406e+03	7.5568196801521299e+03	3.9891624221768143e+03	1.2268567615657141e+04	5.2314775099441176e+03	9.0630791912066925e+03	1.2389850904523524e+04	2.2022528086591763e+04	4.7231460191529941e+03	3.6389897439307579e+03
2.6222728692331320e+03	9.7303462870420735e+03	6.2218840685849309e+03	2.3666155542840610e+04	2.3327484334312608e+03	1.3967138305380719e+04	7.9730297092193459e+03	1.4437883267070814e+04	8.4101349951504126e+03	2.1744372829388285e+03	7.2332212399636483e+04	3.0340616707776648e+04	2.6862522768974700e+03	8.0193279649804190e+03	5.8527846742911406e+03	5.5042939540694406e+03	7.5566206861276532e+03	3.9877963949125269e+03	1.2254637923344066e+04	5.2314775099441176e+03	9.0096302110747383e+03	1.2387135158197087e+04	2.2021823213333195e+04	4.7231288807867895e+03	3.6389897439307579e+03
2.6216295910912695e+03	9.7303462870420735e+03	6.1880403400970099e+03	2.3664473492271962e+04	2.3322191415323969e+03	1.3911411025192880e+04	7.9664573673230116e+03	1.4373866399446766e+04	8.4101349951504126e+03	2.1743572202897853e+03	7.2279381769952830e+04	3.0309843632090338e+04	2.6862522768974700e+03	8.0001430803329240e+03	5.8302088862565124e+03	5.5042939540694406e+03	7.5543628113307022e+03	3.9865683368732075e+03	1.2247772950565581e+04	5.1987175943973734e+03	8.9995485880627766e+03	1.2381449964958802e+04	2.2020877105170228e+04	4.7230931892898179e+03	3.6389897439307579e+03
2.6198283283835353e+03	9.7303462870420735e+03	6.1880394905395278e+03	2.3659781166033565e+04	2.3319438805268937e+03	1.3864459002302568e+04	7.9664573673230116e+03	1.4333201013120217e+04	8.4101349951504126e+03	2.1742831301434999e+03	7.2239290591814555e+04	3.0301129657212059e+04	2.6862522768974700e+03	7.9902432054617893e+03	5.8299340786269440e+03	5.4788352443865078e+03	7.5537316943332726e+03	3.9808342946740877e+03	1.2240386103328392e+04	5.1987175943973734e+03	8.9994343487910010e+03	1.2373671378775312e+04	2.2020329948330625e+04	4.7230462347110388e+03	3.6389897439307579e+03
2.6198283283835353e+03	9.7019766926708871e+03	6.1880394905395278e+03	2.3650100125004890e+04	2.3317864190406572e+03	1.3808817012531836e+04	7.9598234077572251e+03	1.4328172816325547e+04	8.4101349951504126e+03	2.1741399612809964e+03	7.2140698104915849e+04	3.0246466121169709e+04	2.6862522768974700e+03	7.9715562889247431e+03	5.8294743939328146e+03	5.4788352443865078e+03	7.5535591992151094e+03	3.9762943059556555e+03	1.2234570698809432e+04	5.1987098779564103e+03	8.9994343487910010e+03	1.2371594587086291e+04	2.2020064872867519e+04	4.7226480321053341e+03	3.6389897439307579e+03
2.6185065939139258e+03	9.7019766926708871e+03	6.1880392577485454e+03	2.3649399650497307e+04	2.3315729545162676e+03	1.3662668210243250e+04	7.9598234077572251e+03	1.4311085332274975e+04	8.4101349951504126e+03	2.1740460328765389e+03	7.1774978541167759e+04	3.0243077475403676e+04	2.6862522768974700e+03	7.9562835254776346e+03	5.8289814522519100e+03	5.4788352443865078e+03	7.5489152559037293e+03	3.9642848394078101e+03	1.2234570698809432e+04	5.1595966828084602e+03	8.9994343487910010e+03	1.2369688863661650e+04	2.2019949311313365e+04	4.7222768265689865e+03	3.6389894069633101e+03
2.6185065939139258e+03	9.7016718730828179e+03	6.1880392577485454e+03	2.3647350558641432e+04	2.3315454028184754e+03	1.3261273473613795e+04	7.9561504992393502e+03	1.4311085332274975e+04	8.4101349951504126e+03	2.1738260634912867e+03	7.1107579885667772e+04	3.0208547014631964e+04	2.6862522768974700e+03	7.9541551033895985e+03	5.8285275129441343e+03	5.4788352443865078e+03	7.5455102272748582e+03	3.8889158274557776e+03	1.2232661548588756e+04	5.1595966828084602e+03	8.9994343487910010e+03	1.2369176479258895e+04	2.2019672715463508e+04	4.7218175014631806e+03	3.6210868503280153e+03
2.6185065939139258e+03	9.5330605017869002e+03	6.1739347937441235e+03	2.3643777136269578e+04	2.3315294520704319e+03	1.3175179501325580e+04	7.9561504992393502e+03	1.4311085332274975e+04	8.4101349951504126e+03	2.1735674435896017e+03	7.0971247108075739e+04	3.0121155054871437e+04	2.6861996838031937e+03	7.9539187919569922e+03	5.8278703742568687e+03	5.4788352443865078e+03	7.5406615976966768e+03	3.8785245864135809e+03	1.2230648571423966e+04	5.1595966828084602e+03	8.9879397306574065e+03	1.2369153428535068e+04	2.2019616356737890e+04	4.7212884747675516e+03	3.6210868503280153e+03
2.6180470808220962e+03	9.5330605017869002e+03	6.1739347937441235e+03	2.3639937856546348e+04	2.3314388171951728e+03	1.3164111324840182e+04	7.9478204633321038e+03	1.4304523125354084e+04	8.3761563183700073e+03	2.1735290525376390e+03	7.0965413938953643e+04	2.9786892618420989e+04	2.6861996838031937e+03	7.9538981852223151e+03	5.8271059164433991e+03	5.4771724974984318e+03	7.5397337292545690e+03	3.8765608696442714e+03	1.2224454868794364e+04	5.1595966828084602e+03	8.9879397306574065e+03	1.2368884180551746e+04	2.2019470979466700e+04	4.7197995492649325e+03	3.6208884677499032e+03
2.6173138020726237e+03	9.5330605017869002e+03	6.1739347937441235e+03	2.3633054619864844e+04	2.3313937963073868e+03	1.3164111324840182e+04	7.9478204633321038e+03	1.4304403961408772e+04	8.3761563183700073e+03	2.1735131629373250e+03	7.0952037908493730e+04	2.8772209802424961e+04	2.6861996838031937e+03	7.9538656730785860e+03	5.8270355361414940e+03	5.4719604478691417e+03	7.5284671527203745e+03	3.8761585327649527e+03	1.2224454868794364e+04	5.1413208158075868e+03	8.9683383639941512e+03	1.2368679559354372e+04	2.2019444447421814e+04	4.7106853647563030e+03	3.6208884677499032e+03
2.6172645041818714e+03	9.5330605017869002e+03	6.1739347937441235e+03	2.3626578202355930e+04	2.3313372785655374e+03	1.3163013763388053e+04	7.9478204633321038e+03	1.4304403961408772e+04	8.3761563183700073e+03	2.1733692464498909e+03	7.0942518874727190e+04	2.7285851656998897e+04	2.6861996838031937e+03	7.9538030405426161e+03	5.8268141334201337e+03	5.4719604478691417e+03	7.5138202222438158e+03	3.8761464606681488e+03	1.2221734120996578e+04	5.1286887349598746e+03	8.9683383639941512e+03	1.2368264884198641e+04	2.2019401204409307e+04	4.6529505689227608e+03	3.6208884677499032e+03
2.6172019847548108e+03	9.5170110766511516e+03	6.1739347937441235e+03	2.3618363160886671e+04	2.3312892228573919e+03	1.3162813737075048e+04	7.9478204633321038e+03	1.4292556917203465e+04	8.3697112453550781e+03	2.1731459365932619e+03	7.0937005350195628e+04	2.3312992317177148e+04	2.6860780514057069e+03	7.9535493669226489e+03	5.8264387601578801e+03	5.4719604478691417e+03	7.5025755265096786e+03	3.8758839518970926e+03	1.2220735696995505e+04	5.1155123850710606e+03	8.9683383639941512e+03	1.2367658976920080e+04	2.2019382924318714e+04	4.6163424753616600e+03	3.6208884677499032e+03
2.6148731756533480e+03	9.4906467763752134e+03	6.1739347937441235e+03	2.3618280890141370e+04	2.3312892228573919e+03	1.3162732836464704e+04	7.9478204633321038e+03	1.4292298103424375e+04	8.3697112453550781e+03	2.1723086489825414e+03	7.0934469494984296e+04	1.7261929560576580e+04	2.6860496387574149e+03	7.9511121714033752e+03	5.8264030563801698e+03	5.4691122404932885e+03	7.5025755265096786e+03	3.8751103393740691e+03	1.2220735696995505e+04	5.0868774891689809e+03	8.9663505836636305e+03	1.2367208209502191e+04	2.2019278253990011e+04	4.5820231949715717e+03	3.6021631299877517e+03
2.6147073626609322e+03	9.4403517835245439e+03	6.1739347937441235e+03	2.3618122819850592e+04	2.3312850240094695e+03	1.3161703002324099e+04	7.9478204633321038e+03	1.4215207809774693e+04	8.3697112453550781e+03	2.1721337842382300e+03	7.0934323183493427e+04	1.3340931810325459e+04	2.6851913157414974e+03	7.9470288818857680e+03	5.8261078583115386e+03	5.4554613909927357e+03	7.4887011942784611e+03	3.8750026159730351e+03	1.2220735696995505e+04	5.0868774891689809e+03	8.9607303196035118e+03	1.2366944209577625e+04	2.2018769541018501e+04	4.5296619012772671e+03	3.6021631299877517e+03
2.6147073626609322e+03	9.3578637580410686e+03	6.1739347937441235e+03	2.3617729000630308e+04	2.3312752854079536e+03	1.3161289620527266e+04	7.9399381017070782e+03	1.4152504869195218e+04	8.3576699242355426e+03	2.1720989358318775e+03	7.0933945384816034e+04	1.2058402755993822e+04	2.6838082526990966e+03	7.9366407141066993e+03	5.8253955322552983e+03	5.4554613909927357e+03	7.4735112602251593e+03	3.8741026147186667e+03	1.2209413722640453e+04	5.0868774891689809e+03	8.9607303196035118e+03	1.2366903341464329e+04	2.2018637081342324e+04	4.5043789394561272e+03	3.6015447341665090e+03
2.6147073626609322e+03	9.3411776372887798e+03	6.1376547523783765e+03	2.3616815808107815e+04	2.3312734995424735e+03	1.3160599975657409e+04	7.9390700228214655e+03	1.4146014839487229e+04	8.3576699242355426e+03	2.1717203592805408e+03	7.0931600760344911e+04	1.2021204761130757e+04	2.6833988628039137e+03	7.9277967397200291e+03	5.8179546367207186e+03	5.4518615673550084e+03	7.4735112602251593e+03	3.8729174620954818e+03	1.2206717722384254e+04	5.0625243138785545e+03	8.9607303196035118e+03	1.2366872811772566e+04	2.2018353201406811e+04	4.5028173988438075e+03	3.6015447341665090e+03
2.6144148488092105e+03	9.3411776372887798e+03	6.1376547523783765e+03	2.3616200476761260e+04	2.3312672916577621e+03	1.3155808977400458e+04	7.9388511518040468e+03	1.4146014839487229e+04	8.3500571357989429e+03	2.1693657145932334e+03	7.0928836770346388e+04	1.1940405109497429e+04	2.6833988628039137e+03	7.9187118518019124e+03	5.7971050752620531e+03	5.4518615673550084e+03	7.4735112602251593e+03	3.8715699918821865e+03	1.2206717722384254e+04	5.0625243138785545e+03	8.9607303196035118e+03	1.2366821342835434e+04	2.2018321766148179e+04	4.5023221966727397e+03	3.6015447341665090e+03
2.6140923778474253e+03	9.3411776372887798e+03	6.1376547523783765e+03	2.3616119036373871e+04	2.3312653965916943e+03	1.3145685422838453e+04	7.9388511518040468e+03	1.4117151121238621e+04	8.3500571357989429e+03	2.1693262734980367e+03	7.0928735605249618e+04	1.1935308257125198e+04	2.6831026351802875e+03	7.9135353506573229e+03	5.6561529704231498e+03	5.4518615673550084e+03	7.4735112602251593e+03	3.8708229421771152e+03	1.2206717722384254e+04	5.0485541674472115e+03	8.9068270136939991e+03	1.2366815847842699e+04	2.2018317956838411e+04	4.5021502142234849e+03	3.6015447341665090e+03
2.6126049863841895e+03	9.3411776372887798e+03	6.1376547523783765e+03	2.3616062559961971e+04	2.3312560631059232e+03	1.3122599259998728e+04	7.9319774893365884e+03	1.4079764610076012e+04	8.3500571357989429e+03	2.1693145263326796e+03	7.0928708716446112e+04	1.1935307419351851e+04	2.6831026351802875e+03	7.9110474458451936e+03	5.6495025191682635e+03	5.4518615673550084e+03	7.4733394185022044e+03	3.8696179110168432e+03	1.2206717722384254e+04	5.0485541674472115e+03	8.9068270136939991e+03	1.2366796236657405e+04	2.2018316105218109e+04	4.5020771297002739e+03	3.6015447341665090e+03
2.6126049863841895e+03	9.3411776372887798e+03	6.0688054201905516e+03	2.3615974406669186e+04	2.3312554485206883e+03	1.3094136602596605e+04	7.9319774893365884e+03	1.4079764610076012e+04	8.3500571357989429e+03	2.1693117189732493e+03	7.0928702933036417e+04	1.1934124372329165e+04	2.6828081175125690e+03	7.9102491249962604e+03	5.6489862137384134e+03	5.4512467343576755e+03	7.4721486236012697e+03	3.8659070454925954e+03	1.2206717722384254e+04	5.0485541674472115e+03	8.9067188805690876e+03	1.2366779733372337e+04	2.2018314879326907e+04	4.5019206568301142e+03	3.6015447341665090e+03
2.6126049863841895e+03	9.2342559771506094e+03	6.0688054201905516e+03	2.3615859073667412e+04	2.3312494592204134e+03	1.3035008647852468e+04	7.9311065898265106e+03	1.4067825017080129e+04	8.3482243492768030e+03	2.1693117189732493e+03	7.0928684212075197e+04	1.1933617802690882e+04	2.6821795047753908e+03	7.9096766682017314e+03	5.6485394069341619e+03	5.4512467343576755e+03	7.4653054069339223e+03	3.8636950724995550e+03	1.2206717722384254e+04	5.0485541674472115e+03	8.9067188805690876e+03	1.2366723962935050e+04	2.2018304949495330e+04	4.5015604656181895e+03	3.5875150272707679e+03
2.6120530482234135e+03	9.1950547475751373e+03	6.0688054201905516e+03	2.3615533378200347e+04	2.3312299406103089e+03	1.2758265016104968e+04	7.9311065898265106e+03	1.4050459368096308e+04	8.3482243492768030e+03	2.1693117003250909e+03	7.0928430218555775e+04	1.1933319840995604e+04	2.6821319370721553e+03	7.9091148769109932e+03	5.6481867622821574e+03	5.4512467343576755e+03	7.4621427584379944e+03	3.8611672973477457e+03	1.2205362619482445e+04	5.0116194274232612e+03	8.9066985447242660e+03	1.2366698646495439e+04	2.2018297388670875e+04	4.5011839991149618e+03	3.5870649852580354e+03
2.6115323937110952e+03	9.1950547475751373e+03	6.0688054201905516e+03	2.3615080618575343e+04	2.3311965087753551e+03	1.2428305896714150e+04	7.9311065898265106e+03	1.4050459368096308e+04	8.3482243492768030e+03	2.1693105073367615e+03	7.0928119946749517e+04	1.1930267352890764e+04	2.6819281147912889e+03	7.9084404097277147e+03	5.6481481517171242e+03	5.4512467343576755e+03	7.4590250185506084e+03	3.8584421411082672e+03	1.2204609006603036e+04	5.0116194274232612e+03	8.9062496309965682e+03	1.2366143151594277e+04	2.2018296042359805e+04	4.5004238693655934e+03	3.5870649852580354e+03
2.6113638828598650e+03	9.1950547475751373e+03	6.0688054201905516e+03	2.3614986139191373e+04	2.3309613871276260e+03	1.1708156333944178e+04	7.9311065898265106e+03	1.4050157191228700e+04	8.2937379692530230e+03	2.1693105073367615e+03	7.0925022997083914e+04	1.1926584033188070e+04	2.6819281147912889e+03	7.9069369589188718e+03	5.6481014493559614e+03	5.4329684596445213e+03	7.4505171678740026e+03	3.8570652151492668e+03	1.2203659846709266e+04	5.0116194274232612e+03	8.9062496309965682e+03	1.2364727743496853e+04	2.2018291926160517e+04	4.5002021874632546e+03	3.5870649852580354e+03
2.6107790454094666e+03	9.1950547475751373e+03	6.0688054201905516e+03	2.3614784359653266e+04	2.3307531238479578e+03	1.1366206212374109e+04	7.9311065898265106e+03	1.4050157191228700e+04	8.2937379692530230e+03	2.1693105073367615e+03	7.0923443706576378e+04	1.1918575688139357e+04	2.6816522552298029e+03	7.8971750587665992e+03	5.6479965088090576e+03	5.4329684596445213e+03	7.4378494270646534e+03	3.8559529107658955e+03	1.2201798537352357e+04	5.0043567535696120e+03	8.9062496309965682e+03	1.2360436031482348e+04	2.2018290458403531e+04	4.4997813997198336e+03	3.5867726323869060e+03
2.6105746445180757e+03	9.1950547475751373e+03	6.0688054201905516e+03	2.3614641913763382e+04	2.3307448966489837e+03	1.1366198872878540e+04	7.9311065898265106e+03	1.4050157191228700e+04	8.2937379692530230e+03	2.1693100226532806e+03	7.0923026392758242e+04	1.1913710292751441e+04	2.6815292472025585e+03	7.8921742095140253e+03	5.6479336432071259e+03	5.4328663439299507e+03	7.4355379828840159e+03	3.8557939693861908e+03	1.2200803409543159e+04	4.9818048015535605e+03	8.8577581789811447e+03	1.2347021763816692e+04	2.2018289947778831e+04	4.4985000305436115e+03	3.5759174961625708e+03
2.6104823929183849e+03	9.1831954410643866e+03	6.0688054201905516e+03	2.3614320275602793e+04	2.3307273733711349e+03	1.1363562156667242e+04	7.9303160889191968e+03	1.4035466194665867e+04	8.2825821767247271e+03	2.1693086281778105e+03	7.0921193025318265e+04	1.1912975555749323e+04	2.6812372637861799e+03	7.8868425132995881e+03	5.6477221615693570e+03	5.4271314245299764e+03	7.4228888524412168e+03	3.8557015681738985e+03	1.2199997128391855e+04	4.9818048015535605e+03	8.8577581789811447e+03	1.2315613879852395e+04	2.2018289572733906e+04	4.4903796145288316e+03	3.5759174961625708e+03
2.6102838368592161e+03	9.1831954410643866e+03	6.0688054201905516e+03	2.3614016132273198e+04	2.3306973365499052e+03	1.1359261300992657e+04	7.9285895526279901e+03	1.4034176891344865e+04	8.2825821767247271e+03	2.1693083634045511e+03	7.0902039107921417e+04	1.1911631355021787e+04	2.6812372637861799e+03	7.8850156964873458e+03	5.6476889130244208e+03	5.4271314245299764e+03	7.4126511487795797e+03	3.8556474692248357e+03	1.2196127007284989e+04	4.9818048015535605e+03	8.8577581789811447e+03	1.2278385876742690e+04	2.2018289551536916e+04	4.4625397478682480e+03	3.5756879882337780e+03
2.6102838368592161e+03	9.1831954410643866e+03	6.0651983281968260e+03	2.3613657952875103e+04	2.3306958725547502e+03	1.1349616850238792e+04	7.9270793217940209e+03	1.4030698039792456e+04	8.2825821767247271e+03	2.1693083634045511e+03	7.0876527921596076e+04	1.1910244453803743e+04	2.6811807998522922e+03	7.8849357951830934e+03	5.6471817821782024e+03	5.4271314245299764e+03	7.3967660975642448e+03	3.8556444281872227e+03	1.2194943886177960e+04	4.9818048015535605e+03	8.8577581789811447e+03	1.2232720530349074e+04	2.2018289323106270e+04	4.4622659532140042e+03	3.5724884947814880e+03
2.6102838368592161e+03	9.1831954410643866e+03	6.0581200855640491e+03	2.3613304570934124e+04	2.3306931421905620e+03	1.1347830105023626e+04	7.9257610625718162e+03	1.4021403032936418e+04	8.2602485918469611e+03	2.1693083634045511e+03	7.0856800076476240e+04	1.1909800801528947e+04	2.6808827305632180e+03	7.8848212973734144e+03	5.6462009602989438e+03	5.4271314245299764e+03	7.3837190432533025e+03	3.8555897891415061e+03	1.2193982693669643e+04	4.9787581662172706e+03	8.8479896112268270e+03	1.2213321566679177e+04	2.2018289076174424e+04	4.4618684372208572e+03	3.5706473351292288e+03
2.6102838368592161e+03	9.1831954410643866e+03	5.8529867933847536e+03	2.3612413280503239e+04	2.3306355297801724e+03	1.1322651297475448e+04	7.9254439739010622e+03	1.4021041834772010e+04	8.2552217661373688e+03	2.1693083634045511e+03	7.0795881384570341e+04	1.1909387324828471e+04	2.6806156515089747e+03	7.8847554846579806e+03	5.6435268030315756e+03	5.4238260609875688e+03	7.3773080873812760e+03	3.8555620302479083e+03	1.2193582970232608e+04	4.9773918691182289e+03	8.8305194120430806e+03	1.2147417187862884e+04	2.2018288664938264e+04	4.4613014313233198e+03	3.5670343295185694e+03
2.6099411924693686e+03	9.1828832957263185e+03	5.8529867933847536e+03	2.3611364507883874e+04	2.3305857511202707e+03	1.1307544658360393e+04	7.9254439739010622e+03	1.4021041834772010e+04	8.2552217661373688e+03	2.1693079174031127e+03	7.0356537238719029e+04	1.1908961295885072e+04	2.6802562845063335e+03	7.8841837541370260e+03	5.6432811773651028e+03	5.4236579871541990e+03	7.3707201481090988e+03	3.8555250839704199e+03	1.2191553814733983e+04	4.9758781427320400e+03	8.8212171204990955e+03	1.2125219486697664e+04	2.2018276274552558e+04	4.4608074136654850e+03	3.5637253345194858e+03
2.6099411924693686e+03	9.1828832957263185e+03	5.8529867933847536e+03	2.3609640697793009e+04	2.3305610945879043e+03	1.1288242737962584e+04	7.9250684544587793e+03	1.4014677453835755e+04	8.2552217661373688e+03	2.1693078939415250e+03	7.0062760743742940e+04	1.1906346592889244e+04	2.6802324852838055e+03	7.8831371023122774e+03	5.6431554300888201e+03	5.4236579871541990e+03	7.3707201481090988e+03	3.8554124547170650e+03	1.2187777465859239e+04	4.9670300358225904e+03	8.8016279765458385e+03	1.2073242556195737e+04	2.2018259110366595e+04	4.4601229561011405e+03	3.5621184559384510e+03
2.6088057359920799e+03	9.1817558783689346e+03	5.8529867933847536e+03	2.3608265896294033e+04	2.3304881184116566e+03	1.1261360405101592e+04	7.9249960960272383e+03	1.4014677453835755e+04	8.2458212404103579e+03	2.1693072967890953e+03	7.0025759044400082e+04	1.1901579281828854e+04	2.6796896136592886e+03	7.8825653406240617e+03	5.6430652509351376e+03	5.4236579871541990e+03	7.3704277650120439e+03	3.8554014380037206e+03	1.2167302899179494e+04	4.9643873812559395e+03	8.7839681646879453e+03	1.2072284705921042e+04	2.2018258241326141e+04	4.4594756947108381e+03	3.5489104100456934e+03
2.6081609701204952e+03	9.1817558783689346e+03	5.7127276456822656e+03	2.3608189032021895e+04	2.3304876457329719e+03	1.1255538478300577e+04	7.9247951902228060e+03	1.4014677453835755e+04	8.2458074468943287e+03	2.1693072293372052e+03	6.9122120729281072e+04	1.1901579281828854e+04	2.6794585571757757e+03	7.8816639520585086e+03	5.6430134047841730e+03	5.4236350001037199e+03	7.3554721606553512e+03	3.8552977473029287e+03	1.2119611882459003e+04	4.9608350317736695e+03	8.7265853405013604e+03	1.2071025510821906e+04	2.2018256723154620e+04	4.4594504557558776e+03	3.5489104100456934e+03
2.6075100276313774e+03	9.1746620111751727e+03	5.7127276456822656e+03	2.3608093326043927e+04	2.3304820692235398e+03	1.1227225717061541e+04	7.9230753263613469e+03	1.4014677453835755e+04	8.2457966672312978e+03	2.1693072293372052e+03	6.9075207850910083e+04	1.1901252544222662e+04	2.6792637585141679e+03	7.8808139550338956e+03	5.6429639906865359e+03	5.4222612742318433e+03	7.3551025138870864e+03	3.8550674492931857e+03	1.2106344094699349e+04	4.9586219618119731e+03	8.7265853405013604e+03	1.2070301917260542e+04	2.2018256491421002e+04	4.4594100135666649e+03	3.5179915720885465e+03
2.6074815295284770e+03	9.1668889022059393e+03	5.7119192262376473e+03	2.3607970263388183e+04	2.3304411320056843e+03	1.1196197467176744e+04	7.9226088968339336e+03	1.4012143541338719e+04	8.2456711772137041e+03	2.1693070049350495e+03	6.9072677053516731e+04	1.1899675629858999e+04	2.6787659857917465e+03	7.8804733679882320e+03	5.6429425130892578e+03	5.4189319932494764e+03	7.3551025138870864e+03	3.8546018655376970e+03	1.2095444026243173e+04	4.9585099514001067e+03	8.7265853405013604e+03	1.2070294300530355e+04	2.2018256263507988e+04	4.4592964345528617e+03	3.5179915720885465e+03
2.6074815295284770e+03	9.1052010686380345e+03	5.7113902223770083e+03	2.3607958360488079e+04	2.3304403090879041e+03	1.1168908061593378e+04	7.9224879079125403e+03	1.4008651437936929e+04	8.2456711772137041e+03	2.1693070049350495e+03	6.9072237025294540e+04	1.1895933047240998e+04	2.6784181158140755e+03	7.8803796524285062e+03	5.6429286736119611e+03	5.4189319932494764e+03	7.3551025138870864e+03	3.8529264763118003e+03	1.2090467734205840e+04	4.9582731712752302e+03	8.7265853405013604e+03	1.2070289318241854e+04	2.2018250307972921e+04	4.4591699341666372e+03	3.5179915720885465e+03
2.6066545473050196e+03	9.1052010686380345e+03	5.7113902223770083e+03	2.3607951114114843e+04	2.3304391150982233e+03	1.1158799531605222e+04	7.9224879079125403e+03	1.4008651437936929e+04	8.2454809953377917e+03	2.1693065802000647e+03	6.9071982139928921e+04	1.1894439674915835e+04	2.6777504133326956e+03	7.8803756030651066e+03	5.6427841976135896e+03	5.4155007179176300e+03	7.3535731187735146e+03	3.8525741508113201e+03	1.2085478866392845e+04	4.9582731712752302e+03	8.7260999835479870e+03	1.2070288664001437e+04	2.2018010031528185e+04	4.4590681614597015e+03	3.5179904436608722e+03
2.6066545473050196e+03	9.0587880451519704e+03	5.7113902223770083e+03	2.3607945373705690e+04	2.3304386530052579e+03	1.1147828668659458e+04	7.9208029042568214e+03	1.4008651437936929e+04	8.2454809953377917e+03	2.1693062623821370e+03	6.9071895801223553e+04	1.1893981234565679e+04	2.6769447289952586e+03	7.8803746703773450e+03	5.6426737156638392e+03	5.4154968158070278e+03	7.3519187444513682e+03	3.8512287677228969e+03	1.2038954913475543e+04	4.9545240490145097e+03	8.7260999835479870e+03	1.2070287479740397e+04	2.2017703043944603e+04	4.4589784587738641e+03	3.5179904436608722e+03
2.6061310645858184e+03	9.0144964365936830e+03	5.7113902223770083e+03	2.3607925519267759e+04	2.3304385762910674e+03	1.1146949205924293e+04	7.9188640275815997e+03	1.4008651437936929e+04	8.2453931799922248e+03	2.1693062623821370e+03	6.9071849795582617e+04	1.1893862920067049e+04	2.6766099532268950e+03	7.8803686670803800e+03	5.6426239830444019e+03	5.4154273139478310e+03	7.3496192111540286e+03	3.8503730852039148e+03	1.2027008490953649e+04	4.9545240490145097e+03	8.7260999835479870e+03	1.2070282548497693e+04	2.2017677728860468e+04	4.4589612629680323e+03	3.5179904436608722e+03
2.6043542056760125e+03	9.0144964365936830e+03	5.7113902223770056e+03	2.3607861337608781e+04	2.3304383665576488e+03	1.1146824952370969e+04	7.9107679504127454e+03	1.4004089596785889e+04	8.2453931799922248e+03	2.1693062623821370e+03	6.9071826924615263e+04	1.1893791677607938e+04	2.6766022888477519e+03	7.8803659472684803e+03	5.6425618222767080e+03	5.4145118106999344e+03	7.3496192111540286e+03	3.8491608278130343e+03	1.2021706949328141e+04	4.9528488182453748e+03	8.7115102614421940e+03	1.2070281909585818e+04	2.2017676886722307e+04	4.4589325960108199e+03	3.5179904436608722e+03
2.6040423943326928e+03	9.0144964365936830e+03	5.7113902223770056e+03	2.3607592296776384e+04	2.3304367518003210e+03	1.1146536534664509e+04	7.9107679504127454e+03	1.4004089596785889e+04	8.2358983275449827e+03	2.1693055340307210e+03	6.9071759571931703e+04	1.1893539755029560e+04	2.6764907846881679e+03	7.8803615107720980e+03	5.6417110979513582e+03	5.4139177389008355e+03	7.3484007185527271e+03	3.8484157719994364e+03	1.2017647048513369e+04	4.9353590799248223e+03	8.7115102614421940e+03	1.2070278186875968e+04	2.2017671663794423e+04	4.4587328333324731e+03	3.5145374716578390e+03
2.6029019740592912e+03	8.9883247603613818e+03	5.7113847111359883e+03	2.3607483132171295e+04	2.3304366308926310e+03	1.1146103632966953e+04	7.9012512636964711e+03	1.4003558427679956e+04	8.2341911909916143e+03	2.1693049865498751e+03	6.9071719958988819e+04	1.1893385213009245e+04	2.6763335327823415e+03	7.8803598665943027e+03	5.6403126211479503e+03	5.4117433359408533e+03	7.3456824096699784e+03	3.8408952341217951e+03	1.2014930252195898e+04	4.9056979519023316e+03	8.7050318634643081e+03	1.2070271223029536e+04	2.2017016899993891e+04	4.4585445858009198e+03	3.5145374716578390e+03
2.6025554219426053e+03	8.9292597993962045e+03	5.6439830081864211e+03	2.3606827232759155e+04	2.3304357162812685e+03	1.1145219613030533e+04	7.8904379134487499e+03	1.4003146419286679e+04	8.2341911909916143e+03	2.1693037910085691e+03	6.9071553456638489e+04	1.1892717423754118e+04	2.6762500087471280e+03	7.8803584700144493e+03	5.6369440124631465e+03	5.4088797914336710e+03	7.3414527563087331e+03	3.8408952341217951e+03	1.2011235820481250e+04	4.8495174688154839e+03	8.6472450571014615e+03	1.2070242130730257e+04	2.2014494212777347e+04	4.4581303221834769e+03	3.5117809090960350e+03
2.6008761851990571e+03	8.9292597993962045e+03	5.6439830081864211e+03	2.3606061486797731e+04	2.3303430342193269e+03	1.1144829151803035e+04	7.8722533792823642e+03	1.3999065395344183e+04	8.2340888784167510e+03	2.1693009164889331e+03	6.9067143866319209e+04	1.1892154421939978e+04	2.6761773929342544e+03	7.8803538749694071e+03	5.6332391100068417e+03	5.4067326136558195e+03	7.3413879422766522e+03	3.8387686524650544e+03	1.2003776433358336e+04	4.8020375451890241e+03	8.6472450571014615e+03	1.2070229936850894e+04	2.2014412051012026e+04	4.4579058573572684e+03	3.5117809090960350e+03
2.6007199932555473e+03	8.7781226618418041e+03	5.6439830081864211e+03	2.3604189288406680e+04	2.3302429498745832e+03	1.1144509502906662e+04	7.8722533792823642e+03	1.3998895653909116e+04	8.2117068210618181e+03	2.1692991051830554e+03	6.9028793196534694e+04	1.1891995388483330e+04	2.6761704391978647e+03	7.8803507378224267e+03	5.6294760696511321e+03	5.4051780656290339e+03	7.3400874368600362e+03	3.8387674060662935e+03	1.2000326003611670e+04	4.7723180215033317e+03	8.6409741077964954e+03	1.2070169710983315e+04	2.2014409781713388e+04	4.4577959582865878e+03	3.5083222601516704e+03
2.5997415789909019e+03	8.7244969324780777e+03	5.6439820724115152e+03	2.3600101215107505e+04	2.3302375183985018e+03	1.1144459466517013e+04	7.8722533792823642e+03	1.3998839712320299e+04	8.2117068210618181e+03	2.1692886166797830e+03	6.8754163761560500e+04	1.1891841115466319e+04	2.6761020034628436e+03	7.8803491558966598e+03	5.6286300430977753e+03	5.4026823735664439e+03	7.3400832865894445e+03	3.8384948082747578e+03	1.1988449272353115e+04	4.7684235860049776e+03	8.6383948981859849e+03	1.2070096542898296e+04	2.2014407877217211e+04	4.4576720226543157e+03	3.5058433441352563e+03
2.5997415789909019e+03	8.5011327558134217e+03	5.4574052483664827e+03	2.3598375886385260e+04	2.3302370062298833e+03	1.1144436373148383e+04	7.8589604963286483e+03	1.3998614826715562e+04	8.2116035620832736e+03	2.1691638035226115e+03	6.8062050274241075e+04	1.1891760613112174e+04	2.6760417012593298e+03	7.8803475154546013e+03	5.6281172876884430e+03	5.3984876569838780e+03	7.3344580308923814e+03	3.8382757171430985e+03	1.1959994166544131e+04	4.7644236581240330e+03	8.6383948981859849e+03	1.2070081171586418e+04	2.2014406033496845e+04	4.4576073899249923e+03	3.5044375175498471e+03
2.5988386961199922e+03	8.5011327558134217e+03	5.4574049951595334e+03	2.3598362347296094e+04	2.3302323321530266e+03	1.1144363843475956e+04	7.8358382429827543e+03	1.3996011897597777e+04	8.2113344467370662e+03	2.1690821815631521e+03	6.7774404545086829e+04	1.1891704333967593e+04	2.6759109285455534e+03	7.8803463245398088e+03	5.6280028714980563e+03	5.3958964805634232e+03	7.3291320364192461e+03	3.8382307308721779e+03	1.1951896213478803e+04	4.7599533972877707e+03	8.6383948981859849e+03	1.2070080146447306e+04	2.2014378106835393e+04	4.4575150561818282e+03	3.5022870223174368e+03
2.5978197359897385e+03	8.2848085398065232e+03	5.4574049951595334e+03	2.3598240915059101e+04	2.3301927577527285e+03	1.1144308123220613e+04	7.8218848101483436e+03	1.3993848334853281e+04	8.2113344467370662e+03	2.1688968632940805e+03	6.7746207110642223e+04	1.1891500991616194e+04	2.6758322301257722e+03	7.8803415552711640e+03	5.6278424486331278e+03	5.3925277430851147e+03	7.3291320364192461e+03	3.8381523646798018e+03	1.1949744966532789e+04	4.7589746587159825e+03	8.6076424597595742e+03	1.2070079916559638e+04	2.2013227685920439e+04	4.4573640565732267e+03	3.5018287332171967e+03
2.5932354113429383e+03	8.2321973975857491e+03	5.4471797347763813e+03	2.3598153771481873e+04	2.3300593936831929e+03	1.1144200613405321e+04	7.7802860248406469e+03	1.3992263715499446e+04	8.2113344467370662e+03	2.1686779826136026e+03	6.7745576423191043e+04	1.1891162883067660e+04	2.6757880969379398e+03	7.8803311974551270e+03	5.6277812745261508e+03	5.3916000933580981e+03	7.3290395763795968e+03	3.8381124078656867e+03	1.1949309435479756e+04	4.7582843113831350e+03	8.6031221850419097e+03	1.2070079693989692e+04	2.2011395788265560e+04	4.4570827280155809e+03	3.5016943255172591e+03
2.5932354113429383e+03	8.1722686490931146e+03	5.4468350669105548e+03	2.3598066891954557e+04	2.3300593004620787e+03	1.1143891955090654e+04	7.6454674130592157e+03	1.3990747763795156e+04	8.2072403023845709e+03	2.1686664518136613e+03	6.7745495998196711e+04	1.1891024782832570e+04	2.6755596465464860e+03	7.8803284510786943e+03	5.6277489885793530e+03	5.3898660576364346e+03	7.3273639280934967e+03	3.8379227914596740e+03	1.1949252921746347e+04	4.7570878173061428e+03	8.6029975610087986e+03	1.2070078984261288e+04	2.2011165929102335e+04	4.4564067479682735e+03	3.5008956243561911e+03
2.5932354113429383e+03	8.0047258090873875e+03	5.4468350669105548e+03	2.3597874201255196e+04	2.3300590915143343e+03	1.1143533378610195e+04	7.5118809088419030e+03	1.3990725030260908e+04	8.1944413491575797e+03	2.1686652794227493e+03	6.7745442531125460e+04	1.1890820302879034e+04	2.6753107185656454e+03	7.8803284297104665e+03	5.6276910734793291e+03	5.3898660576364346e+03	7.3252715609946808e+03	3.8377018747642046e+03	1.1949115381653248e+04	4.7561551062019371e+03	8.6023121532261575e+03	1.2070078328161733e+04	2.2008534113692847e+04	4.4544088199674816e+03	3.5008874306498737e+03
2.5901541262366136e+03	8.0047258090873875e+03	5.3181119806724455e+03	2.3597393121444376e+04	2.3300574659410413e+03	1.1143024316650846e+04	7.4608750266610432e+03	1.3990085049315358e+04	8.1944413491575797e+03	2.1686645633688854e+03	6.7745414257944241e+04	1.1890538413225278e+04	2.6750869356935464e+03	7.8803283722654469e+03	5.6274081323863429e+03	5.3892496755289503e+03	7.3221310027717345e+03	3.8377018747642046e+03	1.1947202260095648e+04	4.7560121042295805e+03	8.6002524597559295e+03	1.2070075568064276e+04	2.2008066516553139e+04	4.4535243509475713e+03	3.5007528985686918e+03
2.5894283351258368e+03	7.9095539496151359e+03	5.3181119806724455e+03	2.3597231826083429e+04	2.3300290241669991e+03	1.1142747523412909e+04	7.1074046229612950e+03	1.3989932156671726e+04	8.1944413491575797e+03	2.1686564626787140e+03	6.7745395727510026e+04	1.1890289325565645e+04	2.6747855890564965e+03	7.8803282434288685e+03	5.6273246772128414e+03	5.3892076378877964e+03	7.3104532829128602e+03	3.8372167439680638e+03	1.1934888521429915e+04	4.7555521716109442e+03	8.5970110442900605e+03	1.2070063928511860e+04	2.2007843075797005e+04	4.4527219103535372e+03	3.5005509344214379e+03
2.5857628421411159e+03	7.9004937390846662e+03	5.3181119806724455e+03	2.3597109361115559e+04	2.3298549838956574e+03	1.1142500038951606e+04	6.7536905398903382e+03	1.3989932156671726e+04	8.1944413491575797e+03	2.1686555632825766e+03	6.7745343140555851e+04	1.1889813448130191e+04	2.6714721968378522e+03	7.8803282138807645e+03	5.6271930833244187e+03	5.3890686671966978e+03	7.3092643016214925e+03	3.8370171247387598e+03	1.1930504294656605e+04	4.7553967368936792e+03	8.5969271539715974e+03	1.2070031688277410e+04	2.2006532512536811e+04	4.4527199996027011e+03	3.5003735450731310e+03
2.5842809928097322e+03	7.8726901597182678e+03	5.3181119806724455e+03	2.3596910127716728e+04	2.3297080544527139e+03	1.1142377559361217e+04	5.6050741059915017e+03	1.3988878846830095e+04	8.1944413491575797e+03	2.1686554323868081e+03	6.7745187362462995e+04	1.1889597730790141e+04	2.6668770469594051e+03	7.8803280706668056e+03	5.6268745837244351e+03	5.3889387180873564e+03	7.3091840941752334e+03	3.8363151863289554e+03	1.1930362611937977e+04	4.7520672742813913e+03	8.5944103711556418e+03	1.2069918705948297e+04	2.2004309530822051e+04	4.4526986140927092e+03	3.5002433811696542e+03
2.5831789570675860e+03	7.8676628239949023e+03	5.3181119806724455e+03	2.3596806777436839e+04	2.3292128406536535e+03	1.1142359030738455e+04	5.5452682862253960e+03	1.3988445480053937e+04	8.1944413491575797e+03	2.1686551836647250e+03	6.7745081290371367e+04	1.1887567866828333e+04	2.6667942151034795e+03	7.8803279201779260e+03	5.6252780896275526e+03	5.3887774797863758e+03	7.3014157040734272e+03	3.8343310996200426e+03	1.1930353831101580e+04	4.7455055636342422e+03	8.5930810879526616e+03	1.2069916083722890e+04	2.2000697092111495e+04	4.4525717494079072e+03	3.4998254017247818e+03
2.5797149457695514e+03	7.8646336077574952e+03	5.3181119806724455e+03	2.3596375931736729e+04	2.3276356664557561e+03	1.1142328219018291e+04	5.5362313784729258e+03	1.3986852229051989e+04	8.1944413491575797e+03	2.1686373203577978e+03	6.7745030012654766e+04	1.1887300214969642e+04	2.6664858890169380e+03	7.8803271809538292e+03	5.6222634587750290e+03	5.3885604029800179e+03	7.2980912984937268e+03	3.8321690414660966e+03	1.1930351075806044e+04	4.7449710096637764e+03	8.5899370172196286e+03	1.2069915749868309e+04	2.1992123893833377e+04	4.4524093392984814e+03	3.4990808798919443e+03
2.5759643446813279e+03	7.8556392572525046e+03	5.3181119806724455e+03	2.3594782419436520e+04	2.3256404355994955e+03	1.1142315311625058e+04	5.5276372839706255e+03	1.3984300362148482e+04	8.1944413491575797e+03	2.1685763885406136e+03	6.7745001808408080e+04	1.1887296915786517e+04	2.6659302264194412e+03	7.8803238802643609e+03	5.6211750424624006e+03	5.3882045614359467e+03	7.2958766140040752e+03	3.8306952248300872e+03	1.1930329749101633e+04	4.7425828038159607e+03	8.5865464889526993e+03	1.2069913992319318e+04	2.1985473449053097e+04	4.4523018361349659e+03	3.4977286019691414e+03
2.5755781542403006e+03	7.8421165635000243e+03	5.2658553200246170e+03	2.3594767253915077e+04	2.3243286020551673e+03	1.1142252951858820e+04	5.5252038860456687e+03	1.3983765605935168e+04	8.1944413491575797e+03	2.1685149396207107e+03	6.7744984831908630e+04	1.1887269113120918e+04	2.6622027826139156e+03	7.8803237471166303e+03	5.6193933946671978e+03	5.3880191757228495e+03	7.2919438482470869e+03	3.8276830965685531e+03	1.1930211158676559e+04	4.7386881266703822e+03	8.5855451280173802e+03	1.2069913726513631e+04	2.1979163934685381e+04	4.4521796934028189e+03	3.4976125134485164e+03
2.5755781542403006e+03	7.8421165635000243e+03	5.2658553200246170e+03	2.3594764566635655e+04	2.3243217607974957e+03	1.1142053999360262e+04	5.5249825675766670e+03	1.3981999394984085e+04	8.1940271007461488e+03	2.1684860655169505e+03	6.7744949033002558e+04	1.1887258737461689e+04	2.6053856005557950e+03	7.8803236108386791e+03	5.5974243945821463e+03	5.3862115062630055e+03	7.2879106759591177e+03	3.8218797523837366e+03	1.1929433202328979e+04	4.7329669678165737e+03	8.5794997905529854e+03	1.2069913536917320e+04	2.1974266808004220e+04	4.4520851055835719e+03	3.4972558155593256e+03
2.5751292085670229e+03	7.8406164636644662e+03	5.1847078412372030e+03	2.3594760798566000e+04	2.3243174837569882e+03	1.1141219503937496e+04	5.5228742122766325e+03	1.3979724647036097e+04	8.1940271007461488e+03	2.1684844751316286e+03	6.7744919654279060e+04	1.1887252350436782e+04	2.6046964814291359e+03	7.8803233002866127e+03	5.4727013266694339e+03	5.3852527657095925e+03	7.2876460753726251e+03	3.8079834782181788e+03	1.1926674494375216e+04	4.7295849231143275e+03	8.5697711024263608e+03	1.2069913284252816e+04	2.1974028071115274e+04	4.4519954949672028e+03	3.4962115374795940e+03
2.5724295781075066e+03	7.8192199805424498e+03	5.1847078412372030e+03	2.3594724375872207e+04	2.3243099354273722e+03	1.1139824581741525e+04	5.5219240749690016e+03	1.3976624903853693e+04	8.1940271007461488e+03	2.1684843992746714e+03	6.7744901157002110e+04	1.1887165046268601e+04	2.6044980905959851e+03	7.8803230396145609e+03	5.4583846267071212e+03	5.3849795129013037e+03	7.2845745450940776e+03	3.7868118191390404e+03	1.1925968107666658e+04	4.7246312280374968e+03	8.5685349918549091e+03	1.2069913228808553e+04	2.1974027988375135e+04	4.4519836731430250e+03	3.4949970207004117e+03
2.5721706415120193e+03	7.8084670130270260e+03	5.1847078412372030e+03	2.3594695595552203e+04	2.3242876042970552e+03	1.1137367959011473e+04	5.5157982758331673e+03	1.3967831698713606e+04	8.1940271007461488e+03	2.1684843863164569e+03	6.7744861417415043e+04	1.1886865167613763e+04	2.6043628254570149e+03	7.8803229764017324e+03	5.4574226812752167e+03	5.3845376865546750e+03	7.2741519695525876e+03	3.7726062283715955e+03	1.1924575503290427e+04	4.7246312280374968e+03	8.5647526636075872e+03	1.2069913122005553e+04	2.1974024207306269e+04	4.4519002597116214e+03	3.4888694433053533e+03
2.5706760080200170e+03	7.7933382233354596e+03	5.1847078412372030e+03	2.3594446291789587e+04	2.3242874725586444e+03	1.1128115278096615e+04	5.5006901789205303e+03	1.3960286637723375e+04	8.1940271007461488e+03	2.1684843766646986e+03	6.7744744392453867e+04	1.1886380239731967e+04	2.6043389547459119e+03	7.8803229706585271e+03	5.4573369523079982e+03	5.3837279082637042e+03	7.2689678602479544e+03	3.7705180344439159e+03	1.1911935073130453e+04	4.7036189862262499e+03	8.5647526636075872e+03	1.2069912889284980e+04	2.1974021208474460e+04	4.4518064564777178e+03	3.4870827702861097e+03
2.5699923270725126e+03	7.7742467305981991e+03	5.1847078412372030e+03	2.3594000451972977e+04	2.3242866819894707e+03	1.1121117040487519e+04	5.4909058223209540e+03	1.3957606036686977e+04	8.1907175877799318e+03	2.1684843691141791e+03	6.7744691807082607e+04	1.1886020608070980e+04	2.6042811052444040e+03	7.8803229098105694e+03	5.4573199158667885e+03	5.3766723637390196e+03	7.2638208528779378e+03	3.7704201119488594e+03	1.1854434119710648e+04	4.6910689391983869e+03	8.5646658819022468e+03	1.2069911118588234e+04	2.1974020779632774e+04	4.4513041415455991e+03	3.4853935934153214e+03
2.5675147243116571e+03	7.7695928875873187e+03	5.1085217272307773e+03	2.3593715653236774e+04	2.3242856498755882e+03	1.1063440567455051e+04	5.4816528994365835e+03	1.3955182219969265e+04	8.1905251125625437e+03	2.1684843552835800e+03	6.7744691807082607e+04	1.1885369613686051e+04	2.6040562898522676e+03	7.8803223054086520e+03	5.4573002367104191e+03	5.3761327626902148e+03	7.2586572532957625e+03	3.7704170876765420e+03	1.1846574558653707e+04	4.6853438880623389e+03	8.5646658819022468e+03	1.2069907494771513e+04	2.1974020768359256e+04	4.4462782750420920e+03	3.4845433065795087e+03
2.5675147243116571e+03	7.7657637178880650e+03	5.1079622209230620e+03	2.3593698470631538e+04	2.3242856420735147e+03	1.1044749631723154e+04	5.4738217156501833e+03	1.3937464525094951e+04	8.1905251125625437e+03	2.1684843482242613e+03	6.7744646293427140e+04	1.1884320987876543e+04	2.6040129248111953e+03	7.8802736841042570e+03	5.4572975446210103e+03	5.3760062596636944e+03	7.2523167586575419e+03	3.7702809997755407e+03	1.1828382970971947e+04	4.6745245125060210e+03	8.5646658819022468e+03	1.2069845876036004e+04	2.1974020584197824e+04	4.4397767274472508e+03	3.4820078960384835e+03
2.5627131475310725e+03	7.7608652026121699e+03	5.0139147212096432e+03	2.3593640990009731e+04	2.3242856261097249e+03	1.1042797745640724e+04	5.4638695789248759e+03	1.3896485864528975e+04	8.1905251125625437e+03	2.1684843436299047e+03	6.7744446224006591e+04	1.1882042550483966e+04	2.6039832611893366e+03	7.8802264222162685e+03	5.4572969556082480e+03	5.3757743692484528e+03	7.2460669056434326e+03	3.7702204597342043e+03	1.1820443753325319e+04	4.6609637529715192e+03	8.5639980106675212e+03	1.2069736239991598e+04	2.1974020471896220e+04	4.4391103639750918e+03	3.4725068921592747e+03
2.5581877808262243e+03	7.7585144329520817e+03	5.0139147212096432e+03	2.3593488450509776e+04	2.3242855480038070e+03	1.1041150462694579e+04	5.4442152158353110e+03	1.3641093026520510e+04	8.1905251125625437e+03	2.1684843415167302e+03	6.7743938691522097e+04	1.1881480276081871e+04	2.6037872206632310e+03	7.8802264187913843e+03	5.4572931224484864e+03	5.3756652938311272e+03	7.2459746231805875e+03	3.7699118649815559e+03	1.1820273812136005e+04	4.6505455231885617e+03	8.5639980106675212e+03	1.2069608615869973e+04	2.1974020254737170e+04	4.4390005847872944e+03	3.4720078140765308e+03
2.5543273715780269e+03	7.7568638456173385e+03	5.0139147212096432e+03	2.3593242431692222e+04	2.3242855034400864e+03	1.1041150462694579e+04	5.4277174214424031e+03	1.3170413956445493e+04	8.1905251125625437e+03	2.1684843317496961e+03	6.7741194241548103e+04	1.1881472405496486e+04	2.6037661848849061e+03	7.8802264023568932e+03	5.4572869379613567e+03	5.3755788490969016e+03	7.2459102876249999e+03	3.7676382226901956e+03	1.1819896720366029e+04	4.6415592361819326e+03	8.5639980106675212e+03	1.2068825839754925e+04	2.1974018665131825e+04	4.4388486106046776e+03	3.4702089102892860e+03
2.5543273715780269e+03	7.7561289459372883e+03	5.0136414828282795e+03	2.3592322160739739e+04	2.3242854938081291e+03	1.1040372045729251e+04	5.4241005030685756e+03	1.1337917291263297e+04	8.1905251125625437e+03	2.1684843267566243e+03	6.7739195900370236e+04	1.1881374787807168e+04	2.6037641349937057e+03	7.8802262232288413e+03	5.4572827409114798e+03	5.3752312935834443e+03	7.2398267892830172e+03	3.7606964319380918e+03	1.1819553683058017e+04	4.6103494677331737e+03	8.5639980106675212e+03	1.2067804445367143e+04	2.1973923161218252e+04	4.4365492982524393e+03	3.4632943094231173e+03
2.5464202546239767e+03	7.7558381067079972e+03	5.0136414828282795e+03	2.3591923878624850e+04	2.3242854413913565e+03	1.1040348696807672e+04	5.4182073029374496e+03	8.4307909559629261e+03	8.1900598819979850e+03	2.1684843088318275e+03	6.7725104725348268e+04	1.1881290711111960e+04	2.6035925458049624e+03	7.8802249800945428e+03	5.4572686927692357e+03	5.3742979093432277e+03	7.2347343522921528e+03	3.7600839314488007e+03	1.1819060194300790e+04	4.5828537895093586e+03	8.5638556738582483e+03	1.2060280756953331e+04	2.1968120370855613e+04	4.4331402981731662e+03	3.4420942136082854e+03
2.5434420214170782e+03	7.7558381067079972e+03	4.9893180727154677e+03	2.3591883627952739e+04	2.3242853982402794e+03	1.1040300380027738e+04	5.4180684660597926e+03	8.3634063996855330e+03	8.1900598805754144e+03	2.1684842966260931e+03	6.7366138233799487e+04	1.1881246926337129e+04	2.6004575359652104e+03	7.8801939664387683e+03	5.4572493562327081e+03	5.3705503193980458e+03	7.2150152945636473e+03	3.7534871624301159e+03	1.1817151057228488e+04	4.5351252506489509e+03	8.5632694318836620e+03	1.2060212296237863e+04	2.1964187203716680e+04	4.4318872614540796e+03	3.4375263282922606e+03
2.5409795738556054e+03	7.7546520895717576e+03	4.9893180727154677e+03	2.3591879506100486e+04	2.3242853858683084e+03	1.1040264346455289e+04	5.4167402152081140e+03	7.9965179445909280e+03	8.1900598805754144e+03	2.1684842292769945e+03	6.7241866405630717e+04	1.1881163851470232e+04	2.6004316144002751e+03	7.8801832656511988e+03	5.4572130448604448e+03	5.3611699755002101e+03	7.2062071729401250e+03	3.7468937410616427e+03	1.1816631115546244e+04	4.5038902025229527e+03	8.5632694318836620e+03	1.2060035237166136e+04	2.1950583208215008e+04	4.4308770347953796e+03	3.4362830106047791e+03
2.5366728500820873e+03	7.7543534920309721e+03	4.9847905176016302e+03	2.3591854597122350e+04	2.3242852739482528e+03	1.1040230759788374e+04	5.4167402152081140e+03	7.9926298380058161e+03	8.1900598805754144e+03	2.1684778734054835e+03	6.7212700728426484e+04	1.1881102704894431e+04	2.6003759186096959e+03	7.8801832321117236e+03	5.4571955468801380e+03	5.3447949674329566e+03	7.1989512668562847e+03	3.7465875883921449e+03	1.1816598311027108e+04	4.4961951807615778e+03	8.5632678910956984e+03	1.2059608034346127e+04	2.1950286258318829e+04	4.4308515074464449e+03	3.4350507638851759e+03
2.5344483391333633e+03	7.7543534920309721e+03	4.9847905176016302e+03	2.3591323311565728e+04	2.3242847476445204e+03	1.1040219539451060e+04	5.4140404172153558e+03	7.9898790747684998e+03	8.1900598805754144e+03	2.1684680872678546e+03	6.7212413512381638e+04	1.1880944825877303e+04	2.6003724477450487e+03	7.8801831086254424e+03	5.4571158538527689e+03	5.3382351598708447e+03	7.1894361352265723e+03	3.7307859416137271e+03	1.1816597272972722e+04	4.4515128617131013e+03	8.5632678910956984e+03	1.2059497354548144e+04	2.1947894870174128e+04	4.4308364765475790e+03	3.4340738992865986e+03
2.5329728161452231e+03	7.7534730435670908e+03	4.9847905176016302e+03	2.3589482007327242e+04	2.3242844403136596e+03	1.1040197675874268e+04	5.4080851875271856e+03	7.9865392637764926e+03	8.1900598805754144e+03	2.1684590205807290e+03	6.7212351389997566e+04	1.1880906215825071e+04	2.6003719676241385e+03	7.8801496159134631e+03	5.4568146102944756e+03	5.3354264993344441e+03	7.1881366428143256e+03	3.7280738786142510e+03	1.1816595204781550e+04	4.4215789339085313e+03	8.5631330343353256e+03	1.2059424967123285e+04	2.1947692848769850e+04	4.4308220695081855e+03	3.4333736956747580e+03
2.5322216869011986e+03	7.7523960346709664e+03	4.9846757430283897e+03	2.3587267329600112e+04	2.3242844392786628e+03	1.1040182458983145e+04	5.4066224966003920e+03	7.9814194940430343e+03	8.1900598805754144e+03	2.1684546001636522e+03	6.7212325457505736e+04	1.1880820630829459e+04	2.6003498813298711e+03	7.8784019376701508e+03	5.4564620463171395e+03	5.3328239422857005e+03	7.1854859261859074e+03	3.7279632176043442e+03	1.1816584451380422e+04	4.4107254810892318e+03	8.5631330343353256e+03	1.2059406761128368e+04	2.1946528188546738e+04	4.4308116074676518e+03	3.4310592051732856e+03
2.5280846057039362e+03	7.7498758522923154e+03	4.9846757430283897e+03	2.3587022193091310e+04	2.3242844372972390e+03	1.1040138692178783e+04	5.4066224966003920e+03	7.9813051213408562e+03	8.1900598805754144e+03	2.1684433018199852e+03	6.7212187727083248e+04	1.1880820630829459e+04	2.6003461869357425e+03	7.8696694383701833e+03	5.4559437394621054e+03	5.3327163869837759e+03	7.1850365642001871e+03	3.7153501905239327e+03	1.1816584407051210e+04	4.3899394408377084e+03	8.5631330343353256e+03	1.2059405237858999e+04	2.1943146399953697e+04	4.4307686650527239e+03	3.4185458826360582e+03
2.5277896437864274e+03	7.7498758522923154e+03	4.9846757430283897e+03	2.3585083666683553e+04	2.3242844358903267e+03	1.1040014754556127e+04	5.4066224966003920e+03	7.9812802598718790e+03	8.1900598805754144e+03	2.1684326408524212e+03	6.7211838711326272e+04	1.1880744543955580e+04	2.6003167260081991e+03	7.8696639973796518e+03	5.4549982782660991e+03	5.3326793288832723e+03	7.1813763689472771e+03	3.7095230960980566e+03	1.1816584200029667e+04	4.3866055981055024e+03	8.5628041559115300e+03	1.2059404693781869e+04	2.1938216195580102e+04	4.4306735396622607e+03	3.3294059643063565e+03
2.5275052443257277e+03	7.7498758522923154e+03	4.9795723036461668e+03	2.3582695640194823e+04	2.3242844334855322e+03	1.1039760103376795e+04	5.4066224966003920e+03	7.9810233311336888e+03	8.1899470878694219e+03	2.1684298332177605e+03	6.7211339634640142e+04	1.1880689288062229e+04	2.6002449540521684e+03	7.8696639018105179e+03	5.4539457352576710e+03	5.3326285271822526e+03	7.1791043504122272e+03	3.7053021188529738e+03	1.1816583517111741e+04	4.3712954619355223e+03	8.5628041559115300e+03	1.2059403378416697e+04	2.1935665062634009e+04	4.4303062403222830e+03	3.0624323078204229e+03
2.5270822502845153e+03	7.7494411798729707e+03	4.9795723036461668e+03	2.3582630476961145e+04	2.3242844330919388e+03	1.1039679015886673e+04	5.4038589630431379e+03	7.9779576624664278e+03	8.1822245321982573e+03	2.1684156061143394e+03	6.7210319858793868e+04	1.1880469957542527e+04	2.6001613648611419e+03	7.8696638958983112e+03	5.4525589573034404e+03	5.3326095260136499e+03	7.1782115524123892e+03	3.7050734607626973e+03	1.1816582802470848e+04	4.3657965244312618e+03	8.5379811781314456e+03	1.2059401134936579e+04	2.1929850738987796e+04	4.4296837468625872e+03	2.9262688757236715e+03
2.5264688480779178e+03	7.7492692398930321e+03	4.9599924464807636e+03	2.3582622786888784e+04	2.3242844318018624e+03	1.1039269391397786e+04	5.3970211098538402e+03	7.9700152558166392e+03	8.1822245321982573e+03	2.1684115564181079e+03	6.7207831137075234e+04	1.1880168800573760e+04	2.5999890190879819e+03	7.8696638132010758e+03	5.4523152519879977e+03	5.3325659284680705e+03	7.1646923877970748e+03	3.7050596922581867e+03	1.1816580151875100e+04	4.3380496987610404e+03	8.5379811781314456e+03	1.2059385961170521e+04	2.1913553653800438e+04	4.4294253476312233e+03	2.8223317313432917e+03
2.5264189569102791e+03	7.7489544016724158e+03	4.9165873362224838e+03	2.3582473128274789e+04	2.3242844301862656e+03	1.1038591083970270e+04	5.3949341608528248e+03	7.9618271277065251e+03	8.1822245321982573e+03	2.1684098702205119e+03	6.7202026909902546e+04	1.1879878115281381e+04	2.5991382863315789e+03	7.8696318972715635e+03	5.4523107764471333e+03	5.3325364535084300e+03	7.1597031957574982e+03	3.7045957692692573e+03	1.1816567370091650e+04	4.1869767285869075e+03	8.5379811781314456e+03	1.2059359392841443e+04	2.1901359298636591e+04	4.4291324212687259e+03	2.8212957716498317e+03
2.5258481301544048e+03	7.7487921082153516e+03	4.9165873362224838e+03	2.3582293293920589e+04	2.3242844282032120e+03	1.1036667208761217e+04	5.3913045289011270e+03	7.9602476401362546e+03	8.1822245321982573e+03	2.1684085218190767e+03	6.7198738479318912e+04	1.1879562909879467e+04	2.5987890863702073e+03	7.8679543228433722e+03	5.4523087233071046e+03	5.3325021763027489e+03	7.1464859836783107e+03	3.7040648472073535e+03	1.1816532082610789e+04	4.1777906441620235e+03	8.5354050618972942e+03	1.2059307428399943e+04	2.1891646891244014e+04	4.4287055253278731e+03	2.8206479722262343e+03
2.5257825665898536e+03	7.7473591076263619e+03	4.7440417115673035e+03	2.3582048359293109e+04	2.3242844184050741e+03	1.1033060497659235e+04	5.3900800687874253e+03	7.9597572001638164e+03	8.1822245321982573e+03	2.1683992616556925e+03	6.7195721367613893e+04	1.1879456682710312e+04	2.5987875593129997e+03	7.8596011869972845e+03	5.4523071353689193e+03	5.3324717706936026e+03	7.1173827447215708e+03	3.7040346262489111e+03	1.1816367478762166e+04	4.1743356864795905e+03	8.5354050618972942e+03	1.2059275225318048e+04	2.1884361446496576e+04	4.4281066199303386e+03	2.8202685250075715e+03
2.5236258495270981e+03	7.7440974423079660e+03	4.7440417115673035e+03	2.3581481251206173e+04	2.3242843941835163e+03	1.1031471381445486e+04	5.3880242807411287e+03	7.9595776362684383e+03	8.1822245321982573e+03	2.1683991139642885e+03	6.7195051542370566e+04	1.1879120605139331e+04	2.5987873351961243e+03	7.8596008105314449e+03	5.4523062070962078e+03	5.3324472450937283e+03	7.1106458114401066e+03	3.7016947712269985e+03	1.1816284514652732e+04	4.1696455041305198e+03	8.5354050618972942e+03	1.2059260791594144e+04	2.1867190543631496e+04	4.4276809445380186e+03	2.8202297036104842e+03
2.5226782033395316e+03	7.7404074499723120e+03	4.7440417115673035e+03	2.3580317226497871e+04	2.3242843861365391e+03	1.1031471381445486e+04	5.3861054321405863e+03	7.9595682164498830e+03	8.1822245321982573e+03	2.1683990791306942e+03	6.7195030553120276e+04	1.1878949539040970e+04	2.5987870790581655e+03	7.8595971312588963e+03	5.4523059729864999e+03	5.3324396567921640e+03	7.1011361669030348e+03	3.6981500585750091e+03	1.1816272526838795e+04	4.1696455041305198e+03	8.5354050618972942e+03	1.2059257327518728e+04	2.1855542977357847e+04	4.4276504320652930e+03	2.8200860579964356e+03
2.5217305040080814e+03	7.7377672496039240e+03	4.6732691323327272e+03	2.3580142410397235e+04	2.3242842519945116e+03	1.1031423180971689e+04	5.3843106787759261e+03	7.9595496965321672e+03	8.1822245321982573e+03	2.1683989087349910e+03	6.7195023378243990e+04	1.1877143604451614e+04	2.5987859510792714e+03	7.8594934860788817e+03	5.4523059636957259e+03	5.3324331787929978e+03	7.0996194406465656e+03	3.6960283315861925e+03	1.1816271858230237e+04	4.1692182776473692e+03	8.5269490344305996e+03	1.2059251961488468e+04	2.1836470759070598e+04	4.4272644589217580e+03	2.8198367273834160e+03
2.5208854356515021e+03	7.7363926599715960e+03	4.5993514578389531e+03	2.3580118891090115e+04	2.3242828482011860e+03	1.1031372528616050e+04	5.3775778502388785e+03	7.9592092125326835e+03	8.1822129301499081e+03	2.1683989047046957e+03	6.7194990965689576e+04	1.1873956185131763e+04	2.5987119645668972e+03	7.8593371438313879e+03	5.4523057359421691e+03	5.3324329811590815e+03	7.0964304938839614e+03	3.6880893986344372e+03	1.1816270507244593e+04	4.1689034578691653e+03	8.5267759822130447e+03	1.2059230837216597e+04	2.1825934880075412e+04	4.4267691998204245e+03	2.8185533705983444e+03
2.5196752125270173e+03	7.7291315470941699e+03	4.5993514578389531e+03	2.3580117973602511e+04	2.3242805039323143e+03	1.1031274542337926e+04	5.3703039339875359e+03	7.9583252747580891e+03	8.1785559007644188e+03	2.1683989030420444e+03	6.7194981002706481e+04	1.1870091306337152e+04	2.5983455674793513e+03	7.8593368505057942e+03	5.4523052816175423e+03	5.3324321625999073e+03	7.0882632010968009e+03	3.6794698065478196e+03	1.1816259849525277e+04	4.1685182866916330e+03	8.5256716715654984e+03	1.2059193538838312e+04	2.1817580599214627e+04	4.4267690574469916e+03	2.8176051346753584e+03
2.5193992065899270e+03	7.7094679575284672e+03	4.5993514578389531e+03	2.3580062849301547e+04	2.3242586161965373e+03	1.1031253842486343e+04	5.3604124222269129e+03	7.9582891342273579e+03	8.1781242870392834e+03	2.1683989017095760e+03	6.7194971781968954e+04	1.1865914067286567e+04	2.5980816428378330e+03	7.8593367923099713e+03	5.4523042208844045e+03	5.3324303038538837e+03	7.0777607108388484e+03	3.6392595770644907e+03	1.1815129680991582e+04	4.1681927453972921e+03	8.5091728367521100e+03	1.2059040018688742e+04	2.1817561650966640e+04	4.4267202976675862e+03	2.8154552485291501e+03
2.5189110871599787e+03	7.7007255367711541e+03	4.5993514578389531e+03	2.3579580739193625e+04	2.3242262694439664e+03	1.1031184244991106e+04	5.3408496777972605e+03	7.9582800749345788e+03	8.1781242870392834e+03	2.1683988978467546e+03	6.7194971509621711e+04	1.1861893596035796e+04	2.5979249311225958e+03	7.8593364083904298e+03	5.4523031984329600e+03	5.3324284402931853e+03	7.0733704165995450e+03	3.6304155501488290e+03	1.1812695498999281e+04	4.1674067506179244e+03	8.5091728367521100e+03	1.2058890046171498e+04	2.1812420526517024e+04	4.4267000626390491e+03	2.8033004766732211e+03
2.5170870561975348e+03	7.6850422655788934e+03	4.5687064959256832e+03	2.3577667600229342e+04	2.3238951041481159e+03	1.1031020197359487e+04	5.3248551870353494e+03	7.9579967724695362e+03	8.1750090082776678e+03	2.1683988967776063e+03	6.7194964788233628e+04	1.1859552145551159e+04	2.5979189558990961e+03	7.8593360483855131e+03	5.4523027301541970e+03	5.3324267906980776e+03	7.0710779185850888e+03	3.5915444860323478e+03	1.1812695241497675e+04	4.1666805125208666e+03	8.5091728367521100e+03	1.2058832556359872e+04	2.1810323552580081e+04	4.4266611746413819e+03	2.8023088435126201e+03
2.5170870561975348e+03	7.6850422655788934e+03	4.5687064959256832e+03	2.3577020845841314e+04	2.3229872275123098e+03	1.1030735104335650e+04	5.3243299746071816e+03	7.9576925712970387e+03	8.1587030199123710e+03	2.1683988861382459e+03	6.7194960300580220e+04	1.1857896552348748e+04	2.5979080298562499e+03	7.8593325756499844e+03	5.4523025102856036e+03	5.3324218959631962e+03	7.0710779185850888e+03	3.5521523761931289e+03	1.1812694990564371e+04	4.1666293750172099e+03	8.5091728367521100e+03	1.2058830408116304e+04	2.1809936518114653e+04	4.4266029705989622e+03	2.8022047715900135e+03
2.5164193351419199e+03	7.6820663730410479e+03	4.5687064959256832e+03	2.3576315159174574e+04	2.3213905948183151e+03	1.1030431574397344e+04	5.3242881484151458e+03	7.9568323989984292e+03	8.1587030199123710e+03	2.1683983975450883e+03	6.7194946509155125e+04	1.1857176498683924e+04	2.5978634674954255e+03	7.8593173895625969e+03	5.4523024638266106e+03	5.3324212085084600e+03	7.0708936019615103e+03	3.5521523761931289e+03	1.1812692953969519e+04	4.1663833949050068e+03	8.5062054458130006e+03	1.2058830349324577e+04	2.1809894027749553e+04	4.4264890179670056e+03	2.8021822840418199e+03
2.5163851605598065e+03	7.6494897117523833e+03	4.5687064959256832e+03	2.3576068181354221e+04	2.3212909504251770e+03	1.1029188506691375e+04	5.3242031867230980e+03	7.9564506738593009e+03	8.1584735786377059e+03	2.1683882327276569e+03	6.7194937450278841e+04	1.1856887775311028e+04	2.5977695389271230e+03	7.8591242518159688e+03	5.4523024195697053e+03	5.3324196617752377e+03	7.0701993491444746e+03	3.5303946550145674e+03	1.1812652758856369e+04	4.1656404811620905e+03	8.4908255092318141e+03	1.2058830334553784e+04	2.1809874975243216e+04	4.4262438346058152e+03	2.8021794618932040e+03
2.5160783687983239e+03	7.5792333601351575e+03	4.5687064959256832e+03	2.3576011618862005e+04	2.3212861719017601e+03	1.1027186062199471e+04	5.3239515953569762e+03	7.9559680916463349e+03	8.1518527176607322e+03	2.1683879210198579e+03	6.7194922688396415e+04	1.1856670161211530e+04	2.5972456767788372e+03	7.8589560482683246e+03	5.4523019277984567e+03	5.3324121870554718e+03	7.0697297479675972e+03	3.5079666246685806e+03	1.1812652431330094e+04	4.1653754824939178e+03	8.4906222892137321e+03	1.2058830301775661e+04	2.1809858328835999e+04	4.4262138635778447e+03	2.8021554012482325e+03
2.5159071392081014e+03	7.5621265734191375e+03	4.4709948227331151e+03	2.3575810359077095e+04	2.3212861638733539e+03	1.1019904367602674e+04	5.3239133688887605e+03	7.9559314337221040e+03	8.1483237222561811e+03	2.1683875064604581e+03	6.7194908196901248e+04	1.1855687379602066e+04	2.5971445071277803e+03	7.8578705257745605e+03	5.4523008996333665e+03	5.3324074890196207e+03	7.0696267251514919e+03	3.5028133646806546e+03	1.1812652054540891e+04	4.1642237544409754e+03	8.4905891153756202e+03	1.2058828935262114e+04	2.1809856621103481e+04	4.4262024171771627e+03	2.8021172025990791e+03
2.5157573956345186e+03	7.5447269801002312e+03	4.4709948227331151e+03	2.3575344132893981e+04	2.3212861609392980e+03	1.1015196912562500e+04	5.3231918612401732e+03	7.9559101002934276e+03	8.1385570425252290e+03	2.1683874908271523e+03	6.7194899246942397e+04	1.1855104665014331e+04	2.5971278217793315e+03	7.8575936915155262e+03	5.4522889957748430e+03	5.3324068683709993e+03	7.0693801115749357e+03	3.5024604373798829e+03	1.1812652052421989e+04	4.1622993696556459e+03	8.4905891153756202e+03	1.2058828832890744e+04	2.1809827081222058e+04	4.4261629446650722e+03	2.8019749183226886e+03
2.5157003779396482e+03	7.5308924978153082e+03	4.4265178712145134e+03	2.3575202516391899e+04	2.3212861594393462e+03	1.1009904778068534e+04	5.3226653865350763e+03	7.9558472451297457e+03	8.1385570425252290e+03	2.1683874883111143e+03	6.7194896467448605e+04	1.1854738767778641e+04	2.5967277302120501e+03	7.8572354190139595e+03	5.4522564132528923e+03	5.3324051500285186e+03	7.0689988627716202e+03	3.4983795803101957e+03	1.1812652047818059e+04	4.1613677520276415e+03	8.4849643494524971e+03	1.2058823665194192e+04	2.1809827081222058e+04	4.4260804010252741e+03	2.8018924545413956e+03
2.5156592187909509e+03	7.5270799852268328e+03	4.3514181558199198e+03	2.3574963173956206e+04	2.3212861591468832e+03	1.0982101240909276e+04	5.3214400119456695e+03	7.9552707386959210e+03	8.1352306725271847e+03	2.1683874822946973e+03	6.7194873441450080e+04	1.1853310071132008e+04	2.5964970757423016e+03	7.8572346111898423e+03	5.4519817627853390e+03	5.3324018121220361e+03	7.0668522677409092e+03	3.4981730879887573e+03	1.1812652042798976e+04	4.1573386368619013e+03	8.4849643494524971e+03	1.2058816736529599e+04	2.1809826788688886e+04	4.4256559163705388e+03	2.8015980943046957e+03
2.5156133257080337e+03	7.5257829686651821e+03	4.3408756521540781e+03	2.3574453393086154e+04	2.3212861572439242e+03	1.0928190840374058e+04	5.3167703144679554e+03	7.9543641551453939e+03	8.1352306725271847e+03	2.1683873607894984e+03	6.7194536611890755e+04	1.1852758235951862e+04	2.5964277703391776e+03	7.8572345929802177e+03	5.4453965461588696e+03	5.3323258926053240e+03	7.0667058709802886e+03	3.4980492343192336e+03	1.1812651677583042e+04	4.1518508951863014e+03	8.4756338358924186e+03	1.2058805209721098e+04	2.1809824963212410e+04	4.4253386605396681e+03	2.8015948310380368e+03
2.5156133257080337e+03	7.5160184134749679e+03	4.3408756521540781e+03	2.3574275843501968e+04	2.3212861525617009e+03	1.0926818218945620e+04	5.3127801590462277e+03	7.9543546478353292e+03	8.1352306725271847e+03	2.1683873561091209e+03	6.7189921770811401e+04	1.1850142218139310e+04	2.5962872266434224e+03	7.8572345913748477e+03	5.4394643296301456e+03	5.3319121273637038e+03	7.0664649268348876e+03	3.4980264628768073e+03	1.1812643840761766e+04	4.1461231113813419e+03	8.4756338358924186e+03	1.2058782411996117e+04	2.1809824280135268e+04	4.4250890557004586e+03	2.8015927865816293e+03
2.5155810973998141e+03	7.4993207296280389e+03	4.3408756521540781e+03	2.3574211466796511e+04	2.3212861400042889e+03	1.0926538268663635e+04	5.3124747002501535e+03	7.9543542426618378e+03	8.1296095739134271e+03	2.1683873554674856e+03	6.7181204501593165e+04	1.1843567339012567e+04	2.5959805934745132e+03	7.8572345892961221e+03	5.4394622031037570e+03	5.3297054183570399e+03	7.0661308317608400e+03	3.4980201393687621e+03	1.1812537228320203e+04	4.1458160724525133e+03	8.4709323378407280e+03	1.2058734051343277e+04	2.1809823827330227e+04	4.4250890156833584e+03	2.8015890200535864e+03
2.5155437935233003e+03	7.4991678908427875e+03	4.3359350008113806e+03	2.3574007318925658e+04	2.3212860173677700e+03	1.0926483192504773e+04	5.3122495340178912e+03	7.9543486287975084e+03	8.1236204030676163e+03	2.1683873551872798e+03	6.7172205509032225e+04	1.1840566680045724e+04	2.5958932075239863e+03	7.8572345076193305e+03	5.4393896714631246e+03	5.3244059739027580e+03	7.0660994899455827e+03	3.4969671002470782e+03	1.1810740938957242e+04	4.1421464629832499e+03	8.4709323378407280e+03	1.2058544924924297e+04	2.1809823786781959e+04	4.4250513139781897e+03	2.8015810720527397e+03
2.5155011291720948e+03	7.4837088937327862e+03	4.3359350008113806e+03	2.3573219644583722e+04	2.3212855318841112e+03	1.0926454653546149e+04	5.3118755747704290e+03	7.9541161428953365e+03	8.1173601737146255e+03	2.1683873548456390e+03	6.7172195326118090e+04	1.1827292217921862e+04	2.5956713327730431e+03	7.8572331121224106e+03	5.4384550625848997e+03	5.3190565685731381e+03	7.0660812820309047e+03	3.4969671002470782e+03	1.1802664671725433e+04	4.1315421021898383e+03	8.4675036209962382e+03	1.2058152457849592e+04	2.1809823399059151e+04	4.4250309307610351e+03	2.8015536689771957e+03
2.5154356536134610e+03	7.4826639707868762e+03	4.3104421100925183e+03	2.3572491350776545e+04	2.3212845788616441e+03	1.0926212634747526e+04	5.3117171094887308e+03	7.9541146387502577e+03	8.1108302134059186e+03	2.1683873547722415e+03	6.7172178548968775e+04	1.1815029506221643e+04	2.5953551062857891e+03	7.8572182473222438e+03	5.4268173983503193e+03	5.3115640028895032e+03	7.0654787713923506e+03	3.4965873754522599e+03	1.1802580095159516e+04	4.1253202206427159e+03	8.4675036209962382e+03	1.2057899410832695e+04	2.1809822726485818e+04	4.4249949688086963e+03	2.8014928550418890e+03
2.5153611190489537e+03	7.4799806498625603e+03	4.3104421100925183e+03	2.3572379788801612e+04	2.3212804905557746e+03	1.0926084497302360e+04	5.3116055255978026e+03	7.9541134106180125e+03	8.0896902591779590e+03	2.1683873542245283e+03	6.7172176622886764e+04	1.1811900938089204e+04	2.5953365734506201e+03	7.8572004515647732e+03	5.4037616836765937e+03	5.3049747427026086e+03	7.0645156620315820e+03	3.4961474786035060e+03	1.1801704870974070e+04	4.1025019179230430e+03	8.4675036209962382e+03	1.2057559920418902e+04	2.1809820417421266e+04	4.4249541354459498e+03	2.8013617593296976e+03
2.5152956720123329e+03	7.4783750893632459e+03	4.3103658931269874e+03	2.3572292850490128e+04	2.3212737471408923e+03	1.0925898294789245e+04	5.3114946395122952e+03	7.9540172628821711e+03	8.0887574124934199e+03	2.1683873541972794e+03	6.7172171506545681e+04	1.1804867867506675e+04	2.5952887613420144e+03	7.8572002942065392e+03	5.4019153802316032e+03	5.2786033094195573e+03	7.0625237426942176e+03	3.4958473735433499e+03	1.1801433129203808e+04	4.0967141724734720e+03	8.4675036209962382e+03	1.2057409554298525e+04	2.1809560227169150e+04	4.4248767555226150e+03	2.8013530455729910e+03
2.5152909785344682e+03	7.4780546744221274e+03	4.3042250691965983e+03	2.3572190099017927e+04	2.3212073086845699e+03	1.0925551587404068e+04	5.3112640793900082e+03	7.9529786533771949e+03	8.0830907623016819e+03	2.1683873541714779e+03	6.7172147471428587e+04	1.1804700191420314e+04	2.5948349438941204e+03	7.8572002918134131e+03	5.4019129447673477e+03	5.2720180210363669e+03	7.0472830855818365e+03	3.4951425751409324e+03	1.1801382572754754e+04	4.0903171363568749e+03	8.4675036209962382e+03	1.2057406092819996e+04	2.1808905347820775e+04	4.4248174417085629e+03	2.8013459225956990e+03
2.5152738311127973e+03	7.4780546744221274e+03	4.3042250691965983e+03	2.3571039777720780e+04	2.3208594643816059e+03	1.0924289850287798e+04	5.3109754582821424e+03	7.9529290227925248e+03	8.0826804763277178e+03	2.1683873541714779e+03	6.7172075168473151e+04	1.1803829209172749e+04	2.5943508022302190e+03	7.8572002897193088e+03	5.4019128468431545e+03	5.2715489119168760e+03	7.0268271238936859e+03	3.4950331650075900e+03	1.1801312838992948e+04	4.0760155454736569e+03	8.4623504545796313e+03	1.2057406086087318e+04	2.1802027743886050e+04	4.4246069148800270e+03	2.8013149616966998e+03
2.5152342455490589e+03	7.4778868121454143e+03	4.3042250691965983e+03	2.3570282251295015e+04	2.3203608396061263e+03	1.0921710194134532e+04	5.3108217605811424e+03	7.9521439045311763e+03	8.0826804763277178e+03	2.1683873541714779e+03	6.7171432469969790e+04	1.1803368708782817e+04	2.5942814750884445e+03	7.8572002895437599e+03	5.4019126392741091e+03	5.2713937284793446e+03	7.0009873898574278e+03	3.4935368843243477e+03	1.1801309375173818e+04	4.0573487634570656e+03	8.4570125322759068e+03	1.2057405837478051e+04	2.1751117853245520e+04	4.4241967390299997e+03	2.8010640482883982e+03
2.5151298161889363e+03	7.4777128782811014e+03	4.3042250691965983e+03	2.3569958884199114e+04	2.3188645913471696e+03	1.0921448472432539e+04	5.3106393023206419e+03	7.9520887463184554e+03	8.0825478589814957e+03	2.1683873541709409e+03	6.7167982862167730e+04	1.1803368708013391e+04	2.5942720618771450e+03	7.8572002895047226e+03	5.4019099973486673e+03	5.2713932728626878e+03	6.9964418704301443e+03	3.4904243365894927e+03	1.1801309243638161e+04	4.0521204441748882e+03	8.4453340549409295e+03	1.2057405446842684e+04	2.1697271806563098e+04	4.4239465213543417e+03	2.7981046920437620e+03
2.5150830402430838e+03	7.4770714146543469e+03	4.3027830412505355e+03	2.3569725550745399e+04	2.3188347211064338e+03	1.0921420098269076e+04	5.3105922267914048e+03	7.9520189111796499e+03	8.0825478589814957e+03	2.1683873541709409e+03	6.7167886536554346e+04	1.1803285555731083e+04	2.5942665305343171e+03	7.8572002893776289e+03	5.4018432699066925e+03	5.2713697766994137e+03	6.9952546242473172e+03	3.4810566217893170e+03	1.1801309197710649e+04	4.0483324040550351e+03	8.4029473186658197e+03	1.2057404422963786e+04	2.1670107715992173e+04	4.4206957245061094e+03	2.7963687161967937e+03
2.5149629729580865e+03	7.4770165445940256e+03	4.2978314913975710e+03	2.3569393347591187e+04	2.3188287305557287e+03	1.0921344469217873e+04	5.3105542367057151e+03	7.9519103760231046e+03	8.0825478589814957e+03	2.1683873541709409e+03	6.7167853229290413e+04	1.1802461624776179e+04	2.5942657201040010e+03	7.8572002874804803e+03	5.4017990088568968e+03	5.2713477942383588e+03	6.9947648862964925e+03	3.4784423766102263e+03	1.1801309113978527e+04	4.0478957324325793e+03	8.4021152813790377e+03	1.2057401576813989e+04	2.1665170842338135e+04	4.4202375165186604e+03	2.7963435316472769e+03
2.5148920593163630e+03	7.4769765045011163e+03	4.2871150254367449e+03	2.3569250372654587e+04	2.3188226473485993e+03	1.0921263852028458e+04	5.3103924275067384e+03	7.9509200074943437e+03	8.0781543536637182e+03	2.1683873541709409e+03	6.7167852390269138e+04	1.1802039604365085e+04	2.5942654698481774e+03	7.8572002771854095e+03	5.4017989862415470e+03	5.2713469362804408e+03	6.9946012391937184e+03	3.4684476466600267e+03	1.1801307037072556e+04	4.0476953408004451e+03	8.4009407596391011e+03	1.2057383650172182e+04	2.1640030432762353e+04	4.4201245829695308e+03	2.7963294461203413e+03
2.5145692376867328e+03	7.4769115950017167e+03	4.2871150254367449e+03	2.3569072063366126e+04	2.3188197964698338e+03	1.0921226389050466e+04	5.3099898834560781e+03	7.9490779269813302e+03	8.0732632819419023e+03	2.1683873541709072e+03	6.7167847414911812e+04	1.1800157797588861e+04	2.5942654452457400e+03	7.8571986151575802e+03	5.4017989096996589e+03	5.2713468425869378e+03	6.9932610221104205e+03	3.4624799525686035e+03	1.1801289338672252e+04	4.0476044935893524e+03	8.3850321761579617e+03	1.2057374050345064e+04	2.1617509047677333e+04	4.4200685226455535e+03	2.7963172735485268e+03
2.5139222152771936e+03	7.4768507150998767e+03	4.2871150254367449e+03	2.3568901927915074e+04	2.3188194751148981e+03	1.0921092169621970e+04	5.3095913449212185e+03	7.9490623189902090e+03	8.0732632819419023e+03	2.1683873541695057e+03	6.7167840750581236e+04	1.1787371695056674e+04	2.5942652647522855e+03	7.8571615587267524e+03	5.4017982164482910e+03	5.2713466779957198e+03	6.9908390287249094e+03	3.4591933583573259e+03	1.1798874937991588e+04	4.0475611437151197e+03	8.3584616635547609e+03	1.2057355360241516e+04	2.1606284814306306e+04	4.4199970260006448e+03	2.7962840757459312e+03
2.5136637232825833e+03	7.4768507150998767e+03	4.2871150254367449e+03	2.3568875784160213e+04	2.3188194554455140e+03	1.0920878680370177e+04	5.3092997527036978e+03	7.9482448969560646e+03	8.0681397969502441e+03	2.1683873541685780e+03	6.7167829738372704e+04	1.1780172088826137e+04	2.5942649492117525e+03	7.8570039279609518e+03	5.4017913486566413e+03	5.2713464752767050e+03	6.9895233439076173e+03	3.4581008960636118e+03	1.1777397522674566e+04	4.0475173205727720e+03	8.3401185417261258e+03	1.2057353398806936e+04	2.1601126083350471e+04	4.4198476810655156e+03	2.7962509413303669e+03
2.5134977762167618e+03	7.4767981624496651e+03	4.2566189141431441e+03	2.3568730299212377e+04	2.3188194400286784e+03	1.0920745424245270e+04	5.3089475571802504e+03	7.9480438338568292e+03	8.0530468971756609e+03	2.1683873541677176e+03	6.7167822719617339e+04	1.1774138263312347e+04	2.5942646972477587e+03	7.8570039254098956e+03	5.4017829203234678e+03	5.2713459245021977e+03	6.9882490037266707e+03	3.4568782501776259e+03	1.1777397386510405e+04	4.0471811527329519e+03	8.3362816632239774e+03	1.2057353328863868e+04	2.1597460286063393e+04	4.4193254878017742e+03	2.7962308793553120e+03
2.5131035474620735e+03	7.4767576429710525e+03	4.2566189141431441e+03	2.3568684621060860e+04	2.3188194284141964e+03	1.0920540962232240e+04	5.3087096169656525e+03	7.9479993662391444e+03	8.0409389722926653e+03	2.1683873541677176e+03	6.7167814125598496e+04	1.1774138263312347e+04	2.5942646322556870e+03	7.8570039128357184e+03	5.4017829076981125e+03	5.2713458316112701e+03	6.9875842248515683e+03	3.4561839091675324e+03	1.1777397373065260e+04	4.0470319129502332e+03	8.3359643527410262e+03	1.2057353321784654e+04	2.1595576898562118e+04	4.4189375213946632e+03	2.7962134412632622e+03
2.5130513790835389e+03	7.4767410153023966e+03	4.2566189141431441e+03	2.3568582400685682e+04	2.3188194079508439e+03	1.0920540782645259e+04	5.3085728548848347e+03	7.9477731730686392e+03	8.0187900962725398e+03	2.1683873541674138e+03	6.7167814125598496e+04	1.1773283714799101e+04	2.5942646202020492e+03	7.8570036949019614e+03	5.4017828284843372e+03	5.2713457519910589e+03	6.9868553119491944e+03	3.4561654938608426e+03	1.1777397365637240e+04	4.0467050623808391e+03	8.3312827695132946e+03	1.2057353145035022e+04	2.1595419204093294e+04	4.4182430635870905e+03	2.7961801024213610e+03
2.5127834229034788e+03	7.4763894021367705e+03	4.2530877281539269e+03	2.3568543610157594e+04	2.3188193533029971e+03	1.0920512908634411e+04	5.3083781237009262e+03	7.9477404919193468e+03	7.9822907391294184e+03	2.1683873541669573e+03	6.7167807855241059e+04	1.1771846210503118e+04	2.5942646174825059e+03	7.8569997228239135e+03	5.4017828030229739e+03	5.2713455309983801e+03	6.9860530777763261e+03	3.4558703431800036e+03	1.1777397365177620e+04	4.0466635010706814e+03	8.3230574000267043e+03	1.2057352481851824e+04	2.1595403474868341e+04	4.4175325687092854e+03	2.7961797968035407e+03
2.5127611224160742e+03	7.4762844610690217e+03	4.2530877281539269e+03	2.3568508251143918e+04	2.3188193438931780e+03	1.0920436437077495e+04	5.3082061316203672e+03	7.9476902693239053e+03	7.9398606797222474e+03	2.1683873541654666e+03	6.7167802775875040e+04	1.1768992126065816e+04	2.5942646173043313e+03	7.8569988956227880e+03	5.4017826121232838e+03	5.2713448036344726e+03	6.9819065588042240e+03	3.4558634847110839e+03	1.1777397361422116e+04	4.0466091127728996e+03	8.3230574000267043e+03	1.2057349435792496e+04	2.1595218572216760e+04	4.4169808990672618e+03	2.7961627065757357e+03
2.5127442089077645e+03	7.4761346906259896e+03	4.2273326712690478e+03	2.3568406214063227e+04	2.3188193245304055e+03	1.0919643710978995e+04	5.3078011921107482e+03	7.9476530102513325e+03	7.9362166397715864e+03	2.1683873541650755e+03	6.7167788714307419e+04	1.1763564960334126e+04	2.5942646169241989e+03	7.8569987227750826e+03	5.4017804500800303e+03	5.2713437549638065e+03	6.9771386340402169e+03	3.4555444889013102e+03	1.1777397356929081e+04	4.0465863755549358e+03	8.3091394368490419e+03	1.2057337475503846e+04	2.1595060466133993e+04	4.4167253134761486e+03	2.7961535630813432e+03
2.5127250361948545e+03	7.4759527346814266e+03	4.2273326712690478e+03	2.3568241614275554e+04	2.3188193027373727e+03	1.0918716811699194e+04	5.3072324576845203e+03	7.9476357710959546e+03	7.9131453652562395e+03	2.1683873541646972e+03	6.7167756829785038e+04	1.1756514749956936e+04	2.5942646164422226e+03	7.8569984466567348e+03	5.4017787514259371e+03	5.2713435043471018e+03	6.9428557009574852e+03	3.4548668254081558e+03	1.1777397355556695e+04	4.0465740569997215e+03	8.2989147112517385e+03	1.2057307353849670e+04	2.1595049187885201e+04	4.4166149598389457e+03	2.7961497815025596e+03
2.5126651311212272e+03	7.4757718638331935e+03	4.2273326712690478e+03	2.3568109173837092e+04	2.3188192765911717e+03	1.0913956806560300e+04	5.3067764039098183e+03	7.9475803004341178e+03	7.8816559374628396e+03	2.1683873541636317e+03	6.7167659123322228e+04	1.1751180137498051e+04	2.5942646148385247e+03	7.8569983772484620e+03	5.4016803005180009e+03	5.2713432757937453e+03	6.7180074498727208e+03	3.4539928132523032e+03	1.1777397347604818e+04	4.0465681070444907e+03	8.2721066497864122e+03	1.2057280558436911e+04	2.1595031598842044e+04	4.4165628786055095e+03	2.7961472092941267e+03
2.5126020688474205e+03	7.4751655882479945e+03	4.2236544967376858e+03	2.3568094020961442e+04	2.3188192609492776e+03	1.0911334121470114e+04	5.3066313563677231e+03	7.9469503276802789e+03	7.8667381573733383e+03	2.1683873541630437e+03	6.7167507154014267e+04	1.1748597768200909e+04	2.5942646144569235e+03	7.8569973587403529e+03	5.4009374483651391e+03	5.2713406235732909e+03	6.5556085520062479e+03	3.4533320507490535e+03	1.1777397346671485e+04	4.0465587731765263e+03	8.2221636702781998e+03	1.2057247545822598e+04	2.1594978415943937e+04	4.4165628743675861e+03	2.7961344733796686e+03
2.5125919220184724e+03	7.4751655882479945e+03	4.2236544967376858e+03	2.3568063139281265e+04	2.3188192446148050e+03	1.0900329824418479e+04	5.3064274396702713e+03	7.9462135417544023e+03	7.7820956922515388e+03	2.1683873541609428e+03	6.7166342890240063e+04	1.1746166812032712e+04	2.5942646138228401e+03	7.8569882496612072e+03	5.3977705530162320e+03	5.2713397185666781e+03	6.5441486592740648e+03	3.4520347454666130e+03	1.1777397337466404e+04	4.0465411604675478e+03	8.1532235517028794e+03	1.2057178201934208e+04	2.1594890422850400e+04	4.4165535381751388e+03	2.7960821821939085e+03
2.5125884923894573e+03	7.4736606096889209e+03	4.2236544967376858e+03	2.3568047028168960e+04	2.3188191879006349e+03	1.0815904581368659e+04	5.3064148339676203e+03	7.9462118030685979e+03	7.7472472578401421e+03	2.1683873541499488e+03	6.7165423943748523e+04	1.1740151942417995e+04	2.5942646124100429e+03	7.8569692590801569e+03	5.3976848867265708e+03	5.2713368671706830e+03	6.5383754223257747e+03	3.4519585583676608e+03	1.1777397325742035e+04	4.0465380119454294e+03	8.0693392700511431e+03	1.2056055355573553e+04	2.1594827130144793e+04	4.4165376196033785e+03	2.7960585637427153e+03
2.5125795590541816e+03	7.4723518362421801e+03	4.2043349136511733e+03	2.3568028340645920e+04	2.3188190346170713e+03	1.0582110698403274e+04	5.3064130464148602e+03	7.9462094519454049e+03	7.7472472578401421e+03	2.1683873541400699e+03	6.7165019529495825e+04	1.1737982358796915e+04	2.5942646123889162e+03	7.8569692521862025e+03	5.3976839748397142e+03	5.2713331536955320e+03	6.5322431270133429e+03	3.4519581564029158e+03	1.1777397313319711e+04	4.0465219651006551e+03	8.0607056140676495e+03	1.2055113989306770e+04	2.1594798329682031e+04	4.4164991587048007e+03	2.7959756908023815e+03
2.5125610006571724e+03	7.4700127052023654e+03	4.2026164135899071e+03	2.3567960951420606e+04	2.3188188954690727e+03	1.0259948218346151e+04	5.3064102371877652e+03	7.9462090850410641e+03	7.7301448559794317e+03	2.1683873541303096e+03	6.7163863779107720e+04	1.1730653091316775e+04	2.5942646123484669e+03	7.8569690795323068e+03	5.3976839581192016e+03	5.2713252403295701e+03	6.5293322243992989e+03	3.4519082444287442e+03	1.1777397307612457e+04	4.0464877464555984e+03	7.9799760682586293e+03	1.2054984152522517e+04	2.1594790305622711e+04	4.4163393686402160e+03	2.7959698880872638e+03
2.5125354579171208e+03	7.4608961208954433e+03	4.2002442095199267e+03	2.3567834469629695e+04	2.3188186156555394e+03	1.0144585300570285e+04	5.3064083785387884e+03	7.9462079713436842e+03	7.7158830994287127e+03	2.1683873541098724e+03	6.7163626237569610e+04	1.1698493761846259e+04	2.5942646123171371e+03	7.8569686105401979e+03	5.3976839088070037e+03	5.2713151049960379e+03	6.5282576787594107e+03	3.4519082444287442e+03	1.1777397304805845e+04	4.0464739093573316e+03	7.9750117553142536e+03	1.2054687717041050e+04	2.1594790305622711e+04	4.4163107149784191e+03	2.7959521816719589e+03
2.5124882177286881e+03	7.4226373390472427e+03	4.1999049798941378e+03	2.3567475903522703e+04	2.3188186022380069e+03	1.0083657597803547e+04	5.3064027088593057e+03	7.9462053726313334e+03	7.6877813367349781e+03	2.1683873537278751e+03	6.7161334194706098e+04	1.1652384792073988e+04	2.5942646123006261e+03	7.8569666802821002e+03	5.3976830859441770e+03	5.2712991433328916e+03	6.5278123654991005e+03	3.4518317165261096e+03	1.1777397304319509e+04	4.0464736681097097e+03	7.8712976323980147e+03	1.2052352338628418e+04	2.1594789615573151e+04	4.4160831927774752e+03	2.7958182796510382e+03
2.5124676972989837e+03	7.3899470392511594e+03	4.1999049798941378e+03	2.3566928995506591e+04	2.3188185890457071e+03	1.0039634983132964e+04	5.3063962579640138e+03	7.9462020579546834e+03	7.6859705813748606e+03	2.1683873525364475e+03	6.7160859499058715e+04	1.1535902555691071e+04	2.5942646122975111e+03	7.8569649538455360e+03	5.3976830400427116e+03	5.2712964039968638e+03	6.5278097637875753e+03	3.4518193329080495e+03	1.1777397304018596e+04	4.0464725490839128e+03	7.8542697254529003e+03	1.2051396792280893e+04	2.1594788989422650e+04	4.4153961535029084e+03	2.7953790320593434e+03
2.5121071673243978e+03	7.3371203181559640e+03	4.1975883484693386e+03	2.3566927670773573e+04	2.3188185680421370e+03	1.0029696447602439e+04	5.3063936003776626e+03	7.9461989050621933e+03	7.6804878845963503e+03	2.1683872364448548e+03	6.7159558409805701e+04	1.1475903771696932e+04	2.5942646122883425e+03	7.8569649502765478e+03	5.3976830346952702e+03	5.2712959659648059e+03	6.5278042484054686e+03	3.4518193329080495e+03	1.1777397302993390e+04	4.0464705008329802e+03	7.7783430636869280e+03	1.2047559591017509e+04	2.1594787647301706e+04	4.4137210525795963e+03	2.7953280415969775e+03
2.5101170072367318e+03	7.3162720032504521e+03	4.1975883484693386e+03	2.3566917621768578e+04	2.3188184859007006e+03	1.0026970327197143e+04	5.3063912938468302e+03	7.9461984714108530e+03	7.6799899264202586e+03	2.1683861237414703e+03	6.7159005843213527e+04	1.1441373899105462e+04	2.5942646122366332e+03	7.8569649483688027e+03	5.3976830291124161e+03	5.2712959027444203e+03	6.5277939081842269e+03	3.4517463289001380e+03	1.1777397286780088e+04	4.0464638350862133e+03	7.7696789057786818e+03	1.2046311001957905e+04	2.1594787581937297e+04	4.4066288148673120e+03	2.7952816749100748e+03
2.5101166797955766e+03	7.2978246449306080e+03	4.1975046960759009e+03	2.3566913270551453e+04	2.3188184018477632e+03	1.0026124144452402e+04	5.3063867318986304e+03	7.9461976018962723e+03	7.6780495467982628e+03	2.1683859027930457e+03	6.7157773859295005e+04	1.1368568648633516e+04	2.5942646111271661e+03	7.8569649286934673e+03	5.3976830123982954e+03	5.2712958686579032e+03	6.5277204520015985e+03	3.4517454185500565e+03	1.1777397229096057e+04	4.0464532181438549e+03	7.7690055705719878e+03	1.2043812768053762e+04	2.1594787477673271e+04	4.4020576434936911e+03	2.7943667798165338e+03
2.5101152563721880e+03	7.2957784772146078e+03	4.1961588796560782e+03	2.3566892972323898e+04	2.3188180209888369e+03	1.0024964807079003e+04	5.3063843420770863e+03	7.9461968054731033e+03	7.6780495467982628e+03	2.1683859027671765e+03	6.7157016592957749e+04	1.1318502145834520e+04	2.5942645561672889e+03	7.8569641987525793e+03	5.3976824085930712e+03	5.2712958667274615e+03	6.5274606701408256e+03	3.4517431663126877e+03	1.1777393505754404e+04	4.0464427733020589e+03	7.7628419364127485e+03	1.2043812768053727e+04	2.1594785677517320e+04	4.3933065971581218e+03	2.7942113863697796e+03
2.5101137312826336e+03	7.1565602941991110e+03	4.1961588796560782e+03	2.3566829690525105e+04	2.3188173658239139e+03	1.0019547451028582e+04	5.3063820255648116e+03	7.9461960612717394e+03	7.6780495467982628e+03	2.1683859027663930e+03	6.7152516402674053e+04	1.1312730927916058e+04	2.5942624804859133e+03	7.8569521351196781e+03	5.3976546586446339e+03	5.2712958667274615e+03	6.5261438162606537e+03	3.4517410902279044e+03	1.1777358102353177e+04	4.0464366098449432e+03	7.7338495383181180e+03	1.2043811777776044e+04	2.1594622609738952e+04	4.3857976323649918e+03	2.7941790171390003e+03
2.5101096556428665e+03	7.1111018746216487e+03	4.1844098353360132e+03	2.3566689024461069e+04	2.3188141923924904e+03	1.0017587172059655e+04	5.3063800848707897e+03	7.9461950649254959e+03	7.6780495467982628e+03	2.1683859027661229e+03	6.7147983278332627e+04	1.1311978642202283e+04	2.5942487039225039e+03	7.8569386863677473e+03	5.3976465319270137e+03	5.2712958656891087e+03	6.5187054661784778e+03	3.4517217327300195e+03	1.1777335317237883e+04	4.0464288793147862e+03	7.7171536085514108e+03	1.2043811768233734e+04	2.1593922856940357e+04	4.3779895931520059e+03	2.7937178793452817e+03
2.5101037670090536e+03	7.0297656388025162e+03	4.1820273977137113e+03	2.3566428020706615e+04	2.3188135460276089e+03	1.0016258738087185e+04	5.3063765767631667e+03	7.9461942164111551e+03	7.6749101049811306e+03	2.1683859027645517e+03	6.7131445688032632e+04	1.1309783770566391e+04	2.5941593504986663e+03	7.8569371086784668e+03	5.3976465095634085e+03	5.2712958574839431e+03	6.5186838825561099e+03	3.4517011210668834e+03	1.1777334899627711e+04	4.0464264949080080e+03	7.6995115282030947e+03	1.2043811731490110e+04	2.1592862688613674e+04	4.3585305523756106e+03	2.7936587968624235e+03
2.5100937016128855e+03	6.6641895993943253e+03	4.1817575990026326e+03	2.3565879547998687e+04	2.3188135459767755e+03	1.0016258736576166e+04	5.3063754837625384e+03	7.9461930511722003e+03	7.6711131535906752e+03	2.1683859027586759e+03	6.7120368396860838e+04	1.1309630870810382e+04	2.5940433533626569e+03	7.8569302696457471e+03	5.3976462621060991e+03	5.2712958483305520e+03	6.5186825016725716e+03	3.4517011210668834e+03	1.1777334723931675e+04	4.0464217222210304e+03	7.6988607387115208e+03	1.2043811727760769e+04	2.1592268719662476e+04	4.3496379012451025e+03	2.7935623456006188e+03
2.5100935515418205e+03	6.4364209914260200e+03	4.1737991525507550e+03	2.3565724370889442e+04	2.3188135372954921e+03	1.0016250337653079e+04	5.3063753050382002e+03	7.9461924067712862e+03	7.6709027159557436e+03	2.1683859027085114e+03	6.7060235901215317e+04	1.1309248020671337e+04	2.5938765646207548e+03	7.8569066707978591e+03	5.3976460855309579e+03	5.2712958338426488e+03	6.5186527557608642e+03	3.4516948401978834e+03	1.1777332638566650e+04	4.0464216480979044e+03	7.6682624290327803e+03	1.2043811664586510e+04	2.1591342864577742e+04	4.3495456367885899e+03	2.7935354662072427e+03
2.5100935113339933e+03	6.2289979431149095e+03	4.1737991525507550e+03	2.3565630132549541e+04	2.3188135289563197e+03	1.0016244347939168e+04	5.3063748232925000e+03	7.9461923997894864e+03	7.6684165245351378e+03	2.1683859022783940e+03	6.7031060429799603e+04	1.1309184916153794e+04	2.5935720965106257e+03	7.8565120084092559e+03	5.3976460435031258e+03	5.2712957720311351e+03	6.5185197408757413e+03	3.4516913222111857e+03	1.1777327741367979e+04	4.0464215904163375e+03	7.6528912095002552e+03	1.2043811480538718e+04	2.1589946142958936e+04	4.3495223561019720e+03	2.7935333349698958e+03
2.5100933579463413e+03	6.0964381464188446e+03	4.1733071211369343e+03	2.3565554736521688e+04	2.3188135054141885e+03	1.0016239475097884e+04	5.3063747623456766e+03	7.9461923993274340e+03	7.6630140207213244e+03	2.1683858966701487e+03	6.7008524465451221e+04	1.1309117420569437e+04	2.5934993445585983e+03	7.8556616790682292e+03	5.3976454511006868e+03	5.2712955398339045e+03	6.5184859274656774e+03	3.4516791424026515e+03	1.1777326865664021e+04	4.0464214972264731e+03	7.6403557579062872e+03	1.2043811428972889e+04	2.1589449098631394e+04	4.3495223560654331e+03	2.7935298845638581e+03
2.5100913729668800e+03	5.7883369058029748e+03	4.1733071211369343e+03	2.3565514863552842e+04	2.3188134431127601e+03	1.0016226418949742e+04	5.3063745951809797e+03	7.9461923983914839e+03	7.6458883256754261e+03	2.1683858848038044e+03	6.7006876830704743e+04	1.1308714127147405e+04	2.5934983078970799e+03	7.8511900299377594e+03	5.3976454079854975e+03	5.2712950747526229e+03	6.5184825557548102e+03	3.4516345059596692e+03	1.1777321567573830e+04	4.0464214970945982e+03	7.6396859260372894e+03	1.2043811418549045e+04	2.1588150706390821e+04	4.3495175766463317e+03	2.7935239416501222e+03
2.5100715753740460e+03	5.7743274345934069e+03	4.1731943306732319e+03	2.3565514209828601e+04	2.3188133112783526e+03	1.0016204166391515e+04	5.3063743509803553e+03	7.9461923897195793e+03	7.5943717354697355e+03	2.1683858848033847e+03	6.7006669866272336e+04	1.1308638869142682e+04	2.5934979555422879e+03	7.8438598269048543e+03	5.3976454079085379e+03	5.2712950621013770e+03	6.5184824458561288e+03	3.4515864889751406e+03	1.1777144708421678e+04	4.0464214970145877e+03	7.6310855851765455e+03	1.2043811394985829e+04	2.1587796481287613e+04	4.3495029677976490e+03	2.7933400268869468e+03
2.5100650581572891e+03	5.6960936428249770e+03	4.1661723849278596e+03	2.3565510385689759e+04	2.3188128791111903e+03	1.0016189484241479e+04	5.3063741862886354e+03	7.9461923843191216e+03	7.5423382131007556e+03	2.1683858848033656e+03	6.7006615308969223e+04	1.1308571406966845e+04	2.5934842304310605e+03	7.7981736918764509e+03	5.3976454079073028e+03	5.2712948953303930e+03	6.5184821405075700e+03	3.4515214807437251e+03	1.1777143913997081e+04	4.0464214957675667e+03	7.6306074546794825e+03	1.2043811357690431e+04	2.1587503723094924e+04	4.3494811473997470e+03	2.7924411687379684e+03
2.5100650442572160e+03	5.6863234404154173e+03	4.1661721334304939e+03	2.3565486837479435e+04	2.3188122989752574e+03	1.0016168010318695e+04	5.3063741134372794e+03	7.9461923800294171e+03	7.5314455953470469e+03	2.1683858848033506e+03	6.7006598786183400e+04	1.1308437011167312e+04	2.5932729721311312e+03	7.7971016388225789e+03	5.3976454078987572e+03	5.2712910891420916e+03	6.5184807079737620e+03	3.4515085676579120e+03	1.1777143387184822e+04	4.0464214690879044e+03	7.6267885639397855e+03	1.2043811288933142e+04	2.1585936000736103e+04	4.3494168419198850e+03	2.7894310375574405e+03
2.5100650333158478e+03	5.6851047050111429e+03	4.1660865353871195e+03	2.3565457119199968e+04	2.3188101159864314e+03	1.0016167749673390e+04	5.3063739518008333e+03	7.9461923774240249e+03	7.5229690023988069e+03	2.1683858848031246e+03	6.7006592395987143e+04	1.1308258332346441e+04	2.5930202648543755e+03	7.2324800920665875e+03	5.3976454078544575e+03	5.2712910885013753e+03	6.5184731573894524e+03	3.4514486877841232e+03	1.1777098106472235e+04	4.0464213579329216e+03	7.6267885639397855e+03	1.2043811163024768e+04	2.1585633448801629e+04	4.3493767002305285e+03	2.7883196719092002e+03
2.5100649851604448e+03	5.6834490182456357e+03	4.1645587875109031e+03	2.3565434691368915e+04	2.3188098942810939e+03	1.0016150813788805e+04	5.3063737587366686e+03	7.9461923757693103e+03	7.5204417447489795e+03	2.1683858847863435e+03	6.7006591241855873e+04	1.1307613282220509e+04	2.5928439999925567e+03	6.2844747807042786e+03	5.3976454069767278e+03	5.2712910878356197e+03	6.5184371596966139e+03	3.4513581157618282e+03	1.1777005782587052e+04	4.0464213536548978e+03	7.6261560700093723e+03	1.2043809764264637e+04	2.1584480130551961e+04	4.3493753711454283e+03	2.7883196718399590e+03
2.5100648666673460e+03	5.6826226754881118e+03	4.1630284672374037e+03	2.3565428609630551e+04	2.3188088101730687e+03	1.0016123347963327e+04	5.3063735791151867e+03	7.9461922925345534e+03	7.5197732866289280e+03	2.1683858812883091e+03	6.7006524191473101e+04	1.1307508355873477e+04	2.5927948332082633e+03	5.9889095749835869e+03	5.3976454050102784e+03	5.2712910877559452e+03	6.5183871557530010e+03	3.4510700869344710e+03	1.1776927657882679e+04	4.0464213519578452e+03	7.6246431600592477e+03	1.2043806817724200e+04	2.1584006016932923e+04	4.3493719056331447e+03	2.7882879452642946e+03
2.5100644488946282e+03	5.6821693119055817e+03	4.1627076406623455e+03	2.3565425679092234e+04	2.3188052983486573e+03	1.0016050530036646e+04	5.3063734615209250e+03	7.9461917223893834e+03	7.5179424475079413e+03	2.1683858500597053e+03	6.7006449965523847e+04	1.1307166872496733e+04	2.5926911416639050e+03	5.9785375324355382e+03	5.3976454050101811e+03	5.2712910874608151e+03	6.5181142589740357e+03	3.4510101960104539e+03	1.1776594956677751e+04	4.0464213516978425e+03	7.6243791152638787e+03	1.2043803846667342e+04	2.1583065299347661e+04	4.3493614911159775e+03	2.7882384046400921e+03
2.5100625641189686e+03	5.6821693119055817e+03	4.1624473675157533e+03	2.3565416206372298e+04	2.3188029780797624e+03	1.0015977157455340e+04	5.3063732065135955e+03	7.9461917212501703e+03	7.5162079718096920e+03	2.1683856650984262e+03	6.7006099721056380e+04	1.1307112211099224e+04	2.5924416004601453e+03	5.9744625564176567e+03	5.3976454050065768e+03	5.2712910838290518e+03	6.5172275356879973e+03	3.4509759878620202e+03	1.1776369842229291e+04	4.0464213459561897e+03	7.6234594100470240e+03	1.2043788321976992e+04	2.1581571746267822e+04	4.3493422635446468e+03	2.7882313449366593e+03
2.5100577272938422e+03	5.6809937548639282e+03	4.1620872258722575e+03	2.3565363050005097e+04	2.3187799348218941e+03	1.0015965663939704e+04	5.3063729323016178e+03	7.9461917194962134e+03	7.5147764069460472e+03	2.1683856650796638e+03	6.7005479655962437e+04	1.1306886849798091e+04	2.5919286944331438e+03	5.9744388992471931e+03	5.3976454048531959e+03	5.2712910621380615e+03	6.5120489843096875e+03	3.4508415332055538e+03	1.1776359534014964e+04	4.0464211768101004e+03	7.6224100888027533e+03	1.2043769749376119e+04	2.1581217727964107e+04	4.3493334987942799e+03	2.7882209752495555e+03
2.5100552452655525e+03	5.6806245690430333e+03	4.1618687268587219e+03	2.3565310070008254e+04	2.3186830033307515e+03	1.0015947010836566e+04	5.3063729162392974e+03	7.9461917194255329e+03	7.5091806430502193e+03	2.1683856650489824e+03	6.7003455452419046e+04	1.1306865405670898e+04	2.5918817752070013e+03	5.9744330227448800e+03	5.3976453996294267e+03	5.2712900448350438e+03	6.4978335011851887e+03	3.4507698905133861e+03	1.1776358735133603e+04	4.0464143490210236e+03	7.6199262128830596e+03	1.2043666411082824e+04	2.1580448001324028e+04	4.3493321849445583e+03	2.7882188960274671e+03
2.5100552184970893e+03	5.6806245690430333e+03	4.1618687268587219e+03	2.3565205313583436e+04	2.3185830414929378e+03	1.0015942159678552e+04	5.3063728840945605e+03	7.9461917194154084e+03	7.4999728724847773e+03	2.1683856643359800e+03	6.6999383428266592e+04	1.1306848154161087e+04	2.5918592243588628e+03	5.9744322662597206e+03	5.3976453388164109e+03	5.2712849434461314e+03	6.4866741797410959e+03	3.4498593314407954e+03	1.1776358568829733e+04	4.0462660720139256e+03	7.6173135855337805e+03	1.2043349883462977e+04	2.1580084000216390e+04	4.3493228915455438e+03	2.7882128128993090e+03
2.5100551565255610e+03	5.6800806889076621e+03	4.1615487405748681e+03	2.3565106850265460e+04	2.3185739133686384e+03	1.0015933491627606e+04	5.3063726655100172e+03	7.9461917193434874e+03	7.4936047802379408e+03	2.1683856578615441e+03	6.6994994040732490e+04	1.1306770803632662e+04	2.5918585769569581e+03	5.9744151324095583e+03	5.3976437468329768e+03	5.2712801579211118e+03	6.4866529533622543e+03	3.4477230701426361e+03	1.1776358567847641e+04	4.0462153836349817e+03	7.6028064920454490e+03	1.2043216892214567e+04	2.1578268396028663e+04	4.3493100817229006e+03	2.7882066903276809e+03
2.5100549649374284e+03	5.6792397606998211e+03	4.1615487405748681e+03	2.3565097910397988e+04	2.3185647741573330e+03	1.0015915780624035e+04	5.3063722483085585e+03	7.9461917181497811e+03	7.4904106404174090e+03	2.1683856344919704e+03	6.6988359916319969e+04	1.1306647479223409e+04	2.5918580182928868e+03	5.9744041297775129e+03	5.3974727124855881e+03	5.2712765319092587e+03	6.4866509779947228e+03	3.4457729531440714e+03	1.1776358539420804e+04	4.0462153739978930e+03	7.5879005264820044e+03	1.2043010567407740e+04	2.1577160843072666e+04	4.3492973626180392e+03	2.7881776719744425e+03
2.5100531612130908e+03	5.6768208543110413e+03	4.1615487401099617e+03	2.3565090111540787e+04	2.3185645272868569e+03	1.0015809330511835e+04	5.3063718220509490e+03	7.9461917181464196e+03	7.4860031778959046e+03	2.1683854433046477e+03	6.6979802082988943e+04	1.1306184777115930e+04	2.5918578216538322e+03	5.9743976445167773e+03	5.3969124712193388e+03	5.2712759580225093e+03	6.4866450370599368e+03	3.4404856090298190e+03	1.1776358502886193e+04	4.0462153739915075e+03	7.5792553547544467e+03	1.2042517176497202e+04	2.1576353591953914e+04	4.3492253956330242e+03	2.7881282772522154e+03
2.5100425223178636e+03	5.6743671735157131e+03	4.1615486929030212e+03	2.3565055676062915e+04	2.3185594943403985e+03	1.0015727341469550e+04	5.3063712534622373e+03	7.9461917181445897e+03	7.4744770483066941e+03	2.1683854381588508e+03	6.6950625405720348e+04	1.1305893580460746e+04	2.5918571558063400e+03	5.9743916972095230e+03	5.3969051249761651e+03	5.2712694309381404e+03	6.4865022825658998e+03	3.4387163689595127e+03	1.1776358501386201e+04	4.0462153739821388e+03	7.5606696721262952e+03	1.2040855479660135e+04	2.1575160248571949e+04	4.3488342407010914e+03	2.7880388828683494e+03
2.5098840975684166e+03	5.6703652995170560e+03	4.1613062506194119e+03	2.3565025854803214e+04	2.3185594076838197e+03	1.0015619160859846e+04	5.3063711096707711e+03	7.9461917181444951e+03	7.4735651048803002e+03	2.1683853474590828e+03	6.6935292628515192e+04	1.1305182286007415e+04	2.5918519625932513e+03	5.9743762366433511e+03	5.3968669982300062e+03	5.2712677434403595e+03	6.4858478463673700e+03	3.4377915184510371e+03	1.1776358496014551e+04	4.0462153739813102e+03	7.5332273724654915e+03	1.2039396487732985e+04	2.1572169322066628e+04	4.3486026985752615e+03	2.7879916447698761e+03
2.5098826891618437e+03	5.6675399864613491e+03	4.1613062506194119e+03	2.3565008194590733e+04	2.3185593507720914e+03	1.0015538982850780e+04	5.3063710962270497e+03	7.9461917181430435e+03	7.4734382416238768e+03	2.1683850769805908e+03	6.6934818293240547e+04	1.1304757696222387e+04	2.5918426364903398e+03	5.9743162698055712e+03	5.3968618114321253e+03	5.2712672889894548e+03	6.4829501407326879e+03	3.4344630345198898e+03	1.1776358495993458e+04	4.0462153739681421e+03	7.5261835866574711e+03	1.2038589934599504e+04	2.1570305149457705e+04	4.3475100923368564e+03	2.7879602835838514e+03
2.5098826733533701e+03	5.6593253137060110e+03	4.1611462680780223e+03	2.3565001439736738e+04	2.3185593047837865e+03	1.0015453038571724e+04	5.3063710857358046e+03	7.9461917181430144e+03	7.4734136250215006e+03	2.1683839935295514e+03	6.6934681358542191e+04	1.1304618983361572e+04	2.5918281039473409e+03	5.9742638295699844e+03	5.3968616574695143e+03	5.2712665237932179e+03	6.4644156602200401e+03	3.4326432788257380e+03	1.1776358495226003e+04	4.0462153712915906e+03	7.5234910783309260e+03	1.2038504093038100e+04	2.1566491990693252e+04	4.3469762227663914e+03	2.7879405375070237e+03
2.5098825778379605e+03	5.6558183492121161e+03	4.1610267121822908e+03	2.3564992806321719e+04	2.3185592349470812e+03	1.0014294557099403e+04	5.3063710771098176e+03	7.9461917181429435e+03	7.4733899247793515e+03	2.1683767035475685e+03	6.6934597372717311e+04	1.1304308386726041e+04	2.5918089879540685e+03	5.9742124915847453e+03	5.3968616513221878e+03	5.2712658165758339e+03	6.3513106835127792e+03	3.4315224910530383e+03	1.1776358482599195e+04	4.0462149696926408e+03	7.5120203584545507e+03	1.2038400689868136e+04	2.1564222910326069e+04	4.3448018231297028e+03	2.7879160471359614e+03
2.5098819872624308e+03	5.6558005503513687e+03	4.1610165805751021e+03	2.3564979315014974e+04	2.3185591694889936e+03	1.0012551149684197e+04	5.3063710697841361e+03	7.9461917181419267e+03	7.4733479932550517e+03	2.1683226661789204e+03	6.6934596811182608e+04	1.1303616661950480e+04	2.5917555798189696e+03	5.9740654073629385e+03	5.3968616513211555e+03	5.2712634264178214e+03	6.2030207111395976e+03	3.4312439492677363e+03	1.1776358417020188e+04	4.0462134201953531e+03	7.5116371639315630e+03	1.2038400621040275e+04	2.1563105585993151e+04	4.3446499409675425e+03	2.7878893496110422e+03
2.5098817590046237e+03	5.6542118558667862e+03	4.1609132750212493e+03	2.3564963098643359e+04	2.3185583149715744e+03	1.0006303584518717e+04	5.3063710468752270e+03	7.9461917181416966e+03	7.4720537178673148e+03	2.1680923556848356e+03	6.6934591396843098e+04	1.1302966063780672e+04	2.5914150283876584e+03	5.9739728203813993e+03	5.3968616513186207e+03	5.2712622934655592e+03	6.1009757669315422e+03	3.4312197868137655e+03	1.1776358172587605e+04	4.0462129962723716e+03	7.5105490029392295e+03	1.2038400307840269e+04	2.1562884934721900e+04	4.3446458412376487e+03	2.7878809985056500e+03
2.5098817109773640e+03	5.6538900284831716e+03	4.1609131919652773e+03	2.3564907545500730e+04	2.3185553903927735e+03	1.0005627846525480e+04	5.3063709122289920e+03	7.9461917181409281e+03	7.4640033188039324e+03	2.1673499442213706e+03	6.6934588619389935e+04	1.1302766528678254e+04	2.5910375984005318e+03	5.9738685206780710e+03	5.3968616513171419e+03	5.2712607597290526e+03	5.9456249212186949e+03	3.4311760756531207e+03	1.1776358152614674e+04	4.0462127035070307e+03	7.5104018522512843e+03	1.2038400273746893e+04	2.1562876903184839e+04	4.3446427013577486e+03	2.7878809892862387e+03
2.5098811419876019e+03	5.6538671698978796e+03	4.1609131919652773e+03	2.3564653669504969e+04	2.3185461006076798e+03	1.0001460331279239e+04	5.3063707988720689e+03	7.9461917181391700e+03	7.4639944338412106e+03	2.1667456607510176e+03	6.6934586464522436e+04	1.1302204323701468e+04	2.5908921849950793e+03	5.9735796047414542e+03	5.3968616513171219e+03	5.2712597419130643e+03	5.9330965444119374e+03	3.4311605520853400e+03	1.1776358133552030e+04	4.0462091108383293e+03	7.5100079471252830e+03	1.2038400264874843e+04	2.1562876280867484e+04	4.3446311188884692e+03	2.7878806411702672e+03
2.5098805312620225e+03	5.6538265667582746e+03	4.1609131919652773e+03	2.3564314026377295e+04	2.3185147577162479e+03	1.0000792091192296e+04	5.3063706637941350e+03	7.9461917181385816e+03	7.4639673566703095e+03	2.1664181741427078e+03	6.6934585573409480e+04	1.1301762127991837e+04	2.5907528452002716e+03	5.9734007915660859e+03	5.3968616513170282e+03	5.2712596672435211e+03	5.9329166648109667e+03	3.4311382108964990e+03	1.1776358132200405e+04	4.0461858209641864e+03	7.5092614557461202e+03	1.2038400255235816e+04	2.1562876229692109e+04	4.3445798577162013e+03	2.7878806196380428e+03
2.5098803290245432e+03	5.6538007567727054e+03	4.1609131919652773e+03	2.3564281972631652e+04	2.3182366638802687e+03	1.0000792091192296e+04	5.3063703371008414e+03	7.9461917181385725e+03	7.4639635777261301e+03	2.1662779578790437e+03	6.6934584910585618e+04	1.1301572829188872e+04	2.5907227014726041e+03	5.9732502971606700e+03	5.3968616513137822e+03	5.2712596670078856e+03	5.9328879551247874e+03	3.4311381624048754e+03	1.1776358132158459e+04	4.0461647828904261e+03	7.5065282668870295e+03	1.2038400249693348e+04	2.1562876168115487e+04	4.3445015695151906e+03	2.7878803783420262e+03
2.5098803236499634e+03	5.6537642662144281e+03	4.1609131919652773e+03	2.3563980203423926e+04	2.3180071279075678e+03	1.0000000785004660e+04	5.3063702022164525e+03	7.9461917181385716e+03	7.4639620000203977e+03	2.1661198247765992e+03	6.6934583729813778e+04	1.1301065586042463e+04	2.5906414171426063e+03	5.9728296604440266e+03	5.3968616512362332e+03	5.2712596669628138e+03	5.9328878197140521e+03	3.4311320880835660e+03	1.1776358131208473e+04	4.0461346918618942e+03	7.5013012391916454e+03	1.2038400237893387e+04	2.1562876073032006e+04	4.3443079942256782e+03	2.7878785579625055e+03
2.5098799940983754e+03	5.6537320486858071e+03	4.1608999275653259e+03	2.3563754000393299e+04	2.3180053270831495e+03	9.9987192984426692e+03	5.3063700919520361e+03	7.9461917181385688e+03	7.4639432854026400e+03	2.1659088639851175e+03	6.6934581216632432e+04	1.1300740496008926e+04	2.5901128406979924e+03	5.9728260891561840e+03	5.3968616502277218e+03	5.2712596669409586e+03	5.9328851107309720e+03	3.4311288877164534e+03	1.1776358129168935e+04	4.0459445172185497e+03	7.4950852901762773e+03	1.2038400220511128e+04	2.1562861625074525e+04	4.3440148158333195e+03	2.7878710590153960e+03
2.5098769768959128e+03	5.6537059280145386e+03	4.1608122414140507e+03	2.3563716733728514e+04	2.3180046339675628e+03	9.9986626806398417e+03	5.3063699532747123e+03	7.9461917181385652e+03	7.4635151137199036e+03	2.1658153340653525e+03	6.6934576917432816e+04	1.1299696073396575e+04	2.5897074620267176e+03	5.9728139713947467e+03	5.3968616424451584e+03	5.2712596669128561e+03	5.9328834423061453e+03	3.4311263645630788e+03	1.1776358129033832e+04	4.0453399053037865e+03	7.4650519505448756e+03	1.2038400202371473e+04	2.1561560067112809e+04	4.3434288155161885e+03	2.7878518839832286e+03
2.5098641248375206e+03	5.6536690087314892e+03	4.1607914970975235e+03	2.3563650162157053e+04	2.3180044540753138e+03	9.9986180249049357e+03	5.3063698524284337e+03	7.9461917181385652e+03	7.4622566628888790e+03	2.1649207035676650e+03	6.6934573296002825e+04	1.1297583244592035e+04	2.5894876505118173e+03	5.9728008186467550e+03	5.3968615628655662e+03	5.2712596667946164e+03	5.9328744672327402e+03	3.4311215809379250e+03	1.1776358128908945e+04	4.0410422808665412e+03	7.3096310075090532e+03	1.2038400201136648e+04	2.1557851288899936e+04	4.3425812960693347e+03	2.7877779924577840e+03
2.5098627792842362e+03	5.6536342462850553e+03	4.1607908339689639e+03	2.3563625925641070e+04	2.3180043854223977e+03	9.9985552494845142e+03	5.3063698484556080e+03	7.9461917181385652e+03	7.4611301285655709e+03	2.1617797235078606e+03	6.6934570412747940e+04	1.1296902534099401e+04	2.5893443178307489e+03	5.9726802359408175e+03	5.3968614350902171e+03	5.2712596629313302e+03	5.9328540494413101e+03	3.4311068906232995e+03	1.1776358128900305e+04	4.0339718144722124e+03	7.0978304641650793e+03	1.2038400196848193e+04	2.1554789370193186e+04	4.3414669040308818e+03	2.7874777784969961e+03
2.5098627776158346e+03	5.6535384256315574e+03	4.1607606852486842e+03	2.3563608184451699e+04	2.3180042183681394e+03	9.9984765430423467e+03	5.3063698432764686e+03	7.9461917181385652e+03	7.4611266394931345e+03	2.1546692487492855e+03	6.6934563622131041e+04	1.1296031068350349e+04	2.5892347799430895e+03	5.9725111408224147e+03	5.3968614350462285e+03	5.2712596431497886e+03	5.9327233885767910e+03	3.4311003409816954e+03	1.1776358128879958e+04	4.0333180674204282e+03	6.5282047315913660e+03	1.2038400186529225e+04	2.1553732010758769e+04	4.3388357306208745e+03	2.7867950703854131e+03
2.5098627660556367e+03	5.6532096557630975e+03	4.1607496070542629e+03	2.3563574319286257e+04	2.3180041909981728e+03	9.9984562516721398e+03	5.3063698329191830e+03	7.9461917181385652e+03	7.4610239335477927e+03	2.1508755365265924e+03	6.6934558184478577e+04	1.1294882950812749e+04	2.5892265068877678e+03	5.9723600551220834e+03	5.3968614350462231e+03	5.2712594932518805e+03	5.9324339414212191e+03	3.4310701746656669e+03	1.1776358128874810e+04	4.0332837921604232e+03	6.4009244031352173e+03	1.2038400168536709e+04	2.1553641734622295e+04	4.3261224387564553e+03	2.7847522068157532e+03
2.5098605178793232e+03	5.6526416770439955e+03	4.1607162931455550e+03	2.3563564124178305e+04	2.3180041872047927e+03	9.9984172167236065e+03	5.3063698255332120e+03	7.9461917181385652e+03	7.4580195579908477e+03	2.1487511078897869e+03	6.6934551580824569e+04	1.1294364144963991e+04	2.5892231048971807e+03	5.9723375079837242e+03	5.3968614350462221e+03	5.2712594316941340e+03	5.9318413040471460e+03	3.4310352434297592e+03	1.1776358128873331e+04	4.0332833068343311e+03	6.2962186450016088e+03	1.2038400120631717e+04	2.1552302381393314e+04	4.3176853315662502e+03	2.7837760432033538e+03
2.5098536382732705e+03	5.6526345964727061e+03	4.1607162931455550e+03	2.3563547686894359e+04	2.3180041680927825e+03	9.9982428782568004e+03	5.3063698156190203e+03	7.9461917181385652e+03	7.4577866515001870e+03	2.1476600743268241e+03	6.6934544412866788e+04	1.1294360949246053e+04	2.5892217751162270e+03	5.9719592015120625e+03	5.3968614350462212e+03	5.2712592079987990e+03	5.9293034065903475e+03	3.4310233688763078e+03	1.1776358128872960e+04	4.0332833068337750e+03	6.2794069247566504e+03	1.2038400084593153e+04	2.1544503760807936e+04	4.3045160476804922e+03	2.7837355725433308e+03
2.5098526604368403e+03	5.6524907400384282e+03	4.1607162931455550e+03	2.3563526785061029e+04	2.3180037383357776e+03	9.9972645530265145e+03	5.3063697040698689e+03	7.9461917181385643e+03	7.4577825699086188e+03	2.1472629156360490e+03	6.6934534338604833e+04	1.1294360949238020e+04	2.5892215922063933e+03	5.9707979174366110e+03	5.3968614350462212e+03	5.2712587981386932e+03	5.9291398700371019e+03	3.4310069720228321e+03	1.1776358128868629e+04	4.0332832909530762e+03	6.2786925854730416e+03	1.2038400017936197e+04	2.1543124733039975e+04	4.2782424975129852e+03	2.7837337077286620e+03
